prefill_chunk,kv_prefill,n_decode,kv_decode,time_us
0,0,1,16,8.23433
0,0,1,32,8.36267
0,0,1,64,8.576
0,0,1,128,8.49067
0,0,1,256,9.739
0,0,1,512,10.2507
0,0,1,1024,10.058
0,0,1,2048,10.2933
0,0,1,4096,11.146
0,0,1,8192,16.7147
0,0,1,16384,22.2183
0,0,1,32768,31.2217
0,0,1,65536,49.4723
0,0,2,16,11.3493
0,0,2,32,11.104
0,0,2,64,11.402
0,0,2,128,11.4883
0,0,2,256,12.6293
0,0,2,512,13.077
0,0,2,1024,13.3223
0,0,2,2048,14.1757
0,0,2,4096,19.018
0,0,2,8192,23.7863
0,0,2,16384,32.747
0,0,2,32768,51.2107
0,0,2,65536,87.5207
0,0,4,16,11.542
0,0,4,32,11.4773
0,0,4,64,11.584
0,0,4,128,11.5413
0,0,4,256,12.7143
0,0,4,512,13.5147
0,0,4,1024,14.422
0,0,4,2048,17.2907
0,0,4,4096,22.24
0,0,4,8192,31.2427
0,0,4,16384,49.6317
0,0,4,32768,85.6003
0,0,4,65536,157.654
0,0,8,16,11.627
0,0,8,32,11.733
0,0,8,64,11.8613
0,0,8,128,11.7443
0,0,8,256,13.0347
0,0,8,512,15.051
0,0,8,1024,17.5673
0,0,8,2048,22.645
0,0,8,4096,31.8183
0,0,8,8192,50.411
0,0,8,16384,86.2083
0,0,8,32768,158.913
0,0,8,65536,302.317
0,0,16,16,12.7787
0,0,16,32,12.7033
0,0,16,64,12.864
0,0,16,128,12.9917
0,0,16,256,15.0507
0,0,16,512,17.9623
0,0,16,1024,23.253
0,0,16,2048,32.363
0,0,16,4096,51.2107
0,0,16,8192,87.3597
0,0,16,16384,159.552
0,0,16,32768,302.936
0,0,16,65536,589.914
0,0,32,16,15.2643
0,0,32,32,15.1683
0,0,32,64,15.114
0,0,32,128,15.339
0,0,32,256,20.2557
0,0,32,512,25.376
0,0,32,1024,36.0747
0,0,32,2048,54.294
0,0,32,4096,90.3043
0,0,32,8192,164.139
0,0,32,16384,309.046
0,0,32,32768,601.37
0,0,32,65536,1179.74
0,0,64,16,19.1043
0,0,64,32,19.1893
0,0,64,64,18.933
0,0,64,128,19.8503
0,0,64,256,27.1897
0,0,64,512,38.0693
0,0,64,1024,58.2077
0,0,64,2048,93.888
0,0,64,4096,167.222
0,0,64,8192,313.27
0,0,64,16384,607.893
0,0,64,32768,1186.74
0,0,64,65536,2371.62
0,0,128,16,26.8373
0,0,128,32,26.5273
0,0,128,64,26.56
0,0,128,128,27.1893
0,0,128,256,40.79
0,0,128,512,60.8543
0,0,128,1024,96.2133
0,0,128,2048,168.053
0,0,128,4096,311.116
0,0,128,8192,600.927
0,0,128,16384,1177.56
0,0,128,32768,2317.82
0,0,128,65536,4595.69
0,0,256,16,42.2933
0,0,256,32,42.3573
0,0,256,64,42.0053
0,0,256,128,41.5783
0,0,256,256,63.3703
0,0,256,512,98.08
0,0,256,1024,169.846
0,0,256,2048,313.697
0,0,256,4096,598.817
0,0,256,8192,1171.71
0,0,256,16384,2309.51
0,0,256,32768,4594.06
0,0,256,65536,9161.61
16,0,0,0,12.9383
16,0,1,16,18.6453
16,0,1,32,18.7413
16,0,1,64,18.9223
16,0,1,128,18.933
16,0,1,256,20.0433
16,0,1,512,20.7793
16,0,1,1024,20.2883
16,0,1,2048,20.682
16,0,1,4096,21.7167
16,0,1,8192,27.3707
16,0,1,16384,32.715
16,0,1,32768,42.091
16,0,1,65536,60.63
16,0,2,16,22.2837
16,0,2,32,21.6433
16,0,2,64,22.134
16,0,2,128,21.7917
16,0,2,256,23.0837
16,0,2,512,23.6697
16,0,2,1024,23.8077
16,0,2,2048,24.608
16,0,2,4096,29.6743
16,0,2,8192,34.4
16,0,2,16384,44.1077
16,0,2,32768,61.7703
16,0,2,65536,97.6543
16,0,4,16,21.7603
16,0,4,32,21.803
16,0,4,64,21.792
16,0,4,128,21.878
16,0,4,256,22.8473
16,0,4,512,23.99
16,0,4,1024,24.928
16,0,4,2048,27.893
16,0,4,4096,32.3843
16,0,4,8192,42.1967
16,0,4,16384,60.1173
16,0,4,32768,96.684
16,0,4,65536,168.684
16,0,8,16,21.5897
16,0,8,32,21.706
16,0,8,64,21.6633
16,0,8,128,21.8027
16,0,8,256,23.3277
16,0,8,512,25.0347
16,0,8,1024,27.573
16,0,8,2048,32.64
16,0,8,4096,42.2733
16,0,8,8192,60.672
16,0,8,16384,97.0127
16,0,8,32768,168.417
16,0,8,65536,312.13
16,0,16,16,22.6457
16,0,16,32,22.688
16,0,16,64,22.7407
16,0,16,128,23.0087
16,0,16,256,24.885
16,0,16,512,28.0853
16,0,16,1024,33.2267
16,0,16,2048,42.773
16,0,16,4096,61.739
16,0,16,8192,97.76
16,0,16,16384,169.749
16,0,16,32768,314.381
16,0,16,65536,600.997
16,0,32,16,25.493
16,0,32,32,25.257
16,0,32,64,25.2693
16,0,32,128,25.473
16,0,32,256,30.4647
16,0,32,512,36.0643
16,0,32,1024,46.6777
16,0,32,2048,64.736
16,0,32,4096,100.96
16,0,32,8192,174.4
16,0,32,16384,320.427
16,0,32,32768,611.46
16,0,32,65536,1195.62
16,0,64,16,29.312
16,0,64,32,29.1937
16,0,64,64,29.44
16,0,64,128,30.091
16,0,64,256,37.9103
16,0,64,512,48.907
16,0,64,1024,68.715
16,0,64,2048,104.949
16,0,64,4096,177.867
16,0,64,8192,324.011
16,0,64,16384,617.044
16,0,64,32768,1196.08
16,0,64,65536,2375.22
16,0,128,16,36.5857
16,0,128,32,36.6187
16,0,128,64,36.427
16,0,128,128,37.014
16,0,128,256,49.9307
16,0,128,512,69.898
16,0,128,1024,105.579
16,0,128,2048,177.664
16,0,128,4096,320.374
16,0,128,8192,608.705
16,0,128,16384,1182.46
16,0,128,32768,2323.23
16,0,128,65536,4602.26
16,16,0,0,13.0353
16,16,1,16,18.699
16,16,1,32,18.9333
16,16,1,64,18.9023
16,16,1,128,18.933
16,16,1,256,20.1713
16,16,1,512,20.6723
16,16,1,1024,20.32
16,16,1,2048,20.7257
16,16,1,4096,21.6643
16,16,1,8192,27.478
16,16,1,16384,32.395
16,16,1,32768,41.9943
16,16,1,65536,60.0953
16,16,2,16,21.9933
16,16,2,32,21.6417
16,16,2,64,22.1333
16,16,2,128,21.8667
16,16,2,256,23.0503
16,16,2,512,23.744
16,16,2,1024,23.85
16,16,2,2048,24.6297
16,16,2,4096,29.6107
16,16,2,8192,34.3033
16,16,2,16384,43.9573
16,16,2,32768,62.017
16,16,2,65536,97.4947
16,16,4,16,21.5683
16,16,4,32,21.728
16,16,4,64,21.557
16,16,4,128,21.8677
16,16,4,256,22.9547
16,16,4,512,24.021
16,16,4,1024,24.7787
16,16,4,2048,27.7117
16,16,4,4096,32.2893
16,16,4,8192,41.9943
16,16,4,16384,60.1923
16,16,4,32768,96.9927
16,16,4,65536,170.283
16,16,8,16,21.8037
16,16,8,32,21.7063
16,16,8,64,21.782
16,16,8,128,21.8133
16,16,8,256,23.2537
16,16,8,512,24.9277
16,16,8,1024,27.7223
16,16,8,2048,32.7783
16,16,8,4096,42.0593
16,16,8,8192,60.8857
16,16,8,16384,97.1093
16,16,8,32768,168.93
16,16,8,65536,311.992
16,16,16,16,22.6773
16,16,16,32,22.7313
16,16,16,64,22.7197
16,16,16,128,22.9323
16,16,16,256,24.9393
16,16,16,512,27.9677
16,16,16,1024,33.2693
16,16,16,2048,42.9863
16,16,16,4096,62.1013
16,16,16,8192,98.5493
16,16,16,16384,170.764
16,16,16,32768,313.783
16,16,16,65536,600.057
16,16,32,16,25.3863
16,16,32,32,25.4303
16,16,32,64,25.1627
16,16,32,128,25.8347
16,16,32,256,30.4747
16,16,32,512,35.7647
16,16,32,1024,46.5917
16,16,32,2048,65.0657
16,16,32,4096,101.226
16,16,32,8192,174.294
16,16,32,16384,318.912
16,16,32,32768,610.404
16,16,32,65536,1189.82
16,16,64,16,29.7177
16,16,64,32,29.323
16,16,64,64,29.4927
16,16,64,128,30.229
16,16,64,256,37.7173
16,16,64,512,49.1717
16,16,64,1024,68.8533
16,16,64,2048,104.961
16,16,64,4096,178.603
16,16,64,8192,322.092
16,16,64,16384,620.95
16,16,64,32768,1196.6
16,16,64,65536,2361.21
16,16,128,16,36.7143
16,16,128,32,36.6083
16,16,128,64,36.4373
16,16,128,128,37.0563
16,16,128,256,50.581
16,16,128,512,69.4933
16,16,128,1024,105.376
16,16,128,2048,177.729
16,16,128,4096,320.693
16,16,128,8192,613.377
16,16,128,16384,1192.29
16,16,128,32768,2327.96
16,16,128,65536,4619.3
16,32,0,0,13.0133
16,32,1,16,18.8483
16,32,1,32,18.891
16,32,1,64,18.8693
16,32,1,128,18.9653
16,32,1,256,20.181
16,32,1,512,20.821
16,32,1,1024,20.2797
16,32,1,2048,20.608
16,32,1,4096,21.5787
16,32,1,8192,27.1473
16,32,1,16384,32.8103
16,32,1,32768,42.4753
16,32,1,65536,60.0323
16,32,2,16,21.973
16,32,2,32,21.8883
16,32,2,64,21.9733
16,32,2,128,21.6317
16,32,2,256,23.0503
16,32,2,512,23.637
16,32,2,1024,23.9363
16,32,2,2048,24.8327
16,32,2,4096,29.6853
16,32,2,8192,34.283
16,32,2,16384,44.1067
16,32,2,32768,62.2293
16,32,2,65536,98.1443
16,32,4,16,21.503
16,32,4,32,21.771
16,32,4,64,21.781
16,32,4,128,21.8237
16,32,4,256,22.9117
16,32,4,512,23.9363
16,32,4,1024,24.8327
16,32,4,2048,27.7123
16,32,4,4096,32.1177
16,32,4,8192,42.143
16,32,4,16384,60.3413
16,32,4,32768,96.5343
16,32,4,65536,168.791
16,32,8,16,21.7603
16,32,8,32,22.0267
16,32,8,64,21.6427
16,32,8,128,21.8667
16,32,8,256,23.21
16,32,8,512,25.185
16,32,8,1024,27.6163
16,32,8,2048,32.7897
16,32,8,4096,42.0277
16,32,8,8192,61.173
16,32,8,16384,96.7563
16,32,8,32768,168.737
16,32,8,65536,311.917
16,32,16,16,22.6563
16,32,16,32,22.645
16,32,16,64,22.7633
16,32,16,128,23.051
16,32,16,256,25.0247
16,32,16,512,27.946
16,32,16,1024,33.344
16,32,16,2048,42.8053
16,32,16,4096,61.5253
16,32,16,8192,97.824
16,32,16,16384,170.197
16,32,16,32768,313.965
16,32,16,65536,601.861
16,32,32,16,25.4827
16,32,32,32,25.4613
16,32,32,64,25.184
16,32,32,128,25.5147
16,32,32,256,30.5497
16,32,32,512,35.6473
16,32,32,1024,46.2613
16,32,32,2048,64.8537
16,32,32,4096,100.917
16,32,32,8192,174.923
16,32,32,16384,319.638
16,32,32,32768,610.191
16,32,32,65536,1186.59
16,32,64,16,29.4507
16,32,64,32,29.6007
16,32,64,64,29.5787
16,32,64,128,30.3467
16,32,64,256,37.8337
16,32,64,512,49.2163
16,32,64,1024,69.1427
16,32,64,2048,105.087
16,32,64,4096,178.294
16,32,64,8192,324.47
16,32,64,16384,620.098
16,32,64,32768,1195
16,32,64,65536,2361.39
16,32,128,16,36.533
16,32,128,32,36.4487
16,32,128,64,36.48
16,32,128,128,37.12
16,32,128,256,49.984
16,32,128,512,69.173
16,32,128,1024,105.119
16,32,128,2048,177.483
16,32,128,4096,320.203
16,32,128,8192,607.51
16,32,128,16384,1180.79
16,32,128,32768,2325.56
16,32,128,65536,4606.64
16,64,0,0,12.907
16,64,1,16,18.5503
16,64,1,32,18.6453
16,64,1,64,18.773
16,64,1,128,18.6233
16,64,1,256,19.84
16,64,1,512,20.384
16,64,1,1024,20.3633
16,64,1,2048,20.7047
16,64,1,4096,21.7703
16,64,1,8192,27.413
16,64,1,16384,32.7147
16,64,1,32768,42.092
16,64,1,65536,59.9043
16,64,2,16,21.8347
16,64,2,32,21.793
16,64,2,64,21.963
16,64,2,128,21.8883
16,64,2,256,22.9653
16,64,2,512,23.6697
16,64,2,1024,23.839
16,64,2,2048,24.5643
16,64,2,4096,29.8343
16,64,2,8192,34.1967
16,64,2,16384,44.192
16,64,2,32768,62.251
16,64,2,65536,97.3123
16,64,4,16,21.5683
16,64,4,32,21.76
16,64,4,64,21.664
16,64,4,128,21.7177
16,64,4,256,22.9647
16,64,4,512,23.9577
16,64,4,1024,24.8213
16,64,4,2048,27.7443
16,64,4,4096,32.331
16,64,4,8192,41.7703
16,64,4,16384,60.3197
16,64,4,32768,96.8753
16,64,4,65536,168.492
16,64,8,16,21.6533
16,64,8,32,21.5573
16,64,8,64,21.771
16,64,8,128,21.76
16,64,8,256,23.3273
16,64,8,512,25.0457
16,64,8,1024,27.648
16,64,8,2048,32.767
16,64,8,4096,41.9943
16,64,8,8192,60.9913
16,64,8,16384,97.1843
16,64,8,32768,168.182
16,64,8,65536,312.206
16,64,16,16,22.6663
16,64,16,32,22.5807
16,64,16,64,22.901
16,64,16,128,23.1777
16,64,16,256,24.875
16,64,16,512,27.9353
16,64,16,1024,33.1947
16,64,16,2048,42.6237
16,64,16,4096,61.6327
16,64,16,8192,97.92
16,64,16,16384,169.899
16,64,16,32768,313.24
16,64,16,65536,601.956
16,64,32,16,25.28
16,64,32,32,25.2373
16,64,32,64,25.3337
16,64,32,128,25.6427
16,64,32,256,30.368
16,64,32,512,35.968
16,64,32,1024,46.689
16,64,32,2048,64.5547
16,64,32,4096,101.461
16,64,32,8192,173.823
16,64,32,16384,323.296
16,64,32,32768,611.951
16,64,32,65536,1189.89
16,64,64,16,29.3443
16,64,64,32,29.2473
16,64,64,64,29.281
16,64,64,128,30.2723
16,64,64,256,37.8663
16,64,64,512,48.704
16,64,64,1024,69.4933
16,64,64,2048,105.024
16,64,64,4096,177.984
16,64,64,8192,322.571
16,64,64,16384,615.319
16,64,64,32768,1197.23
16,64,64,65536,2367.85
16,64,128,16,36.715
16,64,128,32,36.5537
16,64,128,64,36.3517
16,64,128,128,36.8643
16,64,128,256,49.5797
16,64,128,512,69.696
16,64,128,1024,105.045
16,64,128,2048,177.589
16,64,128,4096,320.171
16,64,128,8192,615.211
16,64,128,16384,1178.7
16,64,128,32768,2332.03
16,64,128,65536,4611.03
16,128,0,0,14.496
16,128,1,16,20.127
16,128,1,32,20.076
16,128,1,64,20.1063
16,128,1,128,20.2883
16,128,1,256,21.29
16,128,1,512,21.899
16,128,1,1024,21.7603
16,128,1,2048,22.0587
16,128,1,4096,23.2757
16,128,1,8192,28.917
16,128,1,16384,34.047
16,128,1,32768,43.5837
16,128,1,65536,61.718
16,128,2,16,23.3067
16,128,2,32,23.0507
16,128,2,64,23.264
16,128,2,128,23.3173
16,128,2,256,24.5227
16,128,2,512,25.1093
16,128,2,1024,25.269
16,128,2,2048,25.9833
16,128,2,4096,31.242
16,128,2,8192,35.9463
16,128,2,16384,45.3017
16,128,2,32768,63.5743
16,128,2,65536,99.6063
16,128,4,16,23.0613
16,128,4,32,23.1787
16,128,4,64,23.0287
16,128,4,128,23.1783
16,128,4,256,24.2677
16,128,4,512,25.472
16,128,4,1024,26.2933
16,128,4,2048,29.386
16,128,4,4096,33.814
16,128,4,8192,43.4867
16,128,4,16384,61.5043
16,128,4,32768,98.0813
16,128,4,65536,170.017
16,128,8,16,23.254
16,128,8,32,23.1247
16,128,8,64,23.222
16,128,8,128,23.253
16,128,8,256,24.651
16,128,8,512,26.3787
16,128,8,1024,29.0037
16,128,8,2048,34.369
16,128,8,4096,43.563
16,128,8,8192,62.197
16,128,8,16384,97.9733
16,128,8,32768,170.402
16,128,8,65536,313.335
16,128,16,16,24.1813
16,128,16,32,24.267
16,128,16,64,24.3207
16,128,16,128,24.4803
16,128,16,256,26.261
16,128,16,512,29.5893
16,128,16,1024,34.8373
16,128,16,2048,44.4917
16,128,16,4096,63.1253
16,128,16,8192,99.3393
16,128,16,16384,171.574
16,128,16,32768,315.596
16,128,16,65536,603.502
16,128,32,16,26.997
16,128,32,32,26.794
16,128,32,64,26.6467
16,128,32,128,27.0723
16,128,32,256,31.8937
16,128,32,512,36.9917
16,128,32,1024,47.5523
16,128,32,2048,66.0907
16,128,32,4096,102.646
16,128,32,8192,175.797
16,128,32,16384,323.189
16,128,32,32768,611.951
16,128,32,65536,1190.59
16,128,64,16,30.795
16,128,64,32,30.8797
16,128,64,64,30.7203
16,128,64,128,31.7017
16,128,64,256,39.062
16,128,64,512,50.3997
16,128,64,1024,71.0717
16,128,64,2048,106.208
16,128,64,4096,180.064
16,128,64,8192,327.819
16,128,64,16384,618.315
16,128,64,32768,1195.9
16,128,64,65536,2369.19
16,128,128,16,38.166
16,128,128,32,37.9723
16,128,128,64,37.964
16,128,128,128,38.847
16,128,128,256,50.923
16,128,128,512,70.9443
16,128,128,1024,106.975
16,128,128,2048,179.179
16,128,128,4096,321.537
16,128,128,8192,611.457
16,128,128,16384,1184.21
16,128,128,32768,2324.16
16,128,128,65536,4606.79
16,256,0,0,15.9893
16,256,1,16,21.6003
16,256,1,32,21.653
16,256,1,64,21.568
16,256,1,128,21.6313
16,256,1,256,22.8487
16,256,1,512,23.4667
16,256,1,1024,23.1463
16,256,1,2048,23.6587
16,256,1,4096,24.4483
16,256,1,8192,30.2833
16,256,1,16384,35.3067
16,256,1,32768,44.8967
16,256,1,65536,62.9333
16,256,2,16,24.768
16,256,2,32,24.5337
16,256,2,64,24.8113
16,256,2,128,24.5763
16,256,2,256,25.931
16,256,2,512,26.539
16,256,2,1024,26.9013
16,256,2,2048,27.4453
16,256,2,4096,32.3943
16,256,2,8192,37.1523
16,256,2,16384,46.9237
16,256,2,32768,64.619
16,256,2,65536,100.599
16,256,4,16,24.5447
16,256,4,32,24.5443
16,256,4,64,24.7037
16,256,4,128,24.747
16,256,4,256,25.866
16,256,4,512,26.9227
16,256,4,1024,27.7763
16,256,4,2048,30.6033
16,256,4,4096,35.5527
16,256,4,8192,45.003
16,256,4,16384,62.7527
16,256,4,32768,99.552
16,256,4,65536,171.596
16,256,8,16,24.5657
16,256,8,32,24.4153
16,256,8,64,24.5977
16,256,8,128,24.7573
16,256,8,256,26.1973
16,256,8,512,28.16
16,256,8,1024,30.6237
16,256,8,2048,35.435
16,256,8,4096,44.8863
16,256,8,8192,63.51
16,256,8,16384,100.267
16,256,8,32768,171.99
16,256,8,65536,315.266
16,256,16,16,25.5247
16,256,16,32,25.526
16,256,16,64,25.675
16,256,16,128,26.059
16,256,16,256,27.9253
16,256,16,512,30.752
16,256,16,1024,36.117
16,256,16,2048,45.8027
16,256,16,4096,64.3947
16,256,16,8192,100.811
16,256,16,16384,172.981
16,256,16,32768,316.792
16,256,16,65536,604.057
16,256,32,16,28.2773
16,256,32,32,28.1493
16,256,32,64,28.0217
16,256,32,128,28.4053
16,256,32,256,33.162
16,256,32,512,38.6357
16,256,32,1024,48.992
16,256,32,2048,67.6053
16,256,32,4096,104.288
16,256,32,8192,176.897
16,256,32,16384,324.288
16,256,32,32768,613.722
16,256,32,65536,1192.89
16,256,64,16,32.235
16,256,64,32,32.2137
16,256,64,64,32.5553
16,256,64,128,33.1193
16,256,64,256,41.099
16,256,64,512,51.8603
16,256,64,1024,71.3923
16,256,64,2048,107.787
16,256,64,4096,181.046
16,256,64,8192,326.763
16,256,64,16384,616.758
16,256,64,32768,1199.53
16,256,64,65536,2361.58
16,256,128,16,39.4987
16,256,128,32,39.7323
16,256,128,64,39.5093
16,256,128,128,40.2343
16,256,128,256,52.533
16,256,128,512,72.629
16,256,128,1024,108.95
16,256,128,2048,180.427
16,256,128,4096,323.009
16,256,128,8192,617.825
16,256,128,16384,1181.73
16,256,128,32768,2330.39
16,256,128,65536,4612.76
16,512,0,0,18.8483
16,512,1,16,25.163
16,512,1,32,25.0353
16,512,1,64,25.003
16,512,1,128,25.131
16,512,1,256,25.3973
16,512,1,512,26.432
16,512,1,1024,26.4007
16,512,1,2048,26.4853
16,512,1,4096,27.6057
16,512,1,8192,33.2693
16,512,1,16384,38.635
16,512,1,32768,47.6167
16,512,1,65536,65.868
16,512,2,16,28.4807
16,512,2,32,28.256
16,512,2,64,28.6077
16,512,2,128,28.437
16,512,2,256,28.736
16,512,2,512,29.5037
16,512,2,1024,29.963
16,512,2,2048,30.709
16,512,2,4096,35.4877
16,512,2,8192,40.1923
16,512,2,16384,49.932
16,512,2,32768,67.83
16,512,2,65536,102.956
16,512,4,16,28.363
16,512,4,32,28.651
16,512,4,64,28.3847
16,512,4,128,28.438
16,512,4,256,28.586
16,512,4,512,30.048
16,512,4,1024,30.5927
16,512,4,2048,33.7497
16,512,4,4096,38.753
16,512,4,8192,47.9037
16,512,4,16384,66.155
16,512,4,32768,102.305
16,512,4,65536,174.647
16,512,8,16,28.789
16,512,8,32,29.1303
16,512,8,64,29.12
16,512,8,128,29.0443
16,512,8,256,29.483
16,512,8,512,30.9867
16,512,8,1024,33.7817
16,512,8,2048,38.7943
16,512,8,4096,48.096
16,512,8,8192,66.3893
16,512,8,16384,102.762
16,512,8,32768,173.996
16,512,8,65536,317.74
16,512,16,16,28.843
16,512,16,32,28.7467
16,512,16,64,28.6723
16,512,16,128,29.0557
16,512,16,256,30.8803
16,512,16,512,34.465
16,512,16,1024,39.2857
16,512,16,2048,48.9807
16,512,16,4096,67.4557
16,512,16,8192,103.52
16,512,16,16384,176.192
16,512,16,32768,319.49
16,512,16,65536,606.083
16,512,32,16,31.3397
16,512,32,32,31.2533
16,512,32,64,31.008
16,512,32,128,31.5733
16,512,32,256,36.256
16,512,32,512,41.4297
16,512,32,1024,52.171
16,512,32,2048,70.6453
16,512,32,4096,107.359
16,512,32,8192,180.139
16,512,32,16384,328.608
16,512,32,32768,617.721
16,512,32,65536,1193.87
16,512,64,16,35.1257
16,512,64,32,35.2433
16,512,64,64,35.3393
16,512,64,128,36.1273
16,512,64,256,43.712
16,512,64,512,55.2537
16,512,64,1024,74.5283
16,512,64,2048,110.304
16,512,64,4096,184.545
16,512,64,8192,330.817
16,512,64,16384,629.153
16,512,64,32768,1202.85
16,512,64,65536,2370.67
16,512,128,16,42.827
16,512,128,32,42.8807
16,512,128,64,42.7843
16,512,128,128,43.0717
16,512,128,256,55.659
16,512,128,512,75.2
16,512,128,1024,111.125
16,512,128,2048,183.51
16,512,128,4096,326.432
16,512,128,8192,615.393
16,512,128,16384,1193.54
16,512,128,32768,2327.65
16,512,128,65536,4612.83
16,1024,0,0,24.928
16,1024,1,16,31.1363
16,1024,1,32,31.0723
16,1024,1,64,31.094
16,1024,1,128,31.0717
16,1024,1,256,31.179
16,1024,1,512,31.072
16,1024,1,1024,32.225
16,1024,1,2048,32.7993
16,1024,1,4096,33.3867
16,1024,1,8192,39.5737
16,1024,1,16384,44.8853
16,1024,1,32768,54.198
16,1024,1,65536,71.467
16,1024,2,16,34.3147
16,1024,2,32,33.995
16,1024,2,64,34.4433
16,1024,2,128,34.1547
16,1024,2,256,34.5813
16,1024,2,512,34.5497
16,1024,2,1024,35.936
16,1024,2,2048,36.3737
16,1024,2,4096,41.696
16,1024,2,8192,46.1017
16,1024,2,16384,55.9783
16,1024,2,32768,73.8143
16,1024,2,65536,109.568
16,1024,4,16,34.9867
16,1024,4,32,34.7727
16,1024,4,64,35.05
16,1024,4,128,34.5383
16,1024,4,256,34.9227
16,1024,4,512,35.0937
16,1024,4,1024,36.704
16,1024,4,2048,39.5833
16,1024,4,4096,44.416
16,1024,4,8192,53.91
16,1024,4,16384,71.4983
16,1024,4,32768,108.587
16,1024,4,65536,181.143
16,1024,8,16,35.1673
16,1024,8,32,34.954
16,1024,8,64,35.1253
16,1024,8,128,35.3287
16,1024,8,256,35.4347
16,1024,8,512,37.11
16,1024,8,1024,39.8497
16,1024,8,2048,44.79
16,1024,8,4096,54.2183
16,1024,8,8192,73.045
16,1024,8,16384,108.811
16,1024,8,32768,179.746
16,1024,8,65536,323.117
16,1024,16,16,34.6673
16,1024,16,32,34.5597
16,1024,16,64,34.721
16,1024,16,128,35.1353
16,1024,16,256,36.704
16,1024,16,512,40.1187
16,1024,16,1024,44.9057
16,1024,16,2048,54.816
16,1024,16,4096,73.483
16,1024,16,8192,109.387
16,1024,16,16384,182.015
16,1024,16,32768,325.751
16,1024,16,65536,612.089
16,1024,32,16,37.5147
16,1024,32,32,37.4933
16,1024,32,64,37.3983
16,1024,32,128,37.8037
16,1024,32,256,42.1543
16,1024,32,512,47.3927
16,1024,32,1024,58.2293
16,1024,32,2048,76.3733
16,1024,32,4096,113.067
16,1024,32,8192,186.401
16,1024,32,16384,332.694
16,1024,32,32768,623.428
16,1024,32,65536,1201.17
16,1024,64,16,41.493
16,1024,64,32,41.4827
16,1024,64,64,41.4507
16,1024,64,128,42.486
16,1024,64,256,49.984
16,1024,64,512,61.078
16,1024,64,1024,80.885
16,1024,64,2048,116.94
16,1024,64,4096,189.835
16,1024,64,8192,335.115
16,1024,64,16384,629.004
16,1024,64,32768,1216.13
16,1024,64,65536,2373.72
16,1024,128,16,49.0457
16,1024,128,32,48.608
16,1024,128,64,48.736
16,1024,128,128,49.1203
16,1024,128,256,61.9103
16,1024,128,512,81.5257
16,1024,128,1024,117.355
16,1024,128,2048,189.749
16,1024,128,4096,332.076
16,1024,128,8192,623.915
16,1024,128,16384,1198.71
16,1024,128,32768,2335.24
16,1024,128,65536,4623.99
16,2048,0,0,37.056
16,2048,1,16,43.339
16,2048,1,32,43.1143
16,2048,1,64,43.317
16,2048,1,128,43.072
16,2048,1,256,43.0077
16,2048,1,512,42.987
16,2048,1,1024,43.5733
16,2048,1,2048,44.961
16,2048,1,4096,45.462
16,2048,1,8192,51.6373
16,2048,1,16384,56.63
16,2048,1,32768,65.909
16,2048,1,65536,83.787
16,2048,2,16,46.741
16,2048,2,32,46.6453
16,2048,2,64,46.955
16,2048,2,128,46.7093
16,2048,2,256,46.5913
16,2048,2,512,46.5813
16,2048,2,1024,47.5423
16,2048,2,2048,48.9067
16,2048,2,4096,53.557
16,2048,2,8192,58.6023
16,2048,2,16384,68.0633
16,2048,2,32768,86.0803
16,2048,2,65536,121.633
16,2048,4,16,47.1253
16,2048,4,32,47.157
16,2048,4,64,47.1463
16,2048,4,128,47.3813
16,2048,4,256,47.424
16,2048,4,512,47.9363
16,2048,4,1024,49.3123
16,2048,4,2048,51.755
16,2048,4,4096,56.3203
16,2048,4,8192,66.048
16,2048,4,16384,83.616
16,2048,4,32768,120.31
16,2048,4,65536,192.983
16,2048,8,16,46.944
16,2048,8,32,47.179
16,2048,8,64,47.082
16,2048,8,128,47.7117
16,2048,8,256,47.9363
16,2048,8,512,49.4517
16,2048,8,1024,51.723
16,2048,8,2048,56.768
16,2048,8,4096,66.6247
16,2048,8,8192,85.109
16,2048,8,16384,121.984
16,2048,8,32768,192.46
16,2048,8,65536,336.377
16,2048,16,16,46.9433
16,2048,16,32,46.859
16,2048,16,64,47.0517
16,2048,16,128,47.488
16,2048,16,256,49.3123
16,2048,16,512,52.4477
16,2048,16,1024,57.4603
16,2048,16,2048,66.848
16,2048,16,4096,85.7703
16,2048,16,8192,122.123
16,2048,16,16384,194.39
16,2048,16,32768,338.125
16,2048,16,65536,625.007
16,2048,32,16,49.8877
16,2048,32,32,49.632
16,2048,32,64,49.622
16,2048,32,128,50.4533
16,2048,32,256,54.848
16,2048,32,512,59.5417
16,2048,32,1024,70.6243
16,2048,32,2048,88.341
16,2048,32,4096,125.205
16,2048,32,8192,199.051
16,2048,32,16384,343.041
16,2048,32,32768,637.06
16,2048,32,65536,1214.1
16,2048,64,16,53.7707
16,2048,64,32,53.6
16,2048,64,64,53.8877
16,2048,64,128,54.5273
16,2048,64,256,61.8353
16,2048,64,512,72.736
16,2048,64,1024,92.2563
16,2048,64,2048,129.44
16,2048,64,4096,201.878
16,2048,64,8192,346.785
16,2048,64,16384,644.097
16,2048,64,32768,1222.12
16,2048,64,65536,2392.34
16,2048,128,16,61.2903
16,2048,128,32,61.259
16,2048,128,64,60.8317
16,2048,128,128,61.291
16,2048,128,256,73.898
16,2048,128,512,93.3017
16,2048,128,1024,129.387
16,2048,128,2048,201.59
16,2048,128,4096,344.897
16,2048,128,8192,634.55
16,2048,128,16384,1209.95
16,2048,128,32768,2348.8
16,2048,128,65536,4628.91
16,4096,0,0,61.0237
16,4096,1,16,67.4243
16,4096,1,32,67.5097
16,4096,1,64,67.178
16,4096,1,128,67.6583
16,4096,1,256,67.4877
16,4096,1,512,67.2523
16,4096,1,1024,67.882
16,4096,1,2048,68.3413
16,4096,1,4096,69.9197
16,4096,1,8192,75.883
16,4096,1,16384,80.9277
16,4096,1,32768,90.198
16,4096,1,65536,108.503
16,4096,2,16,72.117
16,4096,2,32,71.5737
16,4096,2,64,71.7443
16,4096,2,128,72.0843
16,4096,2,256,72.256
16,4096,2,512,72.213
16,4096,2,1024,73.1853
16,4096,2,2048,74.6347
16,4096,2,4096,77.8887
16,4096,2,8192,82.2413
16,4096,2,16384,92.0963
16,4096,2,32768,109.633
16,4096,2,65536,145.931
16,4096,4,16,71.3173
16,4096,4,32,71.6477
16,4096,4,64,71.531
16,4096,4,128,71.627
16,4096,4,256,71.777
16,4096,4,512,72.2883
16,4096,4,1024,73.6
16,4096,4,2048,76.5543
16,4096,4,4096,80.565
16,4096,4,8192,89.867
16,4096,4,16384,107.84
16,4096,4,32768,144.737
16,4096,4,65536,215.916
16,4096,8,16,71.1687
16,4096,8,32,71.339
16,4096,8,64,71.2423
16,4096,8,128,71.3717
16,4096,8,256,72.3203
16,4096,8,512,73.5893
16,4096,8,1024,75.6793
16,4096,8,2048,81.4933
16,4096,8,4096,90.0803
16,4096,8,8192,108.96
16,4096,8,16384,145.077
16,4096,8,32768,217.282
16,4096,8,65536,359.971
16,4096,16,16,71.1687
16,4096,16,32,71.211
16,4096,16,64,70.7843
16,4096,16,128,71.9043
16,4096,16,256,73.6213
16,4096,16,512,76.458
16,4096,16,1024,81.0457
16,4096,16,2048,90.6983
16,4096,16,4096,109.783
16,4096,16,8192,146.262
16,4096,16,16384,218.667
16,4096,16,32768,362.083
16,4096,16,65536,648.665
16,4096,32,16,74.144
16,4096,32,32,74.23
16,4096,32,64,73.995
16,4096,32,128,74.0263
16,4096,32,256,78.8267
16,4096,32,512,83.9147
16,4096,32,1024,93.7283
16,4096,32,2048,112.501
16,4096,32,4096,149.44
16,4096,32,8192,222.358
16,4096,32,16384,369.567
16,4096,32,32768,665.146
16,4096,32,65536,1239.94
16,4096,64,16,77.9307
16,4096,64,32,78.0907
16,4096,64,64,78.368
16,4096,64,128,78.7313
16,4096,64,256,85.6433
16,4096,64,512,96.0863
16,4096,64,1024,115.851
16,4096,64,2048,152.342
16,4096,64,4096,226.294
16,4096,64,8192,370.517
16,4096,64,16384,669.932
16,4096,64,32768,1244.6
16,4096,64,65536,2413.57
16,4096,128,16,85.4717
16,4096,128,32,85.4933
16,4096,128,64,85.0877
16,4096,128,128,85.5147
16,4096,128,256,97.7383
16,4096,128,512,116.992
16,4096,128,1024,153.505
16,4096,128,2048,225.494
16,4096,128,4096,368.471
16,4096,128,8192,657.398
16,4096,128,16384,1233.41
16,4096,128,32768,2371.02
16,4096,128,65536,4651.47
16,8192,0,0,109.675
16,8192,1,16,121.451
16,8192,1,32,122.997
16,8192,1,64,120.437
16,8192,1,128,121.088
16,8192,1,256,120.609
16,8192,1,512,121.141
16,8192,1,1024,121.964
16,8192,1,2048,122.41
16,8192,1,4096,124.331
16,8192,1,8192,127.306
16,8192,1,16384,131.446
16,8192,1,32768,139.873
16,8192,1,65536,158.784
16,8192,2,16,120.491
16,8192,2,32,120.416
16,8192,2,64,120.512
16,8192,2,128,120.533
16,8192,2,256,120.629
16,8192,2,512,120.47
16,8192,2,1024,121.599
16,8192,2,2048,123.18
16,8192,2,4096,125.686
16,8192,2,8192,130.753
16,8192,2,16384,140.32
16,8192,2,32768,158.508
16,8192,2,65536,194.573
16,8192,4,16,119.83
16,8192,4,32,119.531
16,8192,4,64,119.999
16,8192,4,128,120.192
16,8192,4,256,120.491
16,8192,4,512,120.406
16,8192,4,1024,121.772
16,8192,4,2048,124.096
16,8192,4,4096,128.512
16,8192,4,8192,138.081
16,8192,4,16384,156.277
16,8192,4,32768,192.961
16,8192,4,65536,265.389
16,8192,8,16,119.745
16,8192,8,32,119.894
16,8192,8,64,119.829
16,8192,8,128,119.552
16,8192,8,256,119.969
16,8192,8,512,121.888
16,8192,8,1024,123.819
16,8192,8,2048,129.046
16,8192,8,4096,138.369
16,8192,8,8192,157.28
16,8192,8,16384,192.811
16,8192,8,32768,266.274
16,8192,8,65536,409.027
16,8192,16,16,119.37
16,8192,16,32,119.968
16,8192,16,64,119.723
16,8192,16,128,119.883
16,8192,16,256,121.483
16,8192,16,512,124.555
16,8192,16,1024,129.194
16,8192,16,2048,138.784
16,8192,16,4096,157.782
16,8192,16,8192,194.347
16,8192,16,16384,266.754
16,8192,16,32768,411.011
16,8192,16,65536,696.249
16,8192,32,16,122.784
16,8192,32,32,122.859
16,8192,32,64,123.008
16,8192,32,128,122.368
16,8192,32,256,126.87
16,8192,32,512,131.243
16,8192,32,1024,141.206
16,8192,32,2048,160.182
16,8192,32,4096,197.344
16,8192,32,8192,270.838
16,8192,32,16384,416.032
16,8192,32,32768,705.989
16,8192,32,65536,1283.85
16,8192,64,16,126.794
16,8192,64,32,127.201
16,8192,64,64,126.645
16,8192,64,128,126.432
16,8192,64,256,134.208
16,8192,64,512,144.577
16,8192,64,1024,162.827
16,8192,64,2048,199.798
16,8192,64,4096,273.247
16,8192,64,8192,423.585
16,8192,64,16384,714.433
16,8192,64,32768,1293.04
16,8192,64,65536,2465.23
16,8192,128,16,133.91
16,8192,128,32,133.995
16,8192,128,64,133.547
16,8192,128,128,134.006
16,8192,128,256,145.643
16,8192,128,512,164.929
16,8192,128,1024,200.544
16,8192,128,2048,272.608
16,8192,128,4096,418.688
16,8192,128,8192,709.185
16,8192,128,16384,1275.63
16,8192,128,32768,2417.51
16,8192,128,65536,4700
16,16384,0,0,206.144
16,16384,1,16,218.603
16,16384,1,32,219.126
16,16384,1,64,218.795
16,16384,1,128,218.463
16,16384,1,256,219.381
16,16384,1,512,218.934
16,16384,1,1024,220.331
16,16384,1,2048,220.992
16,16384,1,4096,222.635
16,16384,1,8192,226.156
16,16384,1,16384,229.547
16,16384,1,32768,239.948
16,16384,1,65536,257.122
16,16384,2,16,217.804
16,16384,2,32,217.504
16,16384,2,64,217.835
16,16384,2,128,217.728
16,16384,2,256,217.355
16,16384,2,512,217.461
16,16384,2,1024,219.169
16,16384,2,2048,221.088
16,16384,2,4096,223.221
16,16384,2,8192,227.818
16,16384,2,16384,237.068
16,16384,2,32768,257.484
16,16384,2,65536,294.391
16,16384,4,16,216.065
16,16384,4,32,217.313
16,16384,4,64,217.141
16,16384,4,128,217.696
16,16384,4,256,217.045
16,16384,4,512,217.749
16,16384,4,1024,218.23
16,16384,4,2048,220.746
16,16384,4,4096,225.419
16,16384,4,8192,235.146
16,16384,4,16384,253.696
16,16384,4,32768,291.555
16,16384,4,65536,362.168
16,16384,8,16,216.661
16,16384,8,32,217.024
16,16384,8,64,217.429
16,16384,8,128,217.355
16,16384,8,256,216.833
16,16384,8,512,218.582
16,16384,8,1024,220.896
16,16384,8,2048,225.077
16,16384,8,4096,235.446
16,16384,8,8192,254.848
16,16384,8,16384,290.593
16,16384,8,32768,363.735
16,16384,8,65536,506.82
16,16384,16,16,216.523
16,16384,16,32,216.096
16,16384,16,64,217.302
16,16384,16,128,217.665
16,16384,16,256,219.371
16,16384,16,512,221.771
16,16384,16,1024,225.984
16,16384,16,2048,236.342
16,16384,16,4096,254.464
16,16384,16,8192,291.626
16,16384,16,16384,363.424
16,16384,16,32768,506.786
16,16384,16,65536,795.333
16,16384,32,16,219.991
16,16384,32,32,219.701
16,16384,32,64,219.542
16,16384,32,128,220.022
16,16384,32,256,224.064
16,16384,32,512,228.428
16,16384,32,1024,238.134
16,16384,32,2048,256.715
16,16384,32,4096,293.708
16,16384,32,8192,366.998
16,16384,32,16384,511.179
16,16384,32,32768,807.972
16,16384,32,65536,1382.84
16,16384,64,16,223.701
16,16384,64,32,223.947
16,16384,64,64,224.865
16,16384,64,128,224.662
16,16384,64,256,230.453
16,16384,64,512,239.915
16,16384,64,1024,259.585
16,16384,64,2048,296.715
16,16384,64,4096,368.694
16,16384,64,8192,515.628
16,16384,64,16384,810.774
16,16384,64,32768,1390.45
16,16384,64,65536,2552.52
16,16384,128,16,231.094
16,16384,128,32,232.107
16,16384,128,64,231.329
16,16384,128,128,231.393
16,16384,128,256,242.07
16,16384,128,512,258.838
16,16384,128,1024,295.094
16,16384,128,2048,367.318
16,16384,128,4096,509.878
16,16384,128,8192,796.001
16,16384,128,16384,1370.24
16,16384,128,32768,2512.33
16,16384,128,65536,4798.36
16,32768,0,0,399.438
16,32768,1,16,411.288
16,32768,1,32,411.768
16,32768,1,64,412.589
16,32768,1,128,412.162
16,32768,1,256,413.239
16,32768,1,512,412.909
16,32768,1,1024,413.837
16,32768,1,2048,414.04
16,32768,1,4096,415.384
16,32768,1,8192,419.235
16,32768,1,16384,423.064
16,32768,1,32768,431.192
16,32768,1,65536,449.656
16,32768,2,16,410.53
16,32768,2,32,411.427
16,32768,2,64,409.944
16,32768,2,128,410.797
16,32768,2,256,411.673
16,32768,2,512,410.466
16,32768,2,1024,412.995
16,32768,2,2048,414.02
16,32768,2,4096,416.439
16,32768,2,8192,421.186
16,32768,2,16384,430.477
16,32768,2,32768,448.398
16,32768,2,65536,484.175
16,32768,4,16,410.156
16,32768,4,32,410.648
16,32768,4,64,410.157
16,32768,4,128,411.661
16,32768,4,256,409.816
16,32768,4,512,409.592
16,32768,4,1024,413.176
16,32768,4,2048,415.853
16,32768,4,4096,418.979
16,32768,4,8192,427.31
16,32768,4,16384,445.998
16,32768,4,32768,482.893
16,32768,4,65536,553.785
16,32768,8,16,408.515
16,32768,8,32,409.133
16,32768,8,64,408.898
16,32768,8,128,410.275
16,32768,8,256,409.443
16,32768,8,512,411.597
16,32768,8,1024,413.016
16,32768,8,2048,417.869
16,32768,8,4096,427.65
16,32768,8,8192,445.539
16,32768,8,16384,481.944
16,32768,8,32768,552.867
16,32768,8,65536,696.858
16,32768,16,16,410.242
16,32768,16,32,410.681
16,32768,16,64,410.839
16,32768,16,128,410.733
16,32768,16,256,412.131
16,32768,16,512,414.722
16,32768,16,1024,420.78
16,32768,16,2048,428.292
16,32768,16,4096,447.085
16,32768,16,8192,481.913
16,32768,16,16384,554.841
16,32768,16,32768,697.135
16,32768,16,65536,982.428
16,32768,32,16,413.251
16,32768,32,32,414.157
16,32768,32,64,412.973
16,32768,32,128,414.019
16,32768,32,256,416.428
16,32768,32,512,422.126
16,32768,32,1024,430.393
16,32768,32,2048,448.697
16,32768,32,4096,484.174
16,32768,32,8192,557.561
16,32768,32,16384,702.222
16,32768,32,32768,992.316
16,32768,32,65536,1573.72
16,32768,64,16,417.966
16,32768,64,32,418.201
16,32768,64,64,417.699
16,32768,64,128,418.649
16,32768,64,256,423.875
16,32768,64,512,433.209
16,32768,64,1024,452.407
16,32768,64,2048,489.346
16,32768,64,4096,560.462
16,32768,64,8192,704.719
16,32768,64,16384,996.103
16,32768,64,32768,1583.02
16,32768,64,65536,2739.51
16,32768,128,16,423.832
16,32768,128,32,425.165
16,32768,128,64,423.938
16,32768,128,128,424.899
16,32768,128,256,433.86
16,32768,128,512,451.853
16,32768,128,1024,488.771
16,32768,128,2048,559.481
16,32768,128,4096,701.892
16,32768,128,8192,991.079
16,32768,128,16384,1557.18
16,32768,128,32768,2700.22
16,32768,128,65536,4981.41
16,65536,0,0,780.154
16,65536,1,16,794.085
16,65536,1,32,794.224
16,65536,1,64,794
16,65536,1,128,794.298
16,65536,1,256,794.809
16,65536,1,512,793.721
16,65536,1,1024,795.696
16,65536,1,2048,796.506
16,65536,1,4096,796.635
16,65536,1,8192,799.024
16,65536,1,16384,803.29
16,65536,1,32768,812.57
16,65536,1,65536,831.44
16,65536,2,16,793.552
16,65536,2,32,792.806
16,65536,2,64,792.774
16,65536,2,128,792.891
16,65536,2,256,794.982
16,65536,2,512,793.191
16,65536,2,1024,795.185
16,65536,2,2048,795.782
16,65536,2,4096,798.704
16,65536,2,8192,803.558
16,65536,2,16384,810.768
16,65536,2,32768,829.136
16,65536,2,65536,866.352
16,65536,4,16,791.578
16,65536,4,32,792.912
16,65536,4,64,793.243
16,65536,4,128,791.664
16,65536,4,256,793.21
16,65536,4,512,792.966
16,65536,4,1024,793.093
16,65536,4,2048,798.266
16,65536,4,4096,799.995
16,65536,4,8192,809.029
16,65536,4,16384,828.368
16,65536,4,32768,864.933
16,65536,4,65536,936.231
16,65536,8,16,790.853
16,65536,8,32,791.526
16,65536,8,64,793.126
16,65536,8,128,791.088
16,65536,8,256,792.709
16,65536,8,512,793.509
16,65536,8,1024,796.144
16,65536,8,2048,800.39
16,65536,8,4096,810.437
16,65536,8,8192,828.604
16,65536,8,16384,863.921
16,65536,8,32768,936.669
16,65536,8,65536,1078.22
16,65536,16,16,793.189
16,65536,16,32,793.083
16,65536,16,64,791.579
16,65536,16,128,792.603
16,65536,16,256,795.472
16,65536,16,512,797.125
16,65536,16,1024,802.341
16,65536,16,2048,810.81
16,65536,16,4096,829.265
16,65536,16,8192,864.4
16,65536,16,16384,936.199
16,65536,16,32768,1080.03
16,65536,16,65536,1366.01
16,65536,32,16,796.251
16,65536,32,32,794.948
16,65536,32,64,794.33
16,65536,32,128,795.249
16,65536,32,256,799.376
16,65536,32,512,803.344
16,65536,32,1024,813.158
16,65536,32,2048,830.94
16,65536,32,4096,866.246
16,65536,32,8192,939.121
16,65536,32,16384,1082.07
16,65536,32,32768,1372.48
16,65536,32,65536,1947.98
16,65536,64,16,798.779
16,65536,64,32,798.884
16,65536,64,64,799.749
16,65536,64,128,799.867
16,65536,64,256,805.499
16,65536,64,512,816.123
16,65536,64,1024,835.675
16,65536,64,2048,869.989
16,65536,64,4096,943.387
16,65536,64,8192,1087.67
16,65536,64,16384,1380.83
16,65536,64,32768,1963.21
16,65536,64,65536,3123.97
16,65536,128,16,806.075
16,65536,128,32,806.554
16,65536,128,64,807.206
16,65536,128,128,807.43
16,65536,128,256,816.283
16,65536,128,512,834.32
16,65536,128,1024,870.747
16,65536,128,2048,941.074
16,65536,128,4096,1083.37
16,65536,128,8192,1368.74
16,65536,128,16384,1939.2
16,65536,128,32768,3080.5
16,65536,128,65536,5363.11
32,0,0,0,13.0453
32,0,1,16,18.9767
32,0,1,32,18.9763
32,0,1,64,19.0827
32,0,1,128,19.082
32,0,1,256,20.138
32,0,1,512,20.6613
32,0,1,1024,20.48
32,0,1,2048,20.758
32,0,1,4096,21.792
32,0,1,8192,27.5093
32,0,1,16384,32.7363
32,0,1,32768,42.0707
32,0,1,65536,60.1603
32,0,2,16,21.8563
32,0,2,32,21.547
32,0,2,64,21.7823
32,0,2,128,21.6213
32,0,2,256,23.0403
32,0,2,512,23.6907
32,0,2,1024,23.7763
32,0,2,2048,24.49
32,0,2,4096,29.462
32,0,2,8192,34.261
32,0,2,16384,44.17
32,0,2,32768,62.5077
32,0,2,65536,97.7823
32,0,4,16,21.5897
32,0,4,32,21.696
32,0,4,64,21.5677
32,0,4,128,21.7703
32,0,4,256,22.7097
32,0,4,512,23.8083
32,0,4,1024,24.779
32,0,4,2048,27.8403
32,0,4,4096,32.3087
32,0,4,8192,41.856
32,0,4,16384,60.2773
32,0,4,32768,96.3747
32,0,4,65536,168.695
32,0,8,16,21.8237
32,0,8,32,21.6103
32,0,8,64,21.8447
32,0,8,128,21.7813
32,0,8,256,23.3497
32,0,8,512,25.2593
32,0,8,1024,27.7973
32,0,8,2048,32.9493
32,0,8,4096,42.1973
32,0,8,8192,60.971
32,0,8,16384,97.2157
32,0,8,32768,170.08
32,0,8,65536,313.25
32,0,16,16,22.911
32,0,16,32,22.8807
32,0,16,64,22.9217
32,0,16,128,23.2323
32,0,16,256,25.248
32,0,16,512,28.2983
32,0,16,1024,33.387
32,0,16,2048,43.2003
32,0,16,4096,62.0907
32,0,16,8192,98.6993
32,0,16,16384,169.868
32,0,16,32768,313.474
32,0,16,65536,601.124
32,0,32,16,25.3643
32,0,32,32,25.4727
32,0,32,64,25.302
32,0,32,128,25.7077
32,0,32,256,30.305
32,0,32,512,35.338
32,0,32,1024,45.7703
32,0,32,2048,64.48
32,0,32,4096,101.248
32,0,32,8192,174.912
32,0,32,16384,321.9
32,0,32,32768,612.175
32,0,32,65536,1188.65
32,0,64,16,29.4407
32,0,64,32,29.3013
32,0,64,64,29.4833
32,0,64,128,30.3897
32,0,64,256,38.0587
32,0,64,512,48.5453
32,0,64,1024,69.142
32,0,64,2048,104.735
32,0,64,4096,178.027
32,0,64,8192,324.363
32,0,64,16384,618.252
32,0,64,32768,1196.8
32,0,64,65536,2370.73
32,0,128,16,36.9487
32,0,128,32,36.6933
32,0,128,64,36.7783
32,0,128,128,37.5473
32,0,128,256,50.2727
32,0,128,512,70.955
32,0,128,1024,106.559
32,0,128,2048,178.347
32,0,128,4096,322.667
32,0,128,8192,612.236
32,0,128,16384,1181.15
32,0,128,32768,2322.84
32,0,128,65536,4609.81
32,16,0,0,12.9707
32,16,1,16,18.859
32,16,1,32,19.1993
32,16,1,64,18.9123
32,16,1,128,19.222
32,16,1,256,20.3317
32,16,1,512,20.737
32,16,1,1024,20.4057
32,16,1,2048,20.8843
32,16,1,4096,21.685
32,16,1,8192,27.5197
32,16,1,16384,32.7573
32,16,1,32768,42.1117
32,16,1,65536,59.9897
32,16,2,16,21.7813
32,16,2,32,21.6957
32,16,2,64,21.8133
32,16,2,128,21.919
32,16,2,256,22.955
32,16,2,512,23.5637
32,16,2,1024,23.8287
32,16,2,2048,24.523
32,16,2,4096,29.5253
32,16,2,8192,34.2933
32,16,2,16384,43.9463
32,16,2,32768,62.3787
32,16,2,65536,98.038
32,16,4,16,21.7287
32,16,4,32,21.728
32,16,4,64,21.6227
32,16,4,128,21.7273
32,16,4,256,22.7847
32,16,4,512,23.9473
32,16,4,1024,24.6933
32,16,4,2048,28.0427
32,16,4,4096,32.3527
32,16,4,8192,41.8023
32,16,4,16384,60.1827
32,16,4,32768,96.8017
32,16,4,65536,169.036
32,16,8,16,21.8663
32,16,8,32,21.6863
32,16,8,64,21.8137
32,16,8,128,21.7597
32,16,8,256,23.4457
32,16,8,512,25.3113
32,16,8,1024,27.8293
32,16,8,2048,32.747
32,16,8,4096,42.177
32,16,8,8192,60.6177
32,16,8,16384,97.056
32,16,8,32768,169.409
32,16,8,65536,313.421
32,16,16,16,22.7957
32,16,16,32,22.8693
32,16,16,64,22.9117
32,16,16,128,23.2107
32,16,16,256,25.184
32,16,16,512,28.171
32,16,16,1024,33.504
32,16,16,2048,43.2
32,16,16,4096,62.2623
32,16,16,8192,97.749
32,16,16,16384,170.635
32,16,16,32768,315.095
32,16,16,65536,600.58
32,16,32,16,25.4723
32,16,32,32,25.4717
32,16,32,64,25.355
32,16,32,128,26.0477
32,16,32,256,30.4637
32,16,32,512,35.5843
32,16,32,1024,45.866
32,16,32,2048,64.5333
32,16,32,4096,101.653
32,16,32,8192,175.264
32,16,32,16384,319.5
32,16,32,32768,609.807
32,16,32,65536,1189.95
32,16,64,16,29.462
32,16,64,32,29.398
32,16,64,64,29.525
32,16,64,128,30.2943
32,16,64,256,38.2513
32,16,64,512,48.8647
32,16,64,1024,69.1943
32,16,64,2048,105.344
32,16,64,4096,177.75
32,16,64,8192,323.468
32,16,64,16384,617.847
32,16,64,32768,1198.3
32,16,64,65536,2366.49
32,16,128,16,36.981
32,16,128,32,36.5117
32,16,128,64,36.6933
32,16,128,128,37.162
32,16,128,256,50.5497
32,16,128,512,70.4117
32,16,128,1024,106.71
32,16,128,2048,178.87
32,16,128,4096,322.945
32,16,128,8192,613.729
32,16,128,16384,1185.9
32,16,128,32768,2323.4
32,16,128,65536,4604.32
32,32,0,0,12.9603
32,32,1,16,18.8157
32,32,1,32,18.9223
32,32,1,64,18.997
32,32,1,128,18.9237
32,32,1,256,19.9467
32,32,1,512,20.566
32,32,1,1024,20.48
32,32,1,2048,20.811
32,32,1,4096,21.792
32,32,1,8192,27.414
32,32,1,16384,33.0883
32,32,1,32768,42.5283
32,32,1,65536,60.2677
32,32,2,16,21.771
32,32,2,32,21.611
32,32,2,64,21.8353
32,32,2,128,21.8133
32,32,2,256,22.9547
32,32,2,512,23.573
32,32,2,1024,23.798
32,32,2,2048,24.5123
32,32,2,4096,29.6113
32,32,2,8192,34.251
32,32,2,16384,44.0647
32,32,2,32768,62.1217
32,32,2,65536,97.4827
32,32,4,16,21.6963
32,32,4,32,21.7593
32,32,4,64,21.634
32,32,4,128,21.824
32,32,4,256,22.7423
32,32,4,512,24.0007
32,32,4,1024,24.7893
32,32,4,2048,27.8083
32,32,4,4096,32.3093
32,32,4,8192,42.1113
32,32,4,16384,60.1283
32,32,4,32768,96.8643
32,32,4,65536,168.31
32,32,8,16,21.814
32,32,8,32,21.728
32,32,8,64,22.0163
32,32,8,128,21.771
32,32,8,256,23.2427
32,32,8,512,25.2157
32,32,8,1024,27.7657
32,32,8,2048,32.971
32,32,8,4096,42.3573
32,32,8,8192,60.9813
32,32,8,16384,97.333
32,32,8,32768,168.994
32,32,8,65536,314.285
32,32,16,16,22.7837
32,32,16,32,22.805
32,32,16,64,22.9863
32,32,16,128,23.3283
32,32,16,256,25.2473
32,32,16,512,28.448
32,32,16,1024,33.4713
32,32,16,2048,43.1137
32,32,16,4096,62.3787
32,32,16,8192,98.347
32,32,16,16384,170.283
32,32,16,32768,315.042
32,32,16,65536,600.675
32,32,32,16,25.5153
32,32,32,32,25.4183
32,32,32,64,25.2803
32,32,32,128,25.7387
32,32,32,256,30.4203
32,32,32,512,35.264
32,32,32,1024,45.802
32,32,32,2048,64.331
32,32,32,4096,101.099
32,32,32,8192,173.43
32,32,32,16384,322.454
32,32,32,32768,613.081
32,32,32,65536,1184.73
32,32,64,16,29.2907
32,32,64,32,29.355
32,32,64,64,29.5243
32,32,64,128,30.2617
32,32,64,256,37.653
32,32,64,512,48.7253
32,32,64,1024,68.7363
32,32,64,2048,105.29
32,32,64,4096,177.92
32,32,64,8192,325.1
32,32,64,16384,620.834
32,32,64,32768,1201.87
32,32,64,65536,2360.53
32,32,128,16,36.896
32,32,128,32,36.4587
32,32,128,64,36.7577
32,32,128,128,37.2803
32,32,128,256,50.6353
32,32,128,512,70.4533
32,32,128,1024,106.485
32,32,128,2048,178.304
32,32,128,4096,321.26
32,32,128,8192,608.289
32,32,128,16384,1180.36
32,32,128,32768,2327.02
32,32,128,65536,4606.75
32,64,0,0,12.9807
32,64,1,16,18.6567
32,64,1,32,18.7627
32,64,1,64,18.7417
32,64,1,128,18.8803
32,64,1,256,19.808
32,64,1,512,20.5227
32,64,1,1024,20.4057
32,64,1,2048,20.7037
32,64,1,4096,21.7063
32,64,1,8192,27.6903
32,64,1,16384,32.6823
32,64,1,32768,42.3257
32,64,1,65536,59.9263
32,64,2,16,22.111
32,64,2,32,21.7713
32,64,2,64,22.176
32,64,2,128,21.5263
32,64,2,256,22.9757
32,64,2,512,23.6807
32,64,2,1024,23.7653
32,64,2,2048,24.448
32,64,2,4096,29.5477
32,64,2,8192,34.336
32,64,2,16384,44.1283
32,64,2,32768,62.1977
32,64,2,65536,97.5997
32,64,4,16,21.5263
32,64,4,32,21.7927
32,64,4,64,21.5583
32,64,4,128,21.7387
32,64,4,256,22.6993
32,64,4,512,24.065
32,64,4,1024,24.9173
32,64,4,2048,27.6263
32,64,4,4096,32.268
32,64,4,8192,41.825
32,64,4,16384,60.234
32,64,4,32768,97.0243
32,64,4,65536,168.396
32,64,8,16,21.8353
32,64,8,32,21.6327
32,64,8,64,22.0167
32,64,8,128,21.6317
32,64,8,256,23.2753
32,64,8,512,25.099
32,64,8,1024,27.893
32,64,8,2048,32.7357
32,64,8,4096,42.2077
32,64,8,8192,60.9913
32,64,8,16384,96.672
32,64,8,32768,169.302
32,64,8,65536,313.133
32,64,16,16,22.7947
32,64,16,32,22.7413
32,64,16,64,22.9443
32,64,16,128,23.285
32,64,16,256,25.1947
32,64,16,512,28.2137
32,64,16,1024,33.3763
32,64,16,2048,43.2313
32,64,16,4096,62.005
32,64,16,8192,98.3243
32,64,16,16384,170.634
32,64,16,32768,314.712
32,64,16,65536,600.472
32,64,32,16,25.226
32,64,32,32,25.3443
32,64,32,64,25.2583
32,64,32,128,25.8553
32,64,32,256,30.4857
32,64,32,512,35.7657
32,64,32,1024,45.6957
32,64,32,2048,64.6843
32,64,32,4096,101.322
32,64,32,8192,174.699
32,64,32,16384,322.069
32,64,32,32768,610.394
32,64,32,65536,1186.86
32,64,64,16,29.4297
32,64,64,32,29.2383
32,64,64,64,29.4717
32,64,64,128,30.07
32,64,64,256,37.7713
32,64,64,512,48.854
32,64,64,1024,68.949
32,64,64,2048,104.789
32,64,64,4096,177.92
32,64,64,8192,323.126
32,64,64,16384,617.174
32,64,64,32768,1197.36
32,64,64,65536,2361.34
32,64,128,16,36.7463
32,64,128,32,36.576
32,64,128,64,36.6083
32,64,128,128,37.3233
32,64,128,256,50.5067
32,64,128,512,70.8383
32,64,128,1024,106.774
32,64,128,2048,178.155
32,64,128,4096,321.515
32,64,128,8192,608.256
32,64,128,16384,1183.08
32,64,128,32768,2322.24
32,64,128,65536,4606.31
32,128,0,0,14.421
32,128,1,16,20.1287
32,128,1,32,20.1377
32,128,1,64,20.2763
32,128,1,128,20.2343
32,128,1,256,21.333
32,128,1,512,22.027
32,128,1,1024,21.9847
32,128,1,2048,22.3893
32,128,1,4096,23.072
32,128,1,8192,29.024
32,128,1,16384,34.3147
32,128,1,32768,43.4563
32,128,1,65536,62.0593
32,128,2,16,23.2847
32,128,2,32,22.9867
32,128,2,64,23.424
32,128,2,128,23.0293
32,128,2,256,24.363
32,128,2,512,25.184
32,128,2,1024,25.4507
32,128,2,2048,26.208
32,128,2,4096,31.1147
32,128,2,8192,35.8393
32,128,2,16384,45.7063
32,128,2,32768,63.6063
32,128,2,65536,98.9977
32,128,4,16,23.0507
32,128,4,32,23.1997
32,128,4,64,23.0077
32,128,4,128,23.179
32,128,4,256,24.5013
32,128,4,512,25.3227
32,128,4,1024,26.2827
32,128,4,2048,29.2057
32,128,4,4096,33.6433
32,128,4,8192,43.3817
32,128,4,16384,61.5467
32,128,4,32768,98.22
32,128,4,65536,169.954
32,128,8,16,23.3703
32,128,8,32,23.125
32,128,8,64,23.3393
32,128,8,128,23.221
32,128,8,256,24.6727
32,128,8,512,26.5817
32,128,8,1024,29.2267
32,128,8,2048,34.1657
32,128,8,4096,43.7123
32,128,8,8192,62.5917
32,128,8,16384,99.36
32,128,8,32768,169.877
32,128,8,65536,314.712
32,128,16,16,24.3197
32,128,16,32,24.3103
32,128,16,64,24.501
32,128,16,128,24.7253
32,128,16,256,26.71
32,128,16,512,29.771
32,128,16,1024,35.04
32,128,16,2048,44.5443
32,128,16,4096,63.3067
32,128,16,8192,100.033
32,128,16,16384,172.086
32,128,16,32768,315.201
32,128,16,65536,602.714
32,128,32,16,26.9017
32,128,32,32,26.816
32,128,32,64,26.6887
32,128,32,128,27.392
32,128,32,256,31.7543
32,128,32,512,36.7893
32,128,32,1024,47.456
32,128,32,2048,65.4407
32,128,32,4096,102.966
32,128,32,8192,176.554
32,128,32,16384,321.771
32,128,32,32768,613.743
32,128,32,65536,1194.6
32,128,64,16,30.8153
32,128,64,32,30.6663
32,128,64,64,30.837
32,128,64,128,31.8297
32,128,64,256,39.3607
32,128,64,512,50.6237
32,128,64,1024,70.8267
32,128,64,2048,106.23
32,128,64,4096,179.808
32,128,64,8192,325.366
32,128,64,16384,625.047
32,128,64,32768,1198.73
32,128,64,65536,2371.16
32,128,128,16,38.1977
32,128,128,32,38.09
32,128,128,64,38.3257
32,128,128,128,39.1043
32,128,128,256,52.16
32,128,128,512,71.8607
32,128,128,1024,108.672
32,128,128,2048,179.594
32,128,128,4096,322.55
32,128,128,8192,610.924
32,128,128,16384,1184.07
32,128,128,32768,2326.07
32,128,128,65536,4606.95
32,256,0,0,15.872
32,256,1,16,21.5893
32,256,1,32,21.6533
32,256,1,64,21.8457
32,256,1,128,21.792
32,256,1,256,22.71
32,256,1,512,23.435
32,256,1,1024,23.4987
32,256,1,2048,23.627
32,256,1,4096,24.5437
32,256,1,8192,30.2933
32,256,1,16384,35.9143
32,256,1,32768,45.1837
32,256,1,65536,63.6273
32,256,2,16,24.5987
32,256,2,32,24.4583
32,256,2,64,24.821
32,256,2,128,24.512
32,256,2,256,25.919
32,256,2,512,26.4533
32,256,2,1024,26.73
32,256,2,2048,27.5087
32,256,2,4096,32.2883
32,256,2,8192,37.215
32,256,2,16384,47.2643
32,256,2,32768,64.9703
32,256,2,65536,100.608
32,256,4,16,24.4373
32,256,4,32,24.6603
32,256,4,64,24.4057
32,256,4,128,24.703
32,256,4,256,25.706
32,256,4,512,26.9443
32,256,4,1024,27.4777
32,256,4,2048,30.7837
32,256,4,4096,35.3393
32,256,4,8192,45.1837
32,256,4,16384,62.9007
32,256,4,32768,99.702
32,256,4,65536,171.425
32,256,8,16,24.7137
32,256,8,32,24.672
32,256,8,64,24.715
32,256,8,128,24.7883
32,256,8,256,26.165
32,256,8,512,28.086
32,256,8,1024,30.688
32,256,8,2048,35.648
32,256,8,4096,45.1197
32,256,8,8192,64.075
32,256,8,16384,100.449
32,256,8,32768,171.766
32,256,8,65536,316.29
32,256,16,16,25.7177
32,256,16,32,25.717
32,256,16,64,25.802
32,256,16,128,26.0697
32,256,16,256,28.0427
32,256,16,512,30.9013
32,256,16,1024,36.2133
32,256,16,2048,46.1227
32,256,16,4096,64.523
32,256,16,8192,101.494
32,256,16,16384,173.867
32,256,16,32768,317.346
32,256,16,65536,604.217
32,256,32,16,28.4593
32,256,32,32,28.4053
32,256,32,64,28.2877
32,256,32,128,28.6617
32,256,32,256,33.194
32,256,32,512,38.336
32,256,32,1024,48.6727
32,256,32,2048,67.008
32,256,32,4096,104.245
32,256,32,8192,178.688
32,256,32,16384,325.569
32,256,32,32768,613.872
32,256,32,65536,1192.37
32,256,64,16,32.2993
32,256,64,32,32.0213
32,256,64,64,32.373
32,256,64,128,33.1097
32,256,64,256,40.7353
32,256,64,512,51.4023
32,256,64,1024,71.595
32,256,64,2048,108.053
32,256,64,4096,181.205
32,256,64,8192,327.221
32,256,64,16384,623.894
32,256,64,32768,1207.38
32,256,64,65536,2368.22
32,256,128,16,39.6267
32,256,128,32,39.4873
32,256,128,64,39.6157
32,256,128,128,40.3303
32,256,128,256,53.6847
32,256,128,512,73.5247
32,256,128,1024,109.163
32,256,128,2048,181.215
32,256,128,4096,323.595
32,256,128,8192,615.553
32,256,128,16384,1189.62
32,256,128,32768,2326.54
32,256,128,65536,4612.21
32,512,0,0,19.0297
32,512,1,16,25.1203
32,512,1,32,25.0673
32,512,1,64,25.302
32,512,1,128,25.3223
32,512,1,256,25.514
32,512,1,512,26.1967
32,512,1,1024,26.24
32,512,1,2048,26.5283
32,512,1,4096,27.4677
32,512,1,8192,33.2163
32,512,1,16384,38.4633
32,512,1,32768,48
32,512,1,65536,65.9413
32,512,2,16,28.48
32,512,2,32,28.245
32,512,2,64,28.4693
32,512,2,128,28.3727
32,512,2,256,28.5343
32,512,2,512,29.4827
32,512,2,1024,29.6953
32,512,2,2048,30.293
32,512,2,4096,35.6167
32,512,2,8192,40.1387
32,512,2,16384,50.0573
32,512,2,32768,67.9883
32,512,2,65536,103.382
32,512,4,16,28.2137
32,512,4,32,28.6933
32,512,4,64,28.5867
32,512,4,128,28.5547
32,512,4,256,28.5007
32,512,4,512,29.771
32,512,4,1024,30.6767
32,512,4,2048,33.569
32,512,4,4096,38.144
32,512,4,8192,47.6367
32,512,4,16384,65.824
32,512,4,32768,102.283
32,512,4,65536,174.05
32,512,8,16,29.0987
32,512,8,32,28.8633
32,512,8,64,29.1407
32,512,8,128,29.0983
32,512,8,256,29.5247
32,512,8,512,31.1043
32,512,8,1024,33.642
32,512,8,2048,38.7627
32,512,8,4096,48.3307
32,512,8,8192,66.8167
32,512,8,16384,102.922
32,512,8,32768,174.742
32,512,8,65536,317.804
32,512,16,16,28.8003
32,512,16,32,28.8313
32,512,16,64,28.9503
32,512,16,128,29.227
32,512,16,256,31.2207
32,512,16,512,34.23
32,512,16,1024,39.1683
32,512,16,2048,48.8217
32,512,16,4096,67.5523
32,512,16,8192,104.159
32,512,16,16384,176.662
32,512,16,32768,320.546
32,512,16,65536,606.521
32,512,32,16,31.2427
32,512,32,32,31.2957
32,512,32,64,31.242
32,512,32,128,31.7233
32,512,32,256,36.299
32,512,32,512,41.2807
32,512,32,1024,52.0757
32,512,32,2048,70.2827
32,512,32,4096,107.254
32,512,32,8192,181.451
32,512,32,16384,327.713
32,512,32,32768,618.713
32,512,32,65536,1193.75
32,512,64,16,35.3493
32,512,64,32,35.221
32,512,64,64,35.4447
32,512,64,128,36.426
32,512,64,256,43.648
32,512,64,512,54.8587
32,512,64,1024,74.8263
32,512,64,2048,110.539
32,512,64,4096,184.502
32,512,64,8192,327.883
32,512,64,16384,627.596
32,512,64,32768,1203.99
32,512,64,65536,2366.48
32,512,128,16,42.667
32,512,128,32,42.3997
32,512,128,64,42.7113
32,512,128,128,43.328
32,512,128,256,56.4693
32,512,128,512,76.6507
32,512,128,1024,112.288
32,512,128,2048,184.331
32,512,128,4096,326.561
32,512,128,8192,613.251
32,512,128,16384,1187.8
32,512,128,32768,2327.66
32,512,128,65536,4612.66
32,1024,0,0,24.9167
32,1024,1,16,31.0083
32,1024,1,32,31.1143
32,1024,1,64,31.008
32,1024,1,128,31.1253
32,1024,1,256,31.115
32,1024,1,512,31.3813
32,1024,1,1024,32.458
32,1024,1,2048,32.9167
32,1024,1,4096,33.3223
32,1024,1,8192,39.3287
32,1024,1,16384,45.109
32,1024,1,32768,54.166
32,1024,1,65536,71.7757
32,1024,2,16,34.4533
32,1024,2,32,34.1553
32,1024,2,64,34.6447
32,1024,2,128,34.1543
32,1024,2,256,34.411
32,1024,2,512,34.3363
32,1024,2,1024,35.7767
32,1024,2,2048,36.5973
32,1024,2,4096,41.557
32,1024,2,8192,46.4
32,1024,2,16384,55.7223
32,1024,2,32768,74.0917
32,1024,2,65536,110.039
32,1024,4,16,34.549
32,1024,4,32,34.7413
32,1024,4,64,34.8377
32,1024,4,128,34.6987
32,1024,4,256,34.6773
32,1024,4,512,35.0413
32,1024,4,1024,36.7153
32,1024,4,2048,39.979
32,1024,4,4096,44.662
32,1024,4,8192,53.8133
32,1024,4,16384,71.989
32,1024,4,32768,108.15
32,1024,4,65536,180.235
32,1024,8,16,35.1693
32,1024,8,32,34.9123
32,1024,8,64,35.2427
32,1024,8,128,35.2
32,1024,8,256,35.755
32,1024,8,512,37.002
32,1024,8,1024,40.0107
32,1024,8,2048,44.619
32,1024,8,4096,54.2617
32,1024,8,8192,72.7463
32,1024,8,16384,109.322
32,1024,8,32768,180.886
32,1024,8,65536,325.826
32,1024,16,16,34.667
32,1024,16,32,34.9973
32,1024,16,64,34.8803
32,1024,16,128,35.243
32,1024,16,256,37.1637
32,1024,16,512,40.437
32,1024,16,1024,45.5243
32,1024,16,2048,55.1357
32,1024,16,4096,73.8777
32,1024,16,8192,110.581
32,1024,16,16384,182.273
32,1024,16,32768,325.911
32,1024,16,65536,612.377
32,1024,32,16,37.408
32,1024,32,32,37.6317
32,1024,32,64,37.1843
32,1024,32,128,37.9093
32,1024,32,256,42.379
32,1024,32,512,47.1257
32,1024,32,1024,57.664
32,1024,32,2048,75.691
32,1024,32,4096,113.014
32,1024,32,8192,187.179
32,1024,32,16384,333.931
32,1024,32,32768,624.27
32,1024,32,65536,1199.13
32,1024,64,16,41.6647
32,1024,64,32,41.61
32,1024,64,64,41.4933
32,1024,64,128,42.5177
32,1024,64,256,49.963
32,1024,64,512,60.3943
32,1024,64,1024,81.1303
32,1024,64,2048,116.619
32,1024,64,4096,190.037
32,1024,64,8192,335.52
32,1024,64,16384,625.847
32,1024,64,32768,1211.68
32,1024,64,65536,2375.77
32,1024,128,16,49.0773
32,1024,128,32,48.8637
32,1024,128,64,49.014
32,1024,128,128,49.3763
32,1024,128,256,62.432
32,1024,128,512,82.625
32,1024,128,1024,118.475
32,1024,128,2048,190.348
32,1024,128,4096,332.694
32,1024,128,8192,620.908
32,1024,128,16384,1195.93
32,1024,128,32768,2335.47
32,1024,128,65536,4618.47
32,2048,0,0,37.2907
32,2048,1,16,43.1573
32,2048,1,32,43.0603
32,2048,1,64,43.36
32,2048,1,128,43.254
32,2048,1,256,43.2853
32,2048,1,512,43.3283
32,2048,1,1024,43.649
32,2048,1,2048,44.7367
32,2048,1,4096,45.792
32,2048,1,8192,51.9363
32,2048,1,16384,56.9603
32,2048,1,32768,66.0593
32,2048,1,65536,83.8827
32,2048,2,16,46.6667
32,2048,2,32,46.251
32,2048,2,64,46.838
32,2048,2,128,46.401
32,2048,2,256,46.7203
32,2048,2,512,46.624
32,2048,2,1024,47.3927
32,2048,2,2048,48.523
32,2048,2,4096,53.2697
32,2048,2,8192,58.5183
32,2048,2,16384,67.893
32,2048,2,32768,85.76
32,2048,2,65536,121.729
32,2048,4,16,46.9657
32,2048,4,32,47.3927
32,2048,4,64,47.2747
32,2048,4,128,47.392
32,2048,4,256,47.659
32,2048,4,512,48.0647
32,2048,4,1024,49.408
32,2048,4,2048,51.7653
32,2048,4,4096,56.3943
32,2048,4,8192,65.995
32,2048,4,16384,83.84
32,2048,4,32768,120.652
32,2048,4,65536,191.862
32,2048,8,16,47.307
32,2048,8,32,47.146
32,2048,8,64,47.4453
32,2048,8,128,47.5417
32,2048,8,256,47.7013
32,2048,8,512,49.5783
32,2048,8,1024,51.7017
32,2048,8,2048,56.9067
32,2048,8,4096,66.304
32,2048,8,8192,85.228
32,2048,8,16384,122.475
32,2048,8,32768,193.825
32,2048,8,65536,336.258
32,2048,16,16,47.1467
32,2048,16,32,47.35
32,2048,16,64,47.2
32,2048,16,128,47.6377
32,2048,16,256,49.622
32,2048,16,512,52.7247
32,2048,16,1024,57.696
32,2048,16,2048,67.328
32,2048,16,4096,86.0163
32,2048,16,8192,122.592
32,2048,16,16384,195.127
32,2048,16,32768,337.559
32,2048,16,65536,623.993
32,2048,32,16,49.9833
32,2048,32,32,49.792
32,2048,32,64,49.6753
32,2048,32,128,50.282
32,2048,32,256,54.709
32,2048,32,512,59.499
32,2048,32,1024,69.888
32,2048,32,2048,88.4593
32,2048,32,4096,124.587
32,2048,32,8192,197.835
32,2048,32,16384,344.556
32,2048,32,32768,634.703
32,2048,32,65536,1212.75
32,2048,64,16,53.9197
32,2048,64,32,53.7713
32,2048,64,64,53.76
32,2048,64,128,54.752
32,2048,64,256,61.941
32,2048,64,512,72.7043
32,2048,64,1024,92.2663
32,2048,64,2048,128.426
32,2048,64,4096,202.209
32,2048,64,8192,348.053
32,2048,64,16384,644.534
32,2048,64,32768,1220.06
32,2048,64,65536,2388.55
32,2048,128,16,61.493
32,2048,128,32,61.376
32,2048,128,64,61.1957
32,2048,128,128,61.9413
32,2048,128,256,75.115
32,2048,128,512,94.0493
32,2048,128,1024,130.922
32,2048,128,2048,202.539
32,2048,128,4096,345.409
32,2048,128,8192,633.569
32,2048,128,16384,1217.61
32,2048,128,32768,2346.36
32,2048,128,65536,4635.44
32,4096,0,0,61.461
32,4096,1,16,67.7763
32,4096,1,32,67.8193
32,4096,1,64,67.6907
32,4096,1,128,67.9467
32,4096,1,256,67.221
32,4096,1,512,67.9783
32,4096,1,1024,67.6277
32,4096,1,2048,68.2247
32,4096,1,4096,69.504
32,4096,1,8192,75.595
32,4096,1,16384,80.5657
32,4096,1,32768,90.4223
32,4096,1,65536,108.63
32,4096,2,16,71.989
32,4096,2,32,71.9573
32,4096,2,64,72.0527
32,4096,2,128,71.9673
32,4096,2,256,72.3623
32,4096,2,512,72.6297
32,4096,2,1024,73.088
32,4096,2,2048,75.2647
32,4096,2,4096,78.0477
32,4096,2,8192,82.6017
32,4096,2,16384,92.2133
32,4096,2,32768,110.102
32,4096,2,65536,146.305
32,4096,4,16,71.478
32,4096,4,32,71.35
32,4096,4,64,71.434
32,4096,4,128,71.158
32,4096,4,256,71.2433
32,4096,4,512,71.8397
32,4096,4,1024,73.2157
32,4096,4,2048,75.616
32,4096,4,4096,80.5227
32,4096,4,8192,89.6
32,4096,4,16384,108.065
32,4096,4,32768,144.908
32,4096,4,65536,217.057
32,4096,8,16,71.541
32,4096,8,32,71.563
32,4096,8,64,71.466
32,4096,8,128,71.5307
32,4096,8,256,71.9567
32,4096,8,512,73.9093
32,4096,8,1024,76.0853
32,4096,8,2048,81.109
32,4096,8,4096,90.6457
32,4096,8,8192,109.259
32,4096,8,16384,145.557
32,4096,8,32768,217.111
32,4096,8,65536,361.816
32,4096,16,16,71.455
32,4096,16,32,71.5527
32,4096,16,64,71.6587
32,4096,16,128,72.1813
32,4096,16,256,73.9843
32,4096,16,512,76.2987
32,4096,16,1024,81.6107
32,4096,16,2048,90.8917
32,4096,16,4096,110.027
32,4096,16,8192,146.667
32,4096,16,16384,218.795
32,4096,16,32768,361.73
32,4096,16,65536,647.94
32,4096,32,16,74.0693
32,4096,32,32,74.006
32,4096,32,64,73.9307
32,4096,32,128,73.974
32,4096,32,256,78.187
32,4096,32,512,83.414
32,4096,32,1024,93.5573
32,4096,32,2048,112.576
32,4096,32,4096,149.109
32,4096,32,8192,222.421
32,4096,32,16384,368.171
32,4096,32,32768,660.079
32,4096,32,65536,1236.4
32,4096,64,16,78.3253
32,4096,64,32,78.7513
32,4096,64,64,78.517
32,4096,64,128,78.2823
32,4096,64,256,85.7393
32,4096,64,512,96.629
32,4096,64,1024,116.235
32,4096,64,2048,152.8
32,4096,64,4096,225.418
32,4096,64,8192,371.617
32,4096,64,16384,662.264
32,4096,64,32768,1246.94
32,4096,64,65536,2429.97
32,4096,128,16,85.6537
32,4096,128,32,86.0057
32,4096,128,64,85.6003
32,4096,128,128,86.6133
32,4096,128,256,98.9663
32,4096,128,512,118.453
32,4096,128,1024,154.049
32,4096,128,2048,226.197
32,4096,128,4096,369.206
32,4096,128,8192,656.855
32,4096,128,16384,1228.06
32,4096,128,32768,2370.9
32,4096,128,65536,4654.78
32,8192,0,0,109.184
32,8192,1,16,120.864
32,8192,1,32,120.705
32,8192,1,64,120.705
32,8192,1,128,119.254
32,8192,1,256,120.992
32,8192,1,512,121.301
32,8192,1,1024,121.697
32,8192,1,2048,122.699
32,8192,1,4096,124.576
32,8192,1,8192,127.404
32,8192,1,16384,131.104
32,8192,1,32768,138.572
32,8192,1,65536,159.756
32,8192,2,16,120.298
32,8192,2,32,120.341
32,8192,2,64,120.257
32,8192,2,128,120.288
32,8192,2,256,120.502
32,8192,2,512,120.757
32,8192,2,1024,121.728
32,8192,2,2048,123.531
32,8192,2,4096,125.557
32,8192,2,8192,131.296
32,8192,2,16384,140.149
32,8192,2,32768,159.498
32,8192,2,65536,195.714
32,8192,4,16,119.786
32,8192,4,32,120.171
32,8192,4,64,119.787
32,8192,4,128,119.585
32,8192,4,256,120.235
32,8192,4,512,120.597
32,8192,4,1024,121.868
32,8192,4,2048,124.042
32,8192,4,4096,128.907
32,8192,4,8192,137.878
32,8192,4,16384,156.586
32,8192,4,32768,194.433
32,8192,4,65536,266.251
32,8192,8,16,119.98
32,8192,8,32,119.957
32,8192,8,64,120.139
32,8192,8,128,120.033
32,8192,8,256,120.192
32,8192,8,512,121.526
32,8192,8,1024,124.053
32,8192,8,2048,129.034
32,8192,8,4096,138.637
32,8192,8,8192,158.144
32,8192,8,16384,193.088
32,8192,8,32768,266.295
32,8192,8,65536,411.075
32,8192,16,16,119.969
32,8192,16,32,119.937
32,8192,16,64,119.573
32,8192,16,128,120.684
32,8192,16,256,122.762
32,8192,16,512,124.939
32,8192,16,1024,129.493
32,8192,16,2048,139.84
32,8192,16,4096,157.877
32,8192,16,8192,195.051
32,8192,16,16384,266.997
32,8192,16,32768,411.289
32,8192,16,65536,696.238
32,8192,32,16,122.923
32,8192,32,32,122.774
32,8192,32,64,122.571
32,8192,32,128,122.486
32,8192,32,256,127.477
32,8192,32,512,131.766
32,8192,32,1024,141.707
32,8192,32,2048,160.844
32,8192,32,4096,197.408
32,8192,32,8192,270.859
32,8192,32,16384,417.429
32,8192,32,32768,710.639
32,8192,32,65536,1286.88
32,8192,64,16,126.688
32,8192,64,32,126.56
32,8192,64,64,126.997
32,8192,64,128,126.87
32,8192,64,256,134.229
32,8192,64,512,144.288
32,8192,64,1024,163.018
32,8192,64,2048,199.626
32,8192,64,4096,273.686
32,8192,64,8192,421.483
32,8192,64,16384,710.699
32,8192,64,32768,1297.22
32,8192,64,65536,2470.39
32,8192,128,16,134.667
32,8192,128,32,134.56
32,8192,128,64,134.453
32,8192,128,128,134.208
32,8192,128,256,146.283
32,8192,128,512,165.633
32,8192,128,1024,201.323
32,8192,128,2048,274.133
32,8192,128,4096,416.757
32,8192,128,8192,704.566
32,8192,128,16384,1279.44
32,8192,128,32768,2419.3
32,8192,128,65536,4700.98
32,16384,0,0,206.038
32,16384,1,16,219.093
32,16384,1,32,218.848
32,16384,1,64,219.435
32,16384,1,128,218.229
32,16384,1,256,218.87
32,16384,1,512,218.592
32,16384,1,1024,219.85
32,16384,1,2048,221.429
32,16384,1,4096,223.276
32,16384,1,8192,225.546
32,16384,1,16384,229.666
32,16384,1,32768,239.361
32,16384,1,65536,258.668
32,16384,2,16,216.886
32,16384,2,32,217.302
32,16384,2,64,217.366
32,16384,2,128,216.79
32,16384,2,256,216.886
32,16384,2,512,218.133
32,16384,2,1024,218.806
32,16384,2,2048,220.033
32,16384,2,4096,222.924
32,16384,2,8192,227.02
32,16384,2,16384,237.324
32,16384,2,32768,257.111
32,16384,2,65536,292.845
32,16384,4,16,216.854
32,16384,4,32,217.184
32,16384,4,64,216.16
32,16384,4,128,217.163
32,16384,4,256,217.068
32,16384,4,512,216.832
32,16384,4,1024,218.635
32,16384,4,2048,220.758
32,16384,4,4096,224.842
32,16384,4,8192,235.158
32,16384,4,16384,253.078
32,16384,4,32768,292.321
32,16384,4,65536,363.831
32,16384,8,16,217.014
32,16384,8,32,216.928
32,16384,8,64,217.793
32,16384,8,128,217.035
32,16384,8,256,218.048
32,16384,8,512,218.785
32,16384,8,1024,220.726
32,16384,8,2048,226.059
32,16384,8,4096,236.076
32,16384,8,8192,254.581
32,16384,8,16384,290.154
32,16384,8,32768,365.111
32,16384,8,65536,509.038
32,16384,16,16,217.163
32,16384,16,32,217.205
32,16384,16,64,217.58
32,16384,16,128,217.974
32,16384,16,256,219.595
32,16384,16,512,222.464
32,16384,16,1024,227.36
32,16384,16,2048,237.003
32,16384,16,4096,255.095
32,16384,16,8192,291.487
32,16384,16,16384,364.513
32,16384,16,32768,509.55
32,16384,16,65536,793.733
32,16384,32,16,220.066
32,16384,32,32,220.458
32,16384,32,64,220.193
32,16384,32,128,219.703
32,16384,32,256,224.471
32,16384,32,512,228.416
32,16384,32,1024,238.316
32,16384,32,2048,256.789
32,16384,32,4096,294.657
32,16384,32,8192,366.529
32,16384,32,16384,515.456
32,16384,32,32768,806.64
32,16384,32,65536,1382.74
32,16384,64,16,224.523
32,16384,64,32,225.237
32,16384,64,64,224.321
32,16384,64,128,224.342
32,16384,64,256,230.528
32,16384,64,512,241.26
32,16384,64,1024,259.03
32,16384,64,2048,296.587
32,16384,64,4096,369.942
32,16384,64,8192,514.219
32,16384,64,16384,806.497
32,16384,64,32768,1392.75
32,16384,64,65536,2552.51
32,16384,128,16,232.437
32,16384,128,32,232.181
32,16384,128,64,231.99
32,16384,128,128,232
32,16384,128,256,242.699
32,16384,128,512,260.853
32,16384,128,1024,296.609
32,16384,128,2048,368.748
32,16384,128,4096,511.254
32,16384,128,8192,798.956
32,16384,128,16384,1367.49
32,16384,128,32768,2515.01
32,16384,128,65536,4799.14
32,32768,0,0,399.085
32,32768,1,16,411.971
32,32768,1,32,412.579
32,32768,1,64,413.454
32,32768,1,128,412.696
32,32768,1,256,412.408
32,32768,1,512,413.07
32,32768,1,1024,413.635
32,32768,1,2048,414.114
32,32768,1,4096,416.728
32,32768,1,8192,418.734
32,32768,1,16384,422.105
32,32768,1,32768,430.957
32,32768,1,65536,450.424
32,32768,2,16,410.338
32,32768,2,32,410.776
32,32768,2,64,410.478
32,32768,2,128,410.722
32,32768,2,256,411.32
32,32768,2,512,411.137
32,32768,2,1024,411.244
32,32768,2,2048,415.043
32,32768,2,4096,416.985
32,32768,2,8192,420.685
32,32768,2,16384,430.915
32,32768,2,32768,448.632
32,32768,2,65536,485.507
32,32768,4,16,411.385
32,32768,4,32,409.763
32,32768,4,64,409.998
32,32768,4,128,411.159
32,32768,4,256,411.47
32,32768,4,512,410.798
32,32768,4,1024,412.45
32,32768,4,2048,414.936
32,32768,4,4096,418.658
32,32768,4,8192,428.217
32,32768,4,16384,446.369
32,32768,4,32768,482.904
32,32768,4,65536,555.471
32,32768,8,16,410.968
32,32768,8,32,410.722
32,32768,8,64,411.384
32,32768,8,128,410.67
32,32768,8,256,410.542
32,32768,8,512,412.612
32,32768,8,1024,414.403
32,32768,8,2048,418.702
32,32768,8,4096,428.515
32,32768,8,8192,447.15
32,32768,8,16384,483.385
32,32768,8,32768,555.065
32,32768,8,65536,697.595
32,32768,16,16,409.4
32,32768,16,32,410.99
32,32768,16,64,410.435
32,32768,16,128,410.787
32,32768,16,256,412.632
32,32768,16,512,414.295
32,32768,16,1024,420.75
32,32768,16,2048,428.579
32,32768,16,4096,446.615
32,32768,16,8192,482.98
32,32768,16,16384,555.373
32,32768,16,32768,696.965
32,32768,16,65536,986.012
32,32768,32,16,413.517
32,32768,32,32,414.295
32,32768,32,64,412.92
32,32768,32,128,413.826
32,32768,32,256,418.637
32,32768,32,512,421.614
32,32768,32,1024,431.267
32,32768,32,2048,450.115
32,32768,32,4096,485.571
32,32768,32,8192,557.699
32,32768,32,16384,701.915
32,32768,32,32768,994.396
32,32768,32,65536,1569.81
32,32768,64,16,418.146
32,32768,64,32,417.581
32,32768,64,64,417.998
32,32768,64,128,418.648
32,32768,64,256,423.554
32,32768,64,512,434.34
32,32768,64,1024,452.248
32,32768,64,2048,489.22
32,32768,64,4096,561.86
32,32768,64,8192,705.359
32,32768,64,16384,997.522
32,32768,64,32768,1592.75
32,32768,64,65536,2742.68
32,32768,128,16,424.621
32,32768,128,32,426.456
32,32768,128,64,424.696
32,32768,128,128,425.112
32,32768,128,256,435.287
32,32768,128,512,452.259
32,32768,128,1024,487.619
32,32768,128,2048,560.238
32,32768,128,4096,703.898
32,32768,128,8192,986.866
32,32768,128,16384,1557.26
32,32768,128,32768,2701.21
32,32768,128,65536,4990.46
32,65536,0,0,780.187
32,65536,1,16,793.285
32,65536,1,32,794.373
32,65536,1,64,794.278
32,65536,1,128,793.755
32,65536,1,256,792.614
32,65536,1,512,793.903
32,65536,1,1024,794.715
32,65536,1,2048,795.066
32,65536,1,4096,796.644
32,65536,1,8192,799.814
32,65536,1,16384,804.85
32,65536,1,32768,813.385
32,65536,1,65536,830.747
32,65536,2,16,793.701
32,65536,2,32,793.605
32,65536,2,64,792.485
32,65536,2,128,792.945
32,65536,2,256,792.732
32,65536,2,512,792.485
32,65536,2,1024,793.126
32,65536,2,2048,795.931
32,65536,2,4096,798.331
32,65536,2,8192,802.929
32,65536,2,16384,812.133
32,65536,2,32768,828.37
32,65536,2,65536,867.366
32,65536,4,16,793.253
32,65536,4,32,791.856
32,65536,4,64,792.73
32,65536,4,128,791.642
32,65536,4,256,792.325
32,65536,4,512,793.105
32,65536,4,1024,792.73
32,65536,4,2048,796.462
32,65536,4,4096,800.915
32,65536,4,8192,810.118
32,65536,4,16384,828.719
32,65536,4,32768,864.517
32,65536,4,65536,936.328
32,65536,8,16,793.287
32,65536,8,32,793.958
32,65536,8,64,793.125
32,65536,8,128,792.635
32,65536,8,256,793.062
32,65536,8,512,794.803
32,65536,8,1024,794.095
32,65536,8,2048,798.833
32,65536,8,4096,810.116
32,65536,8,8192,827.728
32,65536,8,16384,865.563
32,65536,8,32768,934.972
32,65536,8,65536,1079.33
32,65536,16,16,793.968
32,65536,16,32,792.144
32,65536,16,64,791.877
32,65536,16,128,791.504
32,65536,16,256,794.47
32,65536,16,512,796.186
32,65536,16,1024,801.797
32,65536,16,2048,810.311
32,65536,16,4096,829.265
32,65536,16,8192,864.283
32,65536,16,16384,936.017
32,65536,16,32768,1081.15
32,65536,16,65536,1367.64
32,65536,32,16,795.951
32,65536,32,32,794.972
32,65536,32,64,796.304
32,65536,32,128,794.94
32,65536,32,256,799.151
32,65536,32,512,804.517
32,65536,32,1024,811.283
32,65536,32,2048,830.277
32,65536,32,4096,868.155
32,65536,32,8192,939.771
32,65536,32,16384,1084.02
32,65536,32,32768,1372.42
32,65536,32,65536,1944.26
32,65536,64,16,799.631
32,65536,64,32,799.397
32,65536,64,64,799.909
32,65536,64,128,799.719
32,65536,64,256,808.73
32,65536,64,512,815.964
32,65536,64,1024,834.619
32,65536,64,2048,870.524
32,65536,64,4096,944.667
32,65536,64,8192,1089.14
32,65536,64,16384,1377.97
32,65536,64,32768,1961.24
32,65536,64,65536,3123.04
32,65536,128,16,807.023
32,65536,128,32,806.767
32,65536,128,64,808.508
32,65536,128,128,807.664
32,65536,128,256,816.41
32,65536,128,512,834.993
32,65536,128,1024,869.467
32,65536,128,2048,942.247
32,65536,128,4096,1084.45
32,65536,128,8192,1369.34
32,65536,128,16384,1939.53
32,65536,128,32768,3079.81
32,65536,128,65536,5383.06
64,0,0,0,13.322
64,0,1,16,19.0723
64,0,1,32,18.944
64,0,1,64,19.1357
64,0,1,128,19.04
64,0,1,256,20.1497
64,0,1,512,20.7573
64,0,1,1024,20.736
64,0,1,2048,21.013
64,0,1,4096,22.1763
64,0,1,8192,27.7237
64,0,1,16384,33.195
64,0,1,32768,42.699
64,0,1,65536,60.6297
64,0,2,16,21.9943
64,0,2,32,21.8777
64,0,2,64,22.0907
64,0,2,128,22.1237
64,0,2,256,23.2643
64,0,2,512,23.7753
64,0,2,1024,24.0313
64,0,2,2048,24.865
64,0,2,4096,29.7287
64,0,2,8192,34.4527
64,0,2,16384,44.4803
64,0,2,32768,62.8703
64,0,2,65536,98.9223
64,0,4,16,21.9727
64,0,4,32,22.1223
64,0,4,64,22.0593
64,0,4,128,22.2303
64,0,4,256,23.275
64,0,4,512,24.3737
64,0,4,1024,25.228
64,0,4,2048,28.1813
64,0,4,4096,32.9813
64,0,4,8192,42.9233
64,0,4,16384,60.9913
64,0,4,32768,97.0677
64,0,4,65536,170.038
64,0,8,16,22.3903
64,0,8,32,22.2183
64,0,8,64,22.4967
64,0,8,128,22.218
64,0,8,256,23.8073
64,0,8,512,25.7493
64,0,8,1024,28.2133
64,0,8,2048,33.5043
64,0,8,4096,42.9863
64,0,8,8192,61.7283
64,0,8,16384,98.1127
64,0,8,32768,169.729
64,0,8,65536,312.866
64,0,16,16,23.2117
64,0,16,32,23.2967
64,0,16,64,23.339
64,0,16,128,23.712
64,0,16,256,25.664
64,0,16,512,28.768
64,0,16,1024,33.8557
64,0,16,2048,43.5847
64,0,16,4096,62.3037
64,0,16,8192,99.361
64,0,16,16384,171.008
64,0,16,32768,314.454
64,0,16,65536,601.658
64,0,32,16,25.7707
64,0,32,32,25.653
64,0,32,64,25.4067
64,0,32,128,26.1117
64,0,32,256,30.8367
64,0,32,512,36.1483
64,0,32,1024,46.645
64,0,32,2048,65.3233
64,0,32,4096,102.25
64,0,32,8192,175.936
64,0,32,16384,321.675
64,0,32,32768,612.536
64,0,32,65536,1188.03
64,0,64,16,29.696
64,0,64,32,29.5253
64,0,64,64,29.6633
64,0,64,128,30.678
64,0,64,256,38.4537
64,0,64,512,49.067
64,0,64,1024,70.1437
64,0,64,2048,105.643
64,0,64,4096,178.454
64,0,64,8192,323.925
64,0,64,16384,619.393
64,0,64,32768,1197.03
64,0,64,65536,2365.31
64,0,128,16,37.024
64,0,128,32,37.1103
64,0,128,64,36.8533
64,0,128,128,37.312
64,0,128,256,50.3353
64,0,128,512,70.2077
64,0,128,1024,105.845
64,0,128,2048,177.59
64,0,128,4096,321.461
64,0,128,8192,612.14
64,0,128,16384,1182.45
64,0,128,32768,2326.2
64,0,128,65536,4605.53
64,16,0,0,13.5047
64,16,1,16,19.061
64,16,1,32,19.1997
64,16,1,64,19.1473
64,16,1,128,19.1677
64,16,1,256,20.2673
64,16,1,512,20.9493
64,16,1,1024,20.9167
64,16,1,2048,21.238
64,16,1,4096,22.3463
64,16,1,8192,27.6477
64,16,1,16384,33.0247
64,16,1,32768,42.6023
64,16,1,65536,60.4273
64,16,2,16,21.962
64,16,2,32,22.0583
64,16,2,64,21.9097
64,16,2,128,22.1437
64,16,2,256,23.104
64,16,2,512,24.0323
64,16,2,1024,24.01
64,16,2,2048,25.088
64,16,2,4096,29.8347
64,16,2,8192,34.7837
64,16,2,16384,44.427
64,16,2,32768,63.2003
64,16,2,65536,99.276
64,16,4,16,21.9843
64,16,4,32,22.059
64,16,4,64,22.1223
64,16,4,128,22.0277
64,16,4,256,23.2643
64,16,4,512,24.2457
64,16,4,1024,25.4077
64,16,4,2048,28.0967
64,16,4,4096,32.917
64,16,4,8192,42.848
64,16,4,16384,61.3987
64,16,4,32768,97.8993
64,16,4,65536,169.92
64,16,8,16,22.0483
64,16,8,32,22.2933
64,16,8,64,22.1977
64,16,8,128,22.368
64,16,8,256,23.6583
64,16,8,512,25.7493
64,16,8,1024,28.1913
64,16,8,2048,33.269
64,16,8,4096,43.1673
64,16,8,8192,61.6433
64,16,8,16384,97.867
64,16,8,32768,169.921
64,16,8,65536,313.293
64,16,16,16,23.2963
64,16,16,32,23.0833
64,16,16,64,23.3177
64,16,16,128,23.7117
64,16,16,256,25.4823
64,16,16,512,28.768
64,16,16,1024,34.0487
64,16,16,2048,43.701
64,16,16,4096,62.784
64,16,16,8192,98.433
64,16,16,16384,170.432
64,16,16,32768,314.403
64,16,16,65536,601.977
64,16,32,16,25.7063
64,16,32,32,25.7393
64,16,32,64,25.333
64,16,32,128,25.7287
64,16,32,256,30.7623
64,16,32,512,35.9887
64,16,32,1024,46.176
64,16,32,2048,65.804
64,16,32,4096,101.846
64,16,32,8192,177.142
64,16,32,16384,321.334
64,16,32,32768,610.094
64,16,32,65536,1186.76
64,16,64,16,29.505
64,16,64,32,29.642
64,16,64,64,29.7067
64,16,64,128,30.8267
64,16,64,256,38.3253
64,16,64,512,49.5683
64,16,64,1024,69.0243
64,16,64,2048,105.163
64,16,64,4096,178.592
64,16,64,8192,325.313
64,16,64,16384,619.98
64,16,64,32768,1205.88
64,16,64,65536,2363.45
64,16,128,16,36.907
64,16,128,32,37.1943
64,16,128,64,36.842
64,16,128,128,37.269
64,16,128,256,50.3043
64,16,128,512,70.389
64,16,128,1024,105.952
64,16,128,2048,177.664
64,16,128,4096,321.089
64,16,128,8192,608.875
64,16,128,16384,1179.15
64,16,128,32768,2324.16
64,16,128,65536,4602.54
64,32,0,0,13.3227
64,32,1,16,18.891
64,32,1,32,19.0823
64,32,1,64,18.9223
64,32,1,128,19.0817
64,32,1,256,20.1597
64,32,1,512,20.747
64,32,1,1024,20.7787
64,32,1,2048,21.2473
64,32,1,4096,22.1333
64,32,1,8192,27.9143
64,32,1,16384,33.1843
64,32,1,32768,42.827
64,32,1,65536,60.7253
64,32,2,16,22.2507
64,32,2,32,21.973
64,32,2,64,22.2717
64,32,2,128,21.899
64,32,2,256,23.328
64,32,2,512,23.841
64,32,2,1024,24.1497
64,32,2,2048,25.141
64,32,2,4096,29.8773
64,32,2,8192,34.763
64,32,2,16384,44.7677
64,32,2,32768,63.1043
64,32,2,65536,99.3823
64,32,4,16,22.1543
64,32,4,32,22.2187
64,32,4,64,21.92
64,32,4,128,22.3683
64,32,4,256,23.3497
64,32,4,512,24.374
64,32,4,1024,25.206
64,32,4,2048,28.555
64,32,4,4096,32.8963
64,32,4,8192,42.7203
64,32,4,16384,60.9817
64,32,4,32768,97.217
64,32,4,65536,170.145
64,32,8,16,22.3573
64,32,8,32,22.2077
64,32,8,64,22.336
64,32,8,128,22.3467
64,32,8,256,23.978
64,32,8,512,25.75
64,32,8,1024,28.1923
64,32,8,2048,33.4183
64,32,8,4096,42.976
64,32,8,8192,61.8243
64,32,8,16384,97.9407
64,32,8,32768,169.548
64,32,8,65536,313.527
64,32,16,16,23.19
64,32,16,32,23.286
64,32,16,64,23.3077
64,32,16,128,23.7437
64,32,16,256,25.387
64,32,16,512,28.5333
64,32,16,1024,33.8887
64,32,16,2048,43.7863
64,32,16,4096,62.2937
64,32,16,8192,98.6237
64,32,16,16384,170.955
64,32,16,32768,314.466
64,32,16,65536,600.921
64,32,32,16,25.5893
64,32,32,32,25.6003
64,32,32,64,25.5047
64,32,32,128,25.7603
64,32,32,256,30.5167
64,32,32,512,36.0853
64,32,32,1024,46.283
64,32,32,2048,65.6643
64,32,32,4096,101.898
64,32,32,8192,175.371
64,32,32,16384,321.664
64,32,32,32768,610.852
64,32,32,65536,1188.15
64,32,64,16,29.6107
64,32,64,32,29.504
64,32,64,64,29.494
64,32,64,128,30.5703
64,32,64,256,37.9307
64,32,64,512,48.7363
64,32,64,1024,69.076
64,32,64,2048,105.322
64,32,64,4096,178.197
64,32,64,8192,323.499
64,32,64,16384,618.753
64,32,64,32768,1195.18
64,32,64,65536,2362.85
64,32,128,16,37.0987
64,32,128,32,37.0133
64,32,128,64,36.6723
64,32,128,128,37.3447
64,32,128,256,50.474
64,32,128,512,70.0583
64,32,128,1024,105.728
64,32,128,2048,178.56
64,32,128,4096,321.195
64,32,128,8192,609.9
64,32,128,16384,1189.7
64,32,128,32768,2325.55
64,32,128,65536,4605.02
64,64,0,0,13.397
64,64,1,16,19.1997
64,64,1,32,19.093
64,64,1,64,18.9973
64,64,1,128,19.029
64,64,1,256,20.139
64,64,1,512,20.811
64,64,1,1024,20.7783
64,64,1,2048,20.992
64,64,1,4096,21.8667
64,64,1,8192,27.659
64,64,1,16384,33.0237
64,64,1,32768,42.838
64,64,1,65536,60.011
64,64,2,16,21.9737
64,64,2,32,22.123
64,64,2,64,22.0057
64,64,2,128,22.1867
64,64,2,256,23.1777
64,64,2,512,24.1387
64,64,2,1024,24.021
64,64,2,2048,25.045
64,64,2,4096,29.846
64,64,2,8192,34.9013
64,64,2,16384,44.3633
64,64,2,32768,62.7627
64,64,2,65536,98.5703
64,64,4,16,22.091
64,64,4,32,21.866
64,64,4,64,22.1347
64,64,4,128,21.9623
64,64,4,256,23.327
64,64,4,512,24.2777
64,64,4,1024,25.3117
64,64,4,2048,28.0317
64,64,4,4096,32.7153
64,64,4,8192,42.528
64,64,4,16384,61.1087
64,64,4,32768,97.2487
64,64,4,65536,169.953
64,64,8,16,22.1967
64,64,8,32,22.1333
64,64,8,64,22.186
64,64,8,128,22.2943
64,64,8,256,23.808
64,64,8,512,25.696
64,64,8,1024,28.2453
64,64,8,2048,33.2373
64,64,8,4096,43.199
64,64,8,8192,61.663
64,64,8,16384,98.24
64,64,8,32768,169.644
64,64,8,65536,314.786
64,64,16,16,23.2107
64,64,16,32,23.051
64,64,16,64,23.4143
64,64,16,128,23.5733
64,64,16,256,25.568
64,64,16,512,28.4373
64,64,16,1024,34.0053
64,64,16,2048,43.466
64,64,16,4096,62.6137
64,64,16,8192,98.859
64,64,16,16384,172.341
64,64,16,32768,314.21
64,64,16,65536,601.742
64,64,32,16,25.567
64,64,32,32,25.4723
64,64,32,64,25.451
64,64,32,128,25.6967
64,64,32,256,30.6133
64,64,32,512,35.9903
64,64,32,1024,46.592
64,64,32,2048,65.4833
64,64,32,4096,102.037
64,64,32,8192,174.699
64,64,32,16384,320.555
64,64,32,32768,614.361
64,64,32,65536,1189.33
64,64,64,16,29.483
64,64,64,32,29.3443
64,64,64,64,29.5043
64,64,64,128,30.742
64,64,64,256,37.995
64,64,64,512,49.0777
64,64,64,1024,69.3017
64,64,64,2048,105.322
64,64,64,4096,178.326
64,64,64,8192,322.56
64,64,64,16384,618.551
64,64,64,32768,1197.89
64,64,64,65536,2357.81
64,64,128,16,36.8743
64,64,128,32,37.2373
64,64,128,64,37.0143
64,64,128,128,37.2263
64,64,128,256,50.1543
64,64,128,512,70.101
64,64,128,1024,106.079
64,64,128,2048,177.643
64,64,128,4096,320.918
64,64,128,8192,609.025
64,64,128,16384,1178.47
64,64,128,32768,2323.22
64,64,128,65536,4608.35
64,128,0,0,14.7407
64,128,1,16,20.3417
64,128,1,32,20.6403
64,128,1,64,20.5867
64,128,1,128,20.651
64,128,1,256,21.7067
64,128,1,512,22.2183
64,128,1,1024,22.208
64,128,1,2048,22.4853
64,128,1,4096,23.6477
64,128,1,8192,29.2593
64,128,1,16384,34.6453
64,128,1,32768,43.765
64,128,1,65536,62.1553
64,128,2,16,23.946
64,128,2,32,23.6487
64,128,2,64,23.51
64,128,2,128,23.5307
64,128,2,256,24.8523
64,128,2,512,25.3127
64,128,2,1024,25.525
64,128,2,2048,26.2287
64,128,2,4096,31.158
64,128,2,8192,36.246
64,128,2,16384,46.3687
64,128,2,32768,64.3743
64,128,2,65536,100.726
64,128,4,16,23.53
64,128,4,32,23.637
64,128,4,64,23.371
64,128,4,128,23.5847
64,128,4,256,24.7147
64,128,4,512,25.8243
64,128,4,1024,26.7733
64,128,4,2048,29.7173
64,128,4,4096,34.486
64,128,4,8192,44.022
64,128,4,16384,62.6133
64,128,4,32768,98.5713
64,128,4,65536,170.539
64,128,8,16,23.8833
64,128,8,32,23.7233
64,128,8,64,23.7543
64,128,8,128,23.935
64,128,8,256,25.2057
64,128,8,512,27.286
64,128,8,1024,29.803
64,128,8,2048,34.9337
64,128,8,4096,44.3843
64,128,8,8192,63.36
64,128,8,16384,99.5523
64,128,8,32768,170.977
64,128,8,65536,315.565
64,128,16,16,24.576
64,128,16,32,24.6617
64,128,16,64,24.7683
64,128,16,128,25.1093
64,128,16,256,26.902
64,128,16,512,30.1117
64,128,16,1024,35.5097
64,128,16,2048,45.088
64,128,16,4096,64.0103
64,128,16,8192,100.672
64,128,16,16384,172.17
64,128,16,32768,315.885
64,128,16,65536,601.145
64,128,32,16,27.1893
64,128,32,32,26.997
64,128,32,64,26.966
64,128,32,128,27.37
64,128,32,256,32.0633
64,128,32,512,37.4827
64,128,32,1024,48.321
64,128,32,2048,66.9657
64,128,32,4096,103.478
64,128,32,8192,176.971
64,128,32,16384,324.171
64,128,32,32768,614.106
64,128,32,65536,1189.66
64,128,64,16,31.0193
64,128,64,32,31.0407
64,128,64,64,31.0077
64,128,64,128,32.0537
64,128,64,256,39.349
64,128,64,512,50.6033
64,128,64,1024,70.432
64,128,64,2048,106.794
64,128,64,4096,180.225
64,128,64,8192,324.929
64,128,64,16384,618.86
64,128,64,32768,1199.5
64,128,64,65536,2368.3
64,128,128,16,38.5287
64,128,128,32,38.2513
64,128,128,64,38.5493
64,128,128,128,39.0607
64,128,128,256,51.8283
64,128,128,512,71.2533
64,128,128,1024,107.393
64,128,128,2048,179.499
64,128,128,4096,322.389
64,128,128,8192,610.508
64,128,128,16384,1183.86
64,128,128,32768,2323.45
64,128,128,65536,4608.56
64,256,0,0,16.448
64,256,1,16,21.8347
64,256,1,32,22.1447
64,256,1,64,21.984
64,256,1,128,22.0697
64,256,1,256,23.0407
64,256,1,512,23.8927
64,256,1,1024,23.7333
64,256,1,2048,24.128
64,256,1,4096,25.0557
64,256,1,8192,30.6663
64,256,1,16384,36.0743
64,256,1,32768,45.26
64,256,1,65536,63.4343
64,256,2,16,24.8007
64,256,2,32,25.067
64,256,2,64,25.0457
64,256,2,128,25.0767
64,256,2,256,26.026
64,256,2,512,26.9653
64,256,2,1024,26.9007
64,256,2,2048,27.9353
64,256,2,4096,32.7993
64,256,2,8192,37.6317
64,256,2,16384,47.3073
64,256,2,32768,65.899
64,256,2,65536,101.494
64,256,4,16,25.045
64,256,4,32,25.2373
64,256,4,64,25.077
64,256,4,128,24.8633
64,256,4,256,26.1227
64,256,4,512,27.232
64,256,4,1024,28.1067
64,256,4,2048,31.2637
64,256,4,4096,36.0963
64,256,4,8192,45.568
64,256,4,16384,63.819
64,256,4,32768,100.482
64,256,4,65536,172.865
64,256,8,16,25.312
64,256,8,32,25.088
64,256,8,64,25.152
64,256,8,128,25.5037
64,256,8,256,26.7417
64,256,8,512,28.587
64,256,8,1024,31.3283
64,256,8,2048,36.1597
64,256,8,4096,45.941
64,256,8,8192,64.4063
64,256,8,16384,100.907
64,256,8,32768,172.587
64,256,8,65536,317.197
64,256,16,16,26.1123
64,256,16,32,26.123
64,256,16,64,26.197
64,256,16,128,26.5277
64,256,16,256,28.512
64,256,16,512,31.6687
64,256,16,1024,36.7783
64,256,16,2048,46.3357
64,256,16,4096,65.717
64,256,16,8192,101.654
64,256,16,16384,173.824
64,256,16,32768,317.986
64,256,16,65536,603.439
64,256,32,16,28.725
64,256,32,32,28.6503
64,256,32,64,28.288
64,256,32,128,28.7573
64,256,32,256,33.6847
64,256,32,512,38.7193
64,256,32,1024,49.568
64,256,32,2048,68.0857
64,256,32,4096,104.693
64,256,32,8192,179.243
64,256,32,16384,323.649
64,256,32,32768,616.165
64,256,32,65536,1198.22
64,256,64,16,32.416
64,256,64,32,32.619
64,256,64,64,32.555
64,256,64,128,33.525
64,256,64,256,40.6397
64,256,64,512,52.043
64,256,64,1024,72.1173
64,256,64,2048,108.352
64,256,64,4096,180.885
64,256,64,8192,327.296
64,256,64,16384,625.292
64,256,64,32768,1199.12
64,256,64,65536,2363.65
64,256,128,16,40.2027
64,256,128,32,40.1917
64,256,128,64,39.817
64,256,128,128,40.2883
64,256,128,256,53.4617
64,256,128,512,72.8003
64,256,128,1024,108.896
64,256,128,2048,181.163
64,256,128,4096,323.372
64,256,128,8192,609.452
64,256,128,16384,1190.85
64,256,128,32768,2325.33
64,256,128,65536,4617.71
64,512,0,0,19.2423
64,512,1,16,25.4833
64,512,1,32,25.344
64,512,1,64,25.3117
64,512,1,128,25.856
64,512,1,256,25.546
64,512,1,512,26.7407
64,512,1,1024,26.528
64,512,1,2048,26.933
64,512,1,4096,27.9147
64,512,1,8192,33.8877
64,512,1,16384,39.0183
64,512,1,32768,48.3413
64,512,1,65536,66.3583
64,512,2,16,28.725
64,512,2,32,28.4583
64,512,2,64,28.9283
64,512,2,128,28.7787
64,512,2,256,28.8323
64,512,2,512,29.8027
64,512,2,1024,29.877
64,512,2,2048,30.8057
64,512,2,4096,36.0007
64,512,2,8192,40.5657
64,512,2,16384,50.7943
64,512,2,32768,69.206
64,512,2,65536,104.941
64,512,4,16,29.0453
64,512,4,32,29.0237
64,512,4,64,28.8213
64,512,4,128,28.9817
64,512,4,256,28.9603
64,512,4,512,30.3467
64,512,4,1024,31.307
64,512,4,2048,33.9193
64,512,4,4096,38.5387
64,512,4,8192,48.6507
64,512,4,16384,66.89
64,512,4,32768,103.021
64,512,4,65536,175.179
64,512,8,16,29.5357
64,512,8,32,29.4607
64,512,8,64,29.6533
64,512,8,128,30.048
64,512,8,256,29.8993
64,512,8,512,31.766
64,512,8,1024,34.166
64,512,8,2048,39.4143
64,512,8,4096,49.0557
64,512,8,8192,67.8303
64,512,8,16384,104.245
64,512,8,32768,175.99
64,512,8,65536,319.191
64,512,16,16,29.1203
64,512,16,32,29.365
64,512,16,64,29.28
64,512,16,128,29.8453
64,512,16,256,31.3173
64,512,16,512,34.6023
64,512,16,1024,39.765
64,512,16,2048,49.5997
64,512,16,4096,68.086
64,512,16,8192,104.778
64,512,16,16384,176.854
64,512,16,32768,320.12
64,512,16,65536,607.738
64,512,32,16,31.6473
64,512,32,32,31.541
64,512,32,64,31.4883
64,512,32,128,31.6913
64,512,32,256,36.757
64,512,32,512,42.0597
64,512,32,1024,52.2563
64,512,32,2048,70.955
64,512,32,4096,108
64,512,32,8192,181.74
64,512,32,16384,327.254
64,512,32,32768,617.871
64,512,32,65536,1197.45
64,512,64,16,35.5637
64,512,64,32,35.5517
64,512,64,64,35.521
64,512,64,128,36.3407
64,512,64,256,43.8827
64,512,64,512,55.0613
64,512,64,1024,74.881
64,512,64,2048,111.019
64,512,64,4096,183.947
64,512,64,8192,330.381
64,512,64,16384,622.657
64,512,64,32768,1205.5
64,512,64,65536,2366.87
64,512,128,16,43.2417
64,512,128,32,42.8587
64,512,128,64,42.763
64,512,128,128,43.6043
64,512,128,256,55.904
64,512,128,512,76.3417
64,512,128,1024,112.107
64,512,128,2048,184.875
64,512,128,4096,327.063
64,512,128,8192,615.521
64,512,128,16384,1189.6
64,512,128,32768,2330.3
64,512,128,65536,4611.02
64,1024,0,0,25.6103
64,1024,1,16,31.2947
64,1024,1,32,31.3173
64,1024,1,64,31.4143
64,1024,1,128,31.6163
64,1024,1,256,31.4337
64,1024,1,512,31.5633
64,1024,1,1024,32.779
64,1024,1,2048,33.0137
64,1024,1,4096,34.1447
64,1024,1,8192,39.6257
64,1024,1,16384,45.515
64,1024,1,32768,54.3683
64,1024,1,65536,72.7577
64,1024,2,16,34.7097
64,1024,2,32,34.5703
64,1024,2,64,34.677
64,1024,2,128,34.7193
64,1024,2,256,34.7303
64,1024,2,512,34.9653
64,1024,2,1024,35.8083
64,1024,2,2048,37.0773
64,1024,2,4096,41.718
64,1024,2,8192,46.72
64,1024,2,16384,56.5233
64,1024,2,32768,74.8167
64,1024,2,65536,110.539
64,1024,4,16,35.0087
64,1024,4,32,35.296
64,1024,4,64,35.3597
64,1024,4,128,35.222
64,1024,4,256,35.3823
64,1024,4,512,35.701
64,1024,4,1024,37.1733
64,1024,4,2048,40.0323
64,1024,4,4096,44.917
64,1024,4,8192,54.4
64,1024,4,16384,72.7887
64,1024,4,32768,109.6
64,1024,4,65536,182.38
64,1024,8,16,35.4133
64,1024,8,32,35.9243
64,1024,8,64,35.925
64,1024,8,128,36.0113
64,1024,8,256,35.999
64,1024,8,512,37.8463
64,1024,8,1024,40.3407
64,1024,8,2048,45.28
64,1024,8,4096,55.1893
64,1024,8,8192,73.141
64,1024,8,16384,110.102
64,1024,8,32768,182.018
64,1024,8,65536,325.922
64,1024,16,16,35.403
64,1024,16,32,35.0287
64,1024,16,64,35.531
64,1024,16,128,35.542
64,1024,16,256,37.536
64,1024,16,512,40.5863
64,1024,16,1024,46.005
64,1024,16,2048,55.3387
64,1024,16,4096,74.5387
64,1024,16,8192,110.763
64,1024,16,16384,183.094
64,1024,16,32768,326.435
64,1024,16,65536,613.328
64,1024,32,16,37.5677
64,1024,32,32,37.7707
64,1024,32,64,37.6323
64,1024,32,128,38.1443
64,1024,32,256,42.581
64,1024,32,512,48.2877
64,1024,32,1024,58.3257
64,1024,32,2048,77.195
64,1024,32,4096,114.016
64,1024,32,8192,187.424
64,1024,32,16384,335.446
64,1024,32,32768,626.383
64,1024,32,65536,1201.09
64,1024,64,16,41.8023
64,1024,64,32,41.792
64,1024,64,64,41.8667
64,1024,64,128,42.742
64,1024,64,256,49.7287
64,1024,64,512,60.7903
64,1024,64,1024,80.64
64,1024,64,2048,117.163
64,1024,64,4096,190.539
64,1024,64,8192,338.753
64,1024,64,16384,628.758
64,1024,64,32768,1212.97
64,1024,64,65536,2372.17
64,1024,128,16,49.472
64,1024,128,32,49.2917
64,1024,128,64,48.9187
64,1024,128,128,49.5777
64,1024,128,256,62.091
64,1024,128,512,81.5793
64,1024,128,1024,117.737
64,1024,128,2048,190.262
64,1024,128,4096,332.427
64,1024,128,8192,623.563
64,1024,128,16384,1191.8
64,1024,128,32768,2335.31
64,1024,128,65536,4614.24
64,2048,0,0,37.227
64,2048,1,16,43.4027
64,2048,1,32,43.3813
64,2048,1,64,43.5423
64,2048,1,128,43.573
64,2048,1,256,43.604
64,2048,1,512,43.7013
64,2048,1,1024,43.7863
64,2048,1,2048,45.2273
64,2048,1,4096,46.1663
64,2048,1,8192,51.8507
64,2048,1,16384,57.2263
64,2048,1,32768,66.5707
64,2048,1,65536,84.5657
64,2048,2,16,46.934
64,2048,2,32,46.8803
64,2048,2,64,47.019
64,2048,2,128,46.9973
64,2048,2,256,47.2
64,2048,2,512,47.1787
64,2048,2,1024,47.6263
64,2048,2,2048,49.0557
64,2048,2,4096,54.325
64,2048,2,8192,58.6233
64,2048,2,16384,68.448
64,2048,2,32768,86.6133
64,2048,2,65536,123.073
64,2048,4,16,47.807
64,2048,4,32,47.9787
64,2048,4,64,47.8187
64,2048,4,128,48.0217
64,2048,4,256,47.9673
64,2048,4,512,48.523
64,2048,4,1024,49.8357
64,2048,4,2048,52.426
64,2048,4,4096,57.26
64,2048,4,8192,66.4003
64,2048,4,16384,85.1197
64,2048,4,32768,121.537
64,2048,4,65536,193.068
64,2048,8,16,47.8627
64,2048,8,32,47.968
64,2048,8,64,48.064
64,2048,8,128,48.064
64,2048,8,256,48.075
64,2048,8,512,50.1977
64,2048,8,1024,52.7253
64,2048,8,2048,57.6967
64,2048,8,4096,66.7087
64,2048,8,8192,86.1863
64,2048,8,16384,122.678
64,2048,8,32768,193.741
64,2048,8,65536,337.175
64,2048,16,16,47.4237
64,2048,16,32,47.52
64,2048,16,64,47.403
64,2048,16,128,48.0753
64,2048,16,256,49.8453
64,2048,16,512,52.982
64,2048,16,1024,57.9097
64,2048,16,2048,67.67
64,2048,16,4096,86.5287
64,2048,16,8192,122.934
64,2048,16,16384,195.115
64,2048,16,32768,338.796
64,2048,16,65536,625.178
64,2048,32,16,50.0163
64,2048,32,32,49.9943
64,2048,32,64,50.069
64,2048,32,128,50.444
64,2048,32,256,54.901
64,2048,32,512,60.2137
64,2048,32,1024,70.8053
64,2048,32,2048,89.3973
64,2048,32,4096,125.355
64,2048,32,8192,198.155
64,2048,32,16384,344.906
64,2048,32,32768,634.618
64,2048,32,65536,1209.78
64,2048,64,16,54.155
64,2048,64,32,53.877
64,2048,64,64,54.347
64,2048,64,128,55.114
64,2048,64,256,62.1013
64,2048,64,512,73.195
64,2048,64,1024,93.098
64,2048,64,2048,129.088
64,2048,64,4096,202.475
64,2048,64,8192,347.787
64,2048,64,16384,646.592
64,2048,64,32768,1221.07
64,2048,64,65536,2385.56
64,2048,128,16,61.5353
64,2048,128,32,61.569
64,2048,128,64,61.4397
64,2048,128,128,61.7503
64,2048,128,256,74.8477
64,2048,128,512,94.3043
64,2048,128,1024,130.313
64,2048,128,2048,202.059
64,2048,128,4096,346.369
64,2048,128,8192,633.036
64,2048,128,16384,1212.33
64,2048,128,32768,2345.32
64,2048,128,65536,4635.51
64,4096,0,0,61.5463
64,4096,1,16,67.7863
64,4096,1,32,67.7443
64,4096,1,64,68.2143
64,4096,1,128,67.68
64,4096,1,256,67.8823
64,4096,1,512,68.5013
64,4096,1,1024,68.2353
64,4096,1,2048,68.9697
64,4096,1,4096,70.1873
64,4096,1,8192,76.204
64,4096,1,16384,81.4617
64,4096,1,32768,90.4223
64,4096,1,65536,109.174
64,4096,2,16,71.883
64,4096,2,32,72.1703
64,4096,2,64,72.2457
64,4096,2,128,71.9673
64,4096,2,256,72.715
64,4096,2,512,73.483
64,4096,2,1024,74.0797
64,4096,2,2048,75.4663
64,4096,2,4096,77.867
64,4096,2,8192,83.5733
64,4096,2,16384,92.651
64,4096,2,32768,111.019
64,4096,2,65536,147.479
64,4096,4,16,72.0323
64,4096,4,32,72.0007
64,4096,4,64,71.563
64,4096,4,128,71.7763
64,4096,4,256,72.1073
64,4096,4,512,72.641
64,4096,4,1024,74.0267
64,4096,4,2048,76.2343
64,4096,4,4096,81.4293
64,4096,4,8192,90.4637
64,4096,4,16384,109.141
64,4096,4,32768,145.655
64,4096,4,65536,218.594
64,4096,8,16,72.096
64,4096,8,32,71.9787
64,4096,8,64,71.872
64,4096,8,128,71.9573
64,4096,8,256,72.7147
64,4096,8,512,74.122
64,4096,8,1024,76.4367
64,4096,8,2048,82.016
64,4096,8,4096,90.9333
64,4096,8,8192,110.069
64,4096,8,16384,146.08
64,4096,8,32768,217.644
64,4096,8,65536,360.888
64,4096,16,16,71.83
64,4096,16,32,71.6797
64,4096,16,64,71.883
64,4096,16,128,72.5433
64,4096,16,256,73.8347
64,4096,16,512,76.7683
64,4096,16,1024,82.0473
64,4096,16,2048,91.3923
64,4096,16,4096,110.816
64,4096,16,8192,146.891
64,4096,16,16384,219.894
64,4096,16,32768,361.868
64,4096,16,65536,649.52
64,4096,32,16,74.2087
64,4096,32,32,74.3367
64,4096,32,64,74.1973
64,4096,32,128,74.624
64,4096,32,256,79.168
64,4096,32,512,83.6687
64,4096,32,1024,94.4643
64,4096,32,2048,112.598
64,4096,32,4096,150.197
64,4096,32,8192,222.709
64,4096,32,16384,371.02
64,4096,32,32768,662.768
64,4096,32,65536,1241.43
64,4096,64,16,78.5063
64,4096,64,32,78.2517
64,4096,64,64,78.517
64,4096,64,128,79.361
64,4096,64,256,86.101
64,4096,64,512,96.7783
64,4096,64,1024,116.587
64,4096,64,2048,153.216
64,4096,64,4096,226.133
64,4096,64,8192,373.355
64,4096,64,16384,665.793
64,4096,64,32768,1245.99
64,4096,64,65536,2429.99
64,4096,128,16,85.9417
64,4096,128,32,85.8677
64,4096,128,64,85.7503
64,4096,128,128,85.9947
64,4096,128,256,98.7647
64,4096,128,512,117.6
64,4096,128,1024,154.006
64,4096,128,2048,225.792
64,4096,128,4096,369.568
64,4096,128,8192,661.026
64,4096,128,16384,1227.95
64,4096,128,32768,2370.25
64,4096,128,65536,4649.21
64,8192,0,0,109.473
64,8192,1,16,121.226
64,8192,1,32,120.811
64,8192,1,64,120.769
64,8192,1,128,117.409
64,8192,1,256,117.92
64,8192,1,512,118.08
64,8192,1,1024,121.921
64,8192,1,2048,122.742
64,8192,1,4096,125.099
64,8192,1,8192,126.123
64,8192,1,16384,132.812
64,8192,1,32768,142.913
64,8192,1,65536,162.647
64,8192,2,16,120.811
64,8192,2,32,120.619
64,8192,2,64,121.024
64,8192,2,128,120.182
64,8192,2,256,121.206
64,8192,2,512,121.717
64,8192,2,1024,122.037
64,8192,2,2048,124.171
64,8192,2,4096,126.177
64,8192,2,8192,131.274
64,8192,2,16384,140.714
64,8192,2,32768,159.575
64,8192,2,65536,195.969
64,8192,4,16,119.915
64,8192,4,32,120.673
64,8192,4,64,120.651
64,8192,4,128,120.576
64,8192,4,256,120.512
64,8192,4,512,120.981
64,8192,4,1024,122.816
64,8192,4,2048,124.885
64,8192,4,4096,130.027
64,8192,4,8192,138.816
64,8192,4,16384,157.173
64,8192,4,32768,194.967
64,8192,4,65536,266.957
64,8192,8,16,120.203
64,8192,8,32,120.81
64,8192,8,64,120.342
64,8192,8,128,120.843
64,8192,8,256,120.587
64,8192,8,512,122.742
64,8192,8,1024,124.374
64,8192,8,2048,129.472
64,8192,8,4096,138.976
64,8192,8,8192,158.348
64,8192,8,16384,194.326
64,8192,8,32768,267.469
64,8192,8,65536,412.141
64,8192,16,16,120.341
64,8192,16,32,120.278
64,8192,16,64,120.342
64,8192,16,128,120.586
64,8192,16,256,122.614
64,8192,16,512,125.227
64,8192,16,1024,130.134
64,8192,16,2048,140.065
64,8192,16,4096,158.945
64,8192,16,8192,195.605
64,8192,16,16384,267.914
64,8192,16,32768,412.631
64,8192,16,65536,697.585
64,8192,32,16,123.606
64,8192,32,32,123.136
64,8192,32,64,123.2
64,8192,32,128,122.89
64,8192,32,256,126.721
64,8192,32,512,132.107
64,8192,32,1024,141.706
64,8192,32,2048,161.952
64,8192,32,4096,198.39
64,8192,32,8192,273.312
64,8192,32,16384,419.127
64,8192,32,32768,711.151
64,8192,32,65536,1286.15
64,8192,64,16,127.372
64,8192,64,32,127.307
64,8192,64,64,127.488
64,8192,64,128,127.339
64,8192,64,256,134.241
64,8192,64,512,145.185
64,8192,64,1024,163.541
64,8192,64,2048,200.769
64,8192,64,4096,276.128
64,8192,64,8192,425.015
64,8192,64,16384,724.386
64,8192,64,32768,1304.7
64,8192,64,65536,2456.17
64,8192,128,16,134.058
64,8192,128,32,134.635
64,8192,128,64,134.166
64,8192,128,128,134.955
64,8192,128,256,145.729
64,8192,128,512,165.409
64,8192,128,1024,200.363
64,8192,128,2048,273.505
64,8192,128,4096,416.896
64,8192,128,8192,703.159
64,8192,128,16384,1278.38
64,8192,128,32768,2416.27
64,8192,128,65536,4702.43
64,16384,0,0,206.784
64,16384,1,16,218.944
64,16384,1,32,219.19
64,16384,1,64,219.36
64,16384,1,128,218.518
64,16384,1,256,219.648
64,16384,1,512,219.232
64,16384,1,1024,220.768
64,16384,1,2048,221.205
64,16384,1,4096,223.051
64,16384,1,8192,226.721
64,16384,1,16384,230.283
64,16384,1,32768,240.013
64,16384,1,65536,257.986
64,16384,2,16,217.258
64,16384,2,32,217.366
64,16384,2,64,217.313
64,16384,2,128,217.75
64,16384,2,256,218.049
64,16384,2,512,218.123
64,16384,2,1024,219.168
64,16384,2,2048,220.534
64,16384,2,4096,222.943
64,16384,2,8192,227.744
64,16384,2,16384,237.569
64,16384,2,32768,257.357
64,16384,2,65536,294.839
64,16384,4,16,217.451
64,16384,4,32,217.836
64,16384,4,64,217.408
64,16384,4,128,216.822
64,16384,4,256,217.354
64,16384,4,512,217.825
64,16384,4,1024,219.094
64,16384,4,2048,222.219
64,16384,4,4096,226.338
64,16384,4,8192,235.446
64,16384,4,16384,254.529
64,16384,4,32768,292.557
64,16384,4,65536,365.24
64,16384,8,16,217.355
64,16384,8,32,217.76
64,16384,8,64,218.209
64,16384,8,128,217.452
64,16384,8,256,217.986
64,16384,8,512,220.032
64,16384,8,1024,221.793
64,16384,8,2048,226.112
64,16384,8,4096,236.512
64,16384,8,8192,254.774
64,16384,8,16384,291.36
64,16384,8,32768,364.877
64,16384,8,65536,507.928
64,16384,16,16,217.269
64,16384,16,32,218.197
64,16384,16,64,217.333
64,16384,16,128,218.176
64,16384,16,256,219.2
64,16384,16,512,222.933
64,16384,16,1024,227.862
64,16384,16,2048,237.76
64,16384,16,4096,255.233
64,16384,16,8192,291.712
64,16384,16,16384,364.225
64,16384,16,32768,509.657
64,16384,16,65536,795.611
64,16384,32,16,221.055
64,16384,32,32,221.001
64,16384,32,64,220.758
64,16384,32,128,220.139
64,16384,32,256,224.448
64,16384,32,512,229.047
64,16384,32,1024,238.645
64,16384,32,2048,258.422
64,16384,32,4096,295.104
64,16384,32,8192,367.371
64,16384,32,16384,515.659
64,16384,32,32768,804.326
64,16384,32,65536,1384.96
64,16384,64,16,224.96
64,16384,64,32,225.132
64,16384,64,64,224.619
64,16384,64,128,225.237
64,16384,64,256,231.52
64,16384,64,512,241.27
64,16384,64,1024,260.108
64,16384,64,2048,297.664
64,16384,64,4096,369.857
64,16384,64,8192,519.285
64,16384,64,16384,808.577
64,16384,64,32768,1392.53
64,16384,64,65536,2556.95
64,16384,128,16,231.937
64,16384,128,32,232.214
64,16384,128,64,232.128
64,16384,128,128,232.044
64,16384,128,256,242.72
64,16384,128,512,259.595
64,16384,128,1024,295.477
64,16384,128,2048,368.631
64,16384,128,4096,510.401
64,16384,128,8192,797.835
64,16384,128,16384,1370.94
64,16384,128,32768,2520.15
64,16384,128,65536,4800.87
64,32768,0,0,399.949
64,32768,1,16,413.23
64,32768,1,32,413.23
64,32768,1,64,413.144
64,32768,1,128,412.036
64,32768,1,256,412.835
64,32768,1,512,412.589
64,32768,1,1024,414.701
64,32768,1,2048,414.692
64,32768,1,4096,414.958
64,32768,1,8192,419.576
64,32768,1,16384,423.491
64,32768,1,32768,433.262
64,32768,1,65536,450.382
64,32768,2,16,411.544
64,32768,2,32,412.014
64,32768,2,64,411.713
64,32768,2,128,411.801
64,32768,2,256,412.398
64,32768,2,512,413.517
64,32768,2,1024,413.667
64,32768,2,2048,415.043
64,32768,2,4096,416.333
64,32768,2,8192,422.051
64,32768,2,16384,431.16
64,32768,2,32768,449.871
64,32768,2,65536,486.275
64,32768,4,16,411.011
64,32768,4,32,411.043
64,32768,4,64,411.406
64,32768,4,128,410.157
64,32768,4,256,411.095
64,32768,4,512,411.863
64,32768,4,1024,413.837
64,32768,4,2048,416.42
64,32768,4,4096,419.682
64,32768,4,8192,428.485
64,32768,4,16384,447.043
64,32768,4,32768,483.097
64,32768,4,65536,555.407
64,32768,8,16,411.608
64,32768,8,32,411.811
64,32768,8,64,411.182
64,32768,8,128,412.462
64,32768,8,256,411.363
64,32768,8,512,412.195
64,32768,8,1024,414.275
64,32768,8,2048,419.736
64,32768,8,4096,429.314
64,32768,8,8192,447.385
64,32768,8,16384,484.173
64,32768,8,32768,555.237
64,32768,8,65536,698.245
64,32768,16,16,412.323
64,32768,16,32,410.957
64,32768,16,64,411.725
64,32768,16,128,410.531
64,32768,16,256,412.557
64,32768,16,512,415.181
64,32768,16,1024,420.184
64,32768,16,2048,430.498
64,32768,16,4096,447.375
64,32768,16,8192,483.384
64,32768,16,16384,555.226
64,32768,16,32768,699.877
64,32768,16,65536,985.126
64,32768,32,16,413.326
64,32768,32,32,413.837
64,32768,32,64,414.178
64,32768,32,128,414.285
64,32768,32,256,418.286
64,32768,32,512,422.755
64,32768,32,1024,432.099
64,32768,32,2048,450.841
64,32768,32,4096,485.966
64,32768,32,8192,558.201
64,32768,32,16384,703.364
64,32768,32,32768,992.957
64,32768,32,65536,1573.65
64,32768,64,16,418.607
64,32768,64,32,417.709
64,32768,64,64,417.73
64,32768,64,128,418.444
64,32768,64,256,424.569
64,32768,64,512,433.89
64,32768,64,1024,453.389
64,32768,64,2048,489.304
64,32768,64,4096,562.329
64,32768,64,8192,706.223
64,32768,64,16384,999.058
64,32768,64,32768,1580.85
64,32768,64,65536,2744.34
64,32768,128,16,425.101
64,32768,128,32,424.899
64,32768,128,64,425.507
64,32768,128,128,424.45
64,32768,128,256,435.629
64,32768,128,512,452.814
64,32768,128,1024,488.75
64,32768,128,2048,561.443
64,32768,128,4096,702.874
64,32768,128,8192,986.876
64,32768,128,16384,1559.56
64,32768,128,32768,2709.34
64,32768,128,65536,4984.43
64,65536,0,0,782.907
64,65536,1,16,795.002
64,65536,1,32,794.501
64,65536,1,64,794.736
64,65536,1,128,795.195
64,65536,1,256,794.853
64,65536,1,512,795.291
64,65536,1,1024,795.835
64,65536,1,2048,795.984
64,65536,1,4096,798.545
64,65536,1,8192,802.427
64,65536,1,16384,805.192
64,65536,1,32768,815.677
64,65536,1,65536,831.272
64,65536,2,16,793.861
64,65536,2,32,792.294
64,65536,2,64,795.773
64,65536,2,128,792.805
64,65536,2,256,793.807
64,65536,2,512,793.275
64,65536,2,1024,795.335
64,65536,2,2048,797.149
64,65536,2,4096,798.32
64,65536,2,8192,803.675
64,65536,2,16384,814.161
64,65536,2,32768,830.544
64,65536,2,65536,866.449
64,65536,4,16,793.06
64,65536,4,32,794.405
64,65536,4,64,792.699
64,65536,4,128,790.778
64,65536,4,256,792.666
64,65536,4,512,793.554
64,65536,4,1024,794.875
64,65536,4,2048,795.92
64,65536,4,4096,801.414
64,65536,4,8192,811.398
64,65536,4,16384,826.843
64,65536,4,32768,864.635
64,65536,4,65536,937.777
64,65536,8,16,793.849
64,65536,8,32,793.735
64,65536,8,64,792.794
64,65536,8,128,792.796
64,65536,8,256,792.892
64,65536,8,512,793.682
64,65536,8,1024,797.969
64,65536,8,2048,801.137
64,65536,8,4096,812.399
64,65536,8,8192,828.954
64,65536,8,16384,865.168
64,65536,8,32768,938.225
64,65536,8,65536,1080.42
64,65536,16,16,794.278
64,65536,16,32,792.687
64,65536,16,64,792.39
64,65536,16,128,792.709
64,65536,16,256,796.816
64,65536,16,512,797.82
64,65536,16,1024,800.24
64,65536,16,2048,811.058
64,65536,16,4096,828.561
64,65536,16,8192,865.948
64,65536,16,16384,937.041
64,65536,16,32768,1080.02
64,65536,16,65536,1367.55
64,65536,32,16,795.781
64,65536,32,32,796.297
64,65536,32,64,797.21
64,65536,32,128,797.157
64,65536,32,256,801.295
64,65536,32,512,804.282
64,65536,32,1024,814.801
64,65536,32,2048,833.136
64,65536,32,4096,868.988
64,65536,32,8192,940.017
64,65536,32,16384,1082.94
64,65536,32,32768,1371.21
64,65536,32,65536,1946.56
64,65536,64,16,800.092
64,65536,64,32,800.145
64,65536,64,64,800.304
64,65536,64,128,800.87
64,65536,64,256,805.669
64,65536,64,512,815.899
64,65536,64,1024,835.387
64,65536,64,2048,872.7
64,65536,64,4096,945.83
64,65536,64,8192,1088.35
64,65536,64,16384,1383.89
64,65536,64,32768,1960.88
64,65536,64,65536,3123.13
64,65536,128,16,807.269
64,65536,128,32,808.091
64,65536,128,64,807.461
64,65536,128,128,808.197
64,65536,128,256,816.804
64,65536,128,512,836.294
64,65536,128,1024,870.78
64,65536,128,2048,943.003
64,65536,128,4096,1085.26
64,65536,128,8192,1368.26
64,65536,128,16384,1939.43
64,65536,128,32768,3084.63
64,65536,128,65536,5362.09
128,0,0,0,14.0797
128,0,1,16,19.861
128,0,1,32,19.8513
128,0,1,64,19.8183
128,0,1,128,19.9357
128,0,1,256,21.0243
128,0,1,512,21.6327
128,0,1,1024,21.6103
128,0,1,2048,21.931
128,0,1,4096,23.1893
128,0,1,8192,28.725
128,0,1,16384,34.0057
128,0,1,32768,43.9683
128,0,1,65536,62.2207
128,0,2,16,23.0403
128,0,2,32,22.848
128,0,2,64,23.3067
128,0,2,128,22.922
128,0,2,256,24.1387
128,0,2,512,24.811
128,0,2,1024,24.9927
128,0,2,2048,25.792
128,0,2,4096,30.859
128,0,2,8192,35.5197
128,0,2,16384,45.8557
128,0,2,32768,63.894
128,0,2,65536,99.7337
128,0,4,16,22.954
128,0,4,32,23.0827
128,0,4,64,23.072
128,0,4,128,22.9857
128,0,4,256,24.2463
128,0,4,512,25.2163
128,0,4,1024,26.0153
128,0,4,2048,28.8647
128,0,4,4096,33.7383
128,0,4,8192,43.6903
128,0,4,16384,62.1113
128,0,4,32768,98.326
128,0,4,65536,171.147
128,0,8,16,22.8893
128,0,8,32,22.741
128,0,8,64,23.018
128,0,8,128,22.8903
128,0,8,256,24.4693
128,0,8,512,26.198
128,0,8,1024,28.8117
128,0,8,2048,33.8667
128,0,8,4096,44.139
128,0,8,8192,62.7307
128,0,8,16384,99.136
128,0,8,32768,171.276
128,0,8,65536,314.989
128,0,16,16,23.9463
128,0,16,32,24.0853
128,0,16,64,24.0747
128,0,16,128,24.6397
128,0,16,256,26.5177
128,0,16,512,29.4293
128,0,16,1024,34.9337
128,0,16,2048,44.8637
128,0,16,4096,63.6063
128,0,16,8192,100.181
128,0,16,16384,172.598
128,0,16,32768,316.45
128,0,16,65536,602.041
128,0,32,16,26.645
128,0,32,32,26.6773
128,0,32,64,26.3787
128,0,32,128,26.763
128,0,32,256,31.585
128,0,32,512,37.088
128,0,32,1024,47.7977
128,0,32,2048,66.784
128,0,32,4096,103.2
128,0,32,8192,177.099
128,0,32,16384,322.646
128,0,32,32768,610.521
128,0,32,65536,1190.08
128,0,64,16,30.2613
128,0,64,32,30.1547
128,0,64,64,30.3147
128,0,64,128,30.902
128,0,64,256,37.7173
128,0,64,512,49.2057
128,0,64,1024,68.949
128,0,64,2048,105.215
128,0,64,4096,178.55
128,0,64,8192,325.164
128,0,64,16384,621.195
128,0,64,32768,1196.58
128,0,64,65536,2379.99
128,0,128,16,37.8247
128,0,128,32,37.867
128,0,128,64,37.5783
128,0,128,128,38.4427
128,0,128,256,51.733
128,0,128,512,71.572
128,0,128,1024,107.53
128,0,128,2048,179.627
128,0,128,4096,322.23
128,0,128,8192,609.835
128,0,128,16384,1182.85
128,0,128,32768,2325.37
128,0,128,65536,4605.06
128,16,0,0,15.8823
128,16,1,16,21.536
128,16,1,32,21.5457
128,16,1,64,21.6107
128,16,1,128,21.718
128,16,1,256,22.8483
128,16,1,512,23.5097
128,16,1,1024,23.488
128,16,1,2048,23.6797
128,16,1,4096,24.6187
128,16,1,8192,30.411
128,16,1,16384,35.7223
128,16,1,32768,45.953
128,16,1,65536,64.1923
128,16,2,16,24.8317
128,16,2,32,24.608
128,16,2,64,24.907
128,16,2,128,24.6307
128,16,2,256,26.1127
128,16,2,512,26.688
128,16,2,1024,26.859
128,16,2,2048,27.7867
128,16,2,4096,32.5653
128,16,2,8192,37.8563
128,16,2,16384,47.52
128,16,2,32768,65.515
128,16,2,65536,101.43
128,16,4,16,24.7043
128,16,4,32,24.704
128,16,4,64,24.7783
128,16,4,128,24.8317
128,16,4,256,25.9953
128,16,4,512,27.0193
128,16,4,1024,27.8507
128,16,4,2048,30.8157
128,16,4,4096,35.3823
128,16,4,8192,45.6857
128,16,4,16384,63.755
128,16,4,32768,100.224
128,16,4,65536,172.236
128,16,8,16,24.608
128,16,8,32,24.544
128,16,8,64,24.7363
128,16,8,128,24.7897
128,16,8,256,26.155
128,16,8,512,28.181
128,16,8,1024,30.8043
128,16,8,2048,35.6693
128,16,8,4096,45.5577
128,16,8,8192,64.2033
128,16,8,16384,100.843
128,16,8,32768,173.591
128,16,8,65536,316.289
128,16,16,16,25.739
128,16,16,32,25.857
128,16,16,64,26.005
128,16,16,128,26.325
128,16,16,256,28.2023
128,16,16,512,31.2847
128,16,16,1024,36.2457
128,16,16,2048,46.2613
128,16,16,4096,65.5033
128,16,16,8192,101.846
128,16,16,16384,173.942
128,16,16,32768,317.26
128,16,16,65536,603.897
128,16,32,16,28.384
128,16,32,32,28.405
128,16,32,64,28.1387
128,16,32,128,28.7463
128,16,32,256,33.706
128,16,32,512,39.094
128,16,32,1024,49.4407
128,16,32,2048,68.5017
128,16,32,4096,105.11
128,16,32,8192,177.921
128,16,32,16384,325.526
128,16,32,32768,612.846
128,16,32,65536,1195.05
128,16,64,16,32.1483
128,16,64,32,32.1383
128,16,64,64,32.256
128,16,64,128,32.8637
128,16,64,256,39.7973
128,16,64,512,51.1687
128,16,64,1024,71.328
128,16,64,2048,107.702
128,16,64,4096,179.99
128,16,64,8192,325.963
128,16,64,16384,616.192
128,16,64,32768,1198.48
128,16,64,65536,2364.32
128,16,128,16,39.627
128,16,128,32,39.307
128,16,128,64,39.5203
128,16,128,128,40.0857
128,16,128,256,53.4297
128,16,128,512,73.6847
128,16,128,1024,109.472
128,16,128,2048,181.728
128,16,128,4096,323.83
128,16,128,8192,617.506
128,16,128,16384,1188.24
128,16,128,32768,2324.16
128,16,128,65536,4610.36
128,32,0,0,15.9043
128,32,1,16,21.5143
128,32,1,32,21.6113
128,32,1,64,21.6427
128,32,1,128,21.61
128,32,1,256,22.6997
128,32,1,512,23.5097
128,32,1,1024,23.2753
128,32,1,2048,23.6487
128,32,1,4096,24.5977
128,32,1,8192,30.251
128,32,1,16384,35.851
128,32,1,32768,45.8783
128,32,1,65536,64.4163
128,32,2,16,24.7887
128,32,2,32,24.5973
128,32,2,64,24.864
128,32,2,128,24.6187
128,32,2,256,26.038
128,32,2,512,26.506
128,32,2,1024,26.9763
128,32,2,2048,27.733
128,32,2,4096,32.6063
128,32,2,8192,37.568
128,32,2,16384,47.7117
128,32,2,32768,65.0987
128,32,2,65536,101.174
128,32,4,16,24.7037
128,32,4,32,24.6827
128,32,4,64,24.6837
128,32,4,128,24.8537
128,32,4,256,25.7387
128,32,4,512,26.8477
128,32,4,1024,27.7237
128,32,4,2048,30.6667
128,32,4,4096,35.1253
128,32,4,8192,45.366
128,32,4,16384,63.499
128,32,4,32768,100.215
128,32,4,65536,172.118
128,32,8,16,24.7473
128,32,8,32,24.5543
128,32,8,64,24.6717
128,32,8,128,24.555
128,32,8,256,26.2083
128,32,8,512,28.202
128,32,8,1024,30.859
128,32,8,2048,35.487
128,32,8,4096,45.6107
128,32,8,8192,64.682
128,32,8,16384,101.088
128,32,8,32768,172.299
128,32,8,65536,317.911
128,32,16,16,25.664
128,32,16,32,25.7487
128,32,16,64,25.8877
128,32,16,128,26.133
128,32,16,256,28.352
128,32,16,512,31.414
128,32,16,1024,36.3417
128,32,16,2048,46.2617
128,32,16,4096,65.3333
128,32,16,8192,101.12
128,32,16,16384,175.062
128,32,16,32768,317.08
128,32,16,65536,603.802
128,32,32,16,28.2773
128,32,32,32,28.3207
128,32,32,64,28.278
128,32,32,128,28.555
128,32,32,256,33.1303
128,32,32,512,38.976
128,32,32,1024,49.8347
128,32,32,2048,68.3413
128,32,32,4096,105.365
128,32,32,8192,178.145
128,32,32,16384,324.757
128,32,32,32768,614.873
128,32,32,65536,1193.25
128,32,64,16,31.9453
128,32,64,32,32.063
128,32,64,64,32.565
128,32,64,128,32.693
128,32,64,256,39.7963
128,32,64,512,50.9973
128,32,64,1024,70.794
128,32,64,2048,107.542
128,32,64,4096,180.639
128,32,64,8192,328.118
128,32,64,16384,620.609
128,32,64,32768,1196.73
128,32,64,65536,2366.98
128,32,128,16,39.6267
128,32,128,32,39.317
128,32,128,64,39.6797
128,32,128,128,39.9787
128,32,128,256,53.206
128,32,128,512,73.5363
128,32,128,1024,109.813
128,32,128,2048,183.03
128,32,128,4096,326.72
128,32,128,8192,609.899
128,32,128,16384,1193.88
128,32,128,32768,2326.35
128,32,128,65536,4609.76
128,64,0,0,15.8723
128,64,1,16,21.3973
128,64,1,32,21.5893
128,64,1,64,21.653
128,64,1,128,21.4823
128,64,1,256,22.784
128,64,1,512,23.2207
128,64,1,1024,23.2747
128,64,1,2048,23.4447
128,64,1,4096,24.4907
128,64,1,8192,30.624
128,64,1,16384,35.7007
128,64,1,32768,45.5253
128,64,1,65536,64.0323
128,64,2,16,25.1097
128,64,2,32,24.7467
128,64,2,64,24.811
128,64,2,128,24.6503
128,64,2,256,25.9417
128,64,2,512,26.4533
128,64,2,1024,26.8057
128,64,2,2048,27.5413
128,64,2,4096,32.5757
128,64,2,8192,37.269
128,64,2,16384,47.4777
128,64,2,32768,65.258
128,64,2,65536,101.366
128,64,4,16,24.6827
128,64,4,32,24.6937
128,64,4,64,24.704
128,64,4,128,24.747
128,64,4,256,25.7813
128,64,4,512,26.816
128,64,4,1024,27.5833
128,64,4,2048,30.5807
128,64,4,4096,35.221
128,64,4,8192,45.2683
128,64,4,16384,63.744
128,64,4,32768,99.9577
128,64,4,65536,172.578
128,64,8,16,24.8213
128,64,8,32,24.5763
128,64,8,64,24.65
128,64,8,128,24.5867
128,64,8,256,25.995
128,64,8,512,28.0317
128,64,8,1024,30.5387
128,64,8,2048,35.4563
128,64,8,4096,45.632
128,64,8,8192,64.416
128,64,8,16384,100.65
128,64,8,32768,172.3
128,64,8,65536,316.589
128,64,16,16,25.686
128,64,16,32,25.6427
128,64,16,64,25.6853
128,64,16,128,26.272
128,64,16,256,28.213
128,64,16,512,31.1883
128,64,16,1024,36.107
128,64,16,2048,46.2823
128,64,16,4096,65.5573
128,64,16,8192,101.899
128,64,16,16384,174.005
128,64,16,32768,317.985
128,64,16,65536,603.524
128,64,32,16,28.341
128,64,32,32,28.181
128,64,32,64,28.0643
128,64,32,128,28.5327
128,64,32,256,33.2587
128,64,32,512,38.741
128,64,32,1024,49.835
128,64,32,2048,68.0427
128,64,32,4096,105.655
128,64,32,8192,176.842
128,64,32,16384,325.59
128,64,32,32768,614.937
128,64,32,65536,1193.8
128,64,64,16,32.117
128,64,64,32,32.0747
128,64,64,64,32.0117
128,64,64,128,32.5227
128,64,64,256,39.8187
128,64,64,512,51.008
128,64,64,1024,70.827
128,64,64,2048,107.659
128,64,64,4096,180.362
128,64,64,8192,327.702
128,64,64,16384,616.407
128,64,64,32768,1199.62
128,64,64,65536,2359.32
128,64,128,16,39.4443
128,64,128,32,39.3277
128,64,128,64,39.4343
128,64,128,128,39.8397
128,64,128,256,53.546
128,64,128,512,73.537
128,64,128,1024,109.622
128,64,128,2048,181.653
128,64,128,4096,323.851
128,64,128,8192,609.558
128,64,128,16384,1186.77
128,64,128,32768,2325.63
128,64,128,65536,4610.64
128,128,0,0,15.456
128,128,1,16,21.163
128,128,1,32,21.1413
128,128,1,64,21.216
128,128,1,128,21.259
128,128,1,256,22.6233
128,128,1,512,23.008
128,128,1,1024,22.869
128,128,1,2048,23.4667
128,128,1,4096,24.106
128,128,1,8192,29.9307
128,128,1,16384,35.4453
128,128,1,32768,45.6007
128,128,1,65536,63.7557
128,128,2,16,24.6083
128,128,2,32,24.3523
128,128,2,64,24.5437
128,128,2,128,24.3303
128,128,2,256,25.5887
128,128,2,512,26.2923
128,128,2,1024,26.656
128,128,2,2048,27.263
128,128,2,4096,32.2977
128,128,2,8192,37.1197
128,128,2,16384,47.499
128,128,2,32768,64.5123
128,128,2,65536,100.844
128,128,4,16,24.3833
128,128,4,32,24.6823
128,128,4,64,24.2993
128,128,4,128,24.405
128,128,4,256,25.6747
128,128,4,512,26.4643
128,128,4,1024,27.306
128,128,4,2048,30.5813
128,128,4,4096,34.9867
128,128,4,8192,45.3657
128,128,4,16384,63.8407
128,128,4,32768,100.214
128,128,4,65536,171.873
128,128,8,16,24.32
128,128,8,32,24.235
128,128,8,64,24.3847
128,128,8,128,24.4153
128,128,8,256,25.8243
128,128,8,512,27.7653
128,128,8,1024,30.3687
128,128,8,2048,35.211
128,128,8,4096,45.3547
128,128,8,8192,64.299
128,128,8,16384,99.7977
128,128,8,32768,171.989
128,128,8,65536,316.247
128,128,16,16,25.3333
128,128,16,32,25.45
128,128,16,64,25.409
128,128,16,128,25.973
128,128,16,256,27.7977
128,128,16,512,30.9223
128,128,16,1024,35.9363
128,128,16,2048,46.2503
128,128,16,4096,65.59
128,128,16,8192,101.825
128,128,16,16384,174.219
128,128,16,32768,317.421
128,128,16,65536,602.863
128,128,32,16,28.117
128,128,32,32,27.936
128,128,32,64,27.7433
128,128,32,128,28.49
128,128,32,256,33.3007
128,128,32,512,38.5173
128,128,32,1024,49.312
128,128,32,2048,67.7767
128,128,32,4096,104.587
128,128,32,8192,177.845
128,128,32,16384,324.118
128,128,32,32768,614.384
128,128,32,65536,1191.41
128,128,64,16,31.8507
128,128,64,32,31.872
128,128,64,64,31.7543
128,128,64,128,32.384
128,128,64,256,39.3067
128,128,64,512,51.0723
128,128,64,1024,70.4857
128,128,64,2048,107.008
128,128,64,4096,179.861
128,128,64,8192,326.272
128,128,64,16384,621.248
128,128,64,32768,1207.35
128,128,64,65536,2371.07
128,128,128,16,39.35
128,128,128,32,39.1463
128,128,128,64,39.0613
128,128,128,128,40.0207
128,128,128,256,53.2263
128,128,128,512,73.29
128,128,128,1024,109.333
128,128,128,2048,181.536
128,128,128,4096,324.289
128,128,128,8192,613.493
128,128,128,16384,1183.73
128,128,128,32768,2324.96
128,128,128,65536,4611.14
128,256,0,0,16.917
128,256,1,16,22.6777
128,256,1,32,22.6027
128,256,1,64,22.7307
128,256,1,128,22.5923
128,256,1,256,23.7763
128,256,1,512,24.3733
128,256,1,1024,24.3303
128,256,1,2048,24.6083
128,256,1,4096,25.664
128,256,1,8192,31.2637
128,256,1,16384,36.992
128,256,1,32768,47.1353
128,256,1,65536,65.0353
128,256,2,16,25.899
128,256,2,32,25.8657
128,256,2,64,26.092
128,256,2,128,25.8343
128,256,2,256,27.094
128,256,2,512,27.649
128,256,2,1024,27.9257
128,256,2,2048,28.7687
128,256,2,4096,33.6753
128,256,2,8192,38.561
128,256,2,16384,48.672
128,256,2,32768,66.1117
128,256,2,65536,102.764
128,256,4,16,25.675
128,256,4,32,25.8677
128,256,4,64,25.8237
128,256,4,128,26.0593
128,256,4,256,26.9753
128,256,4,512,27.9997
128,256,4,1024,28.8743
128,256,4,2048,31.9893
128,256,4,4096,36.565
128,256,4,8192,46.4113
128,256,4,16384,65.2807
128,256,4,32768,101.398
128,256,4,65536,173.356
128,256,8,16,25.728
128,256,8,32,25.643
128,256,8,64,25.8357
128,256,8,128,25.867
128,256,8,256,27.1903
128,256,8,512,29.4297
128,256,8,1024,31.8827
128,256,8,2048,36.885
128,256,8,4096,47.393
128,256,8,8192,65.3863
128,256,8,16384,102.016
128,256,8,32768,173.953
128,256,8,65536,317.848
128,256,16,16,26.7203
128,256,16,32,26.8903
128,256,16,64,26.9013
128,256,16,128,27.328
128,256,16,256,29.248
128,256,16,512,32.395
128,256,16,1024,37.259
128,256,16,2048,47.4027
128,256,16,4096,66.774
128,256,16,8192,102.838
128,256,16,16384,175.968
128,256,16,32768,318.776
128,256,16,65536,605.509
128,256,32,16,29.3553
128,256,32,32,29.4197
128,256,32,64,29.2483
128,256,32,128,29.706
128,256,32,256,34.3903
128,256,32,512,40.15
128,256,32,1024,50.507
128,256,32,2048,69.386
128,256,32,4096,106.965
128,256,32,8192,179.36
128,256,32,16384,326.912
128,256,32,32768,612.676
128,256,32,65536,1196.69
128,256,64,16,33.3013
128,256,64,32,33.4387
128,256,64,64,33.1517
128,256,64,128,33.7273
128,256,64,256,40.746
128,256,64,512,52.405
128,256,64,1024,72.096
128,256,64,2048,107.648
128,256,64,4096,181.878
128,256,64,8192,326.646
128,256,64,16384,618.711
128,256,64,32768,1201.27
128,256,64,65536,2364.41
128,256,128,16,40.747
128,256,128,32,40.6073
128,256,128,64,40.6717
128,256,128,128,41.429
128,256,128,256,54.315
128,256,128,512,74.507
128,256,128,1024,110.454
128,256,128,2048,183.04
128,256,128,4096,325.142
128,256,128,8192,616.289
128,256,128,16384,1192.98
128,256,128,32768,2326.67
128,256,128,65536,4615.69
128,512,0,0,20.021
128,512,1,16,26.112
128,512,1,32,26.2827
128,512,1,64,26.1343
128,512,1,128,26.3257
128,512,1,256,26.4963
128,512,1,512,27.6483
128,512,1,1024,27.4137
128,512,1,2048,27.8723
128,512,1,4096,28.7893
128,512,1,8192,34.347
128,512,1,16384,40.0103
128,512,1,32768,49.7823
128,512,1,65536,68.3207
128,512,2,16,29.8993
128,512,2,32,29.5683
128,512,2,64,29.867
128,512,2,128,29.6637
128,512,2,256,29.824
128,512,2,512,30.784
128,512,2,1024,30.88
128,512,2,2048,31.8617
128,512,2,4096,36.939
128,512,2,8192,41.472
128,512,2,16384,51.5413
128,512,2,32768,69.2807
128,512,2,65536,105.13
128,512,4,16,29.6107
128,512,4,32,30.102
128,512,4,64,29.632
128,512,4,128,29.782
128,512,4,256,29.6767
128,512,4,512,30.9967
128,512,4,1024,31.9897
128,512,4,2048,34.9007
128,512,4,4096,39.414
128,512,4,8192,49.2047
128,512,4,16384,67.8493
128,512,4,32768,104.598
128,512,4,65536,176.429
128,512,8,16,30.208
128,512,8,32,30.0907
128,512,8,64,30.219
128,512,8,128,30.1227
128,512,8,256,30.5913
128,512,8,512,32.4377
128,512,8,1024,34.966
128,512,8,2048,40.1067
128,512,8,4096,49.5563
128,512,8,8192,68.512
128,512,8,16384,104.672
128,512,8,32768,177.014
128,512,8,65536,320.248
128,512,16,16,29.9087
128,512,16,32,30.027
128,512,16,64,30.017
128,512,16,128,30.401
128,512,16,256,32.4163
128,512,16,512,35.5093
128,512,16,1024,40.64
128,512,16,2048,50.1337
128,512,16,4096,69.1943
128,512,16,8192,105.695
128,512,16,16384,178.049
128,512,16,32768,320.59
128,512,16,65536,607.141
128,512,32,16,32.5337
128,512,32,32,32.3203
128,512,32,64,32.224
128,512,32,128,32.5977
128,512,32,256,37.6323
128,512,32,512,43.1257
128,512,32,1024,53.5467
128,512,32,2048,72.2023
128,512,32,4096,108.415
128,512,32,8192,183.307
128,512,32,16384,329.942
128,512,32,32768,617.018
128,512,32,65536,1200.98
128,512,64,16,36.3417
128,512,64,32,36.331
128,512,64,64,36.3417
128,512,64,128,36.8323
128,512,64,256,43.8397
128,512,64,512,55.2003
128,512,64,1024,74.987
128,512,64,2048,111.563
128,512,64,4096,183.937
128,512,64,8192,330.945
128,512,64,16384,621.825
128,512,64,32768,1211.64
128,512,64,65536,2370.32
128,512,128,16,43.8727
128,512,128,32,43.84
128,512,128,64,43.8077
128,512,128,128,44.4903
128,512,128,256,57.4293
128,512,128,512,78.101
128,512,128,1024,113.824
128,512,128,2048,185.514
128,512,128,4096,328.874
128,512,128,8192,618.069
128,512,128,16384,1189.88
128,512,128,32768,2329.13
128,512,128,65536,4624.25
128,1024,0,0,25.888
128,1024,1,16,32.1713
128,1024,1,32,32.2667
128,1024,1,64,32.534
128,1024,1,128,32.181
128,1024,1,256,32.2773
128,1024,1,512,32.171
128,1024,1,1024,33.2813
128,1024,1,2048,33.6743
128,1024,1,4096,34.656
128,1024,1,8192,40.4373
128,1024,1,16384,45.8987
128,1024,1,32768,55.659
128,1024,1,65536,74.006
128,1024,2,16,35.9463
128,1024,2,32,35.477
128,1024,2,64,35.4997
128,1024,2,128,35.498
128,1024,2,256,35.712
128,1024,2,512,35.509
128,1024,2,1024,37.0347
128,1024,2,2048,37.825
128,1024,2,4096,42.635
128,1024,2,8192,47.797
128,1024,2,16384,57.3867
128,1024,2,32768,75.8293
128,1024,2,65536,111.339
128,1024,4,16,35.7753
128,1024,4,32,36.0437
128,1024,4,64,36.043
128,1024,4,128,36.0753
128,1024,4,256,36.3733
128,1024,4,512,36.4163
128,1024,4,1024,37.8453
128,1024,4,2048,41.0353
128,1024,4,4096,45.5153
128,1024,4,8192,55.1467
128,1024,4,16384,73.6437
128,1024,4,32768,110.551
128,1024,4,65536,182.167
128,1024,8,16,36.3303
128,1024,8,32,36.3523
128,1024,8,64,36.2873
128,1024,8,128,36.459
128,1024,8,256,36.662
128,1024,8,512,38.347
128,1024,8,1024,40.8317
128,1024,8,2048,45.728
128,1024,8,4096,55.659
128,1024,8,8192,74.0373
128,1024,8,16384,111.371
128,1024,8,32768,182.678
128,1024,8,65536,327.374
128,1024,16,16,35.9467
128,1024,16,32,36.096
128,1024,16,64,36.032
128,1024,16,128,36.6287
128,1024,16,256,38.6667
128,1024,16,512,41.7183
128,1024,16,1024,46.166
128,1024,16,2048,56.3843
128,1024,16,4096,75.445
128,1024,16,8192,112.373
128,1024,16,16384,184.555
128,1024,16,32768,326.957
128,1024,16,65536,613.465
128,1024,32,16,38.6247
128,1024,32,32,38.7203
128,1024,32,64,38.3893
128,1024,32,128,38.901
128,1024,32,256,43.563
128,1024,32,512,49.2177
128,1024,32,1024,59.883
128,1024,32,2048,78.517
128,1024,32,4096,114.731
128,1024,32,8192,189.132
128,1024,32,16384,337.397
128,1024,32,32768,626.468
128,1024,32,65536,1204.09
128,1024,64,16,42.8267
128,1024,64,32,42.5067
128,1024,64,64,42.582
128,1024,64,128,42.955
128,1024,64,256,49.59
128,1024,64,512,61.131
128,1024,64,1024,81.099
128,1024,64,2048,117.408
128,1024,64,4096,190.379
128,1024,64,8192,340.907
128,1024,64,16384,632.748
128,1024,64,32768,1212.46
128,1024,64,65536,2371.92
128,1024,128,16,50.08
128,1024,128,32,49.7707
128,1024,128,64,50.049
128,1024,128,128,50.88
128,1024,128,256,63.4143
128,1024,128,512,83.584
128,1024,128,1024,119.563
128,1024,128,2048,191.498
128,1024,128,4096,335.403
128,1024,128,8192,621.047
128,1024,128,16384,1197.53
128,1024,128,32768,2334.08
128,1024,128,65536,4619.01
128,2048,0,0,38.175
128,2048,1,16,44.319
128,2048,1,32,44.48
128,2048,1,64,44.3307
128,2048,1,128,44.3527
128,2048,1,256,44.5767
128,2048,1,512,44.3833
128,2048,1,1024,44.7463
128,2048,1,2048,46.1117
128,2048,1,4096,47.137
128,2048,1,8192,52.4167
128,2048,1,16384,58.165
128,2048,1,32768,67.4243
128,2048,1,65536,86.0603
128,2048,2,16,47.8617
128,2048,2,32,47.9147
128,2048,2,64,47.936
128,2048,2,128,48.3407
128,2048,2,256,47.7763
128,2048,2,512,48.171
128,2048,2,1024,48.5763
128,2048,2,2048,50.2827
128,2048,2,4096,54.9863
128,2048,2,8192,59.8833
128,2048,2,16384,69.8343
128,2048,2,32768,87.969
128,2048,2,65536,123.532
128,2048,4,16,48.5123
128,2048,4,32,48.6723
128,2048,4,64,48.6617
128,2048,4,128,48.6613
128,2048,4,256,48.992
128,2048,4,512,49.2803
128,2048,4,1024,50.6137
128,2048,4,2048,53.4287
128,2048,4,4096,58.1753
128,2048,4,8192,67.766
128,2048,4,16384,86.038
128,2048,4,32768,122.103
128,2048,4,65536,194.306
128,2048,8,16,48.9063
128,2048,8,32,48.544
128,2048,8,64,48.427
128,2048,8,128,48.6727
128,2048,8,256,48.9287
128,2048,8,512,51.039
128,2048,8,1024,53.2263
128,2048,8,2048,58.5607
128,2048,8,4096,67.9037
128,2048,8,8192,87.2643
128,2048,8,16384,123.819
128,2048,8,32768,196.034
128,2048,8,65536,339.555
128,2048,16,16,48.4803
128,2048,16,32,48.5333
128,2048,16,64,48.5653
128,2048,16,128,49.013
128,2048,16,256,50.9333
128,2048,16,512,53.824
128,2048,16,1024,59.0187
128,2048,16,2048,68.2247
128,2048,16,4096,87.6803
128,2048,16,8192,124.662
128,2048,16,16384,196.107
128,2048,16,32768,339.245
128,2048,16,65536,625.669
128,2048,32,16,51.0293
128,2048,32,32,50.933
128,2048,32,64,50.9873
128,2048,32,128,51.8287
128,2048,32,256,56.085
128,2048,32,512,62.091
128,2048,32,1024,72.085
128,2048,32,2048,90.7527
128,2048,32,4096,127.468
128,2048,32,8192,200.842
128,2048,32,16384,346.24
128,2048,32,32768,636.613
128,2048,32,65536,1214.55
128,2048,64,16,55.018
128,2048,64,32,54.859
128,2048,64,64,54.9867
128,2048,64,128,55.691
128,2048,64,256,61.8443
128,2048,64,512,73.5147
128,2048,64,1024,92.8743
128,2048,64,2048,129.43
128,2048,64,4096,203.233
128,2048,64,8192,349.056
128,2048,64,16384,648.204
128,2048,64,32768,1225.1
128,2048,64,65536,2390.86
128,2048,128,16,62.5817
128,2048,128,32,62.4853
128,2048,128,64,62.5073
128,2048,128,128,62.6243
128,2048,128,256,75.722
128,2048,128,512,96.1823
128,2048,128,1024,131.584
128,2048,128,2048,203.574
128,2048,128,4096,346.977
128,2048,128,8192,634.379
128,2048,128,16384,1211.5
128,2048,128,32768,2347.05
128,2048,128,65536,4631.34
128,4096,0,0,62.0157
128,4096,1,16,68.3737
128,4096,1,32,69.1093
128,4096,1,64,68.9493
128,4096,1,128,68.939
128,4096,1,256,68.6517
128,4096,1,512,69.1093
128,4096,1,1024,68.9177
128,4096,1,2048,69.8983
128,4096,1,4096,71.5203
128,4096,1,8192,77.0567
128,4096,1,16384,82.2827
128,4096,1,32768,92.0003
128,4096,1,65536,109.707
128,4096,2,16,73.323
128,4096,2,32,73.3453
128,4096,2,64,73.2167
128,4096,2,128,73.4827
128,4096,2,256,73.9833
128,4096,2,512,73.4293
128,4096,2,1024,75.1363
128,4096,2,2048,76.3417
128,4096,2,4096,79.1353
128,4096,2,8192,83.8293
128,4096,2,16384,93.6317
128,4096,2,32768,111.69
128,4096,2,65536,148.728
128,4096,4,16,72.8743
128,4096,4,32,72.8213
128,4096,4,64,72.864
128,4096,4,128,73.131
128,4096,4,256,73.236
128,4096,4,512,73.728
128,4096,4,1024,75.0083
128,4096,4,2048,77.441
128,4096,4,4096,82.2413
128,4096,4,8192,92.0963
128,4096,4,16384,110.24
128,4096,4,32768,146.54
128,4096,4,65536,218.114
128,4096,8,16,72.2463
128,4096,8,32,72.8
128,4096,8,64,72.8007
128,4096,8,128,72.992
128,4096,8,256,73.2267
128,4096,8,512,75.0297
128,4096,8,1024,77.014
128,4096,8,2048,83.0087
128,4096,8,4096,92.3737
128,4096,8,8192,111.243
128,4096,8,16384,147.862
128,4096,8,32768,220.417
128,4096,8,65536,364.089
128,4096,16,16,72.4263
128,4096,16,32,72.7997
128,4096,16,64,72.5227
128,4096,16,128,73.3017
128,4096,16,256,75.083
128,4096,16,512,77.931
128,4096,16,1024,82.4963
128,4096,16,2048,93.1943
128,4096,16,4096,111.232
128,4096,16,8192,148.309
128,4096,16,16384,220.428
128,4096,16,32768,365.219
128,4096,16,65536,648.857
128,4096,32,16,75.7983
128,4096,32,32,75.3173
128,4096,32,64,75.125
128,4096,32,128,75.4867
128,4096,32,256,79.9797
128,4096,32,512,85.0237
128,4096,32,1024,94.9757
128,4096,32,2048,114.529
128,4096,32,4096,151.083
128,4096,32,8192,223.381
128,4096,32,16384,372.928
128,4096,32,32768,660.944
128,4096,32,65536,1234.86
128,4096,64,16,79.2213
128,4096,64,32,79.3287
128,4096,64,64,79.317
128,4096,64,128,79.585
128,4096,64,256,86.5387
128,4096,64,512,97.1413
128,4096,64,1024,116.971
128,4096,64,2048,153.418
128,4096,64,4096,226.538
128,4096,64,8192,372.353
128,4096,64,16384,662.103
128,4096,64,32768,1250.53
128,4096,64,65536,2410.78
128,4096,128,16,87.1463
128,4096,128,32,86.581
128,4096,128,64,86.464
128,4096,128,128,87.0507
128,4096,128,256,99.6587
128,4096,128,512,119.787
128,4096,128,1024,155.52
128,4096,128,2048,227.841
128,4096,128,4096,370.314
128,4096,128,8192,658.039
128,4096,128,16384,1239.17
128,4096,128,32768,2372.47
128,4096,128,65536,4651.89
128,8192,0,0,110.475
128,8192,1,16,117.74
128,8192,1,32,122.08
128,8192,1,64,120.363
128,8192,1,128,122.229
128,8192,1,256,123.809
128,8192,1,512,122.475
128,8192,1,1024,123.296
128,8192,1,2048,125.952
128,8192,1,4096,122.741
128,8192,1,8192,130.976
128,8192,1,16384,135.765
128,8192,1,32768,143.681
128,8192,1,65536,162.54
128,8192,2,16,122.004
128,8192,2,32,121.44
128,8192,2,64,121.397
128,8192,2,128,122.337
128,8192,2,256,122.24
128,8192,2,512,122.325
128,8192,2,1024,123.563
128,8192,2,2048,125.205
128,8192,2,4096,128.426
128,8192,2,8192,132.789
128,8192,2,16384,142.432
128,8192,2,32768,160.417
128,8192,2,65536,196.672
128,8192,4,16,121.046
128,8192,4,32,121.654
128,8192,4,64,121.312
128,8192,4,128,121.451
128,8192,4,256,121.333
128,8192,4,512,121.43
128,8192,4,1024,123.382
128,8192,4,2048,125.526
128,8192,4,4096,130.731
128,8192,4,8192,140.086
128,8192,4,16384,158.699
128,8192,4,32768,194.774
128,8192,4,65536,267.17
128,8192,8,16,121.109
128,8192,8,32,121.056
128,8192,8,64,120.961
128,8192,8,128,121.451
128,8192,8,256,122.197
128,8192,8,512,123.488
128,8192,8,1024,125.227
128,8192,8,2048,131.157
128,8192,8,4096,140.331
128,8192,8,8192,159.03
128,8192,8,16384,195.861
128,8192,8,32768,268.642
128,8192,8,65536,413.368
128,8192,16,16,121.568
128,8192,16,32,121.238
128,8192,16,64,121.718
128,8192,16,128,121.292
128,8192,16,256,123.711
128,8192,16,512,126.016
128,8192,16,1024,130.912
128,8192,16,2048,141.045
128,8192,16,4096,160.182
128,8192,16,8192,196.917
128,8192,16,16384,268.149
128,8192,16,32768,412.58
128,8192,16,65536,698.64
128,8192,32,16,124.394
128,8192,32,32,124.032
128,8192,32,64,123.958
128,8192,32,128,123.744
128,8192,32,256,127.958
128,8192,32,512,132.992
128,8192,32,1024,143.094
128,8192,32,2048,162.634
128,8192,32,4096,198.997
128,8192,32,8192,273.131
128,8192,32,16384,419.275
128,8192,32,32768,709.573
128,8192,32,65536,1285.93
128,8192,64,16,127.628
128,8192,64,32,127.957
128,8192,64,64,128.15
128,8192,64,128,128.64
128,8192,64,256,134.752
128,8192,64,512,144.992
128,8192,64,1024,165.057
128,8192,64,2048,201.836
128,8192,64,4096,275.137
128,8192,64,8192,420.672
128,8192,64,16384,718.817
128,8192,64,32768,1297.98
128,8192,64,65536,2459.06
128,8192,128,16,135.552
128,8192,128,32,135.755
128,8192,128,64,136.032
128,8192,128,128,135.562
128,8192,128,256,147.702
128,8192,128,512,166.699
128,8192,128,1024,202.998
128,8192,128,2048,275.361
128,8192,128,4096,417.088
128,8192,128,8192,706.124
128,8192,128,16384,1277.79
128,8192,128,32768,2419.19
128,8192,128,65536,4699.39
128,16384,0,0,206.998
128,16384,1,16,220.598
128,16384,1,32,220.918
128,16384,1,64,220.427
128,16384,1,128,220.511
128,16384,1,256,220.864
128,16384,1,512,220.961
128,16384,1,1024,222.314
128,16384,1,2048,223.265
128,16384,1,4096,224.886
128,16384,1,8192,228.673
128,16384,1,16384,230.742
128,16384,1,32768,242.211
128,16384,1,65536,260.652
128,16384,2,16,219.702
128,16384,2,32,219.862
128,16384,2,64,219.18
128,16384,2,128,219.116
128,16384,2,256,220.223
128,16384,2,512,220.054
128,16384,2,1024,221.163
128,16384,2,2048,222.635
128,16384,2,4096,225.408
128,16384,2,8192,229.622
128,16384,2,16384,239.552
128,16384,2,32768,258.786
128,16384,2,65536,296.45
128,16384,4,16,218.998
128,16384,4,32,218.7
128,16384,4,64,218.999
128,16384,4,128,219.104
128,16384,4,256,218.785
128,16384,4,512,219.584
128,16384,4,1024,221.195
128,16384,4,2048,223.074
128,16384,4,4096,227.744
128,16384,4,8192,237.237
128,16384,4,16384,256.139
128,16384,4,32768,295.041
128,16384,4,65536,365.965
128,16384,8,16,219.361
128,16384,8,32,219.137
128,16384,8,64,219.307
128,16384,8,128,218.882
128,16384,8,256,219.435
128,16384,8,512,221.354
128,16384,8,1024,223.082
128,16384,8,2048,227.959
128,16384,8,4096,237.92
128,16384,8,8192,256.32
128,16384,8,16384,292.555
128,16384,8,32768,367.01
128,16384,8,65536,510.211
128,16384,16,16,218.432
128,16384,16,32,219.061
128,16384,16,64,218.977
128,16384,16,128,218.763
128,16384,16,256,220.555
128,16384,16,512,223.808
128,16384,16,1024,228.043
128,16384,16,2048,238.028
128,16384,16,4096,257.483
128,16384,16,8192,293.622
128,16384,16,16384,365.558
128,16384,16,32768,510.052
128,16384,16,65536,796.24
128,16384,32,16,221.622
128,16384,32,32,222.196
128,16384,32,64,221.333
128,16384,32,128,221.548
128,16384,32,256,225.302
128,16384,32,512,230.902
128,16384,32,1024,240.214
128,16384,32,2048,259.403
128,16384,32,4096,295.328
128,16384,32,8192,369.472
128,16384,32,16384,516.161
128,16384,32,32768,805.746
128,16384,32,65536,1383.11
128,16384,64,16,225.877
128,16384,64,32,226.006
128,16384,64,64,225.802
128,16384,64,128,225.75
128,16384,64,256,231.904
128,16384,64,512,242.326
128,16384,64,1024,260.426
128,16384,64,2048,297.365
128,16384,64,4096,370.923
128,16384,64,8192,519.041
128,16384,64,16384,806.817
128,16384,64,32768,1389.58
128,16384,64,65536,2558.33
128,16384,128,16,233.078
128,16384,128,32,233.345
128,16384,128,64,232.886
128,16384,128,128,233.26
128,16384,128,256,243.509
128,16384,128,512,261.44
128,16384,128,1024,297.814
128,16384,128,2048,369.974
128,16384,128,4096,512.257
128,16384,128,8192,800.012
128,16384,128,16384,1376.88
128,16384,128,32768,2513.72
128,16384,128,65536,4803.29
128,32768,0,0,400.579
128,32768,1,16,413.732
128,32768,1,32,413.122
128,32768,1,64,414.212
128,32768,1,128,413.773
128,32768,1,256,414.83
128,32768,1,512,414.339
128,32768,1,1024,413.625
128,32768,1,2048,415.715
128,32768,1,4096,418.468
128,32768,1,8192,420.301
128,32768,1,16384,423.907
128,32768,1,32768,432.738
128,32768,1,65536,451.395
128,32768,2,16,411.694
128,32768,2,32,412.547
128,32768,2,64,411.779
128,32768,2,128,412.527
128,32768,2,256,412.247
128,32768,2,512,412.867
128,32768,2,1024,413.283
128,32768,2,2048,415.79
128,32768,2,4096,418.073
128,32768,2,8192,422.936
128,32768,2,16384,432.418
128,32768,2,32768,448.92
128,32768,2,65536,486.414
128,32768,4,16,411.512
128,32768,4,32,411.651
128,32768,4,64,412.141
128,32768,4,128,410.818
128,32768,4,256,411.929
128,32768,4,512,413.348
128,32768,4,1024,413.859
128,32768,4,2048,416.088
128,32768,4,4096,421.038
128,32768,4,8192,430.957
128,32768,4,16384,447.832
128,32768,4,32768,484.25
128,32768,4,65536,556.09
128,32768,8,16,411.684
128,32768,8,32,411.235
128,32768,8,64,412.569
128,32768,8,128,410.745
128,32768,8,256,412.599
128,32768,8,512,414.446
128,32768,8,1024,415.993
128,32768,8,2048,420.366
128,32768,8,4096,430.211
128,32768,8,8192,448.654
128,32768,8,16384,484.59
128,32768,8,32768,556.645
128,32768,8,65536,700.102
128,32768,16,16,411.459
128,32768,16,32,411.971
128,32768,16,64,411.619
128,32768,16,128,411.758
128,32768,16,256,413.165
128,32768,16,512,415.8
128,32768,16,1024,421.219
128,32768,16,2048,430.883
128,32768,16,4096,448.503
128,32768,16,8192,483.854
128,32768,16,16384,556.676
128,32768,16,32768,701.551
128,32768,16,65536,986.77
128,32768,32,16,415.406
128,32768,32,32,415.032
128,32768,32,64,414.914
128,32768,32,128,415.32
128,32768,32,256,419.374
128,32768,32,512,424.653
128,32768,32,1024,432.206
128,32768,32,2048,451.31
128,32768,32,4096,487.673
128,32768,32,8192,559.331
128,32768,32,16384,704.241
128,32768,32,32768,997.193
128,32768,32,65536,1572.51
128,32768,64,16,418.393
128,32768,64,32,417.85
128,32768,64,64,418.071
128,32768,64,128,419.053
128,32768,64,256,425.123
128,32768,64,512,434.275
128,32768,64,1024,453.572
128,32768,64,2048,491.246
128,32768,64,4096,562.628
128,32768,64,8192,707.045
128,32768,64,16384,999.516
128,32768,64,32768,1591.92
128,32768,64,65536,2747.83
128,32768,128,16,427.065
128,32768,128,32,426.254
128,32768,128,64,426.979
128,32768,128,128,425.966
128,32768,128,256,436.749
128,32768,128,512,452.857
128,32768,128,1024,489.071
128,32768,128,2048,561.337
128,32768,128,4096,704.497
128,32768,128,8192,991.059
128,32768,128,16384,1564.63
128,32768,128,32768,2706.42
128,32768,128,65536,4986.02
128,65536,0,0,783.1
128,65536,1,16,795.165
128,65536,1,32,795.717
128,65536,1,64,795.506
128,65536,1,128,796.359
128,65536,1,256,796.273
128,65536,1,512,796.66
128,65536,1,1024,797.212
128,65536,1,2048,797.852
128,65536,1,4096,799.623
128,65536,1,8192,803.624
128,65536,1,16384,806.289
128,65536,1,32768,816.21
128,65536,1,65536,834.674
128,65536,2,16,795.273
128,65536,2,32,794.802
128,65536,2,64,794.364
128,65536,2,128,795.718
128,65536,2,256,794.503
128,65536,2,512,796.006
128,65536,2,1024,795.75
128,65536,2,2048,799.217
128,65536,2,4096,800.263
128,65536,2,8192,804.261
128,65536,2,16384,813.553
128,65536,2,32768,831.805
128,65536,2,65536,868.361
128,65536,4,16,794.172
128,65536,4,32,793.969
128,65536,4,64,794.374
128,65536,4,128,793.351
128,65536,4,256,793.414
128,65536,4,512,794.854
128,65536,4,1024,796.646
128,65536,4,2048,798.354
128,65536,4,4096,801.478
128,65536,4,8192,810.961
128,65536,4,16384,830.024
128,65536,4,32768,867.934
128,65536,4,65536,938.834
128,65536,8,16,793.585
128,65536,8,32,794.192
128,65536,8,64,794.524
128,65536,8,128,795.014
128,65536,8,256,792.264
128,65536,8,512,796.944
128,65536,8,1024,799.517
128,65536,8,2048,802.759
128,65536,8,4096,810.836
128,65536,8,8192,830.94
128,65536,8,16384,866.012
128,65536,8,32768,938.909
128,65536,8,65536,1083.27
128,65536,16,16,793.97
128,65536,16,32,795.677
128,65536,16,64,793.596
128,65536,16,128,794.983
128,65536,16,256,796.144
128,65536,16,512,797.799
128,65536,16,1024,803.132
128,65536,16,2048,812.796
128,65536,16,4096,830.502
128,65536,16,8192,867.624
128,65536,16,16384,940.167
128,65536,16,32768,1080.4
128,65536,16,65536,1368.75
128,65536,32,16,798.364
128,65536,32,32,797.788
128,65536,32,64,797.553
128,65536,32,128,797.606
128,65536,32,256,801.724
128,65536,32,512,807.163
128,65536,32,1024,815.878
128,65536,32,2048,832.935
128,65536,32,4096,868.561
128,65536,32,8192,940.958
128,65536,32,16384,1085.51
128,65536,32,32768,1379.81
128,65536,32,65536,1951.46
128,65536,64,16,801.426
128,65536,64,32,803.08
128,65536,64,64,801.021
128,65536,64,128,802.011
128,65536,64,256,806.705
128,65536,64,512,818.184
128,65536,64,1024,835.942
128,65536,64,2048,872.774
128,65536,64,4096,944.393
128,65536,64,8192,1091.35
128,65536,64,16384,1379.24
128,65536,64,32768,1968.3
128,65536,64,65536,3134.98
128,65536,128,16,808.998
128,65536,128,32,808.561
128,65536,128,64,810.15
128,65536,128,128,810.096
128,65536,128,256,818.929
128,65536,128,512,837.543
128,65536,128,1024,872.923
128,65536,128,2048,945.714
128,65536,128,4096,1084.99
128,65536,128,8192,1370.02
128,65536,128,16384,1941.89
128,65536,128,32768,3095.28
128,65536,128,65536,5364.69
256,0,0,0,17.568
256,0,1,16,23.2533
256,0,1,32,23.2113
256,0,1,64,23.2113
256,0,1,128,23.3167
256,0,1,256,24.2993
256,0,1,512,24.9927
256,0,1,1024,24.9173
256,0,1,2048,25.4617
256,0,1,4096,26.3797
256,0,1,8192,32.159
256,0,1,16384,37.643
256,0,1,32768,48.0317
256,0,1,65536,66.5607
256,0,2,16,26.5277
256,0,2,32,26.3257
256,0,2,64,26.4627
256,0,2,128,26.4107
256,0,2,256,27.6047
256,0,2,512,28.2877
256,0,2,1024,28.6823
256,0,2,2048,29.5043
256,0,2,4096,34.571
256,0,2,8192,39.5733
256,0,2,16384,50.112
256,0,2,32768,68.5983
256,0,2,65536,105.068
256,0,4,16,26.346
256,0,4,32,26.496
256,0,4,64,26.421
256,0,4,128,26.5063
256,0,4,256,27.862
256,0,4,512,28.48
256,0,4,1024,29.6743
256,0,4,2048,32.7563
256,0,4,4096,37.3123
256,0,4,8192,47.926
256,0,4,16384,66.9877
256,0,4,32768,102.763
256,0,4,65536,175.724
256,0,8,16,26.1223
256,0,8,32,26.4217
256,0,8,64,26.5483
256,0,8,128,26.5597
256,0,8,256,28.0433
256,0,8,512,29.792
256,0,8,1024,32.0003
256,0,8,2048,37.1307
256,0,8,4096,48.1493
256,0,8,8192,66.88
256,0,8,16384,103.104
256,0,8,32768,175.052
256,0,8,65536,318.84
256,0,16,16,27.531
256,0,16,32,27.4233
256,0,16,64,27.467
256,0,16,128,28.0847
256,0,16,256,30.1443
256,0,16,512,32.8213
256,0,16,1024,38.1857
256,0,16,2048,48.5763
256,0,16,4096,68.011
256,0,16,8192,104.065
256,0,16,16384,176.022
256,0,16,32768,319.267
256,0,16,65536,606.052
256,0,32,16,29.717
256,0,32,32,29.7177
256,0,32,64,29.44
256,0,32,128,29.8883
256,0,32,256,34.4
256,0,32,512,39.3707
256,0,32,1024,50.1
256,0,32,2048,69.3127
256,0,32,4096,106.517
256,0,32,8192,179.03
256,0,32,16384,325.195
256,0,32,32768,618.554
256,0,32,65536,1199.06
256,0,64,16,34.944
256,0,64,32,35.029
256,0,64,64,35.1043
256,0,64,128,35.552
256,0,64,256,42.4107
256,0,64,512,53.9307
256,0,64,1024,73.951
256,0,64,2048,110.337
256,0,64,4096,183.67
256,0,64,8192,332.193
256,0,64,16384,623.585
256,0,64,32768,1208.36
256,0,64,65536,2374.3
256,0,128,16,43.2317
256,0,128,32,43.317
256,0,128,64,43.1147
256,0,128,128,43.649
256,0,128,256,56.63
256,0,128,512,77.0673
256,0,128,1024,112.789
256,0,128,2048,184.619
256,0,128,4096,328.268
256,0,128,8192,615.809
256,0,128,16384,1189.7
256,0,128,32768,2326.98
256,0,128,65536,4607.84
256,16,0,0,19.4027
256,16,1,16,24.8747
256,16,1,32,24.8853
256,16,1,64,25.0233
256,16,1,128,24.982
256,16,1,256,26.1653
256,16,1,512,26.7203
256,16,1,1024,26.72
256,16,1,2048,27.1897
256,16,1,4096,28.384
256,16,1,8192,33.984
256,16,1,16384,39.3387
256,16,1,32768,50.0067
256,16,1,65536,68.256
256,16,2,16,28.01
256,16,2,32,28.203
256,16,2,64,28.172
256,16,2,128,28.096
256,16,2,256,29.238
256,16,2,512,30.197
256,16,2,1024,30.4853
256,16,2,2048,31.3057
256,16,2,4096,36.5117
256,16,2,8192,41.1723
256,16,2,16384,52.108
256,16,2,32768,70.241
256,16,2,65536,106.817
256,16,4,16,28.341
256,16,4,32,28.4473
256,16,4,64,28.4047
256,16,4,128,28.3633
256,16,4,256,29.8133
256,16,4,512,30.6147
256,16,4,1024,31.52
256,16,4,2048,34.5173
256,16,4,4096,39.21
256,16,4,8192,49.8773
256,16,4,16384,68.6193
256,16,4,32768,105.536
256,16,4,65536,177.794
256,16,8,16,28.182
256,16,8,32,28.362
256,16,8,64,28.2023
256,16,8,128,28.2243
256,16,8,256,29.8447
256,16,8,512,31.6377
256,16,8,1024,33.8777
256,16,8,2048,39.0933
256,16,8,4096,49.4827
256,16,8,8192,69.088
256,16,8,16384,105.291
256,16,8,32768,177.292
256,16,8,65536,321.688
256,16,16,16,29.206
256,16,16,32,29.2043
256,16,16,64,29.2267
256,16,16,128,29.9413
256,16,16,256,31.8297
256,16,16,512,34.6027
256,16,16,1024,39.7543
256,16,16,2048,50.5167
256,16,16,4096,69.9203
256,16,16,8192,106.4
256,16,16,16384,177.877
256,16,16,32768,321.111
256,16,16,65536,607.331
256,16,32,16,31.6157
256,16,32,32,31.446
256,16,32,64,31.2317
256,16,32,128,31.7757
256,16,32,256,36.235
256,16,32,512,41.3653
256,16,32,1024,52.341
256,16,32,2048,71.317
256,16,32,4096,108.043
256,16,32,8192,180.992
256,16,32,16384,326.698
256,16,32,32768,619.236
256,16,32,65536,1194.55
256,16,64,16,36.864
256,16,64,32,36.822
256,16,64,64,36.778
256,16,64,128,37.162
256,16,64,256,44.363
256,16,64,512,55.531
256,16,64,1024,75.563
256,16,64,2048,112.213
256,16,64,4096,185.429
256,16,64,8192,332.631
256,16,64,16384,629.548
256,16,64,32768,1205.31
256,16,64,65536,2379.72
256,16,128,16,45.205
256,16,128,32,44.9713
256,16,128,64,44.7043
256,16,128,128,45.184
256,16,128,256,58.261
256,16,128,512,78.2617
256,16,128,1024,114.881
256,16,128,2048,186.54
256,16,128,4096,329.398
256,16,128,8192,615.691
256,16,128,16384,1194.08
256,16,128,32768,2328.11
256,16,128,65536,4617.17
256,32,0,0,19.2107
256,32,1,16,24.8423
256,32,1,32,24.9173
256,32,1,64,25.0137
256,32,1,128,25.024
256,32,1,256,26.059
256,32,1,512,26.8267
256,32,1,1024,26.6563
256,32,1,2048,27.243
256,32,1,4096,28.267
256,32,1,8192,34.0693
256,32,1,16384,39.339
256,32,1,32768,49.8877
256,32,1,65536,68.6507
256,32,2,16,27.9353
256,32,2,32,28.1277
256,32,2,64,27.9463
256,32,2,128,28.0423
256,32,2,256,29.281
256,32,2,512,30.2303
256,32,2,1024,30.325
256,32,2,2048,31.3077
256,32,2,4096,36.266
256,32,2,8192,41.2057
256,32,2,16384,51.9257
256,32,2,32768,70.2933
256,32,2,65536,107.618
256,32,4,16,28.1497
256,32,4,32,28.1493
256,32,4,64,28.1383
256,32,4,128,28.2023
256,32,4,256,29.3437
256,32,4,512,30.2927
256,32,4,1024,31.1787
256,32,4,2048,34.496
256,32,4,4096,39.018
256,32,4,8192,49.727
256,32,4,16384,68.2027
256,32,4,32768,104.961
256,32,4,65536,176.727
256,32,8,16,28.107
256,32,8,32,28.1487
256,32,8,64,28.15
256,32,8,128,28.0957
256,32,8,256,29.5357
256,32,8,512,31.4987
256,32,8,1024,33.8027
256,32,8,2048,39.147
256,32,8,4096,49.537
256,32,8,8192,69.088
256,32,8,16384,105.163
256,32,8,32768,176.758
256,32,8,65536,321.56
256,32,16,16,29.173
256,32,16,32,29.216
256,32,16,64,29.3447
256,32,16,128,29.9
256,32,16,256,31.5727
256,32,16,512,34.4427
256,32,16,1024,39.616
256,32,16,2048,50.528
256,32,16,4096,69.3227
256,32,16,8192,106.464
256,32,16,16384,177.429
256,32,16,32768,321.111
256,32,16,65536,607.461
256,32,32,16,31.21
256,32,32,32,31.445
256,32,32,64,30.9963
256,32,32,128,31.7113
256,32,32,256,36.3417
256,32,32,512,41.494
256,32,32,1024,51.872
256,32,32,2048,71.1253
256,32,32,4096,107.958
256,32,32,8192,180.556
256,32,32,16384,327.713
256,32,32,32768,617.37
256,32,32,65536,1198.71
256,32,64,16,36.7467
256,32,64,32,36.896
256,32,64,64,36.8747
256,32,64,128,37.0567
256,32,64,256,44.0957
256,32,64,512,55.456
256,32,64,1024,75.4447
256,32,64,2048,111.723
256,32,64,4096,185.279
256,32,64,8192,330.123
256,32,64,16384,624.173
256,32,64,32768,1202.94
256,32,64,65536,2367
256,32,128,16,45.2907
256,32,128,32,45.227
256,32,128,64,44.8863
256,32,128,128,45.323
256,32,128,256,58.2927
256,32,128,512,78.699
256,32,128,1024,114.646
256,32,128,2048,186.506
256,32,128,4096,330.849
256,32,128,8192,618.699
256,32,128,16384,1192.9
256,32,128,32768,2330.69
256,32,128,65536,4612.35
256,64,0,0,19.2853
256,64,1,16,25.045
256,64,1,32,24.8957
256,64,1,64,24.949
256,64,1,128,25.0663
256,64,1,256,26.0377
256,64,1,512,26.6447
256,64,1,1024,26.5603
256,64,1,2048,27.1573
256,64,1,4096,28.1287
256,64,1,8192,33.835
256,64,1,16384,39.254
256,64,1,32768,49.7173
256,64,1,65536,68.1707
256,64,2,16,28.021
256,64,2,32,27.7553
256,64,2,64,28.256
256,64,2,128,28.1073
256,64,2,256,29.1423
256,64,2,512,29.9627
256,64,2,1024,30.325
256,64,2,2048,31.2003
256,64,2,4096,36.043
256,64,2,8192,41.078
256,64,2,16384,51.7323
256,64,2,32768,70.1767
256,64,2,65536,107.552
256,64,4,16,28.182
256,64,4,32,28.4803
256,64,4,64,28.373
256,64,4,128,28.3627
256,64,4,256,29.4607
256,64,4,512,30.4207
256,64,4,1024,31.6053
256,64,4,2048,34.5603
256,64,4,4096,39.114
256,64,4,8192,49.686
256,64,4,16384,68.363
256,64,4,32768,105.333
256,64,4,65536,177.516
256,64,8,16,28.1597
256,64,8,32,28.074
256,64,8,64,28.0533
256,64,8,128,28.2987
256,64,8,256,29.7487
256,64,8,512,31.3607
256,64,8,1024,33.813
256,64,8,2048,39.1033
256,64,8,4096,49.4187
256,64,8,8192,68.394
256,64,8,16384,105.087
256,64,8,32768,177.291
256,64,8,65536,321.752
256,64,16,16,29.0017
256,64,16,32,28.9913
256,64,16,64,29.227
256,64,16,128,29.771
256,64,16,256,31.7867
256,64,16,512,34.4967
256,64,16,1024,39.4663
256,64,16,2048,50.421
256,64,16,4096,69.931
256,64,16,8192,105.771
256,64,16,16384,178.304
256,64,16,32768,320.718
256,64,16,65536,608.686
256,64,32,16,31.275
256,64,32,32,31.3713
256,64,32,64,31.2107
256,64,32,128,31.6037
256,64,32,256,36.064
256,64,32,512,41.1627
256,64,32,1024,51.329
256,64,32,2048,70.8693
256,64,32,4096,108.086
256,64,32,8192,180.405
256,64,32,16384,327.669
256,64,32,32768,618.287
256,64,32,65536,1195.35
256,64,64,16,36.9913
256,64,64,32,36.9503
256,64,64,64,36.725
256,64,64,128,36.9913
256,64,64,256,44.0957
256,64,64,512,55.1887
256,64,64,1024,75.9253
256,64,64,2048,111.893
256,64,64,4096,185.162
256,64,64,8192,333.899
256,64,64,16384,622.422
256,64,64,32768,1204.14
256,64,64,65536,2370.87
256,64,128,16,45.1097
256,64,128,32,45.0243
256,64,128,64,44.8107
256,64,128,128,45.237
256,64,128,256,58.133
256,64,128,512,78.081
256,64,128,1024,114.571
256,64,128,2048,186.805
256,64,128,4096,329.066
256,64,128,8192,615.723
256,64,128,16384,1193.45
256,64,128,32768,2332.71
256,64,128,65536,4612.18
256,128,0,0,18.9433
256,128,1,16,24.48
256,128,1,32,24.6503
256,128,1,64,24.7253
256,128,1,128,24.832
256,128,1,256,25.6213
256,128,1,512,26.5383
256,128,1,1024,26.7303
256,128,1,2048,26.9653
256,128,1,4096,27.893
256,128,1,8192,33.6097
256,128,1,16384,39.328
256,128,1,32768,49.4187
256,128,1,65536,68.438
256,128,2,16,27.7227
256,128,2,32,27.829
256,128,2,64,27.8083
256,128,2,128,27.648
256,128,2,256,28.7467
256,128,2,512,29.7493
256,128,2,1024,30.0267
256,128,2,2048,31.0403
256,128,2,4096,35.8713
256,128,2,8192,40.832
256,128,2,16384,51.4553
256,128,2,32768,70.1127
256,128,2,65536,106.496
256,128,4,16,27.8293
256,128,4,32,27.8943
256,128,4,64,27.8393
256,128,4,128,27.9047
256,128,4,256,29.1627
256,128,4,512,30.058
256,128,4,1024,31.36
256,128,4,2048,33.9733
256,128,4,4096,38.9117
256,128,4,8192,49.588
256,128,4,16384,68.1293
256,128,4,32768,104.62
256,128,4,65536,176.652
256,128,8,16,27.8183
256,128,8,32,27.8083
256,128,8,64,27.7863
256,128,8,128,27.7443
256,128,8,256,29.4507
256,128,8,512,31.083
256,128,8,1024,33.4397
256,128,8,2048,38.5813
256,128,8,4096,49.4833
256,128,8,8192,68.2237
256,128,8,16384,104.757
256,128,8,32768,175.906
256,128,8,65536,320.013
256,128,16,16,28.95
256,128,16,32,29.0453
256,128,16,64,29.003
256,128,16,128,29.5363
256,128,16,256,31.2953
256,128,16,512,34.3463
256,128,16,1024,39.3387
256,128,16,2048,49.8777
256,128,16,4096,69.3973
256,128,16,8192,106.23
256,128,16,16384,178.091
256,128,16,32768,321.144
256,128,16,65536,607.225
256,128,32,16,31.083
256,128,32,32,30.9237
256,128,32,64,31.1573
256,128,32,128,31.3917
256,128,32,256,35.9367
256,128,32,512,40.7363
256,128,32,1024,51.413
256,128,32,2048,70.6987
256,128,32,4096,107.562
256,128,32,8192,180.086
256,128,32,16384,326.454
256,128,32,32768,616.283
256,128,32,65536,1193.54
256,128,64,16,36.7143
256,128,64,32,36.384
256,128,64,64,36.971
256,128,64,128,36.8433
256,128,64,256,43.8617
256,128,64,512,54.6667
256,128,64,1024,75.158
256,128,64,2048,112.001
256,128,64,4096,185.643
256,128,64,8192,332.758
256,128,64,16384,626.017
256,128,64,32768,1202.59
256,128,64,65536,2369.19
256,128,128,16,44.8527
256,128,128,32,44.5873
256,128,128,64,44.6613
256,128,128,128,45.3127
256,128,128,256,57.6747
256,128,128,512,77.7283
256,128,128,1024,114.314
256,128,128,2048,186.368
256,128,128,4096,329.376
256,128,128,8192,617.932
256,128,128,16384,1191.61
256,128,128,32768,2328.19
256,128,128,65536,4613.55
256,256,0,0,20.4273
256,256,1,16,26.1867
256,256,1,32,26.069
256,256,1,64,26.1223
256,256,1,128,26.0273
256,256,1,256,27.2317
256,256,1,512,27.7873
256,256,1,1024,27.777
256,256,1,2048,28.3843
256,256,1,4096,29.3123
256,256,1,8192,35.1357
256,256,1,16384,40.4373
256,256,1,32768,50.9123
256,256,1,65536,68.9287
256,256,2,16,29.3443
256,256,2,32,29.248
256,256,2,64,29.344
256,256,2,128,29.3433
256,256,2,256,30.4543
256,256,2,512,31.3077
256,256,2,1024,31.552
256,256,2,2048,32.3737
256,256,2,4096,37.1737
256,256,2,8192,42.2937
256,256,2,16384,52.9813
256,256,2,32768,71.2643
256,256,2,65536,107.51
256,256,4,16,29.4193
256,256,4,32,29.6637
256,256,4,64,29.632
256,256,4,128,29.4927
256,256,4,256,30.8487
256,256,4,512,31.606
256,256,4,1024,32.7677
256,256,4,2048,35.4893
256,256,4,4096,40.6187
256,256,4,8192,50.9653
256,256,4,16384,69.802
256,256,4,32768,106.114
256,256,4,65536,177.739
256,256,8,16,29.3117
256,256,8,32,29.291
256,256,8,64,29.3543
256,256,8,128,29.6003
256,256,8,256,30.762
256,256,8,512,32.6193
256,256,8,1024,35.275
256,256,8,2048,40.053
256,256,8,4096,50.7413
256,256,8,8192,69.3983
256,256,8,16384,106.027
256,256,8,32768,178.402
256,256,8,65536,322.338
256,256,16,16,30.187
256,256,16,32,30.4853
256,256,16,64,30.4643
256,256,16,128,31.0827
256,256,16,256,32.78
256,256,16,512,35.702
256,256,16,1024,40.929
256,256,16,2048,51.3703
256,256,16,4096,70.4
256,256,16,8192,107.147
256,256,16,16384,179.637
256,256,16,32768,321.954
256,256,16,65536,609.743
256,256,32,16,32.5013
256,256,32,32,32.6607
256,256,32,64,32.4467
256,256,32,128,32.768
256,256,32,256,37.1097
256,256,32,512,42.294
256,256,32,1024,52.9397
256,256,32,2048,72.7473
256,256,32,4096,109.334
256,256,32,8192,181.578
256,256,32,16384,327.501
256,256,32,32768,618.873
256,256,32,65536,1194.73
256,256,64,16,38.0793
256,256,64,32,37.9207
256,256,64,64,38.134
256,256,64,128,38.1437
256,256,64,256,45.3763
256,256,64,512,56.7577
256,256,64,1024,76.502
256,256,64,2048,113.174
256,256,64,4096,187.478
256,256,64,8192,333.024
256,256,64,16384,630.017
256,256,64,32768,1202.64
256,256,64,65536,2366.56
256,256,128,16,46.1227
256,256,128,32,46.08
256,256,128,64,45.8883
256,256,128,128,46.4323
256,256,128,256,58.6457
256,256,128,512,80.149
256,256,128,1024,115.573
256,256,128,2048,187.915
256,256,128,4096,330.623
256,256,128,8192,619.275
256,256,128,16384,1204.59
256,256,128,32768,2331.84
256,256,128,65536,4624.64
256,512,0,0,23.3813
256,512,1,16,29.642
256,512,1,32,29.8243
256,512,1,64,29.8037
256,512,1,128,29.899
256,512,1,256,29.6527
256,512,1,512,30.8157
256,512,1,1024,30.9653
256,512,1,2048,31.2213
256,512,1,4096,32.352
256,512,1,8192,37.9623
256,512,1,16384,43.328
256,512,1,32768,53.8133
256,512,1,65536,72.3633
256,512,2,16,32.8
256,512,2,32,33.2267
256,512,2,64,33.014
256,512,2,128,33.1087
256,512,2,256,33.0993
256,512,2,512,34.3253
256,512,2,1024,34.56
256,512,2,2048,35.435
256,512,2,4096,40.1487
256,512,2,8192,45.312
256,512,2,16384,55.9577
256,512,2,32768,74.8047
256,512,2,65536,110.625
256,512,4,16,33.2803
256,512,4,32,33.2793
256,512,4,64,33.2373
256,512,4,128,33.3763
256,512,4,256,33.3013
256,512,4,512,34.7093
256,512,4,1024,35.5947
256,512,4,2048,38.5073
256,512,4,4096,43.0393
256,512,4,8192,53.8883
256,512,4,16384,72.3193
256,512,4,32768,108.726
256,512,4,65536,181.559
256,512,8,16,33.6423
256,512,8,32,33.632
256,512,8,64,33.7817
256,512,8,128,33.761
256,512,8,256,33.9727
256,512,8,512,35.6377
256,512,8,1024,38.2507
256,512,8,2048,43.1253
256,512,8,4096,53.6083
256,512,8,8192,72.4277
256,512,8,16384,109.099
256,512,8,32768,180.608
256,512,8,65536,325.314
256,512,16,16,33.429
256,512,16,32,33.7383
256,512,16,64,33.5477
256,512,16,128,34.1117
256,512,16,256,36.0647
256,512,16,512,38.5807
256,512,16,1024,43.9467
256,512,16,2048,54.4537
256,512,16,4096,73.302
256,512,16,8192,110.187
256,512,16,16384,182.07
256,512,16,32768,324.524
256,512,16,65536,612.708
256,512,32,16,35.7443
256,512,32,32,35.563
256,512,32,64,35.5633
256,512,32,128,35.775
256,512,32,256,40.192
256,512,32,512,45.3127
256,512,32,1024,55.6053
256,512,32,2048,75.253
256,512,32,4096,111.905
256,512,32,8192,184.352
256,512,32,16384,333.484
256,512,32,32768,621.818
256,512,32,65536,1200.05
256,512,64,16,41.1733
256,512,64,32,40.9813
256,512,64,64,41.077
256,512,64,128,41.258
256,512,64,256,48.4797
256,512,64,512,59.67
256,512,64,1024,80.086
256,512,64,2048,115.83
256,512,64,4096,188.748
256,512,64,8192,338.166
256,512,64,16384,627.232
256,512,64,32768,1206.96
256,512,64,65536,2371.09
256,512,128,16,49.1407
256,512,128,32,49.2167
256,512,128,64,49.2057
256,512,128,128,49.579
256,512,128,256,62.4113
256,512,128,512,82.7747
256,512,128,1024,118.795
256,512,128,2048,190.389
256,512,128,4096,334.347
256,512,128,8192,621.665
256,512,128,16384,1196.1
256,512,128,32768,2336.8
256,512,128,65536,4620.64
256,1024,0,0,29.6317
256,1024,1,16,36.0117
256,1024,1,32,35.7433
256,1024,1,64,35.797
256,1024,1,128,35.84
256,1024,1,256,36.0643
256,1024,1,512,36.0003
256,1024,1,1024,37.099
256,1024,1,2048,37.7713
256,1024,1,4096,38.8587
256,1024,1,8192,44.2663
256,1024,1,16384,49.6963
256,1024,1,32768,60.3413
256,1024,1,65536,78.2187
256,1024,2,16,39.318
256,1024,2,32,39.4147
256,1024,2,64,39.4877
256,1024,2,128,39.4347
256,1024,2,256,39.445
256,1024,2,512,39.5297
256,1024,2,1024,40.758
256,1024,2,2048,41.8347
256,1024,2,4096,46.613
256,1024,2,8192,51.5747
256,1024,2,16384,62.3793
256,1024,2,32768,80.8107
256,1024,2,65536,117.717
256,1024,4,16,39.541
256,1024,4,32,39.7653
256,1024,4,64,39.8293
256,1024,4,128,40.0327
256,1024,4,256,40.0217
256,1024,4,512,40.1923
256,1024,4,1024,41.984
256,1024,4,2048,44.768
256,1024,4,4096,49.621
256,1024,4,8192,60.0213
256,1024,4,16384,78.997
256,1024,4,32768,115.712
256,1024,4,65536,188.054
256,1024,8,16,39.851
256,1024,8,32,39.9463
256,1024,8,64,39.9573
256,1024,8,128,40.2783
256,1024,8,256,40.4487
256,1024,8,512,41.631
256,1024,8,1024,44.4903
256,1024,8,2048,49.4407
256,1024,8,4096,59.9797
256,1024,8,8192,78.89
256,1024,8,16384,115.158
256,1024,8,32768,187.936
256,1024,8,65536,330.84
256,1024,16,16,39.819
256,1024,16,32,39.6597
256,1024,16,64,39.9043
256,1024,16,128,40.0963
256,1024,16,256,42.0897
256,1024,16,512,45.0667
256,1024,16,1024,50.101
256,1024,16,2048,60.768
256,1024,16,4096,80.0747
256,1024,16,8192,116.416
256,1024,16,16384,188.928
256,1024,16,32768,330.744
256,1024,16,65536,618.052
256,1024,32,16,42.1757
256,1024,32,32,41.9417
256,1024,32,64,41.9517
256,1024,32,128,41.9203
256,1024,32,256,46.5927
256,1024,32,512,51.6907
256,1024,32,1024,62.485
256,1024,32,2048,81.4083
256,1024,32,4096,118.848
256,1024,32,8192,191.819
256,1024,32,16384,339.296
256,1024,32,32768,627.226
256,1024,32,65536,1205.65
256,1024,64,16,47.425
256,1024,64,32,47.4463
256,1024,64,64,47.2853
256,1024,64,128,47.584
256,1024,64,256,54.3787
256,1024,64,512,65.857
256,1024,64,1024,86.1223
256,1024,64,2048,122.815
256,1024,64,4096,195.52
256,1024,64,8192,341.718
256,1024,64,16384,636.246
256,1024,64,32768,1215.48
256,1024,64,65536,2374.98
256,1024,128,16,55.467
256,1024,128,32,55.3073
256,1024,128,64,55.413
256,1024,128,128,55.541
256,1024,128,256,68.4597
256,1024,128,512,88.9503
256,1024,128,1024,125.142
256,1024,128,2048,197.088
256,1024,128,4096,339.447
256,1024,128,8192,627.851
256,1024,128,16384,1203.33
256,1024,128,32768,2342.47
256,1024,128,65536,4625.24
256,2048,0,0,41.7703
256,2048,1,16,48.2353
256,2048,1,32,48.203
256,2048,1,64,48.097
256,2048,1,128,48.3407
256,2048,1,256,48.4167
256,2048,1,512,48.512
256,2048,1,1024,48.2887
256,2048,1,2048,50.017
256,2048,1,4096,51.104
256,2048,1,8192,56.3627
256,2048,1,16384,62.486
256,2048,1,32768,72.0967
256,2048,1,65536,90.87
256,2048,2,16,51.3707
256,2048,2,32,51.691
256,2048,2,64,51.4777
256,2048,2,128,51.605
256,2048,2,256,51.829
256,2048,2,512,51.8073
256,2048,2,1024,52.3307
256,2048,2,2048,53.888
256,2048,2,4096,58.6983
256,2048,2,8192,63.8617
256,2048,2,16384,74.2307
256,2048,2,32768,93.013
256,2048,2,65536,130.849
256,2048,4,16,52.458
256,2048,4,32,52.1707
256,2048,4,64,52.117
256,2048,4,128,52.353
256,2048,4,256,52.565
256,2048,4,512,53.1093
256,2048,4,1024,54.837
256,2048,4,2048,57.1733
256,2048,4,4096,61.6323
256,2048,4,8192,72.107
256,2048,4,16384,91.0293
256,2048,4,32768,127.746
256,2048,4,65536,199.329
256,2048,8,16,52.299
256,2048,8,32,52.2243
256,2048,8,64,52.0103
256,2048,8,128,52.0213
256,2048,8,256,52.4803
256,2048,8,512,54.1643
256,2048,8,1024,56.512
256,2048,8,2048,61.5993
256,2048,8,4096,72.0847
256,2048,8,8192,91.1033
256,2048,8,16384,127.413
256,2048,8,32768,199.468
256,2048,8,65536,343
256,2048,16,16,52.0003
256,2048,16,32,52.0967
256,2048,16,64,52.107
256,2048,16,128,52.299
256,2048,16,256,54.347
256,2048,16,512,57.2367
256,2048,16,1024,62.0903
256,2048,16,2048,72.7157
256,2048,16,4096,92.1807
256,2048,16,8192,129.036
256,2048,16,16384,200.47
256,2048,16,32768,345.58
256,2048,16,65536,630.275
256,2048,32,16,54.3683
256,2048,32,32,54.443
256,2048,32,64,53.963
256,2048,32,128,54.431
256,2048,32,256,58.6987
256,2048,32,512,63.9897
256,2048,32,1024,74.262
256,2048,32,2048,93.493
256,2048,32,4096,129.877
256,2048,32,8192,202.283
256,2048,32,16384,349.248
256,2048,32,32768,641.679
256,2048,32,65536,1213.97
256,2048,64,16,59.9253
256,2048,64,32,59.5633
256,2048,64,64,59.4343
256,2048,64,128,60.3203
256,2048,64,256,67.1577
256,2048,64,512,77.7487
256,2048,64,1024,98.1873
256,2048,64,2048,135.051
256,2048,64,4096,207.467
256,2048,64,8192,351.787
256,2048,64,16384,650.486
256,2048,64,32768,1236.82
256,2048,64,65536,2390.52
256,2048,128,16,67.957
256,2048,128,32,68.0323
256,2048,128,64,67.7003
256,2048,128,128,68.042
256,2048,128,256,80.8853
256,2048,128,512,100.864
256,2048,128,1024,136.864
256,2048,128,2048,209.259
256,2048,128,4096,351.798
256,2048,128,8192,639.137
256,2048,128,16384,1212.68
256,2048,128,32768,2352.05
256,2048,128,65536,4640.74
256,4096,0,0,66.3253
256,4096,1,16,72.597
256,4096,1,32,72.6077
256,4096,1,64,72.5443
256,4096,1,128,72.491
256,4096,1,256,72.3847
256,4096,1,512,72.512
256,4096,1,1024,72.6407
256,4096,1,2048,73.441
256,4096,1,4096,75.3387
256,4096,1,8192,80.8753
256,4096,1,16384,86.5487
256,4096,1,32768,95.9797
256,4096,1,65536,115.126
256,4096,2,16,76.8747
256,4096,2,32,77.0997
256,4096,2,64,76.9817
256,4096,2,128,77.0563
256,4096,2,256,77.6007
256,4096,2,512,77.5357
256,4096,2,1024,78.667
256,4096,2,2048,80.215
256,4096,2,4096,82.7617
256,4096,2,8192,88.471
256,4096,2,16384,98.6983
256,4096,2,32768,117.505
256,4096,2,65536,155.212
256,4096,4,16,76.4907
256,4096,4,32,76.5973
256,4096,4,64,76.4913
256,4096,4,128,76.5007
256,4096,4,256,76.7043
256,4096,4,512,77.4083
256,4096,4,1024,78.5287
256,4096,4,2048,81.0983
256,4096,4,4096,86.346
256,4096,4,8192,96.138
256,4096,4,16384,114.859
256,4096,4,32768,151.553
256,4096,4,65536,223.852
256,4096,8,16,76.001
256,4096,8,32,76.3527
256,4096,8,64,76.438
256,4096,8,128,76.4157
256,4096,8,256,76.5873
256,4096,8,512,78.6667
256,4096,8,1024,80.7357
256,4096,8,2048,85.995
256,4096,8,4096,96.704
256,4096,8,8192,114.966
256,4096,8,16384,151.649
256,4096,8,32768,224.183
256,4096,8,65536,368.227
256,4096,16,16,76.4043
256,4096,16,32,76.3527
256,4096,16,64,76.693
256,4096,16,128,76.9927
256,4096,16,256,78.4537
256,4096,16,512,81.472
256,4096,16,1024,86.9867
256,4096,16,2048,96.4917
256,4096,16,4096,116.544
256,4096,16,8192,153.077
256,4096,16,16384,224.576
256,4096,16,32768,369.154
256,4096,16,65536,655.345
256,4096,32,16,78.5603
256,4096,32,32,78.8157
256,4096,32,64,78.507
256,4096,32,128,78.9323
256,4096,32,256,83.168
256,4096,32,512,88.5233
256,4096,32,1024,98.475
256,4096,32,2048,118.07
256,4096,32,4096,155.104
256,4096,32,8192,228
256,4096,32,16384,373.846
256,4096,32,32768,670.276
256,4096,32,65536,1241.79
256,4096,64,16,84.2673
256,4096,64,32,83.8937
256,4096,64,64,83.904
256,4096,64,128,84.4277
256,4096,64,256,91.2653
256,4096,64,512,102.006
256,4096,64,1024,121.504
256,4096,64,2048,159.69
256,4096,64,4096,231.605
256,4096,64,8192,381.024
256,4096,64,16384,671.041
256,4096,64,32768,1248.46
256,4096,64,65536,2413.48
256,4096,128,16,92.246
256,4096,128,32,92.31
256,4096,128,64,92.075
256,4096,128,128,92.2453
256,4096,128,256,105.141
256,4096,128,512,124.224
256,4096,128,1024,160.939
256,4096,128,2048,232.896
256,4096,128,4096,375.328
256,4096,128,8192,670.411
256,4096,128,16384,1234.88
256,4096,128,32768,2378.63
256,4096,128,65536,4665.41
256,8192,0,0,115.008
256,8192,1,16,126.005
256,8192,1,32,125.483
256,8192,1,64,125.27
256,8192,1,128,125.899
256,8192,1,256,126.763
256,8192,1,512,126.464
256,8192,1,1024,127.648
256,8192,1,2048,128.001
256,8192,1,4096,129.536
256,8192,1,8192,132.917
256,8192,1,16384,139.019
256,8192,1,32768,147.489
256,8192,1,65536,167.649
256,8192,2,16,125.909
256,8192,2,32,125.43
256,8192,2,64,125.281
256,8192,2,128,125.579
256,8192,2,256,126.346
256,8192,2,512,126.528
256,8192,2,1024,127.36
256,8192,2,2048,128.567
256,8192,2,4096,131.467
256,8192,2,8192,136.716
256,8192,2,16384,146.614
256,8192,2,32768,165.313
256,8192,2,65536,203.778
256,8192,4,16,124.672
256,8192,4,32,125.141
256,8192,4,64,125.781
256,8192,4,128,125.141
256,8192,4,256,124.758
256,8192,4,512,125.771
256,8192,4,1024,127.201
256,8192,4,2048,129.845
256,8192,4,4096,134.634
256,8192,4,8192,144.47
256,8192,4,16384,163.425
256,8192,4,32768,200.066
256,8192,4,65536,272.706
256,8192,8,16,124.822
256,8192,8,32,125.119
256,8192,8,64,124.672
256,8192,8,128,124.832
256,8192,8,256,125.314
256,8192,8,512,127.295
256,8192,8,1024,129.525
256,8192,8,2048,134.23
256,8192,8,4096,144.065
256,8192,8,8192,163.819
256,8192,8,16384,199.915
256,8192,8,32768,271.853
256,8192,8,65536,417.443
256,8192,16,16,124.961
256,8192,16,32,125.014
256,8192,16,64,125.376
256,8192,16,128,125.494
256,8192,16,256,126.795
256,8192,16,512,130.251
256,8192,16,1024,135.137
256,8192,16,2048,144.694
256,8192,16,4096,164.192
256,8192,16,8192,200.587
256,8192,16,16384,272.982
256,8192,16,32768,417.443
256,8192,16,65536,702.778
256,8192,32,16,127.893
256,8192,32,32,128.182
256,8192,32,64,127.414
256,8192,32,128,127.542
256,8192,32,256,131.594
256,8192,32,512,136.341
256,8192,32,1024,146.805
256,8192,32,2048,166.581
256,8192,32,4096,203.893
256,8192,32,8192,277.663
256,8192,32,16384,424.918
256,8192,32,32768,714.159
256,8192,32,65536,1289.44
256,8192,64,16,132.384
256,8192,64,32,132.341
256,8192,64,64,132.822
256,8192,64,128,132.758
256,8192,64,256,139.21
256,8192,64,512,150.731
256,8192,64,1024,169.952
256,8192,64,2048,207.019
256,8192,64,4096,280.074
256,8192,64,8192,428.096
256,8192,64,16384,722.378
256,8192,64,32768,1306.74
256,8192,64,65536,2479.61
256,8192,128,16,140.737
256,8192,128,32,141.258
256,8192,128,64,140.501
256,8192,128,128,140.619
256,8192,128,256,152.449
256,8192,128,512,171.776
256,8192,128,1024,207.584
256,8192,128,2048,281.164
256,8192,128,4096,423.36
256,8192,128,8192,712.054
256,8192,128,16384,1293.89
256,8192,128,32768,2424.79
256,8192,128,65536,4705.88
256,16384,0,0,211.776
256,16384,1,16,224.352
256,16384,1,32,224.373
256,16384,1,64,223.991
256,16384,1,128,224.438
256,16384,1,256,225.718
256,16384,1,512,224.918
256,16384,1,1024,225.557
256,16384,1,2048,226.987
256,16384,1,4096,228.171
256,16384,1,8192,233.345
256,16384,1,16384,234.764
256,16384,1,32768,246.275
256,16384,1,65536,264.887
256,16384,2,16,223.35
256,16384,2,32,223.509
256,16384,2,64,223.424
256,16384,2,128,222.891
256,16384,2,256,224.277
256,16384,2,512,223.947
256,16384,2,1024,224.78
256,16384,2,2048,227.042
256,16384,2,4096,228.822
256,16384,2,8192,233.195
256,16384,2,16384,244.342
256,16384,2,32768,263.927
256,16384,2,65536,302.028
256,16384,4,16,222.251
256,16384,4,32,222.635
256,16384,4,64,222.624
256,16384,4,128,222.912
256,16384,4,256,223.712
256,16384,4,512,222.987
256,16384,4,1024,224.971
256,16384,4,2048,227.595
256,16384,4,4096,232.214
256,16384,4,8192,241.558
256,16384,4,16384,261.441
256,16384,4,32768,298.456
256,16384,4,65536,370.232
256,16384,8,16,222.08
256,16384,8,32,222.112
256,16384,8,64,223.083
256,16384,8,128,222.581
256,16384,8,256,223.04
256,16384,8,512,224.96
256,16384,8,1024,226.538
256,16384,8,2048,231.851
256,16384,8,4096,241.963
256,16384,8,8192,261.333
256,16384,8,16384,297.495
256,16384,8,32768,369.548
256,16384,8,65536,513.902
256,16384,16,16,223.04
256,16384,16,32,223.114
256,16384,16,64,222.539
256,16384,16,128,222.837
256,16384,16,256,224.662
256,16384,16,512,227.03
256,16384,16,1024,232.256
256,16384,16,2048,242.806
256,16384,16,4096,262.187
256,16384,16,8192,298.464
256,16384,16,16384,370.774
256,16384,16,32768,513.69
256,16384,16,65536,799.984
256,16384,32,16,224.726
256,16384,32,32,225.452
256,16384,32,64,225.643
256,16384,32,128,225.888
256,16384,32,256,230.145
256,16384,32,512,234.059
256,16384,32,1024,243.638
256,16384,32,2048,264
256,16384,32,4096,299.499
256,16384,32,8192,372.918
256,16384,32,16384,520.652
256,16384,32,32768,809.894
256,16384,32,65536,1388.39
256,16384,64,16,230.518
256,16384,64,32,231.243
256,16384,64,64,231.158
256,16384,64,128,230.689
256,16384,64,256,236.853
256,16384,64,512,247.073
256,16384,64,1024,265.856
256,16384,64,2048,302.56
256,16384,64,4096,375.777
256,16384,64,8192,524.588
256,16384,64,16384,812.107
256,16384,64,32768,1396.64
256,16384,64,65536,2564.01
256,16384,128,16,238.976
256,16384,128,32,238.561
256,16384,128,64,238.54
256,16384,128,128,237.952
256,16384,128,256,249.056
256,16384,128,512,266.901
256,16384,128,1024,302.997
256,16384,128,2048,375.509
256,16384,128,4096,518.795
256,16384,128,8192,805.6
256,16384,128,16384,1379.94
256,16384,128,32768,2518.05
256,16384,128,65536,4802.36
256,32768,0,0,404.408
256,32768,1,16,417.773
256,32768,1,32,417.262
256,32768,1,64,416.855
256,32768,1,128,416.516
256,32768,1,256,417.751
256,32768,1,512,417.368
256,32768,1,1024,418.456
256,32768,1,2048,419.459
256,32768,1,4096,420.749
256,32768,1,8192,424.068
256,32768,1,16384,427.907
256,32768,1,32768,436.398
256,32768,1,65536,454.243
256,32768,2,16,416.674
256,32768,2,32,416.845
256,32768,2,64,416.473
256,32768,2,128,417.688
256,32768,2,256,416.696
256,32768,2,512,417.176
256,32768,2,1024,418.595
256,32768,2,2048,419.864
256,32768,2,4096,421.796
256,32768,2,8192,427.299
256,32768,2,16384,436.078
256,32768,2,32768,453.614
256,32768,2,65536,492.323
256,32768,4,16,415.437
256,32768,4,32,416.248
256,32768,4,64,416.515
256,32768,4,128,416.088
256,32768,4,256,415.246
256,32768,4,512,415.991
256,32768,4,1024,418.019
256,32768,4,2048,419.534
256,32768,4,4096,424.75
256,32768,4,8192,433.987
256,32768,4,16384,452.866
256,32768,4,32768,489.293
256,32768,4,65536,562.148
256,32768,8,16,414.295
256,32768,8,32,416.164
256,32768,8,64,415.193
256,32768,8,128,416.42
256,32768,8,256,416.729
256,32768,8,512,417.528
256,32768,8,1024,419.106
256,32768,8,2048,424.803
256,32768,8,4096,433.058
256,32768,8,8192,452.846
256,32768,8,16384,489.325
256,32768,8,32768,561.562
256,32768,8,65536,703.814
256,32768,16,16,415.672
256,32768,16,32,415.17
256,32768,16,64,414.82
256,32768,16,128,415.49
256,32768,16,256,417.176
256,32768,16,512,419.747
256,32768,16,1024,424.056
256,32768,16,2048,433.986
256,32768,16,4096,451.321
256,32768,16,8192,488.974
256,32768,16,16384,562.105
256,32768,16,32768,704.753
256,32768,16,65536,991.526
256,32768,32,16,419.49
256,32768,32,32,419.566
256,32768,32,64,418.317
256,32768,32,128,417.719
256,32768,32,256,422.937
256,32768,32,512,427.299
256,32768,32,1024,436.654
256,32768,32,2048,452.878
256,32768,32,4096,491.213
256,32768,32,8192,565.594
256,32768,32,16384,711.175
256,32768,32,32768,1001.52
256,32768,32,65536,1583.39
256,32768,64,16,423.416
256,32768,64,32,424.589
256,32768,64,64,424.099
256,32768,64,128,423.608
256,32768,64,256,429.133
256,32768,64,512,440.089
256,32768,64,1024,458.041
256,32768,64,2048,496.803
256,32768,64,4096,567.333
256,32768,64,8192,716.025
256,32768,64,16384,1005.88
256,32768,64,32768,1585.45
256,32768,64,65536,2752.06
256,32768,128,16,431.533
256,32768,128,32,431.523
256,32768,128,64,431.886
256,32768,128,128,431.544
256,32768,128,256,441.56
256,32768,128,512,458.957
256,32768,128,1024,495.524
256,32768,128,2048,566.265
256,32768,128,4096,707.62
256,32768,128,8192,998.652
256,32768,128,16384,1564.51
256,32768,128,32768,2707.42
256,32768,128,65536,4993.73
256,65536,0,0,786.874
256,65536,1,16,799.194
256,65536,1,32,800.474
256,65536,1,64,801.136
256,65536,1,128,800.646
256,65536,1,256,800.816
256,65536,1,512,800.176
256,65536,1,1024,801.008
256,65536,1,2048,801.361
256,65536,1,4096,802.97
256,65536,1,8192,807.315
256,65536,1,16384,810.672
256,65536,1,32768,819.569
256,65536,1,65536,838.355
256,65536,2,16,800.25
256,65536,2,32,798.448
256,65536,2,64,798.437
256,65536,2,128,799.899
256,65536,2,256,799.856
256,65536,2,512,798.385
256,65536,2,1024,800.188
256,65536,2,2048,802.685
256,65536,2,4096,804.915
256,65536,2,8192,808.581
256,65536,2,16384,818.032
256,65536,2,32768,837.799
256,65536,2,65536,873.307
256,65536,4,16,799.184
256,65536,4,32,798.149
256,65536,4,64,798.32
256,65536,4,128,798.737
256,65536,4,256,799.153
256,65536,4,512,798.522
256,65536,4,1024,799.867
256,65536,4,2048,802.684
256,65536,4,4096,805.989
256,65536,4,8192,817.915
256,65536,4,16384,835.035
256,65536,4,32768,871.739
256,65536,4,65536,943.325
256,65536,8,16,798.758
256,65536,8,32,797.179
256,65536,8,64,799.867
256,65536,8,128,798.426
256,65536,8,256,799.707
256,65536,8,512,800.7
256,65536,8,1024,802.66
256,65536,8,2048,807.857
256,65536,8,4096,815.59
256,65536,8,8192,836.475
256,65536,8,16384,870.364
256,65536,8,32768,942.204
256,65536,8,65536,1085.83
256,65536,16,16,796.816
256,65536,16,32,798.725
256,65536,16,64,798.907
256,65536,16,128,797.692
256,65536,16,256,801.041
256,65536,16,512,804.945
256,65536,16,1024,806.341
256,65536,16,2048,816.295
256,65536,16,4096,835.837
256,65536,16,8192,871.866
256,65536,16,16384,943.196
256,65536,16,32768,1085.95
256,65536,16,65536,1372.97
256,65536,32,16,801.829
256,65536,32,32,801.509
256,65536,32,64,800.858
256,65536,32,128,800.046
256,65536,32,256,804.199
256,65536,32,512,808.56
256,65536,32,1024,820.093
256,65536,32,2048,838.191
256,65536,32,4096,874.139
256,65536,32,8192,946.598
256,65536,32,16384,1088.37
256,65536,32,32768,1381.16
256,65536,32,65536,1962.14
256,65536,64,16,805.456
256,65536,64,32,806.928
256,65536,64,64,808.047
256,65536,64,128,807.836
256,65536,64,256,812.23
256,65536,64,512,821.405
256,65536,64,1024,839.111
256,65536,64,2048,877.029
256,65536,64,4096,949.233
256,65536,64,8192,1095.94
256,65536,64,16384,1385.94
256,65536,64,32768,1967.03
256,65536,64,65536,3135.84
256,65536,128,16,814.981
256,65536,128,32,814.64
256,65536,128,64,813.67
256,65536,128,128,814.331
256,65536,128,256,823.622
256,65536,128,512,842.405
256,65536,128,1024,878.672
256,65536,128,2048,948.669
256,65536,128,4096,1091.33
256,65536,128,8192,1379.37
256,65536,128,16384,1948.35
256,65536,128,32768,3089.43
256,65536,128,65536,5372.85
512,0,0,0,24.928
512,0,1,16,30.8693
512,0,1,32,30.5603
512,0,1,64,30.5817
512,0,1,128,30.6343
512,0,1,256,31.584
512,0,1,512,32.5017
512,0,1,1024,32.4483
512,0,1,2048,33.067
512,0,1,4096,34.0693
512,0,1,8192,39.4233
512,0,1,16384,45.6857
512,0,1,32768,56.3743
512,0,1,65536,75.8193
512,0,2,16,33.407
512,0,2,32,33.5373
512,0,2,64,33.5247
512,0,2,128,33.6853
512,0,2,256,34.9653
512,0,2,512,35.6057
512,0,2,1024,36.0007
512,0,2,2048,36.8753
512,0,2,4096,41.6323
512,0,2,8192,47.115
512,0,2,16384,58.4433
512,0,2,32768,77.7717
512,0,2,65536,113.857
512,0,4,16,33.8663
512,0,4,32,33.8033
512,0,4,64,33.8447
512,0,4,128,33.7713
512,0,4,256,35.2003
512,0,4,512,35.915
512,0,4,1024,37.0997
512,0,4,2048,39.904
512,0,4,4096,45.312
512,0,4,8192,56.3737
512,0,4,16384,75.8717
512,0,4,32768,112.63
512,0,4,65536,185.164
512,0,8,16,33.9847
512,0,8,32,33.643
512,0,8,64,33.7707
512,0,8,128,33.7923
512,0,8,256,35.2853
512,0,8,512,37.056
512,0,8,1024,39.264
512,0,8,2048,44.9173
512,0,8,4096,56.1283
512,0,8,8192,75.8403
512,0,8,16384,113.163
512,0,8,32768,184.471
512,0,8,65536,327.373
512,0,16,16,34.613
512,0,16,32,34.731
512,0,16,64,35.1887
512,0,16,128,35.253
512,0,16,256,36.9807
512,0,16,512,39.328
512,0,16,1024,45.002
512,0,16,2048,56.064
512,0,16,4096,76.1493
512,0,16,8192,112.469
512,0,16,16384,184.224
512,0,16,32768,327.362
512,0,16,65536,616.378
512,0,32,16,36.8963
512,0,32,32,37.0243
512,0,32,64,37.0663
512,0,32,128,37.13
512,0,32,256,41.419
512,0,32,512,46.7303
512,0,32,1024,57.973
512,0,32,2048,78.1543
512,0,32,4096,115.179
512,0,32,8192,188.428
512,0,32,16384,334.998
512,0,32,32768,623.907
512,0,32,65536,1203.66
512,0,64,16,41.0667
512,0,64,32,41.024
512,0,64,64,40.8317
512,0,64,128,40.982
512,0,64,256,48.2357
512,0,64,512,59.6913
512,0,64,1024,81.1527
512,0,64,2048,117.302
512,0,64,4096,190.56
512,0,64,8192,336.118
512,0,64,16384,632.215
512,0,64,32768,1209.46
512,0,64,65536,2373.33
512,0,128,16,49.9193
512,0,128,32,49.9417
512,0,128,64,49.695
512,0,128,128,50.1657
512,0,128,256,63.4347
512,0,128,512,84.0213
512,0,128,1024,120.278
512,0,128,2048,192.481
512,0,128,4096,341.708
512,0,128,8192,628.3
512,0,128,16384,1200.75
512,0,128,32768,2335.72
512,0,128,65536,4617.74
512,16,0,0,26.8807
512,16,1,16,32.843
512,16,1,32,32.9813
512,16,1,64,33.025
512,16,1,128,33.0453
512,16,1,256,33.12
512,16,1,512,34.1977
512,16,1,1024,34.475
512,16,1,2048,34.5703
512,16,1,4096,35.7973
512,16,1,8192,41.2697
512,16,1,16384,47.2743
512,16,1,32768,58.2517
512,16,1,65536,77.4937
512,16,2,16,36.0853
512,16,2,32,36.1173
512,16,2,64,36.074
512,16,2,128,36.5433
512,16,2,256,36.256
512,16,2,512,37.5037
512,16,2,1024,37.515
512,16,2,2048,38.6353
512,16,2,4096,43.2747
512,16,2,8192,48.7357
512,16,2,16384,59.9997
512,16,2,32768,79.2323
512,16,2,65536,115.936
512,16,4,16,36.1493
512,16,4,32,36.5977
512,16,4,64,36.7153
512,16,4,128,36.416
512,16,4,256,36.7467
512,16,4,512,37.9627
512,16,4,1024,38.838
512,16,4,2048,42.039
512,16,4,4096,47.0937
512,16,4,8192,58.0803
512,16,4,16384,78.337
512,16,4,32768,114.529
512,16,4,65536,186.573
512,16,8,16,37.002
512,16,8,32,36.779
512,16,8,64,36.7047
512,16,8,128,36.8217
512,16,8,256,37.2377
512,16,8,512,38.847
512,16,8,1024,41.3113
512,16,8,2048,46.763
512,16,8,4096,58.09
512,16,8,8192,78.3893
512,16,8,16384,114.496
512,16,8,32768,186.605
512,16,8,65536,329.847
512,16,16,16,36.5763
512,16,16,32,36.7147
512,16,16,64,36.715
512,16,16,128,37.0133
512,16,16,256,38.752
512,16,16,512,41.398
512,16,16,1024,47.0307
512,16,16,2048,58.3687
512,16,16,4096,78.113
512,16,16,8192,114.55
512,16,16,16384,186.954
512,16,16,32768,329.357
512,16,16,65536,617.946
512,16,32,16,39.1463
512,16,32,32,38.9113
512,16,32,64,38.6987
512,16,32,128,38.955
512,16,32,256,43.4023
512,16,32,512,48.4057
512,16,32,1024,60.342
512,16,32,2048,80.2133
512,16,32,4096,116.693
512,16,32,8192,189.836
512,16,32,16384,336.747
512,16,32,32768,627.268
512,16,32,65536,1204.87
512,16,64,16,42.7947
512,16,64,32,42.9643
512,16,64,64,42.721
512,16,64,128,42.965
512,16,64,256,50.198
512,16,64,512,61.825
512,16,64,1024,82.496
512,16,64,2048,119.233
512,16,64,4096,191.83
512,16,64,8192,342.529
512,16,64,16384,634.786
512,16,64,32768,1210.45
512,16,64,65536,2375.72
512,16,128,16,51.872
512,16,128,32,52.0953
512,16,128,64,51.5413
512,16,128,128,51.883
512,16,128,256,64.8327
512,16,128,512,86.5493
512,16,128,1024,122.433
512,16,128,2048,194.688
512,16,128,4096,338.731
512,16,128,8192,627.34
512,16,128,16384,1202.99
512,16,128,32768,2341
512,16,128,65536,4620.97
512,32,0,0,26.8587
512,32,1,16,32.9067
512,32,1,32,32.96
512,32,1,64,32.8103
512,32,1,128,33.066
512,32,1,256,32.8743
512,32,1,512,34.3897
512,32,1,1024,34.2087
512,32,1,2048,34.7413
512,32,1,4096,35.8077
512,32,1,8192,41.2587
512,32,1,16384,47.1787
512,32,1,32768,58.336
512,32,1,65536,77.355
512,32,2,16,35.9473
512,32,2,32,35.8933
512,32,2,64,36.2133
512,32,2,128,36.298
512,32,2,256,36.363
512,32,2,512,37.387
512,32,2,1024,37.8453
512,32,2,2048,38.6773
512,32,2,4096,43.3077
512,32,2,8192,48.8753
512,32,2,16384,60.2887
512,32,2,32768,79.553
512,32,2,65536,116.589
512,32,4,16,36.6933
512,32,4,32,36.373
512,32,4,64,36.811
512,32,4,128,36.448
512,32,4,256,36.4487
512,32,4,512,38.1433
512,32,4,1024,39.0823
512,32,4,2048,41.7707
512,32,4,4096,46.816
512,32,4,8192,58.1023
512,32,4,16384,77.8673
512,32,4,32768,114.827
512,32,4,65536,187.575
512,32,8,16,37.0883
512,32,8,32,36.7583
512,32,8,64,36.6727
512,32,8,128,37.173
512,32,8,256,37.195
512,32,8,512,38.8807
512,32,8,1024,41.1723
512,32,8,2048,46.731
512,32,8,4096,58.0583
512,32,8,8192,77.8243
512,32,8,16384,115.243
512,32,8,32768,186.146
512,32,8,65536,329.966
512,32,16,16,36.4697
512,32,16,32,36.7133
512,32,16,64,36.9707
512,32,16,128,36.992
512,32,16,256,38.6357
512,32,16,512,41.5683
512,32,16,1024,46.9123
512,32,16,2048,58.1657
512,32,16,4096,77.909
512,32,16,8192,114.464
512,32,16,16384,186.924
512,32,16,32768,329.271
512,32,16,65536,615.825
512,32,32,16,38.9023
512,32,32,32,38.9017
512,32,32,64,38.6987
512,32,32,128,38.9433
512,32,32,256,43.2957
512,32,32,512,48.4797
512,32,32,1024,59.9577
512,32,32,2048,80.0433
512,32,32,4096,116.854
512,32,32,8192,189.396
512,32,32,16384,337.398
512,32,32,32768,623.323
512,32,32,65536,1207.64
512,32,64,16,42.6243
512,32,64,32,42.923
512,32,64,64,42.6997
512,32,64,128,43.0083
512,32,64,256,50.0913
512,32,64,512,61.6967
512,32,64,1024,82.837
512,32,64,2048,119.339
512,32,64,4096,192.299
512,32,64,8192,340.907
512,32,64,16384,633.59
512,32,64,32768,1212.08
512,32,64,65536,2378.44
512,32,128,16,51.8077
512,32,128,32,51.8507
512,32,128,64,51.5313
512,32,128,128,51.9897
512,32,128,256,65.3653
512,32,128,512,85.7927
512,32,128,1024,121.995
512,32,128,2048,194.838
512,32,128,4096,336.289
512,32,128,8192,624.439
512,32,128,16384,1199.14
512,32,128,32768,2339.11
512,32,128,65536,4630.52
512,64,0,0,26.826
512,64,1,16,32.9503
512,64,1,32,32.895
512,64,1,64,33.035
512,64,1,128,33.13
512,64,1,256,33.0993
512,64,1,512,34.1107
512,64,1,1024,34.5277
512,64,1,2048,34.7733
512,64,1,4096,35.7117
512,64,1,8192,41.088
512,64,1,16384,47.3597
512,64,1,32768,57.825
512,64,1,65536,77.3133
512,64,2,16,36.0747
512,64,2,32,35.9257
512,64,2,64,36.1173
512,64,2,128,36.149
512,64,2,256,36.1503
512,64,2,512,37.633
512,64,2,1024,37.6323
512,64,2,2048,38.4427
512,64,2,4096,43.1573
512,64,2,8192,49.0457
512,64,2,16384,60.0633
512,64,2,32768,79.253
512,64,2,65536,116.299
512,64,4,16,36.512
512,64,4,32,36.4697
512,64,4,64,36.3623
512,64,4,128,36.5657
512,64,4,256,36.6833
512,64,4,512,37.781
512,64,4,1024,38.9653
512,64,4,2048,41.7277
512,64,4,4096,46.9767
512,64,4,8192,58.2193
512,64,4,16384,77.984
512,64,4,32768,113.802
512,64,4,65536,187.425
512,64,8,16,36.7783
512,64,8,32,36.6403
512,64,8,64,36.7147
512,64,8,128,36.971
512,64,8,256,37.078
512,64,8,512,38.9337
512,64,8,1024,41.2377
512,64,8,2048,46.965
512,64,8,4096,57.8877
512,64,8,8192,77.8127
512,64,8,16384,115.724
512,64,8,32768,186.593
512,64,8,65536,329.176
512,64,16,16,36.512
512,64,16,32,36.3843
512,64,16,64,36.6407
512,64,16,128,36.8533
512,64,16,256,38.6347
512,64,16,512,41.2483
512,64,16,1024,47.0613
512,64,16,2048,58.539
512,64,16,4096,78.1227
512,64,16,8192,114.495
512,64,16,16384,186.614
512,64,16,32768,328.877
512,64,16,65536,618.212
512,64,32,16,39.019
512,64,32,32,38.6563
512,64,32,64,38.7193
512,64,32,128,39.2427
512,64,32,256,43.1997
512,64,32,512,48.5763
512,64,32,1024,60.0213
512,64,32,2048,79.691
512,64,32,4096,117.686
512,64,32,8192,190.081
512,64,32,16384,336.802
512,64,32,32768,624.154
512,64,32,65536,1201.56
512,64,64,16,42.7417
512,64,64,32,42.6997
512,64,64,64,42.624
512,64,64,128,42.9557
512,64,64,256,49.6533
512,64,64,512,61.3453
512,64,64,1024,82.709
512,64,64,2048,119.169
512,64,64,4096,191.841
512,64,64,8192,342.497
512,64,64,16384,639.03
512,64,64,32768,1209.94
512,64,64,65536,2375.15
512,64,128,16,51.7553
512,64,128,32,51.5943
512,64,128,64,51.659
512,64,128,128,52.0107
512,64,128,256,64.8223
512,64,128,512,85.515
512,64,128,1024,122.475
512,64,128,2048,194.135
512,64,128,4096,338.059
512,64,128,8192,624.12
512,64,128,16384,1198.68
512,64,128,32768,2340.24
512,64,128,65536,4622.5
512,128,0,0,26.411
512,128,1,16,32.6073
512,128,1,32,32.8003
512,128,1,64,32.4903
512,128,1,128,32.8
512,128,1,256,32.6617
512,128,1,512,34.1013
512,128,1,1024,33.9307
512,128,1,2048,34.293
512,128,1,4096,35.3063
512,128,1,8192,40.8437
512,128,1,16384,46.7193
512,128,1,32768,57.6853
512,128,1,65536,77.2277
512,128,2,16,35.7337
512,128,2,32,35.882
512,128,2,64,36.2577
512,128,2,128,35.8087
512,128,2,256,35.9257
512,128,2,512,37.1637
512,128,2,1024,37.3007
512,128,2,2048,38.72
512,128,2,4096,43.2203
512,128,2,8192,48.7677
512,128,2,16384,59.873
512,128,2,32768,78.4007
512,128,2,65536,116.641
512,128,4,16,36.2873
512,128,4,32,36.235
512,128,4,64,36.0323
512,128,4,128,36.2553
512,128,4,256,36.235
512,128,4,512,37.5577
512,128,4,1024,38.6877
512,128,4,2048,41.4727
512,128,4,4096,46.5073
512,128,4,8192,57.7283
512,128,4,16384,78.037
512,128,4,32768,114.027
512,128,4,65536,185.793
512,128,8,16,36.395
512,128,8,32,36.3953
512,128,8,64,36.545
512,128,8,128,36.8103
512,128,8,256,36.619
512,128,8,512,38.624
512,128,8,1024,40.8107
512,128,8,2048,46.5063
512,128,8,4096,57.867
512,128,8,8192,77.3767
512,128,8,16384,113.995
512,128,8,32768,186.411
512,128,8,65536,329.666
512,128,16,16,36.437
512,128,16,32,36.1497
512,128,16,64,36.384
512,128,16,128,36.8423
512,128,16,256,38.5277
512,128,16,512,41.194
512,128,16,1024,46.325
512,128,16,2048,58.1233
512,128,16,4096,77.8987
512,128,16,8192,114.346
512,128,16,16384,186.87
512,128,16,32768,329.048
512,128,16,65536,615.79
512,128,32,16,38.699
512,128,32,32,38.7313
512,128,32,64,38.496
512,128,32,128,38.5273
512,128,32,256,43.5947
512,128,32,512,48.427
512,128,32,1024,59.658
512,128,32,2048,79.3813
512,128,32,4096,116.576
512,128,32,8192,190.39
512,128,32,16384,339.83
512,128,32,32768,624.805
512,128,32,65536,1202.08
512,128,64,16,42.443
512,128,64,32,42.624
512,128,64,64,42.3033
512,128,64,128,42.795
512,128,64,256,50.23
512,128,64,512,61.2693
512,128,64,1024,82.1653
512,128,64,2048,119.126
512,128,64,4096,192.023
512,128,64,8192,338.423
512,128,64,16384,636.556
512,128,64,32768,1208.63
512,128,64,65536,2393.92
512,128,128,16,51.2857
512,128,128,32,51.3913
512,128,128,64,51.2857
512,128,128,128,51.978
512,128,128,256,64.7043
512,128,128,512,85.771
512,128,128,1024,121.29
512,128,128,2048,194.316
512,128,128,4096,338.796
512,128,128,8192,624.365
512,128,128,16384,1200.76
512,128,128,32768,2337.52
512,128,128,65536,4618.18
512,256,0,0,28.0957
512,256,1,16,34.4317
512,256,1,32,34.187
512,256,1,64,34.3897
512,256,1,128,34.2183
512,256,1,256,34.368
512,256,1,512,35.723
512,256,1,1024,35.7333
512,256,1,2048,36.107
512,256,1,4096,36.9817
512,256,1,8192,42.379
512,256,1,16384,48.4053
512,256,1,32768,59.137
512,256,1,65536,78.2197
512,256,2,16,37.631
512,256,2,32,37.7703
512,256,2,64,37.3543
512,256,2,128,37.4183
512,256,2,256,37.6
512,256,2,512,38.7523
512,256,2,1024,38.9443
512,256,2,2048,39.8183
512,256,2,4096,44.5013
512,256,2,8192,50.2727
512,256,2,16384,61.7073
512,256,2,32768,80.022
512,256,2,65536,117.899
512,256,4,16,37.6753
512,256,4,32,37.9093
512,256,4,64,37.7277
512,256,4,128,38.1657
512,256,4,256,38.1437
512,256,4,512,39.4133
512,256,4,1024,39.8627
512,256,4,2048,43.1363
512,256,4,4096,48.1927
512,256,4,8192,59.125
512,256,4,16384,78.88
512,256,4,32768,115.318
512,256,4,65536,188.397
512,256,8,16,37.9307
512,256,8,32,38.07
512,256,8,64,38.2613
512,256,8,128,38.3467
512,256,8,256,38.4423
512,256,8,512,40.4257
512,256,8,1024,42.3893
512,256,8,2048,48.0003
512,256,8,4096,59.071
512,256,8,8192,79.1043
512,256,8,16384,115.777
512,256,8,32768,187.478
512,256,8,65536,330.733
512,256,16,16,37.9093
512,256,16,32,37.8877
512,256,16,64,37.942
512,256,16,128,38.2823
512,256,16,256,40.266
512,256,16,512,42.7413
512,256,16,1024,48.3307
512,256,16,2048,59.2323
512,256,16,4096,79.7013
512,256,16,8192,116.812
512,256,16,16384,187.723
512,256,16,32768,330.851
512,256,16,65536,620.719
512,256,32,16,40.3407
512,256,32,32,40.181
512,256,32,64,39.9897
512,256,32,128,40.2343
512,256,32,256,44.3193
512,256,32,512,49.909
512,256,32,1024,61.0457
512,256,32,2048,80.6933
512,256,32,4096,118.432
512,256,32,8192,191.563
512,256,32,16384,338.133
512,256,32,32768,624.217
512,256,32,65536,1205.65
512,256,64,16,44.1283
512,256,64,32,44.1707
512,256,64,64,44.3093
512,256,64,128,44.0743
512,256,64,256,51.435
512,256,64,512,62.9333
512,256,64,1024,83.243
512,256,64,2048,120.714
512,256,64,4096,193.376
512,256,64,8192,341.633
512,256,64,16384,634.284
512,256,64,32768,1212.41
512,256,64,65536,2377.16
512,256,128,16,53.0447
512,256,128,32,52.7793
512,256,128,64,52.8323
512,256,128,128,53.3123
512,256,128,256,66.1757
512,256,128,512,87.0517
512,256,128,1024,123.658
512,256,128,2048,196.63
512,256,128,4096,341.356
512,256,128,8192,629.281
512,256,128,16384,1201.08
512,256,128,32768,2341.87
512,256,128,65536,4622.22
512,512,0,0,31.2213
512,512,1,16,37.3007
512,512,1,32,37.547
512,512,1,64,37.3013
512,512,1,128,37.4713
512,512,1,256,37.5147
512,512,1,512,38.8483
512,512,1,1024,38.5177
512,512,1,2048,39.3493
512,512,1,4096,40.011
512,512,1,8192,45.7597
512,512,1,16384,51.5837
512,512,1,32768,62.0583
512,512,1,65536,81.8133
512,512,2,16,40.3407
512,512,2,32,40.5013
512,512,2,64,40.5653
512,512,2,128,40.7043
512,512,2,256,40.7467
512,512,2,512,41.6963
512,512,2,1024,41.942
512,512,2,2048,42.955
512,512,2,4096,47.8187
512,512,2,8192,53.1847
512,512,2,16384,64.7893
512,512,2,32768,83.446
512,512,2,65536,121.558
512,512,4,16,40.7143
512,512,4,32,41.013
512,512,4,64,40.8633
512,512,4,128,41.0023
512,512,4,256,40.8533
512,512,4,512,42.336
512,512,4,1024,43.2643
512,512,4,2048,46.2177
512,512,4,4096,51.36
512,512,4,8192,62.7193
512,512,4,16384,82.4417
512,512,4,32768,119.03
512,512,4,65536,191.02
512,512,8,16,41.078
512,512,8,32,41.0347
512,512,8,64,41.131
512,512,8,128,41.292
512,512,8,256,41.6433
512,512,8,512,43.563
512,512,8,1024,45.61
512,512,8,2048,50.9983
512,512,8,4096,62.2073
512,512,8,8192,82.6353
512,512,8,16384,118.997
512,512,8,32768,190.689
512,512,8,65536,334.295
512,512,16,16,40.8533
512,512,16,32,40.981
512,512,16,64,41.1837
512,512,16,128,41.5683
512,512,16,256,43.1683
512,512,16,512,45.7607
512,512,16,1024,51.3597
512,512,16,2048,62.57
512,512,16,4096,82.6777
512,512,16,8192,119.137
512,512,16,16384,190.998
512,512,16,32768,334.114
512,512,16,65536,620.526
512,512,32,16,43.3813
512,512,32,32,43.285
512,512,32,64,43.2967
512,512,32,128,43.3717
512,512,32,256,47.733
512,512,32,512,53.1317
512,512,32,1024,64.3947
512,512,32,2048,84.1603
512,512,32,4096,121.046
512,512,32,8192,193.802
512,512,32,16384,342.443
512,512,32,32768,629.68
512,512,32,65536,1208.36
512,512,64,16,47.1567
512,512,64,32,47.0097
512,512,64,64,47.0183
512,512,64,128,47.4883
512,512,64,256,54.326
512,512,64,512,66.0473
512,512,64,1024,86.7313
512,512,64,2048,123.829
512,512,64,4096,196.662
512,512,64,8192,342.741
512,512,64,16384,637.996
512,512,64,32768,1216.98
512,512,64,65536,2380.71
512,512,128,16,56.17
512,512,128,32,56.2673
512,512,128,64,55.9577
512,512,128,128,56.1493
512,512,128,256,69.365
512,512,128,512,90.282
512,512,128,1024,126.859
512,512,128,2048,198.977
512,512,128,4096,343.809
512,512,128,8192,629.003
512,512,128,16384,1202.38
512,512,128,32768,2346.03
512,512,128,65536,4626.08
512,1024,0,0,37.5463
512,1024,1,16,43.6057
512,1024,1,32,43.4777
512,1024,1,64,43.7653
512,1024,1,128,43.8723
512,1024,1,256,43.7333
512,1024,1,512,43.606
512,1024,1,1024,45.0033
512,1024,1,2048,45.1947
512,1024,1,4096,46.6777
512,1024,1,8192,52.0317
512,1024,1,16384,58.1867
512,1024,1,32768,68.5767
512,1024,1,65536,87.7227
512,1024,2,16,46.9763
512,1024,2,32,46.7203
512,1024,2,64,46.8587
512,1024,2,128,47.104
512,1024,2,256,47.0087
512,1024,2,512,47.168
512,1024,2,1024,48.48
512,1024,2,2048,49.258
512,1024,2,4096,54.4753
512,1024,2,8192,59.7013
512,1024,2,16384,70.8377
512,1024,2,32768,89.867
512,1024,2,65536,126.998
512,1024,4,16,47.392
512,1024,4,32,47.53
512,1024,4,64,47.723
512,1024,4,128,47.659
512,1024,4,256,47.5727
512,1024,4,512,48.2887
512,1024,4,1024,49.686
512,1024,4,2048,52.4377
512,1024,4,4096,57.91
512,1024,4,8192,68.8843
512,1024,4,16384,88.6503
512,1024,4,32768,124.556
512,1024,4,65536,197.057
512,1024,8,16,47.989
512,1024,8,32,47.8183
512,1024,8,64,47.9463
512,1024,8,128,47.936
512,1024,8,256,48.3093
512,1024,8,512,49.6117
512,1024,8,1024,52.2033
512,1024,8,2048,57.7173
512,1024,8,4096,68.8963
512,1024,8,8192,88.6083
512,1024,8,16384,125.088
512,1024,8,32768,196.983
512,1024,8,65536,341.944
512,1024,16,16,47.381
512,1024,16,32,47.4557
512,1024,16,64,47.6593
512,1024,16,128,47.7333
512,1024,16,256,49.642
512,1024,16,512,52.0423
512,1024,16,1024,57.7173
512,1024,16,2048,69.3343
512,1024,16,4096,88.5663
512,1024,16,8192,125.419
512,1024,16,16384,197.078
512,1024,16,32768,340.482
512,1024,16,65536,627.065
512,1024,32,16,50.016
512,1024,32,32,49.707
512,1024,32,64,49.5153
512,1024,32,128,49.5783
512,1024,32,256,54.0053
512,1024,32,512,59.4773
512,1024,32,1024,70.752
512,1024,32,2048,90.614
512,1024,32,4096,127.382
512,1024,32,8192,200.939
512,1024,32,16384,348.481
512,1024,32,32768,637.391
512,1024,32,65536,1212.61
512,1024,64,16,54.0163
512,1024,64,32,53.76
512,1024,64,64,53.462
512,1024,64,128,53.6963
512,1024,64,256,60.7043
512,1024,64,512,72.373
512,1024,64,1024,93.4613
512,1024,64,2048,129.516
512,1024,64,4096,202.784
512,1024,64,8192,351.574
512,1024,64,16384,640.576
512,1024,64,32768,1219.67
512,1024,64,65536,2389.31
512,1024,128,16,62.5057
512,1024,128,32,62.7843
512,1024,128,64,62.4107
512,1024,128,128,62.741
512,1024,128,256,75.7547
512,1024,128,512,96.4913
512,1024,128,1024,132.566
512,1024,128,2048,204.779
512,1024,128,4096,347.681
512,1024,128,8192,635.66
512,1024,128,16384,1214.28
512,1024,128,32768,2352.81
512,1024,128,65536,4630.95
512,2048,0,0,49.9093
512,2048,1,16,56.1493
512,2048,1,32,56.266
512,2048,1,64,56.2243
512,2048,1,128,56.6293
512,2048,1,256,56.4797
512,2048,1,512,56.779
512,2048,1,1024,56.9173
512,2048,1,2048,57.718
512,2048,1,4096,59.19
512,2048,1,8192,64.6613
512,2048,1,16384,71.0507
512,2048,1,32768,80.907
512,2048,1,65536,100.087
512,2048,2,16,59.5623
512,2048,2,32,59.851
512,2048,2,64,59.9043
512,2048,2,128,59.8717
512,2048,2,256,59.6913
512,2048,2,512,59.8933
512,2048,2,1024,60.586
512,2048,2,2048,62.0167
512,2048,2,4096,66.848
512,2048,2,8192,72.7573
512,2048,2,16384,83.3173
512,2048,2,32768,103.138
512,2048,2,65536,139.254
512,2048,4,16,60.7683
512,2048,4,32,60.363
512,2048,4,64,60.7473
512,2048,4,128,60.9163
512,2048,4,256,60.522
512,2048,4,512,61.3023
512,2048,4,1024,62.6883
512,2048,4,2048,65.184
512,2048,4,4096,71.007
512,2048,4,8192,81.4717
512,2048,4,16384,101.078
512,2048,4,32768,137.368
512,2048,4,65536,209.953
512,2048,8,16,60.096
512,2048,8,32,60.0433
512,2048,8,64,60.235
512,2048,8,128,60.5547
512,2048,8,256,60.4693
512,2048,8,512,62.2503
512,2048,8,1024,64.5543
512,2048,8,2048,70.155
512,2048,8,4096,80.9497
512,2048,8,8192,101.237
512,2048,8,16384,137.792
512,2048,8,32768,209.035
512,2048,8,65536,354.531
512,2048,16,16,59.9367
512,2048,16,32,59.9787
512,2048,16,64,59.9903
512,2048,16,128,59.872
512,2048,16,256,62.016
512,2048,16,512,65.046
512,2048,16,1024,70.6137
512,2048,16,2048,81.5473
512,2048,16,4096,100.705
512,2048,16,8192,137.6
512,2048,16,16384,209.857
512,2048,16,32768,354.349
512,2048,16,65536,640.592
512,2048,32,16,62.7837
512,2048,32,32,62.4543
512,2048,32,64,61.9733
512,2048,32,128,62.3997
512,2048,32,256,66.4747
512,2048,32,512,72.4273
512,2048,32,1024,83.285
512,2048,32,2048,103.606
512,2048,32,4096,139.828
512,2048,32,8192,213.493
512,2048,32,16384,361.259
512,2048,32,32768,651.61
512,2048,32,65536,1225.76
512,2048,64,16,66.2307
512,2048,64,32,66.3473
512,2048,64,64,66.3363
512,2048,64,128,66.3573
512,2048,64,256,74.102
512,2048,64,512,85.3013
512,2048,64,1024,105.28
512,2048,64,2048,142.657
512,2048,64,4096,216.064
512,2048,64,8192,362.667
512,2048,64,16384,662.775
512,2048,64,32768,1240.25
512,2048,64,65536,2399.85
512,2048,128,16,75.317
512,2048,128,32,75.168
512,2048,128,64,75.3067
512,2048,128,128,75.499
512,2048,128,256,87.9473
512,2048,128,512,108.939
512,2048,128,1024,144.949
512,2048,128,2048,218.144
512,2048,128,4096,360.704
512,2048,128,8192,649.58
512,2048,128,16384,1221.99
512,2048,128,32768,2365.88
512,2048,128,65536,4656.07
512,4096,0,0,74.8803
512,4096,1,16,81.1623
512,4096,1,32,81.2373
512,4096,1,64,81.4507
512,4096,1,128,81.248
512,4096,1,256,81.2153
512,4096,1,512,81.3017
512,4096,1,1024,81.6853
512,4096,1,2048,82.1763
512,4096,1,4096,83.446
512,4096,1,8192,89.6313
512,4096,1,16384,96.0753
512,4096,1,32768,105.942
512,4096,1,65536,124.513
512,4096,2,16,85.4503
512,4096,2,32,85.5893
512,4096,2,64,85.504
512,4096,2,128,85.7603
512,4096,2,256,86.1873
512,4096,2,512,86.0917
512,4096,2,1024,87.264
512,4096,2,2048,88.758
512,4096,2,4096,91.8297
512,4096,2,8192,97.557
512,4096,2,16384,108.33
512,4096,2,32768,127.393
512,4096,2,65536,165.078
512,4096,4,16,85.4613
512,4096,4,32,85.451
512,4096,4,64,85.237
512,4096,4,128,85.492
512,4096,4,256,85.7173
512,4096,4,512,86.1973
512,4096,4,1024,87.4777
512,4096,4,2048,90.2933
512,4096,4,4096,96.288
512,4096,4,8192,106.485
512,4096,4,16384,126.123
512,4096,4,32768,162.849
512,4096,4,65536,234.285
512,4096,8,16,84.959
512,4096,8,32,85.2263
512,4096,8,64,84.9817
512,4096,8,128,85.0137
512,4096,8,256,85.7067
512,4096,8,512,87.03
512,4096,8,1024,89.3867
512,4096,8,2048,95.606
512,4096,8,4096,106.187
512,4096,8,8192,126.144
512,4096,8,16384,162.54
512,4096,8,32768,234.231
512,4096,8,65536,379.716
512,4096,16,16,84.9067
512,4096,16,32,84.7257
512,4096,16,64,84.843
512,4096,16,128,85.269
512,4096,16,256,87.04
512,4096,16,512,89.5457
512,4096,16,1024,95.4987
512,4096,16,2048,106.464
512,4096,16,4096,126.122
512,4096,16,8192,162.859
512,4096,16,16384,233.685
512,4096,16,32768,377.016
512,4096,16,65536,663.749
512,4096,32,16,87.4243
512,4096,32,32,87.3063
512,4096,32,64,87.4023
512,4096,32,128,87.0307
512,4096,32,256,91.446
512,4096,32,512,97.493
512,4096,32,1024,108.341
512,4096,32,2048,127.638
512,4096,32,4096,164.053
512,4096,32,8192,236.896
512,4096,32,16384,384.449
512,4096,32,32768,675.877
512,4096,32,65536,1253.29
512,4096,64,16,91.168
512,4096,64,32,91.179
512,4096,64,64,91.3277
512,4096,64,128,91.0507
512,4096,64,256,98.325
512,4096,64,512,109.963
512,4096,64,1024,129.717
512,4096,64,2048,166.892
512,4096,64,4096,240.726
512,4096,64,8192,388.501
512,4096,64,16384,684.342
512,4096,64,32768,1256.69
512,4096,64,65536,2433.99
512,4096,128,16,99.7973
512,4096,128,32,99.936
512,4096,128,64,99.8403
512,4096,128,128,100.225
512,4096,128,256,112.565
512,4096,128,512,133.035
512,4096,128,1024,169.056
512,4096,128,2048,241.29
512,4096,128,4096,384.161
512,4096,128,8192,672.609
512,4096,128,16384,1251.9
512,4096,128,32768,2387.18
512,4096,128,65536,4667.02
512,8192,0,0,124.384
512,8192,1,16,135.21
512,8192,1,32,135.211
512,8192,1,64,135.156
512,8192,1,128,135.104
512,8192,1,256,135.648
512,8192,1,512,135.893
512,8192,1,1024,136.597
512,8192,1,2048,137.344
512,8192,1,4096,139.371
512,8192,1,8192,142.613
512,8192,1,16384,148.278
512,8192,1,32768,157.964
512,8192,1,65536,177.249
512,8192,2,16,135.403
512,8192,2,32,135.413
512,8192,2,64,135.551
512,8192,2,128,135.702
512,8192,2,256,135.808
512,8192,2,512,135.936
512,8192,2,1024,136.821
512,8192,2,2048,138.528
512,8192,2,4096,141.739
512,8192,2,8192,147.744
512,8192,2,16384,157.152
512,8192,2,32768,177.1
512,8192,2,65536,214.476
512,8192,4,16,134.891
512,8192,4,32,134.838
512,8192,4,64,135.286
512,8192,4,128,134.933
512,8192,4,256,135.157
512,8192,4,512,135.606
512,8192,4,1024,136.991
512,8192,4,2048,140.011
512,8192,4,4096,145.43
512,8192,4,8192,155.435
512,8192,4,16384,174.422
512,8192,4,32768,211.651
512,8192,4,65536,283.801
512,8192,8,16,134.144
512,8192,8,32,134.123
512,8192,8,64,134.401
512,8192,8,128,134.837
512,8192,8,256,134.743
512,8192,8,512,136.63
512,8192,8,1024,139.265
512,8192,8,2048,145.419
512,8192,8,4096,155.115
512,8192,8,8192,174.923
512,8192,8,16384,211.414
512,8192,8,32768,283.725
512,8192,8,65536,427.748
512,8192,16,16,134.368
512,8192,16,32,134.272
512,8192,16,64,134.186
512,8192,16,128,134.441
512,8192,16,256,136.715
512,8192,16,512,140.074
512,8192,16,1024,145.002
512,8192,16,2048,155.36
512,8192,16,4096,174.689
512,8192,16,8192,211.305
512,8192,16,16384,283.157
512,8192,16,32768,426.553
512,8192,16,65536,713.371
512,8192,32,16,136.523
512,8192,32,32,136.907
512,8192,32,64,136.629
512,8192,32,128,136.801
512,8192,32,256,141.216
512,8192,32,512,146.922
512,8192,32,1024,157.739
512,8192,32,2048,177.366
512,8192,32,4096,215.35
512,8192,32,8192,289.333
512,8192,32,16384,435.552
512,8192,32,32768,719.995
512,8192,32,65536,1300.07
512,8192,64,16,140.64
512,8192,64,32,140.821
512,8192,64,64,140.565
512,8192,64,128,140.95
512,8192,64,256,148.139
512,8192,64,512,158.88
512,8192,64,1024,178.881
512,8192,64,2048,215.818
512,8192,64,4096,288.394
512,8192,64,8192,437.824
512,8192,64,16384,728.138
512,8192,64,32768,1309.98
512,8192,64,65536,2471.88
512,8192,128,16,149.013
512,8192,128,32,149.652
512,8192,128,64,148.799
512,8192,128,128,149.525
512,8192,128,256,161.365
512,8192,128,512,181.237
512,8192,128,1024,217.152
512,8192,128,2048,288.939
512,8192,128,4096,431.756
512,8192,128,8192,720.704
512,8192,128,16384,1294.65
512,8192,128,32768,2434.2
512,8192,128,65536,4711.77
512,16384,0,0,222.176
512,16384,1,16,235.041
512,16384,1,32,234.913
512,16384,1,64,235.338
512,16384,1,128,235.713
512,16384,1,256,235.531
512,16384,1,512,235.809
512,16384,1,1024,236.918
512,16384,1,2048,237.482
512,16384,1,4096,239.382
512,16384,1,8192,242.368
512,16384,1,16384,246.346
512,16384,1,32768,257.047
512,16384,1,65536,276.973
512,16384,2,16,234.251
512,16384,2,32,234.539
512,16384,2,64,234.87
512,16384,2,128,234.507
512,16384,2,256,234.741
512,16384,2,512,234.891
512,16384,2,1024,235.521
512,16384,2,2048,237.877
512,16384,2,4096,240.469
512,16384,2,8192,245.462
512,16384,2,16384,255.595
512,16384,2,32768,276.525
512,16384,2,65536,314.009
512,16384,4,16,233.962
512,16384,4,32,234.358
512,16384,4,64,233.941
512,16384,4,128,234.698
512,16384,4,256,234.657
512,16384,4,512,234.465
512,16384,4,1024,236.46
512,16384,4,2048,238.613
512,16384,4,4096,243.531
512,16384,4,8192,254.144
512,16384,4,16384,273.675
512,16384,4,32768,310.947
512,16384,4,65536,384.248
512,16384,8,16,234.198
512,16384,8,32,233.899
512,16384,8,64,233.898
512,16384,8,128,233.942
512,16384,8,256,234.166
512,16384,8,512,235.445
512,16384,8,1024,237.643
512,16384,8,2048,243.52
512,16384,8,4096,254.368
512,16384,8,8192,273.942
512,16384,8,16384,310.187
512,16384,8,32768,383.523
512,16384,8,65536,527.033
512,16384,16,16,233.932
512,16384,16,32,233.675
512,16384,16,64,233.6
512,16384,16,128,234.102
512,16384,16,256,235.701
512,16384,16,512,238.102
512,16384,16,1024,243.349
512,16384,16,2048,253.813
512,16384,16,4096,273.228
512,16384,16,8192,309.888
512,16384,16,16384,381.516
512,16384,16,32768,527.087
512,16384,16,65536,813.306
512,16384,32,16,236.266
512,16384,32,32,235.99
512,16384,32,64,236.256
512,16384,32,128,235.819
512,16384,32,256,239.958
512,16384,32,512,245.312
512,16384,32,1024,255.19
512,16384,32,2048,274.613
512,16384,32,4096,311.179
512,16384,32,8192,385.974
512,16384,32,16384,529.804
512,16384,32,32768,822.075
512,16384,32,65536,1398.4
512,16384,64,16,240.032
512,16384,64,32,240.053
512,16384,64,64,239.905
512,16384,64,128,239.947
512,16384,64,256,246.625
512,16384,64,512,256.224
512,16384,64,1024,275.285
512,16384,64,2048,312.215
512,16384,64,4096,385.515
512,16384,64,8192,530.348
512,16384,64,16384,823.318
512,16384,64,32768,1404.05
512,16384,64,65536,2569.47
512,16384,128,16,248.661
512,16384,128,32,248.64
512,16384,128,64,248.299
512,16384,128,128,248.534
512,16384,128,256,259.052
512,16384,128,512,277.495
512,16384,128,1024,312.395
512,16384,128,2048,385.056
512,16384,128,4096,527.275
512,16384,128,8192,813.516
512,16384,128,16384,1385.63
512,16384,128,32768,2530.41
512,16384,128,65536,4812.08
512,32768,0,0,414.637
512,32768,1,16,428.12
512,32768,1,32,427.298
512,32768,1,64,427.096
512,32768,1,128,427.618
512,32768,1,256,427.427
512,32768,1,512,428.164
512,32768,1,1024,428.921
512,32768,1,2048,429.294
512,32768,1,4096,432.259
512,32768,1,8192,434.541
512,32768,1,16384,438.361
512,32768,1,32768,447.64
512,32768,1,65536,467.278
512,32768,2,16,426.532
512,32768,2,32,426.873
512,32768,2,64,427.427
512,32768,2,128,426.606
512,32768,2,256,427.32
512,32768,2,512,427.502
512,32768,2,1024,428.195
512,32768,2,2048,430.264
512,32768,2,4096,433.209
512,32768,2,8192,437.134
512,32768,2,16384,447.491
512,32768,2,32768,465.124
512,32768,2,65536,500.921
512,32768,4,16,426.818
512,32768,4,32,425.816
512,32768,4,64,426.947
512,32768,4,128,426.275
512,32768,4,256,426.626
512,32768,4,512,426.626
512,32768,4,1024,428.387
512,32768,4,2048,431.054
512,32768,4,4096,435.682
512,32768,4,8192,443.822
512,32768,4,16384,463.746
512,32768,4,32768,499.118
512,32768,4,65536,572.197
512,32768,8,16,425.731
512,32768,8,32,425.998
512,32768,8,64,426.094
512,32768,8,128,426.115
512,32768,8,256,426.862
512,32768,8,512,427.886
512,32768,8,1024,430.232
512,32768,8,2048,435.15
512,32768,8,4096,445.08
512,32768,8,8192,463.182
512,32768,8,16384,499.129
512,32768,8,32768,571.119
512,32768,8,65536,713.2
512,32768,16,16,425.869
512,32768,16,32,426.136
512,32768,16,64,425.71
512,32768,16,128,426.188
512,32768,16,256,427.77
512,32768,16,512,430.637
512,32768,16,1024,434.809
512,32768,16,2048,443.565
512,32768,16,4096,462.53
512,32768,16,8192,499.299
512,32768,16,16384,570.904
512,32768,16,32768,712.869
512,32768,16,65536,999.346
512,32768,32,16,428.302
512,32768,32,32,428.119
512,32768,32,64,428.429
512,32768,32,128,427.544
512,32768,32,256,432.12
512,32768,32,512,436.389
512,32768,32,1024,446.445
512,32768,32,2048,465.037
512,32768,32,4096,500.857
512,32768,32,8192,573.806
512,32768,32,16384,720.465
512,32768,32,32768,1006.91
512,32768,32,65536,1591.08
512,32768,64,16,432.75
512,32768,64,32,432.504
512,32768,64,64,432.472
512,32768,64,128,431.661
512,32768,64,256,438.605
512,32768,64,512,448.856
512,32768,64,1024,466.478
512,32768,64,2048,503.107
512,32768,64,4096,575.384
512,32768,64,8192,720.805
512,32768,64,16384,1011.05
512,32768,64,32768,1591.81
512,32768,64,65536,2761.5
512,32768,128,16,440.899
512,32768,128,32,440.439
512,32768,128,64,440.664
512,32768,128,128,440.718
512,32768,128,256,450.734
512,32768,128,512,468.013
512,32768,128,1024,503.513
512,32768,128,2048,576.09
512,32768,128,4096,717.476
512,32768,128,8192,1003.79
512,32768,128,16384,1575.72
512,32768,128,32768,2723.2
512,32768,128,65536,5004.11
512,65536,0,0,795.836
512,65536,1,16,808.411
512,65536,1,32,808.765
512,65536,1,64,808.954
512,65536,1,128,808.624
512,65536,1,256,809.146
512,65536,1,512,808.539
512,65536,1,1024,809.914
512,65536,1,2048,810.853
512,65536,1,4096,812.742
512,65536,1,8192,815.121
512,65536,1,16384,819.526
512,65536,1,32768,830.066
512,65536,1,65536,847.452
512,65536,2,16,807.845
512,65536,2,32,809.061
512,65536,2,64,807.408
512,65536,2,128,807.41
512,65536,2,256,808.273
512,65536,2,512,808.154
512,65536,2,1024,808.965
512,65536,2,2048,810.96
512,65536,2,4096,812.399
512,65536,2,8192,817.819
512,65536,2,16384,828.112
512,65536,2,32768,846.341
512,65536,2,65536,880.326
512,65536,4,16,807.612
512,65536,4,32,806.821
512,65536,4,64,806.682
512,65536,4,128,807.782
512,65536,4,256,807.548
512,65536,4,512,808.421
512,65536,4,1024,810.265
512,65536,4,2048,811.162
512,65536,4,4096,815.472
512,65536,4,8192,824.954
512,65536,4,16384,843.558
512,65536,4,32768,878.693
512,65536,4,65536,950.908
512,65536,8,16,807.771
512,65536,8,32,806.554
512,65536,8,64,806.79
512,65536,8,128,806.565
512,65536,8,256,806.938
512,65536,8,512,807.952
512,65536,8,1024,811.067
512,65536,8,2048,816.367
512,65536,8,4096,824.869
512,65536,8,8192,843.399
512,65536,8,16384,879.238
512,65536,8,32768,950.514
512,65536,8,65536,1093.53
512,65536,16,16,806.309
512,65536,16,32,806.456
512,65536,16,64,804.74
512,65536,16,128,806.779
512,65536,16,256,808.378
512,65536,16,512,810.619
512,65536,16,1024,815.503
512,65536,16,2048,825.754
512,65536,16,4096,844.164
512,65536,16,8192,878.139
512,65536,16,16384,949.446
512,65536,16,32768,1092.07
512,65536,16,65536,1380.48
512,65536,32,16,810.096
512,65536,32,32,809.052
512,65536,32,64,807.919
512,65536,32,128,808.965
512,65536,32,256,813.104
512,65536,32,512,817.488
512,65536,32,1024,827.131
512,65536,32,2048,845.702
512,65536,32,4096,881.168
512,65536,32,8192,951.802
512,65536,32,16384,1099.53
512,65536,32,32768,1392.07
512,65536,32,65536,1967.03
512,65536,64,16,812.464
512,65536,64,32,812.037
512,65536,64,64,812.314
512,65536,64,128,813.019
512,65536,64,256,817.85
512,65536,64,512,828.955
512,65536,64,1024,845.574
512,65536,64,2048,882.863
512,65536,64,4096,954.118
512,65536,64,8192,1100.51
512,65536,64,16384,1391.35
512,65536,64,32768,1979.94
512,65536,64,65536,3145.99
512,65536,128,16,819.365
512,65536,128,32,820.346
512,65536,128,64,820.336
512,65536,128,128,820.869
512,65536,128,256,830.16
512,65536,128,512,848.39
512,65536,128,1024,883.322
512,65536,128,2048,956.467
512,65536,128,4096,1097.04
512,65536,128,8192,1385.76
512,65536,128,16384,1954.24
512,65536,128,32768,3097.04
512,65536,128,65536,5389.34
1024,0,0,0,38.955
1024,0,1,16,44.8323
1024,0,1,32,45.1097
1024,0,1,64,44.9807
1024,0,1,128,45.269
1024,0,1,256,45.098
1024,0,1,512,46.4327
1024,0,1,1024,46.4107
1024,0,1,2048,46.6663
1024,0,1,4096,47.7123
1024,0,1,8192,53.3663
1024,0,1,16384,60.16
1024,0,1,32768,72.6727
1024,0,1,65536,92.7797
1024,0,2,16,48.235
1024,0,2,32,48.341
1024,0,2,64,48.1503
1024,0,2,128,48.3093
1024,0,2,256,48.288
1024,0,2,512,49.5373
1024,0,2,1024,49.8553
1024,0,2,2048,50.4847
1024,0,2,4096,55.9363
1024,0,2,8192,62.2617
1024,0,2,16384,74.4
1024,0,2,32768,95.34
1024,0,2,65536,131.713
1024,0,4,16,48.395
1024,0,4,32,48.2673
1024,0,4,64,48.4363
1024,0,4,128,48.416
1024,0,4,256,48.544
1024,0,4,512,49.9947
1024,0,4,1024,50.8277
1024,0,4,2048,54.037
1024,0,4,4096,60.2557
1024,0,4,8192,72.277
1024,0,4,16384,93.9527
1024,0,4,32768,130.016
1024,0,4,65536,202.55
1024,0,8,16,49.2583
1024,0,8,32,49.3127
1024,0,8,64,49.334
1024,0,8,128,49.355
1024,0,8,256,49.4077
1024,0,8,512,51.2857
1024,0,8,1024,53.8453
1024,0,8,2048,60.672
1024,0,8,4096,72.5003
1024,0,8,8192,93.9413
1024,0,8,16384,130.4
1024,0,8,32768,202.262
1024,0,8,65536,345.101
1024,0,16,16,49.014
1024,0,16,32,48.8427
1024,0,16,64,48.8853
1024,0,16,128,49.141
1024,0,16,256,51.243
1024,0,16,512,54.2077
1024,0,16,1024,60.3953
1024,0,16,2048,72.6293
1024,0,16,4096,93.7167
1024,0,16,8192,130.453
1024,0,16,16384,203.02
1024,0,16,32768,345.411
1024,0,16,65536,632.612
1024,0,32,16,51.0187
1024,0,32,32,51.2
1024,0,32,64,50.8793
1024,0,32,128,50.9003
1024,0,32,256,55.3387
1024,0,32,512,61.1303
1024,0,32,1024,73.7397
1024,0,32,2048,94.3467
1024,0,32,4096,131.199
1024,0,32,8192,204.108
1024,0,32,16384,354.433
1024,0,32,32768,642.382
1024,0,32,65536,1222.58
1024,0,64,16,54.7947
1024,0,64,32,54.6977
1024,0,64,64,54.9007
1024,0,64,128,55.1683
1024,0,64,256,62.9647
1024,0,64,512,75.3397
1024,0,64,1024,96.6827
1024,0,64,2048,133.717
1024,0,64,4096,206.86
1024,0,64,8192,352.513
1024,0,64,16384,647.788
1024,0,64,32768,1224.57
1024,0,64,65536,2400.87
1024,0,128,16,62.6663
1024,0,128,32,62.7847
1024,0,128,64,62.464
1024,0,128,128,63.3283
1024,0,128,256,76.7897
1024,0,128,512,98.3473
1024,0,128,1024,134.71
1024,0,128,2048,206.89
1024,0,128,4096,349.216
1024,0,128,8192,636.577
1024,0,128,16384,1210.85
1024,0,128,32768,2351.42
1024,0,128,65536,4637.78
1024,16,0,0,40.8643
1024,16,1,16,47.1147
1024,16,1,32,46.8697
1024,16,1,64,46.9133
1024,16,1,128,46.8587
1024,16,1,256,46.678
1024,16,1,512,47.147
1024,16,1,1024,48.2137
1024,16,1,2048,48.4163
1024,16,1,4096,49.8777
1024,16,1,8192,55.307
1024,16,1,16384,62.496
1024,16,1,32768,74.0167
1024,16,1,65536,94.4333
1024,16,2,16,49.9517
1024,16,2,32,49.9947
1024,16,2,64,49.9957
1024,16,2,128,49.8237
1024,16,2,256,50.165
1024,16,2,512,50.411
1024,16,2,1024,51.5313
1024,16,2,2048,52.661
1024,16,2,4096,57.793
1024,16,2,8192,64.0217
1024,16,2,16384,75.9253
1024,16,2,32768,96.853
1024,16,2,65536,133.653
1024,16,4,16,50.8483
1024,16,4,32,50.496
1024,16,4,64,50.4547
1024,16,4,128,50.6233
1024,16,4,256,50.805
1024,16,4,512,51.201
1024,16,4,1024,52.555
1024,16,4,2048,56.139
1024,16,4,4096,62.027
1024,16,4,8192,74.4207
1024,16,4,16384,95.52
1024,16,4,32768,132.032
1024,16,4,65536,204.055
1024,16,8,16,51.0193
1024,16,8,32,50.9007
1024,16,8,64,51.2107
1024,16,8,128,51.3607
1024,16,8,256,51.2853
1024,16,8,512,53.0983
1024,16,8,1024,55.8287
1024,16,8,2048,62.497
1024,16,8,4096,74.5073
1024,16,8,8192,95.339
1024,16,8,16384,132.713
1024,16,8,32768,204.578
1024,16,8,65536,346.829
1024,16,16,16,50.8267
1024,16,16,32,50.8173
1024,16,16,64,50.8157
1024,16,16,128,51.264
1024,16,16,256,52.8007
1024,16,16,512,56.1713
1024,16,16,1024,62.1543
1024,16,16,2048,74.4323
1024,16,16,4096,95.7763
1024,16,16,8192,132.511
1024,16,16,16384,204.993
1024,16,16,32768,346.722
1024,16,16,65536,635.204
1024,16,32,16,53.141
1024,16,32,32,52.8537
1024,16,32,64,52.853
1024,16,32,128,53.1527
1024,16,32,256,57.621
1024,16,32,512,63.1997
1024,16,32,1024,75.7227
1024,16,32,2048,96.512
1024,16,32,4096,133.366
1024,16,32,8192,205.473
1024,16,32,16384,355.19
1024,16,32,32768,644.676
1024,16,32,65536,1220.48
1024,16,64,16,56.789
1024,16,64,32,56.96
1024,16,64,64,56.7363
1024,16,64,128,56.7687
1024,16,64,256,64.6617
1024,16,64,512,77.44
1024,16,64,1024,98.8157
1024,16,64,2048,136.629
1024,16,64,4096,208.641
1024,16,64,8192,355.553
1024,16,64,16384,649.526
1024,16,64,32768,1224.56
1024,16,64,65536,2401.99
1024,16,128,16,64.6197
1024,16,128,32,64.427
1024,16,128,64,64.331
1024,16,128,128,65.259
1024,16,128,256,78.87
1024,16,128,512,100.458
1024,16,128,1024,137.248
1024,16,128,2048,208.204
1024,16,128,4096,350.795
1024,16,128,8192,638.443
1024,16,128,16384,1218.13
1024,16,128,32768,2352.04
1024,16,128,65536,4633.73
1024,32,0,0,40.8643
1024,32,1,16,46.677
1024,32,1,32,46.7097
1024,32,1,64,46.657
1024,32,1,128,46.9977
1024,32,1,256,46.9653
1024,32,1,512,46.9977
1024,32,1,1024,48.192
1024,32,1,2048,48.651
1024,32,1,4096,49.4183
1024,32,1,8192,55.606
1024,32,1,16384,62.07
1024,32,1,32768,73.8453
1024,32,1,65536,94.8047
1024,32,2,16,49.9627
1024,32,2,32,50.282
1024,32,2,64,50.164
1024,32,2,128,50.2183
1024,32,2,256,49.941
1024,32,2,512,50.2403
1024,32,2,1024,51.456
1024,32,2,2048,52.7683
1024,32,2,4096,57.7173
1024,32,2,8192,63.6043
1024,32,2,16384,76.193
1024,32,2,32768,97.281
1024,32,2,65536,134.102
1024,32,4,16,50.4853
1024,32,4,32,50.571
1024,32,4,64,50.742
1024,32,4,128,50.7517
1024,32,4,256,50.6247
1024,32,4,512,51.3813
1024,32,4,1024,52.9483
1024,32,4,2048,55.9677
1024,32,4,4096,62.133
1024,32,4,8192,74.08
1024,32,4,16384,95.435
1024,32,4,32768,132.055
1024,32,4,65536,204.556
1024,32,8,16,50.9013
1024,32,8,32,51.1363
1024,32,8,64,51.0937
1024,32,8,128,51.3493
1024,32,8,256,51.5733
1024,32,8,512,53.1407
1024,32,8,1024,55.9253
1024,32,8,2048,62.261
1024,32,8,4096,74.3687
1024,32,8,8192,95.605
1024,32,8,16384,132.661
1024,32,8,32768,203.852
1024,32,8,65536,346.785
1024,32,16,16,50.838
1024,32,16,32,50.9643
1024,32,16,64,50.9123
1024,32,16,128,51.412
1024,32,16,256,52.9713
1024,32,16,512,55.947
1024,32,16,1024,62.2173
1024,32,16,2048,74.3467
1024,32,16,4096,95.7547
1024,32,16,8192,132.544
1024,32,16,16384,205.482
1024,32,16,32768,347.791
1024,32,16,65536,634.617
1024,32,32,16,53.045
1024,32,32,32,52.9813
1024,32,32,64,52.9603
1024,32,32,128,52.7777
1024,32,32,256,57.1407
1024,32,32,512,63.264
1024,32,32,1024,75.4773
1024,32,32,2048,96.0653
1024,32,32,4096,132.715
1024,32,32,8192,205.664
1024,32,32,16384,355.189
1024,32,32,32768,643.481
1024,32,32,65536,1221.43
1024,32,64,16,56.8857
1024,32,64,32,56.9173
1024,32,64,64,56.6183
1024,32,64,128,56.8853
1024,32,64,256,64.6937
1024,32,64,512,76.9923
1024,32,64,1024,98.5817
1024,32,64,2048,135.371
1024,32,64,4096,208.385
1024,32,64,8192,354.219
1024,32,64,16384,647.136
1024,32,64,32768,1226.6
1024,32,64,65536,2388.14
1024,32,128,16,64.715
1024,32,128,32,64.4483
1024,32,128,64,64.192
1024,32,128,128,65.1103
1024,32,128,256,78.581
1024,32,128,512,99.9897
1024,32,128,1024,136.384
1024,32,128,2048,208.48
1024,32,128,4096,350.753
1024,32,128,8192,638.102
1024,32,128,16384,1214.38
1024,32,128,32768,2353.16
1024,32,128,65536,4636.97
1024,64,0,0,40.6293
1024,64,1,16,46.7633
1024,64,1,32,46.592
1024,64,1,64,46.8153
1024,64,1,128,46.7633
1024,64,1,256,47.1583
1024,64,1,512,47.0617
1024,64,1,1024,48.2557
1024,64,1,2048,48.4157
1024,64,1,4096,49.5137
1024,64,1,8192,55.1567
1024,64,1,16384,62.165
1024,64,1,32768,73.8133
1024,64,1,65536,94.6993
1024,64,2,16,49.835
1024,64,2,32,50.102
1024,64,2,64,50.0267
1024,64,2,128,50.0057
1024,64,2,256,50.0693
1024,64,2,512,50.197
1024,64,2,1024,51.371
1024,64,2,2048,52.2027
1024,64,2,4096,57.2693
1024,64,2,8192,63.6163
1024,64,2,16384,75.6803
1024,64,2,32768,96.6303
1024,64,2,65536,133.558
1024,64,4,16,50.347
1024,64,4,32,50.5813
1024,64,4,64,50.3893
1024,64,4,128,50.593
1024,64,4,256,50.742
1024,64,4,512,51.093
1024,64,4,1024,52.6177
1024,64,4,2048,55.552
1024,64,4,4096,61.7813
1024,64,4,8192,73.9633
1024,64,4,16384,95.146
1024,64,4,32768,131.99
1024,64,4,65536,204.321
1024,64,8,16,50.954
1024,64,8,32,50.88
1024,64,8,64,50.955
1024,64,8,128,50.8483
1024,64,8,256,51.4563
1024,64,8,512,53.067
1024,64,8,1024,55.66
1024,64,8,2048,62.0367
1024,64,8,4096,74.3143
1024,64,8,8192,95.4777
1024,64,8,16384,132.801
1024,64,8,32768,203.904
1024,64,8,65536,347.276
1024,64,16,16,50.5713
1024,64,16,32,50.5817
1024,64,16,64,50.902
1024,64,16,128,51.1467
1024,64,16,256,52.8757
1024,64,16,512,56.0747
1024,64,16,1024,62.3887
1024,64,16,2048,74.1973
1024,64,16,4096,95.4997
1024,64,16,8192,132.171
1024,64,16,16384,205.472
1024,64,16,32768,347.437
1024,64,16,65536,634.393
1024,64,32,16,52.9293
1024,64,32,32,52.8
1024,64,32,64,52.8437
1024,64,32,128,52.9817
1024,64,32,256,57.2703
1024,64,32,512,63.4457
1024,64,32,1024,75.3387
1024,64,32,2048,96.214
1024,64,32,4096,133.003
1024,64,32,8192,206.869
1024,64,32,16384,352.118
1024,64,32,32768,643.544
1024,64,32,65536,1223.03
1024,64,64,16,56.897
1024,64,64,32,56.63
1024,64,64,64,56.651
1024,64,64,128,56.8113
1024,64,64,256,65.1307
1024,64,64,512,77.3767
1024,64,64,1024,98.4217
1024,64,64,2048,135.755
1024,64,64,4096,208.875
1024,64,64,8192,354.784
1024,64,64,16384,645.42
1024,64,64,32768,1228.71
1024,64,64,65536,2389.49
1024,64,128,16,64.6503
1024,64,128,32,64.66
1024,64,128,64,64.4907
1024,64,128,128,65.002
1024,64,128,256,79.0293
1024,64,128,512,100.331
1024,64,128,1024,136.298
1024,64,128,2048,208.768
1024,64,128,4096,350.55
1024,64,128,8192,636.886
1024,64,128,16384,1210.39
1024,64,128,32768,2353.17
1024,64,128,65536,4642.51
1024,128,0,0,40.3943
1024,128,1,16,46.1857
1024,128,1,32,46.6027
1024,128,1,64,46.4103
1024,128,1,128,46.5173
1024,128,1,256,46.187
1024,128,1,512,46.7093
1024,128,1,1024,47.658
1024,128,1,2048,48.0643
1024,128,1,4096,49.1413
1024,128,1,8192,55.2537
1024,128,1,16384,62.1443
1024,128,1,32768,73.7397
1024,128,1,65536,94.582
1024,128,2,16,49.7283
1024,128,2,32,49.824
1024,128,2,64,49.568
1024,128,2,128,49.7067
1024,128,2,256,49.8233
1024,128,2,512,49.9633
1024,128,2,1024,51.349
1024,128,2,2048,51.9037
1024,128,2,4096,57.3547
1024,128,2,8192,63.4127
1024,128,2,16384,75.702
1024,128,2,32768,96.832
1024,128,2,65536,132.982
1024,128,4,16,50.144
1024,128,4,32,50.1977
1024,128,4,64,50.3373
1024,128,4,128,50.1337
1024,128,4,256,50.4317
1024,128,4,512,50.805
1024,128,4,1024,52.534
1024,128,4,2048,55.5097
1024,128,4,4096,61.5903
1024,128,4,8192,74.2933
1024,128,4,16384,94.8273
1024,128,4,32768,131.52
1024,128,4,65536,204.215
1024,128,8,16,50.6023
1024,128,8,32,50.56
1024,128,8,64,50.944
1024,128,8,128,50.752
1024,128,8,256,51.041
1024,128,8,512,52.8427
1024,128,8,1024,55.5737
1024,128,8,2048,61.9313
1024,128,8,4096,74.0057
1024,128,8,8192,95.3807
1024,128,8,16384,132.587
1024,128,8,32768,204.012
1024,128,8,65536,348.045
1024,128,16,16,50.4427
1024,128,16,32,50.3357
1024,128,16,64,50.518
1024,128,16,128,50.8263
1024,128,16,256,52.79
1024,128,16,512,55.2427
1024,128,16,1024,61.9213
1024,128,16,2048,73.8553
1024,128,16,4096,95.3173
1024,128,16,8192,132.215
1024,128,16,16384,204.651
1024,128,16,32768,346.476
1024,128,16,65536,634.618
1024,128,32,16,52.63
1024,128,32,32,52.3943
1024,128,32,64,52.5867
1024,128,32,128,52.6933
1024,128,32,256,56.8533
1024,128,32,512,63.2843
1024,128,32,1024,75.3277
1024,128,32,2048,96.117
1024,128,32,4096,133.131
1024,128,32,8192,207.008
1024,128,32,16384,353.398
1024,128,32,32768,643.599
1024,128,32,65536,1221.53
1024,128,64,16,56.459
1024,128,64,32,56.427
1024,128,64,64,56.426
1024,128,64,128,56.5337
1024,128,64,256,64.2563
1024,128,64,512,76.8527
1024,128,64,1024,98.2937
1024,128,64,2048,135.158
1024,128,64,4096,208.268
1024,128,64,8192,353.953
1024,128,64,16384,644.972
1024,128,64,32768,1224.87
1024,128,64,65536,2408.89
1024,128,128,16,64.277
1024,128,128,32,64.3633
1024,128,128,64,64.1813
1024,128,128,128,64.672
1024,128,128,256,78.3153
1024,128,128,512,99.8823
1024,128,128,1024,136.385
1024,128,128,2048,207.777
1024,128,128,4096,350.432
1024,128,128,8192,637.344
1024,128,128,16384,1213.2
1024,128,128,32768,2352.06
1024,128,128,65536,4631.31
1024,256,0,0,41.6323
1024,256,1,16,48.1703
1024,256,1,32,48.0863
1024,256,1,64,48.3097
1024,256,1,128,48.1067
1024,256,1,256,48.2243
1024,256,1,512,48.1593
1024,256,1,1024,49.473
1024,256,1,2048,49.7073
1024,256,1,4096,50.965
1024,256,1,8192,56.6613
1024,256,1,16384,63.318
1024,256,1,32768,75.1903
1024,256,1,65536,95.8943
1024,256,2,16,51.445
1024,256,2,32,51.338
1024,256,2,64,51.4453
1024,256,2,128,51.5097
1024,256,2,256,51.754
1024,256,2,512,51.391
1024,256,2,1024,52.81
1024,256,2,2048,53.7603
1024,256,2,4096,58.6883
1024,256,2,8192,64.8213
1024,256,2,16384,77.2267
1024,256,2,32768,98.4963
1024,256,2,65536,134.56
1024,256,4,16,51.7223
1024,256,4,32,51.9887
1024,256,4,64,51.637
1024,256,4,128,51.7223
1024,256,4,256,51.7123
1024,256,4,512,52.3733
1024,256,4,1024,53.8027
1024,256,4,2048,57.2477
1024,256,4,4096,63.0933
1024,256,4,8192,75.5957
1024,256,4,16384,96.48
1024,256,4,32768,133.356
1024,256,4,65536,205.536
1024,256,8,16,52.2023
1024,256,8,32,52.1813
1024,256,8,64,52.1603
1024,256,8,128,52.502
1024,256,8,256,52.6717
1024,256,8,512,54.261
1024,256,8,1024,56.8
1024,256,8,2048,63.307
1024,256,8,4096,75.4347
1024,256,8,8192,96.3833
1024,256,8,16384,133.462
1024,256,8,32768,205.644
1024,256,8,65536,348.952
1024,256,16,16,52.0213
1024,256,16,32,52.1173
1024,256,16,64,52.299
1024,256,16,128,52.417
1024,256,16,256,54.2193
1024,256,16,512,57.216
1024,256,16,1024,63.3813
1024,256,16,2048,75.3923
1024,256,16,4096,97.099
1024,256,16,8192,133.803
1024,256,16,16384,205.568
1024,256,16,32768,347.757
1024,256,16,65536,635.353
1024,256,32,16,54.24
1024,256,32,32,54.347
1024,256,32,64,54.336
1024,256,32,128,54.0053
1024,256,32,256,58.412
1024,256,32,512,64.2893
1024,256,32,1024,76.982
1024,256,32,2048,97.963
1024,256,32,4096,134.144
1024,256,32,8192,208.843
1024,256,32,16384,352.959
1024,256,32,32768,642.009
1024,256,32,65536,1223.83
1024,256,64,16,58.166
1024,256,64,32,58.1547
1024,256,64,64,58.1337
1024,256,64,128,58.2077
1024,256,64,256,65.941
1024,256,64,512,78.1543
1024,256,64,1024,99.712
1024,256,64,2048,136.896
1024,256,64,4096,209.493
1024,256,64,8192,357.888
1024,256,64,16384,646.988
1024,256,64,32768,1225.86
1024,256,64,65536,2391.24
1024,256,128,16,66.1013
1024,256,128,32,66.0167
1024,256,128,64,65.59
1024,256,128,128,66.2407
1024,256,128,256,79.723
1024,256,128,512,100.885
1024,256,128,1024,137.557
1024,256,128,2048,209.579
1024,256,128,4096,352.053
1024,256,128,8192,640.31
1024,256,128,16384,1212.02
1024,256,128,32768,2357.42
1024,256,128,65536,4634.69
1024,512,0,0,45.238
1024,512,1,16,51.2007
1024,512,1,32,51.4557
1024,512,1,64,51.3707
1024,512,1,128,51.6483
1024,512,1,256,51.6363
1024,512,1,512,51.4773
1024,512,1,1024,52.8537
1024,512,1,2048,53.3653
1024,512,1,4096,54.2613
1024,512,1,8192,59.808
1024,512,1,16384,66.6143
1024,512,1,32768,78.433
1024,512,1,65536,99.1473
1024,512,2,16,54.5707
1024,512,2,32,54.699
1024,512,2,64,54.7097
1024,512,2,128,54.8587
1024,512,2,256,54.581
1024,512,2,512,55.0193
1024,512,2,1024,55.9147
1024,512,2,2048,57.099
1024,512,2,4096,62.411
1024,512,2,8192,68.491
1024,512,2,16384,80.875
1024,512,2,32768,101.59
1024,512,2,65536,137.857
1024,512,4,16,55.1463
1024,512,4,32,55.3057
1024,512,4,64,55.2317
1024,512,4,128,55.371
1024,512,4,256,55.3707
1024,512,4,512,55.947
1024,512,4,1024,57.419
1024,512,4,2048,60.6717
1024,512,4,4096,66.5913
1024,512,4,8192,78.6767
1024,512,4,16384,99.3277
1024,512,4,32768,136.385
1024,512,4,65536,208.685
1024,512,8,16,55.8403
1024,512,8,32,55.6267
1024,512,8,64,55.8283
1024,512,8,128,55.8937
1024,512,8,256,56.16
1024,512,8,512,57.5683
1024,512,8,1024,60.533
1024,512,8,2048,67.179
1024,512,8,4096,78.6237
1024,512,8,8192,100.064
1024,512,8,16384,136.895
1024,512,8,32768,208.385
1024,512,8,65536,353.431
1024,512,16,16,55.3703
1024,512,16,32,55.5197
1024,512,16,64,55.509
1024,512,16,128,55.68
1024,512,16,256,57.5673
1024,512,16,512,60.5657
1024,512,16,1024,67.3497
1024,512,16,2048,79.445
1024,512,16,4096,100.309
1024,512,16,8192,137.45
1024,512,16,16384,209.206
1024,512,16,32768,351.821
1024,512,16,65536,638.959
1024,512,32,16,57.4823
1024,512,32,32,57.4617
1024,512,32,64,57.408
1024,512,32,128,57.6757
1024,512,32,256,61.675
1024,512,32,512,67.9357
1024,512,32,1024,80.5123
1024,512,32,2048,101.237
1024,512,32,4096,137.344
1024,512,32,8192,210.646
1024,512,32,16384,356.514
1024,512,32,32768,647.416
1024,512,32,65536,1225.53
1024,512,64,16,61.4937
1024,512,64,32,61.2693
1024,512,64,64,61.4293
1024,512,64,128,61.4293
1024,512,64,256,69.5357
1024,512,64,512,81.8787
1024,512,64,1024,102.923
1024,512,64,2048,139.904
1024,512,64,4096,212.555
1024,512,64,8192,359.616
1024,512,64,16384,649.09
1024,512,64,32768,1228.73
1024,512,64,65536,2395.49
1024,512,128,16,69.1617
1024,512,128,32,69.2273
1024,512,128,64,68.896
1024,512,128,128,69.632
1024,512,128,256,83.872
1024,512,128,512,104.385
1024,512,128,1024,140.736
1024,512,128,2048,213.217
1024,512,128,4096,355.616
1024,512,128,8192,643.073
1024,512,128,16384,1217.15
1024,512,128,32768,2357.58
1024,512,128,65536,4641.1
1024,1024,0,0,51.647
1024,1024,1,16,57.8667
1024,1024,1,32,58.0373
1024,1024,1,64,58.3677
1024,1024,1,128,57.9307
1024,1024,1,256,58.3263
1024,1024,1,512,58.048
1024,1024,1,1024,59.2633
1024,1024,1,2048,59.8623
1024,1024,1,4096,60.7037
1024,1024,1,8192,66.7307
1024,1024,1,16384,73.7393
1024,1024,1,32768,85.462
1024,1024,1,65536,105.9
1024,1024,2,16,61.2053
1024,1024,2,32,61.1737
1024,1024,2,64,61.27
1024,1024,2,128,61.356
1024,1024,2,256,61.3977
1024,1024,2,512,61.344
1024,1024,2,1024,62.8793
1024,1024,2,2048,63.541
1024,1024,2,4096,68.6813
1024,1024,2,8192,75.1897
1024,1024,2,16384,87.339
1024,1024,2,32768,108.172
1024,1024,2,65536,144.918
1024,1024,4,16,62.2507
1024,1024,4,32,62.2823
1024,1024,4,64,62.1653
1024,1024,4,128,62.3463
1024,1024,4,256,62.3683
1024,1024,4,512,62.976
1024,1024,4,1024,64.576
1024,1024,4,2048,67.0613
1024,1024,4,4096,73.365
1024,1024,4,8192,85.6637
1024,1024,4,16384,105.941
1024,1024,4,32768,142.934
1024,1024,4,65536,216.108
1024,1024,8,16,62.2613
1024,1024,8,32,62.357
1024,1024,8,64,62.3253
1024,1024,8,128,62.464
1024,1024,8,256,62.667
1024,1024,8,512,64.3307
1024,1024,8,1024,66.9763
1024,1024,8,2048,73.227
1024,1024,8,4096,85.634
1024,1024,8,8192,106.486
1024,1024,8,16384,143.873
1024,1024,8,32768,215.757
1024,1024,8,65536,359.938
1024,1024,16,16,61.867
1024,1024,16,32,61.888
1024,1024,16,64,61.9203
1024,1024,16,128,62.2717
1024,1024,16,256,64.352
1024,1024,16,512,67.2427
1024,1024,16,1024,73.6103
1024,1024,16,2048,85.8343
1024,1024,16,4096,106.603
1024,1024,16,8192,144.042
1024,1024,16,16384,215.669
1024,1024,16,32768,358.584
1024,1024,16,65536,646.394
1024,1024,32,16,64.192
1024,1024,32,32,64.3317
1024,1024,32,64,64.1287
1024,1024,32,128,64.117
1024,1024,32,256,69.0673
1024,1024,32,512,74.4847
1024,1024,32,1024,87.0617
1024,1024,32,2048,108.086
1024,1024,32,4096,144.459
1024,1024,32,8192,217.088
1024,1024,32,16384,364.95
1024,1024,32,32768,654.713
1024,1024,32,65536,1232.44
1024,1024,64,16,68.3303
1024,1024,64,32,68.0427
1024,1024,64,64,68.1597
1024,1024,64,128,68.32
1024,1024,64,256,75.9043
1024,1024,64,512,88.0217
1024,1024,64,1024,109.803
1024,1024,64,2048,147.029
1024,1024,64,4096,219.829
1024,1024,64,8192,368.074
1024,1024,64,16384,664.14
1024,1024,64,32768,1240.96
1024,1024,64,65536,2416.02
1024,1024,128,16,75.734
1024,1024,128,32,75.5517
1024,1024,128,64,76.0963
1024,1024,128,128,76.586
1024,1024,128,256,90.2083
1024,1024,128,512,110.763
1024,1024,128,1024,147.254
1024,1024,128,2048,219.179
1024,1024,128,4096,361.152
1024,1024,128,8192,649.612
1024,1024,128,16384,1221.3
1024,1024,128,32768,2362.86
1024,1024,128,65536,4646.91
1024,2048,0,0,65.5893
1024,2048,1,16,71.563
1024,2048,1,32,71.509
1024,2048,1,64,71.5097
1024,2048,1,128,71.382
1024,2048,1,256,71.4987
1024,2048,1,512,71.6583
1024,2048,1,1024,71.947
1024,2048,1,2048,73.0127
1024,2048,1,4096,74.08
1024,2048,1,8192,80.3207
1024,2048,1,16384,87.499
1024,2048,1,32768,98.657
1024,2048,1,65536,119.382
1024,2048,2,16,75.018
1024,2048,2,32,75.072
1024,2048,2,64,75.083
1024,2048,2,128,75.4667
1024,2048,2,256,75.4453
1024,2048,2,512,75.456
1024,2048,2,1024,76.1383
1024,2048,2,2048,77.729
1024,2048,2,4096,82.859
1024,2048,2,8192,88.9497
1024,2048,2,16384,101.002
1024,2048,2,32768,121.313
1024,2048,2,65536,157.431
1024,2048,4,16,75.4233
1024,2048,4,32,75.7447
1024,2048,4,64,75.648
1024,2048,4,128,75.6043
1024,2048,4,256,75.9677
1024,2048,4,512,76.2027
1024,2048,4,1024,78.0273
1024,2048,4,2048,80.512
1024,2048,4,4096,87.104
1024,2048,4,8192,98.528
1024,2048,4,16384,119.798
1024,2048,4,32768,155.937
1024,2048,4,65536,228.321
1024,2048,8,16,75.701
1024,2048,8,32,75.756
1024,2048,8,64,75.6463
1024,2048,8,128,76.0743
1024,2048,8,256,76.1713
1024,2048,8,512,77.898
1024,2048,8,1024,81.077
1024,2048,8,2048,87.083
1024,2048,8,4096,99.0833
1024,2048,8,8192,120.032
1024,2048,8,16384,157.291
1024,2048,8,32768,229.826
1024,2048,8,65536,373.218
1024,2048,16,16,75.5213
1024,2048,16,32,75.7023
1024,2048,16,64,75.8727
1024,2048,16,128,76.2667
1024,2048,16,256,78.0813
1024,2048,16,512,80.758
1024,2048,16,1024,87.499
1024,2048,16,2048,99.3923
1024,2048,16,4096,120.128
1024,2048,16,8192,157.43
1024,2048,16,16384,228.533
1024,2048,16,32768,372.643
1024,2048,16,65536,659.13
1024,2048,32,16,77.7387
1024,2048,32,32,77.5363
1024,2048,32,64,77.675
1024,2048,32,128,77.589
1024,2048,32,256,82.3573
1024,2048,32,512,88.2887
1024,2048,32,1024,100.428
1024,2048,32,2048,120.747
1024,2048,32,4096,157.408
1024,2048,32,8192,230.027
1024,2048,32,16384,377.867
1024,2048,32,32768,669.135
1024,2048,32,65536,1244.68
1024,2048,64,16,81.4403
1024,2048,64,32,81.5473
1024,2048,64,64,81.91
1024,2048,64,128,82.0373
1024,2048,64,256,89.9417
1024,2048,64,512,101.504
1024,2048,64,1024,123.413
1024,2048,64,2048,160.117
1024,2048,64,4096,232.406
1024,2048,64,8192,380.768
1024,2048,64,16384,671.116
1024,2048,64,32768,1250.08
1024,2048,64,65536,2412.26
1024,2048,128,16,89.3233
1024,2048,128,32,88.9917
1024,2048,128,64,89.0667
1024,2048,128,128,89.8983
1024,2048,128,256,103.467
1024,2048,128,512,124.609
1024,2048,128,1024,160.363
1024,2048,128,2048,232.332
1024,2048,128,4096,377.889
1024,2048,128,8192,661.1
1024,2048,128,16384,1236.06
1024,2048,128,32768,2376.61
1024,2048,128,65536,4658.74
1024,4096,0,0,91.745
1024,4096,1,16,97.973
1024,4096,1,32,98.1753
1024,4096,1,64,98.133
1024,4096,1,128,97.856
1024,4096,1,256,97.857
1024,4096,1,512,98.017
1024,4096,1,1024,98.774
1024,4096,1,2048,99.125
1024,4096,1,4096,100.843
1024,4096,1,8192,107.073
1024,4096,1,16384,113.771
1024,4096,1,32768,125.952
1024,4096,1,65536,145.43
1024,4096,2,16,102.261
1024,4096,2,32,102.272
1024,4096,2,64,102.571
1024,4096,2,128,102.326
1024,4096,2,256,102.87
1024,4096,2,512,103.126
1024,4096,2,1024,104.023
1024,4096,2,2048,105.888
1024,4096,2,4096,109.163
1024,4096,2,8192,115.265
1024,4096,2,16384,127.116
1024,4096,2,32768,147.948
1024,4096,2,65536,184.652
1024,4096,4,16,101.75
1024,4096,4,32,101.899
1024,4096,4,64,101.91
1024,4096,4,128,102.23
1024,4096,4,256,102.08
1024,4096,4,512,102.839
1024,4096,4,1024,104.32
1024,4096,4,2048,107.572
1024,4096,4,4096,113.632
1024,4096,4,8192,125.515
1024,4096,4,16384,145.974
1024,4096,4,32768,183.061
1024,4096,4,65536,255.287
1024,4096,8,16,101.845
1024,4096,8,32,101.76
1024,4096,8,64,102.048
1024,4096,8,128,102.144
1024,4096,8,256,102.453
1024,4096,8,512,104.255
1024,4096,8,1024,107.125
1024,4096,8,2048,114.07
1024,4096,8,4096,125.302
1024,4096,8,8192,146.465
1024,4096,8,16384,182.997
1024,4096,8,32768,255.02
1024,4096,8,65536,399.448
1024,4096,16,16,101.664
1024,4096,16,32,101.771
1024,4096,16,64,101.867
1024,4096,16,128,102.336
1024,4096,16,256,104.426
1024,4096,16,512,107.659
1024,4096,16,1024,113.642
1024,4096,16,2048,125.259
1024,4096,16,4096,146.284
1024,4096,16,8192,183.243
1024,4096,16,16384,254.614
1024,4096,16,32768,399.299
1024,4096,16,65536,685.988
1024,4096,32,16,104.096
1024,4096,32,32,104.288
1024,4096,32,64,103.915
1024,4096,32,128,104.256
1024,4096,32,256,108.895
1024,4096,32,512,115.178
1024,4096,32,1024,127.008
1024,4096,32,2048,147.147
1024,4096,32,4096,183.947
1024,4096,32,8192,256.673
1024,4096,32,16384,402.944
1024,4096,32,32768,692.58
1024,4096,32,65536,1270.44
1024,4096,64,16,108.054
1024,4096,64,32,107.979
1024,4096,64,64,107.969
1024,4096,64,128,108.138
1024,4096,64,256,116.661
1024,4096,64,512,128.3
1024,4096,64,1024,148.683
1024,4096,64,2048,185.814
1024,4096,64,4096,258.454
1024,4096,64,8192,404.171
1024,4096,64,16384,698.775
1024,4096,64,32768,1281.4
1024,4096,64,65536,2452.23
1024,4096,128,16,115.712
1024,4096,128,32,115.286
1024,4096,128,64,115.403
1024,4096,128,128,116.075
1024,4096,128,256,129.387
1024,4096,128,512,150.571
1024,4096,128,1024,186.891
1024,4096,128,2048,258.219
1024,4096,128,4096,400.406
1024,4096,128,8192,689.825
1024,4096,128,16384,1273.32
1024,4096,128,32768,2402.97
1024,4096,128,65536,4684.22
1024,8192,0,0,143.477
1024,8192,1,16,154.357
1024,8192,1,32,154.827
1024,8192,1,64,154.752
1024,8192,1,128,154.389
1024,8192,1,256,154.507
1024,8192,1,512,154.827
1024,8192,1,1024,155.819
1024,8192,1,2048,156.8
1024,8192,1,4096,159.317
1024,8192,1,8192,163.744
1024,8192,1,16384,168.737
1024,8192,1,32768,182.381
1024,8192,1,65536,202.615
1024,8192,2,16,155.306
1024,8192,2,32,155.264
1024,8192,2,64,155.254
1024,8192,2,128,155.2
1024,8192,2,256,155.745
1024,8192,2,512,156.022
1024,8192,2,1024,156.737
1024,8192,2,2048,158.944
1024,8192,2,4096,162.263
1024,8192,2,8192,167.67
1024,8192,2,16384,178.923
1024,8192,2,32768,202.007
1024,8192,2,65536,240.77
1024,8192,4,16,154.603
1024,8192,4,32,154.411
1024,8192,4,64,154.474
1024,8192,4,128,154.795
1024,8192,4,256,155.339
1024,8192,4,512,155.435
1024,8192,4,1024,157.366
1024,8192,4,2048,160.63
1024,8192,4,4096,166.273
1024,8192,4,8192,176.885
1024,8192,4,16384,198.134
1024,8192,4,32768,236.748
1024,8192,4,65536,309.517
1024,8192,8,16,154.902
1024,8192,8,32,154.849
1024,8192,8,64,155.35
1024,8192,8,128,155.04
1024,8192,8,256,155.562
1024,8192,8,512,157.632
1024,8192,8,1024,160.778
1024,8192,8,2048,166.325
1024,8192,8,4096,177.633
1024,8192,8,8192,197.644
1024,8192,8,16384,235.606
1024,8192,8,32768,309.74
1024,8192,8,65536,453.742
1024,8192,16,16,154.39
1024,8192,16,32,154.517
1024,8192,16,64,155.115
1024,8192,16,128,155.2
1024,8192,16,256,157.707
1024,8192,16,512,160.757
1024,8192,16,1024,166.539
1024,8192,16,2048,176.757
1024,8192,16,4096,197.706
1024,8192,16,8192,235.158
1024,8192,16,16384,305.814
1024,8192,16,32768,453.23
1024,8192,16,65536,738.745
1024,8192,32,16,156.715
1024,8192,32,32,157.067
1024,8192,32,64,157.057
1024,8192,32,128,157.301
1024,8192,32,256,162.262
1024,8192,32,512,167.457
1024,8192,32,1024,178.603
1024,8192,32,2048,198.401
1024,8192,32,4096,237.218
1024,8192,32,8192,309.312
1024,8192,32,16384,456.789
1024,8192,32,32768,747.365
1024,8192,32,65536,1326.37
1024,8192,64,16,160.65
1024,8192,64,32,161.121
1024,8192,64,64,161.003
1024,8192,64,128,162.048
1024,8192,64,256,169.291
1024,8192,64,512,180.543
1024,8192,64,1024,200.832
1024,8192,64,2048,237.44
1024,8192,64,4096,310.027
1024,8192,64,8192,458.796
1024,8192,64,16384,748.056
1024,8192,64,32768,1330.28
1024,8192,64,65536,2493.61
1024,8192,128,16,168.812
1024,8192,128,32,168.479
1024,8192,128,64,168.864
1024,8192,128,128,169.153
1024,8192,128,256,181.984
1024,8192,128,512,201.194
1024,8192,128,1024,237.004
1024,8192,128,2048,309.472
1024,8192,128,4096,451.265
1024,8192,128,8192,738.455
1024,8192,128,16384,1313.14
1024,8192,128,32768,2453.84
1024,8192,128,65536,4734.43
1024,16384,0,0,246.358
1024,16384,1,16,259.041
1024,16384,1,32,258.39
1024,16384,1,64,258.422
1024,16384,1,128,258.251
1024,16384,1,256,258.763
1024,16384,1,512,259.19
1024,16384,1,1024,260.054
1024,16384,1,2048,260.629
1024,16384,1,4096,263.169
1024,16384,1,8192,266.229
1024,16384,1,16384,269.782
1024,16384,1,32768,286.498
1024,16384,1,65536,306.21
1024,16384,2,16,257.952
1024,16384,2,32,257.93
1024,16384,2,64,257.826
1024,16384,2,128,257.718
1024,16384,2,256,258.39
1024,16384,2,512,258.816
1024,16384,2,1024,260.021
1024,16384,2,2048,261.153
1024,16384,2,4096,263.733
1024,16384,2,8192,270.037
1024,16384,2,16384,281.013
1024,16384,2,32768,305.889
1024,16384,2,65536,342.521
1024,16384,4,16,257.43
1024,16384,4,32,257.345
1024,16384,4,64,257.483
1024,16384,4,128,257.046
1024,16384,4,256,257.324
1024,16384,4,512,257.696
1024,16384,4,1024,259.284
1024,16384,4,2048,261.642
1024,16384,4,4096,266.658
1024,16384,4,8192,278.594
1024,16384,4,16384,298.433
1024,16384,4,32768,340.962
1024,16384,4,65536,413.048
1024,16384,8,16,257.43
1024,16384,8,32,257.504
1024,16384,8,64,257.665
1024,16384,8,128,257.569
1024,16384,8,256,257.345
1024,16384,8,512,259.52
1024,16384,8,1024,262.337
1024,16384,8,2048,267.307
1024,16384,8,4096,278.221
1024,16384,8,8192,299.766
1024,16384,8,16384,335.542
1024,16384,8,32768,413.219
1024,16384,8,65536,556.804
1024,16384,16,16,256.769
1024,16384,16,32,256.875
1024,16384,16,64,257.356
1024,16384,16,128,256.875
1024,16384,16,256,259.393
1024,16384,16,512,262.293
1024,16384,16,1024,267.394
1024,16384,16,2048,278.914
1024,16384,16,4096,299.499
1024,16384,16,8192,335.884
1024,16384,16,16384,406.775
1024,16384,16,32768,555.096
1024,16384,16,65536,842.929
1024,16384,32,16,259.297
1024,16384,32,32,258.762
1024,16384,32,64,259.168
1024,16384,32,128,259.403
1024,16384,32,256,263.531
1024,16384,32,512,268.341
1024,16384,32,1024,279.862
1024,16384,32,2048,299.5
1024,16384,32,4096,336.769
1024,16384,32,8192,411.905
1024,16384,32,16384,558.754
1024,16384,32,32768,851.547
1024,16384,32,65536,1427.73
1024,16384,64,16,263.574
1024,16384,64,32,263.542
1024,16384,64,64,262.87
1024,16384,64,128,262.88
1024,16384,64,256,269.708
1024,16384,64,512,280.919
1024,16384,64,1024,300.021
1024,16384,64,2048,337.868
1024,16384,64,4096,409.206
1024,16384,64,8192,555.851
1024,16384,64,16384,854.358
1024,16384,64,32768,1435.24
1024,16384,64,65536,2596.49
1024,16384,128,16,271.521
1024,16384,128,32,271.435
1024,16384,128,64,271.009
1024,16384,128,128,270.487
1024,16384,128,256,282.336
1024,16384,128,512,301.376
1024,16384,128,1024,336.694
1024,16384,128,2048,409.101
1024,16384,128,4096,551.169
1024,16384,128,8192,840.301
1024,16384,128,16384,1409.86
1024,16384,128,32768,2557.97
1024,16384,128,65536,4844.17
1024,32768,0,0,449.367
1024,32768,1,16,463.567
1024,32768,1,32,462.991
1024,32768,1,64,462.563
1024,32768,1,128,462.915
1024,32768,1,256,463.301
1024,32768,1,512,462.691
1024,32768,1,1024,463.706
1024,32768,1,2048,463.579
1024,32768,1,4096,466.413
1024,32768,1,8192,469.433
1024,32768,1,16384,473.774
1024,32768,1,32768,483.822
1024,32768,1,65536,503.214
1024,32768,2,16,461.038
1024,32768,2,32,461.455
1024,32768,2,64,461.571
1024,32768,2,128,461.637
1024,32768,2,256,462.285
1024,32768,2,512,462.595
1024,32768,2,1024,462.66
1024,32768,2,2048,464.995
1024,32768,2,4096,467.576
1024,32768,2,8192,472.355
1024,32768,2,16384,483.577
1024,32768,2,32768,501.124
1024,32768,2,65536,537.176
1024,32768,4,16,461.87
1024,32768,4,32,460.686
1024,32768,4,64,461.349
1024,32768,4,128,462.403
1024,32768,4,256,461.817
1024,32768,4,512,461.21
1024,32768,4,1024,463.577
1024,32768,4,2048,465.327
1024,32768,4,4096,470.307
1024,32768,4,8192,481.187
1024,32768,4,16384,499.226
1024,32768,4,32768,536.143
1024,32768,4,65536,606.714
1024,32768,8,16,462.169
1024,32768,8,32,462.042
1024,32768,8,64,461.326
1024,32768,8,128,461.729
1024,32768,8,256,461.688
1024,32768,8,512,463.48
1024,32768,8,1024,465.411
1024,32768,8,2048,470.073
1024,32768,8,4096,481.966
1024,32768,8,8192,499.991
1024,32768,8,16384,536.121
1024,32768,8,32768,607.824
1024,32768,8,65536,748.902
1024,32768,16,16,459.961
1024,32768,16,32,460.101
1024,32768,16,64,460.761
1024,32768,16,128,461.2
1024,32768,16,256,463.203
1024,32768,16,512,465.605
1024,32768,16,1024,470.233
1024,32768,16,2048,482.084
1024,32768,16,4096,499.557
1024,32768,16,8192,535.897
1024,32768,16,16384,606.798
1024,32768,16,32768,748.389
1024,32768,16,65536,1034.18
1024,32768,32,16,462.585
1024,32768,32,32,462.957
1024,32768,32,64,463.544
1024,32768,32,128,462.52
1024,32768,32,256,467.013
1024,32768,32,512,471.182
1024,32768,32,1024,481.613
1024,32768,32,2048,502.67
1024,32768,32,4096,537.359
1024,32768,32,8192,609.092
1024,32768,32,16384,755.855
1024,32768,32,32768,1044.22
1024,32768,32,65536,1617.99
1024,32768,64,16,468.131
1024,32768,64,32,467.32
1024,32768,64,64,467.727
1024,32768,64,128,467.822
1024,32768,64,256,473.912
1024,32768,64,512,483.652
1024,32768,64,1024,502.776
1024,32768,64,2048,538.937
1024,32768,64,4096,611.226
1024,32768,64,8192,756.208
1024,32768,64,16384,1043.52
1024,32768,64,32768,1626.4
1024,32768,64,65536,2800.61
1024,32768,128,16,473.955
1024,32768,128,32,475.587
1024,32768,128,64,474.105
1024,32768,128,128,473.977
1024,32768,128,256,485.261
1024,32768,128,512,503.598
1024,32768,128,1024,539.47
1024,32768,128,2048,610.746
1024,32768,128,4096,750.981
1024,32768,128,8192,1035.81
1024,32768,128,16384,1610.59
1024,32768,128,32768,2762.41
1024,32768,128,65536,5034.09
1024,65536,0,0,839.491
1024,65536,1,16,853.925
1024,65536,1,32,852.498
1024,65536,1,64,853.488
1024,65536,1,128,852.977
1024,65536,1,256,853.627
1024,65536,1,512,854.523
1024,65536,1,1024,853.606
1024,65536,1,2048,855.976
1024,65536,1,4096,856.551
1024,65536,1,8192,859.537
1024,65536,1,16384,863.014
1024,65536,1,32768,874.408
1024,65536,1,65536,891.601
1024,65536,2,16,852.454
1024,65536,2,32,852.848
1024,65536,2,64,853.147
1024,65536,2,128,852.711
1024,65536,2,256,853.212
1024,65536,2,512,852.368
1024,65536,2,1024,853.233
1024,65536,2,2048,855.621
1024,65536,2,4096,857.553
1024,65536,2,8192,861.436
1024,65536,2,16384,872.35
1024,65536,2,32768,890.909
1024,65536,2,65536,926.396
1024,65536,4,16,851.793
1024,65536,4,32,852.293
1024,65536,4,64,851.643
1024,65536,4,128,851.793
1024,65536,4,256,852.047
1024,65536,4,512,853.434
1024,65536,4,1024,853.04
1024,65536,4,2048,856.187
1024,65536,4,4096,860.357
1024,65536,4,8192,869.947
1024,65536,4,16384,890.14
1024,65536,4,32768,924.561
1024,65536,4,65536,996.785
1024,65536,8,16,851.529
1024,65536,8,32,852.369
1024,65536,8,64,852.71
1024,65536,8,128,852.07
1024,65536,8,256,852.551
1024,65536,8,512,854.503
1024,65536,8,1024,855.291
1024,65536,8,2048,859.975
1024,65536,8,4096,872.272
1024,65536,8,8192,889.255
1024,65536,8,16384,925.585
1024,65536,8,32768,995.806
1024,65536,8,65536,1135.26
1024,65536,16,16,851.334
1024,65536,16,32,851.344
1024,65536,16,64,851.632
1024,65536,16,128,853.137
1024,65536,16,256,853.713
1024,65536,16,512,856.594
1024,65536,16,1024,861.285
1024,65536,16,2048,871.102
1024,65536,16,4096,888.678
1024,65536,16,8192,925.853
1024,65536,16,16384,995.944
1024,65536,16,32768,1135.96
1024,65536,16,65536,1420.49
1024,65536,32,16,853.586
1024,65536,32,32,853.383
1024,65536,32,64,853.83
1024,65536,32,128,854.108
1024,65536,32,256,857.818
1024,65536,32,512,862.268
1024,65536,32,1024,871.657
1024,65536,32,2048,890.363
1024,65536,32,4096,924.562
1024,65536,32,8192,995.292
1024,65536,32,16384,1145.82
1024,65536,32,32768,1435.75
1024,65536,32,65536,1999.05
1024,65536,64,16,857.266
1024,65536,64,32,857.488
1024,65536,64,64,856.645
1024,65536,64,128,857.168
1024,65536,64,256,862.48
1024,65536,64,512,873.959
1024,65536,64,1024,892.016
1024,65536,64,2048,927.516
1024,65536,64,4096,997.564
1024,65536,64,8192,1141.32
1024,65536,64,16384,1432.99
1024,65536,64,32768,2020.68
1024,65536,64,65536,3175.64
1024,65536,128,16,862.887
1024,65536,128,32,863.579
1024,65536,128,64,863.42
1024,65536,128,128,862.865
1024,65536,128,256,872.336
1024,65536,128,512,889.97
1024,65536,128,1024,926.812
1024,65536,128,2048,996.572
1024,65536,128,4096,1137.92
1024,65536,128,8192,1423.73
1024,65536,128,16384,1995.58
1024,65536,128,32768,3138.85
1024,65536,128,65536,5423.05
2048,0,0,0,83.595
2048,0,1,16,89.7167
2048,0,1,32,89.9517
2048,0,1,64,89.7817
2048,0,1,128,89.6317
2048,0,1,256,89.7497
2048,0,1,512,90.1133
2048,0,1,1024,91.5093
2048,0,1,2048,91.5523
2048,0,1,4096,92.459
2048,0,1,8192,98.9337
2048,0,1,16384,106.891
2048,0,1,32768,118.112
2048,0,1,65536,140.161
2048,0,2,16,94.2183
2048,0,2,32,94.0493
2048,0,2,64,93.932
2048,0,2,128,94.0897
2048,0,2,256,93.8453
2048,0,2,512,94.377
2048,0,2,1024,95.7767
2048,0,2,2048,96.2243
2048,0,2,4096,102.08
2048,0,2,8192,108.97
2048,0,2,16384,120.896
2048,0,2,32768,142.891
2048,0,2,65536,181.506
2048,0,4,16,94.8693
2048,0,4,32,94.977
2048,0,4,64,94.752
2048,0,4,128,94.7743
2048,0,4,256,94.8593
2048,0,4,512,95.3167
2048,0,4,1024,96.7677
2048,0,4,2048,100.108
2048,0,4,4096,106.41
2048,0,4,8192,118.859
2048,0,4,16384,142.41
2048,0,4,32768,179.99
2048,0,4,65536,251.266
2048,0,8,16,94.8797
2048,0,8,32,94.6127
2048,0,8,64,95.0287
2048,0,8,128,94.6137
2048,0,8,256,94.9667
2048,0,8,512,96.8313
2048,0,8,1024,99.701
2048,0,8,2048,106.688
2048,0,8,4096,118.976
2048,0,8,8192,142.497
2048,0,8,16384,181.536
2048,0,8,32768,252.194
2048,0,8,65536,395.48
2048,0,16,16,94.721
2048,0,16,32,94.7417
2048,0,16,64,94.613
2048,0,16,128,94.6663
2048,0,16,256,96.4267
2048,0,16,512,100.341
2048,0,16,1024,106.784
2048,0,16,2048,119.03
2048,0,16,4096,142.571
2048,0,16,8192,180.928
2048,0,16,16384,252.736
2048,0,16,32768,394.03
2048,0,16,65536,681.455
2048,0,32,16,98.272
2048,0,32,32,97.9523
2048,0,32,64,97.5893
2048,0,32,128,97.8237
2048,0,32,256,102.955
2048,0,32,512,109.131
2048,0,32,1024,121.686
2048,0,32,2048,143.926
2048,0,32,4096,180.875
2048,0,32,8192,253.953
2048,0,32,16384,401.92
2048,0,32,32768,691.12
2048,0,32,65536,1270.1
2048,0,64,16,101.802
2048,0,64,32,101.792
2048,0,64,64,101.867
2048,0,64,128,102.485
2048,0,64,256,110.699
2048,0,64,512,123.509
2048,0,64,1024,146.049
2048,0,64,2048,184.384
2048,0,64,4096,256.459
2048,0,64,8192,401.357
2048,0,64,16384,707.778
2048,0,64,32768,1277.19
2048,0,64,65536,2440.94
2048,0,128,16,109.526
2048,0,128,32,109.825
2048,0,128,64,109.366
2048,0,128,128,110.635
2048,0,128,256,124.971
2048,0,128,512,147.179
2048,0,128,1024,183.552
2048,0,128,2048,255.317
2048,0,128,4096,397.067
2048,0,128,8192,686.187
2048,0,128,16384,1259.1
2048,0,128,32768,2399.28
2048,0,128,65536,4691.9
2048,16,0,0,89.2063
2048,16,1,16,94.7947
2048,16,1,32,94.6133
2048,16,1,64,95.3173
2048,16,1,128,95.3283
2048,16,1,256,95.008
2048,16,1,512,95.3493
2048,16,1,1024,95.5843
2048,16,1,2048,96.4693
2048,16,1,4096,97.483
2048,16,1,8192,104.064
2048,16,1,16384,111.157
2048,16,1,32768,123.35
2048,16,1,65536,146.732
2048,16,2,16,99.7223
2048,16,2,32,99.0723
2048,16,2,64,99.5943
2048,16,2,128,99.221
2048,16,2,256,99.2437
2048,16,2,512,99.5197
2048,16,2,1024,99.7867
2048,16,2,2048,101.28
2048,16,2,4096,107.499
2048,16,2,8192,114.091
2048,16,2,16384,126.305
2048,16,2,32768,148.672
2048,16,2,65536,187.083
2048,16,4,16,99.8727
2048,16,4,32,100.352
2048,16,4,64,99.5627
2048,16,4,128,100.053
2048,16,4,256,100.042
2048,16,4,512,100.811
2048,16,4,1024,101.835
2048,16,4,2048,105.088
2048,16,4,4096,111.765
2048,16,4,8192,124.064
2048,16,4,16384,147.275
2048,16,4,32768,184.845
2048,16,4,65536,256.78
2048,16,8,16,99.904
2048,16,8,32,99.8303
2048,16,8,64,100.001
2048,16,8,128,99.765
2048,16,8,256,100.192
2048,16,8,512,102.016
2048,16,8,1024,105.557
2048,16,8,2048,112.266
2048,16,8,4096,124.256
2048,16,8,8192,147.445
2048,16,8,16384,186.656
2048,16,8,32768,257.442
2048,16,8,65536,400.717
2048,16,16,16,100.321
2048,16,16,32,99.4983
2048,16,16,64,99.6373
2048,16,16,128,100.383
2048,16,16,256,102.325
2048,16,16,512,104.982
2048,16,16,1024,111.477
2048,16,16,2048,124.853
2048,16,16,4096,148.181
2048,16,16,8192,186.037
2048,16,16,16384,257.729
2048,16,16,32768,400.376
2048,16,16,65536,686.458
2048,16,32,16,102.859
2048,16,32,32,102.421
2048,16,32,64,103.008
2048,16,32,128,102.998
2048,16,32,256,107.093
2048,16,32,512,114.668
2048,16,32,1024,126.112
2048,16,32,2048,149.003
2048,16,32,4096,186.614
2048,16,32,8192,258.978
2048,16,32,16384,407.029
2048,16,32,32768,695.524
2048,16,32,65536,1273.96
2048,16,64,16,107.787
2048,16,64,32,106.934
2048,16,64,64,106.614
2048,16,64,128,106.411
2048,16,64,256,115.968
2048,16,64,512,128.821
2048,16,64,1024,150.922
2048,16,64,2048,188.351
2048,16,64,4096,261.366
2048,16,64,8192,407.799
2048,16,64,16384,704.449
2048,16,64,32768,1287.4
2048,16,64,65536,2442.7
2048,16,128,16,115.073
2048,16,128,32,115.147
2048,16,128,64,114.688
2048,16,128,128,115.862
2048,16,128,256,129.718
2048,16,128,512,152.332
2048,16,128,1024,189.131
2048,16,128,2048,260.694
2048,16,128,4096,402.177
2048,16,128,8192,691.478
2048,16,128,16384,1266.02
2048,16,128,32768,2405.2
2048,16,128,65536,4687.96
2048,32,0,0,89.2273
2048,32,1,16,94.2933
2048,32,1,32,94.7197
2048,32,1,64,95.1043
2048,32,1,128,95.4457
2048,32,1,256,95.7973
2048,32,1,512,95.4443
2048,32,1,1024,94.9443
2048,32,1,2048,96.3523
2048,32,1,4096,97.1097
2048,32,1,8192,103.808
2048,32,1,16384,111.051
2048,32,1,32768,123.03
2048,32,1,65536,146.923
2048,32,2,16,99.1677
2048,32,2,32,99.1363
2048,32,2,64,98.944
2048,32,2,128,99.52
2048,32,2,256,99.936
2048,32,2,512,100.14
2048,32,2,1024,100.139
2048,32,2,2048,101.792
2048,32,2,4096,107.679
2048,32,2,8192,113.739
2048,32,2,16384,126.859
2048,32,2,32768,148.204
2048,32,2,65536,187.148
2048,32,4,16,100.097
2048,32,4,32,100.213
2048,32,4,64,100.396
2048,32,4,128,100.373
2048,32,4,256,100.309
2048,32,4,512,100.405
2048,32,4,1024,101.558
2048,32,4,2048,105.835
2048,32,4,4096,112.298
2048,32,4,8192,124.534
2048,32,4,16384,147.008
2048,32,4,32768,185.409
2048,32,4,65536,256.728
2048,32,8,16,100.298
2048,32,8,32,100.203
2048,32,8,64,100.267
2048,32,8,128,100.214
2048,32,8,256,100.682
2048,32,8,512,102.133
2048,32,8,1024,105.258
2048,32,8,2048,111.82
2048,32,8,4096,124.556
2048,32,8,8192,147.797
2048,32,8,16384,186.433
2048,32,8,32768,256.258
2048,32,8,65536,400.665
2048,32,16,16,99.904
2048,32,16,32,99.2967
2048,32,16,64,100
2048,32,16,128,99.8833
2048,32,16,256,101.718
2048,32,16,512,105.13
2048,32,16,1024,111.819
2048,32,16,2048,124.053
2048,32,16,4096,147.477
2048,32,16,8192,185.558
2048,32,16,16384,257.921
2048,32,16,32768,400.451
2048,32,16,65536,687.78
2048,32,32,16,103.04
2048,32,32,32,102.752
2048,32,32,64,102.955
2048,32,32,128,102.283
2048,32,32,256,107.52
2048,32,32,512,113.536
2048,32,32,1024,126.421
2048,32,32,2048,149.536
2048,32,32,4096,186.165
2048,32,32,8192,259.948
2048,32,32,16384,405.472
2048,32,32,32768,699.151
2048,32,32,65536,1273.99
2048,32,64,16,107.072
2048,32,64,32,107.018
2048,32,64,64,107.008
2048,32,64,128,106.87
2048,32,64,256,115.137
2048,32,64,512,128.14
2048,32,64,1024,150.507
2048,32,64,2048,188.555
2048,32,64,4096,261.59
2048,32,64,8192,408.598
2048,32,64,16384,711.201
2048,32,64,32768,1280.8
2048,32,64,65536,2442.3
2048,32,128,16,115.264
2048,32,128,32,115.392
2048,32,128,64,115.308
2048,32,128,128,115.552
2048,32,128,256,130.123
2048,32,128,512,153.493
2048,32,128,1024,188.534
2048,32,128,2048,260.171
2048,32,128,4096,402.764
2048,32,128,8192,695.319
2048,32,128,16384,1274.47
2048,32,128,32768,2405.5
2048,32,128,65536,4684.95
2048,64,0,0,89.1627
2048,64,1,16,94.827
2048,64,1,32,94.5387
2048,64,1,64,95.1153
2048,64,1,128,94.5173
2048,64,1,256,94.6347
2048,64,1,512,95.9583
2048,64,1,1024,94.9543
2048,64,1,2048,97.046
2048,64,1,4096,97.7173
2048,64,1,8192,104.075
2048,64,1,16384,111.072
2048,64,1,32768,122.55
2048,64,1,65536,146.411
2048,64,2,16,99.7013
2048,64,2,32,99.0507
2048,64,2,64,99.1797
2048,64,2,128,99.7213
2048,64,2,256,98.646
2048,64,2,512,99.328
2048,64,2,1024,100.449
2048,64,2,2048,101.408
2048,64,2,4096,107.285
2048,64,2,8192,114.101
2048,64,2,16384,126.101
2048,64,2,32768,148.459
2048,64,2,65536,186.135
2048,64,4,16,99.8837
2048,64,4,32,99.2863
2048,64,4,64,99.4667
2048,64,4,128,99.8083
2048,64,4,256,99.6157
2048,64,4,512,100.267
2048,64,4,1024,102.282
2048,64,4,2048,105.461
2048,64,4,4096,111.882
2048,64,4,8192,123.947
2048,64,4,16384,147.168
2048,64,4,32768,184.65
2048,64,4,65536,257.067
2048,64,8,16,99.6697
2048,64,8,32,99.7873
2048,64,8,64,100.32
2048,64,8,128,100.128
2048,64,8,256,100.791
2048,64,8,512,102.048
2048,64,8,1024,105.643
2048,64,8,2048,112.501
2048,64,8,4096,124.469
2048,64,8,8192,147.862
2048,64,8,16384,185.899
2048,64,8,32768,256.939
2048,64,8,65536,399.789
2048,64,16,16,99.8827
2048,64,16,32,99.5633
2048,64,16,64,100.053
2048,64,16,128,99.956
2048,64,16,256,101.718
2048,64,16,512,105.813
2048,64,16,1024,111.04
2048,64,16,2048,124.341
2048,64,16,4096,147.904
2048,64,16,8192,185.515
2048,64,16,16384,257.387
2048,64,16,32768,401.111
2048,64,16,65536,687.428
2048,64,32,16,102.859
2048,64,32,32,102.528
2048,64,32,64,102.592
2048,64,32,128,102.708
2048,64,32,256,108.16
2048,64,32,512,113.547
2048,64,32,1024,126.742
2048,64,32,2048,149.056
2048,64,32,4096,186.091
2048,64,32,8192,260.715
2048,64,32,16384,407.991
2048,64,32,32768,695.045
2048,64,32,65536,1271.45
2048,64,64,16,106.38
2048,64,64,32,106.849
2048,64,64,64,106.699
2048,64,64,128,107.062
2048,64,64,256,115.339
2048,64,64,512,128.203
2048,64,64,1024,150.709
2048,64,64,2048,188.705
2048,64,64,4096,260.726
2048,64,64,8192,407.83
2048,64,64,16384,699.82
2048,64,64,32768,1282.43
2048,64,64,65536,2460.33
2048,64,128,16,114.913
2048,64,128,32,115.265
2048,64,128,64,114.656
2048,64,128,128,115.381
2048,64,128,256,130.303
2048,64,128,512,152.725
2048,64,128,1024,189.195
2048,64,128,2048,260.277
2048,64,128,4096,404.448
2048,64,128,8192,691.82
2048,64,128,16384,1264.98
2048,64,128,32768,2406.69
2048,64,128,65536,4684.83
2048,128,0,0,88.427
2048,128,1,16,95.147
2048,128,1,32,94.017
2048,128,1,64,95.0603
2048,128,1,128,94.848
2048,128,1,256,95.0293
2048,128,1,512,94.9657
2048,128,1,1024,94.9973
2048,128,1,2048,96.235
2048,128,1,4096,97.0353
2048,128,1,8192,104.438
2048,128,1,16384,111.328
2048,128,1,32768,122.433
2048,128,1,65536,145.794
2048,128,2,16,99.4453
2048,128,2,32,98.5493
2048,128,2,64,99.254
2048,128,2,128,99.413
2048,128,2,256,98.453
2048,128,2,512,98.955
2048,128,2,1024,99.5737
2048,128,2,2048,101.045
2048,128,2,4096,107.222
2048,128,2,8192,113.131
2048,128,2,16384,125.334
2048,128,2,32768,148.311
2048,128,2,65536,185.313
2048,128,4,16,99.5523
2048,128,4,32,99.616
2048,128,4,64,99.3613
2048,128,4,128,99.3493
2048,128,4,256,99.2753
2048,128,4,512,99.9153
2048,128,4,1024,101.921
2048,128,4,2048,104.438
2048,128,4,4096,111.414
2048,128,4,8192,123.851
2048,128,4,16384,147.168
2048,128,4,32768,183.756
2048,128,4,65536,255.392
2048,128,8,16,99.531
2048,128,8,32,99.061
2048,128,8,64,99.498
2048,128,8,128,99.457
2048,128,8,256,99.7027
2048,128,8,512,102.252
2048,128,8,1024,104.321
2048,128,8,2048,111.701
2048,128,8,4096,123.551
2048,128,8,8192,147.488
2048,128,8,16384,185.12
2048,128,8,32768,256.525
2048,128,8,65536,399.821
2048,128,16,16,99.9153
2048,128,16,32,99.232
2048,128,16,64,99.6267
2048,128,16,128,99.2443
2048,128,16,256,101.622
2048,128,16,512,105.216
2048,128,16,1024,111.35
2048,128,16,2048,123.872
2048,128,16,4096,147.158
2048,128,16,8192,184.363
2048,128,16,16384,257.163
2048,128,16,32768,400.547
2048,128,16,65536,687.343
2048,128,32,16,102.198
2048,128,32,32,102.688
2048,128,32,64,102.56
2048,128,32,128,102.069
2048,128,32,256,107.595
2048,128,32,512,114.123
2048,128,32,1024,126.571
2048,128,32,2048,149.034
2048,128,32,4096,185.996
2048,128,32,8192,258.284
2048,128,32,16384,405.771
2048,128,32,32768,696.804
2048,128,32,65536,1270.67
2048,128,64,16,106.667
2048,128,64,32,107.349
2048,128,64,64,106.71
2048,128,64,128,106.913
2048,128,64,256,115.573
2048,128,64,512,127.691
2048,128,64,1024,150.442
2048,128,64,2048,188.31
2048,128,64,4096,261.238
2048,128,64,8192,406.55
2048,128,64,16384,699.564
2048,128,64,32768,1282.95
2048,128,64,65536,2440.91
2048,128,128,16,115.062
2048,128,128,32,114.347
2048,128,128,64,114.539
2048,128,128,128,115.083
2048,128,128,256,128.939
2048,128,128,512,152.224
2048,128,128,1024,188.821
2048,128,128,2048,260.864
2048,128,128,4096,404.075
2048,128,128,8192,690.775
2048,128,128,16384,1266.56
2048,128,128,32768,2402.97
2048,128,128,65536,4690.28
2048,256,0,0,91.2857
2048,256,1,16,97.4727
2048,256,1,32,97.3973
2048,256,1,64,97.6743
2048,256,1,128,98.016
2048,256,1,256,98.3577
2048,256,1,512,97.5043
2048,256,1,1024,97.8133
2048,256,1,2048,99.456
2048,256,1,4096,100.832
2048,256,1,8192,106.389
2048,256,1,16384,114.325
2048,256,1,32768,126.369
2048,256,1,65536,149.377
2048,256,2,16,101.515
2048,256,2,32,102.08
2048,256,2,64,102.592
2048,256,2,128,101.771
2048,256,2,256,102.422
2048,256,2,512,102.358
2048,256,2,1024,102.207
2048,256,2,2048,104.138
2048,256,2,4096,109.664
2048,256,2,8192,116.555
2048,256,2,16384,128.491
2048,256,2,32768,151.531
2048,256,2,65536,189.718
2048,256,4,16,102.357
2048,256,4,32,102.966
2048,256,4,64,102.603
2048,256,4,128,102.901
2048,256,4,256,102.794
2048,256,4,512,103.125
2048,256,4,1024,105.334
2048,256,4,2048,108.907
2048,256,4,4096,114.475
2048,256,4,8192,127.403
2048,256,4,16384,150.251
2048,256,4,32768,187.575
2048,256,4,65536,259.383
2048,256,8,16,102.923
2048,256,8,32,102.858
2048,256,8,64,102.902
2048,256,8,128,102.987
2048,256,8,256,103.115
2048,256,8,512,104.929
2048,256,8,1024,108.096
2048,256,8,2048,115.562
2048,256,8,4096,127.381
2048,256,8,8192,149.973
2048,256,8,16384,188.704
2048,256,8,32768,260.481
2048,256,8,65536,402.361
2048,256,16,16,101.963
2048,256,16,32,102.326
2048,256,16,64,102.123
2048,256,16,128,102.901
2048,256,16,256,104.492
2048,256,16,512,107.936
2048,256,16,1024,114.806
2048,256,16,2048,127.019
2048,256,16,4096,150.625
2048,256,16,8192,188.15
2048,256,16,16384,260.331
2048,256,16,32768,403.747
2048,256,16,65536,689.691
2048,256,32,16,105.537
2048,256,32,32,106.07
2048,256,32,64,105.548
2048,256,32,128,105.92
2048,256,32,256,110.219
2048,256,32,512,116.801
2048,256,32,1024,129.91
2048,256,32,2048,151.008
2048,256,32,4096,189.845
2048,256,32,8192,261.856
2048,256,32,16384,408.705
2048,256,32,32768,699.13
2048,256,32,65536,1278.55
2048,256,64,16,109.782
2048,256,64,32,109.195
2048,256,64,64,109.493
2048,256,64,128,109.642
2048,256,64,256,118.837
2048,256,64,512,130.998
2048,256,64,1024,153.526
2048,256,64,2048,191.286
2048,256,64,4096,263.873
2048,256,64,8192,409.452
2048,256,64,16384,707.521
2048,256,64,32768,1282.98
2048,256,64,65536,2446.51
2048,256,128,16,117.345
2048,256,128,32,117.153
2048,256,128,64,117.398
2048,256,128,128,118.645
2048,256,128,256,132.726
2048,256,128,512,154.934
2048,256,128,1024,191.317
2048,256,128,2048,263.499
2048,256,128,4096,406.871
2048,256,128,8192,691.265
2048,256,128,16384,1270.05
2048,256,128,32768,2410.56
2048,256,128,65536,4689.56
2048,512,0,0,98.2297
2048,512,1,16,104.565
2048,512,1,32,104.364
2048,512,1,64,104.651
2048,512,1,128,104.491
2048,512,1,256,104.853
2048,512,1,512,104.843
2048,512,1,1024,104.949
2048,512,1,2048,106.229
2048,512,1,4096,107.648
2048,512,1,8192,114.283
2048,512,1,16384,121.013
2048,512,1,32768,132.641
2048,512,1,65536,154.923
2048,512,2,16,108.779
2048,512,2,32,108.875
2048,512,2,64,109.025
2048,512,2,128,109.111
2048,512,2,256,108.736
2048,512,2,512,109.077
2048,512,2,1024,109.61
2048,512,2,2048,111.265
2048,512,2,4096,116.8
2048,512,2,8192,123.723
2048,512,2,16384,136.203
2048,512,2,32768,157.75
2048,512,2,65536,195.5
2048,512,4,16,109.697
2048,512,4,32,109.695
2048,512,4,64,109.931
2048,512,4,128,109.482
2048,512,4,256,109.409
2048,512,4,512,110.368
2048,512,4,1024,111.691
2048,512,4,2048,115.393
2048,512,4,4096,121.366
2048,512,4,8192,134.048
2048,512,4,16384,157.004
2048,512,4,32768,194.542
2048,512,4,65536,267.618
2048,512,8,16,109.579
2048,512,8,32,109.653
2048,512,8,64,109.663
2048,512,8,128,110.165
2048,512,8,256,110.4
2048,512,8,512,112.097
2048,512,8,1024,114.998
2048,512,8,2048,122.015
2048,512,8,4096,134.357
2048,512,8,8192,157.269
2048,512,8,16384,195.36
2048,512,8,32768,267.363
2048,512,8,65536,410.733
2048,512,16,16,109.291
2048,512,16,32,109.707
2048,512,16,64,109.387
2048,512,16,128,109.707
2048,512,16,256,111.328
2048,512,16,512,115.254
2048,512,16,1024,121.376
2048,512,16,2048,133.77
2048,512,16,4096,157.131
2048,512,16,8192,195.222
2048,512,16,16384,267.286
2048,512,16,32768,411.032
2048,512,16,65536,696.251
2048,512,32,16,112.981
2048,512,32,32,112.8
2048,512,32,64,112.983
2048,512,32,128,112.938
2048,512,32,256,117.237
2048,512,32,512,124.331
2048,512,32,1024,136.565
2048,512,32,2048,158.796
2048,512,32,4096,196.16
2048,512,32,8192,269.985
2048,512,32,16384,414.562
2048,512,32,32768,709.53
2048,512,32,65536,1280
2048,512,64,16,116.736
2048,512,64,32,116.95
2048,512,64,64,116.939
2048,512,64,128,117.141
2048,512,64,256,125.792
2048,512,64,512,138.57
2048,512,64,1024,160.961
2048,512,64,2048,199.468
2048,512,64,4096,271.522
2048,512,64,8192,417.708
2048,512,64,16384,713.549
2048,512,64,32768,1303.15
2048,512,64,65536,2452.56
2048,512,128,16,124.033
2048,512,128,32,124.651
2048,512,128,64,124.32
2048,512,128,128,125.429
2048,512,128,256,139.989
2048,512,128,512,162.165
2048,512,128,1024,198.39
2048,512,128,2048,269.941
2048,512,128,4096,412.225
2048,512,128,8192,704.225
2048,512,128,16384,1274.61
2048,512,128,32768,2414.34
2048,512,128,65536,4709.89
2048,1024,0,0,112.373
2048,1024,1,16,118.187
2048,1024,1,32,117.899
2048,1024,1,64,118.24
2048,1024,1,128,118.187
2048,1024,1,256,118.251
2048,1024,1,512,118.154
2048,1024,1,1024,118.443
2048,1024,1,2048,119.573
2048,1024,1,4096,120.854
2048,1024,1,8192,126.945
2048,1024,1,16384,134.475
2048,1024,1,32768,146.241
2048,1024,1,65536,169.355
2048,1024,2,16,122.358
2048,1024,2,32,122.454
2048,1024,2,64,122.677
2048,1024,2,128,122.56
2048,1024,2,256,122.519
2048,1024,2,512,122.881
2048,1024,2,1024,123.008
2048,1024,2,2048,125.098
2048,1024,2,4096,130.048
2048,1024,2,8192,136.907
2048,1024,2,16384,149.035
2048,1024,2,32768,171.105
2048,1024,2,65536,209.505
2048,1024,4,16,122.624
2048,1024,4,32,122.656
2048,1024,4,64,122.848
2048,1024,4,128,123.051
2048,1024,4,256,122.955
2048,1024,4,512,123.467
2048,1024,4,1024,125.516
2048,1024,4,2048,128.523
2048,1024,4,4096,134.943
2048,1024,4,8192,147.53
2048,1024,4,16384,170.411
2048,1024,4,32768,207.373
2048,1024,4,65536,279.469
2048,1024,8,16,122.646
2048,1024,8,32,122.966
2048,1024,8,64,123.189
2048,1024,8,128,123.083
2048,1024,8,256,123.105
2048,1024,8,512,124.554
2048,1024,8,1024,128.437
2048,1024,8,2048,134.827
2048,1024,8,4096,147.83
2048,1024,8,8192,170.39
2048,1024,8,16384,208.661
2048,1024,8,32768,280.514
2048,1024,8,65536,424.377
2048,1024,16,16,122.422
2048,1024,16,32,122.176
2048,1024,16,64,122.699
2048,1024,16,128,123.083
2048,1024,16,256,124.97
2048,1024,16,512,128.309
2048,1024,16,1024,134.496
2048,1024,16,2048,147.403
2048,1024,16,4096,170.41
2048,1024,16,8192,208.576
2048,1024,16,16384,279.84
2048,1024,16,32768,423.565
2048,1024,16,65536,709.189
2048,1024,32,16,125.781
2048,1024,32,32,125.824
2048,1024,32,64,125.462
2048,1024,32,128,126.049
2048,1024,32,256,130.496
2048,1024,32,512,137.013
2048,1024,32,1024,149.632
2048,1024,32,2048,171.786
2048,1024,32,4096,209.26
2048,1024,32,8192,282.689
2048,1024,32,16384,431.275
2048,1024,32,32768,719.856
2048,1024,32,65536,1295.62
2048,1024,64,16,129.729
2048,1024,64,32,129.644
2048,1024,64,64,129.802
2048,1024,64,128,130.208
2048,1024,64,256,138.795
2048,1024,64,512,151.628
2048,1024,64,1024,173.792
2048,1024,64,2048,211.36
2048,1024,64,4096,283.915
2048,1024,64,8192,429.1
2048,1024,64,16384,724.055
2048,1024,64,32768,1301.64
2048,1024,64,65536,2462.76
2048,1024,128,16,137.697
2048,1024,128,32,137.729
2048,1024,128,64,137.685
2048,1024,128,128,138.528
2048,1024,128,256,153.174
2048,1024,128,512,175.435
2048,1024,128,1024,211.744
2048,1024,128,2048,282.848
2048,1024,128,4096,427.874
2048,1024,128,8192,712.364
2048,1024,128,16384,1288.47
2048,1024,128,32768,2428.62
2048,1024,128,65536,4711.5
2048,2048,0,0,138.005
2048,2048,1,16,148.714
2048,2048,1,32,148.566
2048,2048,1,64,146.198
2048,2048,1,128,148.15
2048,2048,1,256,148.694
2048,2048,1,512,148.459
2048,2048,1,1024,148.683
2048,2048,1,2048,150.827
2048,2048,1,4096,151.647
2048,2048,1,8192,157.419
2048,2048,1,16384,163.082
2048,2048,1,32768,174.593
2048,2048,1,65536,195.926
2048,2048,2,16,149.633
2048,2048,2,32,149.632
2048,2048,2,64,150.005
2048,2048,2,128,149.942
2048,2048,2,256,150.262
2048,2048,2,512,150.592
2048,2048,2,1024,151.574
2048,2048,2,2048,153.386
2048,2048,2,4096,156.971
2048,2048,2,8192,163.573
2048,2048,2,16384,175.616
2048,2048,2,32768,197.899
2048,2048,2,65536,235.755
2048,2048,4,16,149.205
2048,2048,4,32,149.578
2048,2048,4,64,149.366
2048,2048,4,128,149.482
2048,2048,4,256,149.941
2048,2048,4,512,150.197
2048,2048,4,1024,152.171
2048,2048,4,2048,155.329
2048,2048,4,4096,161.696
2048,2048,4,8192,173.686
2048,2048,4,16384,196.491
2048,2048,4,32768,233.805
2048,2048,4,65536,305.835
2048,2048,8,16,149.642
2048,2048,8,32,149.644
2048,2048,8,64,149.76
2048,2048,8,128,149.589
2048,2048,8,256,150.294
2048,2048,8,512,151.947
2048,2048,8,1024,155.285
2048,2048,8,2048,161.643
2048,2048,8,4096,174.305
2048,2048,8,8192,196.95
2048,2048,8,16384,234.773
2048,2048,8,32768,306.231
2048,2048,8,65536,449.901
2048,2048,16,16,148.8
2048,2048,16,32,148.928
2048,2048,16,64,149.13
2048,2048,16,128,149.9
2048,2048,16,256,151.67
2048,2048,16,512,155.413
2048,2048,16,1024,161.888
2048,2048,16,2048,174.017
2048,2048,16,4096,196.821
2048,2048,16,8192,235.157
2048,2048,16,16384,306.763
2048,2048,16,32768,448.685
2048,2048,16,65536,736.122
2048,2048,32,16,152.694
2048,2048,32,32,152.555
2048,2048,32,64,152.651
2048,2048,32,128,152.522
2048,2048,32,256,157.921
2048,2048,32,512,164.097
2048,2048,32,1024,176.555
2048,2048,32,2048,198.368
2048,2048,32,4096,236.032
2048,2048,32,8192,308.245
2048,2048,32,16384,455.51
2048,2048,32,32768,744.143
2048,2048,32,65536,1325.62
2048,2048,64,16,156.544
2048,2048,64,32,156.961
2048,2048,64,64,156.682
2048,2048,64,128,157.471
2048,2048,64,256,165.675
2048,2048,64,512,178.805
2048,2048,64,1024,200.778
2048,2048,64,2048,238.71
2048,2048,64,4096,310.603
2048,2048,64,8192,455.393
2048,2048,64,16384,752.545
2048,2048,64,32768,1330.15
2048,2048,64,65536,2506.31
2048,2048,128,16,164.597
2048,2048,128,32,164.48
2048,2048,128,64,164.565
2048,2048,128,128,165.419
2048,2048,128,256,181.046
2048,2048,128,512,202.315
2048,2048,128,1024,238.731
2048,2048,128,2048,309.899
2048,2048,128,4096,451.83
2048,2048,128,8192,738.678
2048,2048,128,16384,1315.03
2048,2048,128,32768,2453.43
2048,2048,128,65536,4738.85
2048,4096,0,0,190.806
2048,4096,1,16,202.955
2048,4096,1,32,203.925
2048,4096,1,64,203.062
2048,4096,1,128,203.841
2048,4096,1,256,203.84
2048,4096,1,512,203.84
2048,4096,1,1024,204.555
2048,4096,1,2048,206.22
2048,4096,1,4096,208.716
2048,4096,1,8192,212.427
2048,4096,1,16384,217.334
2048,4096,1,32768,230.828
2048,4096,1,65536,252.801
2048,4096,2,16,202.602
2048,4096,2,32,202.806
2048,4096,2,64,202.646
2048,4096,2,128,202.795
2048,4096,2,256,203.136
2048,4096,2,512,204.15
2048,4096,2,1024,204.63
2048,4096,2,2048,207.061
2048,4096,2,4096,209.984
2048,4096,2,8192,216.311
2048,4096,2,16384,229.078
2048,4096,2,32768,250.882
2048,4096,2,65536,289.134
2048,4096,4,16,202.315
2048,4096,4,32,202.282
2048,4096,4,64,202.047
2048,4096,4,128,202.539
2048,4096,4,256,202.742
2048,4096,4,512,202.827
2048,4096,4,1024,205.025
2048,4096,4,2048,208.266
2048,4096,4,4096,214.284
2048,4096,4,8192,227.137
2048,4096,4,16384,249.75
2048,4096,4,32768,286.988
2048,4096,4,65536,359.662
2048,4096,8,16,201.643
2048,4096,8,32,202.176
2048,4096,8,64,202.657
2048,4096,8,128,203.019
2048,4096,8,256,202.443
2048,4096,8,512,204.661
2048,4096,8,1024,208.086
2048,4096,8,2048,214.796
2048,4096,8,4096,226.688
2048,4096,8,8192,249.857
2048,4096,8,16384,287.49
2048,4096,8,32768,359.277
2048,4096,8,65536,503.565
2048,4096,16,16,201.793
2048,4096,16,32,201.868
2048,4096,16,64,201.729
2048,4096,16,128,201.653
2048,4096,16,256,204.437
2048,4096,16,512,208.171
2048,4096,16,1024,214.508
2048,4096,16,2048,226.369
2048,4096,16,4096,249.515
2048,4096,16,8192,287.445
2048,4096,16,16384,359.051
2048,4096,16,32768,502.008
2048,4096,16,65536,789.349
2048,4096,32,16,205.121
2048,4096,32,32,204.948
2048,4096,32,64,204.982
2048,4096,32,128,205.75
2048,4096,32,256,210.709
2048,4096,32,512,216.822
2048,4096,32,1024,228.864
2048,4096,32,2048,250.785
2048,4096,32,4096,288.267
2048,4096,32,8192,362.518
2048,4096,32,16384,506.86
2048,4096,32,32768,798.693
2048,4096,32,65536,1375.22
2048,4096,64,16,208.673
2048,4096,64,32,209.206
2048,4096,64,64,208.875
2048,4096,64,128,210.123
2048,4096,64,256,218.646
2048,4096,64,512,231.073
2048,4096,64,1024,252.289
2048,4096,64,2048,289.771
2048,4096,64,4096,362.902
2048,4096,64,8192,507.767
2048,4096,64,16384,799.489
2048,4096,64,32768,1383.24
2048,4096,64,65536,2546.99
2048,4096,128,16,216.426
2048,4096,128,32,216.683
2048,4096,128,64,217.441
2048,4096,128,128,219.254
2048,4096,128,256,233.782
2048,4096,128,512,254.124
2048,4096,128,1024,291.126
2048,4096,128,2048,362.316
2048,4096,128,4096,505.197
2048,4096,128,8192,800.299
2048,4096,128,16384,1366.64
2048,4096,128,32768,2504.44
2048,4096,128,65536,4789.69
2048,8192,0,0,292.801
2048,8192,1,16,304.043
2048,8192,1,32,303.574
2048,8192,1,64,305.28
2048,8192,1,128,305.089
2048,8192,1,256,304.064
2048,8192,1,512,305.6
2048,8192,1,1024,305.994
2048,8192,1,2048,307.5
2048,8192,1,4096,309.782
2048,8192,1,8192,313.483
2048,8192,1,16384,320.056
2048,8192,1,32768,335.096
2048,8192,1,65536,356.91
2048,8192,2,16,304.609
2048,8192,2,32,304.822
2048,8192,2,64,304.417
2048,8192,2,128,306.337
2048,8192,2,256,306.466
2048,8192,2,512,306.283
2048,8192,2,1024,308.021
2048,8192,2,2048,309.707
2048,8192,2,4096,313.174
2048,8192,2,8192,317.324
2048,8192,2,16384,329.889
2048,8192,2,32768,355.266
2048,8192,2,65536,394.733
2048,8192,4,16,304.555
2048,8192,4,32,304.459
2048,8192,4,64,304.587
2048,8192,4,128,303.425
2048,8192,4,256,304.939
2048,8192,4,512,304.897
2048,8192,4,1024,307.277
2048,8192,4,2048,311.211
2048,8192,4,4096,317.046
2048,8192,4,8192,327.67
2048,8192,4,16384,350.593
2048,8192,4,32768,391.737
2048,8192,4,65536,463.747
2048,8192,8,16,303.81
2048,8192,8,32,305.077
2048,8192,8,64,305.835
2048,8192,8,128,304.821
2048,8192,8,256,305.078
2048,8192,8,512,307.329
2048,8192,8,1024,309.248
2048,8192,8,2048,316.533
2048,8192,8,4096,327.649
2048,8192,8,8192,351.51
2048,8192,8,16384,390.688
2048,8192,8,32768,464.334
2048,8192,8,65536,607.182
2048,8192,16,16,303.126
2048,8192,16,32,303.938
2048,8192,16,64,304.193
2048,8192,16,128,304.673
2048,8192,16,256,306.188
2048,8192,16,512,309.877
2048,8192,16,1024,316.811
2048,8192,16,2048,328.972
2048,8192,16,4096,352.022
2048,8192,16,8192,389.547
2048,8192,16,16384,460.386
2048,8192,16,32768,606.875
2048,8192,16,65536,891.601
2048,8192,32,16,306.082
2048,8192,32,32,307.584
2048,8192,32,64,307.362
2048,8192,32,128,308.181
2048,8192,32,256,311.383
2048,8192,32,512,319.905
2048,8192,32,1024,330.359
2048,8192,32,2048,353.025
2048,8192,32,4096,389.675
2048,8192,32,8192,463.115
2048,8192,32,16384,609.281
2048,8192,32,32768,900.828
2048,8192,32,65536,1480.84
2048,8192,64,16,311.991
2048,8192,64,32,310.497
2048,8192,64,64,310.539
2048,8192,64,128,313.387
2048,8192,64,256,320.789
2048,8192,64,512,333.452
2048,8192,64,1024,354.634
2048,8192,64,2048,392.193
2048,8192,64,4096,464.459
2048,8192,64,8192,608.792
2048,8192,64,16384,902.699
2048,8192,64,32768,1489.95
2048,8192,64,65536,2650.81
2048,8192,128,16,320.245
2048,8192,128,32,319.701
2048,8192,128,64,321.247
2048,8192,128,128,320.992
2048,8192,128,256,334.123
2048,8192,128,512,355.125
2048,8192,128,1024,390.806
2048,8192,128,2048,463.682
2048,8192,128,4096,606.262
2048,8192,128,8192,892.47
2048,8192,128,16384,1462.75
2048,8192,128,32768,2610.74
2048,8192,128,65536,4885.85
2048,16384,0,0,491.766
2048,16384,1,16,504.064
2048,16384,1,32,504.609
2048,16384,1,64,503.938
2048,16384,1,128,504.331
2048,16384,1,256,502.827
2048,16384,1,512,506.07
2048,16384,1,1024,504.961
2048,16384,1,2048,506.615
2048,16384,1,4096,507.34
2048,16384,1,8192,511.297
2048,16384,1,16384,516.032
2048,16384,1,32768,538.691
2048,16384,1,65536,560.325
2048,16384,2,16,505.409
2048,16384,2,32,504.758
2048,16384,2,64,504.695
2048,16384,2,128,504.374
2048,16384,2,256,505.034
2048,16384,2,512,505.398
2048,16384,2,1024,506.369
2048,16384,2,2048,508.15
2048,16384,2,4096,512.471
2048,16384,2,8192,517.75
2048,16384,2,16384,528.557
2048,16384,2,32768,560.717
2048,16384,2,65536,598.949
2048,16384,4,16,502.303
2048,16384,4,32,503.469
2048,16384,4,64,503.819
2048,16384,4,128,504.075
2048,16384,4,256,503.895
2048,16384,4,512,505.738
2048,16384,4,1024,506.998
2048,16384,4,2048,509.665
2048,16384,4,4096,516.118
2048,16384,4,8192,528.034
2048,16384,4,16384,548.854
2048,16384,4,32768,597.091
2048,16384,4,65536,668.206
2048,16384,8,16,505.259
2048,16384,8,32,505.153
2048,16384,8,64,504.204
2048,16384,8,128,504.502
2048,16384,8,256,504.864
2048,16384,8,512,507.415
2048,16384,8,1024,510.253
2048,16384,8,2048,515.693
2048,16384,8,4096,528.641
2048,16384,8,8192,549.196
2048,16384,8,16384,586.498
2048,16384,8,32768,666.98
2048,16384,8,65536,809.327
2048,16384,16,16,503.766
2048,16384,16,32,503.936
2048,16384,16,64,504.065
2048,16384,16,128,504.812
2048,16384,16,256,506.336
2048,16384,16,512,510.049
2048,16384,16,1024,516.524
2048,16384,16,2048,527.659
2048,16384,16,4096,550.134
2048,16384,16,8192,586.07
2048,16384,16,16384,658.997
2048,16384,16,32768,810.436
2048,16384,16,65536,1093.46
2048,16384,32,16,507.756
2048,16384,32,32,507.916
2048,16384,32,64,507.158
2048,16384,32,128,508.535
2048,16384,32,256,511.457
2048,16384,32,512,518.689
2048,16384,32,1024,530.294
2048,16384,32,2048,550.741
2048,16384,32,4096,588.395
2048,16384,32,8192,662.829
2048,16384,32,16384,804.919
2048,16384,32,32768,1109.64
2048,16384,32,65536,1676.67
2048,16384,64,16,512.331
2048,16384,64,32,511.564
2048,16384,64,64,513.794
2048,16384,64,128,512.214
2048,16384,64,256,520.268
2048,16384,64,512,532.054
2048,16384,64,1024,551.031
2048,16384,64,2048,590.454
2048,16384,64,4096,662.123
2048,16384,64,8192,806.659
2048,16384,64,16384,1103.83
2048,16384,64,32768,1689.88
2048,16384,64,65536,2850.81
2048,16384,128,16,519.745
2048,16384,128,32,519.67
2048,16384,128,64,521.974
2048,16384,128,128,520.278
2048,16384,128,256,533.719
2048,16384,128,512,553.344
2048,16384,128,1024,588.354
2048,16384,128,2048,659.553
2048,16384,128,4096,803.223
2048,16384,128,8192,1090.59
2048,16384,128,16384,1668.63
2048,16384,128,32768,2813.32
2048,16384,128,65536,5092.35
2048,32768,0,0,885.468
2048,32768,1,16,898.298
2048,32768,1,32,898.639
2048,32768,1,64,898.052
2048,32768,1,128,897.702
2048,32768,1,256,899.27
2048,32768,1,512,899.696
2048,32768,1,1024,899.214
2048,32768,1,2048,899.185
2048,32768,1,4096,901.637
2048,32768,1,8192,904.932
2048,32768,1,16384,907.558
2048,32768,1,32768,919.579
2048,32768,1,65536,940.112
2048,32768,2,16,899.098
2048,32768,2,32,898.086
2048,32768,2,64,899.355
2048,32768,2,128,899.44
2048,32768,2,256,899.728
2048,32768,2,512,898.683
2048,32768,2,1024,899.941
2048,32768,2,2048,902.17
2048,32768,2,4096,904.71
2048,32768,2,8192,909.704
2048,32768,2,16384,919.792
2048,32768,2,32768,941.702
2048,32768,2,65536,976.272
2048,32768,4,16,898.768
2048,32768,4,32,897.926
2048,32768,4,64,896.732
2048,32768,4,128,897.372
2048,32768,4,256,899.197
2048,32768,4,512,898.907
2048,32768,4,1024,899.855
2048,32768,4,2048,902.267
2048,32768,4,4096,908.603
2048,32768,4,8192,918.793
2048,32768,4,16384,938.46
2048,32768,4,32768,974.055
2048,32768,4,65536,1045.68
2048,32768,8,16,898.063
2048,32768,8,32,898.76
2048,32768,8,64,899.034
2048,32768,8,128,898.734
2048,32768,8,256,899.729
2048,32768,8,512,901.851
2048,32768,8,1024,901.853
2048,32768,8,2048,907.568
2048,32768,8,4096,920.339
2048,32768,8,8192,939.025
2048,32768,8,16384,972.273
2048,32768,8,32768,1046.64
2048,32768,8,65536,1186.07
2048,32768,16,16,897.723
2048,32768,16,32,897.968
2048,32768,16,64,898.812
2048,32768,16,128,898.939
2048,32768,16,256,901.295
2048,32768,16,512,903.046
2048,32768,16,1024,908.453
2048,32768,16,2048,917.798
2048,32768,16,4096,938.246
2048,32768,16,8192,974.141
2048,32768,16,16384,1044.9
2048,32768,16,32768,1184.83
2048,32768,16,65536,1470.36
2048,32768,32,16,900.709
2048,32768,32,32,901.618
2048,32768,32,64,900.413
2048,32768,32,128,901.947
2048,32768,32,256,904.912
2048,32768,32,512,909.477
2048,32768,32,1024,921.008
2048,32768,32,2048,939.963
2048,32768,32,4096,977.178
2048,32768,32,8192,1049.08
2048,32768,32,16384,1191.5
2048,32768,32,32768,1480.36
2048,32768,32,65536,2063.17
2048,32768,64,16,905.809
2048,32768,64,32,905.99
2048,32768,64,64,905.691
2048,32768,64,128,905.212
2048,32768,64,256,911.717
2048,32768,64,512,922.778
2048,32768,64,1024,940.593
2048,32768,64,2048,977.884
2048,32768,64,4096,1049.76
2048,32768,64,8192,1192.52
2048,32768,64,16384,1483.93
2048,32768,64,32768,2065.48
2048,32768,64,65536,3231.2
2048,32768,128,16,912.496
2048,32768,128,32,913.35
2048,32768,128,64,913.21
2048,32768,128,128,911.749
2048,32768,128,256,923.654
2048,32768,128,512,940.943
2048,32768,128,1024,974.554
2048,32768,128,2048,1046.67
2048,32768,128,4096,1189.41
2048,32768,128,8192,1474.22
2048,32768,128,16384,2047.6
2048,32768,128,32768,3191.21
2048,32768,128,65536,5471.01
2048,65536,0,0,1649.47
2048,65536,1,16,1661.3
2048,65536,1,32,1662.31
2048,65536,1,64,1662.47
2048,65536,1,128,1662.03
2048,65536,1,256,1661.9
2048,65536,1,512,1662.26
2048,65536,1,1024,1663.6
2048,65536,1,2048,1663.49
2048,65536,1,4096,1665.84
2048,65536,1,8192,1669.1
2048,65536,1,16384,1673.07
2048,65536,1,32768,1683.83
2048,65536,1,65536,1702.12
2048,65536,2,16,1663.63
2048,65536,2,32,1664.58
2048,65536,2,64,1663.04
2048,65536,2,128,1664.82
2048,65536,2,256,1664.12
2048,65536,2,512,1664.21
2048,65536,2,1024,1665.59
2048,65536,2,2048,1668.01
2048,65536,2,4096,1668.84
2048,65536,2,8192,1673.64
2048,65536,2,16384,1683.7
2048,65536,2,32768,1702.97
2048,65536,2,65536,1737.01
2048,65536,4,16,1661.9
2048,65536,4,32,1661.08
2048,65536,4,64,1662.31
2048,65536,4,128,1661.51
2048,65536,4,256,1662.81
2048,65536,4,512,1663.6
2048,65536,4,1024,1663.5
2048,65536,4,2048,1666.92
2048,65536,4,4096,1670.55
2048,65536,4,8192,1681.71
2048,65536,4,16384,1699.99
2048,65536,4,32768,1735.63
2048,65536,4,65536,1808.32
2048,65536,8,16,1663.54
2048,65536,8,32,1663.13
2048,65536,8,64,1662.47
2048,65536,8,128,1662.49
2048,65536,8,256,1663.2
2048,65536,8,512,1665.81
2048,65536,8,1024,1665.46
2048,65536,8,2048,1672.88
2048,65536,8,4096,1682.11
2048,65536,8,8192,1701.27
2048,65536,8,16384,1736.57
2048,65536,8,32768,1808.11
2048,65536,8,65536,1947.23
2048,65536,16,16,1662.63
2048,65536,16,32,1662.79
2048,65536,16,64,1661.71
2048,65536,16,128,1661.94
2048,65536,16,256,1664.42
2048,65536,16,512,1666.12
2048,65536,16,1024,1671.11
2048,65536,16,2048,1682.14
2048,65536,16,4096,1701.06
2048,65536,16,8192,1736.58
2048,65536,16,16384,1805.82
2048,65536,16,32768,1944.72
2048,65536,16,65536,2230.22
2048,65536,32,16,1665.99
2048,65536,32,32,1665.87
2048,65536,32,64,1664.12
2048,65536,32,128,1664.82
2048,65536,32,256,1667.76
2048,65536,32,512,1672.94
2048,65536,32,1024,1684.46
2048,65536,32,2048,1703.21
2048,65536,32,4096,1736.05
2048,65536,32,8192,1808.9
2048,65536,32,16384,1957.05
2048,65536,32,32768,2244.1
2048,65536,32,65536,2818.95
2048,65536,64,16,1669.89
2048,65536,64,32,1668.05
2048,65536,64,64,1667.37
2048,65536,64,128,1667.57
2048,65536,64,256,1675.48
2048,65536,64,512,1684.68
2048,65536,64,1024,1702.53
2048,65536,64,2048,1738.88
2048,65536,64,4096,1811.07
2048,65536,64,8192,1954.68
2048,65536,64,16384,2247.38
2048,65536,64,32768,2829.52
2048,65536,64,65536,3997.34
2048,65536,128,16,1675.85
2048,65536,128,32,1673.61
2048,65536,128,64,1674.36
2048,65536,128,128,1673.78
2048,65536,128,256,1686.17
2048,65536,128,512,1703.55
2048,65536,128,1024,1737.65
2048,65536,128,2048,1809.75
2048,65536,128,4096,1950.15
2048,65536,128,8192,2237.52
2048,65536,128,16384,2810.16
2048,65536,128,32768,3955.76
2048,65536,128,65536,6250.17
4096,0,0,0,204.524
4096,0,1,16,218.871
4096,0,1,32,219.18
4096,0,1,64,219.158
4096,0,1,128,219.031
4096,0,1,256,219.095
4096,0,1,512,219.328
4096,0,1,1024,219.084
4096,0,1,2048,221.366
4096,0,1,4096,221.942
4096,0,1,8192,228.118
4096,0,1,16384,234.764
4096,0,1,32768,245.634
4096,0,1,65536,270.232
4096,0,2,16,217.771
4096,0,2,32,218.284
4096,0,2,64,218.456
4096,0,2,128,219.361
4096,0,2,256,218.86
4096,0,2,512,218.999
4096,0,2,1024,220.717
4096,0,2,2048,221.453
4096,0,2,4096,225.57
4096,0,2,8192,231.852
4096,0,2,16384,245.206
4096,0,2,32768,268.288
4096,0,2,65536,308.525
4096,0,4,16,218.401
4096,0,4,32,218.06
4096,0,4,64,217.997
4096,0,4,128,218.818
4096,0,4,256,218.306
4096,0,4,512,219.181
4096,0,4,1024,220.492
4096,0,4,2048,224.312
4096,0,4,4096,231.063
4096,0,4,8192,243.063
4096,0,4,16384,267.244
4096,0,4,32768,305.591
4096,0,4,65536,378.925
4096,0,8,16,218.39
4096,0,8,32,218.733
4096,0,8,64,218.668
4096,0,8,128,218.157
4096,0,8,256,218.467
4096,0,8,512,220.759
4096,0,8,1024,223.884
4096,0,8,2048,230.401
4096,0,8,4096,242.848
4096,0,8,8192,266.711
4096,0,8,16384,306.359
4096,0,8,32768,378.808
4096,0,8,65536,522.798
4096,0,16,16,218.006
4096,0,16,32,218.092
4096,0,16,64,217.794
4096,0,16,128,217.931
4096,0,16,256,220.695
4096,0,16,512,223.426
4096,0,16,1024,229.879
4096,0,16,2048,242.956
4096,0,16,4096,266.562
4096,0,16,8192,306.168
4096,0,16,16384,377.901
4096,0,16,32768,522.244
4096,0,16,65536,808.464
4096,0,32,16,220.832
4096,0,32,32,220.631
4096,0,32,64,220.791
4096,0,32,128,220.802
4096,0,32,256,225.622
4096,0,32,512,232.833
4096,0,32,1024,244.033
4096,0,32,2048,268.183
4096,0,32,4096,307.159
4096,0,32,8192,380.12
4096,0,32,16384,527.513
4096,0,32,32768,817.893
4096,0,32,65536,1395.61
4096,0,64,16,224.449
4096,0,64,32,224.929
4096,0,64,64,224.78
4096,0,64,128,225.857
4096,0,64,256,234.604
4096,0,64,512,246.946
4096,0,64,1024,270.038
4096,0,64,2048,308.75
4096,0,64,4096,381.059
4096,0,64,8192,527.363
4096,0,64,16384,821.316
4096,0,64,32768,1401.01
4096,0,64,65536,2583.79
4096,0,128,16,233.164
4096,0,128,32,233.249
4096,0,128,64,232.663
4096,0,128,128,233.921
4096,0,128,256,248.278
4096,0,128,512,271.254
4096,0,128,1024,309.399
4096,0,128,2048,380.545
4096,0,128,4096,524.024
4096,0,128,8192,808.731
4096,0,128,16384,1382.57
4096,0,128,32768,2521.36
4096,0,128,65536,4802.89
4096,16,0,0,212.087
4096,16,1,16,224.279
4096,16,1,32,225.986
4096,16,1,64,225.846
4096,16,1,128,225.998
4096,16,1,256,224.694
4096,16,1,512,225.527
4096,16,1,1024,225.089
4096,16,1,2048,227.778
4096,16,1,4096,230.616
4096,16,1,8192,234.861
4096,16,1,16384,241.986
4096,16,1,32768,253.302
4096,16,1,65536,278.69
4096,16,2,16,225.717
4096,16,2,32,225.313
4096,16,2,64,226.38
4096,16,2,128,225.526
4096,16,2,256,226.241
4096,16,2,512,226.232
4096,16,2,1024,227.81
4096,16,2,2048,229.847
4096,16,2,4096,233.42
4096,16,2,8192,239.992
4096,16,2,16384,251.329
4096,16,2,32768,276.439
4096,16,2,65536,316.696
4096,16,4,16,225.783
4096,16,4,32,225.612
4096,16,4,64,224.876
4096,16,4,128,225.057
4096,16,4,256,226.23
4096,16,4,512,226.027
4096,16,4,1024,228.718
4096,16,4,2048,231.808
4096,16,4,4096,238.115
4096,16,4,8192,249.868
4096,16,4,16384,273.997
4096,16,4,32768,313.462
4096,16,4,65536,385.133
4096,16,8,16,225.132
4096,16,8,32,226.199
4096,16,8,64,224.844
4096,16,8,128,225.228
4096,16,8,256,225.911
4096,16,8,512,227.767
4096,16,8,1024,231.885
4096,16,8,2048,237.762
4096,16,8,4096,250.796
4096,16,8,8192,274.646
4096,16,8,16384,314.712
4096,16,8,32768,385.934
4096,16,8,65536,529.476
4096,16,16,16,225.207
4096,16,16,32,225.442
4096,16,16,64,224.994
4096,16,16,128,225.494
4096,16,16,256,227.575
4096,16,16,512,231.96
4096,16,16,1024,237.538
4096,16,16,2048,250.007
4096,16,16,4096,275.543
4096,16,16,8192,313.497
4096,16,16,16384,385.208
4096,16,16,32768,530.383
4096,16,16,65536,815.385
4096,16,32,16,227.446
4096,16,32,32,227.65
4096,16,32,64,227.959
4096,16,32,128,227.532
4096,16,32,256,233.015
4096,16,32,512,241.292
4096,16,32,1024,252.706
4096,16,32,2048,275.075
4096,16,32,4096,315.265
4096,16,32,8192,388.824
4096,16,32,16384,532.056
4096,16,32,32768,824.411
4096,16,32,65536,1403.52
4096,16,64,16,232.171
4096,16,64,32,231.862
4096,16,64,64,233.144
4096,16,64,128,232.396
4096,16,64,256,242.028
4096,16,64,512,254.967
4096,16,64,1024,277.431
4096,16,64,2048,316.771
4096,16,64,4096,388.749
4096,16,64,8192,535.235
4096,16,64,16384,825.018
4096,16,64,32768,1414.52
4096,16,64,65536,2576.22
4096,16,128,16,240.684
4096,16,128,32,240.503
4096,16,128,64,240.578
4096,16,128,128,241.464
4096,16,128,256,256.408
4096,16,128,512,280.535
4096,16,128,1024,316.226
4096,16,128,2048,387.97
4096,16,128,4096,531.471
4096,16,128,8192,817.872
4096,16,128,16384,1387.36
4096,16,128,32768,2531.31
4096,16,128,65536,4815.8
4096,32,0,0,212.301
4096,32,1,16,225.718
4096,32,1,32,226.572
4096,32,1,64,225.996
4096,32,1,128,226.209
4096,32,1,256,226.189
4096,32,1,512,225.847
4096,32,1,1024,226.221
4096,32,1,2048,227.02
4096,32,1,4096,230.39
4096,32,1,8192,234.296
4096,32,1,16384,241.516
4096,32,1,32768,254.263
4096,32,1,65536,277.622
4096,32,2,16,225.132
4096,32,2,32,225.611
4096,32,2,64,226.039
4096,32,2,128,226.369
4096,32,2,256,226.019
4096,32,2,512,226.144
4096,32,2,1024,227.339
4096,32,2,2048,228.78
4096,32,2,4096,232.802
4096,32,2,8192,239.831
4096,32,2,16384,250.967
4096,32,2,32768,275.448
4096,32,2,65536,314.488
4096,32,4,16,225.697
4096,32,4,32,225.6
4096,32,4,64,225.859
4096,32,4,128,225.687
4096,32,4,256,226.413
4096,32,4,512,226.252
4096,32,4,1024,227.5
4096,32,4,2048,231.129
4096,32,4,4096,238.732
4096,32,4,8192,251.234
4096,32,4,16384,273.462
4096,32,4,32768,314.093
4096,32,4,65536,386.147
4096,32,8,16,224.93
4096,32,8,32,225.89
4096,32,8,64,225.634
4096,32,8,128,225.612
4096,32,8,256,225.848
4096,32,8,512,227.202
4096,32,8,1024,231.265
4096,32,8,2048,238.007
4096,32,8,4096,250.764
4096,32,8,8192,275.724
4096,32,8,16384,313.933
4096,32,8,32768,387.341
4096,32,8,65536,529.912
4096,32,16,16,225.836
4096,32,16,32,224.95
4096,32,16,64,224.449
4096,32,16,128,225.41
4096,32,16,256,227.511
4096,32,16,512,231.457
4096,32,16,1024,237.282
4096,32,16,2048,249.73
4096,32,16,4096,274.381
4096,32,16,8192,313.837
4096,32,16,16384,386.284
4096,32,16,32768,530.489
4096,32,16,65536,815.44
4096,32,32,16,227.575
4096,32,32,32,227.329
4096,32,32,64,228.376
4096,32,32,128,228.033
4096,32,32,256,233.314
4096,32,32,512,239.703
4096,32,32,1024,252.48
4096,32,32,2048,275.234
4096,32,32,4096,315.02
4096,32,32,8192,387.266
4096,32,32,16384,532.75
4096,32,32,32768,827.035
4096,32,32,65536,1402.55
4096,32,64,16,232.13
4096,32,64,32,232.45
4096,32,64,64,232.386
4096,32,64,128,233.559
4096,32,64,256,242.999
4096,32,64,512,255.073
4096,32,64,1024,277.1
4096,32,64,2048,317.612
4096,32,64,4096,389.678
4096,32,64,8192,535.598
4096,32,64,16384,824.72
4096,32,64,32768,1416
4096,32,64,65536,2570.66
4096,32,128,16,240.845
4096,32,128,32,240.705
4096,32,128,64,239.692
4096,32,128,128,241.218
4096,32,128,256,257.655
4096,32,128,512,279.575
4096,32,128,1024,316.045
4096,32,128,2048,388.13
4096,32,128,4096,530.968
4096,32,128,8192,818.266
4096,32,128,16384,1388.89
4096,32,128,32768,2531.23
4096,32,128,65536,4813.73
4096,64,0,0,211.671
4096,64,1,16,226.05
4096,64,1,32,225.997
4096,64,1,64,226.039
4096,64,1,128,224.674
4096,64,1,256,226.615
4096,64,1,512,225.805
4096,64,1,1024,226.828
4096,64,1,2048,226.465
4096,64,1,4096,229.815
4096,64,1,8192,234.925
4096,64,1,16384,240.993
4096,64,1,32768,253.25
4096,64,1,65536,276.834
4096,64,2,16,225.046
4096,64,2,32,224.866
4096,64,2,64,225.847
4096,64,2,128,225.527
4096,64,2,256,225.676
4096,64,2,512,227.137
4096,64,2,1024,226.903
4096,64,2,2048,230.273
4096,64,2,4096,232.855
4096,64,2,8192,239.159
4096,64,2,16384,251.212
4096,64,2,32768,274.988
4096,64,2,65536,315.105
4096,64,4,16,225.26
4096,64,4,32,224.728
4096,64,4,64,225.751
4096,64,4,128,224.995
4096,64,4,256,225.112
4096,64,4,512,225.76
4096,64,4,1024,228.226
4096,64,4,2048,231.543
4096,64,4,4096,237.336
4096,64,4,8192,249.729
4096,64,4,16384,273.932
4096,64,4,32768,313.591
4096,64,4,65536,384.248
4096,64,8,16,225.654
4096,64,8,32,224.886
4096,64,8,64,226.156
4096,64,8,128,226.122
4096,64,8,256,225.676
4096,64,8,512,227.468
4096,64,8,1024,231.394
4096,64,8,2048,237.57
4096,64,8,4096,249.986
4096,64,8,8192,272.951
4096,64,8,16384,313.527
4096,64,8,32768,386.168
4096,64,8,65536,529.411
4096,64,16,16,223.981
4096,64,16,32,224.344
4096,64,16,64,224.95
4096,64,16,128,224.855
4096,64,16,256,227.617
4096,64,16,512,231.106
4096,64,16,1024,237.057
4096,64,16,2048,249.271
4096,64,16,4096,273.431
4096,64,16,8192,312.589
4096,64,16,16384,385.112
4096,64,16,32768,528.751
4096,64,16,65536,815.674
4096,64,32,16,227.48
4096,64,32,32,227.393
4096,64,32,64,227.629
4096,64,32,128,228.183
4096,64,32,256,232.716
4096,64,32,512,238.925
4096,64,32,1024,251.703
4096,64,32,2048,274.358
4096,64,32,4096,313.474
4096,64,32,8192,386.658
4096,64,32,16384,533.785
4096,64,32,32768,821.787
4096,64,32,65536,1404.31
4096,64,64,16,232.078
4096,64,64,32,232.47
4096,64,64,64,231.683
4096,64,64,128,233.517
4096,64,64,256,242.455
4096,64,64,512,253.121
4096,64,64,1024,277.356
4096,64,64,2048,317.368
4096,64,64,4096,389.9
4096,64,64,8192,533.059
4096,64,64,16384,829.84
4096,64,64,32768,1406.91
4096,64,64,65536,2583.1
4096,64,128,16,240.343
4096,64,128,32,239.756
4096,64,128,64,240.023
4096,64,128,128,241.089
4096,64,128,256,256.215
4096,64,128,512,279.212
4096,64,128,1024,316.866
4096,64,128,2048,387.106
4096,64,128,4096,530.308
4096,64,128,8192,816.826
4096,64,128,16384,1386.18
4096,64,128,32768,2532.19
4096,64,128,65536,4811.25
4096,128,0,0,210.305
4096,128,1,16,223.191
4096,128,1,32,225.292
4096,128,1,64,224.76
4096,128,1,128,223.725
4096,128,1,256,225.463
4096,128,1,512,225.921
4096,128,1,1024,225.27
4096,128,1,2048,226.231
4096,128,1,4096,225.899
4096,128,1,8192,234.829
4096,128,1,16384,241.068
4096,128,1,32768,252.28
4096,128,1,65536,276.686
4096,128,2,16,224.236
4096,128,2,32,223.926
4096,128,2,64,224.694
4096,128,2,128,224.118
4096,128,2,256,225.24
4096,128,2,512,225.068
4096,128,2,1024,225.856
4096,128,2,2048,227.906
4096,128,2,4096,233.185
4096,128,2,8192,238.476
4096,128,2,16384,250.627
4096,128,2,32768,274.914
4096,128,2,65536,314.979
4096,128,4,16,223.788
4096,128,4,32,224.909
4096,128,4,64,224.056
4096,128,4,128,224.887
4096,128,4,256,224.556
4096,128,4,512,225.239
4096,128,4,1024,227.404
4096,128,4,2048,230.391
4096,128,4,4096,236.364
4096,128,4,8192,248.867
4096,128,4,16384,273.496
4096,128,4,32768,312.781
4096,128,4,65536,385.207
4096,128,8,16,223.863
4096,128,8,32,224.727
4096,128,8,64,224.641
4096,128,8,128,223.948
4096,128,8,256,224.599
4096,128,8,512,226.808
4096,128,8,1024,231.629
4096,128,8,2048,236.012
4096,128,8,4096,249.303
4096,128,8,8192,273.955
4096,128,8,16384,312.803
4096,128,8,32768,384.59
4096,128,8,65536,528.793
4096,128,16,16,223.915
4096,128,16,32,223.736
4096,128,16,64,223.265
4096,128,16,128,225.016
4096,128,16,256,226.775
4096,128,16,512,230.38
4096,128,16,1024,236.589
4096,128,16,2048,248.675
4096,128,16,4096,273.485
4096,128,16,8192,311.426
4096,128,16,16384,383.427
4096,128,16,32768,527.374
4096,128,16,65536,813.745
4096,128,32,16,226.402
4096,128,32,32,226.753
4096,128,32,64,226.018
4096,128,32,128,226.445
4096,128,32,256,232.29
4096,128,32,512,238.316
4096,128,32,1024,250.723
4096,128,32,2048,274.605
4096,128,32,4096,313.177
4096,128,32,8192,385.793
4096,128,32,16384,533.359
4096,128,32,32768,823.386
4096,128,32,65536,1399.78
4096,128,64,16,230.86
4096,128,64,32,230.21
4096,128,64,64,230.806
4096,128,64,128,232.013
4096,128,64,256,239.927
4096,128,64,512,252.599
4096,128,64,1024,276.226
4096,128,64,2048,315.555
4096,128,64,4096,387.767
4096,128,64,8192,533.411
4096,128,64,16384,829.104
4096,128,64,32768,1405.99
4096,128,64,65536,2577.07
4096,128,128,16,238.091
4096,128,128,32,239.213
4096,128,128,64,239.064
4096,128,128,128,239.97
4096,128,128,256,254.626
4096,128,128,512,277.879
4096,128,128,1024,315.031
4096,128,128,2048,387.81
4096,128,128,4096,530.211
4096,128,128,8192,818.512
4096,128,128,16384,1388.38
4096,128,128,32768,2529.63
4096,128,128,65536,4807.8
4096,256,0,0,217.08
4096,256,1,16,232.268
4096,256,1,32,230.786
4096,256,1,64,232.087
4096,256,1,128,231.532
4096,256,1,256,231.116
4096,256,1,512,231.991
4096,256,1,1024,231.789
4096,256,1,2048,232.535
4096,256,1,4096,235.041
4096,256,1,8192,240.802
4096,256,1,16384,245.952
4096,256,1,32768,258.85
4096,256,1,65536,283.064
4096,256,2,16,230.775
4096,256,2,32,231.086
4096,256,2,64,231.681
4096,256,2,128,230.979
4096,256,2,256,231.297
4096,256,2,512,231.852
4096,256,2,1024,231.979
4096,256,2,2048,234.818
4096,256,2,4096,239.244
4096,256,2,8192,245.431
4096,256,2,16384,257.206
4096,256,2,32768,280.002
4096,256,2,65536,320.366
4096,256,4,16,230.252
4096,256,4,32,230.52
4096,256,4,64,230.413
4096,256,4,128,230.765
4096,256,4,256,230.914
4096,256,4,512,231.767
4096,256,4,1024,233.259
4096,256,4,2048,236.546
4096,256,4,4096,243.616
4096,256,4,8192,256.173
4096,256,4,16384,280.097
4096,256,4,32768,318.562
4096,256,4,65536,391.544
4096,256,8,16,231.404
4096,256,8,32,230.892
4096,256,8,64,230.209
4096,256,8,128,231.533
4096,256,8,256,230.988
4096,256,8,512,233.229
4096,256,8,1024,237.144
4096,256,8,2048,243.468
4096,256,8,4096,256.599
4096,256,8,8192,280.077
4096,256,8,16384,318.615
4096,256,8,32768,392.067
4096,256,8,65536,534.905
4096,256,16,16,230.444
4096,256,16,32,230.412
4096,256,16,64,230.55
4096,256,16,128,231.158
4096,256,16,256,233.377
4096,256,16,512,237.388
4096,256,16,1024,243.511
4096,256,16,2048,255.511
4096,256,16,4096,280.673
4096,256,16,8192,319.16
4096,256,16,16384,390.072
4096,256,16,32768,535.053
4096,256,16,65536,819.845
4096,256,32,16,233.016
4096,256,32,32,233.911
4096,256,32,64,233.069
4096,256,32,128,234.37
4096,256,32,256,238.508
4096,256,32,512,245.315
4096,256,32,1024,257.867
4096,256,32,2048,280.834
4096,256,32,4096,320.066
4096,256,32,8192,393.272
4096,256,32,16384,539.117
4096,256,32,32768,827.994
4096,256,32,65536,1408.42
4096,256,64,16,238.336
4096,256,64,32,238.028
4096,256,64,64,237.675
4096,256,64,128,238.872
4096,256,64,256,246.945
4096,256,64,512,259.756
4096,256,64,1024,283.447
4096,256,64,2048,321.282
4096,256,64,4096,394.937
4096,256,64,8192,540.398
4096,256,64,16384,834.043
4096,256,64,32768,1414.64
4096,256,64,65536,2592.79
4096,256,128,16,246.263
4096,256,128,32,246.273
4096,256,128,64,245.91
4096,256,128,128,247.789
4096,256,128,256,261.442
4096,256,128,512,284.961
4096,256,128,1024,322.21
4096,256,128,2048,393.379
4096,256,128,4096,536.163
4096,256,128,8192,822.149
4096,256,128,16384,1393.09
4096,256,128,32768,2537.96
4096,256,128,65536,4816.33
4096,512,0,0,230.273
4096,512,1,16,244.418
4096,512,1,32,245.143
4096,512,1,64,245.763
4096,512,1,128,245.42
4096,512,1,256,245.303
4096,512,1,512,244.876
4096,512,1,1024,244.802
4096,512,1,2048,245.506
4096,512,1,4096,247.66
4096,512,1,8192,254.476
4096,512,1,16384,260.065
4096,512,1,32768,274.316
4096,512,1,65536,296.013
4096,512,2,16,244.449
4096,512,2,32,245.078
4096,512,2,64,245.399
4096,512,2,128,244.962
4096,512,2,256,244.332
4096,512,2,512,244.972
4096,512,2,1024,245.964
4096,512,2,2048,248.534
4096,512,2,4096,251.79
4096,512,2,8192,258.657
4096,512,2,16384,270.989
4096,512,2,32768,293.837
4096,512,2,65536,334.957
4096,512,4,16,244.45
4096,512,4,32,244.044
4096,512,4,64,244.076
4096,512,4,128,243.596
4096,512,4,256,245.302
4096,512,4,512,244.535
4096,512,4,1024,246.486
4096,512,4,2048,249.473
4096,512,4,4096,256.929
4096,512,4,8192,269.335
4096,512,4,16384,293.474
4096,512,4,32768,332.558
4096,512,4,65536,405.08
4096,512,8,16,245.035
4096,512,8,32,244.268
4096,512,8,64,243.362
4096,512,8,128,244.215
4096,512,8,256,246.391
4096,512,8,512,246.583
4096,512,8,1024,250.403
4096,512,8,2048,258.499
4096,512,8,4096,269.251
4096,512,8,8192,292.962
4096,512,8,16384,333.239
4096,512,8,32768,404.386
4096,512,8,65536,548.921
4096,512,16,16,243.735
4096,512,16,32,243.736
4096,512,16,64,244.108
4096,512,16,128,243.992
4096,512,16,256,246.029
4096,512,16,512,250.199
4096,512,16,1024,256.94
4096,512,16,2048,269.282
4096,512,16,4096,292.131
4096,512,16,8192,332.248
4096,512,16,16384,404.056
4096,512,16,32768,547.491
4096,512,16,65536,833.605
4096,512,32,16,246.188
4096,512,32,32,246.167
4096,512,32,64,247.288
4096,512,32,128,246.903
4096,512,32,256,252.418
4096,512,32,512,258.284
4096,512,32,1024,270.99
4096,512,32,2048,294.316
4096,512,32,4096,334.061
4096,512,32,8192,406.712
4096,512,32,16384,551.161
4096,512,32,32768,846.801
4096,512,32,65536,1420
4096,512,64,16,251.287
4096,512,64,32,250.871
4096,512,64,64,250.935
4096,512,64,128,253.441
4096,512,64,256,261.688
4096,512,64,512,272.653
4096,512,64,1024,297.111
4096,512,64,2048,334.936
4096,512,64,4096,408.738
4096,512,64,8192,554.564
4096,512,64,16384,846.661
4096,512,64,32768,1429.79
4096,512,64,65536,2601.07
4096,512,128,16,258.946
4096,512,128,32,259.575
4096,512,128,64,258.679
4096,512,128,128,261.9
4096,512,128,256,276.409
4096,512,128,512,298.22
4096,512,128,1024,335.607
4096,512,128,2048,406.744
4096,512,128,4096,549.348
4096,512,128,8192,835.696
4096,512,128,16384,1407.21
4096,512,128,32768,2552.2
4096,512,128,65536,4833.78
4096,1024,0,0,256.579
4096,1024,1,16,269.868
4096,1024,1,32,270.892
4096,1024,1,64,270.477
4096,1024,1,128,270.06
4096,1024,1,256,271.438
4096,1024,1,512,271.331
4096,1024,1,1024,272.12
4096,1024,1,2048,271.469
4096,1024,1,4096,274.905
4096,1024,1,8192,280.462
4096,1024,1,16384,287.191
4096,1024,1,32768,298.69
4096,1024,1,65536,323.053
4096,1024,2,16,270.977
4096,1024,2,32,270.915
4096,1024,2,64,270.732
4096,1024,2,128,270.988
4096,1024,2,256,270.967
4096,1024,2,512,270.552
4096,1024,2,1024,272.196
4096,1024,2,2048,274.487
4096,1024,2,4096,277.537
4096,1024,2,8192,284.759
4096,1024,2,16384,296.173
4096,1024,2,32768,319.948
4096,1024,2,65536,360.013
4096,1024,4,16,270.05
4096,1024,4,32,269.825
4096,1024,4,64,269.612
4096,1024,4,128,270.028
4096,1024,4,256,271.277
4096,1024,4,512,270.434
4096,1024,4,1024,272.439
4096,1024,4,2048,275.843
4096,1024,4,4096,283.714
4096,1024,4,8192,294.626
4096,1024,4,16384,318.531
4096,1024,4,32768,358.584
4096,1024,4,65536,431.683
4096,1024,8,16,271.011
4096,1024,8,32,269.389
4096,1024,8,64,270.038
4096,1024,8,128,271.116
4096,1024,8,256,270.711
4096,1024,8,512,273.239
4096,1024,8,1024,275.426
4096,1024,8,2048,282.423
4096,1024,8,4096,295.618
4096,1024,8,8192,319.767
4096,1024,8,16384,357.326
4096,1024,8,32768,431.108
4096,1024,8,65536,573.657
4096,1024,16,16,270.167
4096,1024,16,32,269.975
4096,1024,16,64,269.655
4096,1024,16,128,270.434
4096,1024,16,256,273.399
4096,1024,16,512,275.491
4096,1024,16,1024,282.466
4096,1024,16,2048,295.758
4096,1024,16,4096,319.01
4096,1024,16,8192,359.085
4096,1024,16,16384,430.765
4096,1024,16,32768,572.335
4096,1024,16,65536,858.737
4096,1024,32,16,273.091
4096,1024,32,32,272.301
4096,1024,32,64,273.154
4096,1024,32,128,272.77
4096,1024,32,256,278.711
4096,1024,32,512,285.047
4096,1024,32,1024,296.44
4096,1024,32,2048,320.365
4096,1024,32,4096,358.296
4096,1024,32,8192,432.227
4096,1024,32,16384,579.599
4096,1024,32,32768,870.247
4096,1024,32,65536,1445.44
4096,1024,64,16,276.75
4096,1024,64,32,276.963
4096,1024,64,64,277.133
4096,1024,64,128,278.274
4096,1024,64,256,286.763
4096,1024,64,512,299.905
4096,1024,64,1024,321.837
4096,1024,64,2048,361.166
4096,1024,64,4096,433.485
4096,1024,64,8192,579.354
4096,1024,64,16384,874.522
4096,1024,64,32768,1453.32
4096,1024,64,65536,2652.39
4096,1024,128,16,285.773
4096,1024,128,32,285.442
4096,1024,128,64,285.442
4096,1024,128,128,286.786
4096,1024,128,256,303.116
4096,1024,128,512,324.802
4096,1024,128,1024,362.381
4096,1024,128,2048,432.174
4096,1024,128,4096,575.63
4096,1024,128,8192,862.907
4096,1024,128,16384,1432.8
4096,1024,128,32768,2573.35
4096,1024,128,65536,4858.12
4096,2048,0,0,308.323
4096,2048,1,16,322.765
4096,2048,1,32,322.84
4096,2048,1,64,323.479
4096,2048,1,128,322.83
4096,2048,1,256,323.65
4096,2048,1,512,323.715
4096,2048,1,1024,323.609
4096,2048,1,2048,326.498
4096,2048,1,4096,327.555
4096,2048,1,8192,331.961
4096,2048,1,16384,338.647
4096,2048,1,32768,350.413
4096,2048,1,65536,374.243
4096,2048,2,16,322.359
4096,2048,2,32,322.691
4096,2048,2,64,322.104
4096,2048,2,128,322.083
4096,2048,2,256,323.373
4096,2048,2,512,322.934
4096,2048,2,1024,323.961
4096,2048,2,2048,327.022
4096,2048,2,4096,330.06
4096,2048,2,8192,336.717
4096,2048,2,16384,348.59
4096,2048,2,32768,372.462
4096,2048,2,65536,411.181
4096,2048,4,16,322.66
4096,2048,4,32,321.751
4096,2048,4,64,322.562
4096,2048,4,128,323.34
4096,2048,4,256,322.99
4096,2048,4,512,322.926
4096,2048,4,1024,325.251
4096,2048,4,2048,329.016
4096,2048,4,4096,335.403
4096,2048,4,8192,347.778
4096,2048,4,16384,371.875
4096,2048,4,32768,410.935
4096,2048,4,65536,483.085
4096,2048,8,16,322.317
4096,2048,8,32,323.042
4096,2048,8,64,322.498
4096,2048,8,128,323.277
4096,2048,8,256,322.669
4096,2048,8,512,324.939
4096,2048,8,1024,328.845
4096,2048,8,2048,335.394
4096,2048,8,4096,347.608
4096,2048,8,8192,371.245
4096,2048,8,16384,410.775
4096,2048,8,32768,482.841
4096,2048,8,65536,625.231
4096,2048,16,16,322.871
4096,2048,16,32,322.669
4096,2048,16,64,322.627
4096,2048,16,128,323.106
4096,2048,16,256,325.134
4096,2048,16,512,329.39
4096,2048,16,1024,335.586
4096,2048,16,2048,347.415
4096,2048,16,4096,371.96
4096,2048,16,8192,410.679
4096,2048,16,16384,483.822
4096,2048,16,32768,626.287
4096,2048,16,65536,914.576
4096,2048,32,16,325.164
4096,2048,32,32,325.262
4096,2048,32,64,325.303
4096,2048,32,128,325.155
4096,2048,32,256,330.743
4096,2048,32,512,336.909
4096,2048,32,1024,349.132
4096,2048,32,2048,371.949
4096,2048,32,4096,411.575
4096,2048,32,8192,484.399
4096,2048,32,16384,630.852
4096,2048,32,32768,920.517
4096,2048,32,65536,1498.22
4096,2048,64,16,329.891
4096,2048,64,32,329.058
4096,2048,64,64,329.538
4096,2048,64,128,330.872
4096,2048,64,256,338.988
4096,2048,64,512,351.394
4096,2048,64,1024,373.357
4096,2048,64,2048,413.986
4096,2048,64,4096,485.795
4096,2048,64,8192,631.472
4096,2048,64,16384,926.651
4096,2048,64,32768,1505.12
4096,2048,64,65536,2667.51
4096,2048,128,16,337.475
4096,2048,128,32,337.976
4096,2048,128,64,337.72
4096,2048,128,128,339.853
4096,2048,128,256,354.039
4096,2048,128,512,375.533
4096,2048,128,1024,412.291
4096,2048,128,2048,484.292
4096,2048,128,4096,626.586
4096,2048,128,8192,916.786
4096,2048,128,16384,1483.35
4096,2048,128,32768,2624.57
4096,2048,128,65536,4914.06
4096,4096,0,0,411.034
4096,4096,1,16,426.914
4096,4096,1,32,425.336
4096,4096,1,64,425.23
4096,4096,1,128,425.264
4096,4096,1,256,427.662
4096,4096,1,512,426.83
4096,4096,1,1024,427.716
4096,4096,1,2048,427.438
4096,4096,1,4096,430.533
4096,4096,1,8192,433.464
4096,4096,1,16384,440.835
4096,4096,1,32768,453.326
4096,4096,1,65536,477.529
4096,4096,2,16,425.645
4096,4096,2,32,427.865
4096,4096,2,64,426.509
4096,4096,2,128,427.919
4096,4096,2,256,426.628
4096,4096,2,512,426.629
4096,4096,2,1024,427.588
4096,4096,2,2048,430.778
4096,4096,2,4096,434.061
4096,4096,2,8192,440.601
4096,4096,2,16384,453.081
4096,4096,2,32768,477.209
4096,4096,2,65536,516.398
4096,4096,4,16,426.243
4096,4096,4,32,425.624
4096,4096,4,64,426.736
4096,4096,4,128,425.869
4096,4096,4,256,426.713
4096,4096,4,512,427.364
4096,4096,4,1024,427.993
4096,4096,4,2048,433.529
4096,4096,4,4096,439.107
4096,4096,4,8192,452.399
4096,4096,4,16384,474.702
4096,4096,4,32768,514.201
4096,4096,4,65536,587.686
4096,4096,8,16,425.817
4096,4096,8,32,426.798
4096,4096,8,64,425.327
4096,4096,8,128,425.614
4096,4096,8,256,428.654
4096,4096,8,512,429.102
4096,4096,8,1024,433.892
4096,4096,8,2048,439.693
4096,4096,8,4096,451.545
4096,4096,8,8192,476.792
4096,4096,8,16384,515.086
4096,4096,8,32768,587.663
4096,4096,8,65536,728.986
4096,4096,16,16,426.136
4096,4096,16,32,426.19
4096,4096,16,64,425.732
4096,4096,16,128,427.194
4096,4096,16,256,428.643
4096,4096,16,512,432.344
4096,4096,16,1024,438.584
4096,4096,16,2048,452.056
4096,4096,16,4096,475.236
4096,4096,16,8192,515.151
4096,4096,16,16384,586.138
4096,4096,16,32768,727.558
4096,4096,16,65536,1013.61
4096,4096,32,16,429.293
4096,4096,32,32,429.015
4096,4096,32,64,428.772
4096,4096,32,128,429.113
4096,4096,32,256,436.143
4096,4096,32,512,441.411
4096,4096,32,1024,453.848
4096,4096,32,2048,475.832
4096,4096,32,4096,514.979
4096,4096,32,8192,588.687
4096,4096,32,16384,733.829
4096,4096,32,32768,1022.8
4096,4096,32,65536,1598.09
4096,4096,64,16,434.34
4096,4096,64,32,433.048
4096,4096,64,64,434.552
4096,4096,64,128,435.374
4096,4096,64,256,443.406
4096,4096,64,512,455.598
4096,4096,64,1024,478.628
4096,4096,64,2048,517.432
4096,4096,64,4096,589.07
4096,4096,64,8192,732.422
4096,4096,64,16384,1023.95
4096,4096,64,32768,1608.23
4096,4096,64,65536,2768.7
4096,4096,128,16,441.7
4096,4096,128,32,441.614
4096,4096,128,64,442.52
4096,4096,128,128,444.185
4096,4096,128,256,457.112
4096,4096,128,512,480.026
4096,4096,128,1024,517.892
4096,4096,128,2048,587.001
4096,4096,128,4096,730.651
4096,4096,128,8192,1020.8
4096,4096,128,16384,1586.69
4096,4096,128,32768,2726.79
4096,4096,128,65536,5012
4096,8192,0,0,612.986
4096,8192,1,16,630.212
4096,8192,1,32,627.739
4096,8192,1,64,627.92
4096,8192,1,128,628.091
4096,8192,1,256,630.267
4096,8192,1,512,629.766
4096,8192,1,1024,628.987
4096,8192,1,2048,630.383
4096,8192,1,4096,632.464
4096,8192,1,8192,638.543
4096,8192,1,16384,643.492
4096,8192,1,32768,657.754
4096,8192,1,65536,679.524
4096,8192,2,16,629.86
4096,8192,2,32,630.054
4096,8192,2,64,631.834
4096,8192,2,128,629.381
4096,8192,2,256,629.872
4096,8192,2,512,629.561
4096,8192,2,1024,630.553
4096,8192,2,2048,632.431
4096,8192,2,4096,637.946
4096,8192,2,8192,643.78
4096,8192,2,16384,656.163
4096,8192,2,32768,677.915
4096,8192,2,65536,718.237
4096,8192,4,16,630.149
4096,8192,4,32,628.718
4096,8192,4,64,628.527
4096,8192,4,128,630.183
4096,8192,4,256,629.401
4096,8192,4,512,628.774
4096,8192,4,1024,632.305
4096,8192,4,2048,635.365
4096,8192,4,4096,641.052
4096,8192,4,8192,653.532
4096,8192,4,16384,677.723
4096,8192,4,32768,717.916
4096,8192,4,65536,787.696
4096,8192,8,16,629.465
4096,8192,8,32,630.022
4096,8192,8,64,629.233
4096,8192,8,128,630.468
4096,8192,8,256,630.234
4096,8192,8,512,631.268
4096,8192,8,1024,635.472
4096,8192,8,2048,640.463
4096,8192,8,4096,653.935
4096,8192,8,8192,678.287
4096,8192,8,16384,716.828
4096,8192,8,32768,786.801
4096,8192,8,65536,928.851
4096,8192,16,16,628.283
4096,8192,16,32,628.399
4096,8192,16,64,629.755
4096,8192,16,128,630.768
4096,8192,16,256,633.176
4096,8192,16,512,635.751
4096,8192,16,1024,640.987
4096,8192,16,2048,653.935
4096,8192,16,4096,678.787
4096,8192,16,8192,715.495
4096,8192,16,16384,786.96
4096,8192,16,32768,927.378
4096,8192,16,65536,1212.85
4096,8192,32,16,632.261
4096,8192,32,32,631.62
4096,8192,32,64,631.887
4096,8192,32,128,631.588
4096,8192,32,256,637.584
4096,8192,32,512,644.323
4096,8192,32,1024,655.727
4096,8192,32,2048,678.671
4096,8192,32,4096,716.028
4096,8192,32,8192,789.585
4096,8192,32,16384,933.139
4096,8192,32,32768,1226.23
4096,8192,32,65536,1802.92
4096,8192,64,16,636.965
4096,8192,64,32,636.955
4096,8192,64,64,637.839
4096,8192,64,128,637.286
4096,8192,64,256,646.608
4096,8192,64,512,657.677
4096,8192,64,1024,680.015
4096,8192,64,2048,717.915
4096,8192,64,4096,789.244
4096,8192,64,8192,934.748
4096,8192,64,16384,1227.73
4096,8192,64,32768,1807.98
4096,8192,64,65536,2970.75
4096,8192,128,16,643.855
4096,8192,128,32,645.019
4096,8192,128,64,644.004
4096,8192,128,128,646.139
4096,8192,128,256,658.906
4096,8192,128,512,679.653
4096,8192,128,1024,717.168
4096,8192,128,2048,787.462
4096,8192,128,4096,929.542
4096,8192,128,8192,1218.46
4096,8192,128,16384,1789.29
4096,8192,128,32768,2930.76
4096,8192,128,65536,5220.81
4096,16384,0,0,1003.63
4096,16384,1,16,1021.59
4096,16384,1,32,1019.94
4096,16384,1,64,1020.61
4096,16384,1,128,1019.35
4096,16384,1,256,1021.18
4096,16384,1,512,1021.21
4096,16384,1,1024,1022.6
4096,16384,1,2048,1023.54
4096,16384,1,4096,1026.61
4096,16384,1,8192,1031.86
4096,16384,1,16384,1035.23
4096,16384,1,32768,1048.68
4096,16384,1,65536,1071.35
4096,16384,2,16,1021.33
4096,16384,2,32,1020.83
4096,16384,2,64,1021.23
4096,16384,2,128,1020.69
4096,16384,2,256,1020.81
4096,16384,2,512,1021.95
4096,16384,2,1024,1022.3
4096,16384,2,2048,1024.47
4096,16384,2,4096,1028.9
4096,16384,2,8192,1034.21
4096,16384,2,16384,1049.08
4096,16384,2,32768,1071.06
4096,16384,2,65536,1110
4096,16384,4,16,1020.13
4096,16384,4,32,1021.68
4096,16384,4,64,1022.62
4096,16384,4,128,1024.55
4096,16384,4,256,1022.34
4096,16384,4,512,1023.54
4096,16384,4,1024,1026.46
4096,16384,4,2048,1029.11
4096,16384,4,4096,1034.97
4096,16384,4,8192,1048.87
4096,16384,4,16384,1071.71
4096,16384,4,32768,1106.3
4096,16384,4,65536,1179.67
4096,16384,8,16,1023.69
4096,16384,8,32,1023.42
4096,16384,8,64,1023.56
4096,16384,8,128,1024.68
4096,16384,8,256,1023.72
4096,16384,8,512,1025.27
4096,16384,8,1024,1028.11
4096,16384,8,2048,1035.57
4096,16384,8,4096,1049.53
4096,16384,8,8192,1070.31
4096,16384,8,16384,1107.45
4096,16384,8,32768,1177.69
4096,16384,8,65536,1318.92
4096,16384,16,16,1022.11
4096,16384,16,32,1022.23
4096,16384,16,64,1023.85
4096,16384,16,128,1023.78
4096,16384,16,256,1025.56
4096,16384,16,512,1027.65
4096,16384,16,1024,1035.73
4096,16384,16,2048,1049.94
4096,16384,16,4096,1070.59
4096,16384,16,8192,1107.28
4096,16384,16,16384,1179.27
4096,16384,16,32768,1318.78
4096,16384,16,65536,1605.11
4096,16384,32,16,1027.34
4096,16384,32,32,1026.76
4096,16384,32,64,1026.91
4096,16384,32,128,1028.76
4096,16384,32,256,1030.63
4096,16384,32,512,1037.99
4096,16384,32,1024,1051.24
4096,16384,32,2048,1072.1
4096,16384,32,4096,1108.62
4096,16384,32,8192,1180.93
4096,16384,32,16384,1326.32
4096,16384,32,32768,1615.24
4096,16384,32,65536,2190.88
4096,16384,64,16,1033.99
4096,16384,64,32,1032.34
4096,16384,64,64,1030.02
4096,16384,64,128,1032.4
4096,16384,64,256,1039.36
4096,16384,64,512,1049.87
4096,16384,64,1024,1072.17
4096,16384,64,2048,1107.45
4096,16384,64,4096,1180.17
4096,16384,64,8192,1324.51
4096,16384,64,16384,1616.42
4096,16384,64,32768,2198.76
4096,16384,64,65536,3361.04
4096,16384,128,16,1040.07
4096,16384,128,32,1039.85
4096,16384,128,64,1039.04
4096,16384,128,128,1039.55
4096,16384,128,256,1051.92
4096,16384,128,512,1072.05
4096,16384,128,1024,1107.2
4096,16384,128,2048,1178.15
4096,16384,128,4096,1321.17
4096,16384,128,8192,1607.89
4096,16384,128,16384,2178.7
4096,16384,128,32768,3323.47
4096,16384,128,65536,5601.72
4096,32768,0,0,1755.2
4096,32768,1,16,1774.3
4096,32768,1,32,1771.08
4096,32768,1,64,1775.84
4096,32768,1,128,1777.59
4096,32768,1,256,1774.94
4096,32768,1,512,1776.27
4096,32768,1,1024,1775.4
4096,32768,1,2048,1777.22
4096,32768,1,4096,1779.16
4096,32768,1,8192,1783.27
4096,32768,1,16384,1790.77
4096,32768,1,32768,1804.06
4096,32768,1,65536,1825.45
4096,32768,2,16,1774.23
4096,32768,2,32,1778.78
4096,32768,2,64,1776.78
4096,32768,2,128,1775.08
4096,32768,2,256,1775.06
4096,32768,2,512,1777.43
4096,32768,2,1024,1777.58
4096,32768,2,2048,1779.94
4096,32768,2,4096,1782.59
4096,32768,2,8192,1793.42
4096,32768,2,16384,1802.43
4096,32768,2,32768,1824.73
4096,32768,2,65536,1861.27
4096,32768,4,16,1781.93
4096,32768,4,32,1775.29
4096,32768,4,64,1774.96
4096,32768,4,128,1775.53
4096,32768,4,256,1776.74
4096,32768,4,512,1776.95
4096,32768,4,1024,1780.77
4096,32768,4,2048,1784.54
4096,32768,4,4096,1794.26
4096,32768,4,8192,1801.92
4096,32768,4,16384,1822.05
4096,32768,4,32768,1860.58
4096,32768,4,65536,1934.09
4096,32768,8,16,1777.22
4096,32768,8,32,1777.44
4096,32768,8,64,1775.44
4096,32768,8,128,1775.55
4096,32768,8,256,1778.7
4096,32768,8,512,1778.82
4096,32768,8,1024,1782.54
4096,32768,8,2048,1790.38
4096,32768,8,4096,1801.51
4096,32768,8,8192,1824.23
4096,32768,8,16384,1861.42
4096,32768,8,32768,1933.83
4096,32768,8,65536,2076.95
4096,32768,16,16,1776.8
4096,32768,16,32,1777.61
4096,32768,16,64,1775.49
4096,32768,16,128,1775.09
4096,32768,16,256,1785.09
4096,32768,16,512,1782.36
4096,32768,16,1024,1790.2
4096,32768,16,2048,1805.31
4096,32768,16,4096,1824.05
4096,32768,16,8192,1863.55
4096,32768,16,16384,1933.82
4096,32768,16,32768,2077.4
4096,32768,16,65536,2363.35
4096,32768,32,16,1783.58
4096,32768,32,32,1783.94
4096,32768,32,64,1784.23
4096,32768,32,128,1783.83
4096,32768,32,256,1788.6
4096,32768,32,512,1793.11
4096,32768,32,1024,1804.41
4096,32768,32,2048,1824.98
4096,32768,32,4096,1862.07
4096,32768,32,8192,1941.13
4096,32768,32,16384,2084.17
4096,32768,32,32768,2373.87
4096,32768,32,65536,2952.48
4096,32768,64,16,1790.14
4096,32768,64,32,1788.05
4096,32768,64,64,1790.84
4096,32768,64,128,1790.37
4096,32768,64,256,1796.27
4096,32768,64,512,1807.71
4096,32768,64,1024,1828.06
4096,32768,64,2048,1865.74
4096,32768,64,4096,1939.54
4096,32768,64,8192,2083.26
4096,32768,64,16384,2383.03
4096,32768,64,32768,2955.08
4096,32768,64,65536,4119.92
4096,32768,128,16,1800.05
4096,32768,128,32,1798.52
4096,32768,128,64,1797.98
4096,32768,128,128,1799.61
4096,32768,128,256,1809.34
4096,32768,128,512,1829.04
4096,32768,128,1024,1866.98
4096,32768,128,2048,1939.3
4096,32768,128,4096,2079.35
4096,32768,128,8192,2367.6
4096,32768,128,16384,2938.97
4096,32768,128,32768,4086.76
4096,32768,128,65536,6367.2
4096,65536,0,0,3251.67
4096,65536,1,16,3274.77
4096,65536,1,32,3269.2
4096,65536,1,64,3264.38
4096,65536,1,128,3266.44
4096,65536,1,256,3266.63
4096,65536,1,512,3269.51
4096,65536,1,1024,3266.28
4096,65536,1,2048,3270.28
4096,65536,1,4096,3272.36
4096,65536,1,8192,3277.59
4096,65536,1,16384,3284.14
4096,65536,1,32768,3296.66
4096,65536,1,65536,3320.51
4096,65536,2,16,3267.7
4096,65536,2,32,3267.77
4096,65536,2,64,3272.34
4096,65536,2,128,3268.7
4096,65536,2,256,3271
4096,65536,2,512,3267.95
4096,65536,2,1024,3270.79
4096,65536,2,2048,3274.18
4096,65536,2,4096,3282.28
4096,65536,2,8192,3288.16
4096,65536,2,16384,3297.76
4096,65536,2,32768,3321.92
4096,65536,2,65536,3364.01
4096,65536,4,16,3268.8
4096,65536,4,32,3268.96
4096,65536,4,64,3270.02
4096,65536,4,128,3271.15
4096,65536,4,256,3268.67
4096,65536,4,512,3279.1
4096,65536,4,1024,3270.92
4096,65536,4,2048,3274.05
4096,65536,4,4096,3283.19
4096,65536,4,8192,3296.44
4096,65536,4,16384,3320.14
4096,65536,4,32768,3360.49
4096,65536,4,65536,3434.31
4096,65536,8,16,3269.77
4096,65536,8,32,3269.88
4096,65536,8,64,3271.22
4096,65536,8,128,3270.24
4096,65536,8,256,3268.01
4096,65536,8,512,3281.37
4096,65536,8,1024,3276.43
4096,65536,8,2048,3283.53
4096,65536,8,4096,3296.79
4096,65536,8,8192,3322.43
4096,65536,8,16384,3358.07
4096,65536,8,32768,3433.43
4096,65536,8,65536,3582.58
4096,65536,16,16,3274.51
4096,65536,16,32,3273.05
4096,65536,16,64,3275.08
4096,65536,16,128,3273.05
4096,65536,16,256,3275.84
4096,65536,16,512,3278.97
4096,65536,16,1024,3287
4096,65536,16,2048,3302.3
4096,65536,16,4096,3320.54
4096,65536,16,8192,3358.72
4096,65536,16,16384,3433.73
4096,65536,16,32768,3583.01
4096,65536,16,65536,3866.79
4096,65536,32,16,3276.58
4096,65536,32,32,3283.24
4096,65536,32,64,3280.91
4096,65536,32,128,3280.28
4096,65536,32,256,3287.99
4096,65536,32,512,3292.48
4096,65536,32,1024,3302.21
4096,65536,32,2048,3322.27
4096,65536,32,4096,3361.31
4096,65536,32,8192,3436.93
4096,65536,32,16384,3587.35
4096,65536,32,32768,3880.99
4096,65536,32,65536,4455.98
4096,65536,64,16,3287.33
4096,65536,64,32,3289.04
4096,65536,64,64,3290.29
4096,65536,64,128,3289.29
4096,65536,64,256,3296.5
4096,65536,64,512,3305.72
4096,65536,64,1024,3327.25
4096,65536,64,2048,3365.4
4096,65536,64,4096,3440.12
4096,65536,64,8192,3590.62
4096,65536,64,16384,3885.89
4096,65536,64,32768,4464.25
4096,65536,64,65536,5646.53
4096,65536,128,16,3299.12
4096,65536,128,32,3298.03
4096,65536,128,64,3298.3
4096,65536,128,128,3301
4096,65536,128,256,3311.29
4096,65536,128,512,3333.51
4096,65536,128,1024,3365.94
4096,65536,128,2048,3443.43
4096,65536,128,4096,3585.11
4096,65536,128,8192,3869.94
4096,65536,128,16384,4444.58
4096,65536,128,32768,5588.56
4096,65536,128,65536,7870.06
8192,0,0,0,585.925
8192,0,1,16,599.494
8192,0,1,32,599.621
8192,0,1,64,599.63
8192,0,1,128,598.875
8192,0,1,256,600.89
8192,0,1,512,599.751
8192,0,1,1024,600.889
8192,0,1,2048,605.956
8192,0,1,4096,605.829
8192,0,1,8192,609.038
8192,0,1,16384,615.462
8192,0,1,32768,630.522
8192,0,1,65536,656.548
8192,0,2,16,599.193
8192,0,2,32,598.979
8192,0,2,64,600.112
8192,0,2,128,599.588
8192,0,2,256,599.642
8192,0,2,512,599.427
8192,0,2,1024,602.488
8192,0,2,2048,603.644
8192,0,2,4096,607.163
8192,0,2,8192,615.087
8192,0,2,16384,628.442
8192,0,2,32768,653.935
8192,0,2,65536,695.843
8192,0,4,16,599.409
8192,0,4,32,598.884
8192,0,4,64,597.841
8192,0,4,128,601.766
8192,0,4,256,602.586
8192,0,4,512,604.934
8192,0,4,1024,605.607
8192,0,4,2048,608.975
8192,0,4,4096,614.746
8192,0,4,8192,626.062
8192,0,4,16384,652.206
8192,0,4,32768,692.527
8192,0,4,65536,763.078
8192,0,8,16,602.511
8192,0,8,32,601.253
8192,0,8,64,605.029
8192,0,8,128,603.365
8192,0,8,256,603.066
8192,0,8,512,604.188
8192,0,8,1024,609.136
8192,0,8,2048,615.086
8192,0,8,4096,629.167
8192,0,8,8192,654.863
8192,0,8,16384,692.794
8192,0,8,32768,763.59
8192,0,8,65536,904.709
8192,0,16,16,606.414
8192,0,16,32,602.127
8192,0,16,64,602.181
8192,0,16,128,603.504
8192,0,16,256,605.892
8192,0,16,512,609.274
8192,0,16,1024,615.919
8192,0,16,2048,627.8
8192,0,16,4096,653.913
8192,0,16,8192,691.278
8192,0,16,16384,763.505
8192,0,16,32768,906.427
8192,0,16,65536,1190.75
8192,0,32,16,606.254
8192,0,32,32,606.255
8192,0,32,64,605.592
8192,0,32,128,606.522
8192,0,32,256,611.363
8192,0,32,512,618.435
8192,0,32,1024,629.989
8192,0,32,2048,654.244
8192,0,32,4096,693.497
8192,0,32,8192,763.93
8192,0,32,16384,914.363
8192,0,32,32768,1199.28
8192,0,32,65536,1775.57
8192,0,64,16,611.801
8192,0,64,32,611.461
8192,0,64,64,610.734
8192,0,64,128,612.516
8192,0,64,256,620.667
8192,0,64,512,633.275
8192,0,64,1024,656.313
8192,0,64,2048,695.033
8192,0,64,4096,766.288
8192,0,64,8192,909.713
8192,0,64,16384,1199.91
8192,0,64,32768,1782.37
8192,0,64,65536,2950.96
8192,0,128,16,619.364
8192,0,128,32,618.702
8192,0,128,64,618.575
8192,0,128,128,619.984
8192,0,128,256,634.436
8192,0,128,512,656.111
8192,0,128,1024,692.964
8192,0,128,2048,762.959
8192,0,128,4096,904.999
8192,0,128,8192,1191.37
8192,0,128,16384,1766.68
8192,0,128,32768,2907.8
8192,0,128,65536,5188.83
8192,16,0,0,601.54
8192,16,1,16,613.329
8192,16,1,32,614.287
8192,16,1,64,613.125
8192,16,1,128,619.129
8192,16,1,256,613.85
8192,16,1,512,612.934
8192,16,1,1024,613.861
8192,16,1,2048,615.601
8192,16,1,4096,620.784
8192,16,1,8192,622.692
8192,16,1,16384,631.769
8192,16,1,32768,643.846
8192,16,1,65536,671.228
8192,16,2,16,612.944
8192,16,2,32,617.679
8192,16,2,64,617.124
8192,16,2,128,617.253
8192,16,2,256,616.782
8192,16,2,512,616.304
8192,16,2,1024,618.84
8192,16,2,2048,620.473
8192,16,2,4096,623.247
8192,16,2,8192,632.218
8192,16,2,16384,645.775
8192,16,2,32768,668.87
8192,16,2,65536,707.92
8192,16,4,16,615.441
8192,16,4,32,615.643
8192,16,4,64,615.15
8192,16,4,128,620.057
8192,16,4,256,616.484
8192,16,4,512,615.896
8192,16,4,1024,618.437
8192,16,4,2048,620.549
8192,16,4,4096,632.016
8192,16,4,8192,641.593
8192,16,4,16384,666.906
8192,16,4,32768,705.455
8192,16,4,65536,778.171
8192,16,8,16,616.549
8192,16,8,32,615.535
8192,16,8,64,617.113
8192,16,8,128,617.177
8192,16,8,256,617.796
8192,16,8,512,618.681
8192,16,8,1024,622.695
8192,16,8,2048,628.708
8192,16,8,4096,642.766
8192,16,8,8192,667.175
8192,16,8,16384,706.084
8192,16,8,32768,778.534
8192,16,8,65536,919.973
8192,16,16,16,615.279
8192,16,16,32,615.483
8192,16,16,64,616.816
8192,16,16,128,616.345
8192,16,16,256,618.287
8192,16,16,512,623.63
8192,16,16,1024,629.18
8192,16,16,2048,643.472
8192,16,16,4096,668.131
8192,16,16,8192,707.196
8192,16,16,16384,777.274
8192,16,16,32768,919.506
8192,16,16,65536,1203.55
8192,16,32,16,619.705
8192,16,32,32,618.693
8192,16,32,64,620.227
8192,16,32,128,621.86
8192,16,32,256,626.449
8192,16,32,512,633.328
8192,16,32,1024,645.53
8192,16,32,2048,668.868
8192,16,32,4096,706.511
8192,16,32,8192,780.091
8192,16,32,16384,923.41
8192,16,32,32768,1215.59
8192,16,32,65536,1788.92
8192,16,64,16,625.552
8192,16,64,32,626.17
8192,16,64,64,625.091
8192,16,64,128,627.385
8192,16,64,256,635.002
8192,16,64,512,648.388
8192,16,64,1024,669.616
8192,16,64,2048,707.888
8192,16,64,4096,779.728
8192,16,64,8192,924.199
8192,16,64,16384,1213.68
8192,16,64,32768,1797.22
8192,16,64,65536,2972.48
8192,16,128,16,632.623
8192,16,128,32,632.901
8192,16,128,64,633.466
8192,16,128,128,635.129
8192,16,128,256,648.826
8192,16,128,512,672.442
8192,16,128,1024,708.209
8192,16,128,2048,778.225
8192,16,128,4096,919.548
8192,16,128,8192,1206.15
8192,16,128,16384,1777.41
8192,16,128,32768,2921.12
8192,16,128,65536,5203.23
8192,32,0,0,601.871
8192,32,1,16,615.961
8192,32,1,32,615.46
8192,32,1,64,616.732
8192,32,1,128,615.599
8192,32,1,256,614.341
8192,32,1,512,616.719
8192,32,1,1024,616.579
8192,32,1,2048,617.006
8192,32,1,4096,620.999
8192,32,1,8192,625.188
8192,32,1,16384,631.652
8192,32,1,32768,645.21
8192,32,1,65536,670.895
8192,32,2,16,615.866
8192,32,2,32,615.908
8192,32,2,64,615.622
8192,32,2,128,616.485
8192,32,2,256,617.231
8192,32,2,512,617.423
8192,32,2,1024,618.383
8192,32,2,2048,622.469
8192,32,2,4096,626.714
8192,32,2,8192,631.652
8192,32,2,16384,644.238
8192,32,2,32768,669.402
8192,32,2,65536,709.382
8192,32,4,16,615.919
8192,32,4,32,615.693
8192,32,4,64,616.037
8192,32,4,128,616.156
8192,32,4,256,615.641
8192,32,4,512,618.329
8192,32,4,1024,617.711
8192,32,4,2048,621.978
8192,32,4,4096,629.467
8192,32,4,8192,642.532
8192,32,4,16384,667.311
8192,32,4,32768,707.612
8192,32,4,65536,777.04
8192,32,8,16,614.361
8192,32,8,32,615.258
8192,32,8,64,614.502
8192,32,8,128,614.736
8192,32,8,256,615.618
8192,32,8,512,619.771
8192,32,8,1024,622.062
8192,32,8,2048,628.826
8192,32,8,4096,642.384
8192,32,8,8192,666.299
8192,32,8,16384,707.194
8192,32,8,32768,778.16
8192,32,8,65536,920.584
8192,32,16,16,615.481
8192,32,16,32,615.931
8192,32,16,64,616.452
8192,32,16,128,616.411
8192,32,16,256,619.683
8192,32,16,512,622.971
8192,32,16,1024,629.114
8192,32,16,2048,643.854
8192,32,16,4096,668.122
8192,32,16,8192,705.966
8192,32,16,16384,777.702
8192,32,16,32768,919.24
8192,32,16,65536,1205.43
8192,32,32,16,619.512
8192,32,32,32,619.577
8192,32,32,64,619.354
8192,32,32,128,620.475
8192,32,32,256,626.361
8192,32,32,512,632.294
8192,32,32,1024,644.775
8192,32,32,2048,669.402
8192,32,32,4096,706.853
8192,32,32,8192,781.435
8192,32,32,16384,924.081
8192,32,32,32768,1211.5
8192,32,32,65536,1788.66
8192,32,64,16,624.581
8192,32,64,32,625.903
8192,32,64,64,626.382
8192,32,64,128,626.257
8192,32,64,256,634.341
8192,32,64,512,646.553
8192,32,64,1024,672.003
8192,32,64,2048,708.101
8192,32,64,4096,779.6
8192,32,64,8192,926.246
8192,32,64,16384,1215.94
8192,32,64,32768,1796.36
8192,32,64,65536,2959.48
8192,32,128,16,632.783
8192,32,128,32,632.772
8192,32,128,64,632.602
8192,32,128,128,634.405
8192,32,128,256,648.559
8192,32,128,512,670.735
8192,32,128,1024,706.842
8192,32,128,2048,778.053
8192,32,128,4096,919.963
8192,32,128,8192,1209.27
8192,32,128,16384,1776.14
8192,32,128,32768,2919.39
8192,32,128,65536,5204.88
8192,64,0,0,599.59
8192,64,1,16,613.551
8192,64,1,32,611.14
8192,64,1,64,611.406
8192,64,1,128,611.812
8192,64,1,256,613.052
8192,64,1,512,613.84
8192,64,1,1024,613.892
8192,64,1,2048,617.423
8192,64,1,4096,619.331
8192,64,1,8192,623.097
8192,64,1,16384,630.392
8192,64,1,32768,644.922
8192,64,1,65536,669.989
8192,64,2,16,611.993
8192,64,2,32,612.09
8192,64,2,64,613.103
8192,64,2,128,612.612
8192,64,2,256,613.453
8192,64,2,512,613.369
8192,64,2,1024,619.738
8192,64,2,2048,617.508
8192,64,2,4096,620.582
8192,64,2,8192,628.987
8192,64,2,16384,643.343
8192,64,2,32768,667.385
8192,64,2,65536,708.699
8192,64,4,16,612.335
8192,64,4,32,613.968
8192,64,4,64,613.167
8192,64,4,128,617.082
8192,64,4,256,615.962
8192,64,4,512,616.997
8192,64,4,1024,618.992
8192,64,4,2048,621.903
8192,64,4,4096,628.646
8192,64,4,8192,642.308
8192,64,4,16384,666.469
8192,64,4,32768,706.149
8192,64,4,65536,777.082
8192,64,8,16,616.601
8192,64,8,32,616.175
8192,64,8,64,615.887
8192,64,8,128,615.621
8192,64,8,256,617.318
8192,64,8,512,619.172
8192,64,8,1024,623.396
8192,64,8,2048,628.954
8192,64,8,4096,643.554
8192,64,8,8192,667.387
8192,64,8,16384,705.382
8192,64,8,32768,777.733
8192,64,8,65536,919.25
8192,64,16,16,616.293
8192,64,16,32,616.248
8192,64,16,64,615.909
8192,64,16,128,618.074
8192,64,16,256,620.367
8192,64,16,512,621.869
8192,64,16,1024,630.244
8192,64,16,2048,642.617
8192,64,16,4096,667.215
8192,64,16,8192,705.19
8192,64,16,16384,777.371
8192,64,16,32768,918.321
8192,64,16,65536,1205.67
8192,64,32,16,618.787
8192,64,32,32,619.641
8192,64,32,64,618.968
8192,64,32,128,620.057
8192,64,32,256,625.83
8192,64,32,512,631.375
8192,64,32,1024,644.921
8192,64,32,2048,668.239
8192,64,32,4096,707.086
8192,64,32,8192,780.347
8192,64,32,16384,924.837
8192,64,32,32768,1214.73
8192,64,32,65536,1794.18
8192,64,64,16,625.06
8192,64,64,32,624.9
8192,64,64,64,624.048
8192,64,64,128,626.841
8192,64,64,256,635.332
8192,64,64,512,646.255
8192,64,64,1024,669.584
8192,64,64,2048,708.134
8192,64,64,4096,781.275
8192,64,64,8192,925.491
8192,64,64,16384,1216.66
8192,64,64,32768,1797.66
8192,64,64,65536,2960.03
8192,64,128,16,633.454
8192,64,128,32,633.029
8192,64,128,64,632.559
8192,64,128,128,634.319
8192,64,128,256,647.94
8192,64,128,512,669.572
8192,64,128,1024,706.383
8192,64,128,2048,777.008
8192,64,128,4096,919.355
8192,64,128,8192,1203.55
8192,64,128,16384,1776.68
8192,64,128,32768,2920.77
8192,64,128,65536,5201.91
8192,128,0,0,596.74
8192,128,1,16,611.462
8192,128,1,32,611.097
8192,128,1,64,611.185
8192,128,1,128,612.154
8192,128,1,256,611.128
8192,128,1,512,611.481
8192,128,1,1024,612.825
8192,128,1,2048,613.465
8192,128,1,4096,617.017
8192,128,1,8192,622.266
8192,128,1,16384,629.017
8192,128,1,32768,641.649
8192,128,1,65536,666.47
8192,128,2,16,610.436
8192,128,2,32,614.192
8192,128,2,64,614.457
8192,128,2,128,612.216
8192,128,2,256,614.746
8192,128,2,512,613.679
8192,128,2,1024,615.406
8192,128,2,2048,618.457
8192,128,2,4096,621.328
8192,128,2,8192,629.262
8192,128,2,16384,642.734
8192,128,2,32768,667.375
8192,128,2,65536,708.665
8192,128,4,16,613.062
8192,128,4,32,612.602
8192,128,4,64,612.911
8192,128,4,128,613.51
8192,128,4,256,613.945
8192,128,4,512,614.094
8192,128,4,1024,616.612
8192,128,4,2048,618.469
8192,128,4,4096,626.042
8192,128,4,8192,640.047
8192,128,4,16384,665.156
8192,128,4,32768,703.278
8192,128,4,65536,773.883
8192,128,8,16,613.486
8192,128,8,32,613.412
8192,128,8,64,613.402
8192,128,8,128,614.031
8192,128,8,256,615.193
8192,128,8,512,617.082
8192,128,8,1024,620.761
8192,128,8,2048,627.257
8192,128,8,4096,638.938
8192,128,8,8192,666.054
8192,128,8,16384,703.899
8192,128,8,32768,775.344
8192,128,8,65536,918.108
8192,128,16,16,611.236
8192,128,16,32,612.134
8192,128,16,64,612.634
8192,128,16,128,613.871
8192,128,16,256,615.567
8192,128,16,512,619.556
8192,128,16,1024,627.972
8192,128,16,2048,640.453
8192,128,16,4096,664.836
8192,128,16,8192,704.497
8192,128,16,16384,775.005
8192,128,16,32768,917.778
8192,128,16,65536,1203.84
8192,128,32,16,617.978
8192,128,32,32,617.168
8192,128,32,64,618.426
8192,128,32,128,619.108
8192,128,32,256,624.08
8192,128,32,512,630.575
8192,128,32,1024,641.829
8192,128,32,2048,667.333
8192,128,32,4096,705.593
8192,128,32,8192,777.788
8192,128,32,16384,920.999
8192,128,32,32768,1210.85
8192,128,32,65536,1784.92
8192,128,64,16,623.033
8192,128,64,32,622.321
8192,128,64,64,623.076
8192,128,64,128,623.824
8192,128,64,256,632.58
8192,128,64,512,645.146
8192,128,64,1024,667.556
8192,128,64,2048,707.194
8192,128,64,4096,777.307
8192,128,64,8192,923.057
8192,128,64,16384,1215.28
8192,128,64,32768,1797.02
8192,128,64,65536,2961.82
8192,128,128,16,630.223
8192,128,128,32,631.93
8192,128,128,64,629.913
8192,128,128,128,632.048
8192,128,128,256,645.775
8192,128,128,512,668.441
8192,128,128,1024,706.138
8192,128,128,2048,774.394
8192,128,128,4096,917.458
8192,128,128,8192,1204.48
8192,128,128,16384,1775.16
8192,128,128,32768,2921.12
8192,128,128,65536,5206.72
8192,256,0,0,612.07
8192,256,1,16,625.476
8192,256,1,32,627.107
8192,256,1,64,625.774
8192,256,1,128,626.339
8192,256,1,256,626.222
8192,256,1,512,627.505
8192,256,1,1024,626.873
8192,256,1,2048,628.92
8192,256,1,4096,630.681
8192,256,1,8192,634.394
8192,256,1,16384,642.319
8192,256,1,32768,655.301
8192,256,1,65536,680.698
8192,256,2,16,626.2
8192,256,2,32,626.234
8192,256,2,64,626.541
8192,256,2,128,625.775
8192,256,2,256,627.483
8192,256,2,512,626.543
8192,256,2,1024,627.493
8192,256,2,2048,630.588
8192,256,2,4096,635.066
8192,256,2,8192,640.582
8192,256,2,16384,654.958
8192,256,2,32768,678.841
8192,256,2,65536,720.805
8192,256,4,16,624.261
8192,256,4,32,625.06
8192,256,4,64,624.771
8192,256,4,128,625.499
8192,256,4,256,625.423
8192,256,4,512,627.237
8192,256,4,1024,627.397
8192,256,4,2048,631.641
8192,256,4,4096,638.2
8192,256,4,8192,652.858
8192,256,4,16384,676.655
8192,256,4,32768,716.112
8192,256,4,65536,787.365
8192,256,8,16,623.662
8192,256,8,32,623.684
8192,256,8,64,623.939
8192,256,8,128,624.537
8192,256,8,256,625.307
8192,256,8,512,628.9
8192,256,8,1024,632.153
8192,256,8,2048,638.737
8192,256,8,4096,653.315
8192,256,8,8192,678.78
8192,256,8,16384,715.536
8192,256,8,32768,788.017
8192,256,8,65536,929.288
8192,256,16,16,625.337
8192,256,16,32,625.947
8192,256,16,64,626.171
8192,256,16,128,627.558
8192,256,16,256,629.242
8192,256,16,512,632.805
8192,256,16,1024,639.152
8192,256,16,2048,651.898
8192,256,16,4096,677.872
8192,256,16,8192,715.59
8192,256,16,16384,786.138
8192,256,16,32768,928.273
8192,256,16,65536,1213.09
8192,256,32,16,629.754
8192,256,32,32,629.072
8192,256,32,64,629.326
8192,256,32,128,630.191
8192,256,32,256,635.206
8192,256,32,512,642.267
8192,256,32,1024,652.922
8192,256,32,2048,678.671
8192,256,32,4096,716.463
8192,256,32,8192,789.658
8192,256,32,16384,934.215
8192,256,32,32768,1223.6
8192,256,32,65536,1800.46
8192,256,64,16,634.926
8192,256,64,32,634.49
8192,256,64,64,635.214
8192,256,64,128,635.225
8192,256,64,256,644.942
8192,256,64,512,657.466
8192,256,64,1024,679.3
8192,256,64,2048,719.236
8192,256,64,4096,789.573
8192,256,64,8192,934.481
8192,256,64,16384,1222.45
8192,256,64,32768,1806.69
8192,256,64,65536,2969.04
8192,256,128,16,643.407
8192,256,128,32,643.322
8192,256,128,64,643.546
8192,256,128,128,644.036
8192,256,128,256,658.33
8192,256,128,512,679.802
8192,256,128,1024,716.337
8192,256,128,2048,786.682
8192,256,128,4096,929.222
8192,256,128,8192,1217.09
8192,256,128,16384,1786.13
8192,256,128,32768,2930.03
8192,256,128,65536,5212.13
8192,512,0,0,631.195
8192,512,1,16,646.97
8192,512,1,32,646.682
8192,512,1,64,646.02
8192,512,1,128,646.596
8192,512,1,256,646.854
8192,512,1,512,647.247
8192,512,1,1024,650.853
8192,512,1,2048,650.788
8192,512,1,4096,652.868
8192,512,1,8192,655.834
8192,512,1,16384,662.437
8192,512,1,32768,676.634
8192,512,1,65536,703.365
8192,512,2,16,646.373
8192,512,2,32,646.063
8192,512,2,64,648.025
8192,512,2,128,646.62
8192,512,2,256,646.234
8192,512,2,512,645.2
8192,512,2,1024,652.612
8192,512,2,2048,650.97
8192,512,2,4096,656.537
8192,512,2,8192,662.8
8192,512,2,16384,677.445
8192,512,2,32768,702.534
8192,512,2,65536,742.672
8192,512,4,16,645.328
8192,512,4,32,647.024
8192,512,4,64,645.595
8192,512,4,128,650.032
8192,512,4,256,650.01
8192,512,4,512,649.721
8192,512,4,1024,651.089
8192,512,4,2048,655.342
8192,512,4,4096,661.882
8192,512,4,8192,675.654
8192,512,4,16384,699.759
8192,512,4,32768,739.664
8192,512,4,65536,811.142
8192,512,8,16,649.093
8192,512,8,32,649.989
8192,512,8,64,648.974
8192,512,8,128,649.679
8192,512,8,256,650.18
8192,512,8,512,651.791
8192,512,8,1024,656.953
8192,512,8,2048,664.037
8192,512,8,4096,677.605
8192,512,8,8192,701.071
8192,512,8,16384,739.686
8192,512,8,32768,810.118
8192,512,8,65536,952.784
8192,512,16,16,649.318
8192,512,16,32,650.34
8192,512,16,64,649.67
8192,512,16,128,650.683
8192,512,16,256,651.93
8192,512,16,512,655.78
8192,512,16,1024,661.849
8192,512,16,2048,677.285
8192,512,16,4096,701.241
8192,512,16,8192,740.111
8192,512,16,16384,811.771
8192,512,16,32768,952.254
8192,512,16,65536,1237
8192,512,32,16,652.623
8192,512,32,32,653.349
8192,512,32,64,653.776
8192,512,32,128,652.752
8192,512,32,256,658.212
8192,512,32,512,666.352
8192,512,32,1024,678.043
8192,512,32,2048,702.181
8192,512,32,4096,739.546
8192,512,32,8192,811.099
8192,512,32,16384,956.219
8192,512,32,32768,1248.55
8192,512,32,65536,1824.43
8192,512,64,16,659.301
8192,512,64,32,659.28
8192,512,64,64,659.899
8192,512,64,128,659.942
8192,512,64,256,668.507
8192,512,64,512,680.453
8192,512,64,1024,703.12
8192,512,64,2048,742.192
8192,512,64,4096,813.775
8192,512,64,8192,957.692
8192,512,64,16384,1254.62
8192,512,64,32768,1833.39
8192,512,64,65536,2996.07
8192,512,128,16,666.97
8192,512,128,32,665.893
8192,512,128,64,664.828
8192,512,128,128,666.927
8192,512,128,256,681.04
8192,512,128,512,703.364
8192,512,128,1024,738.969
8192,512,128,2048,809.937
8192,512,128,4096,951.707
8192,512,128,8192,1239.3
8192,512,128,16384,1811.15
8192,512,128,32768,2953.75
8192,512,128,65536,5235.87
8192,1024,0,0,678.319
8192,1024,1,16,693.124
8192,1024,1,32,691.003
8192,1024,1,64,693.124
8192,1024,1,128,693.234
8192,1024,1,256,693.135
8192,1024,1,512,692.432
8192,1024,1,1024,692.622
8192,1024,1,2048,695.92
8192,1024,1,4096,698.386
8192,1024,1,8192,702.874
8192,1024,1,16384,710.288
8192,1024,1,32768,724.797
8192,1024,1,65536,749.583
8192,1024,2,16,691.129
8192,1024,2,32,697.713
8192,1024,2,64,696.356
8192,1024,2,128,697.678
8192,1024,2,256,697.8
8192,1024,2,512,698.511
8192,1024,2,1024,698.692
8192,1024,2,2048,700.09
8192,1024,2,4096,704.943
8192,1024,2,8192,711.067
8192,1024,2,16384,725.146
8192,1024,2,32768,749.029
8192,1024,2,65536,791.035
8192,1024,4,16,694.041
8192,1024,4,32,695.451
8192,1024,4,64,693.444
8192,1024,4,128,695.656
8192,1024,4,256,695.045
8192,1024,4,512,696.378
8192,1024,4,1024,698.598
8192,1024,4,2048,701.201
8192,1024,4,4096,708.901
8192,1024,4,8192,723.184
8192,1024,4,16384,748.624
8192,1024,4,32768,787.174
8192,1024,4,65536,857.926
8192,1024,8,16,696.111
8192,1024,8,32,696.124
8192,1024,8,64,696.849
8192,1024,8,128,696.145
8192,1024,8,256,697.093
8192,1024,8,512,699.835
8192,1024,8,1024,702.534
8192,1024,8,2048,711.355
8192,1024,8,4096,722.478
8192,1024,8,8192,748.976
8192,1024,8,16384,786.714
8192,1024,8,32768,855.962
8192,1024,8,65536,999.131
8192,1024,16,16,695.023
8192,1024,16,32,694.842
8192,1024,16,64,693.914
8192,1024,16,128,697.062
8192,1024,16,256,698.574
8192,1024,16,512,699.749
8192,1024,16,1024,709.392
8192,1024,16,2048,724.133
8192,1024,16,4096,747.299
8192,1024,16,8192,786.929
8192,1024,16,16384,858.352
8192,1024,16,32768,997.831
8192,1024,16,65536,1284.33
8192,1024,32,16,700.131
8192,1024,32,32,700.047
8192,1024,32,64,700.207
8192,1024,32,128,702.223
8192,1024,32,256,706.939
8192,1024,32,512,712.634
8192,1024,32,1024,725.862
8192,1024,32,2048,749.892
8192,1024,32,4096,787.153
8192,1024,32,8192,859.154
8192,1024,32,16384,1003.05
8192,1024,32,32768,1293.33
8192,1024,32,65536,1872.6
8192,1024,64,16,705.348
8192,1024,64,32,707.473
8192,1024,64,64,705.531
8192,1024,64,128,706.886
8192,1024,64,256,715.771
8192,1024,64,512,727.578
8192,1024,64,1024,750.469
8192,1024,64,2048,788.912
8192,1024,64,4096,858.448
8192,1024,64,8192,1004.62
8192,1024,64,16384,1292.09
8192,1024,64,32768,1877.78
8192,1024,64,65536,3040.66
8192,1024,128,16,713.381
8192,1024,128,32,714.011
8192,1024,128,64,713.882
8192,1024,128,128,715.119
8192,1024,128,256,728.57
8192,1024,128,512,750.575
8192,1024,128,1024,788.112
8192,1024,128,2048,857.51
8192,1024,128,4096,1000.23
8192,1024,128,8192,1287.11
8192,1024,128,16384,1857.83
8192,1024,128,32768,3007.77
8192,1024,128,65536,5286.04
8192,2048,0,0,774.619
8192,2048,1,16,789.854
8192,2048,1,32,789.029
8192,2048,1,64,788.218
8192,2048,1,128,789.829
8192,2048,1,256,788.858
8192,2048,1,512,790.736
8192,2048,1,1024,791.558
8192,2048,1,2048,794.064
8192,2048,1,4096,795.154
8192,2048,1,8192,799.71
8192,2048,1,16384,806.844
8192,2048,1,32768,819.868
8192,2048,1,65536,845.916
8192,2048,2,16,790.789
8192,2048,2,32,791.484
8192,2048,2,64,790.151
8192,2048,2,128,788.997
8192,2048,2,256,789.85
8192,2048,2,512,788.965
8192,2048,2,1024,792.955
8192,2048,2,2048,792.241
8192,2048,2,4096,798.887
8192,2048,2,8192,803.333
8192,2048,2,16384,817.968
8192,2048,2,32768,844.015
8192,2048,2,65536,881.286
8192,2048,4,16,788.837
8192,2048,4,32,789.669
8192,2048,4,64,788.644
8192,2048,4,128,788.527
8192,2048,4,256,788.666
8192,2048,4,512,789.318
8192,2048,4,1024,790.628
8192,2048,4,2048,796.667
8192,2048,4,4096,801.115
8192,2048,4,8192,816.922
8192,2048,4,16384,840.699
8192,2048,4,32768,878.714
8192,2048,4,65536,949.299
8192,2048,8,16,788.41
8192,2048,8,32,787.89
8192,2048,8,64,787.996
8192,2048,8,128,789.415
8192,2048,8,256,789.128
8192,2048,8,512,792.508
8192,2048,8,1024,794.245
8192,2048,8,2048,804.164
8192,2048,8,4096,815.558
8192,2048,8,8192,841.562
8192,2048,8,16384,879.472
8192,2048,8,32768,950.875
8192,2048,8,65536,1091.88
8192,2048,16,16,787.589
8192,2048,16,32,791.194
8192,2048,16,64,789.413
8192,2048,16,128,789.615
8192,2048,16,256,791.888
8192,2048,16,512,795.248
8192,2048,16,1024,802.661
8192,2048,16,2048,815.066
8192,2048,16,4096,842.044
8192,2048,16,8192,880.741
8192,2048,16,16384,950.321
8192,2048,16,32768,1090.91
8192,2048,16,65536,1377.63
8192,2048,32,16,793.555
8192,2048,32,32,795.387
8192,2048,32,64,793.84
8192,2048,32,128,794.524
8192,2048,32,256,799.774
8192,2048,32,512,805.82
8192,2048,32,1024,818.587
8192,2048,32,2048,841.693
8192,2048,32,4096,880.741
8192,2048,32,8192,953.682
8192,2048,32,16384,1098.27
8192,2048,32,32768,1389.49
8192,2048,32,65536,1958.7
8192,2048,64,16,797.967
8192,2048,64,32,798.971
8192,2048,64,64,798.555
8192,2048,64,128,799.931
8192,2048,64,256,808.945
8192,2048,64,512,821.051
8192,2048,64,1024,843.718
8192,2048,64,2048,879.174
8192,2048,64,4096,953.522
8192,2048,64,8192,1100.76
8192,2048,64,16384,1391.99
8192,2048,64,32768,1969.76
8192,2048,64,65536,3137.87
8192,2048,128,16,806.972
8192,2048,128,32,806.863
8192,2048,128,64,807.26
8192,2048,128,128,809.146
8192,2048,128,256,821.755
8192,2048,128,512,843.066
8192,2048,128,1024,877.425
8192,2048,128,2048,949.958
8192,2048,128,4096,1092.84
8192,2048,128,8192,1380.05
8192,2048,128,16384,1952.58
8192,2048,128,32768,3097.03
8192,2048,128,65536,5380.43
8192,4096,0,0,950.15
8192,4096,1,16,963.657
8192,4096,1,32,964.85
8192,4096,1,64,963.195
8192,4096,1,128,963.591
8192,4096,1,256,967.188
8192,4096,1,512,965.873
8192,4096,1,1024,968.445
8192,4096,1,2048,971.57
8192,4096,1,4096,970.065
8192,4096,1,8192,974.513
8192,4096,1,16384,983.719
8192,4096,1,32768,999.494
8192,4096,1,65536,1027.03
8192,4096,2,16,962.236
8192,4096,2,32,965.093
8192,4096,2,64,965.745
8192,4096,2,128,964.423
8192,4096,2,256,965.842
8192,4096,2,512,964.262
8192,4096,2,1024,966.619
8192,4096,2,2048,970.751
8192,4096,2,4096,973.861
8192,4096,2,8192,982.588
8192,4096,2,16384,997.734
8192,4096,2,32768,1025.31
8192,4096,2,65536,1065.98
8192,4096,4,16,965.343
8192,4096,4,32,966.011
8192,4096,4,64,964.872
8192,4096,4,128,973.8
8192,4096,4,256,971.761
8192,4096,4,512,973.244
8192,4096,4,1024,974.246
8192,4096,4,2048,979.445
8192,4096,4,4096,987.099
8192,4096,4,8192,1000.82
8192,4096,4,16384,1023.96
8192,4096,4,32768,1064.1
8192,4096,4,65536,1133.5
8192,4096,8,16,972.262
8192,4096,8,32,971.421
8192,4096,8,64,973.126
8192,4096,8,128,971.014
8192,4096,8,256,973.776
8192,4096,8,512,974.566
8192,4096,8,1024,978.695
8192,4096,8,2048,986.565
8192,4096,8,4096,999.933
8192,4096,8,8192,1024.84
8192,4096,8,16384,1062.73
8192,4096,8,32768,1135.24
8192,4096,8,65536,1276.16
8192,4096,16,16,973.213
8192,4096,16,32,971.623
8192,4096,16,64,972.564
8192,4096,16,128,974.086
8192,4096,16,256,974.993
8192,4096,16,512,979.399
8192,4096,16,1024,986.1
8192,4096,16,2048,1000.13
8192,4096,16,4096,1026.12
8192,4096,16,8192,1063.26
8192,4096,16,16384,1132.98
8192,4096,16,32768,1277.48
8192,4096,16,65536,1560.77
8192,4096,32,16,976.955
8192,4096,32,32,977.351
8192,4096,32,64,977.949
8192,4096,32,128,977.372
8192,4096,32,256,982.119
8192,4096,32,512,988.21
8192,4096,32,1024,1002.92
8192,4096,32,2048,1025.31
8192,4096,32,4096,1061.65
8192,4096,32,8192,1134.34
8192,4096,32,16384,1280.71
8192,4096,32,32768,1567.26
8192,4096,32,65536,2148.81
8192,4096,64,16,984.603
8192,4096,64,32,983.645
8192,4096,64,64,984.007
8192,4096,64,128,983.996
8192,4096,64,256,993.148
8192,4096,64,512,1004.15
8192,4096,64,1024,1025.95
8192,4096,64,2048,1064.83
8192,4096,64,4096,1135.43
8192,4096,64,8192,1280.65
8192,4096,64,16384,1570.94
8192,4096,64,32768,2149.56
8192,4096,64,65536,3321.74
8192,4096,128,16,990.971
8192,4096,128,32,989.49
8192,4096,128,64,991.921
8192,4096,128,128,990.641
8192,4096,128,256,1006.31
8192,4096,128,512,1026.09
8192,4096,128,1024,1063.2
8192,4096,128,2048,1133.3
8192,4096,128,4096,1276.02
8192,4096,128,8192,1562.35
8192,4096,128,16384,2135.54
8192,4096,128,32768,3275.07
8192,4096,128,65536,5557.67
8192,8192,0,0,1305.94
8192,8192,1,16,1317.2
8192,8192,1,32,1317.01
8192,8192,1,64,1318
8192,8192,1,128,1318.18
8192,8192,1,256,1318.27
8192,8192,1,512,1317.58
8192,8192,1,1024,1317.84
8192,8192,1,2048,1320.93
8192,8192,1,4096,1322.66
8192,8192,1,8192,1328.04
8192,8192,1,16384,1337.75
8192,8192,1,32768,1355.7
8192,8192,1,65536,1384.86
8192,8192,2,16,1316.3
8192,8192,2,32,1326.85
8192,8192,2,64,1323.66
8192,8192,2,128,1324.85
8192,8192,2,256,1322.88
8192,8192,2,512,1323.34
8192,8192,2,1024,1324.59
8192,8192,2,2048,1326.62
8192,8192,2,4096,1331.93
8192,8192,2,8192,1340.2
8192,8192,2,16384,1357.16
8192,8192,2,32768,1385.79
8192,8192,2,65536,1426.84
8192,8192,4,16,1325.04
8192,8192,4,32,1321.26
8192,8192,4,64,1321.12
8192,8192,4,128,1321.67
8192,8192,4,256,1324.12
8192,8192,4,512,1323
8192,8192,4,1024,1327.53
8192,8192,4,2048,1331.9
8192,8192,4,4096,1339.38
8192,8192,4,8192,1355.5
8192,8192,4,16384,1384.07
8192,8192,4,32768,1424.04
8192,8192,4,65536,1496.97
8192,8192,8,16,1323.26
8192,8192,8,32,1323.58
8192,8192,8,64,1325.14
8192,8192,8,128,1322.42
8192,8192,8,256,1325.37
8192,8192,8,512,1326.75
8192,8192,8,1024,1332.15
8192,8192,8,2048,1345.96
8192,8192,8,4096,1360.4
8192,8192,8,8192,1383.15
8192,8192,8,16384,1424.26
8192,8192,8,32768,1494.85
8192,8192,8,65536,1638.68
8192,8192,16,16,1322.29
8192,8192,16,32,1322.56
8192,8192,16,64,1327.74
8192,8192,16,128,1324.81
8192,8192,16,256,1326.36
8192,8192,16,512,1331.81
8192,8192,16,1024,1338.33
8192,8192,16,2048,1358.53
8192,8192,16,4096,1384.93
8192,8192,16,8192,1423.11
8192,8192,16,16384,1496.6
8192,8192,16,32768,1639.48
8192,8192,16,65536,1924.09
8192,8192,32,16,1333.25
8192,8192,32,32,1336.27
8192,8192,32,64,1334.19
8192,8192,32,128,1336.62
8192,8192,32,256,1341.01
8192,8192,32,512,1347.92
8192,8192,32,1024,1361.61
8192,8192,32,2048,1385.63
8192,8192,32,4096,1424.28
8192,8192,32,8192,1497.52
8192,8192,32,16384,1642.16
8192,8192,32,32768,1936.49
8192,8192,32,65536,2507.97
8192,8192,64,16,1342.08
8192,8192,64,32,1343.06
8192,8192,64,64,1344.51
8192,8192,64,128,1345.7
8192,8192,64,256,1353.91
8192,8192,64,512,1365.39
8192,8192,64,1024,1386.68
8192,8192,64,2048,1424.76
8192,8192,64,4096,1497.57
8192,8192,64,8192,1646.19
8192,8192,64,16384,1934.32
8192,8192,64,32768,2515.59
8192,8192,64,65536,3679.8
8192,8192,128,16,1354.03
8192,8192,128,32,1353.64
8192,8192,128,64,1351.77
8192,8192,128,128,1356.53
8192,8192,128,256,1366.22
8192,8192,128,512,1385.69
8192,8192,128,1024,1422.58
8192,8192,128,2048,1497.53
8192,8192,128,4096,1638.17
8192,8192,128,8192,1927.98
8192,8192,128,16384,2496.73
8192,8192,128,32768,3641.27
8192,8192,128,65536,5921.05
8192,16384,0,0,2001.15
8192,16384,1,16,2012.23
8192,16384,1,32,2014.79
8192,16384,1,64,2010.33
8192,16384,1,128,2012.04
8192,16384,1,256,2009.89
8192,16384,1,512,2010.41
8192,16384,1,1024,2014.76
8192,16384,1,2048,2016.29
8192,16384,1,4096,2016.13
8192,16384,1,8192,2023.45
8192,16384,1,16384,2027.34
8192,16384,1,32768,2046.33
8192,16384,1,65536,2078.05
8192,16384,2,16,2011.08
8192,16384,2,32,2012.12
8192,16384,2,64,2010.87
8192,16384,2,128,2012.27
8192,16384,2,256,2012.87
8192,16384,2,512,2016.33
8192,16384,2,1024,2011.46
8192,16384,2,2048,2016.53
8192,16384,2,4096,2028.38
8192,16384,2,8192,2033.19
8192,16384,2,16384,2050.27
8192,16384,2,32768,2077.16
8192,16384,2,65536,2123.72
8192,16384,4,16,2016.9
8192,16384,4,32,2012.66
8192,16384,4,64,2012.12
8192,16384,4,128,2018.01
8192,16384,4,256,2012.87
8192,16384,4,512,2015.91
8192,16384,4,1024,2017.37
8192,16384,4,2048,2030.57
8192,16384,4,4096,2029.6
8192,16384,4,8192,2048.9
8192,16384,4,16384,2074.63
8192,16384,4,32768,2119.79
8192,16384,4,65536,2193.8
8192,16384,8,16,2006.85
8192,16384,8,32,2009.62
8192,16384,8,64,2011.45
8192,16384,8,128,2011.06
8192,16384,8,256,2009.71
8192,16384,8,512,2018.7
8192,16384,8,1024,2020.36
8192,16384,8,2048,2029.15
8192,16384,8,4096,2045.08
8192,16384,8,8192,2078.04
8192,16384,8,16384,2118.75
8192,16384,8,32768,2194.36
8192,16384,8,65536,2341.16
8192,16384,16,16,2014.23
8192,16384,16,32,2013.5
8192,16384,16,64,2012.45
8192,16384,16,128,2015.95
8192,16384,16,256,2016.26
8192,16384,16,512,2019.32
8192,16384,16,1024,2028.24
8192,16384,16,2048,2045.61
8192,16384,16,4096,2076.28
8192,16384,16,8192,2119.32
8192,16384,16,16384,2196.84
8192,16384,16,32768,2343.56
8192,16384,16,65536,2629.23
8192,16384,32,16,2021.08
8192,16384,32,32,2038.61
8192,16384,32,64,2024.01
8192,16384,32,128,2026.44
8192,16384,32,256,2032.33
8192,16384,32,512,2040.42
8192,16384,32,1024,2054.73
8192,16384,32,2048,2077.43
8192,16384,32,4096,2120.91
8192,16384,32,8192,2199.36
8192,16384,32,16384,2348.93
8192,16384,32,32768,2641.8
8192,16384,32,65536,3216.61
8192,16384,64,16,2036.72
8192,16384,64,32,2034.99
8192,16384,64,64,2039.6
8192,16384,64,128,2037.94
8192,16384,64,256,2048.83
8192,16384,64,512,2059.45
8192,16384,64,1024,2084.05
8192,16384,64,2048,2124.12
8192,16384,64,4096,2204.18
8192,16384,64,8192,2347.45
8192,16384,64,16384,2647.57
8192,16384,64,32768,3220.31
8192,16384,64,65536,4389.98
8192,16384,128,16,2050.5
8192,16384,128,32,2053.54
8192,16384,128,64,2050.66
8192,16384,128,128,2054.51
8192,16384,128,256,2067.52
8192,16384,128,512,2090.35
8192,16384,128,1024,2127.79
8192,16384,128,2048,2200.29
8192,16384,128,4096,2346.6
8192,16384,128,8192,2630.22
8192,16384,128,16384,3207.56
8192,16384,128,32768,4343.22
8192,16384,128,65536,6627.68
8192,32768,0,0,3302.61
8192,32768,1,16,3318.85
8192,32768,1,32,3308.06
8192,32768,1,64,3306.12
8192,32768,1,128,3308.27
8192,32768,1,256,3305.8
8192,32768,1,512,3309.79
8192,32768,1,1024,3311.68
8192,32768,1,2048,3316.6
8192,32768,1,4096,3312.88
8192,32768,1,8192,3317.26
8192,32768,1,16384,3324.39
8192,32768,1,32768,3338.83
8192,32768,1,65536,3364.66
8192,32768,2,16,3306.44
8192,32768,2,32,3309.15
8192,32768,2,64,3309.83
8192,32768,2,128,3312.48
8192,32768,2,256,3308.98
8192,32768,2,512,3306.44
8192,32768,2,1024,3312.03
8192,32768,2,2048,3314.02
8192,32768,2,4096,3316.03
8192,32768,2,8192,3322.96
8192,32768,2,16384,3333.73
8192,32768,2,32768,3363.99
8192,32768,2,65536,3416.03
8192,32768,4,16,3307.86
8192,32768,4,32,3306.2
8192,32768,4,64,3308.07
8192,32768,4,128,3317.43
8192,32768,4,256,3314.47
8192,32768,4,512,3313.88
8192,32768,4,1024,3313.77
8192,32768,4,2048,3315.2
8192,32768,4,4096,3324.81
8192,32768,4,8192,3336.55
8192,32768,4,16384,3367.7
8192,32768,4,32768,3414.59
8192,32768,4,65536,3502.75
8192,32768,8,16,3313.69
8192,32768,8,32,3311.48
8192,32768,8,64,3312.05
8192,32768,8,128,3313.78
8192,32768,8,256,3310.67
8192,32768,8,512,3313.67
8192,32768,8,1024,3318.07
8192,32768,8,2048,3327.88
8192,32768,8,4096,3338.42
8192,32768,8,8192,3372.1
8192,32768,8,16384,3418.34
8192,32768,8,32768,3494.89
8192,32768,8,65536,3649.47
8192,32768,16,16,3317.29
8192,32768,16,32,3312.12
8192,32768,16,64,3313.49
8192,32768,16,128,3314.16
8192,32768,16,256,3317.99
8192,32768,16,512,3319.75
8192,32768,16,1024,3325.02
8192,32768,16,2048,3342.47
8192,32768,16,4096,3371.89
8192,32768,16,8192,3415.87
8192,32768,16,16384,3500.34
8192,32768,16,32768,3652.94
8192,32768,16,65536,3942.05
8192,32768,32,16,3324.11
8192,32768,32,32,3318.31
8192,32768,32,64,3321.97
8192,32768,32,128,3317.5
8192,32768,32,256,3323.27
8192,32768,32,512,3331.2
8192,32768,32,1024,3343.13
8192,32768,32,2048,3374.21
8192,32768,32,4096,3421.04
8192,32768,32,8192,3507.23
8192,32768,32,16384,3663.39
8192,32768,32,32768,3957.48
8192,32768,32,65536,4531.66
8192,32768,64,16,3332.44
8192,32768,64,32,3332.72
8192,32768,64,64,3336.31
8192,32768,64,128,3335.39
8192,32768,64,256,3348.99
8192,32768,64,512,3361.01
8192,32768,64,1024,3383.94
8192,32768,64,2048,3424.28
8192,32768,64,4096,3506.53
8192,32768,64,8192,3665.15
8192,32768,64,16384,3958.99
8192,32768,64,32768,4538.87
8192,32768,64,65536,5703.82
8192,32768,128,16,3355.35
8192,32768,128,32,3349.77
8192,32768,128,64,3360.66
8192,32768,128,128,3352.06
8192,32768,128,256,3365.69
8192,32768,128,512,3397.86
8192,32768,128,1024,3430.53
8192,32768,128,2048,3509.09
8192,32768,128,4096,3651.88
8192,32768,128,8192,3950.45
8192,32768,128,16384,4512.88
8192,32768,128,32768,5659.4
8192,32768,128,65536,7937.53
8192,65536,0,0,5914.67
8192,65536,1,16,5919.22
8192,65536,1,32,5920.32
8192,65536,1,64,5919.92
8192,65536,1,128,5919.94
8192,65536,1,256,5920.34
8192,65536,1,512,5917.38
8192,65536,1,1024,5919.94
8192,65536,1,2048,5919.4
8192,65536,1,4096,5924.33
8192,65536,1,8192,5927.6
8192,65536,1,16384,5929.91
8192,65536,1,32768,5941.05
8192,65536,1,65536,5959.92
8192,65536,2,16,5921.42
8192,65536,2,32,5926.94
8192,65536,2,64,5921.47
8192,65536,2,128,5923.75
8192,65536,2,256,5918.38
8192,65536,2,512,5916.58
8192,65536,2,1024,5919.44
8192,65536,2,2048,5924.76
8192,65536,2,4096,5925.85
8192,65536,2,8192,5931.84
8192,65536,2,16384,5938.83
8192,65536,2,32768,5963.57
8192,65536,2,65536,6011.78
8192,65536,4,16,5918.23
8192,65536,4,32,5915.18
8192,65536,4,64,5918.53
8192,65536,4,128,5920.23
8192,65536,4,256,5917.61
8192,65536,4,512,5915.23
8192,65536,4,1024,5921.62
8192,65536,4,2048,5925.54
8192,65536,4,4096,5926.27
8192,65536,4,8192,5938.32
8192,65536,4,16384,5956.54
8192,65536,4,32768,6009.25
8192,65536,4,65536,6090.27
8192,65536,8,16,5920.78
8192,65536,8,32,5915.99
8192,65536,8,64,5917.77
8192,65536,8,128,5915.03
8192,65536,8,256,5917.81
8192,65536,8,512,5923.55
8192,65536,8,1024,5925.99
8192,65536,8,2048,5925.66
8192,65536,8,4096,5936.81
8192,65536,8,8192,5960.64
8192,65536,8,16384,6009.28
8192,65536,8,32768,6094.26
8192,65536,8,65536,6247.76
8192,65536,16,16,5917.25
8192,65536,16,32,5918.99
8192,65536,16,64,5916.15
8192,65536,16,128,5918.39
8192,65536,16,256,5920.07
8192,65536,16,512,5922.47
8192,65536,16,1024,5932.29
8192,65536,16,2048,5946.48
8192,65536,16,4096,5964.08
8192,65536,16,8192,6012.73
8192,65536,16,16384,6082.44
8192,65536,16,32768,6253.63
8192,65536,16,65536,6536.5
8192,65536,32,16,5924.51
8192,65536,32,32,5920.03
8192,65536,32,64,5921.74
8192,65536,32,128,5914.93
8192,65536,32,256,5929.21
8192,65536,32,512,5930.04
8192,65536,32,1024,5940.29
8192,65536,32,2048,5967.07
8192,65536,32,4096,6016.97
8192,65536,32,8192,6093.15
8192,65536,32,16384,6254.62
8192,65536,32,32768,6544.36
8192,65536,32,65536,7127.74
8192,65536,64,16,5927.7
8192,65536,64,32,5931.12
8192,65536,64,64,5933.22
8192,65536,64,128,5931.15
8192,65536,64,256,5938.43
8192,65536,64,512,5960.27
8192,65536,64,1024,5972.17
8192,65536,64,2048,6017.36
8192,65536,64,4096,6099.68
8192,65536,64,8192,6255.51
8192,65536,64,16384,6549.7
8192,65536,64,32768,7141.12
8192,65536,64,65536,8303.97
8192,65536,128,16,5957.13
8192,65536,128,32,5945.35
8192,65536,128,64,5948.26
8192,65536,128,128,5952.73
8192,65536,128,256,5958.06
8192,65536,128,512,5982.46
8192,65536,128,1024,6020.64
8192,65536,128,2048,6102.75
8192,65536,128,4096,6253.97
8192,65536,128,8192,6548.4
8192,65536,128,16384,7111.59
8192,65536,128,32768,8264.86
8192,65536,128,65536,10553.7
16384,0,0,0,1806.1
16384,0,1,16,1817.28
16384,0,1,32,1813.81
16384,0,1,64,1810.79
16384,0,1,128,1813.31
16384,0,1,256,1813.67
16384,0,1,512,1812.48
16384,0,1,1024,1815.02
16384,0,1,2048,1815.1
16384,0,1,4096,1823.67
16384,0,1,8192,1820.45
16384,0,1,16384,1826.44
16384,0,1,32768,1839.76
16384,0,1,65536,1863.4
16384,0,2,16,1812.25
16384,0,2,32,1810.66
16384,0,2,64,1813.17
16384,0,2,128,1816.86
16384,0,2,256,1812.84
16384,0,2,512,1813.38
16384,0,2,1024,1811.53
16384,0,2,2048,1815.77
16384,0,2,4096,1824.67
16384,0,2,8192,1825.8
16384,0,2,16384,1843.74
16384,0,2,32768,1866.07
16384,0,2,65536,1907.68
16384,0,4,16,1815.5
16384,0,4,32,1814.82
16384,0,4,64,1818.17
16384,0,4,128,1809.52
16384,0,4,256,1810.32
16384,0,4,512,1810.11
16384,0,4,1024,1814.35
16384,0,4,2048,1821.07
16384,0,4,4096,1828.71
16384,0,4,8192,1839.75
16384,0,4,16384,1862.98
16384,0,4,32768,1903.89
16384,0,4,65536,1980.72
16384,0,8,16,1811.62
16384,0,8,32,1810.16
16384,0,8,64,1811.86
16384,0,8,128,1809.4
16384,0,8,256,1810.88
16384,0,8,512,1815.91
16384,0,8,1024,1816.12
16384,0,8,2048,1823.62
16384,0,8,4096,1835.73
16384,0,8,8192,1862.88
16384,0,8,16384,1906.55
16384,0,8,32768,1979.91
16384,0,8,65536,2123.34
16384,0,16,16,1813.42
16384,0,16,32,1810.33
16384,0,16,64,1810.98
16384,0,16,128,1812.49
16384,0,16,256,1820.02
16384,0,16,512,1817.32
16384,0,16,1024,1823.75
16384,0,16,2048,1837.93
16384,0,16,4096,1861.96
16384,0,16,8192,1906.72
16384,0,16,16384,1981.9
16384,0,16,32768,2128.53
16384,0,16,65536,2413.01
16384,0,32,16,1818.4
16384,0,32,32,1819.77
16384,0,32,64,1817.92
16384,0,32,128,1817.12
16384,0,32,256,1821.46
16384,0,32,512,1828.61
16384,0,32,1024,1841.65
16384,0,32,2048,1865.39
16384,0,32,4096,1909.57
16384,0,32,8192,1982.27
16384,0,32,16384,2132.89
16384,0,32,32768,2421.45
16384,0,32,65536,2996.98
16384,0,64,16,1821.86
16384,0,64,32,1821.48
16384,0,64,64,1823.41
16384,0,64,128,1824.19
16384,0,64,256,1833.39
16384,0,64,512,1845.8
16384,0,64,1024,1872.7
16384,0,64,2048,1910.79
16384,0,64,4096,1985.09
16384,0,64,8192,2132.85
16384,0,64,16384,2421.88
16384,0,64,32768,3006.42
16384,0,64,65536,4183.85
16384,0,128,16,1838.47
16384,0,128,32,1839.57
16384,0,128,64,1840.68
16384,0,128,128,1842.13
16384,0,128,256,1854.12
16384,0,128,512,1874.82
16384,0,128,1024,1911.63
16384,0,128,2048,1985.05
16384,0,128,4096,2129.53
16384,0,128,8192,2417.22
16384,0,128,16384,2988.73
16384,0,128,32768,4137.47
16384,0,128,65536,6409.68
16384,16,0,0,1830.32
16384,16,1,16,1842.17
16384,16,1,32,1837.81
16384,16,1,64,1840.12
16384,16,1,128,1838.53
16384,16,1,256,1838.42
16384,16,1,512,1836.54
16384,16,1,1024,1838.94
16384,16,1,2048,1841.67
16384,16,1,4096,1843.1
16384,16,1,8192,1846.03
16384,16,1,16384,1850.67
16384,16,1,32768,1864.19
16384,16,1,65536,1890.07
16384,16,2,16,1836.77
16384,16,2,32,1837.06
16384,16,2,64,1837.78
16384,16,2,128,1837.62
16384,16,2,256,1836.85
16384,16,2,512,1837.93
16384,16,2,1024,1837.44
16384,16,2,2048,1840.25
16384,16,2,4096,1845.07
16384,16,2,8192,1851.27
16384,16,2,16384,1860.54
16384,16,2,32768,1886.01
16384,16,2,65536,1930.87
16384,16,4,16,1837.38
16384,16,4,32,1836.75
16384,16,4,64,1836.27
16384,16,4,128,1841.95
16384,16,4,256,1839.01
16384,16,4,512,1839.16
16384,16,4,1024,1840.04
16384,16,4,2048,1841.79
16384,16,4,4096,1850.59
16384,16,4,8192,1864.2
16384,16,4,16384,1887.94
16384,16,4,32768,1931.19
16384,16,4,65536,2002.78
16384,16,8,16,1837.06
16384,16,8,32,1834.85
16384,16,8,64,1835.47
16384,16,8,128,1838.81
16384,16,8,256,1835.24
16384,16,8,512,1838
16384,16,8,1024,1841.76
16384,16,8,2048,1848.95
16384,16,8,4096,1861.91
16384,16,8,8192,1886.92
16384,16,8,16384,1933.07
16384,16,8,32768,2004.82
16384,16,8,65536,2152.47
16384,16,16,16,1841.91
16384,16,16,32,1836.23
16384,16,16,64,1835.38
16384,16,16,128,1838.4
16384,16,16,256,1839.96
16384,16,16,512,1842.09
16384,16,16,1024,1850.96
16384,16,16,2048,1864.24
16384,16,16,4096,1887.27
16384,16,16,8192,1933.62
16384,16,16,16384,2004.72
16384,16,16,32768,2149.52
16384,16,16,65536,2437.65
16384,16,32,16,1839.69
16384,16,32,32,1838.64
16384,16,32,64,1842.88
16384,16,32,128,1839.11
16384,16,32,256,1846.33
16384,16,32,512,1856.79
16384,16,32,1024,1865.92
16384,16,32,2048,1889.85
16384,16,32,4096,1933.41
16384,16,32,8192,2005.79
16384,16,32,16384,2155.08
16384,16,32,32768,2446.31
16384,16,32,65536,3026.38
16384,16,64,16,1850.15
16384,16,64,32,1845.58
16384,16,64,64,1848.36
16384,16,64,128,1846.63
16384,16,64,256,1856.56
16384,16,64,512,1871.44
16384,16,64,1024,1895.03
16384,16,64,2048,1936.81
16384,16,64,4096,2008.26
16384,16,64,8192,2160.28
16384,16,64,16384,2447.63
16384,16,64,32768,3031.72
16384,16,64,65536,4203
16384,16,128,16,1862.97
16384,16,128,32,1864.55
16384,16,128,64,1865.99
16384,16,128,128,1868.11
16384,16,128,256,1881.92
16384,16,128,512,1900.74
16384,16,128,1024,1937.64
16384,16,128,2048,2008.89
16384,16,128,4096,2151.79
16384,16,128,8192,2445.32
16384,16,128,16384,3010.7
16384,16,128,32768,4155.13
16384,16,128,65536,6438.08
16384,32,0,0,1833.51
16384,32,1,16,1837.97
16384,32,1,32,1837.69
16384,32,1,64,1837.76
16384,32,1,128,1839.95
16384,32,1,256,1837.69
16384,32,1,512,1843.49
16384,32,1,1024,1839.69
16384,32,1,2048,1839.92
16384,32,1,4096,1841.35
16384,32,1,8192,1845.83
16384,32,1,16384,1851.57
16384,32,1,32768,1863.61
16384,32,1,65536,1887.88
16384,32,2,16,1835.57
16384,32,2,32,1842.98
16384,32,2,64,1837.56
16384,32,2,128,1835.61
16384,32,2,256,1839.47
16384,32,2,512,1837.87
16384,32,2,1024,1837.09
16384,32,2,2048,1840.4
16384,32,2,4096,1845.92
16384,32,2,8192,1849.97
16384,32,2,16384,1860.86
16384,32,2,32768,1887.35
16384,32,2,65536,1931.81
16384,32,4,16,1837.88
16384,32,4,32,1836.61
16384,32,4,64,1836.86
16384,32,4,128,1837.74
16384,32,4,256,1836.73
16384,32,4,512,1838.09
16384,32,4,1024,1838.16
16384,32,4,2048,1842.46
16384,32,4,4096,1848.91
16384,32,4,8192,1862.41
16384,32,4,16384,1885.14
16384,32,4,32768,1929.55
16384,32,4,65536,2006.15
16384,32,8,16,1837.35
16384,32,8,32,1836.82
16384,32,8,64,1834.44
16384,32,8,128,1836.75
16384,32,8,256,1836.29
16384,32,8,512,1838.39
16384,32,8,1024,1841.14
16384,32,8,2048,1850.13
16384,32,8,4096,1861.3
16384,32,8,8192,1887.13
16384,32,8,16384,1927.66
16384,32,8,32768,2004.78
16384,32,8,65536,2149.56
16384,32,16,16,1835.2
16384,32,16,32,1836.27
16384,32,16,64,1836.27
16384,32,16,128,1837.51
16384,32,16,256,1840.15
16384,32,16,512,1842.16
16384,32,16,1024,1850.58
16384,32,16,2048,1867.69
16384,32,16,4096,1887.84
16384,32,16,8192,1933.32
16384,32,16,16384,2006.76
16384,32,16,32768,2151.03
16384,32,16,65536,2439.17
16384,32,32,16,1841.41
16384,32,32,32,1840.39
16384,32,32,64,1842.24
16384,32,32,128,1842.99
16384,32,32,256,1845.64
16384,32,32,512,1854.37
16384,32,32,1024,1866.07
16384,32,32,2048,1889.59
16384,32,32,4096,1935.62
16384,32,32,8192,2007.47
16384,32,32,16384,2159.57
16384,32,32,32768,2451.49
16384,32,32,65536,3025.19
16384,32,64,16,1847.43
16384,32,64,32,1848.35
16384,32,64,64,1847.58
16384,32,64,128,1849.11
16384,32,64,256,1859.78
16384,32,64,512,1869.08
16384,32,64,1024,1897.72
16384,32,64,2048,1936.89
16384,32,64,4096,2008.94
16384,32,64,8192,2160.71
16384,32,64,16384,2450.52
16384,32,64,32768,3033.5
16384,32,64,65536,4217.07
16384,32,128,16,1867.31
16384,32,128,32,1864.53
16384,32,128,64,1864.77
16384,32,128,128,1867.61
16384,32,128,256,1882.08
16384,32,128,512,1902.75
16384,32,128,1024,1936.55
16384,32,128,2048,2010.32
16384,32,128,4096,2153.36
16384,32,128,8192,2440.87
16384,32,128,16384,3016.93
16384,32,128,32768,4153.31
16384,32,128,65536,6444.47
16384,64,0,0,1826.9
16384,64,1,16,1836.35
16384,64,1,32,1836.84
16384,64,1,64,1838.59
16384,64,1,128,1837.05
16384,64,1,256,1837.11
16384,64,1,512,1837.53
16384,64,1,1024,1839.82
16384,64,1,2048,1842.52
16384,64,1,4096,1845.43
16384,64,1,8192,1850.79
16384,64,1,16384,1856.97
16384,64,1,32768,1867.83
16384,64,1,65536,1892.15
16384,64,2,16,1837.8
16384,64,2,32,1838.47
16384,64,2,64,1838.03
16384,64,2,128,1838.74
16384,64,2,256,1840.29
16384,64,2,512,1837.78
16384,64,2,1024,1839.75
16384,64,2,2048,1838.94
16384,64,2,4096,1848.86
16384,64,2,8192,1850.55
16384,64,2,16384,1865.84
16384,64,2,32768,1887.85
16384,64,2,65536,1936.87
16384,64,4,16,1836.4
16384,64,4,32,1839.06
16384,64,4,64,1836.57
16384,64,4,128,1835.3
16384,64,4,256,1837.23
16384,64,4,512,1837.25
16384,64,4,1024,1839.59
16384,64,4,2048,1840.66
16384,64,4,4096,1847.91
16384,64,4,8192,1861.94
16384,64,4,16384,1885.72
16384,64,4,32768,1933.9
16384,64,4,65536,2007.92
16384,64,8,16,1840.95
16384,64,8,32,1838.44
16384,64,8,64,1837.38
16384,64,8,128,1837.43
16384,64,8,256,1837.4
16384,64,8,512,1840.53
16384,64,8,1024,1841.78
16384,64,8,2048,1849.22
16384,64,8,4096,1860.29
16384,64,8,8192,1886.56
16384,64,8,16384,1928.94
16384,64,8,32768,2005.62
16384,64,8,65536,2152.6
16384,64,16,16,1840.3
16384,64,16,32,1835.36
16384,64,16,64,1838.04
16384,64,16,128,1837.27
16384,64,16,256,1841.19
16384,64,16,512,1844.4
16384,64,16,1024,1853.54
16384,64,16,2048,1864.13
16384,64,16,4096,1888.42
16384,64,16,8192,1933.24
16384,64,16,16384,2004.75
16384,64,16,32768,2156.34
16384,64,16,65536,2440.71
16384,64,32,16,1843.99
16384,64,32,32,1845.03
16384,64,32,64,1845.08
16384,64,32,128,1844.97
16384,64,32,256,1852.41
16384,64,32,512,1854.17
16384,64,32,1024,1867.01
16384,64,32,2048,1890.46
16384,64,32,4096,1934.99
16384,64,32,8192,2008.42
16384,64,32,16384,2155.46
16384,64,32,32768,2449.74
16384,64,32,65536,3027.7
16384,64,64,16,1854.03
16384,64,64,32,1845.86
16384,64,64,64,1854.59
16384,64,64,128,1847.85
16384,64,64,256,1857.55
16384,64,64,512,1871.01
16384,64,64,1024,1897.39
16384,64,64,2048,1936.87
16384,64,64,4096,2011.36
16384,64,64,8192,2158.27
16384,64,64,16384,2455.2
16384,64,64,32768,3029.9
16384,64,64,65536,4198.56
16384,64,128,16,1864.67
16384,64,128,32,1866.39
16384,64,128,64,1865.54
16384,64,128,128,1866.86
16384,64,128,256,1880.53
16384,64,128,512,1900.5
16384,64,128,1024,1937.27
16384,64,128,2048,2012.98
16384,64,128,4096,2155.19
16384,64,128,8192,2444.34
16384,64,128,16384,3018.33
16384,64,128,32768,4157.64
16384,64,128,65536,6446.2
16384,128,0,0,1827.63
16384,128,1,16,1840.77
16384,128,1,32,1836.8
16384,128,1,64,1839.07
16384,128,1,128,1837.26
16384,128,1,256,1839.93
16384,128,1,512,1835.21
16384,128,1,1024,1837.05
16384,128,1,2048,1843.05
16384,128,1,4096,1840.19
16384,128,1,8192,1845.92
16384,128,1,16384,1852.14
16384,128,1,32768,1862.54
16384,128,1,65536,1886.94
16384,128,2,16,1833.7
16384,128,2,32,1835.96
16384,128,2,64,1835.77
16384,128,2,128,1835.11
16384,128,2,256,1836.97
16384,128,2,512,1835.93
16384,128,2,1024,1837.24
16384,128,2,2048,1840.15
16384,128,2,4096,1845.19
16384,128,2,8192,1850.73
16384,128,2,16384,1864.36
16384,128,2,32768,1892.03
16384,128,2,65536,1933.21
16384,128,4,16,1838.82
16384,128,4,32,1834.6
16384,128,4,64,1837.62
16384,128,4,128,1839.14
16384,128,4,256,1834.65
16384,128,4,512,1835.83
16384,128,4,1024,1842.15
16384,128,4,2048,1838.8
16384,128,4,4096,1848.49
16384,128,4,8192,1864.63
16384,128,4,16384,1889.65
16384,128,4,32768,1931.6
16384,128,4,65536,2004.48
16384,128,8,16,1834.76
16384,128,8,32,1834.21
16384,128,8,64,1833.59
16384,128,8,128,1837.92
16384,128,8,256,1834.26
16384,128,8,512,1840.12
16384,128,8,1024,1838.73
16384,128,8,2048,1845.89
16384,128,8,4096,1861.71
16384,128,8,8192,1883.54
16384,128,8,16384,1931.82
16384,128,8,32768,2005.05
16384,128,8,65536,2151.34
16384,128,16,16,1838.86
16384,128,16,32,1837.06
16384,128,16,64,1832.93
16384,128,16,128,1837.28
16384,128,16,256,1841.12
16384,128,16,512,1843.76
16384,128,16,1024,1851.76
16384,128,16,2048,1860.68
16384,128,16,4096,1884.55
16384,128,16,8192,1929.42
16384,128,16,16384,2006.16
16384,128,16,32768,2149.74
16384,128,16,65536,2434.94
16384,128,32,16,1836.93
16384,128,32,32,1837.62
16384,128,32,64,1836.63
16384,128,32,128,1840.02
16384,128,32,256,1844.76
16384,128,32,512,1851.05
16384,128,32,1024,1866.05
16384,128,32,2048,1886.3
16384,128,32,4096,1931.53
16384,128,32,8192,2007.75
16384,128,32,16384,2156
16384,128,32,32768,2446.61
16384,128,32,65536,3021.95
16384,128,64,16,1845.06
16384,128,64,32,1844.7
16384,128,64,64,1843.55
16384,128,64,128,1847.31
16384,128,64,256,1852.88
16384,128,64,512,1866.8
16384,128,64,1024,1895.48
16384,128,64,2048,1934.21
16384,128,64,4096,2008.66
16384,128,64,8192,2154.13
16384,128,64,16384,2447.53
16384,128,64,32768,3027.66
16384,128,64,65536,4204.21
16384,128,128,16,1862.75
16384,128,128,32,1860.56
16384,128,128,64,1862.52
16384,128,128,128,1865.79
16384,128,128,256,1878.7
16384,128,128,512,1901.12
16384,128,128,1024,1936.59
16384,128,128,2048,2006.78
16384,128,128,4096,2149.78
16384,128,128,8192,2441.27
16384,128,128,16384,3010.37
16384,128,128,32768,4157.34
16384,128,128,65536,6454.74
16384,256,0,0,1850.18
16384,256,1,16,1856.4
16384,256,1,32,1855.63
16384,256,1,64,1856.31
16384,256,1,128,1855.01
16384,256,1,256,1854.7
16384,256,1,512,1855.6
16384,256,1,1024,1856.55
16384,256,1,2048,1857.08
16384,256,1,4096,1860.49
16384,256,1,8192,1862.95
16384,256,1,16384,1870.88
16384,256,1,32768,1880.13
16384,256,1,65536,1905.95
16384,256,2,16,1855.24
16384,256,2,32,1860.27
16384,256,2,64,1858.38
16384,256,2,128,1857.24
16384,256,2,256,1855.27
16384,256,2,512,1855.58
16384,256,2,1024,1855.19
16384,256,2,2048,1859.79
16384,256,2,4096,1864.22
16384,256,2,8192,1870.28
16384,256,2,16384,1881.15
16384,256,2,32768,1904.88
16384,256,2,65536,1951.14
16384,256,4,16,1855.79
16384,256,4,32,1853.01
16384,256,4,64,1852.06
16384,256,4,128,1853.93
16384,256,4,256,1854.39
16384,256,4,512,1857.16
16384,256,4,1024,1857.27
16384,256,4,2048,1860.01
16384,256,4,4096,1866.09
16384,256,4,8192,1877.26
16384,256,4,16384,1902.32
16384,256,4,32768,1950.05
16384,256,4,65536,2025.02
16384,256,8,16,1856.3
16384,256,8,32,1853.96
16384,256,8,64,1854.34
16384,256,8,128,1856.27
16384,256,8,256,1855.91
16384,256,8,512,1858.48
16384,256,8,1024,1862.02
16384,256,8,2048,1869.86
16384,256,8,4096,1882.59
16384,256,8,8192,1905.26
16384,256,8,16384,1948.06
16384,256,8,32768,2023.84
16384,256,8,65536,2170.54
16384,256,16,16,1853.72
16384,256,16,32,1854.71
16384,256,16,64,1856.32
16384,256,16,128,1855.46
16384,256,16,256,1856.64
16384,256,16,512,1864.46
16384,256,16,1024,1866.4
16384,256,16,2048,1885.41
16384,256,16,4096,1906.29
16384,256,16,8192,1951.93
16384,256,16,16384,2025.7
16384,256,16,32768,2174.76
16384,256,16,65536,2459.23
16384,256,32,16,1858.03
16384,256,32,32,1857.98
16384,256,32,64,1856.16
16384,256,32,128,1865.44
16384,256,32,256,1865.18
16384,256,32,512,1870.4
16384,256,32,1024,1884.7
16384,256,32,2048,1906.85
16384,256,32,4096,1952.07
16384,256,32,8192,2028.48
16384,256,32,16384,2181.82
16384,256,32,32768,2472.28
16384,256,32,65536,3050.31
16384,256,64,16,1864.26
16384,256,64,32,1865.24
16384,256,64,64,1863.71
16384,256,64,128,1867.75
16384,256,64,256,1876.93
16384,256,64,512,1891.4
16384,256,64,1024,1917.45
16384,256,64,2048,1956.11
16384,256,64,4096,2029.2
16384,256,64,8192,2181.59
16384,256,64,16384,2473.96
16384,256,64,32768,3055.69
16384,256,64,65536,4229.71
16384,256,128,16,1885.61
16384,256,128,32,1885.68
16384,256,128,64,1884.22
16384,256,128,128,1887.36
16384,256,128,256,1899.46
16384,256,128,512,1920.75
16384,256,128,1024,1956.24
16384,256,128,2048,2032.95
16384,256,128,4096,2175.22
16384,256,128,8192,2464.02
16384,256,128,16384,3041.28
16384,256,128,32768,4183.17
16384,256,128,65536,6458.82
16384,512,0,0,1891.65
16384,512,1,16,1897.89
16384,512,1,32,1899.59
16384,512,1,64,1900.84
16384,512,1,128,1898.91
16384,512,1,256,1898.64
16384,512,1,512,1899.95
16384,512,1,1024,1898.15
16384,512,1,2048,1902.68
16384,512,1,4096,1903.43
16384,512,1,8192,1909.04
16384,512,1,16384,1915.52
16384,512,1,32768,1932.12
16384,512,1,65536,1960.48
16384,512,2,16,1904.81
16384,512,2,32,1900.59
16384,512,2,64,1901.71
16384,512,2,128,1897.82
16384,512,2,256,1898.3
16384,512,2,512,1897.35
16384,512,2,1024,1899.09
16384,512,2,2048,1901.23
16384,512,2,4096,1911.47
16384,512,2,8192,1914.17
16384,512,2,16384,1930.04
16384,512,2,32768,1948.96
16384,512,2,65536,1993.36
16384,512,4,16,1896.66
16384,512,4,32,1895.41
16384,512,4,64,1897.55
16384,512,4,128,1897.05
16384,512,4,256,1897.27
16384,512,4,512,1898.25
16384,512,4,1024,1899.75
16384,512,4,2048,1903.95
16384,512,4,4096,1908.21
16384,512,4,8192,1921.99
16384,512,4,16384,1946
16384,512,4,32768,1989.86
16384,512,4,65536,2066.66
16384,512,8,16,1897.41
16384,512,8,32,1899.28
16384,512,8,64,1896.57
16384,512,8,128,1897.56
16384,512,8,256,1899.08
16384,512,8,512,1902.7
16384,512,8,1024,1901.16
16384,512,8,2048,1907.45
16384,512,8,4096,1922.85
16384,512,8,8192,1945.79
16384,512,8,16384,1989.74
16384,512,8,32768,2068.89
16384,512,8,65536,2212.52
16384,512,16,16,1898.76
16384,512,16,32,1899.61
16384,512,16,64,1898.34
16384,512,16,128,1895.48
16384,512,16,256,1899.93
16384,512,16,512,1910.11
16384,512,16,1024,1911.56
16384,512,16,2048,1923.92
16384,512,16,4096,1949.22
16384,512,16,8192,1992.9
16384,512,16,16384,2067.86
16384,512,16,32768,2217.3
16384,512,16,65536,2501.39
16384,512,32,16,1903.27
16384,512,32,32,1904.25
16384,512,32,64,1903.18
16384,512,32,128,1907.91
16384,512,32,256,1909.51
16384,512,32,512,1915.76
16384,512,32,1024,1927.8
16384,512,32,2048,1950.99
16384,512,32,4096,1994.1
16384,512,32,8192,2071.28
16384,512,32,16384,2224.03
16384,512,32,32768,2509.77
16384,512,32,65536,3092.73
16384,512,64,16,1908.83
16384,512,64,32,1908.65
16384,512,64,64,1908.13
16384,512,64,128,1910.04
16384,512,64,256,1920.35
16384,512,64,512,1932.57
16384,512,64,1024,1956.17
16384,512,64,2048,1997.35
16384,512,64,4096,2073.37
16384,512,64,8192,2219.01
16384,512,64,16384,2516.32
16384,512,64,32768,3102.18
16384,512,64,65536,4255.74
16384,512,128,16,1925.42
16384,512,128,32,1922.72
16384,512,128,64,1925.47
16384,512,128,128,1929.17
16384,512,128,256,1941.68
16384,512,128,512,1961.16
16384,512,128,1024,1999.88
16384,512,128,2048,2074.54
16384,512,128,4096,2218.9
16384,512,128,8192,2502.98
16384,512,128,16384,3080.41
16384,512,128,32768,4227.86
16384,512,128,65536,6501.19
16384,1024,0,0,1970.3
16384,1024,1,16,1989.36
16384,1024,1,32,1982.25
16384,1024,1,64,1982.22
16384,1024,1,128,1984.2
16384,1024,1,256,1982.09
16384,1024,1,512,1981.99
16384,1024,1,1024,1982.02
16384,1024,1,2048,1985.46
16384,1024,1,4096,1986.86
16384,1024,1,8192,1991.53
16384,1024,1,16384,1995.46
16384,1024,1,32768,2008.35
16384,1024,1,65536,2033.46
16384,1024,2,16,1982.28
16384,1024,2,32,1981.37
16384,1024,2,64,1981.92
16384,1024,2,128,1980.85
16384,1024,2,256,1982.6
16384,1024,2,512,1981.21
16384,1024,2,1024,1982.57
16384,1024,2,2048,1986.18
16384,1024,2,4096,1988.83
16384,1024,2,8192,1994.52
16384,1024,2,16384,2006.67
16384,1024,2,32768,2030.24
16384,1024,2,65536,2074.95
16384,1024,4,16,1978.43
16384,1024,4,32,1981.93
16384,1024,4,64,1981.06
16384,1024,4,128,1984.61
16384,1024,4,256,1981.66
16384,1024,4,512,1981.38
16384,1024,4,1024,1984.95
16384,1024,4,2048,1986.99
16384,1024,4,4096,1993.57
16384,1024,4,8192,2006.62
16384,1024,4,16384,2031.6
16384,1024,4,32768,2074.35
16384,1024,4,65536,2148.83
16384,1024,8,16,1979.83
16384,1024,8,32,1979.17
16384,1024,8,64,1987.14
16384,1024,8,128,1986.43
16384,1024,8,256,1982.08
16384,1024,8,512,1988.06
16384,1024,8,1024,1986.19
16384,1024,8,2048,1992.51
16384,1024,8,4096,2007.17
16384,1024,8,8192,2031.14
16384,1024,8,16384,2073.49
16384,1024,8,32768,2151.89
16384,1024,8,65536,2300.07
16384,1024,16,16,1985.42
16384,1024,16,32,1979.81
16384,1024,16,64,1981.9
16384,1024,16,128,1987.2
16384,1024,16,256,1983.81
16384,1024,16,512,1988.59
16384,1024,16,1024,1994.92
16384,1024,16,2048,2008.51
16384,1024,16,4096,2031.82
16384,1024,16,8192,2076.58
16384,1024,16,16384,2152.57
16384,1024,16,32768,2299.02
16384,1024,16,65536,2586.94
16384,1024,32,16,1987.26
16384,1024,32,32,1986.21
16384,1024,32,64,1984.75
16384,1024,32,128,1987.07
16384,1024,32,256,1990.99
16384,1024,32,512,1999.2
16384,1024,32,1024,2010.96
16384,1024,32,2048,2034.15
16384,1024,32,4096,2079.68
16384,1024,32,8192,2154.9
16384,1024,32,16384,2304.3
16384,1024,32,32768,2596.38
16384,1024,32,65536,3177.86
16384,1024,64,16,1994.92
16384,1024,64,32,1991.95
16384,1024,64,64,1993.26
16384,1024,64,128,1994.39
16384,1024,64,256,2005.12
16384,1024,64,512,2016.33
16384,1024,64,1024,2043.52
16384,1024,64,2048,2080.23
16384,1024,64,4096,2157.94
16384,1024,64,8192,2306.11
16384,1024,64,16384,2595.92
16384,1024,64,32768,3177.9
16384,1024,64,65536,4341.42
16384,1024,128,16,2009.12
16384,1024,128,32,2010.09
16384,1024,128,64,2008.45
16384,1024,128,128,2012.62
16384,1024,128,256,2025.66
16384,1024,128,512,2048.79
16384,1024,128,1024,2083.18
16384,1024,128,2048,2158.03
16384,1024,128,4096,2303
16384,1024,128,8192,2590.12
16384,1024,128,16384,3162.31
16384,1024,128,32768,4307.79
16384,1024,128,65536,6584.38
16384,2048,0,0,2145.29
16384,2048,1,16,2149.48
16384,2048,1,32,2151.61
16384,2048,1,64,2149.83
16384,2048,1,128,2150.71
16384,2048,1,256,2151.57
16384,2048,1,512,2150.62
16384,2048,1,1024,2150.91
16384,2048,1,2048,2150.86
16384,2048,1,4096,2155.39
16384,2048,1,8192,2159.27
16384,2048,1,16384,2164.88
16384,2048,1,32768,2177.08
16384,2048,1,65536,2199.97
16384,2048,2,16,2151.08
16384,2048,2,32,2154.11
16384,2048,2,64,2151.37
16384,2048,2,128,2149.71
16384,2048,2,256,2149.15
16384,2048,2,512,2149.61
16384,2048,2,1024,2149.56
16384,2048,2,2048,2153.67
16384,2048,2,4096,2161.49
16384,2048,2,8192,2164.43
16384,2048,2,16384,2176.98
16384,2048,2,32768,2198.31
16384,2048,2,65536,2243.49
16384,2048,4,16,2151.16
16384,2048,4,32,2150.26
16384,2048,4,64,2149.38
16384,2048,4,128,2150.53
16384,2048,4,256,2149.53
16384,2048,4,512,2149.82
16384,2048,4,1024,2152.45
16384,2048,4,2048,2155.07
16384,2048,4,4096,2161.97
16384,2048,4,8192,2173.48
16384,2048,4,16384,2198.25
16384,2048,4,32768,2242.27
16384,2048,4,65536,2321.65
16384,2048,8,16,2149.74
16384,2048,8,32,2149.2
16384,2048,8,64,2148
16384,2048,8,128,2149.4
16384,2048,8,256,2152.43
16384,2048,8,512,2153.42
16384,2048,8,1024,2153.59
16384,2048,8,2048,2161.96
16384,2048,8,4096,2175.28
16384,2048,8,8192,2196.92
16384,2048,8,16384,2242.13
16384,2048,8,32768,2320.56
16384,2048,8,65536,2467.92
16384,2048,16,16,2149.32
16384,2048,16,32,2147.64
16384,2048,16,64,2148.66
16384,2048,16,128,2150.4
16384,2048,16,256,2151.93
16384,2048,16,512,2154.48
16384,2048,16,1024,2162.19
16384,2048,16,2048,2180.38
16384,2048,16,4096,2200.55
16384,2048,16,8192,2243.78
16384,2048,16,16384,2321.23
16384,2048,16,32768,2469.76
16384,2048,16,65536,2758.93
16384,2048,32,16,2156.52
16384,2048,32,32,2152.38
16384,2048,32,64,2153.1
16384,2048,32,128,2152.3
16384,2048,32,256,2159.66
16384,2048,32,512,2166.64
16384,2048,32,1024,2177.82
16384,2048,32,2048,2201.44
16384,2048,32,4096,2246.31
16384,2048,32,8192,2325.12
16384,2048,32,16384,2477.72
16384,2048,32,32768,2771.76
16384,2048,32,65536,3346.08
16384,2048,64,16,2157.59
16384,2048,64,32,2160.81
16384,2048,64,64,2160.79
16384,2048,64,128,2160.92
16384,2048,64,256,2174.79
16384,2048,64,512,2183.28
16384,2048,64,1024,2209.01
16384,2048,64,2048,2250.76
16384,2048,64,4096,2325.72
16384,2048,64,8192,2476.35
16384,2048,64,16384,2772.09
16384,2048,64,32768,3346.15
16384,2048,64,65536,4517.92
16384,2048,128,16,2180.85
16384,2048,128,32,2177.32
16384,2048,128,64,2176.83
16384,2048,128,128,2178.63
16384,2048,128,256,2193.28
16384,2048,128,512,2215.38
16384,2048,128,1024,2253.02
16384,2048,128,2048,2328.17
16384,2048,128,4096,2471.98
16384,2048,128,8192,2762.85
16384,2048,128,16384,3331.4
16384,2048,128,32768,4482.27
16384,2048,128,65536,6756.97
16384,4096,0,0,2483.34
16384,4096,1,16,2488.91
16384,4096,1,32,2487
16384,4096,1,64,2487.67
16384,4096,1,128,2488.45
16384,4096,1,256,2489.54
16384,4096,1,512,2489.67
16384,4096,1,1024,2489.19
16384,4096,1,2048,2490.08
16384,4096,1,4096,2494.42
16384,4096,1,8192,2495.69
16384,4096,1,16384,2502.83
16384,4096,1,32768,2512.53
16384,4096,1,65536,2539.93
16384,4096,2,16,2486.95
16384,4096,2,32,2486.39
16384,4096,2,64,2487.92
16384,4096,2,128,2485.94
16384,4096,2,256,2486.61
16384,4096,2,512,2487.37
16384,4096,2,1024,2489.51
16384,4096,2,2048,2492.83
16384,4096,2,4096,2498.57
16384,4096,2,8192,2500.29
16384,4096,2,16384,2512.51
16384,4096,2,32768,2537.15
16384,4096,2,65536,2577.36
16384,4096,4,16,2486.7
16384,4096,4,32,2488.63
16384,4096,4,64,2484.09
16384,4096,4,128,2488.33
16384,4096,4,256,2485.97
16384,4096,4,512,2489.02
16384,4096,4,1024,2489.42
16384,4096,4,2048,2493.5
16384,4096,4,4096,2498.48
16384,4096,4,8192,2511.15
16384,4096,4,16384,2534.43
16384,4096,4,32768,2575.08
16384,4096,4,65536,2660.66
16384,4096,8,16,2485.18
16384,4096,8,32,2485.57
16384,4096,8,64,2485.94
16384,4096,8,128,2488.07
16384,4096,8,256,2488.02
16384,4096,8,512,2491.81
16384,4096,8,1024,2490.87
16384,4096,8,2048,2498.25
16384,4096,8,4096,2509.51
16384,4096,8,8192,2536.2
16384,4096,8,16384,2576.09
16384,4096,8,32768,2655.45
16384,4096,8,65536,2814.19
16384,4096,16,16,2486.74
16384,4096,16,32,2493.26
16384,4096,16,64,2486.07
16384,4096,16,128,2486.81
16384,4096,16,256,2486.11
16384,4096,16,512,2501.42
16384,4096,16,1024,2503.16
16384,4096,16,2048,2511.48
16384,4096,16,4096,2537.14
16384,4096,16,8192,2582.97
16384,4096,16,16384,2657.34
16384,4096,16,32768,2812.59
16384,4096,16,65536,3100.42
16384,4096,32,16,2491.01
16384,4096,32,32,2493.17
16384,4096,32,64,2489.56
16384,4096,32,128,2491.36
16384,4096,32,256,2498.59
16384,4096,32,512,2502.82
16384,4096,32,1024,2515.86
16384,4096,32,2048,2538.82
16384,4096,32,4096,2580.43
16384,4096,32,8192,2663.91
16384,4096,32,16384,2818.88
16384,4096,32,32768,3113.66
16384,4096,32,65536,3691.99
16384,4096,64,16,2496.68
16384,4096,64,32,2497.57
16384,4096,64,64,2496.85
16384,4096,64,128,2498.55
16384,4096,64,256,2509.87
16384,4096,64,512,2518.97
16384,4096,64,1024,2544.37
16384,4096,64,2048,2586.95
16384,4096,64,4096,2666.52
16384,4096,64,8192,2815.2
16384,4096,64,16384,3111.71
16384,4096,64,32768,3693.8
16384,4096,64,65536,4862.63
16384,4096,128,16,2514.65
16384,4096,128,32,2517.24
16384,4096,128,64,2514.42
16384,4096,128,128,2516.71
16384,4096,128,256,2531.71
16384,4096,128,512,2555.57
16384,4096,128,1024,2588.81
16384,4096,128,2048,2668.48
16384,4096,128,4096,2815.53
16384,4096,128,8192,3104.72
16384,4096,128,16384,3674.06
16384,4096,128,32768,4817.34
16384,4096,128,65536,7104.43
16384,8192,0,0,3149.73
16384,8192,1,16,3167.46
16384,8192,1,32,3161.27
16384,8192,1,64,3163.3
16384,8192,1,128,3162.6
16384,8192,1,256,3163.32
16384,8192,1,512,3162.54
16384,8192,1,1024,3162.71
16384,8192,1,2048,3164.95
16384,8192,1,4096,3166.33
16384,8192,1,8192,3167.77
16384,8192,1,16384,3173.31
16384,8192,1,32768,3186.16
16384,8192,1,65536,3211.18
16384,8192,2,16,3162.21
16384,8192,2,32,3164.82
16384,8192,2,64,3161.5
16384,8192,2,128,3160.34
16384,8192,2,256,3158.98
16384,8192,2,512,3160.62
16384,8192,2,1024,3164.93
16384,8192,2,2048,3168.39
16384,8192,2,4096,3170.26
16384,8192,2,8192,3177.48
16384,8192,2,16384,3187.53
16384,8192,2,32768,3207.93
16384,8192,2,65536,3248.74
16384,8192,4,16,3159.26
16384,8192,4,32,3162.11
16384,8192,4,64,3164.41
16384,8192,4,128,3162.55
16384,8192,4,256,3159.28
16384,8192,4,512,3161.11
16384,8192,4,1024,3165.88
16384,8192,4,2048,3166.64
16384,8192,4,4096,3173.46
16384,8192,4,8192,3184.18
16384,8192,4,16384,3205.23
16384,8192,4,32768,3249.38
16384,8192,4,65536,3332.08
16384,8192,8,16,3160.13
16384,8192,8,32,3160.95
16384,8192,8,64,3159.81
16384,8192,8,128,3161.52
16384,8192,8,256,3160.64
16384,8192,8,512,3164.73
16384,8192,8,1024,3167.8
16384,8192,8,2048,3173.41
16384,8192,8,4096,3180.63
16384,8192,8,8192,3207.56
16384,8192,8,16384,3246.44
16384,8192,8,32768,3331.89
16384,8192,8,65536,3483.46
16384,8192,16,16,3162.3
16384,8192,16,32,3158.89
16384,8192,16,64,3161.97
16384,8192,16,128,3162.55
16384,8192,16,256,3166.18
16384,8192,16,512,3169.46
16384,8192,16,1024,3174.41
16384,8192,16,2048,3192.99
16384,8192,16,4096,3210.54
16384,8192,16,8192,3248.06
16384,8192,16,16384,3328.86
16384,8192,16,32768,3490.62
16384,8192,16,65536,3779.36
16384,8192,32,16,3162.39
16384,8192,32,32,3162.82
16384,8192,32,64,3161.55
16384,8192,32,128,3163.64
16384,8192,32,256,3169.69
16384,8192,32,512,3174.7
16384,8192,32,1024,3186.54
16384,8192,32,2048,3209.86
16384,8192,32,4096,3251.17
16384,8192,32,8192,3334.16
16384,8192,32,16384,3495.6
16384,8192,32,32768,3789.17
16384,8192,32,65536,4371.22
16384,8192,64,16,3171.36
16384,8192,64,32,3169.52
16384,8192,64,64,3170.35
16384,8192,64,128,3171.6
16384,8192,64,256,3182.19
16384,8192,64,512,3192.7
16384,8192,64,1024,3214.4
16384,8192,64,2048,3259.44
16384,8192,64,4096,3341.22
16384,8192,64,8192,3494.23
16384,8192,64,16384,3792.63
16384,8192,64,32768,4377.05
16384,8192,64,65536,5552.87
16384,8192,128,16,3180.93
16384,8192,128,32,3182.07
16384,8192,128,64,3185.2
16384,8192,128,128,3188.65
16384,8192,128,256,3204.55
16384,8192,128,512,3234.5
16384,8192,128,1024,3265.92
16384,8192,128,2048,3347.61
16384,8192,128,4096,3493.32
16384,8192,128,8192,3779.44
16384,8192,128,16384,4357.36
16384,8192,128,32768,5501.6
16384,8192,128,65536,7775.72
16384,16384,0,0,4498.29
16384,16384,1,16,4510.24
16384,16384,1,32,4503.12
16384,16384,1,64,4503.51
16384,16384,1,128,4508.41
16384,16384,1,256,4503
16384,16384,1,512,4504.28
16384,16384,1,1024,4501.86
16384,16384,1,2048,4503.81
16384,16384,1,4096,4505.68
16384,16384,1,8192,4513.61
16384,16384,1,16384,4514.4
16384,16384,1,32768,4527.01
16384,16384,1,65536,4548.71
16384,16384,2,16,4499.5
16384,16384,2,32,4500.18
16384,16384,2,64,4501.3
16384,16384,2,128,4503.91
16384,16384,2,256,4502.97
16384,16384,2,512,4501.62
16384,16384,2,1024,4508.56
16384,16384,2,2048,4508.46
16384,16384,2,4096,4509.67
16384,16384,2,8192,4513.43
16384,16384,2,16384,4524.41
16384,16384,2,32768,4548.1
16384,16384,2,65536,4587.84
16384,16384,4,16,4502.46
16384,16384,4,32,4504.55
16384,16384,4,64,4504.22
16384,16384,4,128,4503.72
16384,16384,4,256,4501.66
16384,16384,4,512,4498.79
16384,16384,4,1024,4504.4
16384,16384,4,2048,4506.91
16384,16384,4,4096,4515.49
16384,16384,4,8192,4523.24
16384,16384,4,16384,4547.51
16384,16384,4,32768,4583.19
16384,16384,4,65536,4668.24
16384,16384,8,16,4497.66
16384,16384,8,32,4499.74
16384,16384,8,64,4502.44
16384,16384,8,128,4501.42
16384,16384,8,256,4505.15
16384,16384,8,512,4505.32
16384,16384,8,1024,4507.16
16384,16384,8,2048,4511.55
16384,16384,8,4096,4521.66
16384,16384,8,8192,4545.57
16384,16384,8,16384,4583
16384,16384,8,32768,4667.29
16384,16384,8,65536,4827.49
16384,16384,16,16,4503.28
16384,16384,16,32,4499.8
16384,16384,16,64,4502.69
16384,16384,16,128,4502.44
16384,16384,16,256,4505.7
16384,16384,16,512,4507.74
16384,16384,16,1024,4514.38
16384,16384,16,2048,4525.92
16384,16384,16,4096,4542.76
16384,16384,16,8192,4582.98
16384,16384,16,16384,4673.38
16384,16384,16,32768,4825.74
16384,16384,16,65536,5127.44
16384,16384,32,16,4501.26
16384,16384,32,32,4502.73
16384,16384,32,64,4503.14
16384,16384,32,128,4506.2
16384,16384,32,256,4510.53
16384,16384,32,512,4513.91
16384,16384,32,1024,4527.48
16384,16384,32,2048,4549.05
16384,16384,32,4096,4589.52
16384,16384,32,8192,4678.95
16384,16384,32,16384,4841.55
16384,16384,32,32768,5129.75
16384,16384,32,65536,5716.95
16384,16384,64,16,4506.77
16384,16384,64,32,4504.86
16384,16384,64,64,4503.95
16384,16384,64,128,4505.23
16384,16384,64,256,4514.62
16384,16384,64,512,4526.46
16384,16384,64,1024,4549.17
16384,16384,64,2048,4591.35
16384,16384,64,4096,4682.11
16384,16384,64,8192,4843.84
16384,16384,64,16384,5144.52
16384,16384,64,32768,5727.75
16384,16384,64,65536,6887.84
16384,16384,128,16,4528.85
16384,16384,128,32,4521.32
16384,16384,128,64,4515.26
16384,16384,128,128,4519.99
16384,16384,128,256,4533.25
16384,16384,128,512,4558.38
16384,16384,128,1024,4601.94
16384,16384,128,2048,4685.71
16384,16384,128,4096,4841.25
16384,16384,128,8192,5129.14
16384,16384,128,16384,5702.02
16384,16384,128,32768,6844.82
16384,16384,128,65536,9123.15
16384,32768,0,0,7177.36
16384,32768,1,16,7190.11
16384,32768,1,32,7191.94
16384,32768,1,64,7200.5
16384,32768,1,128,7196.89
16384,32768,1,256,7196.43
16384,32768,1,512,7188.79
16384,32768,1,1024,7195.62
16384,32768,1,2048,7199.98
16384,32768,1,4096,7204.15
16384,32768,1,8192,7206.1
16384,32768,1,16384,7212.22
16384,32768,1,32768,7222.61
16384,32768,1,65536,7244.52
16384,32768,2,16,7196.03
16384,32768,2,32,7194.16
16384,32768,2,64,7199.36
16384,32768,2,128,7194.69
16384,32768,2,256,7197.71
16384,32768,2,512,7192.48
16384,32768,2,1024,7201.43
16384,32768,2,2048,7195.65
16384,32768,2,4096,7206.27
16384,32768,2,8192,7206.61
16384,32768,2,16384,7216.81
16384,32768,2,32768,7237.62
16384,32768,2,65536,7281.82
16384,32768,4,16,7198
16384,32768,4,32,7197.66
16384,32768,4,64,7309.52
16384,32768,4,128,7279.63
16384,32768,4,256,7198.09
16384,32768,4,512,7192.74
16384,32768,4,1024,7207.56
16384,32768,4,2048,7207.81
16384,32768,4,4096,7245.31
16384,32768,4,8192,7228.22
16384,32768,4,16384,7235.8
16384,32768,4,32768,7277.31
16384,32768,4,65536,7353.7
16384,32768,8,16,7198.3
16384,32768,8,32,7193.29
16384,32768,8,64,7196.52
16384,32768,8,128,7192.96
16384,32768,8,256,7200.46
16384,32768,8,512,7215.61
16384,32768,8,1024,7197.79
16384,32768,8,2048,7203.54
16384,32768,8,4096,7216.6
16384,32768,8,8192,7251.54
16384,32768,8,16384,7281.15
16384,32768,8,32768,7353.84
16384,32768,8,65536,7533.55
16384,32768,16,16,7217.54
16384,32768,16,32,7196.63
16384,32768,16,64,7198.27
16384,32768,16,128,7195.31
16384,32768,16,256,7192.37
16384,32768,16,512,7204.57
16384,32768,16,1024,7206.26
16384,32768,16,2048,7219.75
16384,32768,16,4096,7241.65
16384,32768,16,8192,7277.07
16384,32768,16,16384,7355.38
16384,32768,16,32768,7542.1
16384,32768,16,65536,7832.23
16384,32768,32,16,7195.24
16384,32768,32,32,7195.77
16384,32768,32,64,7189.73
16384,32768,32,128,7196.85
16384,32768,32,256,7202.96
16384,32768,32,512,7210.81
16384,32768,32,1024,7265.46
16384,32768,32,2048,7238.05
16384,32768,32,4096,7274.89
16384,32768,32,8192,7367.95
16384,32768,32,16384,7539.64
16384,32768,32,32768,7842.16
16384,32768,32,65536,8419.51
16384,32768,64,16,7213.39
16384,32768,64,32,7199.62
16384,32768,64,64,7222.21
16384,32768,64,128,7197.98
16384,32768,64,256,7211.84
16384,32768,64,512,7222.24
16384,32768,64,1024,7238.05
16384,32768,64,2048,7275.38
16384,32768,64,4096,7365.21
16384,32768,64,8192,7547.49
16384,32768,64,16384,7849.54
16384,32768,64,32768,8440.77
16384,32768,64,65536,9597.96
16384,32768,128,16,7204.02
16384,32768,128,32,7211.01
16384,32768,128,64,7254.77
16384,32768,128,128,7208.28
16384,32768,128,256,7221.45
16384,32768,128,512,7242.42
16384,32768,128,1024,7286.31
16384,32768,128,2048,7375.01
16384,32768,128,4096,7542.89
16384,32768,128,8192,7829.31
16384,32768,128,16384,8404.99
16384,32768,128,32768,9546.99
16384,32768,128,65536,11819.8
16384,65536,0,0,12428.4
16384,65536,1,16,12637.9
16384,65536,1,32,12407.1
16384,65536,1,64,12410.2
16384,65536,1,128,12560.8
16384,65536,1,256,12411.9
16384,65536,1,512,12650.6
16384,65536,1,1024,12421.8
16384,65536,1,2048,12548.2
16384,65536,1,4096,12811.3
16384,65536,1,8192,12551.9
16384,65536,1,16384,12623.3
16384,65536,1,32768,12435.7
16384,65536,1,65536,12687.3
16384,65536,2,16,12411.9
16384,65536,2,32,12674.9
16384,65536,2,64,12712.5
16384,65536,2,128,12643.3
16384,65536,2,256,12738.8
16384,65536,2,512,12782.4
16384,65536,2,1024,12688.3
16384,65536,2,2048,12629.8
16384,65536,2,4096,12426.4
16384,65536,2,8192,12429.4
16384,65536,2,16384,12429.3
16384,65536,2,32768,12696.6
16384,65536,2,65536,12490.8
16384,65536,4,16,12618.5
16384,65536,4,32,12533.8
16384,65536,4,64,12706
16384,65536,4,128,12575.9
16384,65536,4,256,12770.5
16384,65536,4,512,12448.9
16384,65536,4,1024,12410.3
16384,65536,4,2048,12653.7
16384,65536,4,4096,12660.2
16384,65536,4,8192,12769.5
16384,65536,4,16384,12450.5
16384,65536,4,32768,12582.8
16384,65536,4,65536,12790.2
16384,65536,8,16,12677.1
16384,65536,8,32,12484.2
16384,65536,8,64,12640.9
16384,65536,8,128,12689.6
16384,65536,8,256,12410.7
16384,65536,8,512,12729.3
16384,65536,8,1024,12413.8
16384,65536,8,2048,12596.7
16384,65536,8,4096,12435.8
16384,65536,8,8192,12688.2
16384,65536,8,16384,12492.8
16384,65536,8,32768,12561.1
16384,65536,8,65536,12719.9
16384,65536,16,16,12413.1
16384,65536,16,32,12677.4
16384,65536,16,64,12436.9
16384,65536,16,128,12442.1
16384,65536,16,256,12438.3
16384,65536,16,512,12759.2
16384,65536,16,1024,12539.4
16384,65536,16,2048,12439.5
16384,65536,16,4096,12707.7
16384,65536,16,8192,12605.1
16384,65536,16,16384,12560.5
16384,65536,16,32768,12874.8
16384,65536,16,65536,13040.1
16384,65536,32,16,12622.9
16384,65536,32,32,12602.6
16384,65536,32,64,12617.5
16384,65536,32,128,12656.7
16384,65536,32,256,12607.9
16384,65536,32,512,12421.8
16384,65536,32,1024,12746.4
16384,65536,32,2048,12811.5
16384,65536,32,4096,12573.3
16384,65536,32,8192,12555.9
16384,65536,32,16384,12723.8
16384,65536,32,32768,13052.2
16384,65536,32,65536,13634
16384,65536,64,16,12482.5
16384,65536,64,32,12641.8
16384,65536,64,64,12646.2
16384,65536,64,128,12419.1
16384,65536,64,256,12678.9
16384,65536,64,512,12629
16384,65536,64,1024,12545.9
16384,65536,64,2048,12495.5
16384,65536,64,4096,12733.4
16384,65536,64,8192,12784.7
16384,65536,64,16384,13049.4
16384,65536,64,32768,13645.4
16384,65536,64,65536,14819.4
16384,65536,128,16,12677.5
16384,65536,128,32,12514.1
16384,65536,128,64,12515.6
16384,65536,128,128,12671.4
16384,65536,128,256,12506.1
16384,65536,128,512,12497.1
16384,65536,128,1024,12853.4
16384,65536,128,2048,12598.7
16384,65536,128,4096,12732.8
16384,65536,128,8192,13038.7
16384,65536,128,16384,13614
16384,65536,128,32768,14755.6
16384,65536,128,65536,17040.9
