prefill_chunk,kv_prefill,n_decode,kv_decode,time_us
0,0,1,16,7.958
0,0,1,32,7.94667
0,0,1,64,8.10633
0,0,1,128,11.6157
0,0,1,256,11.947
0,0,1,512,12.416
0,0,1,1024,13.226
0,0,1,2048,14.9543
0,0,1,4096,22.6037
0,0,1,8192,28.0113
0,0,1,16384,36.5763
0,0,1,32768,68.043
0,0,1,65536,198.412
0,0,2,16,14.1963
0,0,2,32,14.2393
0,0,2,64,14.176
0,0,2,128,16.7147
0,0,2,256,17.1743
0,0,2,512,18.5497
0,0,2,1024,21.7077
0,0,2,2048,29.1733
0,0,2,4096,40.1283
0,0,2,8192,63.573
0,0,2,16384,106.283
0,0,2,32768,194.902
0,0,2,65536,378.061
0,0,4,16,14.4967
0,0,4,32,14.6023
0,0,4,64,14.7737
0,0,4,128,17.0337
0,0,4,256,18.0487
0,0,4,512,21.0463
0,0,4,1024,28.373
0,0,4,2048,39.4457
0,0,4,4096,60.757
0,0,4,8192,105.121
0,0,4,16384,193.068
0,0,4,32768,373.954
0,0,4,65536,725.091
0,0,8,16,14.464
0,0,8,32,14.709
0,0,8,64,15.1043
0,0,8,128,18.5063
0,0,8,256,22.1757
0,0,8,512,27.595
0,0,8,1024,38.5603
0,0,8,2048,61.6113
0,0,8,4096,105.099
0,0,8,8192,192.044
0,0,8,16384,370.359
0,0,8,32768,720.172
0,0,8,65536,1425.84
0,0,16,16,14.72
0,0,16,32,14.9017
0,0,16,64,16.5013
0,0,16,128,22.3463
0,0,16,256,28.5653
0,0,16,512,38.9443
0,0,16,1024,60.907
0,0,16,2048,105.483
0,0,16,4096,199.169
0,0,16,8192,374.635
0,0,16,16384,724.344
0,0,16,32768,1429.6
0,0,16,65536,2828.2
0,0,32,16,19.2973
0,0,32,32,19.7013
0,0,32,64,21.3657
0,0,32,128,27.9577
0,0,32,256,38.9973
0,0,32,512,62.4747
0,0,32,1024,107.265
0,0,32,2048,200.737
0,0,32,4096,379.234
0,0,32,8192,737.134
0,0,32,16384,1436.63
0,0,32,32768,2827.69
0,0,32,65536,5623.17
0,0,64,16,23.5847
0,0,64,32,24.864
0,0,64,64,27.7653
0,0,64,128,39.424
0,0,64,256,61.11
0,0,64,512,107.404
0,0,64,1024,199.404
0,0,64,2048,379.254
0,0,64,4096,726.147
0,0,64,8192,1442.19
0,0,64,16384,2843.4
0,0,64,32768,5617.12
0,0,64,65536,11197.4
0,0,128,16,38.2933
0,0,128,32,38.976
0,0,128,64,41.9413
0,0,128,128,63.253
0,0,128,256,113.238
0,0,128,512,208.449
0,0,128,1024,384.684
0,0,128,2048,741.698
0,0,128,4096,1439.55
0,0,128,8192,2843.36
0,0,128,16384,5646.64
0,0,128,32768,11214.4
0,0,128,65536,22355.6
0,0,256,16,66.528
0,0,256,32,68.768
0,0,256,64,74.0057
0,0,256,128,119.648
0,0,256,256,217.366
0,0,256,512,397.899
0,0,256,1024,754.53
0,0,256,2048,1450.92
0,0,256,4096,2856.76
0,0,256,8192,5661.56
0,0,256,16384,11245.6
0,0,256,32768,22384.4
0,0,256,65536,44649.2
16,0,0,0,9.07767
16,0,1,16,9.22667
16,0,1,32,9.056
16,0,1,64,9.14133
16,0,1,128,11.1147
16,0,1,256,14.0373
16,0,1,512,19.6163
16,0,1,1024,30.7627
16,0,1,2048,53.6
16,0,1,4096,99.1893
16,0,1,8192,190.027
16,0,1,16384,372.374
16,0,1,32768,735.116
16,0,1,65536,1464.31
16,0,2,16,13.0773
16,0,2,32,13.088
16,0,2,64,13.1413
16,0,2,128,15.926
16,0,2,256,18.8167
16,0,2,512,24.2987
16,0,2,1024,35.3067
16,0,2,2048,57.3227
16,0,2,4096,101.515
16,0,2,8192,194.017
16,0,2,16384,376.257
16,0,2,32768,742.41
16,0,2,65536,1479.29
16,0,4,16,13.2587
16,0,4,32,13.3337
16,0,4,64,13.493
16,0,4,128,18.304
16,0,4,256,24
16,0,4,512,35.1147
16,0,4,1024,58.048
16,0,4,2048,103.712
16,0,4,4096,193.195
16,0,4,8192,372.874
16,0,4,16384,744.748
16,0,4,32768,1484.7
16,0,4,65536,2950.99
16,0,8,16,21.1843
16,0,8,32,21.1193
16,0,8,64,21.5787
16,0,8,128,29.1847
16,0,8,256,37.8237
16,0,8,512,54.3467
16,0,8,1024,88.15
16,0,8,2048,154.453
16,0,8,4096,286.027
16,0,8,8192,556.225
16,0,8,16384,1107.05
16,0,8,32768,2188.96
16,0,8,65536,4363.31
16,0,16,16,29.952
16,0,16,32,30.3257
16,0,16,64,30.933
16,0,16,128,46.24
16,0,16,256,63.8297
16,0,16,512,97.5473
16,0,16,1024,165.067
16,0,16,2048,295.841
16,0,16,4096,559.446
16,0,16,8192,1090.71
16,0,16,16384,2168.09
16,0,16,32768,4321.53
16,0,16,65536,8665.18
16,0,32,16,54.293
16,0,32,32,54.8053
16,0,32,64,56.4693
16,0,32,128,86.027
16,0,32,256,118.742
16,0,32,512,179.893
16,0,32,1024,300.406
16,0,32,2048,541.036
16,0,32,4096,1029.5
16,0,32,8192,2059.04
16,0,32,16384,4061.37
16,0,32,32768,8158.58
16,0,32,65536,16656.6
16,0,64,16,99.1787
16,0,64,32,100.288
16,0,64,64,102.987
16,0,64,128,160.31
16,0,64,256,223.904
16,0,64,512,345.579
16,0,64,1024,592.662
16,0,64,2048,1070.86
16,0,64,4096,2378.32
16,0,64,8192,4939.6
16,0,64,16384,9944.14
16,0,64,32768,28507.6
16,0,64,65536,57162
16,0,128,16,185.088
16,0,128,32,187.712
16,0,128,64,193.632
16,0,128,128,312.885
16,0,128,256,448.864
16,0,128,512,723.723
16,0,128,1024,1255.44
16,0,128,2048,2570.54
16,0,128,4096,8106.12
16,0,128,8192,17847.1
16,0,128,16384,43045
16,0,128,32768,88114.9
16,0,128,65536,172258
16,16,0,0,9.312
16,16,1,16,9.44033
16,16,1,32,9.33333
16,16,1,64,9.41867
16,16,1,128,11.115
16,16,1,256,13.8663
16,16,1,512,19.3917
16,16,1,1024,30.6347
16,16,1,2048,53.3547
16,16,1,4096,99.0503
16,16,1,8192,188.811
16,16,1,16384,371.126
16,16,1,32768,729.28
16,16,1,65536,1453.41
16,16,2,16,13.2053
16,16,2,32,13.3227
16,16,2,64,13.44
16,16,2,128,16.0643
16,16,2,256,18.837
16,16,2,512,24.3413
16,16,2,1024,35.5093
16,16,2,2048,56.9923
16,16,2,4096,101.312
16,16,2,8192,192.363
16,16,2,16384,374.016
16,16,2,32768,736.705
16,16,2,65536,1464.43
16,16,4,16,13.6423
16,16,4,32,13.6533
16,16,4,64,13.952
16,16,4,128,17.9627
16,16,4,256,24.128
16,16,4,512,35.2
16,16,4,1024,57.9733
16,16,4,2048,103.179
16,16,4,4096,192.416
16,16,4,8192,370.56
16,16,4,16384,738.549
16,16,4,32768,1469.14
16,16,4,65536,2930.35
16,16,8,16,21.4187
16,16,8,32,21.6107
16,16,8,64,22.1013
16,16,8,128,29.056
16,16,8,256,37.5677
16,16,8,512,54.752
16,16,8,1024,88.075
16,16,8,2048,154.347
16,16,8,4096,286.358
16,16,8,8192,553.824
16,16,8,16384,1100.84
16,16,8,32768,2181.06
16,16,8,65536,4330.16
16,16,16,16,29.952
16,16,16,32,30.464
16,16,16,64,31.2537
16,16,16,128,46.4213
16,16,16,256,63.392
16,16,16,512,97.2907
16,16,16,1024,163.787
16,16,16,2048,294.784
16,16,16,4096,557.547
16,16,16,8192,1090.11
16,16,16,16384,2166.81
16,16,16,32768,4313.01
16,16,16,65536,8661.35
16,16,32,16,54.1553
16,16,32,32,55.029
16,16,32,64,56.4053
16,16,32,128,85.5473
16,16,32,256,118.656
16,16,32,512,179.434
16,16,32,1024,299.968
16,16,32,2048,543.296
16,16,32,4096,1024.15
16,16,32,8192,2052.38
16,16,32,16384,4068.03
16,16,32,32768,8176.98
16,16,32,65536,16585.6
16,16,64,16,99.0187
16,16,64,32,100.438
16,16,64,64,103.232
16,16,64,128,160.309
16,16,64,256,224.203
16,16,64,512,346.518
16,16,64,1024,593.376
16,16,64,2048,1073.81
16,16,64,4096,2375.72
16,16,64,8192,4939.05
16,16,64,16384,9951.54
16,16,64,32768,33389.3
16,16,64,65536,51321.8
16,16,128,16,186.25
16,16,128,32,187.466
16,16,128,64,194.539
16,16,128,128,312.64
16,16,128,256,448.319
16,16,128,512,722.666
16,16,128,1024,1251.41
16,16,128,2048,2573.23
16,16,128,4096,8109.03
16,16,128,8192,16570.2
16,16,128,16384,43024.7
16,16,128,32768,88343.3
16,16,128,65536,172452
16,32,0,0,9.37567
16,32,1,16,9.41867
16,32,1,32,9.44
16,32,1,64,9.568
16,32,1,128,11.2003
16,32,1,256,13.824
16,32,1,512,19.392
16,32,1,1024,30.7093
16,32,1,2048,53.632
16,32,1,4096,98.8053
16,32,1,8192,189.163
16,32,1,16384,371.04
16,32,1,32768,731.191
16,32,1,65536,1457.53
16,32,2,16,13.333
16,32,2,32,13.3433
16,32,2,64,13.7917
16,32,2,128,16.117
16,32,2,256,18.8697
16,32,2,512,24.512
16,32,2,1024,35.488
16,32,2,2048,57.1407
16,32,2,4096,101.12
16,32,2,8192,192.448
16,32,2,16384,374.102
16,32,2,32768,738.164
16,32,2,65536,1468.86
16,32,4,16,13.664
16,32,4,32,13.7067
16,32,4,64,13.952
16,32,4,128,17.9307
16,32,4,256,23.9147
16,32,4,512,35.221
16,32,4,1024,58.0587
16,32,4,2048,103.488
16,32,4,4096,192.896
16,32,4,8192,368.011
16,32,4,16384,740.735
16,32,4,32768,1468.9
16,32,4,65536,2943.54
16,32,8,16,21.195
16,32,8,32,21.7273
16,32,8,64,21.9413
16,32,8,128,29.0877
16,32,8,256,37.867
16,32,8,512,54.624
16,32,8,1024,88.4797
16,32,8,2048,153.823
16,32,8,4096,285.994
16,32,8,8192,552.063
16,32,8,16384,1107.18
16,32,8,32768,2186.4
16,32,8,65536,4335.75
16,32,16,16,29.9737
16,32,16,32,30.4747
16,32,16,64,31.36
16,32,16,128,46.1657
16,32,16,256,63.509
16,32,16,512,97.2477
16,32,16,1024,164.139
16,32,16,2048,295.35
16,32,16,4096,557.035
16,32,16,8192,1090.77
16,32,16,16384,2170.4
16,32,16,32768,4299.7
16,32,16,65536,8656.99
16,32,32,16,54.1967
16,32,32,32,54.784
16,32,32,64,56.416
16,32,32,128,85.8243
16,32,32,256,118.667
16,32,32,512,179.883
16,32,32,1024,300.619
16,32,32,2048,542.207
16,32,32,4096,1024.51
16,32,32,8192,2054.74
16,32,32,16384,4063.17
16,32,32,32768,8138.53
16,32,32,65536,16776.5
16,32,64,16,98.6553
16,32,64,32,100.096
16,32,64,64,102.763
16,32,64,128,160.384
16,32,64,256,224.149
16,32,64,512,346.325
16,32,64,1024,589.995
16,32,64,2048,1074.02
16,32,64,4096,2375.82
16,32,64,8192,4935.33
16,32,64,16384,9981.08
16,32,64,32768,37669.9
16,32,64,65536,56174.5
16,32,128,16,185.493
16,32,128,32,188.64
16,32,128,64,193.728
16,32,128,128,312.522
16,32,128,256,451.52
16,32,128,512,726.015
16,32,128,1024,1252.24
16,32,128,2048,2574.13
16,32,128,4096,8103.18
16,32,128,8192,16314.7
16,32,128,16384,42977.6
16,32,128,32768,87989.4
16,32,128,65536,172367
16,64,0,0,9.48267
16,64,1,16,9.429
16,64,1,32,9.42967
16,64,1,64,9.55767
16,64,1,128,11.1467
16,64,1,256,13.7387
16,64,1,512,19.36
16,64,1,1024,30.8483
16,64,1,2048,53.2263
16,64,1,4096,98.6243
16,64,1,8192,189.302
16,64,1,16384,370.123
16,64,1,32768,730.612
16,64,1,65536,1448.05
16,64,2,16,13.3227
16,64,2,32,13.4827
16,64,2,64,13.6427
16,64,2,128,16.33
16,64,2,256,18.848
16,64,2,512,24.341
16,64,2,1024,35.648
16,64,2,2048,57.301
16,64,2,4096,101.067
16,64,2,8192,192.533
16,64,2,16384,377.568
16,64,2,32768,738.016
16,64,2,65536,1467.07
16,64,4,16,13.6427
16,64,4,32,13.6853
16,64,4,64,13.9947
16,64,4,128,17.9517
16,64,4,256,24.1387
16,64,4,512,35.5307
16,64,4,1024,58.1443
16,64,4,2048,103.2
16,64,4,4096,192.971
16,64,4,8192,370.527
16,64,4,16384,740.415
16,64,4,32768,1479.08
16,64,4,65536,2936.02
16,64,8,16,21.5037
16,64,8,32,21.7813
16,64,8,64,22.3467
16,64,8,128,29.067
16,64,8,256,37.5893
16,64,8,512,54.2823
16,64,8,1024,88.0107
16,64,8,2048,154.027
16,64,8,4096,285.995
16,64,8,8192,551.958
16,64,8,16384,1101.42
16,64,8,32768,2171.53
16,64,8,65536,4337.41
16,64,16,16,30.24
16,64,16,32,30.6133
16,64,16,64,31.2853
16,64,16,128,46.293
16,64,16,256,63.8297
16,64,16,512,97.6853
16,64,16,1024,163.915
16,64,16,2048,295.466
16,64,16,4096,558.229
16,64,16,8192,1091.84
16,64,16,16384,2175.27
16,64,16,32768,4296.1
16,64,16,65536,8617.76
16,64,32,16,54.2933
16,64,32,32,54.9763
16,64,32,64,56.3733
16,64,32,128,85.621
16,64,32,256,118.475
16,64,32,512,180.053
16,64,32,1024,301.664
16,64,32,2048,543.401
16,64,32,4096,1023.3
16,64,32,8192,2057.8
16,64,32,16384,4073.51
16,64,32,32768,8151.47
16,64,32,65536,16572.6
16,64,64,16,98.902
16,64,64,32,100.33
16,64,64,64,103.21
16,64,64,128,160.426
16,64,64,256,223.691
16,64,64,512,346.485
16,64,64,1024,591.946
16,64,64,2048,1071.38
16,64,64,4096,2383.28
16,64,64,8192,4938.6
16,64,64,16384,9899.26
16,64,64,32768,31888.8
16,64,64,65536,52150.7
16,64,128,16,186.347
16,64,128,32,186.869
16,64,128,64,194.933
16,64,128,128,311.402
16,64,128,256,450.325
16,64,128,512,724.213
16,64,128,1024,1254.22
16,64,128,2048,2564.66
16,64,128,4096,8112.92
16,64,128,8192,16488.4
16,64,128,16384,43252.3
16,64,128,32768,87860.9
16,64,128,65536,171934
16,128,0,0,12.1387
16,128,1,16,11.2427
16,128,1,32,11.2853
16,128,1,64,11.264
16,128,1,128,12.032
16,128,1,256,13.8887
16,128,1,512,19.3707
16,128,1,1024,30.9227
16,128,1,2048,53.6327
16,128,1,4096,98.9227
16,128,1,8192,189.014
16,128,1,16384,370.879
16,128,1,32768,730.783
16,128,1,65536,1450.52
16,128,2,16,15.8293
16,128,2,32,15.9573
16,128,2,64,16.2453
16,128,2,128,18.6773
16,128,2,256,21.5573
16,128,2,512,27.488
16,128,2,1024,38.1867
16,128,2,2048,60.0423
16,128,2,4096,103.616
16,128,2,8192,192.319
16,128,2,16384,376.618
16,128,2,32768,737.728
16,128,2,65536,1468.21
16,128,4,16,16.16
16,128,4,32,16.2887
16,128,4,64,16.6613
16,128,4,128,18.997
16,128,4,256,24.043
16,128,4,512,34.9547
16,128,4,1024,58.112
16,128,4,2048,102.954
16,128,4,4096,192.64
16,128,4,8192,368.725
16,128,4,16384,739.892
16,128,4,32768,1474.97
16,128,4,65536,2921.45
16,128,8,16,23.9677
16,128,8,32,24.2027
16,128,8,64,24.416
16,128,8,128,32.2563
16,128,8,256,40.1813
16,128,8,512,57.0247
16,128,8,1024,90.869
16,128,8,2048,156.575
16,128,8,4096,286.144
16,128,8,8192,551.732
16,128,8,16384,1107.21
16,128,8,32768,2180.42
16,128,8,65536,4338.15
16,128,16,16,32.96
16,128,16,32,33.248
16,128,16,64,33.8557
16,128,16,128,46.9877
16,128,16,256,63.445
16,128,16,512,97.44
16,128,16,1024,164.128
16,128,16,2048,296.308
16,128,16,4096,557.471
16,128,16,8192,1094.21
16,128,16,16384,2178.29
16,128,16,32768,4289.66
16,128,16,65536,8670.09
16,128,32,16,56.768
16,128,32,32,57.2903
16,128,32,64,58.5603
16,128,32,128,87.7863
16,128,32,256,119.882
16,128,32,512,182.698
16,128,32,1024,304.191
16,128,32,2048,544.276
16,128,32,4096,1027.19
16,128,32,8192,2047.17
16,128,32,16384,4060.98
16,128,32,32768,8166.34
16,128,32,65536,16659.1
16,128,64,16,100.651
16,128,64,32,101.333
16,128,64,64,104.171
16,128,64,128,161.824
16,128,64,256,224.864
16,128,64,512,348.768
16,128,64,1024,594.091
16,128,64,2048,1073.92
16,128,64,4096,2386.84
16,128,64,8192,4938.36
16,128,64,16384,9941.3
16,128,64,32768,32814.5
16,128,64,65536,50328.9
16,128,128,16,187.392
16,128,128,32,189.034
16,128,128,64,194.463
16,128,128,128,314.389
16,128,128,256,451.701
16,128,128,512,725.279
16,128,128,1024,1258.06
16,128,128,2048,2574.81
16,128,128,4096,8110.15
16,128,128,8192,16571.9
16,128,128,16384,42929.3
16,128,128,32768,87808.8
16,128,128,65536,171963
16,256,0,0,14.88
16,256,1,16,13.9303
16,256,1,32,13.9417
16,256,1,64,13.9303
16,256,1,128,13.9847
16,256,1,256,14.72
16,256,1,512,19.392
16,256,1,1024,30.6027
16,256,1,2048,53.4933
16,256,1,4096,99.0077
16,256,1,8192,188.651
16,256,1,16384,370.367
16,256,1,32768,733.568
16,256,1,65536,1449.33
16,256,2,16,18.8157
16,256,2,32,18.8693
16,256,2,64,18.8907
16,256,2,128,21.376
16,256,2,256,24.4057
16,256,2,512,30.3467
16,256,2,1024,41.4293
16,256,2,2048,63.328
16,256,2,4096,107.296
16,256,2,8192,194.251
16,256,2,16384,377.237
16,256,2,32768,739.03
16,256,2,65536,1469.07
16,256,4,16,18.9333
16,256,4,32,19.008
16,256,4,64,19.232
16,256,4,128,21.792
16,256,4,256,24.8853
16,256,4,512,35.264
16,256,4,1024,57.9517
16,256,4,2048,103.36
16,256,4,4096,192.949
16,256,4,8192,371.306
16,256,4,16384,739.797
16,256,4,32768,1474.54
16,256,4,65536,2934.48
16,256,8,16,27.072
16,256,8,32,27.4563
16,256,8,64,27.6267
16,256,8,128,34.869
16,256,8,256,43.872
16,256,8,512,59.9147
16,256,8,1024,93.9307
16,256,8,2048,159.894
16,256,8,4096,289.067
16,256,8,8192,552.276
16,256,8,16384,1104.53
16,256,8,32768,2179.02
16,256,8,65536,4343.42
16,256,16,16,36.5973
16,256,16,32,36.6293
16,256,16,64,37.2263
16,256,16,128,50.1233
16,256,16,256,64.4587
16,256,16,512,97.494
16,256,16,1024,164.075
16,256,16,2048,295.979
16,256,16,4096,558.111
16,256,16,8192,1093.62
16,256,16,16384,2169.35
16,256,16,32768,4294.17
16,256,16,65536,8657.34
16,256,32,16,59.9573
16,256,32,32,60.8743
16,256,32,64,62.2933
16,256,32,128,89.8137
16,256,32,256,121.6
16,256,32,512,184.523
16,256,32,1024,306.762
16,256,32,2048,548.223
16,256,32,4096,1027.57
16,256,32,8192,2051.2
16,256,32,16384,4051.88
16,256,32,32768,8153.97
16,256,32,65536,16543.7
16,256,64,16,104.139
16,256,64,32,105.525
16,256,64,64,108.426
16,256,64,128,163.392
16,256,64,256,227.05
16,256,64,512,349.461
16,256,64,1024,595.935
16,256,64,2048,1074.15
16,256,64,4096,2368.85
16,256,64,8192,4943.05
16,256,64,16384,9924.8
16,256,64,32768,27387.4
16,256,64,65536,46910.8
16,256,128,16,190.24
16,256,128,32,192.383
16,256,128,64,198.645
16,256,128,128,313.792
16,256,128,256,452.65
16,256,128,512,727.05
16,256,128,1024,1254.84
16,256,128,2048,2588.95
16,256,128,4096,8108.19
16,256,128,8192,16375.5
16,256,128,16384,43070.9
16,256,128,32768,88303.3
16,256,128,65536,171417
16,512,0,0,20.3097
16,512,1,16,19.5417
16,512,1,32,19.584
16,512,1,64,19.5093
16,512,1,128,19.4237
16,512,1,256,19.5407
16,512,1,512,20.2137
16,512,1,1024,30.5923
16,512,1,2048,53.515
16,512,1,4096,98.9447
16,512,1,8192,189.269
16,512,1,16384,369.781
16,512,1,32768,727.753
16,512,1,65536,1453.07
16,512,2,16,24.0737
16,512,2,32,24.0537
16,512,2,64,24.192
16,512,2,128,26.9123
16,512,2,256,29.9843
16,512,2,512,35.1993
16,512,2,1024,46.7627
16,512,2,2048,69.3433
16,512,2,4096,112.619
16,512,2,8192,198.635
16,512,2,16384,376.352
16,512,2,32768,736.97
16,512,2,65536,1463.62
16,512,4,16,24.2773
16,512,4,32,24.416
16,512,4,64,24.5757
16,512,4,128,27.1257
16,512,4,256,30.3147
16,512,4,512,36.1813
16,512,4,1024,58.6137
16,512,4,2048,103.712
16,512,4,4096,193.792
16,512,4,8192,369.781
16,512,4,16384,737.024
16,512,4,32768,1470.6
16,512,4,65536,2926.58
16,512,8,16,32.352
16,512,8,32,32.682
16,512,8,64,32.9387
16,512,8,128,40.3413
16,512,8,256,48.768
16,512,8,512,65.7177
16,512,8,1024,99.5413
16,512,8,2048,165.675
16,512,8,4096,293.077
16,512,8,8192,554.794
16,512,8,16384,1100.73
16,512,8,32768,2189.8
16,512,8,65536,4344.38
16,512,16,16,44.3623
16,512,16,32,44.7463
16,512,16,64,45.632
16,512,16,128,56.48
16,512,16,256,70.7413
16,512,16,512,98.2923
16,512,16,1024,164.725
16,512,16,2048,296.714
16,512,16,4096,558.954
16,512,16,8192,1095.34
16,512,16,16384,2179.22
16,512,16,32768,4318.51
16,512,16,65536,8610.4
16,512,32,16,65.9733
16,512,32,32,66.88
16,512,32,64,68.2237
16,512,32,128,96.405
16,512,32,256,127.274
16,512,32,512,186.656
16,512,32,1024,313.418
16,512,32,2048,553.963
16,512,32,4096,1035.8
16,512,32,8192,2062.72
16,512,32,16384,4058.29
16,512,32,32768,8157.97
16,512,32,65536,16644.2
16,512,64,16,110.325
16,512,64,32,111.488
16,512,64,64,114.624
16,512,64,128,169.899
16,512,64,256,229.941
16,512,64,512,351.584
16,512,64,1024,600
16,512,64,2048,1082.82
16,512,64,4096,2381.63
16,512,64,8192,4940.15
16,512,64,16384,9931.09
16,512,64,32768,30868.5
16,512,64,65536,46326.6
16,512,128,16,197.664
16,512,128,32,199.381
16,512,128,64,204.917
16,512,128,128,319.658
16,512,128,256,454.879
16,512,128,512,726.261
16,512,128,1024,1257.9
16,512,128,2048,2560.09
16,512,128,4096,8112.73
16,512,128,8192,16823
16,512,128,16384,43073.5
16,512,128,32768,88073
16,512,128,65536,172672
16,1024,0,0,31.637
16,1024,1,16,30.6773
16,1024,1,32,30.7943
16,1024,1,64,30.8587
16,1024,1,128,30.7517
16,1024,1,256,30.8697
16,1024,1,512,30.976
16,1024,1,1024,31.6373
16,1024,1,2048,53.8773
16,1024,1,4096,99.0823
16,1024,1,8192,189.824
16,1024,1,16384,371.445
16,1024,1,32768,728
16,1024,1,65536,1453.62
16,1024,2,16,34.848
16,1024,2,32,34.805
16,1024,2,64,34.9013
16,1024,2,128,37.7173
16,1024,2,256,40.683
16,1024,2,512,46.1653
16,1024,2,1024,58.208
16,1024,2,2048,80.4907
16,1024,2,4096,123.861
16,1024,2,8192,210.837
16,1024,2,16384,379.904
16,1024,2,32768,741.534
16,1024,2,65536,1467.18
16,1024,4,16,35.136
16,1024,4,32,35.04
16,1024,4,64,35.2853
16,1024,4,128,38.6243
16,1024,4,256,41.024
16,1024,4,512,47.2743
16,1024,4,1024,59.2967
16,1024,4,2048,103.701
16,1024,4,4096,193.834
16,1024,4,8192,370.784
16,1024,4,16384,738.474
16,1024,4,32768,1480.38
16,1024,4,65536,2918.91
16,1024,8,16,43.2423
16,1024,8,32,43.509
16,1024,8,64,43.872
16,1024,8,128,51.296
16,1024,8,256,60.2567
16,1024,8,512,76.203
16,1024,8,1024,109.568
16,1024,8,2048,175.947
16,1024,8,4096,304.384
16,1024,8,8192,564.192
16,1024,8,16384,1103.8
16,1024,8,32768,2187.92
16,1024,8,65536,4349.45
16,1024,16,16,55.7333
16,1024,16,32,56.3307
16,1024,16,64,56.9707
16,1024,16,128,72.2347
16,1024,16,256,87.2747
16,1024,16,512,110.133
16,1024,16,1024,165.888
16,1024,16,2048,296.352
16,1024,16,4096,558.048
16,1024,16,8192,1093.48
16,1024,16,16384,2174.82
16,1024,16,32768,4315.5
16,1024,16,65536,8638.26
16,1024,32,16,80.2027
16,1024,32,32,80.9273
16,1024,32,64,82.4427
16,1024,32,128,108.715
16,1024,32,256,139.296
16,1024,32,512,198.069
16,1024,32,1024,317.707
16,1024,32,2048,564.513
16,1024,32,4096,1047.43
16,1024,32,8192,2058.76
16,1024,32,16384,4055.03
16,1024,32,32768,8153.91
16,1024,32,65536,16701.4
16,1024,64,16,124.683
16,1024,64,32,125.344
16,1024,64,64,129.163
16,1024,64,128,183.861
16,1024,64,256,244.021
16,1024,64,512,361.227
16,1024,64,1024,605.813
16,1024,64,2048,1090.39
16,1024,64,4096,2366.59
16,1024,64,8192,4953.55
16,1024,64,16384,9951.12
16,1024,64,32768,29782.1
16,1024,64,65536,48739.5
16,1024,128,16,211.147
16,1024,128,32,214.016
16,1024,128,64,218.795
16,1024,128,128,333.611
16,1024,128,256,466.635
16,1024,128,512,731.915
16,1024,128,1024,1257.05
16,1024,128,2048,2562.55
16,1024,128,4096,8125.29
16,1024,128,8192,16557.6
16,1024,128,16384,43018.5
16,1024,128,32768,87744.4
16,1024,128,65536,173494
16,2048,0,0,54.3147
16,2048,1,16,53.6847
16,2048,1,32,53.685
16,2048,1,64,53.632
16,2048,1,128,53.5897
16,2048,1,256,53.664
16,2048,1,512,53.8133
16,2048,1,1024,53.8243
16,2048,1,2048,54.6457
16,2048,1,4096,99.5843
16,2048,1,8192,189.75
16,2048,1,16384,371.553
16,2048,1,32768,732.01
16,2048,1,65536,1457.15
16,2048,2,16,55.882
16,2048,2,32,56.384
16,2048,2,64,56.4157
16,2048,2,128,58.8267
16,2048,2,256,62.325
16,2048,2,512,68.0643
16,2048,2,1024,79.8717
16,2048,2,2048,103.264
16,2048,2,4096,147.019
16,2048,2,8192,233.237
16,2048,2,16384,408.192
16,2048,2,32768,744.116
16,2048,2,65536,1467.79
16,2048,4,16,57.174
16,2048,4,32,56.971
16,2048,4,64,57.1417
16,2048,4,128,59.8297
16,2048,4,256,63.2107
16,2048,4,512,69.194
16,2048,4,1024,81.3653
16,2048,4,2048,105.174
16,2048,4,4096,193.652
16,2048,4,8192,370.421
16,2048,4,16384,734.753
16,2048,4,32768,1467.07
16,2048,4,65536,2927.4
16,2048,8,16,64.7037
16,2048,8,32,65.056
16,2048,8,64,65.504
16,2048,8,128,72.7363
16,2048,8,256,81.8773
16,2048,8,512,98.5177
16,2048,8,1024,130.432
16,2048,8,2048,196.64
16,2048,8,4096,326.357
16,2048,8,8192,588.704
16,2048,8,16384,1110.41
16,2048,8,32768,2174.89
16,2048,8,65536,4336.73
16,2048,16,16,77.1837
16,2048,16,32,77.3133
16,2048,16,64,78.6447
16,2048,16,128,94.965
16,2048,16,256,111.456
16,2048,16,512,143.605
16,2048,16,1024,188.62
16,2048,16,2048,298.304
16,2048,16,4096,559.531
16,2048,16,8192,1088.91
16,2048,16,16384,2177.92
16,2048,16,32768,4316.22
16,2048,16,65536,8638.75
16,2048,32,16,104.64
16,2048,32,32,106.56
16,2048,32,64,107.552
16,2048,32,128,135.637
16,2048,32,256,168.031
16,2048,32,512,222.614
16,2048,32,1024,339.851
16,2048,32,2048,578.922
16,2048,32,4096,1068.9
16,2048,32,8192,2086.31
16,2048,32,16384,4084.26
16,2048,32,32768,8181.56
16,2048,32,65536,17190.9
16,2048,64,16,151.435
16,2048,64,32,152.724
16,2048,64,64,155.883
16,2048,64,128,211.947
16,2048,64,256,273.109
16,2048,64,512,388.427
16,2048,64,1024,624.801
16,2048,64,2048,1106.27
16,2048,64,4096,2366.31
16,2048,64,8192,4958.58
16,2048,64,16384,10027.1
16,2048,64,32768,34337.7
16,2048,64,65536,50087
16,2048,128,16,237.739
16,2048,128,32,241.067
16,2048,128,64,246.134
16,2048,128,128,360.192
16,2048,128,256,492.448
16,2048,128,512,752.384
16,2048,128,1024,1260.74
16,2048,128,2048,2572.01
16,2048,128,4096,8207.07
16,2048,128,8192,18123.3
16,2048,128,16384,43119.7
16,2048,128,32768,88120.9
16,2048,128,65536,172641
16,4096,0,0,99.093
16,4096,1,16,98.9653
16,4096,1,32,99.1683
16,4096,1,64,99.0507
16,4096,1,128,98.3353
16,4096,1,256,99.051
16,4096,1,512,99.2533
16,4096,1,1024,99.296
16,4096,1,2048,99.5733
16,4096,1,4096,100.491
16,4096,1,8192,190.144
16,4096,1,16384,371.957
16,4096,1,32768,732.269
16,4096,1,65536,1460.92
16,4096,2,16,99.4773
16,4096,2,32,98.9543
16,4096,2,64,99.1893
16,4096,2,128,101.184
16,4096,2,256,105.035
16,4096,2,512,109.749
16,4096,2,1024,122.347
16,4096,2,2048,145.825
16,4096,2,4096,192.427
16,4096,2,8192,281.376
16,4096,2,16384,451.01
16,4096,2,32768,795.243
16,4096,2,65536,1484.43
16,4096,4,16,99.9253
16,4096,4,32,100.459
16,4096,4,64,100.779
16,4096,4,128,103.253
16,4096,4,256,106.934
16,4096,4,512,112.821
16,4096,4,1024,124.843
16,4096,4,2048,148.469
16,4096,4,4096,194.731
16,4096,4,8192,371.723
16,4096,4,16384,726.944
16,4096,4,32768,1473.53
16,4096,4,65536,2922.64
16,4096,8,16,107.605
16,4096,8,32,107.936
16,4096,8,64,109.131
16,4096,8,128,116.117
16,4096,8,256,124.864
16,4096,8,512,141.408
16,4096,8,1024,175.04
16,4096,8,2048,239.669
16,4096,8,4096,368.224
16,4096,8,8192,627.158
16,4096,8,16384,1155.74
16,4096,8,32768,2191.7
16,4096,8,65536,4342.01
16,4096,16,16,119.872
16,4096,16,32,120.917
16,4096,16,64,121.195
16,4096,16,128,137.451
16,4096,16,256,154.773
16,4096,16,512,187.275
16,4096,16,1024,252.821
16,4096,16,2048,340.896
16,4096,16,4096,561.942
16,4096,16,8192,1087.49
16,4096,16,16384,2185.58
16,4096,16,32768,4313.89
16,4096,16,65536,8740.92
16,4096,32,16,148.544
16,4096,32,32,148.736
16,4096,32,64,150.208
16,4096,32,128,184.512
16,4096,32,256,213.291
16,4096,32,512,277.888
16,4096,32,1024,388.001
16,4096,32,2048,624.587
16,4096,32,4096,1099.36
16,4096,32,8192,2214.74
16,4096,32,16384,4671.64
16,4096,32,32768,9973.84
16,4096,32,65536,19457.5
16,4096,64,16,200.042
16,4096,64,32,199.509
16,4096,64,64,205.877
16,4096,64,128,263.232
16,4096,64,256,323.828
16,4096,64,512,442.282
16,4096,64,1024,676.17
16,4096,64,2048,1147.28
16,4096,64,4096,2523.46
16,4096,64,8192,5301.13
16,4096,64,16384,13866.1
16,4096,64,32768,31775.4
16,4096,64,65536,56556.5
16,4096,128,16,290.944
16,4096,128,32,295.018
16,4096,128,64,296.17
16,4096,128,128,411.861
16,4096,128,256,542.389
16,4096,128,512,805.503
16,4096,128,1024,1321.6
16,4096,128,2048,2598.9
16,4096,128,4096,8122.56
16,4096,128,8192,21039.2
16,4096,128,16384,43378.7
16,4096,128,32768,87814.5
16,4096,128,65536,173456
16,8192,0,0,190.752
16,8192,1,16,188.842
16,8192,1,32,189.13
16,8192,1,64,189.494
16,8192,1,128,188.523
16,8192,1,256,189.366
16,8192,1,512,189.184
16,8192,1,1024,189.856
16,8192,1,2048,189.675
16,8192,1,4096,189.973
16,8192,1,8192,190.634
16,8192,1,16384,372.202
16,8192,1,32768,732.597
16,8192,1,65536,1453.71
16,8192,2,16,189.28
16,8192,2,32,189.163
16,8192,2,64,189.067
16,8192,2,128,189.012
16,8192,2,256,188.491
16,8192,2,512,195.243
16,8192,2,1024,205.611
16,8192,2,2048,231.221
16,8192,2,4096,278.335
16,8192,2,8192,369.654
16,8192,2,16384,540.405
16,8192,2,32768,885.918
16,8192,2,65536,1572.85
16,8192,4,16,188.832
16,8192,4,32,189.301
16,8192,4,64,189.184
16,8192,4,128,189.205
16,8192,4,256,192.362
16,8192,4,512,198.144
16,8192,4,1024,210.688
16,8192,4,2048,234.474
16,8192,4,4096,281.546
16,8192,4,8192,372.778
16,8192,4,16384,727.69
16,8192,4,32768,1461.95
16,8192,4,65536,2934.28
16,8192,8,16,194.304
16,8192,8,32,194.293
16,8192,8,64,194.709
16,8192,8,128,201.834
16,8192,8,256,209.76
16,8192,8,512,226.987
16,8192,8,1024,261.184
16,8192,8,2048,327.477
16,8192,8,4096,454.954
16,8192,8,8192,717.364
16,8192,8,16384,1254.68
16,8192,8,32768,2293.14
16,8192,8,65536,4444.28
16,8192,16,16,206.037
16,8192,16,32,206.475
16,8192,16,64,207.68
16,8192,16,128,222.772
16,8192,16,256,240.149
16,8192,16,512,273.216
16,8192,16,1024,339.861
16,8192,16,2048,467.638
16,8192,16,4096,649.461
16,8192,16,8192,1105.01
16,8192,16,16384,2187
16,8192,16,32768,4374.18
16,8192,16,65536,8840.51
16,8192,32,16,232.832
16,8192,32,32,233.835
16,8192,32,64,235.659
16,8192,32,128,269.29
16,8192,32,256,306.613
16,8192,32,512,377.076
16,8192,32,1024,493.248
16,8192,32,2048,717.716
16,8192,32,4096,1186
16,8192,32,8192,2228.76
16,8192,32,16384,4645.31
16,8192,32,32768,14350.9
16,8192,32,65536,24346.1
16,8192,64,16,286.069
16,8192,64,32,288.469
16,8192,64,64,292.202
16,8192,64,128,357.632
16,8192,64,256,425.94
16,8192,64,512,550.421
16,8192,64,1024,783.211
16,8192,64,2048,1245.53
16,8192,64,4096,2595.11
16,8192,64,8192,5220.24
16,8192,64,16384,12804
16,8192,64,32768,34300.9
16,8192,64,65536,63111.8
16,8192,128,16,387.178
16,8192,128,32,391.157
16,8192,128,64,398.698
16,8192,128,128,516.971
16,8192,128,256,647.434
16,8192,128,512,904.371
16,8192,128,1024,1421.42
16,8192,128,2048,2780.26
16,8192,128,4096,8310.85
16,8192,128,8192,16419.8
16,8192,128,16384,43598.6
16,8192,128,32768,88377.8
16,8192,128,65536,173711
16,16384,0,0,371.605
16,16384,1,16,371.327
16,16384,1,32,370.506
16,16384,1,64,370.411
16,16384,1,128,369.984
16,16384,1,256,368.02
16,16384,1,512,369.589
16,16384,1,1024,369.835
16,16384,1,2048,370.41
16,16384,1,4096,370.463
16,16384,1,8192,371.872
16,16384,1,16384,372.949
16,16384,1,32768,728.319
16,16384,1,65536,1459
16,16384,2,16,368.971
16,16384,2,32,370.315
16,16384,2,64,369.973
16,16384,2,128,370.784
16,16384,2,256,370.602
16,16384,2,512,369.258
16,16384,2,1024,376.5
16,16384,2,2048,399.168
16,16384,2,4096,447.008
16,16384,2,8192,539.22
16,16384,2,16384,729.577
16,16384,2,32768,1095.94
16,16384,2,65536,1828.81
16,16384,4,16,370.837
16,16384,4,32,368.095
16,16384,4,64,370.837
16,16384,4,128,369.365
16,16384,4,256,369.706
16,16384,4,512,370.506
16,16384,4,1024,380.225
16,16384,4,2048,405.226
16,16384,4,4096,449.877
16,16384,4,8192,545.012
16,16384,4,16384,747.306
16,16384,4,32768,1451.02
16,16384,4,65536,2926.98
16,16384,8,16,370.986
16,16384,8,32,370.208
16,16384,8,64,368.234
16,16384,8,128,373.472
16,16384,8,256,382.239
16,16384,8,512,395.979
16,16384,8,1024,428.32
16,16384,8,2048,494.858
16,16384,8,4096,629.396
16,16384,8,8192,887.7
16,16384,8,16384,1441.94
16,16384,8,32768,2517.19
16,16384,8,65536,4712.68
16,16384,16,16,380.075
16,16384,16,32,379.349
16,16384,16,64,382.058
16,16384,16,128,394.058
16,16384,16,256,412.426
16,16384,16,512,443.711
16,16384,16,1024,508.512
16,16384,16,2048,640.511
16,16384,16,4096,896.426
16,16384,16,8192,1278.88
16,16384,16,16384,2179.45
16,16384,16,32768,4361.81
16,16384,16,65536,8963.65
16,16384,32,16,402.912
16,16384,32,32,405.109
16,16384,32,64,404.405
16,16384,32,128,441.003
16,16384,32,256,475.445
16,16384,32,512,542.954
16,16384,32,1024,688.661
16,16384,32,2048,929.6
16,16384,32,4096,1374.35
16,16384,32,8192,2398.14
16,16384,32,16384,4442.52
16,16384,32,32768,11866
16,16384,32,65536,23695.6
16,16384,64,16,455.967
16,16384,64,32,459.615
16,16384,64,64,460.842
16,16384,64,128,529.108
16,16384,64,256,599.999
16,16384,64,512,745.077
16,16384,64,1024,979.827
16,16384,64,2048,1460.61
16,16384,64,4096,2855.4
16,16384,64,8192,5360.1
16,16384,64,16384,10476.5
16,16384,64,32768,34636.7
16,16384,64,65536,64661.5
16,16384,128,16,562.037
16,16384,128,32,565.812
16,16384,128,64,565.322
16,16384,128,128,708.074
16,16384,128,256,851.049
16,16384,128,512,1122.9
16,16384,128,1024,1652.59
16,16384,128,2048,3025.44
16,16384,128,4096,8753.98
16,16384,128,8192,16760.7
16,16384,128,16384,43520.7
16,16384,128,32768,88776.9
16,16384,128,65536,173193
16,32768,0,0,732.626
16,32768,1,16,727.242
16,32768,1,32,729.417
16,32768,1,64,729.556
16,32768,1,128,731.36
16,32768,1,256,727.466
16,32768,1,512,724.766
16,32768,1,1024,729.973
16,32768,1,2048,729.856
16,32768,1,4096,732.298
16,32768,1,8192,728.126
16,32768,1,16384,731.796
16,32768,1,32768,734.132
16,32768,1,65536,1456.52
16,32768,2,16,728.766
16,32768,2,32,728.022
16,32768,2,64,729.162
16,32768,2,128,733.695
16,32768,2,256,731.807
16,32768,2,512,725.228
16,32768,2,1024,733.524
16,32768,2,2048,735.06
16,32768,2,4096,779.188
16,32768,2,8192,878.058
16,32768,2,16384,1062.68
16,32768,2,32768,1467.31
16,32768,2,65536,2190.71
16,32768,4,16,730.783
16,32768,4,32,729.95
16,32768,4,64,732.64
16,32768,4,128,734.057
16,32768,4,256,727.125
16,32768,4,512,731.56
16,32768,4,1024,733.205
16,32768,4,2048,743.904
16,32768,4,4096,791.721
16,32768,4,8192,889.739
16,32768,4,16384,1101.06
16,32768,4,32768,1471.5
16,32768,4,65536,2868.4
16,32768,8,16,725.269
16,32768,8,32,729.14
16,32768,8,64,733.523
16,32768,8,128,731.177
16,32768,8,256,731.892
16,32768,8,512,735.135
16,32768,8,1024,773.695
16,32768,8,2048,831.657
16,32768,8,4096,964.234
16,32768,8,8192,1239.09
16,32768,8,16384,1770.35
16,32768,8,32768,2864.65
16,32768,8,65536,5068.26
16,32768,16,16,732.863
16,32768,16,32,731.243
16,32768,16,64,733.343
16,32768,16,128,737.556
16,32768,16,256,755.274
16,32768,16,512,783.796
16,32768,16,1024,854.282
16,32768,16,2048,980.094
16,32768,16,4096,1248.81
16,32768,16,8192,1783.6
16,32768,16,16384,2535.01
16,32768,16,32768,4333.01
16,32768,16,65536,8975.21
16,32768,32,16,747.178
16,32768,32,32,747.881
16,32768,32,64,749.908
16,32768,32,128,775.988
16,32768,32,256,816.394
16,32768,32,512,884.563
16,32768,32,1024,1025.52
16,32768,32,2048,1307.32
16,32768,32,4096,1785.53
16,32768,32,8192,2760.82
16,32768,32,16384,4770.54
16,32768,32,32768,8903.97
16,32768,32,65536,25848.9
16,32768,64,16,794.793
16,32768,64,32,800.767
16,32768,64,64,804.851
16,32768,64,128,872.478
16,32768,64,256,934.89
16,32768,64,512,1083.83
16,32768,64,1024,1366.34
16,32768,64,2048,1881.79
16,32768,64,4096,3092.74
16,32768,64,8192,5931.2
16,32768,64,16384,10847.6
16,32768,64,32768,34259.6
16,32768,64,65536,65946.4
16,32768,128,16,900.682
16,32768,128,32,905.344
16,32768,128,64,907.764
16,32768,128,128,1046.23
16,32768,128,256,1205.17
16,32768,128,512,1517.14
16,32768,128,1024,2060.41
16,32768,128,2048,3474.15
16,32768,128,4096,9495.88
16,32768,128,8192,21760.6
16,32768,128,16384,44230.8
16,32768,128,32768,88543.7
16,32768,128,65536,174062
16,65536,0,0,1451.41
16,65536,1,16,1455.37
16,65536,1,32,1444.42
16,65536,1,64,1452.16
16,65536,1,128,1456.64
16,65536,1,256,1448.19
16,65536,1,512,1448.1
16,65536,1,1024,1452.7
16,65536,1,2048,1450.51
16,65536,1,4096,1445.39
16,65536,1,8192,1453.37
16,65536,1,16384,1449.26
16,65536,1,32768,1451.79
16,65536,1,65536,1461.51
16,65536,2,16,1450.92
16,65536,2,32,1448.85
16,65536,2,64,1454.05
16,65536,2,128,1462.57
16,65536,2,256,1449.54
16,65536,2,512,1459.22
16,65536,2,1024,1457.99
16,65536,2,2048,1454.42
16,65536,2,4096,1461.11
16,65536,2,8192,1543.08
16,65536,2,16384,1746.61
16,65536,2,32768,2174.21
16,65536,2,65536,2933.17
16,65536,4,16,1454.38
16,65536,4,32,1455.56
16,65536,4,64,1450.78
16,65536,4,128,1458.11
16,65536,4,256,1457.66
16,65536,4,512,1450.92
16,65536,4,1024,1459.77
16,65536,4,2048,1457.84
16,65536,4,4096,1478.39
16,65536,4,8192,1563.87
16,65536,4,16384,1790.54
16,65536,4,32768,2207.67
16,65536,4,65536,2944.74
16,65536,8,16,1452.42
16,65536,8,32,1453.95
16,65536,8,64,1451.57
16,65536,8,128,1460.97
16,65536,8,256,1451.85
16,65536,8,512,1460.03
16,65536,8,1024,1458.12
16,65536,8,2048,1500.92
16,65536,8,4096,1636.56
16,65536,8,8192,1915.46
16,65536,8,16384,2467.34
16,65536,8,32768,3544.59
16,65536,8,65536,5690.21
16,65536,16,16,1460.12
16,65536,16,32,1460.25
16,65536,16,64,1458.9
16,65536,16,128,1461.74
16,65536,16,256,1460.4
16,65536,16,512,1477.15
16,65536,16,1024,1545.44
16,65536,16,2048,1666.49
16,65536,16,4096,1905.05
16,65536,16,8192,2479.26
16,65536,16,16384,3527.44
16,65536,16,32768,5006.78
16,65536,16,65536,8708.19
16,65536,32,16,1464.7
16,65536,32,32,1456.29
16,65536,32,64,1458.15
16,65536,32,128,1462.7
16,65536,32,256,1496.53
16,65536,32,512,1568.61
16,65536,32,1024,1705.24
16,65536,32,2048,1983.72
16,65536,32,4096,2541.77
16,65536,32,8192,3664.05
16,65536,32,16384,5494.08
16,65536,32,32768,9580.27
16,65536,32,65536,18222
16,65536,64,16,1485.72
16,65536,64,32,1484.55
16,65536,64,64,1478.65
16,65536,64,128,1552
16,65536,64,256,1621.13
16,65536,64,512,1763.83
16,65536,64,1024,2048.41
16,65536,64,2048,2622.41
16,65536,64,4096,4123.32
16,65536,64,8192,6563.72
16,65536,64,16384,14088.3
16,65536,64,32768,36715.7
16,65536,64,65536,50110
16,65536,128,16,1577.83
16,65536,128,32,1580.07
16,65536,128,64,1580.67
16,65536,128,128,1719.41
16,65536,128,256,1887.56
16,65536,128,512,2193.44
16,65536,128,1024,2803.04
16,65536,128,2048,4684.86
16,65536,128,4096,11029.7
16,65536,128,8192,22867.8
16,65536,128,16384,45634.1
16,65536,128,32768,89647.8
16,65536,128,65536,173799
32,0,0,0,9.35467
32,0,1,16,9.27933
32,0,1,32,9.16233
32,0,1,64,9.194
32,0,1,128,11.1253
32,0,1,256,13.7917
32,0,1,512,19.488
32,0,1,1024,30.8697
32,0,1,2048,53.7173
32,0,1,4096,98.7303
32,0,1,8192,189.653
32,0,1,16384,367.978
32,0,1,32768,730.101
32,0,1,65536,1465.6
32,0,2,16,13.088
32,0,2,32,13.2693
32,0,2,64,13.3223
32,0,2,128,15.9897
32,0,2,256,18.9333
32,0,2,512,24.342
32,0,2,1024,35.349
32,0,2,2048,57.6103
32,0,2,4096,101.216
32,0,2,8192,193.461
32,0,2,16384,377.312
32,0,2,32768,741.023
32,0,2,65536,1471.78
32,0,4,16,13.461
32,0,4,32,13.482
32,0,4,64,13.7067
32,0,4,128,18.1647
32,0,4,256,24.3307
32,0,4,512,35.264
32,0,4,1024,58.3897
32,0,4,2048,104.16
32,0,4,4096,194.719
32,0,4,8192,373.172
32,0,4,16384,741.823
32,0,4,32768,1477.13
32,0,4,65536,2920.69
32,0,8,16,21.2693
32,0,8,32,21.4403
32,0,8,64,21.7597
32,0,8,128,29.1833
32,0,8,256,37.7383
32,0,8,512,54.656
32,0,8,1024,88.64
32,0,8,2048,155.882
32,0,8,4096,287.637
32,0,8,8192,554.741
32,0,8,16384,1107.87
32,0,8,32768,2178.79
32,0,8,65536,4324.97
32,0,16,16,29.888
32,0,16,32,30.3783
32,0,16,64,31.0297
32,0,16,128,46.1973
32,0,16,256,63.7547
32,0,16,512,98.5923
32,0,16,1024,165.355
32,0,16,2048,295.829
32,0,16,4096,557.567
32,0,16,8192,1094.05
32,0,16,16384,2167.45
32,0,16,32768,4296.09
32,0,16,65536,8622.13
32,0,32,16,54.123
32,0,32,32,54.9977
32,0,32,64,56.555
32,0,32,128,85.6213
32,0,32,256,118.314
32,0,32,512,180.522
32,0,32,1024,299.051
32,0,32,2048,542.815
32,0,32,4096,1026.72
32,0,32,8192,2058.97
32,0,32,16384,4052.13
32,0,32,32768,8143.89
32,0,32,65536,16903.2
32,0,64,16,98.6343
32,0,64,32,100.736
32,0,64,64,102.773
32,0,64,128,160.16
32,0,64,256,223.595
32,0,64,512,345.3
32,0,64,1024,595.349
32,0,64,2048,1068.95
32,0,64,4096,2377.67
32,0,64,8192,4942.28
32,0,64,16384,9896.99
32,0,64,32768,28578.5
32,0,64,65536,53498.6
32,0,128,16,186.848
32,0,128,32,189.119
32,0,128,64,194.442
32,0,128,128,312.32
32,0,128,256,450.506
32,0,128,512,723.785
32,0,128,1024,1252.82
32,0,128,2048,2584.51
32,0,128,4096,8104.86
32,0,128,8192,16401.1
32,0,128,16384,43569.9
32,0,128,32768,88312.6
32,0,128,65536,171932
32,16,0,0,9.56867
32,16,1,16,9.45067
32,16,1,32,9.472
32,16,1,64,9.45033
32,16,1,128,11.1893
32,16,1,256,13.8667
32,16,1,512,19.402
32,16,1,1024,30.9333
32,16,1,2048,53.568
32,16,1,4096,98.6133
32,16,1,8192,189.621
32,16,1,16384,370.623
32,16,1,32768,733.641
32,16,1,65536,1459.1
32,16,2,16,13.2477
32,16,2,32,13.504
32,16,2,64,13.5153
32,16,2,128,16.1277
32,16,2,256,18.987
32,16,2,512,24.2987
32,16,2,1024,35.3597
32,16,2,2048,57.3227
32,16,2,4096,101.312
32,16,2,8192,193.643
32,16,2,16384,376.415
32,16,2,32768,740.135
32,16,2,65536,1464.2
32,16,4,16,13.568
32,16,4,32,13.7173
32,16,4,64,14.091
32,16,4,128,18.0587
32,16,4,256,23.84
32,16,4,512,35.274
32,16,4,1024,58.5593
32,16,4,2048,104.117
32,16,4,4096,193.803
32,16,4,8192,372.128
32,16,4,16384,745.033
32,16,4,32768,1486.53
32,16,4,65536,2928.94
32,16,8,16,21.4933
32,16,8,32,21.7177
32,16,8,64,22.048
32,16,8,128,29.237
32,16,8,256,37.9093
32,16,8,512,54.8587
32,16,8,1024,88.7667
32,16,8,2048,155.413
32,16,8,4096,287.562
32,16,8,8192,554.228
32,16,8,16384,1107.71
32,16,8,32768,2186.39
32,16,8,65536,4326.39
32,16,16,16,29.984
32,16,16,32,30.4323
32,16,16,64,31.339
32,16,16,128,46.3253
32,16,16,256,63.68
32,16,16,512,98.0907
32,16,16,1024,164.981
32,16,16,2048,296.33
32,16,16,4096,559.231
32,16,16,8192,1096.18
32,16,16,16384,2163.14
32,16,16,32768,4304.15
32,16,16,65536,8614.59
32,16,32,16,54.048
32,16,32,32,55.0183
32,16,32,64,56.4157
32,16,32,128,85.9517
32,16,32,256,118.741
32,16,32,512,179.99
32,16,32,1024,301.45
32,16,32,2048,542.987
32,16,32,4096,1028.04
32,16,32,8192,2054.99
32,16,32,16384,4067.72
32,16,32,32768,8167.34
32,16,32,65536,16536
32,16,64,16,98.6777
32,16,64,32,99.498
32,16,64,64,103.221
32,16,64,128,160.586
32,16,64,256,223.818
32,16,64,512,344.81
32,16,64,1024,591.487
32,16,64,2048,1072.23
32,16,64,4096,2382.02
32,16,64,8192,4940.66
32,16,64,16384,9923.64
32,16,64,32768,32084.8
32,16,64,65536,50398.5
32,16,128,16,186.741
32,16,128,32,188.299
32,16,128,64,194.73
32,16,128,128,312.682
32,16,128,256,451.402
32,16,128,512,723.903
32,16,128,1024,1252.13
32,16,128,2048,2580.6
32,16,128,4096,8103.6
32,16,128,8192,16295.7
32,16,128,16384,43323.4
32,16,128,32768,88120.9
32,16,128,65536,172464
32,32,0,0,9.472
32,32,1,16,9.51467
32,32,1,32,9.344
32,32,1,64,9.526
32,32,1,128,11.104
32,32,1,256,13.9203
32,32,1,512,19.3813
32,32,1,1024,30.773
32,32,1,2048,53.5893
32,32,1,4096,99.1257
32,32,1,8192,189.002
32,32,1,16384,370.527
32,32,1,32768,733.961
32,32,1,65536,1457.99
32,32,2,16,13.5143
32,32,2,32,13.5253
32,32,2,64,13.632
32,32,2,128,16.0217
32,32,2,256,18.9653
32,32,2,512,24.3733
32,32,2,1024,35.6157
32,32,2,2048,57.6747
32,32,2,4096,101.653
32,32,2,8192,192.459
32,32,2,16384,377.152
32,32,2,32768,741.61
32,32,2,65536,1465.58
32,32,4,16,13.5677
32,32,4,32,13.6533
32,32,4,64,14.1227
32,32,4,128,18.0907
32,32,4,256,24.1917
32,32,4,512,35.4663
32,32,4,1024,58.8373
32,32,4,2048,104.373
32,32,4,4096,194.229
32,32,4,8192,371.466
32,32,4,16384,743.37
32,32,4,32768,1481.27
32,32,4,65536,2935.08
32,32,8,16,21.5573
32,32,8,32,21.8873
32,32,8,64,22.3363
32,32,8,128,29.0667
32,32,8,256,38.0373
32,32,8,512,54.432
32,32,8,1024,88.9917
32,32,8,2048,155.541
32,32,8,4096,287.039
32,32,8,8192,555.061
32,32,8,16384,1101.48
32,32,8,32768,2181.86
32,32,8,65536,4332.2
32,32,16,16,30.2297
32,32,16,32,30.603
32,32,16,64,31.3603
32,32,16,128,46.3573
32,32,16,256,63.4347
32,32,16,512,97.9623
32,32,16,1024,164.992
32,32,16,2048,297.272
32,32,16,4096,558.068
32,32,16,8192,1094.7
32,32,16,16384,2168.89
32,32,16,32768,4307.69
32,32,16,65536,8611.89
32,32,32,16,54.3257
32,32,32,32,54.9547
32,32,32,64,56.6393
32,32,32,128,85.7067
32,32,32,256,118.57
32,32,32,512,179.85
32,32,32,1024,301.813
32,32,32,2048,543.275
32,32,32,4096,1022.21
32,32,32,8192,2049.82
32,32,32,16384,4054.94
32,32,32,32768,8136.21
32,32,32,65536,16576.1
32,32,64,16,99.562
32,32,64,32,100.138
32,32,64,64,102.731
32,32,64,128,161.056
32,32,64,256,224.191
32,32,64,512,347.477
32,32,64,1024,590.889
32,32,64,2048,1071.57
32,32,64,4096,2384.44
32,32,64,8192,4941.7
32,32,64,16384,9902.91
32,32,64,32768,29400.9
32,32,64,65536,50497.2
32,32,128,16,187.328
32,32,128,32,189.439
32,32,128,64,194.943
32,32,128,128,312.565
32,32,128,256,451.05
32,32,128,512,723.891
32,32,128,1024,1253.79
32,32,128,2048,2579.21
32,32,128,4096,8101.79
32,32,128,8192,16380.4
32,32,128,16384,43000.3
32,32,128,32768,87865.9
32,32,128,65536,171235
32,64,0,0,9.73867
32,64,1,16,9.36533
32,64,1,32,9.48333
32,64,1,64,9.57833
32,64,1,128,11.136
32,64,1,256,13.8667
32,64,1,512,19.52
32,64,1,1024,30.8157
32,64,1,2048,53.4823
32,64,1,4096,98.933
32,64,1,8192,189.429
32,64,1,16384,372.01
32,64,1,32768,735.006
32,64,1,65536,1448.74
32,64,2,16,13.5357
32,64,2,32,13.7387
32,64,2,64,13.728
32,64,2,128,16.1923
32,64,2,256,19.061
32,64,2,512,24.5757
32,64,2,1024,35.616
32,64,2,2048,57.4613
32,64,2,4096,101.322
32,64,2,8192,193.856
32,64,2,16384,377.524
32,64,2,32768,742.814
32,64,2,65536,1473.24
32,64,4,16,13.7707
32,64,4,32,13.8453
32,64,4,64,14.2297
32,64,4,128,18.1013
32,64,4,256,24.0537
32,64,4,512,35.584
32,64,4,1024,58.613
32,64,4,2048,104.235
32,64,4,4096,194.143
32,64,4,8192,372.821
32,64,4,16384,740.714
32,64,4,32768,1482.98
32,64,4,65536,2934.17
32,64,8,16,21.568
32,64,8,32,21.643
32,64,8,64,22.2507
32,64,8,128,29.258
32,64,8,256,38.048
32,64,8,512,54.9333
32,64,8,1024,88.7783
32,64,8,2048,156.213
32,64,8,4096,287.968
32,64,8,8192,553.705
32,64,8,16384,1104.16
32,64,8,32768,2183.78
32,64,8,65536,4337.25
32,64,16,16,30.2933
32,64,16,32,30.8587
32,64,16,64,31.328
32,64,16,128,46.112
32,64,16,256,63.595
32,64,16,512,97.92
32,64,16,1024,165.59
32,64,16,2048,296.512
32,64,16,4096,558.474
32,64,16,8192,1091.24
32,64,16,16384,2165.5
32,64,16,32768,4296.81
32,64,16,65536,8589.07
32,64,32,16,54.4007
32,64,32,32,55.2427
32,64,32,64,56.5117
32,64,32,128,86.0803
32,64,32,256,118.655
32,64,32,512,180.213
32,64,32,1024,299.722
32,64,32,2048,544.564
32,64,32,4096,1025.51
32,64,32,8192,2057.54
32,64,32,16384,4058.34
32,64,32,32768,8166.83
32,64,32,65536,16745.7
32,64,64,16,99.2533
32,64,64,32,100.053
32,64,64,64,103.818
32,64,64,128,160.608
32,64,64,256,223.957
32,64,64,512,345.589
32,64,64,1024,592.98
32,64,64,2048,1070.86
32,64,64,4096,2384.52
32,64,64,8192,4946.56
32,64,64,16384,9919.52
32,64,64,32768,22280
32,64,64,65536,52632.6
32,64,128,16,186.368
32,64,128,32,188.639
32,64,128,64,195.423
32,64,128,128,311.935
32,64,128,256,449.354
32,64,128,512,725.097
32,64,128,1024,1252.68
32,64,128,2048,2580.73
32,64,128,4096,8105.8
32,64,128,8192,16265.3
32,64,128,16384,43063.3
32,64,128,32768,87904.6
32,64,128,65536,172128
32,128,0,0,12.2563
32,128,1,16,11.296
32,128,1,32,11.2853
32,128,1,64,11.3707
32,128,1,128,12.0107
32,128,1,256,13.8667
32,128,1,512,19.5307
32,128,1,1024,31.0293
32,128,1,2048,53.557
32,128,1,4096,98.9973
32,128,1,8192,189.205
32,128,1,16384,369.985
32,128,1,32768,731.276
32,128,1,65536,1460.4
32,128,2,16,16.267
32,128,2,32,16.1173
32,128,2,64,16.4687
32,128,2,128,18.9227
32,128,2,256,21.8347
32,128,2,512,27.211
32,128,2,1024,38.5067
32,128,2,2048,60.2457
32,128,2,4096,104.842
32,128,2,8192,193.483
32,128,2,16384,377.58
32,128,2,32768,737.003
32,128,2,65536,1474.42
32,128,4,16,16.288
32,128,4,32,16.4483
32,128,4,64,16.6717
32,128,4,128,19.3167
32,128,4,256,24.0747
32,128,4,512,35.339
32,128,4,1024,58.4003
32,128,4,2048,104.234
32,128,4,4096,194.101
32,128,4,8192,372.182
32,128,4,16384,740.182
32,128,4,32768,1484.37
32,128,4,65536,2928.62
32,128,8,16,23.9683
32,128,8,32,24.4373
32,128,8,64,24.768
32,128,8,128,32.352
32,128,8,256,40.6293
32,128,8,512,58.0163
32,128,8,1024,91.883
32,128,8,2048,157.718
32,128,8,4096,287.126
32,128,8,8192,553.985
32,128,8,16384,1104.88
32,128,8,32768,2187.88
32,128,8,65536,4340.19
32,128,16,16,33.291
32,128,16,32,33.3443
32,128,16,64,34.208
32,128,16,128,47.2213
32,128,16,256,63.5203
32,128,16,512,98.6133
32,128,16,1024,165.035
32,128,16,2048,295.019
32,128,16,4096,558.156
32,128,16,8192,1090.94
32,128,16,16384,2171.91
32,128,16,32768,4304.66
32,128,16,65536,8628.07
32,128,32,16,56.8007
32,128,32,32,57.2373
32,128,32,64,59.0397
32,128,32,128,87.637
32,128,32,256,119.915
32,128,32,512,184.256
32,128,32,1024,304.939
32,128,32,2048,546.625
32,128,32,4096,1026.05
32,128,32,8192,2061.44
32,128,32,16384,4065.08
32,128,32,32768,8154.57
32,128,32,65536,16533
32,128,64,16,101.152
32,128,64,32,101.813
32,128,64,64,104.182
32,128,64,128,162.39
32,128,64,256,224.811
32,128,64,512,347.584
32,128,64,1024,594.869
32,128,64,2048,1071.9
32,128,64,4096,2388.42
32,128,64,8192,4940.95
32,128,64,16384,9915.48
32,128,64,32768,32229.4
32,128,64,65536,54209.8
32,128,128,16,187.691
32,128,128,32,190.486
32,128,128,64,194.709
32,128,128,128,314.037
32,128,128,256,450.699
32,128,128,512,726.241
32,128,128,1024,1254.61
32,128,128,2048,2576.52
32,128,128,4096,8102.98
32,128,128,8192,16401.8
32,128,128,16384,43429.2
32,128,128,32768,88108.7
32,128,128,65536,172360
32,256,0,0,14.9227
32,256,1,16,14.1233
32,256,1,32,14.1657
32,256,1,64,14.016
32,256,1,128,14.2617
32,256,1,256,14.677
32,256,1,512,19.477
32,256,1,1024,30.7947
32,256,1,2048,53.8133
32,256,1,4096,99.2317
32,256,1,8192,189.397
32,256,1,16384,368.577
32,256,1,32768,730.689
32,256,1,65536,1456.72
32,256,2,16,18.944
32,256,2,32,18.848
32,256,2,64,19.168
32,256,2,128,21.643
32,256,2,256,24.7467
32,256,2,512,30.2937
32,256,2,1024,41.6747
32,256,2,2048,63.6057
32,256,2,4096,107.296
32,256,2,8192,195.616
32,256,2,16384,377.857
32,256,2,32768,738.848
32,256,2,65536,1468.85
32,256,4,16,19.1787
32,256,4,32,19.3063
32,256,4,64,19.499
32,256,4,128,22.0053
32,256,4,256,25.344
32,256,4,512,35.2
32,256,4,1024,58.2727
32,256,4,2048,104.438
32,256,4,4096,194.645
32,256,4,8192,372.652
32,256,4,16384,741.6
32,256,4,32768,1477.42
32,256,4,65536,2906.14
32,256,8,16,27.2747
32,256,8,32,27.3923
32,256,8,64,27.765
32,256,8,128,34.7527
32,256,8,256,43.604
32,256,8,512,60.8643
32,256,8,1024,95.04
32,256,8,2048,160.363
32,256,8,4096,289.409
32,256,8,8192,553.494
32,256,8,16384,1107.82
32,256,8,32768,2193.26
32,256,8,65536,4329.65
32,256,16,16,37.025
32,256,16,32,36.832
32,256,16,64,37.5787
32,256,16,128,50.304
32,256,16,256,64.8323
32,256,16,512,98.4107
32,256,16,1024,165.088
32,256,16,2048,297.068
32,256,16,4096,557.014
32,256,16,8192,1092.89
32,256,16,16384,2166.72
32,256,16,32768,4301.25
32,256,16,65536,8624.19
32,256,32,16,60.192
32,256,32,32,60.8427
32,256,32,64,62.3257
32,256,32,128,90.2607
32,256,32,256,121.526
32,256,32,512,184.982
32,256,32,1024,307.083
32,256,32,2048,550.539
32,256,32,4096,1029.74
32,256,32,8192,2049.73
32,256,32,16384,4058.73
32,256,32,32768,8159.66
32,256,32,65536,16542
32,256,64,16,104.203
32,256,64,32,105.664
32,256,64,64,108.565
32,256,64,128,162.699
32,256,64,256,226.964
32,256,64,512,349.94
32,256,64,1024,595.465
32,256,64,2048,1072.34
32,256,64,4096,2382.08
32,256,64,8192,4946.73
32,256,64,16384,9922.75
32,256,64,32768,28656.7
32,256,64,65536,50342.6
32,256,128,16,190.847
32,256,128,32,192.756
32,256,128,64,197.877
32,256,128,128,315.615
32,256,128,256,451.348
32,256,128,512,725.779
32,256,128,1024,1254.15
32,256,128,2048,2583.56
32,256,128,4096,8108.71
32,256,128,8192,16498.1
32,256,128,16384,42872.5
32,256,128,32768,88268.5
32,256,128,65536,172243
32,512,0,0,20.512
32,512,1,16,19.563
32,512,1,32,19.6903
32,512,1,64,19.637
32,512,1,128,19.872
32,512,1,256,19.7333
32,512,1,512,20.2667
32,512,1,1024,30.9763
32,512,1,2048,53.632
32,512,1,4096,98.976
32,512,1,8192,190.251
32,512,1,16384,371.914
32,512,1,32768,734.217
32,512,1,65536,1460.5
32,512,2,16,24.351
32,512,2,32,24.32
32,512,2,64,24.182
32,512,2,128,27.1787
32,512,2,256,30.4107
32,512,2,512,35.4027
32,512,2,1024,47.744
32,512,2,2048,69.3753
32,512,2,4096,113.439
32,512,2,8192,199.925
32,512,2,16384,376.33
32,512,2,32768,740.67
32,512,2,65536,1467.83
32,512,4,16,24.3943
32,512,4,32,24.437
32,512,4,64,24.8427
32,512,4,128,27.3493
32,512,4,256,30.8153
32,512,4,512,36.459
32,512,4,1024,58.528
32,512,4,2048,104.341
32,512,4,4096,194.037
32,512,4,8192,372.351
32,512,4,16384,742.505
32,512,4,32768,1478.09
32,512,4,65536,2933.81
32,512,8,16,32.693
32,512,8,32,32.9703
32,512,8,64,33.3547
32,512,8,128,40.6283
32,512,8,256,49.088
32,512,8,512,65.93
32,512,8,1024,100.277
32,512,8,2048,166.495
32,512,8,4096,295.999
32,512,8,8192,555.55
32,512,8,16384,1105.9
32,512,8,32768,2180.83
32,512,8,65536,4326.07
32,512,16,16,44.3303
32,512,16,32,45.056
32,512,16,64,45.76
32,512,16,128,57.0023
32,512,16,256,70.944
32,512,16,512,99.3387
32,512,16,1024,166.058
32,512,16,2048,295.828
32,512,16,4096,559.381
32,512,16,8192,1092.72
32,512,16,16384,2174.88
32,512,16,32768,4307.53
32,512,16,65536,8640.5
32,512,32,16,66.0263
32,512,32,32,66.9867
32,512,32,64,68.437
32,512,32,128,96.9067
32,512,32,256,127.167
32,512,32,512,187.935
32,512,32,1024,313.012
32,512,32,2048,555.635
32,512,32,4096,1035.4
32,512,32,8192,2057.69
32,512,32,16384,4070.68
32,512,32,32768,8147.99
32,512,32,65536,16546.1
32,512,64,16,110.89
32,512,64,32,111.691
32,512,64,64,115.115
32,512,64,128,170.091
32,512,64,256,229.61
32,512,64,512,353.685
32,512,64,1024,601.087
32,512,64,2048,1079.74
32,512,64,4096,2387.83
32,512,64,8192,4947.41
32,512,64,16384,9966.35
32,512,64,32768,34206
32,512,64,65536,45002.4
32,512,128,16,198.187
32,512,128,32,200.799
32,512,128,64,205.258
32,512,128,128,320.256
32,512,128,256,454.975
32,512,128,512,725.151
32,512,128,1024,1253.76
32,512,128,2048,2560.6
32,512,128,4096,8108.16
32,512,128,8192,16416.8
32,512,128,16384,43495.1
32,512,128,32768,88218.8
32,512,128,65536,172409
32,1024,0,0,31.9253
32,1024,1,16,31.029
32,1024,1,32,30.8583
32,1024,1,64,31.072
32,1024,1,128,30.9227
32,1024,1,256,31.0403
32,1024,1,512,30.923
32,1024,1,1024,31.7973
32,1024,1,2048,54.005
32,1024,1,4096,99.445
32,1024,1,8192,189.525
32,1024,1,16384,371.808
32,1024,1,32768,731.692
32,1024,1,65536,1459.03
32,1024,2,16,34.8583
32,1024,2,32,35.018
32,1024,2,64,35.1893
32,1024,2,128,37.7067
32,1024,2,256,40.8857
32,1024,2,512,46.5603
32,1024,2,1024,58.496
32,1024,2,2048,81.93
32,1024,2,4096,125.173
32,1024,2,8192,211.84
32,1024,2,16384,382.891
32,1024,2,32768,739.691
32,1024,2,65536,1475.92
32,1024,4,16,35.3387
32,1024,4,32,35.2747
32,1024,4,64,35.6267
32,1024,4,128,38.4643
32,1024,4,256,41.7813
32,1024,4,512,47.7973
32,1024,4,1024,59.6803
32,1024,4,2048,105.003
32,1024,4,4096,194.133
32,1024,4,8192,373.024
32,1024,4,16384,736.97
32,1024,4,32768,1471.86
32,1024,4,65536,2927.4
32,1024,8,16,43.4877
32,1024,8,32,44.2023
32,1024,8,64,44.1067
32,1024,8,128,51.8727
32,1024,8,256,60.886
32,1024,8,512,77.0233
32,1024,8,1024,110.549
32,1024,8,2048,177.739
32,1024,8,4096,306.24
32,1024,8,8192,567.146
32,1024,8,16384,1112.42
32,1024,8,32768,2183.48
32,1024,8,65536,4345.73
32,1024,16,16,55.968
32,1024,16,32,56.309
32,1024,16,64,57.2903
32,1024,16,128,72.736
32,1024,16,256,88.0213
32,1024,16,512,111.253
32,1024,16,1024,166.271
32,1024,16,2048,297.845
32,1024,16,4096,560.725
32,1024,16,8192,1091.59
32,1024,16,16384,2172.31
32,1024,16,32768,4309.04
32,1024,16,65536,8637.13
32,1024,32,16,80.2133
32,1024,32,32,81.3973
32,1024,32,64,83.0613
32,1024,32,128,108.811
32,1024,32,256,139.136
32,1024,32,512,198.463
32,1024,32,1024,319.477
32,1024,32,2048,564.469
32,1024,32,4096,1046.11
32,1024,32,8192,2059.07
32,1024,32,16384,4070.49
32,1024,32,32768,8162.25
32,1024,32,65536,16669.5
32,1024,64,16,123.957
32,1024,64,32,126.24
32,1024,64,64,128.725
32,1024,64,128,183.381
32,1024,64,256,243.563
32,1024,64,512,360.352
32,1024,64,1024,608.939
32,1024,64,2048,1093.19
32,1024,64,4096,2371.72
32,1024,64,8192,4951.55
32,1024,64,16384,9988.7
32,1024,64,32768,31073.3
32,1024,64,65536,58883.2
32,1024,128,16,212.523
32,1024,128,32,213.76
32,1024,128,64,220.81
32,1024,128,128,332.874
32,1024,128,256,465.397
32,1024,128,512,728.095
32,1024,128,1024,1258.16
32,1024,128,2048,2567.06
32,1024,128,4096,8127.43
32,1024,128,8192,16445.3
32,1024,128,16384,43559.6
32,1024,128,32768,88466.1
32,1024,128,65536,172468
32,2048,0,0,54.9013
32,2048,1,16,53.5147
32,2048,1,32,53.589
32,2048,1,64,53.76
32,2048,1,128,53.7493
32,2048,1,256,53.7703
32,2048,1,512,53.8347
32,2048,1,1024,54.1013
32,2048,1,2048,54.7203
32,2048,1,4096,99.776
32,2048,1,8192,190.176
32,2048,1,16384,370.922
32,2048,1,32768,732.661
32,2048,1,65536,1457.09
32,2048,2,16,56.1173
32,2048,2,32,56.309
32,2048,2,64,56.32
32,2048,2,128,59.275
32,2048,2,256,62.144
32,2048,2,512,68.075
32,2048,2,1024,80.128
32,2048,2,2048,104.555
32,2048,2,4096,149.333
32,2048,2,8192,237.557
32,2048,2,16384,407.359
32,2048,2,32768,754.88
32,2048,2,65536,1476.25
32,2048,4,16,57.184
32,2048,4,32,56.8847
32,2048,4,64,57.0773
32,2048,4,128,60.245
32,2048,4,256,63.7123
32,2048,4,512,70.1973
32,2048,4,1024,82.272
32,2048,4,2048,105.771
32,2048,4,4096,195.019
32,2048,4,8192,371.701
32,2048,4,16384,735.423
32,2048,4,32768,1473.92
32,2048,4,65536,2916.79
32,2048,8,16,64.9277
32,2048,8,32,65.4397
32,2048,8,64,65.856
32,2048,8,128,73.7593
32,2048,8,256,82.389
32,2048,8,512,99.2533
32,2048,8,1024,130.571
32,2048,8,2048,198.122
32,2048,8,4096,328.896
32,2048,8,8192,584.949
32,2048,8,16384,1109.18
32,2048,8,32768,2189.19
32,2048,8,65536,4321.46
32,2048,16,16,77.2693
32,2048,16,32,78.219
32,2048,16,64,78.859
32,2048,16,128,95.0193
32,2048,16,256,111.893
32,2048,16,512,144.768
32,2048,16,1024,188.714
32,2048,16,2048,298.176
32,2048,16,4096,561.311
32,2048,16,8192,1089.59
32,2048,16,16384,2181.23
32,2048,16,32768,4319.27
32,2048,16,65536,8616.63
32,2048,32,16,105.184
32,2048,32,32,106.09
32,2048,32,64,107.733
32,2048,32,128,135.733
32,2048,32,256,167.072
32,2048,32,512,223.37
32,2048,32,1024,338.432
32,2048,32,2048,579.007
32,2048,32,4096,1066.82
32,2048,32,8192,2076.55
32,2048,32,16384,4079.56
32,2048,32,32768,8195.34
32,2048,32,65536,16802.9
32,2048,64,16,151.114
32,2048,64,32,151.243
32,2048,64,64,156.075
32,2048,64,128,209.749
32,2048,64,256,271.786
32,2048,64,512,388.395
32,2048,64,1024,624.842
32,2048,64,2048,1102.83
32,2048,64,4096,2366.56
32,2048,64,8192,4962.21
32,2048,64,16384,10037.2
32,2048,64,32768,30175.1
32,2048,64,65536,59620.6
32,2048,128,16,239.594
32,2048,128,32,239.701
32,2048,128,64,245.941
32,2048,128,128,359.21
32,2048,128,256,492.074
32,2048,128,512,755.04
32,2048,128,1024,1264.95
32,2048,128,2048,2581.52
32,2048,128,4096,8213.75
32,2048,128,8192,17169.1
32,2048,128,16384,43190.3
32,2048,128,32768,88297.1
32,2048,128,65536,172167
32,4096,0,0,100.459
32,4096,1,16,99.1467
32,4096,1,32,99.2533
32,4096,1,64,98.9003
32,4096,1,128,98.9857
32,4096,1,256,98.965
32,4096,1,512,98.9653
32,4096,1,1024,99.8187
32,4096,1,2048,100.298
32,4096,1,4096,101.227
32,4096,1,8192,190.954
32,4096,1,16384,371.253
32,4096,1,32768,733.343
32,4096,1,65536,1455.86
32,4096,2,16,99.232
32,4096,2,32,99.0183
32,4096,2,64,99.264
32,4096,2,128,102.187
32,4096,2,256,104.821
32,4096,2,512,110.795
32,4096,2,1024,122.741
32,4096,2,2048,146.72
32,4096,2,4096,192.725
32,4096,2,8192,281.365
32,4096,2,16384,454.592
32,4096,2,32768,802.976
32,4096,2,65536,1486.51
32,4096,4,16,100.747
32,4096,4,32,100.928
32,4096,4,64,101.302
32,4096,4,128,103.168
32,4096,4,256,106.827
32,4096,4,512,113.162
32,4096,4,1024,125.408
32,4096,4,2048,149.675
32,4096,4,4096,196.608
32,4096,4,8192,372.694
32,4096,4,16384,730.87
32,4096,4,32768,1474.27
32,4096,4,65536,2934.28
32,4096,8,16,107.893
32,4096,8,32,108.075
32,4096,8,64,108.085
32,4096,8,128,116.054
32,4096,8,256,125.664
32,4096,8,512,142.005
32,4096,8,1024,176.747
32,4096,8,2048,241.44
32,4096,8,4096,371.607
32,4096,8,8192,629.451
32,4096,8,16384,1156.36
32,4096,8,32768,2207.3
32,4096,8,65536,4347.01
32,4096,16,16,120.448
32,4096,16,32,120.651
32,4096,16,64,121.547
32,4096,16,128,137.739
32,4096,16,256,155.723
32,4096,16,512,189.206
32,4096,16,1024,253.675
32,4096,16,2048,342.667
32,4096,16,4096,564.32
32,4096,16,8192,1090.76
32,4096,16,16384,2167.55
32,4096,16,32768,4317.31
32,4096,16,65536,8773.65
32,4096,32,16,148.555
32,4096,32,32,148.928
32,4096,32,64,150.475
32,4096,32,128,182.891
32,4096,32,256,213.451
32,4096,32,512,277.963
32,4096,32,1024,388.396
32,4096,32,2048,620.14
32,4096,32,4096,1099.8
32,4096,32,8192,2215.85
32,4096,32,16384,4686.21
32,4096,32,32768,9623.12
32,4096,32,65536,18984.7
32,4096,64,16,200.736
32,4096,64,32,201.355
32,4096,64,64,204.661
32,4096,64,128,262.795
32,4096,64,256,324.928
32,4096,64,512,443.595
32,4096,64,1024,679.233
32,4096,64,2048,1145.73
32,4096,64,4096,2525.2
32,4096,64,8192,5295.05
32,4096,64,16384,15174.7
32,4096,64,32768,34825.1
32,4096,64,65536,54494.1
32,4096,128,16,291.637
32,4096,128,32,292.768
32,4096,128,64,299.467
32,4096,128,128,410.752
32,4096,128,256,543.927
32,4096,128,512,804.769
32,4096,128,1024,1313.02
32,4096,128,2048,2602.34
32,4096,128,4096,8128.72
32,4096,128,8192,20674.7
32,4096,128,16384,43109.4
32,4096,128,32768,88400.2
32,4096,128,65536,173706
32,8192,0,0,190.774
32,8192,1,16,189.91
32,8192,1,32,189.761
32,8192,1,64,189.868
32,8192,1,128,189.888
32,8192,1,256,189.333
32,8192,1,512,189.355
32,8192,1,1024,190.005
32,8192,1,2048,190.507
32,8192,1,4096,190.56
32,8192,1,8192,191.436
32,8192,1,16384,370.677
32,8192,1,32768,734.157
32,8192,1,65536,1455.24
32,8192,2,16,189.536
32,8192,2,32,190.538
32,8192,2,64,188.971
32,8192,2,128,189.824
32,8192,2,256,189.589
32,8192,2,512,194.966
32,8192,2,1024,207.723
32,8192,2,2048,232.246
32,8192,2,4096,278.742
32,8192,2,8192,370.379
32,8192,2,16384,544.043
32,8192,2,32768,892.439
32,8192,2,65536,1579.36
32,8192,4,16,190.421
32,8192,4,32,189.398
32,8192,4,64,189.633
32,8192,4,128,189.696
32,8192,4,256,192.299
32,8192,4,512,199.162
32,8192,4,1024,211.381
32,8192,4,2048,234.901
32,8192,4,4096,281.398
32,8192,4,8192,374.838
32,8192,4,16384,731.606
32,8192,4,32768,1467.58
32,8192,4,65536,2929.35
32,8192,8,16,194.144
32,8192,8,32,194.763
32,8192,8,64,194.465
32,8192,8,128,201.461
32,8192,8,256,211.509
32,8192,8,512,227.84
32,8192,8,1024,261.504
32,8192,8,2048,327.734
32,8192,8,4096,456.907
32,8192,8,8192,720.608
32,8192,8,16384,1251.38
32,8192,8,32768,2293.13
32,8192,8,65536,4367.32
32,8192,16,16,206.827
32,8192,16,32,206.869
32,8192,16,64,207.445
32,8192,16,128,224.16
32,8192,16,256,241.131
32,8192,16,512,274.624
32,8192,16,1024,342.016
32,8192,16,2048,468.117
32,8192,16,4096,651.852
32,8192,16,8192,1102.81
32,8192,16,16384,2184.01
32,8192,16,32768,4356.08
32,8192,16,65536,8959.52
32,8192,32,16,233.857
32,8192,32,32,234.668
32,8192,32,64,236.363
32,8192,32,128,270.091
32,8192,32,256,307.895
32,8192,32,512,376.523
32,8192,32,1024,496.833
32,8192,32,2048,714.198
32,8192,32,4096,1188.84
32,8192,32,8192,2223.65
32,8192,32,16384,4617.42
32,8192,32,32768,10778.9
32,8192,32,65536,24925.7
32,8192,64,16,285.354
32,8192,64,32,288.139
32,8192,64,64,291.712
32,8192,64,128,358.635
32,8192,64,256,424.299
32,8192,64,512,549.76
32,8192,64,1024,782.348
32,8192,64,2048,1245.34
32,8192,64,4096,2591.25
32,8192,64,8192,5220.19
32,8192,64,16384,13040.6
32,8192,64,32768,38514.3
32,8192,64,65536,65791.1
32,8192,128,16,388.149
32,8192,128,32,394.614
32,8192,128,64,398.752
32,8192,128,128,520.524
32,8192,128,256,655.083
32,8192,128,512,901.782
32,8192,128,1024,1418.46
32,8192,128,2048,2774.51
32,8192,128,4096,8309.05
32,8192,128,8192,17943.2
32,8192,128,16384,43767.6
32,8192,128,32768,88399.2
32,8192,128,65536,172988
32,16384,0,0,372.085
32,16384,1,16,371.232
32,16384,1,32,371.393
32,16384,1,64,369.376
32,16384,1,128,370.487
32,16384,1,256,370.709
32,16384,1,512,371.115
32,16384,1,1024,370.892
32,16384,1,2048,371.285
32,16384,1,4096,371.019
32,16384,1,8192,371.34
32,16384,1,16384,372.981
32,16384,1,32768,732.247
32,16384,1,65536,1461.19
32,16384,2,16,369.088
32,16384,2,32,371.797
32,16384,2,64,370.838
32,16384,2,128,369.259
32,16384,2,256,369.749
32,16384,2,512,372.235
32,16384,2,1024,377.611
32,16384,2,2048,399.969
32,16384,2,4096,445.473
32,16384,2,8192,537.92
32,16384,2,16384,734.145
32,16384,2,32768,1096.88
32,16384,2,65536,1827.56
32,16384,4,16,369.953
32,16384,4,32,368.907
32,16384,4,64,370.71
32,16384,4,128,369.782
32,16384,4,256,371.413
32,16384,4,512,371.894
32,16384,4,1024,384.747
32,16384,4,2048,406.529
32,16384,4,4096,453.44
32,16384,4,8192,545.867
32,16384,4,16384,750.547
32,16384,4,32768,1448.01
32,16384,4,65536,2916.24
32,16384,8,16,370.666
32,16384,8,32,369.513
32,16384,8,64,371.487
32,16384,8,128,374.442
32,16384,8,256,383.583
32,16384,8,512,395.775
32,16384,8,1024,432.117
32,16384,8,2048,497.162
32,16384,8,4096,628.033
32,16384,8,8192,895.818
32,16384,8,16384,1443.99
32,16384,8,32768,2521.63
32,16384,8,65536,4690.61
32,16384,16,16,380.426
32,16384,16,32,378.708
32,16384,16,64,379.476
32,16384,16,128,397.471
32,16384,16,256,414.784
32,16384,16,512,444.927
32,16384,16,1024,510.911
32,16384,16,2048,642.036
32,16384,16,4096,900.841
32,16384,16,8192,1273.83
32,16384,16,16384,2185.51
32,16384,16,32768,4336.51
32,16384,16,65536,9205.35
32,16384,32,16,405.012
32,16384,32,32,403.456
32,16384,32,64,405.268
32,16384,32,128,438.196
32,16384,32,256,478.666
32,16384,32,512,547.402
32,16384,32,1024,685.342
32,16384,32,2048,929.544
32,16384,32,4096,1369.69
32,16384,32,8192,2406.99
32,16384,32,16384,4442.3
32,16384,32,32768,10243.9
32,16384,32,65536,25406.3
32,16384,64,16,455.69
32,16384,64,32,456.062
32,16384,64,64,460.053
32,16384,64,128,526.122
32,16384,64,256,598.367
32,16384,64,512,745.13
32,16384,64,1024,983.71
32,16384,64,2048,1451.38
32,16384,64,4096,2819.72
32,16384,64,8192,5355
32,16384,64,16384,10466.7
32,16384,64,32768,35880.3
32,16384,64,65536,69937.4
32,16384,128,16,561.748
32,16384,128,32,561.844
32,16384,128,64,569.226
32,16384,128,128,708.191
32,16384,128,256,854.516
32,16384,128,512,1124.02
32,16384,128,1024,1645.53
32,16384,128,2048,3024.42
32,16384,128,4096,8745.99
32,16384,128,8192,17128
32,16384,128,16384,43622.1
32,16384,128,32768,88281.6
32,16384,128,65536,173322
32,32768,0,0,734.154
32,32768,1,16,732.938
32,32768,1,32,730.869
32,32768,1,64,729.365
32,32768,1,128,733.056
32,32768,1,256,730.678
32,32768,1,512,729.43
32,32768,1,1024,731.616
32,32768,1,2048,728.511
32,32768,1,4096,733.364
32,32768,1,8192,727.082
32,32768,1,16384,733.407
32,32768,1,32768,733.493
32,32768,1,65536,1461.75
32,32768,2,16,730.41
32,32768,2,32,733.792
32,32768,2,64,731.637
32,32768,2,128,733.632
32,32768,2,256,731.244
32,32768,2,512,734.388
32,32768,2,1024,736.171
32,32768,2,2048,735.691
32,32768,2,4096,789.525
32,32768,2,8192,876.074
32,32768,2,16384,1069.58
32,32768,2,32768,1475.37
32,32768,2,65536,2188.89
32,32768,4,16,732.95
32,32768,4,32,734.026
32,32768,4,64,730.688
32,32768,4,128,731.682
32,32768,4,256,733.301
32,32768,4,512,733.28
32,32768,4,1024,734.72
32,32768,4,2048,745.055
32,32768,4,4096,799.583
32,32768,4,8192,891.754
32,32768,4,16384,1104.4
32,32768,4,32768,1487.89
32,32768,4,65536,2880.61
32,32768,8,16,730.037
32,32768,8,32,730.485
32,32768,8,64,733.953
32,32768,8,128,732.789
32,32768,8,256,733.845
32,32768,8,512,746.092
32,32768,8,1024,773.846
32,32768,8,2048,836.192
32,32768,8,4096,972.054
32,32768,8,8192,1240.99
32,32768,8,16384,1774.04
32,32768,8,32768,2871.1
32,32768,8,65536,5052.64
32,32768,16,16,733.579
32,32768,16,32,734.036
32,32768,16,64,733.099
32,32768,16,128,740.277
32,32768,16,256,757.771
32,32768,16,512,788.011
32,32768,16,1024,850.526
32,32768,16,2048,982.131
32,32768,16,4096,1244.47
32,32768,16,8192,1779.32
32,32768,16,16384,2519.87
32,32768,16,32768,4323.69
32,32768,16,65536,9035.28
32,32768,32,16,746.378
32,32768,32,32,745.344
32,32768,32,64,748.288
32,32768,32,128,782.751
32,32768,32,256,816.106
32,32768,32,512,884.821
32,32768,32,1024,1029.46
32,32768,32,2048,1305.68
32,32768,32,4096,1797.86
32,32768,32,8192,2766.15
32,32768,32,16384,4766.97
32,32768,32,32768,8921.95
32,32768,32,65536,23190.8
32,32768,64,16,800.533
32,32768,64,32,800.779
32,32768,64,64,796.928
32,32768,64,128,865.888
32,32768,64,256,938.474
32,32768,64,512,1080.05
32,32768,64,1024,1370.87
32,32768,64,2048,1872.69
32,32768,64,4096,3096.98
32,32768,64,8192,5935.92
32,32768,64,16384,10810
32,32768,64,32768,29024
32,32768,64,65536,63739.9
32,32768,128,16,899.328
32,32768,128,32,902.559
32,32768,128,64,910.336
32,32768,128,128,1045.69
32,32768,128,256,1205.76
32,32768,128,512,1511.09
32,32768,128,1024,2049.03
32,32768,128,2048,3436.03
32,32768,128,4096,9505.93
32,32768,128,8192,17832.3
32,32768,128,16384,43803.6
32,32768,128,32768,89265.1
32,32768,128,65536,173543
32,65536,0,0,1457.92
32,65536,1,16,1451.02
32,65536,1,32,1455.77
32,65536,1,64,1449.81
32,65536,1,128,1444.43
32,65536,1,256,1461.88
32,65536,1,512,1447.1
32,65536,1,1024,1453.37
32,65536,1,2048,1457.41
32,65536,1,4096,1462.56
32,65536,1,8192,1448.8
32,65536,1,16384,1447.63
32,65536,1,32768,1455.52
32,65536,1,65536,1462.67
32,65536,2,16,1455.05
32,65536,2,32,1465.21
32,65536,2,64,1454.32
32,65536,2,128,1454.27
32,65536,2,256,1454.63
32,65536,2,512,1457.54
32,65536,2,1024,1452.63
32,65536,2,2048,1458.73
32,65536,2,4096,1459.82
32,65536,2,8192,1554.76
32,65536,2,16384,1747.63
32,65536,2,32768,2172.6
32,65536,2,65536,2930.7
32,65536,4,16,1458.81
32,65536,4,32,1458.53
32,65536,4,64,1464.2
32,65536,4,128,1458.69
32,65536,4,256,1457.76
32,65536,4,512,1462.67
32,65536,4,1024,1458.52
32,65536,4,2048,1457.48
32,65536,4,4096,1495.46
32,65536,4,8192,1583.11
32,65536,4,16384,1795.85
32,65536,4,32768,2206.71
32,65536,4,65536,2941.58
32,65536,8,16,1455.93
32,65536,8,32,1461.98
32,65536,8,64,1459.24
32,65536,8,128,1459.09
32,65536,8,256,1459.35
32,65536,8,512,1457.91
32,65536,8,1024,1466.27
32,65536,8,2048,1522.71
32,65536,8,4096,1647.27
32,65536,8,8192,1917.17
32,65536,8,16384,2452.14
32,65536,8,32768,3547.25
32,65536,8,65536,5712.28
32,65536,16,16,1462.63
32,65536,16,32,1457.36
32,65536,16,64,1454.59
32,65536,16,128,1462.1
32,65536,16,256,1462.67
32,65536,16,512,1470.25
32,65536,16,1024,1540.54
32,65536,16,2048,1663.99
32,65536,16,4096,1927.03
32,65536,16,8192,2464.47
32,65536,16,16384,3525.95
32,65536,16,32768,5010.69
32,65536,16,65536,8684.47
32,65536,32,16,1455.06
32,65536,32,32,1459.3
32,65536,32,64,1461.85
32,65536,32,128,1457.94
32,65536,32,256,1506.8
32,65536,32,512,1565.2
32,65536,32,1024,1704.73
32,65536,32,2048,1990.4
32,65536,32,4096,2554.39
32,65536,32,8192,3655.92
32,65536,32,16384,5492.89
32,65536,32,32768,9584.39
32,65536,32,65536,18583.2
32,65536,64,16,1475.33
32,65536,64,32,1478.81
32,65536,64,64,1479.09
32,65536,64,128,1551.7
32,65536,64,256,1630.55
32,65536,64,512,1758.1
32,65536,64,1024,2037.66
32,65536,64,2048,2615
32,65536,64,4096,4113.67
32,65536,64,8192,6564.38
32,65536,64,16384,13862.9
32,65536,64,32768,36304.8
32,65536,64,65536,48387.2
32,65536,128,16,1576.05
32,65536,128,32,1587.18
32,65536,128,64,1583.55
32,65536,128,128,1721.97
32,65536,128,256,1880
32,65536,128,512,2187.84
32,65536,128,1024,2809.13
32,65536,128,2048,4651.31
32,65536,128,4096,11071.4
32,65536,128,8192,23240.5
32,65536,128,16384,45574
32,65536,128,32768,89851.5
32,65536,128,65536,173802
64,0,0,0,9.78133
64,0,1,16,9.39733
64,0,1,32,9.514
64,0,1,64,9.63133
64,0,1,128,11.1253
64,0,1,256,13.8347
64,0,1,512,19.4453
64,0,1,1024,30.8157
64,0,1,2048,53.3227
64,0,1,4096,98.827
64,0,1,8192,189.237
64,0,1,16384,370.507
64,0,1,32768,730.956
64,0,1,65536,1453.77
64,0,2,16,13.7707
64,0,2,32,13.8133
64,0,2,64,13.7387
64,0,2,128,16.586
64,0,2,256,19.0613
64,0,2,512,24.512
64,0,2,1024,35.744
64,0,2,2048,57.6427
64,0,2,4096,101.43
64,0,2,8192,192.831
64,0,2,16384,378.379
64,0,2,32768,740.978
64,0,2,65536,1466
64,0,4,16,13.9307
64,0,4,32,14.016
64,0,4,64,13.952
64,0,4,128,18.1973
64,0,4,256,24.1817
64,0,4,512,35.3067
64,0,4,1024,58.0807
64,0,4,2048,103.883
64,0,4,4096,193.898
64,0,4,8192,372.448
64,0,4,16384,741.396
64,0,4,32768,1482.52
64,0,4,65536,2927.66
64,0,8,16,21.472
64,0,8,32,21.77
64,0,8,64,21.963
64,0,8,128,29.4617
64,0,8,256,38.144
64,0,8,512,55.1787
64,0,8,1024,88.8323
64,0,8,2048,154.411
64,0,8,4096,286.73
64,0,8,8192,553.247
64,0,8,16384,1102.74
64,0,8,32768,2182.75
64,0,8,65536,4315.72
64,0,16,16,30.336
64,0,16,32,30.805
64,0,16,64,31.488
64,0,16,128,46.1123
64,0,16,256,63.4237
64,0,16,512,97.1413
64,0,16,1024,163.829
64,0,16,2048,295.018
64,0,16,4096,557.227
64,0,16,8192,1092.12
64,0,16,16384,2172.96
64,0,16,32768,4301.65
64,0,16,65536,8603.16
64,0,32,16,54.294
64,0,32,32,55.0827
64,0,32,64,56.4907
64,0,32,128,85.675
64,0,32,256,118.112
64,0,32,512,179.573
64,0,32,1024,301.067
64,0,32,2048,543.723
64,0,32,4096,1028.49
64,0,32,8192,2061.03
64,0,32,16384,4059.87
64,0,32,32768,8144.46
64,0,32,65536,16583.2
64,0,64,16,98.08
64,0,64,32,99.4997
64,0,64,64,102.602
64,0,64,128,160.235
64,0,64,256,223.904
64,0,64,512,344.768
64,0,64,1024,591.658
64,0,64,2048,1072.47
64,0,64,4096,2386.56
64,0,64,8192,4937.59
64,0,64,16384,9875.18
64,0,64,32768,32065.1
64,0,64,65536,48661.7
64,0,128,16,187.104
64,0,128,32,189.973
64,0,128,64,195.381
64,0,128,128,313.696
64,0,128,256,451.317
64,0,128,512,723.669
64,0,128,1024,1253.43
64,0,128,2048,2580.53
64,0,128,4096,8106.82
64,0,128,8192,16285.9
64,0,128,16384,42661
64,0,128,32768,88304.7
64,0,128,65536,171926
64,16,0,0,9.664
64,16,1,16,9.504
64,16,1,32,9.39733
64,16,1,64,9.67467
64,16,1,128,11.2
64,16,1,256,13.8667
64,16,1,512,19.4667
64,16,1,1024,30.837
64,16,1,2048,53.472
64,16,1,4096,98.677
64,16,1,8192,189.312
64,16,1,16384,370.773
64,16,1,32768,734.559
64,16,1,65536,1452.01
64,16,2,16,13.909
64,16,2,32,13.9203
64,16,2,64,13.8457
64,16,2,128,16.651
64,16,2,256,19.104
64,16,2,512,24.373
64,16,2,1024,35.5307
64,16,2,2048,57.525
64,16,2,4096,101.792
64,16,2,8192,192.949
64,16,2,16384,378.186
64,16,2,32768,740.949
64,16,2,65536,1468.05
64,16,4,16,14.176
64,16,4,32,14.2933
64,16,4,64,14.2507
64,16,4,128,18.4
64,16,4,256,24.2663
64,16,4,512,35.232
64,16,4,1024,58.1227
64,16,4,2048,103.766
64,16,4,4096,193.547
64,16,4,8192,369.301
64,16,4,16384,742.474
64,16,4,32768,1482.86
64,16,4,65536,2931.63
64,16,8,16,21.7383
64,16,8,32,22.101
64,16,8,64,22.304
64,16,8,128,29.44
64,16,8,256,38.2713
64,16,8,512,54.7093
64,16,8,1024,87.957
64,16,8,2048,155.061
64,16,8,4096,286.506
64,16,8,8192,551.552
64,16,8,16384,1107.62
64,16,8,32768,2184.83
64,16,8,65536,4344.18
64,16,16,16,30.5173
64,16,16,32,30.9977
64,16,16,64,31.6583
64,16,16,128,46.24
64,16,16,256,63.4237
64,16,16,512,97.4613
64,16,16,1024,164.245
64,16,16,2048,295.168
64,16,16,4096,557.301
64,16,16,8192,1092.32
64,16,16,16384,2161.78
64,16,16,32768,4291.67
64,16,16,65536,8628.67
64,16,32,16,54.2933
64,16,32,32,55.1257
64,16,32,64,56.6293
64,16,32,128,85.6317
64,16,32,256,117.973
64,16,32,512,180.245
64,16,32,1024,301.055
64,16,32,2048,544.779
64,16,32,4096,1024.51
64,16,32,8192,2064.31
64,16,32,16384,4070.28
64,16,32,32768,8138.78
64,16,32,65536,16826.9
64,16,64,16,98.6137
64,16,64,32,99.765
64,16,64,64,102.528
64,16,64,128,159.84
64,16,64,256,223.179
64,16,64,512,345.067
64,16,64,1024,589.535
64,16,64,2048,1072.71
64,16,64,4096,2378.71
64,16,64,8192,4944.95
64,16,64,16384,9907.49
64,16,64,32768,29187.8
64,16,64,65536,51205.9
64,16,128,16,186.069
64,16,128,32,189.728
64,16,128,64,195.552
64,16,128,128,312.32
64,16,128,256,450.869
64,16,128,512,725.002
64,16,128,1024,1254.65
64,16,128,2048,2580.24
64,16,128,4096,8108.26
64,16,128,8192,16408.4
64,16,128,16384,42974.7
64,16,128,32768,88081.6
64,16,128,65536,173249
64,32,0,0,9.76033
64,32,1,16,9.36533
64,32,1,32,9.46133
64,32,1,64,9.76
64,32,1,128,11.2747
64,32,1,256,14.0053
64,32,1,512,19.3813
64,32,1,1024,30.976
64,32,1,2048,53.5467
64,32,1,4096,99.1147
64,32,1,8192,189.803
64,32,1,16384,369.291
64,32,1,32768,728.735
64,32,1,65536,1458
64,32,2,16,13.867
64,32,2,32,13.8453
64,32,2,64,14.0373
64,32,2,128,16.64
64,32,2,256,19.2117
64,32,2,512,24.4267
64,32,2,1024,35.4777
64,32,2,2048,57.4723
64,32,2,4096,101.643
64,32,2,8192,192.16
64,32,2,16384,376.47
64,32,2,32768,739.988
64,32,2,65536,1470.65
64,32,4,16,14.1227
64,32,4,32,14.2933
64,32,4,64,14.336
64,32,4,128,18.112
64,32,4,256,24.2347
64,32,4,512,35.0187
64,32,4,1024,57.834
64,32,4,2048,103.307
64,32,4,4096,193.397
64,32,4,8192,371.841
64,32,4,16384,742.229
64,32,4,32768,1473.57
64,32,4,65536,2935.27
64,32,8,16,21.728
64,32,8,32,21.9103
64,32,8,64,22.272
64,32,8,128,29.3013
64,32,8,256,37.8453
64,32,8,512,55.0823
64,32,8,1024,88.2667
64,32,8,2048,154.389
64,32,8,4096,286.901
64,32,8,8192,555.977
64,32,8,16384,1106.9
64,32,8,32768,2180.35
64,32,8,65536,4338.5
64,32,16,16,30.5707
64,32,16,32,31.04
64,32,16,64,31.648
64,32,16,128,46.2933
64,32,16,256,63.5193
64,32,16,512,97.5577
64,32,16,1024,163.904
64,32,16,2048,294.421
64,32,16,4096,557.835
64,32,16,8192,1094.73
64,32,16,16384,2173.07
64,32,16,32768,4315.58
64,32,16,65536,8617.81
64,32,32,16,54.4213
64,32,32,32,54.9333
64,32,32,64,56.5653
64,32,32,128,85.3653
64,32,32,256,118.315
64,32,32,512,179.296
64,32,32,1024,302.379
64,32,32,2048,545.066
64,32,32,4096,1027.09
64,32,32,8192,2053.7
64,32,32,16384,4059.46
64,32,32,32768,8146.91
64,32,32,65536,16489.4
64,32,64,16,98.5813
64,32,64,32,100.48
64,32,64,64,102.955
64,32,64,128,160.299
64,32,64,256,224.374
64,32,64,512,345.697
64,32,64,1024,591.061
64,32,64,2048,1070.9
64,32,64,4096,2389.99
64,32,64,8192,4939.6
64,32,64,16384,9937.06
64,32,64,32768,30715.2
64,32,64,65536,50491.8
64,32,128,16,186.912
64,32,128,32,189.909
64,32,128,64,194.88
64,32,128,128,312.065
64,32,128,256,449.525
64,32,128,512,723.488
64,32,128,1024,1259.47
64,32,128,2048,2578.06
64,32,128,4096,8108.17
64,32,128,8192,16298.7
64,32,128,16384,43413.8
64,32,128,32768,87849.6
64,32,128,65536,172601
64,64,0,0,9.867
64,64,1,16,9.568
64,64,1,32,9.58933
64,64,1,64,9.58933
64,64,1,128,11.328
64,64,1,256,13.888
64,64,1,512,19.552
64,64,1,1024,30.8693
64,64,1,2048,53.61
64,64,1,4096,98.8053
64,64,1,8192,189.515
64,64,1,16384,371.039
64,64,1,32768,732.458
64,64,1,65536,1456.59
64,64,2,16,14.2083
64,64,2,32,14.1653
64,64,2,64,14.1973
64,64,2,128,16.8743
64,64,2,256,19.5523
64,64,2,512,24.5653
64,64,2,1024,36.1603
64,64,2,2048,57.8667
64,64,2,4096,101.899
64,64,2,8192,193.13
64,64,2,16384,377.386
64,64,2,32768,745.771
64,64,2,65536,1470.41
64,64,4,16,14.1653
64,64,4,32,14.3577
64,64,4,64,14.4637
64,64,4,128,18.2393
64,64,4,256,24.245
64,64,4,512,35.2427
64,64,4,1024,58.016
64,64,4,2048,103.339
64,64,4,4096,193.355
64,64,4,8192,370.39
64,64,4,16384,739.158
64,64,4,32768,1478.58
64,64,4,65536,2920.33
64,64,8,16,21.9307
64,64,8,32,22.2293
64,64,8,64,22.336
64,64,8,128,29.483
64,64,8,256,38.0907
64,64,8,512,55.189
64,64,8,1024,88.6933
64,64,8,2048,154.955
64,64,8,4096,285.59
64,64,8,8192,554.004
64,64,8,16384,1106.91
64,64,8,32768,2186.21
64,64,8,65536,4331.36
64,64,16,16,30.699
64,64,16,32,31.1143
64,64,16,64,31.776
64,64,16,128,46.208
64,64,16,256,63.638
64,64,16,512,97.8023
64,64,16,1024,164.672
64,64,16,2048,295.178
64,64,16,4096,557.814
64,64,16,8192,1097.03
64,64,16,16384,2167.95
64,64,16,32768,4294.5
64,64,16,65536,8606.59
64,64,32,16,54.464
64,64,32,32,55.0613
64,64,32,64,56.8533
64,64,32,128,85.6533
64,64,32,256,117.813
64,64,32,512,179.819
64,64,32,1024,302.101
64,64,32,2048,545.835
64,64,32,4096,1027.9
64,64,32,8192,2061.63
64,64,32,16384,4053.81
64,64,32,32768,8162.83
64,64,32,65536,16600.3
64,64,64,16,98.816
64,64,64,32,100.16
64,64,64,64,102.646
64,64,64,128,160.437
64,64,64,256,223.744
64,64,64,512,345.92
64,64,64,1024,592.128
64,64,64,2048,1070.73
64,64,64,4096,2378.15
64,64,64,8192,4942.09
64,64,64,16384,9916.82
64,64,64,32768,33292.7
64,64,64,65536,44813.4
64,64,128,16,186.027
64,64,128,32,189.824
64,64,128,64,195.211
64,64,128,128,313.397
64,64,128,256,450.261
64,64,128,512,724.587
64,64,128,1024,1254.89
64,64,128,2048,2581.92
64,64,128,4096,8107.29
64,64,128,8192,16459
64,64,128,16384,43053.8
64,64,128,32768,87780.6
64,64,128,65536,171665
64,128,0,0,12.5867
64,128,1,16,11.658
64,128,1,32,11.7223
64,128,1,64,11.7013
64,128,1,128,12.0853
64,128,1,256,14.0267
64,128,1,512,19.531
64,128,1,1024,30.8267
64,128,1,2048,53.6317
64,128,1,4096,99.104
64,128,1,8192,188.565
64,128,1,16384,369.109
64,128,1,32768,732.671
64,128,1,65536,1458.51
64,128,2,16,16.6933
64,128,2,32,16.7253
64,128,2,64,16.7253
64,128,2,128,19.4883
64,128,2,256,22.3467
64,128,2,512,27.9997
64,128,2,1024,38.6453
64,128,2,2048,61.0027
64,128,2,4096,103.776
64,128,2,8192,192.822
64,128,2,16384,378.229
64,128,2,32768,741.897
64,128,2,65536,1467.36
64,128,4,16,16.9917
64,128,4,32,17.0773
64,128,4,64,16.971
64,128,4,128,19.883
64,128,4,256,23.8613
64,128,4,512,35.232
64,128,4,1024,58.0053
64,128,4,2048,103.221
64,128,4,4096,193.878
64,128,4,8192,371.701
64,128,4,16384,742.591
64,128,4,32768,1475.73
64,128,4,65536,2942.58
64,128,8,16,24.5973
64,128,8,32,24.7363
64,128,8,64,24.9923
64,128,8,128,32.395
64,128,8,256,40.832
64,128,8,512,57.685
64,128,8,1024,91.2637
64,128,8,2048,156.704
64,128,8,4096,286.72
64,128,8,8192,554.911
64,128,8,16384,1106.93
64,128,8,32768,2160.86
64,128,8,65536,4334.8
64,128,16,16,33.5997
64,128,16,32,33.9307
64,128,16,64,34.5597
64,128,16,128,47.3813
64,128,16,256,63.4027
64,128,16,512,97.024
64,128,16,1024,164.074
64,128,16,2048,296.213
64,128,16,4096,555.786
64,128,16,8192,1094.07
64,128,16,16384,2174.9
64,128,16,32768,4320.71
64,128,16,65536,8607.35
64,128,32,16,57.376
64,128,32,32,58.0583
64,128,32,64,59.3493
64,128,32,128,87.328
64,128,32,256,119.509
64,128,32,512,182.368
64,128,32,1024,302.048
64,128,32,2048,548.32
64,128,32,4096,1026.04
64,128,32,8192,2055.02
64,128,32,16384,4061.92
64,128,32,32768,8137.8
64,128,32,65536,16504.1
64,128,64,16,100.821
64,128,64,32,102.645
64,128,64,64,104.534
64,128,64,128,161.974
64,128,64,256,224.97
64,128,64,512,347.211
64,128,64,1024,594.101
64,128,64,2048,1072.53
64,128,64,4096,2380.27
64,128,64,8192,4946.27
64,128,64,16384,9945.39
64,128,64,32768,25149.9
64,128,64,65536,52010.4
64,128,128,16,187.765
64,128,128,32,190.079
64,128,128,64,195.829
64,128,128,128,314.517
64,128,128,256,450.816
64,128,128,512,725.023
64,128,128,1024,1252.94
64,128,128,2048,2582.54
64,128,128,4096,8111.35
64,128,128,8192,16485.6
64,128,128,16384,42959.9
64,128,128,32768,88014.7
64,128,128,65536,172409
64,256,0,0,15.5307
64,256,1,16,14.4107
64,256,1,32,14.4
64,256,1,64,14.368
64,256,1,128,14.5173
64,256,1,256,14.9867
64,256,1,512,19.3707
64,256,1,1024,30.8377
64,256,1,2048,53.504
64,256,1,4096,98.8057
64,256,1,8192,189.514
64,256,1,16384,371.2
64,256,1,32768,730.356
64,256,1,65536,1452.2
64,256,2,16,19.3387
64,256,2,32,19.5627
64,256,2,64,19.52
64,256,2,128,22.464
64,256,2,256,24.843
64,256,2,512,30.5493
64,256,2,1024,42.0053
64,256,2,2048,63.7017
64,256,2,4096,107.307
64,256,2,8192,193.845
64,256,2,16384,378.005
64,256,2,32768,741.93
64,256,2,65536,1470.89
64,256,4,16,19.6693
64,256,4,32,19.7223
64,256,4,64,19.9363
64,256,4,128,22.667
64,256,4,256,25.557
64,256,4,512,35.04
64,256,4,1024,58.048
64,256,4,2048,104.096
64,256,4,4096,193.643
64,256,4,8192,370.912
64,256,4,16384,741.833
64,256,4,32768,1479.44
64,256,4,65536,2919.29
64,256,8,16,27.733
64,256,8,32,27.8827
64,256,8,64,28.4053
64,256,8,128,35.296
64,256,8,256,43.5943
64,256,8,512,60.5973
64,256,8,1024,95.0397
64,256,8,2048,159.85
64,256,8,4096,288.447
64,256,8,8192,553.077
64,256,8,16384,1106
64,256,8,32768,2182.29
64,256,8,65536,4336.12
64,256,16,16,37.6957
64,256,16,32,37.6853
64,256,16,64,38.1443
64,256,16,128,50.8157
64,256,16,256,64.8643
64,256,16,512,97.3867
64,256,16,1024,163.989
64,256,16,2048,295.936
64,256,16,4096,558.89
64,256,16,8192,1096.26
64,256,16,16384,2167.37
64,256,16,32768,4314.47
64,256,16,65536,8635.24
64,256,32,16,60.1493
64,256,32,32,61.1093
64,256,32,64,62.7413
64,256,32,128,90.176
64,256,32,256,120.704
64,256,32,512,184.149
64,256,32,1024,308.256
64,256,32,2048,550.964
64,256,32,4096,1032.09
64,256,32,8192,2060.89
64,256,32,16384,4071.43
64,256,32,32768,8145.21
64,256,32,65536,16628.3
64,256,64,16,104.352
64,256,64,32,105.429
64,256,64,64,108.49
64,256,64,128,163.072
64,256,64,256,226.485
64,256,64,512,350.443
64,256,64,1024,595.956
64,256,64,2048,1073.37
64,256,64,4096,2383.89
64,256,64,8192,4946.75
64,256,64,16384,9972.88
64,256,64,32768,27339
64,256,64,65536,54322.9
64,256,128,16,191.083
64,256,128,32,193.855
64,256,128,64,199.456
64,256,128,128,315.179
64,256,128,256,452.778
64,256,128,512,725.226
64,256,128,1024,1255.62
64,256,128,2048,2588.49
64,256,128,4096,8109.27
64,256,128,8192,16477.9
64,256,128,16384,43060.3
64,256,128,32768,88368.9
64,256,128,65536,172174
64,512,0,0,20.949
64,512,1,16,19.9787
64,512,1,32,19.851
64,512,1,64,19.9683
64,512,1,128,19.9043
64,512,1,256,20.1183
64,512,1,512,20.2983
64,512,1,1024,30.9437
64,512,1,2048,53.4187
64,512,1,4096,98.933
64,512,1,8192,189.013
64,512,1,16384,369.643
64,512,1,32768,733.152
64,512,1,65536,1458.67
64,512,2,16,24.608
64,512,2,32,24.693
64,512,2,64,24.6827
64,512,2,128,27.4557
64,512,2,256,30.4317
64,512,2,512,35.9677
64,512,2,1024,47.5097
64,512,2,2048,69.6427
64,512,2,4096,112.875
64,512,2,8192,199.221
64,512,2,16384,377.183
64,512,2,32768,741.781
64,512,2,65536,1477.1
64,512,4,16,24.8213
64,512,4,32,24.832
64,512,4,64,25.0773
64,512,4,128,28.1917
64,512,4,256,30.8587
64,512,4,512,36.6933
64,512,4,1024,58.208
64,512,4,2048,103.765
64,512,4,4096,193.418
64,512,4,8192,372.288
64,512,4,16384,741.344
64,512,4,32768,1475.46
64,512,4,65536,2941.73
64,512,8,16,33.2267
64,512,8,32,33.3543
64,512,8,64,33.76
64,512,8,128,41.0453
64,512,8,256,49.024
64,512,8,512,65.515
64,512,8,1024,99.701
64,512,8,2048,166.155
64,512,8,4096,295.595
64,512,8,8192,554.421
64,512,8,16384,1108.66
64,512,8,32768,2183.82
64,512,8,65536,4345.78
64,512,16,16,44.7257
64,512,16,32,45.2477
64,512,16,64,46.208
64,512,16,128,57.3327
64,512,16,256,71.2743
64,512,16,512,98.453
64,512,16,1024,164.554
64,512,16,2048,295.701
64,512,16,4096,559.637
64,512,16,8192,1090.31
64,512,16,16384,2177.32
64,512,16,32768,4304.78
64,512,16,65536,8628.79
64,512,32,16,66.304
64,512,32,32,67.2427
64,512,32,64,68.4693
64,512,32,128,96.5657
64,512,32,256,126.421
64,512,32,512,186.784
64,512,32,1024,314.517
64,512,32,2048,556.96
64,512,32,4096,1031.75
64,512,32,8192,2059.85
64,512,32,16384,4079.18
64,512,32,32768,8140.79
64,512,32,65536,16626.5
64,512,64,16,110.389
64,512,64,32,112.405
64,512,64,64,115.285
64,512,64,128,170.101
64,512,64,256,230.357
64,512,64,512,352.032
64,512,64,1024,601.759
64,512,64,2048,1081.63
64,512,64,4096,2388.33
64,512,64,8192,4945.68
64,512,64,16384,9938.69
64,512,64,32768,29274.1
64,512,64,65536,53128.2
64,512,128,16,198.698
64,512,128,32,201.376
64,512,128,64,205.984
64,512,128,128,320.576
64,512,128,256,454.517
64,512,128,512,726.826
64,512,128,1024,1257.16
64,512,128,2048,2567.01
64,512,128,4096,8118.03
64,512,128,8192,16343.2
64,512,128,16384,42319.9
64,512,128,32768,87949.8
64,512,128,65536,172343
64,1024,0,0,32.341
64,1024,1,16,31.2743
64,1024,1,32,31.3497
64,1024,1,64,31.2537
64,1024,1,128,31.584
64,1024,1,256,31.4983
64,1024,1,512,31.5947
64,1024,1,1024,31.84
64,1024,1,2048,53.931
64,1024,1,4096,99.424
64,1024,1,8192,189.419
64,1024,1,16384,369.163
64,1024,1,32768,731.443
64,1024,1,65536,1453.52
64,1024,2,16,35.179
64,1024,2,32,35.3913
64,1024,2,64,35.4987
64,1024,2,128,38.251
64,1024,2,256,41.376
64,1024,2,512,46.4423
64,1024,2,1024,58.3253
64,1024,2,2048,81.7917
64,1024,2,4096,125.515
64,1024,2,8192,212.022
64,1024,2,16384,385.717
64,1024,2,32768,742.026
64,1024,2,65536,1463.94
64,1024,4,16,35.7447
64,1024,4,32,35.9467
64,1024,4,64,35.8933
64,1024,4,128,39.114
64,1024,4,256,41.664
64,1024,4,512,47.7013
64,1024,4,1024,59.68
64,1024,4,2048,103.659
64,1024,4,4096,193.856
64,1024,4,8192,372.096
64,1024,4,16384,741.448
64,1024,4,32768,1471.38
64,1024,4,65536,2929.47
64,1024,8,16,44.1597
64,1024,8,32,43.9997
64,1024,8,64,44.5333
64,1024,8,128,52.085
64,1024,8,256,60.6293
64,1024,8,512,76.576
64,1024,8,1024,109.418
64,1024,8,2048,176.533
64,1024,8,4096,304.373
64,1024,8,8192,564.607
64,1024,8,16384,1100.87
64,1024,8,32768,2183.44
64,1024,8,65536,4326.65
64,1024,16,16,56.4057
64,1024,16,32,56.9387
64,1024,16,64,57.899
64,1024,16,128,72.7153
64,1024,16,256,87.6477
64,1024,16,512,110.262
64,1024,16,1024,166.165
64,1024,16,2048,296.139
64,1024,16,4096,557.408
64,1024,16,8192,1094.23
64,1024,16,16384,2170.69
64,1024,16,32768,4300.03
64,1024,16,65536,8648.36
64,1024,32,16,80.4793
64,1024,32,32,81.6003
64,1024,32,64,82.7837
64,1024,32,128,108.384
64,1024,32,256,138.464
64,1024,32,512,197.087
64,1024,32,1024,319.402
64,1024,32,2048,566.122
64,1024,32,4096,1050.32
64,1024,32,8192,2068.24
64,1024,32,16384,4067.36
64,1024,32,32768,8152.38
64,1024,32,65536,16536
64,1024,64,16,123.061
64,1024,64,32,125.749
64,1024,64,64,129.141
64,1024,64,128,183.819
64,1024,64,256,244.427
64,1024,64,512,362.069
64,1024,64,1024,607.221
64,1024,64,2048,1091.74
64,1024,64,4096,2367.02
64,1024,64,8192,4955.43
64,1024,64,16384,9964.05
64,1024,64,32768,32516
64,1024,64,65536,45415.6
64,1024,128,16,212.096
64,1024,128,32,214.357
64,1024,128,64,220.672
64,1024,128,128,334.165
64,1024,128,256,464.266
64,1024,128,512,731.552
64,1024,128,1024,1262.81
64,1024,128,2048,2562.02
64,1024,128,4096,8124.29
64,1024,128,8192,16276
64,1024,128,16384,42740.1
64,1024,128,32768,87723.3
64,1024,128,65536,172598
64,2048,0,0,55.317
64,2048,1,16,53.9837
64,2048,1,32,54.1547
64,2048,1,64,53.888
64,2048,1,128,54.0373
64,2048,1,256,54.048
64,2048,1,512,54.219
64,2048,1,1024,54.6883
64,2048,1,2048,55.029
64,2048,1,4096,99.925
64,2048,1,8192,190.56
64,2048,1,16384,371.434
64,2048,1,32768,733.813
64,2048,1,65536,1458.49
64,2048,2,16,57.056
64,2048,2,32,56.8743
64,2048,2,64,56.7887
64,2048,2,128,59.808
64,2048,2,256,62.485
64,2048,2,512,68.0537
64,2048,2,1024,80.096
64,2048,2,2048,103.968
64,2048,2,4096,149.035
64,2048,2,8192,234.431
64,2048,2,16384,407.242
64,2048,2,32768,749.205
64,2048,2,65536,1471.18
64,2048,4,16,57.3553
64,2048,4,32,57.333
64,2048,4,64,57.5253
64,2048,4,128,60.192
64,2048,4,256,63.4343
64,2048,4,512,69.4503
64,2048,4,1024,81.5573
64,2048,4,2048,105.397
64,2048,4,4096,194.496
64,2048,4,8192,371.914
64,2048,4,16384,737.258
64,2048,4,32768,1479.3
64,2048,4,65536,2931.53
64,2048,8,16,65.6537
64,2048,8,32,65.7277
64,2048,8,64,65.792
64,2048,8,128,73.6743
64,2048,8,256,82.2937
64,2048,8,512,99.7443
64,2048,8,1024,131.349
64,2048,8,2048,196.768
64,2048,8,4096,326.165
64,2048,8,8192,587.007
64,2048,8,16384,1106.99
64,2048,8,32768,2180.38
64,2048,8,65536,4332.08
64,2048,16,16,77.792
64,2048,16,32,78.197
64,2048,16,64,79.008
64,2048,16,128,95.019
64,2048,16,256,111.712
64,2048,16,512,143.755
64,2048,16,1024,188.661
64,2048,16,2048,297.878
64,2048,16,4096,559.573
64,2048,16,8192,1091.58
64,2048,16,16384,2164.52
64,2048,16,32768,4315.68
64,2048,16,65536,8630.09
64,2048,32,16,105.408
64,2048,32,32,105.781
64,2048,32,64,107.818
64,2048,32,128,136.181
64,2048,32,256,168.256
64,2048,32,512,222.198
64,2048,32,1024,337.877
64,2048,32,2048,578.762
64,2048,32,4096,1073.3
64,2048,32,8192,2086.52
64,2048,32,16384,4084.68
64,2048,32,32768,8181.17
64,2048,32,65536,16910.2
64,2048,64,16,150.016
64,2048,64,32,152.672
64,2048,64,64,154.901
64,2048,64,128,210.539
64,2048,64,256,271.818
64,2048,64,512,388.171
64,2048,64,1024,626.752
64,2048,64,2048,1102.87
64,2048,64,4096,2365.06
64,2048,64,8192,4968.37
64,2048,64,16384,10005.8
64,2048,64,32768,28464.5
64,2048,64,65536,48202
64,2048,128,16,237.259
64,2048,128,32,241.642
64,2048,128,64,246.251
64,2048,128,128,361.13
64,2048,128,256,494.282
64,2048,128,512,754.901
64,2048,128,1024,1264.13
64,2048,128,2048,2576.69
64,2048,128,4096,8212.49
64,2048,128,8192,17271.7
64,2048,128,16384,43365.6
64,2048,128,32768,88475.6
64,2048,128,65536,172515
64,4096,0,0,101.173
64,4096,1,16,99.3597
64,4096,1,32,99.051
64,4096,1,64,99.6053
64,4096,1,128,99.3067
64,4096,1,256,99.093
64,4096,1,512,99.445
64,4096,1,1024,99.8293
64,4096,1,2048,100.202
64,4096,1,4096,100.938
64,4096,1,8192,190.218
64,4096,1,16384,372.779
64,4096,1,32768,734.677
64,4096,1,65536,1465.03
64,4096,2,16,99.68
64,4096,2,32,100.16
64,4096,2,64,99.6903
64,4096,2,128,102.463
64,4096,2,256,105.173
64,4096,2,512,110.72
64,4096,2,1024,122.944
64,4096,2,2048,146.133
64,4096,2,4096,193.024
64,4096,2,8192,279.477
64,4096,2,16384,453.099
64,4096,2,32768,796.885
64,4096,2,65536,1485.73
64,4096,4,16,100.896
64,4096,4,32,100.747
64,4096,4,64,101.087
64,4096,4,128,103.766
64,4096,4,256,106.805
64,4096,4,512,112.49
64,4096,4,1024,125.099
64,4096,4,2048,149.397
64,4096,4,4096,195.626
64,4096,4,8192,371.979
64,4096,4,16384,732
64,4096,4,32768,1476.85
64,4096,4,65536,2916.08
64,4096,8,16,107.797
64,4096,8,32,107.882
64,4096,8,64,108.715
64,4096,8,128,116.757
64,4096,8,256,124.801
64,4096,8,512,142.123
64,4096,8,1024,175.691
64,4096,8,2048,239.733
64,4096,8,4096,368.608
64,4096,8,8192,630.538
64,4096,8,16384,1153.55
64,4096,8,32768,2175.65
64,4096,8,65536,4342.42
64,4096,16,16,120.853
64,4096,16,32,121.547
64,4096,16,64,122.379
64,4096,16,128,138.111
64,4096,16,256,155.136
64,4096,16,512,188.373
64,4096,16,1024,253.045
64,4096,16,2048,343.339
64,4096,16,4096,560.918
64,4096,16,8192,1086.38
64,4096,16,16384,2181.41
64,4096,16,32768,4315.48
64,4096,16,65536,8799.58
64,4096,32,16,148.064
64,4096,32,32,149.098
64,4096,32,64,150.987
64,4096,32,128,183.573
64,4096,32,256,213.024
64,4096,32,512,277.045
64,4096,32,1024,388.714
64,4096,32,2048,624.352
64,4096,32,4096,1100.89
64,4096,32,8192,2205.82
64,4096,32,16384,4729.86
64,4096,32,32768,9611.77
64,4096,32,65536,19512.5
64,4096,64,16,200.384
64,4096,64,32,201.194
64,4096,64,64,204.64
64,4096,64,128,259.713
64,4096,64,256,325.269
64,4096,64,512,443.093
64,4096,64,1024,675.466
64,4096,64,2048,1147.64
64,4096,64,4096,2516.46
64,4096,64,8192,5285.41
64,4096,64,16384,13355.2
64,4096,64,32768,35957.3
64,4096,64,65536,60683.1
64,4096,128,16,292.491
64,4096,128,32,295.52
64,4096,128,64,297.664
64,4096,128,128,415.819
64,4096,128,256,542.325
64,4096,128,512,810.144
64,4096,128,1024,1317.08
64,4096,128,2048,2604.78
64,4096,128,4096,8130.28
64,4096,128,8192,20083.6
64,4096,128,16384,43499.5
64,4096,128,32768,87720.1
64,4096,128,65536,172978
64,8192,0,0,191.115
64,8192,1,16,190.015
64,8192,1,32,189.845
64,8192,1,64,188.853
64,8192,1,128,189.855
64,8192,1,256,190.027
64,8192,1,512,190.432
64,8192,1,1024,190.39
64,8192,1,2048,190.794
64,8192,1,4096,190.794
64,8192,1,8192,192.384
64,8192,1,16384,370.635
64,8192,1,32768,731.627
64,8192,1,65536,1449.17
64,8192,2,16,189.899
64,8192,2,32,189.44
64,8192,2,64,189.482
64,8192,2,128,190.037
64,8192,2,256,190.038
64,8192,2,512,195.702
64,8192,2,1024,207.435
64,8192,2,2048,231.296
64,8192,2,4096,279.062
64,8192,2,8192,369.44
64,8192,2,16384,542.379
64,8192,2,32768,889.162
64,8192,2,65536,1571.87
64,8192,4,16,189.963
64,8192,4,32,190.24
64,8192,4,64,190.048
64,8192,4,128,190.592
64,8192,4,256,193.878
64,8192,4,512,198.411
64,8192,4,1024,210.912
64,8192,4,2048,236.224
64,8192,4,4096,281.814
64,8192,4,8192,373.824
64,8192,4,16384,731.115
64,8192,4,32768,1461.34
64,8192,4,65536,2930.66
64,8192,8,16,194.165
64,8192,8,32,194.432
64,8192,8,64,195.744
64,8192,8,128,202.571
64,8192,8,256,210.944
64,8192,8,512,227.797
64,8192,8,1024,260.32
64,8192,8,2048,327.712
64,8192,8,4096,456.993
64,8192,8,8192,718.262
64,8192,8,16384,1259.14
64,8192,8,32768,2308.02
64,8192,8,65536,4444.48
64,8192,16,16,207.392
64,8192,16,32,207.755
64,8192,16,64,208.523
64,8192,16,128,223.147
64,8192,16,256,241.109
64,8192,16,512,274.08
64,8192,16,1024,341.035
64,8192,16,2048,467.2
64,8192,16,4096,648.235
64,8192,16,8192,1102.05
64,8192,16,16384,2184.46
64,8192,16,32768,4351.62
64,8192,16,65536,8867.85
64,8192,32,16,232.085
64,8192,32,32,233.408
64,8192,32,64,236.416
64,8192,32,128,269.578
64,8192,32,256,306.326
64,8192,32,512,376.853
64,8192,32,1024,493.515
64,8192,32,2048,716.202
64,8192,32,4096,1190.25
64,8192,32,8192,2239.43
64,8192,32,16384,4613.43
64,8192,32,32768,12085.1
64,8192,32,65536,25599.2
64,8192,64,16,283.84
64,8192,64,32,287.466
64,8192,64,64,290.144
64,8192,64,128,356.651
64,8192,64,256,424.437
64,8192,64,512,548.32
64,8192,64,1024,776.853
64,8192,64,2048,1246.99
64,8192,64,4096,2597.88
64,8192,64,8192,5219.58
64,8192,64,16384,12544.1
64,8192,64,32768,36855.2
64,8192,64,65536,63199.5
64,8192,128,16,390.038
64,8192,128,32,392.139
64,8192,128,64,399.061
64,8192,128,128,521.558
64,8192,128,256,659.947
64,8192,128,512,903.424
64,8192,128,1024,1428
64,8192,128,2048,2774.6
64,8192,128,4096,8310.1
64,8192,128,8192,16306.6
64,8192,128,16384,43758.8
64,8192,128,32768,88391.2
64,8192,128,65536,173827
64,16384,0,0,373.93
64,16384,1,16,371.893
64,16384,1,32,367.724
64,16384,1,64,371.19
64,16384,1,128,370.646
64,16384,1,256,370.549
64,16384,1,512,370.112
64,16384,1,1024,371.702
64,16384,1,2048,372.203
64,16384,1,4096,371.265
64,16384,1,8192,371.114
64,16384,1,16384,373.792
64,16384,1,32768,736.268
64,16384,1,65536,1468.46
64,16384,2,16,371.552
64,16384,2,32,370.89
64,16384,2,64,371.136
64,16384,2,128,371.179
64,16384,2,256,372.289
64,16384,2,512,372.117
64,16384,2,1024,378.923
64,16384,2,2048,399.531
64,16384,2,4096,445.066
64,16384,2,8192,541.322
64,16384,2,16384,734.25
64,16384,2,32768,1101.24
64,16384,2,65536,1838.28
64,16384,4,16,370.272
64,16384,4,32,370.049
64,16384,4,64,371.008
64,16384,4,128,371.167
64,16384,4,256,371.318
64,16384,4,512,371.839
64,16384,4,1024,383.306
64,16384,4,2048,407.392
64,16384,4,4096,452.437
64,16384,4,8192,544.789
64,16384,4,16384,752.374
64,16384,4,32768,1448.8
64,16384,4,65536,2938.81
64,16384,8,16,370.816
64,16384,8,32,370.89
64,16384,8,64,372.863
64,16384,8,128,375.403
64,16384,8,256,383.924
64,16384,8,512,398.122
64,16384,8,1024,429.76
64,16384,8,2048,494.998
64,16384,8,4096,629.195
64,16384,8,8192,891.701
64,16384,8,16384,1445.55
64,16384,8,32768,2537.31
64,16384,8,65536,4801.15
64,16384,16,16,378.732
64,16384,16,32,379.541
64,16384,16,64,380.31
64,16384,16,128,395.276
64,16384,16,256,412.672
64,16384,16,512,445.547
64,16384,16,1024,510.783
64,16384,16,2048,643.638
64,16384,16,4096,898.123
64,16384,16,8192,1280.86
64,16384,16,16384,2192.62
64,16384,16,32768,4358.26
64,16384,16,65536,9014.56
64,16384,32,16,406.198
64,16384,32,32,404.235
64,16384,32,64,408.512
64,16384,32,128,438.262
64,16384,32,256,475.466
64,16384,32,512,544.235
64,16384,32,1024,687.168
64,16384,32,2048,928.79
64,16384,32,4096,1371.33
64,16384,32,8192,2406.12
64,16384,32,16384,4420.96
64,16384,32,32768,12565.8
64,16384,32,65536,25351.5
64,16384,64,16,454.635
64,16384,64,32,458.933
64,16384,64,64,458.016
64,16384,64,128,527.83
64,16384,64,256,600.864
64,16384,64,512,741.28
64,16384,64,1024,978.624
64,16384,64,2048,1453.35
64,16384,64,4096,2822.52
64,16384,64,8192,5361.53
64,16384,64,16384,10505.3
64,16384,64,32768,36121.2
64,16384,64,65536,66601.1
64,16384,128,16,560.779
64,16384,128,32,564.213
64,16384,128,64,572.427
64,16384,128,128,711.071
64,16384,128,256,855.925
64,16384,128,512,1131.79
64,16384,128,1024,1658.25
64,16384,128,2048,3037.48
64,16384,128,4096,8752.57
64,16384,128,8192,16809.4
64,16384,128,16384,43622.7
64,16384,128,32768,88497.3
64,16384,128,65536,173212
64,32768,0,0,736.213
64,32768,1,16,731.734
64,32768,1,32,732.288
64,32768,1,64,730.357
64,32768,1,128,730.954
64,32768,1,256,729.056
64,32768,1,512,730.016
64,32768,1,1024,727.531
64,32768,1,2048,729.621
64,32768,1,4096,729.184
64,32768,1,8192,732.991
64,32768,1,16384,732.309
64,32768,1,32768,736.384
64,32768,1,65536,1456.54
64,32768,2,16,732.16
64,32768,2,32,733.877
64,32768,2,64,732.886
64,32768,2,128,730.516
64,32768,2,256,734.817
64,32768,2,512,731.852
64,32768,2,1024,732.8
64,32768,2,2048,738.466
64,32768,2,4096,783.585
64,32768,2,8192,872.097
64,32768,2,16384,1076.42
64,32768,2,32768,1468.29
64,32768,2,65536,2197.62
64,32768,4,16,735.223
64,32768,4,32,731.041
64,32768,4,64,731.712
64,32768,4,128,733.568
64,32768,4,256,732.512
64,32768,4,512,732.449
64,32768,4,1024,730.932
64,32768,4,2048,749.376
64,32768,4,4096,797.215
64,32768,4,8192,888.299
64,32768,4,16384,1098.96
64,32768,4,32768,1481.02
64,32768,4,65536,2877.68
64,32768,8,16,732.94
64,32768,8,32,730.965
64,32768,8,64,732.362
64,32768,8,128,730.358
64,32768,8,256,733.643
64,32768,8,512,740.118
64,32768,8,1024,774.485
64,32768,8,2048,837.003
64,32768,8,4096,967.713
64,32768,8,8192,1236.95
64,32768,8,16384,1780.96
64,32768,8,32768,2859.56
64,32768,8,65536,5062.98
64,32768,16,16,732.736
64,32768,16,32,731.765
64,32768,16,64,732.63
64,32768,16,128,742.027
64,32768,16,256,748.865
64,32768,16,512,786.731
64,32768,16,1024,850.016
64,32768,16,2048,977.526
64,32768,16,4096,1243.9
64,32768,16,8192,1793.08
64,32768,16,16384,2511.57
64,32768,16,32768,4316.12
64,32768,16,65536,8918.96
64,32768,32,16,745.184
64,32768,32,32,741.74
64,32768,32,64,746.699
64,32768,32,128,780.522
64,32768,32,256,814.453
64,32768,32,512,885.601
64,32768,32,1024,1024.19
64,32768,32,2048,1306.68
64,32768,32,4096,1785.17
64,32768,32,8192,2767.77
64,32768,32,16384,4769.84
64,32768,32,32768,8912.2
64,32768,32,65536,28000.2
64,32768,64,16,793.142
64,32768,64,32,799.606
64,32768,64,64,803.147
64,32768,64,128,866.475
64,32768,64,256,938.581
64,32768,64,512,1085.6
64,32768,64,1024,1366.31
64,32768,64,2048,1867.29
64,32768,64,4096,3103.01
64,32768,64,8192,5931.21
64,32768,64,16384,10971.6
64,32768,64,32768,31834.5
64,32768,64,65536,67073.3
64,32768,128,16,901.93
64,32768,128,32,902.454
64,32768,128,64,911.211
64,32768,128,128,1047.9
64,32768,128,256,1202.44
64,32768,128,512,1514.49
64,32768,128,1024,2056.55
64,32768,128,2048,3468.18
64,32768,128,4096,9517.34
64,32768,128,8192,18827.4
64,32768,128,16384,43956.3
64,32768,128,32768,88971.5
64,32768,128,65536,174660
64,65536,0,0,1460.03
64,65536,1,16,1459.02
64,65536,1,32,1452.68
64,65536,1,64,1450.21
64,65536,1,128,1451.56
64,65536,1,256,1456.94
64,65536,1,512,1450.87
64,65536,1,1024,1450.79
64,65536,1,2048,1448.82
64,65536,1,4096,1450.17
64,65536,1,8192,1458.62
64,65536,1,16384,1454.52
64,65536,1,32768,1461.06
64,65536,1,65536,1467.16
64,65536,2,16,1455.6
64,65536,2,32,1452.74
64,65536,2,64,1464.57
64,65536,2,128,1453.08
64,65536,2,256,1458.91
64,65536,2,512,1459.63
64,65536,2,1024,1458.95
64,65536,2,2048,1459.09
64,65536,2,4096,1470.21
64,65536,2,8192,1549.76
64,65536,2,16384,1770.12
64,65536,2,32768,2164.65
64,65536,2,65536,2933.03
64,65536,4,16,1458.45
64,65536,4,32,1456.62
64,65536,4,64,1456.06
64,65536,4,128,1458.35
64,65536,4,256,1460.06
64,65536,4,512,1455.42
64,65536,4,1024,1458.2
64,65536,4,2048,1454.29
64,65536,4,4096,1474.03
64,65536,4,8192,1575.25
64,65536,4,16384,1794.12
64,65536,4,32768,2192.67
64,65536,4,65536,2945.9
64,65536,8,16,1448.48
64,65536,8,32,1456.29
64,65536,8,64,1451.66
64,65536,8,128,1454.38
64,65536,8,256,1460.79
64,65536,8,512,1457.07
64,65536,8,1024,1463.37
64,65536,8,2048,1524.32
64,65536,8,4096,1651.45
64,65536,8,8192,1915.69
64,65536,8,16384,2458.79
64,65536,8,32768,3551.08
64,65536,8,65536,5689.72
64,65536,16,16,1463.09
64,65536,16,32,1457.67
64,65536,16,64,1462.14
64,65536,16,128,1458.47
64,65536,16,256,1465.15
64,65536,16,512,1478.07
64,65536,16,1024,1529.94
64,65536,16,2048,1669.9
64,65536,16,4096,1930.73
64,65536,16,8192,2473.9
64,65536,16,16384,3535.86
64,65536,16,32768,5024.58
64,65536,16,65536,8679.23
64,65536,32,16,1461.64
64,65536,32,32,1461.61
64,65536,32,64,1460.45
64,65536,32,128,1470.32
64,65536,32,256,1485.73
64,65536,32,512,1574.75
64,65536,32,1024,1705.34
64,65536,32,2048,1982.79
64,65536,32,4096,2551.24
64,65536,32,8192,3661.57
64,65536,32,16384,5498.25
64,65536,32,32768,9581.19
64,65536,32,65536,18595.5
64,65536,64,16,1479.71
64,65536,64,32,1486.84
64,65536,64,64,1484.94
64,65536,64,128,1547.11
64,65536,64,256,1625.08
64,65536,64,512,1751.4
64,65536,64,1024,2032.32
64,65536,64,2048,2611.42
64,65536,64,4096,4126
64,65536,64,8192,6569.84
64,65536,64,16384,15679.9
64,65536,64,32768,33598.2
64,65536,64,65536,48893.3
64,65536,128,16,1581.77
64,65536,128,32,1581.61
64,65536,128,64,1582.37
64,65536,128,128,1741.6
64,65536,128,256,1883.22
64,65536,128,512,2203.86
64,65536,128,1024,2816.23
64,65536,128,2048,4662.86
64,65536,128,4096,11424.4
64,65536,128,8192,23339.1
64,65536,128,16384,45522.9
64,65536,128,32768,89282.9
64,65536,128,65536,173677
128,0,0,0,10.016
128,0,1,16,14.016
128,0,1,32,14.0693
128,0,1,64,14.3253
128,0,1,128,16.6187
128,0,1,256,19.3493
128,0,1,512,24.5867
128,0,1,1024,35.1787
128,0,1,2048,56.704
128,0,1,4096,99.1153
128,0,1,8192,189.664
128,0,1,16384,369.878
128,0,1,32768,733.995
128,0,1,65536,1461.59
128,0,2,16,14.5387
128,0,2,32,14.688
128,0,2,64,14.5493
128,0,2,128,17.3653
128,0,2,256,20.2033
128,0,2,512,25.2157
128,0,2,1024,36.6403
128,0,2,2048,58.9547
128,0,2,4096,103.115
128,0,2,8192,192.534
128,0,2,16384,378.08
128,0,2,32768,741.077
128,0,2,65536,1467.09
128,0,4,16,18.4533
128,0,4,32,18.389
128,0,4,64,18.7093
128,0,4,128,21.8987
128,0,4,256,25.3333
128,0,4,512,36.0423
128,0,4,1024,58.9013
128,0,4,2048,104.961
128,0,4,4096,194.624
128,0,4,8192,373.067
128,0,4,16384,740.15
128,0,4,32768,1475.28
128,0,4,65536,2934.06
128,0,8,16,23.3173
128,0,8,32,23.649
128,0,8,64,23.9573
128,0,8,128,31.701
128,0,8,256,40.544
128,0,8,512,57.6103
128,0,8,1024,91.7867
128,0,8,2048,159.307
128,0,8,4096,290.912
128,0,8,8192,557.941
128,0,8,16384,1112.88
128,0,8,32768,2181.74
128,0,8,65536,4320.1
128,0,16,16,34.9867
128,0,16,32,35.317
128,0,16,64,36.2133
128,0,16,128,51.0077
128,0,16,256,67.883
128,0,16,512,100.715
128,0,16,1024,167.809
128,0,16,2048,298.209
128,0,16,4096,560.459
128,0,16,8192,1094.96
128,0,16,16384,2180.81
128,0,16,32768,4303.56
128,0,16,65536,8612.33
128,0,32,16,58.4957
128,0,32,32,59.275
128,0,32,64,60.8747
128,0,32,128,90.144
128,0,32,256,123.574
128,0,32,512,188.075
128,0,32,1024,309.557
128,0,32,2048,551.104
128,0,32,4096,1034.41
128,0,32,8192,2056.36
128,0,32,16384,4062.57
128,0,32,32768,8149.7
128,0,32,65536,16537
128,0,64,16,106.752
128,0,64,32,107.915
128,0,64,64,110.496
128,0,64,128,169.088
128,0,64,256,233.205
128,0,64,512,356.203
128,0,64,1024,601.525
128,0,64,2048,1080.34
128,0,64,4096,2379.56
128,0,64,8192,4949.34
128,0,64,16384,9940.15
128,0,64,32768,30997.3
128,0,64,65536,51246
128,0,128,16,202.73
128,0,128,32,206.048
128,0,128,64,211.264
128,0,128,128,329.504
128,0,128,256,467.018
128,0,128,512,743.04
128,0,128,1024,1274.16
128,0,128,2048,2590.45
128,0,128,4096,8115.67
128,0,128,8192,16315.4
128,0,128,16384,43141.7
128,0,128,32768,88019.1
128,0,128,65536,172420
128,16,0,0,11.9253
128,16,1,16,16.704
128,16,1,32,16.5653
128,16,1,64,16.6933
128,16,1,128,16.7147
128,16,1,256,19.3707
128,16,1,512,24.6827
128,16,1,1024,35.264
128,16,1,2048,56.6827
128,16,1,4096,99.7863
128,16,1,8192,189.429
128,16,1,16384,369.952
128,16,1,32768,733.323
128,16,1,65536,1451.09
128,16,2,16,17.0133
128,16,2,32,17.184
128,16,2,64,17.2907
128,16,2,128,18.3467
128,16,2,256,21.3653
128,16,2,512,26.6127
128,16,2,1024,37.5043
128,16,2,2048,59.5197
128,16,2,4096,103.637
128,16,2,8192,192.395
128,16,2,16384,377.632
128,16,2,32768,742.144
128,16,2,65536,1471.61
128,16,4,16,20.6827
128,16,4,32,20.714
128,16,4,64,21.088
128,16,4,128,22.6773
128,16,4,256,26.464
128,16,4,512,35.872
128,16,4,1024,58.7947
128,16,4,2048,104.394
128,16,4,4096,195.22
128,16,4,8192,372.267
128,16,4,16384,740.696
128,16,4,32768,1473.76
128,16,4,65536,2922.28
128,16,8,16,25.813
128,16,8,32,25.8347
128,16,8,64,26.3467
128,16,8,128,32.256
128,16,8,256,41.5893
128,16,8,512,58.9443
128,16,8,1024,93.462
128,16,8,2048,160.469
128,16,8,4096,291.434
128,16,8,8192,558.1
128,16,8,16384,1108.67
128,16,8,32768,2186.38
128,16,8,65536,4333.62
128,16,16,16,38.0373
128,16,16,32,38.0377
128,16,16,64,38.9547
128,16,16,128,52.4473
128,16,16,256,68.7777
128,16,16,512,101.301
128,16,16,1024,167.275
128,16,16,2048,299.338
128,16,16,4096,559.541
128,16,16,8192,1098.85
128,16,16,16384,2171.48
128,16,16,32768,4310.71
128,16,16,65536,8593.38
128,16,32,16,61.408
128,16,32,32,62.2613
128,16,32,64,63.4883
128,16,32,128,91.52
128,16,32,256,123.818
128,16,32,512,188.021
128,16,32,1024,310.603
128,16,32,2048,551.808
128,16,32,4096,1032.42
128,16,32,8192,2064.43
128,16,32,16384,4068.72
128,16,32,32768,8145.65
128,16,32,65536,16536.2
128,16,64,16,109.131
128,16,64,32,110.219
128,16,64,64,113.322
128,16,64,128,170.272
128,16,64,256,234.389
128,16,64,512,356.139
128,16,64,1024,602.901
128,16,64,2048,1080.55
128,16,64,4096,2378.41
128,16,64,8192,4941.99
128,16,64,16384,9919.87
128,16,64,32768,28448.5
128,16,64,65536,52058.3
128,16,128,16,204.33
128,16,128,32,207.457
128,16,128,64,212.085
128,16,128,128,329.888
128,16,128,256,465.845
128,16,128,512,742.996
128,16,128,1024,1275.77
128,16,128,2048,2577.39
128,16,128,4096,8119.26
128,16,128,8192,16542.7
128,16,128,16384,43123.1
128,16,128,32768,87884.3
128,16,128,65536,172514
128,32,0,0,11.915
128,32,1,16,16.7357
128,32,1,32,16.5867
128,32,1,64,16.8323
128,32,1,128,16.832
128,32,1,256,19.3277
128,32,1,512,24.608
128,32,1,1024,35.5423
128,32,1,2048,56.9063
128,32,1,4096,99.264
128,32,1,8192,189.451
128,32,1,16384,371.019
128,32,1,32768,729.568
128,32,1,65536,1451.85
128,32,2,16,16.992
128,32,2,32,16.9707
128,32,2,64,17.1413
128,32,2,128,18.421
128,32,2,256,21.28
128,32,2,512,26.6453
128,32,2,1024,37.227
128,32,2,2048,59.9247
128,32,2,4096,104.085
128,32,2,8192,192.181
128,32,2,16384,376.918
128,32,2,32768,739.509
128,32,2,65536,1468.09
128,32,4,16,20.8003
128,32,4,32,20.96
128,32,4,64,21.195
128,32,4,128,22.688
128,32,4,256,26.475
128,32,4,512,35.8827
128,32,4,1024,58.699
128,32,4,2048,104.48
128,32,4,4096,194.24
128,32,4,8192,372.245
128,32,4,16384,741.59
128,32,4,32768,1476.51
128,32,4,65536,2920.08
128,32,8,16,25.856
128,32,8,32,26.3147
128,32,8,64,26.3147
128,32,8,128,32.288
128,32,8,256,41.6963
128,32,8,512,58.8483
128,32,8,1024,93.024
128,32,8,2048,160.171
128,32,8,4096,290.986
128,32,8,8192,555.743
128,32,8,16384,1106.81
128,32,8,32768,2174.67
128,32,8,65536,4325.29
128,32,16,16,38.3253
128,32,16,32,38.3997
128,32,16,64,39.179
128,32,16,128,52.246
128,32,16,256,68.9813
128,32,16,512,101.195
128,32,16,1024,168.011
128,32,16,2048,299.349
128,32,16,4096,562.346
128,32,16,8192,1098.92
128,32,16,16384,2166.45
128,32,16,32768,4312
128,32,16,65536,8622.62
128,32,32,16,61.8027
128,32,32,32,62.411
128,32,32,64,63.6693
128,32,32,128,91.328
128,32,32,256,124.181
128,32,32,512,188.49
128,32,32,1024,311.306
128,32,32,2048,554.411
128,32,32,4096,1035.35
128,32,32,8192,2056.93
128,32,32,16384,4070.75
128,32,32,32768,8138.89
128,32,32,65536,16459.6
128,32,64,16,109.152
128,32,64,32,110.155
128,32,64,64,112.725
128,32,64,128,170.187
128,32,64,256,232.458
128,32,64,512,357.344
128,32,64,1024,602.037
128,32,64,2048,1081.63
128,32,64,4096,2384.47
128,32,64,8192,4944.74
128,32,64,16384,9940.12
128,32,64,32768,29939.2
128,32,64,65536,53638.4
128,32,128,16,204.213
128,32,128,32,207.265
128,32,128,64,212.043
128,32,128,128,330.175
128,32,128,256,466.474
128,32,128,512,743.956
128,32,128,1024,1272.5
128,32,128,2048,2592.3
128,32,128,4096,8115.95
128,32,128,8192,16428
128,32,128,16384,43079.8
128,32,128,32768,88155.6
128,32,128,65536,172746
128,64,0,0,11.9893
128,64,1,16,16.779
128,64,1,32,16.736
128,64,1,64,16.9387
128,64,1,128,17.0673
128,64,1,256,19.2217
128,64,1,512,24.7787
128,64,1,1024,35.3603
128,64,1,2048,56.5973
128,64,1,4096,99.509
128,64,1,8192,189.494
128,64,1,16384,370.411
128,64,1,32768,732.97
128,64,1,65536,1458.38
128,64,2,16,17.056
128,64,2,32,17.216
128,64,2,64,17.2263
128,64,2,128,18.4327
128,64,2,256,21.4293
128,64,2,512,26.9227
128,64,2,1024,37.738
128,64,2,2048,59.627
128,64,2,4096,104.064
128,64,2,8192,192.832
128,64,2,16384,377.195
128,64,2,32768,741.238
128,64,2,65536,1468.83
128,64,4,16,20.8533
128,64,4,32,20.9287
128,64,4,64,21.2907
128,64,4,128,22.7523
128,64,4,256,26.6773
128,64,4,512,35.7977
128,64,4,1024,58.6667
128,64,4,2048,104.341
128,64,4,4096,194.72
128,64,4,8192,371.99
128,64,4,16384,741.802
128,64,4,32768,1471.26
128,64,4,65536,2928.17
128,64,8,16,26.155
128,64,8,32,25.856
128,64,8,64,26.518
128,64,8,128,32.544
128,64,8,256,41.7707
128,64,8,512,59.2537
128,64,8,1024,93.3443
128,64,8,2048,160.757
128,64,8,4096,292.298
128,64,8,8192,556.629
128,64,8,16384,1110.18
128,64,8,32768,2191.11
128,64,8,65536,4322.9
128,64,16,16,38.251
128,64,16,32,38.763
128,64,16,64,39.083
128,64,16,128,52.2027
128,64,16,256,69.0987
128,64,16,512,101.526
128,64,16,1024,167.765
128,64,16,2048,298.582
128,64,16,4096,561.643
128,64,16,8192,1096.58
128,64,16,16384,2169.69
128,64,16,32768,4299.18
128,64,16,65536,8612.9
128,64,32,16,61.7707
128,64,32,32,62.709
128,64,32,64,63.6803
128,64,32,128,90.976
128,64,32,256,123.786
128,64,32,512,188.107
128,64,32,1024,310.101
128,64,32,2048,553.184
128,64,32,4096,1032.06
128,64,32,8192,2065.77
128,64,32,16384,4076.49
128,64,32,32768,8143.74
128,64,32,65536,16570
128,64,64,16,109.365
128,64,64,32,110.453
128,64,64,64,112.885
128,64,64,128,169.835
128,64,64,256,232.853
128,64,64,512,356.084
128,64,64,1024,600.854
128,64,64,2048,1082.5
128,64,64,4096,2386.28
128,64,64,8192,4943.27
128,64,64,16384,9940.59
128,64,64,32768,25341.5
128,64,64,65536,47181.4
128,64,128,16,204.373
128,64,128,32,206.112
128,64,128,64,212.405
128,64,128,128,330.421
128,64,128,256,466.486
128,64,128,512,743.423
128,64,128,1024,1272.52
128,64,128,2048,2604.57
128,64,128,4096,8112.5
128,64,128,8192,17225
128,64,128,16384,43285
128,64,128,32768,88047.3
128,64,128,65536,171956
128,128,0,0,12.9067
128,128,1,16,17.1837
128,128,1,32,17.386
128,128,1,64,17.216
128,128,1,128,19.488
128,128,1,256,22.624
128,128,1,512,27.6483
128,128,1,1024,38.2827
128,128,1,2048,59.435
128,128,1,4096,102.133
128,128,1,8192,189.675
128,128,1,16384,371.137
128,128,1,32768,730.486
128,128,1,65536,1457.96
128,128,2,16,17.8987
128,128,2,32,17.9307
128,128,2,64,17.867
128,128,2,128,19.9353
128,128,2,256,23.232
128,128,2,512,29.1627
128,128,2,1024,39.8617
128,128,2,2048,61.8667
128,128,2,4096,106.549
128,128,2,8192,192.832
128,128,2,16384,375.893
128,128,2,32768,739.915
128,128,2,65536,1469.83
128,128,4,16,21.2053
128,128,4,32,21.312
128,128,4,64,21.6107
128,128,4,128,26.1763
128,128,4,256,30.848
128,128,4,512,36.907
128,128,4,1024,58.9433
128,128,4,2048,104.501
128,128,4,4096,194.421
128,128,4,8192,371.445
128,128,4,16384,741.814
128,128,4,32768,1477.18
128,128,4,65536,2934.5
128,128,8,16,26.7943
128,128,8,32,27.104
128,128,8,64,27.3597
128,128,8,128,34.443
128,128,8,256,43.168
128,128,8,512,61.0987
128,128,8,1024,95.0397
128,128,8,2048,161.76
128,128,8,4096,293.355
128,128,8,8192,562.07
128,128,8,16384,1106.27
128,128,8,32768,2178.05
128,128,8,65536,4323.53
128,128,16,16,39.307
128,128,16,32,39.4027
128,128,16,64,40.0533
128,128,16,128,54.6023
128,128,16,256,71.488
128,128,16,512,103.306
128,128,16,1024,168.512
128,128,16,2048,299.605
128,128,16,4096,560.811
128,128,16,8192,1099.41
128,128,16,16384,2173.58
128,128,16,32768,4303.41
128,128,16,65536,8617.92
128,128,32,16,63.232
128,128,32,32,63.7333
128,128,32,64,65.5257
128,128,32,128,92.832
128,128,32,256,125.376
128,128,32,512,188.938
128,128,32,1024,315.125
128,128,32,2048,555.883
128,128,32,4096,1037.6
128,128,32,8192,2062.06
128,128,32,16384,4076.91
128,128,32,32768,8151.78
128,128,32,65536,17262.4
128,128,64,16,110.219
128,128,64,32,111.275
128,128,64,64,114.24
128,128,64,128,171.115
128,128,64,256,233.952
128,128,64,512,358.337
128,128,64,1024,604.033
128,128,64,2048,1085.09
128,128,64,4096,2383.97
128,128,64,8192,4943.12
128,128,64,16384,9917.09
128,128,64,32768,32426.4
128,128,64,65536,54922.8
128,128,128,16,206.24
128,128,128,32,208.181
128,128,128,64,213.952
128,128,128,128,331.285
128,128,128,256,468.17
128,128,128,512,742.368
128,128,128,1024,1273.42
128,128,128,2048,2601
128,128,128,4096,8119.02
128,128,128,8192,16396.3
128,128,128,16384,43040.2
128,128,128,32768,87726.8
128,128,128,65536,172620
128,256,0,0,15.6377
128,256,1,16,20.021
128,256,1,32,19.9893
128,256,1,64,20.1493
128,256,1,128,22.368
128,256,1,256,25.408
128,256,1,512,30.6987
128,256,1,1024,41.515
128,256,1,2048,62.5387
128,256,1,4096,104.757
128,256,1,8192,190.613
128,256,1,16384,369.973
128,256,1,32768,730.548
128,256,1,65536,1457.33
128,256,2,16,20.4267
128,256,2,32,20.427
128,256,2,64,20.5223
128,256,2,128,23.0183
128,256,2,256,25.9307
128,256,2,512,32.0107
128,256,2,1024,43.189
128,256,2,2048,65.1203
128,256,2,4096,109.653
128,256,2,8192,196.864
128,256,2,16384,377.077
128,256,2,32768,743.339
128,256,2,65536,1465.64
128,256,4,16,25.0347
128,256,4,32,25.471
128,256,4,64,25.1203
128,256,4,128,28.992
128,256,4,256,34.5387
128,256,4,512,42.6347
128,256,4,1024,59.1363
128,256,4,2048,104.672
128,256,4,4096,194.485
128,256,4,8192,371.626
128,256,4,16384,740.752
128,256,4,32768,1470.09
128,256,4,65536,2927.31
128,256,8,16,30.4433
128,256,8,32,30.6773
128,256,8,64,31.008
128,256,8,128,37.504
128,256,8,256,45.931
128,256,8,512,64.0857
128,256,8,1024,98.091
128,256,8,2048,165.045
128,256,8,4096,296.341
128,256,8,8192,563.21
128,256,8,16384,1105.63
128,256,8,32768,2179.26
128,256,8,65536,4323.27
128,256,16,16,43.3067
128,256,16,32,43.7863
128,256,16,64,43.9787
128,256,16,128,58.2717
128,256,16,256,74.9547
128,256,16,512,107.221
128,256,16,1024,168.895
128,256,16,2048,298.997
128,256,16,4096,564.971
128,256,16,8192,1097.41
128,256,16,16384,2174.37
128,256,16,32768,4296.58
128,256,16,65536,8612.18
128,256,32,16,67.4557
128,256,32,32,68.416
128,256,32,64,69.6957
128,256,32,128,96.7467
128,256,32,256,126.795
128,256,32,512,190.133
128,256,32,1024,317.088
128,256,32,2048,559.861
128,256,32,4096,1042.74
128,256,32,8192,2072.67
128,256,32,16384,4075.92
128,256,32,32768,8131.66
128,256,32,65536,16465.2
128,256,64,16,115.296
128,256,64,32,115.882
128,256,64,64,118.582
128,256,64,128,173.899
128,256,64,256,236.832
128,256,64,512,360.554
128,256,64,1024,607.221
128,256,64,2048,1088.14
128,256,64,4096,2391
128,256,64,8192,4944.42
128,256,64,16384,9885.55
128,256,64,32768,29451.8
128,256,64,65536,52530.4
128,256,128,16,209.558
128,256,128,32,212.619
128,256,128,64,218.656
128,256,128,128,333.269
128,256,128,256,470.923
128,256,128,512,744.917
128,256,128,1024,1274.12
128,256,128,2048,2596.85
128,256,128,4096,8121.55
128,256,128,8192,16357.3
128,256,128,16384,42527.5
128,256,128,32768,88175.1
128,256,128,65536,172014
128,512,0,0,21.2587
128,512,1,16,25.6747
128,512,1,32,25.5893
128,512,1,64,25.6107
128,512,1,128,27.808
128,512,1,256,31.2213
128,512,1,512,36.576
128,512,1,1024,47.5513
128,512,1,2048,68.8107
128,512,1,4096,111.392
128,512,1,8192,196.449
128,512,1,16384,371.648
128,512,1,32768,734.603
128,512,1,65536,1461.57
128,512,2,16,25.9307
128,512,2,32,25.952
128,512,2,64,26.016
128,512,2,128,28.4907
128,512,2,256,31.5833
128,512,2,512,37.184
128,512,2,1024,48.6077
128,512,2,2048,71.456
128,512,2,4096,115.36
128,512,2,8192,201.813
128,512,2,16384,377.077
128,512,2,32768,740.543
128,512,2,65536,1468.69
128,512,4,16,30.6773
128,512,4,32,30.6453
128,512,4,64,30.9767
128,512,4,128,35.8617
128,512,4,256,40.3307
128,512,4,512,51.0293
128,512,4,1024,65.3333
128,512,4,2048,104.992
128,512,4,4096,194.965
128,512,4,8192,371.765
128,512,4,16384,737.802
128,512,4,32768,1480.52
128,512,4,65536,2929.98
128,512,8,16,38.7627
128,512,8,32,39.2103
128,512,8,64,39.3703
128,512,8,128,44.1067
128,512,8,256,52.3307
128,512,8,512,68.704
128,512,8,1024,103.691
128,512,8,2048,170.805
128,512,8,4096,302.986
128,512,8,8192,567.467
128,512,8,16384,1110.41
128,512,8,32768,2190.62
128,512,8,65536,4336.89
128,512,16,16,51.4133
128,512,16,32,51.925
128,512,16,64,52.5227
128,512,16,128,65.2373
128,512,16,256,81.0987
128,512,16,512,113.494
128,512,16,1024,175.019
128,512,16,2048,299.392
128,512,16,4096,563.638
128,512,16,8192,1102.86
128,512,16,16384,2179.6
128,512,16,32768,4320.82
128,512,16,65536,8621.16
128,512,32,16,76.3943
128,512,32,32,76.885
128,512,32,64,77.7387
128,512,32,128,105.909
128,512,32,256,135.211
128,512,32,512,193.259
128,512,32,1024,320.864
128,512,32,2048,572.01
128,512,32,4096,1050.65
128,512,32,8192,2066.36
128,512,32,16384,4073.35
128,512,32,32768,8151.74
128,512,32,65536,16481.9
128,512,64,16,123.797
128,512,64,32,124.981
128,512,64,64,127.488
128,512,64,128,182.901
128,512,64,256,242.848
128,512,64,512,363.562
128,512,64,1024,610.624
128,512,64,2048,1098.29
128,512,64,4096,2389.91
128,512,64,8192,4951.15
128,512,64,16384,9948.94
128,512,64,32768,31317.7
128,512,64,65536,47335.5
128,512,128,16,218.602
128,512,128,32,221.504
128,512,128,64,227.232
128,512,128,128,340.896
128,512,128,256,473.398
128,512,128,512,747.765
128,512,128,1024,1275.62
128,512,128,2048,2577.82
128,512,128,4096,8117.4
128,512,128,8192,16574
128,512,128,16384,43187
128,512,128,32768,88117.2
128,512,128,65536,171751
128,1024,0,0,32.928
128,1024,1,16,36.7147
128,1024,1,32,36.1173
128,1024,1,64,36.2137
128,1024,1,128,38.8587
128,1024,1,256,42.2613
128,1024,1,512,47.5303
128,1024,1,1024,59.5203
128,1024,1,2048,80.9377
128,1024,1,4096,122.613
128,1024,1,8192,206.816
128,1024,1,16384,379.872
128,1024,1,32768,733.664
128,1024,1,65536,1459.72
128,1024,2,16,36.992
128,1024,2,32,36.7783
128,1024,2,64,36.7463
128,1024,2,128,39.585
128,1024,2,256,42.688
128,1024,2,512,48.352
128,1024,2,1024,60.384
128,1024,2,2048,83.1783
128,1024,2,4096,127.199
128,1024,2,8192,214.283
128,1024,2,16384,389.579
128,1024,2,32768,741.312
128,1024,2,65536,1472.89
128,1024,4,16,41.8987
128,1024,4,32,42.112
128,1024,4,64,42.2293
128,1024,4,128,46.8373
128,1024,4,256,53.077
128,1024,4,512,62.699
128,1024,4,1024,84.704
128,1024,4,2048,110.037
128,1024,4,4096,195.157
128,1024,4,8192,372.341
128,1024,4,16384,735.764
128,1024,4,32768,1467.73
128,1024,4,65536,2924.04
128,1024,8,16,52.2987
128,1024,8,32,52.5437
128,1024,8,64,53.1733
128,1024,8,128,60.949
128,1024,8,256,68.8853
128,1024,8,512,80.5653
128,1024,8,1024,113.685
128,1024,8,2048,181.472
128,1024,8,4096,314.774
128,1024,8,8192,578.688
128,1024,8,16384,1117.72
128,1024,8,32768,2177.26
128,1024,8,65536,4336.31
128,1024,16,16,67.498
128,1024,16,32,67.6587
128,1024,16,64,68.277
128,1024,16,128,82.1013
128,1024,16,256,98.0793
128,1024,16,512,125.291
128,1024,16,1024,189.952
128,1024,16,2048,305.909
128,1024,16,4096,564.469
128,1024,16,8192,1094.07
128,1024,16,16384,2181.43
128,1024,16,32768,4318.3
128,1024,16,65536,8629.39
128,1024,32,16,92.448
128,1024,32,32,93.312
128,1024,32,64,94.272
128,1024,32,128,122.667
128,1024,32,256,152.117
128,1024,32,512,208.651
128,1024,32,1024,324.191
128,1024,32,2048,578.515
128,1024,32,4096,1073.65
128,1024,32,8192,2085.54
128,1024,32,16384,4085.1
128,1024,32,32768,8160.13
128,1024,32,65536,16532.2
128,1024,64,16,141.066
128,1024,64,32,141.579
128,1024,64,64,144.405
128,1024,64,128,200.117
128,1024,64,256,259.124
128,1024,64,512,376.948
128,1024,64,1024,619.784
128,1024,64,2048,1106.77
128,1024,64,4096,2382.5
128,1024,64,8192,4952.53
128,1024,64,16384,10013.7
128,1024,64,32768,29903
128,1024,64,65536,48342.9
128,1024,128,16,237.109
128,1024,128,32,239.039
128,1024,128,64,243.967
128,1024,128,128,358.676
128,1024,128,256,489.619
128,1024,128,512,754.44
128,1024,128,1024,1282.59
128,1024,128,2048,2569.07
128,1024,128,4096,8133.46
128,1024,128,8192,16962
128,1024,128,16384,43070
128,1024,128,32768,88116.4
128,1024,128,65536,172654
128,2048,0,0,55.7647
128,2048,1,16,58.837
128,2048,1,32,58.5813
128,2048,1,64,58.1013
128,2048,1,128,60.5443
128,2048,1,256,64.0853
128,2048,1,512,70.0267
128,2048,1,1024,81.4933
128,2048,1,2048,104.459
128,2048,1,4096,147.701
128,2048,1,8192,232.629
128,2048,1,16384,402.528
128,2048,1,32768,740.98
128,2048,1,65536,1458.34
128,2048,2,16,59.3383
128,2048,2,32,59.1037
128,2048,2,64,59.6263
128,2048,2,128,61.9087
128,2048,2,256,65.1523
128,2048,2,512,70.7413
128,2048,2,1024,82.9013
128,2048,2,2048,106.091
128,2048,2,4096,150.421
128,2048,2,8192,237.739
128,2048,2,16384,411.018
128,2048,2,32768,764.757
128,2048,2,65536,1468.53
128,2048,4,16,63.979
128,2048,4,32,64.96
128,2048,4,64,64.1383
128,2048,4,128,69.2157
128,2048,4,256,75.4873
128,2048,4,512,86.7527
128,2048,4,1024,106.624
128,2048,4,2048,150.432
128,2048,4,4096,196.384
128,2048,4,8192,371.264
128,2048,4,16384,730.976
128,2048,4,32768,1469.12
128,2048,4,65536,2900.52
128,2048,8,16,74.912
128,2048,8,32,74.912
128,2048,8,64,75.2213
128,2048,8,128,87.9153
128,2048,8,256,101.931
128,2048,8,512,116.278
128,2048,8,1024,136.715
128,2048,8,2048,201.301
128,2048,8,4096,335.093
128,2048,8,8192,601.248
128,2048,8,16384,1140.16
128,2048,8,32768,2212.99
128,2048,8,65536,4341.38
128,2048,16,16,94.197
128,2048,16,32,94.4533
128,2048,16,64,95.68
128,2048,16,128,112.907
128,2048,16,256,128.256
128,2048,16,512,161.942
128,2048,16,1024,213.494
128,2048,16,2048,340.597
128,2048,16,4096,568.511
128,2048,16,8192,1099.1
128,2048,16,16384,2184.4
128,2048,16,32768,4333.98
128,2048,16,65536,8618.16
128,2048,32,16,123.061
128,2048,32,32,124.554
128,2048,32,64,125.888
128,2048,32,128,155.253
128,2048,32,256,185.099
128,2048,32,512,243.083
128,2048,32,1024,360.725
128,2048,32,2048,589.088
128,2048,32,4096,1096.06
128,2048,32,8192,2106.86
128,2048,32,16384,4124.56
128,2048,32,32768,8300.61
128,2048,32,65536,17120.2
128,2048,64,16,171.51
128,2048,64,32,174.389
128,2048,64,64,176.661
128,2048,64,128,232.587
128,2048,64,256,294.677
128,2048,64,512,410.336
128,2048,64,1024,643.924
128,2048,64,2048,1121.16
128,2048,64,4096,2436.64
128,2048,64,8192,4997.29
128,2048,64,16384,10301.1
128,2048,64,32768,30906.5
128,2048,64,65536,49581.4
128,2048,128,16,272.661
128,2048,128,32,272.501
128,2048,128,64,279.05
128,2048,128,128,392.971
128,2048,128,256,518.208
128,2048,128,512,786.751
128,2048,128,1024,1293.26
128,2048,128,2048,2613.77
128,2048,128,4096,8257
128,2048,128,8192,19779.6
128,2048,128,16384,43060.8
128,2048,128,32768,88106
128,2048,128,65536,172334
128,4096,0,0,101.771
128,4096,1,16,102.197
128,4096,1,32,101.995
128,4096,1,64,102.219
128,4096,1,128,104.757
128,4096,1,256,108.204
128,4096,1,512,113.675
128,4096,1,1024,125.6
128,4096,1,2048,148.917
128,4096,1,4096,193.717
128,4096,1,8192,278.73
128,4096,1,16384,448.491
128,4096,1,32768,787.029
128,4096,1,65536,1462.6
128,4096,2,16,103.157
128,4096,2,32,103.456
128,4096,2,64,103.499
128,4096,2,128,106.069
128,4096,2,256,108.832
128,4096,2,512,114.677
128,4096,2,1024,126.795
128,4096,2,2048,150.219
128,4096,2,4096,195.808
128,4096,2,8192,283.296
128,4096,2,16384,456.587
128,4096,2,32768,810.144
128,4096,2,65536,1510.75
128,4096,4,16,108.277
128,4096,4,32,108.736
128,4096,4,64,108.587
128,4096,4,128,112.874
128,4096,4,256,119.38
128,4096,4,512,130.539
128,4096,4,1024,153.002
128,4096,4,2048,193.931
128,4096,4,4096,279.669
128,4096,4,8192,375.093
128,4096,4,16384,732.297
128,4096,4,32768,1474.06
128,4096,4,65536,2930.77
128,4096,8,16,118.443
128,4096,8,32,118.806
128,4096,8,64,119.114
128,4096,8,128,131.531
128,4096,8,256,145.589
128,4096,8,512,171.883
128,4096,8,1024,204.693
128,4096,8,2048,246.859
128,4096,8,4096,376.139
128,4096,8,8192,645.974
128,4096,8,16384,1187.92
128,4096,8,32768,2267.69
128,4096,8,65536,4373.03
128,4096,16,16,137.237
128,4096,16,32,137.866
128,4096,16,64,139.787
128,4096,16,128,162.463
128,4096,16,256,186.891
128,4096,16,512,221.919
128,4096,16,1024,280.629
128,4096,16,2048,387.19
128,4096,16,4096,643.776
128,4096,16,8192,1098.14
128,4096,16,16384,2202.57
128,4096,16,32768,4361.67
128,4096,16,65536,8707.18
128,4096,32,16,177.248
128,4096,32,32,178.101
128,4096,32,64,179.926
128,4096,32,128,216.063
128,4096,32,256,248.501
128,4096,32,512,310.132
128,4096,32,1024,423.05
128,4096,32,2048,661.225
128,4096,32,4096,1110.85
128,4096,32,8192,2197.82
128,4096,32,16384,4926.52
128,4096,32,32768,12268.2
128,4096,32,65536,22406.2
128,4096,64,16,234.315
128,4096,64,32,235.904
128,4096,64,64,238.603
128,4096,64,128,294.795
128,4096,64,256,358.443
128,4096,64,512,479.402
128,4096,64,1024,710.207
128,4096,64,2048,1166.67
128,4096,64,4096,2512.91
128,4096,64,8192,5476.74
128,4096,64,16384,14845.3
128,4096,64,32768,38803.5
128,4096,64,65536,61705
128,4096,128,16,334.357
128,4096,128,32,337.675
128,4096,128,64,343.157
128,4096,128,128,460.555
128,4096,128,256,595.668
128,4096,128,512,839.093
128,4096,128,1024,1360.81
128,4096,128,2048,2695.84
128,4096,128,4096,8259.74
128,4096,128,8192,21606.4
128,4096,128,16384,43610.9
128,4096,128,32768,88287.1
128,4096,128,65536,173608
128,8192,0,0,192.043
128,8192,1,16,191.467
128,8192,1,32,191.584
128,8192,1,64,191.318
128,8192,1,128,192.117
128,8192,1,256,195.265
128,8192,1,512,200.469
128,8192,1,1024,211.915
128,8192,1,2048,235.232
128,8192,1,4096,278.902
128,8192,1,8192,371.328
128,8192,1,16384,540.458
128,8192,1,32768,880.075
128,8192,1,65536,1563.05
128,8192,2,16,191.338
128,8192,2,32,191.264
128,8192,2,64,192.565
128,8192,2,128,194.123
128,8192,2,256,196.811
128,8192,2,512,203.317
128,8192,2,1024,213.653
128,8192,2,2048,237.75
128,8192,2,4096,282.741
128,8192,2,8192,372.213
128,8192,2,16384,547.434
128,8192,2,32768,900.885
128,8192,2,65536,1594.18
128,8192,4,16,196.032
128,8192,4,32,195.957
128,8192,4,64,195.979
128,8192,4,128,201.685
128,8192,4,256,209.067
128,8192,4,512,218.442
128,8192,4,1024,241.6
128,8192,4,2048,284.864
128,8192,4,4096,370.987
128,8192,4,8192,539.147
128,8192,4,16384,736.426
128,8192,4,32768,1453.52
128,8192,4,65536,2925.39
128,8192,8,16,205.077
128,8192,8,32,205.941
128,8192,8,64,205.578
128,8192,8,128,218.976
128,8192,8,256,232.779
128,8192,8,512,258.325
128,8192,8,1024,310.709
128,8192,8,2048,376.725
128,8192,8,4096,465.194
128,8192,8,8192,731.969
128,8192,8,16384,1277.59
128,8192,8,32768,2391.19
128,8192,8,65536,4555.28
128,8192,16,16,225.525
128,8192,16,32,226.069
128,8192,16,64,225.77
128,8192,16,128,249.494
128,8192,16,256,273.632
128,8192,16,512,322.944
128,8192,16,1024,396.682
128,8192,16,2048,518.806
128,8192,16,4096,735.444
128,8192,16,8192,1269.23
128,8192,16,16384,2201.82
128,8192,16,32768,4567.8
128,8192,16,65536,9876.7
128,8192,32,16,263.424
128,8192,32,32,264.479
128,8192,32,64,265.963
128,8192,32,128,312.821
128,8192,32,256,361.621
128,8192,32,512,428.117
128,8192,32,1024,550.625
128,8192,32,2048,793.727
128,8192,32,4096,1265.9
128,8192,32,8192,2245.49
128,8192,32,16384,5190.92
128,8192,32,32768,16913.5
128,8192,32,65536,28934.7
128,8192,64,16,341.898
128,8192,64,32,341.899
128,8192,64,64,346.656
128,8192,64,128,419.605
128,8192,64,256,481.152
128,8192,64,512,605.163
128,8192,64,1024,848.235
128,8192,64,2048,1308
128,8192,64,4096,2640.97
128,8192,64,8192,5159.63
128,8192,64,16384,14791.8
128,8192,64,32768,39148.1
128,8192,64,65536,72903.2
128,8192,128,16,457.749
128,8192,128,32,460.245
128,8192,128,64,465.557
128,8192,128,128,586.399
128,8192,128,256,722.944
128,8192,128,512,994.432
128,8192,128,1024,1492.81
128,8192,128,2048,2832.72
128,8192,128,4096,8484.22
128,8192,128,8192,16621.5
128,8192,128,16384,43818.8
128,8192,128,32768,88749.2
128,8192,128,65536,174080
128,16384,0,0,373.877
128,16384,1,16,372.618
128,16384,1,32,373.802
128,16384,1,64,372.299
128,16384,1,128,372.779
128,16384,1,256,374.389
128,16384,1,512,374.347
128,16384,1,1024,387.221
128,16384,1,2048,410.325
128,16384,1,4096,456.245
128,16384,1,8192,544.768
128,16384,1,16384,729.792
128,16384,1,32768,1072.71
128,16384,1,65536,1741.34
128,16384,2,16,374.154
128,16384,2,32,372.533
128,16384,2,64,373.568
128,16384,2,128,374.464
128,16384,2,256,373.088
128,16384,2,512,377.291
128,16384,2,1024,386.741
128,16384,2,2048,411.851
128,16384,2,4096,456.639
128,16384,2,8192,547.499
128,16384,2,16384,737.813
128,16384,2,32768,1104.28
128,16384,2,65536,1824.59
128,16384,4,16,373.142
128,16384,4,32,373.568
128,16384,4,64,373.568
128,16384,4,128,375.925
128,16384,4,256,379.905
128,16384,4,512,393.516
128,16384,4,1024,415.146
128,16384,4,2048,458.144
128,16384,4,4096,545.972
128,16384,4,8192,723.423
128,16384,4,16384,1069.33
128,16384,4,32768,1455.39
128,16384,4,65536,2927.32
128,16384,8,16,379.285
128,16384,8,32,379.893
128,16384,8,64,380.202
128,16384,8,128,393.28
128,16384,8,256,406.912
128,16384,8,512,430.186
128,16384,8,1024,482.422
128,16384,8,2048,592.277
128,16384,8,4096,721.471
128,16384,8,8192,907.936
128,16384,8,16384,1449.83
128,16384,8,32768,2530.07
128,16384,8,65536,4797.91
128,16384,16,16,398.166
128,16384,16,32,399.37
128,16384,16,64,400.512
128,16384,16,128,423.36
128,16384,16,256,452.363
128,16384,16,512,492.833
128,16384,16,1024,590.006
128,16384,16,2048,746.164
128,16384,16,4096,994.699
128,16384,16,8192,1445.63
128,16384,16,16384,2516.29
128,16384,16,32768,4390.6
128,16384,16,65536,10379.4
128,16384,32,16,435.392
128,16384,32,32,438.709
128,16384,32,64,441.055
128,16384,32,128,486.485
128,16384,32,256,533.173
128,16384,32,512,628.864
128,16384,32,1024,797.066
128,16384,32,2048,1037.41
128,16384,32,4096,1528.75
128,16384,32,8192,2561.6
128,16384,32,16384,4436.05
128,16384,32,32768,15116.5
128,16384,32,65536,29654.8
128,16384,64,16,511.488
128,16384,64,32,514.122
128,16384,64,64,518.421
128,16384,64,128,608.928
128,16384,64,256,706.453
128,16384,64,512,848.385
128,16384,64,1024,1092.54
128,16384,64,2048,1572.63
128,16384,64,4096,2613.09
128,16384,64,8192,5517.93
128,16384,64,16384,10387.8
128,16384,64,32768,38994.9
128,16384,64,65536,74249.1
128,16384,128,16,675.477
128,16384,128,32,678.24
128,16384,128,64,683.274
128,16384,128,128,828.097
128,16384,128,256,973.866
128,16384,128,512,1254.47
128,16384,128,1024,1773.67
128,16384,128,2048,3088.57
128,16384,128,4096,8958.39
128,16384,128,8192,17344
128,16384,128,16384,43625.3
128,16384,128,32768,88781.6
128,16384,128,65536,174982
128,32768,0,0,736.959
128,32768,1,16,736.725
128,32768,1,32,736.586
128,32768,1,64,736.054
128,32768,1,128,734.603
128,32768,1,256,735.488
128,32768,1,512,737.036
128,32768,1,1024,736.497
128,32768,1,2048,752.531
128,32768,1,4096,796.884
128,32768,1,8192,885.45
128,32768,1,16384,1067.82
128,32768,1,32768,1451.69
128,32768,1,65536,2150.14
128,32768,2,16,735.626
128,32768,2,32,736.607
128,32768,2,64,735.637
128,32768,2,128,736.149
128,32768,2,256,735.937
128,32768,2,512,737.376
128,32768,2,1024,736.842
128,32768,2,2048,757.652
128,32768,2,4096,801.505
128,32768,2,8192,893.759
128,32768,2,16384,1084.63
128,32768,2,32768,1475.97
128,32768,2,65536,2198.47
128,32768,4,16,735.649
128,32768,4,32,734.861
128,32768,4,64,737.749
128,32768,4,128,735.925
128,32768,4,256,736.693
128,32768,4,512,741.333
128,32768,4,1024,761.312
128,32768,4,2048,807.551
128,32768,4,4096,889.344
128,32768,4,8192,1067.66
128,32768,4,16384,1406.12
128,32768,4,32768,2126
128,32768,4,65536,2879.86
128,32768,8,16,735.488
128,32768,8,32,735.424
128,32768,8,64,736.554
128,32768,8,128,736.768
128,32768,8,256,750.271
128,32768,8,512,775.456
128,32768,8,1024,825.067
128,32768,8,2048,930.165
128,32768,8,4096,1140.91
128,32768,8,8192,1421.95
128,32768,8,16384,1806.07
128,32768,8,32768,2872.53
128,32768,8,65536,5070.4
128,32768,16,16,749.313
128,32768,16,32,747.658
128,32768,16,64,748.041
128,32768,16,128,769.642
128,32768,16,256,794.925
128,32768,16,512,841.313
128,32768,16,1024,935.894
128,32768,16,2048,1127.04
128,32768,16,4096,1485.97
128,32768,16,8192,1968.96
128,32768,16,16384,2872.21
128,32768,16,32768,5011.75
128,32768,16,65536,8943.94
128,32768,32,16,779.883
128,32768,32,32,784.821
128,32768,32,64,783.658
128,32768,32,128,831.423
128,32768,32,256,883.018
128,32768,32,512,975.551
128,32768,32,1024,1168.81
128,32768,32,2048,1504.23
128,32768,32,4096,1980.62
128,32768,32,8192,3109.82
128,32768,32,16384,5091.34
128,32768,32,32768,8875.13
128,32768,32,65536,28612.9
128,32768,64,16,861.888
128,32768,64,32,862.378
128,32768,64,64,861.301
128,32768,64,128,952.363
128,32768,64,256,1053.5
128,32768,64,512,1245.55
128,32768,64,1024,1579.98
128,32768,64,2048,2073.97
128,32768,64,4096,3363.08
128,32768,64,8192,5580.07
128,32768,64,16384,11091.4
128,32768,64,32768,31955.3
128,32768,64,65536,75757.3
128,32768,128,16,1018.78
128,32768,128,32,1019.81
128,32768,128,64,1027.27
128,32768,128,128,1216.16
128,32768,128,256,1428.24
128,32768,128,512,1727.37
128,32768,128,1024,2288.32
128,32768,128,2048,3754.32
128,32768,128,4096,9964.48
128,32768,128,8192,19242
128,32768,128,16384,44307.2
128,32768,128,32768,88473.1
128,32768,128,65536,175196
128,65536,0,0,1463.5
128,65536,1,16,1463.58
128,65536,1,32,1463.99
128,65536,1,64,1468.15
128,65536,1,128,1461.51
128,65536,1,256,1460.42
128,65536,1,512,1465.01
128,65536,1,1024,1467.71
128,65536,1,2048,1466.27
128,65536,1,4096,1503.26
128,65536,1,8192,1573.94
128,65536,1,16384,1771.41
128,65536,1,32768,2182.63
128,65536,1,65536,2915.45
128,65536,2,16,1464.54
128,65536,2,32,1461.2
128,65536,2,64,1460.56
128,65536,2,128,1464.77
128,65536,2,256,1465.31
128,65536,2,512,1463.74
128,65536,2,1024,1467.21
128,65536,2,2048,1464.29
128,65536,2,4096,1500.03
128,65536,2,8192,1582.6
128,65536,2,16384,1783.3
128,65536,2,32768,2184.68
128,65536,2,65536,2919.52
128,65536,4,16,1465.32
128,65536,4,32,1467.02
128,65536,4,64,1466.68
128,65536,4,128,1466.27
128,65536,4,256,1466.88
128,65536,4,512,1459.7
128,65536,4,1024,1464.93
128,65536,4,2048,1497.27
128,65536,4,4096,1591.34
128,65536,4,8192,1765.23
128,65536,4,16384,2132.69
128,65536,4,32768,2844.5
128,65536,4,65536,4242.94
128,65536,8,16,1459.07
128,65536,8,32,1459.98
128,65536,8,64,1464.57
128,65536,8,128,1465.81
128,65536,8,256,1461.93
128,65536,8,512,1475.21
128,65536,8,1024,1520.56
128,65536,8,2048,1620.55
128,65536,8,4096,1826.79
128,65536,8,8192,2250.57
128,65536,8,16384,2831.52
128,65536,8,32768,3583.21
128,65536,8,65536,5694.66
128,65536,16,16,1461.51
128,65536,16,32,1464.67
128,65536,16,64,1469.44
128,65536,16,128,1473.88
128,65536,16,256,1488.36
128,65536,16,512,1544.91
128,65536,16,1024,1637.81
128,65536,16,2048,1810.03
128,65536,16,4096,2205.96
128,65536,16,8192,2958.98
128,65536,16,16384,3905.72
128,65536,16,32768,5698.38
128,65536,16,65536,10035.4
128,65536,32,16,1477.01
128,65536,32,32,1473.69
128,65536,32,64,1491.23
128,65536,32,128,1524.92
128,65536,32,256,1572.29
128,65536,32,512,1663.43
128,65536,32,1024,1854.24
128,65536,32,2048,2229.52
128,65536,32,4096,2928.45
128,65536,32,8192,3959.35
128,65536,32,16384,6207.97
128,65536,32,32768,10253.3
128,65536,32,65536,18028.1
128,65536,64,16,1545.33
128,65536,64,32,1561.14
128,65536,64,64,1560.13
128,65536,64,128,1656.68
128,65536,64,256,1739.26
128,65536,64,512,1932.04
128,65536,64,1024,2327.66
128,65536,64,2048,3012.24
128,65536,64,4096,4464.29
128,65536,64,8192,7268.79
128,65536,64,16384,11482.8
128,65536,64,32768,31401.7
128,65536,64,65536,55157.1
128,65536,128,16,1708.28
128,65536,128,32,1718.91
128,65536,128,64,1719.26
128,65536,128,128,1907.85
128,65536,128,256,2113.81
128,65536,128,512,2533.77
128,65536,128,1024,3236.97
128,65536,128,2048,5330.9
128,65536,128,4096,12800.5
128,65536,128,8192,23523.9
128,65536,128,16384,45519.4
128,65536,128,32768,89992.8
128,65536,128,65536,174559
256,0,0,0,18.56
256,0,1,16,19.5633
256,0,1,32,19.328
256,0,1,64,19.5203
256,0,1,128,20.0213
256,0,1,256,22.5067
256,0,1,512,27.9893
256,0,1,1024,38.4747
256,0,1,2048,59.7333
256,0,1,4096,102.549
256,0,1,8192,189.547
256,0,1,16384,371.158
256,0,1,32768,731.734
256,0,1,65536,1462.56
256,0,2,16,21.7917
256,0,2,32,21.8987
256,0,2,64,22.1447
256,0,2,128,22.7733
256,0,2,256,25.312
256,0,2,512,34.7733
256,0,2,1024,45.9627
256,0,2,2048,67.5733
256,0,2,4096,111.04
256,0,2,8192,199.254
256,0,2,16384,376.128
256,0,2,32768,743.179
256,0,2,65536,1475.54
256,0,4,16,25.11
256,0,4,32,25.0667
256,0,4,64,25.4723
256,0,4,128,27.5303
256,0,4,256,33.568
256,0,4,512,43.573
256,0,4,1024,64.725
256,0,4,2048,108.288
256,0,4,4096,197.462
256,0,4,8192,371.414
256,0,4,16384,739.061
256,0,4,32768,1467.8
256,0,4,65536,2920.93
256,0,8,16,32.2663
256,0,8,32,32.0217
256,0,8,64,32.6507
256,0,8,128,38.6667
256,0,8,256,47.2427
256,0,8,512,66.3997
256,0,8,1024,100.714
256,0,8,2048,166.816
256,0,8,4096,297.899
256,0,8,8192,562.272
256,0,8,16384,1107.23
256,0,8,32768,2169.24
256,0,8,65536,4321.08
256,0,16,16,46.1653
256,0,16,32,46.464
256,0,16,64,47.0507
256,0,16,128,59.7973
256,0,16,256,76.7997
256,0,16,512,109.899
256,0,16,1024,175.264
256,0,16,2048,305.856
256,0,16,4096,567.167
256,0,16,8192,1098.18
256,0,16,16384,2189.03
256,0,16,32768,4325.21
256,0,16,65536,8625.82
256,0,32,16,73.8987
256,0,32,32,73.9947
256,0,32,64,75.6693
256,0,32,128,102.88
256,0,32,256,135.712
256,0,32,512,197.663
256,0,32,1024,323.392
256,0,32,2048,567.542
256,0,32,4096,1047.12
256,0,32,8192,2064.45
256,0,32,16384,4076.01
256,0,32,32768,8148.04
256,0,32,65536,16574.4
256,0,64,16,129.462
256,0,64,32,130.699
256,0,64,64,132.992
256,0,64,128,189.664
256,0,64,256,252.778
256,0,64,512,375.349
256,0,64,1024,623.798
256,0,64,2048,1106.85
256,0,64,4096,2399.64
256,0,64,8192,4957.95
256,0,64,16384,9992.28
256,0,64,32768,28134.5
256,0,64,65536,51890.3
256,0,128,16,242.976
256,0,128,32,244.779
256,0,128,64,249.867
256,0,128,128,366.39
256,0,128,256,500.587
256,0,128,512,779.093
256,0,128,1024,1317.08
256,0,128,2048,2607.42
256,0,128,4096,8129.61
256,0,128,8192,16377.4
256,0,128,16384,43163.4
256,0,128,32768,88415.2
256,0,128,65536,172139
256,16,0,0,22.0053
256,16,1,16,22.7517
256,16,1,32,22.5807
256,16,1,64,22.6243
256,16,1,128,22.8587
256,16,1,256,24.4163
256,16,1,512,29.632
256,16,1,1024,39.7227
256,16,1,2048,61.3333
256,16,1,4096,103.786
256,16,1,8192,189.601
256,16,1,16384,371.499
256,16,1,32768,733.215
256,16,1,65536,1449.05
256,16,2,16,24.5867
256,16,2,32,24.7357
256,16,2,64,24.7573
256,16,2,128,26.0593
256,16,2,256,26.7833
256,16,2,512,35.0397
256,16,2,1024,48.277
256,16,2,2048,69.8553
256,16,2,4096,113.099
256,16,2,8192,200.939
256,16,2,16384,376.448
256,16,2,32768,740.256
256,16,2,65536,1470.06
256,16,4,16,28.3947
256,16,4,32,28.608
256,16,4,64,29.0347
256,16,4,128,30.7943
256,16,4,256,34.3573
256,16,4,512,45.515
256,16,4,1024,66.1753
256,16,4,2048,110.357
256,16,4,4096,198.517
256,16,4,8192,373.664
256,16,4,16384,738.048
256,16,4,32768,1469.8
256,16,4,65536,2909.04
256,16,8,16,35.584
256,16,8,32,35.744
256,16,8,64,36.2667
256,16,8,128,42.1547
256,16,8,256,49.0667
256,16,8,512,67.3063
256,16,8,1024,103.168
256,16,8,2048,169.226
256,16,8,4096,299.915
256,16,8,8192,562.869
256,16,8,16384,1106.4
256,16,8,32768,2178.59
256,16,8,65536,4315.3
256,16,16,16,50.08
256,16,16,32,50.2827
256,16,16,64,50.8377
256,16,16,128,63.232
256,16,16,256,78.2293
256,16,16,512,111.786
256,16,16,1024,175.84
256,16,16,2048,306.709
256,16,16,4096,568.533
256,16,16,8192,1097.21
256,16,16,16384,2171.86
256,16,16,32768,4293.63
256,16,16,65536,8622.69
256,16,32,16,77.504
256,16,32,32,78.1013
256,16,32,64,79.7547
256,16,32,128,106.091
256,16,32,256,136.917
256,16,32,512,200.182
256,16,32,1024,326.144
256,16,32,2048,571.446
256,16,32,4096,1050.51
256,16,32,8192,2069.43
256,16,32,16384,4079.06
256,16,32,32768,8139.85
256,16,32,65536,16512.5
256,16,64,16,133.248
256,16,64,32,134.454
256,16,64,64,137.035
256,16,64,128,192.843
256,16,64,256,254.453
256,16,64,512,377.035
256,16,64,1024,625.419
256,16,64,2048,1108.12
256,16,64,4096,2398.31
256,16,64,8192,4958.9
256,16,64,16384,9967.73
256,16,64,32768,27963
256,16,64,65536,54063.9
256,16,128,16,246.539
256,16,128,32,247.893
256,16,128,64,254.272
256,16,128,128,367.968
256,16,128,256,503.466
256,16,128,512,778.592
256,16,128,1024,1314.08
256,16,128,2048,2621.36
256,16,128,4096,8128.06
256,16,128,8192,16432
256,16,128,16384,43246.6
256,16,128,32768,88056.5
256,16,128,65536,171949
256,32,0,0,22.0693
256,32,1,16,22.4853
256,32,1,32,22.9013
256,32,1,64,22.688
256,32,1,128,22.8693
256,32,1,256,24.288
256,32,1,512,29.5033
256,32,1,1024,40.235
256,32,1,2048,61.7383
256,32,1,4096,104.128
256,32,1,8192,189.611
256,32,1,16384,371.339
256,32,1,32768,733.825
256,32,1,65536,1456.14
256,32,2,16,24.8853
256,32,2,32,24.6933
256,32,2,64,25.088
256,32,2,128,26.357
256,32,2,256,26.8157
256,32,2,512,35.0827
256,32,2,1024,48.6827
256,32,2,2048,70.4747
256,32,2,4096,113.952
256,32,2,8192,202.763
256,32,2,16384,376.854
256,32,2,32768,740.949
256,32,2,65536,1472.6
256,32,4,16,28.7683
256,32,4,32,28.768
256,32,4,64,29.0673
256,32,4,128,30.8377
256,32,4,256,34.1437
256,32,4,512,45.7493
256,32,4,1024,66.25
256,32,4,2048,111.328
256,32,4,4096,198.443
256,32,4,8192,372.48
256,32,4,16384,737.696
256,32,4,32768,1479.63
256,32,4,65536,2914.17
256,32,8,16,35.8617
256,32,8,32,35.9787
256,32,8,64,36.416
256,32,8,128,42.3463
256,32,8,256,49.0883
256,32,8,512,67.4663
256,32,8,1024,103.413
256,32,8,2048,169.483
256,32,8,4096,299.658
256,32,8,8192,563.915
256,32,8,16384,1109.41
256,32,8,32768,2178.41
256,32,8,65536,4300.63
256,32,16,16,49.7493
256,32,16,32,50.3253
256,32,16,64,50.6027
256,32,16,128,63.7437
256,32,16,256,78.4217
256,32,16,512,111.317
256,32,16,1024,176.299
256,32,16,2048,306.571
256,32,16,4096,566.944
256,32,16,8192,1101.91
256,32,16,16384,2169.92
256,32,16,32768,4315.44
256,32,16,65536,8600.23
256,32,32,16,77.8347
256,32,32,32,78.421
256,32,32,64,79.2007
256,32,32,128,106.294
256,32,32,256,136.747
256,32,32,512,199.274
256,32,32,1024,325.131
256,32,32,2048,569.696
256,32,32,4096,1052.16
256,32,32,8192,2062.51
256,32,32,16384,4078.33
256,32,32,32768,8136.84
256,32,32,65536,16486.6
256,32,64,16,133.738
256,32,64,32,134.283
256,32,64,64,136.992
256,32,64,128,192.021
256,32,64,256,254.251
256,32,64,512,378.443
256,32,64,1024,627.541
256,32,64,2048,1112.64
256,32,64,4096,2405.9
256,32,64,8192,4959.01
256,32,64,16384,9979.11
256,32,64,32768,33114.6
256,32,64,65536,48669.6
256,32,128,16,246.368
256,32,128,32,248.715
256,32,128,64,253.579
256,32,128,128,368.811
256,32,128,256,503.349
256,32,128,512,780.651
256,32,128,1024,1316.57
256,32,128,2048,2624.5
256,32,128,4096,8128.27
256,32,128,8192,16455.8
256,32,128,16384,42827.2
256,32,128,32768,87797.2
256,32,128,65536,171428
256,64,0,0,22.2183
256,64,1,16,22.7413
256,64,1,32,22.71
256,64,1,64,22.955
256,64,1,128,22.9757
256,64,1,256,24.6613
256,64,1,512,29.3117
256,64,1,1024,40.32
256,64,1,2048,61.536
256,64,1,4096,103.573
256,64,1,8192,189.526
256,64,1,16384,370.668
256,64,1,32768,733.888
256,64,1,65536,1464.45
256,64,2,16,24.8853
256,64,2,32,24.9493
256,64,2,64,25.131
256,64,2,128,26.4
256,64,2,256,26.6667
256,64,2,512,35.5733
256,64,2,1024,48.2133
256,64,2,2048,70.3787
256,64,2,4096,113.44
256,64,2,8192,200.352
256,64,2,16384,377.504
256,64,2,32768,742.443
256,64,2,65536,1471.74
256,64,4,16,28.6507
256,64,4,32,29.0133
256,64,4,64,29.1947
256,64,4,128,31.3173
256,64,4,256,34.784
256,64,4,512,45.3337
256,64,4,1024,66.6243
256,64,4,2048,109.973
256,64,4,4096,198.144
256,64,4,8192,371.839
256,64,4,16384,738.036
256,64,4,32768,1479.79
256,64,4,65536,2908.28
256,64,8,16,36.0107
256,64,8,32,36.224
256,64,8,64,36.5653
256,64,8,128,42.4957
256,64,8,256,48.928
256,64,8,512,67.7227
256,64,8,1024,102.88
256,64,8,2048,169.621
256,64,8,4096,300.406
256,64,8,8192,562.815
256,64,8,16384,1104.62
256,64,8,32768,2181.23
256,64,8,65536,4306.47
256,64,16,16,50.506
256,64,16,32,50.304
256,64,16,64,51.0613
256,64,16,128,63.8293
256,64,16,256,78.176
256,64,16,512,111.894
256,64,16,1024,176.352
256,64,16,2048,307.637
256,64,16,4096,571.467
256,64,16,8192,1099.91
256,64,16,16384,2175.24
256,64,16,32768,4301.31
256,64,16,65536,8637.67
256,64,32,16,77.643
256,64,32,32,78.7623
256,64,32,64,79.4877
256,64,32,128,106.603
256,64,32,256,136.96
256,64,32,512,199.915
256,64,32,1024,325.611
256,64,32,2048,571.829
256,64,32,4096,1053.79
256,64,32,8192,2068.85
256,64,32,16384,4074.75
256,64,32,32768,8136.62
256,64,32,65536,16582
256,64,64,16,133.493
256,64,64,32,134.848
256,64,64,64,136.842
256,64,64,128,192.032
256,64,64,256,254.901
256,64,64,512,378.314
256,64,64,1024,626.016
256,64,64,2048,1108.91
256,64,64,4096,2401.89
256,64,64,8192,4963.57
256,64,64,16384,9912.98
256,64,64,32768,31809.6
256,64,64,65536,42880
256,64,128,16,246.347
256,64,128,32,249.035
256,64,128,64,254.475
256,64,128,128,368.757
256,64,128,256,501.537
256,64,128,512,779.99
256,64,128,1024,1312.21
256,64,128,2048,2607.19
256,64,128,4096,8127.87
256,64,128,8192,17273.2
256,64,128,16384,42971
256,64,128,32768,88178.1
256,64,128,65536,172670
256,128,0,0,24.075
256,128,1,16,24.864
256,128,1,32,25.0457
256,128,1,64,24.8853
256,128,1,128,25.205
256,128,1,256,25.6523
256,128,1,512,30.752
256,128,1,1024,41.386
256,128,1,2048,63.093
256,128,1,4096,105.835
256,128,1,8192,191.435
256,128,1,16384,371.008
256,128,1,32768,734.611
256,128,1,65536,1459.48
256,128,2,16,25.9943
256,128,2,32,26.1333
256,128,2,64,26.1013
256,128,2,128,29.654
256,128,2,256,30.933
256,128,2,512,36.3733
256,128,2,1024,51.3707
256,128,2,2048,73.28
256,128,2,4096,116.213
256,128,2,8192,204.608
256,128,2,16384,379.115
256,128,2,32768,742.912
256,128,2,65536,1476.49
256,128,4,16,30.432
256,128,4,32,30.6667
256,128,4,64,30.8373
256,128,4,128,33.152
256,128,4,256,35.84
256,128,4,512,47.1787
256,128,4,1024,68.6827
256,128,4,2048,111.925
256,128,4,4096,199.339
256,128,4,8192,373.653
256,128,4,16384,736.67
256,128,4,32768,1470.31
256,128,4,65536,2904.84
256,128,8,16,38.0797
256,128,8,32,37.9413
256,128,8,64,38.2723
256,128,8,128,45.1307
256,128,8,256,52.448
256,128,8,512,69.1627
256,128,8,1024,106.56
256,128,8,2048,172.224
256,128,8,4096,303.616
256,128,8,8192,566.389
256,128,8,16384,1111.05
256,128,8,32768,2176.88
256,128,8,65536,4306.59
256,128,16,16,52.373
256,128,16,32,52.3947
256,128,16,64,53.2053
256,128,16,128,66.315
256,128,16,256,79.8933
256,128,16,512,113.824
256,128,16,1024,178.176
256,128,16,2048,308.128
256,128,16,4096,570.848
256,128,16,8192,1101.91
256,128,16,16384,2183.41
256,128,16,32768,4308.62
256,128,16,65536,8634.53
256,128,32,16,80.021
256,128,32,32,80.5333
256,128,32,64,81.8233
256,128,32,128,108.693
256,128,32,256,138.944
256,128,32,512,200.938
256,128,32,1024,326.101
256,128,32,2048,574.752
256,128,32,4096,1053.71
256,128,32,8192,2072.36
256,128,32,16384,4089.17
256,128,32,32768,8162.47
256,128,32,65536,16544.6
256,128,64,16,135.626
256,128,64,32,136.779
256,128,64,64,139.893
256,128,64,128,194.293
256,128,64,256,255.893
256,128,64,512,379.563
256,128,64,1024,626.964
256,128,64,2048,1113.43
256,128,64,4096,2400.9
256,128,64,8192,4960.02
256,128,64,16384,9959.93
256,128,64,32768,35627.5
256,128,64,65536,44770.5
256,128,128,16,248.821
256,128,128,32,252.139
256,128,128,64,256.256
256,128,128,128,369.983
256,128,128,256,505.791
256,128,128,512,781.45
256,128,128,1024,1313.59
256,128,128,2048,2607.27
256,128,128,4096,8128.25
256,128,128,8192,16353.4
256,128,128,16384,43000.7
256,128,128,32768,88040.6
256,128,128,65536,173018
256,256,0,0,29.8247
256,256,1,16,29.8563
256,256,1,32,29.76
256,256,1,64,29.6853
256,256,1,128,29.7707
256,256,1,256,29.728
256,256,1,512,33.4293
256,256,1,1024,44.0433
256,256,1,2048,65.4503
256,256,1,4096,108.32
256,256,1,8192,194.944
256,256,1,16384,370.891
256,256,1,32768,730.581
256,256,1,65536,1455.73
256,256,2,16,31.2533
256,256,2,32,30.8803
256,256,2,64,30.7417
256,256,2,128,32.4587
256,256,2,256,37.9093
256,256,2,512,41.8027
256,256,2,1024,56.8747
256,256,2,2048,78.0907
256,256,2,4096,121.792
256,256,2,8192,208.864
256,256,2,16384,385.674
256,256,2,32768,740.309
256,256,2,65536,1467.7
256,256,4,16,35.7123
256,256,4,32,35.4767
256,256,4,64,35.861
256,256,4,128,39.115
256,256,4,256,41.205
256,256,4,512,50.0807
256,256,4,1024,71.8187
256,256,4,2048,115.168
256,256,4,4096,202.091
256,256,4,8192,376.096
256,256,4,16384,737.055
256,256,4,32768,1473.59
256,256,4,65536,2914.53
256,256,8,16,43.1467
256,256,8,32,43.3493
256,256,8,64,43.6487
256,256,8,128,50.6347
256,256,8,256,58.0907
256,256,8,512,73.8243
256,256,8,1024,110.635
256,256,8,2048,177.834
256,256,8,4096,309.493
256,256,8,8192,573.023
256,256,8,16384,1111.32
256,256,8,32768,2176.51
256,256,8,65536,4314.36
256,256,16,16,58.208
256,256,16,32,57.984
256,256,16,64,58.7733
256,256,16,128,71.9367
256,256,16,256,85.9947
256,256,16,512,116.342
256,256,16,1024,182.08
256,256,16,2048,312.416
256,256,16,4096,573.739
256,256,16,8192,1103.54
256,256,16,16384,2184.5
256,256,16,32768,4311.77
256,256,16,65536,8655.01
256,256,32,16,86.0893
256,256,32,32,86.272
256,256,32,64,87.1993
256,256,32,128,114.923
256,256,32,256,144.309
256,256,32,512,206.303
256,256,32,1024,330.528
256,256,32,2048,580.863
256,256,32,4096,1061.49
256,256,32,8192,2076.41
256,256,32,16384,4085.43
256,256,32,32768,8136
256,256,32,65536,16490.8
256,256,64,16,141.749
256,256,64,32,142.432
256,256,64,64,145.205
256,256,64,128,200.427
256,256,64,256,260.341
256,256,64,512,383.167
256,256,64,1024,632.074
256,256,64,2048,1116.15
256,256,64,4096,2407.35
256,256,64,8192,4959.15
256,256,64,16384,10027.6
256,256,64,32768,29500.8
256,256,64,65536,52943.2
256,256,128,16,255.051
256,256,128,32,257.173
256,256,128,64,261.802
256,256,128,128,375.072
256,256,128,256,508.64
256,256,128,512,782.101
256,256,128,1024,1314.57
256,256,128,2048,2612.56
256,256,128,4096,8126.66
256,256,128,8192,16456
256,256,128,16384,43472.5
256,256,128,32768,87464.1
256,256,128,65536,171832
256,512,0,0,40.6933
256,512,1,16,40.352
256,512,1,32,40.085
256,512,1,64,40.3307
256,512,1,128,40.1707
256,512,1,256,40.363
256,512,1,512,40.5977
256,512,1,1024,49.6747
256,512,1,2048,71.2213
256,512,1,4096,114.379
256,512,1,8192,200.363
256,512,1,16384,373.205
256,512,1,32768,733.599
256,512,1,65536,1456.44
256,512,2,16,41.504
256,512,2,32,41.6637
256,512,2,64,41.1837
256,512,2,128,41.525
256,512,2,256,43.7013
256,512,2,512,53.5893
256,512,2,1024,63.3597
256,512,2,2048,88.7793
256,512,2,4096,132.138
256,512,2,8192,219.637
256,512,2,16384,396.064
256,512,2,32768,747.04
256,512,2,65536,1470.71
256,512,4,16,45.7173
256,512,4,32,45.4613
256,512,4,64,45.8983
256,512,4,128,48.9707
256,512,4,256,53.7073
256,512,4,512,57.536
256,512,4,1024,78.421
256,512,4,2048,120.832
256,512,4,4096,208.427
256,512,4,8192,381.504
256,512,4,16384,736.246
256,512,4,32768,1473.15
256,512,4,65536,2907.3
256,512,8,16,53.61
256,512,8,32,53.8663
256,512,8,64,53.9093
256,512,8,128,62.016
256,512,8,256,68.9387
256,512,8,512,85.408
256,512,8,1024,115.594
256,512,8,2048,189.291
256,512,8,4096,320.501
256,512,8,8192,584.33
256,512,8,16384,1118.39
256,512,8,32768,2181.63
256,512,8,65536,4333.02
256,512,16,16,68.778
256,512,16,32,68.7147
256,512,16,64,69.9627
256,512,16,128,83.2857
256,512,16,256,98.3147
256,512,16,512,123.733
256,512,16,1024,190.112
256,512,16,2048,317.803
256,512,16,4096,578.836
256,512,16,8192,1111.51
256,512,16,16384,2177.46
256,512,16,32768,4333.96
256,512,16,65536,8628.36
256,512,32,16,96.4587
256,512,32,32,98.091
256,512,32,64,99.1893
256,512,32,128,126.912
256,512,32,256,155.925
256,512,32,512,213.867
256,512,32,1024,338.443
256,512,32,2048,588.043
256,512,32,4096,1081.96
256,512,32,8192,2083.18
256,512,32,16384,4083.44
256,512,32,32768,8167.01
256,512,32,65536,16481.1
256,512,64,16,152.842
256,512,64,32,154.902
256,512,64,64,156.906
256,512,64,128,212.468
256,512,64,256,271.947
256,512,64,512,392.491
256,512,64,1024,637.45
256,512,64,2048,1125.42
256,512,64,4096,2406.65
256,512,64,8192,4967.87
256,512,64,16384,9994.28
256,512,64,32768,31884.4
256,512,64,65536,45975
256,512,128,16,267.658
256,512,128,32,269.376
256,512,128,64,274.293
256,512,128,128,386.891
256,512,128,256,516.884
256,512,128,512,792.469
256,512,128,1024,1320
256,512,128,2048,2602.73
256,512,128,4096,8139.69
256,512,128,8192,16594
256,512,128,16384,43043.8
256,512,128,32768,87962.5
256,512,128,65536,172135
256,1024,0,0,62.7197
256,1024,1,16,61.4293
256,1024,1,32,61.3117
256,1024,1,64,61.9627
256,1024,1,128,61.131
256,1024,1,256,61.173
256,1024,1,512,61.312
256,1024,1,1024,63.2103
256,1024,1,2048,82.8903
256,1024,1,4096,125.792
256,1024,1,8192,211.808
256,1024,1,16384,383.242
256,1024,1,32768,735.519
256,1024,1,65536,1455.49
256,1024,2,16,62.1973
256,1024,2,32,62.5493
256,1024,2,64,62.293
256,1024,2,128,62.4533
256,1024,2,256,63.3813
256,1024,2,512,65.5893
256,1024,2,1024,86.176
256,1024,2,2048,106.613
256,1024,2,4096,153.589
256,1024,2,8192,241.973
256,1024,2,16384,416.565
256,1024,2,32768,762.644
256,1024,2,65536,1476.66
256,1024,4,16,66.0267
256,1024,4,32,66.304
256,1024,4,64,66.1867
256,1024,4,128,69.8457
256,1024,4,256,73.3863
256,1024,4,512,80.3837
256,1024,4,1024,90.464
256,1024,4,2048,134.24
256,1024,4,4096,219.413
256,1024,4,8192,393.141
256,1024,4,16384,742.218
256,1024,4,32768,1469.87
256,1024,4,65536,2907.86
256,1024,8,16,74.3787
256,1024,8,32,73.44
256,1024,8,64,74.7843
256,1024,8,128,82.6667
256,1024,8,256,90.6133
256,1024,8,512,105.461
256,1024,8,1024,139.627
256,1024,8,2048,202.891
256,1024,8,4096,341.899
256,1024,8,8192,604.778
256,1024,8,16384,1139.42
256,1024,8,32768,2200.89
256,1024,8,65536,4331.44
256,1024,16,16,90.4003
256,1024,16,32,89.889
256,1024,16,64,90.8157
256,1024,16,128,105.621
256,1024,16,256,120.277
256,1024,16,512,148.011
256,1024,16,1024,200.192
256,1024,16,2048,333.877
256,1024,16,4096,594.762
256,1024,16,8192,1116.89
256,1024,16,16384,2200
256,1024,16,32768,4325.63
256,1024,16,65536,8648.42
256,1024,32,16,119.466
256,1024,32,32,119.776
256,1024,32,64,121.407
256,1024,32,128,150.005
256,1024,32,256,179.307
256,1024,32,512,236.949
256,1024,32,1024,355.84
256,1024,32,2048,599.87
256,1024,32,4096,1102.11
256,1024,32,8192,2102.28
256,1024,32,16384,4112.03
256,1024,32,32768,8209.46
256,1024,32,65536,16575
256,1024,64,16,177.259
256,1024,64,32,177.802
256,1024,64,64,179.477
256,1024,64,128,237.045
256,1024,64,256,296.501
256,1024,64,512,412.586
256,1024,64,1024,652.864
256,1024,64,2048,1137.93
256,1024,64,4096,2415.51
256,1024,64,8192,4979.43
256,1024,64,16384,9994.56
256,1024,64,32768,27211.7
256,1024,64,65536,49513.1
256,1024,128,16,291.274
256,1024,128,32,293.685
256,1024,128,64,298.517
256,1024,128,128,410.666
256,1024,128,256,542.73
256,1024,128,512,807.007
256,1024,128,1024,1326.73
256,1024,128,2048,2594.83
256,1024,128,4096,8156.45
256,1024,128,8192,17402.5
256,1024,128,16384,43342.2
256,1024,128,32768,88240.8
256,1024,128,65536,171462
256,2048,0,0,106.645
256,2048,1,16,104.522
256,2048,1,32,104.011
256,2048,1,64,104.16
256,2048,1,128,104.214
256,2048,1,256,103.947
256,2048,1,512,103.989
256,2048,1,1024,104.437
256,2048,1,2048,108.266
256,2048,1,4096,148.811
256,2048,1,8192,234.912
256,2048,1,16384,406.208
256,2048,1,32768,753.301
256,2048,1,65536,1459.82
256,2048,2,16,104.757
256,2048,2,32,105.663
256,2048,2,64,104.992
256,2048,2,128,104.736
256,2048,2,256,104.832
256,2048,2,512,105.557
256,2048,2,1024,109.696
256,2048,2,2048,150.698
256,2048,2,4096,194.389
256,2048,2,8192,282.667
256,2048,2,16384,455.872
256,2048,2,32768,812.286
256,2048,2,65536,1503.11
256,2048,4,16,109.184
256,2048,4,32,109.376
256,2048,4,64,109.099
256,2048,4,128,111.819
256,2048,4,256,114.806
256,2048,4,512,121.024
256,2048,4,1024,136.352
256,2048,4,2048,156.704
256,2048,4,4096,243.872
256,2048,4,8192,419.498
256,2048,4,16384,761.291
256,2048,4,32768,1471.17
256,2048,4,65536,2912.06
256,2048,8,16,115.979
256,2048,8,32,115.893
256,2048,8,64,116.096
256,2048,8,128,122.848
256,2048,8,256,130.122
256,2048,8,512,150.069
256,2048,8,1024,180.405
256,2048,8,2048,246.666
256,2048,8,4096,377.354
256,2048,8,8192,646.058
256,2048,8,16384,1181.13
256,2048,8,32768,2235.87
256,2048,8,65536,4384.3
256,2048,16,16,131.232
256,2048,16,32,130.037
256,2048,16,64,131.115
256,2048,16,128,147.755
256,2048,16,256,163.434
256,2048,16,512,194.699
256,2048,16,1024,246.229
256,2048,16,2048,354.08
256,2048,16,4096,619.861
256,2048,16,8192,1143.25
256,2048,16,16384,2200.36
256,2048,16,32768,4333.64
256,2048,16,65536,8681.11
256,2048,32,16,162.431
256,2048,32,32,163.222
256,2048,32,64,164.277
256,2048,32,128,196.203
256,2048,32,256,225.43
256,2048,32,512,281.877
256,2048,32,1024,399.413
256,2048,32,2048,638.335
256,2048,32,4096,1124.53
256,2048,32,8192,2210.07
256,2048,32,16384,4484.83
256,2048,32,32768,8951.81
256,2048,32,65536,18632.1
256,2048,64,16,221.483
256,2048,64,32,221.419
256,2048,64,64,225.408
256,2048,64,128,282.943
256,2048,64,256,344.064
256,2048,64,512,462.528
256,2048,64,1024,696.704
256,2048,64,2048,1170.56
256,2048,64,4096,2380.13
256,2048,64,8192,5058.78
256,2048,64,16384,11886.9
256,2048,64,32768,33067.4
256,2048,64,65536,48797.1
256,2048,128,16,338.677
256,2048,128,32,339.872
256,2048,128,64,342.794
256,2048,128,128,460.607
256,2048,128,256,592.319
256,2048,128,512,856.255
256,2048,128,1024,1360.48
256,2048,128,2048,2721.61
256,2048,128,4096,8400.46
256,2048,128,8192,20800.2
256,2048,128,16384,43286.3
256,2048,128,32768,88132.4
256,2048,128,65536,172639
256,4096,0,0,194.005
256,4096,1,16,190.709
256,4096,1,32,190.667
256,4096,1,64,190.709
256,4096,1,128,190.261
256,4096,1,256,190.464
256,4096,1,512,190.88
256,4096,1,1024,190.336
256,4096,1,2048,194.699
256,4096,1,4096,198.507
256,4096,1,8192,281.472
256,4096,1,16384,452.203
256,4096,1,32768,800.981
256,4096,1,65536,1490.75
256,4096,2,16,190.955
256,4096,2,32,190.816
256,4096,2,64,191.478
256,4096,2,128,190.165
256,4096,2,256,190.965
256,4096,2,512,191.189
256,4096,2,1024,191.456
256,4096,2,2048,197.718
256,4096,2,4096,280.448
256,4096,2,8192,367.936
256,4096,2,16384,541.898
256,4096,2,32768,892.053
256,4096,2,65536,1591.98
256,4096,4,16,194.528
256,4096,4,32,194.677
256,4096,4,64,194.891
256,4096,4,128,197.344
256,4096,4,256,200.427
256,4096,4,512,207.573
256,4096,4,1024,217.867
256,4096,4,2048,245.963
256,4096,4,4096,291.058
256,4096,4,8192,464.128
256,4096,4,16384,814.1
256,4096,4,32768,1502.83
256,4096,4,65536,2925.3
256,4096,8,16,200.672
256,4096,8,32,200.864
256,4096,8,64,201.014
256,4096,8,128,205.93
256,4096,8,256,211.53
256,4096,8,512,224.63
256,4096,8,1024,266.314
256,4096,8,2048,329.279
256,4096,8,4096,461.408
256,4096,8,8192,730.005
256,4096,8,16384,1267.14
256,4096,8,32768,2324.04
256,4096,8,65536,4431.44
256,4096,16,16,213.621
256,4096,16,32,214.015
256,4096,16,64,214.901
256,4096,16,128,228.598
256,4096,16,256,245.44
256,4096,16,512,276.96
256,4096,16,1024,338.88
256,4096,16,2048,445.408
256,4096,16,4096,658.56
256,4096,16,8192,1191.11
256,4096,16,16384,2279.87
256,4096,16,32768,4421.92
256,4096,16,65536,9094
256,4096,32,16,243.52
256,4096,32,32,242.912
256,4096,32,64,247.264
256,4096,32,128,276.949
256,4096,32,256,311.284
256,4096,32,512,372.704
256,4096,32,1024,489.451
256,4096,32,2048,724.01
256,4096,32,4096,1198.99
256,4096,32,8192,2288.63
256,4096,32,16384,6591.14
256,4096,32,32768,14849.6
256,4096,32,65536,28372.4
256,4096,64,16,307.318
256,4096,64,32,307.264
256,4096,64,64,312.704
256,4096,64,128,372.213
256,4096,64,256,434.816
256,4096,64,512,552.235
256,4096,64,1024,794.058
256,4096,64,2048,1254.46
256,4096,64,4096,2651.42
256,4096,64,8192,6227.66
256,4096,64,16384,19990.4
256,4096,64,32768,39879
256,4096,64,65536,70922.4
256,4096,128,16,430.528
256,4096,128,32,431.413
256,4096,128,64,433.855
256,4096,128,128,553.675
256,4096,128,256,683.061
256,4096,128,512,955.925
256,4096,128,1024,1473.34
256,4096,128,2048,2740.85
256,4096,128,4096,8387.87
256,4096,128,8192,21929.2
256,4096,128,16384,44242
256,4096,128,32768,88692.8
256,4096,128,65536,175404
256,8192,0,0,365.376
256,8192,1,16,363.808
256,8192,1,32,363.189
256,8192,1,64,362.891
256,8192,1,128,361.493
256,8192,1,256,362.379
256,8192,1,512,362.719
256,8192,1,1024,363.339
256,8192,1,2048,361.45
256,8192,1,4096,373.889
256,8192,1,8192,379.541
256,8192,1,16384,547.498
256,8192,1,32768,892.875
256,8192,1,65536,1582.77
256,8192,2,16,362.432
256,8192,2,32,362.624
256,8192,2,64,362.058
256,8192,2,128,362.187
256,8192,2,256,363.06
256,8192,2,512,363.211
256,8192,2,1024,363.2
256,8192,2,2048,370.4
256,8192,2,4096,375.904
256,8192,2,8192,540.405
256,8192,2,16384,714.154
256,8192,2,32768,1066.32
256,8192,2,65536,1764.18
256,8192,4,16,365.931
256,8192,4,32,365.611
256,8192,4,64,365.941
256,8192,4,128,368.64
256,8192,4,256,371.499
256,8192,4,512,377.471
256,8192,4,1024,388.693
256,8192,4,2048,412.821
256,8192,4,4096,465.952
256,8192,4,8192,558.751
256,8192,4,16384,911.977
256,8192,4,32768,1611.06
256,8192,4,65536,3039.86
256,8192,8,16,370.976
256,8192,8,32,370.378
256,8192,8,64,371.979
256,8192,8,128,376.629
256,8192,8,256,383.243
256,8192,8,512,392.693
256,8192,8,1024,421.727
256,8192,8,2048,485.354
256,8192,8,4096,629.45
256,8192,8,8192,892.469
256,8192,8,16384,1434.12
256,8192,8,32768,2547.86
256,8192,8,65536,4755.6
256,8192,16,16,383.18
256,8192,16,32,382.048
256,8192,16,64,382.902
256,8192,16,128,394.825
256,8192,16,256,413.354
256,8192,16,512,439.765
256,8192,16,1024,506.847
256,8192,16,2048,630.517
256,8192,16,4096,842.955
256,8192,16,8192,1279.6
256,8192,16,16384,2392.94
256,8192,16,32768,4999.84
256,8192,16,65536,11317.3
256,8192,32,16,411.306
256,8192,32,32,408.608
256,8192,32,64,409.397
256,8192,32,128,438.848
256,8192,32,256,471.349
256,8192,32,512,540.662
256,8192,32,1024,664.649
256,8192,32,2048,903.286
256,8192,32,4096,1376.91
256,8192,32,8192,2420.2
256,8192,32,16384,5163.93
256,8192,32,32768,17751.8
256,8192,32,65536,33554.9
256,8192,64,16,471.627
256,8192,64,32,469.056
256,8192,64,64,468.255
256,8192,64,128,538.913
256,8192,64,256,608.64
256,8192,64,512,732.682
256,8192,64,1024,974.763
256,8192,64,2048,1451.54
256,8192,64,4096,2585.38
256,8192,64,8192,5473.49
256,8192,64,16384,19999
256,8192,64,32768,40837.8
256,8192,64,65536,79115.5
256,8192,128,16,600.213
256,8192,128,32,602.431
256,8192,128,64,607.978
256,8192,128,128,730.475
256,8192,128,256,863.434
256,8192,128,512,1138.18
256,8192,128,1024,1660.77
256,8192,128,2048,2818.25
256,8192,128,4096,8696.14
256,8192,128,8192,16911.5
256,8192,128,16384,44128
256,8192,128,32768,88698.8
256,8192,128,65536,175524
256,16384,0,0,711.732
256,16384,1,16,707.061
256,16384,1,32,710.314
256,16384,1,64,706.23
256,16384,1,128,705.856
256,16384,1,256,707.711
256,16384,1,512,708.779
256,16384,1,1024,707.509
256,16384,1,2048,706.924
256,16384,1,4096,709.738
256,16384,1,8192,721.419
256,16384,1,16384,736.971
256,16384,1,32768,1082.63
256,16384,1,65536,1761.3
256,16384,2,16,709.686
256,16384,2,32,708.798
256,16384,2,64,705.28
256,16384,2,128,707.179
256,16384,2,256,706.752
256,16384,2,512,706.997
256,16384,2,1024,712.832
256,16384,2,2048,707.541
256,16384,2,4096,720.746
256,16384,2,8192,729.547
256,16384,2,16384,1056.81
256,16384,2,32768,1413.35
256,16384,2,65536,2128.6
256,16384,4,16,712.63
256,16384,4,32,711.317
256,16384,4,64,709.856
256,16384,4,128,709.397
256,16384,4,256,710.624
256,16384,4,512,717.493
256,16384,4,1024,728.705
256,16384,4,2048,754.219
256,16384,4,4096,812.961
256,16384,4,8192,907.711
256,16384,4,16384,1104.93
256,16384,4,32768,1819.39
256,16384,4,65536,3217.93
256,16384,8,16,714.326
256,16384,8,32,714.197
256,16384,8,64,714.379
256,16384,8,128,717.781
256,16384,8,256,723.712
256,16384,8,512,734.122
256,16384,8,1024,757.471
256,16384,8,2048,802.378
256,16384,8,4096,922.112
256,16384,8,8192,1231.23
256,16384,8,16384,1774.93
256,16384,8,32768,2840.3
256,16384,8,65536,5137.9
256,16384,16,16,727.295
256,16384,16,32,722.334
256,16384,16,64,726.816
256,16384,16,128,738.879
256,16384,16,256,746.975
256,16384,16,512,774.996
256,16384,16,1024,832.426
256,16384,16,2048,950.474
256,16384,16,4096,1217.35
256,16384,16,8192,1628.68
256,16384,16,16384,2523.21
256,16384,16,32768,4745.23
256,16384,16,65536,11174.8
256,16384,32,16,749.343
256,16384,32,32,751.018
256,16384,32,64,751.03
256,16384,32,128,776.639
256,16384,32,256,804.32
256,16384,32,512,859.914
256,16384,32,1024,1001.58
256,16384,32,2048,1249.74
256,16384,32,4096,1733.71
256,16384,32,8192,2753.1
256,16384,32,16384,4788.72
256,16384,32,32768,17781.6
256,16384,32,65536,34399.9
256,16384,64,16,801.407
256,16384,64,32,799.285
256,16384,64,64,804.256
256,16384,64,128,860.618
256,16384,64,256,927.925
256,16384,64,512,1066.97
256,16384,64,1024,1328.59
256,16384,64,2048,1804.16
256,16384,64,4096,3089.2
256,16384,64,8192,5584.32
256,16384,64,16384,11234.5
256,16384,64,32768,40509.6
256,16384,64,65536,79794
256,16384,128,16,924.331
256,16384,128,32,925.973
256,16384,128,64,935.039
256,16384,128,128,1072.74
256,16384,128,256,1204.96
256,16384,128,512,1477.09
256,16384,128,1024,2033.33
256,16384,128,2048,3340.48
256,16384,128,4096,9653.11
256,16384,128,8192,19238.6
256,16384,128,16384,44120.3
256,16384,128,32768,89053.7
256,16384,128,65536,175482
256,32768,0,0,1408.76
256,32768,1,16,1405.59
256,32768,1,32,1398.56
256,32768,1,64,1400.4
256,32768,1,128,1400.58
256,32768,1,256,1407.33
256,32768,1,512,1408.48
256,32768,1,1024,1402.78
256,32768,1,2048,1403.25
256,32768,1,4096,1403.04
256,32768,1,8192,1402.69
256,32768,1,16384,1415.44
256,32768,1,32768,1473.71
256,32768,1,65536,2184.67
256,32768,2,16,1407.57
256,32768,2,32,1403.44
256,32768,2,64,1402.35
256,32768,2,128,1400.04
256,32768,2,256,1406.08
256,32768,2,512,1403.96
256,32768,2,1024,1408.73
256,32768,2,2048,1408.23
256,32768,2,4096,1403.14
256,32768,2,8192,1404.49
256,32768,2,16384,1438.66
256,32768,2,32768,2107.62
256,32768,2,65536,2838.84
256,32768,4,16,1405.35
256,32768,4,32,1406.1
256,32768,4,64,1400.22
256,32768,4,128,1408.58
256,32768,4,256,1403.26
256,32768,4,512,1400.99
256,32768,4,1024,1408.25
256,32768,4,2048,1432.46
256,32768,4,4096,1487.14
256,32768,4,8192,1578.86
256,32768,4,16384,1792.52
256,32768,4,32768,2196.23
256,32768,4,65536,3604.75
256,32768,8,16,1407.51
256,32768,8,32,1405.54
256,32768,8,64,1410.65
256,32768,8,128,1412.43
256,32768,8,256,1409.15
256,32768,8,512,1415.98
256,32768,8,1024,1436.56
256,32768,8,2048,1481.25
256,32768,8,4096,1607.89
256,32768,8,8192,1783.66
256,32768,8,16384,2448.79
256,32768,8,32768,3531.97
256,32768,8,65536,5715.38
256,32768,16,16,1411.78
256,32768,16,32,1417.29
256,32768,16,64,1409.92
256,32768,16,128,1422.5
256,32768,16,256,1437.11
256,32768,16,512,1453.56
256,32768,16,1024,1513.23
256,32768,16,2048,1611.61
256,32768,16,4096,1860.23
256,32768,16,8192,2442.87
256,32768,16,16384,3220.61
256,32768,16,32768,5000.4
256,32768,16,65536,9733.61
256,32768,32,16,1438.82
256,32768,32,32,1440.96
256,32768,32,64,1437.22
256,32768,32,128,1461.66
256,32768,32,256,1482.54
256,32768,32,512,1543.77
256,32768,32,1024,1642.53
256,32768,32,2048,1910.61
256,32768,32,4096,2424.38
256,32768,32,8192,3504.88
256,32768,32,16384,5459.26
256,32768,32,32768,9560.56
256,32768,32,65536,34376.7
256,32768,64,16,1480.26
256,32768,64,32,1488.1
256,32768,64,64,1489.96
256,32768,64,128,1539.95
256,32768,64,256,1603.35
256,32768,64,512,1714.17
256,32768,64,1024,1986.36
256,32768,64,2048,2512.92
256,32768,64,4096,3610.42
256,32768,64,8192,6658.04
256,32768,64,16384,11815.4
256,32768,64,32768,35307.3
256,32768,64,65536,80349.6
256,32768,128,16,1596.34
256,32768,128,32,1595.94
256,32768,128,64,1600.89
256,32768,128,128,1721.25
256,32768,128,256,1862.81
256,32768,128,512,2149.98
256,32768,128,1024,2724.72
256,32768,128,2048,4312.86
256,32768,128,4096,11991.6
256,32768,128,8192,22354.1
256,32768,128,16384,44655.7
256,32768,128,32768,89135.8
256,32768,128,65536,175773
256,65536,0,0,2807.74
256,65536,1,16,2829.95
256,65536,1,32,2830.08
256,65536,1,64,2824.82
256,65536,1,128,2821.43
256,65536,1,256,2818.93
256,65536,1,512,2824.3
256,65536,1,1024,2810.9
256,65536,1,2048,2815.07
256,65536,1,4096,2838.38
256,65536,1,8192,2829.3
256,65536,1,16384,2832.37
256,65536,1,32768,2830.76
256,65536,1,65536,2939.47
256,65536,2,16,2818.57
256,65536,2,32,2821.22
256,65536,2,64,2833.08
256,65536,2,128,2833.17
256,65536,2,256,2818.72
256,65536,2,512,2823.39
256,65536,2,1024,2818.6
256,65536,2,2048,2825.71
256,65536,2,4096,2830.36
256,65536,2,8192,2821.05
256,65536,2,16384,2833.76
256,65536,2,32768,2843.25
256,65536,2,65536,4241.33
256,65536,4,16,2824.17
256,65536,4,32,2816.07
256,65536,4,64,2809.75
256,65536,4,128,2823.43
256,65536,4,256,2811.64
256,65536,4,512,2822.01
256,65536,4,1024,2818.26
256,65536,4,2048,2819.76
256,65536,4,4096,2871.48
256,65536,4,8192,2966.86
256,65536,4,16384,3168.43
256,65536,4,32768,3587.93
256,65536,4,65536,4322.34
256,65536,8,16,2818.96
256,65536,8,32,2821.51
256,65536,8,64,2817.25
256,65536,8,128,2833.63
256,65536,8,256,2820.22
256,65536,8,512,2829.61
256,65536,8,1024,2817.41
256,65536,8,2048,2868.96
256,65536,8,4096,2967.04
256,65536,8,8192,3164.01
256,65536,8,16384,3563.95
256,65536,8,32768,4909.99
256,65536,8,65536,7033.31
256,65536,16,16,2834.04
256,65536,16,32,2804.57
256,65536,16,64,2824.92
256,65536,16,128,2836.23
256,65536,16,256,2828.01
256,65536,16,512,2854.65
256,65536,16,1024,2879.6
256,65536,16,2048,2989.04
256,65536,16,4096,3208.3
256,65536,16,8192,3711.32
256,65536,16,16384,4886.64
256,65536,16,32768,6389.18
256,65536,16,65536,10067
256,65536,32,16,2840.42
256,65536,32,32,2835.41
256,65536,32,64,2843.83
256,65536,32,128,2863.03
256,65536,32,256,2879.11
256,65536,32,512,2915.21
256,65536,32,1024,3034.89
256,65536,32,2048,3230.61
256,65536,32,4096,3765.16
256,65536,32,8192,4934.38
256,65536,32,16384,7002.36
256,65536,32,32768,10920.5
256,65536,32,65536,19681.7
256,65536,64,16,2879.16
256,65536,64,32,2876.28
256,65536,64,64,2872.51
256,65536,64,128,2930.52
256,65536,64,256,2972.23
256,65536,64,512,3084.3
256,65536,64,1024,3280.49
256,65536,64,2048,3802.7
256,65536,64,4096,5182.63
256,65536,64,8192,8022.54
256,65536,64,16384,14103.8
256,65536,64,32768,33961.6
256,65536,64,65536,56987.6
256,65536,128,16,2994.32
256,65536,128,32,2969.64
256,65536,128,64,2978.01
256,65536,128,128,3084.2
256,65536,128,256,3199.31
256,65536,128,512,3436.88
256,65536,128,1024,3994.44
256,65536,128,2048,5560.53
256,65536,128,4096,13128.6
256,65536,128,8192,23987
256,65536,128,16384,46083.4
256,65536,128,32768,89894.8
256,65536,128,65536,174425
512,0,0,0,39.4027
512,0,1,16,40.8747
512,0,1,32,40.6507
512,0,1,64,40.789
512,0,1,128,41.6963
512,0,1,256,42.5707
512,0,1,512,46.3893
512,0,1,1024,57.91
512,0,1,2048,80.8423
512,0,1,4096,123.275
512,0,1,8192,209.536
512,0,1,16384,381.472
512,0,1,32768,734.623
512,0,1,65536,1468.1
512,0,2,16,43.2537
512,0,2,32,43.2107
512,0,2,64,43.68
512,0,2,128,45.152
512,0,2,256,46.4853
512,0,2,512,51.989
512,0,2,1024,67.8297
512,0,2,2048,97.5573
512,0,2,4096,140.469
512,0,2,8192,228.278
512,0,2,16384,401.397
512,0,2,32768,747.692
512,0,2,65536,1465.15
512,0,4,16,47.8827
512,0,4,32,48.0323
512,0,4,64,48.1067
512,0,4,128,51.0617
512,0,4,256,54.688
512,0,4,512,63.616
512,0,4,1024,86.5493
512,0,4,2048,128.608
512,0,4,4096,212.853
512,0,4,8192,386.741
512,0,4,16384,744.842
512,0,4,32768,1474.01
512,0,4,65536,2896.24
512,0,8,16,57.504
512,0,8,32,57.6427
512,0,8,64,57.6747
512,0,8,128,64.5967
512,0,8,256,71.0393
512,0,8,512,87.7767
512,0,8,1024,124.406
512,0,8,2048,196.609
512,0,8,4096,327.35
512,0,8,8192,590.988
512,0,8,16384,1125.62
512,0,8,32768,2199.19
512,0,8,65536,4310.13
512,0,16,16,75.7223
512,0,16,32,76.0103
512,0,16,64,76.789
512,0,16,128,90.0907
512,0,16,256,104.181
512,0,16,512,135.616
512,0,16,1024,201.654
512,0,16,2048,330.817
512,0,16,4096,591.659
512,0,16,8192,1122.8
512,0,16,16384,2196.17
512,0,16,32768,4336.16
512,0,16,65536,8675.31
512,0,32,16,111.498
512,0,32,32,112.512
512,0,32,64,113.504
512,0,32,128,140.224
512,0,32,256,169.589
512,0,32,512,231.265
512,0,32,1024,356.608
512,0,32,2048,606.326
512,0,32,4096,1094.9
512,0,32,8192,2099.52
512,0,32,16384,4113.69
512,0,32,32768,8166
512,0,32,65536,16539.8
512,0,64,16,183.211
512,0,64,32,184.48
512,0,64,64,186.08
512,0,64,128,241.984
512,0,64,256,302.859
512,0,64,512,428.075
512,0,64,1024,676.31
512,0,64,2048,1163.32
512,0,64,4096,2447.03
512,0,64,8192,4995.95
512,0,64,16384,9979.95
512,0,64,32768,24505
512,0,64,65536,46314.5
512,0,128,16,328.928
512,0,128,32,330.849
512,0,128,64,334.646
512,0,128,128,449.153
512,0,128,256,584.427
512,0,128,512,856.118
512,0,128,1024,1391.32
512,0,128,2048,2678.23
512,0,128,4096,8146.63
512,0,128,8192,16339.9
512,0,128,16384,43246.4
512,0,128,32768,88443.6
512,0,128,65536,172656
512,16,0,0,43.851
512,16,1,16,45.6003
512,16,1,32,45.8023
512,16,1,64,45.803
512,16,1,128,46.5063
512,16,1,256,47.211
512,16,1,512,48.864
512,16,1,1024,61.2803
512,16,1,2048,85.152
512,16,1,4096,127.019
512,16,1,8192,214.624
512,16,1,16384,383.861
512,16,1,32768,736.886
512,16,1,65536,1462.39
512,16,2,16,48.1387
512,16,2,32,48.2453
512,16,2,64,48.3947
512,16,2,128,49.9307
512,16,2,256,51.6377
512,16,2,512,54.9333
512,16,2,1024,70.55
512,16,2,2048,102.806
512,16,2,4096,146.368
512,16,2,8192,232.638
512,16,2,16384,405.131
512,16,2,32768,755.253
512,16,2,65536,1469.59
512,16,4,16,52.971
512,16,4,32,53.0133
512,16,4,64,53.29
512,16,4,128,56.1493
512,16,4,256,59.658
512,16,4,512,66.6563
512,16,4,1024,89.4933
512,16,4,2048,131.189
512,16,4,4096,217.28
512,16,4,8192,390.902
512,16,4,16384,747.158
512,16,4,32768,1474.9
512,16,4,65536,2888.11
512,16,8,16,62.4957
512,16,8,32,62.6667
512,16,8,64,62.763
512,16,8,128,69.483
512,16,8,256,76.278
512,16,8,512,90.9767
512,16,8,1024,128.192
512,16,8,2048,200.897
512,16,8,4096,332.928
512,16,8,8192,595.126
512,16,8,16384,1134.44
512,16,8,32768,2188.93
512,16,8,65536,4326
512,16,16,16,80.8853
512,16,16,32,81.1203
512,16,16,64,81.28
512,16,16,128,95.286
512,16,16,256,109.717
512,16,16,512,139.595
512,16,16,1024,205.12
512,16,16,2048,336
512,16,16,4096,594.743
512,16,16,8192,1118.35
512,16,16,16384,2190.92
512,16,16,32768,4330.66
512,16,16,65536,8628.54
512,16,32,16,116.725
512,16,32,32,117.771
512,16,32,64,118.453
512,16,32,128,145.205
512,16,32,256,175.605
512,16,32,512,235.147
512,16,32,1024,359.873
512,16,32,2048,609.899
512,16,32,4096,1103.7
512,16,32,8192,2106.22
512,16,32,16384,4107.75
512,16,32,32768,8175.98
512,16,32,65536,16531.6
512,16,64,16,188.544
512,16,64,32,189.323
512,16,64,64,191.861
512,16,64,128,246.389
512,16,64,256,306.379
512,16,64,512,432.022
512,16,64,1024,680.406
512,16,64,2048,1166.03
512,16,64,4096,2449.64
512,16,64,8192,4995.02
512,16,64,16384,9954.45
512,16,64,32768,26039.3
512,16,64,65536,51140.6
512,16,128,16,334.453
512,16,128,32,336.832
512,16,128,64,339.51
512,16,128,128,452.47
512,16,128,256,587.445
512,16,128,512,861.505
512,16,128,1024,1392.08
512,16,128,2048,2689.13
512,16,128,4096,8154.66
512,16,128,8192,16477.8
512,16,128,16384,43381.4
512,16,128,32768,87397.4
512,16,128,65536,172049
512,32,0,0,44.0633
512,32,1,16,45.61
512,32,1,32,45.8987
512,32,1,64,45.8453
512,32,1,128,46.752
512,32,1,256,47.776
512,32,1,512,49.0133
512,32,1,1024,61.408
512,32,1,2048,84.0857
512,32,1,4096,127.435
512,32,1,8192,212.704
512,32,1,16384,385.867
512,32,1,32768,733.942
512,32,1,65536,1465.49
512,32,2,16,48.0107
512,32,2,32,48.395
512,32,2,64,48.1493
512,32,2,128,49.9733
512,32,2,256,51.51
512,32,2,512,54.6773
512,32,2,1024,70.8907
512,32,2,2048,102.731
512,32,2,4096,145.483
512,32,2,8192,234.902
512,32,2,16384,406.261
512,32,2,32768,755.445
512,32,2,65536,1473.47
512,32,4,16,52.7787
512,32,4,32,52.9917
512,32,4,64,52.907
512,32,4,128,56.1597
512,32,4,256,59.584
512,32,4,512,66.9557
512,32,4,1024,89.0237
512,32,4,2048,131.872
512,32,4,4096,216.694
512,32,4,8192,389.643
512,32,4,16384,746.07
512,32,4,32768,1465.63
512,32,4,65536,2892.73
512,32,8,16,62.176
512,32,8,32,62.4213
512,32,8,64,62.8373
512,32,8,128,69.2053
512,32,8,256,76.5973
512,32,8,512,90.6353
512,32,8,1024,127.947
512,32,8,2048,201.59
512,32,8,4096,332.448
512,32,8,8192,596.352
512,32,8,16384,1131.23
512,32,8,32768,2189.55
512,32,8,65536,4299.74
512,32,16,16,80.833
512,32,16,32,81.4613
512,32,16,64,81.3973
512,32,16,128,94.912
512,32,16,256,109.429
512,32,16,512,138.603
512,32,16,1024,205.931
512,32,16,2048,333.803
512,32,16,4096,596.139
512,32,16,8192,1123.66
512,32,16,16384,2209.84
512,32,16,32768,4349.15
512,32,16,65536,8649.29
512,32,32,16,116.384
512,32,32,32,117.28
512,32,32,64,118.538
512,32,32,128,146.059
512,32,32,256,175.53
512,32,32,512,235.296
512,32,32,1024,359.712
512,32,32,2048,610.177
512,32,32,4096,1101.35
512,32,32,8192,2112.38
512,32,32,16384,4110.09
512,32,32,32768,8184.46
512,32,32,65536,16473.5
512,32,64,16,188.907
512,32,64,32,189.515
512,32,64,64,192.672
512,32,64,128,248.054
512,32,64,256,306.112
512,32,64,512,429.878
512,32,64,1024,679.671
512,32,64,2048,1164.5
512,32,64,4096,2448.57
512,32,64,8192,4998.63
512,32,64,16384,9974.93
512,32,64,32768,27618.5
512,32,64,65536,47819.7
512,32,128,16,333.736
512,32,128,32,337.451
512,32,128,64,339.937
512,32,128,128,453.408
512,32,128,256,583.552
512,32,128,512,858.496
512,32,128,1024,1389.25
512,32,128,2048,2682.08
512,32,128,4096,8155.59
512,32,128,8192,16425.3
512,32,128,16384,43495.5
512,32,128,32768,88420.9
512,32,128,65536,173254
512,64,0,0,44.4693
512,64,1,16,45.9837
512,64,1,32,45.472
512,64,1,64,45.813
512,64,1,128,46.9333
512,64,1,256,47.4667
512,64,1,512,49.2697
512,64,1,1024,61.8887
512,64,1,2048,84.8303
512,64,1,4096,127.157
512,64,1,8192,212.789
512,64,1,16384,382.101
512,64,1,32768,735.531
512,64,1,65536,1460.25
512,64,2,16,48.2023
512,64,2,32,48.213
512,64,2,64,48.352
512,64,2,128,49.9523
512,64,2,256,52.0533
512,64,2,512,55.0933
512,64,2,1024,71.0717
512,64,2,2048,102.816
512,64,2,4096,146.336
512,64,2,8192,233.771
512,64,2,16384,406.774
512,64,2,32768,754.305
512,64,2,65536,1469.11
512,64,4,16,53.0563
512,64,4,32,52.6613
512,64,4,64,53.2053
512,64,4,128,56.2667
512,64,4,256,59.9787
512,64,4,512,67.232
512,64,4,1024,89.3977
512,64,4,2048,131.936
512,64,4,4096,216.139
512,64,4,8192,391.606
512,64,4,16384,742.731
512,64,4,32768,1466.44
512,64,4,65536,2909.53
512,64,8,16,62.5397
512,64,8,32,62.9333
512,64,8,64,62.763
512,64,8,128,69.7817
512,64,8,256,76.6623
512,64,8,512,91.04
512,64,8,1024,127.35
512,64,8,2048,200.8
512,64,8,4096,332
512,64,8,8192,595.702
512,64,8,16384,1125.59
512,64,8,32768,2195.94
512,64,8,65536,4324.05
512,64,16,16,81.0133
512,64,16,32,81.5787
512,64,16,64,81.7387
512,64,16,128,95.596
512,64,16,256,109.717
512,64,16,512,139.467
512,64,16,1024,204.896
512,64,16,2048,336.16
512,64,16,4096,594.037
512,64,16,8192,1118.71
512,64,16,16384,2197.18
512,64,16,32768,4334.23
512,64,16,65536,8657.44
512,64,32,16,117.013
512,64,32,32,117.771
512,64,32,64,118.677
512,64,32,128,145.846
512,64,32,256,175.082
512,64,32,512,234.966
512,64,32,1024,362.101
512,64,32,2048,612.353
512,64,32,4096,1104.36
512,64,32,8192,2102.82
512,64,32,16384,4109.78
512,64,32,32768,8202.81
512,64,32,65536,16502.6
512,64,64,16,188.47
512,64,64,32,190.571
512,64,64,64,192.267
512,64,64,128,247.915
512,64,64,256,306.838
512,64,64,512,431.723
512,64,64,1024,679.883
512,64,64,2048,1165.45
512,64,64,4096,2447.61
512,64,64,8192,4992.48
512,64,64,16384,9960.91
512,64,64,32768,26096.7
512,64,64,65536,48690.3
512,64,128,16,333.504
512,64,128,32,336.353
512,64,128,64,340.714
512,64,128,128,453.292
512,64,128,256,582.656
512,64,128,512,860.726
512,64,128,1024,1389.77
512,64,128,2048,2689.8
512,64,128,4096,8160.33
512,64,128,8192,16540.4
512,64,128,16384,43067
512,64,128,32768,88366.2
512,64,128,65536,172568
512,128,0,0,47.7333
512,128,1,16,49.717
512,128,1,32,49.3227
512,128,1,64,49.8133
512,128,1,128,50.623
512,128,1,256,51.253
512,128,1,512,52.6827
512,128,1,1024,65.7707
512,128,1,2048,89.3013
512,128,1,4096,132.128
512,128,1,8192,217.835
512,128,1,16384,390.048
512,128,1,32768,734.615
512,128,1,65536,1467.31
512,128,2,16,51.7757
512,128,2,32,52.2347
512,128,2,64,51.691
512,128,2,128,54.1547
512,128,2,256,55.2853
512,128,2,512,59.008
512,128,2,1024,74.2287
512,128,2,2048,103.755
512,128,2,4096,152.533
512,128,2,8192,239.062
512,128,2,16384,412.395
512,128,2,32768,765.173
512,128,2,65536,1479.91
512,128,4,16,56.6297
512,128,4,32,56.5117
512,128,4,64,56.7893
512,128,4,128,60.373
512,128,4,256,63.9783
512,128,4,512,70.1333
512,128,4,1024,93.6433
512,128,4,2048,136.363
512,128,4,4096,220.342
512,128,4,8192,394.753
512,128,4,16384,746.956
512,128,4,32768,1472.31
512,128,4,65536,2892.95
512,128,8,16,66.0587
512,128,8,32,66.1977
512,128,8,64,66.9757
512,128,8,128,73.2053
512,128,8,256,81.0877
512,128,8,512,94.7947
512,128,8,1024,132.331
512,128,8,2048,204.288
512,128,8,4096,338.454
512,128,8,8192,599.617
512,128,8,16384,1135.86
512,128,8,32768,2194.87
512,128,8,65536,4311.81
512,128,16,16,84.576
512,128,16,32,84.7467
512,128,16,64,85.4827
512,128,16,128,99.8293
512,128,16,256,113.632
512,128,16,512,142.581
512,128,16,1024,208.789
512,128,16,2048,339.381
512,128,16,4096,598.133
512,128,16,8192,1125.78
512,128,16,16384,2198.28
512,128,16,32768,4349.38
512,128,16,65536,8630.96
512,128,32,16,121.195
512,128,32,32,121.536
512,128,32,64,123.104
512,128,32,128,149.952
512,128,32,256,180
512,128,32,512,239.19
512,128,32,1024,365.099
512,128,32,2048,614.144
512,128,32,4096,1107.45
512,128,32,8192,2106.72
512,128,32,16384,4130.98
512,128,32,32768,8176.57
512,128,32,65536,16578.5
512,128,64,16,193.269
512,128,64,32,193.493
512,128,64,64,195.744
512,128,64,128,251.648
512,128,64,256,311.99
512,128,64,512,436.897
512,128,64,1024,683.179
512,128,64,2048,1172.11
512,128,64,4096,2447.63
512,128,64,8192,4998.96
512,128,64,16384,9958.89
512,128,64,32768,24482.8
512,128,64,65536,51961.5
512,128,128,16,337.878
512,128,128,32,341.131
512,128,128,64,344.406
512,128,128,128,458.027
512,128,128,256,590.166
512,128,128,512,866.593
512,128,128,1024,1398
512,128,128,2048,2675.8
512,128,128,4096,8153.79
512,128,128,8192,18003.9
512,128,128,16384,43094
512,128,128,32768,88209.4
512,128,128,65536,172404
512,256,0,0,55.3817
512,256,1,16,57.5257
512,256,1,32,57.3977
512,256,1,64,57.664
512,256,1,128,58.496
512,256,1,256,60.2987
512,256,1,512,61.0987
512,256,1,1024,72.2453
512,256,1,2048,97.3547
512,256,1,4096,139.563
512,256,1,8192,224.555
512,256,1,16384,397.013
512,256,1,32768,740.662
512,256,1,65536,1461.84
512,256,2,16,60.032
512,256,2,32,60.3627
512,256,2,64,60.2027
512,256,2,128,62.1653
512,256,2,256,64.2987
512,256,2,512,68.2453
512,256,2,1024,80.7253
512,256,2,2048,113.835
512,256,2,4096,164.245
512,256,2,8192,251.883
512,256,2,16384,423.051
512,256,2,32768,773.078
512,256,2,65536,1467.11
512,256,4,16,65.3863
512,256,4,32,65.2053
512,256,4,64,65.3653
512,256,4,128,69.1523
512,256,4,256,72.544
512,256,4,512,79.168
512,256,4,1024,100.309
512,256,4,2048,144.352
512,256,4,4096,227.509
512,256,4,8192,400.897
512,256,4,16384,753.195
512,256,4,32768,1480.06
512,256,4,65536,2899.27
512,256,8,16,75.3387
512,256,8,32,74.859
512,256,8,64,75.7333
512,256,8,128,82.2613
512,256,8,256,89.6747
512,256,8,512,104.064
512,256,8,1024,138.506
512,256,8,2048,212.416
512,256,8,4096,348.053
512,256,8,8192,609.665
512,256,8,16384,1143.05
512,256,8,32768,2202.49
512,256,8,65536,4344.35
512,256,16,16,93.227
512,256,16,32,93.5787
512,256,16,64,94.3573
512,256,16,128,108.021
512,256,16,256,122.762
512,256,16,512,151.104
512,256,16,1024,216.331
512,256,16,2048,347.681
512,256,16,4096,605.846
512,256,16,8192,1126.26
512,256,16,16384,2208.6
512,256,16,32768,4323.41
512,256,16,65536,8632.03
512,256,32,16,130.154
512,256,32,32,130.891
512,256,32,64,131.477
512,256,32,128,159.692
512,256,32,256,188.064
512,256,32,512,246.507
512,256,32,1024,372.608
512,256,32,2048,623.361
512,256,32,4096,1115.85
512,256,32,8192,2114.88
512,256,32,16384,4113.47
512,256,32,32768,8203.31
512,256,32,65536,16496.5
512,256,64,16,202.112
512,256,64,32,203.222
512,256,64,64,205.256
512,256,64,128,261.089
512,256,64,256,320.203
512,256,64,512,444.672
512,256,64,1024,691.915
512,256,64,2048,1179.95
512,256,64,4096,2441.04
512,256,64,8192,5003.14
512,256,64,16384,10031.5
512,256,64,32768,24179.7
512,256,64,65536,50015.8
512,256,128,16,347.596
512,256,128,32,350.059
512,256,128,64,354.934
512,256,128,128,469.153
512,256,128,256,598.913
512,256,128,512,872.855
512,256,128,1024,1399.17
512,256,128,2048,2679.47
512,256,128,4096,8160.96
512,256,128,8192,16583.7
512,256,128,16384,42838.1
512,256,128,32768,88253.1
512,256,128,65536,172018
512,512,0,0,70.987
512,512,1,16,73.9733
512,512,1,32,73.643
512,512,1,64,74.187
512,512,1,128,74.795
512,512,1,256,75.9257
512,512,1,512,79.2853
512,512,1,1024,84.15
512,512,1,2048,111.147
512,512,1,4096,156.267
512,512,1,8192,241.558
512,512,1,16384,413.835
512,512,1,32768,756.258
512,512,1,65536,1457.36
512,512,2,16,76.608
512,512,2,32,76.3207
512,512,2,64,76.758
512,512,2,128,78.592
512,512,2,256,81.7707
512,512,2,512,85.889
512,512,2,1024,95.135
512,512,2,2048,125.771
512,512,2,4096,188.672
512,512,2,8192,275.489
512,512,2,16384,447.232
512,512,2,32768,794.7
512,512,2,65536,1492.02
512,512,4,16,82.0057
512,512,4,32,82.368
512,512,4,64,81.653
512,512,4,128,85.995
512,512,4,256,89.7277
512,512,4,512,96.9173
512,512,4,1024,113.184
512,512,4,2048,159.104
512,512,4,4096,241.985
512,512,4,8192,413.889
512,512,4,16384,761.441
512,512,4,32768,1472.75
512,512,4,65536,2905.77
512,512,8,16,92.075
512,512,8,32,92.694
512,512,8,64,92.4163
512,512,8,128,100.203
512,512,8,256,107.467
512,512,8,512,121.345
512,512,8,1024,152.576
512,512,8,2048,224.043
512,512,8,4096,368.918
512,512,8,8192,633.398
512,512,8,16384,1167.11
512,512,8,32768,2218.5
512,512,8,65536,4346.77
512,512,16,16,111.168
512,512,16,32,111.158
512,512,16,64,112.459
512,512,16,128,126.112
512,512,16,256,140.64
512,512,16,512,169.771
512,512,16,1024,229.718
512,512,16,2048,361.579
512,512,16,4096,623.436
512,512,16,8192,1141.34
512,512,16,16384,2219.37
512,512,16,32768,4366.5
512,512,16,65536,8642.95
512,512,32,16,148.043
512,512,32,32,149.248
512,512,32,64,150.315
512,512,32,128,178.645
512,512,32,256,207.712
512,512,32,512,265.707
512,512,32,1024,387.019
512,512,32,2048,636.332
512,512,32,4096,1131.3
512,512,32,8192,2144.59
512,512,32,16384,4137.52
512,512,32,32768,8254.05
512,512,32,65536,16585.7
512,512,64,16,220.822
512,512,64,32,222.134
512,512,64,64,224.438
512,512,64,128,279.883
512,512,64,256,338.699
512,512,64,512,459.51
512,512,64,1024,706.487
512,512,64,2048,1193.69
512,512,64,4096,2446.87
512,512,64,8192,5029.6
512,512,64,16384,10027.5
512,512,64,32768,28240.5
512,512,64,65536,43556.6
512,512,128,16,368.747
512,512,128,32,368.438
512,512,128,64,374.006
512,512,128,128,483.339
512,512,128,256,615.979
512,512,128,512,886.551
512,512,128,1024,1409.22
512,512,128,2048,2694.19
512,512,128,4096,8175.67
512,512,128,8192,16616.3
512,512,128,16384,42946.1
512,512,128,32768,88328.9
512,512,128,65536,172820
512,1024,0,0,102.955
512,1024,1,16,104.778
512,1024,1,32,104.96
512,1024,1,64,105.141
512,1024,1,128,106.122
512,1024,1,256,107.595
512,1024,1,512,110.496
512,1024,1,1024,122.304
512,1024,1,2048,138.497
512,1024,1,4096,187.595
512,1024,1,8192,272.865
512,1024,1,16384,443.702
512,1024,1,32768,784.097
512,1024,1,65536,1479.82
512,1024,2,16,107.691
512,1024,2,32,107.51
512,1024,2,64,108.023
512,1024,2,128,110.123
512,1024,2,256,112.597
512,1024,2,512,118.987
512,1024,2,1024,128.021
512,1024,2,2048,150.528
512,1024,2,4096,217.931
512,1024,2,8192,325.014
512,1024,2,16384,496.087
512,1024,2,32768,844.343
512,1024,2,65536,1538.65
512,1024,4,16,113.44
512,1024,4,32,113.493
512,1024,4,64,113.493
512,1024,4,128,118.891
512,1024,4,256,124.854
512,1024,4,512,132.865
512,1024,4,1024,149.846
512,1024,4,2048,186.645
512,1024,4,4096,279.264
512,1024,4,8192,435.115
512,1024,4,16384,785.378
512,1024,4,32768,1484.96
512,1024,4,65536,2873.98
512,1024,8,16,125.91
512,1024,8,32,125.472
512,1024,8,64,125.814
512,1024,8,128,134.038
512,1024,8,256,142.208
512,1024,8,512,156.545
512,1024,8,1024,185.408
512,1024,8,2048,253.739
512,1024,8,4096,401.686
512,1024,8,8192,674.849
512,1024,8,16384,1200.55
512,1024,8,32768,2261.8
512,1024,8,65536,4381.3
512,1024,16,16,145.931
512,1024,16,32,146.091
512,1024,16,64,146.71
512,1024,16,128,161.856
512,1024,16,256,176.864
512,1024,16,512,205.665
512,1024,16,1024,262.817
512,1024,16,2048,389.409
512,1024,16,4096,653.709
512,1024,16,8192,1162.72
512,1024,16,16384,2236.85
512,1024,16,32768,4345.44
512,1024,16,65536,8717.95
512,1024,32,16,183.019
512,1024,32,32,184.705
512,1024,32,64,184.821
512,1024,32,128,213.942
512,1024,32,256,244.682
512,1024,32,512,302.006
512,1024,32,1024,414.454
512,1024,32,2048,664.567
512,1024,32,4096,1159.8
512,1024,32,8192,2183.35
512,1024,32,16384,4206.71
512,1024,32,32768,8410.48
512,1024,32,65536,18913.1
512,1024,64,16,257.547
512,1024,64,32,258.752
512,1024,64,64,260.78
512,1024,64,128,317.419
512,1024,64,256,378.422
512,1024,64,512,497.494
512,1024,64,1024,737.356
512,1024,64,2048,1219.28
512,1024,64,4096,2426.47
512,1024,64,8192,5069.89
512,1024,64,16384,10255.1
512,1024,64,32768,30341.8
512,1024,64,65536,49292
512,1024,128,16,405.302
512,1024,128,32,406.806
512,1024,128,64,411.648
512,1024,128,128,525.335
512,1024,128,256,654.124
512,1024,128,512,924.92
512,1024,128,1024,1446.12
512,1024,128,2048,2719.85
512,1024,128,4096,8206.87
512,1024,128,8192,19283.7
512,1024,128,16384,43116
512,1024,128,32768,87997.3
512,1024,128,65536,172560
512,2048,0,0,165.995
512,2048,1,16,167.99
512,2048,1,32,168.181
512,2048,1,64,168.523
512,2048,1,128,169.152
512,2048,1,256,169.696
512,2048,1,512,173.046
512,2048,1,1024,184.32
512,2048,1,2048,207.35
512,2048,1,4096,245.952
512,2048,1,8192,336.107
512,2048,1,16384,508.033
512,2048,1,32768,855.34
512,2048,1,65536,1534.41
512,2048,2,16,170.987
512,2048,2,32,170.304
512,2048,2,64,170.816
512,2048,2,128,172.65
512,2048,2,256,175.595
512,2048,2,512,181.493
512,2048,2,1024,193.398
512,2048,2,2048,212.62
512,2048,2,4096,257.91
512,2048,2,8192,389.835
512,2048,2,16384,598.901
512,2048,2,32768,943.862
512,2048,2,65536,1635.95
512,2048,4,16,176.053
512,2048,4,32,176.598
512,2048,4,64,176.747
512,2048,4,128,181.632
512,2048,4,256,187.168
512,2048,4,512,198.315
512,2048,4,1024,216.385
512,2048,4,2048,257.344
512,2048,4,4096,339.125
512,2048,4,8192,512.16
512,2048,4,16384,832.717
512,2048,4,32768,1528.47
512,2048,4,65536,2916.56
512,2048,8,16,187.744
512,2048,8,32,188.651
512,2048,8,64,189.462
512,2048,8,128,199.532
512,2048,8,256,210.059
512,2048,8,512,226.422
512,2048,8,1024,253.344
512,2048,8,2048,313.718
512,2048,8,4096,451.008
512,2048,8,8192,747.564
512,2048,8,16384,1283.63
512,2048,8,32768,2336.16
512,2048,8,65536,4424.96
512,2048,16,16,213.387
512,2048,16,32,213.376
512,2048,16,64,213.718
512,2048,16,128,230.667
512,2048,16,256,246.987
512,2048,16,512,276.555
512,2048,16,1024,334.582
512,2048,16,2048,457.174
512,2048,16,4096,711.777
512,2048,16,8192,1237.02
512,2048,16,16384,2285.89
512,2048,16,32768,4434.53
512,2048,16,65536,8886.45
512,2048,32,16,253.569
512,2048,32,32,254.455
512,2048,32,64,254.891
512,2048,32,128,284.075
512,2048,32,256,315.883
512,2048,32,512,373.9
512,2048,32,1024,490.732
512,2048,32,2048,718.059
512,2048,32,4096,1220.38
512,2048,32,8192,2269.81
512,2048,32,16384,4971.74
512,2048,32,32768,9790.87
512,2048,32,65536,22184.6
512,2048,64,16,329.387
512,2048,64,32,329.92
512,2048,64,64,332.576
512,2048,64,128,391.957
512,2048,64,256,449.419
512,2048,64,512,568.95
512,2048,64,1024,807.766
512,2048,64,2048,1288.02
512,2048,64,4096,2299.43
512,2048,64,8192,5719.96
512,2048,64,16384,13835.7
512,2048,64,32768,34429.3
512,2048,64,65536,51402
512,2048,128,16,477.003
512,2048,128,32,481.068
512,2048,128,64,486.582
512,2048,128,128,599.638
512,2048,128,256,726.518
512,2048,128,512,998.285
512,2048,128,1024,1521.96
512,2048,128,2048,2782.18
512,2048,128,4096,10547.3
512,2048,128,8192,21487
512,2048,128,16384,43689.2
512,2048,128,32768,88328
512,2048,128,65536,175014
512,4096,0,0,295.51
512,4096,1,16,296.043
512,4096,1,32,295.424
512,4096,1,64,296.299
512,4096,1,128,297.483
512,4096,1,256,297.995
512,4096,1,512,301.408
512,4096,1,1024,311.211
512,4096,1,2048,334.572
512,4096,1,4096,376.534
512,4096,1,8192,459.414
512,4096,1,16384,630.038
512,4096,1,32768,977.783
512,4096,1,65536,1658.47
512,4096,2,16,299.99
512,4096,2,32,298.529
512,4096,2,64,298.667
512,4096,2,128,302.41
512,4096,2,256,303.339
512,4096,2,512,309.985
512,4096,2,1024,319.542
512,4096,2,2048,343.596
512,4096,2,4096,383.51
512,4096,2,8192,473.857
512,4096,2,16384,729.867
512,4096,2,32768,1151.75
512,4096,2,65536,1844.27
512,4096,4,16,302.817
512,4096,4,32,303.765
512,4096,4,64,302.849
512,4096,4,128,309.429
512,4096,4,256,313.824
512,4096,4,512,324.3
512,4096,4,1024,345.91
512,4096,4,2048,387.702
512,4096,4,4096,469.91
512,4096,4,8192,641.174
512,4096,4,16384,986.007
512,4096,4,32768,1622.77
512,4096,4,65536,3001.2
512,4096,8,16,314.581
512,4096,8,32,315.606
512,4096,8,64,315.787
512,4096,8,128,326.124
512,4096,8,256,336.437
512,4096,8,512,357.387
512,4096,8,1024,396.438
512,4096,8,2048,448.011
512,4096,8,4096,573.175
512,4096,8,8192,840.78
512,4096,8,16384,1451.1
512,4096,8,32768,2523.45
512,4096,8,65536,4620.17
512,4096,16,16,339.702
512,4096,16,32,338.901
512,4096,16,64,340.267
512,4096,16,128,360.268
512,4096,16,256,382.433
512,4096,16,512,414.657
512,4096,16,1024,475.211
512,4096,16,2048,593.388
512,4096,16,4096,844.257
512,4096,16,8192,1366
512,4096,16,16384,2453.58
512,4096,16,32768,5155.03
512,4096,16,65536,10403.1
512,4096,32,16,388.235
512,4096,32,32,388.342
512,4096,32,64,389.484
512,4096,32,128,422.048
512,4096,32,256,455.211
512,4096,32,512,514.476
512,4096,32,1024,635.947
512,4096,32,2048,869.773
512,4096,32,4096,1329.8
512,4096,32,8192,2454.28
512,4096,32,16384,8110.6
512,4096,32,32768,17779
512,4096,32,65536,31202
512,4096,64,16,468.023
512,4096,64,32,469.942
512,4096,64,64,470.22
512,4096,64,128,531.34
512,4096,64,256,595.137
512,4096,64,512,717.718
512,4096,64,1024,955.329
512,4096,64,2048,1425.25
512,4096,64,4096,2750.81
512,4096,64,8192,6108.88
512,4096,64,16384,20963.8
512,4096,64,32768,41571.7
512,4096,64,65536,75106.2
512,4096,128,16,622.669
512,4096,128,32,623.191
512,4096,128,64,630.668
512,4096,128,128,747.532
512,4096,128,256,874.998
512,4096,128,512,1137.92
512,4096,128,1024,1658.34
512,4096,128,2048,2778.09
512,4096,128,4096,8615.81
512,4096,128,8192,22219.9
512,4096,128,16384,44447.1
512,4096,128,32768,88922.6
512,4096,128,65536,176759
512,8192,0,0,553.164
512,8192,1,16,552.661
512,8192,1,32,554.646
512,8192,1,64,552.289
512,8192,1,128,552.79
512,8192,1,256,553.751
512,8192,1,512,554.444
512,8192,1,1024,565.548
512,8192,1,2048,590.54
512,8192,1,4096,636.311
512,8192,1,8192,709.985
512,8192,1,16384,882.563
512,8192,1,32768,1230.26
512,8192,1,65536,1915.76
512,8192,2,16,554.935
512,8192,2,32,552.204
512,8192,2,64,554.572
512,8192,2,128,554.604
512,8192,2,256,558.262
512,8192,2,512,565.858
512,8192,2,1024,575.212
512,8192,2,2048,596.502
512,8192,2,4096,640.524
512,8192,2,8192,722.359
512,8192,2,16384,910.979
512,8192,2,32768,1427.79
512,8192,2,65536,2256.87
512,8192,4,16,557.185
512,8192,4,32,556.044
512,8192,4,64,558.209
512,8192,4,128,564.972
512,8192,4,256,568.513
512,8192,4,512,579.095
512,8192,4,1024,602.455
512,8192,4,2048,644.683
512,8192,4,4096,723.053
512,8192,4,8192,889.56
512,8192,4,16384,1238.94
512,8192,4,32768,1926.3
512,8192,4,65536,3205.14
512,8192,8,16,566.412
512,8192,8,32,568.758
512,8192,8,64,571.02
512,8192,8,128,579.093
512,8192,8,256,590.7
512,8192,8,512,609.41
512,8192,8,1024,654.668
512,8192,8,2048,733.229
512,8192,8,4096,830.081
512,8192,8,8192,1088.44
512,8192,8,16384,1624.9
512,8192,8,32768,2899.23
512,8192,8,65536,5366.38
512,8192,16,16,593.217
512,8192,16,32,592.631
512,8192,16,64,590.103
512,8192,16,128,614.934
512,8192,16,256,631.65
512,8192,16,512,674.892
512,8192,16,1024,751.106
512,8192,16,2048,874.755
512,8192,16,4096,1105.75
512,8192,16,8192,1622.31
512,8192,16,16384,2742.32
512,8192,16,32768,5956.7
512,8192,16,65536,13821.6
512,8192,32,16,640.054
512,8192,32,32,640.928
512,8192,32,64,638.881
512,8192,32,128,681.324
512,8192,32,256,723.831
512,8192,32,512,793.474
512,8192,32,1024,917.325
512,8192,32,2048,1156.72
512,8192,32,4096,1620.3
512,8192,32,8192,2611.89
512,8192,32,16384,5359.74
512,8192,32,32768,19678.3
512,8192,32,65536,37256
512,8192,64,16,741.025
512,8192,64,32,744.321
512,8192,64,64,740.61
512,8192,64,128,810.7
512,8192,64,256,867.191
512,8192,64,512,999.426
512,8192,64,1024,1241.69
512,8192,64,2048,1716.34
512,8192,64,4096,2996.41
512,8192,64,8192,5588.11
512,8192,64,16384,21039.5
512,8192,64,32768,42246.7
512,8192,64,65536,83261.5
512,8192,128,16,907.084
512,8192,128,32,906.818
512,8192,128,64,910.743
512,8192,128,128,1035.21
512,8192,128,256,1157.05
512,8192,128,512,1416.78
512,8192,128,1024,1955.31
512,8192,128,2048,3177.69
512,8192,128,4096,10900.4
512,8192,128,8192,19415.6
512,8192,128,16384,44468.9
512,8192,128,32768,88995.1
512,8192,128,65536,176909
512,16384,0,0,1067.66
512,16384,1,16,1071.59
512,16384,1,32,1069.54
512,16384,1,64,1069.36
512,16384,1,128,1068.99
512,16384,1,256,1062.05
512,16384,1,512,1075.1
512,16384,1,1024,1087.38
512,16384,1,2048,1095.85
512,16384,1,4096,1143.8
512,16384,1,8192,1235.94
512,16384,1,16384,1396.84
512,16384,1,32768,1747.86
512,16384,1,65536,2423.87
512,16384,2,16,1068.27
512,16384,2,32,1071.18
512,16384,2,64,1072.28
512,16384,2,128,1075.29
512,16384,2,256,1072.26
512,16384,2,512,1074.9
512,16384,2,1024,1089.71
512,16384,2,2048,1113.85
512,16384,2,4096,1159.03
512,16384,2,8192,1244.8
512,16384,2,16384,1410.84
512,16384,2,32768,1802.03
512,16384,2,65536,2834.66
512,16384,4,16,1072.54
512,16384,4,32,1074.64
512,16384,4,64,1068.56
512,16384,4,128,1078.33
512,16384,4,256,1076.49
512,16384,4,512,1090.92
512,16384,4,1024,1112.31
512,16384,4,2048,1160.28
512,16384,4,4096,1249.09
512,16384,4,8192,1406.62
512,16384,4,16384,1748.28
512,16384,4,32768,2458.89
512,16384,4,65536,3843.5
512,16384,8,16,1079.8
512,16384,8,32,1085.63
512,16384,8,64,1082.8
512,16384,8,128,1093.75
512,16384,8,256,1098.35
512,16384,8,512,1122.84
512,16384,8,1024,1162.62
512,16384,8,2048,1255.11
512,16384,8,4096,1411.47
512,16384,8,8192,1612.07
512,16384,8,16384,2150
512,16384,8,32768,3244.71
512,16384,8,65536,5798.76
512,16384,16,16,1099.59
512,16384,16,32,1104.54
512,16384,16,64,1101.98
512,16384,16,128,1127.53
512,16384,16,256,1143.29
512,16384,16,512,1182.69
512,16384,16,1024,1272.61
512,16384,16,2048,1428.65
512,16384,16,4096,1678.69
512,16384,16,8192,2148.82
512,16384,16,16384,3227.47
512,16384,16,32768,5434.42
512,16384,16,65536,13554.8
512,16384,32,16,1149.45
512,16384,32,32,1150.93
512,16384,32,64,1152.94
512,16384,32,128,1192.5
512,16384,32,256,1231.78
512,16384,32,512,1312.83
512,16384,32,1024,1466.71
512,16384,32,2048,1719.85
512,16384,32,4096,2213.37
512,16384,32,8192,3142.33
512,16384,32,16384,5166.3
512,16384,32,32768,19139.4
512,16384,32,65536,38135.7
512,16384,64,16,1250.55
512,16384,64,32,1251.14
512,16384,64,64,1251.29
512,16384,64,128,1326.06
512,16384,64,256,1413.95
512,16384,64,512,1555.28
512,16384,64,1024,1811.04
512,16384,64,2048,2306.8
512,16384,64,4096,3504.57
512,16384,64,8192,6197.12
512,16384,64,16384,13209.8
512,16384,64,32768,42213.4
512,16384,64,65536,83892.7
512,16384,128,16,1461.34
512,16384,128,32,1460.95
512,16384,128,64,1465.65
512,16384,128,128,1597.58
512,16384,128,256,1725.14
512,16384,128,512,1984.4
512,16384,128,1024,2526.72
512,16384,128,2048,3842.08
512,16384,128,4096,11376.4
512,16384,128,8192,22133.9
512,16384,128,16384,44446.7
512,16384,128,32768,89141.2
512,16384,128,65536,177093
512,32768,0,0,2095.88
512,32768,1,16,2107.82
512,32768,1,32,2095.88
512,32768,1,64,2102.48
512,32768,1,128,2101.7
512,32768,1,256,2107.05
512,32768,1,512,2107.38
512,32768,1,1024,2097.56
512,32768,1,2048,2129.64
512,32768,1,4096,2174.31
512,32768,1,8192,2255.54
512,32768,1,16384,2446.84
512,32768,1,32768,2750.86
512,32768,1,65536,3441.26
512,32768,2,16,2104.93
512,32768,2,32,2103.17
512,32768,2,64,2102.28
512,32768,2,128,2104.04
512,32768,2,256,2109.74
512,32768,2,512,2098.61
512,32768,2,1024,2112.4
512,32768,2,2048,2144.94
512,32768,2,4096,2180.47
512,32768,2,8192,2283.43
512,32768,2,16384,2458.11
512,32768,2,32768,2785.81
512,32768,2,65536,3597.76
512,32768,4,16,2098.36
512,32768,4,32,2099.81
512,32768,4,64,2112.63
512,32768,4,128,2105.4
512,32768,4,256,2113.32
512,32768,4,512,2122.31
512,32768,4,1024,2142.18
512,32768,4,2048,2188.2
512,32768,4,4096,2273.69
512,32768,4,8192,2460.6
512,32768,4,16384,2770.34
512,32768,4,32768,3467.79
512,32768,4,65536,4847.65
512,32768,8,16,2118.47
512,32768,8,32,2100.58
512,32768,8,64,2112.26
512,32768,8,128,2132.46
512,32768,8,256,2118.58
512,32768,8,512,2143.52
512,32768,8,1024,2194.04
512,32768,8,2048,2274.08
512,32768,8,4096,2447.81
512,32768,8,8192,2775.65
512,32768,8,16384,3187.44
512,32768,8,32768,4241.76
512,32768,8,65536,6404.5
512,32768,16,16,2128.28
512,32768,16,32,2127.05
512,32768,16,64,2129.75
512,32768,16,128,2156.45
512,32768,16,256,2174.01
512,32768,16,512,2204.93
512,32768,16,1024,2294.67
512,32768,16,2048,2467.65
512,32768,16,4096,2764.87
512,32768,16,8192,3312.63
512,32768,16,16384,4260.82
512,32768,16,32768,6371.77
512,32768,16,65536,10904.7
512,32768,32,16,2173.99
512,32768,32,32,2185.4
512,32768,32,64,2183.41
512,32768,32,128,2218.48
512,32768,32,256,2258.48
512,32768,32,512,2346.72
512,32768,32,1024,2485.55
512,32768,32,2048,2825.93
512,32768,32,4096,3311.09
512,32768,32,8192,4372.51
512,32768,32,16384,6142.55
512,32768,32,32768,10284.8
512,32768,32,65536,39068.5
512,32768,64,16,2274.84
512,32768,64,32,2275.11
512,32768,64,64,2279.44
512,32768,64,128,2359.33
512,32768,64,256,2436.25
512,32768,64,512,2591.66
512,32768,64,1024,2901.72
512,32768,64,2048,3431.56
512,32768,64,4096,4590.92
512,32768,64,8192,8372.08
512,32768,64,16384,19342
512,32768,64,32768,38898.4
512,32768,64,65536,83594.1
512,32768,128,16,2491.46
512,32768,128,32,2493.21
512,32768,128,64,2485.65
512,32768,128,128,2643.76
512,32768,128,256,2805.93
512,32768,128,512,3094.73
512,32768,128,1024,3631.03
512,32768,128,2048,4902.91
512,32768,128,4096,12186.4
512,32768,128,8192,22954.2
512,32768,128,16384,44749.4
512,32768,128,32768,89152.1
512,32768,128,65536,177426
512,65536,0,0,4191.3
512,65536,1,16,4208.61
512,65536,1,32,4190.86
512,65536,1,64,4218.18
512,65536,1,128,4190.75
512,65536,1,256,4211.47
512,65536,1,512,4217
512,65536,1,1024,4209.15
512,65536,1,2048,4196.83
512,65536,1,4096,4238.44
512,65536,1,8192,4353.57
512,65536,1,16384,4537.07
512,65536,1,32768,4854.91
512,65536,1,65536,5589.8
512,65536,2,16,4221.96
512,65536,2,32,4214.18
512,65536,2,64,4198.27
512,65536,2,128,4215.73
512,65536,2,256,4197.91
512,65536,2,512,4199.06
512,65536,2,1024,4226.44
512,65536,2,2048,4241.66
512,65536,2,4096,4292.2
512,65536,2,8192,4362.54
512,65536,2,16384,4566.17
512,65536,2,32768,4927.82
512,65536,2,65536,5607.16
512,65536,4,16,4224.23
512,65536,4,32,4191.83
512,65536,4,64,4206.27
512,65536,4,128,4232.96
512,65536,4,256,4212.65
512,65536,4,512,4242.94
512,65536,4,1024,4251.29
512,65536,4,2048,4268.27
512,65536,4,4096,4377.34
512,65536,4,8192,4550.02
512,65536,4,16384,4887.79
512,65536,4,32768,5550.97
512,65536,4,65536,7000.56
512,65536,8,16,4211.89
512,65536,8,32,4205.64
512,65536,8,64,4208.56
512,65536,8,128,4231.55
512,65536,8,256,4240.13
512,65536,8,512,4247.26
512,65536,8,1024,4274.98
512,65536,8,2048,4368.11
512,65536,8,4096,4533.01
512,65536,8,8192,4884.38
512,65536,8,16384,5564.45
512,65536,8,32768,6374.97
512,65536,8,65536,8446.24
512,65536,16,16,4225.37
512,65536,16,32,4240.05
512,65536,16,64,4226.58
512,65536,16,128,4249.91
512,65536,16,256,4264.49
512,65536,16,512,4303.69
512,65536,16,1024,4393.53
512,65536,16,2048,4544.6
512,65536,16,4096,4858.66
512,65536,16,8192,5524.44
512,65536,16,16384,6637.89
512,65536,16,32768,8469.26
512,65536,16,65536,12805.8
512,65536,32,16,4263.72
512,65536,32,32,4291.29
512,65536,32,64,4258.2
512,65536,32,128,4304.59
512,65536,32,256,4350.8
512,65536,32,512,4411.17
512,65536,32,1024,4577.87
512,65536,32,2048,4897.5
512,65536,32,4096,5556.34
512,65536,32,8192,6708.22
512,65536,32,16384,8698.32
512,65536,32,32768,12249.2
512,65536,32,65536,22642.9
512,65536,64,16,4377.53
512,65536,64,32,4374.98
512,65536,64,64,4374.43
512,65536,64,128,4442.69
512,65536,64,256,4499.48
512,65536,64,512,4664.9
512,65536,64,1024,4975.14
512,65536,64,2048,5633.17
512,65536,64,4096,7056.15
512,65536,64,8192,9705.08
512,65536,64,16384,21696.3
512,65536,64,32768,42085.7
512,65536,64,65536,73814.6
512,65536,128,16,4559.58
512,65536,128,32,4551.67
512,65536,128,64,4565.25
512,65536,128,128,4707.6
512,65536,128,256,4868.63
512,65536,128,512,5187.33
512,65536,128,1024,5868.15
512,65536,128,2048,7301.09
512,65536,128,4096,13409.2
512,65536,128,8192,24380.2
512,65536,128,16384,46199.1
512,65536,128,32768,90254.6
512,65536,128,65536,176932
1024,0,0,0,100.683
1024,0,1,16,103.797
1024,0,1,32,103.168
1024,0,1,64,103.776
1024,0,1,128,104.533
1024,0,1,256,105.131
1024,0,1,512,107.019
1024,0,1,1024,113.12
1024,0,1,2048,138.965
1024,0,1,4096,188.364
1024,0,1,8192,274.795
1024,0,1,16384,445.419
1024,0,1,32768,786.924
1024,0,1,65536,1474.82
1024,0,2,16,106.837
1024,0,2,32,107.179
1024,0,2,64,107.275
1024,0,2,128,108.246
1024,0,2,256,111.349
1024,0,2,512,114.07
1024,0,2,1024,123.947
1024,0,2,2048,156.588
1024,0,2,4096,217.845
1024,0,2,8192,319.328
1024,0,2,16384,496.578
1024,0,2,32768,839.361
1024,0,2,65536,1542.06
1024,0,4,16,113.067
1024,0,4,32,113.91
1024,0,4,64,113.633
1024,0,4,128,117.387
1024,0,4,256,121.151
1024,0,4,512,128.011
1024,0,4,1024,145.43
1024,0,4,2048,191.105
1024,0,4,4096,278.4
1024,0,4,8192,441.952
1024,0,4,16384,786.637
1024,0,4,32768,1492.97
1024,0,4,65536,2885.83
1024,0,8,16,126.443
1024,0,8,32,127.137
1024,0,8,64,127.649
1024,0,8,128,133.749
1024,0,8,256,141.109
1024,0,8,512,155.809
1024,0,8,1024,188.362
1024,0,8,2048,261.909
1024,0,8,4096,406.007
1024,0,8,8192,676.876
1024,0,8,16384,1206.67
1024,0,8,32768,2254.61
1024,0,8,65536,4360.01
1024,0,16,16,152.917
1024,0,16,32,153.675
1024,0,16,64,154.24
1024,0,16,128,169.558
1024,0,16,256,184.384
1024,0,16,512,210.849
1024,0,16,1024,274.421
1024,0,16,2048,406.998
1024,0,16,4096,667.457
1024,0,16,8192,1182.27
1024,0,16,16384,2254.45
1024,0,16,32768,4375.98
1024,0,16,65536,8727.34
1024,0,32,16,206.645
1024,0,32,32,206.091
1024,0,32,64,207.126
1024,0,32,128,234.817
1024,0,32,256,265.568
1024,0,32,512,322.614
1024,0,32,1024,445.676
1024,0,32,2048,698.582
1024,0,32,4096,1186.18
1024,0,32,8192,2202.04
1024,0,32,16384,4217.51
1024,0,32,32768,8322.93
1024,0,32,65536,16810.5
1024,0,64,16,309.888
1024,0,64,32,310.38
1024,0,64,64,312.683
1024,0,64,128,368.502
1024,0,64,256,427.446
1024,0,64,512,546.593
1024,0,64,1024,801.132
1024,0,64,2048,1288.19
1024,0,64,4096,2525.58
1024,0,64,8192,5101.1
1024,0,64,16384,10101.2
1024,0,64,32768,25026.2
1024,0,64,65536,46594.6
1024,0,128,16,522.923
1024,0,128,32,523.841
1024,0,128,64,528.598
1024,0,128,128,639.692
1024,0,128,256,764.876
1024,0,128,512,1035.29
1024,0,128,1024,1569.84
1024,0,128,2048,2822.85
1024,0,128,4096,8233.02
1024,0,128,8192,18067.8
1024,0,128,16384,42865.3
1024,0,128,32768,88050.4
1024,0,128,65536,172927
1024,16,0,0,108.715
1024,16,1,16,111.691
1024,16,1,32,112.022
1024,16,1,64,112.534
1024,16,1,128,112.565
1024,16,1,256,113.952
1024,16,1,512,115.424
1024,16,1,1024,119.03
1024,16,1,2048,145.259
1024,16,1,4096,194.539
1024,16,1,8192,280.758
1024,16,1,16384,454.924
1024,16,1,32768,793.932
1024,16,1,65536,1475.84
1024,16,2,16,115.349
1024,16,2,32,115.392
1024,16,2,64,115.125
1024,16,2,128,117.44
1024,16,2,256,119.84
1024,16,2,512,121.909
1024,16,2,1024,130.432
1024,16,2,2048,162.966
1024,16,2,4096,226.038
1024,16,2,8192,331.755
1024,16,2,16384,504.982
1024,16,2,32768,848.375
1024,16,2,65536,1550.97
1024,16,4,16,121.259
1024,16,4,32,122.261
1024,16,4,64,121.92
1024,16,4,128,125.771
1024,16,4,256,128.534
1024,16,4,512,136.896
1024,16,4,1024,152.043
1024,16,4,2048,197.344
1024,16,4,4096,286.006
1024,16,4,8192,449.793
1024,16,4,16384,795.298
1024,16,4,32768,1496.56
1024,16,4,65536,2891.83
1024,16,8,16,135.339
1024,16,8,32,135.606
1024,16,8,64,136.416
1024,16,8,128,143.509
1024,16,8,256,150.251
1024,16,8,512,165.099
1024,16,8,1024,194.625
1024,16,8,2048,268.747
1024,16,8,4096,414.518
1024,16,8,8192,685.75
1024,16,8,16384,1215.75
1024,16,8,32768,2268.91
1024,16,8,65536,4380.58
1024,16,16,16,161.644
1024,16,16,32,162.059
1024,16,16,64,162.816
1024,16,16,128,176.448
1024,16,16,256,192.204
1024,16,16,512,220.64
1024,16,16,1024,280.95
1024,16,16,2048,412.94
1024,16,16,4096,675.639
1024,16,16,8192,1194.56
1024,16,16,16384,2256.16
1024,16,16,32768,4387.31
1024,16,16,65536,8724.99
1024,16,32,16,215.147
1024,16,32,32,215.147
1024,16,32,64,216.705
1024,16,32,128,245.174
1024,16,32,256,274.294
1024,16,32,512,330.87
1024,16,32,1024,452.748
1024,16,32,2048,702.316
1024,16,32,4096,1198.33
1024,16,32,8192,2204.13
1024,16,32,16384,4234.25
1024,16,32,32768,8402.85
1024,16,32,65536,17205.7
1024,16,64,16,317.386
1024,16,64,32,318.634
1024,16,64,64,321.951
1024,16,64,128,377.876
1024,16,64,256,439.156
1024,16,64,512,557.631
1024,16,64,1024,805.961
1024,16,64,2048,1293.6
1024,16,64,4096,2504.16
1024,16,64,8192,5122.43
1024,16,64,16384,10124.4
1024,16,64,32768,28292.2
1024,16,64,65536,43550.3
1024,16,128,16,528.703
1024,16,128,32,532.35
1024,16,128,64,534.314
1024,16,128,128,648.19
1024,16,128,256,773.331
1024,16,128,512,1044.49
1024,16,128,1024,1578.39
1024,16,128,2048,2837.4
1024,16,128,4096,8223.15
1024,16,128,8192,16690.8
1024,16,128,16384,43112.1
1024,16,128,32768,88237.8
1024,16,128,65536,172901
1024,32,0,0,108.085
1024,32,1,16,111.84
1024,32,1,32,112.117
1024,32,1,64,112.214
1024,32,1,128,113.109
1024,32,1,256,113.994
1024,32,1,512,115.648
1024,32,1,1024,119.264
1024,32,1,2048,146.506
1024,32,1,4096,195.871
1024,32,1,8192,282.474
1024,32,1,16384,454.772
1024,32,1,32768,790.292
1024,32,1,65536,1487.13
1024,32,2,16,114.805
1024,32,2,32,115.264
1024,32,2,64,115.476
1024,32,2,128,118.463
1024,32,2,256,118.176
1024,32,2,512,122.559
1024,32,2,1024,130.72
1024,32,2,2048,163.84
1024,32,2,4096,224.49
1024,32,2,8192,333.066
1024,32,2,16384,506.378
1024,32,2,32768,845.481
1024,32,2,65536,1545.14
1024,32,4,16,121.994
1024,32,4,32,122.464
1024,32,4,64,121.237
1024,32,4,128,126.432
1024,32,4,256,129.279
1024,32,4,512,136.789
1024,32,4,1024,152.917
1024,32,4,2048,199.167
1024,32,4,4096,285.727
1024,32,4,8192,452.063
1024,32,4,16384,798.473
1024,32,4,32768,1490.58
1024,32,4,65536,2900.99
1024,32,8,16,135.563
1024,32,8,32,135.531
1024,32,8,64,136.096
1024,32,8,128,142.954
1024,32,8,256,151.37
1024,32,8,512,165.119
1024,32,8,1024,194.666
1024,32,8,2048,270.09
1024,32,8,4096,413.354
1024,32,8,8192,686.685
1024,32,8,16384,1216.57
1024,32,8,32768,2280.76
1024,32,8,65536,4367.32
1024,32,16,16,162.795
1024,32,16,32,162.346
1024,32,16,64,163.627
1024,32,16,128,177.237
1024,32,16,256,192.66
1024,32,16,512,220.49
1024,32,16,1024,279.253
1024,32,16,2048,413.545
1024,32,16,4096,677.321
1024,32,16,8192,1192.89
1024,32,16,16384,2261.26
1024,32,16,32768,4373.44
1024,32,16,65536,8717.31
1024,32,32,16,215.818
1024,32,32,32,215.092
1024,32,32,64,217.248
1024,32,32,128,243.477
1024,32,32,256,272.875
1024,32,32,512,331.029
1024,32,32,1024,451.38
1024,32,32,2048,704.073
1024,32,32,4096,1203.54
1024,32,32,8192,2215.54
1024,32,32,16384,4233.2
1024,32,32,32768,8379.11
1024,32,32,65536,17020.7
1024,32,64,16,316.724
1024,32,64,32,320.095
1024,32,64,64,322.068
1024,32,64,128,377.332
1024,32,64,256,436.287
1024,32,64,512,558.302
1024,32,64,1024,804.211
1024,32,64,2048,1298.83
1024,32,64,4096,2520.92
1024,32,64,8192,5124.28
1024,32,64,16384,10196.6
1024,32,64,32768,29158.5
1024,32,64,65536,46165.1
1024,32,128,16,529.311
1024,32,128,32,529.865
1024,32,128,64,534.356
1024,32,128,128,650.931
1024,32,128,256,774.099
1024,32,128,512,1044.8
1024,32,128,1024,1581.94
1024,32,128,2048,2838.84
1024,32,128,4096,8220.62
1024,32,128,8192,17240
1024,32,128,16384,43321.1
1024,32,128,32768,87823.1
1024,32,128,65536,173410
1024,64,0,0,108.842
1024,64,1,16,111.776
1024,64,1,32,111.989
1024,64,1,64,112.279
1024,64,1,128,112.352
1024,64,1,256,113.887
1024,64,1,512,116.651
1024,64,1,1024,119.178
1024,64,1,2048,145.493
1024,64,1,4096,195.466
1024,64,1,8192,282.687
1024,64,1,16384,453.557
1024,64,1,32768,795.049
1024,64,1,65536,1490.6
1024,64,2,16,115.935
1024,64,2,32,115.349
1024,64,2,64,115.808
1024,64,2,128,117.856
1024,64,2,256,119.392
1024,64,2,512,123.797
1024,64,2,1024,130.048
1024,64,2,2048,163.061
1024,64,2,4096,225.375
1024,64,2,8192,331.84
1024,64,2,16384,504.639
1024,64,2,32768,849.95
1024,64,2,65536,1554.78
1024,64,4,16,121.632
1024,64,4,32,122.218
1024,64,4,64,121.632
1024,64,4,128,125.216
1024,64,4,256,129.792
1024,64,4,512,136.907
1024,64,4,1024,150.955
1024,64,4,2048,197.867
1024,64,4,4096,286.326
1024,64,4,8192,452.268
1024,64,4,16384,794.392
1024,64,4,32768,1492.54
1024,64,4,65536,2894.19
1024,64,8,16,136.373
1024,64,8,32,136.47
1024,64,8,64,136.299
1024,64,8,128,142.581
1024,64,8,256,150.539
1024,64,8,512,165.302
1024,64,8,1024,194.155
1024,64,8,2048,269.089
1024,64,8,4096,413.356
1024,64,8,8192,689.815
1024,64,8,16384,1209.39
1024,64,8,32768,2268.68
1024,64,8,65536,4393.01
1024,64,16,16,162.005
1024,64,16,32,162.507
1024,64,16,64,163.574
1024,64,16,128,176.374
1024,64,16,256,191.349
1024,64,16,512,220.022
1024,64,16,1024,281.153
1024,64,16,2048,413.441
1024,64,16,4096,676.694
1024,64,16,8192,1190.22
1024,64,16,16384,2260.87
1024,64,16,32768,4385.16
1024,64,16,65536,8731
1024,64,32,16,215.435
1024,64,32,32,215.702
1024,64,32,64,216.63
1024,64,32,128,244.47
1024,64,32,256,274.006
1024,64,32,512,332.481
1024,64,32,1024,452.151
1024,64,32,2048,703.916
1024,64,32,4096,1204.9
1024,64,32,8192,2210.88
1024,64,32,16384,4233.46
1024,64,32,32768,8369.73
1024,64,32,65536,17741.5
1024,64,64,16,317.825
1024,64,64,32,319.84
1024,64,64,64,321.206
1024,64,64,128,377.877
1024,64,64,256,437.687
1024,64,64,512,554.327
1024,64,64,1024,805.229
1024,64,64,2048,1294.64
1024,64,64,4096,2504.12
1024,64,64,8192,5123.88
1024,64,64,16384,10112.9
1024,64,64,32768,27230.1
1024,64,64,65536,49115.4
1024,64,128,16,529.804
1024,64,128,32,530.775
1024,64,128,64,535.937
1024,64,128,128,650.679
1024,64,128,256,774.061
1024,64,128,512,1043.91
1024,64,128,1024,1576.22
1024,64,128,2048,2835.93
1024,64,128,4096,8220.61
1024,64,128,8192,16861.5
1024,64,128,16384,42218.4
1024,64,128,32768,88362.5
1024,64,128,65536,173025
1024,128,0,0,116.661
1024,128,1,16,119.851
1024,128,1,32,120.096
1024,128,1,64,119.734
1024,128,1,128,121.067
1024,128,1,256,121.59
1024,128,1,512,124.373
1024,128,1,1024,127.168
1024,128,1,2048,153.237
1024,128,1,4096,203.328
1024,128,1,8192,290.24
1024,128,1,16384,461.824
1024,128,1,32768,804.171
1024,128,1,65536,1491.25
1024,128,2,16,122.592
1024,128,2,32,122.741
1024,128,2,64,123.221
1024,128,2,128,124.885
1024,128,2,256,125.781
1024,128,2,512,129.813
1024,128,2,1024,137.835
1024,128,2,2048,170.272
1024,128,2,4096,233.301
1024,128,2,8192,343.53
1024,128,2,16384,514.74
1024,128,2,32768,869.897
1024,128,2,65536,1554.14
1024,128,4,16,128.896
1024,128,4,32,129.643
1024,128,4,64,129.302
1024,128,4,128,132.555
1024,128,4,256,136.939
1024,128,4,512,144.234
1024,128,4,1024,158.955
1024,128,4,2048,205.483
1024,128,4,4096,293.397
1024,128,4,8192,458.325
1024,128,4,16384,806.176
1024,128,4,32768,1498.85
1024,128,4,65536,2887.69
1024,128,8,16,142.901
1024,128,8,32,143.52
1024,128,8,64,143.936
1024,128,8,128,151.115
1024,128,8,256,158.122
1024,128,8,512,171.691
1024,128,8,1024,202.39
1024,128,8,2048,276.768
1024,128,8,4096,421.686
1024,128,8,8192,693.376
1024,128,8,16384,1216.86
1024,128,8,32768,2288.07
1024,128,8,65536,4381.77
1024,128,16,16,169.376
1024,128,16,32,170.998
1024,128,16,64,169.546
1024,128,16,128,184.779
1024,128,16,256,199.403
1024,128,16,512,228.395
1024,128,16,1024,287.936
1024,128,16,2048,421.451
1024,128,16,4096,683.296
1024,128,16,8192,1196.4
1024,128,16,16384,2260.57
1024,128,16,32768,4385.55
1024,128,16,65536,8735.91
1024,128,32,16,222.816
1024,128,32,32,221.077
1024,128,32,64,223.435
1024,128,32,128,252.448
1024,128,32,256,281.035
1024,128,32,512,338.368
1024,128,32,1024,460.353
1024,128,32,2048,711.755
1024,128,32,4096,1209.83
1024,128,32,8192,2227.68
1024,128,32,16384,4245.34
1024,128,32,32768,8401.32
1024,128,32,65536,17369.2
1024,128,64,16,325.803
1024,128,64,32,326.934
1024,128,64,64,329.547
1024,128,64,128,386.709
1024,128,64,256,445.622
1024,128,64,512,566.751
1024,128,64,1024,813.931
1024,128,64,2048,1305.54
1024,128,64,4096,2496.16
1024,128,64,8192,5138.1
1024,128,64,16384,10181.4
1024,128,64,32768,28844
1024,128,64,65536,46614.7
1024,128,128,16,536.874
1024,128,128,32,539.295
1024,128,128,64,544.629
1024,128,128,128,657.995
1024,128,128,256,779.723
1024,128,128,512,1050.22
1024,128,128,1024,1582.91
1024,128,128,2048,2843.56
1024,128,128,4096,8226.56
1024,128,128,8192,16886.6
1024,128,128,16384,43493.5
1024,128,128,32768,87788.7
1024,128,128,65536,172453
1024,256,0,0,131.744
1024,256,1,16,134.912
1024,256,1,32,134.528
1024,256,1,64,135.232
1024,256,1,128,136.032
1024,256,1,256,137.184
1024,256,1,512,139.136
1024,256,1,1024,142.538
1024,256,1,2048,165.92
1024,256,1,4096,216.747
1024,256,1,8192,307.701
1024,256,1,16384,479.243
1024,256,1,32768,819.371
1024,256,1,65536,1508.09
1024,256,2,16,138.539
1024,256,2,32,137.781
1024,256,2,64,137.92
1024,256,2,128,139.797
1024,256,2,256,142.144
1024,256,2,512,145.141
1024,256,2,1024,152.469
1024,256,2,2048,185.163
1024,256,2,4096,247.2
1024,256,2,8192,366.731
1024,256,2,16384,542.709
1024,256,2,32768,887.883
1024,256,2,65536,1592.53
1024,256,4,16,144.544
1024,256,4,32,145.546
1024,256,4,64,145.419
1024,256,4,128,148.011
1024,256,4,256,151.211
1024,256,4,512,159.296
1024,256,4,1024,173.355
1024,256,4,2048,220.427
1024,256,4,4096,308.181
1024,256,4,8192,474.976
1024,256,4,16384,814.752
1024,256,4,32768,1512.68
1024,256,4,65536,2908.7
1024,256,8,16,158.987
1024,256,8,32,158.859
1024,256,8,64,158.763
1024,256,8,128,166.357
1024,256,8,256,173.504
1024,256,8,512,188.619
1024,256,8,1024,215.446
1024,256,8,2048,291.147
1024,256,8,4096,435.861
1024,256,8,8192,717.813
1024,256,8,16384,1247.77
1024,256,8,32768,2296.87
1024,256,8,65536,4412.52
1024,256,16,16,185.12
1024,256,16,32,186.496
1024,256,16,64,185.909
1024,256,16,128,200.202
1024,256,16,256,215.221
1024,256,16,512,244.181
1024,256,16,1024,300.843
1024,256,16,2048,434.837
1024,256,16,4096,696.747
1024,256,16,8192,1207.65
1024,256,16,16384,2265.21
1024,256,16,32768,4408.58
1024,256,16,65536,8729.98
1024,256,32,16,238.432
1024,256,32,32,238.539
1024,256,32,64,239.776
1024,256,32,128,268.843
1024,256,32,256,298.496
1024,256,32,512,355.414
1024,256,32,1024,474.901
1024,256,32,2048,725.131
1024,256,32,4096,1224.29
1024,256,32,8192,2249.55
1024,256,32,16384,4273.2
1024,256,32,32768,8428.02
1024,256,32,65536,18584.6
1024,256,64,16,342.39
1024,256,64,32,344.576
1024,256,64,64,347.37
1024,256,64,128,401.312
1024,256,64,256,461.738
1024,256,64,512,582.079
1024,256,64,1024,829.461
1024,256,64,2048,1314.82
1024,256,64,4096,2497.07
1024,256,64,8192,5145.48
1024,256,64,16384,10271.2
1024,256,64,32768,26166.6
1024,256,64,65536,52363.1
1024,256,128,16,553.366
1024,256,128,32,557.323
1024,256,128,64,562.582
1024,256,128,128,674.923
1024,256,128,256,797.696
1024,256,128,512,1062.59
1024,256,128,1024,1604.16
1024,256,128,2048,2851.41
1024,256,128,4096,8237.13
1024,256,128,8192,17029.8
1024,256,128,16384,43386.9
1024,256,128,32768,88551.3
1024,256,128,65536,172526
1024,512,0,0,163.509
1024,512,1,16,165.248
1024,512,1,32,166.347
1024,512,1,64,165.493
1024,512,1,128,166.528
1024,512,1,256,168.16
1024,512,1,512,168.971
1024,512,1,1024,173.76
1024,512,1,2048,191.958
1024,512,1,4096,245.418
1024,512,1,8192,338.934
1024,512,1,16384,511.584
1024,512,1,32768,845.397
1024,512,1,65536,1526.88
1024,512,2,16,169.866
1024,512,2,32,169.706
1024,512,2,64,169.44
1024,512,2,128,171.509
1024,512,2,256,173.536
1024,512,2,512,177.568
1024,512,2,1024,183.648
1024,512,2,2048,211.723
1024,512,2,4096,275.68
1024,512,2,8192,396.672
1024,512,2,16384,585.792
1024,512,2,32768,932.471
1024,512,2,65536,1628.25
1024,512,4,16,175.722
1024,512,4,32,175.253
1024,512,4,64,176.011
1024,512,4,128,179.573
1024,512,4,256,184.096
1024,512,4,512,191.371
1024,512,4,1024,204.672
1024,512,4,2048,247.136
1024,512,4,4096,337.195
1024,512,4,8192,505.792
1024,512,4,16384,841.739
1024,512,4,32768,1537.1
1024,512,4,65536,2944.28
1024,512,8,16,189.611
1024,512,8,32,191.328
1024,512,8,64,190.357
1024,512,8,128,197.589
1024,512,8,256,205.184
1024,512,8,512,219.297
1024,512,8,1024,247.979
1024,512,8,2048,317.867
1024,512,8,4096,465.973
1024,512,8,8192,751.051
1024,512,8,16384,1284.21
1024,512,8,32768,2338.21
1024,512,8,65536,4446.97
1024,512,16,16,216.373
1024,512,16,32,217.984
1024,512,16,64,217.365
1024,512,16,128,233.397
1024,512,16,256,247.072
1024,512,16,512,276.566
1024,512,16,1024,332.853
1024,512,16,2048,463.52
1024,512,16,4096,724.853
1024,512,16,8192,1245.27
1024,512,16,16384,2289.53
1024,512,16,32768,4404.37
1024,512,16,65536,8780
1024,512,32,16,271.595
1024,512,32,32,270.24
1024,512,32,64,271.317
1024,512,32,128,299.712
1024,512,32,256,329.472
1024,512,32,512,388.865
1024,512,32,1024,504.278
1024,512,32,2048,754.015
1024,512,32,4096,1250.78
1024,512,32,8192,2325.32
1024,512,32,16384,4528.9
1024,512,32,32768,8974.95
1024,512,32,65536,18748.4
1024,512,64,16,373.728
1024,512,64,32,375.413
1024,512,64,64,377.163
1024,512,64,128,434.646
1024,512,64,256,493.024
1024,512,64,512,613.548
1024,512,64,1024,857.643
1024,512,64,2048,1346.08
1024,512,64,4096,2472.7
1024,512,64,8192,5138.98
1024,512,64,16384,10620.7
1024,512,64,32768,30748.3
1024,512,64,65536,46582.7
1024,512,128,16,585.408
1024,512,128,32,589.111
1024,512,128,64,594.646
1024,512,128,128,704.545
1024,512,128,256,833.75
1024,512,128,512,1093.01
1024,512,128,1024,1627.44
1024,512,128,2048,2881.62
1024,512,128,4096,8250.83
1024,512,128,8192,19554.8
1024,512,128,16384,43408
1024,512,128,32768,88173.3
1024,512,128,65536,172770
1024,1024,0,0,225.728
1024,1024,1,16,227.894
1024,1024,1,32,228.266
1024,1024,1,64,228.565
1024,1024,1,128,230.422
1024,1024,1,256,230.123
1024,1024,1,512,232.555
1024,1024,1,1024,233.729
1024,1024,1,2048,246.23
1024,1024,1,4096,298.667
1024,1024,1,8192,399.499
1024,1024,1,16384,576.989
1024,1024,1,32768,917.58
1024,1024,1,65536,1591.55
1024,1024,2,16,230.912
1024,1024,2,32,231.701
1024,1024,2,64,232.939
1024,1024,2,128,233.515
1024,1024,2,256,235.776
1024,1024,2,512,239.168
1024,1024,2,1024,245.739
1024,1024,2,2048,263.808
1024,1024,2,4096,330.784
1024,1024,2,8192,454.976
1024,1024,2,16384,681.43
1024,1024,2,32768,1024.88
1024,1024,2,65536,1724.83
1024,1024,4,16,237.909
1024,1024,4,32,239.403
1024,1024,4,64,237.973
1024,1024,4,128,240.8
1024,1024,4,256,244.406
1024,1024,4,512,252.15
1024,1024,4,1024,267.723
1024,1024,4,2048,302.646
1024,1024,4,4096,395.574
1024,1024,4,8192,572.129
1024,1024,4,16384,901.216
1024,1024,4,32768,1582.07
1024,1024,4,65536,2967.96
1024,1024,8,16,253.579
1024,1024,8,32,252.181
1024,1024,8,64,252.693
1024,1024,8,128,258.028
1024,1024,8,256,268.117
1024,1024,8,512,282.102
1024,1024,8,1024,311.51
1024,1024,8,2048,374.464
1024,1024,8,4096,524.842
1024,1024,8,8192,807.979
1024,1024,8,16384,1363.69
1024,1024,8,32768,2409.33
1024,1024,8,65536,4518.47
1024,1024,16,16,278.144
1024,1024,16,32,280.512
1024,1024,16,64,278.817
1024,1024,16,128,294.837
1024,1024,16,256,310.069
1024,1024,16,512,340.288
1024,1024,16,1024,398.443
1024,1024,16,2048,520.139
1024,1024,16,4096,786.145
1024,1024,16,8192,1306.77
1024,1024,16,16384,2358.22
1024,1024,16,32768,4508.84
1024,1024,16,65536,9048.77
1024,1024,32,16,333.611
1024,1024,32,32,332.587
1024,1024,32,64,334.785
1024,1024,32,128,364.555
1024,1024,32,256,393.547
1024,1024,32,512,450.859
1024,1024,32,1024,570.284
1024,1024,32,2048,811.893
1024,1024,32,4096,1306.92
1024,1024,32,8192,2378.19
1024,1024,32,16384,5076.81
1024,1024,32,32768,11092.2
1024,1024,32,65536,23452.8
1024,1024,64,16,437.589
1024,1024,64,32,439.606
1024,1024,64,64,440.876
1024,1024,64,128,499.958
1024,1024,64,256,559.211
1024,1024,64,512,681.931
1024,1024,64,1024,917.163
1024,1024,64,2048,1402.22
1024,1024,64,4096,2432.73
1024,1024,64,8192,5894
1024,1024,64,16384,13416.9
1024,1024,64,32768,30508
1024,1024,64,65536,47480.3
1024,1024,128,16,652.374
1024,1024,128,32,654.849
1024,1024,128,64,660.47
1024,1024,128,128,771.756
1024,1024,128,256,898.135
1024,1024,128,512,1158.39
1024,1024,128,1024,1685.12
1024,1024,128,2048,2863.05
1024,1024,128,4096,8549.94
1024,1024,128,8192,20616.7
1024,1024,128,16384,43196.4
1024,1024,128,32768,88374.1
1024,1024,128,65536,172518
1024,2048,0,0,351.072
1024,2048,1,16,353.685
1024,2048,1,32,352.469
1024,2048,1,64,354.092
1024,2048,1,128,355.787
1024,2048,1,256,355.061
1024,2048,1,512,355.446
1024,2048,1,1024,359.755
1024,2048,1,2048,360.992
1024,2048,1,4096,402.603
1024,2048,1,8192,516.619
1024,2048,1,16384,705.302
1024,2048,1,32768,1049.35
1024,2048,1,65536,1726.29
1024,2048,2,16,356.779
1024,2048,2,32,355.691
1024,2048,2,64,356.277
1024,2048,2,128,358.699
1024,2048,2,256,361.515
1024,2048,2,512,363.445
1024,2048,2,1024,368.822
1024,2048,2,2048,387.168
1024,2048,2,4096,438.283
1024,2048,2,8192,573.237
1024,2048,2,16384,819.404
1024,2048,2,32768,1211.55
1024,2048,2,65536,1911.28
1024,2048,4,16,364.395
1024,2048,4,32,362.645
1024,2048,4,64,363.829
1024,2048,4,128,365.11
1024,2048,4,256,369.472
1024,2048,4,512,376.555
1024,2048,4,1024,393.526
1024,2048,4,2048,419.201
1024,2048,4,4096,505.462
1024,2048,4,8192,692.587
1024,2048,4,16384,1033.94
1024,2048,4,32768,1690.8
1024,2048,4,65536,3082.45
1024,2048,8,16,378.4
1024,2048,8,32,377.44
1024,2048,8,64,378.646
1024,2048,8,128,382.785
1024,2048,8,256,391.733
1024,2048,8,512,409.484
1024,2048,8,1024,436.876
1024,2048,8,2048,496.758
1024,2048,8,4096,635.072
1024,2048,8,8192,933.494
1024,2048,8,16384,1509.28
1024,2048,8,32768,2561.1
1024,2048,8,65536,4692.91
1024,2048,16,16,404.364
1024,2048,16,32,405.024
1024,2048,16,64,404.437
1024,2048,16,128,419.403
1024,2048,16,256,434.368
1024,2048,16,512,466.059
1024,2048,16,1024,525.654
1024,2048,16,2048,639.297
1024,2048,16,4096,902.721
1024,2048,16,8192,1422.01
1024,2048,16,16384,2556.79
1024,2048,16,32768,5341.68
1024,2048,16,65536,10700.4
1024,2048,32,16,460.662
1024,2048,32,32,459.575
1024,2048,32,64,460.726
1024,2048,32,128,490.411
1024,2048,32,256,519.5
1024,2048,32,512,577.537
1024,2048,32,1024,697.633
1024,2048,32,2048,933.569
1024,2048,32,4096,1426.35
1024,2048,32,8192,2519.37
1024,2048,32,16384,6767.84
1024,2048,32,32768,16334.5
1024,2048,32,65536,28944.1
1024,2048,64,16,566.582
1024,2048,64,32,565.1
1024,2048,64,64,568.502
1024,2048,64,128,626.839
1024,2048,64,256,687.254
1024,2048,64,512,807.051
1024,2048,64,1024,1046.81
1024,2048,64,2048,1522.51
1024,2048,64,4096,2841.07
1024,2048,64,8192,7356.43
1024,2048,64,16384,16910.6
1024,2048,64,32768,36998.8
1024,2048,64,65536,64384.7
1024,2048,128,16,780.427
1024,2048,128,32,784.801
1024,2048,128,64,787.468
1024,2048,128,128,898.678
1024,2048,128,256,1028.9
1024,2048,128,512,1290.57
1024,2048,128,1024,1810.56
1024,2048,128,2048,2949.27
1024,2048,128,4096,11259.1
1024,2048,128,8192,22293.3
1024,2048,128,16384,43967.3
1024,2048,128,32768,88717.9
1024,2048,128,65536,174077
1024,4096,0,0,604.534
1024,4096,1,16,603.307
1024,4096,1,32,603.681
1024,4096,1,64,608.171
1024,4096,1,128,603.595
1024,4096,1,256,605.963
1024,4096,1,512,607.061
1024,4096,1,1024,608.917
1024,4096,1,2048,611.477
1024,4096,1,4096,617.781
1024,4096,1,8192,737.952
1024,4096,1,16384,938.709
1024,4096,1,32768,1298.11
1024,4096,1,65536,1977.27
1024,4096,2,16,609.066
1024,4096,2,32,607.765
1024,4096,2,64,608.896
1024,4096,2,128,608.532
1024,4096,2,256,610.443
1024,4096,2,512,614.336
1024,4096,2,1024,620.256
1024,4096,2,2048,625.483
1024,4096,2,4096,685.141
1024,4096,2,8192,779.029
1024,4096,2,16384,1043.73
1024,4096,2,32768,1536.45
1024,4096,2,65536,2276.99
1024,4096,4,16,612.405
1024,4096,4,32,615.541
1024,4096,4,64,616.64
1024,4096,4,128,620.404
1024,4096,4,256,620.405
1024,4096,4,512,626.421
1024,4096,4,1024,639.285
1024,4096,4,2048,671.626
1024,4096,4,4096,716.416
1024,4096,4,8192,909.216
1024,4096,4,16384,1283.3
1024,4096,4,32768,1940.69
1024,4096,4,65536,3285.88
1024,4096,8,16,627.168
1024,4096,8,32,627.606
1024,4096,8,64,630.837
1024,4096,8,128,635.018
1024,4096,8,256,639.957
1024,4096,8,512,655.286
1024,4096,8,1024,685.504
1024,4096,8,2048,750.165
1024,4096,8,4096,882.794
1024,4096,8,8192,1155.32
1024,4096,8,16384,1752.75
1024,4096,8,32768,2912.62
1024,4096,8,65536,5381.42
1024,4096,16,16,653.546
1024,4096,16,32,653.728
1024,4096,16,64,653.643
1024,4096,16,128,667.968
1024,4096,16,256,682.017
1024,4096,16,512,713.12
1024,4096,16,1024,775.807
1024,4096,16,2048,893.494
1024,4096,16,4096,1110.61
1024,4096,16,8192,1651.72
1024,4096,16,16384,2738.97
1024,4096,16,32768,6542.82
1024,4096,16,65536,13236.9
1024,4096,32,16,706.346
1024,4096,32,32,707.68
1024,4096,32,64,708.053
1024,4096,32,128,738.741
1024,4096,32,256,769.067
1024,4096,32,512,832.683
1024,4096,32,1024,952.939
1024,4096,32,2048,1187.66
1024,4096,32,4096,1662.78
1024,4096,32,8192,2807.08
1024,4096,32,16384,9033.57
1024,4096,32,32768,19843.6
1024,4096,32,65536,35332.4
1024,4096,64,16,817.409
1024,4096,64,32,816.31
1024,4096,64,64,819.243
1024,4096,64,128,880.042
1024,4096,64,256,938.069
1024,4096,64,512,1061.02
1024,4096,64,1024,1298.07
1024,4096,64,2048,1776.98
1024,4096,64,4096,3056.08
1024,4096,64,8192,10706.1
1024,4096,64,16384,21867.5
1024,4096,64,32768,43483
1024,4096,64,65536,82337.3
1024,4096,128,16,1037.61
1024,4096,128,32,1037.56
1024,4096,128,64,1044.22
1024,4096,128,128,1162.72
1024,4096,128,256,1287.46
1024,4096,128,512,1537.05
1024,4096,128,1024,2065.23
1024,4096,128,2048,3249.95
1024,4096,128,4096,9147.51
1024,4096,128,8192,22444.5
1024,4096,128,16384,44712.5
1024,4096,128,32768,89170.6
1024,4096,128,65536,177923
1024,8192,0,0,1107.43
1024,8192,1,16,1106.69
1024,8192,1,32,1105.12
1024,8192,1,64,1106.87
1024,8192,1,128,1102.75
1024,8192,1,256,1109.75
1024,8192,1,512,1105.33
1024,8192,1,1024,1108.67
1024,8192,1,2048,1110.14
1024,8192,1,4096,1114.92
1024,8192,1,8192,1119.4
1024,8192,1,16384,1418.55
1024,8192,1,32768,1779.73
1024,8192,1,65536,2475.15
1024,8192,2,16,1111.73
1024,8192,2,32,1112.86
1024,8192,2,64,1113.28
1024,8192,2,128,1114.52
1024,8192,2,256,1114.99
1024,8192,2,512,1121.25
1024,8192,2,1024,1118.36
1024,8192,2,2048,1124.01
1024,8192,2,4096,1134.35
1024,8192,2,8192,1277.45
1024,8192,2,16384,1457.53
1024,8192,2,32768,1977.16
1024,8192,2,65536,3002.99
1024,8192,4,16,1117.7
1024,8192,4,32,1115.35
1024,8192,4,64,1118.53
1024,8192,4,128,1123.53
1024,8192,4,256,1128.23
1024,8192,4,512,1125.72
1024,8192,4,1024,1140.1
1024,8192,4,2048,1164.21
1024,8192,4,4096,1221.07
1024,8192,4,8192,1308.04
1024,8192,4,16384,1673.09
1024,8192,4,32768,2478.98
1024,8192,4,65536,3779.41
1024,8192,8,16,1131.64
1024,8192,8,32,1134.83
1024,8192,8,64,1129.03
1024,8192,8,128,1140.1
1024,8192,8,256,1142.95
1024,8192,8,512,1156.55
1024,8192,8,1024,1183.86
1024,8192,8,2048,1253.93
1024,8192,8,4096,1386.26
1024,8192,8,8192,1645.43
1024,8192,8,16384,2197.3
1024,8192,8,32768,3469.05
1024,8192,8,65536,6372.42
1024,8192,16,16,1156.44
1024,8192,16,32,1156.84
1024,8192,16,64,1156.18
1024,8192,16,128,1168.25
1024,8192,16,256,1181.61
1024,8192,16,512,1207.39
1024,8192,16,1024,1269.93
1024,8192,16,2048,1398.11
1024,8192,16,4096,1623.67
1024,8192,16,8192,2062.96
1024,8192,16,16384,3166.04
1024,8192,16,32768,6788.11
1024,8192,16,65536,17031.5
1024,8192,32,16,1204.78
1024,8192,32,32,1207.61
1024,8192,32,64,1208.88
1024,8192,32,128,1235.81
1024,8192,32,256,1261.15
1024,8192,32,512,1330
1024,8192,32,1024,1452.67
1024,8192,32,2048,1699.12
1024,8192,32,4096,2177.16
1024,8192,32,8192,3197.06
1024,8192,32,16384,6407.08
1024,8192,32,32768,20612.1
1024,8192,32,65536,40062.4
1024,8192,64,16,1312.8
1024,8192,64,32,1314.67
1024,8192,64,64,1307.48
1024,8192,64,128,1379.04
1024,8192,64,256,1440.94
1024,8192,64,512,1560.86
1024,8192,64,1024,1803.89
1024,8192,64,2048,2285.4
1024,8192,64,4096,3269.23
1024,8192,64,8192,6134.28
1024,8192,64,16384,21877.6
1024,8192,64,32768,43693.7
1024,8192,64,65536,86838.3
1024,8192,128,16,1541.51
1024,8192,128,32,1544.94
1024,8192,128,64,1548.46
1024,8192,128,128,1670.54
1024,8192,128,256,1793.09
1024,8192,128,512,2046.99
1024,8192,128,1024,2562.31
1024,8192,128,2048,3739.31
1024,8192,128,4096,11289.1
1024,8192,128,8192,22252.5
1024,8192,128,16384,44762.3
1024,8192,128,32768,89269.2
1024,8192,128,65536,178181
1024,16384,0,0,2110.11
1024,16384,1,16,2114.43
1024,16384,1,32,2115.55
1024,16384,1,64,2118.85
1024,16384,1,128,2126.47
1024,16384,1,256,2123.54
1024,16384,1,512,2126.71
1024,16384,1,1024,2128.75
1024,16384,1,2048,2128.87
1024,16384,1,4096,2122.95
1024,16384,1,8192,2128.87
1024,16384,1,16384,2143.39
1024,16384,1,32768,2764.8
1024,16384,1,65536,3483.71
1024,16384,2,16,2123.85
1024,16384,2,32,2131.41
1024,16384,2,64,2126.51
1024,16384,2,128,2129.96
1024,16384,2,256,2126.71
1024,16384,2,512,2132.06
1024,16384,2,1024,2137.09
1024,16384,2,2048,2149.39
1024,16384,2,4096,2151.51
1024,16384,2,8192,2154.5
1024,16384,2,16384,2453.02
1024,16384,2,32768,2831.96
1024,16384,2,65536,3859
1024,16384,4,16,2136.11
1024,16384,4,32,2131.79
1024,16384,4,64,2127.55
1024,16384,4,128,2134.39
1024,16384,4,256,2138.67
1024,16384,4,512,2138.92
1024,16384,4,1024,2151.89
1024,16384,4,2048,2174.59
1024,16384,4,4096,2226.38
1024,16384,4,8192,2332.28
1024,16384,4,16384,2505.62
1024,16384,4,32768,3242.61
1024,16384,4,65536,4915.27
1024,16384,8,16,2145.25
1024,16384,8,32,2156.32
1024,16384,8,64,2141.03
1024,16384,8,128,2153.33
1024,16384,8,256,2157.09
1024,16384,8,512,2178.77
1024,16384,8,1024,2196.76
1024,16384,8,2048,2252.73
1024,16384,8,4096,2384.17
1024,16384,8,8192,2651.72
1024,16384,8,16384,3186.4
1024,16384,8,32768,4279.63
1024,16384,8,65536,6820.44
1024,16384,16,16,2174.07
1024,16384,16,32,2167.58
1024,16384,16,64,2167.7
1024,16384,16,128,2186.07
1024,16384,16,256,2194.59
1024,16384,16,512,2220.92
1024,16384,16,1024,2276.94
1024,16384,16,2048,2389.65
1024,16384,16,4096,2649.75
1024,16384,16,8192,3080.61
1024,16384,16,16384,3972.37
1024,16384,16,32768,6148.11
1024,16384,16,65536,15624.8
1024,16384,32,16,2215.26
1024,16384,32,32,2213.34
1024,16384,32,64,2220.72
1024,16384,32,128,2247.43
1024,16384,32,256,2270.31
1024,16384,32,512,2333.05
1024,16384,32,1024,2446.64
1024,16384,32,2048,2707.36
1024,16384,32,4096,3202.21
1024,16384,32,8192,4224.9
1024,16384,32,16384,6265.4
1024,16384,32,32768,19170.2
1024,16384,32,65536,40739.1
1024,16384,64,16,2322.1
1024,16384,64,32,2313.39
1024,16384,64,64,2323.5
1024,16384,64,128,2372.48
1024,16384,64,256,2439.28
1024,16384,64,512,2567.35
1024,16384,64,1024,2811.74
1024,16384,64,2048,3303.95
1024,16384,64,4096,4375.44
1024,16384,64,8192,6402.14
1024,16384,64,16384,18884.9
1024,16384,64,32768,43882.4
1024,16384,64,65536,87125.2
1024,16384,128,16,2543.72
1024,16384,128,32,2542.86
1024,16384,128,64,2548.51
1024,16384,128,128,2680.24
1024,16384,128,256,2813.81
1024,16384,128,512,3051.52
1024,16384,128,1024,3554.22
1024,16384,128,2048,4717.35
1024,16384,128,4096,11705.4
1024,16384,128,8192,22508.6
1024,16384,128,16384,44591.4
1024,16384,128,32768,89444.2
1024,16384,128,65536,178352
1024,32768,0,0,4162.14
1024,32768,1,16,4146.06
1024,32768,1,32,4148.08
1024,32768,1,64,4131.49
1024,32768,1,128,4141.44
1024,32768,1,256,4137.41
1024,32768,1,512,4154.3
1024,32768,1,1024,4152.34
1024,32768,1,2048,4166.39
1024,32768,1,4096,4150.93
1024,32768,1,8192,4151.48
1024,32768,1,16384,4165.03
1024,32768,1,32768,4205.27
1024,32768,1,65536,5465.4
1024,32768,2,16,4155
1024,32768,2,32,4158.79
1024,32768,2,64,4152.97
1024,32768,2,128,4163.78
1024,32768,2,256,4156.21
1024,32768,2,512,4144.04
1024,32768,2,1024,4173.92
1024,32768,2,2048,4172.26
1024,32768,2,4096,4184.01
1024,32768,2,8192,4184.27
1024,32768,2,16384,4205.29
1024,32768,2,32768,4810.36
1024,32768,2,65536,5602.57
1024,32768,4,16,4138.95
1024,32768,4,32,4154.95
1024,32768,4,64,4151.39
1024,32768,4,128,4159.23
1024,32768,4,256,4168.26
1024,32768,4,512,4151.52
1024,32768,4,1024,4178.72
1024,32768,4,2048,4205.41
1024,32768,4,4096,4237.43
1024,32768,4,8192,4338.23
1024,32768,4,16384,4551.94
1024,32768,4,32768,4915.7
1024,32768,4,65536,6405.5
1024,32768,8,16,4176.84
1024,32768,8,32,4160.34
1024,32768,8,64,4168.46
1024,32768,8,128,4164.89
1024,32768,8,256,4188.31
1024,32768,8,512,4198.8
1024,32768,8,1024,4233.94
1024,32768,8,2048,4258.32
1024,32768,8,4096,4369.27
1024,32768,8,8192,4624.31
1024,32768,8,16384,5191.01
1024,32768,8,32768,6278.89
1024,32768,8,65536,8451.23
1024,32768,16,16,4189.55
1024,32768,16,32,4193.23
1024,32768,16,64,4187.96
1024,32768,16,128,4212.15
1024,32768,16,256,4217.82
1024,32768,16,512,4233.19
1024,32768,16,1024,4301.57
1024,32768,16,2048,4403.33
1024,32768,16,4096,4644.59
1024,32768,16,8192,5121.11
1024,32768,16,16384,6024.44
1024,32768,16,32768,7796.09
1024,32768,16,65536,12394.4
1024,32768,32,16,4254.11
1024,32768,32,32,4251.49
1024,32768,32,64,4233.66
1024,32768,32,128,4271.92
1024,32768,32,256,4307.72
1024,32768,32,512,4350.71
1024,32768,32,1024,4471.96
1024,32768,32,2048,4689.57
1024,32768,32,4096,5203.54
1024,32768,32,8192,6296.62
1024,32768,32,16384,8320.07
1024,32768,32,32768,12425.5
1024,32768,32,65536,41104.4
1024,32768,64,16,4342.45
1024,32768,64,32,4340.13
1024,32768,64,64,4344.3
1024,32768,64,128,4381.77
1024,32768,64,256,4457.35
1024,32768,64,512,4568.78
1024,32768,64,1024,4812.92
1024,32768,64,2048,5312.11
1024,32768,64,4096,6464.64
1024,32768,64,8192,11153.5
1024,32768,64,16384,21174
1024,32768,64,32768,42798.4
1024,32768,64,65536,87653.9
1024,32768,128,16,4576.8
1024,32768,128,32,4567.4
1024,32768,128,64,4554.63
1024,32768,128,128,4670.1
1024,32768,128,256,4804.6
1024,32768,128,512,5038.4
1024,32768,128,1024,5557.4
1024,32768,128,2048,6733.3
1024,32768,128,4096,12357.8
1024,32768,128,8192,23975.3
1024,32768,128,16384,45266.2
1024,32768,128,32768,89983.8
1024,32768,128,65536,178646
1024,65536,0,0,8276.94
1024,65536,1,16,8269.4
1024,65536,1,32,8269.02
1024,65536,1,64,8278.06
1024,65536,1,128,8272.76
1024,65536,1,256,8245.68
1024,65536,1,512,8275.51
1024,65536,1,1024,8286.44
1024,65536,1,2048,8264.32
1024,65536,1,4096,8278.2
1024,65536,1,8192,8283.74
1024,65536,1,16384,8297.64
1024,65536,1,32768,8291.69
1024,65536,1,65536,8368.23
1024,65536,2,16,8247.11
1024,65536,2,32,8256.13
1024,65536,2,64,8272.63
1024,65536,2,128,8275.45
1024,65536,2,256,8280.65
1024,65536,2,512,8282.39
1024,65536,2,1024,8298.01
1024,65536,2,2048,8294.64
1024,65536,2,4096,8283.66
1024,65536,2,8192,8326
1024,65536,2,16384,8267.68
1024,65536,2,32768,8375.28
1024,65536,2,65536,9592.98
1024,65536,4,16,8273.77
1024,65536,4,32,8250.62
1024,65536,4,64,8237.71
1024,65536,4,128,8282.35
1024,65536,4,256,8283.1
1024,65536,4,512,8293.64
1024,65536,4,1024,8318.81
1024,65536,4,2048,8331.97
1024,65536,4,4096,8332.99
1024,65536,4,8192,8474.49
1024,65536,4,16384,8653.21
1024,65536,4,32768,9071.64
1024,65536,4,65536,9762.24
1024,65536,8,16,8210.46
1024,65536,8,32,8289.13
1024,65536,8,64,8281.23
1024,65536,8,128,8274.5
1024,65536,8,256,8306.28
1024,65536,8,512,8304.06
1024,65536,8,1024,8335.62
1024,65536,8,2048,8366.36
1024,65536,8,4096,8468.3
1024,65536,8,8192,8680.24
1024,65536,8,16384,9080.15
1024,65536,8,32768,10301.5
1024,65536,8,65536,12507.3
1024,65536,16,16,8297.59
1024,65536,16,32,8306.67
1024,65536,16,64,8305.32
1024,65536,16,128,8275.38
1024,65536,16,256,8330.97
1024,65536,16,512,8222.91
1024,65536,16,1024,8424.49
1024,65536,16,2048,8527.53
1024,65536,16,4096,8741.5
1024,65536,16,8192,9151.53
1024,65536,16,16384,10229.7
1024,65536,16,32768,11901.5
1024,65536,16,65536,15475.2
1024,65536,32,16,8236.18
1024,65536,32,32,8342.89
1024,65536,32,64,8354.34
1024,65536,32,128,8386.19
1024,65536,32,256,8409.9
1024,65536,32,512,8466.8
1024,65536,32,1024,8551.5
1024,65536,32,2048,8794.25
1024,65536,32,4096,9257.28
1024,65536,32,8192,10428
1024,65536,32,16384,12764
1024,65536,32,32768,21876.4
1024,65536,32,65536,29252.3
1024,65536,64,16,8467.87
1024,65536,64,32,8430.55
1024,65536,64,64,8473.18
1024,65536,64,128,8518.76
1024,65536,64,256,8570.52
1024,65536,64,512,8666.48
1024,65536,64,1024,8880.8
1024,65536,64,2048,9358.53
1024,65536,64,4096,10542.2
1024,65536,64,8192,13346.5
1024,65536,64,16384,23159.7
1024,65536,64,32768,44755.4
1024,65536,64,65536,85776
1024,65536,128,16,8651.72
1024,65536,128,32,8706.12
1024,65536,128,64,8627.2
1024,65536,128,128,8801.91
1024,65536,128,256,8896.12
1024,65536,128,512,9095.96
1024,65536,128,1024,9597.65
1024,65536,128,2048,10832.4
1024,65536,128,4096,14085.5
1024,65536,128,8192,24625.3
1024,65536,128,16384,48137.5
1024,65536,128,32768,90590.2
1024,65536,128,65536,179814
2048,0,0,0,310.689
2048,0,1,16,316.309
2048,0,1,32,316.352
2048,0,1,64,317.089
2048,0,1,128,315.371
2048,0,1,256,315.008
2048,0,1,512,318.251
2048,0,1,1024,320.341
2048,0,1,2048,333.237
2048,0,1,4096,388
2048,0,1,8192,490.688
2048,0,1,16384,681.932
2048,0,1,32768,1026.92
2048,0,1,65536,1685.92
2048,0,2,16,322.283
2048,0,2,32,313.771
2048,0,2,64,322.198
2048,0,2,128,315.99
2048,0,2,256,324.555
2048,0,2,512,328.982
2048,0,2,1024,336.192
2048,0,2,2048,354.038
2048,0,2,4096,421.558
2048,0,2,8192,544.417
2048,0,2,16384,787.158
2048,0,2,32768,1161.02
2048,0,2,65536,1847.42
2048,0,4,16,331.434
2048,0,4,32,330.848
2048,0,4,64,329.515
2048,0,4,128,330.443
2048,0,4,256,339.296
2048,0,4,512,344.534
2048,0,4,1024,355.755
2048,0,4,2048,390.624
2048,0,4,4096,478.529
2048,0,4,8192,656.15
2048,0,4,16384,990.604
2048,0,4,32768,1661.58
2048,0,4,65536,2999.64
2048,0,8,16,344.49
2048,0,8,32,351.51
2048,0,8,64,348.534
2048,0,8,128,359.2
2048,0,8,256,360.811
2048,0,8,512,374.336
2048,0,8,1024,413.387
2048,0,8,2048,478.411
2048,0,8,4096,627.766
2048,0,8,8192,914.113
2048,0,8,16384,1493.92
2048,0,8,32768,2498.59
2048,0,8,65536,4557.32
2048,0,16,16,393.75
2048,0,16,32,392.086
2048,0,16,64,388.544
2048,0,16,128,404.128
2048,0,16,256,420.277
2048,0,16,512,456.246
2048,0,16,1024,510.038
2048,0,16,2048,630.156
2048,0,16,4096,892.652
2048,0,16,8192,1391.66
2048,0,16,16384,2475.46
2048,0,16,32768,5062.89
2048,0,16,65536,9934.56
2048,0,32,16,479.893
2048,0,32,32,472.107
2048,0,32,64,475.883
2048,0,32,128,499.371
2048,0,32,256,542.433
2048,0,32,512,601.356
2048,0,32,1024,719.286
2048,0,32,2048,957.388
2048,0,32,4096,1443.38
2048,0,32,8192,2510.02
2048,0,32,16384,6400.14
2048,0,32,32768,15310.8
2048,0,32,65536,27126.6
2048,0,64,16,647.798
2048,0,64,32,650.945
2048,0,64,64,651.041
2048,0,64,128,706.507
2048,0,64,256,766.881
2048,0,64,512,887.937
2048,0,64,1024,1125.29
2048,0,64,2048,1619.95
2048,0,64,4096,2721.6
2048,0,64,8192,6537.78
2048,0,64,16384,15013.5
2048,0,64,32768,32471.8
2048,0,64,65536,54267.2
2048,0,128,16,971.649
2048,0,128,32,983.04
2048,0,128,64,987.927
2048,0,128,128,1101.09
2048,0,128,256,1230.23
2048,0,128,512,1481.21
2048,0,128,1024,2007.87
2048,0,128,2048,3199.56
2048,0,128,4096,10470.8
2048,0,128,8192,21284.6
2048,0,128,16384,43488.8
2048,0,128,32768,88710.5
2048,0,128,65536,174035
2048,16,0,0,326.731
2048,16,1,16,325.728
2048,16,1,32,331.094
2048,16,1,64,327.957
2048,16,1,128,328.64
2048,16,1,256,331.414
2048,16,1,512,332.726
2048,16,1,1024,336.566
2048,16,1,2048,344.278
2048,16,1,4096,392.021
2048,16,1,8192,493.622
2048,16,1,16384,681.718
2048,16,1,32768,1035.28
2048,16,1,65536,1691.6
2048,16,2,16,333.686
2048,16,2,32,331.317
2048,16,2,64,333.205
2048,16,2,128,336.981
2048,16,2,256,331.723
2048,16,2,512,344.715
2048,16,2,1024,348.885
2048,16,2,2048,358.369
2048,16,2,4096,432.193
2048,16,2,8192,553.227
2048,16,2,16384,791.051
2048,16,2,32768,1187.89
2048,16,2,65536,1881.17
2048,16,4,16,344.022
2048,16,4,32,348.021
2048,16,4,64,341.707
2048,16,4,128,350.091
2048,16,4,256,348.939
2048,16,4,512,357.953
2048,16,4,1024,369.088
2048,16,4,2048,400.117
2048,16,4,4096,497.259
2048,16,4,8192,682.326
2048,16,4,16384,1012.45
2048,16,4,32768,1678.92
2048,16,4,65536,3013.24
2048,16,8,16,364.694
2048,16,8,32,368.695
2048,16,8,64,364.16
2048,16,8,128,378.08
2048,16,8,256,381.526
2048,16,8,512,393.248
2048,16,8,1024,420.758
2048,16,8,2048,487.478
2048,16,8,4096,624.438
2048,16,8,8192,921.558
2048,16,8,16384,1476.28
2048,16,8,32768,2529.89
2048,16,8,65536,4608.32
2048,16,16,16,407.852
2048,16,16,32,405.846
2048,16,16,64,403.381
2048,16,16,128,416.748
2048,16,16,256,437.11
2048,16,16,512,468.545
2048,16,16,1024,528.448
2048,16,16,2048,644.801
2048,16,16,4096,899.094
2048,16,16,8192,1423.52
2048,16,16,16384,2487.07
2048,16,16,32768,5170.86
2048,16,16,65536,10071.4
2048,16,32,16,495.424
2048,16,32,32,486.699
2048,16,32,64,496.555
2048,16,32,128,514.998
2048,16,32,256,543.531
2048,16,32,512,611.606
2048,16,32,1024,726.358
2048,16,32,2048,967.244
2048,16,32,4096,1457.71
2048,16,32,8192,2526.76
2048,16,32,16384,6386.86
2048,16,32,32768,16012.8
2048,16,32,65536,27514.4
2048,16,64,16,651.767
2048,16,64,32,660.438
2048,16,64,64,662.421
2048,16,64,128,724.929
2048,16,64,256,778.668
2048,16,64,512,908.673
2048,16,64,1024,1142.27
2048,16,64,2048,1634.97
2048,16,64,4096,2790.26
2048,16,64,8192,6588.52
2048,16,64,16384,15140.3
2048,16,64,32768,34383.5
2048,16,64,65536,54154.6
2048,16,128,16,1003.75
2048,16,128,32,1003.91
2048,16,128,64,995.18
2048,16,128,128,1124.39
2048,16,128,256,1237.9
2048,16,128,512,1485.04
2048,16,128,1024,2025.84
2048,16,128,2048,3183.89
2048,16,128,4096,10548.3
2048,16,128,8192,21481.2
2048,16,128,16384,43752.7
2048,16,128,32768,88449.2
2048,16,128,65536,174143
2048,32,0,0,326.625
2048,32,1,16,330.976
2048,32,1,32,327.317
2048,32,1,64,325.76
2048,32,1,128,328.79
2048,32,1,256,330.39
2048,32,1,512,331.168
2048,32,1,1024,335.179
2048,32,1,2048,342.475
2048,32,1,4096,392.501
2048,32,1,8192,506.358
2048,32,1,16384,699.509
2048,32,1,32768,1022.82
2048,32,1,65536,1682.23
2048,32,2,16,333.761
2048,32,2,32,337.515
2048,32,2,64,332.192
2048,32,2,128,336.214
2048,32,2,256,340.417
2048,32,2,512,343.5
2048,32,2,1024,344.267
2048,32,2,2048,359.136
2048,32,2,4096,430.71
2048,32,2,8192,560.503
2048,32,2,16384,791.297
2048,32,2,32768,1182.3
2048,32,2,65536,1827.37
2048,32,4,16,347.755
2048,32,4,32,344.234
2048,32,4,64,346.934
2048,32,4,128,345.515
2048,32,4,256,351.04
2048,32,4,512,356.918
2048,32,4,1024,374.475
2048,32,4,2048,399.681
2048,32,4,4096,497.579
2048,32,4,8192,685.302
2048,32,4,16384,1013.82
2048,32,4,32768,1677.05
2048,32,4,65536,3000.29
2048,32,8,16,360.075
2048,32,8,32,367.36
2048,32,8,64,370.198
2048,32,8,128,371.253
2048,32,8,256,374.571
2048,32,8,512,393.675
2048,32,8,1024,418.08
2048,32,8,2048,485.195
2048,32,8,4096,626.304
2048,32,8,8192,926.698
2048,32,8,16384,1490.44
2048,32,8,32768,2563.23
2048,32,8,65536,4576.39
2048,32,16,16,405.185
2048,32,16,32,406.326
2048,32,16,64,403.413
2048,32,16,128,422.891
2048,32,16,256,438.497
2048,32,16,512,466.219
2048,32,16,1024,517.728
2048,32,16,2048,638.721
2048,32,16,4096,908.662
2048,32,16,8192,1431.49
2048,32,16,16384,2484.93
2048,32,16,32768,5011.1
2048,32,16,65536,10285.8
2048,32,32,16,489.697
2048,32,32,32,495.861
2048,32,32,64,495.435
2048,32,32,128,527.158
2048,32,32,256,549.505
2048,32,32,512,616.939
2048,32,32,1024,727.82
2048,32,32,2048,967.489
2048,32,32,4096,1456.97
2048,32,32,8192,2524.93
2048,32,32,16384,6580.21
2048,32,32,32768,15654.9
2048,32,32,65536,28764.5
2048,32,64,16,650.123
2048,32,64,32,662.091
2048,32,64,64,657.58
2048,32,64,128,723.147
2048,32,64,256,785.366
2048,32,64,512,899.618
2048,32,64,1024,1119.56
2048,32,64,2048,1613.24
2048,32,64,4096,2798.62
2048,32,64,8192,6608.31
2048,32,64,16384,15192.2
2048,32,64,32768,34439.8
2048,32,64,65536,53590.6
2048,32,128,16,990.113
2048,32,128,32,1006.74
2048,32,128,64,1003.37
2048,32,128,128,1107.06
2048,32,128,256,1245.23
2048,32,128,512,1487.48
2048,32,128,1024,2031.46
2048,32,128,2048,3212.05
2048,32,128,4096,10849.6
2048,32,128,8192,21357.8
2048,32,128,16384,43959.8
2048,32,128,32768,88276.2
2048,32,128,65536,174977
2048,64,0,0,326.144
2048,64,1,16,322.614
2048,64,1,32,331.958
2048,64,1,64,328.48
2048,64,1,128,328.843
2048,64,1,256,329.066
2048,64,1,512,334.208
2048,64,1,1024,340.341
2048,64,1,2048,347.243
2048,64,1,4096,396.672
2048,64,1,8192,495.723
2048,64,1,16384,684.95
2048,64,1,32768,1030.59
2048,64,1,65536,1691.82
2048,64,2,16,332.449
2048,64,2,32,333.707
2048,64,2,64,331.915
2048,64,2,128,339.36
2048,64,2,256,341.078
2048,64,2,512,334.176
2048,64,2,1024,352.172
2048,64,2,2048,362.358
2048,64,2,4096,431.649
2048,64,2,8192,564.512
2048,64,2,16384,812.331
2048,64,2,32768,1175.33
2048,64,2,65536,1859.7
2048,64,4,16,341.173
2048,64,4,32,347.105
2048,64,4,64,344.384
2048,64,4,128,351.051
2048,64,4,256,351.798
2048,64,4,512,352.342
2048,64,4,1024,376.022
2048,64,4,2048,403.062
2048,64,4,4096,490.529
2048,64,4,8192,676.513
2048,64,4,16384,1021.65
2048,64,4,32768,1628.41
2048,64,4,65536,3057.35
2048,64,8,16,365.707
2048,64,8,32,366.454
2048,64,8,64,364.662
2048,64,8,128,373.461
2048,64,8,256,385.035
2048,64,8,512,399.67
2048,64,8,1024,425.195
2048,64,8,2048,484.449
2048,64,8,4096,626.582
2048,64,8,8192,922.731
2048,64,8,16384,1483.3
2048,64,8,32768,2491.88
2048,64,8,65536,4666.09
2048,64,16,16,406.134
2048,64,16,32,403.35
2048,64,16,64,402.422
2048,64,16,128,424.769
2048,64,16,256,435.99
2048,64,16,512,465.867
2048,64,16,1024,526.753
2048,64,16,2048,644.843
2048,64,16,4096,899.862
2048,64,16,8192,1418.95
2048,64,16,16384,2505.93
2048,64,16,32768,4991.98
2048,64,16,65536,10228.1
2048,64,32,16,483.67
2048,64,32,32,492.033
2048,64,32,64,499.18
2048,64,32,128,523.36
2048,64,32,256,553.984
2048,64,32,512,603.649
2048,64,32,1024,718.433
2048,64,32,2048,963.265
2048,64,32,4096,1447.53
2048,64,32,8192,2490.83
2048,64,32,16384,6287.36
2048,64,32,32768,15678.8
2048,64,32,65536,28103.4
2048,64,64,16,651.68
2048,64,64,32,660.523
2048,64,64,64,654.774
2048,64,64,128,716.545
2048,64,64,256,779.456
2048,64,64,512,905.697
2048,64,64,1024,1145.47
2048,64,64,2048,1618.94
2048,64,64,4096,2788.39
2048,64,64,8192,6559.65
2048,64,64,16384,15035.1
2048,64,64,32768,35939.4
2048,64,64,65536,53913.5
2048,64,128,16,994.337
2048,64,128,32,996.993
2048,64,128,64,1009.63
2048,64,128,128,1119.35
2048,64,128,256,1243.77
2048,64,128,512,1489
2048,64,128,1024,2002
2048,64,128,2048,3205.43
2048,64,128,4096,10684
2048,64,128,8192,21492.9
2048,64,128,16384,43457.5
2048,64,128,32768,88336.3
2048,64,128,65536,174717
2048,128,0,0,339.766
2048,128,1,16,343.894
2048,128,1,32,347.029
2048,128,1,64,347.392
2048,128,1,128,341.942
2048,128,1,256,347.585
2048,128,1,512,349.845
2048,128,1,1024,349.121
2048,128,1,2048,358.123
2048,128,1,4096,416.32
2048,128,1,8192,519.382
2048,128,1,16384,699.99
2048,128,1,32768,1042.16
2048,128,1,65536,1738.15
2048,128,2,16,340.545
2048,128,2,32,346.56
2048,128,2,64,342.902
2048,128,2,128,347.745
2048,128,2,256,352.726
2048,128,2,512,351.029
2048,128,2,1024,365.803
2048,128,2,2048,376.821
2048,128,2,4096,446.059
2048,128,2,8192,578.486
2048,128,2,16384,807.232
2048,128,2,32768,1167.61
2048,128,2,65536,1842.19
2048,128,4,16,351.531
2048,128,4,32,358.635
2048,128,4,64,357.824
2048,128,4,128,356.95
2048,128,4,256,364.417
2048,128,4,512,362.774
2048,128,4,1024,382.86
2048,128,4,2048,416.491
2048,128,4,4096,505.58
2048,128,4,8192,683.553
2048,128,4,16384,1000.3
2048,128,4,32768,1679.97
2048,128,4,65536,3065.02
2048,128,8,16,375.925
2048,128,8,32,382.838
2048,128,8,64,381.27
2048,128,8,128,390.614
2048,128,8,256,386.923
2048,128,8,512,402.976
2048,128,8,1024,427.627
2048,128,8,2048,501.569
2048,128,8,4096,656.993
2048,128,8,8192,926.113
2048,128,8,16384,1503.27
2048,128,8,32768,2527.79
2048,128,8,65536,4572.22
2048,128,16,16,414.4
2048,128,16,32,415.585
2048,128,16,64,416.406
2048,128,16,128,435.04
2048,128,16,256,450.016
2048,128,16,512,481.814
2048,128,16,1024,536.961
2048,128,16,2048,662.55
2048,128,16,4096,920.662
2048,128,16,8192,1426.97
2048,128,16,16384,2525.86
2048,128,16,32768,5205.68
2048,128,16,65536,10289.6
2048,128,32,16,510.188
2048,128,32,32,500.715
2048,128,32,64,504.95
2048,128,32,128,534.582
2048,128,32,256,571.211
2048,128,32,512,623.051
2048,128,32,1024,743.735
2048,128,32,2048,970.017
2048,128,32,4096,1475.74
2048,128,32,8192,2555.52
2048,128,32,16384,6377.49
2048,128,32,32768,16752.9
2048,128,32,65536,27746.2
2048,128,64,16,670.199
2048,128,64,32,674.434
2048,128,64,64,681.643
2048,128,64,128,733.378
2048,128,64,256,802.306
2048,128,64,512,920.342
2048,128,64,1024,1158.46
2048,128,64,2048,1639.17
2048,128,64,4096,2797.2
2048,128,64,8192,6639.73
2048,128,64,16384,15114.6
2048,128,64,32768,34939.3
2048,128,64,65536,53589.2
2048,128,128,16,998.999
2048,128,128,32,1020.47
2048,128,128,64,1024.58
2048,128,128,128,1128.79
2048,128,128,256,1245.6
2048,128,128,512,1512.34
2048,128,128,1024,2044.12
2048,128,128,2048,3212
2048,128,128,4096,10871.4
2048,128,128,8192,21548.3
2048,128,128,16384,43373.7
2048,128,128,32768,88439.1
2048,128,128,65536,173975
2048,256,0,0,369.131
2048,256,1,16,376.8
2048,256,1,32,372.565
2048,256,1,64,374.955
2048,256,1,128,370.838
2048,256,1,256,377.9
2048,256,1,512,376.726
2048,256,1,1024,383.339
2048,256,1,2048,391.339
2048,256,1,4096,440.523
2048,256,1,8192,544.844
2048,256,1,16384,730.134
2048,256,1,32768,1082.36
2048,256,1,65536,1735.02
2048,256,2,16,381.025
2048,256,2,32,374.187
2048,256,2,64,377.557
2048,256,2,128,371.895
2048,256,2,256,377.633
2048,256,2,512,379.466
2048,256,2,1024,396.16
2048,256,2,2048,409.302
2048,256,2,4096,476.673
2048,256,2,8192,594.411
2048,256,2,16384,848.983
2048,256,2,32768,1252.66
2048,256,2,65536,1919.29
2048,256,4,16,391.691
2048,256,4,32,387.467
2048,256,4,64,384.172
2048,256,4,128,394.849
2048,256,4,256,395.915
2048,256,4,512,402.24
2048,256,4,1024,410.294
2048,256,4,2048,446.828
2048,256,4,4096,529.782
2048,256,4,8192,722.593
2048,256,4,16384,1072.57
2048,256,4,32768,1730.91
2048,256,4,65536,3111.88
2048,256,8,16,407.308
2048,256,8,32,404.492
2048,256,8,64,412.364
2048,256,8,128,414.678
2048,256,8,256,425.398
2048,256,8,512,444.32
2048,256,8,1024,466.848
2048,256,8,2048,520.033
2048,256,8,4096,670.571
2048,256,8,8192,966.338
2048,256,8,16384,1501.64
2048,256,8,32768,2565.46
2048,256,8,65536,4693.66
2048,256,16,16,449.686
2048,256,16,32,446.241
2048,256,16,64,440.513
2048,256,16,128,464.15
2048,256,16,256,474.625
2048,256,16,512,502.337
2048,256,16,1024,560.866
2048,256,16,2048,678.998
2048,256,16,4096,958.124
2048,256,16,8192,1474.53
2048,256,16,16384,2538.14
2048,256,16,32768,5311.16
2048,256,16,65536,10610.8
2048,256,32,16,534.924
2048,256,32,32,529.655
2048,256,32,64,531.841
2048,256,32,128,557.868
2048,256,32,256,592.588
2048,256,32,512,647.553
2048,256,32,1024,767.981
2048,256,32,2048,1022.18
2048,256,32,4096,1504.49
2048,256,32,8192,2541.39
2048,256,32,16384,6454.6
2048,256,32,32768,16178.6
2048,256,32,65536,29328
2048,256,64,16,701.452
2048,256,64,32,699.734
2048,256,64,64,711.297
2048,256,64,128,764.353
2048,256,64,256,811.596
2048,256,64,512,947.415
2048,256,64,1024,1181.46
2048,256,64,2048,1679.79
2048,256,64,4096,2881.55
2048,256,64,8192,6944.51
2048,256,64,16384,15513.2
2048,256,64,32768,32286.7
2048,256,64,65536,54734.3
2048,256,128,16,1044.06
2048,256,128,32,1050.05
2048,256,128,64,1047.95
2048,256,128,128,1161.14
2048,256,128,256,1289.39
2048,256,128,512,1541.77
2048,256,128,1024,2029.7
2048,256,128,2048,3210.27
2048,256,128,4096,10971.5
2048,256,128,8192,21689.1
2048,256,128,16384,43445.1
2048,256,128,32768,88358.4
2048,256,128,65536,174242
2048,512,0,0,429.983
2048,512,1,16,435.062
2048,512,1,32,430.113
2048,512,1,64,428.513
2048,512,1,128,425.643
2048,512,1,256,426.731
2048,512,1,512,438.86
2048,512,1,1024,429.697
2048,512,1,2048,446.059
2048,512,1,4096,491.703
2048,512,1,8192,596.48
2048,512,1,16384,809.783
2048,512,1,32768,1150.69
2048,512,1,65536,1839.33
2048,512,2,16,440.854
2048,512,2,32,434.998
2048,512,2,64,436.875
2048,512,2,128,432.438
2048,512,2,256,433.078
2048,512,2,512,441.718
2048,512,2,1024,444.277
2048,512,2,2048,458.443
2048,512,2,4096,524.791
2048,512,2,8192,655.041
2048,512,2,16384,884.824
2048,512,2,32768,1338.31
2048,512,2,65536,2039.21
2048,512,4,16,433.302
2048,512,4,32,442.934
2048,512,4,64,446.23
2048,512,4,128,443.862
2048,512,4,256,446.444
2048,512,4,512,459.798
2048,512,4,1024,480.566
2048,512,4,2048,501.644
2048,512,4,4096,597.995
2048,512,4,8192,777.9
2048,512,4,16384,1129.7
2048,512,4,32768,1753.98
2048,512,4,65536,3085.2
2048,512,8,16,465.494
2048,512,8,32,472.587
2048,512,8,64,458.187
2048,512,8,128,480.342
2048,512,8,256,481.419
2048,512,8,512,497.387
2048,512,8,1024,519.084
2048,512,8,2048,572.716
2048,512,8,4096,725.304
2048,512,8,8192,997.697
2048,512,8,16384,1584.76
2048,512,8,32768,2662.1
2048,512,8,65536,4837.71
2048,512,16,16,507.67
2048,512,16,32,500.587
2048,512,16,64,511.99
2048,512,16,128,517.697
2048,512,16,256,533.25
2048,512,16,512,568.097
2048,512,16,1024,618.977
2048,512,16,2048,729.1
2048,512,16,4096,990.594
2048,512,16,8192,1510.9
2048,512,16,16384,2628.68
2048,512,16,32768,5707.94
2048,512,16,65536,11474.3
2048,512,32,16,586.23
2048,512,32,32,596.939
2048,512,32,64,600.972
2048,512,32,128,620.684
2048,512,32,256,652.321
2048,512,32,512,705.078
2048,512,32,1024,833.752
2048,512,32,2048,1063
2048,512,32,4096,1559.1
2048,512,32,8192,2648.44
2048,512,32,16384,6697.38
2048,512,32,32768,17196.6
2048,512,32,65536,28546.1
2048,512,64,16,764.076
2048,512,64,32,765.814
2048,512,64,64,762.049
2048,512,64,128,811.127
2048,512,64,256,883.725
2048,512,64,512,987.97
2048,512,64,1024,1217.79
2048,512,64,2048,1690.16
2048,512,64,4096,2929.28
2048,512,64,8192,7471.75
2048,512,64,16384,18327.8
2048,512,64,32768,37696.8
2048,512,64,65536,66142.3
2048,512,128,16,1091.74
2048,512,128,32,1086.54
2048,512,128,64,1107.18
2048,512,128,128,1232.76
2048,512,128,256,1351.61
2048,512,128,512,1601.11
2048,512,128,1024,2116.47
2048,512,128,2048,3268.51
2048,512,128,4096,11047.9
2048,512,128,8192,21782.3
2048,512,128,16384,43714.3
2048,512,128,32768,88648.6
2048,512,128,65536,174634
2048,1024,0,0,545.557
2048,1024,1,16,549.633
2048,1024,1,32,553.877
2048,1024,1,64,538.497
2048,1024,1,128,551.691
2048,1024,1,256,547.062
2048,1024,1,512,548.48
2048,1024,1,1024,562.56
2048,1024,1,2048,567.318
2048,1024,1,4096,608.352
2048,1024,1,8192,701.058
2048,1024,1,16384,902.667
2048,1024,1,32768,1283.26
2048,1024,1,65536,1961.87
2048,1024,2,16,544.363
2048,1024,2,32,555.361
2048,1024,2,64,542.016
2048,1024,2,128,562.944
2048,1024,2,256,545.803
2048,1024,2,512,550.091
2048,1024,2,1024,565.643
2048,1024,2,2048,569.856
2048,1024,2,4096,644.107
2048,1024,2,8192,772.449
2048,1024,2,16384,993.579
2048,1024,2,32768,1504.22
2048,1024,2,65536,2161.07
2048,1024,4,16,554.198
2048,1024,4,32,556.277
2048,1024,4,64,564.683
2048,1024,4,128,555.403
2048,1024,4,256,569.291
2048,1024,4,512,577.44
2048,1024,4,1024,582.144
2048,1024,4,2048,611.009
2048,1024,4,4096,695.488
2048,1024,4,8192,887.425
2048,1024,4,16384,1242.88
2048,1024,4,32768,1845.29
2048,1024,4,65536,3222.87
2048,1024,8,16,582.433
2048,1024,8,32,590.859
2048,1024,8,64,575.521
2048,1024,8,128,593.973
2048,1024,8,256,593.12
2048,1024,8,512,617.782
2048,1024,8,1024,644.993
2048,1024,8,2048,697.899
2048,1024,8,4096,830.88
2048,1024,8,8192,1119.8
2048,1024,8,16384,1663
2048,1024,8,32768,2809.68
2048,1024,8,65536,5161.47
2048,1024,16,16,615.979
2048,1024,16,32,625.515
2048,1024,16,64,617.377
2048,1024,16,128,629.366
2048,1024,16,256,655.286
2048,1024,16,512,676.833
2048,1024,16,1024,741.878
2048,1024,16,2048,837.292
2048,1024,16,4096,1106.59
2048,1024,16,8192,1633.28
2048,1024,16,16384,2703.76
2048,1024,16,32768,6110.95
2048,1024,16,65536,12167.5
2048,1024,32,16,702.443
2048,1024,32,32,711.137
2048,1024,32,64,704.3
2048,1024,32,128,741.388
2048,1024,32,256,769.174
2048,1024,32,512,835.958
2048,1024,32,1024,932.268
2048,1024,32,2048,1165.82
2048,1024,32,4096,1694.27
2048,1024,32,8192,2715.65
2048,1024,32,16384,8105.08
2048,1024,32,32768,18977.3
2048,1024,32,65536,32089.6
2048,1024,64,16,864.853
2048,1024,64,32,884.598
2048,1024,64,64,873.825
2048,1024,64,128,944.961
2048,1024,64,256,1008.25
2048,1024,64,512,1100.27
2048,1024,64,1024,1339.65
2048,1024,64,2048,1821.7
2048,1024,64,4096,2962.03
2048,1024,64,8192,7444.32
2048,1024,64,16384,20453.3
2048,1024,64,32768,39331.7
2048,1024,64,65536,73666.9
2048,1024,128,16,1230.11
2048,1024,128,32,1205.6
2048,1024,128,64,1204.81
2048,1024,128,128,1347.94
2048,1024,128,256,1467.25
2048,1024,128,512,1718.64
2048,1024,128,1024,2237.28
2048,1024,128,2048,3384.59
2048,1024,128,4096,11305.1
2048,1024,128,8192,22201.1
2048,1024,128,16384,44192.1
2048,1024,128,32768,88862.7
2048,1024,128,65536,175987
2048,2048,0,0,785.452
2048,2048,1,16,777.557
2048,2048,1,32,790.102
2048,2048,1,64,780.235
2048,2048,1,128,779.478
2048,2048,1,256,783.915
2048,2048,1,512,774.091
2048,2048,1,1024,798.219
2048,2048,1,2048,801.259
2048,2048,1,4096,817.964
2048,2048,1,8192,911.969
2048,2048,1,16384,1127.33
2048,2048,1,32768,1494.24
2048,2048,1,65536,2189.09
2048,2048,2,16,771.094
2048,2048,2,32,783.221
2048,2048,2,64,784.331
2048,2048,2,128,791.328
2048,2048,2,256,786.358
2048,2048,2,512,805.174
2048,2048,2,1024,805.068
2048,2048,2,2048,826.048
2048,2048,2,4096,856.524
2048,2048,2,8192,990.262
2048,2048,2,16384,1231.34
2048,2048,2,32768,1687.79
2048,2048,2,65536,2511.34
2048,2048,4,16,793.717
2048,2048,4,32,789.964
2048,2048,4,64,775.606
2048,2048,4,128,790.55
2048,2048,4,256,814.646
2048,2048,4,512,788.694
2048,2048,4,1024,826.123
2048,2048,4,2048,861.259
2048,2048,4,4096,913.461
2048,2048,4,8192,1101.32
2048,2048,4,16384,1436.93
2048,2048,4,32768,2131.59
2048,2048,4,65536,3380.24
2048,2048,8,16,815.905
2048,2048,8,32,810.817
2048,2048,8,64,809.238
2048,2048,8,128,802.112
2048,2048,8,256,823.639
2048,2048,8,512,832.225
2048,2048,8,1024,876.418
2048,2048,8,2048,951.052
2048,2048,8,4096,1074.9
2048,2048,8,8192,1342.13
2048,2048,8,16384,1954.14
2048,2048,8,32768,3057.02
2048,2048,8,65536,5750.43
2048,2048,16,16,854.987
2048,2048,16,32,845.462
2048,2048,16,64,843.873
2048,2048,16,128,873.259
2048,2048,16,256,865.59
2048,2048,16,512,926.348
2048,2048,16,1024,970.027
2048,2048,16,2048,1077
2048,2048,16,4096,1328.11
2048,2048,16,8192,1840.64
2048,2048,16,16384,2949.91
2048,2048,16,32768,6857.05
2048,2048,16,65536,13855.6
2048,2048,32,16,944.492
2048,2048,32,32,944.386
2048,2048,32,64,944.79
2048,2048,32,128,972.684
2048,2048,32,256,1010.56
2048,2048,32,512,1071.66
2048,2048,32,1024,1186.5
2048,2048,32,2048,1409.41
2048,2048,32,4096,1877.66
2048,2048,32,8192,2947.56
2048,2048,32,16384,9585.34
2048,2048,32,32768,19730.8
2048,2048,32,65536,35116.2
2048,2048,64,16,1104.15
2048,2048,64,32,1122.08
2048,2048,64,64,1097.26
2048,2048,64,128,1179.92
2048,2048,64,256,1230.43
2048,2048,64,512,1341.92
2048,2048,64,1024,1574.69
2048,2048,64,2048,2082.79
2048,2048,64,4096,3060.12
2048,2048,64,8192,7943.24
2048,2048,64,16384,21476.2
2048,2048,64,32768,41889.4
2048,2048,64,65536,81846.3
2048,2048,128,16,1453.1
2048,2048,128,32,1463.82
2048,2048,128,64,1476.72
2048,2048,128,128,1592.74
2048,2048,128,256,1718.51
2048,2048,128,512,1931.22
2048,2048,128,1024,2463.98
2048,2048,128,2048,3588.99
2048,2048,128,4096,11426.8
2048,2048,128,8192,22604.2
2048,2048,128,16384,44940.9
2048,2048,128,32768,89537
2048,2048,128,65536,178448
2048,4096,0,0,1251.61
2048,4096,1,16,1226.95
2048,4096,1,32,1234.22
2048,4096,1,64,1226.05
2048,4096,1,128,1234.22
2048,4096,1,256,1229.28
2048,4096,1,512,1269.33
2048,4096,1,1024,1277.29
2048,4096,1,2048,1264.01
2048,4096,1,4096,1269.02
2048,4096,1,8192,1336.91
2048,4096,1,16384,1548.79
2048,4096,1,32768,1969.04
2048,4096,1,65536,2712
2048,4096,2,16,1251.13
2048,4096,2,32,1269.78
2048,4096,2,64,1248.17
2048,4096,2,128,1254.16
2048,4096,2,256,1263.63
2048,4096,2,512,1280.98
2048,4096,2,1024,1255.29
2048,4096,2,2048,1301.81
2048,4096,2,4096,1298.23
2048,4096,2,8192,1417.71
2048,4096,2,16384,1697.44
2048,4096,2,32768,2176.6
2048,4096,2,65536,3094.02
2048,4096,4,16,1249.94
2048,4096,4,32,1246.14
2048,4096,4,64,1266.67
2048,4096,4,128,1241.71
2048,4096,4,256,1266.38
2048,4096,4,512,1243.15
2048,4096,4,1024,1272.45
2048,4096,4,2048,1330.69
2048,4096,4,4096,1383.89
2048,4096,4,8192,1526.41
2048,4096,4,16384,1936.3
2048,4096,4,32768,2629.66
2048,4096,4,65536,3915.08
2048,4096,8,16,1248.68
2048,4096,8,32,1247.07
2048,4096,8,64,1261.39
2048,4096,8,128,1265.56
2048,4096,8,256,1295.91
2048,4096,8,512,1303.23
2048,4096,8,1024,1344.13
2048,4096,8,2048,1405.73
2048,4096,8,4096,1507.02
2048,4096,8,8192,1788.15
2048,4096,8,16384,2366.42
2048,4096,8,32768,3531.17
2048,4096,8,65536,6720.55
2048,4096,16,16,1284.84
2048,4096,16,32,1310.13
2048,4096,16,64,1304.34
2048,4096,16,128,1339.32
2048,4096,16,256,1340
2048,4096,16,512,1383.94
2048,4096,16,1024,1442.59
2048,4096,16,2048,1528.1
2048,4096,16,4096,1770.57
2048,4096,16,8192,2275.96
2048,4096,16,16384,3376.19
2048,4096,16,32768,8806.64
2048,4096,16,65536,16490.2
2048,4096,32,16,1411.03
2048,4096,32,32,1409.88
2048,4096,32,64,1398.27
2048,4096,32,128,1428.19
2048,4096,32,256,1446.64
2048,4096,32,512,1519.89
2048,4096,32,1024,1656.77
2048,4096,32,2048,1883.69
2048,4096,32,4096,2326.57
2048,4096,32,8192,3326.63
2048,4096,32,16384,10235.7
2048,4096,32,32768,21813.4
2048,4096,32,65536,40404.9
2048,4096,64,16,1579.47
2048,4096,64,32,1558.2
2048,4096,64,64,1563.46
2048,4096,64,128,1616.97
2048,4096,64,256,1727.08
2048,4096,64,512,1818.39
2048,4096,64,1024,2026.33
2048,4096,64,2048,2496.41
2048,4096,64,4096,3785.52
2048,4096,64,8192,11153.4
2048,4096,64,16384,22312.5
2048,4096,64,32768,44325
2048,4096,64,65536,87236.3
2048,4096,128,16,1919.61
2048,4096,128,32,1927.63
2048,4096,128,64,1913.59
2048,4096,128,128,2047.09
2048,4096,128,256,2140.23
2048,4096,128,512,2404.19
2048,4096,128,1024,2926.65
2048,4096,128,2048,4045.54
2048,4096,128,4096,11294.7
2048,4096,128,8192,22636.5
2048,4096,128,16384,44961
2048,4096,128,32768,89611.2
2048,4096,128,65536,178773
2048,8192,0,0,2168
2048,8192,1,16,2184.22
2048,8192,1,32,2187.68
2048,8192,1,64,2122.53
2048,8192,1,128,2186.93
2048,8192,1,256,2152.74
2048,8192,1,512,2157.05
2048,8192,1,1024,2164.99
2048,8192,1,2048,2162.43
2048,8192,1,4096,2211.75
2048,8192,1,8192,2230.61
2048,8192,1,16384,2407.79
2048,8192,1,32768,2789.54
2048,8192,1,65536,3617.66
2048,8192,2,16,2124.12
2048,8192,2,32,2091.06
2048,8192,2,64,2100.52
2048,8192,2,128,2159.08
2048,8192,2,256,2109.64
2048,8192,2,512,2114.84
2048,8192,2,1024,2148.49
2048,8192,2,2048,2175.38
2048,8192,2,4096,2227.76
2048,8192,2,8192,2303.29
2048,8192,2,16384,2576.9
2048,8192,2,32768,3093.25
2048,8192,2,65536,4024.73
2048,8192,4,16,2135.49
2048,8192,4,32,2165.27
2048,8192,4,64,2103.97
2048,8192,4,128,2138.94
2048,8192,4,256,2179.55
2048,8192,4,512,2151.54
2048,8192,4,1024,2214.14
2048,8192,4,2048,2192.48
2048,8192,4,4096,2317.97
2048,8192,4,8192,2395.92
2048,8192,4,16384,2807.26
2048,8192,4,32768,3517.09
2048,8192,4,65536,4966.78
2048,8192,8,16,2188.25
2048,8192,8,32,2154.29
2048,8192,8,64,2154.9
2048,8192,8,128,2178.16
2048,8192,8,256,2172.76
2048,8192,8,512,2199.99
2048,8192,8,1024,2246.89
2048,8192,8,2048,2340.73
2048,8192,8,4096,2425.34
2048,8192,8,8192,2606.29
2048,8192,8,16384,3250.33
2048,8192,8,32768,4512.48
2048,8192,8,65536,7265.54
2048,8192,16,16,2209.62
2048,8192,16,32,2203.1
2048,8192,16,64,2212.03
2048,8192,16,128,2256.06
2048,8192,16,256,2242.19
2048,8192,16,512,2290.12
2048,8192,16,1024,2327.47
2048,8192,16,2048,2475.85
2048,8192,16,4096,2708.55
2048,8192,16,8192,3171.87
2048,8192,16,16384,4205.24
2048,8192,16,32768,7836.41
2048,8192,16,65536,19755.2
2048,8192,32,16,2288.6
2048,8192,32,32,2325.19
2048,8192,32,64,2333.55
2048,8192,32,128,2346.21
2048,8192,32,256,2344.28
2048,8192,32,512,2448.89
2048,8192,32,1024,2556
2048,8192,32,2048,2821.86
2048,8192,32,4096,3301.26
2048,8192,32,8192,4253.72
2048,8192,32,16384,6426.69
2048,8192,32,32768,22064.2
2048,8192,32,65536,43830.3
2048,8192,64,16,2486.06
2048,8192,64,32,2547.1
2048,8192,64,64,2494.05
2048,8192,64,128,2558.17
2048,8192,64,256,2642.05
2048,8192,64,512,2733.38
2048,8192,64,1024,2974.81
2048,8192,64,2048,3533.5
2048,8192,64,4096,4524.12
2048,8192,64,8192,7506.29
2048,8192,64,16384,22248.9
2048,8192,64,32768,44415.4
2048,8192,64,65536,88480.7
2048,8192,128,16,2846.52
2048,8192,128,32,2826.59
2048,8192,128,64,2868.41
2048,8192,128,128,3029.41
2048,8192,128,256,3073.34
2048,8192,128,512,3305.26
2048,8192,128,1024,3821.5
2048,8192,128,2048,4947.65
2048,8192,128,4096,11417.5
2048,8192,128,8192,22483.5
2048,8192,128,16384,45049.1
2048,8192,128,32768,89685.2
2048,8192,128,65536,178940
2048,16384,0,0,3968.81
2048,16384,1,16,4030.31
2048,16384,1,32,3985.4
2048,16384,1,64,3915.05
2048,16384,1,128,3914.87
2048,16384,1,256,3939.95
2048,16384,1,512,3924.59
2048,16384,1,1024,3923.53
2048,16384,1,2048,4007.2
2048,16384,1,4096,3972.48
2048,16384,1,8192,4121.67
2048,16384,1,16384,4238.13
2048,16384,1,32768,4510.63
2048,16384,1,65536,5532.48
2048,16384,2,16,4006.45
2048,16384,2,32,3919.21
2048,16384,2,64,3919.54
2048,16384,2,128,3932.38
2048,16384,2,256,3981.23
2048,16384,2,512,3921.34
2048,16384,2,1024,4025.97
2048,16384,2,2048,4056.87
2048,16384,2,4096,4035.3
2048,16384,2,8192,4137.38
2048,16384,2,16384,4222.83
2048,16384,2,32768,4755.25
2048,16384,2,65536,5853.34
2048,16384,4,16,3925.45
2048,16384,4,32,3895.17
2048,16384,4,64,3984.34
2048,16384,4,128,3917.14
2048,16384,4,256,3873.35
2048,16384,4,512,3910.54
2048,16384,4,1024,3970.96
2048,16384,4,2048,4026.73
2048,16384,4,4096,4204.01
2048,16384,4,8192,4235.77
2048,16384,4,16384,4476.87
2048,16384,4,32768,5164.25
2048,16384,4,65536,6707.1
2048,16384,8,16,3912.17
2048,16384,8,32,3950.53
2048,16384,8,64,3951.04
2048,16384,8,128,3902.29
2048,16384,8,256,3973.5
2048,16384,8,512,3991.41
2048,16384,8,1024,4036.22
2048,16384,8,2048,4139.12
2048,16384,8,4096,4284.8
2048,16384,8,8192,4458.65
2048,16384,8,16384,4955.31
2048,16384,8,32768,6378.31
2048,16384,8,65536,8645.08
2048,16384,16,16,3956.63
2048,16384,16,32,4000.4
2048,16384,16,64,3986.53
2048,16384,16,128,4007.33
2048,16384,16,256,3991.82
2048,16384,16,512,4069.53
2048,16384,16,1024,4156.48
2048,16384,16,2048,4312.42
2048,16384,16,4096,4499.42
2048,16384,16,8192,4993.42
2048,16384,16,16384,6015.75
2048,16384,16,32768,8098.24
2048,16384,16,65536,17812.7
2048,16384,32,16,4026.47
2048,16384,32,32,4091.1
2048,16384,32,64,4028.5
2048,16384,32,128,4076.85
2048,16384,32,256,4164.26
2048,16384,32,512,4252.25
2048,16384,32,1024,4336.58
2048,16384,32,2048,4637.45
2048,16384,32,4096,5046.49
2048,16384,32,8192,6088.05
2048,16384,32,16384,7996.53
2048,16384,32,32768,16463.4
2048,16384,32,65536,44285.9
2048,16384,64,16,4235.35
2048,16384,64,32,4362.04
2048,16384,64,64,4367.5
2048,16384,64,128,4328.67
2048,16384,64,256,4434.48
2048,16384,64,512,4603.8
2048,16384,64,1024,4809.88
2048,16384,64,2048,5341.32
2048,16384,64,4096,6452.87
2048,16384,64,8192,10524.8
2048,16384,64,16384,21629.1
2048,16384,64,32768,44687.2
2048,16384,64,65536,88956.7
2048,16384,128,16,4702.67
2048,16384,128,32,4738.73
2048,16384,128,64,4716.44
2048,16384,128,128,4807.42
2048,16384,128,256,4975.45
2048,16384,128,512,5233.71
2048,16384,128,1024,5701.72
2048,16384,128,2048,6796.14
2048,16384,128,4096,12011
2048,16384,128,8192,23280.5
2048,16384,128,16384,45219.4
2048,16384,128,32768,90062.5
2048,16384,128,65536,179380
2048,32768,0,0,7686.82
2048,32768,1,16,7523.43
2048,32768,1,32,7651.96
2048,32768,1,64,7595.72
2048,32768,1,128,7597.65
2048,32768,1,256,7528.58
2048,32768,1,512,7525.29
2048,32768,1,1024,7450.29
2048,32768,1,2048,7663.54
2048,32768,1,4096,7586.06
2048,32768,1,8192,7580.36
2048,32768,1,16384,7829.09
2048,32768,1,32768,7995.48
2048,32768,1,65536,8832.6
2048,32768,2,16,7448.89
2048,32768,2,32,7569.7
2048,32768,2,64,7431.05
2048,32768,2,128,7432.14
2048,32768,2,256,7583.27
2048,32768,2,512,7469.77
2048,32768,2,1024,7555.4
2048,32768,2,2048,7571.62
2048,32768,2,4096,7648.32
2048,32768,2,8192,7826.26
2048,32768,2,16384,7967.28
2048,32768,2,32768,8072.47
2048,32768,2,65536,9448.61
2048,32768,4,16,7516.36
2048,32768,4,32,7542.98
2048,32768,4,64,7513.59
2048,32768,4,128,7514.17
2048,32768,4,256,7443.52
2048,32768,4,512,7555.43
2048,32768,4,1024,7502.35
2048,32768,4,2048,7637.13
2048,32768,4,4096,7741.03
2048,32768,4,8192,8099.97
2048,32768,4,16384,8098.06
2048,32768,4,32768,8707.28
2048,32768,4,65536,10231.6
2048,32768,8,16,7575.58
2048,32768,8,32,7568.94
2048,32768,8,64,7579.06
2048,32768,8,128,7475.82
2048,32768,8,256,7479.04
2048,32768,8,512,7598.8
2048,32768,8,1024,7641.35
2048,32768,8,2048,7646.25
2048,32768,8,4096,7952.59
2048,32768,8,8192,8243.68
2048,32768,8,16384,8672.28
2048,32768,8,32768,9652.2
2048,32768,8,65536,12356.7
2048,32768,16,16,7593.04
2048,32768,16,32,7524.63
2048,32768,16,64,7596.52
2048,32768,16,128,7609.33
2048,32768,16,256,7631.24
2048,32768,16,512,7679.55
2048,32768,16,1024,7653.85
2048,32768,16,2048,7888.94
2048,32768,16,4096,8269.54
2048,32768,16,8192,8733.92
2048,32768,16,16384,9719.16
2048,32768,16,32768,11705.5
2048,32768,16,65536,17705.6
2048,32768,32,16,7670.34
2048,32768,32,32,7694.71
2048,32768,32,64,7691.81
2048,32768,32,128,7724.84
2048,32768,32,256,7769.95
2048,32768,32,512,7853.92
2048,32768,32,1024,8046.03
2048,32768,32,2048,8388.4
2048,32768,32,4096,8818.63
2048,32768,32,8192,9909.62
2048,32768,32,16384,11715.6
2048,32768,32,32768,18320.8
2048,32768,32,65536,42850.1
2048,32768,64,16,7931.38
2048,32768,64,32,8006.2
2048,32768,64,64,7996.85
2048,32768,64,128,8090.17
2048,32768,64,256,8156.76
2048,32768,64,512,8302.7
2048,32768,64,1024,8495.12
2048,32768,64,2048,8998.48
2048,32768,64,4096,10236.1
2048,32768,64,8192,12797.2
2048,32768,64,16384,22714.7
2048,32768,64,32768,45038.5
2048,32768,64,65536,89331.2
2048,32768,128,16,8382.01
2048,32768,128,32,8450.21
2048,32768,128,64,8441.17
2048,32768,128,128,8581.24
2048,32768,128,256,8718.09
2048,32768,128,512,8878.06
2048,32768,128,1024,9441.07
2048,32768,128,2048,10546.5
2048,32768,128,4096,13646.9
2048,32768,128,8192,23602.2
2048,32768,128,16384,47318.1
2048,32768,128,32768,90361.6
2048,32768,128,65536,180142
2048,65536,0,0,14922
2048,65536,1,16,14869.3
2048,65536,1,32,14936.6
2048,65536,1,64,14964.2
2048,65536,1,128,14928.7
2048,65536,1,256,14786.7
2048,65536,1,512,14942
2048,65536,1,1024,14805.6
2048,65536,1,2048,14941.6
2048,65536,1,4096,14962.7
2048,65536,1,8192,15034.2
2048,65536,1,16384,15234
2048,65536,1,32768,15570.4
2048,65536,1,65536,16159.1
2048,65536,2,16,14916.4
2048,65536,2,32,14781.9
2048,65536,2,64,14889.1
2048,65536,2,128,14866.9
2048,65536,2,256,14777.3
2048,65536,2,512,14778.4
2048,65536,2,1024,14859.2
2048,65536,2,2048,14819.8
2048,65536,2,4096,15038.2
2048,65536,2,8192,15136.3
2048,65536,2,16384,15407.6
2048,65536,2,32768,16026.3
2048,65536,2,65536,16229.9
2048,65536,4,16,14936.6
2048,65536,4,32,14771.5
2048,65536,4,64,14868.5
2048,65536,4,128,14879.4
2048,65536,4,256,14821.6
2048,65536,4,512,14864.3
2048,65536,4,1024,14959.7
2048,65536,4,2048,15011.4
2048,65536,4,4096,15088.3
2048,65536,4,8192,15374.5
2048,65536,4,16384,15783.5
2048,65536,4,32768,16076.4
2048,65536,4,65536,17434.6
2048,65536,8,16,14937.7
2048,65536,8,32,14890.4
2048,65536,8,64,14906
2048,65536,8,128,14836.3
2048,65536,8,256,14877.1
2048,65536,8,512,14837.5
2048,65536,8,1024,14864.6
2048,65536,8,2048,15001.1
2048,65536,8,4096,15300.9
2048,65536,8,8192,15677.2
2048,65536,8,16384,16313.6
2048,65536,8,32768,17003.3
2048,65536,8,65536,18955.4
2048,65536,16,16,14839.5
2048,65536,16,32,14841.8
2048,65536,16,64,14911
2048,65536,16,128,14914.9
2048,65536,16,256,15020.4
2048,65536,16,512,15033.9
2048,65536,16,1024,15090.2
2048,65536,16,2048,15304.9
2048,65536,16,4096,15569.9
2048,65536,16,8192,16192.5
2048,65536,16,16384,17280.6
2048,65536,16,32768,19045
2048,65536,16,65536,23142.7
2048,65536,32,16,14992.2
2048,65536,32,32,14928.5
2048,65536,32,64,14924.8
2048,65536,32,128,14973.9
2048,65536,32,256,15115.8
2048,65536,32,512,15160
2048,65536,32,1024,15262.4
2048,65536,32,2048,15635.8
2048,65536,32,4096,16311.8
2048,65536,32,8192,17409.7
2048,65536,32,16384,19622.1
2048,65536,32,32768,24326.9
2048,65536,32,65536,45164.7
2048,65536,64,16,15235.4
2048,65536,64,32,15214.9
2048,65536,64,64,15170.9
2048,65536,64,128,15374.1
2048,65536,64,256,15390.2
2048,65536,64,512,15469.3
2048,65536,64,1024,15960.9
2048,65536,64,2048,16502.8
2048,65536,64,4096,17575
2048,65536,64,8192,19918.8
2048,65536,64,16384,26032.1
2048,65536,64,32768,46205.5
2048,65536,64,65536,90800
2048,65536,128,16,15766.1
2048,65536,128,32,15761.8
2048,65536,128,64,15774.4
2048,65536,128,128,15934.1
2048,65536,128,256,16097.3
2048,65536,128,512,16418.9
2048,65536,128,1024,16920.6
2048,65536,128,2048,18172.2
2048,65536,128,4096,20522.4
2048,65536,128,8192,26710.6
2048,65536,128,16384,47126
2048,65536,128,32768,94853.6
2048,65536,128,65536,181116
4096,0,0,0,1043.06
4096,0,1,16,1049.43
4096,0,1,32,1048.76
4096,0,1,64,1049.12
4096,0,1,128,1053.85
4096,0,1,256,1054.56
4096,0,1,512,1056.87
4096,0,1,1024,1056.03
4096,0,1,2048,1067.53
4096,0,1,4096,1082.6
4096,0,1,8192,1193.98
4096,0,1,16384,1391.33
4096,0,1,32768,1803.69
4096,0,1,65536,2495.91
4096,0,2,16,1057.12
4096,0,2,32,1059.05
4096,0,2,64,1060.25
4096,0,2,128,1052.76
4096,0,2,256,1066.2
4096,0,2,512,1062.42
4096,0,2,1024,1064.98
4096,0,2,2048,1088.23
4096,0,2,4096,1125.09
4096,0,2,8192,1259.22
4096,0,2,16384,1521.91
4096,0,2,32768,1992.39
4096,0,2,65536,2932.55
4096,0,4,16,1061.34
4096,0,4,32,1077.9
4096,0,4,64,1068.7
4096,0,4,128,1071.42
4096,0,4,256,1084.23
4096,0,4,512,1082.54
4096,0,4,1024,1106.7
4096,0,4,2048,1118.93
4096,0,4,4096,1202.56
4096,0,4,8192,1370.21
4096,0,4,16384,1751.68
4096,0,4,32768,2426.55
4096,0,4,65536,3679.08
4096,0,8,16,1115.38
4096,0,8,32,1105.43
4096,0,8,64,1115.46
4096,0,8,128,1121.31
4096,0,8,256,1130.35
4096,0,8,512,1136.12
4096,0,8,1024,1158.49
4096,0,8,2048,1221.18
4096,0,8,4096,1358.09
4096,0,8,8192,1657.62
4096,0,8,16384,2233.08
4096,0,8,32768,3383.01
4096,0,8,65536,6467.63
4096,0,16,16,1169.79
4096,0,16,32,1168.44
4096,0,16,64,1186.37
4096,0,16,128,1203.06
4096,0,16,256,1218.45
4096,0,16,512,1248.14
4096,0,16,1024,1292.84
4096,0,16,2048,1406.68
4096,0,16,4096,1660.4
4096,0,16,8192,2183.62
4096,0,16,16384,3290.21
4096,0,16,32768,8529.54
4096,0,16,65536,15915.2
4096,0,32,16,1329.12
4096,0,32,32,1329.55
4096,0,32,64,1333.14
4096,0,32,128,1349.43
4096,0,32,256,1390.96
4096,0,32,512,1446.26
4096,0,32,1024,1561.64
4096,0,32,2048,1783.62
4096,0,32,4096,2267.67
4096,0,32,8192,3304.3
4096,0,32,16384,10651.9
4096,0,32,32768,21383.5
4096,0,32,65536,39017.9
4096,0,64,16,1606.3
4096,0,64,32,1616.75
4096,0,64,64,1618.63
4096,0,64,128,1675.13
4096,0,64,256,1735.5
4096,0,64,512,1849.25
4096,0,64,1024,2082.76
4096,0,64,2048,2538.64
4096,0,64,4096,3587.71
4096,0,64,8192,11304.9
4096,0,64,16384,22111.1
4096,0,64,32768,43799.5
4096,0,64,65536,83566.5
4096,0,128,16,2199.66
4096,0,128,32,2213.42
4096,0,128,64,2188.55
4096,0,128,128,2312.16
4096,0,128,256,2429.45
4096,0,128,512,2648.86
4096,0,128,1024,3140.08
4096,0,128,2048,4262.25
4096,0,128,4096,11557.5
4096,0,128,8192,22754
4096,0,128,16384,45088.6
4096,0,128,32768,89706.9
4096,0,128,65536,178836
4096,16,0,0,1068.27
4096,16,1,16,1079.02
4096,16,1,32,1079.48
4096,16,1,64,1080.51
4096,16,1,128,1087.92
4096,16,1,256,1083.76
4096,16,1,512,1082.9
4096,16,1,1024,1094.84
4096,16,1,2048,1091.68
4096,16,1,4096,1110.54
4096,16,1,8192,1218.95
4096,16,1,16384,1433.17
4096,16,1,32768,1833.19
4096,16,1,65536,2555.4
4096,16,2,16,1087.85
4096,16,2,32,1077.65
4096,16,2,64,1087.56
4096,16,2,128,1089.39
4096,16,2,256,1093.18
4096,16,2,512,1085.46
4096,16,2,1024,1105.53
4096,16,2,2048,1117.45
4096,16,2,4096,1139.78
4096,16,2,8192,1286.17
4096,16,2,16384,1545.49
4096,16,2,32768,2019.01
4096,16,2,65536,2964.71
4096,16,4,16,1104.89
4096,16,4,32,1107.28
4096,16,4,64,1107.15
4096,16,4,128,1106.13
4096,16,4,256,1114.53
4096,16,4,512,1130.34
4096,16,4,1024,1135.04
4096,16,4,2048,1165.33
4096,16,4,4096,1229.38
4096,16,4,8192,1410.23
4096,16,4,16384,1782.23
4096,16,4,32768,2470.47
4096,16,4,65536,3763.33
4096,16,8,16,1143.36
4096,16,8,32,1145.11
4096,16,8,64,1142.96
4096,16,8,128,1147.51
4096,16,8,256,1158.45
4096,16,8,512,1172.91
4096,16,8,1024,1201.5
4096,16,8,2048,1262.86
4096,16,8,4096,1385.07
4096,16,8,8192,1680.27
4096,16,8,16384,2241.62
4096,16,8,32768,3409.67
4096,16,8,65536,6675.56
4096,16,16,16,1214.76
4096,16,16,32,1214.86
4096,16,16,64,1215.5
4096,16,16,128,1230.39
4096,16,16,256,1244.91
4096,16,16,512,1271.97
4096,16,16,1024,1334.8
4096,16,16,2048,1433.48
4096,16,16,4096,1690.16
4096,16,16,8192,2213.46
4096,16,16,16384,3307.28
4096,16,16,32768,8440.05
4096,16,16,65536,15757.9
4096,16,32,16,1358.12
4096,16,32,32,1348.35
4096,16,32,64,1361.69
4096,16,32,128,1386.45
4096,16,32,256,1417.13
4096,16,32,512,1478.67
4096,16,32,1024,1596.9
4096,16,32,2048,1820.56
4096,16,32,4096,2282.69
4096,16,32,8192,3335.1
4096,16,32,16384,10650.7
4096,16,32,32768,21469.9
4096,16,32,65536,39447.5
4096,16,64,16,1635.24
4096,16,64,32,1645
4096,16,64,64,1645.05
4096,16,64,128,1701.51
4096,16,64,256,1757.8
4096,16,64,512,1875.34
4096,16,64,1024,2121.23
4096,16,64,2048,2560.6
4096,16,64,4096,3616.79
4096,16,64,8192,11312.9
4096,16,64,16384,22185.4
4096,16,64,32768,43940.2
4096,16,64,65536,83933.1
4096,16,128,16,2215.38
4096,16,128,32,2218.11
4096,16,128,64,2231.69
4096,16,128,128,2337.22
4096,16,128,256,2449.92
4096,16,128,512,2676.21
4096,16,128,1024,3172.51
4096,16,128,2048,4290.96
4096,16,128,4096,11556.1
4096,16,128,8192,22755.2
4096,16,128,16384,45083.5
4096,16,128,32768,89706.8
4096,16,128,65536,178849
4096,32,0,0,1078.31
4096,32,1,16,1081.24
4096,32,1,32,1078.88
4096,32,1,64,1086.13
4096,32,1,128,1080.54
4096,32,1,256,1080.97
4096,32,1,512,1084.09
4096,32,1,1024,1088.14
4096,32,1,2048,1096.04
4096,32,1,4096,1109.12
4096,32,1,8192,1220.14
4096,32,1,16384,1430.25
4096,32,1,32768,1831.59
4096,32,1,65536,2543.47
4096,32,2,16,1090.96
4096,32,2,32,1087.87
4096,32,2,64,1090.41
4096,32,2,128,1088.57
4096,32,2,256,1091.96
4096,32,2,512,1096.02
4096,32,2,1024,1103.5
4096,32,2,2048,1123.28
4096,32,2,4096,1151.58
4096,32,2,8192,1285.33
4096,32,2,16384,1544.17
4096,32,2,32768,2018.57
4096,32,2,65536,2967.41
4096,32,4,16,1113.33
4096,32,4,32,1105.18
4096,32,4,64,1105.32
4096,32,4,128,1111
4096,32,4,256,1106.09
4096,32,4,512,1120.88
4096,32,4,1024,1138
4096,32,4,2048,1164.77
4096,32,4,4096,1231.32
4096,32,4,8192,1419.52
4096,32,4,16384,1782.22
4096,32,4,32768,2470.31
4096,32,4,65536,3759.37
4096,32,8,16,1143.21
4096,32,8,32,1141.69
4096,32,8,64,1142.02
4096,32,8,128,1152.14
4096,32,8,256,1159.36
4096,32,8,512,1176.62
4096,32,8,1024,1204.03
4096,32,8,2048,1259.29
4096,32,8,4096,1382.39
4096,32,8,8192,1682.37
4096,32,8,16384,2251.47
4096,32,8,32768,3419.57
4096,32,8,65536,6718.69
4096,32,16,16,1207.5
4096,32,16,32,1205.26
4096,32,16,64,1214.45
4096,32,16,128,1229.95
4096,32,16,256,1245.29
4096,32,16,512,1275.42
4096,32,16,1024,1334.32
4096,32,16,2048,1449.78
4096,32,16,4096,1674.22
4096,32,16,8192,2207.97
4096,32,16,16384,3310.79
4096,32,16,32768,8312.42
4096,32,16,65536,16163.8
4096,32,32,16,1359.59
4096,32,32,32,1357.3
4096,32,32,64,1361.25
4096,32,32,128,1389.24
4096,32,32,256,1415.19
4096,32,32,512,1478.41
4096,32,32,1024,1596.59
4096,32,32,2048,1809.19
4096,32,32,4096,2313.17
4096,32,32,8192,3337.48
4096,32,32,16384,9794.71
4096,32,32,32768,21488
4096,32,32,65536,39420.6
4096,32,64,16,1658.7
4096,32,64,32,1644.44
4096,32,64,64,1647.4
4096,32,64,128,1702.67
4096,32,64,256,1760.86
4096,32,64,512,1888.9
4096,32,64,1024,2108.56
4096,32,64,2048,2571.66
4096,32,64,4096,3617.78
4096,32,64,8192,11307.7
4096,32,64,16384,22132.3
4096,32,64,32768,43678
4096,32,64,65536,83850.9
4096,32,128,16,2213.4
4096,32,128,32,2214.08
4096,32,128,64,2220.91
4096,32,128,128,2334.66
4096,32,128,256,2457.4
4096,32,128,512,2672.12
4096,32,128,1024,3168.84
4096,32,128,2048,4292.63
4096,32,128,4096,11554.5
4096,32,128,8192,22760.2
4096,32,128,16384,45084.1
4096,32,128,32768,89713
4096,32,128,65536,178836
4096,64,0,0,1071.9
4096,64,1,16,1085.88
4096,64,1,32,1077.9
4096,64,1,64,1079.88
4096,64,1,128,1089.09
4096,64,1,256,1081.25
4096,64,1,512,1083.06
4096,64,1,1024,1086.01
4096,64,1,2048,1095.86
4096,64,1,4096,1108.64
4096,64,1,8192,1217.78
4096,64,1,16384,1432.14
4096,64,1,32768,1836.32
4096,64,1,65536,2552.99
4096,64,2,16,1089.08
4096,64,2,32,1088.06
4096,64,2,64,1087.63
4096,64,2,128,1080.11
4096,64,2,256,1091.53
4096,64,2,512,1104.46
4096,64,2,1024,1104.65
4096,64,2,2048,1107.97
4096,64,2,4096,1149.9
4096,64,2,8192,1289.43
4096,64,2,16384,1548.72
4096,64,2,32768,2031.76
4096,64,2,65536,2970.4
4096,64,4,16,1105
4096,64,4,32,1106.6
4096,64,4,64,1107.6
4096,64,4,128,1109.32
4096,64,4,256,1115.27
4096,64,4,512,1122.9
4096,64,4,1024,1136.48
4096,64,4,2048,1167.02
4096,64,4,4096,1228.43
4096,64,4,8192,1416.93
4096,64,4,16384,1783.33
4096,64,4,32768,2453.83
4096,64,4,65536,3762.44
4096,64,8,16,1141.95
4096,64,8,32,1145.5
4096,64,8,64,1143.44
4096,64,8,128,1150.83
4096,64,8,256,1157.77
4096,64,8,512,1173.7
4096,64,8,1024,1203.57
4096,64,8,2048,1263.68
4096,64,8,4096,1384.69
4096,64,8,8192,1682.25
4096,64,8,16384,2257.02
4096,64,8,32768,3410.86
4096,64,8,65536,6681.36
4096,64,16,16,1213.25
4096,64,16,32,1216.87
4096,64,16,64,1215.45
4096,64,16,128,1233.35
4096,64,16,256,1244.63
4096,64,16,512,1274.75
4096,64,16,1024,1332.89
4096,64,16,2048,1437.27
4096,64,16,4096,1674.97
4096,64,16,8192,2214.77
4096,64,16,16384,3305.88
4096,64,16,32768,8278.03
4096,64,16,65536,15724.8
4096,64,32,16,1355.91
4096,64,32,32,1358.28
4096,64,32,64,1358.65
4096,64,32,128,1386.91
4096,64,32,256,1415.78
4096,64,32,512,1476.42
4096,64,32,1024,1595.44
4096,64,32,2048,1806.73
4096,64,32,4096,2291.98
4096,64,32,8192,3340.24
4096,64,32,16384,10626.6
4096,64,32,32768,21432
4096,64,32,65536,39420.8
4096,64,64,16,1646.46
4096,64,64,32,1646.38
4096,64,64,64,1642.88
4096,64,64,128,1705.07
4096,64,64,256,1780.91
4096,64,64,512,1875.03
4096,64,64,1024,2111.42
4096,64,64,2048,2572.06
4096,64,64,4096,3608.04
4096,64,64,8192,11318.1
4096,64,64,16384,22167.3
4096,64,64,32768,43942.9
4096,64,64,65536,83706.8
4096,64,128,16,2216.41
4096,64,128,32,2223.59
4096,64,128,64,2225.82
4096,64,128,128,2341.37
4096,64,128,256,2468.08
4096,64,128,512,2684.28
4096,64,128,1024,3187.43
4096,64,128,2048,4285.62
4096,64,128,4096,11551.9
4096,64,128,8192,22753.6
4096,64,128,16384,45081.6
4096,64,128,32768,89706.4
4096,64,128,65536,178841
4096,128,0,0,1101.78
4096,128,1,16,1113.54
4096,128,1,32,1101.17
4096,128,1,64,1105.95
4096,128,1,128,1108.42
4096,128,1,256,1111.39
4096,128,1,512,1111.15
4096,128,1,1024,1115.77
4096,128,1,2048,1123.5
4096,128,1,4096,1137.84
4096,128,1,8192,1233.72
4096,128,1,16384,1458.89
4096,128,1,32768,1856.21
4096,128,1,65536,2582.88
4096,128,2,16,1115.3
4096,128,2,32,1115.61
4096,128,2,64,1118.32
4096,128,2,128,1117.69
4096,128,2,256,1108.34
4096,128,2,512,1123.06
4096,128,2,1024,1131.61
4096,128,2,2048,1143.75
4096,128,2,4096,1177.86
4096,128,2,8192,1316.88
4096,128,2,16384,1572.06
4096,128,2,32768,2067.14
4096,128,2,65536,2996.26
4096,128,4,16,1123.88
4096,128,4,32,1126.95
4096,128,4,64,1137.68
4096,128,4,128,1128.58
4096,128,4,256,1140.93
4096,128,4,512,1151.63
4096,128,4,1024,1153.74
4096,128,4,2048,1192.88
4096,128,4,4096,1256.93
4096,128,4,8192,1447.68
4096,128,4,16384,1824.11
4096,128,4,32768,2497.75
4096,128,4,65536,3795.45
4096,128,8,16,1173.07
4096,128,8,32,1174.28
4096,128,8,64,1173.26
4096,128,8,128,1176.01
4096,128,8,256,1186.65
4096,128,8,512,1191.21
4096,128,8,1024,1229.9
4096,128,8,2048,1276.29
4096,128,8,4096,1410.32
4096,128,8,8192,1712.72
4096,128,8,16384,2290.84
4096,128,8,32768,3448.19
4096,128,8,65536,6716.46
4096,128,16,16,1231.2
4096,128,16,32,1244.95
4096,128,16,64,1239.5
4096,128,16,128,1257.04
4096,128,16,256,1271.16
4096,128,16,512,1303.48
4096,128,16,1024,1362.96
4096,128,16,2048,1466.75
4096,128,16,4096,1702.86
4096,128,16,8192,2220.37
4096,128,16,16384,3306.98
4096,128,16,32768,8716.8
4096,128,16,65536,16506.6
4096,128,32,16,1374.91
4096,128,32,32,1387.23
4096,128,32,64,1377.13
4096,128,32,128,1415.68
4096,128,32,256,1444.82
4096,128,32,512,1507.27
4096,128,32,1024,1613.43
4096,128,32,2048,1847.81
4096,128,32,4096,2321.78
4096,128,32,8192,3371.13
4096,128,32,16384,9773.35
4096,128,32,32768,21493.8
4096,128,32,65536,39544.3
4096,128,64,16,1672.9
4096,128,64,32,1670.63
4096,128,64,64,1667.85
4096,128,64,128,1725.72
4096,128,64,256,1793.14
4096,128,64,512,1902.19
4096,128,64,1024,2140.64
4096,128,64,2048,2594.37
4096,128,64,4096,3640.46
4096,128,64,8192,11321.9
4096,128,64,16384,22264.1
4096,128,64,32768,44031
4096,128,64,65536,83971
4096,128,128,16,2247.15
4096,128,128,32,2241.86
4096,128,128,64,2249.38
4096,128,128,128,2360.43
4096,128,128,256,2479.53
4096,128,128,512,2716.51
4096,128,128,1024,3200.06
4096,128,128,2048,4309.64
4096,128,128,4096,11555.6
4096,128,128,8192,22753.2
4096,128,128,16384,45085.6
4096,128,128,32768,89699.3
4096,128,128,65536,178849
4096,256,0,0,1156.34
4096,256,1,16,1170.1
4096,256,1,32,1163.62
4096,256,1,64,1165.72
4096,256,1,128,1166.44
4096,256,1,256,1165.49
4096,256,1,512,1167.02
4096,256,1,1024,1171.39
4096,256,1,2048,1172.16
4096,256,1,4096,1192.78
4096,256,1,8192,1297.76
4096,256,1,16384,1510.01
4096,256,1,32768,1919.05
4096,256,1,65536,2644.55
4096,256,2,16,1171.51
4096,256,2,32,1162.9
4096,256,2,64,1173.59
4096,256,2,128,1173.8
4096,256,2,256,1167.58
4096,256,2,512,1170.04
4096,256,2,1024,1189.31
4096,256,2,2048,1202.7
4096,256,2,4096,1230.72
4096,256,2,8192,1360.32
4096,256,2,16384,1629.27
4096,256,2,32768,2122.08
4096,256,2,65536,3050.16
4096,256,4,16,1190.51
4096,256,4,32,1190.98
4096,256,4,64,1190.87
4096,256,4,128,1194.22
4096,256,4,256,1198.51
4096,256,4,512,1207.39
4096,256,4,1024,1220.43
4096,256,4,2048,1242.15
4096,256,4,4096,1310.59
4096,256,4,8192,1503.29
4096,256,4,16384,1862.54
4096,256,4,32768,2531.72
4096,256,4,65536,3863.08
4096,256,8,16,1227.86
4096,256,8,32,1217.27
4096,256,8,64,1217.45
4096,256,8,128,1233.87
4096,256,8,256,1232.5
4096,256,8,512,1247.97
4096,256,8,1024,1288.18
4096,256,8,2048,1344.07
4096,256,8,4096,1464.37
4096,256,8,8192,1749.19
4096,256,8,16384,2346.18
4096,256,8,32768,3511.9
4096,256,8,65536,6809.92
4096,256,16,16,1297.88
4096,256,16,32,1295.64
4096,256,16,64,1299.91
4096,256,16,128,1316.13
4096,256,16,256,1330.75
4096,256,16,512,1356.75
4096,256,16,1024,1418.9
4096,256,16,2048,1532.57
4096,256,16,4096,1756.81
4096,256,16,8192,2292.7
4096,256,16,16384,3387.99
4096,256,16,32768,8044.92
4096,256,16,65536,16480.4
4096,256,32,16,1439.06
4096,256,32,32,1430.17
4096,256,32,64,1442.97
4096,256,32,128,1477.84
4096,256,32,256,1500.8
4096,256,32,512,1553.54
4096,256,32,1024,1679.25
4096,256,32,2048,1901.82
4096,256,32,4096,2381.72
4096,256,32,8192,3424.42
4096,256,32,16384,9414.62
4096,256,32,32768,21531.9
4096,256,32,65536,39906.6
4096,256,64,16,1727.68
4096,256,64,32,1718.33
4096,256,64,64,1727.26
4096,256,64,128,1801.65
4096,256,64,256,1848.11
4096,256,64,512,1978.78
4096,256,64,1024,2198.27
4096,256,64,2048,2651.42
4096,256,64,4096,3720.12
4096,256,64,8192,11349.9
4096,256,64,16384,22321.8
4096,256,64,32768,44282.3
4096,256,64,65536,85217.9
4096,256,128,16,2304.05
4096,256,128,32,2303.43
4096,256,128,64,2315.64
4096,256,128,128,2420.08
4096,256,128,256,2539.65
4096,256,128,512,2761.11
4096,256,128,1024,3242.08
4096,256,128,2048,4363.55
4096,256,128,4096,11550.7
4096,256,128,8192,22759.4
4096,256,128,16384,45090.6
4096,256,128,32768,89715.6
4096,256,128,65536,178859
4096,512,0,0,1266.94
4096,512,1,16,1278.71
4096,512,1,32,1275.97
4096,512,1,64,1274.8
4096,512,1,128,1275.76
4096,512,1,256,1279.92
4096,512,1,512,1280.97
4096,512,1,1024,1285.6
4096,512,1,2048,1289.47
4096,512,1,4096,1303.17
4096,512,1,8192,1407.63
4096,512,1,16384,1619.32
4096,512,1,32768,2022.29
4096,512,1,65536,2786.53
4096,512,2,16,1279.19
4096,512,2,32,1285.74
4096,512,2,64,1285.61
4096,512,2,128,1286.56
4096,512,2,256,1276.63
4096,512,2,512,1293.9
4096,512,2,1024,1301.13
4096,512,2,2048,1314.52
4096,512,2,4096,1345.06
4096,512,2,8192,1477.1
4096,512,2,16384,1737.63
4096,512,2,32768,2237.52
4096,512,2,65536,3151.43
4096,512,4,16,1302.57
4096,512,4,32,1305.66
4096,512,4,64,1303.45
4096,512,4,128,1308.88
4096,512,4,256,1309.81
4096,512,4,512,1317.02
4096,512,4,1024,1331.23
4096,512,4,2048,1361.35
4096,512,4,4096,1418.19
4096,512,4,8192,1610.99
4096,512,4,16384,1958.47
4096,512,4,32768,2669.62
4096,512,4,65536,3994.81
4096,512,8,16,1343.2
4096,512,8,32,1339.04
4096,512,8,64,1342.29
4096,512,8,128,1335.46
4096,512,8,256,1343.58
4096,512,8,512,1371.51
4096,512,8,1024,1398.71
4096,512,8,2048,1458.78
4096,512,8,4096,1574.52
4096,512,8,8192,1867.93
4096,512,8,16384,2451.22
4096,512,8,32768,3615.4
4096,512,8,65536,6859.06
4096,512,16,16,1412.14
4096,512,16,32,1400.43
4096,512,16,64,1401.19
4096,512,16,128,1423.86
4096,512,16,256,1428.72
4096,512,16,512,1472.17
4096,512,16,1024,1531.6
4096,512,16,2048,1629.4
4096,512,16,4096,1884.16
4096,512,16,8192,2390.07
4096,512,16,16384,3500.85
4096,512,16,32768,8434.71
4096,512,16,65536,17245.3
4096,512,32,16,1541.13
4096,512,32,32,1541.14
4096,512,32,64,1551.82
4096,512,32,128,1585.62
4096,512,32,256,1615.85
4096,512,32,512,1672.46
4096,512,32,1024,1788.47
4096,512,32,2048,2012.99
4096,512,32,4096,2492.46
4096,512,32,8192,3506.7
4096,512,32,16384,10896.2
4096,512,32,32768,21624
4096,512,32,65536,40193.4
4096,512,64,16,1842.95
4096,512,64,32,1840.13
4096,512,64,64,1840.21
4096,512,64,128,1899.88
4096,512,64,256,1956.74
4096,512,64,512,2063.56
4096,512,64,1024,2306.52
4096,512,64,2048,2762.73
4096,512,64,4096,3840.99
4096,512,64,8192,11393.5
4096,512,64,16384,22367.9
4096,512,64,32768,44332.8
4096,512,64,65536,86374.6
4096,512,128,16,2447.05
4096,512,128,32,2423.3
4096,512,128,64,2416.18
4096,512,128,128,2534.98
4096,512,128,256,2647.17
4096,512,128,512,2883
4096,512,128,1024,3358.06
4096,512,128,2048,4463.4
4096,512,128,4096,11557.4
4096,512,128,8192,22764.6
4096,512,128,16384,45098.5
4096,512,128,32768,89718.9
4096,512,128,65536,178875
4096,1024,0,0,1502.4
4096,1024,1,16,1499.93
4096,1024,1,32,1503.33
4096,1024,1,64,1500.1
4096,1024,1,128,1503.37
4096,1024,1,256,1501.76
4096,1024,1,512,1503.26
4096,1024,1,1024,1511.49
4096,1024,1,2048,1517.59
4096,1024,1,4096,1529.6
4096,1024,1,8192,1622.94
4096,1024,1,16384,1829.09
4096,1024,1,32768,2248.04
4096,1024,1,65536,3032.3
4096,1024,2,16,1511.82
4096,1024,2,32,1510.88
4096,1024,2,64,1511.59
4096,1024,2,128,1514.1
4096,1024,2,256,1514.79
4096,1024,2,512,1504
4096,1024,2,1024,1524.49
4096,1024,2,2048,1534.65
4096,1024,2,4096,1567.77
4096,1024,2,8192,1669
4096,1024,2,16384,1930.4
4096,1024,2,32768,2464.27
4096,1024,2,65536,3421.19
4096,1024,4,16,1513.57
4096,1024,4,32,1529.86
4096,1024,4,64,1515.73
4096,1024,4,128,1530.11
4096,1024,4,256,1522.79
4096,1024,4,512,1535.35
4096,1024,4,1024,1559.96
4096,1024,4,2048,1573.08
4096,1024,4,4096,1643.31
4096,1024,4,8192,1827.97
4096,1024,4,16384,2197.8
4096,1024,4,32768,2905.68
4096,1024,4,65536,4253.79
4096,1024,8,16,1565.12
4096,1024,8,32,1566.53
4096,1024,8,64,1563.95
4096,1024,8,128,1572.33
4096,1024,8,256,1566.34
4096,1024,8,512,1573.92
4096,1024,8,1024,1609.52
4096,1024,8,2048,1683.29
4096,1024,8,4096,1797.85
4096,1024,8,8192,2095.05
4096,1024,8,16384,2685.04
4096,1024,8,32768,3804.03
4096,1024,8,65536,7124.27
4096,1024,16,16,1622.61
4096,1024,16,32,1639.6
4096,1024,16,64,1611.58
4096,1024,16,128,1636.62
4096,1024,16,256,1667.08
4096,1024,16,512,1681.08
4096,1024,16,1024,1753.42
4096,1024,16,2048,1867.98
4096,1024,16,4096,2100.26
4096,1024,16,8192,2602.47
4096,1024,16,16384,3729.02
4096,1024,16,32768,10014.6
4096,1024,16,65536,17964.6
4096,1024,32,16,1779.92
4096,1024,32,32,1778.64
4096,1024,32,64,1782.48
4096,1024,32,128,1808.64
4096,1024,32,256,1838.59
4096,1024,32,512,1899.31
4096,1024,32,1024,2018.39
4096,1024,32,2048,2239.11
4096,1024,32,4096,2710.3
4096,1024,32,8192,3733.36
4096,1024,32,16384,11050.2
4096,1024,32,32768,21948.4
4096,1024,32,65536,40756.8
4096,1024,64,16,2063.73
4096,1024,64,32,2066.18
4096,1024,64,64,2063.01
4096,1024,64,128,2127.75
4096,1024,64,256,2165.02
4096,1024,64,512,2300.58
4096,1024,64,1024,2528.99
4096,1024,64,2048,2993.71
4096,1024,64,4096,4090.02
4096,1024,64,8192,11471.3
4096,1024,64,16384,22565
4096,1024,64,32768,44609.7
4096,1024,64,65536,87688.9
4096,1024,128,16,2640.03
4096,1024,128,32,2691.13
4096,1024,128,64,2649.56
4096,1024,128,128,2758.72
4096,1024,128,256,2879.16
4096,1024,128,512,3103.68
4096,1024,128,1024,3573.53
4096,1024,128,2048,4676.57
4096,1024,128,4096,11553.1
4096,1024,128,8192,22769.2
4096,1024,128,16384,45101.7
4096,1024,128,32768,89730.1
4096,1024,128,65536,178919
4096,2048,0,0,1941.13
4096,2048,1,16,1954.37
4096,2048,1,32,1953.39
4096,2048,1,64,1949.53
4096,2048,1,128,1955.11
4096,2048,1,256,1951.52
4096,2048,1,512,1953.94
4096,2048,1,1024,1958.97
4096,2048,1,2048,1966.38
4096,2048,1,4096,1976.85
4096,2048,1,8192,2056.19
4096,2048,1,16384,2313.01
4096,2048,1,32768,2692.56
4096,2048,1,65536,3483.25
4096,2048,2,16,1963.58
4096,2048,2,32,1943
4096,2048,2,64,1959.88
4096,2048,2,128,1961.38
4096,2048,2,256,1965.2
4096,2048,2,512,1938.14
4096,2048,2,1024,1975.01
4096,2048,2,2048,1972.74
4096,2048,2,4096,2024.16
4096,2048,2,8192,2123.91
4096,2048,2,16384,2370.47
4096,2048,2,32768,2913.77
4096,2048,2,65536,3880.28
4096,2048,4,16,1981.43
4096,2048,4,32,1977.81
4096,2048,4,64,1979.97
4096,2048,4,128,1984.43
4096,2048,4,256,1987.35
4096,2048,4,512,1987.29
4096,2048,4,1024,2013.09
4096,2048,4,2048,2040.13
4096,2048,4,4096,2077.34
4096,2048,4,8192,2261.58
4096,2048,4,16384,2642.48
4096,2048,4,32768,3352.32
4096,2048,4,65536,4689.78
4096,2048,8,16,1994.05
4096,2048,8,32,2017.01
4096,2048,8,64,2021.23
4096,2048,8,128,2001.34
4096,2048,8,256,2033.51
4096,2048,8,512,2045.13
4096,2048,8,1024,2075.74
4096,2048,8,2048,2133.26
4096,2048,8,4096,2244.99
4096,2048,8,8192,2507.05
4096,2048,8,16384,3087.05
4096,2048,8,32768,4294.76
4096,2048,8,65536,7936.59
4096,2048,16,16,2090.53
4096,2048,16,32,2055.17
4096,2048,16,64,2090.84
4096,2048,16,128,2100.69
4096,2048,16,256,2114.87
4096,2048,16,512,2147.32
4096,2048,16,1024,2186.81
4096,2048,16,2048,2322.11
4096,2048,16,4096,2536.45
4096,2048,16,8192,3014.9
4096,2048,16,16384,4103.19
4096,2048,16,32768,10429.3
4096,2048,16,65536,19678.2
4096,2048,32,16,2230.31
4096,2048,32,32,2231.87
4096,2048,32,64,2226.72
4096,2048,32,128,2259.11
4096,2048,32,256,2287.91
4096,2048,32,512,2344.92
4096,2048,32,1024,2434.61
4096,2048,32,2048,2697.88
4096,2048,32,4096,3105.93
4096,2048,32,8192,4219.47
4096,2048,32,16384,11300.9
4096,2048,32,32768,22428.7
4096,2048,32,65536,42434.9
4096,2048,64,16,2498.18
4096,2048,64,32,2514.92
4096,2048,64,64,2498.99
4096,2048,64,128,2557.71
4096,2048,64,256,2614.08
4096,2048,64,512,2752.56
4096,2048,64,1024,2985.51
4096,2048,64,2048,3437.6
4096,2048,64,4096,4468.99
4096,2048,64,8192,11514.7
4096,2048,64,16384,22725.3
4096,2048,64,32768,44949.2
4096,2048,64,65536,88678
4096,2048,128,16,3072.7
4096,2048,128,32,3073.52
4096,2048,128,64,3097.09
4096,2048,128,128,3204.83
4096,2048,128,256,3333.36
4096,2048,128,512,3564.21
4096,2048,128,1024,4003.75
4096,2048,128,2048,5173.15
4096,2048,128,4096,11533
4096,2048,128,8192,22792.2
4096,2048,128,16384,45117.5
4096,2048,128,32768,89779.2
4096,2048,128,65536,178977
4096,4096,0,0,2850.55
4096,4096,1,16,2837.63
4096,4096,1,32,2858.28
4096,4096,1,64,2845.86
4096,4096,1,128,2834.2
4096,4096,1,256,2827.18
4096,4096,1,512,2855.89
4096,4096,1,1024,2858.8
4096,4096,1,2048,2819.82
4096,4096,1,4096,2874.85
4096,4096,1,8192,2889.03
4096,4096,1,16384,3104.84
4096,4096,1,32768,3507.55
4096,4096,1,65536,4332.52
4096,4096,2,16,2860.6
4096,4096,2,32,2834.28
4096,4096,2,64,2859.41
4096,4096,2,128,2850.44
4096,4096,2,256,2865.43
4096,4096,2,512,2851.45
4096,4096,2,1024,2837.19
4096,4096,2,2048,2893.68
4096,4096,2,4096,2894.38
4096,4096,2,8192,2988.01
4096,4096,2,16384,3261.76
4096,4096,2,32768,3792.05
4096,4096,2,65536,4783.79
4096,4096,4,16,2878.03
4096,4096,4,32,2833.79
4096,4096,4,64,2879.18
4096,4096,4,128,2885.55
4096,4096,4,256,2884.7
4096,4096,4,512,2890.72
4096,4096,4,1024,2863.72
4096,4096,4,2048,2893.91
4096,4096,4,4096,2952.5
4096,4096,4,8192,3131.09
4096,4096,4,16384,3507.96
4096,4096,4,32768,4236.07
4096,4096,4,65536,5617.87
4096,4096,8,16,2914.37
4096,4096,8,32,2912.62
4096,4096,8,64,2878
4096,4096,8,128,2876.15
4096,4096,8,256,2917.11
4096,4096,8,512,2943.09
4096,4096,8,1024,2975.22
4096,4096,8,2048,3008.79
4096,4096,8,4096,3106.88
4096,4096,8,8192,3348.44
4096,4096,8,16384,3994.79
4096,4096,8,32768,5164.86
4096,4096,8,65536,8786.87
4096,4096,16,16,2986.83
4096,4096,16,32,2950.52
4096,4096,16,64,2985.06
4096,4096,16,128,3002.23
4096,4096,16,256,2968.62
4096,4096,16,512,3042.02
4096,4096,16,1024,3103.41
4096,4096,16,2048,3170.87
4096,4096,16,4096,3450.32
4096,4096,16,8192,3873.25
4096,4096,16,16384,5019.02
4096,4096,16,32768,11088
4096,4096,16,65536,21353
4096,4096,32,16,3126.02
4096,4096,32,32,3101.88
4096,4096,32,64,3128.37
4096,4096,32,128,3157.09
4096,4096,32,256,3184.94
4096,4096,32,512,3247.92
4096,4096,32,1024,3361.46
4096,4096,32,2048,3596.04
4096,4096,32,4096,3998.11
4096,4096,32,8192,5049.1
4096,4096,32,16384,11398.7
4096,4096,32,32768,22525.7
4096,4096,32,65536,44525.4
4096,4096,64,16,3399.44
4096,4096,64,32,3415.08
4096,4096,64,64,3410.02
4096,4096,64,128,3470.64
4096,4096,64,256,3525
4096,4096,64,512,3621.57
4096,4096,64,1024,3882.65
4096,4096,64,2048,4366.49
4096,4096,64,4096,5359.86
4096,4096,64,8192,11546.2
4096,4096,64,16384,22795.7
4096,4096,64,32768,45183.5
4096,4096,64,65536,89870.3
4096,4096,128,16,3976.45
4096,4096,128,32,3997.85
4096,4096,128,64,4003.06
4096,4096,128,128,4112.23
4096,4096,128,256,4226.6
4096,4096,128,512,4459.53
4096,4096,128,1024,4929.36
4096,4096,128,2048,5966.07
4096,4096,128,4096,11530.2
4096,4096,128,8192,22855.2
4096,4096,128,16384,45161.2
4096,4096,128,32768,89813.8
4096,4096,128,65536,179066
4096,8192,0,0,4632.64
4096,8192,1,16,4645.99
4096,8192,1,32,4629.69
4096,8192,1,64,4642.83
4096,8192,1,128,4600.99
4096,8192,1,256,4604.69
4096,8192,1,512,4577.75
4096,8192,1,1024,4580.94
4096,8192,1,2048,4657.45
4096,8192,1,4096,4671.46
4096,8192,1,8192,4648.1
4096,8192,1,16384,4854.7
4096,8192,1,32768,5285.58
4096,8192,1,65536,6070.61
4096,8192,2,16,4598.3
4096,8192,2,32,4649.24
4096,8192,2,64,4580.1
4096,8192,2,128,4585.19
4096,8192,2,256,4654.23
4096,8192,2,512,4661.25
4096,8192,2,1024,4625.23
4096,8192,2,2048,4679.62
4096,8192,2,4096,4713.25
4096,8192,2,8192,4749.78
4096,8192,2,16384,4955.1
4096,8192,2,32768,5516.84
4096,8192,2,65536,6503.55
4096,8192,4,16,4595.79
4096,8192,4,32,4600.43
4096,8192,4,64,4677.5
4096,8192,4,128,4601.83
4096,8192,4,256,4604.93
4096,8192,4,512,4638.48
4096,8192,4,1024,4625.67
4096,8192,4,2048,4656.76
4096,8192,4,4096,4794.79
4096,8192,4,8192,4885.33
4096,8192,4,16384,5221.23
4096,8192,4,32768,5911.62
4096,8192,4,65536,7423.5
4096,8192,8,16,4703.09
4096,8192,8,32,4707.19
4096,8192,8,64,4663.74
4096,8192,8,128,4704.21
4096,8192,8,256,4673.37
4096,8192,8,512,4706.83
4096,8192,8,1024,4694.33
4096,8192,8,2048,4750.89
4096,8192,8,4096,4868.43
4096,8192,8,8192,5120.39
4096,8192,8,16384,5749.62
4096,8192,8,32768,6896.67
4096,8192,8,65536,10159.6
4096,8192,16,16,4778.33
4096,8192,16,32,4704.4
4096,8192,16,64,4771.44
4096,8192,16,128,4783.11
4096,8192,16,256,4742.72
4096,8192,16,512,4803.38
4096,8192,16,1024,4894.84
4096,8192,16,2048,4946.39
4096,8192,16,4096,5170.25
4096,8192,16,8192,5622.78
4096,8192,16,16384,6753.13
4096,8192,16,32768,11117.1
4096,8192,16,65536,22169.4
4096,8192,32,16,4846.08
4096,8192,32,32,4877.55
4096,8192,32,64,4858.84
4096,8192,32,128,4911.89
4096,8192,32,256,4903.11
4096,8192,32,512,5018.12
4096,8192,32,1024,5097.92
4096,8192,32,2048,5387.24
4096,8192,32,4096,5777.76
4096,8192,32,8192,6791.41
4096,8192,32,16384,10718.1
4096,8192,32,32768,22758.5
4096,8192,32,65536,44998.2
4096,8192,64,16,5172.63
4096,8192,64,32,5142.95
4096,8192,64,64,5136.1
4096,8192,64,128,5259.3
4096,8192,64,256,5260.65
4096,8192,64,512,5384.02
4096,8192,64,1024,5594.37
4096,8192,64,2048,6139.18
4096,8192,64,4096,7119.57
4096,8192,64,8192,11012.8
4096,8192,64,16384,23105.5
4096,8192,64,32768,45433.6
4096,8192,64,65536,90241.9
4096,8192,128,16,5793
4096,8192,128,32,5786.89
4096,8192,128,64,5775.22
4096,8192,128,128,5898.63
4096,8192,128,256,6038.61
4096,8192,128,512,6267.99
4096,8192,128,1024,6700.02
4096,8192,128,2048,7690.15
4096,8192,128,4096,11828.5
4096,8192,128,8192,23019.9
4096,8192,128,16384,45367.2
4096,8192,128,32768,89985.9
4096,8192,128,65536,179390
4096,16384,0,0,8127.93
4096,16384,1,16,8116.91
4096,16384,1,32,8205.2
4096,16384,1,64,8100.49
4096,16384,1,128,8102.97
4096,16384,1,256,8141.62
4096,16384,1,512,8101.51
4096,16384,1,1024,8122.86
4096,16384,1,2048,8212.99
4096,16384,1,4096,8190.93
4096,16384,1,8192,8173.9
4096,16384,1,16384,8343.79
4096,16384,1,32768,8614.05
4096,16384,1,65536,9509.84
4096,16384,2,16,8135.54
4096,16384,2,32,8186.45
4096,16384,2,64,8122.28
4096,16384,2,128,8154.2
4096,16384,2,256,8103.45
4096,16384,2,512,8109.84
4096,16384,2,1024,8123.45
4096,16384,2,2048,8142.04
4096,16384,2,4096,8184.05
4096,16384,2,8192,8254.16
4096,16384,2,16384,8404.04
4096,16384,2,32768,8856.21
4096,16384,2,65536,9930.79
4096,16384,4,16,8205.14
4096,16384,4,32,8236.91
4096,16384,4,64,8124.35
4096,16384,4,128,8149.04
4096,16384,4,256,8135.52
4096,16384,4,512,8144.11
4096,16384,4,1024,8163.06
4096,16384,4,2048,8242.27
4096,16384,4,4096,8347.19
4096,16384,4,8192,8394.23
4096,16384,4,16384,8627.01
4096,16384,4,32768,9332.31
4096,16384,4,65536,10976.3
4096,16384,8,16,8157.63
4096,16384,8,32,8163.69
4096,16384,8,64,8260.89
4096,16384,8,128,8255.53
4096,16384,8,256,8174.34
4096,16384,8,512,8189.34
4096,16384,8,1024,8259.52
4096,16384,8,2048,8295.49
4096,16384,8,4096,8509.21
4096,16384,8,8192,8656.43
4096,16384,8,16384,9180.35
4096,16384,8,32768,10428
4096,16384,8,65536,12979.8
4096,16384,16,16,8230.4
4096,16384,16,32,8297.31
4096,16384,16,64,8271.45
4096,16384,16,128,8245.94
4096,16384,16,256,8339.29
4096,16384,16,512,8313.44
4096,16384,16,1024,8429.93
4096,16384,16,2048,8493.02
4096,16384,16,4096,8719.18
4096,16384,16,8192,9191.27
4096,16384,16,16384,10244.1
4096,16384,16,32768,12601.3
4096,16384,16,65536,21681.6
4096,16384,32,16,8458.76
4096,16384,32,32,8460.67
4096,16384,32,64,8382.35
4096,16384,32,128,8410.92
4096,16384,32,256,8440.94
4096,16384,32,512,8512.13
4096,16384,32,1024,8624.84
4096,16384,32,2048,8865.99
4096,16384,32,4096,9408.86
4096,16384,32,8192,10396.1
4096,16384,32,16384,12542.6
4096,16384,32,32768,22364
4096,16384,32,65536,45629.1
4096,16384,64,16,8675.63
4096,16384,64,32,8708.83
4096,16384,64,64,8677.8
4096,16384,64,128,8737.59
4096,16384,64,256,8804.94
4096,16384,64,512,8970.72
4096,16384,64,1024,9168.8
4096,16384,64,2048,9640.05
4096,16384,64,4096,10700.6
4096,16384,64,8192,12971.1
4096,16384,64,16384,22754
4096,16384,64,32768,46003
4096,16384,64,65536,91002.1
4096,16384,128,16,9365.67
4096,16384,128,32,9420.84
4096,16384,128,64,9355.18
4096,16384,128,128,9451.66
4096,16384,128,256,9537.51
4096,16384,128,512,9859.55
4096,16384,128,1024,10230.1
4096,16384,128,2048,11405.5
4096,16384,128,4096,13936.5
4096,16384,128,8192,24079.3
4096,16384,128,16384,45977.8
4096,16384,128,32768,90779
4096,16384,128,65536,179942
4096,32768,0,0,15189.7
4096,32768,1,16,15200
4096,32768,1,32,15228.6
4096,32768,1,64,15250.5
4096,32768,1,128,15236.5
4096,32768,1,256,15203.2
4096,32768,1,512,15210.3
4096,32768,1,1024,15208.7
4096,32768,1,2048,15235.1
4096,32768,1,4096,15240.6
4096,32768,1,8192,15278.1
4096,32768,1,16384,15371.6
4096,32768,1,32768,15645
4096,32768,1,65536,16379.9
4096,32768,2,16,15216.5
4096,32768,2,32,15233.8
4096,32768,2,64,15224.4
4096,32768,2,128,15222
4096,32768,2,256,15219.8
4096,32768,2,512,15222.5
4096,32768,2,1024,15226.9
4096,32768,2,2048,15247.4
4096,32768,2,4096,15287.3
4096,32768,2,8192,15374.1
4096,32768,2,16384,15543.1
4096,32768,2,32768,15796.6
4096,32768,2,65536,16952
4096,32768,4,16,15241.9
4096,32768,4,32,15242
4096,32768,4,64,15242.1
4096,32768,4,128,15244.6
4096,32768,4,256,15253.4
4096,32768,4,512,15257.9
4096,32768,4,1024,15274.2
4096,32768,4,2048,15306.6
4096,32768,4,4096,15383.9
4096,32768,4,8192,15538.1
4096,32768,4,16384,15804.8
4096,32768,4,32768,16387
4096,32768,4,65536,17858.6
4096,32768,8,16,15276
4096,32768,8,32,15275.1
4096,32768,8,64,15285.3
4096,32768,8,128,15294.8
4096,32768,8,256,15311.8
4096,32768,8,512,15299.2
4096,32768,8,1024,15332.4
4096,32768,8,2048,15411
4096,32768,8,4096,15543
4096,32768,8,8192,15823
4096,32768,8,16384,16291
4096,32768,8,32768,17325.3
4096,32768,8,65536,20017.1
4096,32768,16,16,15348.4
4096,32768,16,32,15343.1
4096,32768,16,64,15346.2
4096,32768,16,128,15361.5
4096,32768,16,256,15378.9
4096,32768,16,512,15403.5
4096,32768,16,1024,15468.6
4096,32768,16,2048,15625
4096,32768,16,4096,15868.6
4096,32768,16,8192,16366
4096,32768,16,16384,17439.8
4096,32768,16,32768,19472.1
4096,32768,16,65536,24527.9
4096,32768,32,16,15498.2
4096,32768,32,32,15499.3
4096,32768,32,64,15497.8
4096,32768,32,128,15529.9
4096,32768,32,256,15568
4096,32768,32,512,15618.8
4096,32768,32,1024,15741
4096,32768,32,2048,16027.9
4096,32768,32,4096,16533.9
4096,32768,32,8192,17602
4096,32768,32,16384,19647.1
4096,32768,32,32768,24462.4
4096,32768,32,65536,46403.9
4096,32768,64,16,15803.3
4096,32768,64,32,15798.8
4096,32768,64,64,15802.9
4096,32768,64,128,15884.6
4096,32768,64,256,15954.5
4096,32768,64,512,16080.9
4096,32768,64,1024,16350
4096,32768,64,2048,16852.8
4096,32768,64,4096,17915.8
4096,32768,64,8192,20046.8
4096,32768,64,16384,24714.2
4096,32768,64,32768,45887.3
4096,32768,64,65536,93151
4096,32768,128,16,16487.8
4096,32768,128,32,16499.7
4096,32768,128,64,16495.3
4096,32768,128,128,16609.9
4096,32768,128,256,16737.7
4096,32768,128,512,16975.9
4096,32768,128,1024,17431.5
4096,32768,128,2048,18551.3
4096,32768,128,4096,20658.2
4096,32768,128,8192,26383.7
4096,32768,128,16384,47707.4
4096,32768,128,32768,93091.9
4096,32768,128,65536,181586
4096,65536,0,0,29838.7
4096,65536,1,16,29853.9
4096,65536,1,32,29860.5
4096,65536,1,64,29848.1
4096,65536,1,128,29850.9
4096,65536,1,256,29851.3
4096,65536,1,512,29851.6
4096,65536,1,1024,29853.8
4096,65536,1,2048,29860.7
4096,65536,1,4096,29887
4096,65536,1,8192,29922.5
4096,65536,1,16384,29995.9
4096,65536,1,32768,30310
4096,65536,1,65536,30879.7
4096,65536,2,16,29854.8
4096,65536,2,32,29859
4096,65536,2,64,29861.7
4096,65536,2,128,29856.4
4096,65536,2,256,29860.1
4096,65536,2,512,29859.5
4096,65536,2,1024,29876
4096,65536,2,2048,29892.5
4096,65536,2,4096,29929.2
4096,65536,2,8192,30003.5
4096,65536,2,16384,30180.1
4096,65536,2,32768,30528.7
4096,65536,2,65536,31103
4096,65536,4,16,29876.1
4096,65536,4,32,29879.9
4096,65536,4,64,29875.5
4096,65536,4,128,29893.9
4096,65536,4,256,29892.3
4096,65536,4,512,29890.7
4096,65536,4,1024,29911.3
4096,65536,4,2048,29945.1
4096,65536,4,4096,30019.5
4096,65536,4,8192,30159.1
4096,65536,4,16384,30486.4
4096,65536,4,32768,31086.9
4096,65536,4,65536,32506.9
4096,65536,8,16,29907.1
4096,65536,8,32,29912.1
4096,65536,8,64,29901
4096,65536,8,128,29904.3
4096,65536,8,256,29921.6
4096,65536,8,512,29938.2
4096,65536,8,1024,29963.2
4096,65536,8,2048,30029.1
4096,65536,8,4096,30162.8
4096,65536,8,8192,30431.3
4096,65536,8,16384,31066.6
4096,65536,8,32768,32020.4
4096,65536,8,65536,34037.5
4096,65536,16,16,29956.3
4096,65536,16,32,29956.3
4096,65536,16,64,29956.3
4096,65536,16,128,29973
4096,65536,16,256,29982.4
4096,65536,16,512,30015.4
4096,65536,16,1024,30074
4096,65536,16,2048,30193.5
4096,65536,16,4096,30468.7
4096,65536,16,8192,31070
4096,65536,16,16384,32183.8
4096,65536,16,32768,34212.5
4096,65536,16,65536,38394.4
4096,65536,32,16,30109.3
4096,65536,32,32,30107.7
4096,65536,32,64,30115.1
4096,65536,32,128,30131.1
4096,65536,32,256,30163.5
4096,65536,32,512,30236.9
4096,65536,32,1024,30355.2
4096,65536,32,2048,30638.7
4096,65536,32,4096,31237.3
4096,65536,32,8192,32400.3
4096,65536,32,16384,34395.7
4096,65536,32,32768,38487.6
4096,65536,32,65536,49924
4096,65536,64,16,30421.4
4096,65536,64,32,30435.8
4096,65536,64,64,30429
4096,65536,64,128,30497
4096,65536,64,256,30559.6
4096,65536,64,512,30702.1
4096,65536,64,1024,30978.9
4096,65536,64,2048,31545.2
4096,65536,64,4096,32740.8
4096,65536,64,8192,34791.1
4096,65536,64,16384,39016.5
4096,65536,64,32768,50934.8
4096,65536,64,65536,92857.2
4096,65536,128,16,31176.5
4096,65536,128,32,31177.3
4096,65536,128,64,31165.3
4096,65536,128,128,31307.1
4096,65536,128,256,31435.2
4096,65536,128,512,31704.7
4096,65536,128,1024,32206.1
4096,65536,128,2048,33368.7
4096,65536,128,4096,35504.4
4096,65536,128,8192,39626.8
4096,65536,128,16384,51864.3
4096,65536,128,32768,94856.2
4096,65536,128,65536,186858
8192,0,0,0,3793.58
8192,0,1,16,3809.21
8192,0,1,32,3806.9
8192,0,1,64,3809.05
8192,0,1,128,3807.39
8192,0,1,256,3810.39
8192,0,1,512,3810.68
8192,0,1,1024,3814.61
8192,0,1,2048,3821.43
8192,0,1,4096,3836.34
8192,0,1,8192,3869.8
8192,0,1,16384,4083.95
8192,0,1,32768,4515.31
8192,0,1,65536,5343.43
8192,0,2,16,3823.84
8192,0,2,32,3825.94
8192,0,2,64,3823.35
8192,0,2,128,3825.65
8192,0,2,256,3828.29
8192,0,2,512,3831.36
8192,0,2,1024,3838.83
8192,0,2,2048,3851.97
8192,0,2,4096,3879.45
8192,0,2,8192,3949.22
8192,0,2,16384,4221.34
8192,0,2,32768,4748.9
8192,0,2,65536,5762.66
8192,0,4,16,3862.34
8192,0,4,32,3855.68
8192,0,4,64,3858.18
8192,0,4,128,3860.06
8192,0,4,256,3860.59
8192,0,4,512,3871.9
8192,0,4,1024,3885.85
8192,0,4,2048,3915.24
8192,0,4,4096,3972.07
8192,0,4,8192,4103.29
8192,0,4,16384,4482.38
8192,0,4,32768,5221.99
8192,0,4,65536,6697.02
8192,0,8,16,3928.24
8192,0,8,32,3928.2
8192,0,8,64,3926.55
8192,0,8,128,3934.68
8192,0,8,256,3939.5
8192,0,8,512,3956.74
8192,0,8,1024,3987.28
8192,0,8,2048,4043.24
8192,0,8,4096,4154.87
8192,0,8,8192,4404.34
8192,0,8,16384,5002.1
8192,0,8,32768,6229.39
8192,0,8,65536,9965.23
8192,0,16,16,4056.77
8192,0,16,32,4057.96
8192,0,16,64,4059.34
8192,0,16,128,4071.24
8192,0,16,256,4085.6
8192,0,16,512,4115.73
8192,0,16,1024,4171.39
8192,0,16,2048,4287.22
8192,0,16,4096,4511.57
8192,0,16,8192,4995.28
8192,0,16,16384,6107.99
8192,0,16,32768,11714.7
8192,0,16,65536,22729.9
8192,0,32,16,4323.53
8192,0,32,32,4323.64
8192,0,32,64,4321.49
8192,0,32,128,4350.52
8192,0,32,256,4379.73
8192,0,32,512,4434.65
8192,0,32,1024,4545.79
8192,0,32,2048,4778.09
8192,0,32,4096,5241.18
8192,0,32,8192,6270.22
8192,0,32,16384,11777
8192,0,32,32768,23056.6
8192,0,32,65536,45087.3
8192,0,64,16,4841.72
8192,0,64,32,4842.91
8192,0,64,64,4843.21
8192,0,64,128,4898.17
8192,0,64,256,4953.5
8192,0,64,512,5064.28
8192,0,64,1024,5285.25
8192,0,64,2048,5754.78
8192,0,64,4096,6802.14
8192,0,64,8192,11797.5
8192,0,64,16384,23104.2
8192,0,64,32768,45459.7
8192,0,64,65536,90186.4
8192,0,128,16,5909.43
8192,0,128,32,5904.81
8192,0,128,64,5909.4
8192,0,128,128,6026.69
8192,0,128,256,6131.93
8192,0,128,512,6358.99
8192,0,128,1024,6804.8
8192,0,128,2048,7819.34
8192,0,128,4096,11909.4
8192,0,128,8192,23090.2
8192,0,128,16384,45450.6
8192,0,128,32768,90111.1
8192,0,128,65536,179365
8192,16,0,0,3845.21
8192,16,1,16,3864.28
8192,16,1,32,3862.21
8192,16,1,64,3861.86
8192,16,1,128,3864.58
8192,16,1,256,3864.77
8192,16,1,512,3868.47
8192,16,1,1024,3868.56
8192,16,1,2048,3874.58
8192,16,1,4096,3890.86
8192,16,1,8192,3923.39
8192,16,1,16384,4141.56
8192,16,1,32768,4568.35
8192,16,1,65536,5387.35
8192,16,2,16,3881.37
8192,16,2,32,3880.98
8192,16,2,64,3880.01
8192,16,2,128,3880.58
8192,16,2,256,3881.5
8192,16,2,512,3886.03
8192,16,2,1024,3894.56
8192,16,2,2048,3907.34
8192,16,2,4096,3938.14
8192,16,2,8192,4004.28
8192,16,2,16384,4275.18
8192,16,2,32768,4805.14
8192,16,2,65536,5820.68
8192,16,4,16,3912.7
8192,16,4,32,3911.57
8192,16,4,64,3913.59
8192,16,4,128,3917.97
8192,16,4,256,3919.37
8192,16,4,512,3927.34
8192,16,4,1024,3939.26
8192,16,4,2048,3972.01
8192,16,4,4096,4027.36
8192,16,4,8192,4155.37
8192,16,4,16384,4535.73
8192,16,4,32768,5273.06
8192,16,4,65536,6752.46
8192,16,8,16,3981.72
8192,16,8,32,3983.31
8192,16,8,64,3983.48
8192,16,8,128,3990.33
8192,16,8,256,3997.07
8192,16,8,512,4011.95
8192,16,8,1024,4039.81
8192,16,8,2048,4095.52
8192,16,8,4096,4209.59
8192,16,8,8192,4458.27
8192,16,8,16384,5057.25
8192,16,8,32768,6293.08
8192,16,8,65536,10055.7
8192,16,16,16,4115.4
8192,16,16,32,4114.79
8192,16,16,64,4113.9
8192,16,16,128,4127.77
8192,16,16,256,4142.26
8192,16,16,512,4172.79
8192,16,16,1024,4226.21
8192,16,16,2048,4345.21
8192,16,16,4096,4571.35
8192,16,16,8192,5049.11
8192,16,16,16384,6161.08
8192,16,16,32768,11708.2
8192,16,16,65536,22725.1
8192,16,32,16,4377.99
8192,16,32,32,4377.21
8192,16,32,64,4377.63
8192,16,32,128,4407.05
8192,16,32,256,4435.7
8192,16,32,512,4490.63
8192,16,32,1024,4603.6
8192,16,32,2048,4831.77
8192,16,32,4096,5291.47
8192,16,32,8192,6327.15
8192,16,32,16384,11789.3
8192,16,32,32768,23071.7
8192,16,32,65536,45114.1
8192,16,64,16,4901.39
8192,16,64,32,4897.86
8192,16,64,64,4900.98
8192,16,64,128,4957.68
8192,16,64,256,5008.97
8192,16,64,512,5116.5
8192,16,64,1024,5343.83
8192,16,64,2048,5807.53
8192,16,64,4096,6860.49
8192,16,64,8192,11796.4
8192,16,64,16384,23107.8
8192,16,64,32768,45462
8192,16,64,65536,90167.3
8192,16,128,16,5959.58
8192,16,128,32,5968.17
8192,16,128,64,5961.99
8192,16,128,128,6076.1
8192,16,128,256,6193.1
8192,16,128,512,6413.79
8192,16,128,1024,6971.1
8192,16,128,2048,7883.03
8192,16,128,4096,11924.8
8192,16,128,8192,23092.6
8192,16,128,16384,45447.7
8192,16,128,32768,90109.4
8192,16,128,65536,179362
8192,32,0,0,3847.5
8192,32,1,16,3863.55
8192,32,1,32,3862.74
8192,32,1,64,3863.37
8192,32,1,128,3866.05
8192,32,1,256,3863.69
8192,32,1,512,3869.25
8192,32,1,1024,3870.27
8192,32,1,2048,3877.03
8192,32,1,4096,3893.3
8192,32,1,8192,3922.68
8192,32,1,16384,4140.11
8192,32,1,32768,4568.97
8192,32,1,65536,5396.5
8192,32,2,16,3878.47
8192,32,2,32,3879.63
8192,32,2,64,3879.75
8192,32,2,128,3883.13
8192,32,2,256,3881.85
8192,32,2,512,3886.28
8192,32,2,1024,3893.38
8192,32,2,2048,3908.17
8192,32,2,4096,3938.22
8192,32,2,8192,4004.49
8192,32,2,16384,4276.41
8192,32,2,32768,4804.09
8192,32,2,65536,5819.93
8192,32,4,16,3913.9
8192,32,4,32,3914.53
8192,32,4,64,3912.5
8192,32,4,128,3918.03
8192,32,4,256,3919.52
8192,32,4,512,3927.58
8192,32,4,1024,3940.83
8192,32,4,2048,3969.46
8192,32,4,4096,4024.8
8192,32,4,8192,4157.28
8192,32,4,16384,4536.83
8192,32,4,32768,5268.61
8192,32,4,65536,6746.47
8192,32,8,16,3983.33
8192,32,8,32,3984.04
8192,32,8,64,3983.8
8192,32,8,128,3990.4
8192,32,8,256,3995.79
8192,32,8,512,4012.31
8192,32,8,1024,4041.18
8192,32,8,2048,4098.66
8192,32,8,4096,4209.97
8192,32,8,8192,4457.91
8192,32,8,16384,5055.53
8192,32,8,32768,6287.81
8192,32,8,65536,10000
8192,32,16,16,4115.97
8192,32,16,32,4116.93
8192,32,16,64,4112.65
8192,32,16,128,4128.77
8192,32,16,256,4141.06
8192,32,16,512,4171.23
8192,32,16,1024,4225.48
8192,32,16,2048,4345.08
8192,32,16,4096,4568.62
8192,32,16,8192,5047.81
8192,32,16,16384,6168.32
8192,32,16,32768,11711.4
8192,32,16,65536,22768.7
8192,32,32,16,4377.12
8192,32,32,32,4379.56
8192,32,32,64,4378.63
8192,32,32,128,4407.38
8192,32,32,256,4432.09
8192,32,32,512,4489.57
8192,32,32,1024,4603.74
8192,32,32,2048,4831.4
8192,32,32,4096,5290.72
8192,32,32,8192,6336.14
8192,32,32,16384,11774.1
8192,32,32,32768,23070.5
8192,32,32,65536,45114.2
8192,32,64,16,4900.75
8192,32,64,32,4900.15
8192,32,64,64,4898.2
8192,32,64,128,4952
8192,32,64,256,5009.53
8192,32,64,512,5114.89
8192,32,64,1024,5340.82
8192,32,64,2048,5811.05
8192,32,64,4096,6854.05
8192,32,64,8192,11797.9
8192,32,64,16384,23100.1
8192,32,64,32768,45475.3
8192,32,64,65536,90177
8192,32,128,16,5971.1
8192,32,128,32,5971.93
8192,32,128,64,5963.68
8192,32,128,128,6081.1
8192,32,128,256,6190.22
8192,32,128,512,6414.56
8192,32,128,1024,6863.15
8192,32,128,2048,7877.74
8192,32,128,4096,11926.4
8192,32,128,8192,23102.6
8192,32,128,16384,45447.4
8192,32,128,32768,90109.1
8192,32,128,65536,179347
8192,64,0,0,3843.31
8192,64,1,16,3866.43
8192,64,1,32,3860.66
8192,64,1,64,3864.4
8192,64,1,128,3864.79
8192,64,1,256,3866.84
8192,64,1,512,3868.67
8192,64,1,1024,3870.69
8192,64,1,2048,3877.56
8192,64,1,4096,3890.82
8192,64,1,8192,3923.37
8192,64,1,16384,4138.42
8192,64,1,32768,4568.04
8192,64,1,65536,5393.3
8192,64,2,16,3879.42
8192,64,2,32,3879.82
8192,64,2,64,3877.74
8192,64,2,128,3879.5
8192,64,2,256,3883.92
8192,64,2,512,3885.87
8192,64,2,1024,3895.3
8192,64,2,2048,3907.3
8192,64,2,4096,3938.41
8192,64,2,8192,4005.87
8192,64,2,16384,4274.04
8192,64,2,32768,4805.5
8192,64,2,65536,5820.74
8192,64,4,16,3913.23
8192,64,4,32,3913.39
8192,64,4,64,3911.7
8192,64,4,128,3915.97
8192,64,4,256,3918.33
8192,64,4,512,3927.42
8192,64,4,1024,3941.53
8192,64,4,2048,3969.61
8192,64,4,4096,4025.68
8192,64,4,8192,4157.21
8192,64,4,16384,4537.56
8192,64,4,32768,5273.2
8192,64,4,65536,6751.08
8192,64,8,16,3981.86
8192,64,8,32,3981.97
8192,64,8,64,3984.12
8192,64,8,128,3991.02
8192,64,8,256,3996.54
8192,64,8,512,4012.38
8192,64,8,1024,4038.73
8192,64,8,2048,4095.88
8192,64,8,4096,4209.94
8192,64,8,8192,4457.09
8192,64,8,16384,5057.83
8192,64,8,32768,6289.21
8192,64,8,65536,10139.6
8192,64,16,16,4113.53
8192,64,16,32,4115.74
8192,64,16,64,4111.52
8192,64,16,128,4128.16
8192,64,16,256,4140.12
8192,64,16,512,4170.89
8192,64,16,1024,4227.67
8192,64,16,2048,4342.43
8192,64,16,4096,4569.48
8192,64,16,8192,5051.09
8192,64,16,16384,6165.1
8192,64,16,32768,11753.7
8192,64,16,65536,22769.4
8192,64,32,16,4380.89
8192,64,32,32,4378.75
8192,64,32,64,4380.56
8192,64,32,128,4408.6
8192,64,32,256,4436.36
8192,64,32,512,4489.62
8192,64,32,1024,4601.51
8192,64,32,2048,4835.05
8192,64,32,4096,5290.88
8192,64,32,8192,6321.75
8192,64,32,16384,11784.3
8192,64,32,32768,23077.3
8192,64,32,65536,45115.9
8192,64,64,16,4901.54
8192,64,64,32,4902.04
8192,64,64,64,4899.18
8192,64,64,128,4954.99
8192,64,64,256,5010.3
8192,64,64,512,5121.95
8192,64,64,1024,5345
8192,64,64,2048,5808.68
8192,64,64,4096,6863.62
8192,64,64,8192,11801.3
8192,64,64,16384,23102.3
8192,64,64,32768,45479.9
8192,64,64,65536,90171.7
8192,64,128,16,5964.21
8192,64,128,32,5965.91
8192,64,128,64,5964.31
8192,64,128,128,6077.42
8192,64,128,256,6194.39
8192,64,128,512,6418.97
8192,64,128,1024,6865.99
8192,64,128,2048,7878.2
8192,64,128,4096,11926.7
8192,64,128,8192,23097.2
8192,64,128,16384,45448.6
8192,64,128,32768,90103.1
8192,64,128,65536,179357
8192,128,0,0,3897.37
8192,128,1,16,3916.22
8192,128,1,32,3916.39
8192,128,1,64,3916.89
8192,128,1,128,3920.56
8192,128,1,256,3919.15
8192,128,1,512,3921.89
8192,128,1,1024,3926.71
8192,128,1,2048,3930.66
8192,128,1,4096,3947.39
8192,128,1,8192,3978.21
8192,128,1,16384,4193.72
8192,128,1,32768,4623.97
8192,128,1,65536,5448.85
8192,128,2,16,3933.62
8192,128,2,32,3934.26
8192,128,2,64,3932.55
8192,128,2,128,3935.88
8192,128,2,256,3935.87
8192,128,2,512,3944.2
8192,128,2,1024,3949.03
8192,128,2,2048,3961.79
8192,128,2,4096,3991.43
8192,128,2,8192,4058.36
8192,128,2,16384,4329.02
8192,128,2,32768,4857.07
8192,128,2,65536,5874.37
8192,128,4,16,3964.88
8192,128,4,32,3966.58
8192,128,4,64,3969.3
8192,128,4,128,3971.3
8192,128,4,256,3974.49
8192,128,4,512,3981.24
8192,128,4,1024,3995.87
8192,128,4,2048,4023.67
8192,128,4,4096,4081.55
8192,128,4,8192,4211.04
8192,128,4,16384,4590.01
8192,128,4,32768,5326.15
8192,128,4,65536,6808.94
8192,128,8,16,4037.51
8192,128,8,32,4037.98
8192,128,8,64,4037.39
8192,128,8,128,4042.69
8192,128,8,256,4051.47
8192,128,8,512,4065.7
8192,128,8,1024,4095.47
8192,128,8,2048,4152.15
8192,128,8,4096,4266.45
8192,128,8,8192,4511.3
8192,128,8,16384,5111.14
8192,128,8,32768,6341.02
8192,128,8,65536,10107.2
8192,128,16,16,4167.56
8192,128,16,32,4167.43
8192,128,16,64,4167.94
8192,128,16,128,4181.17
8192,128,16,256,4196.4
8192,128,16,512,4225.01
8192,128,16,1024,4281.5
8192,128,16,2048,4394.33
8192,128,16,4096,4624.3
8192,128,16,8192,5101.25
8192,128,16,16384,6224.45
8192,128,16,32768,11763.7
8192,128,16,65536,22763.7
8192,128,32,16,4434.24
8192,128,32,32,4430.06
8192,128,32,64,4435.99
8192,128,32,128,4459.65
8192,128,32,256,4489.24
8192,128,32,512,4544.81
8192,128,32,1024,4656.8
8192,128,32,2048,4887.05
8192,128,32,4096,5345.74
8192,128,32,8192,6377.39
8192,128,32,16384,11796.3
8192,128,32,32768,23081.7
8192,128,32,65536,45110
8192,128,64,16,4956.64
8192,128,64,32,4956.78
8192,128,64,64,4955.25
8192,128,64,128,5012.55
8192,128,64,256,5070.6
8192,128,64,512,5174.4
8192,128,64,1024,5400.53
8192,128,64,2048,5872.09
8192,128,64,4096,6925.55
8192,128,64,8192,11801.3
8192,128,64,16384,23111.4
8192,128,64,32768,45482.3
8192,128,64,65536,90178.2
8192,128,128,16,6017.55
8192,128,128,32,6022.28
8192,128,128,64,6019.69
8192,128,128,128,6133.17
8192,128,128,256,6249.4
8192,128,128,512,6472.13
8192,128,128,1024,6920.86
8192,128,128,2048,7931.21
8192,128,128,4096,11947
8192,128,128,8192,23091.9
8192,128,128,16384,45446
8192,128,128,32768,90097.2
8192,128,128,65536,179364
8192,256,0,0,4007.65
8192,256,1,16,4025.75
8192,256,1,32,4027.29
8192,256,1,64,4027.11
8192,256,1,128,4029.68
8192,256,1,256,4027.47
8192,256,1,512,4031.1
8192,256,1,1024,4033.58
8192,256,1,2048,4039.34
8192,256,1,4096,4056.96
8192,256,1,8192,4086.58
8192,256,1,16384,4301.8
8192,256,1,32768,4726.83
8192,256,1,65536,5559.38
8192,256,2,16,4043.26
8192,256,2,32,4042.58
8192,256,2,64,4041.83
8192,256,2,128,4045.23
8192,256,2,256,4047.12
8192,256,2,512,4047.29
8192,256,2,1024,4056.99
8192,256,2,2048,4071.3
8192,256,2,4096,4101.03
8192,256,2,8192,4165.82
8192,256,2,16384,4434.29
8192,256,2,32768,4962.92
8192,256,2,65536,5980.17
8192,256,4,16,4076.06
8192,256,4,32,4075.78
8192,256,4,64,4074.56
8192,256,4,128,4080.42
8192,256,4,256,4082.38
8192,256,4,512,4090.17
8192,256,4,1024,4107.54
8192,256,4,2048,4135.04
8192,256,4,4096,4191.86
8192,256,4,8192,4317.68
8192,256,4,16384,4696.39
8192,256,4,32768,5433.23
8192,256,4,65536,6912.96
8192,256,8,16,4148.86
8192,256,8,32,4147.76
8192,256,8,64,4147.11
8192,256,8,128,4153.54
8192,256,8,256,4160.44
8192,256,8,512,4174.13
8192,256,8,1024,4204.9
8192,256,8,2048,4259.24
8192,256,8,4096,4375.37
8192,256,8,8192,4618.38
8192,256,8,16384,5219.29
8192,256,8,32768,6464.26
8192,256,8,65536,10197.7
8192,256,16,16,4277.81
8192,256,16,32,4277.81
8192,256,16,64,4276.22
8192,256,16,128,4290.74
8192,256,16,256,4304.06
8192,256,16,512,4332.94
8192,256,16,1024,4389.07
8192,256,16,2048,4508.12
8192,256,16,4096,4733.27
8192,256,16,8192,5213.02
8192,256,16,16384,6339.13
8192,256,16,32768,11793.9
8192,256,16,65536,22801.4
8192,256,32,16,4543.62
8192,256,32,32,4542.8
8192,256,32,64,4542.93
8192,256,32,128,4573.39
8192,256,32,256,4599.47
8192,256,32,512,4654.28
8192,256,32,1024,4766.42
8192,256,32,2048,5002.27
8192,256,32,4096,5452
8192,256,32,8192,6489.05
8192,256,32,16384,11806.8
8192,256,32,32768,23104.2
8192,256,32,65536,45152.1
8192,256,64,16,5066.79
8192,256,64,32,5063.1
8192,256,64,64,5065.14
8192,256,64,128,5122.56
8192,256,64,256,5173.89
8192,256,64,512,5280.25
8192,256,64,1024,5506.13
8192,256,64,2048,5972.55
8192,256,64,4096,7021.24
8192,256,64,8192,11807.7
8192,256,64,16384,23115.5
8192,256,64,32768,45479
8192,256,64,65536,90200.7
8192,256,128,16,6130.02
8192,256,128,32,6130.04
8192,256,128,64,6131.43
8192,256,128,128,6242.21
8192,256,128,256,6349.29
8192,256,128,512,6581.28
8192,256,128,1024,7023.53
8192,256,128,2048,8033.59
8192,256,128,4096,11990.1
8192,256,128,8192,23087.7
8192,256,128,16384,45455.3
8192,256,128,32768,90127.2
8192,256,128,65536,179354
8192,512,0,0,4227.53
8192,512,1,16,4245.58
8192,512,1,32,4247.73
8192,512,1,64,4248.85
8192,512,1,128,4247.33
8192,512,1,256,4247.42
8192,512,1,512,4248.33
8192,512,1,1024,4251.37
8192,512,1,2048,4261.35
8192,512,1,4096,4274.63
8192,512,1,8192,4299.82
8192,512,1,16384,4515.95
8192,512,1,32768,4942.27
8192,512,1,65536,5777.95
8192,512,2,16,4262.19
8192,512,2,32,4263.85
8192,512,2,64,4260.7
8192,512,2,128,4266.13
8192,512,2,256,4267.91
8192,512,2,512,4271.46
8192,512,2,1024,4276.14
8192,512,2,2048,4291.64
8192,512,2,4096,4318.79
8192,512,2,8192,4380.39
8192,512,2,16384,4651.89
8192,512,2,32768,5180.48
8192,512,2,65536,6203.62
8192,512,4,16,4294.96
8192,512,4,32,4296.18
8192,512,4,64,4296.25
8192,512,4,128,4300.27
8192,512,4,256,4304.08
8192,512,4,512,4309.29
8192,512,4,1024,4321.9
8192,512,4,2048,4351.85
8192,512,4,4096,4411.72
8192,512,4,8192,4534.63
8192,512,4,16384,4910.67
8192,512,4,32768,5651.99
8192,512,4,65536,7144.42
8192,512,8,16,4367.33
8192,512,8,32,4366.76
8192,512,8,64,4366.09
8192,512,8,128,4371.86
8192,512,8,256,4381.98
8192,512,8,512,4394.17
8192,512,8,1024,4422.72
8192,512,8,2048,4478.93
8192,512,8,4096,4594.98
8192,512,8,8192,4834.26
8192,512,8,16384,5433.26
8192,512,8,32768,6678.83
8192,512,8,65536,10363.7
8192,512,16,16,4495.43
8192,512,16,32,4496.71
8192,512,16,64,4497.14
8192,512,16,128,4511.22
8192,512,16,256,4524.24
8192,512,16,512,4553.96
8192,512,16,1024,4609.59
8192,512,16,2048,4724.32
8192,512,16,4096,4954.03
8192,512,16,8192,5429.85
8192,512,16,16384,6563.12
8192,512,16,32768,11810.1
8192,512,16,65536,22897
8192,512,32,16,4762.29
8192,512,32,32,4768.44
8192,512,32,64,4766.47
8192,512,32,128,4791.26
8192,512,32,256,4821.41
8192,512,32,512,4877.75
8192,512,32,1024,4988.38
8192,512,32,2048,5218.58
8192,512,32,4096,5677.51
8192,512,32,8192,6716.69
8192,512,32,16384,11827.8
8192,512,32,32768,23127.6
8192,512,32,65536,45274.1
8192,512,64,16,5287.18
8192,512,64,32,5290.93
8192,512,64,64,5287.47
8192,512,64,128,5346.42
8192,512,64,256,5393.99
8192,512,64,512,5504.35
8192,512,64,1024,5723.9
8192,512,64,2048,6191.38
8192,512,64,4096,7239.69
8192,512,64,8192,11815
8192,512,64,16384,23107.5
8192,512,64,32768,45480.6
8192,512,64,65536,90169.5
8192,512,128,16,6352.49
8192,512,128,32,6355.62
8192,512,128,64,6355.85
8192,512,128,128,6478.06
8192,512,128,256,6577.12
8192,512,128,512,6806.82
8192,512,128,1024,7242.65
8192,512,128,2048,8261.25
8192,512,128,4096,12094.2
8192,512,128,8192,23094.7
8192,512,128,16384,45462
8192,512,128,32768,90121
8192,512,128,65536,179365
8192,1024,0,0,4667.04
8192,1024,1,16,4682.95
8192,1024,1,32,4682.65
8192,1024,1,64,4683.16
8192,1024,1,128,4684.83
8192,1024,1,256,4682.02
8192,1024,1,512,4688.8
8192,1024,1,1024,4691.46
8192,1024,1,2048,4697.38
8192,1024,1,4096,4712.31
8192,1024,1,8192,4739.47
8192,1024,1,16384,4943.5
8192,1024,1,32768,5371.85
8192,1024,1,65536,6209.99
8192,1024,2,16,4704.18
8192,1024,2,32,4700.45
8192,1024,2,64,4700.89
8192,1024,2,128,4701.79
8192,1024,2,256,4702.85
8192,1024,2,512,4706.99
8192,1024,2,1024,4713.84
8192,1024,2,2048,4727.99
8192,1024,2,4096,4757.12
8192,1024,2,8192,4813.37
8192,1024,2,16384,5077.52
8192,1024,2,32768,5610.95
8192,1024,2,65536,6634.74
8192,1024,4,16,4732.52
8192,1024,4,32,4733.41
8192,1024,4,64,4735.45
8192,1024,4,128,4738.5
8192,1024,4,256,4744
8192,1024,4,512,4748.49
8192,1024,4,1024,4762.59
8192,1024,4,2048,4791.44
8192,1024,4,4096,4847.56
8192,1024,4,8192,4961.62
8192,1024,4,16384,5344.09
8192,1024,4,32768,6073.96
8192,1024,4,65536,7585.29
8192,1024,8,16,4804.6
8192,1024,8,32,4802.23
8192,1024,8,64,4804.23
8192,1024,8,128,4808.65
8192,1024,8,256,4816.22
8192,1024,8,512,4832.71
8192,1024,8,1024,4860.35
8192,1024,8,2048,4918.03
8192,1024,8,4096,5033.96
8192,1024,8,8192,5259.82
8192,1024,8,16384,5859.85
8192,1024,8,32768,7111.44
8192,1024,8,65536,10736.7
8192,1024,16,16,4937.14
8192,1024,16,32,4935
8192,1024,16,64,4935.13
8192,1024,16,128,4949.54
8192,1024,16,256,4964.55
8192,1024,16,512,4992.94
8192,1024,16,1024,5048.23
8192,1024,16,2048,5163.06
8192,1024,16,4096,5390.89
8192,1024,16,8192,5855.23
8192,1024,16,16384,7001.62
8192,1024,16,32768,11785.8
8192,1024,16,65536,22987.7
8192,1024,32,16,5204.35
8192,1024,32,32,5205.22
8192,1024,32,64,5202.38
8192,1024,32,128,5234.61
8192,1024,32,256,5259.29
8192,1024,32,512,5318.67
8192,1024,32,1024,5427.04
8192,1024,32,2048,5657.27
8192,1024,32,4096,6114.36
8192,1024,32,8192,7148.25
8192,1024,32,16384,11857.5
8192,1024,32,32768,23156.6
8192,1024,32,65536,45382.8
8192,1024,64,16,5729.94
8192,1024,64,32,5730.66
8192,1024,64,64,5727.87
8192,1024,64,128,5788.95
8192,1024,64,256,5845.21
8192,1024,64,512,5942.14
8192,1024,64,1024,6166.27
8192,1024,64,2048,6627.2
8192,1024,64,4096,7684.76
8192,1024,64,8192,11831.8
8192,1024,64,16384,23117.6
8192,1024,64,32768,45494.8
8192,1024,64,65536,90193.4
8192,1024,128,16,6793.35
8192,1024,128,32,6800.16
8192,1024,128,64,6799.99
8192,1024,128,128,6906.82
8192,1024,128,256,7020.97
8192,1024,128,512,7235.92
8192,1024,128,1024,7676.28
8192,1024,128,2048,8708
8192,1024,128,4096,12332.7
8192,1024,128,8192,23084.7
8192,1024,128,16384,45472.3
8192,1024,128,32768,90129.6
8192,1024,128,65536,179400
8192,2048,0,0,5538.5
8192,2048,1,16,5558.17
8192,2048,1,32,5555.55
8192,2048,1,64,5559.47
8192,2048,1,128,5558.23
8192,2048,1,256,5554.78
8192,2048,1,512,5562.99
8192,2048,1,1024,5565.06
8192,2048,1,2048,5573.93
8192,2048,1,4096,5585.83
8192,2048,1,8192,5611.84
8192,2048,1,16384,5794.73
8192,2048,1,32768,6224.96
8192,2048,1,65536,7074.01
8192,2048,2,16,5574.3
8192,2048,2,32,5571.72
8192,2048,2,64,5574.58
8192,2048,2,128,5575.71
8192,2048,2,256,5575.07
8192,2048,2,512,5583.12
8192,2048,2,1024,5589.22
8192,2048,2,2048,5601.11
8192,2048,2,4096,5630.04
8192,2048,2,8192,5686.32
8192,2048,2,16384,5929.81
8192,2048,2,32768,6464.11
8192,2048,2,65536,7502.89
8192,2048,4,16,5607.79
8192,2048,4,32,5604.95
8192,2048,4,64,5606.99
8192,2048,4,128,5607.99
8192,2048,4,256,5614.55
8192,2048,4,512,5622.76
8192,2048,4,1024,5634.22
8192,2048,4,2048,5663.71
8192,2048,4,4096,5723.31
8192,2048,4,8192,5834.63
8192,2048,4,16384,6194.25
8192,2048,4,32768,6939.26
8192,2048,4,65536,8471.06
8192,2048,8,16,5679.72
8192,2048,8,32,5676.71
8192,2048,8,64,5679.34
8192,2048,8,128,5687.1
8192,2048,8,256,5691.73
8192,2048,8,512,5707.18
8192,2048,8,1024,5736.02
8192,2048,8,2048,5792.15
8192,2048,8,4096,5906.92
8192,2048,8,8192,6129.99
8192,2048,8,16384,6725.9
8192,2048,8,32768,7997.06
8192,2048,8,65536,11590.2
8192,2048,16,16,5809.37
8192,2048,16,32,5811.52
8192,2048,16,64,5815.06
8192,2048,16,128,5825.75
8192,2048,16,256,5840.59
8192,2048,16,512,5864.84
8192,2048,16,1024,5922.72
8192,2048,16,2048,6038.41
8192,2048,16,4096,6268.86
8192,2048,16,8192,6716.29
8192,2048,16,16384,7868.57
8192,2048,16,32768,11966
8192,2048,16,65536,23151.4
8192,2048,32,16,6088.5
8192,2048,32,32,6086.65
8192,2048,32,64,6085.09
8192,2048,32,128,6116.45
8192,2048,32,256,6141.31
8192,2048,32,512,6198.68
8192,2048,32,1024,6304.67
8192,2048,32,2048,6533.81
8192,2048,32,4096,6990.25
8192,2048,32,8192,8015.62
8192,2048,32,16384,11865.3
8192,2048,32,32768,23199.2
8192,2048,32,65536,45554.4
8192,2048,64,16,6601.91
8192,2048,64,32,6612.01
8192,2048,64,64,6607.77
8192,2048,64,128,6658.85
8192,2048,64,256,6716.31
8192,2048,64,512,6813.75
8192,2048,64,1024,7037.55
8192,2048,64,2048,7502.34
8192,2048,64,4096,8550.84
8192,2048,64,8192,11923.3
8192,2048,64,16384,23096.1
8192,2048,64,32768,45527
8192,2048,64,65536,90216.9
8192,2048,128,16,7677.8
8192,2048,128,32,7671.67
8192,2048,128,64,7668.84
8192,2048,128,128,7778.15
8192,2048,128,256,7888.22
8192,2048,128,512,8110.83
8192,2048,128,1024,8551.46
8192,2048,128,2048,9591.59
8192,2048,128,4096,12948.6
8192,2048,128,8192,23062.8
8192,2048,128,16384,45490.9
8192,2048,128,32768,90154.9
8192,2048,128,65536,179436
8192,4096,0,0,7280.43
8192,4096,1,16,7301.27
8192,4096,1,32,7301.53
8192,4096,1,64,7303.74
8192,4096,1,128,7304.12
8192,4096,1,256,7305.88
8192,4096,1,512,7306.07
8192,4096,1,1024,7308.5
8192,4096,1,2048,7318.54
8192,4096,1,4096,7328.73
8192,4096,1,8192,7357.79
8192,4096,1,16384,7503.02
8192,4096,1,32768,7931.8
8192,4096,1,65536,8786.29
8192,4096,2,16,7317.41
8192,4096,2,32,7320.74
8192,4096,2,64,7321.39
8192,4096,2,128,7324.42
8192,4096,2,256,7323.67
8192,4096,2,512,7328.81
8192,4096,2,1024,7332.26
8192,4096,2,2048,7346.26
8192,4096,2,4096,7372.42
8192,4096,2,8192,7433.36
8192,4096,2,16384,7636.32
8192,4096,2,32768,8178.48
8192,4096,2,65536,9237.48
8192,4096,4,16,7353.98
8192,4096,4,32,7356.45
8192,4096,4,64,7356.67
8192,4096,4,128,7360.59
8192,4096,4,256,7361.23
8192,4096,4,512,7368.92
8192,4096,4,1024,7383.24
8192,4096,4,2048,7407.94
8192,4096,4,4096,7468.82
8192,4096,4,8192,7580.44
8192,4096,4,16384,7901.49
8192,4096,4,32768,8665.07
8192,4096,4,65536,10218.1
8192,4096,8,16,7429.66
8192,4096,8,32,7429.42
8192,4096,8,64,7430.52
8192,4096,8,128,7440.01
8192,4096,8,256,7445.62
8192,4096,8,512,7459.63
8192,4096,8,1024,7487.76
8192,4096,8,2048,7545.65
8192,4096,8,4096,7652.92
8192,4096,8,8192,7881.65
8192,4096,8,16384,8446.25
8192,4096,8,32768,9734.18
8192,4096,8,65536,12734.1
8192,4096,16,16,7561.59
8192,4096,16,32,7563.72
8192,4096,16,64,7563.12
8192,4096,16,128,7574.52
8192,4096,16,256,7591.23
8192,4096,16,512,7618.41
8192,4096,16,1024,7674.96
8192,4096,16,2048,7791.57
8192,4096,16,4096,8009.57
8192,4096,16,8192,8474.42
8192,4096,16,16384,9606.51
8192,4096,16,32768,12478.3
8192,4096,16,65536,23308.9
8192,4096,32,16,7821.75
8192,4096,32,32,7823.41
8192,4096,32,64,7821.71
8192,4096,32,128,7848.74
8192,4096,32,256,7878.03
8192,4096,32,512,7936.23
8192,4096,32,1024,8049.5
8192,4096,32,2048,8268.11
8192,4096,32,4096,8747.99
8192,4096,32,8192,9766.19
8192,4096,32,16384,12416.1
8192,4096,32,32768,23230.3
8192,4096,32,65536,45732.5
8192,4096,64,16,8339.05
8192,4096,64,32,8348.58
8192,4096,64,64,8334.4
8192,4096,64,128,8403.36
8192,4096,64,256,8450
8192,4096,64,512,8560.29
8192,4096,64,1024,8782.72
8192,4096,64,2048,9235.81
8192,4096,64,4096,10276.1
8192,4096,64,8192,12609.7
8192,4096,64,16384,23105.1
8192,4096,64,32768,45571.5
8192,4096,64,65536,90259
8192,4096,128,16,9401.53
8192,4096,128,32,9417.76
8192,4096,128,64,9420.25
8192,4096,128,128,9524.62
8192,4096,128,256,9642.57
8192,4096,128,512,9847.66
8192,4096,128,1024,10296.3
8192,4096,128,2048,11331.6
8192,4096,128,4096,14285.9
8192,4096,128,8192,23104.6
8192,4096,128,16384,45559.2
8192,4096,128,32768,90191.9
8192,4096,128,65536,179476
8192,8192,0,0,10788.2
8192,8192,1,16,10811.8
8192,8192,1,32,10811.1
8192,8192,1,64,10811.1
8192,8192,1,128,10812.2
8192,8192,1,256,10813.2
8192,8192,1,512,10814.5
8192,8192,1,1024,10817.4
8192,8192,1,2048,10822.8
8192,8192,1,4096,10838.8
8192,8192,1,8192,10866.6
8192,8192,1,16384,10939.1
8192,8192,1,32768,11361.2
8192,8192,1,65536,12237.9
8192,8192,2,16,10828.8
8192,8192,2,32,10830.2
8192,8192,2,64,10831.5
8192,8192,2,128,10827.4
8192,8192,2,256,10830.6
8192,8192,2,512,10832.8
8192,8192,2,1024,10843.8
8192,8192,2,2048,10852.4
8192,8192,2,4096,10885.1
8192,8192,2,8192,10942.8
8192,8192,2,16384,11082.8
8192,8192,2,32768,11629.2
8192,8192,2,65536,12695.5
8192,8192,4,16,10862.1
8192,8192,4,32,10866.6
8192,8192,4,64,10865.5
8192,8192,4,128,10866.3
8192,8192,4,256,10872.8
8192,8192,4,512,10875.8
8192,8192,4,1024,10895.4
8192,8192,4,2048,10917.2
8192,8192,4,4096,10974.7
8192,8192,4,8192,11092.1
8192,8192,4,16384,11354.8
8192,8192,4,32768,12115.6
8192,8192,4,65536,13711.9
8192,8192,8,16,10938.9
8192,8192,8,32,10934.1
8192,8192,8,64,10937.3
8192,8192,8,128,10943
8192,8192,8,256,10950.1
8192,8192,8,512,10963.2
8192,8192,8,1024,10992.4
8192,8192,8,2048,11046.6
8192,8192,8,4096,11166
8192,8192,8,8192,11400.4
8192,8192,8,16384,11901.6
8192,8192,8,32768,13233.4
8192,8192,8,65536,15896.8
8192,8192,16,16,11061.5
8192,8192,16,32,11064
8192,8192,16,64,11065.3
8192,8192,16,128,11079.4
8192,8192,16,256,11090.4
8192,8192,16,512,11122.4
8192,8192,16,1024,11176.4
8192,8192,16,2048,11292.9
8192,8192,16,4096,11522.5
8192,8192,16,8192,11994.4
8192,8192,16,16384,13080.5
8192,8192,16,32768,15494.3
8192,8192,16,65536,23703.4
8192,8192,32,16,11331.1
8192,8192,32,32,11329
8192,8192,32,64,11331.1
8192,8192,32,128,11354.6
8192,8192,32,256,11383.9
8192,8192,32,512,11439
8192,8192,32,1024,11555.6
8192,8192,32,2048,11782.1
8192,8192,32,4096,12230.5
8192,8192,32,8192,13320.1
8192,8192,32,16384,15548.2
8192,8192,32,32768,23331.6
8192,8192,32,65536,46474
8192,8192,64,16,11827.6
8192,8192,64,32,11822.6
8192,8192,64,64,11826.1
8192,8192,64,128,11884.1
8192,8192,64,256,11940.5
8192,8192,64,512,12047.2
8192,8192,64,1024,12280.5
8192,8192,64,2048,12735.4
8192,8192,64,4096,13784.5
8192,8192,64,8192,16007.9
8192,8192,64,16384,23375.6
8192,8192,64,32768,46210.8
8192,8192,64,65536,90941.3
8192,8192,128,16,12898.7
8192,8192,128,32,12903.4
8192,8192,128,64,12907.9
8192,8192,128,128,13013.5
8192,8192,128,256,13124
8192,8192,128,512,13346.8
8192,8192,128,1024,13794.5
8192,8192,128,2048,14833.5
8192,8192,128,4096,17117.9
8192,8192,128,8192,24805.3
8192,8192,128,16384,46134.6
8192,8192,128,32768,90786.6
8192,8192,128,65536,179890
8192,16384,0,0,17816
8192,16384,1,16,17852.8
8192,16384,1,32,17846.3
8192,16384,1,64,17848.1
8192,16384,1,128,17852.2
8192,16384,1,256,17854.4
8192,16384,1,512,17851.4
8192,16384,1,1024,17859.9
8192,16384,1,2048,17860.7
8192,16384,1,4096,17879.9
8192,16384,1,8192,17907
8192,16384,1,16384,17957.7
8192,16384,1,32768,18260.7
8192,16384,1,65536,19129.8
8192,16384,2,16,17866.7
8192,16384,2,32,17865
8192,16384,2,64,17872
8192,16384,2,128,17871.4
8192,16384,2,256,17871.1
8192,16384,2,512,17870.7
8192,16384,2,1024,17883.3
8192,16384,2,2048,17889.6
8192,16384,2,4096,17919.7
8192,16384,2,8192,17978.4
8192,16384,2,16384,18091.6
8192,16384,2,32768,18515.1
8192,16384,2,65536,19607.6
8192,16384,4,16,17895.6
8192,16384,4,32,17899.8
8192,16384,4,64,17908.4
8192,16384,4,128,17908.2
8192,16384,4,256,17913.2
8192,16384,4,512,17921.4
8192,16384,4,1024,17936.6
8192,16384,4,2048,17964.5
8192,16384,4,4096,18019.9
8192,16384,4,8192,18136.3
8192,16384,4,16384,18363.7
8192,16384,4,32768,19019.3
8192,16384,4,65536,20685
8192,16384,8,16,17985.3
8192,16384,8,32,17987.9
8192,16384,8,64,17982.4
8192,16384,8,128,17989.8
8192,16384,8,256,17996.1
8192,16384,8,512,18014.9
8192,16384,8,1024,18041.6
8192,16384,8,2048,18095.4
8192,16384,8,4096,18212.5
8192,16384,8,8192,18440.3
8192,16384,8,16384,18911.7
8192,16384,8,32768,20201.9
8192,16384,8,65536,22832.3
8192,16384,16,16,18104.4
8192,16384,16,32,18108.3
8192,16384,16,64,18116.5
8192,16384,16,128,18125.4
8192,16384,16,256,18139.9
8192,16384,16,512,18162.9
8192,16384,16,1024,18227.6
8192,16384,16,2048,18340.1
8192,16384,16,4096,18569.9
8192,16384,16,8192,19022.7
8192,16384,16,16384,20090.4
8192,16384,16,32768,22395.4
8192,16384,16,65536,27156.5
8192,16384,32,16,18374
8192,16384,32,32,18376.9
8192,16384,32,64,18375.3
8192,16384,32,128,18410.5
8192,16384,32,256,18430
8192,16384,32,512,18492.9
8192,16384,32,1024,18598.4
8192,16384,32,2048,18824.5
8192,16384,32,4096,19282
8192,16384,32,8192,20337.6
8192,16384,32,16384,22408.6
8192,16384,32,32768,26920.9
8192,16384,32,65536,46834.8
8192,16384,64,16,18852.8
8192,16384,64,32,18854.1
8192,16384,64,64,18864.6
8192,16384,64,128,18914.3
8192,16384,64,256,18973.1
8192,16384,64,512,19080
8192,16384,64,1024,19303.5
8192,16384,64,2048,19758.7
8192,16384,64,4096,20825.1
8192,16384,64,8192,22885.3
8192,16384,64,16384,27203.1
8192,16384,64,32768,46511.7
8192,16384,64,65536,92425.7
8192,16384,128,16,19926.4
8192,16384,128,32,19931.8
8192,16384,128,64,19940.7
8192,16384,128,128,20054.1
8192,16384,128,256,20161
8192,16384,128,512,20389.5
8192,16384,128,1024,20840.4
8192,16384,128,2048,21886.2
8192,16384,128,4096,23935.2
8192,16384,128,8192,28509.5
8192,16384,128,16384,48326.6
8192,16384,128,32768,91998.8
8192,16384,128,65536,181791
8192,32768,0,0,32047.7
8192,32768,1,16,32081.8
8192,32768,1,32,32088.1
8192,32768,1,64,32101.2
8192,32768,1,128,32087.4
8192,32768,1,256,32084.2
8192,32768,1,512,32094.3
8192,32768,1,1024,32093.1
8192,32768,1,2048,32096.6
8192,32768,1,4096,32115.5
8192,32768,1,8192,32132.5
8192,32768,1,16384,32190.5
8192,32768,1,32768,32300.6
8192,32768,1,65536,33074.2
8192,32768,2,16,32097.8
8192,32768,2,32,32100.2
8192,32768,2,64,32103.3
8192,32768,2,128,32110.5
8192,32768,2,256,32113.6
8192,32768,2,512,32110.6
8192,32768,2,1024,32116.2
8192,32768,2,2048,32133.1
8192,32768,2,4096,32159.9
8192,32768,2,8192,32203.8
8192,32768,2,16384,32333
8192,32768,2,32768,32564.8
8192,32768,2,65536,33551.4
8192,32768,4,16,32145.9
8192,32768,4,32,32143.1
8192,32768,4,64,32137.2
8192,32768,4,128,32148.6
8192,32768,4,256,32148
8192,32768,4,512,32156.7
8192,32768,4,1024,32163.2
8192,32768,4,2048,32197.8
8192,32768,4,4096,32262.6
8192,32768,4,8192,32366.2
8192,32768,4,16384,32604
8192,32768,4,32768,33037.1
8192,32768,4,65536,34712.9
8192,32768,8,16,32221.1
8192,32768,8,32,32233.2
8192,32768,8,64,32219
8192,32768,8,128,32231.2
8192,32768,8,256,32240.4
8192,32768,8,512,32247
8192,32768,8,1024,32280.2
8192,32768,8,2048,32336.2
8192,32768,8,4096,32463.7
8192,32768,8,8192,32690.8
8192,32768,8,16384,33146.8
8192,32768,8,32768,34224.4
8192,32768,8,65536,36825.5
8192,32768,16,16,32344.2
8192,32768,16,32,32343.1
8192,32768,16,64,32339.4
8192,32768,16,128,32356.8
8192,32768,16,256,32371.8
8192,32768,16,512,32400.9
8192,32768,16,1024,32467.9
8192,32768,16,2048,32575.6
8192,32768,16,4096,32804.3
8192,32768,16,8192,33264.8
8192,32768,16,16384,34338.8
8192,32768,16,32768,36365
8192,32768,16,65536,40998
8192,32768,32,16,32610.5
8192,32768,32,32,32612.6
8192,32768,32,64,32611.2
8192,32768,32,128,32640.3
8192,32768,32,256,32666.1
8192,32768,32,512,32728
8192,32768,32,1024,32843.1
8192,32768,32,2048,33078.6
8192,32768,32,4096,33537
8192,32768,32,8192,34621.1
8192,32768,32,16384,36609.2
8192,32768,32,32768,40791.9
8192,32768,32,65536,49983.1
8192,32768,64,16,33106.1
8192,32768,64,32,33101.8
8192,32768,64,64,33105.2
8192,32768,64,128,33155.1
8192,32768,64,256,33211.3
8192,32768,64,512,33335.8
8192,32768,64,1024,33566.6
8192,32768,64,2048,34036.1
8192,32768,64,4096,35112.8
8192,32768,64,8192,37135.5
8192,32768,64,16384,41235.6
8192,32768,64,32768,49934.8
8192,32768,64,65536,93288.8
8192,32768,128,16,34204.6
8192,32768,128,32,34205.8
8192,32768,128,64,34213.5
8192,32768,128,128,34331.9
8192,32768,128,256,34447.3
8192,32768,128,512,34665
8192,32768,128,1024,35124.7
8192,32768,128,2048,36191.6
8192,32768,128,4096,38175.2
8192,32768,128,8192,42180.6
8192,32768,128,16384,51997.7
8192,32768,128,32768,95142.8
8192,32768,128,65536,184552
8192,65536,0,0,61339.4
8192,65536,1,16,61346.5
8192,65536,1,32,61346.2
8192,65536,1,64,61337.4
8192,65536,1,128,61336.9
8192,65536,1,256,61349.9
8192,65536,1,512,61337.7
8192,65536,1,1024,61334.9
8192,65536,1,2048,61362.7
8192,65536,1,4096,61370.5
8192,65536,1,8192,61399.5
8192,65536,1,16384,61437.6
8192,65536,1,32768,61496.6
8192,65536,1,65536,61654
8192,65536,2,16,61367.8
8192,65536,2,32,61369.3
8192,65536,2,64,61347
8192,65536,2,128,61352
8192,65536,2,256,61359.7
8192,65536,2,512,61362.5
8192,65536,2,1024,61373.8
8192,65536,2,2048,61386.1
8192,65536,2,4096,61409.5
8192,65536,2,8192,61465.4
8192,65536,2,16384,61557
8192,65536,2,32768,61791.6
8192,65536,2,65536,62421.7
8192,65536,4,16,61386.4
8192,65536,4,32,61374.3
8192,65536,4,64,61382.9
8192,65536,4,128,61378.5
8192,65536,4,256,61396.9
8192,65536,4,512,61405.7
8192,65536,4,1024,61416.3
8192,65536,4,2048,61434.4
8192,65536,4,4096,61505.2
8192,65536,4,8192,61602.2
8192,65536,4,16384,61805.5
8192,65536,4,32768,62296.2
8192,65536,4,65536,63167.3
8192,65536,8,16,61444.6
8192,65536,8,32,61439.8
8192,65536,8,64,61442.8
8192,65536,8,128,61442
8192,65536,8,256,61458.9
8192,65536,8,512,61474.6
8192,65536,8,1024,61498
8192,65536,8,2048,61552.6
8192,65536,8,4096,61673.7
8192,65536,8,8192,61891.9
8192,65536,8,16384,62317.7
8192,65536,8,32768,63478
8192,65536,8,65536,65634.6
8192,65536,16,16,61526.8
8192,65536,16,32,61538.6
8192,65536,16,64,61531.5
8192,65536,16,128,61547
8192,65536,16,256,61553.8
8192,65536,16,512,61595.9
8192,65536,16,1024,61648.5
8192,65536,16,2048,61766.5
8192,65536,16,4096,61975.5
8192,65536,16,8192,62444.8
8192,65536,16,16384,63529.5
8192,65536,16,32768,65512.6
8192,65536,16,65536,69786.8
8192,65536,32,16,61766
8192,65536,32,32,61765
8192,65536,32,64,61765.8
8192,65536,32,128,61796.2
8192,65536,32,256,61832.8
8192,65536,32,512,61886.6
8192,65536,32,1024,62016
8192,65536,32,2048,62235.6
8192,65536,32,4096,62721.9
8192,65536,32,8192,63841.2
8192,65536,32,16384,65805.2
8192,65536,32,32768,69846.3
8192,65536,32,65536,78251.9
8192,65536,64,16,62366
8192,65536,64,32,62367.4
8192,65536,64,64,62359.8
8192,65536,64,128,62425
8192,65536,64,256,62484
8192,65536,64,512,62595.9
8192,65536,64,1024,62832.2
8192,65536,64,2048,63314.3
8192,65536,64,4096,64442.2
8192,65536,64,8192,66432.3
8192,65536,64,16384,70425.9
8192,65536,64,32768,78745.7
8192,65536,64,65536,99245.9
8192,65536,128,16,63472.7
8192,65536,128,32,63470.7
8192,65536,128,64,63473.4
8192,65536,128,128,63591.7
8192,65536,128,256,63720
8192,65536,128,512,63949.1
8192,65536,128,1024,64423.4
8192,65536,128,2048,65509.2
8192,65536,128,4096,67518.6
8192,65536,128,8192,71429.7
8192,65536,128,16384,79568.5
8192,65536,128,32768,102117
8192,65536,128,65536,189762
16384,0,0,0,14530.5
16384,0,1,16,14563.3
16384,0,1,32,14562.6
16384,0,1,64,14567.4
16384,0,1,128,14562.6
16384,0,1,256,14567.3
16384,0,1,512,14571.6
16384,0,1,1024,14572
16384,0,1,2048,14581.9
16384,0,1,4096,14595
16384,0,1,8192,14617.5
16384,0,1,16384,14683.3
16384,0,1,32768,15122.9
16384,0,1,65536,15987.4
16384,0,2,16,14595.7
16384,0,2,32,14595.7
16384,0,2,64,14598.1
16384,0,2,128,14596.8
16384,0,2,256,14593.1
16384,0,2,512,14604
16384,0,2,1024,14608
16384,0,2,2048,14621.6
16384,0,2,4096,14649
16384,0,2,8192,14704.4
16384,0,2,16384,14839.6
16384,0,2,32768,15384.3
16384,0,2,65536,16466.4
16384,0,4,16,14651.5
16384,0,4,32,14650.1
16384,0,4,64,14654.3
16384,0,4,128,14659.9
16384,0,4,256,14662
16384,0,4,512,14666.8
16384,0,4,1024,14685.1
16384,0,4,2048,14707.3
16384,0,4,4096,14770.8
16384,0,4,8192,14878
16384,0,4,16384,15138.9
16384,0,4,32768,15903.3
16384,0,4,65536,17546.8
16384,0,8,16,14778.9
16384,0,8,32,14773.9
16384,0,8,64,14779.9
16384,0,8,128,14786
16384,0,8,256,14795.3
16384,0,8,512,14807
16384,0,8,1024,14838.5
16384,0,8,2048,14890.7
16384,0,8,4096,15006.6
16384,0,8,8192,15229.4
16384,0,8,16384,15737.9
16384,0,8,32768,17083.3
16384,0,8,65536,19732.4
16384,0,16,16,15036.1
16384,0,16,32,15039.2
16384,0,16,64,15037.6
16384,0,16,128,15049.8
16384,0,16,256,15063.4
16384,0,16,512,15091.3
16384,0,16,1024,15150.8
16384,0,16,2048,15263.4
16384,0,16,4096,15482.9
16384,0,16,8192,15937.3
16384,0,16,16384,17062.3
16384,0,16,32768,19416.9
16384,0,16,65536,25027.8
16384,0,32,16,15545
16384,0,32,32,15547.9
16384,0,32,64,15546.9
16384,0,32,128,15575.2
16384,0,32,256,15603.9
16384,0,32,512,15657.5
16384,0,32,1024,15768.5
16384,0,32,2048,15991.6
16384,0,32,4096,16436.5
16384,0,32,8192,17475.8
16384,0,32,16384,19656.8
16384,0,32,32768,24843.5
16384,0,32,65536,46463.2
16384,0,64,16,16554.5
16384,0,64,32,16555.6
16384,0,64,64,16552.3
16384,0,64,128,16607.5
16384,0,64,256,16659.1
16384,0,64,512,16768.1
16384,0,64,1024,16986.1
16384,0,64,2048,17429.8
16384,0,64,4096,18468
16384,0,64,8192,20616
16384,0,64,16384,25168.5
16384,0,64,32768,46222.6
16384,0,64,65536,91055.1
16384,0,128,16,18576.8
16384,0,128,32,18584.3
16384,0,128,64,18584.8
16384,0,128,128,18690.8
16384,0,128,256,18808.4
16384,0,128,512,19020.1
16384,0,128,1024,19462.7
16384,0,128,2048,20503
16384,0,128,4096,22721.7
16384,0,128,8192,28921.3
16384,0,128,16384,46256.4
16384,0,128,32768,90987.2
16384,0,128,65536,180281
16384,16,0,0,14635.4
16384,16,1,16,14677.5
16384,16,1,32,14673.6
16384,16,1,64,14674.7
16384,16,1,128,14674
16384,16,1,256,14676.2
16384,16,1,512,14678
16384,16,1,1024,14678.9
16384,16,1,2048,14689.5
16384,16,1,4096,14702.6
16384,16,1,8192,14727.5
16384,16,1,16384,14798.1
16384,16,1,32768,15228.9
16384,16,1,65536,16092.9
16384,16,2,16,14702.4
16384,16,2,32,14704.1
16384,16,2,64,14703.2
16384,16,2,128,14706.8
16384,16,2,256,14710.8
16384,16,2,512,14710.5
16384,16,2,1024,14720.1
16384,16,2,2048,14730.8
16384,16,2,4096,14763.3
16384,16,2,8192,14814.6
16384,16,2,16384,14947.8
16384,16,2,32768,15491.6
16384,16,2,65536,16571.5
16384,16,4,16,14762.7
16384,16,4,32,14763
16384,16,4,64,14761.6
16384,16,4,128,14764.2
16384,16,4,256,14766.1
16384,16,4,512,14774.5
16384,16,4,1024,14787.5
16384,16,4,2048,14818.1
16384,16,4,4096,14877.4
16384,16,4,8192,14984.5
16384,16,4,16384,15249.5
16384,16,4,32768,16009.9
16384,16,4,65536,17654
16384,16,8,16,14888
16384,16,8,32,14896.8
16384,16,8,64,14890.1
16384,16,8,128,14897.6
16384,16,8,256,14911
16384,16,8,512,14921.6
16384,16,8,1024,14954.2
16384,16,8,2048,15003.7
16384,16,8,4096,15123.7
16384,16,8,8192,15349.4
16384,16,8,16384,15853.5
16384,16,8,32768,17197.3
16384,16,8,65536,19848.6
16384,16,16,16,15153.8
16384,16,16,32,15155.1
16384,16,16,64,15159.6
16384,16,16,128,15170.7
16384,16,16,256,15179.9
16384,16,16,512,15210.7
16384,16,16,1024,15270.9
16384,16,16,2048,15377.4
16384,16,16,4096,15609.8
16384,16,16,8192,16052.5
16384,16,16,16384,17172.7
16384,16,16,32768,19533.2
16384,16,16,65536,25085.7
16384,16,32,16,15664.1
16384,16,32,32,15670.5
16384,16,32,64,15664.9
16384,16,32,128,15693.5
16384,16,32,256,15715.1
16384,16,32,512,15775.2
16384,16,32,1024,15884.1
16384,16,32,2048,16106
16384,16,32,4096,16559.7
16384,16,32,8192,17594.9
16384,16,32,16384,19771.8
16384,16,32,32768,24904.3
16384,16,32,65536,46457.8
16384,16,64,16,16675.3
16384,16,64,32,16670.6
16384,16,64,64,16663
16384,16,64,128,16729.4
16384,16,64,256,16769.6
16384,16,64,512,16880.2
16384,16,64,1024,17101.2
16384,16,64,2048,17544.6
16384,16,64,4096,18578.2
16384,16,64,8192,20724.4
16384,16,64,16384,25261.5
16384,16,64,32768,46222.7
16384,16,64,65536,91049.4
16384,16,128,16,18691.1
16384,16,128,32,18690.9
16384,16,128,64,18694.7
16384,16,128,128,18800.5
16384,16,128,256,18914.1
16384,16,128,512,19122.6
16384,16,128,1024,19574
16384,16,128,2048,20610.6
16384,16,128,4096,22827.2
16384,16,128,8192,28995.3
16384,16,128,16384,46268.6
16384,16,128,32768,90974.7
16384,16,128,65536,180293
16384,32,0,0,14640.3
16384,32,1,16,14672.4
16384,32,1,32,14679.6
16384,32,1,64,14672.8
16384,32,1,128,14673
16384,32,1,256,14679.6
16384,32,1,512,14678.1
16384,32,1,1024,14682
16384,32,1,2048,14688
16384,32,1,4096,14704.6
16384,32,1,8192,14730
16384,32,1,16384,14794.7
16384,32,1,32768,15233.4
16384,32,1,65536,16095.3
16384,32,2,16,14700.3
16384,32,2,32,14705.1
16384,32,2,64,14707.3
16384,32,2,128,14704.6
16384,32,2,256,14705.5
16384,32,2,512,14710.4
16384,32,2,1024,14719.2
16384,32,2,2048,14727.8
16384,32,2,4096,14761.3
16384,32,2,8192,14814.5
16384,32,2,16384,14950.6
16384,32,2,32768,15496.1
16384,32,2,65536,16576.8
16384,32,4,16,14759.4
16384,32,4,32,14761
16384,32,4,64,14762.1
16384,32,4,128,14763
16384,32,4,256,14767.3
16384,32,4,512,14776.5
16384,32,4,1024,14787.5
16384,32,4,2048,14816.6
16384,32,4,4096,14876
16384,32,4,8192,14985.5
16384,32,4,16384,15250.2
16384,32,4,32768,16010
16384,32,4,65536,17663.2
16384,32,8,16,14895.1
16384,32,8,32,14889.2
16384,32,8,64,14893.2
16384,32,8,128,14895.9
16384,32,8,256,14902.5
16384,32,8,512,14920.5
16384,32,8,1024,14949.6
16384,32,8,2048,15001
16384,32,8,4096,15115.1
16384,32,8,8192,15338.5
16384,32,8,16384,15849.1
16384,32,8,32768,17192
16384,32,8,65536,19848.3
16384,32,16,16,15158.8
16384,32,16,32,15154
16384,32,16,64,15159.5
16384,32,16,128,15164.9
16384,32,16,256,15180.5
16384,32,16,512,15210.6
16384,32,16,1024,15257.8
16384,32,16,2048,15372.2
16384,32,16,4096,15605.9
16384,32,16,8192,16047.9
16384,32,16,16384,17189.3
16384,32,16,32768,19536.5
16384,32,16,65536,25084.3
16384,32,32,16,15667.4
16384,32,32,32,15655.9
16384,32,32,64,15655.7
16384,32,32,128,15683.4
16384,32,32,256,15716.5
16384,32,32,512,15767.6
16384,32,32,1024,15882.9
16384,32,32,2048,16103.6
16384,32,32,4096,16554.4
16384,32,32,8192,17581.2
16384,32,32,16384,19773.4
16384,32,32,32768,24901.8
16384,32,32,65536,46462.1
16384,32,64,16,16668.8
16384,32,64,32,16660.9
16384,32,64,64,16662.6
16384,32,64,128,16716.8
16384,32,64,256,16770.3
16384,32,64,512,16874.3
16384,32,64,1024,17093
16384,32,64,2048,17538.3
16384,32,64,4096,18584.9
16384,32,64,8192,20725.1
16384,32,64,16384,25251.8
16384,32,64,32768,46223.2
16384,32,64,65536,91051.1
16384,32,128,16,18688
16384,32,128,32,18698.9
16384,32,128,64,18693
16384,32,128,128,18801.1
16384,32,128,256,18913.8
16384,32,128,512,19128.7
16384,32,128,1024,19574
16384,32,128,2048,20616.2
16384,32,128,4096,22830.2
16384,32,128,8192,28996.8
16384,32,128,16384,46270.3
16384,32,128,32768,90986.5
16384,32,128,65536,180300
16384,64,0,0,14636.2
16384,64,1,16,14673.2
16384,64,1,32,14672.1
16384,64,1,64,14674.1
16384,64,1,128,14669.7
16384,64,1,256,14674.7
16384,64,1,512,14673.6
16384,64,1,1024,14681.1
16384,64,1,2048,14691.7
16384,64,1,4096,14709.1
16384,64,1,8192,14730.8
16384,64,1,16384,14796
16384,64,1,32768,15220
16384,64,1,65536,16088.9
16384,64,2,16,14705
16384,64,2,32,14704.8
16384,64,2,64,14699.5
16384,64,2,128,14704
16384,64,2,256,14710
16384,64,2,512,14710.2
16384,64,2,1024,14718.2
16384,64,2,2048,14735.7
16384,64,2,4096,14760.8
16384,64,2,8192,14816.6
16384,64,2,16384,14951.9
16384,64,2,32768,15491.8
16384,64,2,65536,16576.5
16384,64,4,16,14760.2
16384,64,4,32,14768.4
16384,64,4,64,14761.1
16384,64,4,128,14766.8
16384,64,4,256,14772.5
16384,64,4,512,14777.1
16384,64,4,1024,14789.6
16384,64,4,2048,14820.6
16384,64,4,4096,14877.2
16384,64,4,8192,14982.9
16384,64,4,16384,15249
16384,64,4,32768,16009.2
16384,64,4,65536,17656.7
16384,64,8,16,14887.6
16384,64,8,32,14885.3
16384,64,8,64,14888.3
16384,64,8,128,14896.8
16384,64,8,256,14902
16384,64,8,512,14925.8
16384,64,8,1024,14942.7
16384,64,8,2048,15003
16384,64,8,4096,15119.6
16384,64,8,8192,15335.7
16384,64,8,16384,15850.9
16384,64,8,32768,17194.6
16384,64,8,65536,19844
16384,64,16,16,15157
16384,64,16,32,15153.9
16384,64,16,64,15159.3
16384,64,16,128,15166.3
16384,64,16,256,15180.5
16384,64,16,512,15210.7
16384,64,16,1024,15259.4
16384,64,16,2048,15378.2
16384,64,16,4096,15607.3
16384,64,16,8192,16047.8
16384,64,16,16384,17186.9
16384,64,16,32768,19527.1
16384,64,16,65536,25086.5
16384,64,32,16,15658.7
16384,64,32,32,15659.2
16384,64,32,64,15658.1
16384,64,32,128,15685.8
16384,64,32,256,15723.6
16384,64,32,512,15765
16384,64,32,1024,15882.7
16384,64,32,2048,16098.9
16384,64,32,4096,16554.3
16384,64,32,8192,17582.8
16384,64,32,16384,19763.5
16384,64,32,32768,24893.2
16384,64,32,65536,46463.1
16384,64,64,16,16667.1
16384,64,64,32,16663.5
16384,64,64,64,16660.7
16384,64,64,128,16719.5
16384,64,64,256,16767.2
16384,64,64,512,16877.2
16384,64,64,1024,17091.4
16384,64,64,2048,17544.6
16384,64,64,4096,18580
16384,64,64,8192,20728.5
16384,64,64,16384,25261.4
16384,64,64,32768,46223.5
16384,64,64,65536,91063
16384,64,128,16,18694.9
16384,64,128,32,18693.4
16384,64,128,64,18696.2
16384,64,128,128,18803.2
16384,64,128,256,18920.4
16384,64,128,512,19135.7
16384,64,128,1024,19577.1
16384,64,128,2048,20607.7
16384,64,128,4096,22826.3
16384,64,128,8192,28995.3
16384,64,128,16384,46270
16384,64,128,32768,90990.2
16384,64,128,65536,180299
16384,128,0,0,14750.5
16384,128,1,16,14784.5
16384,128,1,32,14784.2
16384,128,1,64,14781.4
16384,128,1,128,14779.9
16384,128,1,256,14786.1
16384,128,1,512,14785.3
16384,128,1,1024,14788.2
16384,128,1,2048,14794.3
16384,128,1,4096,14815.9
16384,128,1,8192,14836.8
16384,128,1,16384,14900.7
16384,128,1,32768,15335.7
16384,128,1,65536,16197.9
16384,128,2,16,14813.2
16384,128,2,32,14808.9
16384,128,2,64,14809.4
16384,128,2,128,14812.6
16384,128,2,256,14814.1
16384,128,2,512,14816.1
16384,128,2,1024,14823.5
16384,128,2,2048,14835.1
16384,128,2,4096,14865.7
16384,128,2,8192,14921.7
16384,128,2,16384,15056.3
16384,128,2,32768,15601.6
16384,128,2,65536,16681.3
16384,128,4,16,14871.4
16384,128,4,32,14867.8
16384,128,4,64,14871.3
16384,128,4,128,14874.8
16384,128,4,256,14875.3
16384,128,4,512,14886.5
16384,128,4,1024,14901.4
16384,128,4,2048,14923.4
16384,128,4,4096,14986.6
16384,128,4,8192,15095.7
16384,128,4,16384,15354.1
16384,128,4,32768,16123.4
16384,128,4,65536,17764.9
16384,128,8,16,14998.9
16384,128,8,32,15002.7
16384,128,8,64,14998.9
16384,128,8,128,15006.9
16384,128,8,256,15016.9
16384,128,8,512,15029.2
16384,128,8,1024,15056.4
16384,128,8,2048,15109.3
16384,128,8,4096,15224.4
16384,128,8,8192,15453.5
16384,128,8,16384,15965
16384,128,8,32768,17309
16384,128,8,65536,19952
16384,128,16,16,15260.2
16384,128,16,32,15258.7
16384,128,16,64,15256.5
16384,128,16,128,15272.1
16384,128,16,256,15284.9
16384,128,16,512,15322.6
16384,128,16,1024,15377.3
16384,128,16,2048,15478.1
16384,128,16,4096,15715.4
16384,128,16,8192,16158.3
16384,128,16,16384,17276.6
16384,128,16,32768,19638.9
16384,128,16,65536,25148.1
16384,128,32,16,15770.8
16384,128,32,32,15764.4
16384,128,32,64,15769.2
16384,128,32,128,15801.3
16384,128,32,256,15835.8
16384,128,32,512,15882.9
16384,128,32,1024,15986.5
16384,128,32,2048,16205.9
16384,128,32,4096,16659.9
16384,128,32,8192,17691.3
16384,128,32,16384,19871.7
16384,128,32,32768,24945.5
16384,128,32,65536,46462.8
16384,128,64,16,16776
16384,128,64,32,16768.4
16384,128,64,64,16771.4
16384,128,64,128,16826.1
16384,128,64,256,16877.2
16384,128,64,512,16981.6
16384,128,64,1024,17205.9
16384,128,64,2048,17648.7
16384,128,64,4096,18691
16384,128,64,8192,20832.8
16384,128,64,16384,25345.8
16384,128,64,32768,46228.5
16384,128,64,65536,91059.1
16384,128,128,16,18799.5
16384,128,128,32,18804
16384,128,128,64,18811.7
16384,128,128,128,18909.7
16384,128,128,256,19025.3
16384,128,128,512,19241.2
16384,128,128,1024,19688.4
16384,128,128,2048,20722.6
16384,128,128,4096,22935.1
16384,128,128,8192,29085
16384,128,128,16384,46297.4
16384,128,128,32768,90983.3
16384,128,128,65536,180301
16384,256,0,0,14964.3
16384,256,1,16,14999.4
16384,256,1,32,15000.9
16384,256,1,64,14997.1
16384,256,1,128,15000.8
16384,256,1,256,15001.2
16384,256,1,512,15000.7
16384,256,1,1024,15006.9
16384,256,1,2048,15012.1
16384,256,1,4096,15031.8
16384,256,1,8192,15053.9
16384,256,1,16384,15116.5
16384,256,1,32768,15548.9
16384,256,1,65536,16418.3
16384,256,2,16,15024.9
16384,256,2,32,15026.5
16384,256,2,64,15028.8
16384,256,2,128,15031
16384,256,2,256,15027.6
16384,256,2,512,15039.3
16384,256,2,1024,15038.5
16384,256,2,2048,15058.9
16384,256,2,4096,15085.2
16384,256,2,8192,15139.1
16384,256,2,16384,15273.7
16384,256,2,32768,15816.9
16384,256,2,65536,16901.8
16384,256,4,16,15085.8
16384,256,4,32,15089.1
16384,256,4,64,15085.7
16384,256,4,128,15086.1
16384,256,4,256,15094.6
16384,256,4,512,15101.1
16384,256,4,1024,15116.3
16384,256,4,2048,15143.9
16384,256,4,4096,15202.8
16384,256,4,8192,15315.7
16384,256,4,16384,15574.2
16384,256,4,32768,16335.8
16384,256,4,65536,17980.1
16384,256,8,16,15217.1
16384,256,8,32,15214.6
16384,256,8,64,15215.5
16384,256,8,128,15218.6
16384,256,8,256,15233.8
16384,256,8,512,15249.8
16384,256,8,1024,15271.7
16384,256,8,2048,15328.1
16384,256,8,4096,15446.2
16384,256,8,8192,15673.7
16384,256,8,16384,16174.9
16384,256,8,32768,17520.4
16384,256,8,65536,20162.6
16384,256,16,16,15481.7
16384,256,16,32,15485.5
16384,256,16,64,15479.7
16384,256,16,128,15494.1
16384,256,16,256,15508.5
16384,256,16,512,15537.9
16384,256,16,1024,15591.3
16384,256,16,2048,15699.7
16384,256,16,4096,15937.7
16384,256,16,8192,16380.3
16384,256,16,16384,17508.4
16384,256,16,32768,19863.5
16384,256,16,65536,25264
16384,256,32,16,15994.4
16384,256,32,32,16003.9
16384,256,32,64,15992.5
16384,256,32,128,16023.4
16384,256,32,256,16051.5
16384,256,32,512,16103.5
16384,256,32,1024,16215.3
16384,256,32,2048,16436.1
16384,256,32,4096,16890.7
16384,256,32,8192,17923.9
16384,256,32,16384,20098.4
16384,256,32,32768,25066.9
16384,256,32,65536,46491.5
16384,256,64,16,17002.7
16384,256,64,32,17002.6
16384,256,64,64,16986.7
16384,256,64,128,17043.6
16384,256,64,256,17109.8
16384,256,64,512,17207.4
16384,256,64,1024,17424.4
16384,256,64,2048,17871.3
16384,256,64,4096,18912.9
16384,256,64,8192,21052.2
16384,256,64,16384,25529.2
16384,256,64,32768,46244.2
16384,256,64,65536,91072.6
16384,256,128,16,19019.6
16384,256,128,32,19022.3
16384,256,128,64,19025
16384,256,128,128,19132.7
16384,256,128,256,19236.9
16384,256,128,512,19454.1
16384,256,128,1024,19896.3
16384,256,128,2048,20937.6
16384,256,128,4096,23155.1
16384,256,128,8192,29244.5
16384,256,128,16384,46360.6
16384,256,128,32768,90992.2
16384,256,128,65536,180283
16384,512,0,0,15398.6
16384,512,1,16,15431.8
16384,512,1,32,15434
16384,512,1,64,15432.4
16384,512,1,128,15437.9
16384,512,1,256,15437
16384,512,1,512,15437.6
16384,512,1,1024,15440.1
16384,512,1,2048,15446.7
16384,512,1,4096,15464.8
16384,512,1,8192,15488.3
16384,512,1,16384,15547.7
16384,512,1,32768,15977
16384,512,1,65536,16844.4
16384,512,2,16,15463.1
16384,512,2,32,15463.1
16384,512,2,64,15463.2
16384,512,2,128,15464.6
16384,512,2,256,15467
16384,512,2,512,15468.9
16384,512,2,1024,15476.6
16384,512,2,2048,15491.3
16384,512,2,4096,15518.7
16384,512,2,8192,15573
16384,512,2,16384,15701.7
16384,512,2,32768,16245.3
16384,512,2,65536,17332.5
16384,512,4,16,15526.4
16384,512,4,32,15521.3
16384,512,4,64,15521.6
16384,512,4,128,15525.4
16384,512,4,256,15528.9
16384,512,4,512,15536.1
16384,512,4,1024,15543.7
16384,512,4,2048,15576.3
16384,512,4,4096,15634.2
16384,512,4,8192,15746.3
16384,512,4,16384,16003.4
16384,512,4,32768,16766.5
16384,512,4,65536,18411.8
16384,512,8,16,15648.7
16384,512,8,32,15653.6
16384,512,8,64,15654.5
16384,512,8,128,15653.4
16384,512,8,256,15666.2
16384,512,8,512,15678.9
16384,512,8,1024,15708.3
16384,512,8,2048,15761.6
16384,512,8,4096,15883
16384,512,8,8192,16101.6
16384,512,8,16384,16600.9
16384,512,8,32768,17962.2
16384,512,8,65536,20587
16384,512,16,16,15918.2
16384,512,16,32,15918.2
16384,512,16,64,15912.8
16384,512,16,128,15917.8
16384,512,16,256,15944.9
16384,512,16,512,15965
16384,512,16,1024,16026.6
16384,512,16,2048,16127.4
16384,512,16,4096,16362
16384,512,16,8192,16806.8
16384,512,16,16384,17933.6
16384,512,16,32768,20280.9
16384,512,16,65536,25514.8
16384,512,32,16,16429.6
16384,512,32,32,16416.9
16384,512,32,64,16424.1
16384,512,32,128,16451
16384,512,32,256,16482.6
16384,512,32,512,16527.8
16384,512,32,1024,16636.2
16384,512,32,2048,16866.6
16384,512,32,4096,17314.1
16384,512,32,8192,18342.7
16384,512,32,16384,20513.3
16384,512,32,32768,25312.8
16384,512,32,65536,46514.4
16384,512,64,16,17420.7
16384,512,64,32,17423.3
16384,512,64,64,17419.6
16384,512,64,128,17472.9
16384,512,64,256,17522.8
16384,512,64,512,17634.5
16384,512,64,1024,17851
16384,512,64,2048,18297.6
16384,512,64,4096,19340.7
16384,512,64,8192,21478.3
16384,512,64,16384,25932.4
16384,512,64,32768,46254.7
16384,512,64,65536,91076.4
16384,512,128,16,19442.6
16384,512,128,32,19453.2
16384,512,128,64,19448.7
16384,512,128,128,19560.2
16384,512,128,256,19669.2
16384,512,128,512,19881.8
16384,512,128,1024,20334.5
16384,512,128,2048,21372.7
16384,512,128,4096,23590.1
16384,512,128,8192,29582.2
16384,512,128,16384,46567.2
16384,512,128,32768,90997.8
16384,512,128,65536,180316
16384,1024,0,0,16270.4
16384,1024,1,16,16298.3
16384,1024,1,32,16301.8
16384,1024,1,64,16300.4
16384,1024,1,128,16302.7
16384,1024,1,256,16308.4
16384,1024,1,512,16306.4
16384,1024,1,1024,16310
16384,1024,1,2048,16316.1
16384,1024,1,4096,16331.2
16384,1024,1,8192,16355.5
16384,1024,1,16384,16414.8
16384,1024,1,32768,16837.2
16384,1024,1,65536,17708.6
16384,1024,2,16,16330.1
16384,1024,2,32,16332.3
16384,1024,2,64,16332
16384,1024,2,128,16329.3
16384,1024,2,256,16337
16384,1024,2,512,16338.1
16384,1024,2,1024,16343.7
16384,1024,2,2048,16353.7
16384,1024,2,4096,16382.5
16384,1024,2,8192,16443.3
16384,1024,2,16384,16563.2
16384,1024,2,32768,17109.5
16384,1024,2,65536,18200.8
16384,1024,4,16,16385.6
16384,1024,4,32,16390.3
16384,1024,4,64,16391.3
16384,1024,4,128,16394.6
16384,1024,4,256,16396.8
16384,1024,4,512,16399.8
16384,1024,4,1024,16419.6
16384,1024,4,2048,16442.8
16384,1024,4,4096,16502
16384,1024,4,8192,16619.8
16384,1024,4,16384,16860.4
16384,1024,4,32768,17631.1
16384,1024,4,65536,19282.4
16384,1024,8,16,16516.7
16384,1024,8,32,16516.7
16384,1024,8,64,16519.8
16384,1024,8,128,16527.2
16384,1024,8,256,16531.2
16384,1024,8,512,16554
16384,1024,8,1024,16582.6
16384,1024,8,2048,16635.9
16384,1024,8,4096,16751.3
16384,1024,8,8192,16975.2
16384,1024,8,16384,17465.4
16384,1024,8,32768,18830.1
16384,1024,8,65536,21455
16384,1024,16,16,16783.9
16384,1024,16,32,16788.7
16384,1024,16,64,16792.1
16384,1024,16,128,16803.3
16384,1024,16,256,16814.5
16384,1024,16,512,16840.6
16384,1024,16,1024,16896.6
16384,1024,16,2048,17006.2
16384,1024,16,4096,17242.3
16384,1024,16,8192,17682.7
16384,1024,16,16384,18801.8
16384,1024,16,32768,21146.7
16384,1024,16,65536,26096.7
16384,1024,32,16,17298.6
16384,1024,32,32,17299.4
16384,1024,32,64,17303.5
16384,1024,32,128,17331.7
16384,1024,32,256,17356.9
16384,1024,32,512,17400.8
16384,1024,32,1024,17511.8
16384,1024,32,2048,17729.7
16384,1024,32,4096,18191.9
16384,1024,32,8192,19214.2
16384,1024,32,16384,21382.7
16384,1024,32,32768,26038.6
16384,1024,32,65536,46549.4
16384,1024,64,16,18291.8
16384,1024,64,32,18281.5
16384,1024,64,64,18285.3
16384,1024,64,128,18346.9
16384,1024,64,256,18396.8
16384,1024,64,512,18501.7
16384,1024,64,1024,18724.4
16384,1024,64,2048,19175.8
16384,1024,64,4096,20219
16384,1024,64,8192,22340.3
16384,1024,64,16384,26761.6
16384,1024,64,32768,46295.7
16384,1024,64,65536,91116.7
16384,1024,128,16,20309.6
16384,1024,128,32,20313.3
16384,1024,128,64,20313.3
16384,1024,128,128,20422.1
16384,1024,128,256,20532.1
16384,1024,128,512,20751.3
16384,1024,128,1024,21202
16384,1024,128,2048,22246.7
16384,1024,128,4096,24451.1
16384,1024,128,8192,30288.3
16384,1024,128,16384,47050.1
16384,1024,128,32768,91022.4
16384,1024,128,65536,180340
16384,2048,0,0,18010.6
16384,2048,1,16,18041.2
16384,2048,1,32,18043.9
16384,2048,1,64,18042.8
16384,2048,1,128,18043.9
16384,2048,1,256,18042.8
16384,2048,1,512,18046.3
16384,2048,1,1024,18048.6
16384,2048,1,2048,18058.5
16384,2048,1,4096,18067.3
16384,2048,1,8192,18101.8
16384,2048,1,16384,18154.1
16384,2048,1,32768,18565.1
16384,2048,1,65536,19437.3
16384,2048,2,16,18074.2
16384,2048,2,32,18070.3
16384,2048,2,64,18071.2
16384,2048,2,128,18074.9
16384,2048,2,256,18077.5
16384,2048,2,512,18077.5
16384,2048,2,1024,18084.8
16384,2048,2,2048,18105
16384,2048,2,4096,18130
16384,2048,2,8192,18183.5
16384,2048,2,16384,18301.4
16384,2048,2,32768,18832.3
16384,2048,2,65536,19921.1
16384,2048,4,16,18135.1
16384,2048,4,32,18135.5
16384,2048,4,64,18131.3
16384,2048,4,128,18138.9
16384,2048,4,256,18141
16384,2048,4,512,18146.7
16384,2048,4,1024,18163.3
16384,2048,4,2048,18193.8
16384,2048,4,4096,18248.4
16384,2048,4,8192,18363.6
16384,2048,4,16384,18593
16384,2048,4,32768,19356.8
16384,2048,4,65536,21015.8
16384,2048,8,16,18264.4
16384,2048,8,32,18262.2
16384,2048,8,64,18263.1
16384,2048,8,128,18276
16384,2048,8,256,18273.9
16384,2048,8,512,18294.4
16384,2048,8,1024,18322.4
16384,2048,8,2048,18379.1
16384,2048,8,4096,18493.3
16384,2048,8,8192,18720.3
16384,2048,8,16384,19189.5
16384,2048,8,32768,20550.3
16384,2048,8,65536,23188.7
16384,2048,16,16,18532.2
16384,2048,16,32,18530.9
16384,2048,16,64,18533.6
16384,2048,16,128,18543.6
16384,2048,16,256,18565.1
16384,2048,16,512,18588.6
16384,2048,16,1024,18637.7
16384,2048,16,2048,18752.9
16384,2048,16,4096,18976.1
16384,2048,16,8192,19425.2
16384,2048,16,16384,20521.7
16384,2048,16,32768,22863.8
16384,2048,16,65536,27717.4
16384,2048,32,16,19038.4
16384,2048,32,32,19038.7
16384,2048,32,64,19027.1
16384,2048,32,128,19059
16384,2048,32,256,19088
16384,2048,32,512,19144.1
16384,2048,32,1024,19253.3
16384,2048,32,2048,19470.9
16384,2048,32,4096,19919.4
16384,2048,32,8192,20960.7
16384,2048,32,16384,23087.6
16384,2048,32,32768,27707.3
16384,2048,32,65536,46607.9
16384,2048,64,16,20019.5
16384,2048,64,32,20008.5
16384,2048,64,64,20022.3
16384,2048,64,128,20071.3
16384,2048,64,256,20127.8
16384,2048,64,512,20237.8
16384,2048,64,1024,20452.7
16384,2048,64,2048,20905.8
16384,2048,64,4096,21953.5
16384,2048,64,8192,24062.1
16384,2048,64,16384,28461.9
16384,2048,64,32768,46439
16384,2048,64,65536,91147.3
16384,2048,128,16,22036.2
16384,2048,128,32,22040
16384,2048,128,64,22041.6
16384,2048,128,128,22146.5
16384,2048,128,256,22263.5
16384,2048,128,512,22481.8
16384,2048,128,1024,22930.4
16384,2048,128,2048,23994.9
16384,2048,128,4096,26173.7
16384,2048,128,8192,31771.2
16384,2048,128,16384,48117.2
16384,2048,128,32768,91045.2
16384,2048,128,65536,180363
16384,4096,0,0,21492.8
16384,4096,1,16,21531.4
16384,4096,1,32,21529
16384,4096,1,64,21529.9
16384,4096,1,128,21526.6
16384,4096,1,256,21530.2
16384,4096,1,512,21533.5
16384,4096,1,1024,21537.1
16384,4096,1,2048,21541.2
16384,4096,1,4096,21556.3
16384,4096,1,8192,21580.7
16384,4096,1,16384,21636.3
16384,4096,1,32768,22010.8
16384,4096,1,65536,22875.3
16384,4096,2,16,21560.3
16384,4096,2,32,21560.4
16384,4096,2,64,21556.3
16384,4096,2,128,21554.9
16384,4096,2,256,21565.6
16384,4096,2,512,21567.7
16384,4096,2,1024,21568.1
16384,4096,2,2048,21583.7
16384,4096,2,4096,21615.1
16384,4096,2,8192,21670.1
16384,4096,2,16384,21779.6
16384,4096,2,32768,22275
16384,4096,2,65536,23366.2
16384,4096,4,16,21624.8
16384,4096,4,32,21625
16384,4096,4,64,21619
16384,4096,4,128,21624.8
16384,4096,4,256,21631.6
16384,4096,4,512,21637.2
16384,4096,4,1024,21649.7
16384,4096,4,2048,21678
16384,4096,4,4096,21732.7
16384,4096,4,8192,21847.9
16384,4096,4,16384,22072.8
16384,4096,4,32768,22799.1
16384,4096,4,65536,24465.5
16384,4096,8,16,21747.7
16384,4096,8,32,21752.4
16384,4096,8,64,21747.1
16384,4096,8,128,21761.7
16384,4096,8,256,21765.5
16384,4096,8,512,21779
16384,4096,8,1024,21804.5
16384,4096,8,2048,21867.7
16384,4096,8,4096,21975.8
16384,4096,8,8192,22207
16384,4096,8,16384,22657
16384,4096,8,32768,24011.7
16384,4096,8,65536,26643.5
16384,4096,16,16,22011.6
16384,4096,16,32,22011.2
16384,4096,16,64,22011.7
16384,4096,16,128,22029.2
16384,4096,16,256,22035
16384,4096,16,512,22069.5
16384,4096,16,1024,22121.5
16384,4096,16,2048,22231
16384,4096,16,4096,22461.1
16384,4096,16,8192,22921.2
16384,4096,16,16384,23987.1
16384,4096,16,32768,26313.3
16384,4096,16,65536,31051.3
16384,4096,32,16,22515.5
16384,4096,32,32,22522.8
16384,4096,32,64,22517.7
16384,4096,32,128,22546.4
16384,4096,32,256,22570.6
16384,4096,32,512,22617.5
16384,4096,32,1024,22730.7
16384,4096,32,2048,22947.6
16384,4096,32,4096,23389.4
16384,4096,32,8192,24465.2
16384,4096,32,16384,26549.7
16384,4096,32,32768,31128.7
16384,4096,32,65536,46701.8
16384,4096,64,16,23488
16384,4096,64,32,23499
16384,4096,64,64,23493
16384,4096,64,128,23548.8
16384,4096,64,256,23597.1
16384,4096,64,512,23716.8
16384,4096,64,1024,23930.1
16384,4096,64,2048,24387.8
16384,4096,64,4096,25446.2
16384,4096,64,8192,27544.4
16384,4096,64,16384,31908.2
16384,4096,64,32768,47256.2
16384,4096,64,65536,91229
16384,4096,128,16,25507.3
16384,4096,128,32,25502.9
16384,4096,128,64,25503.2
16384,4096,128,128,25618.3
16384,4096,128,256,25734.9
16384,4096,128,512,25953
16384,4096,128,1024,26416.9
16384,4096,128,2048,27489.9
16384,4096,128,4096,29624
16384,4096,128,8192,34951.8
16384,4096,128,16384,50824.3
16384,4096,128,32768,92151.4
16384,4096,128,65536,180437
16384,8192,0,0,28444.7
16384,8192,1,16,28488.1
16384,8192,1,32,28492.4
16384,8192,1,64,28489.9
16384,8192,1,128,28496
16384,8192,1,256,28494.6
16384,8192,1,512,28494.7
16384,8192,1,1024,28503.1
16384,8192,1,2048,28508.1
16384,8192,1,4096,28517.4
16384,8192,1,8192,28550.5
16384,8192,1,16384,28602.9
16384,8192,1,32768,28896.6
16384,8192,1,65536,29768.7
16384,8192,2,16,28529.8
16384,8192,2,32,28529.3
16384,8192,2,64,28521.8
16384,8192,2,128,28524.2
16384,8192,2,256,28530.3
16384,8192,2,512,28536.7
16384,8192,2,1024,28541.3
16384,8192,2,2048,28551.8
16384,8192,2,4096,28582.5
16384,8192,2,8192,28639.9
16384,8192,2,16384,28748.5
16384,8192,2,32768,29166.9
16384,8192,2,65536,30267.6
16384,8192,4,16,28577
16384,8192,4,32,28578.2
16384,8192,4,64,28587.4
16384,8192,4,128,28584.5
16384,8192,4,256,28588.6
16384,8192,4,512,28594
16384,8192,4,1024,28616
16384,8192,4,2048,28645.3
16384,8192,4,4096,28696.9
16384,8192,4,8192,28815.8
16384,8192,4,16384,29041.6
16384,8192,4,32768,29690.6
16384,8192,4,65536,31399.6
16384,8192,8,16,28702.5
16384,8192,8,32,28708.5
16384,8192,8,64,28703.3
16384,8192,8,128,28711.8
16384,8192,8,256,28727.1
16384,8192,8,512,28730.1
16384,8192,8,1024,28756.7
16384,8192,8,2048,28818.5
16384,8192,8,4096,28931.6
16384,8192,8,8192,29167.2
16384,8192,8,16384,29609
16384,8192,8,32768,30941.1
16384,8192,8,65536,33565.4
16384,8192,16,16,28953.2
16384,8192,16,32,28947.2
16384,8192,16,64,28948.5
16384,8192,16,128,28964.4
16384,8192,16,256,28977.5
16384,8192,16,512,29000.2
16384,8192,16,1024,29057.4
16384,8192,16,2048,29166.6
16384,8192,16,4096,29386.5
16384,8192,16,8192,29849.8
16384,8192,16,16384,30906.3
16384,8192,16,32768,33250.6
16384,8192,16,65536,37870.2
16384,8192,32,16,29446
16384,8192,32,32,29443.6
16384,8192,32,64,29440.5
16384,8192,32,128,29470.4
16384,8192,32,256,29490.3
16384,8192,32,512,29553.6
16384,8192,32,1024,29669.7
16384,8192,32,2048,29885.7
16384,8192,32,4096,30341.4
16384,8192,32,8192,31418.9
16384,8192,32,16384,33497.2
16384,8192,32,32768,37939.4
16384,8192,32,65536,48791.1
16384,8192,64,16,30435.6
16384,8192,64,32,30442.7
16384,8192,64,64,30436.1
16384,8192,64,128,30492.1
16384,8192,64,256,30545.9
16384,8192,64,512,30663.4
16384,8192,64,1024,30884.9
16384,8192,64,2048,31340.9
16384,8192,64,4096,32438.8
16384,8192,64,8192,34508.1
16384,8192,64,16384,38831.9
16384,8192,64,32768,48738.5
16384,8192,64,65536,91898.9
16384,8192,128,16,32473.7
16384,8192,128,32,32474.2
16384,8192,128,64,32481.1
16384,8192,128,128,32588.3
16384,8192,128,256,32702.8
16384,8192,128,512,32942.8
16384,8192,128,1024,33393.8
16384,8192,128,2048,34487.2
16384,8192,128,4096,36562.3
16384,8192,128,8192,41465.6
16384,8192,128,16384,57715.9
16384,8192,128,32768,92458.8
16384,8192,128,65536,183061
16384,16384,0,0,42432.6
16384,16384,1,16,42489.5
16384,16384,1,32,42488.7
16384,16384,1,64,42498.9
16384,16384,1,128,42497.6
16384,16384,1,256,42484.9
16384,16384,1,512,42487.9
16384,16384,1,1024,42495.5
16384,16384,1,2048,42500.5
16384,16384,1,4096,42519.9
16384,16384,1,8192,42545
16384,16384,1,16384,42596.1
16384,16384,1,32768,42751.8
16384,16384,1,65536,43620.6
16384,16384,2,16,42521.7
16384,16384,2,32,42513.2
16384,16384,2,64,42518.6
16384,16384,2,128,42517.4
16384,16384,2,256,42521.2
16384,16384,2,512,42523.6
16384,16384,2,1024,42531
16384,16384,2,2048,42547
16384,16384,2,4096,42589.3
16384,16384,2,8192,42639.6
16384,16384,2,16384,42747.2
16384,16384,2,32768,43028.2
16384,16384,2,65536,44143.2
16384,16384,4,16,42584.9
16384,16384,4,32,42576.3
16384,16384,4,64,42582.7
16384,16384,4,128,42587.2
16384,16384,4,256,42594.2
16384,16384,4,512,42592.8
16384,16384,4,1024,42615.5
16384,16384,4,2048,42634.2
16384,16384,4,4096,42688.9
16384,16384,4,8192,42807.3
16384,16384,4,16384,43041.2
16384,16384,4,32768,43583.4
16384,16384,4,65536,45356.5
16384,16384,8,16,42700.3
16384,16384,8,32,42701.8
16384,16384,8,64,42698.4
16384,16384,8,128,42708.9
16384,16384,8,256,42714.4
16384,16384,8,512,42726.3
16384,16384,8,1024,42764.2
16384,16384,8,2048,42820
16384,16384,8,4096,42941.2
16384,16384,8,8192,43169.9
16384,16384,8,16384,43642.2
16384,16384,8,32768,44877.2
16384,16384,8,65536,47525.5
16384,16384,16,16,42950.5
16384,16384,16,32,42956.6
16384,16384,16,64,42957.5
16384,16384,16,128,42971.5
16384,16384,16,256,42987.6
16384,16384,16,512,43014.1
16384,16384,16,1024,43075
16384,16384,16,2048,43202.5
16384,16384,16,4096,43425.5
16384,16384,16,8192,43879
16384,16384,16,16384,44966.6
16384,16384,16,32768,47147.6
16384,16384,16,65536,51751.8
16384,16384,32,16,43462.8
16384,16384,32,32,43454.1
16384,16384,32,64,43465.4
16384,16384,32,128,43489.1
16384,16384,32,256,43517.3
16384,16384,32,512,43580.2
16384,16384,32,1024,43683.8
16384,16384,32,2048,43909.9
16384,16384,32,4096,44371.7
16384,16384,32,8192,45485.5
16384,16384,32,16384,47523
16384,16384,32,32768,51693.5
16384,16384,32,65536,60833.5
16384,16384,64,16,44489
16384,16384,64,32,44476.1
16384,16384,64,64,44481.9
16384,16384,64,128,44541.2
16384,16384,64,256,44603.7
16384,16384,64,512,44707.6
16384,16384,64,1024,44944.8
16384,16384,64,2048,45402.7
16384,16384,64,4096,46511.1
16384,16384,64,8192,48582.8
16384,16384,64,16384,52732.5
16384,16384,64,32768,61414.7
16384,16384,64,65536,94051.7
16384,16384,128,16,46538.8
16384,16384,128,32,46539.9
16384,16384,128,64,46546
16384,16384,128,128,46662.1
16384,16384,128,256,46770.4
16384,16384,128,512,47007.4
16384,16384,128,1024,47463.5
16384,16384,128,2048,48553
16384,16384,128,4096,50618.7
16384,16384,128,8192,55365.3
16384,16384,128,16384,68836
16384,16384,128,32768,102308
16384,16384,128,65536,185190
16384,32768,0,0,70954.6
16384,32768,1,16,71008.8
16384,32768,1,32,71014.8
16384,32768,1,64,71010.6
16384,32768,1,128,71012.4
16384,32768,1,256,71005.8
16384,32768,1,512,71015.7
16384,32768,1,1024,71021.1
16384,32768,1,2048,71022.8
16384,32768,1,4096,71050
16384,32768,1,8192,71066
16384,32768,1,16384,71126.5
16384,32768,1,32768,71241.8
16384,32768,1,65536,71833.9
16384,32768,2,16,71040.8
16384,32768,2,32,71056.2
16384,32768,2,64,71038.5
16384,32768,2,128,71055.5
16384,32768,2,256,71060.5
16384,32768,2,512,71048.5
16384,32768,2,1024,71060.3
16384,32768,2,2048,71082
16384,32768,2,4096,71112.4
16384,32768,2,8192,71156
16384,32768,2,16384,71265.1
16384,32768,2,32768,71496.7
16384,32768,2,65536,72372.7
16384,32768,4,16,71113.1
16384,32768,4,32,71106.7
16384,32768,4,64,71101.3
16384,32768,4,128,71096.2
16384,32768,4,256,71110.3
16384,32768,4,512,71111.6
16384,32768,4,1024,71133.6
16384,32768,4,2048,71165.5
16384,32768,4,4096,71219.9
16384,32768,4,8192,71323.4
16384,32768,4,16384,71556.5
16384,32768,4,32768,72011.8
16384,32768,4,65536,73614.5
16384,32768,8,16,71211.3
16384,32768,8,32,71211.1
16384,32768,8,64,71219.6
16384,32768,8,128,71213.5
16384,32768,8,256,71232
16384,32768,8,512,71239.1
16384,32768,8,1024,71269.7
16384,32768,8,2048,71331.1
16384,32768,8,4096,71444.8
16384,32768,8,8192,71674.3
16384,32768,8,16384,72160.9
16384,32768,8,32768,73225.3
16384,32768,8,65536,75740.5
16384,32768,16,16,71459
16384,32768,16,32,71452
16384,32768,16,64,71467
16384,32768,16,128,71451.3
16384,32768,16,256,71478.7
16384,32768,16,512,71507.1
16384,32768,16,1024,71569.6
16384,32768,16,2048,71690.9
16384,32768,16,4096,71918.5
16384,32768,16,8192,72362.7
16384,32768,16,16384,73476.8
16384,32768,16,32768,75471.5
16384,32768,16,65536,80015.1
16384,32768,32,16,71931.6
16384,32768,32,32,71936.3
16384,32768,32,64,71924
16384,32768,32,128,71962.6
16384,32768,32,256,71995.1
16384,32768,32,512,72051.4
16384,32768,32,1024,72172.3
16384,32768,32,2048,72391.8
16384,32768,32,4096,72855.8
16384,32768,32,8192,73970.1
16384,32768,32,16384,76050.2
16384,32768,32,32768,79997.7
16384,32768,32,65536,88712.7
16384,32768,64,16,72951.7
16384,32768,64,32,72949.5
16384,32768,64,64,72956.1
16384,32768,64,128,73013.8
16384,32768,64,256,73067.9
16384,32768,64,512,73190
16384,32768,64,1024,73422.8
16384,32768,64,2048,73876.7
16384,32768,64,4096,74970.8
16384,32768,64,8192,77029.8
16384,32768,64,16384,81225.9
16384,32768,64,32768,89731.2
16384,32768,64,65536,106894
16384,32768,128,16,74982.9
16384,32768,128,32,74998.7
16384,32768,128,64,74998.7
16384,32768,128,128,75106.2
16384,32768,128,256,75209.9
16384,32768,128,512,75435.3
16384,32768,128,1024,75897.9
16384,32768,128,2048,76999.1
16384,32768,128,4096,79039.2
16384,32768,128,8192,83382.7
16384,32768,128,16384,96911.8
16384,32768,128,32768,134695
16384,32768,128,65536,196780
16384,65536,0,0,129327
16384,65536,1,16,129336
16384,65536,1,32,129338
16384,65536,1,64,129350
16384,65536,1,128,129349
16384,65536,1,256,129359
16384,65536,1,512,129366
16384,65536,1,1024,129372
16384,65536,1,2048,129375
16384,65536,1,4096,129381
16384,65536,1,8192,129384
16384,65536,1,16384,129454
16384,65536,1,32768,129574
16384,65536,1,65536,129818
16384,65536,2,16,129385
16384,65536,2,32,129391
16384,65536,2,64,129375
16384,65536,2,128,129380
16384,65536,2,256,129378
16384,65536,2,512,129387
16384,65536,2,1024,129422
16384,65536,2,2048,129402
16384,65536,2,4096,129449
16384,65536,2,8192,129544
16384,65536,2,16384,129621
16384,65536,2,32768,129870
16384,65536,2,65536,130349
16384,65536,4,16,129452
16384,65536,4,32,129443
16384,65536,4,64,129439
16384,65536,4,128,129435
16384,65536,4,256,129466
16384,65536,4,512,129460
16384,65536,4,1024,129457
16384,65536,4,2048,129504
16384,65536,4,4096,129551
16384,65536,4,8192,129674
16384,65536,4,16384,129910
16384,65536,4,32768,130370
16384,65536,4,65536,131471
16384,65536,8,16,129557
16384,65536,8,32,129536
16384,65536,8,64,129556
16384,65536,8,128,129570
16384,65536,8,256,129572
16384,65536,8,512,129572
16384,65536,8,1024,129612
16384,65536,8,2048,129664
16384,65536,8,4096,129779
16384,65536,8,8192,129978
16384,65536,8,16384,130457
16384,65536,8,32768,131556
16384,65536,8,65536,133536
16384,65536,16,16,129793
16384,65536,16,32,129764
16384,65536,16,64,129742
16384,65536,16,128,129758
16384,65536,16,256,129821
16384,65536,16,512,129829
16384,65536,16,1024,129861
16384,65536,16,2048,129993
16384,65536,16,4096,130218
16384,65536,16,8192,130690
16384,65536,16,16384,131756
16384,65536,16,32768,133821
16384,65536,16,65536,137889
16384,65536,32,16,130242
16384,65536,32,32,130245
16384,65536,32,64,130224
16384,65536,32,128,130256
16384,65536,32,256,130271
16384,65536,32,512,130352
16384,65536,32,1024,130462
16384,65536,32,2048,130702
16384,65536,32,4096,131194
16384,65536,32,8192,132250
16384,65536,32,16384,134254
16384,65536,32,32768,138339
16384,65536,32,65536,146429
16384,65536,64,16,131253
16384,65536,64,32,131248
16384,65536,64,64,131253
16384,65536,64,128,131299
16384,65536,64,256,131362
16384,65536,64,512,131474
16384,65536,64,1024,131711
16384,65536,64,2048,132197
16384,65536,64,4096,133260
16384,65536,64,8192,135242
16384,65536,64,16384,139296
16384,65536,64,32768,147872
16384,65536,64,65536,164893
16384,65536,128,16,133193
16384,65536,128,32,133220
16384,65536,128,64,133215
16384,65536,128,128,133325
16384,65536,128,256,133436
16384,65536,128,512,133662
16384,65536,128,1024,134138
16384,65536,128,2048,135231
16384,65536,128,4096,137212
16384,65536,128,8192,141271
16384,65536,128,16384,150764
16384,65536,128,32768,185895
16384,65536,128,65536,266088
