layer,tokens,time_us
act_fn,1,4.288
act_fn,2,5.59967
act_fn,3,5.536
act_fn,4,5.67467
act_fn,5,5.664
act_fn,6,5.568
act_fn,7,5.52533
act_fn,8,5.71767
act_fn,9,5.52533
act_fn,10,5.67467
act_fn,11,5.664
act_fn,12,5.77067
act_fn,13,5.68533
act_fn,14,5.74867
act_fn,15,5.728
act_fn,16,5.61067
act_fn,20,5.888
act_fn,24,6.03733
act_fn,28,6.12267
act_fn,32,6.06933
act_fn,36,5.973
act_fn,40,6.15433
act_fn,44,6.389
act_fn,48,6.46367
act_fn,52,6.65567
act_fn,56,6.688
act_fn,60,6.96533
act_fn,64,6.99733
act_fn,80,7.68
act_fn,96,8.74667
act_fn,112,9.51467
act_fn,128,10.56
act_fn,144,11.6903
act_fn,160,13.0557
act_fn,176,13.76
act_fn,192,17.5467
act_fn,208,18.5813
act_fn,224,18.6773
act_fn,240,18.9653
act_fn,256,19.616
act_fn,272,20.4373
act_fn,288,21.2477
act_fn,304,22.0587
act_fn,320,23.0077
act_fn,336,24.053
act_fn,352,25.0987
act_fn,368,25.9517
act_fn,384,29.077
act_fn,400,30.4427
act_fn,416,30.6237
act_fn,432,31.4557
act_fn,448,31.5417
act_fn,464,32.5227
act_fn,480,33.7173
act_fn,496,34.4747
act_fn,512,35.605
act_fn,528,36.8747
act_fn,544,37.8023
act_fn,560,39.0183
act_fn,576,41.3973
act_fn,592,42.421
act_fn,608,43.104
act_fn,624,43.9573
act_fn,640,45.4717
act_fn,656,48.3093
act_fn,672,49.7383
act_fn,688,51.1353
act_fn,704,52.906
act_fn,720,54.1653
act_fn,736,55.8717
act_fn,752,57.5467
act_fn,768,59.8287
act_fn,784,64.704
act_fn,800,65.8553
act_fn,816,67.3597
act_fn,832,69.3867
act_fn,848,71.3387
act_fn,864,72.5437
act_fn,880,75.4453
act_fn,896,77.4183
act_fn,912,78.9227
act_fn,928,81.0773
act_fn,944,83.552
act_fn,960,85.952
act_fn,976,88.0743
act_fn,992,89.0027
act_fn,1008,91.5197
act_fn,1024,92.8107
act_fn,1040,94.5707
act_fn,1056,96.757
act_fn,1072,98.7837
act_fn,1088,100.523
act_fn,1104,102.208
act_fn,1120,104.085
act_fn,1136,106.698
act_fn,1152,108.768
act_fn,1168,106.336
act_fn,1184,107.861
act_fn,1200,109.6
act_fn,1216,111.456
act_fn,1232,112.202
act_fn,1248,114.219
act_fn,1264,116
act_fn,1280,118.133
act_fn,1296,121.247
act_fn,1312,123.595
act_fn,1328,126.005
act_fn,1344,127.435
act_fn,1360,129.386
act_fn,1376,130.741
act_fn,1392,133.803
act_fn,1408,134.784
act_fn,1424,136.618
act_fn,1440,139.509
act_fn,1456,140.778
act_fn,1472,143.307
act_fn,1488,144.64
act_fn,1504,146.197
act_fn,1520,147.818
act_fn,1536,150.698
act_fn,1552,153.088
act_fn,1568,154.666
act_fn,1584,156.448
act_fn,1600,158.016
act_fn,1616,159.594
act_fn,1632,162.368
act_fn,1648,164.309
act_fn,1664,165.951
act_fn,1680,168.704
act_fn,1696,170.837
act_fn,1712,171.744
act_fn,1728,175.295
act_fn,1744,176.363
act_fn,1760,178.698
act_fn,1776,180.533
act_fn,1792,181.674
act_fn,1808,184.031
act_fn,1824,185.877
act_fn,1840,187.274
act_fn,1856,189.813
act_fn,1872,192
act_fn,1888,193.44
act_fn,1904,195.861
act_fn,1920,197.781
act_fn,1936,199.487
act_fn,1952,201.674
act_fn,1968,203.285
act_fn,1984,204.939
act_fn,2000,206.922
act_fn,2016,208.725
act_fn,2032,210.592
act_fn,2048,213.109
act_fn,2064,215.338
act_fn,2080,217.216
act_fn,2096,220.234
act_fn,2112,221.727
act_fn,2128,223.498
act_fn,2144,225.653
act_fn,2160,226.272
act_fn,2176,228.608
act_fn,2192,230.891
act_fn,2208,232.085
act_fn,2224,233.909
act_fn,2240,235.477
act_fn,2256,237.973
act_fn,2272,240.575
act_fn,2288,241.536
act_fn,2304,243.787
act_fn,2320,242.72
act_fn,2336,244.501
act_fn,2352,246.272
act_fn,2368,248.949
act_fn,2384,249.503
act_fn,2400,251.84
act_fn,2416,253.834
act_fn,2432,255.487
act_fn,2448,257.994
act_fn,2464,260.106
act_fn,2480,261.855
act_fn,2496,263.659
act_fn,2512,266.026
act_fn,2528,268.607
act_fn,2544,270.155
act_fn,2560,272.469
act_fn,2576,271.2
act_fn,2592,272.875
act_fn,2608,274.965
act_fn,2624,276.596
act_fn,2640,278.101
act_fn,2656,280.085
act_fn,2672,282.836
act_fn,2688,284.362
act_fn,2704,287.007
act_fn,2720,289.418
act_fn,2736,290.613
act_fn,2752,292.309
act_fn,2768,294.389
act_fn,2784,296.192
act_fn,2800,297.76
act_fn,2816,299.509
act_fn,2832,303.306
act_fn,2848,304.138
act_fn,2864,306.346
act_fn,2880,308.064
act_fn,2896,310.219
act_fn,2912,311.925
act_fn,2928,313.76
act_fn,2944,315.882
act_fn,2960,318.432
act_fn,2976,319.968
act_fn,2992,322.389
act_fn,3008,324.298
act_fn,3024,326.677
act_fn,3040,328.309
act_fn,3056,330.688
act_fn,3072,332.362
act_fn,3088,336.031
act_fn,3104,337.386
act_fn,3120,340.458
act_fn,3136,341.002
act_fn,3152,343.061
act_fn,3168,345.802
act_fn,3184,346.869
act_fn,3200,348.576
act_fn,3216,350.485
act_fn,3232,352.427
act_fn,3248,354.133
act_fn,3264,356.597
act_fn,3280,358.069
act_fn,3296,359.071
act_fn,3312,361.749
act_fn,3328,364
act_fn,3344,361.834
act_fn,3360,364.277
act_fn,3376,365.941
act_fn,3392,368.32
act_fn,3408,370.059
act_fn,3424,371.146
act_fn,3440,373.536
act_fn,3456,375.552
act_fn,3472,374.762
act_fn,3488,376.843
act_fn,3504,379.456
act_fn,3520,380.651
act_fn,3536,382.443
act_fn,3552,384.779
act_fn,3568,386.293
act_fn,3584,387.904
act_fn,3600,391.306
act_fn,3616,392.971
act_fn,3632,395.221
act_fn,3648,396.608
act_fn,3664,398.474
act_fn,3680,400.65
act_fn,3696,402.304
act_fn,3712,403.658
act_fn,3728,406.901
act_fn,3744,409.333
act_fn,3760,411.648
act_fn,3776,413.643
act_fn,3792,415.072
act_fn,3808,417.301
act_fn,3824,418.379
act_fn,3840,421.515
act_fn,3856,424.939
act_fn,3872,425.195
act_fn,3888,427.915
act_fn,3904,429.856
act_fn,3920,431.851
act_fn,3936,432.885
act_fn,3952,436.288
act_fn,3968,437.589
act_fn,3984,438.923
act_fn,4000,441.642
act_fn,4016,443.254
act_fn,4032,444.704
act_fn,4048,448.587
act_fn,4064,448.267
act_fn,4080,450.635
act_fn,4096,452.896
act_fn,4112,453.974
act_fn,4128,454.635
act_fn,4144,457.931
act_fn,4160,460.15
act_fn,4176,460.907
act_fn,4192,464.15
act_fn,4208,465.835
act_fn,4224,466.325
act_fn,4240,463.979
act_fn,4256,465.408
act_fn,4272,468.853
act_fn,4288,469.739
act_fn,4304,471.488
act_fn,4320,474.059
act_fn,4336,476.288
act_fn,4352,478.113
act_fn,4368,480.171
act_fn,4384,482.848
act_fn,4400,483.893
act_fn,4416,487.318
act_fn,4432,487.883
act_fn,4448,490.368
act_fn,4464,491.787
act_fn,4480,494.816
act_fn,4496,496.715
act_fn,4512,498.913
act_fn,4528,501.728
act_fn,4544,503.605
act_fn,4560,506.07
act_fn,4576,506.88
act_fn,4592,509.206
act_fn,4608,512.3
act_fn,4624,514.027
act_fn,4640,514.582
act_fn,4656,518.731
act_fn,4672,518.827
act_fn,4688,520.459
act_fn,4704,523.765
act_fn,4720,524.299
act_fn,4736,525.269
act_fn,4752,528.715
act_fn,4768,529.643
act_fn,4784,532.278
act_fn,4800,534.059
act_fn,4816,535.222
act_fn,4832,537.963
act_fn,4848,539.745
act_fn,4864,540.865
act_fn,4880,542.774
act_fn,4896,543.745
act_fn,4912,545.398
act_fn,4928,548.62
act_fn,4944,549.75
act_fn,4960,551.435
act_fn,4976,554.347
act_fn,4992,555.297
act_fn,5008,556.438
act_fn,5024,557.867
act_fn,5040,561.163
act_fn,5056,561.558
act_fn,5072,562.934
act_fn,5088,565.387
act_fn,5104,567.883
act_fn,5120,569.558
act_fn,5136,570.561
act_fn,5152,572.683
act_fn,5168,575.19
act_fn,5184,576.79
act_fn,5200,580.086
act_fn,5216,580.182
act_fn,5232,581.43
act_fn,5248,584.268
act_fn,5264,586.102
act_fn,5280,587.873
act_fn,5296,590.124
act_fn,5312,591.201
act_fn,5328,594.22
act_fn,5344,596.246
act_fn,5360,596.63
act_fn,5376,600.192
act_fn,5392,601.622
act_fn,5408,603.361
act_fn,5424,608.15
act_fn,5440,607.98
act_fn,5456,609.74
act_fn,5472,612.63
act_fn,5488,613.569
act_fn,5504,615.734
act_fn,5520,616.886
act_fn,5536,619.809
act_fn,5552,620.63
act_fn,5568,621.142
act_fn,5584,624.183
act_fn,5600,625.836
act_fn,5616,627.361
act_fn,5632,628.364
act_fn,5648,630.721
act_fn,5664,631.809
act_fn,5680,633.1
act_fn,5696,635.542
act_fn,5712,637.633
act_fn,5728,638.316
act_fn,5744,640.876
act_fn,5760,643.564
act_fn,5776,646.102
act_fn,5792,646.561
act_fn,5808,649.879
act_fn,5824,651.457
act_fn,5840,651.895
act_fn,5856,653.868
act_fn,5872,654.583
act_fn,5888,658.998
act_fn,5904,661.207
act_fn,5920,663.212
act_fn,5936,664.61
act_fn,5952,665.025
act_fn,5968,667.244
act_fn,5984,668.993
act_fn,6000,672.919
act_fn,6016,675.49
act_fn,6032,676.268
act_fn,6048,678.018
act_fn,6064,678.497
act_fn,6080,680.535
act_fn,6096,682.465
act_fn,6112,686.583
act_fn,6128,688.204
act_fn,6144,689.623
act_fn,6160,690.305
act_fn,6176,693.91
act_fn,6192,694.86
act_fn,6208,696.834
act_fn,6224,696.995
act_fn,6240,700.855
act_fn,6256,702.711
act_fn,6272,703.618
act_fn,6288,704.855
act_fn,6304,707.607
act_fn,6320,707.479
act_fn,6336,710.893
act_fn,6352,711.714
act_fn,6368,714.253
act_fn,6384,714.615
act_fn,6400,717.634
act_fn,6416,717.975
act_fn,6432,721.602
act_fn,6448,723.714
act_fn,6464,725.943
act_fn,6480,726.391
act_fn,6496,727.863
act_fn,6512,731.746
act_fn,6528,731.906
act_fn,6544,734.125
act_fn,6560,736.684
act_fn,6576,737.826
act_fn,6592,740.802
act_fn,6608,742.701
act_fn,6624,745.122
act_fn,6640,746.37
act_fn,6656,745.89
act_fn,6672,749.218
act_fn,6688,751.639
act_fn,6704,751.415
act_fn,6720,754.509
act_fn,6736,757.954
act_fn,6752,758.349
act_fn,6768,759.618
act_fn,6784,761.271
act_fn,6800,762.594
act_fn,6816,765.687
act_fn,6832,766.787
act_fn,6848,768.098
act_fn,6864,770.872
act_fn,6880,772.717
act_fn,6896,774.754
act_fn,6912,777.122
act_fn,6928,778.253
act_fn,6944,779.448
act_fn,6960,780.93
act_fn,6976,781.325
act_fn,6992,784.93
act_fn,7008,785.645
act_fn,7024,789.005
act_fn,7040,792.664
act_fn,7056,793.858
act_fn,7072,796.386
act_fn,7088,795.906
act_fn,7104,799.362
act_fn,7120,798.702
act_fn,7136,801.25
act_fn,7152,804.675
act_fn,7168,804.419
act_fn,7184,806.327
act_fn,7200,810.317
act_fn,7216,812.247
act_fn,7232,811.949
act_fn,7248,816.216
act_fn,7264,818.925
act_fn,7280,818.936
act_fn,7296,820.675
act_fn,7312,821.112
act_fn,7328,824.931
act_fn,7344,826.883
act_fn,7360,827.725
act_fn,7376,830.872
act_fn,7392,832.013
act_fn,7408,834.35
act_fn,7424,835.907
act_fn,7440,839.416
act_fn,7456,838.446
act_fn,7472,841.827
act_fn,7488,843.885
act_fn,7504,847.79
act_fn,7520,846.488
act_fn,7536,849.069
act_fn,7552,849.667
act_fn,7568,851.246
act_fn,7584,853.507
act_fn,7600,856.323
act_fn,7616,858.19
act_fn,7632,859.406
act_fn,7648,861.198
act_fn,7664,861.731
act_fn,7680,867.011
act_fn,7696,865.464
act_fn,7712,868.237
act_fn,7728,870.531
act_fn,7744,872.536
act_fn,7760,871.96
act_fn,7776,874.403
act_fn,7792,875.342
act_fn,7808,877.934
act_fn,7824,881.507
act_fn,7840,884.665
act_fn,7856,883.235
act_fn,7872,885.059
act_fn,7888,888.142
act_fn,7904,888.259
act_fn,7920,891.257
act_fn,7936,894.243
act_fn,7952,893.87
act_fn,7968,897.955
act_fn,7984,899.267
act_fn,8000,901.23
act_fn,8016,903.139
act_fn,8032,905.102
act_fn,8048,906.052
act_fn,8064,908.739
act_fn,8080,910.659
act_fn,8096,912.494
act_fn,8112,918.222
act_fn,8128,917.646
act_fn,8144,919.267
act_fn,8160,920.772
act_fn,8176,922.851
act_fn,8192,923.556
act_fn,8208,925.763
act_fn,8224,926.724
act_fn,8240,929.561
act_fn,8256,931.342
act_fn,8272,933.571
act_fn,8288,934.574
act_fn,8304,937.785
act_fn,8320,938.542
act_fn,8336,939.374
act_fn,8352,940.899
act_fn,8368,944.067
act_fn,8384,945.027
act_fn,8400,947.492
act_fn,8416,948.654
act_fn,8432,947.396
act_fn,8448,949.262
act_fn,8464,956.036
act_fn,8480,955.044
act_fn,8496,959.822
act_fn,8512,957.476
act_fn,8528,961.209
act_fn,8544,962.265
act_fn,8560,963.823
act_fn,8576,966.692
act_fn,8592,969.166
act_fn,8608,974.35
act_fn,8624,972.932
act_fn,8640,973.615
act_fn,8656,976.804
act_fn,8672,979.215
act_fn,8688,981.476
act_fn,8704,984.004
act_fn,8720,982.212
act_fn,8736,987.151
act_fn,8752,985.583
act_fn,8768,989.55
act_fn,8784,991.268
act_fn,8800,995.001
act_fn,8816,993.541
act_fn,8832,998.522
act_fn,8848,999.129
act_fn,8864,1000.31
act_fn,8880,1001.72
act_fn,8896,1006.07
act_fn,8912,1008.42
act_fn,8928,1007.83
act_fn,8944,1010.94
act_fn,8960,1011.05
act_fn,8976,1013.63
act_fn,8992,1013.19
act_fn,9008,1017.25
act_fn,9024,1018.46
act_fn,9040,1018.79
act_fn,9056,1022.34
act_fn,9072,1024.41
act_fn,9088,1027.8
act_fn,9104,1026.69
act_fn,9120,1032.83
act_fn,9136,1031.62
act_fn,9152,1033.24
act_fn,9168,1035.33
act_fn,9184,1037.71
act_fn,9200,1039.62
act_fn,9216,1039.48
act_fn,9232,1042.44
act_fn,9248,1045.68
act_fn,9264,1045.3
act_fn,9280,1046.27
act_fn,9296,1050.71
act_fn,9312,1050.43
act_fn,9328,1052.93
act_fn,9344,1054.61
act_fn,9360,1059.74
act_fn,9376,1058.74
act_fn,9392,1060.88
act_fn,9408,1061.47
act_fn,9424,1066.86
act_fn,9440,1066.36
act_fn,9456,1068.31
act_fn,9472,1069.68
act_fn,9488,1069.32
act_fn,9504,1072.26
act_fn,9520,1076.61
act_fn,9536,1079.49
act_fn,9552,1078.83
act_fn,9568,1080.76
act_fn,9584,1082.89
act_fn,9600,1086.77
act_fn,9616,1086.2
act_fn,9632,1087.81
act_fn,9648,1089.64
act_fn,9664,1090.56
act_fn,9680,1095.26
act_fn,9696,1093.27
act_fn,9712,1095.89
act_fn,9728,1098.28
act_fn,9744,1098.77
act_fn,9760,1103.04
act_fn,9776,1103.8
act_fn,9792,1107.11
act_fn,9808,1107.51
act_fn,9824,1111.46
act_fn,9840,1113.85
act_fn,9856,1114.73
act_fn,9872,1116.27
act_fn,9888,1119.1
act_fn,9904,1118.1
act_fn,9920,1121.48
act_fn,9936,1124.02
act_fn,9952,1127.63
act_fn,9968,1127.76
act_fn,9984,1127.92
act_fn,10000,1131.72
act_fn,10016,1133.36
act_fn,10032,1137.51
act_fn,10048,1137.66
act_fn,10064,1141.42
act_fn,10080,1140.92
act_fn,10096,1141.03
act_fn,10112,1142.85
act_fn,10128,1144.7
act_fn,10144,1146.37
act_fn,10160,1149.36
act_fn,10176,1149.89
act_fn,10192,1154.27
act_fn,10208,1152.54
act_fn,10224,1155.44
act_fn,10240,1157.8
act_fn,10256,1157.29
act_fn,10272,1161.87
act_fn,10288,1161.29
act_fn,10304,1166.39
act_fn,10320,1166.75
act_fn,10336,1168.98
act_fn,10352,1170.37
act_fn,10368,1172.06
act_fn,10384,1172.67
act_fn,10400,1175.4
act_fn,10416,1179.25
act_fn,10432,1179.73
act_fn,10448,1181.21
act_fn,10464,1184.45
act_fn,10480,1185.18
act_fn,10496,1187.54
act_fn,10512,1186.43
act_fn,10528,1190.06
act_fn,10544,1195.26
act_fn,10560,1192.78
act_fn,10576,1197.94
act_fn,10592,1197.01
act_fn,10608,1199.95
act_fn,10624,1204.36
act_fn,10640,1205.8
act_fn,10656,1208.2
act_fn,10672,1206.81
act_fn,10688,1210.44
act_fn,10704,1213.92
act_fn,10720,1212.72
act_fn,10736,1214.8
act_fn,10752,1217.2
act_fn,10768,1220
act_fn,10784,1217.52
act_fn,10800,1221.96
act_fn,10816,1222.42
act_fn,10832,1224.26
act_fn,10848,1228.46
act_fn,10864,1229.99
act_fn,10880,1229.79
act_fn,10896,1232.86
act_fn,10912,1237.36
act_fn,10928,1237.28
act_fn,10944,1239.59
act_fn,10960,1238.6
act_fn,10976,1244.24
act_fn,10992,1246.14
act_fn,11008,1246.59
act_fn,11024,1245.72
act_fn,11040,1249.66
act_fn,11056,1249.67
act_fn,11072,1254.21
act_fn,11088,1253.48
act_fn,11104,1254.21
act_fn,11120,1257.44
act_fn,11136,1262.08
act_fn,11152,1260.27
act_fn,11168,1263.69
act_fn,11184,1264.61
act_fn,11200,1266.21
act_fn,11216,1269.13
act_fn,11232,1272.21
act_fn,11248,1270.12
act_fn,11264,1272.72
act_fn,11280,1275.09
act_fn,11296,1276.98
act_fn,11312,1280.19
act_fn,11328,1284.37
act_fn,11344,1285.18
act_fn,11360,1288.18
act_fn,11376,1289.89
act_fn,11392,1290.18
act_fn,11408,1293.81
act_fn,11424,1291.59
act_fn,11440,1298.3
act_fn,11456,1298.44
act_fn,11472,1301.56
act_fn,11488,1302.49
act_fn,11504,1304.99
act_fn,11520,1307.39
act_fn,11536,1305.39
act_fn,11552,1310.15
act_fn,11568,1310.29
act_fn,11584,1311.44
act_fn,11600,1312.74
act_fn,11616,1316.06
act_fn,11632,1319.64
act_fn,11648,1321.35
act_fn,11664,1320.91
act_fn,11680,1326.23
act_fn,11696,1323.03
act_fn,11712,1328.41
act_fn,11728,1328.1
act_fn,11744,1330.51
act_fn,11760,1329.92
act_fn,11776,1333.84
act_fn,11792,1338.45
act_fn,11808,1336.65
act_fn,11824,1338.77
act_fn,11840,1339.21
act_fn,11856,1342.49
act_fn,11872,1348.2
act_fn,11888,1346.83
act_fn,11904,1350.35
act_fn,11920,1351.75
act_fn,11936,1351.99
act_fn,11952,1353.84
act_fn,11968,1358.41
act_fn,11984,1357.2
act_fn,12000,1362.1
act_fn,12016,1363.26
act_fn,12032,1362.65
act_fn,12048,1370.11
act_fn,12064,1371.2
act_fn,12080,1368.21
act_fn,12096,1370.08
act_fn,12112,1373.97
act_fn,12128,1375.74
act_fn,12144,1380.38
act_fn,12160,1381.69
act_fn,12176,1379.69
act_fn,12192,1385.84
act_fn,12208,1386.9
act_fn,12224,1385.62
act_fn,12240,1388.72
act_fn,12256,1388.11
act_fn,12272,1390.51
act_fn,12288,1393
act_fn,12304,1393.59
act_fn,12320,1396.81
act_fn,12336,1396.01
act_fn,12352,1399.6
act_fn,12368,1402.16
act_fn,12384,1404.44
act_fn,12400,1402.41
act_fn,12416,1407.38
act_fn,12432,1408.28
act_fn,12448,1412.18
act_fn,12464,1411.87
act_fn,12480,1415.09
act_fn,12496,1417
act_fn,12512,1418.63
act_fn,12528,1420.63
act_fn,12544,1424.19
act_fn,12560,1424.65
act_fn,12576,1427.79
act_fn,12592,1430.03
act_fn,12608,1432.8
act_fn,12624,1430.73
act_fn,12640,1433.47
act_fn,12656,1436.34
act_fn,12672,1437.87
act_fn,12688,1438.9
act_fn,12704,1441.82
act_fn,12720,1441.48
act_fn,12736,1445.93
act_fn,12752,1446
act_fn,12768,1448.05
act_fn,12784,1450.51
act_fn,12800,1451.71
act_fn,12816,1453.49
act_fn,12832,1455.72
act_fn,12848,1457.03
act_fn,12864,1460.97
act_fn,12880,1459.47
act_fn,12896,1463.61
act_fn,12912,1462.89
act_fn,12928,1467.83
act_fn,12944,1469.34
act_fn,12960,1469.43
act_fn,12976,1470.42
act_fn,12992,1473.52
act_fn,13008,1475.08
act_fn,13024,1477.44
act_fn,13040,1478.34
act_fn,13056,1483.02
act_fn,13072,1481.78
act_fn,13088,1486.31
act_fn,13104,1486.67
act_fn,13120,1487.37
act_fn,13136,1490.88
act_fn,13152,1490.42
act_fn,13168,1494.94
act_fn,13184,1494.5
act_fn,13200,1495.36
act_fn,13216,1497.68
act_fn,13232,1505.43
act_fn,13248,1504.03
act_fn,13264,1503.92
act_fn,13280,1506.6
act_fn,13296,1507.14
act_fn,13312,1511.04
act_fn,13328,1513.89
act_fn,13344,1511.11
act_fn,13360,1513.81
act_fn,13376,1516.75
act_fn,13392,1519.13
act_fn,13408,1521.34
act_fn,13424,1522.12
act_fn,13440,1525.68
act_fn,13456,1529.21
act_fn,13472,1529.71
act_fn,13488,1528.64
act_fn,13504,1532.97
act_fn,13520,1533.42
act_fn,13536,1536.16
act_fn,13552,1537.51
act_fn,13568,1540.41
act_fn,13584,1540.45
act_fn,13600,1545.14
act_fn,13616,1545.44
act_fn,13632,1546.26
act_fn,13648,1549.63
act_fn,13664,1549.94
act_fn,13680,1550.14
act_fn,13696,1557.38
act_fn,13712,1559.66
act_fn,13728,1558.59
act_fn,13744,1558.73
act_fn,13760,1562.54
act_fn,13776,1562.84
act_fn,13792,1562.72
act_fn,13808,1566.45
act_fn,13824,1567.13
act_fn,13840,1572.9
act_fn,13856,1575.29
act_fn,13872,1573.97
act_fn,13888,1576.35
act_fn,13904,1577.62
act_fn,13920,1581.43
act_fn,13936,1579.89
act_fn,13952,1583.08
act_fn,13968,1584.44
act_fn,13984,1587.96
act_fn,14000,1593.01
act_fn,14016,1593.68
act_fn,14032,1591.57
act_fn,14048,1594.62
act_fn,14064,1596.93
act_fn,14080,1600.6
act_fn,14096,1599.01
act_fn,14112,1600.92
act_fn,14128,1607.51
act_fn,14144,1604.82
act_fn,14160,1607.88
act_fn,14176,1608.74
act_fn,14192,1612.46
act_fn,14208,1612.37
act_fn,14224,1615.13
act_fn,14240,1616.73
act_fn,14256,1617.77
act_fn,14272,1620.68
act_fn,14288,1622.94
act_fn,14304,1624
act_fn,14320,1627.85
act_fn,14336,1626.42
act_fn,14352,1630.93
act_fn,14368,1630.42
act_fn,14384,1632.67
act_fn,14400,1635.7
act_fn,14416,1638.45
act_fn,14432,1639.65
act_fn,14448,1638.85
act_fn,14464,1639.88
act_fn,14480,1643.53
act_fn,14496,1646.91
act_fn,14512,1649.5
act_fn,14528,1650.24
act_fn,14544,1651.45
act_fn,14560,1654.85
act_fn,14576,1656.89
act_fn,14592,1655.77
act_fn,14608,1663.57
act_fn,14624,1661.12
act_fn,14640,1663.78
act_fn,14656,1666.78
act_fn,14672,1666.43
act_fn,14688,1668.2
act_fn,14704,1670.09
act_fn,14720,1670.46
act_fn,14736,1674.08
act_fn,14752,1679.49
act_fn,14768,1677.47
act_fn,14784,1680.08
act_fn,14800,1681.52
act_fn,14816,1685.65
act_fn,14832,1687.65
act_fn,14848,1687.86
act_fn,14864,1690.47
act_fn,14880,1687.33
act_fn,14896,1692
act_fn,14912,1694.29
act_fn,14928,1697.25
act_fn,14944,1701.11
act_fn,14960,1702.19
act_fn,14976,1703.85
act_fn,14992,1705.41
act_fn,15008,1704.55
act_fn,15024,1708.6
act_fn,15040,1710.92
act_fn,15056,1710.93
act_fn,15072,1715.24
act_fn,15088,1715.02
act_fn,15104,1717.75
act_fn,15120,1719.88
act_fn,15136,1722.43
act_fn,15152,1721.5
act_fn,15168,1724.13
act_fn,15184,1729.22
act_fn,15200,1725.96
act_fn,15216,1728.3
act_fn,15232,1729.88
act_fn,15248,1735.32
act_fn,15264,1734.42
act_fn,15280,1738.54
act_fn,15296,1739.18
act_fn,15312,1741.57
act_fn,15328,1743.18
act_fn,15344,1743.09
act_fn,15360,1745.64
act_fn,15376,1747.27
act_fn,15392,1748.23
act_fn,15408,1751.11
act_fn,15424,1754.32
act_fn,15440,1756.52
act_fn,15456,1755.98
act_fn,15472,1761.78
act_fn,15488,1760.14
act_fn,15504,1761.73
act_fn,15520,1764.79
act_fn,15536,1764.31
act_fn,15552,1768.05
act_fn,15568,1768.98
act_fn,15584,1772.8
act_fn,15600,1774.04
act_fn,15616,1774.21
act_fn,15632,1776.07
act_fn,15648,1776.61
act_fn,15664,1780.22
act_fn,15680,1785.93
act_fn,15696,1783.34
act_fn,15712,1787.37
act_fn,15728,1787.18
act_fn,15744,1793.49
act_fn,15760,1791.96
act_fn,15776,1792.44
act_fn,15792,1795.63
act_fn,15808,1795.67
act_fn,15824,1799
act_fn,15840,1803.31
act_fn,15856,1802.48
act_fn,15872,1804.53
act_fn,15888,1805.35
act_fn,15904,1808.07
act_fn,15920,1810.32
act_fn,15936,1810.85
act_fn,15952,1815.69
act_fn,15968,1815.01
act_fn,15984,1817.88
act_fn,16000,1818.54
act_fn,16016,1822.38
act_fn,16032,1822.03
act_fn,16048,1824.78
act_fn,16064,1827.79
act_fn,16080,1828.76
act_fn,16096,1831.46
act_fn,16112,1832.24
act_fn,16128,1831.84
act_fn,16144,1838.33
act_fn,16160,1837.33
act_fn,16176,1840.32
act_fn,16192,1840.01
act_fn,16208,1846.7
act_fn,16224,1841.88
act_fn,16240,1847.72
act_fn,16256,1847.94
act_fn,16272,1851.32
act_fn,16288,1851.1
act_fn,16304,1858.04
act_fn,16320,1856.52
act_fn,16336,1857.57
act_fn,16352,1859.91
act_fn,16368,1861.29
act_fn,16384,1860.79
down_proj,1,316.575
down_proj,2,315.7
down_proj,3,317.044
down_proj,4,317.439
down_proj,5,318.377
down_proj,6,319.135
down_proj,7,326.175
down_proj,8,326.965
down_proj,9,326.858
down_proj,10,327.486
down_proj,11,328.586
down_proj,12,327.828
down_proj,13,328.905
down_proj,14,328.34
down_proj,15,329.215
down_proj,16,329.044
down_proj,20,342.633
down_proj,24,345.643
down_proj,28,346.622
down_proj,32,347.455
down_proj,36,369.012
down_proj,40,370.271
down_proj,44,370.538
down_proj,48,372.148
down_proj,52,372.905
down_proj,56,374.304
down_proj,60,376.885
down_proj,64,377.556
down_proj,80,359.359
down_proj,96,359.605
down_proj,112,363.188
down_proj,128,365.386
down_proj,144,381.876
down_proj,160,386.078
down_proj,176,388.33
down_proj,192,389.386
down_proj,208,390.389
down_proj,224,393.781
down_proj,240,396.628
down_proj,256,396.971
down_proj,272,619.295
down_proj,288,620.522
down_proj,304,620.884
down_proj,320,622.387
down_proj,336,623.946
down_proj,352,625.461
down_proj,368,626.345
down_proj,384,629.45
down_proj,400,631.913
down_proj,416,633.534
down_proj,432,634.506
down_proj,448,636.009
down_proj,464,638.549
down_proj,480,640.394
down_proj,496,640.606
down_proj,512,642.804
down_proj,528,982.718
down_proj,544,984.255
down_proj,560,985.747
down_proj,576,987.858
down_proj,592,984.351
down_proj,608,989.651
down_proj,624,990.931
down_proj,640,992.637
down_proj,656,992.735
down_proj,672,996.243
down_proj,688,990.899
down_proj,704,1000.38
down_proj,720,994.44
down_proj,736,1004.91
down_proj,752,1004.64
down_proj,768,1000.02
down_proj,784,1230.91
down_proj,800,1231.39
down_proj,816,1270.72
down_proj,832,1271.24
down_proj,848,1275.17
down_proj,864,1275.21
down_proj,880,1278.05
down_proj,896,1278.61
down_proj,912,1280.73
down_proj,928,1283.39
down_proj,944,1284.67
down_proj,960,1287.67
down_proj,976,1288.43
down_proj,992,1289.35
down_proj,1008,1292.87
down_proj,1024,1293.22
down_proj,1040,1637.24
down_proj,1056,1642.9
down_proj,1072,1639.31
down_proj,1088,1638.17
down_proj,1104,1643.15
down_proj,1120,1641.99
down_proj,1136,1641.1
down_proj,1152,1641.76
down_proj,1168,1640.06
down_proj,1184,1642.18
down_proj,1200,1645.3
down_proj,1216,1647.41
down_proj,1232,1646.6
down_proj,1248,1646.6
down_proj,1264,1649.16
down_proj,1280,1648.1
down_proj,1296,1897.7
down_proj,1312,1900.54
down_proj,1328,1906.68
down_proj,1344,2445.69
down_proj,1360,2451.96
down_proj,1376,2449.71
down_proj,1392,2456.12
down_proj,1408,2455.64
down_proj,1424,2456.1
down_proj,1440,2456.4
down_proj,1456,2454.68
down_proj,1472,2460.82
down_proj,1488,2462.89
down_proj,1504,2465.22
down_proj,1520,2464.79
down_proj,1536,2463.77
down_proj,1552,2453.06
down_proj,1568,2457.97
down_proj,1584,2455.52
down_proj,1600,2456.56
down_proj,1616,2456.91
down_proj,1632,2461.14
down_proj,1648,2465.52
down_proj,1664,2462.47
down_proj,1680,2465.97
down_proj,1696,2462.2
down_proj,1712,2464.89
down_proj,1728,2467.71
down_proj,1744,2469.83
down_proj,1760,2474.56
down_proj,1776,2469.33
down_proj,1792,2470.65
down_proj,1808,2457.02
down_proj,1824,2459.92
down_proj,1840,2458.75
down_proj,1856,2460.22
down_proj,1872,2458.03
down_proj,1888,2459.94
down_proj,1904,2462.68
down_proj,1920,2464.54
down_proj,1936,2463.59
down_proj,1952,2464.53
down_proj,1968,2464.58
down_proj,1984,2471.93
down_proj,2000,2468.09
down_proj,2016,2471.39
down_proj,2032,2468.9
down_proj,2048,2474.59
down_proj,2064,3277.74
down_proj,2080,3272.6
down_proj,2096,3275.91
down_proj,2112,3273.75
down_proj,2128,3280.25
down_proj,2144,3279.97
down_proj,2160,3274.66
down_proj,2176,3287.89
down_proj,2192,3279.08
down_proj,2208,3289.01
down_proj,2224,3290.65
down_proj,2240,3294.63
down_proj,2256,3290.67
down_proj,2272,3290.56
down_proj,2288,3292.92
down_proj,2304,3296.05
down_proj,2320,3279.42
down_proj,2336,3281.38
down_proj,2352,3286.02
down_proj,2368,3285.33
down_proj,2384,3290.97
down_proj,2400,3284.91
down_proj,2416,3290.16
down_proj,2432,3289.59
down_proj,2448,3291.58
down_proj,2464,3298.33
down_proj,2480,3299.67
down_proj,2496,3294.15
down_proj,2512,3303.77
down_proj,2528,3302.39
down_proj,2544,3304.57
down_proj,2560,3305.18
down_proj,2576,3294.42
down_proj,2592,3291.82
down_proj,2608,3292.89
down_proj,2624,3297.51
down_proj,2640,3297.87
down_proj,2656,3302.19
down_proj,2672,3302.06
down_proj,2688,3303.58
down_proj,2704,3310.5
down_proj,2720,3309.28
down_proj,2736,3311.57
down_proj,2752,3308.96
down_proj,2768,3309.12
down_proj,2784,3313.15
down_proj,2800,3312.68
down_proj,2816,3320.37
down_proj,2832,4112.37
down_proj,2848,4112.27
down_proj,2864,4122.95
down_proj,2880,4128.45
down_proj,2896,4130.75
down_proj,2912,4124.99
down_proj,2928,4125.33
down_proj,2944,4130.27
down_proj,2960,4137.12
down_proj,2976,4135.79
down_proj,2992,4133.51
down_proj,3008,4139.68
down_proj,3024,4135.58
down_proj,3040,4136.12
down_proj,3056,4137.64
down_proj,3072,4143.44
down_proj,3088,4125.89
down_proj,3104,4126.47
down_proj,3120,4136.6
down_proj,3136,4110.76
down_proj,3152,4145.07
down_proj,3168,4130.77
down_proj,3184,4135.59
down_proj,3200,4145.33
down_proj,3216,4144.08
down_proj,3232,4146.86
down_proj,3248,4146.42
down_proj,3264,4144.03
down_proj,3280,4073.35
down_proj,3296,4154.95
down_proj,3312,4125.99
down_proj,3328,4155.82
down_proj,3344,4131.39
down_proj,3360,3988.76
down_proj,3376,4137.53
down_proj,3392,4022.97
down_proj,3408,4069.89
down_proj,3424,4141.59
down_proj,3440,3994.96
down_proj,3456,4143.3
down_proj,3472,4094.63
down_proj,3488,4149.13
down_proj,3504,4014.01
down_proj,3520,4067.25
down_proj,3536,4026.78
down_proj,3552,4002.95
down_proj,3568,4155.83
down_proj,3584,4015.82
down_proj,3600,4863.27
down_proj,3616,4862.46
down_proj,3632,4882.72
down_proj,3648,4774.43
down_proj,3664,4866.61
down_proj,3680,4765.01
down_proj,3696,4794.19
down_proj,3712,4977.27
down_proj,3728,4981.79
down_proj,3744,4785.64
down_proj,3760,4783.21
down_proj,3776,4801.72
down_proj,3792,4992.58
down_proj,3808,4935.81
down_proj,3824,4790.1
down_proj,3840,4779.71
down_proj,3856,4768.93
down_proj,3872,4782.91
down_proj,3888,4774.92
down_proj,3904,4869.97
down_proj,3920,4784.47
down_proj,3936,4885.14
down_proj,3952,4886.08
down_proj,3968,4864.08
down_proj,3984,4780.05
down_proj,4000,4778.62
down_proj,4016,4782.38
down_proj,4032,4788.06
down_proj,4048,4783.91
down_proj,4064,4690.57
down_proj,4080,4699.89
down_proj,4096,4696.62
down_proj,4112,4677.76
down_proj,4128,4771.76
down_proj,4144,4682.79
down_proj,4160,4685.42
down_proj,4176,4778.77
down_proj,4192,4789
down_proj,4208,4684.09
down_proj,4224,4805.3
down_proj,4240,4690.23
down_proj,4256,4693.3
down_proj,4272,4697.62
down_proj,4288,4790.78
down_proj,4304,4798.34
down_proj,4320,4763.81
down_proj,4336,4695.39
down_proj,4352,4706.35
down_proj,4368,5569.02
down_proj,4384,5496.37
down_proj,4400,5438.9
down_proj,4416,5581.27
down_proj,4432,5444.55
down_proj,4448,5453.55
down_proj,4464,5447.26
down_proj,4480,5470.93
down_proj,4496,5453.49
down_proj,4512,5493.63
down_proj,4528,5455.65
down_proj,4544,5494.44
down_proj,4560,5463.67
down_proj,4576,5474.65
down_proj,4592,5466
down_proj,4608,5469.44
down_proj,4624,5473.14
down_proj,4640,5464.06
down_proj,4656,5460.2
down_proj,4672,5459.24
down_proj,4688,5457.76
down_proj,4704,5473.8
down_proj,4720,5466.13
down_proj,4736,5463.36
down_proj,4752,5477.08
down_proj,4768,5480.23
down_proj,4784,5472.63
down_proj,4800,5477.06
down_proj,4816,5473.17
down_proj,4832,5481.43
down_proj,4848,5487.15
down_proj,4864,5485.57
down_proj,4880,5472.2
down_proj,4896,5470.13
down_proj,4912,5470.99
down_proj,4928,5480.33
down_proj,4944,5482.63
down_proj,4960,5481.34
down_proj,4976,5484.2
down_proj,4992,5487.52
down_proj,5008,5486.55
down_proj,5024,5491.54
down_proj,5040,5503.06
down_proj,5056,5493.63
down_proj,5072,5494.17
down_proj,5088,5500.63
down_proj,5104,5504.03
down_proj,5120,5502.77
down_proj,5136,6252.22
down_proj,5152,6256.05
down_proj,5168,6273.66
down_proj,5184,6274.6
down_proj,5200,6264.66
down_proj,5216,6261.13
down_proj,5232,6263.63
down_proj,5248,6273.34
down_proj,5264,6273.9
down_proj,5280,6272.49
down_proj,5296,6288.05
down_proj,5312,6270.29
down_proj,5328,6305.87
down_proj,5344,6283.27
down_proj,5360,6279.76
down_proj,5376,6302.53
down_proj,5392,6259.81
down_proj,5408,6278.62
down_proj,5424,6269.1
down_proj,5440,6304.63
down_proj,5456,6272.35
down_proj,5472,6296.13
down_proj,5488,6298.75
down_proj,5504,6291.62
down_proj,5520,6283.26
down_proj,5536,6283.48
down_proj,5552,6324.32
down_proj,5568,6297.31
down_proj,5584,6310.48
down_proj,5600,6300.35
down_proj,5616,6291.94
down_proj,5632,6307.39
down_proj,5648,6315.32
down_proj,5664,6286.82
down_proj,5680,6325.12
down_proj,5696,6331.09
down_proj,5712,6306.33
down_proj,5728,6299.36
down_proj,5744,6324.92
down_proj,5760,6314.5
down_proj,5776,6296.03
down_proj,5792,6323.55
down_proj,5808,6347.76
down_proj,5824,6343.65
down_proj,5840,6327.28
down_proj,5856,6341.97
down_proj,5872,6352.77
down_proj,5888,6356.83
down_proj,5904,7107.83
down_proj,5920,7070.15
down_proj,5936,7110.51
down_proj,5952,7116.15
down_proj,5968,7110.55
down_proj,5984,7117.51
down_proj,6000,7115.09
down_proj,6016,7127.73
down_proj,6032,7115.59
down_proj,6048,7114.64
down_proj,6064,7100.43
down_proj,6080,7115.55
down_proj,6096,7124.51
down_proj,6112,7125.47
down_proj,6128,7114.71
down_proj,6144,7124.28
down_proj,6160,7105.7
down_proj,6176,7121.69
down_proj,6192,7115.81
down_proj,6208,7149.68
down_proj,6224,7145.92
down_proj,6240,7130.27
down_proj,6256,7128.98
down_proj,6272,7150.67
down_proj,6288,7138.82
down_proj,6304,7138.25
down_proj,6320,7141.39
down_proj,6336,7141.86
down_proj,6352,7156.88
down_proj,6368,7141.68
down_proj,6384,7134.34
down_proj,6400,7139.19
down_proj,6416,7155.73
down_proj,6432,7142.23
down_proj,6448,7167.27
down_proj,6464,7154.96
down_proj,6480,7164.28
down_proj,6496,7159.73
down_proj,6512,7179.09
down_proj,6528,7167.49
down_proj,6544,7180.31
down_proj,6560,7184.7
down_proj,6576,7194.66
down_proj,6592,7155.67
down_proj,6608,7190
down_proj,6624,7213.49
down_proj,6640,7209.5
down_proj,6656,7187.37
down_proj,6672,7927.88
down_proj,6688,7926.45
down_proj,6704,7928.88
down_proj,6720,7923.51
down_proj,6736,7930.66
down_proj,6752,7927.48
down_proj,6768,7938.6
down_proj,6784,7939.77
down_proj,6800,7939.62
down_proj,6816,7949.46
down_proj,6832,7933.8
down_proj,6848,7963.25
down_proj,6864,7950.51
down_proj,6880,7959.24
down_proj,6896,7971.81
down_proj,6912,7970.17
down_proj,6928,7960.98
down_proj,6944,7968.64
down_proj,6960,7965.86
down_proj,6976,7966.11
down_proj,6992,7961.95
down_proj,7008,7974.07
down_proj,7024,7969.16
down_proj,7040,7962.75
down_proj,7056,7981.47
down_proj,7072,7973.72
down_proj,7088,7967.51
down_proj,7104,8015.87
down_proj,7120,7984.57
down_proj,7136,7991.14
down_proj,7152,8005.35
down_proj,7168,7995.88
down_proj,7184,7996.72
down_proj,7200,8035.58
down_proj,7216,8022.94
down_proj,7232,8007.8
down_proj,7248,8024.94
down_proj,7264,8021.55
down_proj,7280,8007.74
down_proj,7296,8008.77
down_proj,7312,8007.48
down_proj,7328,8019.67
down_proj,7344,8031.32
down_proj,7360,8028.3
down_proj,7376,8025.41
down_proj,7392,8036.1
down_proj,7408,8016.96
down_proj,7424,8012.61
down_proj,7440,8807.27
down_proj,7456,8755.78
down_proj,7472,8761.44
down_proj,7488,8797.63
down_proj,7504,8778.03
down_proj,7520,8772.9
down_proj,7536,8764.17
down_proj,7552,8782.53
down_proj,7568,8825.89
down_proj,7584,8816.81
down_proj,7600,8779.02
down_proj,7616,8837.34
down_proj,7632,8853.78
down_proj,7648,8769.21
down_proj,7664,8859.52
down_proj,7680,8817.11
down_proj,7696,8849.39
down_proj,7712,8848.69
down_proj,7728,8815.27
down_proj,7744,8832.83
down_proj,7760,8851.77
down_proj,7776,8801.13
down_proj,7792,8831.28
down_proj,7808,8850.83
down_proj,7824,8859.39
down_proj,7840,8819.54
down_proj,7856,8864.72
down_proj,7872,8869.29
down_proj,7888,8829.21
down_proj,7904,8879.14
down_proj,7920,8854.86
down_proj,7936,8888.63
down_proj,7952,8877.59
down_proj,7968,8912.83
down_proj,7984,8899.37
down_proj,8000,8903.63
down_proj,8016,8853.8
down_proj,8032,8886.38
down_proj,8048,8922.12
down_proj,8064,8862.98
down_proj,8080,8919.48
down_proj,8096,8932.49
down_proj,8112,8941.79
down_proj,8128,8963.63
down_proj,8144,8898.95
down_proj,8160,8926.92
down_proj,8176,8890.25
down_proj,8192,8900.18
down_proj,8208,9686.34
down_proj,8224,9642.18
down_proj,8240,9633.44
down_proj,8256,9658.15
down_proj,8272,9608.84
down_proj,8288,9636.94
down_proj,8304,9631.48
down_proj,8320,9697.14
down_proj,8336,9651.57
down_proj,8352,9657.98
down_proj,8368,9681.98
down_proj,8384,9683.89
down_proj,8400,9678.92
down_proj,8416,9674.19
down_proj,8432,9650.69
down_proj,8448,9691.98
down_proj,8464,9666.72
down_proj,8480,9693.35
down_proj,8496,9681.87
down_proj,8512,9690.14
down_proj,8528,9699.6
down_proj,8544,9677.19
down_proj,8560,9706.74
down_proj,8576,9710.42
down_proj,8592,9710.79
down_proj,8608,9716.47
down_proj,8624,9696.41
down_proj,8640,9729.61
down_proj,8656,9696.8
down_proj,8672,9716.88
down_proj,8688,9719.6
down_proj,8704,9702.1
down_proj,8720,9725.14
down_proj,8736,9745.97
down_proj,8752,9746.99
down_proj,8768,9748.88
down_proj,8784,9719.72
down_proj,8800,9726.82
down_proj,8816,9736.34
down_proj,8832,9729.03
down_proj,8848,9779.47
down_proj,8864,9786
down_proj,8880,9758.75
down_proj,8896,9778.67
down_proj,8912,9801.4
down_proj,8928,9776.16
down_proj,8944,9800.62
down_proj,8960,9772.68
down_proj,8976,10528
down_proj,8992,10530.7
down_proj,9008,10501.5
down_proj,9024,10476.7
down_proj,9040,10509.8
down_proj,9056,10528.5
down_proj,9072,10513.2
down_proj,9088,10504.9
down_proj,9104,10518.4
down_proj,9120,10503.8
down_proj,9136,10528.3
down_proj,9152,10536.2
down_proj,9168,10532.3
down_proj,9184,10523.4
down_proj,9200,10538.9
down_proj,9216,10531.7
down_proj,9232,10533.7
down_proj,9248,10542.9
down_proj,9264,10533
down_proj,9280,10526.4
down_proj,9296,10527.2
down_proj,9312,10554
down_proj,9328,10531.5
down_proj,9344,10555.4
down_proj,9360,10528.7
down_proj,9376,10571.4
down_proj,9392,10557.3
down_proj,9408,10567.1
down_proj,9424,10583.8
down_proj,9440,10551.3
down_proj,9456,10549.8
down_proj,9472,10562.7
down_proj,9488,10538.8
down_proj,9504,10597.7
down_proj,9520,10600.9
down_proj,9536,10604.5
down_proj,9552,10601.9
down_proj,9568,10582.7
down_proj,9584,10607.3
down_proj,9600,10638.5
down_proj,9616,10618.2
down_proj,9632,10618
down_proj,9648,10636.6
down_proj,9664,10628.5
down_proj,9680,10635.4
down_proj,9696,10648.4
down_proj,9712,10674
down_proj,9728,10621.6
down_proj,9744,11338
down_proj,9760,11361.4
down_proj,9776,11347.9
down_proj,9792,11354.8
down_proj,9808,11344.3
down_proj,9824,11390.2
down_proj,9840,11343.9
down_proj,9856,11377.2
down_proj,9872,11387.7
down_proj,9888,11333.4
down_proj,9904,11401.3
down_proj,9920,11419.5
down_proj,9936,11368.1
down_proj,9952,11385.9
down_proj,9968,11403.1
down_proj,9984,11367.6
down_proj,10000,11385
down_proj,10016,11407.4
down_proj,10032,11403.2
down_proj,10048,11385.8
down_proj,10064,11366.5
down_proj,10080,11414.3
down_proj,10096,11392.4
down_proj,10112,11384.2
down_proj,10128,11381.7
down_proj,10144,11406.2
down_proj,10160,11439.3
down_proj,10176,11390.5
down_proj,10192,11446
down_proj,10208,11438.1
down_proj,10224,11392.2
down_proj,10240,11398.3
down_proj,10256,11424.8
down_proj,10272,11463.9
down_proj,10288,11428.4
down_proj,10304,11447.8
down_proj,10320,11419.1
down_proj,10336,11463.7
down_proj,10352,11427.7
down_proj,10368,11457.2
down_proj,10384,11486.9
down_proj,10400,11521.5
down_proj,10416,11516.7
down_proj,10432,11490.4
down_proj,10448,11486.4
down_proj,10464,11487.1
down_proj,10480,11529.3
down_proj,10496,11531.7
down_proj,10512,12232.1
down_proj,10528,12187
down_proj,10544,12200.6
down_proj,10560,12214.6
down_proj,10576,12238.5
down_proj,10592,12186.5
down_proj,10608,12246.2
down_proj,10624,12188
down_proj,10640,12207.2
down_proj,10656,12243.2
down_proj,10672,12238.3
down_proj,10688,12205.4
down_proj,10704,12213.1
down_proj,10720,12225.3
down_proj,10736,12250.3
down_proj,10752,12241.3
down_proj,10768,12258.5
down_proj,10784,12230.3
down_proj,10800,12225.1
down_proj,10816,12250.4
down_proj,10832,12234.4
down_proj,10848,12230.6
down_proj,10864,12215.8
down_proj,10880,12252.7
down_proj,10896,12257.7
down_proj,10912,12278.5
down_proj,10928,12271.9
down_proj,10944,12277.7
down_proj,10960,12301.1
down_proj,10976,12269.4
down_proj,10992,12262.5
down_proj,11008,12284.2
down_proj,11024,12300
down_proj,11040,12346.4
down_proj,11056,12285
down_proj,11072,12296.8
down_proj,11088,12350.4
down_proj,11104,12340
down_proj,11120,12302.3
down_proj,11136,12349.1
down_proj,11152,12397.4
down_proj,11168,12370.4
down_proj,11184,12355.5
down_proj,11200,12366.4
down_proj,11216,12335.7
down_proj,11232,12359.4
down_proj,11248,12368.3
down_proj,11264,12421.6
down_proj,11280,13090.1
down_proj,11296,13111.7
down_proj,11312,13090.4
down_proj,11328,13121.9
down_proj,11344,13075.4
down_proj,11360,13094.3
down_proj,11376,13081
down_proj,11392,13109.6
down_proj,11408,13098.8
down_proj,11424,13128.1
down_proj,11440,13121.7
down_proj,11456,13103.1
down_proj,11472,13152.4
down_proj,11488,13111.3
down_proj,11504,13107.3
down_proj,11520,13087.7
down_proj,11536,13113.7
down_proj,11552,13122.2
down_proj,11568,13178.9
down_proj,11584,13139.3
down_proj,11600,13173.2
down_proj,11616,13105.3
down_proj,11632,13149.2
down_proj,11648,13095.5
down_proj,11664,13216.2
down_proj,11680,13173.9
down_proj,11696,13162.9
down_proj,11712,13255.4
down_proj,11728,13180.6
down_proj,11744,13179
down_proj,11760,13202.6
down_proj,11776,13174.3
down_proj,11792,13175.9
down_proj,11808,13195.3
down_proj,11824,13261.2
down_proj,11840,13199.4
down_proj,11856,13212.1
down_proj,11872,13179.6
down_proj,11888,13251.9
down_proj,11904,13270.6
down_proj,11920,13301.7
down_proj,11936,13289.8
down_proj,11952,13214.1
down_proj,11968,13241.2
down_proj,11984,13278.9
down_proj,12000,13231.1
down_proj,12016,13226.9
down_proj,12032,13338.6
down_proj,12048,14015.5
down_proj,12064,13979.3
down_proj,12080,13973.5
down_proj,12096,13993.7
down_proj,12112,13972.9
down_proj,12128,14011.8
down_proj,12144,13997.6
down_proj,12160,13999.4
down_proj,12176,13989
down_proj,12192,14016.2
down_proj,12208,13990.9
down_proj,12224,13996.2
down_proj,12240,13987.4
down_proj,12256,14020.5
down_proj,12272,14040.8
down_proj,12288,14018.4
down_proj,12304,14043.1
down_proj,12320,14016.6
down_proj,12336,14052.4
down_proj,12352,14020.4
down_proj,12368,14035.7
down_proj,12384,14026.7
down_proj,12400,14027
down_proj,12416,14071.7
down_proj,12432,14046.7
down_proj,12448,14073.3
down_proj,12464,14068
down_proj,12480,14108.6
down_proj,12496,14084.3
down_proj,12512,14050
down_proj,12528,14062.6
down_proj,12544,14062.4
down_proj,12560,14102.3
down_proj,12576,14110.7
down_proj,12592,14091.7
down_proj,12608,14145.4
down_proj,12624,14108.5
down_proj,12640,14112.1
down_proj,12656,14116.8
down_proj,12672,14110.6
down_proj,12688,14837.9
down_proj,12704,14866.3
down_proj,12720,14868
down_proj,12736,14843.7
down_proj,12752,14845.4
down_proj,12768,14859.3
down_proj,12784,14842.9
down_proj,12800,14858.6
down_proj,12816,14858.3
down_proj,12832,14873.8
down_proj,12848,14887.7
down_proj,12864,14889.3
down_proj,12880,14864.3
down_proj,12896,14877.2
down_proj,12912,14881.9
down_proj,12928,14853.5
down_proj,12944,14884.2
down_proj,12960,14909.5
down_proj,12976,14926.2
down_proj,12992,14885.2
down_proj,13008,14920.5
down_proj,13024,14903.8
down_proj,13040,14900.9
down_proj,13056,14919.4
down_proj,13072,14925.3
down_proj,13088,14941.4
down_proj,13104,14914.7
down_proj,13120,14945.3
down_proj,13136,14959.7
down_proj,13152,14964.7
down_proj,13168,14954.1
down_proj,13184,14955.2
down_proj,13200,14935.2
down_proj,13216,14956.6
down_proj,13232,14965.9
down_proj,13248,14960.7
down_proj,13264,14986.8
down_proj,13280,14929.4
down_proj,13296,14980.9
down_proj,13312,14980.4
down_proj,13328,15023.5
down_proj,13344,15013.6
down_proj,13360,15039.7
down_proj,13376,15018.4
down_proj,13392,15043.2
down_proj,13408,15053.6
down_proj,13424,15022.6
down_proj,13440,15059.3
down_proj,13456,15741.6
down_proj,13472,15786.8
down_proj,13488,15750
down_proj,13504,15764.4
down_proj,13520,15763.7
down_proj,13536,15741.8
down_proj,13552,15714.7
down_proj,13568,15753
down_proj,13584,15773.4
down_proj,13600,15764.6
down_proj,13616,15776.5
down_proj,13632,15779.2
down_proj,13648,15746.8
down_proj,13664,15804.9
down_proj,13680,15810.6
down_proj,13696,15814.7
down_proj,13712,15835.7
down_proj,13728,15769.5
down_proj,13744,15787.9
down_proj,13760,15798.2
down_proj,13776,15776.8
down_proj,13792,15825.2
down_proj,13808,15803.1
down_proj,13824,15804.1
down_proj,13840,15815.4
down_proj,13856,15851
down_proj,13872,15799.1
down_proj,13888,15802
down_proj,13904,15826.9
down_proj,13920,15814.1
down_proj,13936,15831.5
down_proj,13952,15812.4
down_proj,13968,15845.5
down_proj,13984,15857.3
down_proj,14000,15875.3
down_proj,14016,15874.4
down_proj,14032,15878.6
down_proj,14048,15859.8
down_proj,14064,15884.2
down_proj,14080,15848.2
down_proj,14096,15898.3
down_proj,14112,15894.9
down_proj,14128,15943
down_proj,14144,15914.4
down_proj,14160,15908.8
down_proj,14176,15941.4
down_proj,14192,15941.8
down_proj,14208,15945.2
down_proj,14224,16613.7
down_proj,14240,16621.3
down_proj,14256,16661.9
down_proj,14272,16657.4
down_proj,14288,16625.9
down_proj,14304,16622.4
down_proj,14320,16664.2
down_proj,14336,16656.7
down_proj,14352,16645.7
down_proj,14368,16651.3
down_proj,14384,16609.7
down_proj,14400,16667.3
down_proj,14416,16692.4
down_proj,14432,16625.6
down_proj,14448,16601.1
down_proj,14464,16645.1
down_proj,14480,16652.8
down_proj,14496,16642.4
down_proj,14512,16657.9
down_proj,14528,16670.8
down_proj,14544,16638.5
down_proj,14560,16637.4
down_proj,14576,16655.9
down_proj,14592,16637
down_proj,14608,16667.9
down_proj,14624,16665.1
down_proj,14640,16656.2
down_proj,14656,16664.7
down_proj,14672,16651.1
down_proj,14688,16657.4
down_proj,14704,16776.9
down_proj,14720,16692.8
down_proj,14736,16772.8
down_proj,14752,16698.4
down_proj,14768,16683.7
down_proj,14784,16796.5
down_proj,14800,16670.5
down_proj,14816,16683.1
down_proj,14832,16644.7
down_proj,14848,16812.5
down_proj,14864,16851.7
down_proj,14880,16828.4
down_proj,14896,16833.1
down_proj,14912,16715.9
down_proj,14928,16796.5
down_proj,14944,16803.4
down_proj,14960,16895.4
down_proj,14976,16879.1
down_proj,14992,17454.5
down_proj,15008,17557.3
down_proj,15024,17562.1
down_proj,15040,17390.4
down_proj,15056,17575.5
down_proj,15072,17373.8
down_proj,15088,17570.6
down_proj,15104,17428.1
down_proj,15120,17506.5
down_proj,15136,17519.6
down_proj,15152,17515.5
down_proj,15168,17353.1
down_proj,15184,17464.9
down_proj,15200,17541.3
down_proj,15216,17522.8
down_proj,15232,17511.2
down_proj,15248,17600.8
down_proj,15264,17396.1
down_proj,15280,17486.5
down_proj,15296,17611.9
down_proj,15312,17524.3
down_proj,15328,17536.8
down_proj,15344,17577.4
down_proj,15360,17610.8
down_proj,15376,17601.8
down_proj,15392,17544.6
down_proj,15408,17627.2
down_proj,15424,17623.9
down_proj,15440,17627.4
down_proj,15456,17577
down_proj,15472,17528.1
down_proj,15488,17606.6
down_proj,15504,17609
down_proj,15520,17672.6
down_proj,15536,17651.5
down_proj,15552,17615.4
down_proj,15568,17510.5
down_proj,15584,17662.5
down_proj,15600,17483.2
down_proj,15616,17672.6
down_proj,15632,17728.7
down_proj,15648,17582.1
down_proj,15664,17723.3
down_proj,15680,17716.7
down_proj,15696,17684
down_proj,15712,17613.9
down_proj,15728,17609.8
down_proj,15744,17589.1
down_proj,15760,18335.7
down_proj,15776,18346.1
down_proj,15792,18294
down_proj,15808,18310.4
down_proj,15824,18384.1
down_proj,15840,18340.7
down_proj,15856,18343.2
down_proj,15872,18333.7
down_proj,15888,18356
down_proj,15904,18396.5
down_proj,15920,18330.7
down_proj,15936,18380
down_proj,15952,18369.6
down_proj,15968,18352.1
down_proj,15984,18393.2
down_proj,16000,18399.3
down_proj,16016,18346.5
down_proj,16032,18397.3
down_proj,16048,18394.6
down_proj,16064,18377.6
down_proj,16080,18360.2
down_proj,16096,18362.4
down_proj,16112,18356.2
down_proj,16128,18367.2
down_proj,16144,18402.5
down_proj,16160,18420.7
down_proj,16176,18413.9
down_proj,16192,18363.4
down_proj,16208,18379.7
down_proj,16224,18407.5
down_proj,16240,18381.6
down_proj,16256,18367.8
down_proj,16272,18458.9
down_proj,16288,18439.5
down_proj,16304,18435.2
down_proj,16320,18443.5
down_proj,16336,18419.8
down_proj,16352,18435.5
down_proj,16368,18452
down_proj,16384,18425.7
embedding,1,2.678
embedding,2,3.424
embedding,3,3.59467
embedding,4,3.82933
embedding,5,4.256
embedding,6,4.38367
embedding,7,4.62967
embedding,8,4.704
embedding,9,5.21567
embedding,10,5.36567
embedding,11,5.632
embedding,12,5.931
embedding,13,6.28233
embedding,14,6.496
embedding,15,6.62433
embedding,16,6.74133
embedding,20,3.05067
embedding,24,2.75233
embedding,28,2.99733
embedding,32,2.79467
embedding,36,3.072
embedding,40,2.77333
embedding,44,2.96533
embedding,48,2.76267
embedding,52,2.987
embedding,56,2.80567
embedding,60,3.02933
embedding,64,2.85833
embedding,80,2.95467
embedding,96,3.14667
embedding,112,3.16767
embedding,128,3.25333
embedding,144,3.786
embedding,160,3.86133
embedding,176,3.88267
embedding,192,4.12767
embedding,208,4.08533
embedding,224,4.192
embedding,240,4.25633
embedding,256,4.34133
embedding,272,4.71467
embedding,288,4.77867
embedding,304,4.87467
embedding,320,5.22633
embedding,336,5.16267
embedding,352,5.13033
embedding,368,5.16267
embedding,384,5.248
embedding,400,5.621
embedding,416,5.58933
embedding,432,5.71733
embedding,448,5.82367
embedding,464,5.877
embedding,480,5.962
embedding,496,5.93067
embedding,512,6.133
embedding,528,6.19733
embedding,544,6.31433
embedding,560,6.35733
embedding,576,6.38867
embedding,592,6.56033
embedding,608,6.57067
embedding,624,6.762
embedding,640,6.70933
embedding,656,6.82633
embedding,672,7.01867
embedding,688,7.05067
embedding,704,7.08233
embedding,720,7.15733
embedding,736,7.2
embedding,752,7.29567
embedding,768,7.27467
embedding,784,7.424
embedding,800,7.53033
embedding,816,7.43433
embedding,832,7.616
embedding,848,7.72267
embedding,864,7.723
embedding,880,7.86133
embedding,896,7.95767
embedding,912,7.89333
embedding,928,8.10667
embedding,944,8.05333
embedding,960,8.224
embedding,976,8.224
embedding,992,8.309
embedding,1008,8.43767
embedding,1024,8.48033
embedding,1040,8.67167
embedding,1056,8.72467
embedding,1072,8.78933
embedding,1088,8.832
embedding,1104,9.077
embedding,1120,9.034
embedding,1136,9.09867
embedding,1152,9.18367
embedding,1168,9.18333
embedding,1184,9.40767
embedding,1200,9.29067
embedding,1216,9.35467
embedding,1232,9.40867
embedding,1248,9.62167
embedding,1264,9.68533
embedding,1280,9.70667
embedding,1296,9.80267
embedding,1312,9.81367
embedding,1328,9.941
embedding,1344,9.83533
embedding,1360,9.98433
embedding,1376,10.1327
embedding,1392,10.2187
embedding,1408,10.208
embedding,1424,10.2823
embedding,1440,10.389
embedding,1456,10.3467
embedding,1472,10.5493
embedding,1488,10.464
embedding,1504,10.5917
embedding,1520,10.624
embedding,1536,10.6773
embedding,1552,10.7737
embedding,1568,10.901
embedding,1584,10.88
embedding,1600,11.072
embedding,1616,11.1573
embedding,1632,11.2963
embedding,1648,11.2213
embedding,1664,11.36
embedding,1680,11.5307
embedding,1696,11.4773
embedding,1712,11.6803
embedding,1728,11.6693
embedding,1744,11.6907
embedding,1760,11.8823
embedding,1776,11.872
embedding,1792,12.0427
embedding,1808,12.064
embedding,1824,11.989
embedding,1840,12.224
embedding,1856,12.2663
embedding,1872,12.3627
embedding,1888,12.3947
embedding,1904,12.5653
embedding,1920,12.8
embedding,1936,13.12
embedding,1952,12.7787
embedding,1968,12.9277
embedding,1984,13.0343
embedding,2000,13.2053
embedding,2016,13.088
embedding,2032,13.5253
embedding,2048,13.3227
embedding,2064,13.3973
embedding,2080,13.536
embedding,2096,13.6003
embedding,2112,13.611
embedding,2128,13.7067
embedding,2144,13.899
embedding,2160,14.0373
embedding,2176,14.0267
embedding,2192,14.0267
embedding,2208,14.1443
embedding,2224,14.0367
embedding,2240,14.1867
embedding,2256,14.3147
embedding,2272,14.39
embedding,2288,14.4107
embedding,2304,14.603
embedding,2320,14.5493
embedding,2336,14.656
embedding,2352,14.8267
embedding,2368,14.795
embedding,2384,14.72
embedding,2400,15.0183
embedding,2416,14.9653
embedding,2432,14.9653
embedding,2448,15.1253
embedding,2464,15.4667
embedding,2480,15.3813
embedding,2496,15.2423
embedding,2512,15.3383
embedding,2528,15.424
embedding,2544,15.6797
embedding,2560,15.5303
embedding,2576,15.7227
embedding,2592,15.68
embedding,2608,15.936
embedding,2624,15.8933
embedding,2640,16.0853
embedding,2656,16.32
embedding,2672,16.1387
embedding,2688,16.4587
embedding,2704,16.6293
embedding,2720,16.5973
embedding,2736,16.629
embedding,2752,16.7257
embedding,2768,16.608
embedding,2784,17.2053
embedding,2800,17.1947
embedding,2816,16.96
embedding,2832,17.1627
embedding,2848,17.387
embedding,2864,17.525
embedding,2880,17.2267
embedding,2896,18.1443
embedding,2912,17.4617
embedding,2928,17.6107
embedding,2944,17.6313
embedding,2960,17.7707
embedding,2976,17.824
embedding,2992,18.0267
embedding,3008,18.1653
embedding,3024,18.0797
embedding,3040,18.2507
embedding,3056,18.272
embedding,3072,18.816
embedding,3088,18.538
embedding,3104,19.093
embedding,3120,18.8153
embedding,3136,18.5273
embedding,3152,18.72
embedding,3168,19.232
embedding,3184,19.0507
embedding,3200,19.1577
embedding,3216,19.1257
embedding,3232,19.2107
embedding,3248,19.1253
embedding,3264,19.5947
embedding,3280,19.456
embedding,3296,19.7123
embedding,3312,19.7333
embedding,3328,20.352
embedding,3344,19.712
embedding,3360,19.6693
embedding,3376,19.744
embedding,3392,20.608
embedding,3408,20.1067
embedding,3424,20.2343
embedding,3440,20.458
embedding,3456,20.32
embedding,3472,20.032
embedding,3488,20.2877
embedding,3504,20.5547
embedding,3520,20.416
embedding,3536,20.651
embedding,3552,20.4683
embedding,3568,20.8117
embedding,3584,20.9813
embedding,3600,20.9487
embedding,3616,20.907
embedding,3632,21.3013
embedding,3648,20.7683
embedding,3664,21.1313
embedding,3680,20.9813
embedding,3696,21.536
embedding,3712,21.5893
embedding,3728,21.365
embedding,3744,21.3753
embedding,3760,21.1627
embedding,3776,21.4187
embedding,3792,21.919
embedding,3808,21.974
embedding,3824,21.9947
embedding,3840,21.7177
embedding,3856,21.5787
embedding,3872,22.2293
embedding,3888,22.1867
embedding,3904,22.4107
embedding,3920,21.952
embedding,3936,22.3253
embedding,3952,22.4747
embedding,3968,22.688
embedding,3984,22.5497
embedding,4000,22.4107
embedding,4016,22.7417
embedding,4032,22.752
embedding,4048,22.4747
embedding,4064,22.6023
embedding,4080,22.9113
embedding,4096,22.6667
embedding,4112,22.8807
embedding,4128,23.1683
embedding,4144,22.8367
embedding,4160,23.029
embedding,4176,23.0617
embedding,4192,23.221
embedding,4208,22.699
embedding,4224,23.2107
embedding,4240,23.008
embedding,4256,23.6687
embedding,4272,23.5093
embedding,4288,23.8617
embedding,4304,23.7863
embedding,4320,23.5947
embedding,4336,23.7013
embedding,4352,24.043
embedding,4368,24.16
embedding,4384,24.3093
embedding,4400,24.4057
embedding,4416,24.639
embedding,4432,24.4053
embedding,4448,24.2983
embedding,4464,24.3947
embedding,4480,24.3847
embedding,4496,24.512
embedding,4512,24.8853
embedding,4528,24.9173
embedding,4544,25.5467
embedding,4560,25.376
embedding,4576,25.4297
embedding,4592,25.6643
embedding,4608,25.589
embedding,4624,25.7493
embedding,4640,26.0263
embedding,4656,26.0907
embedding,4672,25.8773
embedding,4688,26.1973
embedding,4704,26.4533
embedding,4720,26.592
embedding,4736,26.304
embedding,4752,26.6453
embedding,4768,26.123
embedding,4784,26.8587
embedding,4800,26.8053
embedding,4816,26.8157
embedding,4832,27.5307
embedding,4848,27.3707
embedding,4864,27.179
embedding,4880,27.851
embedding,4896,28.0533
embedding,4912,27.8613
embedding,4928,28.3627
embedding,4944,28.832
embedding,4960,30.048
embedding,4976,29.1733
embedding,4992,29.2373
embedding,5008,30.059
embedding,5024,30.7197
embedding,5040,31.9997
embedding,5056,30.3463
embedding,5072,30.752
embedding,5088,30.7307
embedding,5104,30.528
embedding,5120,29.9307
embedding,5136,31.904
embedding,5152,32.3093
embedding,5168,32.213
embedding,5184,32.9707
embedding,5200,32.8
embedding,5216,33.4613
embedding,5232,33.408
embedding,5248,32.8107
embedding,5264,33.024
embedding,5280,33.3973
embedding,5296,33.749
embedding,5312,32.7467
embedding,5328,34.4533
embedding,5344,33.28
embedding,5360,34.0693
embedding,5376,33.0453
embedding,5392,33.3013
embedding,5408,34.1333
embedding,5424,33.9843
embedding,5440,33.6747
embedding,5456,34.251
embedding,5472,33.6427
embedding,5488,34.1233
embedding,5504,34.581
embedding,5520,34.2933
embedding,5536,34.5067
embedding,5552,34.667
embedding,5568,34.3893
embedding,5584,34.7947
embedding,5600,34.3467
embedding,5616,35.104
embedding,5632,36.405
embedding,5648,34.9333
embedding,5664,35.669
embedding,5680,35.7973
embedding,5696,36.0853
embedding,5712,36.9063
embedding,5728,35.7763
embedding,5744,37.0453
embedding,5760,35.6267
embedding,5776,36.3733
embedding,5792,36.4373
embedding,5808,38.7947
embedding,5824,38.6447
embedding,5840,38.624
embedding,5856,38.9767
embedding,5872,37.2907
embedding,5888,37.8133
embedding,5904,40.1917
embedding,5920,40.075
embedding,5936,39.0613
embedding,5952,40.0427
embedding,5968,39.7653
embedding,5984,40.032
embedding,6000,40.1923
embedding,6016,39.6053
embedding,6032,40.128
embedding,6048,41.5997
embedding,6064,42.3787
embedding,6080,42.3893
embedding,6096,42.091
embedding,6112,42.933
embedding,6128,43.1467
embedding,6144,43.531
embedding,6160,43.0613
embedding,6176,43.072
embedding,6192,43.5193
embedding,6208,43.4027
embedding,6224,44.3733
embedding,6240,43.7223
embedding,6256,43.8187
embedding,6272,44.0107
embedding,6288,45.7493
embedding,6304,44.491
embedding,6320,44.1497
embedding,6336,45.6747
embedding,6352,45.4513
embedding,6368,44.608
embedding,6384,44.79
embedding,6400,45.3547
embedding,6416,45.355
embedding,6432,45.5257
embedding,6448,46.2613
embedding,6464,46.6777
embedding,6480,46.6667
embedding,6496,46.464
embedding,6512,47.04
embedding,6528,47.1477
embedding,6544,47.3493
embedding,6560,47.9683
embedding,6576,47.6587
embedding,6592,47.6057
embedding,6608,48.2453
embedding,6624,48.9927
embedding,6640,49.7387
embedding,6656,49.0453
embedding,6672,49.1307
embedding,6688,49.504
embedding,6704,49.0987
embedding,6720,49.6
embedding,6736,48.992
embedding,6752,49.3653
embedding,6768,49.8667
embedding,6784,49.9097
embedding,6800,49.579
embedding,6816,49.8347
embedding,6832,49.7707
embedding,6848,49.1947
embedding,6864,48.7467
embedding,6880,49.8027
embedding,6896,49.9093
embedding,6912,50.7093
embedding,6928,50.016
embedding,6944,50.411
embedding,6960,49.6853
embedding,6976,49.6213
embedding,6992,50.9553
embedding,7008,50.528
embedding,7024,51.1253
embedding,7040,50.7527
embedding,7056,51.072
embedding,7072,51.2217
embedding,7088,51.211
embedding,7104,50.9657
embedding,7120,51.6267
embedding,7136,52.0533
embedding,7152,51.4987
embedding,7168,52.203
embedding,7184,52.672
embedding,7200,52.3413
embedding,7216,51.8507
embedding,7232,52.5017
embedding,7248,53.1733
embedding,7264,52.907
embedding,7280,54.1227
embedding,7296,54.464
embedding,7312,53.856
embedding,7328,53.3977
embedding,7344,53.3447
embedding,7360,53.8987
embedding,7376,53.824
embedding,7392,54.219
embedding,7408,53.4297
embedding,7424,54.1443
embedding,7440,53.835
embedding,7456,54.6457
embedding,7472,53.8347
embedding,7488,54.8167
embedding,7504,55.7973
embedding,7520,55.2643
embedding,7536,55.019
embedding,7552,55.04
embedding,7568,55.3817
embedding,7584,56.2243
embedding,7600,55.776
embedding,7616,56.416
embedding,7632,56.384
embedding,7648,56.4697
embedding,7664,56.1387
embedding,7680,56.5233
embedding,7696,56.7367
embedding,7712,56.427
embedding,7728,57.4933
embedding,7744,56.8547
embedding,7760,57.4933
embedding,7776,58.0167
embedding,7792,57.824
embedding,7808,58.315
embedding,7824,58.2403
embedding,7840,57.3973
embedding,7856,57.792
embedding,7872,58.379
embedding,7888,57.8137
embedding,7904,58.336
embedding,7920,58.1017
embedding,7936,58.1337
embedding,7952,58.7947
embedding,7968,58.6237
embedding,7984,59.5737
embedding,8000,59.1787
embedding,8016,59.7657
embedding,8032,61.2913
embedding,8048,60.7257
embedding,8064,59.915
embedding,8080,60.8967
embedding,8096,60.8217
embedding,8112,61.3447
embedding,8128,60.886
embedding,8144,61.2587
embedding,8160,62.3147
embedding,8176,63.0933
embedding,8192,62.336
embedding,8208,63.36
embedding,8224,63.1573
embedding,8240,63.5307
embedding,8256,64.384
embedding,8272,64.2033
embedding,8288,63.5307
embedding,8304,63.648
embedding,8320,64.545
embedding,8336,64.7043
embedding,8352,65.483
embedding,8368,64.5333
embedding,8384,65.0027
embedding,8400,65.9733
embedding,8416,66.358
embedding,8432,66.624
embedding,8448,67.008
embedding,8464,67.1153
embedding,8480,66.8693
embedding,8496,67.1043
embedding,8512,67.3283
embedding,8528,67.446
embedding,8544,67.734
embedding,8560,67.499
embedding,8576,67.7653
embedding,8592,69.4507
embedding,8608,68.928
embedding,8624,68.5973
embedding,8640,69.1413
embedding,8656,69.5787
embedding,8672,69.355
embedding,8688,68.747
embedding,8704,69.9947
embedding,8720,69.792
embedding,8736,70.3577
embedding,8752,69.611
embedding,8768,69.782
embedding,8784,70.3043
embedding,8800,70.326
embedding,8816,70.5283
embedding,8832,70.3473
embedding,8848,70.6347
embedding,8864,70.5607
embedding,8880,70.496
embedding,8896,70.8267
embedding,8912,71.4667
embedding,8928,71.232
embedding,8944,71.0293
embedding,8960,71.371
embedding,8976,71.4673
embedding,8992,72.2563
embedding,9008,71.9573
embedding,9024,72.1497
embedding,9040,72.182
embedding,9056,72.9923
embedding,9072,72.779
embedding,9088,72.7467
embedding,9104,73.3333
embedding,9120,74.1867
embedding,9136,73.6537
embedding,9152,73.7813
embedding,9168,74.9657
embedding,9184,74.2087
embedding,9200,74.6247
embedding,9216,74.9023
embedding,9232,74.9763
embedding,9248,75.1147
embedding,9264,75.616
embedding,9280,75.19
embedding,9296,75.3287
embedding,9312,75.2963
embedding,9328,75.712
embedding,9344,75.947
embedding,9360,76.0217
embedding,9376,76.3953
embedding,9392,76.4267
embedding,9408,76.619
embedding,9424,76.6507
embedding,9440,76.704
embedding,9456,76.5977
embedding,9472,77.5043
embedding,9488,77.4617
embedding,9504,77.3867
embedding,9520,77.558
embedding,9536,78.9447
embedding,9552,77.5153
embedding,9568,78.2723
embedding,9584,77.9523
embedding,9600,77.7067
embedding,9616,78.3893
embedding,9632,79.3713
embedding,9648,78.3367
embedding,9664,79.371
embedding,9680,79.3497
embedding,9696,79.265
embedding,9712,79.84
embedding,9728,81.707
embedding,9744,80.0327
embedding,9760,80.459
embedding,9776,80.1923
embedding,9792,80.15
embedding,9808,81.2373
embedding,9824,80.8967
embedding,9840,80.4057
embedding,9856,80.9813
embedding,9872,80.7897
embedding,9888,81.4933
embedding,9904,81.3337
embedding,9920,81.5793
embedding,9936,81.1417
embedding,9952,81.5893
embedding,9968,81.7713
embedding,9984,82.2723
embedding,10000,82.5173
embedding,10016,82.432
embedding,10032,83.2003
embedding,10048,82.742
embedding,10064,82.7307
embedding,10080,83.435
embedding,10096,83.7873
embedding,10112,83.1473
embedding,10128,83.904
embedding,10144,83.7127
embedding,10160,84.0013
embedding,10176,84.374
embedding,10192,84.8963
embedding,10208,84.8853
embedding,10224,85.2697
embedding,10240,85.131
embedding,10256,85.451
embedding,10272,84.8967
embedding,10288,85.4297
embedding,10304,85.025
embedding,10320,85.6967
embedding,10336,86.0377
embedding,10352,85.9953
embedding,10368,86.2937
embedding,10384,86.3257
embedding,10400,86.2407
embedding,10416,85.9953
embedding,10432,86.4863
embedding,10448,86.6567
embedding,10464,87.4453
embedding,10480,86.6137
embedding,10496,87.265
embedding,10512,87.8293
embedding,10528,87.5527
embedding,10544,87.8937
embedding,10560,87.8833
embedding,10576,87.435
embedding,10592,88.8327
embedding,10608,88.193
embedding,10624,88.779
embedding,10640,88.992
embedding,10656,88.8747
embedding,10672,88.5973
embedding,10688,89.185
embedding,10704,89.2373
embedding,10720,89.451
embedding,10736,89.2803
embedding,10752,90.1023
embedding,10768,90.1443
embedding,10784,89.6113
embedding,10800,90.8053
embedding,10816,90.155
embedding,10832,90.0373
embedding,10848,89.3233
embedding,10864,90.635
embedding,10880,89.963
embedding,10896,90.091
embedding,10912,91.1893
embedding,10928,90.6133
embedding,10944,90.7307
embedding,10960,91.1157
embedding,10976,91.2433
embedding,10992,91.9043
embedding,11008,91.6377
embedding,11024,92.0223
embedding,11040,91.2643
embedding,11056,92.2563
embedding,11072,92.513
embedding,11088,93.0243
embedding,11104,92.406
embedding,11120,91.7337
embedding,11136,92.4587
embedding,11152,92.9073
embedding,11168,93.334
embedding,11184,92.6833
embedding,11200,93.1093
embedding,11216,94.432
embedding,11232,94.9877
embedding,11248,94.3577
embedding,11264,94.1547
embedding,11280,94.9127
embedding,11296,94.806
embedding,11312,95.3393
embedding,11328,95.4677
embedding,11344,95.0407
embedding,11360,95.1787
embedding,11376,95.4453
embedding,11392,95.328
embedding,11408,96.6193
embedding,11424,96.171
embedding,11440,96.2033
embedding,11456,96.118
embedding,11472,96.6303
embedding,11488,96.2353
embedding,11504,97.2917
embedding,11520,97.9627
embedding,11536,97.078
embedding,11552,97.8457
embedding,11568,97.398
embedding,11584,97.7073
embedding,11600,97.9313
embedding,11616,97.9097
embedding,11632,98.1767
embedding,11648,98.9867
embedding,11664,98.731
embedding,11680,98.934
embedding,11696,99.4993
embedding,11712,99.2757
embedding,11728,99.1043
embedding,11744,99.8943
embedding,11760,100.47
embedding,11776,100.566
embedding,11792,100.267
embedding,11808,100.864
embedding,11824,100.737
embedding,11840,100.331
embedding,11856,101.591
embedding,11872,100.928
embedding,11888,102.294
embedding,11904,101.174
embedding,11920,101.964
embedding,11936,102.166
embedding,11952,102.091
embedding,11968,102.326
embedding,11984,102.636
embedding,12000,102.923
embedding,12016,103.03
embedding,12032,103.03
embedding,12048,103.713
embedding,12064,102.944
embedding,12080,103.542
embedding,12096,103.841
embedding,12112,103.553
embedding,12128,103.968
embedding,12144,104.716
embedding,12160,104.108
embedding,12176,104.672
embedding,12192,104.662
embedding,12208,104.886
embedding,12224,104.534
embedding,12240,105.132
embedding,12256,105.76
embedding,12272,106.71
embedding,12288,106.187
embedding,12304,105.793
embedding,12320,106.337
embedding,12336,107.158
embedding,12352,107.115
embedding,12368,108.256
embedding,12384,108.15
embedding,12400,107.35
embedding,12416,107.317
embedding,12432,108.778
embedding,12448,108.908
embedding,12464,109.227
embedding,12480,109.771
embedding,12496,109.558
embedding,12512,109.27
embedding,12528,111.169
embedding,12544,110.251
embedding,12560,110.784
embedding,12576,110.24
embedding,12592,110.005
embedding,12608,111.926
embedding,12624,111.585
embedding,12640,110.923
embedding,12656,111.211
embedding,12672,111.425
embedding,12688,112.268
embedding,12704,112.395
embedding,12720,112.257
embedding,12736,112.438
embedding,12752,112.833
embedding,12768,112.15
embedding,12784,112.437
embedding,12800,114.069
embedding,12816,112.993
embedding,12832,112.854
embedding,12848,114.294
embedding,12864,112.875
embedding,12880,113.377
embedding,12896,113.729
embedding,12912,114.198
embedding,12928,114.145
embedding,12944,113.963
embedding,12960,114.379
embedding,12976,115.275
embedding,12992,114.849
embedding,13008,115.414
embedding,13024,115.734
embedding,13040,115.082
embedding,13056,114.881
embedding,13072,116.107
embedding,13088,114.955
embedding,13104,116.438
embedding,13120,117.164
embedding,13136,115.67
embedding,13152,116.502
embedding,13168,116.001
embedding,13184,116.63
embedding,13200,119.073
embedding,13216,120.257
embedding,13232,119.969
embedding,13248,120.214
embedding,13264,120.79
embedding,13280,119.958
embedding,13296,120.79
embedding,13312,121.227
embedding,13328,121.887
embedding,13344,123.403
embedding,13360,122.795
embedding,13376,122.625
embedding,13392,123.275
embedding,13408,123.212
embedding,13424,123.318
embedding,13440,123.286
embedding,13456,123.606
embedding,13472,123.809
embedding,13488,123.809
embedding,13504,124.257
embedding,13520,123.862
embedding,13536,124.363
embedding,13552,124.992
embedding,13568,124.086
embedding,13584,124.961
embedding,13600,124.438
embedding,13616,124.555
embedding,13632,125.206
embedding,13648,125.547
embedding,13664,126.176
embedding,13680,125.462
embedding,13696,125.579
embedding,13712,125.729
embedding,13728,125.931
embedding,13744,126.774
embedding,13760,127.393
embedding,13776,126.614
embedding,13792,126.444
embedding,13808,126.966
embedding,13824,126.87
embedding,13840,128.566
embedding,13856,127.2
embedding,13872,127.862
embedding,13888,128.427
embedding,13904,127.553
embedding,13920,127.905
embedding,13936,128.876
embedding,13952,127.478
embedding,13968,128.246
embedding,13984,128.63
embedding,14000,129.046
embedding,14016,129.259
embedding,14032,128.993
embedding,14048,129.462
embedding,14064,129.942
embedding,14080,130.22
embedding,14096,129.899
embedding,14112,129.547
embedding,14128,129.676
embedding,14144,130.752
embedding,14160,130.71
embedding,14176,130.635
embedding,14192,130.049
embedding,14208,131.297
embedding,14224,130.871
embedding,14240,130.774
embedding,14256,131.052
embedding,14272,131.788
embedding,14288,131.617
embedding,14304,131.766
embedding,14320,131.5
embedding,14336,131.926
embedding,14352,131.948
embedding,14368,132.587
embedding,14384,132.374
embedding,14400,132.768
embedding,14416,132.886
embedding,14432,132.363
embedding,14448,133.345
embedding,14464,133.302
embedding,14480,133.547
embedding,14496,133.42
embedding,14512,133.59
embedding,14528,133.451
embedding,14544,133.932
embedding,14560,134.262
embedding,14576,133.91
embedding,14592,135.105
embedding,14608,134.881
embedding,14624,134.88
embedding,14640,135.371
embedding,14656,135.595
embedding,14672,135.884
embedding,14688,135.318
embedding,14704,135.169
embedding,14720,135.809
embedding,14736,135.819
embedding,14752,136.534
embedding,14768,136.428
embedding,14784,136.107
embedding,14800,136.8
embedding,14816,136.908
embedding,14832,137.356
embedding,14848,136.747
embedding,14864,137.451
embedding,14880,137.334
embedding,14896,137.473
embedding,14912,137.612
embedding,14928,138.187
embedding,14944,137.889
embedding,14960,138.102
embedding,14976,138.753
embedding,14992,139.105
embedding,15008,139.307
embedding,15024,138.902
embedding,15040,139.958
embedding,15056,139.212
embedding,15072,139.595
embedding,15088,139.756
embedding,15104,139.532
embedding,15120,139.777
embedding,15136,140.47
embedding,15152,140.651
embedding,15168,140.908
embedding,15184,141.718
embedding,15200,141.345
embedding,15216,140.865
embedding,15232,141.868
embedding,15248,142.081
embedding,15264,141.43
embedding,15280,141.505
embedding,15296,142.07
embedding,15312,142.518
embedding,15328,141.878
embedding,15344,142.636
embedding,15360,142.945
embedding,15376,142.272
embedding,15392,142.955
embedding,15408,143.073
embedding,15424,143.841
embedding,15440,143.649
embedding,15456,143.691
embedding,15472,143.542
embedding,15488,143.702
embedding,15504,143.777
embedding,15520,144.247
embedding,15536,144.257
embedding,15552,144.736
embedding,15568,144.428
embedding,15584,145.878
embedding,15600,145.771
embedding,15616,145.217
embedding,15632,145.025
embedding,15648,145.58
embedding,15664,145.782
embedding,15680,145.579
embedding,15696,145.462
embedding,15712,146.54
embedding,15728,146.187
embedding,15744,146.731
embedding,15760,146.604
embedding,15776,147.009
embedding,15792,147.094
embedding,15808,147.489
embedding,15824,147.008
embedding,15840,147.788
embedding,15856,148.47
embedding,15872,147.542
embedding,15888,148.321
embedding,15904,148.364
embedding,15920,148.545
embedding,15936,148.364
embedding,15952,149.036
embedding,15968,149.42
embedding,15984,149.089
embedding,16000,149.708
embedding,16016,149.152
embedding,16032,149.281
embedding,16048,150.06
embedding,16064,149.708
embedding,16080,150.55
embedding,16096,150.902
embedding,16112,150.305
embedding,16128,151.628
embedding,16144,151.308
embedding,16160,151.393
embedding,16176,150.198
embedding,16192,150.838
embedding,16208,151.233
embedding,16224,151.308
embedding,16240,151.628
embedding,16256,151.244
embedding,16272,151.799
embedding,16288,152.235
embedding,16304,152.257
embedding,16320,152.449
embedding,16336,151.884
embedding,16352,152.555
embedding,16368,152.577
embedding,16384,152.353
final_layernorm,1,2.83733
final_layernorm,2,3.43467
final_layernorm,3,3.44533
final_layernorm,4,3.414
final_layernorm,5,3.43433
final_layernorm,6,3.44533
final_layernorm,7,3.39233
final_layernorm,8,3.49833
final_layernorm,9,3.424
final_layernorm,10,3.424
final_layernorm,11,3.531
final_layernorm,12,3.456
final_layernorm,13,3.467
final_layernorm,14,3.47767
final_layernorm,15,3.52
final_layernorm,16,3.49867
final_layernorm,20,3.51967
final_layernorm,24,3.50933
final_layernorm,28,3.46633
final_layernorm,32,3.50933
final_layernorm,36,3.552
final_layernorm,40,3.54167
final_layernorm,44,3.552
final_layernorm,48,3.60533
final_layernorm,52,3.60533
final_layernorm,56,3.66933
final_layernorm,60,3.72267
final_layernorm,64,3.723
final_layernorm,80,3.94667
final_layernorm,96,4.16
final_layernorm,112,4.39467
final_layernorm,128,4.65067
final_layernorm,144,4.84267
final_layernorm,160,5.152
final_layernorm,176,5.248
final_layernorm,192,6.92267
final_layernorm,208,7.17833
final_layernorm,224,7.30667
final_layernorm,240,7.56233
final_layernorm,256,6.90133
final_layernorm,272,6.88033
final_layernorm,288,7.06133
final_layernorm,304,7.18933
final_layernorm,320,7.36
final_layernorm,336,7.648
final_layernorm,352,7.606
final_layernorm,368,7.904
final_layernorm,384,8.18167
final_layernorm,400,8.53333
final_layernorm,416,8.54367
final_layernorm,432,9.14133
final_layernorm,448,9.29067
final_layernorm,464,9.64267
final_layernorm,480,9.74967
final_layernorm,496,10.0587
final_layernorm,512,10.1443
final_layernorm,528,10.4323
final_layernorm,544,10.7093
final_layernorm,560,10.8267
final_layernorm,576,11.5093
final_layernorm,592,11.4773
final_layernorm,608,11.9043
final_layernorm,624,11.84
final_layernorm,640,12.1703
final_layernorm,656,12.4373
final_layernorm,672,12.64
final_layernorm,688,12.7787
final_layernorm,704,13.056
final_layernorm,720,13.248
final_layernorm,736,13.5893
final_layernorm,752,13.7707
final_layernorm,768,14.368
final_layernorm,784,14.2933
final_layernorm,800,14.4637
final_layernorm,816,15.0613
final_layernorm,832,15.136
final_layernorm,848,15.445
final_layernorm,864,15.5093
final_layernorm,880,15.7867
final_layernorm,896,16.0213
final_layernorm,912,16.5123
final_layernorm,928,16.8
final_layernorm,944,16.928
final_layernorm,960,17.205
final_layernorm,976,17.792
final_layernorm,992,17.8453
final_layernorm,1008,18.0267
final_layernorm,1024,18.1653
final_layernorm,1040,24.6187
final_layernorm,1056,24.864
final_layernorm,1072,25.4823
final_layernorm,1088,25.813
final_layernorm,1104,25.8453
final_layernorm,1120,26.24
final_layernorm,1136,29.4503
final_layernorm,1152,29.3867
final_layernorm,1168,29.8133
final_layernorm,1184,30.1653
final_layernorm,1200,30.5387
final_layernorm,1216,30.048
final_layernorm,1232,30.0163
final_layernorm,1248,30.2827
final_layernorm,1264,30.2717
final_layernorm,1280,30.3573
final_layernorm,1296,25.9413
final_layernorm,1312,26.4213
final_layernorm,1328,26.0693
final_layernorm,1344,30.1973
final_layernorm,1360,30.7627
final_layernorm,1376,30.8267
final_layernorm,1392,30.8267
final_layernorm,1408,31.4343
final_layernorm,1424,31.477
final_layernorm,1440,31.6477
final_layernorm,1456,32.0743
final_layernorm,1472,32.555
final_layernorm,1488,32.5863
final_layernorm,1504,32.885
final_layernorm,1520,33.6213
final_layernorm,1536,33.6107
final_layernorm,1552,39.456
final_layernorm,1568,39.9677
final_layernorm,1584,40.0213
final_layernorm,1600,40.3307
final_layernorm,1616,40.2027
final_layernorm,1632,40.9813
final_layernorm,1648,41.333
final_layernorm,1664,41.6213
final_layernorm,1680,42.688
final_layernorm,1696,42.5703
final_layernorm,1712,42.6133
final_layernorm,1728,42.656
final_layernorm,1744,43.136
final_layernorm,1760,44.021
final_layernorm,1776,44.544
final_layernorm,1792,44.544
final_layernorm,1808,43.6053
final_layernorm,1824,43.776
final_layernorm,1840,44.3193
final_layernorm,1856,44.9383
final_layernorm,1872,45.195
final_layernorm,1888,45.4297
final_layernorm,1904,46.624
final_layernorm,1920,47.0503
final_layernorm,1936,47.1677
final_layernorm,1952,47.8293
final_layernorm,1968,48.1067
final_layernorm,1984,48.6933
final_layernorm,2000,49.76
final_layernorm,2016,49.9197
final_layernorm,2032,50.229
final_layernorm,2048,50.5173
final_layernorm,2064,52.7467
final_layernorm,2080,53.504
final_layernorm,2096,53.6957
final_layernorm,2112,55.456
final_layernorm,2128,55.3913
final_layernorm,2144,56.6933
final_layernorm,2160,56.8103
final_layernorm,2176,58.709
final_layernorm,2192,58.2933
final_layernorm,2208,59.4877
final_layernorm,2224,59.9357
final_layernorm,2240,60.9593
final_layernorm,2256,62.709
final_layernorm,2272,63.872
final_layernorm,2288,64.5333
final_layernorm,2304,65.333
final_layernorm,2320,62.9227
final_layernorm,2336,62.9547
final_layernorm,2352,62.6453
final_layernorm,2368,63.0827
final_layernorm,2384,62.9013
final_layernorm,2400,62.1863
final_layernorm,2416,63.328
final_layernorm,2432,64.2773
final_layernorm,2448,64.5867
final_layernorm,2464,65.088
final_layernorm,2480,65.0773
final_layernorm,2496,65.941
final_layernorm,2512,67.0933
final_layernorm,2528,67.5197
final_layernorm,2544,67.1463
final_layernorm,2560,67.296
final_layernorm,2576,66.0157
final_layernorm,2592,67.0507
final_layernorm,2608,67.1573
final_layernorm,2624,67.3593
final_layernorm,2640,67.904
final_layernorm,2656,68.789
final_layernorm,2672,68.864
final_layernorm,2688,70.1547
final_layernorm,2704,69.8343
final_layernorm,2720,70.197
final_layernorm,2736,71.0717
final_layernorm,2752,71.221
final_layernorm,2768,71.904
final_layernorm,2784,72.042
final_layernorm,2800,71.9673
final_layernorm,2816,72.757
final_layernorm,2832,77.664
final_layernorm,2848,77.6423
final_layernorm,2864,78.5597
final_layernorm,2880,79.3707
final_layernorm,2896,80.2987
final_layernorm,2912,81.0667
final_layernorm,2928,81.205
final_layernorm,2944,82.2183
final_layernorm,2960,83.1253
final_layernorm,2976,82.9543
final_layernorm,2992,85.984
final_layernorm,3008,85.877
final_layernorm,3024,86.5067
final_layernorm,3040,86.6557
final_layernorm,3056,87.4343
final_layernorm,3072,87.9893
final_layernorm,3088,84.2027
final_layernorm,3104,84.6827
final_layernorm,3120,85.8773
final_layernorm,3136,85.8557
final_layernorm,3152,86.4427
final_layernorm,3168,86.784
final_layernorm,3184,88.0963
final_layernorm,3200,88.7147
final_layernorm,3216,88.5227
final_layernorm,3232,89.568
final_layernorm,3248,89.696
final_layernorm,3264,90.6773
final_layernorm,3280,91.936
final_layernorm,3296,91.6053
final_layernorm,3312,92.6507
final_layernorm,3328,93.3117
final_layernorm,3344,93.408
final_layernorm,3360,95.178
final_layernorm,3376,95.2107
final_layernorm,3392,95.616
final_layernorm,3408,96.4907
final_layernorm,3424,97.5573
final_layernorm,3440,99.1143
final_layernorm,3456,99.936
final_layernorm,3472,99.4667
final_layernorm,3488,100.715
final_layernorm,3504,101.184
final_layernorm,3520,101.76
final_layernorm,3536,101.291
final_layernorm,3552,102.24
final_layernorm,3568,105.248
final_layernorm,3584,105.205
final_layernorm,3600,112.32
final_layernorm,3616,113.781
final_layernorm,3632,114.699
final_layernorm,3648,114.997
final_layernorm,3664,114.069
final_layernorm,3680,114.933
final_layernorm,3696,115.445
final_layernorm,3712,117.013
final_layernorm,3728,117.205
final_layernorm,3744,118.091
final_layernorm,3760,118.229
final_layernorm,3776,119.083
final_layernorm,3792,120.203
final_layernorm,3808,120.853
final_layernorm,3824,121.131
final_layernorm,3840,122.006
final_layernorm,3856,117.045
final_layernorm,3872,116.437
final_layernorm,3888,118.08
final_layernorm,3904,118.101
final_layernorm,3920,118.325
final_layernorm,3936,119.467
final_layernorm,3952,120.128
final_layernorm,3968,121.205
final_layernorm,3984,121.013
final_layernorm,4000,124.032
final_layernorm,4016,122.293
final_layernorm,4032,123.776
final_layernorm,4048,124.331
final_layernorm,4064,123.926
final_layernorm,4080,125.408
final_layernorm,4096,124.512
final_layernorm,4112,125.557
final_layernorm,4128,125.525
final_layernorm,4144,127.083
final_layernorm,4160,127.531
final_layernorm,4176,128.32
final_layernorm,4192,129.621
final_layernorm,4208,130.411
final_layernorm,4224,130.987
final_layernorm,4240,132.373
final_layernorm,4256,134.027
final_layernorm,4272,134.411
final_layernorm,4288,134.859
final_layernorm,4304,136.768
final_layernorm,4320,135.947
final_layernorm,4336,135.648
final_layernorm,4352,137.696
final_layernorm,4368,143.264
final_layernorm,4384,145.483
final_layernorm,4400,146.197
final_layernorm,4416,147.264
final_layernorm,4432,147.702
final_layernorm,4448,149.419
final_layernorm,4464,150.997
final_layernorm,4480,152.427
final_layernorm,4496,153.248
final_layernorm,4512,153.43
final_layernorm,4528,154.219
final_layernorm,4544,155.061
final_layernorm,4560,156.214
final_layernorm,4576,157.12
final_layernorm,4592,157.131
final_layernorm,4608,157.995
final_layernorm,4624,152.736
final_layernorm,4640,153.749
final_layernorm,4656,154.848
final_layernorm,4672,156.598
final_layernorm,4688,156.384
final_layernorm,4704,157.803
final_layernorm,4720,157.056
final_layernorm,4736,157.568
final_layernorm,4752,159.36
final_layernorm,4768,158.998
final_layernorm,4784,161.536
final_layernorm,4800,162.091
final_layernorm,4816,163.126
final_layernorm,4832,163.776
final_layernorm,4848,164.821
final_layernorm,4864,164.854
final_layernorm,4880,164.321
final_layernorm,4896,164.438
final_layernorm,4912,165.75
final_layernorm,4928,165.782
final_layernorm,4944,166.017
final_layernorm,4960,166.998
final_layernorm,4976,168.811
final_layernorm,4992,170.187
final_layernorm,5008,170.422
final_layernorm,5024,169.985
final_layernorm,5040,170.304
final_layernorm,5056,171.317
final_layernorm,5072,172.533
final_layernorm,5088,172.288
final_layernorm,5104,173.12
final_layernorm,5120,174.827
final_layernorm,5136,182.752
final_layernorm,5152,183.307
final_layernorm,5168,184.096
final_layernorm,5184,183.787
final_layernorm,5200,187.115
final_layernorm,5216,185.462
final_layernorm,5232,187.627
final_layernorm,5248,187.296
final_layernorm,5264,188.811
final_layernorm,5280,188.64
final_layernorm,5296,189.973
final_layernorm,5312,190.571
final_layernorm,5328,190.998
final_layernorm,5344,191.286
final_layernorm,5360,193.003
final_layernorm,5376,190.998
final_layernorm,5392,188.747
final_layernorm,5408,190.603
final_layernorm,5424,189.728
final_layernorm,5440,192.171
final_layernorm,5456,192.779
final_layernorm,5472,192.065
final_layernorm,5488,192.96
final_layernorm,5504,195.168
final_layernorm,5520,195.51
final_layernorm,5536,195.062
final_layernorm,5552,197.771
final_layernorm,5568,198.166
final_layernorm,5584,198.56
final_layernorm,5600,199.189
final_layernorm,5616,199.19
final_layernorm,5632,199.755
final_layernorm,5648,201.024
final_layernorm,5664,200.523
final_layernorm,5680,201.824
final_layernorm,5696,202.347
final_layernorm,5712,203.275
final_layernorm,5728,203.541
final_layernorm,5744,204.598
final_layernorm,5760,204.864
final_layernorm,5776,205.42
final_layernorm,5792,206.88
final_layernorm,5808,208.267
final_layernorm,5824,208.065
final_layernorm,5840,209.345
final_layernorm,5856,209.825
final_layernorm,5872,210.774
final_layernorm,5888,212.16
final_layernorm,5904,218.326
final_layernorm,5920,219.297
final_layernorm,5936,219.862
final_layernorm,5952,220.652
final_layernorm,5968,221.633
final_layernorm,5984,222.796
final_layernorm,6000,223.744
final_layernorm,6016,223.692
final_layernorm,6032,224.299
final_layernorm,6048,224.662
final_layernorm,6064,225.153
final_layernorm,6080,226.454
final_layernorm,6096,226.038
final_layernorm,6112,225.804
final_layernorm,6128,227.073
final_layernorm,6144,226.763
final_layernorm,6160,226.176
final_layernorm,6176,225.878
final_layernorm,6192,226.88
final_layernorm,6208,227.019
final_layernorm,6224,228.065
final_layernorm,6240,227.819
final_layernorm,6256,229.057
final_layernorm,6272,229.568
final_layernorm,6288,230.507
final_layernorm,6304,231.894
final_layernorm,6320,232.459
final_layernorm,6336,231.883
final_layernorm,6352,232.918
final_layernorm,6368,235.382
final_layernorm,6384,234.689
final_layernorm,6400,234.561
final_layernorm,6416,235.286
final_layernorm,6432,235.734
final_layernorm,6448,238.38
final_layernorm,6464,238.7
final_layernorm,6480,239.19
final_layernorm,6496,239.52
final_layernorm,6512,240.609
final_layernorm,6528,241.291
final_layernorm,6544,240.971
final_layernorm,6560,242.656
final_layernorm,6576,242.294
final_layernorm,6592,243.734
final_layernorm,6608,243.649
final_layernorm,6624,246.017
final_layernorm,6640,245.377
final_layernorm,6656,247.083
final_layernorm,6672,250.124
final_layernorm,6688,249.889
final_layernorm,6704,251.467
final_layernorm,6720,250.636
final_layernorm,6736,252.065
final_layernorm,6752,252.054
final_layernorm,6768,252.811
final_layernorm,6784,252.15
final_layernorm,6800,255.083
final_layernorm,6816,255.841
final_layernorm,6832,255.723
final_layernorm,6848,256.662
final_layernorm,6864,256.822
final_layernorm,6880,257.153
final_layernorm,6896,257.686
final_layernorm,6912,258.987
final_layernorm,6928,262.027
final_layernorm,6944,262.092
final_layernorm,6960,263.841
final_layernorm,6976,264.619
final_layernorm,6992,265.718
final_layernorm,7008,266.081
final_layernorm,7024,267.126
final_layernorm,7040,268.16
final_layernorm,7056,268.129
final_layernorm,7072,269.942
final_layernorm,7088,271.169
final_layernorm,7104,270.934
final_layernorm,7120,272.032
final_layernorm,7136,272.652
final_layernorm,7152,273.025
final_layernorm,7168,273.569
final_layernorm,7184,274.187
final_layernorm,7200,274.603
final_layernorm,7216,275.233
final_layernorm,7232,275.404
final_layernorm,7248,277.697
final_layernorm,7264,277.537
final_layernorm,7280,277.612
final_layernorm,7296,278.678
final_layernorm,7312,279.5
final_layernorm,7328,280.374
final_layernorm,7344,280.289
final_layernorm,7360,281.078
final_layernorm,7376,282.038
final_layernorm,7392,283.083
final_layernorm,7408,282.742
final_layernorm,7424,283.574
final_layernorm,7440,285.58
final_layernorm,7456,285.825
final_layernorm,7472,285.121
final_layernorm,7488,285.996
final_layernorm,7504,287.575
final_layernorm,7520,287.34
final_layernorm,7536,287.638
final_layernorm,7552,287.894
final_layernorm,7568,289.388
final_layernorm,7584,289.633
final_layernorm,7600,289.547
final_layernorm,7616,289.665
final_layernorm,7632,290.294
final_layernorm,7648,291.339
final_layernorm,7664,291.734
final_layernorm,7680,292.833
final_layernorm,7696,295.137
final_layernorm,7712,294.828
final_layernorm,7728,295.969
final_layernorm,7744,298.412
final_layernorm,7760,297.782
final_layernorm,7776,298.561
final_layernorm,7792,298.806
final_layernorm,7808,299.766
final_layernorm,7824,300.449
final_layernorm,7840,301.057
final_layernorm,7856,300.972
final_layernorm,7872,302.647
final_layernorm,7888,302.785
final_layernorm,7904,303.809
final_layernorm,7920,305.644
final_layernorm,7936,305.964
final_layernorm,7952,307.862
final_layernorm,7968,308.428
final_layernorm,7984,309.612
final_layernorm,8000,310.711
final_layernorm,8016,312.246
final_layernorm,8032,312.919
final_layernorm,8048,313.388
final_layernorm,8064,313.526
final_layernorm,8080,314.124
final_layernorm,8096,314.295
final_layernorm,8112,315.617
final_layernorm,8128,316.919
final_layernorm,8144,315.798
final_layernorm,8160,317.015
final_layernorm,8176,317.452
final_layernorm,8192,318.017
final_layernorm,8208,314.913
final_layernorm,8224,315.724
final_layernorm,8240,315.329
final_layernorm,8256,317.014
final_layernorm,8272,316.78
final_layernorm,8288,317.11
final_layernorm,8304,317.878
final_layernorm,8320,318.348
final_layernorm,8336,320.182
final_layernorm,8352,323.148
final_layernorm,8368,322.049
final_layernorm,8384,322.444
final_layernorm,8400,323.681
final_layernorm,8416,324.204
final_layernorm,8432,325.174
final_layernorm,8448,326.113
final_layernorm,8464,327.596
final_layernorm,8480,329.004
final_layernorm,8496,330.977
final_layernorm,8512,331.873
final_layernorm,8528,332.055
final_layernorm,8544,332.876
final_layernorm,8560,332.641
final_layernorm,8576,333.58
final_layernorm,8592,336.418
final_layernorm,8608,337.623
final_layernorm,8624,337.847
final_layernorm,8640,338.636
final_layernorm,8656,340.823
final_layernorm,8672,340.14
final_layernorm,8688,341.164
final_layernorm,8704,341.474
final_layernorm,8720,343.65
final_layernorm,8736,343.756
final_layernorm,8752,344.866
final_layernorm,8768,345.121
final_layernorm,8784,345.761
final_layernorm,8800,346.017
final_layernorm,8816,347.788
final_layernorm,8832,347.692
final_layernorm,8848,349.996
final_layernorm,8864,350.294
final_layernorm,8880,351.415
final_layernorm,8896,352.033
final_layernorm,8912,353.153
final_layernorm,8928,353.985
final_layernorm,8944,354.636
final_layernorm,8960,355.02
final_layernorm,8976,351.021
final_layernorm,8992,351.308
final_layernorm,9008,352.322
final_layernorm,9024,353.335
final_layernorm,9040,353.793
final_layernorm,9056,353.953
final_layernorm,9072,354.817
final_layernorm,9088,355.692
final_layernorm,9104,357.506
final_layernorm,9120,357.538
final_layernorm,9136,358.999
final_layernorm,9152,360.812
final_layernorm,9168,361.399
final_layernorm,9184,362.316
final_layernorm,9200,362.028
final_layernorm,9216,363.724
final_layernorm,9232,365.079
final_layernorm,9248,365.409
final_layernorm,9264,367.18
final_layernorm,9280,367.724
final_layernorm,9296,369.58
final_layernorm,9312,369.773
final_layernorm,9328,369.004
final_layernorm,9344,370.86
final_layernorm,9360,372.663
final_layernorm,9376,373.325
final_layernorm,9392,373.889
final_layernorm,9408,373.719
final_layernorm,9424,374.892
final_layernorm,9440,375.437
final_layernorm,9456,375.991
final_layernorm,9472,377.25
final_layernorm,9488,379.01
final_layernorm,9504,379.042
final_layernorm,9520,378.476
final_layernorm,9536,378.561
final_layernorm,9552,379.084
final_layernorm,9568,380.727
final_layernorm,9584,382.221
final_layernorm,9600,382.263
final_layernorm,9616,384.525
final_layernorm,9632,383.714
final_layernorm,9648,386.189
final_layernorm,9664,385.73
final_layernorm,9680,387.511
final_layernorm,9696,386.338
final_layernorm,9712,386.658
final_layernorm,9728,389.165
final_layernorm,9744,382.039
final_layernorm,9760,383.425
final_layernorm,9776,384.556
final_layernorm,9792,385.154
final_layernorm,9808,385.186
final_layernorm,9824,386.583
final_layernorm,9840,387.949
final_layernorm,9856,388.269
final_layernorm,9872,389.751
final_layernorm,9888,390.082
final_layernorm,9904,391.138
final_layernorm,9920,393.538
final_layernorm,9936,393.975
final_layernorm,9952,393.015
final_layernorm,9968,394.21
final_layernorm,9984,395.863
final_layernorm,10000,397.346
final_layernorm,10016,399.533
final_layernorm,10032,398.488
final_layernorm,10048,398.946
final_layernorm,10064,399.777
final_layernorm,10080,403.714
final_layernorm,10096,401.783
final_layernorm,10112,400.578
final_layernorm,10128,405.186
final_layernorm,10144,406.306
final_layernorm,10160,407.095
final_layernorm,10176,407.65
final_layernorm,10192,408.962
final_layernorm,10208,408.781
final_layernorm,10224,409.933
final_layernorm,10240,410.711
final_layernorm,10256,413.09
final_layernorm,10272,413.453
final_layernorm,10288,414.519
final_layernorm,10304,415.266
final_layernorm,10320,414.679
final_layernorm,10336,416.738
final_layernorm,10352,417.133
final_layernorm,10368,417.623
final_layernorm,10384,418.968
final_layernorm,10400,419.735
final_layernorm,10416,422.05
final_layernorm,10432,423.266
final_layernorm,10448,421.666
final_layernorm,10464,423.202
final_layernorm,10480,423.522
final_layernorm,10496,424.93
final_layernorm,10512,419.426
final_layernorm,10528,419.746
final_layernorm,10544,420.93
final_layernorm,10560,421.314
final_layernorm,10576,422.145
final_layernorm,10592,422.498
final_layernorm,10608,423.127
final_layernorm,10624,423.319
final_layernorm,10640,425.165
final_layernorm,10656,425.933
final_layernorm,10672,427.287
final_layernorm,10688,428.183
final_layernorm,10704,429.25
final_layernorm,10720,429.474
final_layernorm,10736,429.73
final_layernorm,10752,430.679
final_layernorm,10768,432.909
final_layernorm,10784,433.847
final_layernorm,10800,433.015
final_layernorm,10816,434.573
final_layernorm,10832,436.162
final_layernorm,10848,436.355
final_layernorm,10864,436.653
final_layernorm,10880,437.719
final_layernorm,10896,439.266
final_layernorm,10912,440.845
final_layernorm,10928,439.597
final_layernorm,10944,441.656
final_layernorm,10960,442.338
final_layernorm,10976,442.936
final_layernorm,10992,442.615
final_layernorm,11008,444.866
final_layernorm,11024,446.338
final_layernorm,11040,446.2
final_layernorm,11056,447.458
final_layernorm,11072,448.141
final_layernorm,11088,449.858
final_layernorm,11104,450.146
final_layernorm,11120,449.879
final_layernorm,11136,450.957
final_layernorm,11152,453.432
final_layernorm,11168,454.445
final_layernorm,11184,454.754
final_layernorm,11200,455.554
final_layernorm,11216,456.792
final_layernorm,11232,458.637
final_layernorm,11248,458.167
final_layernorm,11264,459.032
final_layernorm,11280,453.037
final_layernorm,11296,454.296
final_layernorm,11312,454.551
final_layernorm,11328,454.808
final_layernorm,11344,457.026
final_layernorm,11360,457.517
final_layernorm,11376,457.25
final_layernorm,11392,459
final_layernorm,11408,460.771
final_layernorm,11424,462.061
final_layernorm,11440,462.925
final_layernorm,11456,461.752
final_layernorm,11472,463.426
final_layernorm,11488,463.789
final_layernorm,11504,466.019
final_layernorm,11520,466.008
final_layernorm,11536,469.133
final_layernorm,11552,468.205
final_layernorm,11568,469.346
final_layernorm,11584,470.339
final_layernorm,11600,470.125
final_layernorm,11616,472.056
final_layernorm,11632,471.896
final_layernorm,11648,473.698
final_layernorm,11664,474.456
final_layernorm,11680,475.106
final_layernorm,11696,476.845
final_layernorm,11712,477.699
final_layernorm,11728,478.21
final_layernorm,11744,478.221
final_layernorm,11760,479.192
final_layernorm,11776,478.925
final_layernorm,11792,482.082
final_layernorm,11808,482.787
final_layernorm,11824,482.669
final_layernorm,11840,484.013
final_layernorm,11856,484.355
final_layernorm,11872,485.496
final_layernorm,11888,485.859
final_layernorm,11904,485.443
final_layernorm,11920,486.595
final_layernorm,11936,488.803
final_layernorm,11952,487.64
final_layernorm,11968,490.157
final_layernorm,11984,488.771
final_layernorm,12000,489.41
final_layernorm,12016,491.298
final_layernorm,12032,491.854
final_layernorm,12048,487.512
final_layernorm,12064,488.291
final_layernorm,12080,489.571
final_layernorm,12096,490.68
final_layernorm,12112,491.341
final_layernorm,12128,491.587
final_layernorm,12144,492.013
final_layernorm,12160,492.963
final_layernorm,12176,493.112
final_layernorm,12192,494.85
final_layernorm,12208,494.69
final_layernorm,12224,496.173
final_layernorm,12240,498.21
final_layernorm,12256,500.056
final_layernorm,12272,501.763
final_layernorm,12288,502.158
final_layernorm,12304,504.483
final_layernorm,12320,505.634
final_layernorm,12336,505.752
final_layernorm,12352,507.128
final_layernorm,12368,507.181
final_layernorm,12384,507.16
final_layernorm,12400,508.045
final_layernorm,12416,508.749
final_layernorm,12432,512.461
final_layernorm,12448,511.8
final_layernorm,12464,512.941
final_layernorm,12480,513.112
final_layernorm,12496,515.789
final_layernorm,12512,514.317
final_layernorm,12528,514.211
final_layernorm,12544,515.043
final_layernorm,12560,516.291
final_layernorm,12576,515.363
final_layernorm,12592,515.288
final_layernorm,12608,516.824
final_layernorm,12624,518.488
final_layernorm,12640,518.755
final_layernorm,12656,520.6
final_layernorm,12672,520.216
final_layernorm,12688,520.558
final_layernorm,12704,524.174
final_layernorm,12720,524.782
final_layernorm,12736,525.645
final_layernorm,12752,525.165
final_layernorm,12768,526.317
final_layernorm,12784,526.029
final_layernorm,12800,526.19
final_layernorm,12816,520.984
final_layernorm,12832,522.53
final_layernorm,12848,522.744
final_layernorm,12864,523.96
final_layernorm,12880,525.923
final_layernorm,12896,525.251
final_layernorm,12912,527.299
final_layernorm,12928,526.755
final_layernorm,12944,529.176
final_layernorm,12960,530.019
final_layernorm,12976,531.555
final_layernorm,12992,531.928
final_layernorm,13008,533.134
final_layernorm,13024,533.475
final_layernorm,13040,535.064
final_layernorm,13056,534.958
final_layernorm,13072,536.963
final_layernorm,13088,537.731
final_layernorm,13104,537.72
final_layernorm,13120,539.704
final_layernorm,13136,539.971
final_layernorm,13152,540.697
final_layernorm,13168,541.646
final_layernorm,13184,542.691
final_layernorm,13200,543.758
final_layernorm,13216,544.472
final_layernorm,13232,544.942
final_layernorm,13248,546.915
final_layernorm,13264,546.83
final_layernorm,13280,548.302
final_layernorm,13296,548.312
final_layernorm,13312,548.163
final_layernorm,13328,550.723
final_layernorm,13344,551.363
final_layernorm,13360,551.192
final_layernorm,13376,552.216
final_layernorm,13392,553.944
final_layernorm,13408,553.998
final_layernorm,13424,555.192
final_layernorm,13440,556.344
final_layernorm,13456,553.56
final_layernorm,13472,554.712
final_layernorm,13488,556.206
final_layernorm,13504,555.544
final_layernorm,13520,557.07
final_layernorm,13536,557.347
final_layernorm,13552,557.635
final_layernorm,13568,558.126
final_layernorm,13584,558.307
final_layernorm,13600,558.681
final_layernorm,13616,559.064
final_layernorm,13632,560.28
final_layernorm,13648,562.083
final_layernorm,13664,561.411
final_layernorm,13680,563.363
final_layernorm,13696,564.302
final_layernorm,13712,564.889
final_layernorm,13728,566.499
final_layernorm,13744,565.784
final_layernorm,13760,567.064
final_layernorm,13776,567.608
final_layernorm,13792,568.472
final_layernorm,13808,569.507
final_layernorm,13824,569.39
final_layernorm,13840,572.408
final_layernorm,13856,572.878
final_layernorm,13872,573.048
final_layernorm,13888,573.272
final_layernorm,13904,574.211
final_layernorm,13920,574.456
final_layernorm,13936,577.048
final_layernorm,13952,575.971
final_layernorm,13968,578.734
final_layernorm,13984,578.766
final_layernorm,14000,579.512
final_layernorm,14016,580.728
final_layernorm,14032,580.131
final_layernorm,14048,581.102
final_layernorm,14064,581.998
final_layernorm,14080,583.672
final_layernorm,14096,584.312
final_layernorm,14112,586.19
final_layernorm,14128,586.008
final_layernorm,14144,586.595
final_layernorm,14160,586.937
final_layernorm,14176,587.758
final_layernorm,14192,588.43
final_layernorm,14208,589.251
final_layernorm,14224,585.518
final_layernorm,14240,586.851
final_layernorm,14256,586.264
final_layernorm,14272,587.086
final_layernorm,14288,587.769
final_layernorm,14304,587.619
final_layernorm,14320,588.963
final_layernorm,14336,589.518
final_layernorm,14352,590.787
final_layernorm,14368,590.766
final_layernorm,14384,591.427
final_layernorm,14400,592.376
final_layernorm,14416,592.174
final_layernorm,14432,593.465
final_layernorm,14448,595.054
final_layernorm,14464,596.312
final_layernorm,14480,599.022
final_layernorm,14496,600.163
final_layernorm,14512,600.078
final_layernorm,14528,601.528
final_layernorm,14544,602.179
final_layernorm,14560,602.254
final_layernorm,14576,604.121
final_layernorm,14592,605.038
final_layernorm,14608,605.188
final_layernorm,14624,606.926
final_layernorm,14640,607.598
final_layernorm,14656,607.62
final_layernorm,14672,608.857
final_layernorm,14688,609.625
final_layernorm,14704,609.572
final_layernorm,14720,610.532
final_layernorm,14736,612.239
final_layernorm,14752,613.902
final_layernorm,14768,614.83
final_layernorm,14784,614.873
final_layernorm,14800,616.43
final_layernorm,14816,616.143
final_layernorm,14832,616.985
final_layernorm,14848,618.201
final_layernorm,14864,619.971
final_layernorm,14880,620.163
final_layernorm,14896,621.433
final_layernorm,14912,621.871
final_layernorm,14928,622.478
final_layernorm,14944,624.387
final_layernorm,14960,624.057
final_layernorm,14976,624.409
final_layernorm,14992,620.718
final_layernorm,15008,622.03
final_layernorm,15024,623.801
final_layernorm,15040,623.46
final_layernorm,15056,624.153
final_layernorm,15072,623.715
final_layernorm,15088,625.582
final_layernorm,15104,625.71
final_layernorm,15120,626.169
final_layernorm,15136,626.638
final_layernorm,15152,627.492
final_layernorm,15168,628.612
final_layernorm,15184,628.569
final_layernorm,15200,630.18
final_layernorm,15216,630.809
final_layernorm,15232,630.798
final_layernorm,15248,634.531
final_layernorm,15264,633.689
final_layernorm,15280,635.491
final_layernorm,15296,636.462
final_layernorm,15312,636.526
final_layernorm,15328,637.647
final_layernorm,15344,637.433
final_layernorm,15360,638.617
final_layernorm,15376,641.113
final_layernorm,15392,640.707
final_layernorm,15408,641.892
final_layernorm,15424,642.255
final_layernorm,15440,642.862
final_layernorm,15456,644.494
final_layernorm,15472,645.177
final_layernorm,15488,645.23
final_layernorm,15504,647.481
final_layernorm,15520,648.441
final_layernorm,15536,650.233
final_layernorm,15552,650.799
final_layernorm,15568,651.588
final_layernorm,15584,652.484
final_layernorm,15600,652.398
final_layernorm,15616,653.828
final_layernorm,15632,654.99
final_layernorm,15648,656.195
final_layernorm,15664,655.663
final_layernorm,15680,657.305
final_layernorm,15696,660.217
final_layernorm,15712,659.14
final_layernorm,15728,661.028
final_layernorm,15744,660.985
final_layernorm,15760,656.004
final_layernorm,15776,657.486
final_layernorm,15792,657.444
final_layernorm,15808,657.316
final_layernorm,15824,658.34
final_layernorm,15840,659.257
final_layernorm,15856,660.644
final_layernorm,15872,660.985
final_layernorm,15888,662.169
final_layernorm,15904,661.38
final_layernorm,15920,662.5
final_layernorm,15936,664.43
final_layernorm,15952,664.195
final_layernorm,15968,664.046
final_layernorm,15984,665.454
final_layernorm,16000,666.713
final_layernorm,16016,667.961
final_layernorm,16032,669.603
final_layernorm,16048,670.83
final_layernorm,16064,670.766
final_layernorm,16080,670.948
final_layernorm,16096,671.673
final_layernorm,16112,671.993
final_layernorm,16128,674.009
final_layernorm,16144,674.34
final_layernorm,16160,675.065
final_layernorm,16176,677.06
final_layernorm,16192,677.945
final_layernorm,16208,678.596
final_layernorm,16224,678.212
final_layernorm,16240,679.823
final_layernorm,16256,680.367
final_layernorm,16272,681.327
final_layernorm,16288,682.319
final_layernorm,16304,682.596
final_layernorm,16320,684.239
final_layernorm,16336,685.071
final_layernorm,16352,685.903
final_layernorm,16368,686.169
final_layernorm,16384,687.535
gate_up_proj,1,613.928
gate_up_proj,2,614.025
gate_up_proj,3,613.331
gate_up_proj,4,615.357
gate_up_proj,5,614.814
gate_up_proj,6,614.771
gate_up_proj,7,616.712
gate_up_proj,8,616.532
gate_up_proj,9,619.218
gate_up_proj,10,618.877
gate_up_proj,11,617.556
gate_up_proj,12,620.37
gate_up_proj,13,625.544
gate_up_proj,14,620.019
gate_up_proj,15,621.266
gate_up_proj,16,625.619
gate_up_proj,20,756.306
gate_up_proj,24,757.247
gate_up_proj,28,758.696
gate_up_proj,32,759.316
gate_up_proj,36,758.451
gate_up_proj,40,760.169
gate_up_proj,44,760.542
gate_up_proj,48,761.908
gate_up_proj,52,762.195
gate_up_proj,56,762.303
gate_up_proj,60,762.686
gate_up_proj,64,764.2
gate_up_proj,80,769.225
gate_up_proj,96,770.409
gate_up_proj,112,764.937
gate_up_proj,128,766.227
gate_up_proj,144,794.248
gate_up_proj,160,794.216
gate_up_proj,176,797.162
gate_up_proj,192,799.39
gate_up_proj,208,799.251
gate_up_proj,224,801.45
gate_up_proj,240,803.497
gate_up_proj,256,810.207
gate_up_proj,272,986.642
gate_up_proj,288,987.401
gate_up_proj,304,989.385
gate_up_proj,320,991.783
gate_up_proj,336,992.501
gate_up_proj,352,994.409
gate_up_proj,368,995.676
gate_up_proj,384,999.316
gate_up_proj,400,1228
gate_up_proj,416,1230.26
gate_up_proj,432,1232.13
gate_up_proj,448,1234.33
gate_up_proj,464,1235.36
gate_up_proj,480,1236.52
gate_up_proj,496,1238.5
gate_up_proj,512,1240.07
gate_up_proj,528,1482.99
gate_up_proj,544,1486.18
gate_up_proj,560,1488.69
gate_up_proj,576,1489.5
gate_up_proj,592,1482.26
gate_up_proj,608,1492.52
gate_up_proj,624,1496.91
gate_up_proj,640,1498.9
gate_up_proj,656,1950.77
gate_up_proj,672,1956.17
gate_up_proj,688,1946.62
gate_up_proj,704,1960.58
gate_up_proj,720,1949.14
gate_up_proj,736,1965.03
gate_up_proj,752,1968.65
gate_up_proj,768,1954
gate_up_proj,784,2181.01
gate_up_proj,800,2183.76
gate_up_proj,816,2177.49
gate_up_proj,832,2179.74
gate_up_proj,848,2182.55
gate_up_proj,864,2183.52
gate_up_proj,880,2184.28
gate_up_proj,896,2187.35
gate_up_proj,912,2410.56
gate_up_proj,928,2414.71
gate_up_proj,944,2417.31
gate_up_proj,960,2418.25
gate_up_proj,976,2420.66
gate_up_proj,992,2422.1
gate_up_proj,1008,2423.94
gate_up_proj,1024,2423.93
gate_up_proj,1040,2643.86
gate_up_proj,1056,2646.48
gate_up_proj,1072,2648.31
gate_up_proj,1088,2652.39
gate_up_proj,1104,2654.75
gate_up_proj,1120,2659.33
gate_up_proj,1136,2660.75
gate_up_proj,1152,2663.73
gate_up_proj,1168,2880.9
gate_up_proj,1184,2886.81
gate_up_proj,1200,2886.91
gate_up_proj,1216,2889.22
gate_up_proj,1232,2892.87
gate_up_proj,1248,2897.83
gate_up_proj,1264,2901.03
gate_up_proj,1280,2903.56
gate_up_proj,1296,3355.33
gate_up_proj,1312,3358.41
gate_up_proj,1328,3361.92
gate_up_proj,1344,3365.2
gate_up_proj,1360,3369.01
gate_up_proj,1376,3371.13
gate_up_proj,1392,3371.58
gate_up_proj,1408,3374.95
gate_up_proj,1424,3592.67
gate_up_proj,1440,3595.88
gate_up_proj,1456,3602.25
gate_up_proj,1472,3602.07
gate_up_proj,1488,3604.2
gate_up_proj,1504,3604.54
gate_up_proj,1520,3610.85
gate_up_proj,1536,3612.25
gate_up_proj,1552,3829.42
gate_up_proj,1568,3832.92
gate_up_proj,1584,3832.8
gate_up_proj,1600,3834.21
gate_up_proj,1616,3840.42
gate_up_proj,1632,3842.07
gate_up_proj,1648,3843.54
gate_up_proj,1664,3842.22
gate_up_proj,1680,4060.65
gate_up_proj,1696,4064.44
gate_up_proj,1712,4068.57
gate_up_proj,1728,4071.97
gate_up_proj,1744,4074.96
gate_up_proj,1760,4079.44
gate_up_proj,1776,4079.59
gate_up_proj,1792,4082.57
gate_up_proj,1808,4305.66
gate_up_proj,1824,4302.73
gate_up_proj,1840,4303.52
gate_up_proj,1856,4306.76
gate_up_proj,1872,4309.69
gate_up_proj,1888,4315.3
gate_up_proj,1904,4315.67
gate_up_proj,1920,4324.15
gate_up_proj,1936,4760.87
gate_up_proj,1952,4765.29
gate_up_proj,1968,4768.12
gate_up_proj,1984,4775.66
gate_up_proj,2000,4772.82
gate_up_proj,2016,4773.28
gate_up_proj,2032,4777.2
gate_up_proj,2048,4783.95
gate_up_proj,2064,5012.06
gate_up_proj,2080,5014.11
gate_up_proj,2096,5010.86
gate_up_proj,2112,5018.81
gate_up_proj,2128,5019.52
gate_up_proj,2144,5024.6
gate_up_proj,2160,5025.07
gate_up_proj,2176,5032.42
gate_up_proj,2192,5249.92
gate_up_proj,2208,5250.39
gate_up_proj,2224,5254.95
gate_up_proj,2240,5258.25
gate_up_proj,2256,5255.09
gate_up_proj,2272,5259.61
gate_up_proj,2288,5257.61
gate_up_proj,2304,5260.78
gate_up_proj,2320,5484.15
gate_up_proj,2336,5485.91
gate_up_proj,2352,5490.5
gate_up_proj,2368,5491.95
gate_up_proj,2384,5495.75
gate_up_proj,2400,5500.83
gate_up_proj,2416,5498.51
gate_up_proj,2432,5504.38
gate_up_proj,2448,5723.51
gate_up_proj,2464,5729.64
gate_up_proj,2480,5736.08
gate_up_proj,2496,5735.43
gate_up_proj,2512,5742.02
gate_up_proj,2528,5742.26
gate_up_proj,2544,5751.46
gate_up_proj,2560,5756.63
gate_up_proj,2576,6196.64
gate_up_proj,2592,6193.34
gate_up_proj,2608,6197.33
gate_up_proj,2624,6201.9
gate_up_proj,2640,6204.68
gate_up_proj,2656,6211.66
gate_up_proj,2672,6210.61
gate_up_proj,2688,6214.03
gate_up_proj,2704,6441.65
gate_up_proj,2720,6441.2
gate_up_proj,2736,6446.37
gate_up_proj,2752,6450.7
gate_up_proj,2768,6451.1
gate_up_proj,2784,6459.19
gate_up_proj,2800,6465.69
gate_up_proj,2816,6467.18
gate_up_proj,2832,6700.86
gate_up_proj,2848,6699.04
gate_up_proj,2864,6708.34
gate_up_proj,2880,6713.48
gate_up_proj,2896,6719.23
gate_up_proj,2912,6718.52
gate_up_proj,2928,6726.43
gate_up_proj,2944,6719.91
gate_up_proj,2960,6952.6
gate_up_proj,2976,6946.36
gate_up_proj,2992,6954.23
gate_up_proj,3008,6956.31
gate_up_proj,3024,6961.4
gate_up_proj,3040,6963.58
gate_up_proj,3056,6961.74
gate_up_proj,3072,6970.72
gate_up_proj,3088,7199.2
gate_up_proj,3104,7200.25
gate_up_proj,3120,7209.18
gate_up_proj,3136,7208.52
gate_up_proj,3152,7215.83
gate_up_proj,3168,7218.47
gate_up_proj,3184,7220.89
gate_up_proj,3200,7228.08
gate_up_proj,3216,7456.76
gate_up_proj,3232,7463.74
gate_up_proj,3248,7455.4
gate_up_proj,3264,7459.87
gate_up_proj,3280,7406.53
gate_up_proj,3296,7470.19
gate_up_proj,3312,7473.25
gate_up_proj,3328,7477.67
gate_up_proj,3344,7900.92
gate_up_proj,3360,7716.59
gate_up_proj,3376,7910.11
gate_up_proj,3392,7750.97
gate_up_proj,3408,7810.59
gate_up_proj,3424,7921.31
gate_up_proj,3440,7726.09
gate_up_proj,3456,7931.81
gate_up_proj,3472,8148.68
gate_up_proj,3488,8143.2
gate_up_proj,3504,7989.57
gate_up_proj,3520,8036.41
gate_up_proj,3536,7993.16
gate_up_proj,3552,7924.62
gate_up_proj,3568,8169.38
gate_up_proj,3584,8006.23
gate_up_proj,3600,8238.57
gate_up_proj,3616,8247.23
gate_up_proj,3632,8362.46
gate_up_proj,3648,8201.88
gate_up_proj,3664,8246.71
gate_up_proj,3680,8139.75
gate_up_proj,3696,8215.7
gate_up_proj,3712,8418.85
gate_up_proj,3728,8647.82
gate_up_proj,3744,8320
gate_up_proj,3760,8399.83
gate_up_proj,3776,8440.85
gate_up_proj,3792,8668.21
gate_up_proj,3808,8673.21
gate_up_proj,3824,8318.4
gate_up_proj,3840,8369.08
gate_up_proj,3856,8608.22
gate_up_proj,3872,8661.17
gate_up_proj,3888,8644.82
gate_up_proj,3904,8732.67
gate_up_proj,3920,8546.17
gate_up_proj,3936,8728.16
gate_up_proj,3952,8731.23
gate_up_proj,3968,8757.39
gate_up_proj,3984,8967.37
gate_up_proj,4000,8983.15
gate_up_proj,4016,8982.63
gate_up_proj,4032,9003.51
gate_up_proj,4048,8970.13
gate_up_proj,4064,8862
gate_up_proj,4080,8903.24
gate_up_proj,4096,8885.8
gate_up_proj,4112,9094.62
gate_up_proj,4128,9206.24
gate_up_proj,4144,9046.12
gate_up_proj,4160,9056.57
gate_up_proj,4176,9215.89
gate_up_proj,4192,9221.98
gate_up_proj,4208,9175.41
gate_up_proj,4224,9428.08
gate_up_proj,4240,9394.98
gate_up_proj,4256,9288.82
gate_up_proj,4272,9258.53
gate_up_proj,4288,9454.66
gate_up_proj,4304,9436.19
gate_up_proj,4320,9442.97
gate_up_proj,4336,9399.38
gate_up_proj,4352,9369.15
gate_up_proj,4368,9666.35
gate_up_proj,4384,9688.2
gate_up_proj,4400,9540.48
gate_up_proj,4416,9832.75
gate_up_proj,4432,9467.88
gate_up_proj,4448,9630.46
gate_up_proj,4464,9545.34
gate_up_proj,4480,9472.25
gate_up_proj,4496,9747.92
gate_up_proj,4512,9909.55
gate_up_proj,4528,9692.38
gate_up_proj,4544,9913.07
gate_up_proj,4560,9755.11
gate_up_proj,4576,9887.51
gate_up_proj,4592,9695.26
gate_up_proj,4608,9770.92
gate_up_proj,4624,10124.6
gate_up_proj,4640,10229.9
gate_up_proj,4656,10304.3
gate_up_proj,4672,10112.3
gate_up_proj,4688,10134.3
gate_up_proj,4704,10340
gate_up_proj,4720,10131.7
gate_up_proj,4736,10217.4
gate_up_proj,4752,10558.8
gate_up_proj,4768,10597.4
gate_up_proj,4784,10359.8
gate_up_proj,4800,10495.7
gate_up_proj,4816,10503.6
gate_up_proj,4832,10535.1
gate_up_proj,4848,10547.1
gate_up_proj,4864,10359.8
gate_up_proj,4880,10658.9
gate_up_proj,4896,10613.8
gate_up_proj,4912,10685.2
gate_up_proj,4928,10766.7
gate_up_proj,4944,10805.5
gate_up_proj,4960,10638.8
gate_up_proj,4976,10609.1
gate_up_proj,4992,10675.7
gate_up_proj,5008,10869.9
gate_up_proj,5024,10980.7
gate_up_proj,5040,10836.5
gate_up_proj,5056,10935.7
gate_up_proj,5072,10948.9
gate_up_proj,5088,10907.4
gate_up_proj,5104,10997
gate_up_proj,5120,10821.5
gate_up_proj,5136,11231.5
gate_up_proj,5152,11114.9
gate_up_proj,5168,11053.7
gate_up_proj,5184,11057.8
gate_up_proj,5200,11051.5
gate_up_proj,5216,11232.5
gate_up_proj,5232,11099.3
gate_up_proj,5248,11060.6
gate_up_proj,5264,11471.3
gate_up_proj,5280,11469.2
gate_up_proj,5296,11472.7
gate_up_proj,5312,11505.7
gate_up_proj,5328,11482.5
gate_up_proj,5344,11480.6
gate_up_proj,5360,11479.5
gate_up_proj,5376,11490.8
gate_up_proj,5392,11737.8
gate_up_proj,5408,11712.8
gate_up_proj,5424,11738.7
gate_up_proj,5440,11731
gate_up_proj,5456,11740.5
gate_up_proj,5472,11717
gate_up_proj,5488,11736.2
gate_up_proj,5504,11726
gate_up_proj,5520,11936.3
gate_up_proj,5536,11935.8
gate_up_proj,5552,11961.8
gate_up_proj,5568,11964
gate_up_proj,5584,11962.8
gate_up_proj,5600,11975.6
gate_up_proj,5616,11980.3
gate_up_proj,5632,11971.5
gate_up_proj,5648,12197.6
gate_up_proj,5664,12176
gate_up_proj,5680,12204.2
gate_up_proj,5696,12202.2
gate_up_proj,5712,12181.1
gate_up_proj,5728,12188.2
gate_up_proj,5744,12215.3
gate_up_proj,5760,12219
gate_up_proj,5776,12412.1
gate_up_proj,5792,12453.8
gate_up_proj,5808,12475.9
gate_up_proj,5824,12418.5
gate_up_proj,5840,12457.8
gate_up_proj,5856,12475.6
gate_up_proj,5872,12473.2
gate_up_proj,5888,12481.3
gate_up_proj,5904,12661.1
gate_up_proj,5920,12675.9
gate_up_proj,5936,12659
gate_up_proj,5952,12689
gate_up_proj,5968,12733.5
gate_up_proj,5984,12721.5
gate_up_proj,6000,12683.7
gate_up_proj,6016,12696
gate_up_proj,6032,13092.5
gate_up_proj,6048,13135.4
gate_up_proj,6064,13105.8
gate_up_proj,6080,13130.7
gate_up_proj,6096,13105.1
gate_up_proj,6112,13157.6
gate_up_proj,6128,13107.9
gate_up_proj,6144,13087.4
gate_up_proj,6160,13308.3
gate_up_proj,6176,13347
gate_up_proj,6192,13386.7
gate_up_proj,6208,13345.3
gate_up_proj,6224,13365.5
gate_up_proj,6240,13364.7
gate_up_proj,6256,13389
gate_up_proj,6272,13348.1
gate_up_proj,6288,13604.6
gate_up_proj,6304,13550.7
gate_up_proj,6320,13549.7
gate_up_proj,6336,13664
gate_up_proj,6352,13611.7
gate_up_proj,6368,13616.2
gate_up_proj,6384,13636.2
gate_up_proj,6400,13651.6
gate_up_proj,6416,13841.9
gate_up_proj,6432,13892.5
gate_up_proj,6448,13835.3
gate_up_proj,6464,13875.5
gate_up_proj,6480,13863.8
gate_up_proj,6496,13920.7
gate_up_proj,6512,13875.9
gate_up_proj,6528,13940.8
gate_up_proj,6544,14115.9
gate_up_proj,6560,14125.1
gate_up_proj,6576,14121.2
gate_up_proj,6592,14141.9
gate_up_proj,6608,14124.6
gate_up_proj,6624,14405
gate_up_proj,6640,14173.7
gate_up_proj,6656,14130.8
gate_up_proj,6672,14513.3
gate_up_proj,6688,14516.9
gate_up_proj,6704,14504.4
gate_up_proj,6720,14550.3
gate_up_proj,6736,14562.1
gate_up_proj,6752,14556.8
gate_up_proj,6768,14528.6
gate_up_proj,6784,14555.9
gate_up_proj,6800,14764.2
gate_up_proj,6816,14769.1
gate_up_proj,6832,14748
gate_up_proj,6848,14796.8
gate_up_proj,6864,14782.3
gate_up_proj,6880,14826.5
gate_up_proj,6896,14825.3
gate_up_proj,6912,14793.8
gate_up_proj,6928,15043.1
gate_up_proj,6944,15088.1
gate_up_proj,6960,15042.7
gate_up_proj,6976,15049.6
gate_up_proj,6992,15077.2
gate_up_proj,7008,15065.8
gate_up_proj,7024,15055.9
gate_up_proj,7040,15063.5
gate_up_proj,7056,15298.8
gate_up_proj,7072,15283
gate_up_proj,7088,15291.5
gate_up_proj,7104,15342.2
gate_up_proj,7120,15292.3
gate_up_proj,7136,15305.7
gate_up_proj,7152,15323
gate_up_proj,7168,15313.3
gate_up_proj,7184,15557.1
gate_up_proj,7200,15578
gate_up_proj,7216,15591.3
gate_up_proj,7232,15558.2
gate_up_proj,7248,15584.7
gate_up_proj,7264,15585.8
gate_up_proj,7280,15567.7
gate_up_proj,7296,15570
gate_up_proj,7312,15966.7
gate_up_proj,7328,16002.1
gate_up_proj,7344,15967
gate_up_proj,7360,15979.2
gate_up_proj,7376,15988.1
gate_up_proj,7392,15993.4
gate_up_proj,7408,15982.9
gate_up_proj,7424,15984.2
gate_up_proj,7440,16211.2
gate_up_proj,7456,16199.6
gate_up_proj,7472,16189.8
gate_up_proj,7488,16217.6
gate_up_proj,7504,16230
gate_up_proj,7520,16225.6
gate_up_proj,7536,16186.8
gate_up_proj,7552,16254.1
gate_up_proj,7568,16472
gate_up_proj,7584,16475.6
gate_up_proj,7600,16421.5
gate_up_proj,7616,16498.7
gate_up_proj,7632,16524.3
gate_up_proj,7648,16435
gate_up_proj,7664,16486.7
gate_up_proj,7680,16505.7
gate_up_proj,7696,16738.8
gate_up_proj,7712,16780
gate_up_proj,7728,16737.8
gate_up_proj,7744,16731.7
gate_up_proj,7760,16798.2
gate_up_proj,7776,16716.5
gate_up_proj,7792,16768.4
gate_up_proj,7808,16786.5
gate_up_proj,7824,16995.4
gate_up_proj,7840,16968.7
gate_up_proj,7856,17025.9
gate_up_proj,7872,16983.3
gate_up_proj,7888,16960.3
gate_up_proj,7904,17007.7
gate_up_proj,7920,17032.8
gate_up_proj,7936,17033.6
gate_up_proj,7952,17431.1
gate_up_proj,7968,17392.2
gate_up_proj,7984,17447.5
gate_up_proj,8000,17409.4
gate_up_proj,8016,17411.7
gate_up_proj,8032,17486.8
gate_up_proj,8048,17520.8
gate_up_proj,8064,17406.3
gate_up_proj,8080,17755.4
gate_up_proj,8096,17707.5
gate_up_proj,8112,17719.9
gate_up_proj,8128,17740.7
gate_up_proj,8144,17686.3
gate_up_proj,8160,17766
gate_up_proj,8176,17621.1
gate_up_proj,8192,17661.4
gate_up_proj,8208,18005.3
gate_up_proj,8224,17908.6
gate_up_proj,8240,17865.8
gate_up_proj,8256,17971.2
gate_up_proj,8272,17842
gate_up_proj,8288,17926.1
gate_up_proj,8304,17869.5
gate_up_proj,8320,17952.7
gate_up_proj,8336,18113.9
gate_up_proj,8352,18169.4
gate_up_proj,8368,18250.2
gate_up_proj,8384,18194.7
gate_up_proj,8400,18239.2
gate_up_proj,8416,18168.6
gate_up_proj,8432,18180.3
gate_up_proj,8448,18251.3
gate_up_proj,8464,18374.4
gate_up_proj,8480,18446.8
gate_up_proj,8496,18400.3
gate_up_proj,8512,18465.5
gate_up_proj,8528,18522.9
gate_up_proj,8544,18363.4
gate_up_proj,8560,18499.6
gate_up_proj,8576,18483.9
gate_up_proj,8592,18945.9
gate_up_proj,8608,18953.5
gate_up_proj,8624,18794.5
gate_up_proj,8640,18883
gate_up_proj,8656,18864.6
gate_up_proj,8672,18890.1
gate_up_proj,8688,18915
gate_up_proj,8704,18841
gate_up_proj,8720,19075.2
gate_up_proj,8736,19177.7
gate_up_proj,8752,19193.8
gate_up_proj,8768,19214.6
gate_up_proj,8784,19046.3
gate_up_proj,8800,19195.6
gate_up_proj,8816,19204.2
gate_up_proj,8832,19067
gate_up_proj,8848,19364.5
gate_up_proj,8864,19461.9
gate_up_proj,8880,19322.2
gate_up_proj,8896,19449.4
gate_up_proj,8912,19470.1
gate_up_proj,8928,19436
gate_up_proj,8944,19452.9
gate_up_proj,8960,19407.1
gate_up_proj,8976,19661.7
gate_up_proj,8992,19681.4
gate_up_proj,9008,19591.2
gate_up_proj,9024,19551.8
gate_up_proj,9040,19645.1
gate_up_proj,9056,19652.9
gate_up_proj,9072,19617.2
gate_up_proj,9088,19612
gate_up_proj,9104,19887
gate_up_proj,9120,19906.9
gate_up_proj,9136,19941.9
gate_up_proj,9152,19939.6
gate_up_proj,9168,19948.5
gate_up_proj,9184,19943.5
gate_up_proj,9200,19962
gate_up_proj,9216,19930.5
gate_up_proj,9232,20213
gate_up_proj,9248,20221.8
gate_up_proj,9264,20209.2
gate_up_proj,9280,20168.7
gate_up_proj,9296,20170.6
gate_up_proj,9312,20236.4
gate_up_proj,9328,20188.5
gate_up_proj,9344,20259.7
gate_up_proj,9360,20545.8
gate_up_proj,9376,20676.4
gate_up_proj,9392,20654.4
gate_up_proj,9408,20638.2
gate_up_proj,9424,20672.4
gate_up_proj,9440,20615.7
gate_up_proj,9456,20615.3
gate_up_proj,9472,20629.5
gate_up_proj,9488,20819.7
gate_up_proj,9504,20935.5
gate_up_proj,9520,20915.7
gate_up_proj,9536,20941.2
gate_up_proj,9552,20936.1
gate_up_proj,9568,20904.8
gate_up_proj,9584,20947.5
gate_up_proj,9600,20998.1
gate_up_proj,9616,21172
gate_up_proj,9632,21159.3
gate_up_proj,9648,21169.4
gate_up_proj,9664,21214
gate_up_proj,9680,21225.5
gate_up_proj,9696,21208.4
gate_up_proj,9712,21268.9
gate_up_proj,9728,21164.3
gate_up_proj,9744,21364.7
gate_up_proj,9760,21418.2
gate_up_proj,9776,21380.7
gate_up_proj,9792,21388.4
gate_up_proj,9808,21386.8
gate_up_proj,9824,21451.4
gate_up_proj,9840,21382.6
gate_up_proj,9856,21462.2
gate_up_proj,9872,21715.7
gate_up_proj,9888,21614.1
gate_up_proj,9904,21721.9
gate_up_proj,9920,21782.1
gate_up_proj,9936,21707.7
gate_up_proj,9952,21737
gate_up_proj,9968,21777.5
gate_up_proj,9984,21675.7
gate_up_proj,10000,22095.1
gate_up_proj,10016,22151.1
gate_up_proj,10032,22168.5
gate_up_proj,10048,22109.3
gate_up_proj,10064,22080.8
gate_up_proj,10080,22141.6
gate_up_proj,10096,22114.3
gate_up_proj,10112,22114.1
gate_up_proj,10128,22330.5
gate_up_proj,10144,22370.8
gate_up_proj,10160,22413.1
gate_up_proj,10176,22339.8
gate_up_proj,10192,22445.7
gate_up_proj,10208,22428.7
gate_up_proj,10224,22359.1
gate_up_proj,10240,22345.7
gate_up_proj,10256,22619.4
gate_up_proj,10272,22692.7
gate_up_proj,10288,22643.5
gate_up_proj,10304,22678.8
gate_up_proj,10320,22627.1
gate_up_proj,10336,22691
gate_up_proj,10352,22636
gate_up_proj,10368,22696.4
gate_up_proj,10384,22938.1
gate_up_proj,10400,23004
gate_up_proj,10416,22991.8
gate_up_proj,10432,22911.3
gate_up_proj,10448,22917.9
gate_up_proj,10464,22927.2
gate_up_proj,10480,23011.2
gate_up_proj,10496,22993.4
gate_up_proj,10512,23167.3
gate_up_proj,10528,23110.1
gate_up_proj,10544,23150.1
gate_up_proj,10560,23140.7
gate_up_proj,10576,23157.8
gate_up_proj,10592,23105.1
gate_up_proj,10608,23217
gate_up_proj,10624,23108.5
gate_up_proj,10640,23521
gate_up_proj,10656,23593.5
gate_up_proj,10672,23568.8
gate_up_proj,10688,23539.3
gate_up_proj,10704,23508.9
gate_up_proj,10720,23549.9
gate_up_proj,10736,23562.5
gate_up_proj,10752,23590.3
gate_up_proj,10768,23825.7
gate_up_proj,10784,23797
gate_up_proj,10800,23825
gate_up_proj,10816,23860.1
gate_up_proj,10832,23775.8
gate_up_proj,10848,23846.7
gate_up_proj,10864,23813
gate_up_proj,10880,23828.6
gate_up_proj,10896,24051.5
gate_up_proj,10912,24094
gate_up_proj,10928,24119.7
gate_up_proj,10944,24071.5
gate_up_proj,10960,24149.4
gate_up_proj,10976,24115.1
gate_up_proj,10992,24038
gate_up_proj,11008,24169.6
gate_up_proj,11024,24421.5
gate_up_proj,11040,24432.4
gate_up_proj,11056,24355.8
gate_up_proj,11072,24372.4
gate_up_proj,11088,24439.8
gate_up_proj,11104,24438.7
gate_up_proj,11120,24408.7
gate_up_proj,11136,24446.9
gate_up_proj,11152,24704.1
gate_up_proj,11168,24720.5
gate_up_proj,11184,24661.6
gate_up_proj,11200,24704.5
gate_up_proj,11216,24687.8
gate_up_proj,11232,24713
gate_up_proj,11248,24698.2
gate_up_proj,11264,24736.3
gate_up_proj,11280,25007.1
gate_up_proj,11296,25015.6
gate_up_proj,11312,25029.5
gate_up_proj,11328,25013.3
gate_up_proj,11344,25034.6
gate_up_proj,11360,25088.9
gate_up_proj,11376,25056.5
gate_up_proj,11392,24992.7
gate_up_proj,11408,25181.7
gate_up_proj,11424,25349.6
gate_up_proj,11440,25327.8
gate_up_proj,11456,25264.8
gate_up_proj,11472,25297.2
gate_up_proj,11488,25256.7
gate_up_proj,11504,25279.7
gate_up_proj,11520,25263.1
gate_up_proj,11536,25507.6
gate_up_proj,11552,25584.2
gate_up_proj,11568,25589.1
gate_up_proj,11584,25551.4
gate_up_proj,11600,25608.2
gate_up_proj,11616,25538.7
gate_up_proj,11632,25558.5
gate_up_proj,11648,25610.7
gate_up_proj,11664,25908.6
gate_up_proj,11680,25832
gate_up_proj,11696,25855.7
gate_up_proj,11712,25946.9
gate_up_proj,11728,25846.4
gate_up_proj,11744,25993.2
gate_up_proj,11760,25968
gate_up_proj,11776,25852.9
gate_up_proj,11792,26105.3
gate_up_proj,11808,26154.4
gate_up_proj,11824,26165.2
gate_up_proj,11840,26194.2
gate_up_proj,11856,26170.4
gate_up_proj,11872,26139.8
gate_up_proj,11888,26298.3
gate_up_proj,11904,26192.6
gate_up_proj,11920,26455.9
gate_up_proj,11936,26436.2
gate_up_proj,11952,26442.6
gate_up_proj,11968,26487.5
gate_up_proj,11984,26570.9
gate_up_proj,12000,26472.6
gate_up_proj,12016,26466
gate_up_proj,12032,26525.7
gate_up_proj,12048,26695
gate_up_proj,12064,26630.5
gate_up_proj,12080,26649.2
gate_up_proj,12096,26760.4
gate_up_proj,12112,26694
gate_up_proj,12128,26708.8
gate_up_proj,12144,26684.1
gate_up_proj,12160,26838.2
gate_up_proj,12176,27025.4
gate_up_proj,12192,26968.2
gate_up_proj,12208,27033.1
gate_up_proj,12224,27030.5
gate_up_proj,12240,26927.3
gate_up_proj,12256,26981.3
gate_up_proj,12272,27013
gate_up_proj,12288,27111.7
gate_up_proj,12304,27387.8
gate_up_proj,12320,27244.6
gate_up_proj,12336,27280.7
gate_up_proj,12352,27259
gate_up_proj,12368,27297.8
gate_up_proj,12384,27261.8
gate_up_proj,12400,27269
gate_up_proj,12416,27337.5
gate_up_proj,12432,27554.7
gate_up_proj,12448,27650.7
gate_up_proj,12464,27649.4
gate_up_proj,12480,27607.5
gate_up_proj,12496,27597.3
gate_up_proj,12512,27561.5
gate_up_proj,12528,27570.2
gate_up_proj,12544,27553.4
gate_up_proj,12560,27870.6
gate_up_proj,12576,27820.7
gate_up_proj,12592,27815.6
gate_up_proj,12608,27938.4
gate_up_proj,12624,27852.7
gate_up_proj,12640,27843.8
gate_up_proj,12656,27915.4
gate_up_proj,12672,27838.6
gate_up_proj,12688,28117.5
gate_up_proj,12704,28190.3
gate_up_proj,12720,28191
gate_up_proj,12736,28147.1
gate_up_proj,12752,28148
gate_up_proj,12768,28218.1
gate_up_proj,12784,28138.9
gate_up_proj,12800,28161.6
gate_up_proj,12816,28430
gate_up_proj,12832,28480.1
gate_up_proj,12848,28496.5
gate_up_proj,12864,28458.4
gate_up_proj,12880,28412.1
gate_up_proj,12896,28465.8
gate_up_proj,12912,28441.7
gate_up_proj,12928,28424.4
gate_up_proj,12944,28740.5
gate_up_proj,12960,28756.7
gate_up_proj,12976,28733.6
gate_up_proj,12992,28740.3
gate_up_proj,13008,28788.2
gate_up_proj,13024,28798.5
gate_up_proj,13040,28794.3
gate_up_proj,13056,28778.3
gate_up_proj,13072,29033.8
gate_up_proj,13088,29054.4
gate_up_proj,13104,29006.9
gate_up_proj,13120,29080.4
gate_up_proj,13136,29096.2
gate_up_proj,13152,29050.2
gate_up_proj,13168,29073.1
gate_up_proj,13184,29041.1
gate_up_proj,13200,29312.2
gate_up_proj,13216,29266.5
gate_up_proj,13232,29335.3
gate_up_proj,13248,29341
gate_up_proj,13264,29363.1
gate_up_proj,13280,29301.5
gate_up_proj,13296,29349.6
gate_up_proj,13312,29387.7
gate_up_proj,13328,29765
gate_up_proj,13344,29718.2
gate_up_proj,13360,29764.5
gate_up_proj,13376,29765.8
gate_up_proj,13392,29819.7
gate_up_proj,13408,29790.5
gate_up_proj,13424,29753.1
gate_up_proj,13440,29805.5
gate_up_proj,13456,29861.7
gate_up_proj,13472,30022
gate_up_proj,13488,29931.6
gate_up_proj,13504,29969.1
gate_up_proj,13520,29981.5
gate_up_proj,13536,29883.1
gate_up_proj,13552,29865.8
gate_up_proj,13568,29900
gate_up_proj,13584,30215.7
gate_up_proj,13600,30207.6
gate_up_proj,13616,30225
gate_up_proj,13632,30218.4
gate_up_proj,13648,30156.7
gate_up_proj,13664,30257.6
gate_up_proj,13680,30276.5
gate_up_proj,13696,30296.7
gate_up_proj,13712,30602.7
gate_up_proj,13728,30486.2
gate_up_proj,13744,30511.9
gate_up_proj,13760,30551.8
gate_up_proj,13776,30483.2
gate_up_proj,13792,30583.3
gate_up_proj,13808,30553.8
gate_up_proj,13824,30590.6
gate_up_proj,13840,30842.1
gate_up_proj,13856,30866.6
gate_up_proj,13872,30798.1
gate_up_proj,13888,30815.2
gate_up_proj,13904,30835.2
gate_up_proj,13920,30786.2
gate_up_proj,13936,30868.5
gate_up_proj,13952,30835.3
gate_up_proj,13968,31214.4
gate_up_proj,13984,31216.1
gate_up_proj,14000,31210.3
gate_up_proj,14016,31290.2
gate_up_proj,14032,31266.8
gate_up_proj,14048,31278.4
gate_up_proj,14064,31227.6
gate_up_proj,14080,31243.3
gate_up_proj,14096,31444.9
gate_up_proj,14112,31457.7
gate_up_proj,14128,31590.9
gate_up_proj,14144,31464.4
gate_up_proj,14160,31502.1
gate_up_proj,14176,31563
gate_up_proj,14192,31571.7
gate_up_proj,14208,31540.6
gate_up_proj,14224,31620.4
gate_up_proj,14240,31670.3
gate_up_proj,14256,31799.8
gate_up_proj,14272,31778
gate_up_proj,14288,31704.6
gate_up_proj,14304,31673.3
gate_up_proj,14320,31742.5
gate_up_proj,14336,31729.7
gate_up_proj,14352,31982.3
gate_up_proj,14368,32008.9
gate_up_proj,14384,31861.3
gate_up_proj,14400,32026.6
gate_up_proj,14416,32074.3
gate_up_proj,14432,31903.5
gate_up_proj,14448,31881.5
gate_up_proj,14464,32003.6
gate_up_proj,14480,32227.3
gate_up_proj,14496,32233.7
gate_up_proj,14512,32271.8
gate_up_proj,14528,32302
gate_up_proj,14544,32280.5
gate_up_proj,14560,32223.2
gate_up_proj,14576,32306.2
gate_up_proj,14592,32255.2
gate_up_proj,14608,32652.6
gate_up_proj,14624,32707.4
gate_up_proj,14640,32656.2
gate_up_proj,14656,32674.9
gate_up_proj,14672,32681.8
gate_up_proj,14688,32633.8
gate_up_proj,14704,32845.3
gate_up_proj,14720,32748.1
gate_up_proj,14736,33116.5
gate_up_proj,14752,32964.8
gate_up_proj,14768,32931.8
gate_up_proj,14784,33113.6
gate_up_proj,14800,32937.2
gate_up_proj,14816,32964.5
gate_up_proj,14832,32840.8
gate_up_proj,14848,33102.6
gate_up_proj,14864,33359.7
gate_up_proj,14880,33383
gate_up_proj,14896,33356.2
gate_up_proj,14912,33179.1
gate_up_proj,14928,33325.3
gate_up_proj,14944,33330.3
gate_up_proj,14960,33409.1
gate_up_proj,14976,33400.3
gate_up_proj,14992,33426
gate_up_proj,15008,33589.4
gate_up_proj,15024,33598.6
gate_up_proj,15040,33258.4
gate_up_proj,15056,33614.2
gate_up_proj,15072,33243.5
gate_up_proj,15088,33595.4
gate_up_proj,15104,33327.9
gate_up_proj,15120,33819.7
gate_up_proj,15136,33827.8
gate_up_proj,15152,33838
gate_up_proj,15168,33495.5
gate_up_proj,15184,33773.5
gate_up_proj,15200,33891.9
gate_up_proj,15216,33848.4
gate_up_proj,15232,33850
gate_up_proj,15248,34268
gate_up_proj,15264,33884.5
gate_up_proj,15280,34108.5
gate_up_proj,15296,34255.6
gate_up_proj,15312,34075.4
gate_up_proj,15328,34183.3
gate_up_proj,15344,34241.4
gate_up_proj,15360,34252.7
gate_up_proj,15376,34591.2
gate_up_proj,15392,34533.5
gate_up_proj,15408,34625.3
gate_up_proj,15424,34628.9
gate_up_proj,15440,34651.2
gate_up_proj,15456,34575.7
gate_up_proj,15472,34507.2
gate_up_proj,15488,34620.2
gate_up_proj,15504,34828.7
gate_up_proj,15520,34901
gate_up_proj,15536,34886
gate_up_proj,15552,34854.5
gate_up_proj,15568,34683.2
gate_up_proj,15584,34860.1
gate_up_proj,15600,34576.6
gate_up_proj,15616,34891.2
gate_up_proj,15632,35186.6
gate_up_proj,15648,34950.6
gate_up_proj,15664,35191.8
gate_up_proj,15680,35190.1
gate_up_proj,15696,35135.6
gate_up_proj,15712,35034.5
gate_up_proj,15728,35041.1
gate_up_proj,15744,34935.4
gate_up_proj,15760,35257
gate_up_proj,15776,35301.1
gate_up_proj,15792,35157.4
gate_up_proj,15808,35194.7
gate_up_proj,15824,35435.4
gate_up_proj,15840,35291.9
gate_up_proj,15856,35296.9
gate_up_proj,15872,35301.7
gate_up_proj,15888,35664.1
gate_up_proj,15904,35718.4
gate_up_proj,15920,35572.4
gate_up_proj,15936,35710.3
gate_up_proj,15952,35599
gate_up_proj,15968,35597.5
gate_up_proj,15984,35705.3
gate_up_proj,16000,35675.8
gate_up_proj,16016,35974.1
gate_up_proj,16032,36011
gate_up_proj,16048,36016.8
gate_up_proj,16064,36050.9
gate_up_proj,16080,35995.6
gate_up_proj,16096,35985.1
gate_up_proj,16112,35969.5
gate_up_proj,16128,35941.8
gate_up_proj,16144,36258.2
gate_up_proj,16160,36333.5
gate_up_proj,16176,36323.8
gate_up_proj,16192,36216.9
gate_up_proj,16208,36207.9
gate_up_proj,16224,36283.7
gate_up_proj,16240,36263.1
gate_up_proj,16256,36255.8
gate_up_proj,16272,36591
gate_up_proj,16288,36560.2
gate_up_proj,16304,36555
gate_up_proj,16320,36560.6
gate_up_proj,16336,36568
gate_up_proj,16352,36558.6
gate_up_proj,16368,36609.2
gate_up_proj,16384,36553.3
layernorm,1,2.69867
layernorm,2,3.13067
layernorm,3,3.13067
layernorm,4,3.1255
layernorm,5,3.15733
layernorm,6,3.19467
layernorm,7,3.2105
layernorm,8,3.22133
layernorm,9,3.16283
layernorm,10,3.168
layernorm,11,3.18917
layernorm,12,3.2425
layernorm,13,3.2265
layernorm,14,3.21583
layernorm,15,3.18417
layernorm,16,3.21617
layernorm,20,3.22683
layernorm,24,3.22133
layernorm,28,3.23717
layernorm,32,3.2375
layernorm,36,3.25867
layernorm,40,3.27483
layernorm,44,3.33867
layernorm,48,3.33333
layernorm,52,3.27983
layernorm,56,3.36017
layernorm,60,3.36
layernorm,64,3.38133
layernorm,80,3.53567
layernorm,96,3.65317
layernorm,112,3.82917
layernorm,128,4.0105
layernorm,144,4.30917
layernorm,160,4.4745
layernorm,176,4.69333
layernorm,192,5.9575
layernorm,208,6.18667
layernorm,224,6.32
layernorm,240,6.38417
layernorm,256,6.16567
layernorm,272,6.06383
layernorm,288,6.21333
layernorm,304,6.42117
layernorm,320,6.44817
layernorm,336,6.47467
layernorm,352,6.64533
layernorm,368,6.69867
layernorm,384,6.9705
layernorm,400,7.09867
layernorm,416,7.10417
layernorm,432,7.39733
layernorm,448,7.5095
layernorm,464,7.648
layernorm,480,7.67983
layernorm,496,7.87717
layernorm,512,8.0425
layernorm,528,8.176
layernorm,544,8.29867
layernorm,560,8.44267
layernorm,576,8.9655
layernorm,592,9.216
layernorm,608,9.376
layernorm,624,9.48783
layernorm,640,9.65333
layernorm,656,9.85083
layernorm,672,9.91483
layernorm,688,10.032
layernorm,704,10.2933
layernorm,720,10.4158
layernorm,736,10.6718
layernorm,752,11.0132
layernorm,768,11.3118
layernorm,784,11.1787
layernorm,800,11.152
layernorm,816,11.3653
layernorm,832,11.632
layernorm,848,11.7227
layernorm,864,11.8508
layernorm,880,12.0427
layernorm,896,12.3842
layernorm,912,12.272
layernorm,928,12.4693
layernorm,944,12.576
layernorm,960,13.2318
layernorm,976,13.4078
layernorm,992,13.5042
layernorm,1008,13.6053
layernorm,1024,13.7333
layernorm,1040,13.9787
layernorm,1056,14.2022
layernorm,1072,14.32
layernorm,1088,14.6987
layernorm,1104,15.0347
layernorm,1120,15.4398
layernorm,1136,17.1945
layernorm,1152,17.808
layernorm,1168,18.1547
layernorm,1184,18.8107
layernorm,1200,18.9065
layernorm,1216,19.536
layernorm,1232,19.6532
layernorm,1248,20.011
layernorm,1264,20.0053
layernorm,1280,20.4535
layernorm,1296,20.944
layernorm,1312,21.3817
layernorm,1328,21.3708
layernorm,1344,21.5785
layernorm,1360,21.909
layernorm,1376,22.5068
layernorm,1392,23.0025
layernorm,1408,23.1147
layernorm,1424,23.3653
layernorm,1440,23.5305
layernorm,1456,24.0747
layernorm,1472,24.5333
layernorm,1488,25.0347
layernorm,1504,24.8373
layernorm,1520,25.1577
layernorm,1536,25.3493
layernorm,1552,25.8133
layernorm,1568,26.9493
layernorm,1584,27.8347
layernorm,1600,27.8347
layernorm,1616,27.6267
layernorm,1632,27.9467
layernorm,1648,28.0802
layernorm,1664,28.8265
layernorm,1680,28.8745
layernorm,1696,28.8318
layernorm,1712,29.3597
layernorm,1728,29.872
layernorm,1744,29.8508
layernorm,1760,30.4162
layernorm,1776,30.144
layernorm,1792,31.344
layernorm,1808,30.7253
layernorm,1824,31.0238
layernorm,1840,31.0133
layernorm,1856,31.3707
layernorm,1872,31.8128
layernorm,1888,32.3145
layernorm,1904,32.7785
layernorm,1920,33.2692
layernorm,1936,33.4238
layernorm,1952,33.7282
layernorm,1968,34.3147
layernorm,1984,34.1813
layernorm,2000,35.0293
layernorm,2016,35.1465
layernorm,2032,34.9653
layernorm,2048,35.0772
layernorm,2064,33.68
layernorm,2080,33.8347
layernorm,2096,34.6827
layernorm,2112,34.688
layernorm,2128,34.9918
layernorm,2144,35.3172
layernorm,2160,35.6907
layernorm,2176,36.3627
layernorm,2192,36.9972
layernorm,2208,36.901
layernorm,2224,37.6053
layernorm,2240,37.8828
layernorm,2256,38.5227
layernorm,2272,39.1463
layernorm,2288,39.4293
layernorm,2304,39.8718
layernorm,2320,44.1067
layernorm,2336,44.645
layernorm,2352,45.024
layernorm,2368,45.0507
layernorm,2384,45.0932
layernorm,2400,45.1627
layernorm,2416,44.9118
layernorm,2432,45.6798
layernorm,2448,45.408
layernorm,2464,45.8773
layernorm,2480,46.032
layernorm,2496,46.0052
layernorm,2512,47.0345
layernorm,2528,46.8157
layernorm,2544,47.936
layernorm,2560,48.4427
layernorm,2576,49.1787
layernorm,2592,49.7012
layernorm,2608,49.845
layernorm,2624,49.9787
layernorm,2640,50.128
layernorm,2656,50.4427
layernorm,2672,51.1945
layernorm,2688,51.2267
layernorm,2704,51.7383
layernorm,2720,52.208
layernorm,2736,52.3518
layernorm,2752,52.1655
layernorm,2768,52.7838
layernorm,2784,53.0717
layernorm,2800,52.8053
layernorm,2816,53.8187
layernorm,2832,53.44
layernorm,2848,54.5543
layernorm,2864,54.8693
layernorm,2880,56.3093
layernorm,2896,55.3705
layernorm,2912,56.3092
layernorm,2928,56.1438
layernorm,2944,56.2773
layernorm,2960,57.5947
layernorm,2976,57.1465
layernorm,2992,58.3307
layernorm,3008,58.9868
layernorm,3024,58.7893
layernorm,3040,58.9282
layernorm,3056,59.5253
layernorm,3072,59.5572
layernorm,3088,61.2373
layernorm,3104,61.344
layernorm,3120,62.3197
layernorm,3136,63.424
layernorm,3152,63.2107
layernorm,3168,64.2453
layernorm,3184,64.3625
layernorm,3200,64.8798
layernorm,3216,64.8107
layernorm,3232,65.1785
layernorm,3248,65.2533
layernorm,3264,65.584
layernorm,3280,65.2905
layernorm,3296,65.4507
layernorm,3312,64.9492
layernorm,3328,65.5573
layernorm,3344,70.5118
layernorm,3360,70.5813
layernorm,3376,70.5867
layernorm,3392,70.7307
layernorm,3408,72.3732
layernorm,3424,72.5707
layernorm,3440,73.5678
layernorm,3456,73.7173
layernorm,3472,74.4853
layernorm,3488,74.0587
layernorm,3504,74.2613
layernorm,3520,73.8773
layernorm,3536,74.1653
layernorm,3552,74.32
layernorm,3568,74.2825
layernorm,3584,75.456
layernorm,3600,76.0855
layernorm,3616,76.336
layernorm,3632,76.9065
layernorm,3648,76.5122
layernorm,3664,75.8882
layernorm,3680,75.8775
layernorm,3696,75.7868
layernorm,3712,75.824
layernorm,3728,77.9625
layernorm,3744,77.3493
layernorm,3760,78.2507
layernorm,3776,78.1013
layernorm,3792,78.6078
layernorm,3808,79.2108
layernorm,3824,79.1573
layernorm,3840,79.968
layernorm,3856,78.7787
layernorm,3872,78.112
layernorm,3888,78.4318
layernorm,3904,78.6507
layernorm,3920,79.0668
layernorm,3936,79.6213
layernorm,3952,79.4612
layernorm,3968,80.4587
layernorm,3984,81.28
layernorm,4000,82.1015
layernorm,4016,82.3787
layernorm,4032,82.8002
layernorm,4048,83.109
layernorm,4064,83.3175
layernorm,4080,83.6105
layernorm,4096,84.5065
layernorm,4112,87.3547
layernorm,4128,88.0855
layernorm,4144,87.9362
layernorm,4160,88.5813
layernorm,4176,88.3095
layernorm,4192,88.5497
layernorm,4208,89.2425
layernorm,4224,89.584
layernorm,4240,90.448
layernorm,4256,90.8533
layernorm,4272,91.2855
layernorm,4288,91.0348
layernorm,4304,92.1653
layernorm,4320,92.6347
layernorm,4336,92.1602
layernorm,4352,93.2533
layernorm,4368,93.0775
layernorm,4384,94.2773
layernorm,4400,94.1975
layernorm,4416,95.1362
layernorm,4432,95.6855
layernorm,4448,96.9865
layernorm,4464,97.5093
layernorm,4480,98.5333
layernorm,4496,98.5333
layernorm,4512,98.7948
layernorm,4528,99.0082
layernorm,4544,100.843
layernorm,4560,101.973
layernorm,4576,102.4
layernorm,4592,102.704
layernorm,4608,104.496
layernorm,4624,104.485
layernorm,4640,104.085
layernorm,4656,105.072
layernorm,4672,105.638
layernorm,4688,106.011
layernorm,4704,106.192
layernorm,4720,107.339
layernorm,4736,108.475
layernorm,4752,108.651
layernorm,4768,109.339
layernorm,4784,110.096
layernorm,4800,110.661
layernorm,4816,111.323
layernorm,4832,111.605
layernorm,4848,112.512
layernorm,4864,112.518
layernorm,4880,113.616
layernorm,4896,113.451
layernorm,4912,114.565
layernorm,4928,115.061
layernorm,4944,115.136
layernorm,4960,115.632
layernorm,4976,115.947
layernorm,4992,116.486
layernorm,5008,116.939
layernorm,5024,117.371
layernorm,5040,117.776
layernorm,5056,119.12
layernorm,5072,119.653
layernorm,5088,120.416
layernorm,5104,120.725
layernorm,5120,121.707
layernorm,5136,121.776
layernorm,5152,122.133
layernorm,5168,123.174
layernorm,5184,122.715
layernorm,5200,124.544
layernorm,5216,124.576
layernorm,5232,125.952
layernorm,5248,125.765
layernorm,5264,127.051
layernorm,5280,127.248
layernorm,5296,127.659
layernorm,5312,129.195
layernorm,5328,128.422
layernorm,5344,130.117
layernorm,5360,129.952
layernorm,5376,130.629
layernorm,5392,132.608
layernorm,5408,132.352
layernorm,5424,133.531
layernorm,5440,134.709
layernorm,5456,135.173
layernorm,5472,135.872
layernorm,5488,136.363
layernorm,5504,137.856
layernorm,5520,138.443
layernorm,5536,138.517
layernorm,5552,139.419
layernorm,5568,139.787
layernorm,5584,140.432
layernorm,5600,141.803
layernorm,5616,142.395
layernorm,5632,142.331
layernorm,5648,144.395
layernorm,5664,144.865
layernorm,5680,145.558
layernorm,5696,146.165
layernorm,5712,146.091
layernorm,5728,147.099
layernorm,5744,147.573
layernorm,5760,148.683
layernorm,5776,149.387
layernorm,5792,150.417
layernorm,5808,149.755
layernorm,5824,150.63
layernorm,5840,151.014
layernorm,5856,151.179
layernorm,5872,153.062
layernorm,5888,152.955
layernorm,5904,150.16
layernorm,5920,151.888
layernorm,5936,152.731
layernorm,5952,152.288
layernorm,5968,153.627
layernorm,5984,154.059
layernorm,6000,154.827
layernorm,6016,155.377
layernorm,6032,156.48
layernorm,6048,155.574
layernorm,6064,156.08
layernorm,6080,157.013
layernorm,6096,158.144
layernorm,6112,158.363
layernorm,6128,159.595
layernorm,6144,159.553
layernorm,6160,162.043
layernorm,6176,163.419
layernorm,6192,163.467
layernorm,6208,164.443
layernorm,6224,164.795
layernorm,6240,165.872
layernorm,6256,166.374
layernorm,6272,166.518
layernorm,6288,165.611
layernorm,6304,166.901
layernorm,6320,168.235
layernorm,6336,168.32
layernorm,6352,169.174
layernorm,6368,170.22
layernorm,6384,171.44
layernorm,6400,171.862
layernorm,6416,172.427
layernorm,6432,173.744
layernorm,6448,173.851
layernorm,6464,175.025
layernorm,6480,174.646
layernorm,6496,175.99
layernorm,6512,175.489
layernorm,6528,176.539
layernorm,6544,176.795
layernorm,6560,177.909
layernorm,6576,178.16
layernorm,6592,179.238
layernorm,6608,179.403
layernorm,6624,180.603
layernorm,6640,180.838
layernorm,6656,182.097
layernorm,6672,179.307
layernorm,6688,179.696
layernorm,6704,180.23
layernorm,6720,181.457
layernorm,6736,182.32
layernorm,6752,183.115
layernorm,6768,183.339
layernorm,6784,183.782
layernorm,6800,185.168
layernorm,6816,184.987
layernorm,6832,186.326
layernorm,6848,186.678
layernorm,6864,187.643
layernorm,6880,188.235
layernorm,6896,189.067
layernorm,6912,189.008
layernorm,6928,192.144
layernorm,6944,193.43
layernorm,6960,194.048
layernorm,6976,194.501
layernorm,6992,194.843
layernorm,7008,195.243
layernorm,7024,196.235
layernorm,7040,195.777
layernorm,7056,196.625
layernorm,7072,197.675
layernorm,7088,198.39
layernorm,7104,199.147
layernorm,7120,199.638
layernorm,7136,200.118
layernorm,7152,200.427
layernorm,7168,201.302
layernorm,7184,202.091
layernorm,7200,203.633
layernorm,7216,204.369
layernorm,7232,204.251
layernorm,7248,205.286
layernorm,7264,205.52
layernorm,7280,205.841
layernorm,7296,205.643
layernorm,7312,206.427
layernorm,7328,207.51
layernorm,7344,207.414
layernorm,7360,208.203
layernorm,7376,210.086
layernorm,7392,210.251
layernorm,7408,211.659
layernorm,7424,211.893
layernorm,7440,209.398
layernorm,7456,210.118
layernorm,7472,211.702
layernorm,7488,211.851
layernorm,7504,212.225
layernorm,7520,212.843
layernorm,7536,213.158
layernorm,7552,213.958
layernorm,7568,214.235
layernorm,7584,214.859
layernorm,7600,216.155
layernorm,7616,216.47
layernorm,7632,217.451
layernorm,7648,217.617
layernorm,7664,218.012
layernorm,7680,219.094
layernorm,7696,220.603
layernorm,7712,221.142
layernorm,7728,221.633
layernorm,7744,222.656
layernorm,7760,222.827
layernorm,7776,223.638
layernorm,7792,224.513
layernorm,7808,224.886
layernorm,7824,225.409
layernorm,7840,226.507
layernorm,7856,226.849
layernorm,7872,226.945
layernorm,7888,228.011
layernorm,7904,228.561
layernorm,7920,229.228
layernorm,7936,229.644
layernorm,7952,232.342
layernorm,7968,232.641
layernorm,7984,233.377
layernorm,8000,233.884
layernorm,8016,234.955
layernorm,8032,234.198
layernorm,8048,235.718
layernorm,8064,236.657
layernorm,8080,237.435
layernorm,8096,238.487
layernorm,8112,239.59
layernorm,8128,240.118
layernorm,8144,240.828
layernorm,8160,240.433
layernorm,8176,240.705
layernorm,8192,241.771
layernorm,8208,243.958
layernorm,8224,244.828
layernorm,8240,245.041
layernorm,8256,246.14
layernorm,8272,247.169
layernorm,8288,247.457
layernorm,8304,248.188
layernorm,8320,248.688
layernorm,8336,250.225
layernorm,8352,249.98
layernorm,8368,252.279
layernorm,8384,252.427
layernorm,8400,252.481
layernorm,8416,253.254
layernorm,8432,254.342
layernorm,8448,254.049
layernorm,8464,254.236
layernorm,8480,255.323
layernorm,8496,255.804
layernorm,8512,256.417
layernorm,8528,256.635
layernorm,8544,256.662
layernorm,8560,257.495
layernorm,8576,258.294
layernorm,8592,256.715
layernorm,8608,258.044
layernorm,8624,259.505
layernorm,8640,259.692
layernorm,8656,260.081
layernorm,8672,260.887
layernorm,8688,261.526
layernorm,8704,262.118
layernorm,8720,262.988
layernorm,8736,263.505
layernorm,8752,265.089
layernorm,8768,264.332
layernorm,8784,265.628
layernorm,8800,266.119
layernorm,8816,266.865
layernorm,8832,266.561
layernorm,8848,267.441
layernorm,8864,268.363
layernorm,8880,269.911
layernorm,8896,269.751
layernorm,8912,270.316
layernorm,8928,272.102
layernorm,8944,272.087
layernorm,8960,272.353
layernorm,8976,274.043
layernorm,8992,274.225
layernorm,9008,274.615
layernorm,9024,275.884
layernorm,9040,277.031
layernorm,9056,277.233
layernorm,9072,277.057
layernorm,9088,278.439
layernorm,9104,278.844
layernorm,9120,279.863
layernorm,9136,279.206
layernorm,9152,280.407
layernorm,9168,280.684
layernorm,9184,281.543
layernorm,9200,281.195
layernorm,9216,281.665
layernorm,9232,282.353
layernorm,9248,283.985
layernorm,9264,283.847
layernorm,9280,284.375
layernorm,9296,285.798
layernorm,9312,286.017
layernorm,9328,286.049
layernorm,9344,286.54
layernorm,9360,286.721
layernorm,9376,287.191
layernorm,9392,287.516
layernorm,9408,288.055
layernorm,9424,288.823
layernorm,9440,288.892
layernorm,9456,289.585
layernorm,9472,290.001
layernorm,9488,290.828
layernorm,9504,290.609
layernorm,9520,292.609
layernorm,9536,291.351
layernorm,9552,293.468
layernorm,9568,293.953
layernorm,9584,294.919
layernorm,9600,295.132
layernorm,9616,295.105
layernorm,9632,295.804
layernorm,9648,295.916
layernorm,9664,296.337
layernorm,9680,297.004
layernorm,9696,297.713
layernorm,9712,298.348
layernorm,9728,298.732
layernorm,9744,300.225
layernorm,9760,300.668
layernorm,9776,301.111
layernorm,9792,301.932
layernorm,9808,302.417
layernorm,9824,303.17
layernorm,9840,303.457
layernorm,9856,303.943
layernorm,9872,306.065
layernorm,9888,305.927
layernorm,9904,305.964
layernorm,9920,306.3
layernorm,9936,306.535
layernorm,9952,307.292
layernorm,9968,307.906
layernorm,9984,308.359
layernorm,10000,308.561
layernorm,10016,308.77
layernorm,10032,309.159
layernorm,10048,309.996
layernorm,10064,311.511
layernorm,10080,311.084
layernorm,10096,311.212
layernorm,10112,311.927
layernorm,10128,312.62
layernorm,10144,312.572
layernorm,10160,312.935
layernorm,10176,312.818
layernorm,10192,314.359
layernorm,10208,314.594
layernorm,10224,315.281
layernorm,10240,315.474
layernorm,10256,316.62
layernorm,10272,317.639
layernorm,10288,317.793
layernorm,10304,318.887
layernorm,10320,318.492
layernorm,10336,319.175
layernorm,10352,320.385
layernorm,10368,320.93
layernorm,10384,320.903
layernorm,10400,321.527
layernorm,10416,322.225
layernorm,10432,322.508
layernorm,10448,322.396
layernorm,10464,323.473
layernorm,10480,324.241
layernorm,10496,324.108
layernorm,10512,325.052
layernorm,10528,325.97
layernorm,10544,326.567
layernorm,10560,327.601
layernorm,10576,327.634
layernorm,10592,327.735
layernorm,10608,328.54
layernorm,10624,329.09
layernorm,10640,329.82
layernorm,10656,329.906
layernorm,10672,331.058
layernorm,10688,331.276
layernorm,10704,332.055
layernorm,10720,332.524
layernorm,10736,332.914
layernorm,10752,332.62
layernorm,10768,337.052
layernorm,10784,336.972
layernorm,10800,337.159
layernorm,10816,338.098
layernorm,10832,338.332
layernorm,10848,339.644
layernorm,10864,340.023
layernorm,10880,340.999
layernorm,10896,341.058
layernorm,10912,340.695
layernorm,10928,341.367
layernorm,10944,342.967
layernorm,10960,343.532
layernorm,10976,343.9
layernorm,10992,344.14
layernorm,11008,345.122
layernorm,11024,344.738
layernorm,11040,345.74
layernorm,11056,346.162
layernorm,11072,346.3
layernorm,11088,346.082
layernorm,11104,348.066
layernorm,11120,349.447
layernorm,11136,348.722
layernorm,11152,349.991
layernorm,11168,350.188
layernorm,11184,350.973
layernorm,11200,351.692
layernorm,11216,352.023
layernorm,11232,352.722
layernorm,11248,352.412
layernorm,11264,354.108
layernorm,11280,354.786
layernorm,11296,354.887
layernorm,11312,356.034
layernorm,11328,355.879
layernorm,11344,357.442
layernorm,11360,357.127
layernorm,11376,358.268
layernorm,11392,359.213
layernorm,11408,357.698
layernorm,11424,358.599
layernorm,11440,359.036
layernorm,11456,360.514
layernorm,11472,360.53
layernorm,11488,360.946
layernorm,11504,361.645
layernorm,11520,362.359
layernorm,11536,363.687
layernorm,11552,363.943
layernorm,11568,364.226
layernorm,11584,364.743
layernorm,11600,365.874
layernorm,11616,365.468
layernorm,11632,366.231
layernorm,11648,367.389
layernorm,11664,367.383
layernorm,11680,367.948
layernorm,11696,369.511
layernorm,11712,370.279
layernorm,11728,370.178
layernorm,11744,370.589
layernorm,11760,371.245
layernorm,11776,371.58
layernorm,11792,371.517
layernorm,11808,372.306
layernorm,11824,372.877
layernorm,11840,373.18
layernorm,11856,373.884
layernorm,11872,375.234
layernorm,11888,373.756
layernorm,11904,375.682
layernorm,11920,376.53
layernorm,11936,376.759
layernorm,11952,376.978
layernorm,11968,378.28
layernorm,11984,378.978
layernorm,12000,378.786
layernorm,12016,379.324
layernorm,12032,379.911
layernorm,12048,381.015
layernorm,12064,381.464
layernorm,12080,382.402
layernorm,12096,382.477
layernorm,12112,383.069
layernorm,12128,383.341
layernorm,12144,383.602
layernorm,12160,384.29
layernorm,12176,385.202
layernorm,12192,385.026
layernorm,12208,386.055
layernorm,12224,387.266
layernorm,12240,387.554
layernorm,12256,387.431
layernorm,12272,388.061
layernorm,12288,387.901
layernorm,12304,388.541
layernorm,12320,388.664
layernorm,12336,389.762
layernorm,12352,389.975
layernorm,12368,390.951
layernorm,12384,391.437
layernorm,12400,391.079
layernorm,12416,392.519
layernorm,12432,391.186
layernorm,12448,393.197
layernorm,12464,393.026
layernorm,12480,392.925
layernorm,12496,393.751
layernorm,12512,395.186
layernorm,12528,393.666
layernorm,12544,395.181
layernorm,12560,395.805
layernorm,12576,398.018
layernorm,12592,397.73
layernorm,12608,398.194
layernorm,12624,398.44
layernorm,12640,399.602
layernorm,12656,400.44
layernorm,12672,400.493
layernorm,12688,401.512
layernorm,12704,403.005
layernorm,12720,403.378
layernorm,12736,404.061
layernorm,12752,405.01
layernorm,12768,406.093
layernorm,12784,406.594
layernorm,12800,405.592
layernorm,12816,407.954
layernorm,12832,407.624
layernorm,12848,408.05
layernorm,12864,409.218
layernorm,12880,410.69
layernorm,12896,409.773
layernorm,12912,410.45
layernorm,12928,411.346
layernorm,12944,411.992
layernorm,12960,412.162
layernorm,12976,412.141
layernorm,12992,413.938
layernorm,13008,413.069
layernorm,13024,413.794
layernorm,13040,415.005
layernorm,13056,415.912
layernorm,13072,414.786
layernorm,13088,415.624
layernorm,13104,415.138
layernorm,13120,414.984
layernorm,13136,416.877
layernorm,13152,417.138
layernorm,13168,417.933
layernorm,13184,418.018
layernorm,13200,417.709
layernorm,13216,417.773
layernorm,13232,419.933
layernorm,13248,419.762
layernorm,13264,420.114
layernorm,13280,420.706
layernorm,13296,421.634
layernorm,13312,420.765
layernorm,13328,420.696
layernorm,13344,422.6
layernorm,13360,423.149
layernorm,13376,422.962
layernorm,13392,423.949
layernorm,13408,424.056
layernorm,13424,424.723
layernorm,13440,425.277
layernorm,13456,426.584
layernorm,13472,427.65
layernorm,13488,428.482
layernorm,13504,428.786
layernorm,13520,430.493
layernorm,13536,430.616
layernorm,13552,429.634
layernorm,13568,431.063
layernorm,13584,432.221
layernorm,13600,433.544
layernorm,13616,433.581
layernorm,13632,433.784
layernorm,13648,434.824
layernorm,13664,435.272
layernorm,13680,436.157
layernorm,13696,436.872
layernorm,13712,436.728
layernorm,13728,437.421
layernorm,13744,437.864
layernorm,13760,438.439
layernorm,13776,439.538
layernorm,13792,439.261
layernorm,13808,439.656
layernorm,13824,441.41
layernorm,13840,439.629
layernorm,13856,441.405
layernorm,13872,440.792
layernorm,13888,441.48
layernorm,13904,442.392
layernorm,13920,442.68
layernorm,13936,443.645
layernorm,13952,443.554
layernorm,13968,443.805
layernorm,13984,444.483
layernorm,14000,444.888
layernorm,14016,444.824
layernorm,14032,446.44
layernorm,14048,446.456
layernorm,14064,446.936
layernorm,14080,447.874
layernorm,14096,449.021
layernorm,14112,449.384
layernorm,14128,449.603
layernorm,14144,450.546
layernorm,14160,451.442
layernorm,14176,452.27
layernorm,14192,451.88
layernorm,14208,452.397
layernorm,14224,453.64
layernorm,14240,453.874
layernorm,14256,454.408
layernorm,14272,454.936
layernorm,14288,456.168
layernorm,14304,456.216
layernorm,14320,457.416
layernorm,14336,457.683
layernorm,14352,457.986
layernorm,14368,458.483
layernorm,14384,459.272
layernorm,14400,459.277
layernorm,14416,460.072
layernorm,14432,460.722
layernorm,14448,461.17
layernorm,14464,461.528
layernorm,14480,462.04
layernorm,14496,461.965
layernorm,14512,462.829
layernorm,14528,463.501
layernorm,14544,463.565
layernorm,14560,464.52
layernorm,14576,464.973
layernorm,14592,464.882
layernorm,14608,465.528
layernorm,14624,466.109
layernorm,14640,466.312
layernorm,14656,466.685
layernorm,14672,466.808
layernorm,14688,467.699
layernorm,14704,468.147
layernorm,14720,469.64
layernorm,14736,470.275
layernorm,14752,470.104
layernorm,14768,471.432
layernorm,14784,471.624
layernorm,14800,472.877
layernorm,14816,473.059
layernorm,14832,472.973
layernorm,14848,473.827
layernorm,14864,474.621
layernorm,14880,475.32
layernorm,14896,475.843
layernorm,14912,476.771
layernorm,14928,477.672
layernorm,14944,477.421
layernorm,14960,478.622
layernorm,14976,479.107
layernorm,14992,479.704
layernorm,15008,480.173
layernorm,15024,481.048
layernorm,15040,481.485
layernorm,15056,482.37
layernorm,15072,483.149
layernorm,15088,483.8
layernorm,15104,484.686
layernorm,15120,485.368
layernorm,15136,484.984
layernorm,15152,484.947
layernorm,15168,486.494
layernorm,15184,487.123
layernorm,15200,487.054
layernorm,15216,487.454
layernorm,15232,487.635
layernorm,15248,487.224
layernorm,15264,488.637
layernorm,15280,489.026
layernorm,15296,489.277
layernorm,15312,490.466
layernorm,15328,490.318
layernorm,15344,491.15
layernorm,15360,491.288
layernorm,15376,492.382
layernorm,15392,492.632
layernorm,15408,492.765
layernorm,15424,492.755
layernorm,15440,493.667
layernorm,15456,494.984
layernorm,15472,495.347
layernorm,15488,495.149
layernorm,15504,496.387
layernorm,15520,496.669
layernorm,15536,497.507
layernorm,15552,497.64
layernorm,15568,499.826
layernorm,15584,498.296
layernorm,15600,499.709
layernorm,15616,500.387
layernorm,15632,501.283
layernorm,15648,502.323
layernorm,15664,502.542
layernorm,15680,503.736
layernorm,15696,503.768
layernorm,15712,504.456
layernorm,15728,505.496
layernorm,15744,505.694
layernorm,15760,506.733
layernorm,15776,506.765
layernorm,15792,507.416
layernorm,15808,508.424
layernorm,15824,509.496
layernorm,15840,509.411
layernorm,15856,510.248
layernorm,15872,510.798
layernorm,15888,511.107
layernorm,15904,511.971
layernorm,15920,512.675
layernorm,15936,513.219
layernorm,15952,513.693
layernorm,15968,513.379
layernorm,15984,514.318
layernorm,16000,514.232
layernorm,16016,516.105
layernorm,16032,516.067
layernorm,16048,516.318
layernorm,16064,516.957
layernorm,16080,517.603
layernorm,16096,516.995
layernorm,16112,518.061
layernorm,16128,518.739
layernorm,16144,518.318
layernorm,16160,519.545
layernorm,16176,520.142
layernorm,16192,520.637
layernorm,16208,521.192
layernorm,16224,521.806
layernorm,16240,522.094
layernorm,16256,522.691
layernorm,16272,522.403
layernorm,16288,523.619
layernorm,16304,524.451
layernorm,16320,524.184
layernorm,16336,525.566
layernorm,16352,525.657
layernorm,16368,526.019
layernorm,16384,526.413
o_proj,1,90.869
o_proj,2,91.4453
o_proj,3,90.2927
o_proj,4,90.688
o_proj,5,92.2447
o_proj,6,90.7307
o_proj,7,92.821
o_proj,8,103.157
o_proj,9,93.3867
o_proj,10,91.658
o_proj,11,97.7917
o_proj,12,100.106
o_proj,13,98.186
o_proj,14,93.173
o_proj,15,100.277
o_proj,16,103.082
o_proj,20,100.117
o_proj,24,100.693
o_proj,28,101.375
o_proj,32,100.96
o_proj,36,104.437
o_proj,40,105.578
o_proj,44,107.552
o_proj,48,108
o_proj,52,107.2
o_proj,56,108.448
o_proj,60,109.195
o_proj,64,110.294
o_proj,80,108.351
o_proj,96,109.493
o_proj,112,104.374
o_proj,128,109.344
o_proj,144,122.303
o_proj,160,122.303
o_proj,176,122.709
o_proj,192,123.616
o_proj,208,124.074
o_proj,224,124.352
o_proj,240,125.067
o_proj,256,138.624
o_proj,272,249.61
o_proj,288,250.485
o_proj,304,249.514
o_proj,320,250.783
o_proj,336,249.589
o_proj,352,249.535
o_proj,368,251.06
o_proj,384,250.314
o_proj,400,250.719
o_proj,416,250.922
o_proj,432,251.146
o_proj,448,251.861
o_proj,464,251.189
o_proj,480,251.296
o_proj,496,252.213
o_proj,512,252.618
o_proj,528,369.653
o_proj,544,370.517
o_proj,560,370.836
o_proj,576,370.441
o_proj,592,367.221
o_proj,608,371.625
o_proj,624,371.967
o_proj,640,372.458
o_proj,656,374.314
o_proj,672,374.485
o_proj,688,371.199
o_proj,704,376.095
o_proj,720,372.607
o_proj,736,376.414
o_proj,752,376.565
o_proj,768,374.196
o_proj,784,374.698
o_proj,800,376.735
o_proj,816,477.012
o_proj,832,476.692
o_proj,848,477.641
o_proj,864,477.759
o_proj,880,478.015
o_proj,896,477.396
o_proj,912,477.673
o_proj,928,479.305
o_proj,944,479.082
o_proj,960,479.466
o_proj,976,480.394
o_proj,992,481.076
o_proj,1008,481.439
o_proj,1024,480.394
o_proj,1040,480.361
o_proj,1056,479.614
o_proj,1072,479.87
o_proj,1088,479.134
o_proj,1104,478.602
o_proj,1120,480.212
o_proj,1136,480.095
o_proj,1152,480.127
o_proj,1168,480.383
o_proj,1184,481.258
o_proj,1200,481.951
o_proj,1216,482.026
o_proj,1232,481.983
o_proj,1248,482.719
o_proj,1264,483.124
o_proj,1280,483.19
o_proj,1296,717.14
o_proj,1312,715.092
o_proj,1328,717.065
o_proj,1344,716.905
o_proj,1360,717.449
o_proj,1376,718.41
o_proj,1392,717.556
o_proj,1408,718.867
o_proj,1424,720.819
o_proj,1440,720.724
o_proj,1456,720.595
o_proj,1472,721.79
o_proj,1488,720.798
o_proj,1504,722.122
o_proj,1520,722.889
o_proj,1536,722.484
o_proj,1552,719.412
o_proj,1568,720.457
o_proj,1584,720.394
o_proj,1600,722.218
o_proj,1616,722.452
o_proj,1632,720.873
o_proj,1648,721.47
o_proj,1664,720.819
o_proj,1680,721.887
o_proj,1696,722.825
o_proj,1712,724.713
o_proj,1728,723.561
o_proj,1744,723.327
o_proj,1760,723.006
o_proj,1776,723.924
o_proj,1792,725.428
o_proj,1808,722.526
o_proj,1824,722.772
o_proj,1840,724.372
o_proj,1856,723.166
o_proj,1872,721.354
o_proj,1888,724.457
o_proj,1904,724.5
o_proj,1920,724.714
o_proj,1936,724.148
o_proj,1952,725.001
o_proj,1968,725.982
o_proj,1984,727.423
o_proj,2000,723.422
o_proj,2016,726.089
o_proj,2032,727.252
o_proj,2048,727.518
o_proj,2064,959.604
o_proj,2080,958.057
o_proj,2096,959.124
o_proj,2112,960.628
o_proj,2128,959.518
o_proj,2144,960.35
o_proj,2160,959.369
o_proj,2176,961.428
o_proj,2192,962.388
o_proj,2208,961.428
o_proj,2224,964.425
o_proj,2240,963.508
o_proj,2256,964.511
o_proj,2272,962.367
o_proj,2288,963.123
o_proj,2304,964.895
o_proj,2320,956.468
o_proj,2336,959.977
o_proj,2352,960.447
o_proj,2368,959.347
o_proj,2384,960.723
o_proj,2400,959.102
o_proj,2416,961.588
o_proj,2432,962.505
o_proj,2448,959.551
o_proj,2464,961.567
o_proj,2480,962.27
o_proj,2496,964.841
o_proj,2512,962.559
o_proj,2528,964.041
o_proj,2544,965.705
o_proj,2560,964.393
o_proj,2576,963.209
o_proj,2592,963.806
o_proj,2608,960.18
o_proj,2624,963.198
o_proj,2640,962.954
o_proj,2656,962.229
o_proj,2672,962.218
o_proj,2688,964.361
o_proj,2704,967.775
o_proj,2720,966.302
o_proj,2736,968.308
o_proj,2752,966.996
o_proj,2768,967.284
o_proj,2784,968.362
o_proj,2800,970.9
o_proj,2816,969.642
o_proj,2832,1197.48
o_proj,2848,1200.37
o_proj,2864,1200.16
o_proj,2880,1204.13
o_proj,2896,1199.95
o_proj,2912,1199.49
o_proj,2928,1203.46
o_proj,2944,1203.32
o_proj,2960,1201.25
o_proj,2976,1204.18
o_proj,2992,1203.51
o_proj,3008,1204.6
o_proj,3024,1202.88
o_proj,3040,1205.6
o_proj,3056,1202.3
o_proj,3072,1205.77
o_proj,3088,1195.49
o_proj,3104,1198.48
o_proj,3120,1202.24
o_proj,3136,1204.21
o_proj,3152,1202.43
o_proj,3168,1199.72
o_proj,3184,1202.67
o_proj,3200,1203.59
o_proj,3216,1203.61
o_proj,3232,1204.51
o_proj,3248,1206
o_proj,3264,1202.9
o_proj,3280,1204.68
o_proj,3296,1203.32
o_proj,3312,1204.74
o_proj,3328,1205.76
o_proj,3344,1200.13
o_proj,3360,1184.29
o_proj,3376,1203.27
o_proj,3392,1182.65
o_proj,3408,1200.23
o_proj,3424,1203.27
o_proj,3440,1183.5
o_proj,3456,1202.36
o_proj,3472,1201.07
o_proj,3488,1203.53
o_proj,3504,1185.47
o_proj,3520,1205.84
o_proj,3536,1185.46
o_proj,3552,1186.7
o_proj,3568,1206.99
o_proj,3584,1186.85
o_proj,3600,1411.12
o_proj,3616,1425.23
o_proj,3632,1434.74
o_proj,3648,1406.09
o_proj,3664,1417.32
o_proj,3680,1409.49
o_proj,3696,1409.72
o_proj,3712,1436.86
o_proj,3728,1437.47
o_proj,3744,1413.55
o_proj,3760,1413.88
o_proj,3776,1417.08
o_proj,3792,1437.79
o_proj,3808,1443.12
o_proj,3824,1391.9
o_proj,3840,1414.24
o_proj,3856,1414.79
o_proj,3872,1415.26
o_proj,3888,1413.72
o_proj,3904,1415.36
o_proj,3920,1392.82
o_proj,3936,1415.94
o_proj,3952,1416.38
o_proj,3968,1419.57
o_proj,3984,1390.93
o_proj,4000,1389.47
o_proj,4016,1392.28
o_proj,4032,1416.9
o_proj,4048,1390.71
o_proj,4064,1394.89
o_proj,4080,1395.18
o_proj,4096,1396.78
o_proj,4112,1391.28
o_proj,4128,1390.05
o_proj,4144,1392.74
o_proj,4160,1394.53
o_proj,4176,1393.98
o_proj,4192,1395.69
o_proj,4208,1391.69
o_proj,4224,1420.82
o_proj,4240,1393.15
o_proj,4256,1392.33
o_proj,4272,1396.37
o_proj,4288,1396.9
o_proj,4304,1395.92
o_proj,4320,1396.5
o_proj,4336,1397.03
o_proj,4352,1399.95
o_proj,4368,1619
o_proj,4384,1622.01
o_proj,4400,1620.77
o_proj,4416,1652.63
o_proj,4432,1607.47
o_proj,4448,1620.2
o_proj,4464,1623.21
o_proj,4480,1591.8
o_proj,4496,1625.09
o_proj,4512,1624.27
o_proj,4528,1590.09
o_proj,4544,1625.48
o_proj,4560,1623.11
o_proj,4576,1625.2
o_proj,4592,1591.53
o_proj,4608,1625.49
o_proj,4624,1588.96
o_proj,4640,1623.44
o_proj,4656,1621.81
o_proj,4672,1590.72
o_proj,4688,1604.11
o_proj,4704,1623.07
o_proj,4720,1598.13
o_proj,4736,1620.45
o_proj,4752,1624.81
o_proj,4768,1622.69
o_proj,4784,1607.82
o_proj,4800,1624.7
o_proj,4816,1624.81
o_proj,4832,1625.21
o_proj,4848,1625.53
o_proj,4864,1593.63
o_proj,4880,1624.19
o_proj,4896,1624.49
o_proj,4912,1625.85
o_proj,4928,1625.86
o_proj,4944,1625.3
o_proj,4960,1626.37
o_proj,4976,1627.2
o_proj,4992,1626.63
o_proj,5008,1628.91
o_proj,5024,1629.25
o_proj,5040,1597.33
o_proj,5056,1629.8
o_proj,5072,1630.97
o_proj,5088,1632.08
o_proj,5104,1632.52
o_proj,5120,1596.7
o_proj,5136,1848.09
o_proj,5152,1847.96
o_proj,5168,1812.95
o_proj,5184,1812.73
o_proj,5200,1810.74
o_proj,5216,1851.65
o_proj,5232,1853.12
o_proj,5248,1809.13
o_proj,5264,1814
o_proj,5280,1815.5
o_proj,5296,1815.53
o_proj,5312,1821.36
o_proj,5328,1816.96
o_proj,5344,1814.31
o_proj,5360,1816.07
o_proj,5376,1817.34
o_proj,5392,1816.54
o_proj,5408,1815.46
o_proj,5424,1819.35
o_proj,5440,1839.68
o_proj,5456,1820.43
o_proj,5472,1818.65
o_proj,5488,1858.97
o_proj,5504,1815.73
o_proj,5520,1818.88
o_proj,5536,1818.04
o_proj,5552,1820.09
o_proj,5568,1827.51
o_proj,5584,1823.2
o_proj,5600,1824.56
o_proj,5616,1829.74
o_proj,5632,1826.43
o_proj,5648,1821.84
o_proj,5664,1823.16
o_proj,5680,1823.12
o_proj,5696,1837.33
o_proj,5712,1825.45
o_proj,5728,1824.55
o_proj,5744,1825.36
o_proj,5760,1829.52
o_proj,5776,1826.71
o_proj,5792,1828.46
o_proj,5808,1829.44
o_proj,5824,1829.04
o_proj,5840,1830.89
o_proj,5856,1831.1
o_proj,5872,1828.74
o_proj,5888,1829.96
o_proj,5904,2043.3
o_proj,5920,2042.59
o_proj,5936,2043.2
o_proj,5952,2042.85
o_proj,5968,2052.82
o_proj,5984,2054.16
o_proj,6000,2046.07
o_proj,6016,2047.2
o_proj,6032,2046.21
o_proj,6048,2051.51
o_proj,6064,2051.95
o_proj,6080,2054.94
o_proj,6096,2054.16
o_proj,6112,2052.86
o_proj,6128,2056.86
o_proj,6144,2055.09
o_proj,6160,2049.51
o_proj,6176,2047.51
o_proj,6192,2053.87
o_proj,6208,2055.76
o_proj,6224,2056.64
o_proj,6240,2053.85
o_proj,6256,2062.14
o_proj,6272,2056.13
o_proj,6288,2062.96
o_proj,6304,2057.49
o_proj,6320,2058.93
o_proj,6336,2054.34
o_proj,6352,2067.53
o_proj,6368,2059.5
o_proj,6384,2069.24
o_proj,6400,2063.75
o_proj,6416,2056.05
o_proj,6432,2064.37
o_proj,6448,2058.52
o_proj,6464,2068.13
o_proj,6480,2067.44
o_proj,6496,2067.27
o_proj,6512,2067.76
o_proj,6528,2063.25
o_proj,6544,2073.27
o_proj,6560,2067.27
o_proj,6576,2076.01
o_proj,6592,2066.36
o_proj,6608,2069.88
o_proj,6624,2113.82
o_proj,6640,2075.69
o_proj,6656,2069.66
o_proj,6672,2283.71
o_proj,6688,2278.3
o_proj,6704,2284.96
o_proj,6720,2278.52
o_proj,6736,2278.35
o_proj,6752,2278.65
o_proj,6768,2290.54
o_proj,6784,2290.56
o_proj,6800,2286.36
o_proj,6816,2285.49
o_proj,6832,2284.19
o_proj,6848,2297.57
o_proj,6864,2297.37
o_proj,6880,2296.91
o_proj,6896,2295.66
o_proj,6912,2297.48
o_proj,6928,2292.29
o_proj,6944,2293.19
o_proj,6960,2292.25
o_proj,6976,2296.11
o_proj,6992,2281.66
o_proj,7008,2299.44
o_proj,7024,2296.61
o_proj,7040,2298.39
o_proj,7056,2298.92
o_proj,7072,2300.55
o_proj,7088,2287.9
o_proj,7104,2299.59
o_proj,7120,2298.62
o_proj,7136,2300.84
o_proj,7152,2305.01
o_proj,7168,2302.97
o_proj,7184,2302.17
o_proj,7200,2298.58
o_proj,7216,2295
o_proj,7232,2298.64
o_proj,7248,2297.58
o_proj,7264,2306.66
o_proj,7280,2302.34
o_proj,7296,2300.83
o_proj,7312,2310.56
o_proj,7328,2312.79
o_proj,7344,2307.34
o_proj,7360,2314.42
o_proj,7376,2312.95
o_proj,7392,2316.09
o_proj,7408,2311.37
o_proj,7424,2313.93
o_proj,7440,2518.16
o_proj,7456,2519.89
o_proj,7472,2518.17
o_proj,7488,2522.88
o_proj,7504,2525.86
o_proj,7520,2527.15
o_proj,7536,2520.96
o_proj,7552,2525.49
o_proj,7568,2526.62
o_proj,7584,2529.9
o_proj,7600,2524.36
o_proj,7616,2536.39
o_proj,7632,2538.26
o_proj,7648,2528.91
o_proj,7664,2532.09
o_proj,7680,2538.62
o_proj,7696,2531.7
o_proj,7712,2535.03
o_proj,7728,2532.4
o_proj,7744,2530.34
o_proj,7760,2537.53
o_proj,7776,2529.38
o_proj,7792,2535.75
o_proj,7808,2539.89
o_proj,7824,2536.39
o_proj,7840,2534.61
o_proj,7856,2540.11
o_proj,7872,2539.18
o_proj,7888,2535.2
o_proj,7904,2543.38
o_proj,7920,2546.14
o_proj,7936,2544.68
o_proj,7952,2542.17
o_proj,7968,2541
o_proj,7984,2544.18
o_proj,8000,2544.54
o_proj,8016,2542.07
o_proj,8032,2546.73
o_proj,8048,2552.04
o_proj,8064,2540.66
o_proj,8080,2551.03
o_proj,8096,2551.99
o_proj,8112,2554.38
o_proj,8128,2559.49
o_proj,8144,2549.08
o_proj,8160,2559.23
o_proj,8176,2546.51
o_proj,8192,2550.01
o_proj,8208,2770.59
o_proj,8224,2764.18
o_proj,8240,2765.44
o_proj,8256,2767.68
o_proj,8272,2758.94
o_proj,8288,2766.54
o_proj,8304,2768.95
o_proj,8320,2770.87
o_proj,8336,2770.66
o_proj,8352,2766.97
o_proj,8368,2771.52
o_proj,8384,2770.93
o_proj,8400,2774.58
o_proj,8416,2773.59
o_proj,8432,2768.54
o_proj,8448,2776.28
o_proj,8464,2770.08
o_proj,8480,2778.62
o_proj,8496,2776.1
o_proj,8512,2774.59
o_proj,8528,2776.66
o_proj,8544,2769.91
o_proj,8560,2778.61
o_proj,8576,2787.56
o_proj,8592,2780.74
o_proj,8608,2781.66
o_proj,8624,2775.79
o_proj,8640,2781.93
o_proj,8656,2775.21
o_proj,8672,2780.4
o_proj,8688,2781.2
o_proj,8704,2775.49
o_proj,8720,2782.5
o_proj,8736,2784.77
o_proj,8752,2785.97
o_proj,8768,2790.54
o_proj,8784,2783.35
o_proj,8800,2784.76
o_proj,8816,2789.42
o_proj,8832,2787.44
o_proj,8848,2796.75
o_proj,8864,2794.02
o_proj,8880,2794.4
o_proj,8896,2793.22
o_proj,8912,2797.9
o_proj,8928,2793.25
o_proj,8944,2799.11
o_proj,8960,2794.31
o_proj,8976,3001.41
o_proj,8992,3002.31
o_proj,9008,3007.44
o_proj,9024,3002.8
o_proj,9040,3007.63
o_proj,9056,3006.92
o_proj,9072,3009.63
o_proj,9088,3010.95
o_proj,9104,3012.28
o_proj,9120,3006.36
o_proj,9136,3009.02
o_proj,9152,3008.41
o_proj,9168,3007.3
o_proj,9184,3009.37
o_proj,9200,3008.96
o_proj,9216,3006.49
o_proj,9232,3008.03
o_proj,9248,3017.28
o_proj,9264,3016.59
o_proj,9280,3010.79
o_proj,9296,3013.86
o_proj,9312,3013.08
o_proj,9328,3019.68
o_proj,9344,3020.28
o_proj,9360,3017.03
o_proj,9376,3029.89
o_proj,9392,3025.09
o_proj,9408,3021.78
o_proj,9424,3020.19
o_proj,9440,3015.84
o_proj,9456,3020.25
o_proj,9472,3019.2
o_proj,9488,3023.37
o_proj,9504,3043.37
o_proj,9520,3033.71
o_proj,9536,3032.39
o_proj,9552,3028.02
o_proj,9568,3032.25
o_proj,9584,3040.85
o_proj,9600,3034.53
o_proj,9616,3042.18
o_proj,9632,3039.28
o_proj,9648,3034.58
o_proj,9664,3052.56
o_proj,9680,3055.5
o_proj,9696,3043.7
o_proj,9712,3054.3
o_proj,9728,3049.05
o_proj,9744,3249.38
o_proj,9760,3257.65
o_proj,9776,3258.03
o_proj,9792,3256.72
o_proj,9808,3259.66
o_proj,9824,3256.67
o_proj,9840,3251.33
o_proj,9856,3261.09
o_proj,9872,3260.88
o_proj,9888,3250.86
o_proj,9904,3258.94
o_proj,9920,3268.56
o_proj,9936,3261.57
o_proj,9952,3269.51
o_proj,9968,3275.14
o_proj,9984,3259.51
o_proj,10000,3266.62
o_proj,10016,3272.5
o_proj,10032,3273.05
o_proj,10048,3267.71
o_proj,10064,3253.09
o_proj,10080,3268.22
o_proj,10096,3265.8
o_proj,10112,3272.37
o_proj,10128,3266.33
o_proj,10144,3277.66
o_proj,10160,3277.24
o_proj,10176,3271.37
o_proj,10192,3277.08
o_proj,10208,3274.17
o_proj,10224,3275.08
o_proj,10240,3274.63
o_proj,10256,3283.74
o_proj,10272,3285.74
o_proj,10288,3286.9
o_proj,10304,3281.96
o_proj,10320,3284.39
o_proj,10336,3285.31
o_proj,10352,3283.65
o_proj,10368,3294.5
o_proj,10384,3302.2
o_proj,10400,3298.13
o_proj,10416,3299
o_proj,10432,3293.67
o_proj,10448,3301.71
o_proj,10464,3298.77
o_proj,10480,3300.86
o_proj,10496,3301.07
o_proj,10512,3496.78
o_proj,10528,3501.06
o_proj,10544,3505.56
o_proj,10560,3506.64
o_proj,10576,3509.95
o_proj,10592,3500.3
o_proj,10608,3508.41
o_proj,10624,3499.73
o_proj,10640,3507.52
o_proj,10656,3516.24
o_proj,10672,3510.9
o_proj,10688,3508.54
o_proj,10704,3505.96
o_proj,10720,3508.71
o_proj,10736,3510.11
o_proj,10752,3508.88
o_proj,10768,3518.35
o_proj,10784,3506.98
o_proj,10800,3516.88
o_proj,10816,3520.14
o_proj,10832,3511.78
o_proj,10848,3518.29
o_proj,10864,3513.9
o_proj,10880,3517.37
o_proj,10896,3520.02
o_proj,10912,3530.82
o_proj,10928,3527.18
o_proj,10944,3525.04
o_proj,10960,3537.45
o_proj,10976,3530.03
o_proj,10992,3520.74
o_proj,11008,3533.53
o_proj,11024,3540.52
o_proj,11040,3542.34
o_proj,11056,3532.73
o_proj,11072,3537.3
o_proj,11088,3545.23
o_proj,11104,3546.77
o_proj,11120,3534.35
o_proj,11136,3551.46
o_proj,11152,3556.92
o_proj,11168,3548.35
o_proj,11184,3547.8
o_proj,11200,3552.9
o_proj,11216,3550.3
o_proj,11232,3553.82
o_proj,11248,3551.41
o_proj,11264,3563.27
o_proj,11280,3755.52
o_proj,11296,3755.86
o_proj,11312,3756.17
o_proj,11328,3756.49
o_proj,11344,3757.9
o_proj,11360,3761.84
o_proj,11376,3759.37
o_proj,11392,3753.79
o_proj,11408,3748.79
o_proj,11424,3767.81
o_proj,11440,3765.45
o_proj,11456,3757.84
o_proj,11472,3764.45
o_proj,11488,3753.2
o_proj,11504,3762.71
o_proj,11520,3760.01
o_proj,11536,3757.79
o_proj,11552,3768.33
o_proj,11568,3773.84
o_proj,11584,3763.86
o_proj,11600,3772.01
o_proj,11616,3766.24
o_proj,11632,3767.42
o_proj,11648,3769.72
o_proj,11664,3783.49
o_proj,11680,3772.17
o_proj,11696,3776.58
o_proj,11712,3787.51
o_proj,11728,3774.12
o_proj,11744,3791.02
o_proj,11760,3786.92
o_proj,11776,3776.85
o_proj,11792,3784.69
o_proj,11808,3789.78
o_proj,11824,3792.57
o_proj,11840,3790.15
o_proj,11856,3793.28
o_proj,11872,3787.58
o_proj,11888,3804.04
o_proj,11904,3798.25
o_proj,11920,3808.99
o_proj,11936,3808.18
o_proj,11952,3802.94
o_proj,11968,3805.3
o_proj,11984,3820.63
o_proj,12000,3804.8
o_proj,12016,3806.77
o_proj,12032,3818.08
o_proj,12048,4004.25
o_proj,12064,3988.47
o_proj,12080,3998.5
o_proj,12096,4006.16
o_proj,12112,4000.3
o_proj,12128,4004.49
o_proj,12144,3996
o_proj,12160,4010.86
o_proj,12176,4007.02
o_proj,12192,4005.83
o_proj,12208,4008.95
o_proj,12224,4007.08
o_proj,12240,4002.29
o_proj,12256,4010.23
o_proj,12272,4016.46
o_proj,12288,4018.71
o_proj,12304,4023.96
o_proj,12320,4010.28
o_proj,12336,4015.44
o_proj,12352,4009.64
o_proj,12368,4016.3
o_proj,12384,4014.08
o_proj,12400,4012.6
o_proj,12416,4023.92
o_proj,12432,4016.82
o_proj,12448,4028.82
o_proj,12464,4027.82
o_proj,12480,4031.97
o_proj,12496,4028.34
o_proj,12512,4018.51
o_proj,12528,4022.15
o_proj,12544,4023.19
o_proj,12560,4030.77
o_proj,12576,4028.6
o_proj,12592,4027.67
o_proj,12608,4039.64
o_proj,12624,4027.26
o_proj,12640,4030.68
o_proj,12656,4036.53
o_proj,12672,4029.53
o_proj,12688,4230.12
o_proj,12704,4234.54
o_proj,12720,4230.06
o_proj,12736,4235.06
o_proj,12752,4235.15
o_proj,12768,4244.91
o_proj,12784,4236.73
o_proj,12800,4238.08
o_proj,12816,4237.81
o_proj,12832,4244.42
o_proj,12848,4252.44
o_proj,12864,4247.69
o_proj,12880,4239.55
o_proj,12896,4245.43
o_proj,12912,4245.24
o_proj,12928,4238.35
o_proj,12944,4248.73
o_proj,12960,4251.52
o_proj,12976,4243.39
o_proj,12992,4246.31
o_proj,13008,4249.9
o_proj,13024,4257.68
o_proj,13040,4255.19
o_proj,13056,4251.31
o_proj,13072,4252.5
o_proj,13088,4258.61
o_proj,13104,4255.08
o_proj,13120,4258.08
o_proj,13136,4260.4
o_proj,13152,4258.04
o_proj,13168,4255.41
o_proj,13184,4256.93
o_proj,13200,4261.2
o_proj,13216,4255.06
o_proj,13232,4266.67
o_proj,13248,4265.94
o_proj,13264,4266.25
o_proj,13280,4260.54
o_proj,13296,4264.42
o_proj,13312,4270.15
o_proj,13328,4274.71
o_proj,13344,4272.99
o_proj,13360,4280.69
o_proj,13376,4279.91
o_proj,13392,4282.84
o_proj,13408,4282.27
o_proj,13424,4278.42
o_proj,13440,4284.15
o_proj,13456,4473.36
o_proj,13472,4489.22
o_proj,13488,4486.44
o_proj,13504,4490.72
o_proj,13520,4479.46
o_proj,13536,4478.37
o_proj,13552,4478.23
o_proj,13568,4474.38
o_proj,13584,4485.61
o_proj,13600,4490.96
o_proj,13616,4493.05
o_proj,13632,4495.4
o_proj,13648,4481.45
o_proj,13664,4496.1
o_proj,13680,4488.09
o_proj,13696,4496.21
o_proj,13712,4502.77
o_proj,13728,4491.7
o_proj,13744,4491.23
o_proj,13760,4501.89
o_proj,13776,4495.55
o_proj,13792,4494.29
o_proj,13808,4503.67
o_proj,13824,4503.97
o_proj,13840,4494.87
o_proj,13856,4501.14
o_proj,13872,4492.3
o_proj,13888,4503.98
o_proj,13904,4502.04
o_proj,13920,4492.69
o_proj,13936,4505.41
o_proj,13952,4503.05
o_proj,13968,4507.16
o_proj,13984,4504.02
o_proj,14000,4507.82
o_proj,14016,4513.2
o_proj,14032,4502.8
o_proj,14048,4513.81
o_proj,14064,4504.37
o_proj,14080,4509.76
o_proj,14096,4513.41
o_proj,14112,4510.4
o_proj,14128,4526.73
o_proj,14144,4517.53
o_proj,14160,4516.11
o_proj,14176,4522.63
o_proj,14192,4525.72
o_proj,14208,4525.38
o_proj,14224,4710.65
o_proj,14240,4712.86
o_proj,14256,4726.78
o_proj,14272,4729.38
o_proj,14288,4723.62
o_proj,14304,4716.83
o_proj,14320,4721.51
o_proj,14336,4729.17
o_proj,14352,4729.83
o_proj,14368,4731.84
o_proj,14384,4712.62
o_proj,14400,4725.17
o_proj,14416,4726.72
o_proj,14432,4715.32
o_proj,14448,4711.09
o_proj,14464,4730.74
o_proj,14480,4729.13
o_proj,14496,4731.42
o_proj,14512,4730.47
o_proj,14528,4734.96
o_proj,14544,4725.71
o_proj,14560,4723.88
o_proj,14576,4733.92
o_proj,14592,4725.74
o_proj,14608,4734.82
o_proj,14624,4738.21
o_proj,14640,4739.24
o_proj,14656,4736.33
o_proj,14672,4738.14
o_proj,14688,4733.49
o_proj,14704,4749.14
o_proj,14720,4738.79
o_proj,14736,4756.6
o_proj,14752,4742.08
o_proj,14768,4745.32
o_proj,14784,4753.94
o_proj,14800,4740.74
o_proj,14816,4741.87
o_proj,14832,4733.93
o_proj,14848,4755.28
o_proj,14864,4771.1
o_proj,14880,4768.57
o_proj,14896,4766.06
o_proj,14912,4755.49
o_proj,14928,4771.95
o_proj,14944,4764.81
o_proj,14960,4778.86
o_proj,14976,4775.62
o_proj,14992,4956.25
o_proj,15008,4965.41
o_proj,15024,4974.35
o_proj,15040,4937.05
o_proj,15056,4976.38
o_proj,15072,4939.58
o_proj,15088,4972.61
o_proj,15104,4947.14
o_proj,15120,4968.37
o_proj,15136,4968.41
o_proj,15152,4972.37
o_proj,15168,4935.76
o_proj,15184,4963.22
o_proj,15200,4973.87
o_proj,15216,4971.59
o_proj,15232,4974.1
o_proj,15248,4992.81
o_proj,15264,4952.97
o_proj,15280,4970.25
o_proj,15296,4992.47
o_proj,15312,4973.46
o_proj,15328,4976.54
o_proj,15344,4985.06
o_proj,15360,4991.93
o_proj,15376,4992.67
o_proj,15392,4981.4
o_proj,15408,5001.98
o_proj,15424,5001.52
o_proj,15440,5006.24
o_proj,15456,4986.29
o_proj,15472,4981.71
o_proj,15488,4996.48
o_proj,15504,4997.05
o_proj,15520,5012.06
o_proj,15536,5010.57
o_proj,15552,5004.81
o_proj,15568,4980.14
o_proj,15584,5008.31
o_proj,15600,4969.81
o_proj,15616,5012.68
o_proj,15632,5026.61
o_proj,15648,4987.49
o_proj,15664,5027.41
o_proj,15680,5030.6
o_proj,15696,5020.23
o_proj,15712,5000.95
o_proj,15728,5006.81
o_proj,15744,4995.06
o_proj,15760,5196.89
o_proj,15776,5214
o_proj,15792,5183.6
o_proj,15808,5202.26
o_proj,15824,5235.28
o_proj,15840,5214.34
o_proj,15856,5217.1
o_proj,15872,5207.66
o_proj,15888,5227.86
o_proj,15904,5232.62
o_proj,15920,5212.01
o_proj,15936,5233.24
o_proj,15952,5209.55
o_proj,15968,5214.67
o_proj,15984,5236.81
o_proj,16000,5233.1
o_proj,16016,5230.53
o_proj,16032,5220.04
o_proj,16048,5219.59
o_proj,16064,5230.53
o_proj,16080,5227.22
o_proj,16096,5221.31
o_proj,16112,5229.49
o_proj,16128,5202.46
o_proj,16144,5223.87
o_proj,16160,5247.46
o_proj,16176,5245.32
o_proj,16192,5206.86
o_proj,16208,5207.42
o_proj,16224,5222.87
o_proj,16240,5236.51
o_proj,16256,5242.07
o_proj,16272,5240.77
o_proj,16288,5226.67
o_proj,16304,5224.54
o_proj,16320,5254.04
o_proj,16336,5250.14
o_proj,16352,5255.56
o_proj,16368,5256.33
o_proj,16384,5249.33
qkv_proj,1,112.181
qkv_proj,2,113.386
qkv_proj,3,113.45
qkv_proj,4,113.45
qkv_proj,5,113.685
qkv_proj,6,113.845
qkv_proj,7,113.386
qkv_proj,8,113.995
qkv_proj,9,114.101
qkv_proj,10,114.378
qkv_proj,11,114.496
qkv_proj,12,113.781
qkv_proj,13,113.631
qkv_proj,14,113.248
qkv_proj,15,113.493
qkv_proj,16,113.461
qkv_proj,20,117.184
qkv_proj,24,117.653
qkv_proj,28,117.856
qkv_proj,32,118.389
qkv_proj,36,137.578
qkv_proj,40,137.055
qkv_proj,44,140.245
qkv_proj,48,140.821
qkv_proj,52,139.755
qkv_proj,56,141.238
qkv_proj,60,141.589
qkv_proj,64,143.69
qkv_proj,80,127.808
qkv_proj,96,129.397
qkv_proj,112,143.36
qkv_proj,128,143.509
qkv_proj,144,138.26
qkv_proj,160,142.175
qkv_proj,176,142.495
qkv_proj,192,143.125
qkv_proj,208,143.349
qkv_proj,224,143.893
qkv_proj,240,144.266
qkv_proj,256,141.194
qkv_proj,272,244.447
qkv_proj,288,244.843
qkv_proj,304,244.064
qkv_proj,320,245.663
qkv_proj,336,254.207
qkv_proj,352,254.261
qkv_proj,368,246.538
qkv_proj,384,245.738
qkv_proj,400,245.653
qkv_proj,416,246.431
qkv_proj,432,246.538
qkv_proj,448,246.73
qkv_proj,464,246.943
qkv_proj,480,246.858
qkv_proj,496,256.618
qkv_proj,512,256.895
qkv_proj,528,375.988
qkv_proj,544,376.981
qkv_proj,560,376.575
qkv_proj,576,377.749
qkv_proj,592,374.751
qkv_proj,608,378.122
qkv_proj,624,378.708
qkv_proj,640,378.718
qkv_proj,656,486.495
qkv_proj,672,488.287
qkv_proj,688,483.295
qkv_proj,704,488.863
qkv_proj,720,482.857
qkv_proj,736,487.935
qkv_proj,752,488.426
qkv_proj,768,484.596
qkv_proj,784,487.05
qkv_proj,800,491.124
qkv_proj,816,484.532
qkv_proj,832,485.599
qkv_proj,848,484.874
qkv_proj,864,485.823
qkv_proj,880,485.376
qkv_proj,896,484.948
qkv_proj,912,485.78
qkv_proj,928,485.758
qkv_proj,944,486.26
qkv_proj,960,486.132
qkv_proj,976,486.09
qkv_proj,992,486.558
qkv_proj,1008,486.484
qkv_proj,1024,486.484
qkv_proj,1040,490.911
qkv_proj,1056,491.337
qkv_proj,1072,491.348
qkv_proj,1088,492.03
qkv_proj,1104,491.135
qkv_proj,1120,491.412
qkv_proj,1136,491.561
qkv_proj,1152,491.722
qkv_proj,1168,724.052
qkv_proj,1184,724.905
qkv_proj,1200,724.115
qkv_proj,1216,725.396
qkv_proj,1232,726.153
qkv_proj,1248,725.716
qkv_proj,1264,727.657
qkv_proj,1280,727.692
qkv_proj,1296,727.711
qkv_proj,1312,726.858
qkv_proj,1328,727.358
qkv_proj,1344,728.467
qkv_proj,1360,728.766
qkv_proj,1376,728.863
qkv_proj,1392,728.543
qkv_proj,1408,730.143
qkv_proj,1424,725.993
qkv_proj,1440,726.826
qkv_proj,1456,726.451
qkv_proj,1472,727.689
qkv_proj,1488,727.39
qkv_proj,1504,731.177
qkv_proj,1520,730.91
qkv_proj,1536,729.546
qkv_proj,1552,730.175
qkv_proj,1568,731.988
qkv_proj,1584,731.327
qkv_proj,1600,732.489
qkv_proj,1616,732.383
qkv_proj,1632,733.023
qkv_proj,1648,733.162
qkv_proj,1664,732.531
qkv_proj,1680,737.909
qkv_proj,1696,738.974
qkv_proj,1712,739.007
qkv_proj,1728,732.084
qkv_proj,1744,732.692
qkv_proj,1760,734.035
qkv_proj,1776,733.428
qkv_proj,1792,736.063
qkv_proj,1808,963.314
qkv_proj,1824,962.515
qkv_proj,1840,962.121
qkv_proj,1856,964.36
qkv_proj,1872,962.558
qkv_proj,1888,965.811
qkv_proj,1904,965.118
qkv_proj,1920,964.969
qkv_proj,1936,965.065
qkv_proj,1952,964.126
qkv_proj,1968,964.201
qkv_proj,1984,965.236
qkv_proj,2000,965.982
qkv_proj,2016,964.979
qkv_proj,2032,966.494
qkv_proj,2048,968.393
qkv_proj,2064,969.545
qkv_proj,2080,969.619
qkv_proj,2096,970.025
qkv_proj,2112,970.153
qkv_proj,2128,969.588
qkv_proj,2144,972.169
qkv_proj,2160,970.708
qkv_proj,2176,973.343
qkv_proj,2192,969.267
qkv_proj,2208,967.188
qkv_proj,2224,969.652
qkv_proj,2240,970.676
qkv_proj,2256,969.503
qkv_proj,2272,970.782
qkv_proj,2288,969.779
qkv_proj,2304,970.953
qkv_proj,2320,1201.18
qkv_proj,2336,1202.92
qkv_proj,2352,1200.66
qkv_proj,2368,1203.68
qkv_proj,2384,1199.15
qkv_proj,2400,1203.68
qkv_proj,2416,1204.61
qkv_proj,2432,1203.84
qkv_proj,2448,1202.88
qkv_proj,2464,1204.64
qkv_proj,2480,1205.01
qkv_proj,2496,1205.02
qkv_proj,2512,1205.65
qkv_proj,2528,1204.99
qkv_proj,2544,1207.18
qkv_proj,2560,1205.48
qkv_proj,2576,1205.05
qkv_proj,2592,1206.1
qkv_proj,2608,1204.94
qkv_proj,2624,1206.15
qkv_proj,2640,1206.7
qkv_proj,2656,1209.02
qkv_proj,2672,1208.94
qkv_proj,2688,1209.29
qkv_proj,2704,1210.5
qkv_proj,2720,1208.46
qkv_proj,2736,1207.25
qkv_proj,2752,1209.57
qkv_proj,2768,1213.1
qkv_proj,2784,1211.35
qkv_proj,2800,1210.8
qkv_proj,2816,1214.39
qkv_proj,2832,1211.74
qkv_proj,2848,1212.35
qkv_proj,2864,1214.7
qkv_proj,2880,1214.08
qkv_proj,2896,1215.89
qkv_proj,2912,1216.4
qkv_proj,2928,1218.17
qkv_proj,2944,1216.54
qkv_proj,2960,1446.22
qkv_proj,2976,1445.47
qkv_proj,2992,1445.89
qkv_proj,3008,1447.39
qkv_proj,3024,1447.38
qkv_proj,3040,1447.34
qkv_proj,3056,1445.74
qkv_proj,3072,1451.43
qkv_proj,3088,1445.62
qkv_proj,3104,1444.69
qkv_proj,3120,1450.42
qkv_proj,3136,1449.34
qkv_proj,3152,1450.95
qkv_proj,3168,1447.79
qkv_proj,3184,1449.82
qkv_proj,3200,1453.53
qkv_proj,3216,1449.28
qkv_proj,3232,1450.64
qkv_proj,3248,1447.55
qkv_proj,3264,1450.1
qkv_proj,3280,1449.92
qkv_proj,3296,1451.75
qkv_proj,3312,1451.44
qkv_proj,3328,1450.46
qkv_proj,3344,1449.02
qkv_proj,3360,1428.36
qkv_proj,3376,1453.09
qkv_proj,3392,1428.91
qkv_proj,3408,1451.98
qkv_proj,3424,1452.43
qkv_proj,3440,1428.77
qkv_proj,3456,1452.62
qkv_proj,3472,1458.47
qkv_proj,3488,1456.13
qkv_proj,3504,1431.03
qkv_proj,3520,1461.51
qkv_proj,3536,1432.12
qkv_proj,3552,1434.03
qkv_proj,3568,1462.69
qkv_proj,3584,1435.49
qkv_proj,3600,1682.48
qkv_proj,3616,1684.87
qkv_proj,3632,1685.76
qkv_proj,3648,1653.39
qkv_proj,3664,1686.16
qkv_proj,3680,1654.15
qkv_proj,3696,1657.12
qkv_proj,3712,1688.63
qkv_proj,3728,1684.81
qkv_proj,3744,1654.43
qkv_proj,3760,1652.34
qkv_proj,3776,1655.74
qkv_proj,3792,1686.84
qkv_proj,3808,1687.29
qkv_proj,3824,1656.53
qkv_proj,3840,1654.84
qkv_proj,3856,1653.94
qkv_proj,3872,1654.88
qkv_proj,3888,1654.4
qkv_proj,3904,1659.63
qkv_proj,3920,1631.71
qkv_proj,3936,1664.23
qkv_proj,3952,1663.08
qkv_proj,3968,1663.72
qkv_proj,3984,1657.42
qkv_proj,4000,1657.7
qkv_proj,4016,1655.94
qkv_proj,4032,1658.06
qkv_proj,4048,1646.94
qkv_proj,4064,1628.27
qkv_proj,4080,1629.74
qkv_proj,4096,1628.46
qkv_proj,4112,1847.17
qkv_proj,4128,1880.37
qkv_proj,4144,1848.59
qkv_proj,4160,1847.7
qkv_proj,4176,1870.72
qkv_proj,4192,1860.06
qkv_proj,4208,1847.14
qkv_proj,4224,1888.06
qkv_proj,4240,1848.1
qkv_proj,4256,1851.12
qkv_proj,4272,1853.1
qkv_proj,4288,1860.51
qkv_proj,4304,1857.56
qkv_proj,4320,1858.27
qkv_proj,4336,1849.61
qkv_proj,4352,1856.05
qkv_proj,4368,1858.97
qkv_proj,4384,1855.63
qkv_proj,4400,1851.84
qkv_proj,4416,1888.49
qkv_proj,4432,1850.44
qkv_proj,4448,1852.28
qkv_proj,4464,1853.97
qkv_proj,4480,1824.05
qkv_proj,4496,1853.62
qkv_proj,4512,1854.94
qkv_proj,4528,1852.8
qkv_proj,4544,1855.65
qkv_proj,4560,1855.42
qkv_proj,4576,1857.5
qkv_proj,4592,1856.9
qkv_proj,4608,1857.38
qkv_proj,4624,1827.62
qkv_proj,4640,1858.69
qkv_proj,4656,1859.6
qkv_proj,4672,1828.99
qkv_proj,4688,1861.39
qkv_proj,4704,1861.46
qkv_proj,4720,1862.6
qkv_proj,4736,1863.35
qkv_proj,4752,2081.8
qkv_proj,4768,2083.96
qkv_proj,4784,2083.69
qkv_proj,4800,2084.1
qkv_proj,4816,2083.7
qkv_proj,4832,2083.99
qkv_proj,4848,2085.3
qkv_proj,4864,2086.65
qkv_proj,4880,2086.27
qkv_proj,4896,2086.07
qkv_proj,4912,2086.54
qkv_proj,4928,2087.45
qkv_proj,4944,2087.48
qkv_proj,4960,2088.5
qkv_proj,4976,2090.61
qkv_proj,4992,2088.3
qkv_proj,5008,2090.34
qkv_proj,5024,2089.53
qkv_proj,5040,2048.38
qkv_proj,5056,2090.27
qkv_proj,5072,2091.36
qkv_proj,5088,2090.58
qkv_proj,5104,2093.82
qkv_proj,5120,2046.75
qkv_proj,5136,2093.22
qkv_proj,5152,2092.89
qkv_proj,5168,2070.79
qkv_proj,5184,2073.28
qkv_proj,5200,2051.86
qkv_proj,5216,2094.03
qkv_proj,5232,2094.88
qkv_proj,5248,2054.45
qkv_proj,5264,2053.23
qkv_proj,5280,2050.98
qkv_proj,5296,2077.98
qkv_proj,5312,2054.58
qkv_proj,5328,2099.69
qkv_proj,5344,2056.22
qkv_proj,5360,2054.03
qkv_proj,5376,2103.75
qkv_proj,5392,2273.74
qkv_proj,5408,2276.79
qkv_proj,5424,2274.65
qkv_proj,5440,2323.48
qkv_proj,5456,2276.16
qkv_proj,5472,2303.07
qkv_proj,5488,2321.53
qkv_proj,5504,2276.42
qkv_proj,5520,2269.85
qkv_proj,5536,2276.29
qkv_proj,5552,2323.03
qkv_proj,5568,2277.32
qkv_proj,5584,2284.08
qkv_proj,5600,2269.94
qkv_proj,5616,2278.04
qkv_proj,5632,2275.98
qkv_proj,5648,2326.03
qkv_proj,5664,2274.27
qkv_proj,5680,2330.82
qkv_proj,5696,2328.99
qkv_proj,5712,2275.35
qkv_proj,5728,2275.68
qkv_proj,5744,2296.58
qkv_proj,5760,2274.5
qkv_proj,5776,2276.63
qkv_proj,5792,2282.85
qkv_proj,5808,2298.59
qkv_proj,5824,2279.08
qkv_proj,5840,2286.7
qkv_proj,5856,2284.2
qkv_proj,5872,2335.26
qkv_proj,5888,2335.43
qkv_proj,5904,2283.68
qkv_proj,5920,2292.4
qkv_proj,5936,2283.22
qkv_proj,5952,2282.75
qkv_proj,5968,2342.47
qkv_proj,5984,2293.03
qkv_proj,6000,2286.76
qkv_proj,6016,2287.19
qkv_proj,6032,2493.58
qkv_proj,6048,2512
qkv_proj,6064,2502.5
qkv_proj,6080,2506.66
qkv_proj,6096,2497.29
qkv_proj,6112,2559.27
qkv_proj,6128,2508.34
qkv_proj,6144,2498.98
qkv_proj,6160,2497.9
qkv_proj,6176,2497.98
qkv_proj,6192,2542.1
qkv_proj,6208,2504.18
qkv_proj,6224,2505.76
qkv_proj,6240,2500.43
qkv_proj,6256,2506.46
qkv_proj,6272,2503.7
qkv_proj,6288,2506.08
qkv_proj,6304,2508.4
qkv_proj,6320,2503
qkv_proj,6336,2563.13
qkv_proj,6352,2507.36
qkv_proj,6368,2503.46
qkv_proj,6384,2514.1
qkv_proj,6400,2506.35
qkv_proj,6416,2507.76
qkv_proj,6432,2515.79
qkv_proj,6448,2509.44
qkv_proj,6464,2518.58
qkv_proj,6480,2509.84
qkv_proj,6496,2520.99
qkv_proj,6512,2516.3
qkv_proj,6528,2515.06
qkv_proj,6544,2733.97
qkv_proj,6560,2727.72
qkv_proj,6576,2735.77
qkv_proj,6592,2723.69
qkv_proj,6608,2730.76
qkv_proj,6624,2783.32
qkv_proj,6640,2738.43
qkv_proj,6656,2727.05
qkv_proj,6672,2736.28
qkv_proj,6688,2732.22
qkv_proj,6704,2733.31
qkv_proj,6720,2724.86
qkv_proj,6736,2729.66
qkv_proj,6752,2728.01
qkv_proj,6768,2743.84
qkv_proj,6784,2730.28
qkv_proj,6800,2730.34
qkv_proj,6816,2730.59
qkv_proj,6832,2730.16
qkv_proj,6848,2729.92
qkv_proj,6864,2730.84
qkv_proj,6880,2745.45
qkv_proj,6896,2742.08
qkv_proj,6912,2732.71
qkv_proj,6928,2758.83
qkv_proj,6944,2751.86
qkv_proj,6960,2732.76
qkv_proj,6976,2739.47
qkv_proj,6992,2735.13
qkv_proj,7008,2736.03
qkv_proj,7024,2753.58
qkv_proj,7040,2738.35
qkv_proj,7056,2759.26
qkv_proj,7072,2757.27
qkv_proj,7088,2741.97
qkv_proj,7104,2749.28
qkv_proj,7120,2769.98
qkv_proj,7136,2757.96
qkv_proj,7152,2744.78
qkv_proj,7168,2744.42
qkv_proj,7184,2958.57
qkv_proj,7200,2964.77
qkv_proj,7216,2962.86
qkv_proj,7232,2965.51
qkv_proj,7248,2963.11
qkv_proj,7264,2955.84
qkv_proj,7280,2972.55
qkv_proj,7296,2968.06
qkv_proj,7312,2976.06
qkv_proj,7328,2973.71
qkv_proj,7344,2972.5
qkv_proj,7360,2958.9
qkv_proj,7376,2979.76
qkv_proj,7392,2961.81
qkv_proj,7408,2977.32
qkv_proj,7424,2979.83
qkv_proj,7440,2973.52
qkv_proj,7456,2978.57
qkv_proj,7472,2976.27
qkv_proj,7488,2968.33
qkv_proj,7504,2984.62
qkv_proj,7520,2987.1
qkv_proj,7536,2977.1
qkv_proj,7552,2982.1
qkv_proj,7568,2985.12
qkv_proj,7584,2973.12
qkv_proj,7600,2979.67
qkv_proj,7616,2976.18
qkv_proj,7632,2979.21
qkv_proj,7648,2982.11
qkv_proj,7664,2986.29
qkv_proj,7680,2992.49
qkv_proj,7696,2989.49
qkv_proj,7712,2988.94
qkv_proj,7728,2996.9
qkv_proj,7744,2999.31
qkv_proj,7760,3000.6
qkv_proj,7776,2997.73
qkv_proj,7792,2997.84
qkv_proj,7808,3008.61
qkv_proj,7824,3198.59
qkv_proj,7840,3202.43
qkv_proj,7856,3199.42
qkv_proj,7872,3200.89
qkv_proj,7888,3206.05
qkv_proj,7904,3203.34
qkv_proj,7920,3213.37
qkv_proj,7936,3214.31
qkv_proj,7952,3203.67
qkv_proj,7968,3209.07
qkv_proj,7984,3202.98
qkv_proj,8000,3215.31
qkv_proj,8016,3215.79
qkv_proj,8032,3220.64
qkv_proj,8048,3217.25
qkv_proj,8064,3214.44
qkv_proj,8080,3224.64
qkv_proj,8096,3211.17
qkv_proj,8112,3214.34
qkv_proj,8128,3216.29
qkv_proj,8144,3219.69
qkv_proj,8160,3229.01
qkv_proj,8176,3215.51
qkv_proj,8192,3218.57
qkv_proj,8208,3231.33
qkv_proj,8224,3223.76
qkv_proj,8240,3221.69
qkv_proj,8256,3231.48
qkv_proj,8272,3216.34
qkv_proj,8288,3227.06
qkv_proj,8304,3218.17
qkv_proj,8320,3229.03
qkv_proj,8336,3434.15
qkv_proj,8352,3436.83
qkv_proj,8368,3444.14
qkv_proj,8384,3438.81
qkv_proj,8400,3445.21
qkv_proj,8416,3438.82
qkv_proj,8432,3441.74
qkv_proj,8448,3451.27
qkv_proj,8464,3438.9
qkv_proj,8480,3448.78
qkv_proj,8496,3445.85
qkv_proj,8512,3443.12
qkv_proj,8528,3451.09
qkv_proj,8544,3438.13
qkv_proj,8560,3445.28
qkv_proj,8576,3453.93
qkv_proj,8592,3454.92
qkv_proj,8608,3454.8
qkv_proj,8624,3444.68
qkv_proj,8640,3449.52
qkv_proj,8656,3445.43
qkv_proj,8672,3451.27
qkv_proj,8688,3455.63
qkv_proj,8704,3446.94
qkv_proj,8720,3447.15
qkv_proj,8736,3456.57
qkv_proj,8752,3462.15
qkv_proj,8768,3464.52
qkv_proj,8784,3448.99
qkv_proj,8800,3460.28
qkv_proj,8816,3464.78
qkv_proj,8832,3452.01
qkv_proj,8848,3461.24
qkv_proj,8864,3470.08
qkv_proj,8880,3460.05
qkv_proj,8896,3469.52
qkv_proj,8912,3478.39
qkv_proj,8928,3469.07
qkv_proj,8944,3478.07
qkv_proj,8960,3465.9
qkv_proj,8976,3673.85
qkv_proj,8992,3674.73
qkv_proj,9008,3671.1
qkv_proj,9024,3668.47
qkv_proj,9040,3675.38
qkv_proj,9056,3680.07
qkv_proj,9072,3673.88
qkv_proj,9088,3670.99
qkv_proj,9104,3675.78
qkv_proj,9120,3676.06
qkv_proj,9136,3677.34
qkv_proj,9152,3684.86
qkv_proj,9168,3678.4
qkv_proj,9184,3678.4
qkv_proj,9200,3683.9
qkv_proj,9216,3680.28
qkv_proj,9232,3684.5
qkv_proj,9248,3687.06
qkv_proj,9264,3688.68
qkv_proj,9280,3680.31
qkv_proj,9296,3679.45
qkv_proj,9312,3684.74
qkv_proj,9328,3683.04
qkv_proj,9344,3691.56
qkv_proj,9360,3684.55
qkv_proj,9376,3698.59
qkv_proj,9392,3696.8
qkv_proj,9408,3693.79
qkv_proj,9424,3694.51
qkv_proj,9440,3690.57
qkv_proj,9456,3691.22
qkv_proj,9472,3695.12
qkv_proj,9488,3697.25
qkv_proj,9504,3710.02
qkv_proj,9520,3716.24
qkv_proj,9536,3706.8
qkv_proj,9552,3705.22
qkv_proj,9568,3709.54
qkv_proj,9584,3721.47
qkv_proj,9600,3716.93
qkv_proj,9616,3921.8
qkv_proj,9632,3921.13
qkv_proj,9648,3910.59
qkv_proj,9664,3920.69
qkv_proj,9680,3920.7
qkv_proj,9696,3925.99
qkv_proj,9712,3940.66
qkv_proj,9728,3916.27
qkv_proj,9744,3920.9
qkv_proj,9760,3917.23
qkv_proj,9776,3913.65
qkv_proj,9792,3918.71
qkv_proj,9808,3916.51
qkv_proj,9824,3932.07
qkv_proj,9840,3927.11
qkv_proj,9856,3920.96
qkv_proj,9872,3935.45
qkv_proj,9888,3921.86
qkv_proj,9904,3937.26
qkv_proj,9920,3949.8
qkv_proj,9936,3923.71
qkv_proj,9952,3931.57
qkv_proj,9968,3932.15
qkv_proj,9984,3937.19
qkv_proj,10000,3947.6
qkv_proj,10016,3936.86
qkv_proj,10032,3936.55
qkv_proj,10048,3935.47
qkv_proj,10064,3932.4
qkv_proj,10080,3953.64
qkv_proj,10096,3947.53
qkv_proj,10112,3936.23
qkv_proj,10128,4143.1
qkv_proj,10144,4170.85
qkv_proj,10160,4168.29
qkv_proj,10176,4159.31
qkv_proj,10192,4171.01
qkv_proj,10208,4166.7
qkv_proj,10224,4156.05
qkv_proj,10240,4151.18
qkv_proj,10256,4161.12
qkv_proj,10272,4180.47
qkv_proj,10288,4162.82
qkv_proj,10304,4174.24
qkv_proj,10320,4159.4
qkv_proj,10336,4181.19
qkv_proj,10352,4160.29
qkv_proj,10368,4167.9
qkv_proj,10384,4165.33
qkv_proj,10400,4185.6
qkv_proj,10416,4188.8
qkv_proj,10432,4170.24
qkv_proj,10448,4169.69
qkv_proj,10464,4168.45
qkv_proj,10480,4191.67
qkv_proj,10496,4191.02
qkv_proj,10512,4180.85
qkv_proj,10528,4167.8
qkv_proj,10544,4181.92
qkv_proj,10560,4173.7
qkv_proj,10576,4180.69
qkv_proj,10592,4172.05
qkv_proj,10608,4203.1
qkv_proj,10624,4177.57
qkv_proj,10640,4176.94
qkv_proj,10656,4178.21
qkv_proj,10672,4200.54
qkv_proj,10688,4179.57
qkv_proj,10704,4172
qkv_proj,10720,4200.33
qkv_proj,10736,4185.66
qkv_proj,10752,4202.31
qkv_proj,10768,4407.41
qkv_proj,10784,4413.32
qkv_proj,10800,4393.48
qkv_proj,10816,4389.79
qkv_proj,10832,4382.57
qkv_proj,10848,4407.61
qkv_proj,10864,4388.93
qkv_proj,10880,4410.75
qkv_proj,10896,4416.22
qkv_proj,10912,4420.03
qkv_proj,10928,4401.25
qkv_proj,10944,4405.54
qkv_proj,10960,4429.93
qkv_proj,10976,4397.63
qkv_proj,10992,4396.35
qkv_proj,11008,4433.01
qkv_proj,11024,4415.31
qkv_proj,11040,4407.46
qkv_proj,11056,4411.88
qkv_proj,11072,4414.28
qkv_proj,11088,4436.56
qkv_proj,11104,4436.93
qkv_proj,11120,4438.98
qkv_proj,11136,4440.57
qkv_proj,11152,4435.04
qkv_proj,11168,4453.58
qkv_proj,11184,4442.14
qkv_proj,11200,4435.65
qkv_proj,11216,4446.4
qkv_proj,11232,4441.24
qkv_proj,11248,4448.36
qkv_proj,11264,4445.84
qkv_proj,11280,4452.88
qkv_proj,11296,4431.53
qkv_proj,11312,4466.52
qkv_proj,11328,4445.84
qkv_proj,11344,4465.41
qkv_proj,11360,4470.25
qkv_proj,11376,4459
qkv_proj,11392,4434.54
qkv_proj,11408,4648.12
qkv_proj,11424,4685.11
qkv_proj,11440,4677.89
qkv_proj,11456,4659.4
qkv_proj,11472,4656.33
qkv_proj,11488,4662.2
qkv_proj,11504,4664.57
qkv_proj,11520,4660.96
qkv_proj,11536,4657.24
qkv_proj,11552,4685.42
qkv_proj,11568,4659.03
qkv_proj,11584,4663.66
qkv_proj,11600,4666.3
qkv_proj,11616,4671.06
qkv_proj,11632,4667.4
qkv_proj,11648,4685.91
qkv_proj,11664,4676.29
qkv_proj,11680,4671.87
qkv_proj,11696,4685.33
qkv_proj,11712,4681.22
qkv_proj,11728,4675.58
qkv_proj,11744,4710.29
qkv_proj,11760,4707.43
qkv_proj,11776,4686.9
qkv_proj,11792,4693.37
qkv_proj,11808,4706.35
qkv_proj,11824,4690.62
qkv_proj,11840,4709.74
qkv_proj,11856,4704.77
qkv_proj,11872,4698.7
qkv_proj,11888,4729.42
qkv_proj,11904,4695.51
qkv_proj,11920,4711.56
qkv_proj,11936,4709.26
qkv_proj,11952,4723.74
qkv_proj,11968,4728.22
qkv_proj,11984,4744.42
qkv_proj,12000,4731.97
qkv_proj,12016,4730.66
qkv_proj,12032,4720
qkv_proj,12048,4913.38
qkv_proj,12064,4893.55
qkv_proj,12080,4909.53
qkv_proj,12096,4928.39
qkv_proj,12112,4906.61
qkv_proj,12128,4914.24
qkv_proj,12144,4897.58
qkv_proj,12160,4935.19
qkv_proj,12176,4923.02
qkv_proj,12192,4907.89
qkv_proj,12208,4928.44
qkv_proj,12224,4926.95
qkv_proj,12240,4903.18
qkv_proj,12256,4922.94
qkv_proj,12272,4919.47
qkv_proj,12288,4942.46
qkv_proj,12304,4953.45
qkv_proj,12320,4919.37
qkv_proj,12336,4931.26
qkv_proj,12352,4924.01
qkv_proj,12368,4947.72
qkv_proj,12384,4940.67
qkv_proj,12400,4928.5
qkv_proj,12416,4931.33
qkv_proj,12432,4938.66
qkv_proj,12448,4965.27
qkv_proj,12464,4962.2
qkv_proj,12480,4950
qkv_proj,12496,4962.4
qkv_proj,12512,4935.79
qkv_proj,12528,4958.7
qkv_proj,12544,4931.64
qkv_proj,12560,5154.79
qkv_proj,12576,5141.08
qkv_proj,12592,5149.16
qkv_proj,12608,5184.33
qkv_proj,12624,5160.98
qkv_proj,12640,5148.15
qkv_proj,12656,5175.59
qkv_proj,12672,5145.03
qkv_proj,12688,5144.22
qkv_proj,12704,5162.22
qkv_proj,12720,5156.36
qkv_proj,12736,5152.27
qkv_proj,12752,5153.64
qkv_proj,12768,5172.89
qkv_proj,12784,5148.73
qkv_proj,12800,5151.24
qkv_proj,12816,5167.85
qkv_proj,12832,5169.29
qkv_proj,12848,5178.91
qkv_proj,12864,5164.05
qkv_proj,12880,5150.74
qkv_proj,12896,5173.01
qkv_proj,12912,5162.6
qkv_proj,12928,5168.85
qkv_proj,12944,5178.67
qkv_proj,12960,5176.95
qkv_proj,12976,5178.45
qkv_proj,12992,5186.63
qkv_proj,13008,5194.01
qkv_proj,13024,5189.87
qkv_proj,13040,5190.17
qkv_proj,13056,5176.65
qkv_proj,13072,5203.31
qkv_proj,13088,5210.17
qkv_proj,13104,5195.33
qkv_proj,13120,5191.99
qkv_proj,13136,5195.02
qkv_proj,13152,5198.85
qkv_proj,13168,5191.22
qkv_proj,13184,5205.63
qkv_proj,13200,5410.75
qkv_proj,13216,5395.88
qkv_proj,13232,5405.88
qkv_proj,13248,5406.86
qkv_proj,13264,5416.94
qkv_proj,13280,5407.68
qkv_proj,13296,5415.38
qkv_proj,13312,5405.2
qkv_proj,13328,5405.87
qkv_proj,13344,5417.5
qkv_proj,13360,5412.49
qkv_proj,13376,5418.01
qkv_proj,13392,5413.19
qkv_proj,13408,5420.27
qkv_proj,13424,5423.11
qkv_proj,13440,5419.9
qkv_proj,13456,5402.52
qkv_proj,13472,5428.94
qkv_proj,13488,5420.04
qkv_proj,13504,5426.9
qkv_proj,13520,5413.1
qkv_proj,13536,5403.93
qkv_proj,13552,5409.55
qkv_proj,13568,5400.95
qkv_proj,13584,5426.52
qkv_proj,13600,5432.8
qkv_proj,13616,5438.09
qkv_proj,13632,5439.63
qkv_proj,13648,5416.98
qkv_proj,13664,5430.26
qkv_proj,13680,5435.87
qkv_proj,13696,5440.5
qkv_proj,13712,5459.93
qkv_proj,13728,5440.44
qkv_proj,13744,5444.07
qkv_proj,13760,5458.24
qkv_proj,13776,5440.64
qkv_proj,13792,5454.9
qkv_proj,13808,5464.08
qkv_proj,13824,5459.99
qkv_proj,13840,5648.25
qkv_proj,13856,5658.42
qkv_proj,13872,5637.32
qkv_proj,13888,5656.17
qkv_proj,13904,5649.07
qkv_proj,13920,5640.18
qkv_proj,13936,5657.85
qkv_proj,13952,5659.26
qkv_proj,13968,5647.05
qkv_proj,13984,5645.93
qkv_proj,14000,5652.94
qkv_proj,14016,5670.3
qkv_proj,14032,5657.2
qkv_proj,14048,5657.44
qkv_proj,14064,5648.79
qkv_proj,14080,5660.99
qkv_proj,14096,5650.41
qkv_proj,14112,5650.16
qkv_proj,14128,5669.42
qkv_proj,14144,5658.92
qkv_proj,14160,5659.58
qkv_proj,14176,5674.76
qkv_proj,14192,5681.16
qkv_proj,14208,5667.07
qkv_proj,14224,5650.27
qkv_proj,14240,5662.81
qkv_proj,14256,5675.43
qkv_proj,14272,5678.81
qkv_proj,14288,5673.14
qkv_proj,14304,5659.88
qkv_proj,14320,5674.18
qkv_proj,14336,5686.2
qkv_proj,14352,5893.43
qkv_proj,14368,5886.45
qkv_proj,14384,5859.36
qkv_proj,14400,5880.8
qkv_proj,14416,5888.32
qkv_proj,14432,5864.26
qkv_proj,14448,5863.74
qkv_proj,14464,5894.41
qkv_proj,14480,5887.48
qkv_proj,14496,5873.42
qkv_proj,14512,5884.76
qkv_proj,14528,5901.42
qkv_proj,14544,5878.52
qkv_proj,14560,5871.82
qkv_proj,14576,5881.63
qkv_proj,14592,5874.68
qkv_proj,14608,5882.86
qkv_proj,14624,5883.36
qkv_proj,14640,5882.23
qkv_proj,14656,5879.34
qkv_proj,14672,5878.8
qkv_proj,14688,5876.47
qkv_proj,14704,5915.27
qkv_proj,14720,5890.27
qkv_proj,14736,5918.21
qkv_proj,14752,5889.4
qkv_proj,14768,5887.08
qkv_proj,14784,5923.34
qkv_proj,14800,5889.59
qkv_proj,14816,5889.53
qkv_proj,14832,5875.49
qkv_proj,14848,5922.47
qkv_proj,14864,5942.09
qkv_proj,14880,5930.2
qkv_proj,14896,5932.72
qkv_proj,14912,5904.4
qkv_proj,14928,5938.17
qkv_proj,14944,5923.33
qkv_proj,14960,5949.71
qkv_proj,14976,5945.22
qkv_proj,14992,6105.43
qkv_proj,15008,6139.86
qkv_proj,15024,6143.63
qkv_proj,15040,6080.38
qkv_proj,15056,6139.94
qkv_proj,15072,6076.94
qkv_proj,15088,6141.44
qkv_proj,15104,6090.83
qkv_proj,15120,6126.27
qkv_proj,15136,6125.89
qkv_proj,15152,6130.15
qkv_proj,15168,6076.6
qkv_proj,15184,6114.49
qkv_proj,15200,6142.01
qkv_proj,15216,6127.49
qkv_proj,15232,6130.55
qkv_proj,15248,6158.93
qkv_proj,15264,6097.95
qkv_proj,15280,6124.07
qkv_proj,15296,6156.07
qkv_proj,15312,6125.03
qkv_proj,15328,6139.53
qkv_proj,15344,6155.42
qkv_proj,15360,6157.21
qkv_proj,15376,6161.81
qkv_proj,15392,6148.44
qkv_proj,15408,6167.03
qkv_proj,15424,6166.9
qkv_proj,15440,6176.15
qkv_proj,15456,6151.51
qkv_proj,15472,6147.13
qkv_proj,15488,6164.28
qkv_proj,15504,6177.19
qkv_proj,15520,6186.3
qkv_proj,15536,6182.12
qkv_proj,15552,6170.59
qkv_proj,15568,6152.31
qkv_proj,15584,6177.55
qkv_proj,15600,6127.28
qkv_proj,15616,6185.01
qkv_proj,15632,6385.71
qkv_proj,15648,6348.45
qkv_proj,15664,6384.15
qkv_proj,15680,6385.39
qkv_proj,15696,6380.67
qkv_proj,15712,6364.51
qkv_proj,15728,6362.08
qkv_proj,15744,6338.06
qkv_proj,15760,6348.73
qkv_proj,15776,6368.51
qkv_proj,15792,6329.06
qkv_proj,15808,6350.62
qkv_proj,15824,6399.04
qkv_proj,15840,6364.23
qkv_proj,15856,6363.78
qkv_proj,15872,6363.65
qkv_proj,15888,6382.11
qkv_proj,15904,6387.9
qkv_proj,15920,6366.24
qkv_proj,15936,6387.27
qkv_proj,15952,6366.94
qkv_proj,15968,6371.87
qkv_proj,15984,6386.58
qkv_proj,16000,6386.51
qkv_proj,16016,6392.61
qkv_proj,16032,6384.14
qkv_proj,16048,6388.01
qkv_proj,16064,6398.72
qkv_proj,16080,6388.05
qkv_proj,16096,6382.19
qkv_proj,16112,6390.12
qkv_proj,16128,6375
qkv_proj,16144,6595.37
qkv_proj,16160,6624.53
qkv_proj,16176,6611.32
qkv_proj,16192,6582.69
qkv_proj,16208,6582.17
qkv_proj,16224,6594.9
qkv_proj,16240,6600.98
qkv_proj,16256,6604.66
qkv_proj,16272,6605.39
qkv_proj,16288,6605.7
qkv_proj,16304,6600.46
qkv_proj,16320,6601.53
qkv_proj,16336,6606.05
qkv_proj,16352,6612.84
qkv_proj,16368,6615
qkv_proj,16384,6608.6
rotary_emb,1,3.58367
rotary_emb,2,4.08533
rotary_emb,3,4.245
rotary_emb,4,4.224
rotary_emb,5,4.416
rotary_emb,6,4.35167
rotary_emb,7,4.36267
rotary_emb,8,4.37333
rotary_emb,9,4.448
rotary_emb,10,4.37333
rotary_emb,11,4.416
rotary_emb,12,4.39467
rotary_emb,13,4.405
rotary_emb,14,4.37333
rotary_emb,15,4.37333
rotary_emb,16,4.37333
rotary_emb,20,4.43733
rotary_emb,24,4.45867
rotary_emb,28,4.43733
rotary_emb,32,4.458
rotary_emb,36,4.43733
rotary_emb,40,4.45867
rotary_emb,44,4.42667
rotary_emb,48,4.533
rotary_emb,52,4.491
rotary_emb,56,4.50133
rotary_emb,60,4.46933
rotary_emb,64,4.43733
rotary_emb,80,4.48
rotary_emb,96,4.46933
rotary_emb,112,4.587
rotary_emb,128,4.59733
rotary_emb,144,4.64
rotary_emb,160,4.672
rotary_emb,176,4.67233
rotary_emb,192,5.472
rotary_emb,208,5.52533
rotary_emb,224,5.57867
rotary_emb,240,5.6
rotary_emb,256,5.85567
rotary_emb,272,5.589
rotary_emb,288,5.6
rotary_emb,304,5.61033
rotary_emb,320,5.61033
rotary_emb,336,5.58933
rotary_emb,352,5.57867
rotary_emb,368,5.824
rotary_emb,384,7.05033
rotary_emb,400,7.136
rotary_emb,416,7.21067
rotary_emb,432,7.2
rotary_emb,448,7.22133
rotary_emb,464,7.24233
rotary_emb,480,7.17867
rotary_emb,496,7.08267
rotary_emb,512,7.17867
rotary_emb,528,7.232
rotary_emb,544,7.15667
rotary_emb,560,7.25333
rotary_emb,576,8.907
rotary_emb,592,8.89567
rotary_emb,608,8.981
rotary_emb,624,8.97067
rotary_emb,640,9.04533
rotary_emb,656,9.21633
rotary_emb,672,9.25833
rotary_emb,688,9.291
rotary_emb,704,9.408
rotary_emb,720,9.301
rotary_emb,736,9.408
rotary_emb,752,10.08
rotary_emb,768,10.4
rotary_emb,784,10.5813
rotary_emb,800,10.464
rotary_emb,816,10.5387
rotary_emb,832,10.5707
rotary_emb,848,10.5067
rotary_emb,864,10.6027
rotary_emb,880,10.6453
rotary_emb,896,10.635
rotary_emb,912,10.5917
rotary_emb,928,10.784
rotary_emb,944,11.9573
rotary_emb,960,12.1387
rotary_emb,976,12.256
rotary_emb,992,12.2343
rotary_emb,1008,12.4053
rotary_emb,1024,12.352
rotary_emb,1040,16.352
rotary_emb,1056,16.832
rotary_emb,1072,17.0453
rotary_emb,1088,17.1303
rotary_emb,1104,17.483
rotary_emb,1120,16.9813
rotary_emb,1136,18.688
rotary_emb,1152,18.677
rotary_emb,1168,17.824
rotary_emb,1184,18.1653
rotary_emb,1200,18.496
rotary_emb,1216,18.549
rotary_emb,1232,19.4023
rotary_emb,1248,19.4133
rotary_emb,1264,20.0533
rotary_emb,1280,20.256
rotary_emb,1296,19.5527
rotary_emb,1312,19.7977
rotary_emb,1328,20.021
rotary_emb,1344,20.5013
rotary_emb,1360,20.3943
rotary_emb,1376,20.1917
rotary_emb,1392,20.576
rotary_emb,1408,20.64
rotary_emb,1424,22.4
rotary_emb,1440,22.7093
rotary_emb,1456,22.837
rotary_emb,1472,22.9867
rotary_emb,1488,23.2107
rotary_emb,1504,23.125
rotary_emb,1520,23.328
rotary_emb,1536,23.6477
rotary_emb,1552,22.8373
rotary_emb,1568,23.136
rotary_emb,1584,23.4347
rotary_emb,1600,23.0933
rotary_emb,1616,23.6263
rotary_emb,1632,23.8293
rotary_emb,1648,23.872
rotary_emb,1664,24.1067
rotary_emb,1680,24.0537
rotary_emb,1696,25.9733
rotary_emb,1712,26.3787
rotary_emb,1728,26.7733
rotary_emb,1744,26.4
rotary_emb,1760,27.328
rotary_emb,1776,27.7653
rotary_emb,1792,27.4987
rotary_emb,1808,27.6587
rotary_emb,1824,27.765
rotary_emb,1840,28.1707
rotary_emb,1856,28.5653
rotary_emb,1872,29.216
rotary_emb,1888,29.3973
rotary_emb,1904,29.8023
rotary_emb,1920,29.8663
rotary_emb,1936,32.9493
rotary_emb,1952,32.8
rotary_emb,1968,32.96
rotary_emb,1984,32.704
rotary_emb,2000,33.056
rotary_emb,2016,33.0773
rotary_emb,2032,33.3227
rotary_emb,2048,33.3227
rotary_emb,2064,33.4183
rotary_emb,2080,33.5143
rotary_emb,2096,33.5573
rotary_emb,2112,33.6853
rotary_emb,2128,33.835
rotary_emb,2144,33.973
rotary_emb,2160,34.4
rotary_emb,2176,34.123
rotary_emb,2192,46.464
rotary_emb,2208,46.8373
rotary_emb,2224,46.88
rotary_emb,2240,47.3917
rotary_emb,2256,47.8183
rotary_emb,2272,49.3227
rotary_emb,2288,50.752
rotary_emb,2304,50.6133
rotary_emb,2320,49.216
rotary_emb,2336,49.3117
rotary_emb,2352,49.3653
rotary_emb,2368,49.7487
rotary_emb,2384,50.0377
rotary_emb,2400,49.568
rotary_emb,2416,49.312
rotary_emb,2432,49.771
rotary_emb,2448,49.2053
rotary_emb,2464,49.7387
rotary_emb,2480,50.3787
rotary_emb,2496,50.4317
rotary_emb,2512,50.8903
rotary_emb,2528,51.488
rotary_emb,2544,51.9467
rotary_emb,2560,52.48
rotary_emb,2576,50.8583
rotary_emb,2592,50.5703
rotary_emb,2608,51.36
rotary_emb,2624,51.6267
rotary_emb,2640,52.1707
rotary_emb,2656,51.637
rotary_emb,2672,52.2667
rotary_emb,2688,51.8933
rotary_emb,2704,51.7443
rotary_emb,2720,52.405
rotary_emb,2736,53.0347
rotary_emb,2752,52.928
rotary_emb,2768,52.5753
rotary_emb,2784,53.4293
rotary_emb,2800,54.4747
rotary_emb,2816,54.613
rotary_emb,2832,57.1627
rotary_emb,2848,57.1093
rotary_emb,2864,57.6107
rotary_emb,2880,57.781
rotary_emb,2896,57.824
rotary_emb,2912,58.08
rotary_emb,2928,58.9437
rotary_emb,2944,59.2963
rotary_emb,2960,63.008
rotary_emb,2976,63.541
rotary_emb,2992,64.4267
rotary_emb,3008,64.288
rotary_emb,3024,64.0427
rotary_emb,3040,64.8423
rotary_emb,3056,64.6717
rotary_emb,3072,65.0133
rotary_emb,3088,64.384
rotary_emb,3104,63.7437
rotary_emb,3120,64.5867
rotary_emb,3136,64.7143
rotary_emb,3152,65.472
rotary_emb,3168,66.0267
rotary_emb,3184,66.2507
rotary_emb,3200,66.4533
rotary_emb,3216,66.2187
rotary_emb,3232,66.5383
rotary_emb,3248,66.528
rotary_emb,3264,66.5387
rotary_emb,3280,66.9973
rotary_emb,3296,67.3277
rotary_emb,3312,68.4373
rotary_emb,3328,68.4907
rotary_emb,3344,69.408
rotary_emb,3360,69.888
rotary_emb,3376,70.9653
rotary_emb,3392,71.4773
rotary_emb,3408,73.1947
rotary_emb,3424,73.3333
rotary_emb,3440,73.856
rotary_emb,3456,75.0933
rotary_emb,3472,77.162
rotary_emb,3488,77.5147
rotary_emb,3504,78.0903
rotary_emb,3520,78.816
rotary_emb,3536,78.9867
rotary_emb,3552,79.6587
rotary_emb,3568,80.3413
rotary_emb,3584,80.9597
rotary_emb,3600,82.08
rotary_emb,3616,82.5063
rotary_emb,3632,83.1357
rotary_emb,3648,83.1253
rotary_emb,3664,84.3307
rotary_emb,3680,84.4477
rotary_emb,3696,85.12
rotary_emb,3712,85.7067
rotary_emb,3728,80.608
rotary_emb,3744,80.32
rotary_emb,3760,81.0453
rotary_emb,3776,81.8347
rotary_emb,3792,82.3147
rotary_emb,3808,83.1787
rotary_emb,3824,83.488
rotary_emb,3840,83.733
rotary_emb,3856,84.8
rotary_emb,3872,85.536
rotary_emb,3888,86.0377
rotary_emb,3904,86.7203
rotary_emb,3920,87.2107
rotary_emb,3936,88.16
rotary_emb,3952,89.0453
rotary_emb,3968,89.4827
rotary_emb,3984,91.1787
rotary_emb,4000,92.0747
rotary_emb,4016,92.4373
rotary_emb,4032,92.7147
rotary_emb,4048,93.28
rotary_emb,4064,93.7173
rotary_emb,4080,94.0373
rotary_emb,4096,94.688
rotary_emb,4112,96.2563
rotary_emb,4128,96.6507
rotary_emb,4144,96.8107
rotary_emb,4160,97.5893
rotary_emb,4176,98.1227
rotary_emb,4192,98.7307
rotary_emb,4208,98.8903
rotary_emb,4224,100.331
rotary_emb,4240,99.9257
rotary_emb,4256,100.448
rotary_emb,4272,100.992
rotary_emb,4288,101.568
rotary_emb,4304,101.696
rotary_emb,4320,101.994
rotary_emb,4336,102.56
rotary_emb,4352,103.265
rotary_emb,4368,102.667
rotary_emb,4384,102.848
rotary_emb,4400,103.467
rotary_emb,4416,104.373
rotary_emb,4432,104.256
rotary_emb,4448,104.651
rotary_emb,4464,105.045
rotary_emb,4480,105.952
rotary_emb,4496,102.838
rotary_emb,4512,104.075
rotary_emb,4528,104.341
rotary_emb,4544,104.992
rotary_emb,4560,105.504
rotary_emb,4576,105.984
rotary_emb,4592,106.859
rotary_emb,4608,107.243
rotary_emb,4624,108.949
rotary_emb,4640,109.483
rotary_emb,4656,110.08
rotary_emb,4672,110.208
rotary_emb,4688,110.72
rotary_emb,4704,110.912
rotary_emb,4720,111.765
rotary_emb,4736,112.341
rotary_emb,4752,113.771
rotary_emb,4768,114.72
rotary_emb,4784,114.539
rotary_emb,4800,114.923
rotary_emb,4816,115.744
rotary_emb,4832,116.032
rotary_emb,4848,116.971
rotary_emb,4864,117.013
rotary_emb,4880,117.707
rotary_emb,4896,117.941
rotary_emb,4912,118.357
rotary_emb,4928,119.019
rotary_emb,4944,120.085
rotary_emb,4960,120.821
rotary_emb,4976,120.502
rotary_emb,4992,120.811
rotary_emb,5008,120.064
rotary_emb,5024,120.502
rotary_emb,5040,120.47
rotary_emb,5056,121.632
rotary_emb,5072,122.709
rotary_emb,5088,122.667
rotary_emb,5104,123.435
rotary_emb,5120,123.179
rotary_emb,5136,123.445
rotary_emb,5152,123.499
rotary_emb,5168,124.203
rotary_emb,5184,124.192
rotary_emb,5200,124.789
rotary_emb,5216,125.312
rotary_emb,5232,125.814
rotary_emb,5248,126.123
rotary_emb,5264,126.656
rotary_emb,5280,126.731
rotary_emb,5296,127.499
rotary_emb,5312,128.107
rotary_emb,5328,128.896
rotary_emb,5344,129.568
rotary_emb,5360,129.675
rotary_emb,5376,130.006
rotary_emb,5392,132.054
rotary_emb,5408,132.779
rotary_emb,5424,133.078
rotary_emb,5440,134.294
rotary_emb,5456,134.24
rotary_emb,5472,134.677
rotary_emb,5488,135.755
rotary_emb,5504,135.776
rotary_emb,5520,136.171
rotary_emb,5536,136.726
rotary_emb,5552,137.078
rotary_emb,5568,137.462
rotary_emb,5584,137.845
rotary_emb,5600,138.208
rotary_emb,5616,138.699
rotary_emb,5632,139.509
rotary_emb,5648,138.87
rotary_emb,5664,139.03
rotary_emb,5680,140.203
rotary_emb,5696,140.928
rotary_emb,5712,140.63
rotary_emb,5728,141.323
rotary_emb,5744,141.899
rotary_emb,5760,142.635
rotary_emb,5776,141.889
rotary_emb,5792,142.699
rotary_emb,5808,143.488
rotary_emb,5824,143.285
rotary_emb,5840,144.054
rotary_emb,5856,144.214
rotary_emb,5872,144.896
rotary_emb,5888,145.302
rotary_emb,5904,145.749
rotary_emb,5920,146.912
rotary_emb,5936,147.008
rotary_emb,5952,147.574
rotary_emb,5968,148.853
rotary_emb,5984,148.491
rotary_emb,6000,149.142
rotary_emb,6016,149.323
rotary_emb,6032,151.435
rotary_emb,6048,152.043
rotary_emb,6064,152.182
rotary_emb,6080,152.609
rotary_emb,6096,153.366
rotary_emb,6112,154.198
rotary_emb,6128,154.006
rotary_emb,6144,154.806
rotary_emb,6160,155.062
rotary_emb,6176,155.105
rotary_emb,6192,155.648
rotary_emb,6208,156.758
rotary_emb,6224,157.729
rotary_emb,6240,157.963
rotary_emb,6256,157.728
rotary_emb,6272,158.764
rotary_emb,6288,157.867
rotary_emb,6304,158.507
rotary_emb,6320,159.03
rotary_emb,6336,160.533
rotary_emb,6352,160.417
rotary_emb,6368,160.629
rotary_emb,6384,161.004
rotary_emb,6400,161.568
rotary_emb,6416,161.099
rotary_emb,6432,162.048
rotary_emb,6448,162.55
rotary_emb,6464,162.72
rotary_emb,6480,163.189
rotary_emb,6496,163.83
rotary_emb,6512,164.236
rotary_emb,6528,164.832
rotary_emb,6544,167.478
rotary_emb,6560,168.267
rotary_emb,6576,168.981
rotary_emb,6592,169.558
rotary_emb,6608,170.443
rotary_emb,6624,170.742
rotary_emb,6640,171.403
rotary_emb,6656,170.571
rotary_emb,6672,171.702
rotary_emb,6688,172.033
rotary_emb,6704,172.075
rotary_emb,6720,172.971
rotary_emb,6736,173.077
rotary_emb,6752,174.23
rotary_emb,6768,174.656
rotary_emb,6784,175.318
rotary_emb,6800,174.827
rotary_emb,6816,174.934
rotary_emb,6832,175.532
rotary_emb,6848,176.726
rotary_emb,6864,176.747
rotary_emb,6880,177.483
rotary_emb,6896,178.187
rotary_emb,6912,178.507
rotary_emb,6928,178.144
rotary_emb,6944,178.017
rotary_emb,6960,178.699
rotary_emb,6976,178.828
rotary_emb,6992,179.776
rotary_emb,7008,179.766
rotary_emb,7024,180.256
rotary_emb,7040,180.833
rotary_emb,7056,181.409
rotary_emb,7072,181.313
rotary_emb,7088,182.102
rotary_emb,7104,182.422
rotary_emb,7120,183.296
rotary_emb,7136,183.574
rotary_emb,7152,183.755
rotary_emb,7168,184.16
rotary_emb,7184,188.15
rotary_emb,7200,188.15
rotary_emb,7216,188.662
rotary_emb,7232,189.632
rotary_emb,7248,189.248
rotary_emb,7264,190.177
rotary_emb,7280,191.041
rotary_emb,7296,191.393
rotary_emb,7312,191.265
rotary_emb,7328,192.064
rotary_emb,7344,192.545
rotary_emb,7360,193.185
rotary_emb,7376,193.27
rotary_emb,7392,194.07
rotary_emb,7408,195.041
rotary_emb,7424,194.977
rotary_emb,7440,194.177
rotary_emb,7456,194.689
rotary_emb,7472,195.457
rotary_emb,7488,196.097
rotary_emb,7504,195.574
rotary_emb,7520,196.907
rotary_emb,7536,197.142
rotary_emb,7552,197.249
rotary_emb,7568,196.961
rotary_emb,7584,197.505
rotary_emb,7600,198.326
rotary_emb,7616,198.24
rotary_emb,7632,199.233
rotary_emb,7648,199.521
rotary_emb,7664,199.873
rotary_emb,7680,200.331
rotary_emb,7696,201.526
rotary_emb,7712,201.43
rotary_emb,7728,201.803
rotary_emb,7744,202.774
rotary_emb,7760,202.966
rotary_emb,7776,203.862
rotary_emb,7792,204.428
rotary_emb,7808,204.875
rotary_emb,7824,208.054
rotary_emb,7840,208.182
rotary_emb,7856,209.11
rotary_emb,7872,209.131
rotary_emb,7888,210.027
rotary_emb,7904,210.806
rotary_emb,7920,210.956
rotary_emb,7936,211.457
rotary_emb,7952,211.137
rotary_emb,7968,211.744
rotary_emb,7984,211.915
rotary_emb,8000,212.684
rotary_emb,8016,213.611
rotary_emb,8032,213.526
rotary_emb,8048,213.569
rotary_emb,8064,214.22
rotary_emb,8080,214.049
rotary_emb,8096,213.76
rotary_emb,8112,214.625
rotary_emb,8128,214.817
rotary_emb,8144,214.924
rotary_emb,8160,216.641
rotary_emb,8176,215.734
rotary_emb,8192,216.459
rotary_emb,8208,216.737
rotary_emb,8224,217.292
rotary_emb,8240,217.921
rotary_emb,8256,217.931
rotary_emb,8272,218.614
rotary_emb,8288,218.636
rotary_emb,8304,219.787
rotary_emb,8320,220.235
rotary_emb,8336,222.465
rotary_emb,8352,223.169
rotary_emb,8368,223.276
rotary_emb,8384,223.617
rotary_emb,8400,224.332
rotary_emb,8416,224.961
rotary_emb,8432,225.483
rotary_emb,8448,225.761
rotary_emb,8464,226.092
rotary_emb,8480,226.945
rotary_emb,8496,227.777
rotary_emb,8512,227.596
rotary_emb,8528,228.534
rotary_emb,8544,228.737
rotary_emb,8560,229.345
rotary_emb,8576,229.846
rotary_emb,8592,229.323
rotary_emb,8608,229.985
rotary_emb,8624,230.198
rotary_emb,8640,230.753
rotary_emb,8656,231.329
rotary_emb,8672,231.126
rotary_emb,8688,232.758
rotary_emb,8704,232.684
rotary_emb,8720,231.788
rotary_emb,8736,232.343
rotary_emb,8752,232.993
rotary_emb,8768,233.345
rotary_emb,8784,233.463
rotary_emb,8800,234.166
rotary_emb,8816,234.166
rotary_emb,8832,235.03
rotary_emb,8848,235.863
rotary_emb,8864,236.375
rotary_emb,8880,236.492
rotary_emb,8896,236.972
rotary_emb,8912,237.857
rotary_emb,8928,238.273
rotary_emb,8944,238.508
rotary_emb,8960,238.732
rotary_emb,8976,240.545
rotary_emb,8992,241.217
rotary_emb,9008,242.145
rotary_emb,9024,241.9
rotary_emb,9040,243.041
rotary_emb,9056,243.372
rotary_emb,9072,243.713
rotary_emb,9088,244.108
rotary_emb,9104,244.748
rotary_emb,9120,245.633
rotary_emb,9136,246.188
rotary_emb,9152,246.284
rotary_emb,9168,246.358
rotary_emb,9184,247.234
rotary_emb,9200,247.511
rotary_emb,9216,247.852
rotary_emb,9232,247.617
rotary_emb,9248,247.937
rotary_emb,9264,248.812
rotary_emb,9280,249.142
rotary_emb,9296,249.249
rotary_emb,9312,250.06
rotary_emb,9328,249.985
rotary_emb,9344,250.337
rotary_emb,9360,250.646
rotary_emb,9376,250.945
rotary_emb,9392,251.233
rotary_emb,9408,251.436
rotary_emb,9424,251.105
rotary_emb,9440,252.342
rotary_emb,9456,253.121
rotary_emb,9472,253.409
rotary_emb,9488,254.262
rotary_emb,9504,254.689
rotary_emb,9520,255.521
rotary_emb,9536,255.713
rotary_emb,9552,256.566
rotary_emb,9568,257.121
rotary_emb,9584,257.558
rotary_emb,9600,257.846
rotary_emb,9616,258.337
rotary_emb,9632,259.319
rotary_emb,9648,259.713
rotary_emb,9664,260.609
rotary_emb,9680,261.068
rotary_emb,9696,261.548
rotary_emb,9712,262.039
rotary_emb,9728,261.985
rotary_emb,9744,262.583
rotary_emb,9760,262.647
rotary_emb,9776,263.202
rotary_emb,9792,264.055
rotary_emb,9808,263.543
rotary_emb,9824,264.14
rotary_emb,9840,264.46
rotary_emb,9856,265.228
rotary_emb,9872,265.409
rotary_emb,9888,265.484
rotary_emb,9904,266.039
rotary_emb,9920,266.508
rotary_emb,9936,266.7
rotary_emb,9952,267.223
rotary_emb,9968,267.607
rotary_emb,9984,267.468
rotary_emb,10000,268.172
rotary_emb,10016,268.439
rotary_emb,10032,269.068
rotary_emb,10048,269.025
rotary_emb,10064,270.668
rotary_emb,10080,270.476
rotary_emb,10096,270.924
rotary_emb,10112,271.489
rotary_emb,10128,272.566
rotary_emb,10144,273.27
rotary_emb,10160,273.495
rotary_emb,10176,274.647
rotary_emb,10192,274.561
rotary_emb,10208,275.137
rotary_emb,10224,275.703
rotary_emb,10240,276.428
rotary_emb,10256,277.153
rotary_emb,10272,277.548
rotary_emb,10288,278.582
rotary_emb,10304,278.956
rotary_emb,10320,278.402
rotary_emb,10336,279.586
rotary_emb,10352,279.916
rotary_emb,10368,279.702
rotary_emb,10384,280.087
rotary_emb,10400,280.62
rotary_emb,10416,280.545
rotary_emb,10432,281.143
rotary_emb,10448,281.857
rotary_emb,10464,282.359
rotary_emb,10480,282.807
rotary_emb,10496,283.116
rotary_emb,10512,282.711
rotary_emb,10528,283.415
rotary_emb,10544,283.916
rotary_emb,10560,284.343
rotary_emb,10576,284.599
rotary_emb,10592,284.802
rotary_emb,10608,285.313
rotary_emb,10624,285.228
rotary_emb,10640,286.348
rotary_emb,10656,286.86
rotary_emb,10672,287.404
rotary_emb,10688,287.372
rotary_emb,10704,288.396
rotary_emb,10720,288.599
rotary_emb,10736,289.079
rotary_emb,10752,290.252
rotary_emb,10768,290.508
rotary_emb,10784,290.956
rotary_emb,10800,291.735
rotary_emb,10816,292.119
rotary_emb,10832,292.567
rotary_emb,10848,292.791
rotary_emb,10864,293.794
rotary_emb,10880,294.305
rotary_emb,10896,293.921
rotary_emb,10912,294.743
rotary_emb,10928,295.425
rotary_emb,10944,296.364
rotary_emb,10960,295.852
rotary_emb,10976,296.481
rotary_emb,10992,296.534
rotary_emb,11008,297.473
rotary_emb,11024,297.047
rotary_emb,11040,297.281
rotary_emb,11056,297.793
rotary_emb,11072,298.359
rotary_emb,11088,298.753
rotary_emb,11104,299.073
rotary_emb,11120,299.297
rotary_emb,11136,299.532
rotary_emb,11152,299.575
rotary_emb,11168,300.045
rotary_emb,11184,300.418
rotary_emb,11200,300.919
rotary_emb,11216,301.207
rotary_emb,11232,301.837
rotary_emb,11248,302.338
rotary_emb,11264,302.498
rotary_emb,11280,304.012
rotary_emb,11296,305.004
rotary_emb,11312,305.527
rotary_emb,11328,305.655
rotary_emb,11344,306.455
rotary_emb,11360,306.561
rotary_emb,11376,306.839
rotary_emb,11392,308.876
rotary_emb,11408,308.556
rotary_emb,11424,308.929
rotary_emb,11440,309.687
rotary_emb,11456,310.167
rotary_emb,11472,310.999
rotary_emb,11488,311.757
rotary_emb,11504,311.756
rotary_emb,11520,311.895
rotary_emb,11536,311.906
rotary_emb,11552,312.257
rotary_emb,11568,312.375
rotary_emb,11584,313.25
rotary_emb,11600,313.26
rotary_emb,11616,314.273
rotary_emb,11632,314.327
rotary_emb,11648,315.201
rotary_emb,11664,314.359
rotary_emb,11680,314.871
rotary_emb,11696,315.084
rotary_emb,11712,316.215
rotary_emb,11728,316.62
rotary_emb,11744,316.172
rotary_emb,11760,317.687
rotary_emb,11776,317.644
rotary_emb,11792,317.804
rotary_emb,11808,318.785
rotary_emb,11824,319.18
rotary_emb,11840,319.329
rotary_emb,11856,319.809
rotary_emb,11872,320.29
rotary_emb,11888,320.705
rotary_emb,11904,321.239
rotary_emb,11920,322.338
rotary_emb,11936,323.447
rotary_emb,11952,323.148
rotary_emb,11968,323.649
rotary_emb,11984,324.695
rotary_emb,12000,324.738
rotary_emb,12016,325.666
rotary_emb,12032,325.975
rotary_emb,12048,326.38
rotary_emb,12064,326.839
rotary_emb,12080,327.713
rotary_emb,12096,327.789
rotary_emb,12112,327.895
rotary_emb,12128,328.365
rotary_emb,12144,328.194
rotary_emb,12160,329.442
rotary_emb,12176,329.409
rotary_emb,12192,329.751
rotary_emb,12208,329.932
rotary_emb,12224,330.338
rotary_emb,12240,331.085
rotary_emb,12256,331.82
rotary_emb,12272,331.863
rotary_emb,12288,332.289
rotary_emb,12304,331.767
rotary_emb,12320,332.407
rotary_emb,12336,332.279
rotary_emb,12352,333.506
rotary_emb,12368,333.527
rotary_emb,12384,334.529
rotary_emb,12400,334.412
rotary_emb,12416,334.914
rotary_emb,12432,335.874
rotary_emb,12448,336.396
rotary_emb,12464,336.77
rotary_emb,12480,337.527
rotary_emb,12496,337.773
rotary_emb,12512,338.636
rotary_emb,12528,339.074
rotary_emb,12544,339.778
rotary_emb,12560,340.929
rotary_emb,12576,341.111
rotary_emb,12592,341.943
rotary_emb,12608,341.794
rotary_emb,12624,342.338
rotary_emb,12640,343.671
rotary_emb,12656,343.66
rotary_emb,12672,343.564
rotary_emb,12688,344.172
rotary_emb,12704,344.951
rotary_emb,12720,345.89
rotary_emb,12736,345.943
rotary_emb,12752,346.263
rotary_emb,12768,346.53
rotary_emb,12784,347.159
rotary_emb,12800,347.789
rotary_emb,12816,346.978
rotary_emb,12832,347.49
rotary_emb,12848,347.98
rotary_emb,12864,348.108
rotary_emb,12880,348.93
rotary_emb,12896,349.484
rotary_emb,12912,349.911
rotary_emb,12928,350.285
rotary_emb,12944,350.551
rotary_emb,12960,351.191
rotary_emb,12976,351.554
rotary_emb,12992,351.096
rotary_emb,13008,352.535
rotary_emb,13024,352.119
rotary_emb,13040,353.218
rotary_emb,13056,353.047
rotary_emb,13072,354.37
rotary_emb,13088,355.117
rotary_emb,13104,355.074
rotary_emb,13120,355.511
rotary_emb,13136,356.525
rotary_emb,13152,357.069
rotary_emb,13168,356.642
rotary_emb,13184,357.357
rotary_emb,13200,358.06
rotary_emb,13216,358.519
rotary_emb,13232,359.49
rotary_emb,13248,359.757
rotary_emb,13264,359.821
rotary_emb,13280,360.663
rotary_emb,13296,361.228
rotary_emb,13312,361.495
rotary_emb,13328,362.316
rotary_emb,13344,362.189
rotary_emb,13360,363.661
rotary_emb,13376,363.277
rotary_emb,13392,363.266
rotary_emb,13408,364.407
rotary_emb,13424,365.005
rotary_emb,13440,365.133
rotary_emb,13456,364.6
rotary_emb,13472,364.951
rotary_emb,13488,366.05
rotary_emb,13504,365.996
rotary_emb,13520,367.351
rotary_emb,13536,367.703
rotary_emb,13552,367.725
rotary_emb,13568,368.269
rotary_emb,13584,369.303
rotary_emb,13600,368.674
rotary_emb,13616,369.463
rotary_emb,13632,369.847
rotary_emb,13648,370.22
rotary_emb,13664,371.127
rotary_emb,13680,370.936
rotary_emb,13696,371.319
rotary_emb,13712,372.76
rotary_emb,13728,373.431
rotary_emb,13744,373.73
rotary_emb,13760,374.583
rotary_emb,13776,374.85
rotary_emb,13792,375.149
rotary_emb,13808,375.672
rotary_emb,13824,376.002
rotary_emb,13840,376.514
rotary_emb,13856,377.175
rotary_emb,13872,377.581
rotary_emb,13888,377.368
rotary_emb,13904,378.167
rotary_emb,13920,378.68
rotary_emb,13936,378.957
rotary_emb,13952,379.512
rotary_emb,13968,379.735
rotary_emb,13984,380.354
rotary_emb,14000,380.941
rotary_emb,14016,380.717
rotary_emb,14032,381.549
rotary_emb,14048,381.933
rotary_emb,14064,382.487
rotary_emb,14080,382.306
rotary_emb,14096,382.776
rotary_emb,14112,382.818
rotary_emb,14128,383.554
rotary_emb,14144,383.309
rotary_emb,14160,384.461
rotary_emb,14176,384.226
rotary_emb,14192,384.429
rotary_emb,14208,385.037
rotary_emb,14224,386.765
rotary_emb,14240,386.669
rotary_emb,14256,387.895
rotary_emb,14272,388.013
rotary_emb,14288,388.44
rotary_emb,14304,388.919
rotary_emb,14320,389.143
rotary_emb,14336,389.73
rotary_emb,14352,390.626
rotary_emb,14368,390.477
rotary_emb,14384,391.576
rotary_emb,14400,392.429
rotary_emb,14416,392.802
rotary_emb,14432,392.888
rotary_emb,14448,393.624
rotary_emb,14464,393.677
rotary_emb,14480,393.997
rotary_emb,14496,394.615
rotary_emb,14512,396.429
rotary_emb,14528,395.192
rotary_emb,14544,396.194
rotary_emb,14560,396.621
rotary_emb,14576,397.304
rotary_emb,14592,398.21
rotary_emb,14608,398.029
rotary_emb,14624,397.57
rotary_emb,14640,398.093
rotary_emb,14656,398.669
rotary_emb,14672,399.266
rotary_emb,14688,400.045
rotary_emb,14704,400.28
rotary_emb,14720,400.365
rotary_emb,14736,400.098
rotary_emb,14752,400.674
rotary_emb,14768,401.027
rotary_emb,14784,400.962
rotary_emb,14800,402.178
rotary_emb,14816,402.477
rotary_emb,14832,402.68
rotary_emb,14848,403.192
rotary_emb,14864,404.76
rotary_emb,14880,404.92
rotary_emb,14896,405.4
rotary_emb,14912,405.783
rotary_emb,14928,406.477
rotary_emb,14944,407.074
rotary_emb,14960,407.736
rotary_emb,14976,408.461
rotary_emb,14992,408.995
rotary_emb,15008,409.037
rotary_emb,15024,409.891
rotary_emb,15040,410.648
rotary_emb,15056,411.085
rotary_emb,15072,410.903
rotary_emb,15088,411.832
rotary_emb,15104,412.055
rotary_emb,15120,412.834
rotary_emb,15136,413.463
rotary_emb,15152,412.877
rotary_emb,15168,413.282
rotary_emb,15184,414.637
rotary_emb,15200,414.935
rotary_emb,15216,415.48
rotary_emb,15232,415.896
rotary_emb,15248,414.904
rotary_emb,15264,415.703
rotary_emb,15280,415.991
rotary_emb,15296,416.525
rotary_emb,15312,417.155
rotary_emb,15328,417.624
rotary_emb,15344,417.773
rotary_emb,15360,418.253
rotary_emb,15376,417.997
rotary_emb,15392,418.765
rotary_emb,15408,419.01
rotary_emb,15424,419.906
rotary_emb,15440,420.728
rotary_emb,15456,421.047
rotary_emb,15472,421.346
rotary_emb,15488,422.36
rotary_emb,15504,423.554
rotary_emb,15520,423.011
rotary_emb,15536,423.49
rotary_emb,15552,424.344
rotary_emb,15568,424.056
rotary_emb,15584,425.026
rotary_emb,15600,425.347
rotary_emb,15616,426.541
rotary_emb,15632,426.701
rotary_emb,15648,427.256
rotary_emb,15664,427.32
rotary_emb,15680,428.76
rotary_emb,15696,428.301
rotary_emb,15712,429.656
rotary_emb,15728,428.845
rotary_emb,15744,429.219
rotary_emb,15760,429.997
rotary_emb,15776,430.498
rotary_emb,15792,430.861
rotary_emb,15808,431.33
rotary_emb,15824,431.32
rotary_emb,15840,432.312
rotary_emb,15856,432.27
rotary_emb,15872,432.951
rotary_emb,15888,432.493
rotary_emb,15904,432.952
rotary_emb,15920,433.272
rotary_emb,15936,433.847
rotary_emb,15952,434.509
rotary_emb,15968,434.712
rotary_emb,15984,435.491
rotary_emb,16000,435.523
rotary_emb,16016,436.173
rotary_emb,16032,437.016
rotary_emb,16048,436.93
rotary_emb,16064,437.837
rotary_emb,16080,437.677
rotary_emb,16096,438.456
rotary_emb,16112,439.245
rotary_emb,16128,439.597
rotary_emb,16144,441.069
rotary_emb,16160,441.314
rotary_emb,16176,442.455
rotary_emb,16192,442.787
rotary_emb,16208,443.032
rotary_emb,16224,443.309
rotary_emb,16240,444.259
rotary_emb,16256,444.61
rotary_emb,16272,445.261
rotary_emb,16288,446.168
rotary_emb,16304,445.933
rotary_emb,16320,446.562
rotary_emb,16336,446.829
rotary_emb,16352,446.583
rotary_emb,16368,447.576
rotary_emb,16384,448.354
