pc,n_label,skew_rate_label,kv_big_label,kp_label,alpha,n_samples
0,n<=128,sr<=15%,kvB<=16k,kp=0,0.0355,4
0,n<=128,sr<=15%,kvB<=1k,kp=0,0.0389,4
0,n<=128,sr<=15%,kvB<=4k,kp=0,0.0323,4
0,n<=128,sr<=15%,kvB<=64k,kp=0,0.0362,4
0,n<=128,sr<=40%,kvB<=16k,kp=0,0.0235,2
0,n<=128,sr<=40%,kvB<=1k,kp=0,0.0295,2
0,n<=128,sr<=40%,kvB<=4k,kp=0,0.0209,2
0,n<=128,sr<=40%,kvB<=64k,kp=0,0.0201,2
0,n<=128,sr<=5%,kvB<=16k,kp=0,0.0418,8
0,n<=128,sr<=5%,kvB<=1k,kp=0,0.0332,8
0,n<=128,sr<=5%,kvB<=4k,kp=0,0.0423,8
0,n<=128,sr<=5%,kvB<=64k,kp=0,0.045,8
0,n<=128,sr<=70%,kvB<=16k,kp=0,0.0159,2
0,n<=128,sr<=70%,kvB<=1k,kp=0,0.0052,2
0,n<=128,sr<=70%,kvB<=4k,kp=0,0.0109,2
0,n<=128,sr<=70%,kvB<=64k,kp=0,0.0055,2
0,n<=128,sr>70%,kvB<=16k,kp=0,0.123,4
0,n<=128,sr>70%,kvB<=1k,kp=0,0.0942,4
0,n<=128,sr>70%,kvB<=4k,kp=0,0.1244,4
0,n<=128,sr>70%,kvB<=64k,kp=0,0.1156,4
0,n<=16,sr<=15%,kvB<=16k,kp=0,0.0003,4
0,n<=16,sr<=15%,kvB<=1k,kp=0,-0.0165,4
0,n<=16,sr<=15%,kvB<=4k,kp=0,-0.0049,4
0,n<=16,sr<=15%,kvB<=64k,kp=0,0.008,4
0,n<=16,sr<=40%,kvB<=16k,kp=0,-0.0059,4
0,n<=16,sr<=40%,kvB<=1k,kp=0,0.0383,4
0,n<=16,sr<=40%,kvB<=4k,kp=0,-0.005,4
0,n<=16,sr<=40%,kvB<=64k,kp=0,0.0015,4
0,n<=16,sr<=70%,kvB<=16k,kp=0,-0.0237,2
0,n<=16,sr<=70%,kvB<=1k,kp=0,0.0082,2
0,n<=16,sr<=70%,kvB<=4k,kp=0,-0.0196,2
0,n<=16,sr<=70%,kvB<=64k,kp=0,-0.0069,2
0,n<=16,sr>70%,kvB<=16k,kp=0,-0.0183,4
0,n<=16,sr>70%,kvB<=1k,kp=0,-0.1152,4
0,n<=16,sr>70%,kvB<=4k,kp=0,-0.0402,4
0,n<=16,sr>70%,kvB<=64k,kp=0,-0.0015,4
0,n<=2,sr<=70%,kvB<=16k,kp=0,-0.0035,2
0,n<=2,sr<=70%,kvB<=1k,kp=0,0.2654,2
0,n<=2,sr<=70%,kvB<=4k,kp=0,0.0136,2
0,n<=2,sr<=70%,kvB<=64k,kp=0,0.0413,2
0,n<=256,sr<=15%,kvB<=16k,kp=0,0.0129,4
0,n<=256,sr<=15%,kvB<=1k,kp=0,0.0088,4
0,n<=256,sr<=15%,kvB<=4k,kp=0,0.0093,4
0,n<=256,sr<=15%,kvB<=64k,kp=0,0.0139,4
0,n<=256,sr<=40%,kvB<=16k,kp=0,0.0041,2
0,n<=256,sr<=40%,kvB<=1k,kp=0,0.0043,2
0,n<=256,sr<=40%,kvB<=4k,kp=0,0.0019,2
0,n<=256,sr<=40%,kvB<=64k,kp=0,0.0009,2
0,n<=256,sr<=5%,kvB<=16k,kp=0,0.0145,8
0,n<=256,sr<=5%,kvB<=1k,kp=0,0.0054,8
0,n<=256,sr<=5%,kvB<=4k,kp=0,0.013,8
0,n<=256,sr<=5%,kvB<=64k,kp=0,0.0148,8
0,n<=256,sr<=70%,kvB<=16k,kp=0,0.0011,2
0,n<=256,sr<=70%,kvB<=1k,kp=0,-0.0041,2
0,n<=256,sr<=70%,kvB<=4k,kp=0,0.0067,2
0,n<=256,sr<=70%,kvB<=64k,kp=0,0.0002,2
0,n<=256,sr>70%,kvB<=16k,kp=0,0.0637,4
0,n<=256,sr>70%,kvB<=1k,kp=0,0.074,4
0,n<=256,sr>70%,kvB<=4k,kp=0,0.0543,4
0,n<=256,sr>70%,kvB<=64k,kp=0,0.0781,4
0,n<=32,sr<=15%,kvB<=16k,kp=0,-0.0011,6
0,n<=32,sr<=15%,kvB<=1k,kp=0,0.0901,6
0,n<=32,sr<=15%,kvB<=4k,kp=0,-0.0016,6
0,n<=32,sr<=15%,kvB<=64k,kp=0,0.0017,6
0,n<=32,sr<=40%,kvB<=16k,kp=0,-0.0078,2
0,n<=32,sr<=40%,kvB<=1k,kp=0,0.0778,2
0,n<=32,sr<=40%,kvB<=4k,kp=0,-0.011,2
0,n<=32,sr<=40%,kvB<=64k,kp=0,0.0,2
0,n<=32,sr<=5%,kvB<=16k,kp=0,0.0014,2
0,n<=32,sr<=5%,kvB<=1k,kp=0,0.0589,2
0,n<=32,sr<=5%,kvB<=4k,kp=0,0.0017,2
0,n<=32,sr<=5%,kvB<=64k,kp=0,0.0016,2
0,n<=32,sr<=70%,kvB<=16k,kp=0,-0.0165,2
0,n<=32,sr<=70%,kvB<=1k,kp=0,0.0802,2
0,n<=32,sr<=70%,kvB<=4k,kp=0,-0.014,2
0,n<=32,sr<=70%,kvB<=64k,kp=0,0.0002,2
0,n<=32,sr>70%,kvB<=16k,kp=0,0.0208,4
0,n<=32,sr>70%,kvB<=1k,kp=0,0.0352,4
0,n<=32,sr>70%,kvB<=4k,kp=0,-0.0293,4
0,n<=32,sr>70%,kvB<=64k,kp=0,0.0892,4
0,n<=4,sr<=40%,kvB<=16k,kp=0,0.0102,2
0,n<=4,sr<=40%,kvB<=1k,kp=0,0.1384,4
0,n<=4,sr<=40%,kvB<=4k,kp=0,0.0189,3
0,n<=4,sr<=40%,kvB<=64k,kp=0,0.0054,2
0,n<=4,sr<=70%,kvB<=16k,kp=0,0.031,2
0,n<=4,sr<=70%,kvB<=1k,kp=0,0.2361,2
0,n<=4,sr<=70%,kvB<=4k,kp=0,-0.0043,2
0,n<=4,sr<=70%,kvB<=64k,kp=0,0.0095,2
0,n<=4,sr>70%,kvB<=16k,kp=0,0.1526,2
0,n<=4,sr>70%,kvB<=1k,kp=0,0.359,2
0,n<=4,sr>70%,kvB<=4k,kp=0,-0.006,2
0,n<=4,sr>70%,kvB<=64k,kp=0,0.1002,2
0,n<=64,sr<=15%,kvB<=16k,kp=0,0.0725,4
0,n<=64,sr<=15%,kvB<=1k,kp=0,0.0882,4
0,n<=64,sr<=15%,kvB<=4k,kp=0,0.0709,4
0,n<=64,sr<=15%,kvB<=64k,kp=0,0.0763,4
0,n<=64,sr<=40%,kvB<=16k,kp=0,0.0647,2
0,n<=64,sr<=40%,kvB<=1k,kp=0,0.0723,2
0,n<=64,sr<=40%,kvB<=4k,kp=0,0.0557,2
0,n<=64,sr<=40%,kvB<=64k,kp=0,0.0665,2
0,n<=64,sr<=5%,kvB<=16k,kp=0,0.1015,6
0,n<=64,sr<=5%,kvB<=1k,kp=0,0.086,6
0,n<=64,sr<=5%,kvB<=4k,kp=0,0.0991,6
0,n<=64,sr<=5%,kvB<=64k,kp=0,0.1045,6
0,n<=64,sr<=70%,kvB<=16k,kp=0,0.0527,2
0,n<=64,sr<=70%,kvB<=1k,kp=0,0.0538,2
0,n<=64,sr<=70%,kvB<=4k,kp=0,0.0159,2
0,n<=64,sr<=70%,kvB<=64k,kp=0,0.0463,2
0,n<=64,sr>70%,kvB<=16k,kp=0,0.2558,4
0,n<=64,sr>70%,kvB<=1k,kp=0,0.2091,4
0,n<=64,sr>70%,kvB<=4k,kp=0,0.3033,4
0,n<=64,sr>70%,kvB<=64k,kp=0,0.3127,4
0,n<=8,sr<=15%,kvB<=16k,kp=0,0.0505,2
0,n<=8,sr<=15%,kvB<=1k,kp=0,0.0379,2
0,n<=8,sr<=15%,kvB<=4k,kp=0,0.0324,2
0,n<=8,sr<=15%,kvB<=64k,kp=0,0.0615,2
0,n<=8,sr<=40%,kvB<=16k,kp=0,0.0099,4
0,n<=8,sr<=40%,kvB<=1k,kp=0,0.0002,4
0,n<=8,sr<=40%,kvB<=4k,kp=0,-0.0051,4
0,n<=8,sr<=40%,kvB<=64k,kp=0,0.002,4
0,n<=8,sr<=70%,kvB<=16k,kp=0,0.0306,2
0,n<=8,sr<=70%,kvB<=1k,kp=0,-0.1246,2
0,n<=8,sr<=70%,kvB<=4k,kp=0,-0.0025,2
0,n<=8,sr<=70%,kvB<=64k,kp=0,0.0079,2
0,n<=8,sr>70%,kvB<=16k,kp=0,0.1078,4
0,n<=8,sr>70%,kvB<=1k,kp=0,0.0353,4
0,n<=8,sr>70%,kvB<=4k,kp=0,0.2877,4
0,n<=8,sr>70%,kvB<=64k,kp=0,0.1467,4
16,n<=128,sr<=15%,kvB<=16k,kp<=16k,0.1029,4
16,n<=128,sr<=15%,kvB<=16k,kp<=1k,0.1062,4
16,n<=128,sr<=15%,kvB<=16k,kp<=2k,0.1026,4
16,n<=128,sr<=15%,kvB<=16k,kp<=32k,0.0945,4
16,n<=128,sr<=15%,kvB<=16k,kp<=4k,0.1028,4
16,n<=128,sr<=15%,kvB<=16k,kp<=512,0.107,4
16,n<=128,sr<=15%,kvB<=16k,kp<=64k,0.0824,4
16,n<=128,sr<=15%,kvB<=16k,kp<=8k,0.1035,4
16,n<=128,sr<=15%,kvB<=16k,kp=0,0.1082,4
16,n<=128,sr<=15%,kvB<=1k,kp<=16k,0.0668,4
16,n<=128,sr<=15%,kvB<=1k,kp<=1k,0.0633,4
16,n<=128,sr<=15%,kvB<=1k,kp<=2k,0.0678,4
16,n<=128,sr<=15%,kvB<=1k,kp<=32k,0.0781,4
16,n<=128,sr<=15%,kvB<=1k,kp<=4k,0.0739,4
16,n<=128,sr<=15%,kvB<=1k,kp<=512,0.0679,4
16,n<=128,sr<=15%,kvB<=1k,kp<=64k,0.0695,4
16,n<=128,sr<=15%,kvB<=1k,kp<=8k,0.0598,4
16,n<=128,sr<=15%,kvB<=1k,kp=0,0.0688,4
16,n<=128,sr<=15%,kvB<=4k,kp<=16k,0.0064,4
16,n<=128,sr<=15%,kvB<=4k,kp<=1k,0.0087,4
16,n<=128,sr<=15%,kvB<=4k,kp<=2k,0.009,4
16,n<=128,sr<=15%,kvB<=4k,kp<=32k,0.005,4
16,n<=128,sr<=15%,kvB<=4k,kp<=4k,0.0055,4
16,n<=128,sr<=15%,kvB<=4k,kp<=512,0.0088,4
16,n<=128,sr<=15%,kvB<=4k,kp<=64k,0.0042,4
16,n<=128,sr<=15%,kvB<=4k,kp<=8k,0.0053,4
16,n<=128,sr<=15%,kvB<=4k,kp=0,0.0089,4
16,n<=128,sr<=15%,kvB<=64k,kp<=16k,0.0121,4
16,n<=128,sr<=15%,kvB<=64k,kp<=1k,0.0179,4
16,n<=128,sr<=15%,kvB<=64k,kp<=2k,0.0172,4
16,n<=128,sr<=15%,kvB<=64k,kp<=32k,0.0136,4
16,n<=128,sr<=15%,kvB<=64k,kp<=4k,0.0122,4
16,n<=128,sr<=15%,kvB<=64k,kp<=512,0.0244,4
16,n<=128,sr<=15%,kvB<=64k,kp<=64k,0.0087,4
16,n<=128,sr<=15%,kvB<=64k,kp<=8k,0.0152,4
16,n<=128,sr<=15%,kvB<=64k,kp=0,0.0178,4
16,n<=128,sr<=40%,kvB<=16k,kp<=16k,0.1675,2
16,n<=128,sr<=40%,kvB<=16k,kp<=1k,0.1878,2
16,n<=128,sr<=40%,kvB<=16k,kp<=2k,0.18,2
16,n<=128,sr<=40%,kvB<=16k,kp<=32k,0.1559,2
16,n<=128,sr<=40%,kvB<=16k,kp<=4k,0.1661,2
16,n<=128,sr<=40%,kvB<=16k,kp<=512,0.1856,2
16,n<=128,sr<=40%,kvB<=16k,kp<=64k,0.1402,2
16,n<=128,sr<=40%,kvB<=16k,kp<=8k,0.1841,2
16,n<=128,sr<=40%,kvB<=16k,kp=0,0.1839,2
16,n<=128,sr<=40%,kvB<=1k,kp<=16k,0.1086,2
16,n<=128,sr<=40%,kvB<=1k,kp<=1k,0.1069,2
16,n<=128,sr<=40%,kvB<=1k,kp<=2k,0.1043,2
16,n<=128,sr<=40%,kvB<=1k,kp<=32k,0.1169,2
16,n<=128,sr<=40%,kvB<=1k,kp<=4k,0.1088,2
16,n<=128,sr<=40%,kvB<=1k,kp<=512,0.107,2
16,n<=128,sr<=40%,kvB<=1k,kp<=64k,0.1099,2
16,n<=128,sr<=40%,kvB<=1k,kp<=8k,0.1039,2
16,n<=128,sr<=40%,kvB<=1k,kp=0,0.1061,2
16,n<=128,sr<=40%,kvB<=4k,kp<=16k,-0.0218,2
16,n<=128,sr<=40%,kvB<=4k,kp<=1k,-0.0132,2
16,n<=128,sr<=40%,kvB<=4k,kp<=2k,-0.0159,2
16,n<=128,sr<=40%,kvB<=4k,kp<=32k,-0.0184,2
16,n<=128,sr<=40%,kvB<=4k,kp<=4k,-0.019,2
16,n<=128,sr<=40%,kvB<=4k,kp<=512,-0.0156,2
16,n<=128,sr<=40%,kvB<=4k,kp<=64k,-0.0144,2
16,n<=128,sr<=40%,kvB<=4k,kp<=8k,-0.0222,2
16,n<=128,sr<=40%,kvB<=4k,kp=0,-0.0169,2
16,n<=128,sr<=40%,kvB<=64k,kp<=16k,0.0129,2
16,n<=128,sr<=40%,kvB<=64k,kp<=1k,0.0181,2
16,n<=128,sr<=40%,kvB<=64k,kp<=2k,0.016,2
16,n<=128,sr<=40%,kvB<=64k,kp<=32k,0.009,2
16,n<=128,sr<=40%,kvB<=64k,kp<=4k,0.0095,2
16,n<=128,sr<=40%,kvB<=64k,kp<=512,0.0131,2
16,n<=128,sr<=40%,kvB<=64k,kp<=64k,0.0077,2
16,n<=128,sr<=40%,kvB<=64k,kp<=8k,0.0093,2
16,n<=128,sr<=40%,kvB<=64k,kp=0,0.0193,2
16,n<=128,sr<=5%,kvB<=16k,kp<=16k,0.0253,8
16,n<=128,sr<=5%,kvB<=16k,kp<=1k,0.0204,8
16,n<=128,sr<=5%,kvB<=16k,kp<=2k,0.033,8
16,n<=128,sr<=5%,kvB<=16k,kp<=32k,0.0231,8
16,n<=128,sr<=5%,kvB<=16k,kp<=4k,0.022,8
16,n<=128,sr<=5%,kvB<=16k,kp<=512,0.0211,8
16,n<=128,sr<=5%,kvB<=16k,kp<=64k,0.0346,8
16,n<=128,sr<=5%,kvB<=16k,kp<=8k,0.0234,8
16,n<=128,sr<=5%,kvB<=16k,kp=0,0.0161,8
16,n<=128,sr<=5%,kvB<=1k,kp<=16k,0.0174,8
16,n<=128,sr<=5%,kvB<=1k,kp<=1k,0.0072,8
16,n<=128,sr<=5%,kvB<=1k,kp<=2k,0.0068,8
16,n<=128,sr<=5%,kvB<=1k,kp<=32k,0.011,8
16,n<=128,sr<=5%,kvB<=1k,kp<=4k,0.0145,8
16,n<=128,sr<=5%,kvB<=1k,kp<=512,0.0153,8
16,n<=128,sr<=5%,kvB<=1k,kp<=64k,0.0124,8
16,n<=128,sr<=5%,kvB<=1k,kp<=8k,0.0105,8
16,n<=128,sr<=5%,kvB<=1k,kp=0,0.0157,8
16,n<=128,sr<=5%,kvB<=4k,kp<=16k,0.0074,8
16,n<=128,sr<=5%,kvB<=4k,kp<=1k,0.011,8
16,n<=128,sr<=5%,kvB<=4k,kp<=2k,0.0105,8
16,n<=128,sr<=5%,kvB<=4k,kp<=32k,0.0052,8
16,n<=128,sr<=5%,kvB<=4k,kp<=4k,0.0056,8
16,n<=128,sr<=5%,kvB<=4k,kp<=512,0.0113,8
16,n<=128,sr<=5%,kvB<=4k,kp<=64k,0.0079,8
16,n<=128,sr<=5%,kvB<=4k,kp<=8k,0.0083,8
16,n<=128,sr<=5%,kvB<=4k,kp=0,0.0104,8
16,n<=128,sr<=5%,kvB<=64k,kp<=16k,0.0125,8
16,n<=128,sr<=5%,kvB<=64k,kp<=1k,0.0199,8
16,n<=128,sr<=5%,kvB<=64k,kp<=2k,0.0145,8
16,n<=128,sr<=5%,kvB<=64k,kp<=32k,0.0139,8
16,n<=128,sr<=5%,kvB<=64k,kp<=4k,0.009,8
16,n<=128,sr<=5%,kvB<=64k,kp<=512,0.014,8
16,n<=128,sr<=5%,kvB<=64k,kp<=64k,0.0037,8
16,n<=128,sr<=5%,kvB<=64k,kp<=8k,0.0206,8
16,n<=128,sr<=5%,kvB<=64k,kp=0,0.0183,8
16,n<=128,sr<=70%,kvB<=16k,kp<=16k,0.1424,2
16,n<=128,sr<=70%,kvB<=16k,kp<=1k,0.1541,2
16,n<=128,sr<=70%,kvB<=16k,kp<=2k,0.1637,2
16,n<=128,sr<=70%,kvB<=16k,kp<=32k,0.1251,2
16,n<=128,sr<=70%,kvB<=16k,kp<=4k,0.1397,2
16,n<=128,sr<=70%,kvB<=16k,kp<=512,0.2081,2
16,n<=128,sr<=70%,kvB<=16k,kp<=64k,0.1075,2
16,n<=128,sr<=70%,kvB<=16k,kp<=8k,0.1326,2
16,n<=128,sr<=70%,kvB<=16k,kp=0,0.2732,2
16,n<=128,sr<=70%,kvB<=1k,kp<=16k,0.0354,2
16,n<=128,sr<=70%,kvB<=1k,kp<=1k,0.0124,2
16,n<=128,sr<=70%,kvB<=1k,kp<=2k,0.0328,2
16,n<=128,sr<=70%,kvB<=1k,kp<=32k,0.0669,2
16,n<=128,sr<=70%,kvB<=1k,kp<=4k,0.0496,2
16,n<=128,sr<=70%,kvB<=1k,kp<=512,0.0073,2
16,n<=128,sr<=70%,kvB<=1k,kp<=64k,0.0668,2
16,n<=128,sr<=70%,kvB<=1k,kp<=8k,0.0554,2
16,n<=128,sr<=70%,kvB<=1k,kp=0,0.0072,2
16,n<=128,sr<=70%,kvB<=4k,kp<=16k,-0.0419,2
16,n<=128,sr<=70%,kvB<=4k,kp<=1k,-0.0717,2
16,n<=128,sr<=70%,kvB<=4k,kp<=2k,-0.0727,2
16,n<=128,sr<=70%,kvB<=4k,kp<=32k,-0.2545,2
16,n<=128,sr<=70%,kvB<=4k,kp<=4k,-0.0378,2
16,n<=128,sr<=70%,kvB<=4k,kp<=512,-0.01,2
16,n<=128,sr<=70%,kvB<=4k,kp<=64k,-0.3596,2
16,n<=128,sr<=70%,kvB<=4k,kp<=8k,-0.0282,2
16,n<=128,sr<=70%,kvB<=4k,kp=0,-0.0988,2
16,n<=128,sr<=70%,kvB<=64k,kp<=16k,0.014,2
16,n<=128,sr<=70%,kvB<=64k,kp<=1k,0.0227,2
16,n<=128,sr<=70%,kvB<=64k,kp<=2k,0.03,2
16,n<=128,sr<=70%,kvB<=64k,kp<=32k,0.0143,2
16,n<=128,sr<=70%,kvB<=64k,kp<=4k,0.0204,2
16,n<=128,sr<=70%,kvB<=64k,kp<=512,0.0273,2
16,n<=128,sr<=70%,kvB<=64k,kp<=64k,0.004,2
16,n<=128,sr<=70%,kvB<=64k,kp<=8k,0.0137,2
16,n<=128,sr<=70%,kvB<=64k,kp=0,0.0178,2
16,n<=128,sr>70%,kvB<=16k,kp<=16k,0.2676,4
16,n<=128,sr>70%,kvB<=16k,kp<=1k,0.3663,4
16,n<=128,sr>70%,kvB<=16k,kp<=2k,0.3999,4
16,n<=128,sr>70%,kvB<=16k,kp<=32k,0.2825,4
16,n<=128,sr>70%,kvB<=16k,kp<=4k,0.3112,4
16,n<=128,sr>70%,kvB<=16k,kp<=512,0.3837,4
16,n<=128,sr>70%,kvB<=16k,kp<=64k,0.2068,4
16,n<=128,sr>70%,kvB<=16k,kp<=8k,0.3569,4
16,n<=128,sr>70%,kvB<=16k,kp=0,0.4279,4
16,n<=128,sr>70%,kvB<=1k,kp<=16k,0.2615,4
16,n<=128,sr>70%,kvB<=1k,kp<=1k,0.2995,4
16,n<=128,sr>70%,kvB<=1k,kp<=2k,0.3238,4
16,n<=128,sr>70%,kvB<=1k,kp<=32k,0.3201,4
16,n<=128,sr>70%,kvB<=1k,kp<=4k,0.329,4
16,n<=128,sr>70%,kvB<=1k,kp<=512,0.2869,4
16,n<=128,sr>70%,kvB<=1k,kp<=64k,0.3229,4
16,n<=128,sr>70%,kvB<=1k,kp<=8k,0.3542,4
16,n<=128,sr>70%,kvB<=1k,kp=0,0.2676,4
16,n<=128,sr>70%,kvB<=4k,kp<=16k,-0.6277,4
16,n<=128,sr>70%,kvB<=4k,kp<=1k,-0.5849,4
16,n<=128,sr>70%,kvB<=4k,kp<=2k,-0.5794,4
16,n<=128,sr>70%,kvB<=4k,kp<=32k,-0.6677,4
16,n<=128,sr>70%,kvB<=4k,kp<=4k,-0.6027,4
16,n<=128,sr>70%,kvB<=4k,kp<=512,-0.6138,4
16,n<=128,sr>70%,kvB<=4k,kp<=64k,-0.429,4
16,n<=128,sr>70%,kvB<=4k,kp<=8k,-0.7109,4
16,n<=128,sr>70%,kvB<=4k,kp=0,-0.5876,4
16,n<=128,sr>70%,kvB<=64k,kp<=16k,0.0706,4
16,n<=128,sr>70%,kvB<=64k,kp<=1k,0.1144,4
16,n<=128,sr>70%,kvB<=64k,kp<=2k,0.1133,4
16,n<=128,sr>70%,kvB<=64k,kp<=32k,0.0891,4
16,n<=128,sr>70%,kvB<=64k,kp<=4k,0.0927,4
16,n<=128,sr>70%,kvB<=64k,kp<=512,0.1379,4
16,n<=128,sr>70%,kvB<=64k,kp<=64k,0.0806,4
16,n<=128,sr>70%,kvB<=64k,kp<=8k,0.0866,4
16,n<=128,sr>70%,kvB<=64k,kp=0,0.1117,4
16,n<=16,sr<=15%,kvB<=16k,kp<=16k,-0.0123,4
16,n<=16,sr<=15%,kvB<=16k,kp<=1k,0.1425,4
16,n<=16,sr<=15%,kvB<=16k,kp<=2k,0.1475,4
16,n<=16,sr<=15%,kvB<=16k,kp<=32k,-0.0116,4
16,n<=16,sr<=15%,kvB<=16k,kp<=4k,0.1576,4
16,n<=16,sr<=15%,kvB<=16k,kp<=512,0.1342,4
16,n<=16,sr<=15%,kvB<=16k,kp<=64k,-0.0067,4
16,n<=16,sr<=15%,kvB<=16k,kp<=8k,0.104,4
16,n<=16,sr<=15%,kvB<=16k,kp=0,0.1299,4
16,n<=16,sr<=15%,kvB<=1k,kp<=16k,0.0644,4
16,n<=16,sr<=15%,kvB<=1k,kp<=1k,0.0596,4
16,n<=16,sr<=15%,kvB<=1k,kp<=2k,0.1132,4
16,n<=16,sr<=15%,kvB<=1k,kp<=32k,0.0489,4
16,n<=16,sr<=15%,kvB<=1k,kp<=4k,0.096,4
16,n<=16,sr<=15%,kvB<=1k,kp<=512,0.1839,4
16,n<=16,sr<=15%,kvB<=1k,kp<=64k,-0.011,4
16,n<=16,sr<=15%,kvB<=1k,kp<=8k,0.0982,4
16,n<=16,sr<=15%,kvB<=1k,kp=0,0.2093,4
16,n<=16,sr<=15%,kvB<=4k,kp<=16k,0.0191,4
16,n<=16,sr<=15%,kvB<=4k,kp<=1k,0.1709,4
16,n<=16,sr<=15%,kvB<=4k,kp<=2k,0.1207,4
16,n<=16,sr<=15%,kvB<=4k,kp<=32k,0.0165,4
16,n<=16,sr<=15%,kvB<=4k,kp<=4k,-0.0035,4
16,n<=16,sr<=15%,kvB<=4k,kp<=512,0.1645,4
16,n<=16,sr<=15%,kvB<=4k,kp<=64k,0.0241,4
16,n<=16,sr<=15%,kvB<=4k,kp<=8k,0.0178,4
16,n<=16,sr<=15%,kvB<=4k,kp=0,0.1439,4
16,n<=16,sr<=15%,kvB<=64k,kp<=16k,0.1491,4
16,n<=16,sr<=15%,kvB<=64k,kp<=1k,0.1305,4
16,n<=16,sr<=15%,kvB<=64k,kp<=2k,0.1382,4
16,n<=16,sr<=15%,kvB<=64k,kp<=32k,0.0987,4
16,n<=16,sr<=15%,kvB<=64k,kp<=4k,0.1379,4
16,n<=16,sr<=15%,kvB<=64k,kp<=512,0.1284,4
16,n<=16,sr<=15%,kvB<=64k,kp<=64k,-0.0082,4
16,n<=16,sr<=15%,kvB<=64k,kp<=8k,0.1579,4
16,n<=16,sr<=15%,kvB<=64k,kp=0,0.1344,4
16,n<=16,sr<=40%,kvB<=16k,kp<=16k,-0.0206,4
16,n<=16,sr<=40%,kvB<=16k,kp<=1k,0.0983,4
16,n<=16,sr<=40%,kvB<=16k,kp<=2k,0.1209,4
16,n<=16,sr<=40%,kvB<=16k,kp<=32k,-0.0255,4
16,n<=16,sr<=40%,kvB<=16k,kp<=4k,0.142,4
16,n<=16,sr<=40%,kvB<=16k,kp<=512,0.1166,4
16,n<=16,sr<=40%,kvB<=16k,kp<=64k,0.0159,4
16,n<=16,sr<=40%,kvB<=16k,kp<=8k,0.122,4
16,n<=16,sr<=40%,kvB<=16k,kp=0,0.1062,4
16,n<=16,sr<=40%,kvB<=1k,kp<=16k,0.075,4
16,n<=16,sr<=40%,kvB<=1k,kp<=1k,0.1181,4
16,n<=16,sr<=40%,kvB<=1k,kp<=2k,0.0736,4
16,n<=16,sr<=40%,kvB<=1k,kp<=32k,0.0981,4
16,n<=16,sr<=40%,kvB<=1k,kp<=4k,0.1013,4
16,n<=16,sr<=40%,kvB<=1k,kp<=512,0.1964,4
16,n<=16,sr<=40%,kvB<=1k,kp<=64k,0.0546,4
16,n<=16,sr<=40%,kvB<=1k,kp<=8k,0.0985,4
16,n<=16,sr<=40%,kvB<=1k,kp=0,0.2054,4
16,n<=16,sr<=40%,kvB<=4k,kp<=16k,0.0209,4
16,n<=16,sr<=40%,kvB<=4k,kp<=1k,0.1836,4
16,n<=16,sr<=40%,kvB<=4k,kp<=2k,0.1348,4
16,n<=16,sr<=40%,kvB<=4k,kp<=32k,0.0159,4
16,n<=16,sr<=40%,kvB<=4k,kp<=4k,0.0142,4
16,n<=16,sr<=40%,kvB<=4k,kp<=512,0.1349,4
16,n<=16,sr<=40%,kvB<=4k,kp<=64k,0.0245,4
16,n<=16,sr<=40%,kvB<=4k,kp<=8k,-0.0084,4
16,n<=16,sr<=40%,kvB<=4k,kp=0,0.1329,4
16,n<=16,sr<=40%,kvB<=64k,kp<=16k,0.1336,4
16,n<=16,sr<=40%,kvB<=64k,kp<=1k,0.1077,4
16,n<=16,sr<=40%,kvB<=64k,kp<=2k,0.1216,4
16,n<=16,sr<=40%,kvB<=64k,kp<=32k,0.1227,4
16,n<=16,sr<=40%,kvB<=64k,kp<=4k,0.1299,4
16,n<=16,sr<=40%,kvB<=64k,kp<=512,0.1127,4
16,n<=16,sr<=40%,kvB<=64k,kp<=64k,-0.0465,4
16,n<=16,sr<=40%,kvB<=64k,kp<=8k,0.1449,4
16,n<=16,sr<=40%,kvB<=64k,kp=0,0.1126,4
16,n<=16,sr<=70%,kvB<=16k,kp<=16k,0.0183,2
16,n<=16,sr<=70%,kvB<=16k,kp<=1k,0.0962,2
16,n<=16,sr<=70%,kvB<=16k,kp<=2k,0.098,2
16,n<=16,sr<=70%,kvB<=16k,kp<=32k,-0.0975,2
16,n<=16,sr<=70%,kvB<=16k,kp<=4k,0.1292,2
16,n<=16,sr<=70%,kvB<=16k,kp<=512,0.0947,2
16,n<=16,sr<=70%,kvB<=16k,kp<=64k,-0.0015,2
16,n<=16,sr<=70%,kvB<=16k,kp<=8k,0.1616,2
16,n<=16,sr<=70%,kvB<=16k,kp=0,0.0916,2
16,n<=16,sr<=70%,kvB<=1k,kp<=16k,0.0601,2
16,n<=16,sr<=70%,kvB<=1k,kp<=1k,0.1223,2
16,n<=16,sr<=70%,kvB<=1k,kp<=2k,0.0295,2
16,n<=16,sr<=70%,kvB<=1k,kp<=32k,-0.0215,2
16,n<=16,sr<=70%,kvB<=1k,kp<=4k,0.073,2
16,n<=16,sr<=70%,kvB<=1k,kp<=512,0.3072,2
16,n<=16,sr<=70%,kvB<=1k,kp<=64k,0.1475,2
16,n<=16,sr<=70%,kvB<=1k,kp<=8k,0.1018,2
16,n<=16,sr<=70%,kvB<=1k,kp=0,0.179,2
16,n<=16,sr<=70%,kvB<=4k,kp<=16k,0.0189,2
16,n<=16,sr<=70%,kvB<=4k,kp<=1k,0.1465,2
16,n<=16,sr<=70%,kvB<=4k,kp<=2k,0.1555,2
16,n<=16,sr<=70%,kvB<=4k,kp<=32k,0.0281,2
16,n<=16,sr<=70%,kvB<=4k,kp<=4k,0.0178,2
16,n<=16,sr<=70%,kvB<=4k,kp<=512,0.1255,2
16,n<=16,sr<=70%,kvB<=4k,kp<=64k,0.0009,2
16,n<=16,sr<=70%,kvB<=4k,kp<=8k,-0.1046,2
16,n<=16,sr<=70%,kvB<=4k,kp=0,0.1133,2
16,n<=16,sr<=70%,kvB<=64k,kp<=16k,0.201,2
16,n<=16,sr<=70%,kvB<=64k,kp<=1k,0.2172,2
16,n<=16,sr<=70%,kvB<=64k,kp<=2k,0.193,2
16,n<=16,sr<=70%,kvB<=64k,kp<=32k,0.2809,2
16,n<=16,sr<=70%,kvB<=64k,kp<=4k,0.436,2
16,n<=16,sr<=70%,kvB<=64k,kp<=512,0.2052,2
16,n<=16,sr<=70%,kvB<=64k,kp<=64k,0.1282,2
16,n<=16,sr<=70%,kvB<=64k,kp<=8k,0.5086,2
16,n<=16,sr<=70%,kvB<=64k,kp=0,0.2045,2
16,n<=16,sr>70%,kvB<=16k,kp<=16k,0.2816,4
16,n<=16,sr>70%,kvB<=16k,kp<=1k,0.0224,4
16,n<=16,sr>70%,kvB<=16k,kp<=2k,0.0354,4
16,n<=16,sr>70%,kvB<=16k,kp<=32k,0.0845,4
16,n<=16,sr>70%,kvB<=16k,kp<=4k,0.1164,4
16,n<=16,sr>70%,kvB<=16k,kp<=512,-0.0922,4
16,n<=16,sr>70%,kvB<=16k,kp<=64k,0.0267,4
16,n<=16,sr>70%,kvB<=16k,kp<=8k,0.2342,4
16,n<=16,sr>70%,kvB<=16k,kp=0,0.0032,4
16,n<=16,sr>70%,kvB<=1k,kp<=16k,0.4164,4
16,n<=16,sr>70%,kvB<=1k,kp<=1k,0.4589,4
16,n<=16,sr>70%,kvB<=1k,kp<=2k,0.3935,4
16,n<=16,sr>70%,kvB<=1k,kp<=32k,0.3958,4
16,n<=16,sr>70%,kvB<=1k,kp<=4k,0.2592,4
16,n<=16,sr>70%,kvB<=1k,kp<=512,0.4952,4
16,n<=16,sr>70%,kvB<=1k,kp<=64k,0.1341,4
16,n<=16,sr>70%,kvB<=1k,kp<=8k,0.4711,4
16,n<=16,sr>70%,kvB<=1k,kp=0,0.3216,4
16,n<=16,sr>70%,kvB<=4k,kp<=16k,0.0542,4
16,n<=16,sr>70%,kvB<=4k,kp<=1k,0.1596,4
16,n<=16,sr>70%,kvB<=4k,kp<=2k,0.2357,4
16,n<=16,sr>70%,kvB<=4k,kp<=32k,0.2473,4
16,n<=16,sr>70%,kvB<=4k,kp<=4k,0.2942,4
16,n<=16,sr>70%,kvB<=4k,kp<=512,0.265,4
16,n<=16,sr>70%,kvB<=4k,kp<=64k,0.1569,4
16,n<=16,sr>70%,kvB<=4k,kp<=8k,0.2266,4
16,n<=16,sr>70%,kvB<=4k,kp=0,0.0205,4
16,n<=16,sr>70%,kvB<=64k,kp<=16k,1.0473,4
16,n<=16,sr>70%,kvB<=64k,kp<=1k,0.8501,4
16,n<=16,sr>70%,kvB<=64k,kp<=2k,0.8416,4
16,n<=16,sr>70%,kvB<=64k,kp<=32k,1.6645,4
16,n<=16,sr>70%,kvB<=64k,kp<=4k,1.1343,4
16,n<=16,sr>70%,kvB<=64k,kp<=512,1.0293,4
16,n<=16,sr>70%,kvB<=64k,kp<=64k,1.8921,4
16,n<=16,sr>70%,kvB<=64k,kp<=8k,1.5201,4
16,n<=16,sr>70%,kvB<=64k,kp=0,0.8738,4
16,n<=2,sr<=70%,kvB<=16k,kp<=16k,-0.8831,2
16,n<=2,sr<=70%,kvB<=16k,kp<=1k,0.9546,2
16,n<=2,sr<=70%,kvB<=16k,kp<=2k,0.9564,2
16,n<=2,sr<=70%,kvB<=16k,kp<=32k,-0.9544,2
16,n<=2,sr<=70%,kvB<=16k,kp<=4k,0.827,2
16,n<=2,sr<=70%,kvB<=16k,kp<=512,0.9343,2
16,n<=2,sr<=70%,kvB<=16k,kp<=64k,-0.7284,2
16,n<=2,sr<=70%,kvB<=16k,kp<=8k,-0.0156,2
16,n<=2,sr<=70%,kvB<=16k,kp=0,0.9654,2
16,n<=2,sr<=70%,kvB<=1k,kp<=16k,0.2503,2
16,n<=2,sr<=70%,kvB<=1k,kp<=1k,-0.7321,2
16,n<=2,sr<=70%,kvB<=1k,kp<=2k,-0.759,2
16,n<=2,sr<=70%,kvB<=1k,kp<=32k,-1.5856,1
16,n<=2,sr<=70%,kvB<=1k,kp<=4k,-0.6669,2
16,n<=2,sr<=70%,kvB<=1k,kp<=512,0.0401,2
16,n<=2,sr<=70%,kvB<=1k,kp<=64k,-0.9613,2
16,n<=2,sr<=70%,kvB<=1k,kp<=8k,-0.5577,2
16,n<=2,sr<=70%,kvB<=1k,kp=0,0.9318,2
16,n<=2,sr<=70%,kvB<=4k,kp<=16k,-0.9282,2
16,n<=2,sr<=70%,kvB<=4k,kp<=1k,0.8164,2
16,n<=2,sr<=70%,kvB<=4k,kp<=2k,-0.0126,2
16,n<=2,sr<=70%,kvB<=4k,kp<=32k,-0.4216,2
16,n<=2,sr<=70%,kvB<=4k,kp<=4k,-0.9739,2
16,n<=2,sr<=70%,kvB<=4k,kp<=512,0.9374,2
16,n<=2,sr<=70%,kvB<=4k,kp<=64k,-2.0667,1
16,n<=2,sr<=70%,kvB<=4k,kp<=8k,-0.9958,2
16,n<=2,sr<=70%,kvB<=4k,kp=0,0.9478,2
16,n<=2,sr<=70%,kvB<=64k,kp<=16k,0.7384,2
16,n<=2,sr<=70%,kvB<=64k,kp<=1k,0.9459,2
16,n<=2,sr<=70%,kvB<=64k,kp<=2k,0.9836,2
16,n<=2,sr<=70%,kvB<=64k,kp<=32k,-0.0329,2
16,n<=2,sr<=70%,kvB<=64k,kp<=4k,0.9653,2
16,n<=2,sr<=70%,kvB<=64k,kp<=512,0.9129,2
16,n<=2,sr<=70%,kvB<=64k,kp<=64k,-0.9495,2
16,n<=2,sr<=70%,kvB<=64k,kp<=8k,0.9506,2
16,n<=2,sr<=70%,kvB<=64k,kp=0,0.9858,2
16,n<=32,sr<=15%,kvB<=16k,kp<=16k,-0.0025,6
16,n<=32,sr<=15%,kvB<=16k,kp<=1k,0.0756,6
16,n<=32,sr<=15%,kvB<=16k,kp<=2k,0.0686,6
16,n<=32,sr<=15%,kvB<=16k,kp<=32k,-0.0062,6
16,n<=32,sr<=15%,kvB<=16k,kp<=4k,0.0449,6
16,n<=32,sr<=15%,kvB<=16k,kp<=512,0.0817,6
16,n<=32,sr<=15%,kvB<=16k,kp<=64k,-0.0161,6
16,n<=32,sr<=15%,kvB<=16k,kp<=8k,0.0359,6
16,n<=32,sr<=15%,kvB<=16k,kp=0,0.083,6
16,n<=32,sr<=15%,kvB<=1k,kp<=16k,0.0677,6
16,n<=32,sr<=15%,kvB<=1k,kp<=1k,0.0693,6
16,n<=32,sr<=15%,kvB<=1k,kp<=2k,0.0666,6
16,n<=32,sr<=15%,kvB<=1k,kp<=32k,0.0782,6
16,n<=32,sr<=15%,kvB<=1k,kp<=4k,0.0773,6
16,n<=32,sr<=15%,kvB<=1k,kp<=512,0.1091,6
16,n<=32,sr<=15%,kvB<=1k,kp<=64k,0.073,6
16,n<=32,sr<=15%,kvB<=1k,kp<=8k,0.0712,6
16,n<=32,sr<=15%,kvB<=1k,kp=0,0.1409,6
16,n<=32,sr<=15%,kvB<=4k,kp<=16k,0.0057,6
16,n<=32,sr<=15%,kvB<=4k,kp<=1k,0.0761,6
16,n<=32,sr<=15%,kvB<=4k,kp<=2k,0.0531,6
16,n<=32,sr<=15%,kvB<=4k,kp<=32k,0.0038,6
16,n<=32,sr<=15%,kvB<=4k,kp<=4k,0.0107,6
16,n<=32,sr<=15%,kvB<=4k,kp<=512,0.083,6
16,n<=32,sr<=15%,kvB<=4k,kp<=64k,0.0108,6
16,n<=32,sr<=15%,kvB<=4k,kp<=8k,0.0031,6
16,n<=32,sr<=15%,kvB<=4k,kp=0,0.1052,6
16,n<=32,sr<=15%,kvB<=64k,kp<=16k,0.0359,6
16,n<=32,sr<=15%,kvB<=64k,kp<=1k,0.1004,6
16,n<=32,sr<=15%,kvB<=64k,kp<=2k,0.1024,6
16,n<=32,sr<=15%,kvB<=64k,kp<=32k,0.0632,6
16,n<=32,sr<=15%,kvB<=64k,kp<=4k,0.0773,6
16,n<=32,sr<=15%,kvB<=64k,kp<=512,0.0986,6
16,n<=32,sr<=15%,kvB<=64k,kp<=64k,0.0524,6
16,n<=32,sr<=15%,kvB<=64k,kp<=8k,0.0743,6
16,n<=32,sr<=15%,kvB<=64k,kp=0,0.1055,6
16,n<=32,sr<=40%,kvB<=16k,kp<=16k,0.0287,2
16,n<=32,sr<=40%,kvB<=16k,kp<=1k,0.0818,2
16,n<=32,sr<=40%,kvB<=16k,kp<=2k,0.0759,2
16,n<=32,sr<=40%,kvB<=16k,kp<=32k,0.0059,2
16,n<=32,sr<=40%,kvB<=16k,kp<=4k,0.0583,2
16,n<=32,sr<=40%,kvB<=16k,kp<=512,0.0866,2
16,n<=32,sr<=40%,kvB<=16k,kp<=64k,-0.005,2
16,n<=32,sr<=40%,kvB<=16k,kp<=8k,0.0333,2
16,n<=32,sr<=40%,kvB<=16k,kp=0,0.1128,2
16,n<=32,sr<=40%,kvB<=1k,kp<=16k,0.113,2
16,n<=32,sr<=40%,kvB<=1k,kp<=1k,0.096,2
16,n<=32,sr<=40%,kvB<=1k,kp<=2k,0.1203,2
16,n<=32,sr<=40%,kvB<=1k,kp<=32k,0.0847,2
16,n<=32,sr<=40%,kvB<=1k,kp<=4k,0.1097,2
16,n<=32,sr<=40%,kvB<=1k,kp<=512,0.1475,2
16,n<=32,sr<=40%,kvB<=1k,kp<=64k,0.1257,2
16,n<=32,sr<=40%,kvB<=1k,kp<=8k,0.1196,2
16,n<=32,sr<=40%,kvB<=1k,kp=0,0.1696,2
16,n<=32,sr<=40%,kvB<=4k,kp<=16k,-0.0024,2
16,n<=32,sr<=40%,kvB<=4k,kp<=1k,0.0547,2
16,n<=32,sr<=40%,kvB<=4k,kp<=2k,0.0336,2
16,n<=32,sr<=40%,kvB<=4k,kp<=32k,-0.0176,2
16,n<=32,sr<=40%,kvB<=4k,kp<=4k,-0.0083,2
16,n<=32,sr<=40%,kvB<=4k,kp<=512,0.0644,2
16,n<=32,sr<=40%,kvB<=4k,kp<=64k,-0.0004,2
16,n<=32,sr<=40%,kvB<=4k,kp<=8k,0.0078,2
16,n<=32,sr<=40%,kvB<=4k,kp=0,0.0786,2
16,n<=32,sr<=40%,kvB<=64k,kp<=16k,0.1541,2
16,n<=32,sr<=40%,kvB<=64k,kp<=1k,0.455,2
16,n<=32,sr<=40%,kvB<=64k,kp<=2k,0.402,2
16,n<=32,sr<=40%,kvB<=64k,kp<=32k,0.2167,2
16,n<=32,sr<=40%,kvB<=64k,kp<=4k,0.4042,2
16,n<=32,sr<=40%,kvB<=64k,kp<=512,0.4628,2
16,n<=32,sr<=40%,kvB<=64k,kp<=64k,0.3734,2
16,n<=32,sr<=40%,kvB<=64k,kp<=8k,0.2884,2
16,n<=32,sr<=40%,kvB<=64k,kp=0,0.421,2
16,n<=32,sr<=5%,kvB<=16k,kp<=16k,-0.0003,2
16,n<=32,sr<=5%,kvB<=16k,kp<=1k,0.0766,2
16,n<=32,sr<=5%,kvB<=16k,kp<=2k,0.0709,2
16,n<=32,sr<=5%,kvB<=16k,kp<=32k,-0.0017,2
16,n<=32,sr<=5%,kvB<=16k,kp<=4k,0.049,2
16,n<=32,sr<=5%,kvB<=16k,kp<=512,0.083,2
16,n<=32,sr<=5%,kvB<=16k,kp<=64k,-0.0022,2
16,n<=32,sr<=5%,kvB<=16k,kp<=8k,0.042,2
16,n<=32,sr<=5%,kvB<=16k,kp=0,0.0988,2
16,n<=32,sr<=5%,kvB<=1k,kp<=16k,0.0055,2
16,n<=32,sr<=5%,kvB<=1k,kp<=1k,0.0314,2
16,n<=32,sr<=5%,kvB<=1k,kp<=2k,0.0011,2
16,n<=32,sr<=5%,kvB<=1k,kp<=32k,0.0122,2
16,n<=32,sr<=5%,kvB<=1k,kp<=4k,0.0272,2
16,n<=32,sr<=5%,kvB<=1k,kp<=512,0.0536,2
16,n<=32,sr<=5%,kvB<=1k,kp<=64k,-0.0044,2
16,n<=32,sr<=5%,kvB<=1k,kp<=8k,0.0214,2
16,n<=32,sr<=5%,kvB<=1k,kp=0,0.0896,2
16,n<=32,sr<=5%,kvB<=4k,kp<=16k,0.0264,2
16,n<=32,sr<=5%,kvB<=4k,kp<=1k,0.0843,2
16,n<=32,sr<=5%,kvB<=4k,kp<=2k,0.0649,2
16,n<=32,sr<=5%,kvB<=4k,kp<=32k,0.0176,2
16,n<=32,sr<=5%,kvB<=4k,kp<=4k,0.0217,2
16,n<=32,sr<=5%,kvB<=4k,kp<=512,0.0937,2
16,n<=32,sr<=5%,kvB<=4k,kp<=64k,0.0149,2
16,n<=32,sr<=5%,kvB<=4k,kp<=8k,0.021,2
16,n<=32,sr<=5%,kvB<=4k,kp=0,0.1078,2
16,n<=32,sr<=5%,kvB<=64k,kp<=16k,0.0315,2
16,n<=32,sr<=5%,kvB<=64k,kp<=1k,0.0924,2
16,n<=32,sr<=5%,kvB<=64k,kp<=2k,0.093,2
16,n<=32,sr<=5%,kvB<=64k,kp<=32k,0.035,2
16,n<=32,sr<=5%,kvB<=64k,kp<=4k,0.0578,2
16,n<=32,sr<=5%,kvB<=64k,kp<=512,0.0897,2
16,n<=32,sr<=5%,kvB<=64k,kp<=64k,0.0075,2
16,n<=32,sr<=5%,kvB<=64k,kp<=8k,0.039,2
16,n<=32,sr<=5%,kvB<=64k,kp=0,0.0933,2
16,n<=32,sr<=70%,kvB<=16k,kp<=16k,0.1918,2
16,n<=32,sr<=70%,kvB<=16k,kp<=1k,0.3078,2
16,n<=32,sr<=70%,kvB<=16k,kp<=2k,0.2929,2
16,n<=32,sr<=70%,kvB<=16k,kp<=32k,0.2536,2
16,n<=32,sr<=70%,kvB<=16k,kp<=4k,0.1509,2
16,n<=32,sr<=70%,kvB<=16k,kp<=512,0.2557,2
16,n<=32,sr<=70%,kvB<=16k,kp<=64k,0.3024,2
16,n<=32,sr<=70%,kvB<=16k,kp<=8k,0.1817,2
16,n<=32,sr<=70%,kvB<=16k,kp=0,0.2639,2
16,n<=32,sr<=70%,kvB<=1k,kp<=16k,0.0615,2
16,n<=32,sr<=70%,kvB<=1k,kp<=1k,0.0342,2
16,n<=32,sr<=70%,kvB<=1k,kp<=2k,0.0302,2
16,n<=32,sr<=70%,kvB<=1k,kp<=32k,0.0591,2
16,n<=32,sr<=70%,kvB<=1k,kp<=4k,0.0364,2
16,n<=32,sr<=70%,kvB<=1k,kp<=512,0.071,2
16,n<=32,sr<=70%,kvB<=1k,kp<=64k,0.0618,2
16,n<=32,sr<=70%,kvB<=1k,kp<=8k,0.0425,2
16,n<=32,sr<=70%,kvB<=1k,kp=0,0.1305,2
16,n<=32,sr<=70%,kvB<=4k,kp<=16k,-0.0512,2
16,n<=32,sr<=70%,kvB<=4k,kp<=1k,0.048,2
16,n<=32,sr<=70%,kvB<=4k,kp<=2k,0.0171,2
16,n<=32,sr<=70%,kvB<=4k,kp<=32k,-0.0358,2
16,n<=32,sr<=70%,kvB<=4k,kp<=4k,-0.0211,2
16,n<=32,sr<=70%,kvB<=4k,kp<=512,0.0754,2
16,n<=32,sr<=70%,kvB<=4k,kp<=64k,-0.0226,2
16,n<=32,sr<=70%,kvB<=4k,kp<=8k,0.0002,2
16,n<=32,sr<=70%,kvB<=4k,kp=0,0.0825,2
16,n<=32,sr<=70%,kvB<=64k,kp<=16k,0.2945,2
16,n<=32,sr<=70%,kvB<=64k,kp<=1k,1.6944,2
16,n<=32,sr<=70%,kvB<=64k,kp<=2k,1.3282,2
16,n<=32,sr<=70%,kvB<=64k,kp<=32k,0.6361,2
16,n<=32,sr<=70%,kvB<=64k,kp<=4k,1.4084,2
16,n<=32,sr<=70%,kvB<=64k,kp<=512,1.5141,2
16,n<=32,sr<=70%,kvB<=64k,kp<=64k,1.6513,2
16,n<=32,sr<=70%,kvB<=64k,kp<=8k,0.7406,2
16,n<=32,sr<=70%,kvB<=64k,kp=0,1.4755,2
16,n<=32,sr>70%,kvB<=16k,kp<=16k,1.3483,4
16,n<=32,sr>70%,kvB<=16k,kp<=1k,1.5342,4
16,n<=32,sr>70%,kvB<=16k,kp<=2k,1.5366,4
16,n<=32,sr>70%,kvB<=16k,kp<=32k,2.0003,4
16,n<=32,sr>70%,kvB<=16k,kp<=4k,0.9372,4
16,n<=32,sr>70%,kvB<=16k,kp<=512,1.5409,4
16,n<=32,sr>70%,kvB<=16k,kp<=64k,1.7711,3
16,n<=32,sr>70%,kvB<=16k,kp<=8k,1.1192,4
16,n<=32,sr>70%,kvB<=16k,kp=0,1.4309,4
16,n<=32,sr>70%,kvB<=1k,kp<=16k,0.234,4
16,n<=32,sr>70%,kvB<=1k,kp<=1k,0.2095,4
16,n<=32,sr>70%,kvB<=1k,kp<=2k,0.2673,4
16,n<=32,sr>70%,kvB<=1k,kp<=32k,0.2263,4
16,n<=32,sr>70%,kvB<=1k,kp<=4k,0.3224,4
16,n<=32,sr>70%,kvB<=1k,kp<=512,0.2104,4
16,n<=32,sr>70%,kvB<=1k,kp<=64k,0.2469,4
16,n<=32,sr>70%,kvB<=1k,kp<=8k,0.2911,4
16,n<=32,sr>70%,kvB<=1k,kp=0,0.4545,4
16,n<=32,sr>70%,kvB<=4k,kp<=16k,0.1031,4
16,n<=32,sr>70%,kvB<=4k,kp<=1k,0.1314,4
16,n<=32,sr>70%,kvB<=4k,kp<=2k,0.0503,4
16,n<=32,sr>70%,kvB<=4k,kp<=32k,0.1098,4
16,n<=32,sr>70%,kvB<=4k,kp<=4k,-0.014,4
16,n<=32,sr>70%,kvB<=4k,kp<=512,0.1828,4
16,n<=32,sr>70%,kvB<=4k,kp<=64k,0.0194,4
16,n<=32,sr>70%,kvB<=4k,kp<=8k,0.0243,4
16,n<=32,sr>70%,kvB<=4k,kp=0,0.2344,4
16,n<=32,sr>70%,kvB<=64k,kp<=16k,1.981,3
16,n<=32,sr>70%,kvB<=64k,kp<=1k,5.347,4
16,n<=32,sr>70%,kvB<=64k,kp<=2k,5.4003,4
16,n<=32,sr>70%,kvB<=64k,kp<=32k,3.0163,3
16,n<=32,sr>70%,kvB<=64k,kp<=4k,3.0563,4
16,n<=32,sr>70%,kvB<=64k,kp<=512,5.1852,4
16,n<=32,sr>70%,kvB<=64k,kp<=64k,11.4345,1
16,n<=32,sr>70%,kvB<=64k,kp<=8k,2.5647,4
16,n<=32,sr>70%,kvB<=64k,kp=0,5.6332,4
16,n<=4,sr<=40%,kvB<=16k,kp<=16k,0.0671,2
16,n<=4,sr<=40%,kvB<=16k,kp<=1k,0.3018,2
16,n<=4,sr<=40%,kvB<=16k,kp<=2k,0.3078,2
16,n<=4,sr<=40%,kvB<=16k,kp<=32k,0.0572,2
16,n<=4,sr<=40%,kvB<=16k,kp<=4k,0.317,2
16,n<=4,sr<=40%,kvB<=16k,kp<=512,0.3013,2
16,n<=4,sr<=40%,kvB<=16k,kp<=64k,0.0463,2
16,n<=4,sr<=40%,kvB<=16k,kp<=8k,0.4074,2
16,n<=4,sr<=40%,kvB<=16k,kp=0,0.2997,2
16,n<=4,sr<=40%,kvB<=1k,kp<=16k,0.1957,1
16,n<=4,sr<=40%,kvB<=1k,kp<=1k,0.485,2
16,n<=4,sr<=40%,kvB<=1k,kp<=2k,0.4532,2
16,n<=4,sr<=40%,kvB<=1k,kp<=32k,1.0794,1
16,n<=4,sr<=40%,kvB<=1k,kp<=4k,0.4488,2
16,n<=4,sr<=40%,kvB<=1k,kp<=512,0.5022,2
16,n<=4,sr<=40%,kvB<=1k,kp<=64k,1.1187,1
16,n<=4,sr<=40%,kvB<=1k,kp<=8k,0.9085,2
16,n<=4,sr<=40%,kvB<=1k,kp=0,0.3609,5
16,n<=4,sr<=40%,kvB<=4k,kp<=16k,0.0959,2
16,n<=4,sr<=40%,kvB<=4k,kp<=1k,0.3434,2
16,n<=4,sr<=40%,kvB<=4k,kp<=2k,0.4703,2
16,n<=4,sr<=40%,kvB<=4k,kp<=32k,0.0787,2
16,n<=4,sr<=40%,kvB<=4k,kp<=4k,0.1501,2
16,n<=4,sr<=40%,kvB<=4k,kp<=512,0.3126,2
16,n<=4,sr<=40%,kvB<=4k,kp<=64k,0.1805,2
16,n<=4,sr<=40%,kvB<=4k,kp<=8k,0.1057,2
16,n<=4,sr<=40%,kvB<=4k,kp=0,0.3089,3
16,n<=4,sr<=40%,kvB<=64k,kp<=16k,0.3285,2
16,n<=4,sr<=40%,kvB<=64k,kp<=1k,0.2934,2
16,n<=4,sr<=40%,kvB<=64k,kp<=2k,0.2941,2
16,n<=4,sr<=40%,kvB<=64k,kp<=32k,0.4403,2
16,n<=4,sr<=40%,kvB<=64k,kp<=4k,0.2864,2
16,n<=4,sr<=40%,kvB<=64k,kp<=512,0.2937,2
16,n<=4,sr<=40%,kvB<=64k,kp<=64k,0.0362,2
16,n<=4,sr<=40%,kvB<=64k,kp<=8k,0.2903,2
16,n<=4,sr<=40%,kvB<=64k,kp=0,0.2949,2
16,n<=4,sr<=70%,kvB<=16k,kp<=16k,0.8039,2
16,n<=4,sr<=70%,kvB<=16k,kp<=1k,0.0653,2
16,n<=4,sr<=70%,kvB<=16k,kp<=2k,0.1606,2
16,n<=4,sr<=70%,kvB<=16k,kp<=32k,0.7682,2
16,n<=4,sr<=70%,kvB<=16k,kp<=4k,0.2954,2
16,n<=4,sr<=70%,kvB<=16k,kp<=512,0.0282,2
16,n<=4,sr<=70%,kvB<=16k,kp<=64k,0.7477,2
16,n<=4,sr<=70%,kvB<=16k,kp<=8k,0.3395,2
16,n<=4,sr<=70%,kvB<=16k,kp=0,-0.0265,2
16,n<=4,sr<=70%,kvB<=1k,kp<=16k,1.3765,2
16,n<=4,sr<=70%,kvB<=1k,kp<=1k,0.7941,2
16,n<=4,sr<=70%,kvB<=1k,kp<=2k,0.7118,2
16,n<=4,sr<=70%,kvB<=1k,kp<=32k,0.4887,1
16,n<=4,sr<=70%,kvB<=1k,kp<=4k,0.7577,2
16,n<=4,sr<=70%,kvB<=1k,kp<=512,0.5857,2
16,n<=4,sr<=70%,kvB<=1k,kp<=8k,0.5963,2
16,n<=4,sr<=70%,kvB<=1k,kp=0,0.3163,4
16,n<=4,sr<=70%,kvB<=4k,kp<=16k,0.7252,2
16,n<=4,sr<=70%,kvB<=4k,kp<=1k,0.3536,2
16,n<=4,sr<=70%,kvB<=4k,kp<=2k,0.3887,2
16,n<=4,sr<=70%,kvB<=4k,kp<=32k,0.7482,2
16,n<=4,sr<=70%,kvB<=4k,kp<=4k,0.8736,2
16,n<=4,sr<=70%,kvB<=4k,kp<=512,0.2364,2
16,n<=4,sr<=70%,kvB<=4k,kp<=64k,0.6531,1
16,n<=4,sr<=70%,kvB<=4k,kp<=8k,0.8572,2
16,n<=4,sr<=70%,kvB<=4k,kp=0,0.033,2
16,n<=4,sr<=70%,kvB<=64k,kp<=16k,0.2803,2
16,n<=4,sr<=70%,kvB<=64k,kp<=1k,-0.0264,2
16,n<=4,sr<=70%,kvB<=64k,kp<=2k,-0.026,2
16,n<=4,sr<=70%,kvB<=64k,kp<=32k,0.3457,2
16,n<=4,sr<=70%,kvB<=64k,kp<=4k,0.0326,2
16,n<=4,sr<=70%,kvB<=64k,kp<=512,-0.0279,2
16,n<=4,sr<=70%,kvB<=64k,kp<=64k,0.7918,2
16,n<=4,sr<=70%,kvB<=64k,kp<=8k,0.1348,2
16,n<=4,sr<=70%,kvB<=64k,kp=0,-0.0293,2
16,n<=4,sr>70%,kvB<=16k,kp<=16k,0.7664,2
16,n<=4,sr>70%,kvB<=16k,kp<=1k,0.8761,2
16,n<=4,sr>70%,kvB<=16k,kp<=2k,0.905,2
16,n<=4,sr>70%,kvB<=16k,kp<=32k,0.7657,2
16,n<=4,sr>70%,kvB<=16k,kp<=4k,0.9406,2
16,n<=4,sr>70%,kvB<=16k,kp<=512,0.8704,2
16,n<=4,sr>70%,kvB<=16k,kp<=64k,0.7387,2
16,n<=4,sr>70%,kvB<=16k,kp<=8k,0.9499,2
16,n<=4,sr>70%,kvB<=16k,kp=0,0.8664,2
16,n<=4,sr>70%,kvB<=1k,kp<=16k,-0.5957,1
16,n<=4,sr>70%,kvB<=1k,kp<=1k,0.7351,2
16,n<=4,sr>70%,kvB<=1k,kp<=2k,0.7057,2
16,n<=4,sr>70%,kvB<=1k,kp<=32k,0.5218,2
16,n<=4,sr>70%,kvB<=1k,kp<=4k,0.7525,2
16,n<=4,sr>70%,kvB<=1k,kp<=512,0.8951,2
16,n<=4,sr>70%,kvB<=1k,kp<=64k,-0.9069,1
16,n<=4,sr>70%,kvB<=1k,kp<=8k,0.77,2
16,n<=4,sr>70%,kvB<=1k,kp=0,0.9266,2
16,n<=4,sr>70%,kvB<=4k,kp<=16k,0.9358,2
16,n<=4,sr>70%,kvB<=4k,kp<=1k,0.9493,2
16,n<=4,sr>70%,kvB<=4k,kp<=2k,0.952,2
16,n<=4,sr>70%,kvB<=4k,kp<=32k,0.9242,2
16,n<=4,sr>70%,kvB<=4k,kp<=4k,0.9079,2
16,n<=4,sr>70%,kvB<=4k,kp<=512,0.9347,2
16,n<=4,sr>70%,kvB<=4k,kp<=64k,1.7083,1
16,n<=4,sr>70%,kvB<=4k,kp<=8k,0.8781,2
16,n<=4,sr>70%,kvB<=4k,kp=0,0.92,2
16,n<=4,sr>70%,kvB<=64k,kp<=16k,0.7109,2
16,n<=4,sr>70%,kvB<=64k,kp<=1k,0.8711,2
16,n<=4,sr>70%,kvB<=64k,kp<=2k,0.8597,2
16,n<=4,sr>70%,kvB<=64k,kp<=32k,0.7749,2
16,n<=4,sr>70%,kvB<=64k,kp<=4k,0.873,2
16,n<=4,sr>70%,kvB<=64k,kp<=512,0.8721,2
16,n<=4,sr>70%,kvB<=64k,kp<=64k,0.8914,2
16,n<=4,sr>70%,kvB<=64k,kp<=8k,0.7893,2
16,n<=4,sr>70%,kvB<=64k,kp=0,0.8695,2
16,n<=64,sr<=15%,kvB<=16k,kp<=16k,0.0241,4
16,n<=64,sr<=15%,kvB<=16k,kp<=1k,0.0413,4
16,n<=64,sr<=15%,kvB<=16k,kp<=2k,0.0377,4
16,n<=64,sr<=15%,kvB<=16k,kp<=32k,0.0435,4
16,n<=64,sr<=15%,kvB<=16k,kp<=4k,0.0252,4
16,n<=64,sr<=15%,kvB<=16k,kp<=512,0.0431,4
16,n<=64,sr<=15%,kvB<=16k,kp<=64k,0.0463,4
16,n<=64,sr<=15%,kvB<=16k,kp<=8k,0.0292,4
16,n<=64,sr<=15%,kvB<=16k,kp=0,0.0423,4
16,n<=64,sr<=15%,kvB<=1k,kp<=16k,0.0826,4
16,n<=64,sr<=15%,kvB<=1k,kp<=1k,0.0723,4
16,n<=64,sr<=15%,kvB<=1k,kp<=2k,0.071,4
16,n<=64,sr<=15%,kvB<=1k,kp<=32k,0.0579,4
16,n<=64,sr<=15%,kvB<=1k,kp<=4k,0.0695,4
16,n<=64,sr<=15%,kvB<=1k,kp<=512,0.0913,4
16,n<=64,sr<=15%,kvB<=1k,kp<=64k,0.0538,4
16,n<=64,sr<=15%,kvB<=1k,kp<=8k,0.0771,4
16,n<=64,sr<=15%,kvB<=1k,kp=0,0.1008,4
16,n<=64,sr<=15%,kvB<=4k,kp<=16k,0.0104,4
16,n<=64,sr<=15%,kvB<=4k,kp<=1k,0.0374,4
16,n<=64,sr<=15%,kvB<=4k,kp<=2k,0.0307,4
16,n<=64,sr<=15%,kvB<=4k,kp<=32k,0.0164,4
16,n<=64,sr<=15%,kvB<=4k,kp<=4k,0.0085,4
16,n<=64,sr<=15%,kvB<=4k,kp<=512,0.0398,4
16,n<=64,sr<=15%,kvB<=4k,kp<=64k,0.0095,4
16,n<=64,sr<=15%,kvB<=4k,kp<=8k,0.0079,4
16,n<=64,sr<=15%,kvB<=4k,kp=0,0.0428,4
16,n<=64,sr<=15%,kvB<=64k,kp<=16k,0.1278,4
16,n<=64,sr<=15%,kvB<=64k,kp<=1k,0.2118,4
16,n<=64,sr<=15%,kvB<=64k,kp<=2k,0.2122,4
16,n<=64,sr<=15%,kvB<=64k,kp<=32k,0.1226,4
16,n<=64,sr<=15%,kvB<=64k,kp<=4k,0.1474,4
16,n<=64,sr<=15%,kvB<=64k,kp<=512,0.1994,4
16,n<=64,sr<=15%,kvB<=64k,kp<=64k,0.1269,4
16,n<=64,sr<=15%,kvB<=64k,kp<=8k,0.1104,4
16,n<=64,sr<=15%,kvB<=64k,kp=0,0.2066,4
16,n<=64,sr<=40%,kvB<=16k,kp<=16k,0.2387,2
16,n<=64,sr<=40%,kvB<=16k,kp<=1k,0.2167,2
16,n<=64,sr<=40%,kvB<=16k,kp<=2k,0.2274,2
16,n<=64,sr<=40%,kvB<=16k,kp<=32k,0.2047,2
16,n<=64,sr<=40%,kvB<=16k,kp<=4k,0.17,2
16,n<=64,sr<=40%,kvB<=16k,kp<=512,0.2352,2
16,n<=64,sr<=40%,kvB<=16k,kp<=64k,0.284,2
16,n<=64,sr<=40%,kvB<=16k,kp<=8k,0.1765,2
16,n<=64,sr<=40%,kvB<=16k,kp=0,0.2362,2
16,n<=64,sr<=40%,kvB<=1k,kp<=16k,0.121,2
16,n<=64,sr<=40%,kvB<=1k,kp<=1k,0.106,2
16,n<=64,sr<=40%,kvB<=1k,kp<=2k,0.1012,2
16,n<=64,sr<=40%,kvB<=1k,kp<=32k,0.1044,2
16,n<=64,sr<=40%,kvB<=1k,kp<=4k,0.1115,2
16,n<=64,sr<=40%,kvB<=1k,kp<=512,0.124,2
16,n<=64,sr<=40%,kvB<=1k,kp<=64k,0.1161,2
16,n<=64,sr<=40%,kvB<=1k,kp<=8k,0.1148,2
16,n<=64,sr<=40%,kvB<=1k,kp=0,0.1386,2
16,n<=64,sr<=40%,kvB<=4k,kp<=16k,-0.0026,2
16,n<=64,sr<=40%,kvB<=4k,kp<=1k,0.0189,2
16,n<=64,sr<=40%,kvB<=4k,kp<=2k,0.0126,2
16,n<=64,sr<=40%,kvB<=4k,kp<=32k,-0.0087,2
16,n<=64,sr<=40%,kvB<=4k,kp<=4k,-0.0075,2
16,n<=64,sr<=40%,kvB<=4k,kp<=512,0.0213,2
16,n<=64,sr<=40%,kvB<=4k,kp<=64k,-0.011,2
16,n<=64,sr<=40%,kvB<=4k,kp<=8k,-0.0008,2
16,n<=64,sr<=40%,kvB<=4k,kp=0,0.0261,2
16,n<=64,sr<=40%,kvB<=64k,kp<=16k,0.213,2
16,n<=64,sr<=40%,kvB<=64k,kp<=1k,0.4612,2
16,n<=64,sr<=40%,kvB<=64k,kp<=2k,0.354,2
16,n<=64,sr<=40%,kvB<=64k,kp<=32k,0.2273,2
16,n<=64,sr<=40%,kvB<=64k,kp<=4k,0.3012,2
16,n<=64,sr<=40%,kvB<=64k,kp<=512,0.4161,2
16,n<=64,sr<=40%,kvB<=64k,kp<=64k,0.3029,2
16,n<=64,sr<=40%,kvB<=64k,kp<=8k,0.2081,2
16,n<=64,sr<=40%,kvB<=64k,kp=0,0.4838,2
16,n<=64,sr<=5%,kvB<=16k,kp<=16k,-0.0054,6
16,n<=64,sr<=5%,kvB<=16k,kp<=1k,0.0322,6
16,n<=64,sr<=5%,kvB<=16k,kp<=2k,0.0287,6
16,n<=64,sr<=5%,kvB<=16k,kp<=32k,0.0169,6
16,n<=64,sr<=5%,kvB<=16k,kp<=4k,0.0088,6
16,n<=64,sr<=5%,kvB<=16k,kp<=512,0.033,6
16,n<=64,sr<=5%,kvB<=16k,kp<=64k,0.0084,6
16,n<=64,sr<=5%,kvB<=16k,kp<=8k,0.0068,6
16,n<=64,sr<=5%,kvB<=16k,kp=0,0.0319,6
16,n<=64,sr<=5%,kvB<=1k,kp<=16k,0.0248,6
16,n<=64,sr<=5%,kvB<=1k,kp<=1k,0.0192,6
16,n<=64,sr<=5%,kvB<=1k,kp<=2k,0.0142,6
16,n<=64,sr<=5%,kvB<=1k,kp<=32k,0.0227,6
16,n<=64,sr<=5%,kvB<=1k,kp<=4k,0.0165,6
16,n<=64,sr<=5%,kvB<=1k,kp<=512,0.043,6
16,n<=64,sr<=5%,kvB<=1k,kp<=64k,0.0266,6
16,n<=64,sr<=5%,kvB<=1k,kp<=8k,0.0211,6
16,n<=64,sr<=5%,kvB<=1k,kp=0,0.0519,6
16,n<=64,sr<=5%,kvB<=4k,kp<=16k,0.0156,6
16,n<=64,sr<=5%,kvB<=4k,kp<=1k,0.0402,6
16,n<=64,sr<=5%,kvB<=4k,kp<=2k,0.031,6
16,n<=64,sr<=5%,kvB<=4k,kp<=32k,0.0147,6
16,n<=64,sr<=5%,kvB<=4k,kp<=4k,0.0107,6
16,n<=64,sr<=5%,kvB<=4k,kp<=512,0.0419,6
16,n<=64,sr<=5%,kvB<=4k,kp<=64k,0.0132,6
16,n<=64,sr<=5%,kvB<=4k,kp<=8k,0.0127,6
16,n<=64,sr<=5%,kvB<=4k,kp=0,0.0451,6
16,n<=64,sr<=5%,kvB<=64k,kp<=16k,0.06,6
16,n<=64,sr<=5%,kvB<=64k,kp<=1k,0.0823,6
16,n<=64,sr<=5%,kvB<=64k,kp<=2k,0.0879,6
16,n<=64,sr<=5%,kvB<=64k,kp<=32k,0.0787,6
16,n<=64,sr<=5%,kvB<=64k,kp<=4k,0.0761,6
16,n<=64,sr<=5%,kvB<=64k,kp<=512,0.0723,6
16,n<=64,sr<=5%,kvB<=64k,kp<=64k,0.0763,6
16,n<=64,sr<=5%,kvB<=64k,kp<=8k,0.0779,6
16,n<=64,sr<=5%,kvB<=64k,kp=0,0.0884,6
16,n<=64,sr<=70%,kvB<=16k,kp<=16k,1.4697,2
16,n<=64,sr<=70%,kvB<=16k,kp<=1k,1.5574,2
16,n<=64,sr<=70%,kvB<=16k,kp<=2k,1.5008,2
16,n<=64,sr<=70%,kvB<=16k,kp<=32k,1.5437,2
16,n<=64,sr<=70%,kvB<=16k,kp<=4k,0.9056,2
16,n<=64,sr<=70%,kvB<=16k,kp<=512,1.5097,2
16,n<=64,sr<=70%,kvB<=16k,kp<=64k,1.0463,2
16,n<=64,sr<=70%,kvB<=16k,kp<=8k,0.8944,2
16,n<=64,sr<=70%,kvB<=16k,kp=0,1.4257,2
16,n<=64,sr<=70%,kvB<=1k,kp<=16k,0.0851,2
16,n<=64,sr<=70%,kvB<=1k,kp<=1k,0.0574,2
16,n<=64,sr<=70%,kvB<=1k,kp<=2k,0.0459,2
16,n<=64,sr<=70%,kvB<=1k,kp<=32k,0.0483,2
16,n<=64,sr<=70%,kvB<=1k,kp<=4k,0.0519,2
16,n<=64,sr<=70%,kvB<=1k,kp<=512,0.0646,2
16,n<=64,sr<=70%,kvB<=1k,kp<=64k,0.0376,2
16,n<=64,sr<=70%,kvB<=1k,kp<=8k,0.035,2
16,n<=64,sr<=70%,kvB<=1k,kp=0,0.0785,2
16,n<=64,sr<=70%,kvB<=4k,kp<=16k,-0.019,2
16,n<=64,sr<=70%,kvB<=4k,kp<=1k,0.0041,2
16,n<=64,sr<=70%,kvB<=4k,kp<=2k,-0.0141,2
16,n<=64,sr<=70%,kvB<=4k,kp<=32k,-0.0335,2
16,n<=64,sr<=70%,kvB<=4k,kp<=4k,-0.0089,2
16,n<=64,sr<=70%,kvB<=4k,kp<=512,0.0011,2
16,n<=64,sr<=70%,kvB<=4k,kp<=64k,-0.0441,2
16,n<=64,sr<=70%,kvB<=4k,kp<=8k,-0.0346,2
16,n<=64,sr<=70%,kvB<=4k,kp=0,0.0014,2
16,n<=64,sr<=70%,kvB<=64k,kp<=16k,0.5341,2
16,n<=64,sr<=70%,kvB<=64k,kp<=1k,0.7828,2
16,n<=64,sr<=70%,kvB<=64k,kp<=2k,0.8729,2
16,n<=64,sr<=70%,kvB<=64k,kp<=32k,0.5811,2
16,n<=64,sr<=70%,kvB<=64k,kp<=4k,0.6492,2
16,n<=64,sr<=70%,kvB<=64k,kp<=512,0.8864,2
16,n<=64,sr<=70%,kvB<=64k,kp<=64k,0.7504,2
16,n<=64,sr<=70%,kvB<=64k,kp<=8k,0.589,2
16,n<=64,sr<=70%,kvB<=64k,kp=0,0.8672,2
16,n<=64,sr>70%,kvB<=16k,kp<=16k,4.6579,4
16,n<=64,sr>70%,kvB<=16k,kp<=1k,4.6876,4
16,n<=64,sr>70%,kvB<=16k,kp<=2k,4.6544,4
16,n<=64,sr>70%,kvB<=16k,kp<=32k,5.0159,4
16,n<=64,sr>70%,kvB<=16k,kp<=4k,3.0557,4
16,n<=64,sr>70%,kvB<=16k,kp<=512,4.6395,4
16,n<=64,sr>70%,kvB<=16k,kp<=64k,2.507,4
16,n<=64,sr>70%,kvB<=16k,kp<=8k,2.1245,4
16,n<=64,sr>70%,kvB<=16k,kp=0,4.795,4
16,n<=64,sr>70%,kvB<=1k,kp<=16k,0.291,4
16,n<=64,sr>70%,kvB<=1k,kp<=1k,0.2415,4
16,n<=64,sr>70%,kvB<=1k,kp<=2k,0.2558,4
16,n<=64,sr>70%,kvB<=1k,kp<=32k,0.2593,4
16,n<=64,sr>70%,kvB<=1k,kp<=4k,0.2862,4
16,n<=64,sr>70%,kvB<=1k,kp<=512,0.266,4
16,n<=64,sr>70%,kvB<=1k,kp<=64k,0.2632,4
16,n<=64,sr>70%,kvB<=1k,kp<=8k,0.2859,4
16,n<=64,sr>70%,kvB<=1k,kp=0,0.3237,4
16,n<=64,sr>70%,kvB<=4k,kp<=16k,-0.3342,4
16,n<=64,sr>70%,kvB<=4k,kp<=1k,-0.1432,4
16,n<=64,sr>70%,kvB<=4k,kp<=2k,-0.1584,4
16,n<=64,sr>70%,kvB<=4k,kp<=32k,-0.0394,4
16,n<=64,sr>70%,kvB<=4k,kp<=4k,-0.303,4
16,n<=64,sr>70%,kvB<=4k,kp<=512,-0.1596,4
16,n<=64,sr>70%,kvB<=4k,kp<=64k,-0.1356,4
16,n<=64,sr>70%,kvB<=4k,kp<=8k,-0.2077,4
16,n<=64,sr>70%,kvB<=4k,kp=0,-0.158,4
16,n<=64,sr>70%,kvB<=64k,kp<=16k,1.4051,4
16,n<=64,sr>70%,kvB<=64k,kp<=1k,1.6873,3
16,n<=64,sr>70%,kvB<=64k,kp<=2k,1.4004,4
16,n<=64,sr>70%,kvB<=64k,kp<=32k,1.0354,4
16,n<=64,sr>70%,kvB<=64k,kp<=4k,1.4605,4
16,n<=64,sr>70%,kvB<=64k,kp<=512,1.4546,3
16,n<=64,sr>70%,kvB<=64k,kp<=64k,1.3452,1
16,n<=64,sr>70%,kvB<=64k,kp<=8k,1.2527,4
16,n<=64,sr>70%,kvB<=64k,kp=0,1.4964,4
16,n<=8,sr<=15%,kvB<=16k,kp<=16k,-0.0121,2
16,n<=8,sr<=15%,kvB<=16k,kp<=1k,0.31,2
16,n<=8,sr<=15%,kvB<=16k,kp<=2k,0.2816,2
16,n<=8,sr<=15%,kvB<=16k,kp<=32k,-0.0157,2
16,n<=8,sr<=15%,kvB<=16k,kp<=4k,0.2129,2
16,n<=8,sr<=15%,kvB<=16k,kp<=512,0.3229,2
16,n<=8,sr<=15%,kvB<=16k,kp<=64k,-0.0131,2
16,n<=8,sr<=15%,kvB<=16k,kp<=8k,0.0928,2
16,n<=8,sr<=15%,kvB<=16k,kp=0,0.3309,2
16,n<=8,sr<=15%,kvB<=1k,kp<=16k,0.0463,2
16,n<=8,sr<=15%,kvB<=1k,kp<=1k,-0.0128,2
16,n<=8,sr<=15%,kvB<=1k,kp<=2k,0.0895,2
16,n<=8,sr<=15%,kvB<=1k,kp<=32k,0.0004,2
16,n<=8,sr<=15%,kvB<=1k,kp<=4k,0.1317,2
16,n<=8,sr<=15%,kvB<=1k,kp<=512,0.1613,2
16,n<=8,sr<=15%,kvB<=1k,kp<=64k,0.0274,1
16,n<=8,sr<=15%,kvB<=1k,kp<=8k,0.0676,2
16,n<=8,sr<=15%,kvB<=1k,kp=0,0.3482,5
16,n<=8,sr<=15%,kvB<=4k,kp<=16k,-0.002,2
16,n<=8,sr<=15%,kvB<=4k,kp<=1k,0.2113,2
16,n<=8,sr<=15%,kvB<=4k,kp<=2k,0.0824,2
16,n<=8,sr<=15%,kvB<=4k,kp<=32k,-0.0076,2
16,n<=8,sr<=15%,kvB<=4k,kp<=4k,0.0075,2
16,n<=8,sr<=15%,kvB<=4k,kp<=512,0.2773,2
16,n<=8,sr<=15%,kvB<=4k,kp<=64k,0.009,2
16,n<=8,sr<=15%,kvB<=4k,kp<=8k,0.0047,2
16,n<=8,sr<=15%,kvB<=4k,kp=0,0.3307,3
16,n<=8,sr<=15%,kvB<=64k,kp<=16k,0.1987,2
16,n<=8,sr<=15%,kvB<=64k,kp<=1k,0.3315,2
16,n<=8,sr<=15%,kvB<=64k,kp<=2k,0.327,2
16,n<=8,sr<=15%,kvB<=64k,kp<=32k,0.0795,2
16,n<=8,sr<=15%,kvB<=64k,kp<=4k,0.3157,2
16,n<=8,sr<=15%,kvB<=64k,kp<=512,0.3285,2
16,n<=8,sr<=15%,kvB<=64k,kp<=64k,-0.0135,2
16,n<=8,sr<=15%,kvB<=64k,kp<=8k,0.2785,2
16,n<=8,sr<=15%,kvB<=64k,kp=0,0.33,2
16,n<=8,sr<=40%,kvB<=16k,kp<=16k,-0.0925,4
16,n<=8,sr<=40%,kvB<=16k,kp<=1k,0.2974,4
16,n<=8,sr<=40%,kvB<=16k,kp<=2k,0.3004,4
16,n<=8,sr<=40%,kvB<=16k,kp<=32k,-0.045,4
16,n<=8,sr<=40%,kvB<=16k,kp<=4k,0.2347,4
16,n<=8,sr<=40%,kvB<=16k,kp<=512,0.281,4
16,n<=8,sr<=40%,kvB<=16k,kp<=64k,-0.0439,4
16,n<=8,sr<=40%,kvB<=16k,kp<=8k,0.0729,4
16,n<=8,sr<=40%,kvB<=16k,kp=0,0.2574,4
16,n<=8,sr<=40%,kvB<=1k,kp<=16k,0.0024,4
16,n<=8,sr<=40%,kvB<=1k,kp<=1k,-0.0584,4
16,n<=8,sr<=40%,kvB<=1k,kp<=2k,0.0216,4
16,n<=8,sr<=40%,kvB<=1k,kp<=32k,0.0548,4
16,n<=8,sr<=40%,kvB<=1k,kp<=4k,0.0617,4
16,n<=8,sr<=40%,kvB<=1k,kp<=512,0.1174,4
16,n<=8,sr<=40%,kvB<=1k,kp<=64k,-0.5787,1
16,n<=8,sr<=40%,kvB<=1k,kp<=8k,0.0451,4
16,n<=8,sr<=40%,kvB<=1k,kp=0,0.3387,4
16,n<=8,sr<=40%,kvB<=4k,kp<=16k,-0.0386,4
16,n<=8,sr<=40%,kvB<=4k,kp<=1k,0.2134,4
16,n<=8,sr<=40%,kvB<=4k,kp<=2k,0.0539,4
16,n<=8,sr<=40%,kvB<=4k,kp<=32k,-0.0701,4
16,n<=8,sr<=40%,kvB<=4k,kp<=4k,-0.1129,4
16,n<=8,sr<=40%,kvB<=4k,kp<=512,0.2865,4
16,n<=8,sr<=40%,kvB<=4k,kp<=64k,-0.0338,4
16,n<=8,sr<=40%,kvB<=4k,kp<=8k,-0.055,4
16,n<=8,sr<=40%,kvB<=4k,kp=0,0.3129,4
16,n<=8,sr<=40%,kvB<=64k,kp<=16k,0.2131,4
16,n<=8,sr<=40%,kvB<=64k,kp<=1k,0.2478,4
16,n<=8,sr<=40%,kvB<=64k,kp<=2k,0.2861,4
16,n<=8,sr<=40%,kvB<=64k,kp<=32k,0.0614,4
16,n<=8,sr<=40%,kvB<=64k,kp<=4k,0.3031,4
16,n<=8,sr<=40%,kvB<=64k,kp<=512,0.2515,4
16,n<=8,sr<=40%,kvB<=64k,kp<=64k,-0.0897,4
16,n<=8,sr<=40%,kvB<=64k,kp<=8k,0.3086,4
16,n<=8,sr<=40%,kvB<=64k,kp=0,0.2494,4
16,n<=8,sr<=70%,kvB<=16k,kp<=16k,-0.2529,2
16,n<=8,sr<=70%,kvB<=16k,kp<=1k,0.2925,2
16,n<=8,sr<=70%,kvB<=16k,kp<=2k,0.2336,2
16,n<=8,sr<=70%,kvB<=16k,kp<=32k,-0.1134,2
16,n<=8,sr<=70%,kvB<=16k,kp<=4k,0.1618,2
16,n<=8,sr<=70%,kvB<=16k,kp<=512,0.3036,2
16,n<=8,sr<=70%,kvB<=16k,kp<=64k,-0.0677,2
16,n<=8,sr<=70%,kvB<=16k,kp<=8k,0.017,2
16,n<=8,sr<=70%,kvB<=16k,kp=0,0.2916,2
16,n<=8,sr<=70%,kvB<=1k,kp<=16k,0.0786,2
16,n<=8,sr<=70%,kvB<=1k,kp<=1k,-0.1714,2
16,n<=8,sr<=70%,kvB<=1k,kp<=2k,-0.199,2
16,n<=8,sr<=70%,kvB<=1k,kp<=32k,-0.2438,2
16,n<=8,sr<=70%,kvB<=1k,kp<=4k,-0.0716,2
16,n<=8,sr<=70%,kvB<=1k,kp<=512,0.0827,2
16,n<=8,sr<=70%,kvB<=1k,kp<=64k,-0.8889,2
16,n<=8,sr<=70%,kvB<=1k,kp<=8k,-0.0025,2
16,n<=8,sr<=70%,kvB<=1k,kp=0,0.296,2
16,n<=8,sr<=70%,kvB<=4k,kp<=16k,-0.0358,2
16,n<=8,sr<=70%,kvB<=4k,kp<=1k,0.124,2
16,n<=8,sr<=70%,kvB<=4k,kp<=2k,0.0527,2
16,n<=8,sr<=70%,kvB<=4k,kp<=32k,-0.0464,2
16,n<=8,sr<=70%,kvB<=4k,kp<=4k,-0.2239,2
16,n<=8,sr<=70%,kvB<=4k,kp<=512,0.2008,2
16,n<=8,sr<=70%,kvB<=4k,kp<=64k,-0.0906,2
16,n<=8,sr<=70%,kvB<=4k,kp<=8k,-0.0511,2
16,n<=8,sr<=70%,kvB<=4k,kp=0,0.3125,2
16,n<=8,sr<=70%,kvB<=64k,kp<=16k,0.1037,2
16,n<=8,sr<=70%,kvB<=64k,kp<=1k,0.3271,2
16,n<=8,sr<=70%,kvB<=64k,kp<=2k,0.3364,2
16,n<=8,sr<=70%,kvB<=64k,kp<=32k,0.0407,2
16,n<=8,sr<=70%,kvB<=64k,kp<=4k,0.3182,2
16,n<=8,sr<=70%,kvB<=64k,kp<=512,0.3307,2
16,n<=8,sr<=70%,kvB<=64k,kp<=64k,-0.2231,2
16,n<=8,sr<=70%,kvB<=64k,kp<=8k,0.2563,2
16,n<=8,sr<=70%,kvB<=64k,kp=0,0.3271,2
16,n<=8,sr>70%,kvB<=16k,kp<=16k,-0.7687,4
16,n<=8,sr>70%,kvB<=16k,kp<=1k,0.8234,4
16,n<=8,sr>70%,kvB<=16k,kp<=2k,0.6935,4
16,n<=8,sr>70%,kvB<=16k,kp<=32k,-0.5106,4
16,n<=8,sr>70%,kvB<=16k,kp<=4k,0.4439,4
16,n<=8,sr>70%,kvB<=16k,kp<=512,0.8125,4
16,n<=8,sr>70%,kvB<=16k,kp<=64k,-0.1053,4
16,n<=8,sr>70%,kvB<=16k,kp<=8k,-0.1767,4
16,n<=8,sr>70%,kvB<=16k,kp=0,0.8083,4
16,n<=8,sr>70%,kvB<=1k,kp<=16k,0.2716,4
16,n<=8,sr>70%,kvB<=1k,kp<=1k,-0.5015,4
16,n<=8,sr>70%,kvB<=1k,kp<=2k,-0.0811,4
16,n<=8,sr>70%,kvB<=1k,kp<=32k,0.2602,4
16,n<=8,sr>70%,kvB<=1k,kp<=4k,0.2134,4
16,n<=8,sr>70%,kvB<=1k,kp<=512,-0.2358,4
16,n<=8,sr>70%,kvB<=1k,kp<=64k,1.3718,4
16,n<=8,sr>70%,kvB<=1k,kp<=8k,0.1818,4
16,n<=8,sr>70%,kvB<=1k,kp=0,0.6898,4
16,n<=8,sr>70%,kvB<=4k,kp<=16k,0.0088,4
16,n<=8,sr>70%,kvB<=4k,kp<=1k,0.4279,4
16,n<=8,sr>70%,kvB<=4k,kp<=2k,-0.2227,4
16,n<=8,sr>70%,kvB<=4k,kp<=32k,0.0532,4
16,n<=8,sr>70%,kvB<=4k,kp<=4k,-0.7901,4
16,n<=8,sr>70%,kvB<=4k,kp<=512,0.654,4
16,n<=8,sr>70%,kvB<=4k,kp<=64k,-0.0738,4
16,n<=8,sr>70%,kvB<=4k,kp<=8k,-0.3919,4
16,n<=8,sr>70%,kvB<=4k,kp=0,0.8783,4
16,n<=8,sr>70%,kvB<=64k,kp<=16k,0.4236,4
16,n<=8,sr>70%,kvB<=64k,kp<=1k,0.9269,4
16,n<=8,sr>70%,kvB<=64k,kp<=2k,0.8918,4
16,n<=8,sr>70%,kvB<=64k,kp<=32k,-0.198,4
16,n<=8,sr>70%,kvB<=64k,kp<=4k,1.0011,4
16,n<=8,sr>70%,kvB<=64k,kp<=512,0.8487,4
16,n<=8,sr>70%,kvB<=64k,kp<=64k,-0.7704,4
16,n<=8,sr>70%,kvB<=64k,kp<=8k,0.9863,4
16,n<=8,sr>70%,kvB<=64k,kp=0,0.8769,4
32,n<=128,sr<=15%,kvB<=16k,kp<=16k,0.1028,4
32,n<=128,sr<=15%,kvB<=16k,kp<=1k,0.1061,4
32,n<=128,sr<=15%,kvB<=16k,kp<=2k,0.1029,4
32,n<=128,sr<=15%,kvB<=16k,kp<=32k,0.0984,4
32,n<=128,sr<=15%,kvB<=16k,kp<=4k,0.1033,4
32,n<=128,sr<=15%,kvB<=16k,kp<=512,0.1055,4
32,n<=128,sr<=15%,kvB<=16k,kp<=64k,0.0823,4
32,n<=128,sr<=15%,kvB<=16k,kp<=8k,0.1031,4
32,n<=128,sr<=15%,kvB<=16k,kp=0,0.1071,4
32,n<=128,sr<=15%,kvB<=1k,kp<=16k,0.0782,4
32,n<=128,sr<=15%,kvB<=1k,kp<=1k,0.0641,4
32,n<=128,sr<=15%,kvB<=1k,kp<=2k,0.0675,4
32,n<=128,sr<=15%,kvB<=1k,kp<=32k,0.0779,4
32,n<=128,sr<=15%,kvB<=1k,kp<=4k,0.0744,4
32,n<=128,sr<=15%,kvB<=1k,kp<=512,0.0691,4
32,n<=128,sr<=15%,kvB<=1k,kp<=64k,0.081,4
32,n<=128,sr<=15%,kvB<=1k,kp<=8k,0.0659,4
32,n<=128,sr<=15%,kvB<=1k,kp=0,0.0687,4
32,n<=128,sr<=15%,kvB<=4k,kp<=16k,0.0066,4
32,n<=128,sr<=15%,kvB<=4k,kp<=1k,0.0087,4
32,n<=128,sr<=15%,kvB<=4k,kp<=2k,0.0086,4
32,n<=128,sr<=15%,kvB<=4k,kp<=32k,0.0037,4
32,n<=128,sr<=15%,kvB<=4k,kp<=4k,0.0049,4
32,n<=128,sr<=15%,kvB<=4k,kp<=512,0.0084,4
32,n<=128,sr<=15%,kvB<=4k,kp<=64k,0.0032,4
32,n<=128,sr<=15%,kvB<=4k,kp<=8k,0.0047,4
32,n<=128,sr<=15%,kvB<=4k,kp=0,0.0081,4
32,n<=128,sr<=15%,kvB<=64k,kp<=16k,0.0112,4
32,n<=128,sr<=15%,kvB<=64k,kp<=1k,0.0186,4
32,n<=128,sr<=15%,kvB<=64k,kp<=2k,0.0217,4
32,n<=128,sr<=15%,kvB<=64k,kp<=32k,0.0133,4
32,n<=128,sr<=15%,kvB<=64k,kp<=4k,0.0106,4
32,n<=128,sr<=15%,kvB<=64k,kp<=512,0.027,4
32,n<=128,sr<=15%,kvB<=64k,kp<=64k,0.0145,4
32,n<=128,sr<=15%,kvB<=64k,kp<=8k,0.013,4
32,n<=128,sr<=15%,kvB<=64k,kp=0,0.0137,4
32,n<=128,sr<=40%,kvB<=16k,kp<=16k,0.1679,2
32,n<=128,sr<=40%,kvB<=16k,kp<=1k,0.1859,2
32,n<=128,sr<=40%,kvB<=16k,kp<=2k,0.1721,2
32,n<=128,sr<=40%,kvB<=16k,kp<=32k,0.152,2
32,n<=128,sr<=40%,kvB<=16k,kp<=4k,0.1663,2
32,n<=128,sr<=40%,kvB<=16k,kp<=512,0.1879,2
32,n<=128,sr<=40%,kvB<=16k,kp<=64k,0.1342,2
32,n<=128,sr<=40%,kvB<=16k,kp<=8k,0.1873,2
32,n<=128,sr<=40%,kvB<=16k,kp=0,0.191,2
32,n<=128,sr<=40%,kvB<=1k,kp<=16k,0.1005,2
32,n<=128,sr<=40%,kvB<=1k,kp<=1k,0.1049,2
32,n<=128,sr<=40%,kvB<=1k,kp<=2k,0.1067,2
32,n<=128,sr<=40%,kvB<=1k,kp<=32k,0.1242,2
32,n<=128,sr<=40%,kvB<=1k,kp<=4k,0.1113,2
32,n<=128,sr<=40%,kvB<=1k,kp<=512,0.1093,2
32,n<=128,sr<=40%,kvB<=1k,kp<=64k,0.1087,2
32,n<=128,sr<=40%,kvB<=1k,kp<=8k,0.1055,2
32,n<=128,sr<=40%,kvB<=1k,kp=0,0.1064,2
32,n<=128,sr<=40%,kvB<=4k,kp<=16k,-0.0191,2
32,n<=128,sr<=40%,kvB<=4k,kp<=1k,-0.0137,2
32,n<=128,sr<=40%,kvB<=4k,kp<=2k,-0.0149,2
32,n<=128,sr<=40%,kvB<=4k,kp<=32k,-0.0177,2
32,n<=128,sr<=40%,kvB<=4k,kp<=4k,-0.0224,2
32,n<=128,sr<=40%,kvB<=4k,kp<=512,-0.0164,2
32,n<=128,sr<=40%,kvB<=4k,kp<=64k,-0.0119,2
32,n<=128,sr<=40%,kvB<=4k,kp<=8k,-0.0227,2
32,n<=128,sr<=40%,kvB<=4k,kp=0,-0.016,2
32,n<=128,sr<=40%,kvB<=64k,kp<=16k,0.0106,2
32,n<=128,sr<=40%,kvB<=64k,kp<=1k,0.0218,2
32,n<=128,sr<=40%,kvB<=64k,kp<=2k,0.0118,2
32,n<=128,sr<=40%,kvB<=64k,kp<=32k,0.009,2
32,n<=128,sr<=40%,kvB<=64k,kp<=4k,0.0071,2
32,n<=128,sr<=40%,kvB<=64k,kp<=512,0.0219,2
32,n<=128,sr<=40%,kvB<=64k,kp<=64k,0.0084,2
32,n<=128,sr<=40%,kvB<=64k,kp<=8k,0.0128,2
32,n<=128,sr<=40%,kvB<=64k,kp=0,0.0111,2
32,n<=128,sr<=5%,kvB<=16k,kp<=16k,0.0266,8
32,n<=128,sr<=5%,kvB<=16k,kp<=1k,0.0193,8
32,n<=128,sr<=5%,kvB<=16k,kp<=2k,0.0315,8
32,n<=128,sr<=5%,kvB<=16k,kp<=32k,0.0347,8
32,n<=128,sr<=5%,kvB<=16k,kp<=4k,0.0238,8
32,n<=128,sr<=5%,kvB<=16k,kp<=512,0.0205,8
32,n<=128,sr<=5%,kvB<=16k,kp<=64k,0.0335,8
32,n<=128,sr<=5%,kvB<=16k,kp<=8k,0.0212,8
32,n<=128,sr<=5%,kvB<=16k,kp=0,0.0166,8
32,n<=128,sr<=5%,kvB<=1k,kp<=16k,0.0171,8
32,n<=128,sr<=5%,kvB<=1k,kp<=1k,0.0069,8
32,n<=128,sr<=5%,kvB<=1k,kp<=2k,0.0069,8
32,n<=128,sr<=5%,kvB<=1k,kp<=32k,0.0162,8
32,n<=128,sr<=5%,kvB<=1k,kp<=4k,0.0138,8
32,n<=128,sr<=5%,kvB<=1k,kp<=512,0.0142,8
32,n<=128,sr<=5%,kvB<=1k,kp<=64k,0.0119,8
32,n<=128,sr<=5%,kvB<=1k,kp<=8k,0.0125,8
32,n<=128,sr<=5%,kvB<=1k,kp=0,0.0175,8
32,n<=128,sr<=5%,kvB<=4k,kp<=16k,0.0083,8
32,n<=128,sr<=5%,kvB<=4k,kp<=1k,0.0111,8
32,n<=128,sr<=5%,kvB<=4k,kp<=2k,0.0101,8
32,n<=128,sr<=5%,kvB<=4k,kp<=32k,0.0061,8
32,n<=128,sr<=5%,kvB<=4k,kp<=4k,0.0058,8
32,n<=128,sr<=5%,kvB<=4k,kp<=512,0.0107,8
32,n<=128,sr<=5%,kvB<=4k,kp<=64k,0.0068,8
32,n<=128,sr<=5%,kvB<=4k,kp<=8k,0.0084,8
32,n<=128,sr<=5%,kvB<=4k,kp=0,0.0106,8
32,n<=128,sr<=5%,kvB<=64k,kp<=16k,0.0169,8
32,n<=128,sr<=5%,kvB<=64k,kp<=1k,0.0173,8
32,n<=128,sr<=5%,kvB<=64k,kp<=2k,0.0165,8
32,n<=128,sr<=5%,kvB<=64k,kp<=32k,0.0106,8
32,n<=128,sr<=5%,kvB<=64k,kp<=4k,0.012,8
32,n<=128,sr<=5%,kvB<=64k,kp<=512,0.0142,8
32,n<=128,sr<=5%,kvB<=64k,kp<=64k,0.0064,8
32,n<=128,sr<=5%,kvB<=64k,kp<=8k,0.0171,8
32,n<=128,sr<=5%,kvB<=64k,kp=0,0.0191,8
32,n<=128,sr<=70%,kvB<=16k,kp<=16k,0.1218,2
32,n<=128,sr<=70%,kvB<=16k,kp<=1k,0.199,2
32,n<=128,sr<=70%,kvB<=16k,kp<=2k,0.1324,2
32,n<=128,sr<=70%,kvB<=16k,kp<=32k,0.1416,2
32,n<=128,sr<=70%,kvB<=16k,kp<=4k,0.1379,2
32,n<=128,sr<=70%,kvB<=16k,kp<=512,0.1771,2
32,n<=128,sr<=70%,kvB<=16k,kp<=64k,0.132,2
32,n<=128,sr<=70%,kvB<=16k,kp<=8k,0.1153,2
32,n<=128,sr<=70%,kvB<=16k,kp=0,0.1681,2
32,n<=128,sr<=70%,kvB<=1k,kp<=16k,0.0479,2
32,n<=128,sr<=70%,kvB<=1k,kp<=1k,0.0142,2
32,n<=128,sr<=70%,kvB<=1k,kp<=2k,0.0266,2
32,n<=128,sr<=70%,kvB<=1k,kp<=32k,0.0623,2
32,n<=128,sr<=70%,kvB<=1k,kp<=4k,0.0481,2
32,n<=128,sr<=70%,kvB<=1k,kp<=512,0.0121,2
32,n<=128,sr<=70%,kvB<=1k,kp<=64k,0.0768,2
32,n<=128,sr<=70%,kvB<=1k,kp<=8k,0.0464,2
32,n<=128,sr<=70%,kvB<=1k,kp=0,0.0062,2
32,n<=128,sr<=70%,kvB<=4k,kp<=16k,-0.0866,2
32,n<=128,sr<=70%,kvB<=4k,kp<=1k,-0.0833,2
32,n<=128,sr<=70%,kvB<=4k,kp<=2k,-0.1268,2
32,n<=128,sr<=70%,kvB<=4k,kp<=32k,-0.168,2
32,n<=128,sr<=70%,kvB<=4k,kp<=4k,-0.088,2
32,n<=128,sr<=70%,kvB<=4k,kp<=512,-0.1021,2
32,n<=128,sr<=70%,kvB<=4k,kp<=64k,-0.3494,2
32,n<=128,sr<=70%,kvB<=4k,kp<=8k,-0.0331,2
32,n<=128,sr<=70%,kvB<=4k,kp=0,-0.0862,2
32,n<=128,sr<=70%,kvB<=64k,kp<=16k,0.0074,2
32,n<=128,sr<=70%,kvB<=64k,kp<=1k,0.0267,2
32,n<=128,sr<=70%,kvB<=64k,kp<=2k,0.0221,2
32,n<=128,sr<=70%,kvB<=64k,kp<=32k,0.0009,2
32,n<=128,sr<=70%,kvB<=64k,kp<=4k,0.0088,2
32,n<=128,sr<=70%,kvB<=64k,kp<=512,0.012,2
32,n<=128,sr<=70%,kvB<=64k,kp<=64k,0.0104,2
32,n<=128,sr<=70%,kvB<=64k,kp<=8k,0.0066,2
32,n<=128,sr<=70%,kvB<=64k,kp=0,0.003,2
32,n<=128,sr>70%,kvB<=16k,kp<=16k,0.3495,4
32,n<=128,sr>70%,kvB<=16k,kp<=1k,0.3048,4
32,n<=128,sr>70%,kvB<=16k,kp<=2k,0.4743,4
32,n<=128,sr>70%,kvB<=16k,kp<=32k,0.2271,4
32,n<=128,sr>70%,kvB<=16k,kp<=4k,0.3449,4
32,n<=128,sr>70%,kvB<=16k,kp<=512,0.3657,4
32,n<=128,sr>70%,kvB<=16k,kp<=64k,0.3389,4
32,n<=128,sr>70%,kvB<=16k,kp<=8k,0.3309,4
32,n<=128,sr>70%,kvB<=16k,kp=0,0.3264,4
32,n<=128,sr>70%,kvB<=1k,kp<=16k,0.2565,4
32,n<=128,sr>70%,kvB<=1k,kp<=1k,0.3037,4
32,n<=128,sr>70%,kvB<=1k,kp<=2k,0.3171,4
32,n<=128,sr>70%,kvB<=1k,kp<=32k,0.3612,4
32,n<=128,sr>70%,kvB<=1k,kp<=4k,0.3303,4
32,n<=128,sr>70%,kvB<=1k,kp<=512,0.2798,4
32,n<=128,sr>70%,kvB<=1k,kp<=64k,0.3366,4
32,n<=128,sr>70%,kvB<=1k,kp<=8k,0.3325,4
32,n<=128,sr>70%,kvB<=1k,kp=0,0.2713,4
32,n<=128,sr>70%,kvB<=4k,kp<=16k,-0.6582,4
32,n<=128,sr>70%,kvB<=4k,kp<=1k,-0.6265,4
32,n<=128,sr>70%,kvB<=4k,kp<=2k,-0.5763,4
32,n<=128,sr>70%,kvB<=4k,kp<=32k,-0.6473,4
32,n<=128,sr>70%,kvB<=4k,kp<=4k,-0.5913,4
32,n<=128,sr>70%,kvB<=4k,kp<=512,-0.6168,4
32,n<=128,sr>70%,kvB<=4k,kp<=64k,-0.1636,4
32,n<=128,sr>70%,kvB<=4k,kp<=8k,-0.7349,4
32,n<=128,sr>70%,kvB<=4k,kp=0,-0.5902,4
32,n<=128,sr>70%,kvB<=64k,kp<=16k,0.0858,4
32,n<=128,sr>70%,kvB<=64k,kp<=1k,0.1355,4
32,n<=128,sr>70%,kvB<=64k,kp<=2k,0.1289,4
32,n<=128,sr>70%,kvB<=64k,kp<=32k,0.0868,4
32,n<=128,sr>70%,kvB<=64k,kp<=4k,0.0852,4
32,n<=128,sr>70%,kvB<=64k,kp<=512,0.1134,4
32,n<=128,sr>70%,kvB<=64k,kp<=64k,0.0892,4
32,n<=128,sr>70%,kvB<=64k,kp<=8k,0.1,4
32,n<=128,sr>70%,kvB<=64k,kp=0,0.1407,4
32,n<=16,sr<=15%,kvB<=16k,kp<=16k,-0.0105,4
32,n<=16,sr<=15%,kvB<=16k,kp<=1k,0.1358,4
32,n<=16,sr<=15%,kvB<=16k,kp<=2k,0.1477,4
32,n<=16,sr<=15%,kvB<=16k,kp<=32k,-0.0096,4
32,n<=16,sr<=15%,kvB<=16k,kp<=4k,0.1533,4
32,n<=16,sr<=15%,kvB<=16k,kp<=512,0.136,4
32,n<=16,sr<=15%,kvB<=16k,kp<=64k,-0.0074,4
32,n<=16,sr<=15%,kvB<=16k,kp<=8k,0.1035,4
32,n<=16,sr<=15%,kvB<=16k,kp=0,0.1306,4
32,n<=16,sr<=15%,kvB<=1k,kp<=16k,0.0701,4
32,n<=16,sr<=15%,kvB<=1k,kp<=1k,0.0603,4
32,n<=16,sr<=15%,kvB<=1k,kp<=2k,0.0922,4
32,n<=16,sr<=15%,kvB<=1k,kp<=32k,0.0616,4
32,n<=16,sr<=15%,kvB<=1k,kp<=4k,0.0992,4
32,n<=16,sr<=15%,kvB<=1k,kp<=512,0.1801,4
32,n<=16,sr<=15%,kvB<=1k,kp<=64k,0.0183,4
32,n<=16,sr<=15%,kvB<=1k,kp<=8k,0.0927,4
32,n<=16,sr<=15%,kvB<=1k,kp=0,0.2098,4
32,n<=16,sr<=15%,kvB<=4k,kp<=16k,0.0184,4
32,n<=16,sr<=15%,kvB<=4k,kp<=1k,0.1681,4
32,n<=16,sr<=15%,kvB<=4k,kp<=2k,0.1193,4
32,n<=16,sr<=15%,kvB<=4k,kp<=32k,0.0197,4
32,n<=16,sr<=15%,kvB<=4k,kp<=4k,0.001,4
32,n<=16,sr<=15%,kvB<=4k,kp<=512,0.1659,4
32,n<=16,sr<=15%,kvB<=4k,kp<=64k,0.0162,4
32,n<=16,sr<=15%,kvB<=4k,kp<=8k,0.0281,4
32,n<=16,sr<=15%,kvB<=4k,kp=0,0.143,4
32,n<=16,sr<=15%,kvB<=64k,kp<=16k,0.1473,4
32,n<=16,sr<=15%,kvB<=64k,kp<=1k,0.1341,4
32,n<=16,sr<=15%,kvB<=64k,kp<=2k,0.1351,4
32,n<=16,sr<=15%,kvB<=64k,kp<=32k,0.0977,4
32,n<=16,sr<=15%,kvB<=64k,kp<=4k,0.1346,4
32,n<=16,sr<=15%,kvB<=64k,kp<=512,0.134,4
32,n<=16,sr<=15%,kvB<=64k,kp<=64k,-0.008,4
32,n<=16,sr<=15%,kvB<=64k,kp<=8k,0.1506,4
32,n<=16,sr<=15%,kvB<=64k,kp=0,0.1338,4
32,n<=16,sr<=40%,kvB<=16k,kp<=16k,-0.0205,4
32,n<=16,sr<=40%,kvB<=16k,kp<=1k,0.1123,4
32,n<=16,sr<=40%,kvB<=16k,kp<=2k,0.1169,4
32,n<=16,sr<=40%,kvB<=16k,kp<=32k,-0.0315,4
32,n<=16,sr<=40%,kvB<=16k,kp<=4k,0.1415,4
32,n<=16,sr<=40%,kvB<=16k,kp<=512,0.1099,4
32,n<=16,sr<=40%,kvB<=16k,kp<=64k,0.0081,4
32,n<=16,sr<=40%,kvB<=16k,kp<=8k,0.1228,4
32,n<=16,sr<=40%,kvB<=16k,kp=0,0.1086,4
32,n<=16,sr<=40%,kvB<=1k,kp<=16k,0.0795,4
32,n<=16,sr<=40%,kvB<=1k,kp<=1k,0.1179,4
32,n<=16,sr<=40%,kvB<=1k,kp<=2k,0.0779,4
32,n<=16,sr<=40%,kvB<=1k,kp<=32k,0.0934,4
32,n<=16,sr<=40%,kvB<=1k,kp<=4k,0.1031,4
32,n<=16,sr<=40%,kvB<=1k,kp<=512,0.195,4
32,n<=16,sr<=40%,kvB<=1k,kp<=64k,0.0537,4
32,n<=16,sr<=40%,kvB<=1k,kp<=8k,0.0989,4
32,n<=16,sr<=40%,kvB<=1k,kp=0,0.2012,4
32,n<=16,sr<=40%,kvB<=4k,kp<=16k,0.0173,4
32,n<=16,sr<=40%,kvB<=4k,kp<=1k,0.1621,4
32,n<=16,sr<=40%,kvB<=4k,kp<=2k,0.1377,4
32,n<=16,sr<=40%,kvB<=4k,kp<=32k,0.0143,4
32,n<=16,sr<=40%,kvB<=4k,kp<=4k,0.017,4
32,n<=16,sr<=40%,kvB<=4k,kp<=512,0.1482,4
32,n<=16,sr<=40%,kvB<=4k,kp<=64k,0.0212,4
32,n<=16,sr<=40%,kvB<=4k,kp<=8k,-0.0009,4
32,n<=16,sr<=40%,kvB<=4k,kp=0,0.1331,4
32,n<=16,sr<=40%,kvB<=64k,kp<=16k,0.1329,4
32,n<=16,sr<=40%,kvB<=64k,kp<=1k,0.1103,4
32,n<=16,sr<=40%,kvB<=64k,kp<=2k,0.1114,4
32,n<=16,sr<=40%,kvB<=64k,kp<=32k,0.1178,4
32,n<=16,sr<=40%,kvB<=64k,kp<=4k,0.118,4
32,n<=16,sr<=40%,kvB<=64k,kp<=512,0.111,4
32,n<=16,sr<=40%,kvB<=64k,kp<=64k,-0.0453,4
32,n<=16,sr<=40%,kvB<=64k,kp<=8k,0.1471,4
32,n<=16,sr<=40%,kvB<=64k,kp=0,0.1111,4
32,n<=16,sr<=70%,kvB<=16k,kp<=16k,0.0332,2
32,n<=16,sr<=70%,kvB<=16k,kp<=1k,0.0985,2
32,n<=16,sr<=70%,kvB<=16k,kp<=2k,0.0914,2
32,n<=16,sr<=70%,kvB<=16k,kp<=32k,-0.0926,2
32,n<=16,sr<=70%,kvB<=16k,kp<=4k,0.1255,2
32,n<=16,sr<=70%,kvB<=16k,kp<=512,0.0967,2
32,n<=16,sr<=70%,kvB<=16k,kp<=64k,0.0145,2
32,n<=16,sr<=70%,kvB<=16k,kp<=8k,0.1546,2
32,n<=16,sr<=70%,kvB<=16k,kp=0,0.1005,2
32,n<=16,sr<=70%,kvB<=1k,kp<=16k,0.0833,2
32,n<=16,sr<=70%,kvB<=1k,kp<=1k,0.1228,2
32,n<=16,sr<=70%,kvB<=1k,kp<=2k,0.025,2
32,n<=16,sr<=70%,kvB<=1k,kp<=32k,0.0454,2
32,n<=16,sr<=70%,kvB<=1k,kp<=4k,0.0837,2
32,n<=16,sr<=70%,kvB<=1k,kp<=512,0.2014,2
32,n<=16,sr<=70%,kvB<=1k,kp<=64k,-0.2058,2
32,n<=16,sr<=70%,kvB<=1k,kp<=8k,0.0567,2
32,n<=16,sr<=70%,kvB<=1k,kp=0,0.1729,2
32,n<=16,sr<=70%,kvB<=4k,kp<=16k,0.0202,2
32,n<=16,sr<=70%,kvB<=4k,kp<=1k,0.1407,2
32,n<=16,sr<=70%,kvB<=4k,kp<=2k,0.157,2
32,n<=16,sr<=70%,kvB<=4k,kp<=32k,0.0474,2
32,n<=16,sr<=70%,kvB<=4k,kp<=4k,0.0258,2
32,n<=16,sr<=70%,kvB<=4k,kp<=512,0.1283,2
32,n<=16,sr<=70%,kvB<=4k,kp<=64k,0.0252,2
32,n<=16,sr<=70%,kvB<=4k,kp<=8k,-0.1033,2
32,n<=16,sr<=70%,kvB<=4k,kp=0,0.1112,2
32,n<=16,sr<=70%,kvB<=64k,kp<=16k,0.241,2
32,n<=16,sr<=70%,kvB<=64k,kp<=1k,0.2006,2
32,n<=16,sr<=70%,kvB<=64k,kp<=2k,0.1888,2
32,n<=16,sr<=70%,kvB<=64k,kp<=32k,0.3267,2
32,n<=16,sr<=70%,kvB<=64k,kp<=4k,0.3732,2
32,n<=16,sr<=70%,kvB<=64k,kp<=512,0.1884,2
32,n<=16,sr<=70%,kvB<=64k,kp<=64k,0.117,2
32,n<=16,sr<=70%,kvB<=64k,kp<=8k,0.498,2
32,n<=16,sr<=70%,kvB<=64k,kp=0,0.1845,2
32,n<=16,sr>70%,kvB<=16k,kp<=16k,0.2867,4
32,n<=16,sr>70%,kvB<=16k,kp<=1k,0.0178,4
32,n<=16,sr>70%,kvB<=16k,kp<=2k,0.0388,4
32,n<=16,sr>70%,kvB<=16k,kp<=32k,0.0719,4
32,n<=16,sr>70%,kvB<=16k,kp<=4k,0.103,4
32,n<=16,sr>70%,kvB<=16k,kp<=512,0.006,4
32,n<=16,sr>70%,kvB<=16k,kp<=64k,0.045,4
32,n<=16,sr>70%,kvB<=16k,kp<=8k,0.2292,4
32,n<=16,sr>70%,kvB<=16k,kp=0,0.007,4
32,n<=16,sr>70%,kvB<=1k,kp<=16k,0.4498,4
32,n<=16,sr>70%,kvB<=1k,kp<=1k,0.4652,4
32,n<=16,sr>70%,kvB<=1k,kp<=2k,0.4183,4
32,n<=16,sr>70%,kvB<=1k,kp<=32k,0.3674,4
32,n<=16,sr>70%,kvB<=1k,kp<=4k,0.2568,4
32,n<=16,sr>70%,kvB<=1k,kp<=512,0.4716,4
32,n<=16,sr>70%,kvB<=1k,kp<=64k,-0.0447,4
32,n<=16,sr>70%,kvB<=1k,kp<=8k,0.4415,4
32,n<=16,sr>70%,kvB<=1k,kp=0,0.3153,4
32,n<=16,sr>70%,kvB<=4k,kp<=16k,0.0602,4
32,n<=16,sr>70%,kvB<=4k,kp<=1k,0.1606,4
32,n<=16,sr>70%,kvB<=4k,kp<=2k,0.2185,4
32,n<=16,sr>70%,kvB<=4k,kp<=32k,0.1917,4
32,n<=16,sr>70%,kvB<=4k,kp<=4k,0.3079,4
32,n<=16,sr>70%,kvB<=4k,kp<=512,0.104,4
32,n<=16,sr>70%,kvB<=4k,kp<=64k,0.279,4
32,n<=16,sr>70%,kvB<=4k,kp<=8k,0.1987,4
32,n<=16,sr>70%,kvB<=4k,kp=0,0.0345,4
32,n<=16,sr>70%,kvB<=64k,kp<=16k,1.0891,4
32,n<=16,sr>70%,kvB<=64k,kp<=1k,0.8128,4
32,n<=16,sr>70%,kvB<=64k,kp<=2k,0.7637,4
32,n<=16,sr>70%,kvB<=64k,kp<=32k,1.907,4
32,n<=16,sr>70%,kvB<=64k,kp<=4k,1.1394,4
32,n<=16,sr>70%,kvB<=64k,kp<=512,0.816,4
32,n<=16,sr>70%,kvB<=64k,kp<=64k,1.9244,4
32,n<=16,sr>70%,kvB<=64k,kp<=8k,1.6003,4
32,n<=16,sr>70%,kvB<=64k,kp=0,0.7839,4
32,n<=2,sr<=70%,kvB<=16k,kp<=16k,-0.9345,2
32,n<=2,sr<=70%,kvB<=16k,kp<=1k,0.9737,2
32,n<=2,sr<=70%,kvB<=16k,kp<=2k,0.9334,2
32,n<=2,sr<=70%,kvB<=16k,kp<=32k,-0.8964,2
32,n<=2,sr<=70%,kvB<=16k,kp<=4k,0.8158,2
32,n<=2,sr<=70%,kvB<=16k,kp<=512,0.9444,2
32,n<=2,sr<=70%,kvB<=16k,kp<=64k,-0.7619,2
32,n<=2,sr<=70%,kvB<=16k,kp<=8k,0.0077,2
32,n<=2,sr<=70%,kvB<=16k,kp=0,0.9493,2
32,n<=2,sr<=70%,kvB<=1k,kp<=16k,0.2004,2
32,n<=2,sr<=70%,kvB<=1k,kp<=1k,-0.8546,2
32,n<=2,sr<=70%,kvB<=1k,kp<=2k,-0.7666,2
32,n<=2,sr<=70%,kvB<=1k,kp<=32k,2.1325,1
32,n<=2,sr<=70%,kvB<=1k,kp<=4k,-0.8898,2
32,n<=2,sr<=70%,kvB<=1k,kp<=512,0.0359,2
32,n<=2,sr<=70%,kvB<=1k,kp<=8k,-0.5736,2
32,n<=2,sr<=70%,kvB<=1k,kp=0,0.8883,2
32,n<=2,sr<=70%,kvB<=4k,kp<=16k,-0.8663,2
32,n<=2,sr<=70%,kvB<=4k,kp<=1k,0.7618,2
32,n<=2,sr<=70%,kvB<=4k,kp<=2k,-0.0209,2
32,n<=2,sr<=70%,kvB<=4k,kp<=32k,-0.6298,2
32,n<=2,sr<=70%,kvB<=4k,kp<=4k,-0.9562,2
32,n<=2,sr<=70%,kvB<=4k,kp<=512,0.9231,2
32,n<=2,sr<=70%,kvB<=4k,kp<=64k,0.3394,2
32,n<=2,sr<=70%,kvB<=4k,kp<=8k,-0.9352,2
32,n<=2,sr<=70%,kvB<=4k,kp=0,0.9371,2
32,n<=2,sr<=70%,kvB<=64k,kp<=16k,0.7277,2
32,n<=2,sr<=70%,kvB<=64k,kp<=1k,0.9855,2
32,n<=2,sr<=70%,kvB<=64k,kp<=2k,0.9835,2
32,n<=2,sr<=70%,kvB<=64k,kp<=32k,-0.0168,2
32,n<=2,sr<=70%,kvB<=64k,kp<=4k,0.9609,2
32,n<=2,sr<=70%,kvB<=64k,kp<=512,0.9753,2
32,n<=2,sr<=70%,kvB<=64k,kp<=64k,-0.925,2
32,n<=2,sr<=70%,kvB<=64k,kp<=8k,0.9822,2
32,n<=2,sr<=70%,kvB<=64k,kp=0,0.9749,2
32,n<=32,sr<=15%,kvB<=16k,kp<=16k,-0.0021,6
32,n<=32,sr<=15%,kvB<=16k,kp<=1k,0.0749,6
32,n<=32,sr<=15%,kvB<=16k,kp<=2k,0.0687,6
32,n<=32,sr<=15%,kvB<=16k,kp<=32k,-0.0089,6
32,n<=32,sr<=15%,kvB<=16k,kp<=4k,0.0461,6
32,n<=32,sr<=15%,kvB<=16k,kp<=512,0.0794,6
32,n<=32,sr<=15%,kvB<=16k,kp<=64k,-0.0143,6
32,n<=32,sr<=15%,kvB<=16k,kp<=8k,0.0352,6
32,n<=32,sr<=15%,kvB<=16k,kp=0,0.0833,6
32,n<=32,sr<=15%,kvB<=1k,kp<=16k,0.0692,6
32,n<=32,sr<=15%,kvB<=1k,kp<=1k,0.0692,6
32,n<=32,sr<=15%,kvB<=1k,kp<=2k,0.0602,6
32,n<=32,sr<=15%,kvB<=1k,kp<=32k,0.0678,6
32,n<=32,sr<=15%,kvB<=1k,kp<=4k,0.0775,6
32,n<=32,sr<=15%,kvB<=1k,kp<=512,0.1022,6
32,n<=32,sr<=15%,kvB<=1k,kp<=64k,0.0846,6
32,n<=32,sr<=15%,kvB<=1k,kp<=8k,0.0687,6
32,n<=32,sr<=15%,kvB<=1k,kp=0,0.1362,6
32,n<=32,sr<=15%,kvB<=4k,kp<=16k,0.0059,6
32,n<=32,sr<=15%,kvB<=4k,kp<=1k,0.0747,6
32,n<=32,sr<=15%,kvB<=4k,kp<=2k,0.0531,6
32,n<=32,sr<=15%,kvB<=4k,kp<=32k,0.0033,6
32,n<=32,sr<=15%,kvB<=4k,kp<=4k,0.0119,6
32,n<=32,sr<=15%,kvB<=4k,kp<=512,0.0847,6
32,n<=32,sr<=15%,kvB<=4k,kp<=64k,0.0061,6
32,n<=32,sr<=15%,kvB<=4k,kp<=8k,0.0022,6
32,n<=32,sr<=15%,kvB<=4k,kp=0,0.0958,6
32,n<=32,sr<=15%,kvB<=64k,kp<=16k,0.04,6
32,n<=32,sr<=15%,kvB<=64k,kp<=1k,0.1001,6
32,n<=32,sr<=15%,kvB<=64k,kp<=2k,0.0995,6
32,n<=32,sr<=15%,kvB<=64k,kp<=32k,0.0597,6
32,n<=32,sr<=15%,kvB<=64k,kp<=4k,0.0923,6
32,n<=32,sr<=15%,kvB<=64k,kp<=512,0.1011,6
32,n<=32,sr<=15%,kvB<=64k,kp<=64k,0.0573,6
32,n<=32,sr<=15%,kvB<=64k,kp<=8k,0.0741,6
32,n<=32,sr<=15%,kvB<=64k,kp=0,0.1002,6
32,n<=32,sr<=40%,kvB<=16k,kp<=16k,0.0315,2
32,n<=32,sr<=40%,kvB<=16k,kp<=1k,0.0814,2
32,n<=32,sr<=40%,kvB<=16k,kp<=2k,0.0759,2
32,n<=32,sr<=40%,kvB<=16k,kp<=32k,0.0104,2
32,n<=32,sr<=40%,kvB<=16k,kp<=4k,0.0604,2
32,n<=32,sr<=40%,kvB<=16k,kp<=512,0.0863,2
32,n<=32,sr<=40%,kvB<=16k,kp<=64k,-0.0048,2
32,n<=32,sr<=40%,kvB<=16k,kp<=8k,0.0354,2
32,n<=32,sr<=40%,kvB<=16k,kp=0,0.0844,2
32,n<=32,sr<=40%,kvB<=1k,kp<=16k,0.1134,2
32,n<=32,sr<=40%,kvB<=1k,kp<=1k,0.1005,2
32,n<=32,sr<=40%,kvB<=1k,kp<=2k,0.1121,2
32,n<=32,sr<=40%,kvB<=1k,kp<=32k,0.1171,2
32,n<=32,sr<=40%,kvB<=1k,kp<=4k,0.1147,2
32,n<=32,sr<=40%,kvB<=1k,kp<=512,0.1374,2
32,n<=32,sr<=40%,kvB<=1k,kp<=64k,0.1344,2
32,n<=32,sr<=40%,kvB<=1k,kp<=8k,0.1169,2
32,n<=32,sr<=40%,kvB<=1k,kp=0,0.1738,2
32,n<=32,sr<=40%,kvB<=4k,kp<=16k,-0.0094,2
32,n<=32,sr<=40%,kvB<=4k,kp<=1k,0.0505,2
32,n<=32,sr<=40%,kvB<=4k,kp<=2k,0.0346,2
32,n<=32,sr<=40%,kvB<=4k,kp<=32k,-0.0142,2
32,n<=32,sr<=40%,kvB<=4k,kp<=4k,-0.0112,2
32,n<=32,sr<=40%,kvB<=4k,kp<=512,0.0664,2
32,n<=32,sr<=40%,kvB<=4k,kp<=64k,-0.0218,2
32,n<=32,sr<=40%,kvB<=4k,kp<=8k,0.0086,2
32,n<=32,sr<=40%,kvB<=4k,kp=0,0.0837,2
32,n<=32,sr<=40%,kvB<=64k,kp<=16k,0.2372,2
32,n<=32,sr<=40%,kvB<=64k,kp<=1k,0.4454,2
32,n<=32,sr<=40%,kvB<=64k,kp<=2k,0.4435,2
32,n<=32,sr<=40%,kvB<=64k,kp<=32k,0.2411,2
32,n<=32,sr<=40%,kvB<=64k,kp<=4k,0.4168,2
32,n<=32,sr<=40%,kvB<=64k,kp<=512,0.4136,2
32,n<=32,sr<=40%,kvB<=64k,kp<=64k,0.419,2
32,n<=32,sr<=40%,kvB<=64k,kp<=8k,0.3241,2
32,n<=32,sr<=40%,kvB<=64k,kp=0,0.4519,2
32,n<=32,sr<=5%,kvB<=16k,kp<=16k,0.0015,2
32,n<=32,sr<=5%,kvB<=16k,kp<=1k,0.0785,2
32,n<=32,sr<=5%,kvB<=16k,kp<=2k,0.0689,2
32,n<=32,sr<=5%,kvB<=16k,kp<=32k,-0.0029,2
32,n<=32,sr<=5%,kvB<=16k,kp<=4k,0.0507,2
32,n<=32,sr<=5%,kvB<=16k,kp<=512,0.0795,2
32,n<=32,sr<=5%,kvB<=16k,kp<=64k,-0.0025,2
32,n<=32,sr<=5%,kvB<=16k,kp<=8k,0.0449,2
32,n<=32,sr<=5%,kvB<=16k,kp=0,0.086,2
32,n<=32,sr<=5%,kvB<=1k,kp<=16k,0.0225,2
32,n<=32,sr<=5%,kvB<=1k,kp<=1k,0.0278,2
32,n<=32,sr<=5%,kvB<=1k,kp<=2k,0.0033,2
32,n<=32,sr<=5%,kvB<=1k,kp<=32k,0.0203,2
32,n<=32,sr<=5%,kvB<=1k,kp<=4k,0.0255,2
32,n<=32,sr<=5%,kvB<=1k,kp<=512,0.051,2
32,n<=32,sr<=5%,kvB<=1k,kp<=64k,-0.0256,2
32,n<=32,sr<=5%,kvB<=1k,kp<=8k,0.0215,2
32,n<=32,sr<=5%,kvB<=1k,kp=0,0.0886,2
32,n<=32,sr<=5%,kvB<=4k,kp<=16k,0.0301,2
32,n<=32,sr<=5%,kvB<=4k,kp<=1k,0.0831,2
32,n<=32,sr<=5%,kvB<=4k,kp<=2k,0.062,2
32,n<=32,sr<=5%,kvB<=4k,kp<=32k,0.0217,2
32,n<=32,sr<=5%,kvB<=4k,kp<=4k,0.0201,2
32,n<=32,sr<=5%,kvB<=4k,kp<=512,0.0928,2
32,n<=32,sr<=5%,kvB<=4k,kp<=64k,0.0413,2
32,n<=32,sr<=5%,kvB<=4k,kp<=8k,0.0262,2
32,n<=32,sr<=5%,kvB<=4k,kp=0,0.1093,2
32,n<=32,sr<=5%,kvB<=64k,kp<=16k,0.0322,2
32,n<=32,sr<=5%,kvB<=64k,kp<=1k,0.0886,2
32,n<=32,sr<=5%,kvB<=64k,kp<=2k,0.0905,2
32,n<=32,sr<=5%,kvB<=64k,kp<=32k,0.0348,2
32,n<=32,sr<=5%,kvB<=64k,kp<=4k,0.0567,2
32,n<=32,sr<=5%,kvB<=64k,kp<=512,0.0897,2
32,n<=32,sr<=5%,kvB<=64k,kp<=64k,0.0054,2
32,n<=32,sr<=5%,kvB<=64k,kp<=8k,0.0367,2
32,n<=32,sr<=5%,kvB<=64k,kp=0,0.0889,2
32,n<=32,sr<=70%,kvB<=16k,kp<=16k,0.1935,2
32,n<=32,sr<=70%,kvB<=16k,kp<=1k,0.276,2
32,n<=32,sr<=70%,kvB<=16k,kp<=2k,0.2811,2
32,n<=32,sr<=70%,kvB<=16k,kp<=32k,0.2323,2
32,n<=32,sr<=70%,kvB<=16k,kp<=4k,0.1567,2
32,n<=32,sr<=70%,kvB<=16k,kp<=512,0.2653,2
32,n<=32,sr<=70%,kvB<=16k,kp<=64k,0.3265,2
32,n<=32,sr<=70%,kvB<=16k,kp<=8k,0.1744,2
32,n<=32,sr<=70%,kvB<=16k,kp=0,0.2651,2
32,n<=32,sr<=70%,kvB<=1k,kp<=16k,0.0258,2
32,n<=32,sr<=70%,kvB<=1k,kp<=1k,0.0277,2
32,n<=32,sr<=70%,kvB<=1k,kp<=2k,0.0459,2
32,n<=32,sr<=70%,kvB<=1k,kp<=32k,0.0601,2
32,n<=32,sr<=70%,kvB<=1k,kp<=4k,0.0562,2
32,n<=32,sr<=70%,kvB<=1k,kp<=512,0.0679,2
32,n<=32,sr<=70%,kvB<=1k,kp<=64k,0.1818,2
32,n<=32,sr<=70%,kvB<=1k,kp<=8k,0.0505,2
32,n<=32,sr<=70%,kvB<=1k,kp=0,0.1379,2
32,n<=32,sr<=70%,kvB<=4k,kp<=16k,-0.0319,2
32,n<=32,sr<=70%,kvB<=4k,kp<=1k,0.0505,2
32,n<=32,sr<=70%,kvB<=4k,kp<=2k,0.0114,2
32,n<=32,sr<=70%,kvB<=4k,kp<=32k,-0.0307,2
32,n<=32,sr<=70%,kvB<=4k,kp<=4k,-0.0202,2
32,n<=32,sr<=70%,kvB<=4k,kp<=512,0.0695,2
32,n<=32,sr<=70%,kvB<=4k,kp<=64k,-0.0144,2
32,n<=32,sr<=70%,kvB<=4k,kp<=8k,-0.0012,2
32,n<=32,sr<=70%,kvB<=4k,kp=0,0.1,2
32,n<=32,sr<=70%,kvB<=64k,kp<=16k,0.3259,2
32,n<=32,sr<=70%,kvB<=64k,kp<=1k,1.6079,2
32,n<=32,sr<=70%,kvB<=64k,kp<=2k,1.5058,2
32,n<=32,sr<=70%,kvB<=64k,kp<=32k,0.5425,2
32,n<=32,sr<=70%,kvB<=64k,kp<=4k,1.2384,2
32,n<=32,sr<=70%,kvB<=64k,kp<=512,1.5395,2
32,n<=32,sr<=70%,kvB<=64k,kp<=64k,1.7818,2
32,n<=32,sr<=70%,kvB<=64k,kp<=8k,0.7681,2
32,n<=32,sr<=70%,kvB<=64k,kp=0,1.3736,2
32,n<=32,sr>70%,kvB<=16k,kp<=16k,1.338,4
32,n<=32,sr>70%,kvB<=16k,kp<=1k,1.5568,4
32,n<=32,sr>70%,kvB<=16k,kp<=2k,1.6368,4
32,n<=32,sr>70%,kvB<=16k,kp<=32k,1.9824,4
32,n<=32,sr>70%,kvB<=16k,kp<=4k,0.8978,4
32,n<=32,sr>70%,kvB<=16k,kp<=512,1.6011,4
32,n<=32,sr>70%,kvB<=16k,kp<=64k,2.159,3
32,n<=32,sr>70%,kvB<=16k,kp<=8k,1.1294,4
32,n<=32,sr>70%,kvB<=16k,kp=0,1.5361,4
32,n<=32,sr>70%,kvB<=1k,kp<=16k,0.2183,4
32,n<=32,sr>70%,kvB<=1k,kp<=1k,0.1906,4
32,n<=32,sr>70%,kvB<=1k,kp<=2k,0.2592,4
32,n<=32,sr>70%,kvB<=1k,kp<=32k,0.1584,4
32,n<=32,sr>70%,kvB<=1k,kp<=4k,0.3279,4
32,n<=32,sr>70%,kvB<=1k,kp<=512,0.2359,4
32,n<=32,sr>70%,kvB<=1k,kp<=64k,0.2624,4
32,n<=32,sr>70%,kvB<=1k,kp<=8k,0.2937,4
32,n<=32,sr>70%,kvB<=1k,kp=0,0.3926,4
32,n<=32,sr>70%,kvB<=4k,kp<=16k,0.1181,4
32,n<=32,sr>70%,kvB<=4k,kp<=1k,0.1561,4
32,n<=32,sr>70%,kvB<=4k,kp<=2k,0.0318,4
32,n<=32,sr>70%,kvB<=4k,kp<=32k,0.1329,4
32,n<=32,sr>70%,kvB<=4k,kp<=4k,-0.0119,4
32,n<=32,sr>70%,kvB<=4k,kp<=512,0.2024,4
32,n<=32,sr>70%,kvB<=4k,kp<=64k,0.0287,4
32,n<=32,sr>70%,kvB<=4k,kp<=8k,0.0367,4
32,n<=32,sr>70%,kvB<=4k,kp=0,0.245,4
32,n<=32,sr>70%,kvB<=64k,kp<=16k,3.4515,4
32,n<=32,sr>70%,kvB<=64k,kp<=1k,5.2594,4
32,n<=32,sr>70%,kvB<=64k,kp<=2k,4.7432,4
32,n<=32,sr>70%,kvB<=64k,kp<=32k,2.1494,4
32,n<=32,sr>70%,kvB<=64k,kp<=4k,4.8816,4
32,n<=32,sr>70%,kvB<=64k,kp<=512,5.2373,4
32,n<=32,sr>70%,kvB<=64k,kp<=64k,7.6451,1
32,n<=32,sr>70%,kvB<=64k,kp<=8k,2.5051,4
32,n<=32,sr>70%,kvB<=64k,kp=0,5.285,4
32,n<=4,sr<=40%,kvB<=16k,kp<=16k,0.0756,2
32,n<=4,sr<=40%,kvB<=16k,kp<=1k,0.3026,2
32,n<=4,sr<=40%,kvB<=16k,kp<=2k,0.3056,2
32,n<=4,sr<=40%,kvB<=16k,kp<=32k,0.0492,2
32,n<=4,sr<=40%,kvB<=16k,kp<=4k,0.3424,2
32,n<=4,sr<=40%,kvB<=16k,kp<=512,0.3017,2
32,n<=4,sr<=40%,kvB<=16k,kp<=64k,0.04,2
32,n<=4,sr<=40%,kvB<=16k,kp<=8k,0.456,2
32,n<=4,sr<=40%,kvB<=16k,kp=0,0.3012,2
32,n<=4,sr<=40%,kvB<=1k,kp<=16k,0.1388,2
32,n<=4,sr<=40%,kvB<=1k,kp<=1k,0.4727,2
32,n<=4,sr<=40%,kvB<=1k,kp<=2k,0.4313,2
32,n<=4,sr<=40%,kvB<=1k,kp<=32k,2.465,2
32,n<=4,sr<=40%,kvB<=1k,kp<=4k,0.4481,2
32,n<=4,sr<=40%,kvB<=1k,kp<=512,0.522,2
32,n<=4,sr<=40%,kvB<=1k,kp<=64k,5.4137,1
32,n<=4,sr<=40%,kvB<=1k,kp<=8k,0.4532,2
32,n<=4,sr<=40%,kvB<=1k,kp=0,0.3741,2
32,n<=4,sr<=40%,kvB<=4k,kp<=16k,0.123,2
32,n<=4,sr<=40%,kvB<=4k,kp<=1k,0.3438,2
32,n<=4,sr<=40%,kvB<=4k,kp<=2k,0.4696,2
32,n<=4,sr<=40%,kvB<=4k,kp<=32k,0.0252,2
32,n<=4,sr<=40%,kvB<=4k,kp<=4k,0.1244,2
32,n<=4,sr<=40%,kvB<=4k,kp<=512,0.3045,2
32,n<=4,sr<=40%,kvB<=4k,kp<=64k,-0.1582,1
32,n<=4,sr<=40%,kvB<=4k,kp<=8k,0.1148,2
32,n<=4,sr<=40%,kvB<=4k,kp=0,0.3,2
32,n<=4,sr<=40%,kvB<=64k,kp<=16k,0.3335,2
32,n<=4,sr<=40%,kvB<=64k,kp<=1k,0.2937,2
32,n<=4,sr<=40%,kvB<=64k,kp<=2k,0.2906,2
32,n<=4,sr<=40%,kvB<=64k,kp<=32k,0.4441,2
32,n<=4,sr<=40%,kvB<=64k,kp<=4k,0.2947,2
32,n<=4,sr<=40%,kvB<=64k,kp<=512,0.3013,2
32,n<=4,sr<=40%,kvB<=64k,kp<=64k,0.0415,2
32,n<=4,sr<=40%,kvB<=64k,kp<=8k,0.2916,2
32,n<=4,sr<=40%,kvB<=64k,kp=0,0.2991,2
32,n<=4,sr<=70%,kvB<=16k,kp<=16k,0.7946,2
32,n<=4,sr<=70%,kvB<=16k,kp<=1k,0.0793,2
32,n<=4,sr<=70%,kvB<=16k,kp<=2k,0.1734,2
32,n<=4,sr<=70%,kvB<=16k,kp<=32k,0.7736,2
32,n<=4,sr<=70%,kvB<=16k,kp<=4k,0.2991,2
32,n<=4,sr<=70%,kvB<=16k,kp<=512,0.0349,2
32,n<=4,sr<=70%,kvB<=16k,kp<=64k,0.6796,2
32,n<=4,sr<=70%,kvB<=16k,kp<=8k,0.3398,2
32,n<=4,sr<=70%,kvB<=16k,kp=0,-0.0221,2
32,n<=4,sr<=70%,kvB<=1k,kp<=16k,0.7221,2
32,n<=4,sr<=70%,kvB<=1k,kp<=1k,0.7656,2
32,n<=4,sr<=70%,kvB<=1k,kp<=2k,0.75,2
32,n<=4,sr<=70%,kvB<=1k,kp<=4k,0.6448,2
32,n<=4,sr<=70%,kvB<=1k,kp<=512,0.5856,2
32,n<=4,sr<=70%,kvB<=1k,kp<=64k,2.6064,2
32,n<=4,sr<=70%,kvB<=1k,kp<=8k,0.7417,2
32,n<=4,sr<=70%,kvB<=1k,kp=0,0.2985,2
32,n<=4,sr<=70%,kvB<=4k,kp<=16k,0.8021,2
32,n<=4,sr<=70%,kvB<=4k,kp<=1k,0.3591,2
32,n<=4,sr<=70%,kvB<=4k,kp<=2k,0.381,2
32,n<=4,sr<=70%,kvB<=4k,kp<=32k,0.8129,2
32,n<=4,sr<=70%,kvB<=4k,kp<=4k,0.8884,2
32,n<=4,sr<=70%,kvB<=4k,kp<=512,0.2333,2
32,n<=4,sr<=70%,kvB<=4k,kp<=64k,0.2612,1
32,n<=4,sr<=70%,kvB<=4k,kp<=8k,0.8316,2
32,n<=4,sr<=70%,kvB<=4k,kp=0,0.0493,2
32,n<=4,sr<=70%,kvB<=64k,kp<=16k,0.2995,2
32,n<=4,sr<=70%,kvB<=64k,kp<=1k,-0.0276,2
32,n<=4,sr<=70%,kvB<=64k,kp<=2k,-0.0235,2
32,n<=4,sr<=70%,kvB<=64k,kp<=32k,0.3405,2
32,n<=4,sr<=70%,kvB<=64k,kp<=4k,0.031,2
32,n<=4,sr<=70%,kvB<=64k,kp<=512,-0.0293,2
32,n<=4,sr<=70%,kvB<=64k,kp<=64k,0.797,2
32,n<=4,sr<=70%,kvB<=64k,kp<=8k,0.1341,2
32,n<=4,sr<=70%,kvB<=64k,kp=0,-0.039,2
32,n<=4,sr>70%,kvB<=16k,kp<=16k,0.7128,2
32,n<=4,sr>70%,kvB<=16k,kp<=1k,0.8899,2
32,n<=4,sr>70%,kvB<=16k,kp<=2k,0.8961,2
32,n<=4,sr>70%,kvB<=16k,kp<=32k,0.652,2
32,n<=4,sr>70%,kvB<=16k,kp<=4k,0.9311,2
32,n<=4,sr>70%,kvB<=16k,kp<=512,0.874,2
32,n<=4,sr>70%,kvB<=16k,kp<=64k,0.7148,2
32,n<=4,sr>70%,kvB<=16k,kp<=8k,0.9109,2
32,n<=4,sr>70%,kvB<=16k,kp=0,0.8729,2
32,n<=4,sr>70%,kvB<=1k,kp<=16k,0.6683,1
32,n<=4,sr>70%,kvB<=1k,kp<=1k,0.7149,2
32,n<=4,sr>70%,kvB<=1k,kp<=2k,0.7122,2
32,n<=4,sr>70%,kvB<=1k,kp<=32k,0.3433,1
32,n<=4,sr>70%,kvB<=1k,kp<=4k,0.7824,2
32,n<=4,sr>70%,kvB<=1k,kp<=512,0.9004,2
32,n<=4,sr>70%,kvB<=1k,kp<=64k,2.3134,1
32,n<=4,sr>70%,kvB<=1k,kp<=8k,0.6843,2
32,n<=4,sr>70%,kvB<=1k,kp=0,0.8857,2
32,n<=4,sr>70%,kvB<=4k,kp<=16k,0.7932,2
32,n<=4,sr>70%,kvB<=4k,kp<=1k,0.9478,2
32,n<=4,sr>70%,kvB<=4k,kp<=2k,0.9412,2
32,n<=4,sr>70%,kvB<=4k,kp<=32k,1.1124,2
32,n<=4,sr>70%,kvB<=4k,kp<=4k,0.8557,2
32,n<=4,sr>70%,kvB<=4k,kp<=512,0.9232,2
32,n<=4,sr>70%,kvB<=4k,kp<=64k,0.6699,2
32,n<=4,sr>70%,kvB<=4k,kp<=8k,0.8614,2
32,n<=4,sr>70%,kvB<=4k,kp=0,0.9208,2
32,n<=4,sr>70%,kvB<=64k,kp<=16k,0.8424,2
32,n<=4,sr>70%,kvB<=64k,kp<=1k,0.8686,2
32,n<=4,sr>70%,kvB<=64k,kp<=2k,0.8801,2
32,n<=4,sr>70%,kvB<=64k,kp<=32k,0.9438,2
32,n<=4,sr>70%,kvB<=64k,kp<=4k,0.8584,2
32,n<=4,sr>70%,kvB<=64k,kp<=512,0.852,2
32,n<=4,sr>70%,kvB<=64k,kp<=64k,0.9245,2
32,n<=4,sr>70%,kvB<=64k,kp<=8k,0.891,2
32,n<=4,sr>70%,kvB<=64k,kp=0,0.8536,2
32,n<=64,sr<=15%,kvB<=16k,kp<=16k,0.0271,4
32,n<=64,sr<=15%,kvB<=16k,kp<=1k,0.0399,4
32,n<=64,sr<=15%,kvB<=16k,kp<=2k,0.0391,4
32,n<=64,sr<=15%,kvB<=16k,kp<=32k,0.0428,4
32,n<=64,sr<=15%,kvB<=16k,kp<=4k,0.0236,4
32,n<=64,sr<=15%,kvB<=16k,kp<=512,0.041,4
32,n<=64,sr<=15%,kvB<=16k,kp<=64k,0.0441,4
32,n<=64,sr<=15%,kvB<=16k,kp<=8k,0.0305,4
32,n<=64,sr<=15%,kvB<=16k,kp=0,0.043,4
32,n<=64,sr<=15%,kvB<=1k,kp<=16k,0.082,4
32,n<=64,sr<=15%,kvB<=1k,kp<=1k,0.0717,4
32,n<=64,sr<=15%,kvB<=1k,kp<=2k,0.0737,4
32,n<=64,sr<=15%,kvB<=1k,kp<=32k,0.0717,4
32,n<=64,sr<=15%,kvB<=1k,kp<=4k,0.0729,4
32,n<=64,sr<=15%,kvB<=1k,kp<=512,0.0923,4
32,n<=64,sr<=15%,kvB<=1k,kp<=64k,0.0876,4
32,n<=64,sr<=15%,kvB<=1k,kp<=8k,0.0757,4
32,n<=64,sr<=15%,kvB<=1k,kp=0,0.1018,4
32,n<=64,sr<=15%,kvB<=4k,kp<=16k,0.014,4
32,n<=64,sr<=15%,kvB<=4k,kp<=1k,0.0373,4
32,n<=64,sr<=15%,kvB<=4k,kp<=2k,0.032,4
32,n<=64,sr<=15%,kvB<=4k,kp<=32k,0.0157,4
32,n<=64,sr<=15%,kvB<=4k,kp<=4k,0.0092,4
32,n<=64,sr<=15%,kvB<=4k,kp<=512,0.0386,4
32,n<=64,sr<=15%,kvB<=4k,kp<=64k,0.0138,4
32,n<=64,sr<=15%,kvB<=4k,kp<=8k,0.011,4
32,n<=64,sr<=15%,kvB<=4k,kp=0,0.0417,4
32,n<=64,sr<=15%,kvB<=64k,kp<=16k,0.1293,4
32,n<=64,sr<=15%,kvB<=64k,kp<=1k,0.2069,4
32,n<=64,sr<=15%,kvB<=64k,kp<=2k,0.2041,4
32,n<=64,sr<=15%,kvB<=64k,kp<=32k,0.1145,4
32,n<=64,sr<=15%,kvB<=64k,kp<=4k,0.1336,4
32,n<=64,sr<=15%,kvB<=64k,kp<=512,0.1933,4
32,n<=64,sr<=15%,kvB<=64k,kp<=64k,0.1695,4
32,n<=64,sr<=15%,kvB<=64k,kp<=8k,0.1059,4
32,n<=64,sr<=15%,kvB<=64k,kp=0,0.2222,4
32,n<=64,sr<=40%,kvB<=16k,kp<=16k,0.2438,2
32,n<=64,sr<=40%,kvB<=16k,kp<=1k,0.2285,2
32,n<=64,sr<=40%,kvB<=16k,kp<=2k,0.2235,2
32,n<=64,sr<=40%,kvB<=16k,kp<=32k,0.1945,2
32,n<=64,sr<=40%,kvB<=16k,kp<=4k,0.154,2
32,n<=64,sr<=40%,kvB<=16k,kp<=512,0.2318,2
32,n<=64,sr<=40%,kvB<=16k,kp<=64k,0.2528,2
32,n<=64,sr<=40%,kvB<=16k,kp<=8k,0.1703,2
32,n<=64,sr<=40%,kvB<=16k,kp=0,0.2464,2
32,n<=64,sr<=40%,kvB<=1k,kp<=16k,0.1277,2
32,n<=64,sr<=40%,kvB<=1k,kp<=1k,0.1054,2
32,n<=64,sr<=40%,kvB<=1k,kp<=2k,0.1025,2
32,n<=64,sr<=40%,kvB<=1k,kp<=32k,0.1209,2
32,n<=64,sr<=40%,kvB<=1k,kp<=4k,0.1132,2
32,n<=64,sr<=40%,kvB<=1k,kp<=512,0.1285,2
32,n<=64,sr<=40%,kvB<=1k,kp<=64k,0.1234,2
32,n<=64,sr<=40%,kvB<=1k,kp<=8k,0.1145,2
32,n<=64,sr<=40%,kvB<=1k,kp=0,0.1376,2
32,n<=64,sr<=40%,kvB<=4k,kp<=16k,-0.0002,2
32,n<=64,sr<=40%,kvB<=4k,kp<=1k,0.0181,2
32,n<=64,sr<=40%,kvB<=4k,kp<=2k,0.0137,2
32,n<=64,sr<=40%,kvB<=4k,kp<=32k,-0.0104,2
32,n<=64,sr<=40%,kvB<=4k,kp<=4k,-0.0057,2
32,n<=64,sr<=40%,kvB<=4k,kp<=512,0.0202,2
32,n<=64,sr<=40%,kvB<=4k,kp<=64k,-0.0105,2
32,n<=64,sr<=40%,kvB<=4k,kp<=8k,-0.0007,2
32,n<=64,sr<=40%,kvB<=4k,kp=0,0.0273,2
32,n<=64,sr<=40%,kvB<=64k,kp<=16k,0.2367,2
32,n<=64,sr<=40%,kvB<=64k,kp<=1k,0.4149,2
32,n<=64,sr<=40%,kvB<=64k,kp<=2k,0.4325,2
32,n<=64,sr<=40%,kvB<=64k,kp<=32k,0.219,2
32,n<=64,sr<=40%,kvB<=64k,kp<=4k,0.2777,2
32,n<=64,sr<=40%,kvB<=64k,kp<=512,0.5279,2
32,n<=64,sr<=40%,kvB<=64k,kp<=64k,0.3545,2
32,n<=64,sr<=40%,kvB<=64k,kp<=8k,0.2144,2
32,n<=64,sr<=40%,kvB<=64k,kp=0,0.5429,2
32,n<=64,sr<=5%,kvB<=16k,kp<=16k,-0.0046,6
32,n<=64,sr<=5%,kvB<=16k,kp<=1k,0.0314,6
32,n<=64,sr<=5%,kvB<=16k,kp<=2k,0.0271,6
32,n<=64,sr<=5%,kvB<=16k,kp<=32k,0.0183,6
32,n<=64,sr<=5%,kvB<=16k,kp<=4k,0.0095,6
32,n<=64,sr<=5%,kvB<=16k,kp<=512,0.0327,6
32,n<=64,sr<=5%,kvB<=16k,kp<=64k,0.0088,6
32,n<=64,sr<=5%,kvB<=16k,kp<=8k,0.0075,6
32,n<=64,sr<=5%,kvB<=16k,kp=0,0.0322,6
32,n<=64,sr<=5%,kvB<=1k,kp<=16k,0.0242,6
32,n<=64,sr<=5%,kvB<=1k,kp<=1k,0.0205,6
32,n<=64,sr<=5%,kvB<=1k,kp<=2k,0.0217,6
32,n<=64,sr<=5%,kvB<=1k,kp<=32k,0.0169,6
32,n<=64,sr<=5%,kvB<=1k,kp<=4k,0.0191,6
32,n<=64,sr<=5%,kvB<=1k,kp<=512,0.0406,6
32,n<=64,sr<=5%,kvB<=1k,kp<=64k,-0.0036,6
32,n<=64,sr<=5%,kvB<=1k,kp<=8k,0.0209,6
32,n<=64,sr<=5%,kvB<=1k,kp=0,0.0521,6
32,n<=64,sr<=5%,kvB<=4k,kp<=16k,0.0156,6
32,n<=64,sr<=5%,kvB<=4k,kp<=1k,0.0392,6
32,n<=64,sr<=5%,kvB<=4k,kp<=2k,0.032,6
32,n<=64,sr<=5%,kvB<=4k,kp<=32k,0.0155,6
32,n<=64,sr<=5%,kvB<=4k,kp<=4k,0.0117,6
32,n<=64,sr<=5%,kvB<=4k,kp<=512,0.0419,6
32,n<=64,sr<=5%,kvB<=4k,kp<=64k,0.0126,6
32,n<=64,sr<=5%,kvB<=4k,kp<=8k,0.0151,6
32,n<=64,sr<=5%,kvB<=4k,kp=0,0.0453,6
32,n<=64,sr<=5%,kvB<=64k,kp<=16k,0.0614,6
32,n<=64,sr<=5%,kvB<=64k,kp<=1k,0.0916,6
32,n<=64,sr<=5%,kvB<=64k,kp<=2k,0.092,6
32,n<=64,sr<=5%,kvB<=64k,kp<=32k,0.0748,6
32,n<=64,sr<=5%,kvB<=64k,kp<=4k,0.0875,6
32,n<=64,sr<=5%,kvB<=64k,kp<=512,0.0957,6
32,n<=64,sr<=5%,kvB<=64k,kp<=64k,0.0639,6
32,n<=64,sr<=5%,kvB<=64k,kp<=8k,0.0486,6
32,n<=64,sr<=5%,kvB<=64k,kp=0,0.086,6
32,n<=64,sr<=70%,kvB<=16k,kp<=16k,1.4625,2
32,n<=64,sr<=70%,kvB<=16k,kp<=1k,1.549,2
32,n<=64,sr<=70%,kvB<=16k,kp<=2k,1.5121,2
32,n<=64,sr<=70%,kvB<=16k,kp<=32k,1.534,2
32,n<=64,sr<=70%,kvB<=16k,kp<=4k,0.9234,2
32,n<=64,sr<=70%,kvB<=16k,kp<=512,1.5466,2
32,n<=64,sr<=70%,kvB<=16k,kp<=64k,1.0722,2
32,n<=64,sr<=70%,kvB<=16k,kp<=8k,1.0743,2
32,n<=64,sr<=70%,kvB<=16k,kp=0,1.5402,2
32,n<=64,sr<=70%,kvB<=1k,kp<=16k,0.0791,2
32,n<=64,sr<=70%,kvB<=1k,kp<=1k,0.0525,2
32,n<=64,sr<=70%,kvB<=1k,kp<=2k,0.0443,2
32,n<=64,sr<=70%,kvB<=1k,kp<=32k,0.0626,2
32,n<=64,sr<=70%,kvB<=1k,kp<=4k,0.0568,2
32,n<=64,sr<=70%,kvB<=1k,kp<=512,0.0553,2
32,n<=64,sr<=70%,kvB<=1k,kp<=64k,0.0744,2
32,n<=64,sr<=70%,kvB<=1k,kp<=8k,0.0448,2
32,n<=64,sr<=70%,kvB<=1k,kp=0,0.0817,2
32,n<=64,sr<=70%,kvB<=4k,kp<=16k,-0.0105,2
32,n<=64,sr<=70%,kvB<=4k,kp<=1k,-0.0001,2
32,n<=64,sr<=70%,kvB<=4k,kp<=2k,-0.0141,2
32,n<=64,sr<=70%,kvB<=4k,kp<=32k,-0.0368,2
32,n<=64,sr<=70%,kvB<=4k,kp<=4k,-0.0111,2
32,n<=64,sr<=70%,kvB<=4k,kp<=512,0.007,2
32,n<=64,sr<=70%,kvB<=4k,kp<=64k,-0.0264,2
32,n<=64,sr<=70%,kvB<=4k,kp<=8k,-0.0299,2
32,n<=64,sr<=70%,kvB<=4k,kp=0,0.0003,2
32,n<=64,sr<=70%,kvB<=64k,kp<=16k,0.5455,2
32,n<=64,sr<=70%,kvB<=64k,kp<=1k,0.9079,2
32,n<=64,sr<=70%,kvB<=64k,kp<=2k,0.8208,2
32,n<=64,sr<=70%,kvB<=64k,kp<=32k,0.5321,2
32,n<=64,sr<=70%,kvB<=64k,kp<=4k,0.756,2
32,n<=64,sr<=70%,kvB<=64k,kp<=512,0.861,2
32,n<=64,sr<=70%,kvB<=64k,kp<=64k,0.8241,2
32,n<=64,sr<=70%,kvB<=64k,kp<=8k,0.505,2
32,n<=64,sr<=70%,kvB<=64k,kp=0,1.0256,2
32,n<=64,sr>70%,kvB<=16k,kp<=16k,4.6364,4
32,n<=64,sr>70%,kvB<=16k,kp<=1k,4.8003,4
32,n<=64,sr>70%,kvB<=16k,kp<=2k,4.7098,4
32,n<=64,sr>70%,kvB<=16k,kp<=32k,5.2474,4
32,n<=64,sr>70%,kvB<=16k,kp<=4k,2.1243,4
32,n<=64,sr>70%,kvB<=16k,kp<=512,4.8127,4
32,n<=64,sr>70%,kvB<=16k,kp<=64k,3.1612,4
32,n<=64,sr>70%,kvB<=16k,kp<=8k,2.2807,4
32,n<=64,sr>70%,kvB<=16k,kp=0,4.7259,4
32,n<=64,sr>70%,kvB<=1k,kp<=16k,0.2972,4
32,n<=64,sr>70%,kvB<=1k,kp<=1k,0.2631,4
32,n<=64,sr>70%,kvB<=1k,kp<=2k,0.2703,4
32,n<=64,sr>70%,kvB<=1k,kp<=32k,0.2691,4
32,n<=64,sr>70%,kvB<=1k,kp<=4k,0.2861,4
32,n<=64,sr>70%,kvB<=1k,kp<=512,0.2655,4
32,n<=64,sr>70%,kvB<=1k,kp<=64k,0.2841,4
32,n<=64,sr>70%,kvB<=1k,kp<=8k,0.2852,4
32,n<=64,sr>70%,kvB<=1k,kp=0,0.3095,4
32,n<=64,sr>70%,kvB<=4k,kp<=16k,-0.357,4
32,n<=64,sr>70%,kvB<=4k,kp<=1k,-0.1445,4
32,n<=64,sr>70%,kvB<=4k,kp<=2k,-0.1523,4
32,n<=64,sr>70%,kvB<=4k,kp<=32k,-0.0341,4
32,n<=64,sr>70%,kvB<=4k,kp<=4k,-0.2842,4
32,n<=64,sr>70%,kvB<=4k,kp<=512,-0.1528,4
32,n<=64,sr>70%,kvB<=4k,kp<=64k,-0.1447,4
32,n<=64,sr>70%,kvB<=4k,kp<=8k,-0.1929,4
32,n<=64,sr>70%,kvB<=4k,kp=0,-0.175,4
32,n<=64,sr>70%,kvB<=64k,kp<=16k,1.3888,4
32,n<=64,sr>70%,kvB<=64k,kp<=1k,2.1457,4
32,n<=64,sr>70%,kvB<=64k,kp<=2k,1.9327,4
32,n<=64,sr>70%,kvB<=64k,kp<=32k,1.0033,4
32,n<=64,sr>70%,kvB<=64k,kp<=4k,1.4063,3
32,n<=64,sr>70%,kvB<=64k,kp<=512,2.0462,4
32,n<=64,sr>70%,kvB<=64k,kp<=64k,1.4416,1
32,n<=64,sr>70%,kvB<=64k,kp<=8k,1.1043,4
32,n<=64,sr>70%,kvB<=64k,kp=0,1.7831,4
32,n<=8,sr<=15%,kvB<=16k,kp<=16k,-0.0124,2
32,n<=8,sr<=15%,kvB<=16k,kp<=1k,0.3079,2
32,n<=8,sr<=15%,kvB<=16k,kp<=2k,0.2829,2
32,n<=8,sr<=15%,kvB<=16k,kp<=32k,-0.0204,2
32,n<=8,sr<=15%,kvB<=16k,kp<=4k,0.2125,2
32,n<=8,sr<=15%,kvB<=16k,kp<=512,0.3251,2
32,n<=8,sr<=15%,kvB<=16k,kp<=64k,-0.0108,2
32,n<=8,sr<=15%,kvB<=16k,kp<=8k,0.0917,2
32,n<=8,sr<=15%,kvB<=16k,kp=0,0.3311,2
32,n<=8,sr<=15%,kvB<=1k,kp<=16k,0.0938,2
32,n<=8,sr<=15%,kvB<=1k,kp<=1k,-0.0147,2
32,n<=8,sr<=15%,kvB<=1k,kp<=2k,0.0797,2
32,n<=8,sr<=15%,kvB<=1k,kp<=32k,0.0254,2
32,n<=8,sr<=15%,kvB<=1k,kp<=4k,0.0816,2
32,n<=8,sr<=15%,kvB<=1k,kp<=512,0.1589,2
32,n<=8,sr<=15%,kvB<=1k,kp<=64k,-0.0393,1
32,n<=8,sr<=15%,kvB<=1k,kp<=8k,0.0788,2
32,n<=8,sr<=15%,kvB<=1k,kp=0,0.3696,2
32,n<=8,sr<=15%,kvB<=4k,kp<=16k,0.006,2
32,n<=8,sr<=15%,kvB<=4k,kp<=1k,0.2159,2
32,n<=8,sr<=15%,kvB<=4k,kp<=2k,0.087,2
32,n<=8,sr<=15%,kvB<=4k,kp<=32k,0.0038,2
32,n<=8,sr<=15%,kvB<=4k,kp<=4k,-0.0215,2
32,n<=8,sr<=15%,kvB<=4k,kp<=512,0.2825,2
32,n<=8,sr<=15%,kvB<=4k,kp<=64k,-0.0244,2
32,n<=8,sr<=15%,kvB<=4k,kp<=8k,0.0091,2
32,n<=8,sr<=15%,kvB<=4k,kp=0,0.3462,2
32,n<=8,sr<=15%,kvB<=64k,kp<=16k,0.1959,2
32,n<=8,sr<=15%,kvB<=64k,kp<=1k,0.3291,2
32,n<=8,sr<=15%,kvB<=64k,kp<=2k,0.3275,2
32,n<=8,sr<=15%,kvB<=64k,kp<=32k,0.0926,2
32,n<=8,sr<=15%,kvB<=64k,kp<=4k,0.3117,2
32,n<=8,sr<=15%,kvB<=64k,kp<=512,0.3276,2
32,n<=8,sr<=15%,kvB<=64k,kp<=64k,-0.0136,2
32,n<=8,sr<=15%,kvB<=64k,kp<=8k,0.2766,2
32,n<=8,sr<=15%,kvB<=64k,kp=0,0.3257,2
32,n<=8,sr<=40%,kvB<=16k,kp<=16k,-0.0905,4
32,n<=8,sr<=40%,kvB<=16k,kp<=1k,0.2967,4
32,n<=8,sr<=40%,kvB<=16k,kp<=2k,0.3007,4
32,n<=8,sr<=40%,kvB<=16k,kp<=32k,-0.05,4
32,n<=8,sr<=40%,kvB<=16k,kp<=4k,0.2403,4
32,n<=8,sr<=40%,kvB<=16k,kp<=512,0.2824,4
32,n<=8,sr<=40%,kvB<=16k,kp<=64k,-0.0356,4
32,n<=8,sr<=40%,kvB<=16k,kp<=8k,0.074,4
32,n<=8,sr<=40%,kvB<=16k,kp=0,0.2606,4
32,n<=8,sr<=40%,kvB<=1k,kp<=16k,0.002,4
32,n<=8,sr<=40%,kvB<=1k,kp<=1k,-0.0664,4
32,n<=8,sr<=40%,kvB<=1k,kp<=2k,0.0411,4
32,n<=8,sr<=40%,kvB<=1k,kp<=32k,-0.0553,4
32,n<=8,sr<=40%,kvB<=1k,kp<=4k,0.0253,4
32,n<=8,sr<=40%,kvB<=1k,kp<=512,0.1101,4
32,n<=8,sr<=40%,kvB<=1k,kp<=64k,-0.172,3
32,n<=8,sr<=40%,kvB<=1k,kp<=8k,0.0391,4
32,n<=8,sr<=40%,kvB<=1k,kp=0,0.3338,4
32,n<=8,sr<=40%,kvB<=4k,kp<=16k,-0.054,4
32,n<=8,sr<=40%,kvB<=4k,kp<=1k,0.2122,4
32,n<=8,sr<=40%,kvB<=4k,kp<=2k,0.0685,4
32,n<=8,sr<=40%,kvB<=4k,kp<=32k,-0.0451,4
32,n<=8,sr<=40%,kvB<=4k,kp<=4k,-0.1078,4
32,n<=8,sr<=40%,kvB<=4k,kp<=512,0.281,4
32,n<=8,sr<=40%,kvB<=4k,kp<=64k,-0.0219,4
32,n<=8,sr<=40%,kvB<=4k,kp<=8k,-0.0449,4
32,n<=8,sr<=40%,kvB<=4k,kp=0,0.3126,4
32,n<=8,sr<=40%,kvB<=64k,kp<=16k,0.2143,4
32,n<=8,sr<=40%,kvB<=64k,kp<=1k,0.2572,4
32,n<=8,sr<=40%,kvB<=64k,kp<=2k,0.2637,4
32,n<=8,sr<=40%,kvB<=64k,kp<=32k,0.0645,4
32,n<=8,sr<=40%,kvB<=64k,kp<=4k,0.2936,4
32,n<=8,sr<=40%,kvB<=64k,kp<=512,0.2527,4
32,n<=8,sr<=40%,kvB<=64k,kp<=64k,-0.0863,4
32,n<=8,sr<=40%,kvB<=64k,kp<=8k,0.3006,4
32,n<=8,sr<=40%,kvB<=64k,kp=0,0.25,4
32,n<=8,sr<=70%,kvB<=16k,kp<=16k,-0.2536,2
32,n<=8,sr<=70%,kvB<=16k,kp<=1k,0.3008,2
32,n<=8,sr<=70%,kvB<=16k,kp<=2k,0.2312,2
32,n<=8,sr<=70%,kvB<=16k,kp<=32k,-0.0968,2
32,n<=8,sr<=70%,kvB<=16k,kp<=4k,0.1413,2
32,n<=8,sr<=70%,kvB<=16k,kp<=512,0.2948,2
32,n<=8,sr<=70%,kvB<=16k,kp<=64k,-0.0993,2
32,n<=8,sr<=70%,kvB<=16k,kp<=8k,0.0084,2
32,n<=8,sr<=70%,kvB<=16k,kp=0,0.2995,2
32,n<=8,sr<=70%,kvB<=1k,kp<=16k,-0.0118,2
32,n<=8,sr<=70%,kvB<=1k,kp<=1k,-0.178,2
32,n<=8,sr<=70%,kvB<=1k,kp<=2k,-0.078,2
32,n<=8,sr<=70%,kvB<=1k,kp<=32k,-0.0254,2
32,n<=8,sr<=70%,kvB<=1k,kp<=4k,-0.0286,2
32,n<=8,sr<=70%,kvB<=1k,kp<=512,0.0835,2
32,n<=8,sr<=70%,kvB<=1k,kp<=64k,-5.5466,2
32,n<=8,sr<=70%,kvB<=1k,kp<=8k,-0.0823,2
32,n<=8,sr<=70%,kvB<=1k,kp=0,0.2915,2
32,n<=8,sr<=70%,kvB<=4k,kp<=16k,-0.0416,2
32,n<=8,sr<=70%,kvB<=4k,kp<=1k,0.1207,2
32,n<=8,sr<=70%,kvB<=4k,kp<=2k,0.027,2
32,n<=8,sr<=70%,kvB<=4k,kp<=32k,-0.0193,2
32,n<=8,sr<=70%,kvB<=4k,kp<=4k,-0.229,2
32,n<=8,sr<=70%,kvB<=4k,kp<=512,0.1974,2
32,n<=8,sr<=70%,kvB<=4k,kp<=64k,-0.0231,2
32,n<=8,sr<=70%,kvB<=4k,kp<=8k,-0.0278,2
32,n<=8,sr<=70%,kvB<=4k,kp=0,0.3104,2
32,n<=8,sr<=70%,kvB<=64k,kp<=16k,0.117,2
32,n<=8,sr<=70%,kvB<=64k,kp<=1k,0.3264,2
32,n<=8,sr<=70%,kvB<=64k,kp<=2k,0.3309,2
32,n<=8,sr<=70%,kvB<=64k,kp<=32k,0.0225,2
32,n<=8,sr<=70%,kvB<=64k,kp<=4k,0.3198,2
32,n<=8,sr<=70%,kvB<=64k,kp<=512,0.3297,2
32,n<=8,sr<=70%,kvB<=64k,kp<=64k,-0.2195,2
32,n<=8,sr<=70%,kvB<=64k,kp<=8k,0.2484,2
32,n<=8,sr<=70%,kvB<=64k,kp=0,0.3261,2
32,n<=8,sr>70%,kvB<=16k,kp<=16k,-0.7707,4
32,n<=8,sr>70%,kvB<=16k,kp<=1k,0.829,4
32,n<=8,sr>70%,kvB<=16k,kp<=2k,0.7614,4
32,n<=8,sr>70%,kvB<=16k,kp<=32k,-0.4959,4
32,n<=8,sr>70%,kvB<=16k,kp<=4k,0.4472,4
32,n<=8,sr>70%,kvB<=16k,kp<=512,0.834,4
32,n<=8,sr>70%,kvB<=16k,kp<=64k,-0.0852,4
32,n<=8,sr>70%,kvB<=16k,kp<=8k,-0.1776,4
32,n<=8,sr>70%,kvB<=16k,kp=0,0.821,4
32,n<=8,sr>70%,kvB<=1k,kp<=16k,0.2679,4
32,n<=8,sr>70%,kvB<=1k,kp<=1k,-0.5035,4
32,n<=8,sr>70%,kvB<=1k,kp<=2k,-0.0566,4
32,n<=8,sr>70%,kvB<=1k,kp<=32k,0.2393,4
32,n<=8,sr>70%,kvB<=1k,kp<=4k,0.2064,4
32,n<=8,sr>70%,kvB<=1k,kp<=512,-0.2157,4
32,n<=8,sr>70%,kvB<=1k,kp<=64k,0.2702,4
32,n<=8,sr>70%,kvB<=1k,kp<=8k,0.2331,4
32,n<=8,sr>70%,kvB<=1k,kp=0,0.6707,4
32,n<=8,sr>70%,kvB<=4k,kp<=16k,-0.0288,4
32,n<=8,sr>70%,kvB<=4k,kp<=1k,0.3237,4
32,n<=8,sr>70%,kvB<=4k,kp<=2k,-0.2453,4
32,n<=8,sr>70%,kvB<=4k,kp<=32k,0.0103,4
32,n<=8,sr>70%,kvB<=4k,kp<=4k,-0.7939,4
32,n<=8,sr>70%,kvB<=4k,kp<=512,0.6202,4
32,n<=8,sr>70%,kvB<=4k,kp<=64k,-0.223,4
32,n<=8,sr>70%,kvB<=4k,kp<=8k,-0.4535,4
32,n<=8,sr>70%,kvB<=4k,kp=0,0.8938,4
32,n<=8,sr>70%,kvB<=64k,kp<=16k,0.4052,4
32,n<=8,sr>70%,kvB<=64k,kp<=1k,0.8675,4
32,n<=8,sr>70%,kvB<=64k,kp<=2k,0.8775,4
32,n<=8,sr>70%,kvB<=64k,kp<=32k,-0.2228,4
32,n<=8,sr>70%,kvB<=64k,kp<=4k,0.9242,4
32,n<=8,sr>70%,kvB<=64k,kp<=512,0.875,4
32,n<=8,sr>70%,kvB<=64k,kp<=64k,-0.7773,4
32,n<=8,sr>70%,kvB<=64k,kp<=8k,0.8997,4
32,n<=8,sr>70%,kvB<=64k,kp=0,0.8719,4
64,n<=128,sr<=15%,kvB<=16k,kp<=16k,0.104,4
64,n<=128,sr<=15%,kvB<=16k,kp<=1k,0.1096,4
64,n<=128,sr<=15%,kvB<=16k,kp<=2k,0.1026,4
64,n<=128,sr<=15%,kvB<=16k,kp<=32k,0.0984,4
64,n<=128,sr<=15%,kvB<=16k,kp<=4k,0.1037,4
64,n<=128,sr<=15%,kvB<=16k,kp<=512,0.1051,4
64,n<=128,sr<=15%,kvB<=16k,kp<=64k,0.0681,4
64,n<=128,sr<=15%,kvB<=16k,kp<=8k,0.1044,4
64,n<=128,sr<=15%,kvB<=16k,kp=0,0.1085,4
64,n<=128,sr<=15%,kvB<=1k,kp<=16k,0.0769,4
64,n<=128,sr<=15%,kvB<=1k,kp<=1k,0.0625,4
64,n<=128,sr<=15%,kvB<=1k,kp<=2k,0.0681,4
64,n<=128,sr<=15%,kvB<=1k,kp<=32k,0.08,4
64,n<=128,sr<=15%,kvB<=1k,kp<=4k,0.0728,4
64,n<=128,sr<=15%,kvB<=1k,kp<=512,0.0707,4
64,n<=128,sr<=15%,kvB<=1k,kp<=64k,0.0691,4
64,n<=128,sr<=15%,kvB<=1k,kp<=8k,0.0591,4
64,n<=128,sr<=15%,kvB<=1k,kp=0,0.069,4
64,n<=128,sr<=15%,kvB<=4k,kp<=16k,0.0058,4
64,n<=128,sr<=15%,kvB<=4k,kp<=1k,0.0086,4
64,n<=128,sr<=15%,kvB<=4k,kp<=2k,0.0085,4
64,n<=128,sr<=15%,kvB<=4k,kp<=32k,0.0035,4
64,n<=128,sr<=15%,kvB<=4k,kp<=4k,0.0046,4
64,n<=128,sr<=15%,kvB<=4k,kp<=512,0.0092,4
64,n<=128,sr<=15%,kvB<=4k,kp<=64k,0.0041,4
64,n<=128,sr<=15%,kvB<=4k,kp<=8k,0.0052,4
64,n<=128,sr<=15%,kvB<=4k,kp=0,0.0084,4
64,n<=128,sr<=15%,kvB<=64k,kp<=16k,0.0121,4
64,n<=128,sr<=15%,kvB<=64k,kp<=1k,0.0252,4
64,n<=128,sr<=15%,kvB<=64k,kp<=2k,0.0203,4
64,n<=128,sr<=15%,kvB<=64k,kp<=32k,0.0122,4
64,n<=128,sr<=15%,kvB<=64k,kp<=4k,0.0118,4
64,n<=128,sr<=15%,kvB<=64k,kp<=512,0.0253,4
64,n<=128,sr<=15%,kvB<=64k,kp<=64k,0.0103,4
64,n<=128,sr<=15%,kvB<=64k,kp<=8k,0.0142,4
64,n<=128,sr<=15%,kvB<=64k,kp=0,0.0242,4
64,n<=128,sr<=40%,kvB<=16k,kp<=16k,0.1681,2
64,n<=128,sr<=40%,kvB<=16k,kp<=1k,0.1897,2
64,n<=128,sr<=40%,kvB<=16k,kp<=2k,0.1786,2
64,n<=128,sr<=40%,kvB<=16k,kp<=32k,0.1296,2
64,n<=128,sr<=40%,kvB<=16k,kp<=4k,0.1691,2
64,n<=128,sr<=40%,kvB<=16k,kp<=512,0.1773,2
64,n<=128,sr<=40%,kvB<=16k,kp<=64k,0.1239,2
64,n<=128,sr<=40%,kvB<=16k,kp<=8k,0.1875,2
64,n<=128,sr<=40%,kvB<=16k,kp=0,0.1916,2
64,n<=128,sr<=40%,kvB<=1k,kp<=16k,0.1133,2
64,n<=128,sr<=40%,kvB<=1k,kp<=1k,0.1061,2
64,n<=128,sr<=40%,kvB<=1k,kp<=2k,0.1032,2
64,n<=128,sr<=40%,kvB<=1k,kp<=32k,0.1273,2
64,n<=128,sr<=40%,kvB<=1k,kp<=4k,0.1123,2
64,n<=128,sr<=40%,kvB<=1k,kp<=512,0.1077,2
64,n<=128,sr<=40%,kvB<=1k,kp<=64k,0.1149,2
64,n<=128,sr<=40%,kvB<=1k,kp<=8k,0.1061,2
64,n<=128,sr<=40%,kvB<=1k,kp=0,0.1041,2
64,n<=128,sr<=40%,kvB<=4k,kp<=16k,-0.0207,2
64,n<=128,sr<=40%,kvB<=4k,kp<=1k,-0.0131,2
64,n<=128,sr<=40%,kvB<=4k,kp<=2k,-0.015,2
64,n<=128,sr<=40%,kvB<=4k,kp<=32k,-0.0192,2
64,n<=128,sr<=40%,kvB<=4k,kp<=4k,-0.0226,2
64,n<=128,sr<=40%,kvB<=4k,kp<=512,-0.0141,2
64,n<=128,sr<=40%,kvB<=4k,kp<=64k,-0.0135,2
64,n<=128,sr<=40%,kvB<=4k,kp<=8k,-0.0217,2
64,n<=128,sr<=40%,kvB<=4k,kp=0,-0.0144,2
64,n<=128,sr<=40%,kvB<=64k,kp<=16k,0.012,2
64,n<=128,sr<=40%,kvB<=64k,kp<=1k,0.0093,2
64,n<=128,sr<=40%,kvB<=64k,kp<=2k,0.0127,2
64,n<=128,sr<=40%,kvB<=64k,kp<=32k,0.0079,2
64,n<=128,sr<=40%,kvB<=64k,kp<=4k,0.0095,2
64,n<=128,sr<=40%,kvB<=64k,kp<=512,0.0189,2
64,n<=128,sr<=40%,kvB<=64k,kp<=64k,0.0076,2
64,n<=128,sr<=40%,kvB<=64k,kp<=8k,0.0109,2
64,n<=128,sr<=40%,kvB<=64k,kp=0,0.0323,2
64,n<=128,sr<=5%,kvB<=16k,kp<=16k,0.0238,8
64,n<=128,sr<=5%,kvB<=16k,kp<=1k,0.0268,8
64,n<=128,sr<=5%,kvB<=16k,kp<=2k,0.0276,8
64,n<=128,sr<=5%,kvB<=16k,kp<=32k,0.0315,8
64,n<=128,sr<=5%,kvB<=16k,kp<=4k,0.0275,8
64,n<=128,sr<=5%,kvB<=16k,kp<=512,0.0212,8
64,n<=128,sr<=5%,kvB<=16k,kp<=64k,0.0379,8
64,n<=128,sr<=5%,kvB<=16k,kp<=8k,0.0239,8
64,n<=128,sr<=5%,kvB<=16k,kp=0,0.0222,8
64,n<=128,sr<=5%,kvB<=1k,kp<=16k,0.016,8
64,n<=128,sr<=5%,kvB<=1k,kp<=1k,0.0065,8
64,n<=128,sr<=5%,kvB<=1k,kp<=2k,0.0046,8
64,n<=128,sr<=5%,kvB<=1k,kp<=32k,0.0161,8
64,n<=128,sr<=5%,kvB<=1k,kp<=4k,0.0145,8
64,n<=128,sr<=5%,kvB<=1k,kp<=512,0.0151,8
64,n<=128,sr<=5%,kvB<=1k,kp<=64k,0.0063,8
64,n<=128,sr<=5%,kvB<=1k,kp<=8k,0.0105,8
64,n<=128,sr<=5%,kvB<=1k,kp=0,0.0171,8
64,n<=128,sr<=5%,kvB<=4k,kp<=16k,0.0076,8
64,n<=128,sr<=5%,kvB<=4k,kp<=1k,0.0106,8
64,n<=128,sr<=5%,kvB<=4k,kp<=2k,0.0104,8
64,n<=128,sr<=5%,kvB<=4k,kp<=32k,0.0074,8
64,n<=128,sr<=5%,kvB<=4k,kp<=4k,0.0053,8
64,n<=128,sr<=5%,kvB<=4k,kp<=512,0.0106,8
64,n<=128,sr<=5%,kvB<=4k,kp<=64k,0.0078,8
64,n<=128,sr<=5%,kvB<=4k,kp<=8k,0.0085,8
64,n<=128,sr<=5%,kvB<=4k,kp=0,0.0108,8
64,n<=128,sr<=5%,kvB<=64k,kp<=16k,0.0172,8
64,n<=128,sr<=5%,kvB<=64k,kp<=1k,0.0124,8
64,n<=128,sr<=5%,kvB<=64k,kp<=2k,0.0171,8
64,n<=128,sr<=5%,kvB<=64k,kp<=32k,0.0096,8
64,n<=128,sr<=5%,kvB<=64k,kp<=4k,0.0103,8
64,n<=128,sr<=5%,kvB<=64k,kp<=512,0.0178,8
64,n<=128,sr<=5%,kvB<=64k,kp<=64k,0.0123,8
64,n<=128,sr<=5%,kvB<=64k,kp<=8k,0.022,8
64,n<=128,sr<=5%,kvB<=64k,kp=0,0.0178,8
64,n<=128,sr<=70%,kvB<=16k,kp<=16k,0.1092,2
64,n<=128,sr<=70%,kvB<=16k,kp<=1k,0.128,2
64,n<=128,sr<=70%,kvB<=16k,kp<=2k,0.1674,2
64,n<=128,sr<=70%,kvB<=16k,kp<=32k,0.145,2
64,n<=128,sr<=70%,kvB<=16k,kp<=4k,0.139,2
64,n<=128,sr<=70%,kvB<=16k,kp<=512,0.295,2
64,n<=128,sr<=70%,kvB<=16k,kp<=64k,0.1327,2
64,n<=128,sr<=70%,kvB<=16k,kp<=8k,0.1811,2
64,n<=128,sr<=70%,kvB<=16k,kp=0,0.2852,2
64,n<=128,sr<=70%,kvB<=1k,kp<=16k,0.0499,2
64,n<=128,sr<=70%,kvB<=1k,kp<=1k,0.0198,2
64,n<=128,sr<=70%,kvB<=1k,kp<=2k,0.0282,2
64,n<=128,sr<=70%,kvB<=1k,kp<=32k,0.0527,2
64,n<=128,sr<=70%,kvB<=1k,kp<=4k,0.0393,2
64,n<=128,sr<=70%,kvB<=1k,kp<=512,0.0191,2
64,n<=128,sr<=70%,kvB<=1k,kp<=64k,0.0631,2
64,n<=128,sr<=70%,kvB<=1k,kp<=8k,0.0441,2
64,n<=128,sr<=70%,kvB<=1k,kp=0,0.0101,2
64,n<=128,sr<=70%,kvB<=4k,kp<=16k,-0.0672,2
64,n<=128,sr<=70%,kvB<=4k,kp<=1k,-0.0877,2
64,n<=128,sr<=70%,kvB<=4k,kp<=2k,-0.0979,2
64,n<=128,sr<=70%,kvB<=4k,kp<=32k,-0.1888,2
64,n<=128,sr<=70%,kvB<=4k,kp<=4k,-0.0585,2
64,n<=128,sr<=70%,kvB<=4k,kp<=512,-0.1114,2
64,n<=128,sr<=70%,kvB<=4k,kp<=64k,-0.3422,2
64,n<=128,sr<=70%,kvB<=4k,kp<=8k,-0.0391,2
64,n<=128,sr<=70%,kvB<=4k,kp=0,-0.0377,2
64,n<=128,sr<=70%,kvB<=64k,kp<=16k,0.0057,2
64,n<=128,sr<=70%,kvB<=64k,kp<=1k,0.0244,2
64,n<=128,sr<=70%,kvB<=64k,kp<=2k,0.0185,2
64,n<=128,sr<=70%,kvB<=64k,kp<=32k,0.0075,2
64,n<=128,sr<=70%,kvB<=64k,kp<=4k,0.0037,2
64,n<=128,sr<=70%,kvB<=64k,kp<=512,0.0146,2
64,n<=128,sr<=70%,kvB<=64k,kp<=64k,0.0005,2
64,n<=128,sr<=70%,kvB<=64k,kp<=8k,0.0049,2
64,n<=128,sr<=70%,kvB<=64k,kp=0,0.0292,2
64,n<=128,sr>70%,kvB<=16k,kp<=16k,0.2638,4
64,n<=128,sr>70%,kvB<=16k,kp<=1k,0.3402,4
64,n<=128,sr>70%,kvB<=16k,kp<=2k,0.3696,4
64,n<=128,sr>70%,kvB<=16k,kp<=32k,0.2699,3
64,n<=128,sr>70%,kvB<=16k,kp<=4k,0.3443,4
64,n<=128,sr>70%,kvB<=16k,kp<=512,0.4961,4
64,n<=128,sr>70%,kvB<=16k,kp<=64k,0.2849,4
64,n<=128,sr>70%,kvB<=16k,kp<=8k,0.282,4
64,n<=128,sr>70%,kvB<=16k,kp=0,0.4658,4
64,n<=128,sr>70%,kvB<=1k,kp<=16k,0.2868,4
64,n<=128,sr>70%,kvB<=1k,kp<=1k,0.2981,4
64,n<=128,sr>70%,kvB<=1k,kp<=2k,0.308,4
64,n<=128,sr>70%,kvB<=1k,kp<=32k,0.3184,4
64,n<=128,sr>70%,kvB<=1k,kp<=4k,0.3295,4
64,n<=128,sr>70%,kvB<=1k,kp<=512,0.2885,4
64,n<=128,sr>70%,kvB<=1k,kp<=64k,0.3508,4
64,n<=128,sr>70%,kvB<=1k,kp<=8k,0.3215,4
64,n<=128,sr>70%,kvB<=1k,kp=0,0.2723,4
64,n<=128,sr>70%,kvB<=4k,kp<=16k,-0.6612,4
64,n<=128,sr>70%,kvB<=4k,kp<=1k,-0.6134,4
64,n<=128,sr>70%,kvB<=4k,kp<=2k,-0.5629,4
64,n<=128,sr>70%,kvB<=4k,kp<=32k,-0.6889,4
64,n<=128,sr>70%,kvB<=4k,kp<=4k,-0.6003,4
64,n<=128,sr>70%,kvB<=4k,kp<=512,-0.5783,4
64,n<=128,sr>70%,kvB<=4k,kp<=64k,-0.3157,4
64,n<=128,sr>70%,kvB<=4k,kp<=8k,-0.7358,4
64,n<=128,sr>70%,kvB<=4k,kp=0,-0.5612,4
64,n<=128,sr>70%,kvB<=64k,kp<=16k,0.0909,4
64,n<=128,sr>70%,kvB<=64k,kp<=1k,0.13,4
64,n<=128,sr>70%,kvB<=64k,kp<=2k,0.0901,4
64,n<=128,sr>70%,kvB<=64k,kp<=32k,0.0834,4
64,n<=128,sr>70%,kvB<=64k,kp<=4k,0.0875,4
64,n<=128,sr>70%,kvB<=64k,kp<=512,0.1255,4
64,n<=128,sr>70%,kvB<=64k,kp<=64k,0.0929,4
64,n<=128,sr>70%,kvB<=64k,kp<=8k,0.1008,4
64,n<=128,sr>70%,kvB<=64k,kp=0,0.1297,4
64,n<=16,sr<=15%,kvB<=16k,kp<=16k,-0.0095,4
64,n<=16,sr<=15%,kvB<=16k,kp<=1k,0.1385,4
64,n<=16,sr<=15%,kvB<=16k,kp<=2k,0.148,4
64,n<=16,sr<=15%,kvB<=16k,kp<=32k,-0.0066,4
64,n<=16,sr<=15%,kvB<=16k,kp<=4k,0.1522,4
64,n<=16,sr<=15%,kvB<=16k,kp<=512,0.1328,4
64,n<=16,sr<=15%,kvB<=16k,kp<=64k,-0.0095,4
64,n<=16,sr<=15%,kvB<=16k,kp<=8k,0.1046,4
64,n<=16,sr<=15%,kvB<=16k,kp=0,0.1307,4
64,n<=16,sr<=15%,kvB<=1k,kp<=16k,0.0596,4
64,n<=16,sr<=15%,kvB<=1k,kp<=1k,0.0546,4
64,n<=16,sr<=15%,kvB<=1k,kp<=2k,0.0921,4
64,n<=16,sr<=15%,kvB<=1k,kp<=32k,0.1125,4
64,n<=16,sr<=15%,kvB<=1k,kp<=4k,0.099,4
64,n<=16,sr<=15%,kvB<=1k,kp<=512,0.1773,4
64,n<=16,sr<=15%,kvB<=1k,kp<=64k,0.0136,4
64,n<=16,sr<=15%,kvB<=1k,kp<=8k,0.0905,4
64,n<=16,sr<=15%,kvB<=1k,kp=0,0.2076,4
64,n<=16,sr<=15%,kvB<=4k,kp<=16k,0.0224,4
64,n<=16,sr<=15%,kvB<=4k,kp<=1k,0.1688,4
64,n<=16,sr<=15%,kvB<=4k,kp<=2k,0.1189,4
64,n<=16,sr<=15%,kvB<=4k,kp<=32k,0.0243,4
64,n<=16,sr<=15%,kvB<=4k,kp<=4k,-0.0009,4
64,n<=16,sr<=15%,kvB<=4k,kp<=512,0.1652,4
64,n<=16,sr<=15%,kvB<=4k,kp<=64k,0.02,4
64,n<=16,sr<=15%,kvB<=4k,kp<=8k,0.0269,4
64,n<=16,sr<=15%,kvB<=4k,kp=0,0.1442,4
64,n<=16,sr<=15%,kvB<=64k,kp<=16k,0.1481,4
64,n<=16,sr<=15%,kvB<=64k,kp<=1k,0.13,4
64,n<=16,sr<=15%,kvB<=64k,kp<=2k,0.1346,4
64,n<=16,sr<=15%,kvB<=64k,kp<=32k,0.0957,4
64,n<=16,sr<=15%,kvB<=64k,kp<=4k,0.1341,4
64,n<=16,sr<=15%,kvB<=64k,kp<=512,0.1334,4
64,n<=16,sr<=15%,kvB<=64k,kp<=64k,-0.0123,4
64,n<=16,sr<=15%,kvB<=64k,kp<=8k,0.1517,4
64,n<=16,sr<=15%,kvB<=64k,kp=0,0.1355,4
64,n<=16,sr<=40%,kvB<=16k,kp<=16k,-0.0166,4
64,n<=16,sr<=40%,kvB<=16k,kp<=1k,0.1137,4
64,n<=16,sr<=40%,kvB<=16k,kp<=2k,0.1191,4
64,n<=16,sr<=40%,kvB<=16k,kp<=32k,-0.0287,4
64,n<=16,sr<=40%,kvB<=16k,kp<=4k,0.1396,4
64,n<=16,sr<=40%,kvB<=16k,kp<=512,0.1088,4
64,n<=16,sr<=40%,kvB<=16k,kp<=64k,0.0095,4
64,n<=16,sr<=40%,kvB<=16k,kp<=8k,0.1204,4
64,n<=16,sr<=40%,kvB<=16k,kp=0,0.1096,4
64,n<=16,sr<=40%,kvB<=1k,kp<=16k,0.0753,4
64,n<=16,sr<=40%,kvB<=1k,kp<=1k,0.1116,4
64,n<=16,sr<=40%,kvB<=1k,kp<=2k,0.0781,4
64,n<=16,sr<=40%,kvB<=1k,kp<=32k,0.1043,4
64,n<=16,sr<=40%,kvB<=1k,kp<=4k,0.0956,4
64,n<=16,sr<=40%,kvB<=1k,kp<=512,0.1874,4
64,n<=16,sr<=40%,kvB<=1k,kp<=64k,0.1438,4
64,n<=16,sr<=40%,kvB<=1k,kp<=8k,0.0788,4
64,n<=16,sr<=40%,kvB<=1k,kp=0,0.2077,4
64,n<=16,sr<=40%,kvB<=4k,kp<=16k,0.0204,4
64,n<=16,sr<=40%,kvB<=4k,kp<=1k,0.1602,4
64,n<=16,sr<=40%,kvB<=4k,kp<=2k,0.1356,4
64,n<=16,sr<=40%,kvB<=4k,kp<=32k,0.0304,4
64,n<=16,sr<=40%,kvB<=4k,kp<=4k,0.013,4
64,n<=16,sr<=40%,kvB<=4k,kp<=512,0.1455,4
64,n<=16,sr<=40%,kvB<=4k,kp<=64k,0.0288,4
64,n<=16,sr<=40%,kvB<=4k,kp<=8k,-0.0063,4
64,n<=16,sr<=40%,kvB<=4k,kp=0,0.1307,4
64,n<=16,sr<=40%,kvB<=64k,kp<=16k,0.1355,4
64,n<=16,sr<=40%,kvB<=64k,kp<=1k,0.1101,4
64,n<=16,sr<=40%,kvB<=64k,kp<=2k,0.1112,4
64,n<=16,sr<=40%,kvB<=64k,kp<=32k,0.1212,4
64,n<=16,sr<=40%,kvB<=64k,kp<=4k,0.1199,4
64,n<=16,sr<=40%,kvB<=64k,kp<=512,0.1087,4
64,n<=16,sr<=40%,kvB<=64k,kp<=64k,-0.0466,4
64,n<=16,sr<=40%,kvB<=64k,kp<=8k,0.1486,4
64,n<=16,sr<=40%,kvB<=64k,kp=0,0.1127,4
64,n<=16,sr<=70%,kvB<=16k,kp<=16k,0.0297,2
64,n<=16,sr<=70%,kvB<=16k,kp<=1k,0.098,2
64,n<=16,sr<=70%,kvB<=16k,kp<=2k,0.1021,2
64,n<=16,sr<=70%,kvB<=16k,kp<=32k,-0.0986,2
64,n<=16,sr<=70%,kvB<=16k,kp<=4k,0.1284,2
64,n<=16,sr<=70%,kvB<=16k,kp<=512,0.0865,2
64,n<=16,sr<=70%,kvB<=16k,kp<=64k,-0.0119,2
64,n<=16,sr<=70%,kvB<=16k,kp<=8k,0.1674,2
64,n<=16,sr<=70%,kvB<=16k,kp=0,0.0924,2
64,n<=16,sr<=70%,kvB<=1k,kp<=16k,0.1361,2
64,n<=16,sr<=70%,kvB<=1k,kp<=1k,0.1081,2
64,n<=16,sr<=70%,kvB<=1k,kp<=2k,0.0509,2
64,n<=16,sr<=70%,kvB<=1k,kp<=32k,0.0962,2
64,n<=16,sr<=70%,kvB<=1k,kp<=4k,0.0628,2
64,n<=16,sr<=70%,kvB<=1k,kp<=512,0.2118,2
64,n<=16,sr<=70%,kvB<=1k,kp<=64k,0.0943,2
64,n<=16,sr<=70%,kvB<=1k,kp<=8k,0.0753,2
64,n<=16,sr<=70%,kvB<=1k,kp=0,0.1875,2
64,n<=16,sr<=70%,kvB<=4k,kp<=16k,0.0156,2
64,n<=16,sr<=70%,kvB<=4k,kp<=1k,0.1445,2
64,n<=16,sr<=70%,kvB<=4k,kp<=2k,0.1558,2
64,n<=16,sr<=70%,kvB<=4k,kp<=32k,0.0205,2
64,n<=16,sr<=70%,kvB<=4k,kp<=4k,0.0223,2
64,n<=16,sr<=70%,kvB<=4k,kp<=512,0.134,2
64,n<=16,sr<=70%,kvB<=4k,kp<=64k,0.0744,2
64,n<=16,sr<=70%,kvB<=4k,kp<=8k,-0.1039,2
64,n<=16,sr<=70%,kvB<=4k,kp=0,0.1187,2
64,n<=16,sr<=70%,kvB<=64k,kp<=16k,0.1915,2
64,n<=16,sr<=70%,kvB<=64k,kp<=1k,0.1869,2
64,n<=16,sr<=70%,kvB<=64k,kp<=2k,0.231,2
64,n<=16,sr<=70%,kvB<=64k,kp<=32k,0.2864,2
64,n<=16,sr<=70%,kvB<=64k,kp<=4k,0.3882,2
64,n<=16,sr<=70%,kvB<=64k,kp<=512,0.1783,2
64,n<=16,sr<=70%,kvB<=64k,kp<=64k,0.1209,2
64,n<=16,sr<=70%,kvB<=64k,kp<=8k,0.5263,2
64,n<=16,sr<=70%,kvB<=64k,kp=0,0.1798,2
64,n<=16,sr>70%,kvB<=16k,kp<=16k,0.2875,4
64,n<=16,sr>70%,kvB<=16k,kp<=1k,0.0174,4
64,n<=16,sr>70%,kvB<=16k,kp<=2k,0.0363,4
64,n<=16,sr>70%,kvB<=16k,kp<=32k,0.0484,4
64,n<=16,sr>70%,kvB<=16k,kp<=4k,0.1013,4
64,n<=16,sr>70%,kvB<=16k,kp<=512,0.0173,4
64,n<=16,sr>70%,kvB<=16k,kp<=64k,0.0563,4
64,n<=16,sr>70%,kvB<=16k,kp<=8k,0.2431,4
64,n<=16,sr>70%,kvB<=16k,kp=0,-0.0035,4
64,n<=16,sr>70%,kvB<=1k,kp<=16k,0.4083,4
64,n<=16,sr>70%,kvB<=1k,kp<=1k,0.4491,4
64,n<=16,sr>70%,kvB<=1k,kp<=2k,0.3859,4
64,n<=16,sr>70%,kvB<=1k,kp<=32k,0.3656,4
64,n<=16,sr>70%,kvB<=1k,kp<=4k,0.2319,4
64,n<=16,sr>70%,kvB<=1k,kp<=512,0.4681,4
64,n<=16,sr>70%,kvB<=1k,kp<=64k,0.2931,4
64,n<=16,sr>70%,kvB<=1k,kp<=8k,0.4385,4
64,n<=16,sr>70%,kvB<=1k,kp=0,0.344,4
64,n<=16,sr>70%,kvB<=4k,kp<=16k,0.0473,4
64,n<=16,sr>70%,kvB<=4k,kp<=1k,0.1755,4
64,n<=16,sr>70%,kvB<=4k,kp<=2k,0.2092,4
64,n<=16,sr>70%,kvB<=4k,kp<=32k,0.2006,4
64,n<=16,sr>70%,kvB<=4k,kp<=4k,0.2935,4
64,n<=16,sr>70%,kvB<=4k,kp<=512,0.1156,4
64,n<=16,sr>70%,kvB<=4k,kp<=64k,0.1925,4
64,n<=16,sr>70%,kvB<=4k,kp<=8k,0.1642,4
64,n<=16,sr>70%,kvB<=4k,kp=0,0.0469,4
64,n<=16,sr>70%,kvB<=64k,kp<=16k,1.0843,4
64,n<=16,sr>70%,kvB<=64k,kp<=1k,0.8865,4
64,n<=16,sr>70%,kvB<=64k,kp<=2k,0.7505,4
64,n<=16,sr>70%,kvB<=64k,kp<=32k,1.6325,4
64,n<=16,sr>70%,kvB<=64k,kp<=4k,0.9554,4
64,n<=16,sr>70%,kvB<=64k,kp<=512,0.7985,4
64,n<=16,sr>70%,kvB<=64k,kp<=64k,1.8344,4
64,n<=16,sr>70%,kvB<=64k,kp<=8k,1.3061,4
64,n<=16,sr>70%,kvB<=64k,kp=0,0.8174,4
64,n<=2,sr<=70%,kvB<=16k,kp<=16k,-0.8955,2
64,n<=2,sr<=70%,kvB<=16k,kp<=1k,0.9507,2
64,n<=2,sr<=70%,kvB<=16k,kp<=2k,0.951,2
64,n<=2,sr<=70%,kvB<=16k,kp<=32k,-0.9464,2
64,n<=2,sr<=70%,kvB<=16k,kp<=4k,0.8203,2
64,n<=2,sr<=70%,kvB<=16k,kp<=512,0.9556,2
64,n<=2,sr<=70%,kvB<=16k,kp<=64k,-0.7204,2
64,n<=2,sr<=70%,kvB<=16k,kp<=8k,-0.0228,2
64,n<=2,sr<=70%,kvB<=16k,kp=0,0.9546,2
64,n<=2,sr<=70%,kvB<=1k,kp<=16k,-0.0199,2
64,n<=2,sr<=70%,kvB<=1k,kp<=1k,-0.8564,2
64,n<=2,sr<=70%,kvB<=1k,kp<=2k,-0.8177,2
64,n<=2,sr<=70%,kvB<=1k,kp<=32k,0.8204,2
64,n<=2,sr<=70%,kvB<=1k,kp<=4k,-0.7145,2
64,n<=2,sr<=70%,kvB<=1k,kp<=512,-0.0173,2
64,n<=2,sr<=70%,kvB<=1k,kp<=8k,-0.662,2
64,n<=2,sr<=70%,kvB<=1k,kp=0,0.8891,2
64,n<=2,sr<=70%,kvB<=4k,kp<=16k,-0.8758,2
64,n<=2,sr<=70%,kvB<=4k,kp<=1k,0.7365,2
64,n<=2,sr<=70%,kvB<=4k,kp<=2k,-0.0367,2
64,n<=2,sr<=70%,kvB<=4k,kp<=32k,-0.3489,2
64,n<=2,sr<=70%,kvB<=4k,kp<=4k,-0.9621,2
64,n<=2,sr<=70%,kvB<=4k,kp<=512,0.9377,2
64,n<=2,sr<=70%,kvB<=4k,kp<=64k,0.2104,2
64,n<=2,sr<=70%,kvB<=4k,kp<=8k,-0.9733,2
64,n<=2,sr<=70%,kvB<=4k,kp=0,0.9329,2
64,n<=2,sr<=70%,kvB<=64k,kp<=16k,0.7345,2
64,n<=2,sr<=70%,kvB<=64k,kp<=1k,0.9754,2
64,n<=2,sr<=70%,kvB<=64k,kp<=2k,0.9651,2
64,n<=2,sr<=70%,kvB<=64k,kp<=32k,0.0016,2
64,n<=2,sr<=70%,kvB<=64k,kp<=4k,0.9715,2
64,n<=2,sr<=70%,kvB<=64k,kp<=512,0.9708,2
64,n<=2,sr<=70%,kvB<=64k,kp<=64k,-0.9738,2
64,n<=2,sr<=70%,kvB<=64k,kp<=8k,0.962,2
64,n<=2,sr<=70%,kvB<=64k,kp=0,0.9792,2
64,n<=32,sr<=15%,kvB<=16k,kp<=16k,-0.0013,6
64,n<=32,sr<=15%,kvB<=16k,kp<=1k,0.0763,6
64,n<=32,sr<=15%,kvB<=16k,kp<=2k,0.0677,6
64,n<=32,sr<=15%,kvB<=16k,kp<=32k,-0.0061,6
64,n<=32,sr<=15%,kvB<=16k,kp<=4k,0.0449,6
64,n<=32,sr<=15%,kvB<=16k,kp<=512,0.0786,6
64,n<=32,sr<=15%,kvB<=16k,kp<=64k,-0.0157,6
64,n<=32,sr<=15%,kvB<=16k,kp<=8k,0.0354,6
64,n<=32,sr<=15%,kvB<=16k,kp=0,0.0824,6
64,n<=32,sr<=15%,kvB<=1k,kp<=16k,0.0642,6
64,n<=32,sr<=15%,kvB<=1k,kp<=1k,0.0697,6
64,n<=32,sr<=15%,kvB<=1k,kp<=2k,0.0619,6
64,n<=32,sr<=15%,kvB<=1k,kp<=32k,0.0544,6
64,n<=32,sr<=15%,kvB<=1k,kp<=4k,0.0778,6
64,n<=32,sr<=15%,kvB<=1k,kp<=512,0.1044,6
64,n<=32,sr<=15%,kvB<=1k,kp<=64k,0.0826,6
64,n<=32,sr<=15%,kvB<=1k,kp<=8k,0.0756,6
64,n<=32,sr<=15%,kvB<=1k,kp=0,0.1355,6
64,n<=32,sr<=15%,kvB<=4k,kp<=16k,-0.0008,6
64,n<=32,sr<=15%,kvB<=4k,kp<=1k,0.0732,6
64,n<=32,sr<=15%,kvB<=4k,kp<=2k,0.0518,6
64,n<=32,sr<=15%,kvB<=4k,kp<=32k,0.0068,6
64,n<=32,sr<=15%,kvB<=4k,kp<=4k,0.0095,6
64,n<=32,sr<=15%,kvB<=4k,kp<=512,0.0835,6
64,n<=32,sr<=15%,kvB<=4k,kp<=64k,0.007,6
64,n<=32,sr<=15%,kvB<=4k,kp<=8k,0.0001,6
64,n<=32,sr<=15%,kvB<=4k,kp=0,0.0947,6
64,n<=32,sr<=15%,kvB<=64k,kp<=16k,0.0385,6
64,n<=32,sr<=15%,kvB<=64k,kp<=1k,0.0988,6
64,n<=32,sr<=15%,kvB<=64k,kp<=2k,0.0994,6
64,n<=32,sr<=15%,kvB<=64k,kp<=32k,0.0622,6
64,n<=32,sr<=15%,kvB<=64k,kp<=4k,0.0919,6
64,n<=32,sr<=15%,kvB<=64k,kp<=512,0.0996,6
64,n<=32,sr<=15%,kvB<=64k,kp<=64k,0.0689,6
64,n<=32,sr<=15%,kvB<=64k,kp<=8k,0.0763,6
64,n<=32,sr<=15%,kvB<=64k,kp=0,0.0993,6
64,n<=32,sr<=40%,kvB<=16k,kp<=16k,0.032,2
64,n<=32,sr<=40%,kvB<=16k,kp<=1k,0.0793,2
64,n<=32,sr<=40%,kvB<=16k,kp<=2k,0.0777,2
64,n<=32,sr<=40%,kvB<=16k,kp<=32k,0.003,2
64,n<=32,sr<=40%,kvB<=16k,kp<=4k,0.0574,2
64,n<=32,sr<=40%,kvB<=16k,kp<=512,0.0778,2
64,n<=32,sr<=40%,kvB<=16k,kp<=64k,-0.0035,2
64,n<=32,sr<=40%,kvB<=16k,kp<=8k,0.0304,2
64,n<=32,sr<=40%,kvB<=16k,kp=0,0.0858,2
64,n<=32,sr<=40%,kvB<=1k,kp<=16k,0.0954,2
64,n<=32,sr<=40%,kvB<=1k,kp<=1k,0.0961,2
64,n<=32,sr<=40%,kvB<=1k,kp<=2k,0.1186,2
64,n<=32,sr<=40%,kvB<=1k,kp<=32k,0.0846,2
64,n<=32,sr<=40%,kvB<=1k,kp<=4k,0.1151,2
64,n<=32,sr<=40%,kvB<=1k,kp<=512,0.1306,2
64,n<=32,sr<=40%,kvB<=1k,kp<=64k,0.1432,2
64,n<=32,sr<=40%,kvB<=1k,kp<=8k,0.1224,2
64,n<=32,sr<=40%,kvB<=1k,kp=0,0.1695,2
64,n<=32,sr<=40%,kvB<=4k,kp<=16k,-0.0021,2
64,n<=32,sr<=40%,kvB<=4k,kp<=1k,0.0518,2
64,n<=32,sr<=40%,kvB<=4k,kp<=2k,0.0354,2
64,n<=32,sr<=40%,kvB<=4k,kp<=32k,-0.016,2
64,n<=32,sr<=40%,kvB<=4k,kp<=4k,-0.003,2
64,n<=32,sr<=40%,kvB<=4k,kp<=512,0.0667,2
64,n<=32,sr<=40%,kvB<=4k,kp<=64k,-0.0114,2
64,n<=32,sr<=40%,kvB<=4k,kp<=8k,0.0041,2
64,n<=32,sr<=40%,kvB<=4k,kp=0,0.0835,2
64,n<=32,sr<=40%,kvB<=64k,kp<=16k,0.1667,2
64,n<=32,sr<=40%,kvB<=64k,kp<=1k,0.4385,2
64,n<=32,sr<=40%,kvB<=64k,kp<=2k,0.5084,2
64,n<=32,sr<=40%,kvB<=64k,kp<=32k,0.2307,2
64,n<=32,sr<=40%,kvB<=64k,kp<=4k,0.367,2
64,n<=32,sr<=40%,kvB<=64k,kp<=512,0.3962,2
64,n<=32,sr<=40%,kvB<=64k,kp<=64k,0.4459,2
64,n<=32,sr<=40%,kvB<=64k,kp<=8k,0.2853,2
64,n<=32,sr<=40%,kvB<=64k,kp=0,0.386,2
64,n<=32,sr<=5%,kvB<=16k,kp<=16k,-0.0043,2
64,n<=32,sr<=5%,kvB<=16k,kp<=1k,0.0746,2
64,n<=32,sr<=5%,kvB<=16k,kp<=2k,0.0685,2
64,n<=32,sr<=5%,kvB<=16k,kp<=32k,-0.001,2
64,n<=32,sr<=5%,kvB<=16k,kp<=4k,0.0514,2
64,n<=32,sr<=5%,kvB<=16k,kp<=512,0.0815,2
64,n<=32,sr<=5%,kvB<=16k,kp<=64k,0.0016,2
64,n<=32,sr<=5%,kvB<=16k,kp<=8k,0.0424,2
64,n<=32,sr<=5%,kvB<=16k,kp=0,0.0837,2
64,n<=32,sr<=5%,kvB<=1k,kp<=16k,0.0282,2
64,n<=32,sr<=5%,kvB<=1k,kp<=1k,0.0276,2
64,n<=32,sr<=5%,kvB<=1k,kp<=2k,0.0061,2
64,n<=32,sr<=5%,kvB<=1k,kp<=32k,0.0187,2
64,n<=32,sr<=5%,kvB<=1k,kp<=4k,0.0355,2
64,n<=32,sr<=5%,kvB<=1k,kp<=512,0.0495,2
64,n<=32,sr<=5%,kvB<=1k,kp<=64k,-0.0077,2
64,n<=32,sr<=5%,kvB<=1k,kp<=8k,0.0236,2
64,n<=32,sr<=5%,kvB<=1k,kp=0,0.0857,2
64,n<=32,sr<=5%,kvB<=4k,kp<=16k,0.028,2
64,n<=32,sr<=5%,kvB<=4k,kp<=1k,0.0817,2
64,n<=32,sr<=5%,kvB<=4k,kp<=2k,0.0639,2
64,n<=32,sr<=5%,kvB<=4k,kp<=32k,0.0247,2
64,n<=32,sr<=5%,kvB<=4k,kp<=4k,0.0236,2
64,n<=32,sr<=5%,kvB<=4k,kp<=512,0.0877,2
64,n<=32,sr<=5%,kvB<=4k,kp<=64k,0.0213,2
64,n<=32,sr<=5%,kvB<=4k,kp<=8k,0.0175,2
64,n<=32,sr<=5%,kvB<=4k,kp=0,0.1032,2
64,n<=32,sr<=5%,kvB<=64k,kp<=16k,0.0374,2
64,n<=32,sr<=5%,kvB<=64k,kp<=1k,0.0888,2
64,n<=32,sr<=5%,kvB<=64k,kp<=2k,0.092,2
64,n<=32,sr<=5%,kvB<=64k,kp<=32k,0.0346,2
64,n<=32,sr<=5%,kvB<=64k,kp<=4k,0.0555,2
64,n<=32,sr<=5%,kvB<=64k,kp<=512,0.0895,2
64,n<=32,sr<=5%,kvB<=64k,kp<=64k,0.0047,2
64,n<=32,sr<=5%,kvB<=64k,kp<=8k,0.0394,2
64,n<=32,sr<=5%,kvB<=64k,kp=0,0.0895,2
64,n<=32,sr<=70%,kvB<=16k,kp<=16k,0.1925,2
64,n<=32,sr<=70%,kvB<=16k,kp<=1k,0.2734,2
64,n<=32,sr<=70%,kvB<=16k,kp<=2k,0.2756,2
64,n<=32,sr<=70%,kvB<=16k,kp<=32k,0.2285,2
64,n<=32,sr<=70%,kvB<=16k,kp<=4k,0.1556,2
64,n<=32,sr<=70%,kvB<=16k,kp<=512,0.2724,2
64,n<=32,sr<=70%,kvB<=16k,kp<=64k,0.3317,2
64,n<=32,sr<=70%,kvB<=16k,kp<=8k,0.174,2
64,n<=32,sr<=70%,kvB<=16k,kp=0,0.2518,2
64,n<=32,sr<=70%,kvB<=1k,kp<=16k,0.0643,2
64,n<=32,sr<=70%,kvB<=1k,kp<=1k,0.0322,2
64,n<=32,sr<=70%,kvB<=1k,kp<=2k,0.0541,2
64,n<=32,sr<=70%,kvB<=1k,kp<=32k,0.0316,2
64,n<=32,sr<=70%,kvB<=1k,kp<=4k,0.0267,2
64,n<=32,sr<=70%,kvB<=1k,kp<=512,0.0739,2
64,n<=32,sr<=70%,kvB<=1k,kp<=64k,-0.0363,2
64,n<=32,sr<=70%,kvB<=1k,kp<=8k,0.0524,2
64,n<=32,sr<=70%,kvB<=1k,kp=0,0.1244,2
64,n<=32,sr<=70%,kvB<=4k,kp<=16k,-0.0437,2
64,n<=32,sr<=70%,kvB<=4k,kp<=1k,0.0449,2
64,n<=32,sr<=70%,kvB<=4k,kp<=2k,0.016,2
64,n<=32,sr<=70%,kvB<=4k,kp<=32k,-0.0381,2
64,n<=32,sr<=70%,kvB<=4k,kp<=4k,-0.0275,2
64,n<=32,sr<=70%,kvB<=4k,kp<=512,0.0762,2
64,n<=32,sr<=70%,kvB<=4k,kp<=64k,0.0076,2
64,n<=32,sr<=70%,kvB<=4k,kp<=8k,-0.007,2
64,n<=32,sr<=70%,kvB<=4k,kp=0,0.0946,2
64,n<=32,sr<=70%,kvB<=64k,kp<=16k,0.3622,2
64,n<=32,sr<=70%,kvB<=64k,kp<=1k,1.4341,2
64,n<=32,sr<=70%,kvB<=64k,kp<=2k,1.3371,2
64,n<=32,sr<=70%,kvB<=64k,kp<=32k,0.4991,2
64,n<=32,sr<=70%,kvB<=64k,kp<=4k,1.3028,2
64,n<=32,sr<=70%,kvB<=64k,kp<=512,1.4072,2
64,n<=32,sr<=70%,kvB<=64k,kp<=64k,1.6353,2
64,n<=32,sr<=70%,kvB<=64k,kp<=8k,0.6221,2
64,n<=32,sr<=70%,kvB<=64k,kp=0,1.5188,2
64,n<=32,sr>70%,kvB<=16k,kp<=16k,1.3651,4
64,n<=32,sr>70%,kvB<=16k,kp<=1k,1.5972,4
64,n<=32,sr>70%,kvB<=16k,kp<=2k,1.5975,4
64,n<=32,sr>70%,kvB<=16k,kp<=32k,1.9615,4
64,n<=32,sr>70%,kvB<=16k,kp<=4k,0.9247,4
64,n<=32,sr>70%,kvB<=16k,kp<=512,1.6396,4
64,n<=32,sr>70%,kvB<=16k,kp<=64k,1.978,3
64,n<=32,sr>70%,kvB<=16k,kp<=8k,1.1411,4
64,n<=32,sr>70%,kvB<=16k,kp=0,1.6008,4
64,n<=32,sr>70%,kvB<=1k,kp<=16k,0.1992,4
64,n<=32,sr>70%,kvB<=1k,kp<=1k,0.2075,4
64,n<=32,sr>70%,kvB<=1k,kp<=2k,0.2506,4
64,n<=32,sr>70%,kvB<=1k,kp<=32k,0.2065,4
64,n<=32,sr>70%,kvB<=1k,kp<=4k,0.3418,4
64,n<=32,sr>70%,kvB<=1k,kp<=512,0.2192,4
64,n<=32,sr>70%,kvB<=1k,kp<=64k,0.2793,4
64,n<=32,sr>70%,kvB<=1k,kp<=8k,0.3063,4
64,n<=32,sr>70%,kvB<=1k,kp=0,0.3673,4
64,n<=32,sr>70%,kvB<=4k,kp<=16k,0.1146,4
64,n<=32,sr>70%,kvB<=4k,kp<=1k,0.1352,4
64,n<=32,sr>70%,kvB<=4k,kp<=2k,0.0481,4
64,n<=32,sr>70%,kvB<=4k,kp<=32k,0.1266,4
64,n<=32,sr>70%,kvB<=4k,kp<=4k,-0.0084,4
64,n<=32,sr>70%,kvB<=4k,kp<=512,0.1709,4
64,n<=32,sr>70%,kvB<=4k,kp<=64k,0.0066,4
64,n<=32,sr>70%,kvB<=4k,kp<=8k,0.032,4
64,n<=32,sr>70%,kvB<=4k,kp=0,0.2488,4
64,n<=32,sr>70%,kvB<=64k,kp<=16k,1.6356,4
64,n<=32,sr>70%,kvB<=64k,kp<=1k,5.4235,4
64,n<=32,sr>70%,kvB<=64k,kp<=2k,5.0789,4
64,n<=32,sr>70%,kvB<=64k,kp<=32k,3.1598,4
64,n<=32,sr>70%,kvB<=64k,kp<=4k,3.5755,4
64,n<=32,sr>70%,kvB<=64k,kp<=512,5.0955,4
64,n<=32,sr>70%,kvB<=64k,kp<=64k,8.4933,1
64,n<=32,sr>70%,kvB<=64k,kp<=8k,1.9435,3
64,n<=32,sr>70%,kvB<=64k,kp=0,5.5001,4
64,n<=4,sr<=40%,kvB<=16k,kp<=16k,0.0532,2
64,n<=4,sr<=40%,kvB<=16k,kp<=1k,0.3026,2
64,n<=4,sr<=40%,kvB<=16k,kp<=2k,0.3058,2
64,n<=4,sr<=40%,kvB<=16k,kp<=32k,0.0283,2
64,n<=4,sr<=40%,kvB<=16k,kp<=4k,0.3432,2
64,n<=4,sr<=40%,kvB<=16k,kp<=512,0.2988,2
64,n<=4,sr<=40%,kvB<=16k,kp<=64k,0.0566,2
64,n<=4,sr<=40%,kvB<=16k,kp<=8k,0.4567,2
64,n<=4,sr<=40%,kvB<=16k,kp=0,0.2985,2
64,n<=4,sr<=40%,kvB<=1k,kp<=16k,-0.0,1
64,n<=4,sr<=40%,kvB<=1k,kp<=1k,0.4476,2
64,n<=4,sr<=40%,kvB<=1k,kp<=2k,0.4233,2
64,n<=4,sr<=40%,kvB<=1k,kp<=32k,0.7883,2
64,n<=4,sr<=40%,kvB<=1k,kp<=4k,0.4515,2
64,n<=4,sr<=40%,kvB<=1k,kp<=512,0.5199,2
64,n<=4,sr<=40%,kvB<=1k,kp<=64k,0.1048,2
64,n<=4,sr<=40%,kvB<=1k,kp<=8k,0.3462,2
64,n<=4,sr<=40%,kvB<=1k,kp=0,0.3779,2
64,n<=4,sr<=40%,kvB<=4k,kp<=16k,0.099,2
64,n<=4,sr<=40%,kvB<=4k,kp<=1k,0.3427,2
64,n<=4,sr<=40%,kvB<=4k,kp<=2k,0.4751,2
64,n<=4,sr<=40%,kvB<=4k,kp<=32k,0.0959,2
64,n<=4,sr<=40%,kvB<=4k,kp<=4k,0.145,2
64,n<=4,sr<=40%,kvB<=4k,kp<=512,0.3073,2
64,n<=4,sr<=40%,kvB<=4k,kp<=64k,0.0357,2
64,n<=4,sr<=40%,kvB<=4k,kp<=8k,0.1346,2
64,n<=4,sr<=40%,kvB<=4k,kp=0,0.3055,2
64,n<=4,sr<=40%,kvB<=64k,kp<=16k,0.3361,2
64,n<=4,sr<=40%,kvB<=64k,kp<=1k,0.2937,2
64,n<=4,sr<=40%,kvB<=64k,kp<=2k,0.2932,2
64,n<=4,sr<=40%,kvB<=64k,kp<=32k,0.4426,2
64,n<=4,sr<=40%,kvB<=64k,kp<=4k,0.2898,2
64,n<=4,sr<=40%,kvB<=64k,kp<=512,0.2949,2
64,n<=4,sr<=40%,kvB<=64k,kp<=64k,0.0337,2
64,n<=4,sr<=40%,kvB<=64k,kp<=8k,0.2933,2
64,n<=4,sr<=40%,kvB<=64k,kp=0,0.2971,2
64,n<=4,sr<=70%,kvB<=16k,kp<=16k,0.7817,2
64,n<=4,sr<=70%,kvB<=16k,kp<=1k,0.0741,2
64,n<=4,sr<=70%,kvB<=16k,kp<=2k,0.1722,2
64,n<=4,sr<=70%,kvB<=16k,kp<=32k,0.8094,2
64,n<=4,sr<=70%,kvB<=16k,kp<=4k,0.3007,2
64,n<=4,sr<=70%,kvB<=16k,kp<=512,0.0191,2
64,n<=4,sr<=70%,kvB<=16k,kp<=64k,0.6457,2
64,n<=4,sr<=70%,kvB<=16k,kp<=8k,0.3495,2
64,n<=4,sr<=70%,kvB<=16k,kp=0,-0.0284,2
64,n<=4,sr<=70%,kvB<=1k,kp<=16k,0.7437,2
64,n<=4,sr<=70%,kvB<=1k,kp<=1k,0.8,2
64,n<=4,sr<=70%,kvB<=1k,kp<=2k,0.7276,2
64,n<=4,sr<=70%,kvB<=1k,kp<=32k,0.1836,2
64,n<=4,sr<=70%,kvB<=1k,kp<=4k,0.7169,2
64,n<=4,sr<=70%,kvB<=1k,kp<=512,0.5808,2
64,n<=4,sr<=70%,kvB<=1k,kp<=64k,1.8512,2
64,n<=4,sr<=70%,kvB<=1k,kp<=8k,0.791,2
64,n<=4,sr<=70%,kvB<=1k,kp=0,0.3146,2
64,n<=4,sr<=70%,kvB<=4k,kp<=16k,0.8432,2
64,n<=4,sr<=70%,kvB<=4k,kp<=1k,0.3609,2
64,n<=4,sr<=70%,kvB<=4k,kp<=2k,0.385,2
64,n<=4,sr<=70%,kvB<=4k,kp<=32k,0.7269,2
64,n<=4,sr<=70%,kvB<=4k,kp<=4k,0.8624,2
64,n<=4,sr<=70%,kvB<=4k,kp<=512,0.2411,2
64,n<=4,sr<=70%,kvB<=4k,kp<=64k,0.2833,2
64,n<=4,sr<=70%,kvB<=4k,kp<=8k,0.8661,2
64,n<=4,sr<=70%,kvB<=4k,kp=0,0.044,2
64,n<=4,sr<=70%,kvB<=64k,kp<=16k,0.2962,2
64,n<=4,sr<=70%,kvB<=64k,kp<=1k,-0.0192,2
64,n<=4,sr<=70%,kvB<=64k,kp<=2k,-0.0165,2
64,n<=4,sr<=70%,kvB<=64k,kp<=32k,0.341,2
64,n<=4,sr<=70%,kvB<=64k,kp<=4k,0.0284,2
64,n<=4,sr<=70%,kvB<=64k,kp<=512,-0.0304,2
64,n<=4,sr<=70%,kvB<=64k,kp<=64k,0.7909,2
64,n<=4,sr<=70%,kvB<=64k,kp<=8k,0.1281,2
64,n<=4,sr<=70%,kvB<=64k,kp=0,-0.0231,2
64,n<=4,sr>70%,kvB<=16k,kp<=16k,0.7314,2
64,n<=4,sr>70%,kvB<=16k,kp<=1k,0.8616,2
64,n<=4,sr>70%,kvB<=16k,kp<=2k,0.8947,2
64,n<=4,sr>70%,kvB<=16k,kp<=32k,0.6984,2
64,n<=4,sr>70%,kvB<=16k,kp<=4k,0.9174,2
64,n<=4,sr>70%,kvB<=16k,kp<=512,0.8944,2
64,n<=4,sr>70%,kvB<=16k,kp<=64k,0.5882,2
64,n<=4,sr>70%,kvB<=16k,kp<=8k,0.9394,2
64,n<=4,sr>70%,kvB<=16k,kp=0,0.8599,2
64,n<=4,sr>70%,kvB<=1k,kp<=16k,0.7315,2
64,n<=4,sr>70%,kvB<=1k,kp<=1k,0.7419,2
64,n<=4,sr>70%,kvB<=1k,kp<=2k,0.7474,2
64,n<=4,sr>70%,kvB<=1k,kp<=32k,0.8278,2
64,n<=4,sr>70%,kvB<=1k,kp<=4k,0.7458,2
64,n<=4,sr>70%,kvB<=1k,kp<=512,0.9127,2
64,n<=4,sr>70%,kvB<=1k,kp<=64k,1.4763,2
64,n<=4,sr>70%,kvB<=1k,kp<=8k,0.5391,2
64,n<=4,sr>70%,kvB<=1k,kp=0,0.8965,2
64,n<=4,sr>70%,kvB<=4k,kp<=16k,0.8355,2
64,n<=4,sr>70%,kvB<=4k,kp<=1k,0.9418,2
64,n<=4,sr>70%,kvB<=4k,kp<=2k,0.9253,2
64,n<=4,sr>70%,kvB<=4k,kp<=32k,1.0226,2
64,n<=4,sr>70%,kvB<=4k,kp<=4k,0.8715,2
64,n<=4,sr>70%,kvB<=4k,kp<=512,0.9347,2
64,n<=4,sr>70%,kvB<=4k,kp<=64k,0.6944,2
64,n<=4,sr>70%,kvB<=4k,kp<=8k,0.9436,2
64,n<=4,sr>70%,kvB<=4k,kp=0,0.926,2
64,n<=4,sr>70%,kvB<=64k,kp<=16k,0.8412,2
64,n<=4,sr>70%,kvB<=64k,kp<=1k,0.8731,2
64,n<=4,sr>70%,kvB<=64k,kp<=2k,0.8624,2
64,n<=4,sr>70%,kvB<=64k,kp<=32k,0.9292,2
64,n<=4,sr>70%,kvB<=64k,kp<=4k,0.8548,2
64,n<=4,sr>70%,kvB<=64k,kp<=512,0.8549,2
64,n<=4,sr>70%,kvB<=64k,kp<=64k,0.9249,2
64,n<=4,sr>70%,kvB<=64k,kp<=8k,0.8841,2
64,n<=4,sr>70%,kvB<=64k,kp=0,0.8717,2
64,n<=64,sr<=15%,kvB<=16k,kp<=16k,0.0298,4
64,n<=64,sr<=15%,kvB<=16k,kp<=1k,0.0423,4
64,n<=64,sr<=15%,kvB<=16k,kp<=2k,0.0379,4
64,n<=64,sr<=15%,kvB<=16k,kp<=32k,0.0424,4
64,n<=64,sr<=15%,kvB<=16k,kp<=4k,0.0252,4
64,n<=64,sr<=15%,kvB<=16k,kp<=512,0.0443,4
64,n<=64,sr<=15%,kvB<=16k,kp<=64k,0.0426,4
64,n<=64,sr<=15%,kvB<=16k,kp<=8k,0.0277,4
64,n<=64,sr<=15%,kvB<=16k,kp=0,0.0395,4
64,n<=64,sr<=15%,kvB<=1k,kp<=16k,0.0766,4
64,n<=64,sr<=15%,kvB<=1k,kp<=1k,0.071,4
64,n<=64,sr<=15%,kvB<=1k,kp<=2k,0.0725,4
64,n<=64,sr<=15%,kvB<=1k,kp<=32k,0.0627,4
64,n<=64,sr<=15%,kvB<=1k,kp<=4k,0.0677,4
64,n<=64,sr<=15%,kvB<=1k,kp<=512,0.0901,4
64,n<=64,sr<=15%,kvB<=1k,kp<=64k,0.084,4
64,n<=64,sr<=15%,kvB<=1k,kp<=8k,0.0705,4
64,n<=64,sr<=15%,kvB<=1k,kp=0,0.1007,4
64,n<=64,sr<=15%,kvB<=4k,kp<=16k,0.009,4
64,n<=64,sr<=15%,kvB<=4k,kp<=1k,0.037,4
64,n<=64,sr<=15%,kvB<=4k,kp<=2k,0.0317,4
64,n<=64,sr<=15%,kvB<=4k,kp<=32k,0.0142,4
64,n<=64,sr<=15%,kvB<=4k,kp<=4k,0.0081,4
64,n<=64,sr<=15%,kvB<=4k,kp<=512,0.0384,4
64,n<=64,sr<=15%,kvB<=4k,kp<=64k,0.012,4
64,n<=64,sr<=15%,kvB<=4k,kp<=8k,0.0093,4
64,n<=64,sr<=15%,kvB<=4k,kp=0,0.0426,4
64,n<=64,sr<=15%,kvB<=64k,kp<=16k,0.1273,4
64,n<=64,sr<=15%,kvB<=64k,kp<=1k,0.206,4
64,n<=64,sr<=15%,kvB<=64k,kp<=2k,0.2018,4
64,n<=64,sr<=15%,kvB<=64k,kp<=32k,0.1427,4
64,n<=64,sr<=15%,kvB<=64k,kp<=4k,0.1626,4
64,n<=64,sr<=15%,kvB<=64k,kp<=512,0.2309,4
64,n<=64,sr<=15%,kvB<=64k,kp<=64k,0.1779,4
64,n<=64,sr<=15%,kvB<=64k,kp<=8k,0.1103,4
64,n<=64,sr<=15%,kvB<=64k,kp=0,0.2262,4
64,n<=64,sr<=40%,kvB<=16k,kp<=16k,0.2438,2
64,n<=64,sr<=40%,kvB<=16k,kp<=1k,0.2322,2
64,n<=64,sr<=40%,kvB<=16k,kp<=2k,0.2218,2
64,n<=64,sr<=40%,kvB<=16k,kp<=32k,0.2213,2
64,n<=64,sr<=40%,kvB<=16k,kp<=4k,0.1738,2
64,n<=64,sr<=40%,kvB<=16k,kp<=512,0.2295,2
64,n<=64,sr<=40%,kvB<=16k,kp<=64k,0.2531,2
64,n<=64,sr<=40%,kvB<=16k,kp<=8k,0.1839,2
64,n<=64,sr<=40%,kvB<=16k,kp=0,0.2335,2
64,n<=64,sr<=40%,kvB<=1k,kp<=16k,0.1181,2
64,n<=64,sr<=40%,kvB<=1k,kp<=1k,0.1017,2
64,n<=64,sr<=40%,kvB<=1k,kp<=2k,0.1031,2
64,n<=64,sr<=40%,kvB<=1k,kp<=32k,0.1157,2
64,n<=64,sr<=40%,kvB<=1k,kp<=4k,0.11,2
64,n<=64,sr<=40%,kvB<=1k,kp<=512,0.125,2
64,n<=64,sr<=40%,kvB<=1k,kp<=64k,0.0911,2
64,n<=64,sr<=40%,kvB<=1k,kp<=8k,0.1134,2
64,n<=64,sr<=40%,kvB<=1k,kp=0,0.1339,2
64,n<=64,sr<=40%,kvB<=4k,kp<=16k,0.0007,2
64,n<=64,sr<=40%,kvB<=4k,kp<=1k,0.0164,2
64,n<=64,sr<=40%,kvB<=4k,kp<=2k,0.0132,2
64,n<=64,sr<=40%,kvB<=4k,kp<=32k,-0.0161,2
64,n<=64,sr<=40%,kvB<=4k,kp<=4k,-0.0074,2
64,n<=64,sr<=40%,kvB<=4k,kp<=512,0.0203,2
64,n<=64,sr<=40%,kvB<=4k,kp<=64k,-0.0067,2
64,n<=64,sr<=40%,kvB<=4k,kp<=8k,0.0012,2
64,n<=64,sr<=40%,kvB<=4k,kp=0,0.0231,2
64,n<=64,sr<=40%,kvB<=64k,kp<=16k,0.2173,2
64,n<=64,sr<=40%,kvB<=64k,kp<=1k,0.5343,2
64,n<=64,sr<=40%,kvB<=64k,kp<=2k,0.4451,2
64,n<=64,sr<=40%,kvB<=64k,kp<=32k,0.1982,2
64,n<=64,sr<=40%,kvB<=64k,kp<=4k,0.2644,2
64,n<=64,sr<=40%,kvB<=64k,kp<=512,0.532,2
64,n<=64,sr<=40%,kvB<=64k,kp<=64k,0.288,2
64,n<=64,sr<=40%,kvB<=64k,kp<=8k,0.1704,2
64,n<=64,sr<=40%,kvB<=64k,kp=0,0.4601,2
64,n<=64,sr<=5%,kvB<=16k,kp<=16k,-0.0053,6
64,n<=64,sr<=5%,kvB<=16k,kp<=1k,0.03,6
64,n<=64,sr<=5%,kvB<=16k,kp<=2k,0.0282,6
64,n<=64,sr<=5%,kvB<=16k,kp<=32k,0.0198,6
64,n<=64,sr<=5%,kvB<=16k,kp<=4k,0.0086,6
64,n<=64,sr<=5%,kvB<=16k,kp<=512,0.0324,6
64,n<=64,sr<=5%,kvB<=16k,kp<=64k,0.0083,6
64,n<=64,sr<=5%,kvB<=16k,kp<=8k,0.0048,6
64,n<=64,sr<=5%,kvB<=16k,kp=0,0.0311,6
64,n<=64,sr<=5%,kvB<=1k,kp<=16k,0.0242,6
64,n<=64,sr<=5%,kvB<=1k,kp<=1k,0.0215,6
64,n<=64,sr<=5%,kvB<=1k,kp<=2k,0.0183,6
64,n<=64,sr<=5%,kvB<=1k,kp<=32k,0.015,6
64,n<=64,sr<=5%,kvB<=1k,kp<=4k,0.0239,6
64,n<=64,sr<=5%,kvB<=1k,kp<=512,0.0401,6
64,n<=64,sr<=5%,kvB<=1k,kp<=64k,0.0293,6
64,n<=64,sr<=5%,kvB<=1k,kp<=8k,0.0232,6
64,n<=64,sr<=5%,kvB<=1k,kp=0,0.0518,6
64,n<=64,sr<=5%,kvB<=4k,kp<=16k,0.015,6
64,n<=64,sr<=5%,kvB<=4k,kp<=1k,0.0405,6
64,n<=64,sr<=5%,kvB<=4k,kp<=2k,0.0307,6
64,n<=64,sr<=5%,kvB<=4k,kp<=32k,0.015,6
64,n<=64,sr<=5%,kvB<=4k,kp<=4k,0.011,6
64,n<=64,sr<=5%,kvB<=4k,kp<=512,0.0415,6
64,n<=64,sr<=5%,kvB<=4k,kp<=64k,0.016,6
64,n<=64,sr<=5%,kvB<=4k,kp<=8k,0.0153,6
64,n<=64,sr<=5%,kvB<=4k,kp=0,0.045,6
64,n<=64,sr<=5%,kvB<=64k,kp<=16k,0.0607,6
64,n<=64,sr<=5%,kvB<=64k,kp<=1k,0.0665,6
64,n<=64,sr<=5%,kvB<=64k,kp<=2k,0.095,6
64,n<=64,sr<=5%,kvB<=64k,kp<=32k,0.0626,6
64,n<=64,sr<=5%,kvB<=64k,kp<=4k,0.0857,6
64,n<=64,sr<=5%,kvB<=64k,kp<=512,0.0963,6
64,n<=64,sr<=5%,kvB<=64k,kp<=64k,0.0756,6
64,n<=64,sr<=5%,kvB<=64k,kp<=8k,0.0769,6
64,n<=64,sr<=5%,kvB<=64k,kp=0,0.0782,6
64,n<=64,sr<=70%,kvB<=16k,kp<=16k,1.4036,2
64,n<=64,sr<=70%,kvB<=16k,kp<=1k,1.5525,2
64,n<=64,sr<=70%,kvB<=16k,kp<=2k,1.5311,2
64,n<=64,sr<=70%,kvB<=16k,kp<=32k,1.4553,2
64,n<=64,sr<=70%,kvB<=16k,kp<=4k,0.8905,2
64,n<=64,sr<=70%,kvB<=16k,kp<=512,1.5516,2
64,n<=64,sr<=70%,kvB<=16k,kp<=64k,1.201,2
64,n<=64,sr<=70%,kvB<=16k,kp<=8k,0.9612,2
64,n<=64,sr<=70%,kvB<=16k,kp=0,1.5405,2
64,n<=64,sr<=70%,kvB<=1k,kp<=16k,0.077,2
64,n<=64,sr<=70%,kvB<=1k,kp<=1k,0.0591,2
64,n<=64,sr<=70%,kvB<=1k,kp<=2k,0.0424,2
64,n<=64,sr<=70%,kvB<=1k,kp<=32k,0.0415,2
64,n<=64,sr<=70%,kvB<=1k,kp<=4k,0.0415,2
64,n<=64,sr<=70%,kvB<=1k,kp<=512,0.0601,2
64,n<=64,sr<=70%,kvB<=1k,kp<=64k,0.1062,2
64,n<=64,sr<=70%,kvB<=1k,kp<=8k,0.0435,2
64,n<=64,sr<=70%,kvB<=1k,kp=0,0.0711,2
64,n<=64,sr<=70%,kvB<=4k,kp<=16k,-0.0137,2
64,n<=64,sr<=70%,kvB<=4k,kp<=1k,0.0024,2
64,n<=64,sr<=70%,kvB<=4k,kp<=2k,-0.0081,2
64,n<=64,sr<=70%,kvB<=4k,kp<=32k,-0.0582,2
64,n<=64,sr<=70%,kvB<=4k,kp<=4k,-0.0083,2
64,n<=64,sr<=70%,kvB<=4k,kp<=512,0.0081,2
64,n<=64,sr<=70%,kvB<=4k,kp<=64k,-0.0374,2
64,n<=64,sr<=70%,kvB<=4k,kp<=8k,-0.0396,2
64,n<=64,sr<=70%,kvB<=4k,kp=0,-0.0024,2
64,n<=64,sr<=70%,kvB<=64k,kp<=16k,0.5726,2
64,n<=64,sr<=70%,kvB<=64k,kp<=1k,1.1097,2
64,n<=64,sr<=70%,kvB<=64k,kp<=2k,1.0667,2
64,n<=64,sr<=70%,kvB<=64k,kp<=32k,0.5541,2
64,n<=64,sr<=70%,kvB<=64k,kp<=4k,0.6957,2
64,n<=64,sr<=70%,kvB<=64k,kp<=512,0.9951,2
64,n<=64,sr<=70%,kvB<=64k,kp<=64k,0.7618,2
64,n<=64,sr<=70%,kvB<=64k,kp<=8k,0.5409,2
64,n<=64,sr<=70%,kvB<=64k,kp=0,0.9686,2
64,n<=64,sr>70%,kvB<=16k,kp<=16k,4.6518,4
64,n<=64,sr>70%,kvB<=16k,kp<=1k,4.7736,4
64,n<=64,sr>70%,kvB<=16k,kp<=2k,4.6988,4
64,n<=64,sr>70%,kvB<=16k,kp<=32k,4.3511,3
64,n<=64,sr>70%,kvB<=16k,kp<=4k,1.9017,4
64,n<=64,sr>70%,kvB<=16k,kp<=512,4.7781,4
64,n<=64,sr>70%,kvB<=16k,kp<=64k,2.2768,4
64,n<=64,sr>70%,kvB<=16k,kp<=8k,2.3293,4
64,n<=64,sr>70%,kvB<=16k,kp=0,4.8244,4
64,n<=64,sr>70%,kvB<=1k,kp<=16k,0.3041,4
64,n<=64,sr>70%,kvB<=1k,kp<=1k,0.253,4
64,n<=64,sr>70%,kvB<=1k,kp<=2k,0.2523,4
64,n<=64,sr>70%,kvB<=1k,kp<=32k,0.3126,4
64,n<=64,sr>70%,kvB<=1k,kp<=4k,0.2674,4
64,n<=64,sr>70%,kvB<=1k,kp<=512,0.2602,4
64,n<=64,sr>70%,kvB<=1k,kp<=64k,0.2613,4
64,n<=64,sr>70%,kvB<=1k,kp<=8k,0.3257,4
64,n<=64,sr>70%,kvB<=1k,kp=0,0.3049,4
64,n<=64,sr>70%,kvB<=4k,kp<=16k,-0.3194,4
64,n<=64,sr>70%,kvB<=4k,kp<=1k,-0.1473,4
64,n<=64,sr>70%,kvB<=4k,kp<=2k,-0.166,4
64,n<=64,sr>70%,kvB<=4k,kp<=32k,-0.0335,4
64,n<=64,sr>70%,kvB<=4k,kp<=4k,-0.2958,4
64,n<=64,sr>70%,kvB<=4k,kp<=512,-0.1629,4
64,n<=64,sr>70%,kvB<=4k,kp<=64k,-0.162,4
64,n<=64,sr>70%,kvB<=4k,kp<=8k,-0.1934,4
64,n<=64,sr>70%,kvB<=4k,kp=0,-0.178,4
64,n<=64,sr>70%,kvB<=64k,kp<=16k,1.0013,4
64,n<=64,sr>70%,kvB<=64k,kp<=1k,1.8694,4
64,n<=64,sr>70%,kvB<=64k,kp<=2k,1.7268,4
64,n<=64,sr>70%,kvB<=64k,kp<=32k,1.3855,4
64,n<=64,sr>70%,kvB<=64k,kp<=4k,1.6345,4
64,n<=64,sr>70%,kvB<=64k,kp<=512,1.6582,4
64,n<=64,sr>70%,kvB<=64k,kp<=64k,1.1501,1
64,n<=64,sr>70%,kvB<=64k,kp<=8k,1.3996,4
64,n<=64,sr>70%,kvB<=64k,kp=0,2.4169,4
64,n<=8,sr<=15%,kvB<=16k,kp<=16k,-0.011,2
64,n<=8,sr<=15%,kvB<=16k,kp<=1k,0.3095,2
64,n<=8,sr<=15%,kvB<=16k,kp<=2k,0.2774,2
64,n<=8,sr<=15%,kvB<=16k,kp<=32k,-0.0134,2
64,n<=8,sr<=15%,kvB<=16k,kp<=4k,0.2109,2
64,n<=8,sr<=15%,kvB<=16k,kp<=512,0.3224,2
64,n<=8,sr<=15%,kvB<=16k,kp<=64k,-0.0076,2
64,n<=8,sr<=15%,kvB<=16k,kp<=8k,0.088,2
64,n<=8,sr<=15%,kvB<=16k,kp=0,0.3281,2
64,n<=8,sr<=15%,kvB<=1k,kp<=16k,0.0408,2
64,n<=8,sr<=15%,kvB<=1k,kp<=1k,-0.0154,2
64,n<=8,sr<=15%,kvB<=1k,kp<=2k,0.0836,2
64,n<=8,sr<=15%,kvB<=1k,kp<=32k,-0.0159,2
64,n<=8,sr<=15%,kvB<=1k,kp<=4k,0.0956,2
64,n<=8,sr<=15%,kvB<=1k,kp<=512,0.1651,2
64,n<=8,sr<=15%,kvB<=1k,kp<=64k,0.2902,2
64,n<=8,sr<=15%,kvB<=1k,kp<=8k,0.08,2
64,n<=8,sr<=15%,kvB<=1k,kp=0,0.3739,2
64,n<=8,sr<=15%,kvB<=4k,kp<=16k,-0.0067,2
64,n<=8,sr<=15%,kvB<=4k,kp<=1k,0.2126,2
64,n<=8,sr<=15%,kvB<=4k,kp<=2k,0.0821,2
64,n<=8,sr<=15%,kvB<=4k,kp<=32k,-0.0547,2
64,n<=8,sr<=15%,kvB<=4k,kp<=4k,-0.0248,2
64,n<=8,sr<=15%,kvB<=4k,kp<=512,0.2779,2
64,n<=8,sr<=15%,kvB<=4k,kp<=64k,-0.0617,2
64,n<=8,sr<=15%,kvB<=4k,kp<=8k,0.0024,2
64,n<=8,sr<=15%,kvB<=4k,kp=0,0.3471,2
64,n<=8,sr<=15%,kvB<=64k,kp<=16k,0.192,2
64,n<=8,sr<=15%,kvB<=64k,kp<=1k,0.3301,2
64,n<=8,sr<=15%,kvB<=64k,kp<=2k,0.3298,2
64,n<=8,sr<=15%,kvB<=64k,kp<=32k,0.0873,2
64,n<=8,sr<=15%,kvB<=64k,kp<=4k,0.3132,2
64,n<=8,sr<=15%,kvB<=64k,kp<=512,0.3258,2
64,n<=8,sr<=15%,kvB<=64k,kp<=64k,-0.0148,2
64,n<=8,sr<=15%,kvB<=64k,kp<=8k,0.2715,2
64,n<=8,sr<=15%,kvB<=64k,kp=0,0.3261,2
64,n<=8,sr<=40%,kvB<=16k,kp<=16k,-0.0931,4
64,n<=8,sr<=40%,kvB<=16k,kp<=1k,0.2988,4
64,n<=8,sr<=40%,kvB<=16k,kp<=2k,0.2982,4
64,n<=8,sr<=40%,kvB<=16k,kp<=32k,-0.0574,4
64,n<=8,sr<=40%,kvB<=16k,kp<=4k,0.2423,4
64,n<=8,sr<=40%,kvB<=16k,kp<=512,0.2855,4
64,n<=8,sr<=40%,kvB<=16k,kp<=64k,-0.0461,4
64,n<=8,sr<=40%,kvB<=16k,kp<=8k,0.0714,4
64,n<=8,sr<=40%,kvB<=16k,kp=0,0.2601,4
64,n<=8,sr<=40%,kvB<=1k,kp<=16k,0.0662,4
64,n<=8,sr<=40%,kvB<=1k,kp<=1k,-0.0699,4
64,n<=8,sr<=40%,kvB<=1k,kp<=2k,0.0482,4
64,n<=8,sr<=40%,kvB<=1k,kp<=32k,-0.0116,4
64,n<=8,sr<=40%,kvB<=1k,kp<=4k,0.0361,4
64,n<=8,sr<=40%,kvB<=1k,kp<=512,0.1054,4
64,n<=8,sr<=40%,kvB<=1k,kp<=64k,0.2276,2
64,n<=8,sr<=40%,kvB<=1k,kp<=8k,0.0438,4
64,n<=8,sr<=40%,kvB<=1k,kp=0,0.3231,4
64,n<=8,sr<=40%,kvB<=4k,kp<=16k,-0.0331,4
64,n<=8,sr<=40%,kvB<=4k,kp<=1k,0.2059,4
64,n<=8,sr<=40%,kvB<=4k,kp<=2k,0.0637,4
64,n<=8,sr<=40%,kvB<=4k,kp<=32k,-0.0268,4
64,n<=8,sr<=40%,kvB<=4k,kp<=4k,-0.1026,4
64,n<=8,sr<=40%,kvB<=4k,kp<=512,0.2757,4
64,n<=8,sr<=40%,kvB<=4k,kp<=64k,-0.0421,4
64,n<=8,sr<=40%,kvB<=4k,kp<=8k,-0.0593,4
64,n<=8,sr<=40%,kvB<=4k,kp=0,0.3193,4
64,n<=8,sr<=40%,kvB<=64k,kp<=16k,0.2098,4
64,n<=8,sr<=40%,kvB<=64k,kp<=1k,0.2556,4
64,n<=8,sr<=40%,kvB<=64k,kp<=2k,0.268,4
64,n<=8,sr<=40%,kvB<=64k,kp<=32k,0.061,4
64,n<=8,sr<=40%,kvB<=64k,kp<=4k,0.2864,4
64,n<=8,sr<=40%,kvB<=64k,kp<=512,0.2521,4
64,n<=8,sr<=40%,kvB<=64k,kp<=64k,-0.087,4
64,n<=8,sr<=40%,kvB<=64k,kp<=8k,0.3017,4
64,n<=8,sr<=40%,kvB<=64k,kp=0,0.2469,4
64,n<=8,sr<=70%,kvB<=16k,kp<=16k,-0.2377,2
64,n<=8,sr<=70%,kvB<=16k,kp<=1k,0.2855,2
64,n<=8,sr<=70%,kvB<=16k,kp<=2k,0.2254,2
64,n<=8,sr<=70%,kvB<=16k,kp<=32k,-0.1014,2
64,n<=8,sr<=70%,kvB<=16k,kp<=4k,0.1442,2
64,n<=8,sr<=70%,kvB<=16k,kp<=512,0.3054,2
64,n<=8,sr<=70%,kvB<=16k,kp<=64k,-0.0858,2
64,n<=8,sr<=70%,kvB<=16k,kp<=8k,0.0227,2
64,n<=8,sr<=70%,kvB<=16k,kp=0,0.2915,2
64,n<=8,sr<=70%,kvB<=1k,kp<=16k,0.0156,2
64,n<=8,sr<=70%,kvB<=1k,kp<=1k,-0.2009,2
64,n<=8,sr<=70%,kvB<=1k,kp<=2k,-0.0833,2
64,n<=8,sr<=70%,kvB<=1k,kp<=32k,-0.1481,2
64,n<=8,sr<=70%,kvB<=1k,kp<=4k,-0.0155,2
64,n<=8,sr<=70%,kvB<=1k,kp<=512,0.0751,2
64,n<=8,sr<=70%,kvB<=1k,kp<=64k,-0.7116,1
64,n<=8,sr<=70%,kvB<=1k,kp<=8k,-0.011,2
64,n<=8,sr<=70%,kvB<=1k,kp=0,0.2763,2
64,n<=8,sr<=70%,kvB<=4k,kp<=16k,-0.0396,2
64,n<=8,sr<=70%,kvB<=4k,kp<=1k,0.1025,2
64,n<=8,sr<=70%,kvB<=4k,kp<=2k,0.031,2
64,n<=8,sr<=70%,kvB<=4k,kp<=32k,-0.0091,2
64,n<=8,sr<=70%,kvB<=4k,kp<=4k,-0.2222,2
64,n<=8,sr<=70%,kvB<=4k,kp<=512,0.1938,2
64,n<=8,sr<=70%,kvB<=4k,kp<=64k,-0.0506,2
64,n<=8,sr<=70%,kvB<=4k,kp<=8k,-0.036,2
64,n<=8,sr<=70%,kvB<=4k,kp=0,0.3127,2
64,n<=8,sr<=70%,kvB<=64k,kp<=16k,0.0974,2
64,n<=8,sr<=70%,kvB<=64k,kp<=1k,0.3356,2
64,n<=8,sr<=70%,kvB<=64k,kp<=2k,0.3358,2
64,n<=8,sr<=70%,kvB<=64k,kp<=32k,0.0259,2
64,n<=8,sr<=70%,kvB<=64k,kp<=4k,0.3265,2
64,n<=8,sr<=70%,kvB<=64k,kp<=512,0.3353,2
64,n<=8,sr<=70%,kvB<=64k,kp<=64k,-0.212,2
64,n<=8,sr<=70%,kvB<=64k,kp<=8k,0.2446,2
64,n<=8,sr<=70%,kvB<=64k,kp=0,0.328,2
64,n<=8,sr>70%,kvB<=16k,kp<=16k,-0.6932,4
64,n<=8,sr>70%,kvB<=16k,kp<=1k,0.8005,4
64,n<=8,sr>70%,kvB<=16k,kp<=2k,0.7696,4
64,n<=8,sr>70%,kvB<=16k,kp<=32k,-0.5282,4
64,n<=8,sr>70%,kvB<=16k,kp<=4k,0.448,4
64,n<=8,sr>70%,kvB<=16k,kp<=512,0.8236,4
64,n<=8,sr>70%,kvB<=16k,kp<=64k,-0.149,4
64,n<=8,sr>70%,kvB<=16k,kp<=8k,-0.1875,4
64,n<=8,sr>70%,kvB<=16k,kp=0,0.8026,4
64,n<=8,sr>70%,kvB<=1k,kp<=16k,0.0443,4
64,n<=8,sr>70%,kvB<=1k,kp<=1k,-0.5762,4
64,n<=8,sr>70%,kvB<=1k,kp<=2k,-0.1378,4
64,n<=8,sr>70%,kvB<=1k,kp<=32k,0.4315,4
64,n<=8,sr>70%,kvB<=1k,kp<=4k,0.1814,4
64,n<=8,sr>70%,kvB<=1k,kp<=512,-0.2369,4
64,n<=8,sr>70%,kvB<=1k,kp<=64k,0.4861,3
64,n<=8,sr>70%,kvB<=1k,kp<=8k,0.1435,4
64,n<=8,sr>70%,kvB<=1k,kp=0,0.6576,4
64,n<=8,sr>70%,kvB<=4k,kp<=16k,-0.0698,4
64,n<=8,sr>70%,kvB<=4k,kp<=1k,0.3063,4
64,n<=8,sr>70%,kvB<=4k,kp<=2k,-0.255,4
64,n<=8,sr>70%,kvB<=4k,kp<=32k,-0.0158,4
64,n<=8,sr>70%,kvB<=4k,kp<=4k,-0.7606,4
64,n<=8,sr>70%,kvB<=4k,kp<=512,0.6412,4
64,n<=8,sr>70%,kvB<=4k,kp<=64k,-0.0616,4
64,n<=8,sr>70%,kvB<=4k,kp<=8k,-0.4642,4
64,n<=8,sr>70%,kvB<=4k,kp=0,0.8872,4
64,n<=8,sr>70%,kvB<=64k,kp<=16k,0.3568,4
64,n<=8,sr>70%,kvB<=64k,kp<=1k,0.8588,4
64,n<=8,sr>70%,kvB<=64k,kp<=2k,0.8909,4
64,n<=8,sr>70%,kvB<=64k,kp<=32k,-0.2753,4
64,n<=8,sr>70%,kvB<=64k,kp<=4k,0.9875,4
64,n<=8,sr>70%,kvB<=64k,kp<=512,0.9065,4
64,n<=8,sr>70%,kvB<=64k,kp<=64k,-0.7687,4
64,n<=8,sr>70%,kvB<=64k,kp<=8k,0.9188,4
64,n<=8,sr>70%,kvB<=64k,kp=0,0.8785,4
128,n<=128,sr<=15%,kvB<=16k,kp<=16k,0.0943,4
128,n<=128,sr<=15%,kvB<=16k,kp<=1k,0.1075,4
128,n<=128,sr<=15%,kvB<=16k,kp<=2k,0.0957,4
128,n<=128,sr<=15%,kvB<=16k,kp<=32k,0.0645,4
128,n<=128,sr<=15%,kvB<=16k,kp<=4k,0.0969,4
128,n<=128,sr<=15%,kvB<=16k,kp<=512,0.1071,4
128,n<=128,sr<=15%,kvB<=16k,kp<=64k,0.0287,4
128,n<=128,sr<=15%,kvB<=16k,kp<=8k,0.0833,4
128,n<=128,sr<=15%,kvB<=16k,kp=0,0.1068,4
128,n<=128,sr<=15%,kvB<=1k,kp<=16k,0.0674,4
128,n<=128,sr<=15%,kvB<=1k,kp<=1k,0.0666,4
128,n<=128,sr<=15%,kvB<=1k,kp<=2k,0.0703,4
128,n<=128,sr<=15%,kvB<=1k,kp<=32k,0.0825,4
128,n<=128,sr<=15%,kvB<=1k,kp<=4k,0.0606,4
128,n<=128,sr<=15%,kvB<=1k,kp<=512,0.0699,4
128,n<=128,sr<=15%,kvB<=1k,kp<=64k,0.0857,4
128,n<=128,sr<=15%,kvB<=1k,kp<=8k,0.0721,4
128,n<=128,sr<=15%,kvB<=1k,kp=0,0.0703,4
128,n<=128,sr<=15%,kvB<=4k,kp<=16k,0.0025,4
128,n<=128,sr<=15%,kvB<=4k,kp<=1k,0.0093,4
128,n<=128,sr<=15%,kvB<=4k,kp<=2k,0.0087,4
128,n<=128,sr<=15%,kvB<=4k,kp<=32k,0.0008,4
128,n<=128,sr<=15%,kvB<=4k,kp<=4k,0.0061,4
128,n<=128,sr<=15%,kvB<=4k,kp<=512,0.0091,4
128,n<=128,sr<=15%,kvB<=4k,kp<=64k,0.0022,4
128,n<=128,sr<=15%,kvB<=4k,kp<=8k,0.0075,4
128,n<=128,sr<=15%,kvB<=4k,kp=0,0.0085,4
128,n<=128,sr<=15%,kvB<=64k,kp<=16k,0.0086,4
128,n<=128,sr<=15%,kvB<=64k,kp<=1k,0.024,4
128,n<=128,sr<=15%,kvB<=64k,kp<=2k,0.0156,4
128,n<=128,sr<=15%,kvB<=64k,kp<=32k,0.0096,4
128,n<=128,sr<=15%,kvB<=64k,kp<=4k,0.0109,4
128,n<=128,sr<=15%,kvB<=64k,kp<=512,0.023,4
128,n<=128,sr<=15%,kvB<=64k,kp<=64k,0.0089,4
128,n<=128,sr<=15%,kvB<=64k,kp<=8k,0.0154,4
128,n<=128,sr<=15%,kvB<=64k,kp=0,0.0191,4
128,n<=128,sr<=40%,kvB<=16k,kp<=16k,0.0972,2
128,n<=128,sr<=40%,kvB<=16k,kp<=1k,0.1848,2
128,n<=128,sr<=40%,kvB<=16k,kp<=2k,0.1432,2
128,n<=128,sr<=40%,kvB<=16k,kp<=32k,0.0668,2
128,n<=128,sr<=40%,kvB<=16k,kp<=4k,0.0964,2
128,n<=128,sr<=40%,kvB<=16k,kp<=512,0.1841,2
128,n<=128,sr<=40%,kvB<=16k,kp<=64k,0.0358,2
128,n<=128,sr<=40%,kvB<=16k,kp<=8k,0.1803,2
128,n<=128,sr<=40%,kvB<=16k,kp=0,0.1867,2
128,n<=128,sr<=40%,kvB<=1k,kp<=16k,0.0976,2
128,n<=128,sr<=40%,kvB<=1k,kp<=1k,0.112,2
128,n<=128,sr<=40%,kvB<=1k,kp<=2k,0.1047,2
128,n<=128,sr<=40%,kvB<=1k,kp<=32k,0.1363,2
128,n<=128,sr<=40%,kvB<=1k,kp<=4k,0.0924,2
128,n<=128,sr<=40%,kvB<=1k,kp<=512,0.1096,2
128,n<=128,sr<=40%,kvB<=1k,kp<=64k,0.1254,2
128,n<=128,sr<=40%,kvB<=1k,kp<=8k,0.1025,2
128,n<=128,sr<=40%,kvB<=1k,kp=0,0.1083,2
128,n<=128,sr<=40%,kvB<=4k,kp<=16k,-0.0134,2
128,n<=128,sr<=40%,kvB<=4k,kp<=1k,-0.0118,2
128,n<=128,sr<=40%,kvB<=4k,kp<=2k,-0.018,2
128,n<=128,sr<=40%,kvB<=4k,kp<=32k,-0.0116,2
128,n<=128,sr<=40%,kvB<=4k,kp<=4k,-0.0204,2
128,n<=128,sr<=40%,kvB<=4k,kp<=512,-0.0129,2
128,n<=128,sr<=40%,kvB<=4k,kp<=64k,-0.0099,2
128,n<=128,sr<=40%,kvB<=4k,kp<=8k,-0.0176,2
128,n<=128,sr<=40%,kvB<=4k,kp=0,-0.0147,2
128,n<=128,sr<=40%,kvB<=64k,kp<=16k,0.0077,2
128,n<=128,sr<=40%,kvB<=64k,kp<=1k,0.0124,2
128,n<=128,sr<=40%,kvB<=64k,kp<=2k,0.0138,2
128,n<=128,sr<=40%,kvB<=64k,kp<=32k,0.0045,2
128,n<=128,sr<=40%,kvB<=64k,kp<=4k,0.0062,2
128,n<=128,sr<=40%,kvB<=64k,kp<=512,0.018,2
128,n<=128,sr<=40%,kvB<=64k,kp<=64k,0.0026,2
128,n<=128,sr<=40%,kvB<=64k,kp<=8k,0.0078,2
128,n<=128,sr<=40%,kvB<=64k,kp=0,0.0219,2
128,n<=128,sr<=5%,kvB<=16k,kp<=16k,0.0268,8
128,n<=128,sr<=5%,kvB<=16k,kp<=1k,0.0253,8
128,n<=128,sr<=5%,kvB<=16k,kp<=2k,0.0386,8
128,n<=128,sr<=5%,kvB<=16k,kp<=32k,0.0248,8
128,n<=128,sr<=5%,kvB<=16k,kp<=4k,0.0227,8
128,n<=128,sr<=5%,kvB<=16k,kp<=512,0.0253,8
128,n<=128,sr<=5%,kvB<=16k,kp<=64k,0.0084,8
128,n<=128,sr<=5%,kvB<=16k,kp<=8k,0.0215,8
128,n<=128,sr<=5%,kvB<=16k,kp=0,0.0218,8
128,n<=128,sr<=5%,kvB<=1k,kp<=16k,0.0144,8
128,n<=128,sr<=5%,kvB<=1k,kp<=1k,0.0081,8
128,n<=128,sr<=5%,kvB<=1k,kp<=2k,0.0168,8
128,n<=128,sr<=5%,kvB<=1k,kp<=32k,0.0106,8
128,n<=128,sr<=5%,kvB<=1k,kp<=4k,0.0082,8
128,n<=128,sr<=5%,kvB<=1k,kp<=512,0.0158,8
128,n<=128,sr<=5%,kvB<=1k,kp<=64k,0.012,8
128,n<=128,sr<=5%,kvB<=1k,kp<=8k,0.0096,8
128,n<=128,sr<=5%,kvB<=1k,kp=0,0.018,8
128,n<=128,sr<=5%,kvB<=4k,kp<=16k,0.0058,8
128,n<=128,sr<=5%,kvB<=4k,kp<=1k,0.011,8
128,n<=128,sr<=5%,kvB<=4k,kp<=2k,0.0115,8
128,n<=128,sr<=5%,kvB<=4k,kp<=32k,0.0062,8
128,n<=128,sr<=5%,kvB<=4k,kp<=4k,0.0088,8
128,n<=128,sr<=5%,kvB<=4k,kp<=512,0.0114,8
128,n<=128,sr<=5%,kvB<=4k,kp<=64k,0.0049,8
128,n<=128,sr<=5%,kvB<=4k,kp<=8k,0.012,8
128,n<=128,sr<=5%,kvB<=4k,kp=0,0.0103,8
128,n<=128,sr<=5%,kvB<=64k,kp<=16k,0.011,8
128,n<=128,sr<=5%,kvB<=64k,kp<=1k,0.0214,8
128,n<=128,sr<=5%,kvB<=64k,kp<=2k,0.0132,8
128,n<=128,sr<=5%,kvB<=64k,kp<=32k,0.0089,8
128,n<=128,sr<=5%,kvB<=64k,kp<=4k,0.0072,8
128,n<=128,sr<=5%,kvB<=64k,kp<=512,0.0173,8
128,n<=128,sr<=5%,kvB<=64k,kp<=64k,0.0027,8
128,n<=128,sr<=5%,kvB<=64k,kp<=8k,0.0144,8
128,n<=128,sr<=5%,kvB<=64k,kp=0,0.0143,8
128,n<=128,sr<=70%,kvB<=16k,kp<=16k,0.0983,2
128,n<=128,sr<=70%,kvB<=16k,kp<=1k,0.1748,2
128,n<=128,sr<=70%,kvB<=16k,kp<=2k,0.1603,2
128,n<=128,sr<=70%,kvB<=16k,kp<=32k,0.0918,2
128,n<=128,sr<=70%,kvB<=16k,kp<=4k,0.1253,2
128,n<=128,sr<=70%,kvB<=16k,kp<=512,0.2703,2
128,n<=128,sr<=70%,kvB<=16k,kp<=64k,0.0458,2
128,n<=128,sr<=70%,kvB<=16k,kp<=8k,0.0924,2
128,n<=128,sr<=70%,kvB<=16k,kp=0,0.1606,2
128,n<=128,sr<=70%,kvB<=1k,kp<=16k,0.0348,2
128,n<=128,sr<=70%,kvB<=1k,kp<=1k,0.019,2
128,n<=128,sr<=70%,kvB<=1k,kp<=2k,0.0429,2
128,n<=128,sr<=70%,kvB<=1k,kp<=32k,0.0391,2
128,n<=128,sr<=70%,kvB<=1k,kp<=4k,0.0538,2
128,n<=128,sr<=70%,kvB<=1k,kp<=512,0.0226,2
128,n<=128,sr<=70%,kvB<=1k,kp<=64k,0.0761,2
128,n<=128,sr<=70%,kvB<=1k,kp<=8k,0.0215,2
128,n<=128,sr<=70%,kvB<=1k,kp=0,0.0132,2
128,n<=128,sr<=70%,kvB<=4k,kp<=16k,-0.1758,2
128,n<=128,sr<=70%,kvB<=4k,kp<=1k,-0.0955,2
128,n<=128,sr<=70%,kvB<=4k,kp<=2k,-0.0729,2
128,n<=128,sr<=70%,kvB<=4k,kp<=32k,-0.2208,2
128,n<=128,sr<=70%,kvB<=4k,kp<=4k,-0.0426,2
128,n<=128,sr<=70%,kvB<=4k,kp<=512,-0.1142,2
128,n<=128,sr<=70%,kvB<=4k,kp<=64k,-0.3619,2
128,n<=128,sr<=70%,kvB<=4k,kp<=8k,-0.0603,2
128,n<=128,sr<=70%,kvB<=4k,kp=0,-0.1188,2
128,n<=128,sr<=70%,kvB<=64k,kp<=16k,0.0114,2
128,n<=128,sr<=70%,kvB<=64k,kp<=1k,0.0281,2
128,n<=128,sr<=70%,kvB<=64k,kp<=2k,0.0143,2
128,n<=128,sr<=70%,kvB<=64k,kp<=32k,0.0052,2
128,n<=128,sr<=70%,kvB<=64k,kp<=4k,0.0064,2
128,n<=128,sr<=70%,kvB<=64k,kp<=512,0.0306,2
128,n<=128,sr<=70%,kvB<=64k,kp<=64k,0.0081,2
128,n<=128,sr<=70%,kvB<=64k,kp<=8k,0.0053,2
128,n<=128,sr<=70%,kvB<=64k,kp=0,0.0217,2
128,n<=128,sr>70%,kvB<=16k,kp<=16k,0.0933,2
128,n<=128,sr>70%,kvB<=16k,kp<=1k,0.3392,4
128,n<=128,sr>70%,kvB<=16k,kp<=2k,0.3031,4
128,n<=128,sr>70%,kvB<=16k,kp<=32k,0.1857,3
128,n<=128,sr>70%,kvB<=16k,kp<=4k,0.1748,4
128,n<=128,sr>70%,kvB<=16k,kp<=512,0.5477,4
128,n<=128,sr>70%,kvB<=16k,kp<=64k,0.1636,4
128,n<=128,sr>70%,kvB<=16k,kp<=8k,0.2649,4
128,n<=128,sr>70%,kvB<=16k,kp=0,0.3266,4
128,n<=128,sr>70%,kvB<=1k,kp<=16k,0.2839,4
128,n<=128,sr>70%,kvB<=1k,kp<=1k,0.3078,4
128,n<=128,sr>70%,kvB<=1k,kp<=2k,0.331,4
128,n<=128,sr>70%,kvB<=1k,kp<=32k,0.317,4
128,n<=128,sr>70%,kvB<=1k,kp<=4k,0.3318,4
128,n<=128,sr>70%,kvB<=1k,kp<=512,0.2897,4
128,n<=128,sr>70%,kvB<=1k,kp<=64k,0.3568,4
128,n<=128,sr>70%,kvB<=1k,kp<=8k,0.2624,4
128,n<=128,sr>70%,kvB<=1k,kp=0,0.2637,4
128,n<=128,sr>70%,kvB<=4k,kp<=16k,0.0525,4
128,n<=128,sr>70%,kvB<=4k,kp<=1k,-0.5791,4
128,n<=128,sr>70%,kvB<=4k,kp<=2k,-0.5872,4
128,n<=128,sr>70%,kvB<=4k,kp<=32k,-0.6303,4
128,n<=128,sr>70%,kvB<=4k,kp<=4k,-0.686,4
128,n<=128,sr>70%,kvB<=4k,kp<=512,-0.618,4
128,n<=128,sr>70%,kvB<=4k,kp<=64k,-0.1582,4
128,n<=128,sr>70%,kvB<=4k,kp<=8k,-0.5714,4
128,n<=128,sr>70%,kvB<=4k,kp=0,-0.5795,4
128,n<=128,sr>70%,kvB<=64k,kp<=16k,0.0679,4
128,n<=128,sr>70%,kvB<=64k,kp<=1k,0.1218,4
128,n<=128,sr>70%,kvB<=64k,kp<=2k,0.126,4
128,n<=128,sr>70%,kvB<=64k,kp<=32k,0.0721,4
128,n<=128,sr>70%,kvB<=64k,kp<=4k,0.0823,4
128,n<=128,sr>70%,kvB<=64k,kp<=512,0.1142,4
128,n<=128,sr>70%,kvB<=64k,kp<=64k,0.0663,4
128,n<=128,sr>70%,kvB<=64k,kp<=8k,0.076,4
128,n<=128,sr>70%,kvB<=64k,kp=0,0.1322,4
128,n<=16,sr<=15%,kvB<=16k,kp<=16k,-0.0155,4
128,n<=16,sr<=15%,kvB<=16k,kp<=1k,0.144,4
128,n<=16,sr<=15%,kvB<=16k,kp<=2k,0.1493,4
128,n<=16,sr<=15%,kvB<=16k,kp<=32k,-0.001,4
128,n<=16,sr<=15%,kvB<=16k,kp<=4k,0.1241,4
128,n<=16,sr<=15%,kvB<=16k,kp<=512,0.1362,4
128,n<=16,sr<=15%,kvB<=16k,kp<=64k,0.0004,4
128,n<=16,sr<=15%,kvB<=16k,kp<=8k,0.0886,4
128,n<=16,sr<=15%,kvB<=16k,kp=0,0.1313,4
128,n<=16,sr<=15%,kvB<=1k,kp<=16k,0.0808,4
128,n<=16,sr<=15%,kvB<=1k,kp<=1k,0.0597,4
128,n<=16,sr<=15%,kvB<=1k,kp<=2k,0.07,4
128,n<=16,sr<=15%,kvB<=1k,kp<=32k,0.0418,4
128,n<=16,sr<=15%,kvB<=1k,kp<=4k,0.0818,4
128,n<=16,sr<=15%,kvB<=1k,kp<=512,0.1415,4
128,n<=16,sr<=15%,kvB<=1k,kp<=64k,0.0758,4
128,n<=16,sr<=15%,kvB<=1k,kp<=8k,0.0877,4
128,n<=16,sr<=15%,kvB<=1k,kp=0,0.2026,4
128,n<=16,sr<=15%,kvB<=4k,kp<=16k,0.0298,4
128,n<=16,sr<=15%,kvB<=4k,kp<=1k,0.1376,4
128,n<=16,sr<=15%,kvB<=4k,kp<=2k,0.102,4
128,n<=16,sr<=15%,kvB<=4k,kp<=32k,0.0199,4
128,n<=16,sr<=15%,kvB<=4k,kp<=4k,-0.0021,4
128,n<=16,sr<=15%,kvB<=4k,kp<=512,0.1623,4
128,n<=16,sr<=15%,kvB<=4k,kp<=64k,0.0133,4
128,n<=16,sr<=15%,kvB<=4k,kp<=8k,0.0282,4
128,n<=16,sr<=15%,kvB<=4k,kp=0,0.1489,4
128,n<=16,sr<=15%,kvB<=64k,kp<=16k,0.0937,4
128,n<=16,sr<=15%,kvB<=64k,kp<=1k,0.1333,4
128,n<=16,sr<=15%,kvB<=64k,kp<=2k,0.1379,4
128,n<=16,sr<=15%,kvB<=64k,kp<=32k,0.0889,4
128,n<=16,sr<=15%,kvB<=64k,kp<=4k,0.1421,4
128,n<=16,sr<=15%,kvB<=64k,kp<=512,0.134,4
128,n<=16,sr<=15%,kvB<=64k,kp<=64k,-0.0166,4
128,n<=16,sr<=15%,kvB<=64k,kp<=8k,0.1375,4
128,n<=16,sr<=15%,kvB<=64k,kp=0,0.1332,4
128,n<=16,sr<=40%,kvB<=16k,kp<=16k,-0.0,4
128,n<=16,sr<=40%,kvB<=16k,kp<=1k,0.1255,4
128,n<=16,sr<=40%,kvB<=16k,kp<=2k,0.1382,4
128,n<=16,sr<=40%,kvB<=16k,kp<=32k,0.0088,4
128,n<=16,sr<=40%,kvB<=16k,kp<=4k,0.1391,4
128,n<=16,sr<=40%,kvB<=16k,kp<=512,0.112,4
128,n<=16,sr<=40%,kvB<=16k,kp<=64k,0.0012,4
128,n<=16,sr<=40%,kvB<=16k,kp<=8k,0.0707,4
128,n<=16,sr<=40%,kvB<=16k,kp=0,0.1066,4
128,n<=16,sr<=40%,kvB<=1k,kp<=16k,0.1039,4
128,n<=16,sr<=40%,kvB<=1k,kp<=1k,0.0662,4
128,n<=16,sr<=40%,kvB<=1k,kp<=2k,0.0855,4
128,n<=16,sr<=40%,kvB<=1k,kp<=32k,0.0654,4
128,n<=16,sr<=40%,kvB<=1k,kp<=4k,0.1127,4
128,n<=16,sr<=40%,kvB<=1k,kp<=512,0.1337,4
128,n<=16,sr<=40%,kvB<=1k,kp<=64k,0.1104,4
128,n<=16,sr<=40%,kvB<=1k,kp<=8k,0.1015,4
128,n<=16,sr<=40%,kvB<=1k,kp=0,0.2116,4
128,n<=16,sr<=40%,kvB<=4k,kp<=16k,0.005,4
128,n<=16,sr<=40%,kvB<=4k,kp<=1k,0.1405,4
128,n<=16,sr<=40%,kvB<=4k,kp<=2k,0.0786,4
128,n<=16,sr<=40%,kvB<=4k,kp<=32k,0.0161,4
128,n<=16,sr<=40%,kvB<=4k,kp<=4k,-0.0001,4
128,n<=16,sr<=40%,kvB<=4k,kp<=512,0.1534,4
128,n<=16,sr<=40%,kvB<=4k,kp<=64k,0.0094,4
128,n<=16,sr<=40%,kvB<=4k,kp<=8k,0.0135,4
128,n<=16,sr<=40%,kvB<=4k,kp=0,0.1338,4
128,n<=16,sr<=40%,kvB<=64k,kp<=16k,0.0906,4
128,n<=16,sr<=40%,kvB<=64k,kp<=1k,0.1141,4
128,n<=16,sr<=40%,kvB<=64k,kp<=2k,0.1111,4
128,n<=16,sr<=40%,kvB<=64k,kp<=32k,0.0618,4
128,n<=16,sr<=40%,kvB<=64k,kp<=4k,0.1347,4
128,n<=16,sr<=40%,kvB<=64k,kp<=512,0.1106,4
128,n<=16,sr<=40%,kvB<=64k,kp<=64k,-0.0056,4
128,n<=16,sr<=40%,kvB<=64k,kp<=8k,0.1434,4
128,n<=16,sr<=40%,kvB<=64k,kp=0,0.1129,4
128,n<=16,sr<=70%,kvB<=16k,kp<=16k,-0.0914,2
128,n<=16,sr<=70%,kvB<=16k,kp<=1k,0.0937,2
128,n<=16,sr<=70%,kvB<=16k,kp<=2k,0.1142,2
128,n<=16,sr<=70%,kvB<=16k,kp<=32k,-0.1171,2
128,n<=16,sr<=70%,kvB<=16k,kp<=4k,0.1508,2
128,n<=16,sr<=70%,kvB<=16k,kp<=512,0.0985,2
128,n<=16,sr<=70%,kvB<=16k,kp<=64k,-0.0205,2
128,n<=16,sr<=70%,kvB<=16k,kp<=8k,0.0008,2
128,n<=16,sr<=70%,kvB<=16k,kp=0,0.1014,2
128,n<=16,sr<=70%,kvB<=1k,kp<=16k,0.0409,2
128,n<=16,sr<=70%,kvB<=1k,kp<=1k,0.0051,2
128,n<=16,sr<=70%,kvB<=1k,kp<=2k,0.0214,2
128,n<=16,sr<=70%,kvB<=1k,kp<=32k,0.1414,2
128,n<=16,sr<=70%,kvB<=1k,kp<=4k,0.1242,2
128,n<=16,sr<=70%,kvB<=1k,kp<=512,0.0899,2
128,n<=16,sr<=70%,kvB<=1k,kp<=64k,0.1569,2
128,n<=16,sr<=70%,kvB<=1k,kp<=8k,0.0992,2
128,n<=16,sr<=70%,kvB<=1k,kp=0,0.1839,2
128,n<=16,sr<=70%,kvB<=4k,kp<=16k,-0.0532,2
128,n<=16,sr<=70%,kvB<=4k,kp<=1k,0.1525,2
128,n<=16,sr<=70%,kvB<=4k,kp<=2k,0.0444,2
128,n<=16,sr<=70%,kvB<=4k,kp<=32k,0.0002,2
128,n<=16,sr<=70%,kvB<=4k,kp<=4k,-0.0584,2
128,n<=16,sr<=70%,kvB<=4k,kp<=512,0.1442,2
128,n<=16,sr<=70%,kvB<=4k,kp<=64k,0.0001,2
128,n<=16,sr<=70%,kvB<=4k,kp<=8k,-0.1171,2
128,n<=16,sr<=70%,kvB<=4k,kp=0,0.1074,2
128,n<=16,sr<=70%,kvB<=64k,kp<=16k,0.1529,2
128,n<=16,sr<=70%,kvB<=64k,kp<=1k,0.1917,2
128,n<=16,sr<=70%,kvB<=64k,kp<=2k,0.2543,2
128,n<=16,sr<=70%,kvB<=64k,kp<=32k,0.051,2
128,n<=16,sr<=70%,kvB<=64k,kp<=4k,0.6183,2
128,n<=16,sr<=70%,kvB<=64k,kp<=512,0.1941,2
128,n<=16,sr<=70%,kvB<=64k,kp<=64k,0.0057,2
128,n<=16,sr<=70%,kvB<=64k,kp<=8k,0.3657,2
128,n<=16,sr<=70%,kvB<=64k,kp=0,0.172,2
128,n<=16,sr>70%,kvB<=16k,kp<=16k,-0.2632,4
128,n<=16,sr>70%,kvB<=16k,kp<=1k,0.0426,4
128,n<=16,sr>70%,kvB<=16k,kp<=2k,0.062,4
128,n<=16,sr>70%,kvB<=16k,kp<=32k,-0.0807,4
128,n<=16,sr>70%,kvB<=16k,kp<=4k,0.1863,4
128,n<=16,sr>70%,kvB<=16k,kp<=512,-0.0021,4
128,n<=16,sr>70%,kvB<=16k,kp<=64k,0.0963,4
128,n<=16,sr>70%,kvB<=16k,kp<=8k,0.0798,4
128,n<=16,sr>70%,kvB<=16k,kp=0,-0.0079,4
128,n<=16,sr>70%,kvB<=1k,kp<=16k,0.234,4
128,n<=16,sr>70%,kvB<=1k,kp<=1k,0.0765,4
128,n<=16,sr>70%,kvB<=1k,kp<=2k,0.2399,4
128,n<=16,sr>70%,kvB<=1k,kp<=32k,0.2148,4
128,n<=16,sr>70%,kvB<=1k,kp<=4k,0.2216,4
128,n<=16,sr>70%,kvB<=1k,kp<=512,0.1878,4
128,n<=16,sr>70%,kvB<=1k,kp<=64k,0.0557,4
128,n<=16,sr>70%,kvB<=1k,kp<=8k,0.3075,4
128,n<=16,sr>70%,kvB<=1k,kp=0,0.3484,4
128,n<=16,sr>70%,kvB<=4k,kp<=16k,0.0782,4
128,n<=16,sr>70%,kvB<=4k,kp<=1k,0.2216,4
128,n<=16,sr>70%,kvB<=4k,kp<=2k,0.0778,4
128,n<=16,sr>70%,kvB<=4k,kp<=32k,-0.0174,4
128,n<=16,sr>70%,kvB<=4k,kp<=4k,-0.2103,4
128,n<=16,sr>70%,kvB<=4k,kp<=512,0.1615,4
128,n<=16,sr>70%,kvB<=4k,kp<=64k,-0.0442,4
128,n<=16,sr>70%,kvB<=4k,kp<=8k,0.0619,4
128,n<=16,sr>70%,kvB<=4k,kp=0,0.0478,4
128,n<=16,sr>70%,kvB<=64k,kp<=16k,0.9938,4
128,n<=16,sr>70%,kvB<=64k,kp<=1k,0.7624,4
128,n<=16,sr>70%,kvB<=64k,kp<=2k,0.8038,4
128,n<=16,sr>70%,kvB<=64k,kp<=32k,1.1287,3
128,n<=16,sr>70%,kvB<=64k,kp<=4k,1.6641,4
128,n<=16,sr>70%,kvB<=64k,kp<=512,0.7006,4
128,n<=16,sr>70%,kvB<=64k,kp<=64k,1.5241,4
128,n<=16,sr>70%,kvB<=64k,kp<=8k,1.3742,4
128,n<=16,sr>70%,kvB<=64k,kp=0,0.7792,4
128,n<=2,sr<=70%,kvB<=16k,kp<=16k,0.8753,2
128,n<=2,sr<=70%,kvB<=16k,kp<=1k,0.9868,2
128,n<=2,sr<=70%,kvB<=16k,kp<=2k,0.9648,2
128,n<=2,sr<=70%,kvB<=16k,kp<=32k,0.833,2
128,n<=2,sr<=70%,kvB<=16k,kp<=4k,0.9371,2
128,n<=2,sr<=70%,kvB<=16k,kp<=512,0.9624,2
128,n<=2,sr<=70%,kvB<=16k,kp<=64k,0.8113,2
128,n<=2,sr<=70%,kvB<=16k,kp<=8k,0.9417,2
128,n<=2,sr<=70%,kvB<=16k,kp=0,0.963,2
128,n<=2,sr<=70%,kvB<=1k,kp<=16k,0.5017,2
128,n<=2,sr<=70%,kvB<=1k,kp<=1k,0.7331,2
128,n<=2,sr<=70%,kvB<=1k,kp<=2k,0.7372,2
128,n<=2,sr<=70%,kvB<=1k,kp<=32k,0.0687,1
128,n<=2,sr<=70%,kvB<=1k,kp<=4k,0.6679,2
128,n<=2,sr<=70%,kvB<=1k,kp<=512,0.7515,2
128,n<=2,sr<=70%,kvB<=1k,kp<=8k,0.533,2
128,n<=2,sr<=70%,kvB<=1k,kp=0,0.9983,2
128,n<=2,sr<=70%,kvB<=4k,kp<=16k,0.8077,2
128,n<=2,sr<=70%,kvB<=4k,kp<=1k,0.9024,2
128,n<=2,sr<=70%,kvB<=4k,kp<=2k,0.8834,2
128,n<=2,sr<=70%,kvB<=4k,kp<=32k,0.655,2
128,n<=2,sr<=70%,kvB<=4k,kp<=4k,0.9014,2
128,n<=2,sr<=70%,kvB<=4k,kp<=512,0.9487,2
128,n<=2,sr<=70%,kvB<=4k,kp<=64k,0.6975,1
128,n<=2,sr<=70%,kvB<=4k,kp<=8k,0.8294,2
128,n<=2,sr<=70%,kvB<=4k,kp=0,0.9327,2
128,n<=2,sr<=70%,kvB<=64k,kp<=16k,0.9294,2
128,n<=2,sr<=70%,kvB<=64k,kp<=1k,0.9888,2
128,n<=2,sr<=70%,kvB<=64k,kp<=2k,0.9823,2
128,n<=2,sr<=70%,kvB<=64k,kp<=32k,0.8453,2
128,n<=2,sr<=70%,kvB<=64k,kp<=4k,0.9504,2
128,n<=2,sr<=70%,kvB<=64k,kp<=512,0.9845,2
128,n<=2,sr<=70%,kvB<=64k,kp<=64k,0.7929,2
128,n<=2,sr<=70%,kvB<=64k,kp<=8k,0.9733,2
128,n<=2,sr<=70%,kvB<=64k,kp=0,0.9793,2
128,n<=32,sr<=15%,kvB<=16k,kp<=16k,-0.0109,6
128,n<=32,sr<=15%,kvB<=16k,kp<=1k,0.0715,6
128,n<=32,sr<=15%,kvB<=16k,kp<=2k,0.0649,6
128,n<=32,sr<=15%,kvB<=16k,kp<=32k,-0.013,6
128,n<=32,sr<=15%,kvB<=16k,kp<=4k,0.0564,6
128,n<=32,sr<=15%,kvB<=16k,kp<=512,0.0751,6
128,n<=32,sr<=15%,kvB<=16k,kp<=64k,0.0026,6
128,n<=32,sr<=15%,kvB<=16k,kp<=8k,0.0391,6
128,n<=32,sr<=15%,kvB<=16k,kp=0,0.0821,6
128,n<=32,sr<=15%,kvB<=1k,kp<=16k,0.0796,6
128,n<=32,sr<=15%,kvB<=1k,kp<=1k,0.0688,6
128,n<=32,sr<=15%,kvB<=1k,kp<=2k,0.0689,6
128,n<=32,sr<=15%,kvB<=1k,kp<=32k,0.079,6
128,n<=32,sr<=15%,kvB<=1k,kp<=4k,0.0681,6
128,n<=32,sr<=15%,kvB<=1k,kp<=512,0.1128,6
128,n<=32,sr<=15%,kvB<=1k,kp<=64k,0.0617,6
128,n<=32,sr<=15%,kvB<=1k,kp<=8k,0.0886,6
128,n<=32,sr<=15%,kvB<=1k,kp=0,0.1362,6
128,n<=32,sr<=15%,kvB<=4k,kp<=16k,0.0205,6
128,n<=32,sr<=15%,kvB<=4k,kp<=1k,0.0818,6
128,n<=32,sr<=15%,kvB<=4k,kp<=2k,0.0603,6
128,n<=32,sr<=15%,kvB<=4k,kp<=32k,0.0165,6
128,n<=32,sr<=15%,kvB<=4k,kp<=4k,0.0126,6
128,n<=32,sr<=15%,kvB<=4k,kp<=512,0.0819,6
128,n<=32,sr<=15%,kvB<=4k,kp<=64k,0.0214,6
128,n<=32,sr<=15%,kvB<=4k,kp<=8k,0.0112,6
128,n<=32,sr<=15%,kvB<=4k,kp=0,0.0911,6
128,n<=32,sr<=15%,kvB<=64k,kp<=16k,0.0622,6
128,n<=32,sr<=15%,kvB<=64k,kp<=1k,0.099,6
128,n<=32,sr<=15%,kvB<=64k,kp<=2k,0.0995,6
128,n<=32,sr<=15%,kvB<=64k,kp<=32k,0.0236,6
128,n<=32,sr<=15%,kvB<=64k,kp<=4k,0.1286,6
128,n<=32,sr<=15%,kvB<=64k,kp<=512,0.1,6
128,n<=32,sr<=15%,kvB<=64k,kp<=64k,0.0209,6
128,n<=32,sr<=15%,kvB<=64k,kp<=8k,0.0629,6
128,n<=32,sr<=15%,kvB<=64k,kp=0,0.0988,6
128,n<=32,sr<=40%,kvB<=16k,kp<=16k,0.0005,2
128,n<=32,sr<=40%,kvB<=16k,kp<=1k,0.0728,2
128,n<=32,sr<=40%,kvB<=16k,kp<=2k,0.0684,2
128,n<=32,sr<=40%,kvB<=16k,kp<=32k,-0.0136,2
128,n<=32,sr<=40%,kvB<=16k,kp<=4k,0.0583,2
128,n<=32,sr<=40%,kvB<=16k,kp<=512,0.0816,2
128,n<=32,sr<=40%,kvB<=16k,kp<=64k,0.0032,2
128,n<=32,sr<=40%,kvB<=16k,kp<=8k,0.0604,2
128,n<=32,sr<=40%,kvB<=16k,kp=0,0.0867,2
128,n<=32,sr<=40%,kvB<=1k,kp<=16k,0.1326,2
128,n<=32,sr<=40%,kvB<=1k,kp<=1k,0.0984,2
128,n<=32,sr<=40%,kvB<=1k,kp<=2k,0.0984,2
128,n<=32,sr<=40%,kvB<=1k,kp<=32k,0.1099,2
128,n<=32,sr<=40%,kvB<=1k,kp<=4k,0.1154,2
128,n<=32,sr<=40%,kvB<=1k,kp<=512,0.1453,2
128,n<=32,sr<=40%,kvB<=1k,kp<=64k,0.0821,2
128,n<=32,sr<=40%,kvB<=1k,kp<=8k,0.1333,2
128,n<=32,sr<=40%,kvB<=1k,kp=0,0.1653,2
128,n<=32,sr<=40%,kvB<=4k,kp<=16k,0.0074,2
128,n<=32,sr<=40%,kvB<=4k,kp<=1k,0.0601,2
128,n<=32,sr<=40%,kvB<=4k,kp<=2k,0.0428,2
128,n<=32,sr<=40%,kvB<=4k,kp<=32k,0.0045,2
128,n<=32,sr<=40%,kvB<=4k,kp<=4k,-0.0282,2
128,n<=32,sr<=40%,kvB<=4k,kp<=512,0.0575,2
128,n<=32,sr<=40%,kvB<=4k,kp<=64k,0.0146,2
128,n<=32,sr<=40%,kvB<=4k,kp<=8k,-0.0292,2
128,n<=32,sr<=40%,kvB<=4k,kp=0,0.076,2
128,n<=32,sr<=40%,kvB<=64k,kp<=16k,0.03,2
128,n<=32,sr<=40%,kvB<=64k,kp<=1k,0.4709,2
128,n<=32,sr<=40%,kvB<=64k,kp<=2k,0.4457,2
128,n<=32,sr<=40%,kvB<=64k,kp<=32k,0.2205,2
128,n<=32,sr<=40%,kvB<=64k,kp<=4k,0.216,2
128,n<=32,sr<=40%,kvB<=64k,kp<=512,0.4844,2
128,n<=32,sr<=40%,kvB<=64k,kp<=64k,-0.0095,2
128,n<=32,sr<=40%,kvB<=64k,kp<=8k,0.131,2
128,n<=32,sr<=40%,kvB<=64k,kp=0,0.3867,2
128,n<=32,sr<=5%,kvB<=16k,kp<=16k,0.0001,2
128,n<=32,sr<=5%,kvB<=16k,kp<=1k,0.0784,2
128,n<=32,sr<=5%,kvB<=16k,kp<=2k,0.0745,2
128,n<=32,sr<=5%,kvB<=16k,kp<=32k,-0.0007,2
128,n<=32,sr<=5%,kvB<=16k,kp<=4k,0.0612,2
128,n<=32,sr<=5%,kvB<=16k,kp<=512,0.0789,2
128,n<=32,sr<=5%,kvB<=16k,kp<=64k,-0.004,2
128,n<=32,sr<=5%,kvB<=16k,kp<=8k,0.0325,2
128,n<=32,sr<=5%,kvB<=16k,kp=0,0.0849,2
128,n<=32,sr<=5%,kvB<=1k,kp<=16k,0.031,2
128,n<=32,sr<=5%,kvB<=1k,kp<=1k,0.0241,2
128,n<=32,sr<=5%,kvB<=1k,kp<=2k,0.0295,2
128,n<=32,sr<=5%,kvB<=1k,kp<=32k,0.0131,2
128,n<=32,sr<=5%,kvB<=1k,kp<=4k,0.015,2
128,n<=32,sr<=5%,kvB<=1k,kp<=512,0.0622,2
128,n<=32,sr<=5%,kvB<=1k,kp<=64k,0.0185,2
128,n<=32,sr<=5%,kvB<=1k,kp<=8k,0.015,2
128,n<=32,sr<=5%,kvB<=1k,kp=0,0.0874,2
128,n<=32,sr<=5%,kvB<=4k,kp<=16k,0.0223,2
128,n<=32,sr<=5%,kvB<=4k,kp<=1k,0.0965,2
128,n<=32,sr<=5%,kvB<=4k,kp<=2k,0.0629,2
128,n<=32,sr<=5%,kvB<=4k,kp<=32k,0.029,2
128,n<=32,sr<=5%,kvB<=4k,kp<=4k,0.0187,2
128,n<=32,sr<=5%,kvB<=4k,kp<=512,0.0957,2
128,n<=32,sr<=5%,kvB<=4k,kp<=64k,0.0274,2
128,n<=32,sr<=5%,kvB<=4k,kp<=8k,0.0202,2
128,n<=32,sr<=5%,kvB<=4k,kp=0,0.1009,2
128,n<=32,sr<=5%,kvB<=64k,kp<=16k,0.0366,2
128,n<=32,sr<=5%,kvB<=64k,kp<=1k,0.0876,2
128,n<=32,sr<=5%,kvB<=64k,kp<=2k,0.0863,2
128,n<=32,sr<=5%,kvB<=64k,kp<=32k,0.0192,2
128,n<=32,sr<=5%,kvB<=64k,kp<=4k,0.0588,2
128,n<=32,sr<=5%,kvB<=64k,kp<=512,0.0893,2
128,n<=32,sr<=5%,kvB<=64k,kp<=64k,-0.0032,2
128,n<=32,sr<=5%,kvB<=64k,kp<=8k,0.0327,2
128,n<=32,sr<=5%,kvB<=64k,kp=0,0.0874,2
128,n<=32,sr<=70%,kvB<=16k,kp<=16k,0.1093,2
128,n<=32,sr<=70%,kvB<=16k,kp<=1k,0.2719,2
128,n<=32,sr<=70%,kvB<=16k,kp<=2k,0.2348,2
128,n<=32,sr<=70%,kvB<=16k,kp<=32k,0.1726,2
128,n<=32,sr<=70%,kvB<=16k,kp<=4k,0.1314,2
128,n<=32,sr<=70%,kvB<=16k,kp<=512,0.2659,2
128,n<=32,sr<=70%,kvB<=16k,kp<=64k,0.2686,2
128,n<=32,sr<=70%,kvB<=16k,kp<=8k,0.1433,2
128,n<=32,sr<=70%,kvB<=16k,kp=0,0.2592,2
128,n<=32,sr<=70%,kvB<=1k,kp<=16k,0.0749,2
128,n<=32,sr<=70%,kvB<=1k,kp<=1k,0.0686,2
128,n<=32,sr<=70%,kvB<=1k,kp<=2k,0.0539,2
128,n<=32,sr<=70%,kvB<=1k,kp<=32k,0.0203,2
128,n<=32,sr<=70%,kvB<=1k,kp<=4k,0.0735,2
128,n<=32,sr<=70%,kvB<=1k,kp<=512,0.1033,2
128,n<=32,sr<=70%,kvB<=1k,kp<=64k,0.0302,2
128,n<=32,sr<=70%,kvB<=1k,kp<=8k,0.0669,2
128,n<=32,sr<=70%,kvB<=1k,kp=0,0.1225,2
128,n<=32,sr<=70%,kvB<=4k,kp<=16k,-0.0572,2
128,n<=32,sr<=70%,kvB<=4k,kp<=1k,0.0391,2
128,n<=32,sr<=70%,kvB<=4k,kp<=2k,0.0502,2
128,n<=32,sr<=70%,kvB<=4k,kp<=32k,-0.0133,2
128,n<=32,sr<=70%,kvB<=4k,kp<=4k,0.0109,2
128,n<=32,sr<=70%,kvB<=4k,kp<=512,0.0492,2
128,n<=32,sr<=70%,kvB<=4k,kp<=64k,0.0076,2
128,n<=32,sr<=70%,kvB<=4k,kp<=8k,-0.0032,2
128,n<=32,sr<=70%,kvB<=4k,kp=0,0.0931,2
128,n<=32,sr<=70%,kvB<=64k,kp<=16k,0.0568,2
128,n<=32,sr<=70%,kvB<=64k,kp<=1k,1.308,2
128,n<=32,sr<=70%,kvB<=64k,kp<=2k,1.4774,2
128,n<=32,sr<=70%,kvB<=64k,kp<=32k,0.3353,2
128,n<=32,sr<=70%,kvB<=64k,kp<=4k,0.9496,2
128,n<=32,sr<=70%,kvB<=64k,kp<=512,1.4927,2
128,n<=32,sr<=70%,kvB<=64k,kp<=64k,3.1128,2
128,n<=32,sr<=70%,kvB<=64k,kp<=8k,0.3063,2
128,n<=32,sr<=70%,kvB<=64k,kp=0,1.622,2
128,n<=32,sr>70%,kvB<=16k,kp<=16k,1.5396,4
128,n<=32,sr>70%,kvB<=16k,kp<=1k,1.5892,4
128,n<=32,sr>70%,kvB<=16k,kp<=2k,1.5692,4
128,n<=32,sr>70%,kvB<=16k,kp<=32k,1.3229,4
128,n<=32,sr>70%,kvB<=16k,kp<=4k,0.8043,4
128,n<=32,sr>70%,kvB<=16k,kp<=512,1.5638,4
128,n<=32,sr>70%,kvB<=16k,kp<=64k,1.8635,4
128,n<=32,sr>70%,kvB<=16k,kp<=8k,0.9007,4
128,n<=32,sr>70%,kvB<=16k,kp=0,1.4573,4
128,n<=32,sr>70%,kvB<=1k,kp<=16k,0.291,4
128,n<=32,sr>70%,kvB<=1k,kp<=1k,0.2712,4
128,n<=32,sr>70%,kvB<=1k,kp<=2k,0.222,4
128,n<=32,sr>70%,kvB<=1k,kp<=32k,0.2898,4
128,n<=32,sr>70%,kvB<=1k,kp<=4k,0.2711,4
128,n<=32,sr>70%,kvB<=1k,kp<=512,0.287,4
128,n<=32,sr>70%,kvB<=1k,kp<=64k,0.2597,4
128,n<=32,sr>70%,kvB<=1k,kp<=8k,0.3406,4
128,n<=32,sr>70%,kvB<=1k,kp=0,0.3405,4
128,n<=32,sr>70%,kvB<=4k,kp<=16k,0.0333,4
128,n<=32,sr>70%,kvB<=4k,kp<=1k,0.0645,4
128,n<=32,sr>70%,kvB<=4k,kp<=2k,0.0666,4
128,n<=32,sr>70%,kvB<=4k,kp<=32k,0.0058,4
128,n<=32,sr>70%,kvB<=4k,kp<=4k,0.0568,4
128,n<=32,sr>70%,kvB<=4k,kp<=512,0.1447,4
128,n<=32,sr>70%,kvB<=4k,kp<=64k,0.0826,4
128,n<=32,sr>70%,kvB<=4k,kp<=8k,-0.0414,4
128,n<=32,sr>70%,kvB<=4k,kp=0,0.225,4
128,n<=32,sr>70%,kvB<=64k,kp<=16k,0.9636,4
128,n<=32,sr>70%,kvB<=64k,kp<=1k,5.3425,4
128,n<=32,sr>70%,kvB<=64k,kp<=2k,3.985,4
128,n<=32,sr>70%,kvB<=64k,kp<=32k,1.7091,3
128,n<=32,sr>70%,kvB<=64k,kp<=4k,2.6978,4
128,n<=32,sr>70%,kvB<=64k,kp<=512,5.4631,4
128,n<=32,sr>70%,kvB<=64k,kp<=8k,0.9925,4
128,n<=32,sr>70%,kvB<=64k,kp=0,5.4619,4
128,n<=4,sr<=40%,kvB<=16k,kp<=16k,0.1041,2
128,n<=4,sr<=40%,kvB<=16k,kp<=1k,0.3673,2
128,n<=4,sr<=40%,kvB<=16k,kp<=2k,0.4274,2
128,n<=4,sr<=40%,kvB<=16k,kp<=32k,0.1096,2
128,n<=4,sr<=40%,kvB<=16k,kp<=4k,0.4699,2
128,n<=4,sr<=40%,kvB<=16k,kp<=512,0.336,2
128,n<=4,sr<=40%,kvB<=16k,kp<=64k,0.1052,2
128,n<=4,sr<=40%,kvB<=16k,kp<=8k,0.1644,2
128,n<=4,sr<=40%,kvB<=16k,kp=0,0.3003,2
128,n<=4,sr<=40%,kvB<=1k,kp<=16k,0.1244,2
128,n<=4,sr<=40%,kvB<=1k,kp<=1k,0.0956,2
128,n<=4,sr<=40%,kvB<=1k,kp<=2k,0.1999,2
128,n<=4,sr<=40%,kvB<=1k,kp<=32k,-0.0621,2
128,n<=4,sr<=40%,kvB<=1k,kp<=4k,0.1812,2
128,n<=4,sr<=40%,kvB<=1k,kp<=512,0.1724,2
128,n<=4,sr<=40%,kvB<=1k,kp<=64k,0.5191,1
128,n<=4,sr<=40%,kvB<=1k,kp<=8k,0.1538,2
128,n<=4,sr<=40%,kvB<=1k,kp=0,0.5329,2
128,n<=4,sr<=40%,kvB<=4k,kp<=16k,0.0512,2
128,n<=4,sr<=40%,kvB<=4k,kp<=1k,0.4709,2
128,n<=4,sr<=40%,kvB<=4k,kp<=2k,0.1393,2
128,n<=4,sr<=40%,kvB<=4k,kp<=32k,0.0798,2
128,n<=4,sr<=40%,kvB<=4k,kp<=4k,0.0676,2
128,n<=4,sr<=40%,kvB<=4k,kp<=512,0.4566,2
128,n<=4,sr<=40%,kvB<=4k,kp<=64k,0.0724,2
128,n<=4,sr<=40%,kvB<=4k,kp<=8k,0.0714,2
128,n<=4,sr<=40%,kvB<=4k,kp=0,0.3404,2
128,n<=4,sr<=40%,kvB<=64k,kp<=16k,0.4697,2
128,n<=4,sr<=40%,kvB<=64k,kp<=1k,0.2929,2
128,n<=4,sr<=40%,kvB<=64k,kp<=2k,0.3004,2
128,n<=4,sr<=40%,kvB<=64k,kp<=32k,0.1486,2
128,n<=4,sr<=40%,kvB<=64k,kp<=4k,0.3435,2
128,n<=4,sr<=40%,kvB<=64k,kp<=512,0.2891,2
128,n<=4,sr<=40%,kvB<=64k,kp<=64k,0.1044,2
128,n<=4,sr<=40%,kvB<=64k,kp<=8k,0.4052,2
128,n<=4,sr<=40%,kvB<=64k,kp=0,0.2936,2
128,n<=4,sr<=70%,kvB<=16k,kp<=16k,-0.2026,2
128,n<=4,sr<=70%,kvB<=16k,kp<=1k,0.0914,2
128,n<=4,sr<=70%,kvB<=16k,kp<=2k,0.1868,2
128,n<=4,sr<=70%,kvB<=16k,kp<=32k,0.0131,2
128,n<=4,sr<=70%,kvB<=16k,kp<=4k,0.3197,2
128,n<=4,sr<=70%,kvB<=16k,kp<=512,0.0439,2
128,n<=4,sr<=70%,kvB<=16k,kp<=64k,-0.0183,2
128,n<=4,sr<=70%,kvB<=16k,kp<=8k,0.0827,2
128,n<=4,sr<=70%,kvB<=16k,kp=0,-0.0094,2
128,n<=4,sr<=70%,kvB<=1k,kp<=16k,-0.1895,2
128,n<=4,sr<=70%,kvB<=1k,kp<=1k,-0.3478,2
128,n<=4,sr<=70%,kvB<=1k,kp<=2k,0.0959,2
128,n<=4,sr<=70%,kvB<=1k,kp<=32k,-0.0614,2
128,n<=4,sr<=70%,kvB<=1k,kp<=4k,0.0343,2
128,n<=4,sr<=70%,kvB<=1k,kp<=512,-0.1604,2
128,n<=4,sr<=70%,kvB<=1k,kp<=64k,0.3962,2
128,n<=4,sr<=70%,kvB<=1k,kp<=8k,0.0869,2
128,n<=4,sr<=70%,kvB<=1k,kp=0,0.4178,2
128,n<=4,sr<=70%,kvB<=4k,kp<=16k,0.0105,2
128,n<=4,sr<=70%,kvB<=4k,kp<=1k,0.3725,2
128,n<=4,sr<=70%,kvB<=4k,kp<=2k,0.039,2
128,n<=4,sr<=70%,kvB<=4k,kp<=32k,0.0451,2
128,n<=4,sr<=70%,kvB<=4k,kp<=4k,-0.2458,2
128,n<=4,sr<=70%,kvB<=4k,kp<=512,0.3096,2
128,n<=4,sr<=70%,kvB<=4k,kp<=64k,-0.1207,2
128,n<=4,sr<=70%,kvB<=4k,kp<=8k,0.0058,2
128,n<=4,sr<=70%,kvB<=4k,kp=0,0.0608,2
128,n<=4,sr<=70%,kvB<=64k,kp<=16k,0.2874,2
128,n<=4,sr<=70%,kvB<=64k,kp<=1k,-0.0271,2
128,n<=4,sr<=70%,kvB<=64k,kp<=2k,0.0012,2
128,n<=4,sr<=70%,kvB<=64k,kp<=32k,0.0432,2
128,n<=4,sr<=70%,kvB<=64k,kp<=4k,0.0602,2
128,n<=4,sr<=70%,kvB<=64k,kp<=512,-0.0224,2
128,n<=4,sr<=70%,kvB<=64k,kp<=64k,-0.1927,2
128,n<=4,sr<=70%,kvB<=64k,kp<=8k,0.1504,2
128,n<=4,sr<=70%,kvB<=64k,kp=0,-0.035,2
128,n<=4,sr>70%,kvB<=16k,kp<=16k,-0.6292,2
128,n<=4,sr>70%,kvB<=16k,kp<=1k,0.9062,2
128,n<=4,sr>70%,kvB<=16k,kp<=2k,0.9321,2
128,n<=4,sr>70%,kvB<=16k,kp<=32k,1.0015,2
128,n<=4,sr>70%,kvB<=16k,kp<=4k,0.9497,2
128,n<=4,sr>70%,kvB<=16k,kp<=512,0.8809,2
128,n<=4,sr>70%,kvB<=16k,kp<=64k,0.687,2
128,n<=4,sr>70%,kvB<=16k,kp<=8k,0.1807,2
128,n<=4,sr>70%,kvB<=16k,kp=0,0.8612,2
128,n<=4,sr>70%,kvB<=1k,kp<=16k,0.6239,2
128,n<=4,sr>70%,kvB<=1k,kp<=1k,-0.7232,2
128,n<=4,sr>70%,kvB<=1k,kp<=2k,0.4196,2
128,n<=4,sr>70%,kvB<=1k,kp<=32k,1.3687,2
128,n<=4,sr>70%,kvB<=1k,kp<=4k,0.7681,2
128,n<=4,sr>70%,kvB<=1k,kp<=512,-0.401,2
128,n<=4,sr>70%,kvB<=1k,kp<=64k,1.6886,2
128,n<=4,sr>70%,kvB<=1k,kp<=8k,0.5886,2
128,n<=4,sr>70%,kvB<=1k,kp=0,0.8615,2
128,n<=4,sr>70%,kvB<=4k,kp<=16k,0.7744,2
128,n<=4,sr>70%,kvB<=4k,kp<=1k,0.8797,2
128,n<=4,sr>70%,kvB<=4k,kp<=2k,-0.104,2
128,n<=4,sr>70%,kvB<=4k,kp<=32k,0.7425,2
128,n<=4,sr>70%,kvB<=4k,kp<=4k,-0.8378,2
128,n<=4,sr>70%,kvB<=4k,kp<=512,0.9095,2
128,n<=4,sr>70%,kvB<=4k,kp<=64k,0.8749,2
128,n<=4,sr>70%,kvB<=4k,kp<=8k,0.881,2
128,n<=4,sr>70%,kvB<=4k,kp=0,0.925,2
128,n<=4,sr>70%,kvB<=64k,kp<=16k,0.8648,2
128,n<=4,sr>70%,kvB<=64k,kp<=1k,0.8555,2
128,n<=4,sr>70%,kvB<=64k,kp<=2k,0.8488,2
128,n<=4,sr>70%,kvB<=64k,kp<=32k,0.0267,2
128,n<=4,sr>70%,kvB<=64k,kp<=4k,0.8794,2
128,n<=4,sr>70%,kvB<=64k,kp<=512,0.8674,2
128,n<=4,sr>70%,kvB<=64k,kp<=64k,-0.4934,2
128,n<=4,sr>70%,kvB<=64k,kp<=8k,0.9292,2
128,n<=4,sr>70%,kvB<=64k,kp=0,0.8439,2
128,n<=64,sr<=15%,kvB<=16k,kp<=16k,0.0649,4
128,n<=64,sr<=15%,kvB<=16k,kp<=1k,0.039,4
128,n<=64,sr<=15%,kvB<=16k,kp<=2k,0.0365,4
128,n<=64,sr<=15%,kvB<=16k,kp<=32k,0.0492,4
128,n<=64,sr<=15%,kvB<=16k,kp<=4k,0.0308,4
128,n<=64,sr<=15%,kvB<=16k,kp<=512,0.0415,4
128,n<=64,sr<=15%,kvB<=16k,kp<=64k,0.0362,4
128,n<=64,sr<=15%,kvB<=16k,kp<=8k,0.0299,4
128,n<=64,sr<=15%,kvB<=16k,kp=0,0.0405,4
128,n<=64,sr<=15%,kvB<=1k,kp<=16k,0.093,4
128,n<=64,sr<=15%,kvB<=1k,kp<=1k,0.071,4
128,n<=64,sr<=15%,kvB<=1k,kp<=2k,0.0723,4
128,n<=64,sr<=15%,kvB<=1k,kp<=32k,0.0802,4
128,n<=64,sr<=15%,kvB<=1k,kp<=4k,0.0712,4
128,n<=64,sr<=15%,kvB<=1k,kp<=512,0.0904,4
128,n<=64,sr<=15%,kvB<=1k,kp<=64k,0.0747,4
128,n<=64,sr<=15%,kvB<=1k,kp<=8k,0.072,4
128,n<=64,sr<=15%,kvB<=1k,kp=0,0.1023,4
128,n<=64,sr<=15%,kvB<=4k,kp<=16k,0.0078,4
128,n<=64,sr<=15%,kvB<=4k,kp<=1k,0.039,4
128,n<=64,sr<=15%,kvB<=4k,kp<=2k,0.0313,4
128,n<=64,sr<=15%,kvB<=4k,kp<=32k,0.0159,4
128,n<=64,sr<=15%,kvB<=4k,kp<=4k,0.0111,4
128,n<=64,sr<=15%,kvB<=4k,kp<=512,0.0384,4
128,n<=64,sr<=15%,kvB<=4k,kp<=64k,0.023,4
128,n<=64,sr<=15%,kvB<=4k,kp<=8k,0.0094,4
128,n<=64,sr<=15%,kvB<=4k,kp=0,0.0404,4
128,n<=64,sr<=15%,kvB<=64k,kp<=16k,0.0755,4
128,n<=64,sr<=15%,kvB<=64k,kp<=1k,0.2206,4
128,n<=64,sr<=15%,kvB<=64k,kp<=2k,0.1927,4
128,n<=64,sr<=15%,kvB<=64k,kp<=32k,0.0491,4
128,n<=64,sr<=15%,kvB<=64k,kp<=4k,0.0735,4
128,n<=64,sr<=15%,kvB<=64k,kp<=512,0.1827,4
128,n<=64,sr<=15%,kvB<=64k,kp<=64k,0.1451,4
128,n<=64,sr<=15%,kvB<=64k,kp<=8k,0.0813,4
128,n<=64,sr<=15%,kvB<=64k,kp=0,0.2113,4
128,n<=64,sr<=40%,kvB<=16k,kp<=16k,0.2334,2
128,n<=64,sr<=40%,kvB<=16k,kp<=1k,0.2319,2
128,n<=64,sr<=40%,kvB<=16k,kp<=2k,0.2126,2
128,n<=64,sr<=40%,kvB<=16k,kp<=32k,0.2784,2
128,n<=64,sr<=40%,kvB<=16k,kp<=4k,0.1827,2
128,n<=64,sr<=40%,kvB<=16k,kp<=512,0.2361,2
128,n<=64,sr<=40%,kvB<=16k,kp<=64k,0.5025,2
128,n<=64,sr<=40%,kvB<=16k,kp<=8k,0.1795,2
128,n<=64,sr<=40%,kvB<=16k,kp=0,0.233,2
128,n<=64,sr<=40%,kvB<=1k,kp<=16k,0.1561,2
128,n<=64,sr<=40%,kvB<=1k,kp<=1k,0.1101,2
128,n<=64,sr<=40%,kvB<=1k,kp<=2k,0.1143,2
128,n<=64,sr<=40%,kvB<=1k,kp<=32k,0.1299,2
128,n<=64,sr<=40%,kvB<=1k,kp<=4k,0.1141,2
128,n<=64,sr<=40%,kvB<=1k,kp<=512,0.1304,2
128,n<=64,sr<=40%,kvB<=1k,kp<=64k,0.1394,2
128,n<=64,sr<=40%,kvB<=1k,kp<=8k,0.1168,2
128,n<=64,sr<=40%,kvB<=1k,kp=0,0.1352,2
128,n<=64,sr<=40%,kvB<=4k,kp<=16k,-0.0091,2
128,n<=64,sr<=40%,kvB<=4k,kp<=1k,0.0214,2
128,n<=64,sr<=40%,kvB<=4k,kp<=2k,0.0177,2
128,n<=64,sr<=40%,kvB<=4k,kp<=32k,0.0024,2
128,n<=64,sr<=40%,kvB<=4k,kp<=4k,0.0031,2
128,n<=64,sr<=40%,kvB<=4k,kp<=512,0.0207,2
128,n<=64,sr<=40%,kvB<=4k,kp<=64k,-0.006,2
128,n<=64,sr<=40%,kvB<=4k,kp<=8k,0.0023,2
128,n<=64,sr<=40%,kvB<=4k,kp=0,0.0239,2
128,n<=64,sr<=40%,kvB<=64k,kp<=16k,0.1574,2
128,n<=64,sr<=40%,kvB<=64k,kp<=1k,0.4978,2
128,n<=64,sr<=40%,kvB<=64k,kp<=2k,0.3812,2
128,n<=64,sr<=40%,kvB<=64k,kp<=32k,0.1542,2
128,n<=64,sr<=40%,kvB<=64k,kp<=4k,0.1841,2
128,n<=64,sr<=40%,kvB<=64k,kp<=512,0.4099,2
128,n<=64,sr<=40%,kvB<=64k,kp<=64k,0.3681,2
128,n<=64,sr<=40%,kvB<=64k,kp<=8k,0.1278,2
128,n<=64,sr<=40%,kvB<=64k,kp=0,0.3823,2
128,n<=64,sr<=5%,kvB<=16k,kp<=16k,0.0378,6
128,n<=64,sr<=5%,kvB<=16k,kp<=1k,0.0311,6
128,n<=64,sr<=5%,kvB<=16k,kp<=2k,0.0177,6
128,n<=64,sr<=5%,kvB<=16k,kp<=32k,0.0067,6
128,n<=64,sr<=5%,kvB<=16k,kp<=4k,0.009,6
128,n<=64,sr<=5%,kvB<=16k,kp<=512,0.0323,6
128,n<=64,sr<=5%,kvB<=16k,kp<=64k,-0.0011,6
128,n<=64,sr<=5%,kvB<=16k,kp<=8k,0.0046,6
128,n<=64,sr<=5%,kvB<=16k,kp=0,0.0332,6
128,n<=64,sr<=5%,kvB<=1k,kp<=16k,0.0204,6
128,n<=64,sr<=5%,kvB<=1k,kp<=1k,0.0217,6
128,n<=64,sr<=5%,kvB<=1k,kp<=2k,0.0225,6
128,n<=64,sr<=5%,kvB<=1k,kp<=32k,0.0246,6
128,n<=64,sr<=5%,kvB<=1k,kp<=4k,0.0229,6
128,n<=64,sr<=5%,kvB<=1k,kp<=512,0.0409,6
128,n<=64,sr<=5%,kvB<=1k,kp<=64k,0.0245,6
128,n<=64,sr<=5%,kvB<=1k,kp<=8k,0.0232,6
128,n<=64,sr<=5%,kvB<=1k,kp=0,0.0512,6
128,n<=64,sr<=5%,kvB<=4k,kp<=16k,0.0147,6
128,n<=64,sr<=5%,kvB<=4k,kp<=1k,0.0416,6
128,n<=64,sr<=5%,kvB<=4k,kp<=2k,0.0328,6
128,n<=64,sr<=5%,kvB<=4k,kp<=32k,0.0201,6
128,n<=64,sr<=5%,kvB<=4k,kp<=4k,0.0139,6
128,n<=64,sr<=5%,kvB<=4k,kp<=512,0.042,6
128,n<=64,sr<=5%,kvB<=4k,kp<=64k,0.0183,6
128,n<=64,sr<=5%,kvB<=4k,kp<=8k,0.0118,6
128,n<=64,sr<=5%,kvB<=4k,kp=0,0.0444,6
128,n<=64,sr<=5%,kvB<=64k,kp<=16k,0.0487,6
128,n<=64,sr<=5%,kvB<=64k,kp<=1k,0.0747,6
128,n<=64,sr<=5%,kvB<=64k,kp<=2k,0.0894,6
128,n<=64,sr<=5%,kvB<=64k,kp<=32k,0.0076,6
128,n<=64,sr<=5%,kvB<=64k,kp<=4k,0.0784,6
128,n<=64,sr<=5%,kvB<=64k,kp<=512,0.0845,6
128,n<=64,sr<=5%,kvB<=64k,kp<=64k,0.047,6
128,n<=64,sr<=5%,kvB<=64k,kp<=8k,0.0261,6
128,n<=64,sr<=5%,kvB<=64k,kp=0,0.0883,6
128,n<=64,sr<=70%,kvB<=16k,kp<=16k,1.4529,2
128,n<=64,sr<=70%,kvB<=16k,kp<=1k,1.5339,2
128,n<=64,sr<=70%,kvB<=16k,kp<=2k,1.3365,2
128,n<=64,sr<=70%,kvB<=16k,kp<=32k,1.5269,2
128,n<=64,sr<=70%,kvB<=16k,kp<=4k,0.6724,2
128,n<=64,sr<=70%,kvB<=16k,kp<=512,1.5339,2
128,n<=64,sr<=70%,kvB<=16k,kp<=64k,1.6564,2
128,n<=64,sr<=70%,kvB<=16k,kp<=8k,0.8012,2
128,n<=64,sr<=70%,kvB<=16k,kp=0,1.5421,2
128,n<=64,sr<=70%,kvB<=1k,kp<=16k,0.0639,2
128,n<=64,sr<=70%,kvB<=1k,kp<=1k,0.0489,2
128,n<=64,sr<=70%,kvB<=1k,kp<=2k,0.0513,2
128,n<=64,sr<=70%,kvB<=1k,kp<=32k,0.0863,2
128,n<=64,sr<=70%,kvB<=1k,kp<=4k,0.0415,2
128,n<=64,sr<=70%,kvB<=1k,kp<=512,0.0704,2
128,n<=64,sr<=70%,kvB<=1k,kp<=64k,0.0364,2
128,n<=64,sr<=70%,kvB<=1k,kp<=8k,0.0388,2
128,n<=64,sr<=70%,kvB<=1k,kp=0,0.081,2
128,n<=64,sr<=70%,kvB<=4k,kp<=16k,-0.0477,2
128,n<=64,sr<=70%,kvB<=4k,kp<=1k,0.0108,2
128,n<=64,sr<=70%,kvB<=4k,kp<=2k,-0.0084,2
128,n<=64,sr<=70%,kvB<=4k,kp<=32k,-0.0296,2
128,n<=64,sr<=70%,kvB<=4k,kp<=4k,-0.0048,2
128,n<=64,sr<=70%,kvB<=4k,kp<=512,0.0061,2
128,n<=64,sr<=70%,kvB<=4k,kp<=64k,-0.0347,2
128,n<=64,sr<=70%,kvB<=4k,kp<=8k,0.0061,2
128,n<=64,sr<=70%,kvB<=4k,kp=0,-0.0004,2
128,n<=64,sr<=70%,kvB<=64k,kp<=16k,0.3091,2
128,n<=64,sr<=70%,kvB<=64k,kp<=1k,1.046,2
128,n<=64,sr<=70%,kvB<=64k,kp<=2k,0.9424,2
128,n<=64,sr<=70%,kvB<=64k,kp<=32k,0.397,2
128,n<=64,sr<=70%,kvB<=64k,kp<=4k,0.5434,2
128,n<=64,sr<=70%,kvB<=64k,kp<=512,1.1505,2
128,n<=64,sr<=70%,kvB<=64k,kp<=64k,0.7984,2
128,n<=64,sr<=70%,kvB<=64k,kp<=8k,0.2939,2
128,n<=64,sr<=70%,kvB<=64k,kp=0,0.9557,2
128,n<=64,sr>70%,kvB<=16k,kp<=16k,5.822,4
128,n<=64,sr>70%,kvB<=16k,kp<=1k,4.7108,4
128,n<=64,sr>70%,kvB<=16k,kp<=2k,4.5909,4
128,n<=64,sr>70%,kvB<=16k,kp<=32k,8.0551,3
128,n<=64,sr>70%,kvB<=16k,kp<=4k,1.8209,4
128,n<=64,sr>70%,kvB<=16k,kp<=512,4.7824,4
128,n<=64,sr>70%,kvB<=16k,kp<=64k,4.681,3
128,n<=64,sr>70%,kvB<=16k,kp<=8k,1.5047,4
128,n<=64,sr>70%,kvB<=16k,kp=0,4.792,4
128,n<=64,sr>70%,kvB<=1k,kp<=16k,0.3262,4
128,n<=64,sr>70%,kvB<=1k,kp<=1k,0.2846,4
128,n<=64,sr>70%,kvB<=1k,kp<=2k,0.3012,4
128,n<=64,sr>70%,kvB<=1k,kp<=32k,0.3673,4
128,n<=64,sr>70%,kvB<=1k,kp<=4k,0.298,4
128,n<=64,sr>70%,kvB<=1k,kp<=512,0.2804,4
128,n<=64,sr>70%,kvB<=1k,kp<=64k,0.3246,4
128,n<=64,sr>70%,kvB<=1k,kp<=8k,0.2837,4
128,n<=64,sr>70%,kvB<=1k,kp=0,0.3027,4
128,n<=64,sr>70%,kvB<=4k,kp<=16k,-0.0174,4
128,n<=64,sr>70%,kvB<=4k,kp<=1k,-0.1493,4
128,n<=64,sr>70%,kvB<=4k,kp<=2k,-0.1475,4
128,n<=64,sr>70%,kvB<=4k,kp<=32k,-0.1157,4
128,n<=64,sr>70%,kvB<=4k,kp<=4k,-0.1689,4
128,n<=64,sr>70%,kvB<=4k,kp<=512,-0.1825,4
128,n<=64,sr>70%,kvB<=4k,kp<=64k,-0.037,4
128,n<=64,sr>70%,kvB<=4k,kp<=8k,-0.0167,4
128,n<=64,sr>70%,kvB<=4k,kp=0,-0.1677,4
128,n<=64,sr>70%,kvB<=64k,kp<=16k,0.6934,4
128,n<=64,sr>70%,kvB<=64k,kp<=1k,2.2781,4
128,n<=64,sr>70%,kvB<=64k,kp<=2k,1.7066,4
128,n<=64,sr>70%,kvB<=64k,kp<=32k,0.8769,4
128,n<=64,sr>70%,kvB<=64k,kp<=4k,1.1541,3
128,n<=64,sr>70%,kvB<=64k,kp<=512,1.9163,3
128,n<=64,sr>70%,kvB<=64k,kp<=64k,1.5539,1
128,n<=64,sr>70%,kvB<=64k,kp<=8k,0.7298,4
128,n<=64,sr>70%,kvB<=64k,kp=0,2.149,4
128,n<=8,sr<=15%,kvB<=16k,kp<=16k,-0.0625,2
128,n<=8,sr<=15%,kvB<=16k,kp<=1k,0.2951,2
128,n<=8,sr<=15%,kvB<=16k,kp<=2k,0.2687,2
128,n<=8,sr<=15%,kvB<=16k,kp<=32k,-0.0844,2
128,n<=8,sr<=15%,kvB<=16k,kp<=4k,0.2194,2
128,n<=8,sr<=15%,kvB<=16k,kp<=512,0.3093,2
128,n<=8,sr<=15%,kvB<=16k,kp<=64k,-0.0546,2
128,n<=8,sr<=15%,kvB<=16k,kp<=8k,0.1807,2
128,n<=8,sr<=15%,kvB<=16k,kp=0,0.3289,2
128,n<=8,sr<=15%,kvB<=1k,kp<=16k,0.056,2
128,n<=8,sr<=15%,kvB<=1k,kp<=1k,0.0815,2
128,n<=8,sr<=15%,kvB<=1k,kp<=2k,0.073,2
128,n<=8,sr<=15%,kvB<=1k,kp<=32k,0.0762,2
128,n<=8,sr<=15%,kvB<=1k,kp<=4k,0.088,2
128,n<=8,sr<=15%,kvB<=1k,kp<=512,0.2681,2
128,n<=8,sr<=15%,kvB<=1k,kp<=64k,0.1266,2
128,n<=8,sr<=15%,kvB<=1k,kp<=8k,0.1085,2
128,n<=8,sr<=15%,kvB<=1k,kp=0,0.3549,2
128,n<=8,sr<=15%,kvB<=4k,kp<=16k,-0.021,2
128,n<=8,sr<=15%,kvB<=4k,kp<=1k,0.2301,2
128,n<=8,sr<=15%,kvB<=4k,kp<=2k,0.1852,2
128,n<=8,sr<=15%,kvB<=4k,kp<=32k,-0.025,2
128,n<=8,sr<=15%,kvB<=4k,kp<=4k,-0.0082,2
128,n<=8,sr<=15%,kvB<=4k,kp<=512,0.2674,2
128,n<=8,sr<=15%,kvB<=4k,kp<=64k,0.0035,2
128,n<=8,sr<=15%,kvB<=4k,kp<=8k,-0.0531,2
128,n<=8,sr<=15%,kvB<=4k,kp=0,0.3277,2
128,n<=8,sr<=15%,kvB<=64k,kp<=16k,0.2096,2
128,n<=8,sr<=15%,kvB<=64k,kp<=1k,0.3262,2
128,n<=8,sr<=15%,kvB<=64k,kp<=2k,0.3159,2
128,n<=8,sr<=15%,kvB<=64k,kp<=32k,0.17,2
128,n<=8,sr<=15%,kvB<=64k,kp<=4k,0.2979,2
128,n<=8,sr<=15%,kvB<=64k,kp<=512,0.3288,2
128,n<=8,sr<=15%,kvB<=64k,kp<=64k,-0.0601,2
128,n<=8,sr<=15%,kvB<=64k,kp<=8k,0.254,2
128,n<=8,sr<=15%,kvB<=64k,kp=0,0.3323,2
128,n<=8,sr<=40%,kvB<=16k,kp<=16k,0.056,4
128,n<=8,sr<=40%,kvB<=16k,kp<=1k,0.3013,4
128,n<=8,sr<=40%,kvB<=16k,kp<=2k,0.3027,4
128,n<=8,sr<=40%,kvB<=16k,kp<=32k,0.0142,4
128,n<=8,sr<=40%,kvB<=16k,kp<=4k,0.247,4
128,n<=8,sr<=40%,kvB<=16k,kp<=512,0.2896,4
128,n<=8,sr<=40%,kvB<=16k,kp<=64k,-0.0651,4
128,n<=8,sr<=40%,kvB<=16k,kp<=8k,0.1981,4
128,n<=8,sr<=40%,kvB<=16k,kp=0,0.2636,4
128,n<=8,sr<=40%,kvB<=1k,kp<=16k,0.0107,4
128,n<=8,sr<=40%,kvB<=1k,kp<=1k,0.1304,4
128,n<=8,sr<=40%,kvB<=1k,kp<=2k,0.0902,4
128,n<=8,sr<=40%,kvB<=1k,kp<=32k,0.0821,4
128,n<=8,sr<=40%,kvB<=1k,kp<=4k,0.0514,4
128,n<=8,sr<=40%,kvB<=1k,kp<=512,0.2307,4
128,n<=8,sr<=40%,kvB<=1k,kp<=64k,0.0218,4
128,n<=8,sr<=40%,kvB<=1k,kp<=8k,0.0195,4
128,n<=8,sr<=40%,kvB<=1k,kp=0,0.347,4
128,n<=8,sr<=40%,kvB<=4k,kp<=16k,-0.0478,4
128,n<=8,sr<=40%,kvB<=4k,kp<=1k,0.2441,4
128,n<=8,sr<=40%,kvB<=4k,kp<=2k,0.2092,4
128,n<=8,sr<=40%,kvB<=4k,kp<=32k,-0.0429,4
128,n<=8,sr<=40%,kvB<=4k,kp<=4k,0.0806,4
128,n<=8,sr<=40%,kvB<=4k,kp<=512,0.2771,4
128,n<=8,sr<=40%,kvB<=4k,kp<=64k,-0.0176,4
128,n<=8,sr<=40%,kvB<=4k,kp<=8k,0.0131,4
128,n<=8,sr<=40%,kvB<=4k,kp=0,0.3202,4
128,n<=8,sr<=40%,kvB<=64k,kp<=16k,0.2325,4
128,n<=8,sr<=40%,kvB<=64k,kp<=1k,0.2585,4
128,n<=8,sr<=40%,kvB<=64k,kp<=2k,0.2744,4
128,n<=8,sr<=40%,kvB<=64k,kp<=32k,0.2122,4
128,n<=8,sr<=40%,kvB<=64k,kp<=4k,0.3031,4
128,n<=8,sr<=40%,kvB<=64k,kp<=512,0.2577,4
128,n<=8,sr<=40%,kvB<=64k,kp<=64k,0.0648,4
128,n<=8,sr<=40%,kvB<=64k,kp<=8k,0.284,4
128,n<=8,sr<=40%,kvB<=64k,kp=0,0.2558,4
128,n<=8,sr<=70%,kvB<=16k,kp<=16k,0.0637,2
128,n<=8,sr<=70%,kvB<=16k,kp<=1k,0.2696,2
128,n<=8,sr<=70%,kvB<=16k,kp<=2k,0.2915,2
128,n<=8,sr<=70%,kvB<=16k,kp<=32k,-0.334,2
128,n<=8,sr<=70%,kvB<=16k,kp<=4k,0.2582,2
128,n<=8,sr<=70%,kvB<=16k,kp<=512,0.289,2
128,n<=8,sr<=70%,kvB<=16k,kp<=64k,-0.2049,2
128,n<=8,sr<=70%,kvB<=16k,kp<=8k,0.1045,2
128,n<=8,sr<=70%,kvB<=16k,kp=0,0.3075,2
128,n<=8,sr<=70%,kvB<=1k,kp<=16k,-0.0173,2
128,n<=8,sr<=70%,kvB<=1k,kp<=1k,0.0067,2
128,n<=8,sr<=70%,kvB<=1k,kp<=2k,-0.0883,2
128,n<=8,sr<=70%,kvB<=1k,kp<=32k,-0.0693,2
128,n<=8,sr<=70%,kvB<=1k,kp<=4k,-0.0059,2
128,n<=8,sr<=70%,kvB<=1k,kp<=512,0.2243,2
128,n<=8,sr<=70%,kvB<=1k,kp<=64k,0.2023,2
128,n<=8,sr<=70%,kvB<=1k,kp<=8k,-0.0354,2
128,n<=8,sr<=70%,kvB<=1k,kp=0,0.3474,2
128,n<=8,sr<=70%,kvB<=4k,kp<=16k,-0.1955,2
128,n<=8,sr<=70%,kvB<=4k,kp<=1k,0.2795,2
128,n<=8,sr<=70%,kvB<=4k,kp<=2k,0.1346,2
128,n<=8,sr<=70%,kvB<=4k,kp<=32k,-0.0969,2
128,n<=8,sr<=70%,kvB<=4k,kp<=4k,0.0509,2
128,n<=8,sr<=70%,kvB<=4k,kp<=512,0.3028,2
128,n<=8,sr<=70%,kvB<=4k,kp<=64k,-0.1411,2
128,n<=8,sr<=70%,kvB<=4k,kp<=8k,-0.3748,2
128,n<=8,sr<=70%,kvB<=4k,kp=0,0.2981,2
128,n<=8,sr<=70%,kvB<=64k,kp<=16k,0.2336,2
128,n<=8,sr<=70%,kvB<=64k,kp<=1k,0.3395,2
128,n<=8,sr<=70%,kvB<=64k,kp<=2k,0.3227,2
128,n<=8,sr<=70%,kvB<=64k,kp<=32k,0.0957,2
128,n<=8,sr<=70%,kvB<=64k,kp<=4k,0.2862,2
128,n<=8,sr<=70%,kvB<=64k,kp<=512,0.316,2
128,n<=8,sr<=70%,kvB<=64k,kp<=64k,0.0925,2
128,n<=8,sr<=70%,kvB<=64k,kp<=8k,0.3013,2
128,n<=8,sr<=70%,kvB<=64k,kp=0,0.3297,2
128,n<=8,sr>70%,kvB<=16k,kp<=16k,-0.0761,4
128,n<=8,sr>70%,kvB<=16k,kp<=1k,0.7503,4
128,n<=8,sr>70%,kvB<=16k,kp<=2k,0.6626,4
128,n<=8,sr>70%,kvB<=16k,kp<=32k,0.6426,4
128,n<=8,sr>70%,kvB<=16k,kp<=4k,0.4553,4
128,n<=8,sr>70%,kvB<=16k,kp<=512,0.8336,4
128,n<=8,sr>70%,kvB<=16k,kp<=64k,-0.3974,4
128,n<=8,sr>70%,kvB<=16k,kp<=8k,0.0031,4
128,n<=8,sr>70%,kvB<=16k,kp=0,0.8403,4
128,n<=8,sr>70%,kvB<=1k,kp<=16k,-0.1396,4
128,n<=8,sr>70%,kvB<=1k,kp<=1k,0.2233,4
128,n<=8,sr>70%,kvB<=1k,kp<=2k,0.4662,4
128,n<=8,sr>70%,kvB<=1k,kp<=32k,-0.1089,4
128,n<=8,sr>70%,kvB<=1k,kp<=4k,0.0912,4
128,n<=8,sr>70%,kvB<=1k,kp<=512,0.2643,4
128,n<=8,sr>70%,kvB<=1k,kp<=64k,0.2633,2
128,n<=8,sr>70%,kvB<=1k,kp<=8k,-0.1456,4
128,n<=8,sr>70%,kvB<=1k,kp=0,0.623,4
128,n<=8,sr>70%,kvB<=4k,kp<=16k,-0.1367,4
128,n<=8,sr>70%,kvB<=4k,kp<=1k,0.3993,4
128,n<=8,sr>70%,kvB<=4k,kp<=2k,0.0306,4
128,n<=8,sr>70%,kvB<=4k,kp<=32k,-0.3106,4
128,n<=8,sr>70%,kvB<=4k,kp<=4k,0.0085,4
128,n<=8,sr>70%,kvB<=4k,kp<=512,0.6131,4
128,n<=8,sr>70%,kvB<=4k,kp<=64k,-0.3973,4
128,n<=8,sr>70%,kvB<=4k,kp<=8k,0.5891,4
128,n<=8,sr>70%,kvB<=4k,kp=0,0.8091,4
128,n<=8,sr>70%,kvB<=64k,kp<=16k,0.4243,4
128,n<=8,sr>70%,kvB<=64k,kp<=1k,0.8693,4
128,n<=8,sr>70%,kvB<=64k,kp<=2k,0.9087,4
128,n<=8,sr>70%,kvB<=64k,kp<=32k,0.0014,4
128,n<=8,sr>70%,kvB<=64k,kp<=4k,0.9117,4
128,n<=8,sr>70%,kvB<=64k,kp<=512,0.8783,4
128,n<=8,sr>70%,kvB<=64k,kp<=64k,0.0225,4
128,n<=8,sr>70%,kvB<=64k,kp<=8k,0.8708,4
128,n<=8,sr>70%,kvB<=64k,kp=0,0.8793,4
256,n<=128,sr<=15%,kvB<=16k,kp<=16k,0.0474,4
256,n<=128,sr<=15%,kvB<=16k,kp<=1k,0.1068,4
256,n<=128,sr<=15%,kvB<=16k,kp<=2k,0.0857,4
256,n<=128,sr<=15%,kvB<=16k,kp<=32k,0.0073,4
256,n<=128,sr<=15%,kvB<=16k,kp<=4k,0.0592,4
256,n<=128,sr<=15%,kvB<=16k,kp<=512,0.106,4
256,n<=128,sr<=15%,kvB<=16k,kp<=64k,0.001,4
256,n<=128,sr<=15%,kvB<=16k,kp<=8k,0.0483,4
256,n<=128,sr<=15%,kvB<=16k,kp=0,0.1084,4
256,n<=128,sr<=15%,kvB<=1k,kp<=16k,0.0689,4
256,n<=128,sr<=15%,kvB<=1k,kp<=1k,0.0635,4
256,n<=128,sr<=15%,kvB<=1k,kp<=2k,0.0673,4
256,n<=128,sr<=15%,kvB<=1k,kp<=32k,0.0802,4
256,n<=128,sr<=15%,kvB<=1k,kp<=4k,0.0687,4
256,n<=128,sr<=15%,kvB<=1k,kp<=512,0.0688,4
256,n<=128,sr<=15%,kvB<=1k,kp<=64k,0.0631,4
256,n<=128,sr<=15%,kvB<=1k,kp<=8k,0.0656,4
256,n<=128,sr<=15%,kvB<=1k,kp=0,0.0705,4
256,n<=128,sr<=15%,kvB<=4k,kp<=16k,0.0016,4
256,n<=128,sr<=15%,kvB<=4k,kp<=1k,0.0104,4
256,n<=128,sr<=15%,kvB<=4k,kp<=2k,0.0104,4
256,n<=128,sr<=15%,kvB<=4k,kp<=32k,0.0024,4
256,n<=128,sr<=15%,kvB<=4k,kp<=4k,0.0057,4
256,n<=128,sr<=15%,kvB<=4k,kp<=512,0.0085,4
256,n<=128,sr<=15%,kvB<=4k,kp<=64k,0.0023,4
256,n<=128,sr<=15%,kvB<=4k,kp<=8k,0.0007,4
256,n<=128,sr<=15%,kvB<=4k,kp=0,0.0075,4
256,n<=128,sr<=15%,kvB<=64k,kp<=16k,0.0067,4
256,n<=128,sr<=15%,kvB<=64k,kp<=1k,0.0278,4
256,n<=128,sr<=15%,kvB<=64k,kp<=2k,0.0138,4
256,n<=128,sr<=15%,kvB<=64k,kp<=32k,0.0073,4
256,n<=128,sr<=15%,kvB<=64k,kp<=4k,0.0068,4
256,n<=128,sr<=15%,kvB<=64k,kp<=512,0.0184,4
256,n<=128,sr<=15%,kvB<=64k,kp<=64k,0.0035,4
256,n<=128,sr<=15%,kvB<=64k,kp<=8k,0.007,4
256,n<=128,sr<=15%,kvB<=64k,kp=0,0.0216,4
256,n<=128,sr<=40%,kvB<=16k,kp<=16k,0.0962,2
256,n<=128,sr<=40%,kvB<=16k,kp<=1k,0.1837,2
256,n<=128,sr<=40%,kvB<=16k,kp<=2k,0.092,2
256,n<=128,sr<=40%,kvB<=16k,kp<=32k,0.0118,2
256,n<=128,sr<=40%,kvB<=16k,kp<=4k,0.0516,2
256,n<=128,sr<=40%,kvB<=16k,kp<=512,0.1886,2
256,n<=128,sr<=40%,kvB<=16k,kp<=64k,0.0126,2
256,n<=128,sr<=40%,kvB<=16k,kp<=8k,0.1713,2
256,n<=128,sr<=40%,kvB<=16k,kp=0,0.1899,2
256,n<=128,sr<=40%,kvB<=1k,kp<=16k,0.1275,2
256,n<=128,sr<=40%,kvB<=1k,kp<=1k,0.1041,2
256,n<=128,sr<=40%,kvB<=1k,kp<=2k,0.0917,2
256,n<=128,sr<=40%,kvB<=1k,kp<=32k,0.1048,2
256,n<=128,sr<=40%,kvB<=1k,kp<=4k,0.1017,2
256,n<=128,sr<=40%,kvB<=1k,kp<=512,0.1076,2
256,n<=128,sr<=40%,kvB<=1k,kp<=64k,0.1052,2
256,n<=128,sr<=40%,kvB<=1k,kp<=8k,0.1023,2
256,n<=128,sr<=40%,kvB<=1k,kp=0,0.1121,2
256,n<=128,sr<=40%,kvB<=4k,kp<=16k,-0.0068,2
256,n<=128,sr<=40%,kvB<=4k,kp<=1k,-0.0113,2
256,n<=128,sr<=40%,kvB<=4k,kp<=2k,-0.0139,2
256,n<=128,sr<=40%,kvB<=4k,kp<=32k,-0.0124,2
256,n<=128,sr<=40%,kvB<=4k,kp<=4k,-0.0172,2
256,n<=128,sr<=40%,kvB<=4k,kp<=512,-0.0129,2
256,n<=128,sr<=40%,kvB<=4k,kp<=64k,-0.0022,2
256,n<=128,sr<=40%,kvB<=4k,kp<=8k,-0.0152,2
256,n<=128,sr<=40%,kvB<=4k,kp=0,-0.0124,2
256,n<=128,sr<=40%,kvB<=64k,kp<=16k,0.0048,2
256,n<=128,sr<=40%,kvB<=64k,kp<=1k,0.0092,2
256,n<=128,sr<=40%,kvB<=64k,kp<=2k,0.0164,2
256,n<=128,sr<=40%,kvB<=64k,kp<=32k,0.0053,2
256,n<=128,sr<=40%,kvB<=64k,kp<=4k,0.0048,2
256,n<=128,sr<=40%,kvB<=64k,kp<=512,0.0182,2
256,n<=128,sr<=40%,kvB<=64k,kp<=64k,-0.0012,2
256,n<=128,sr<=40%,kvB<=64k,kp<=8k,0.0024,2
256,n<=128,sr<=40%,kvB<=64k,kp=0,0.015,2
256,n<=128,sr<=5%,kvB<=16k,kp<=16k,0.0165,8
256,n<=128,sr<=5%,kvB<=16k,kp<=1k,0.0237,8
256,n<=128,sr<=5%,kvB<=16k,kp<=2k,0.044,8
256,n<=128,sr<=5%,kvB<=16k,kp<=32k,0.007,8
256,n<=128,sr<=5%,kvB<=16k,kp<=4k,0.0235,8
256,n<=128,sr<=5%,kvB<=16k,kp<=512,0.0225,8
256,n<=128,sr<=5%,kvB<=16k,kp<=64k,0.0001,8
256,n<=128,sr<=5%,kvB<=16k,kp<=8k,0.0277,8
256,n<=128,sr<=5%,kvB<=16k,kp=0,0.0267,8
256,n<=128,sr<=5%,kvB<=1k,kp<=16k,0.0126,8
256,n<=128,sr<=5%,kvB<=1k,kp<=1k,0.011,8
256,n<=128,sr<=5%,kvB<=1k,kp<=2k,0.0098,8
256,n<=128,sr<=5%,kvB<=1k,kp<=32k,0.0112,8
256,n<=128,sr<=5%,kvB<=1k,kp<=4k,0.0105,8
256,n<=128,sr<=5%,kvB<=1k,kp<=512,0.0189,8
256,n<=128,sr<=5%,kvB<=1k,kp<=64k,0.0105,8
256,n<=128,sr<=5%,kvB<=1k,kp<=8k,0.0104,8
256,n<=128,sr<=5%,kvB<=1k,kp=0,0.0196,8
256,n<=128,sr<=5%,kvB<=4k,kp<=16k,0.0049,8
256,n<=128,sr<=5%,kvB<=4k,kp<=1k,0.0125,8
256,n<=128,sr<=5%,kvB<=4k,kp<=2k,0.014,8
256,n<=128,sr<=5%,kvB<=4k,kp<=32k,0.0048,8
256,n<=128,sr<=5%,kvB<=4k,kp<=4k,0.0083,8
256,n<=128,sr<=5%,kvB<=4k,kp<=512,0.0118,8
256,n<=128,sr<=5%,kvB<=4k,kp<=64k,0.0056,8
256,n<=128,sr<=5%,kvB<=4k,kp<=8k,0.0045,8
256,n<=128,sr<=5%,kvB<=4k,kp=0,0.0108,8
256,n<=128,sr<=5%,kvB<=64k,kp<=16k,0.007,8
256,n<=128,sr<=5%,kvB<=64k,kp<=1k,0.0178,8
256,n<=128,sr<=5%,kvB<=64k,kp<=2k,0.0107,8
256,n<=128,sr<=5%,kvB<=64k,kp<=32k,0.0045,8
256,n<=128,sr<=5%,kvB<=64k,kp<=4k,0.0065,8
256,n<=128,sr<=5%,kvB<=64k,kp<=512,0.0169,8
256,n<=128,sr<=5%,kvB<=64k,kp<=64k,0.0012,8
256,n<=128,sr<=5%,kvB<=64k,kp<=8k,0.0119,8
256,n<=128,sr<=5%,kvB<=64k,kp=0,0.0192,8
256,n<=128,sr<=70%,kvB<=16k,kp<=16k,0.0916,2
256,n<=128,sr<=70%,kvB<=16k,kp<=1k,0.1647,2
256,n<=128,sr<=70%,kvB<=16k,kp<=2k,0.1211,2
256,n<=128,sr<=70%,kvB<=16k,kp<=32k,0.0335,2
256,n<=128,sr<=70%,kvB<=16k,kp<=4k,0.1009,2
256,n<=128,sr<=70%,kvB<=16k,kp<=512,0.195,2
256,n<=128,sr<=70%,kvB<=16k,kp<=64k,0.0279,2
256,n<=128,sr<=70%,kvB<=16k,kp<=8k,0.0389,2
256,n<=128,sr<=70%,kvB<=16k,kp=0,0.2316,2
256,n<=128,sr<=70%,kvB<=1k,kp<=16k,0.0578,2
256,n<=128,sr<=70%,kvB<=1k,kp<=1k,0.0373,2
256,n<=128,sr<=70%,kvB<=1k,kp<=2k,0.0464,2
256,n<=128,sr<=70%,kvB<=1k,kp<=32k,0.083,2
256,n<=128,sr<=70%,kvB<=1k,kp<=4k,0.0232,2
256,n<=128,sr<=70%,kvB<=1k,kp<=512,0.0418,2
256,n<=128,sr<=70%,kvB<=1k,kp<=64k,0.0673,2
256,n<=128,sr<=70%,kvB<=1k,kp<=8k,0.0546,2
256,n<=128,sr<=70%,kvB<=1k,kp=0,0.0205,2
256,n<=128,sr<=70%,kvB<=4k,kp<=16k,-0.2367,2
256,n<=128,sr<=70%,kvB<=4k,kp<=1k,-0.0757,2
256,n<=128,sr<=70%,kvB<=4k,kp<=2k,-0.0767,2
256,n<=128,sr<=70%,kvB<=4k,kp<=32k,-0.3591,2
256,n<=128,sr<=70%,kvB<=4k,kp<=4k,-0.0783,2
256,n<=128,sr<=70%,kvB<=4k,kp<=512,-0.1166,2
256,n<=128,sr<=70%,kvB<=4k,kp<=64k,-0.1077,2
256,n<=128,sr<=70%,kvB<=4k,kp<=8k,-0.1335,2
256,n<=128,sr<=70%,kvB<=4k,kp=0,-0.139,2
256,n<=128,sr<=70%,kvB<=64k,kp<=16k,-0.0005,2
256,n<=128,sr<=70%,kvB<=64k,kp<=1k,0.0378,2
256,n<=128,sr<=70%,kvB<=64k,kp<=2k,0.0091,2
256,n<=128,sr<=70%,kvB<=64k,kp<=32k,0.0014,2
256,n<=128,sr<=70%,kvB<=64k,kp<=4k,0.0044,2
256,n<=128,sr<=70%,kvB<=64k,kp<=512,0.0165,2
256,n<=128,sr<=70%,kvB<=64k,kp<=64k,0.0006,2
256,n<=128,sr<=70%,kvB<=64k,kp<=8k,-0.0033,2
256,n<=128,sr<=70%,kvB<=64k,kp=0,0.0257,2
256,n<=128,sr>70%,kvB<=16k,kp<=16k,0.2336,4
256,n<=128,sr>70%,kvB<=16k,kp<=1k,0.4513,4
256,n<=128,sr>70%,kvB<=16k,kp<=2k,0.1852,4
256,n<=128,sr>70%,kvB<=16k,kp<=32k,0.0578,4
256,n<=128,sr>70%,kvB<=16k,kp<=4k,0.0562,4
256,n<=128,sr>70%,kvB<=16k,kp<=512,0.259,4
256,n<=128,sr>70%,kvB<=16k,kp<=64k,0.04,4
256,n<=128,sr>70%,kvB<=16k,kp<=8k,0.2621,4
256,n<=128,sr>70%,kvB<=16k,kp=0,0.3871,4
256,n<=128,sr>70%,kvB<=1k,kp<=16k,0.3225,4
256,n<=128,sr>70%,kvB<=1k,kp<=1k,0.3017,4
256,n<=128,sr>70%,kvB<=1k,kp<=2k,0.3035,4
256,n<=128,sr>70%,kvB<=1k,kp<=32k,0.3411,4
256,n<=128,sr>70%,kvB<=1k,kp<=4k,0.2176,4
256,n<=128,sr>70%,kvB<=1k,kp<=512,0.3014,4
256,n<=128,sr>70%,kvB<=1k,kp<=64k,0.2519,4
256,n<=128,sr>70%,kvB<=1k,kp<=8k,0.2694,4
256,n<=128,sr>70%,kvB<=1k,kp=0,0.28,4
256,n<=128,sr>70%,kvB<=4k,kp<=16k,-0.2716,4
256,n<=128,sr>70%,kvB<=4k,kp<=1k,-0.6025,4
256,n<=128,sr>70%,kvB<=4k,kp<=2k,-0.6594,4
256,n<=128,sr>70%,kvB<=4k,kp<=32k,-0.4914,4
256,n<=128,sr>70%,kvB<=4k,kp<=4k,-0.6228,4
256,n<=128,sr>70%,kvB<=4k,kp<=512,-0.6351,4
256,n<=128,sr>70%,kvB<=4k,kp<=64k,-0.1427,4
256,n<=128,sr>70%,kvB<=4k,kp<=8k,-0.1924,4
256,n<=128,sr>70%,kvB<=4k,kp=0,-0.5847,4
256,n<=128,sr>70%,kvB<=64k,kp<=16k,0.0448,4
256,n<=128,sr>70%,kvB<=64k,kp<=1k,0.125,4
256,n<=128,sr>70%,kvB<=64k,kp<=2k,0.1145,4
256,n<=128,sr>70%,kvB<=64k,kp<=32k,0.0363,4
256,n<=128,sr>70%,kvB<=64k,kp<=4k,0.0388,4
256,n<=128,sr>70%,kvB<=64k,kp<=512,0.1278,4
256,n<=128,sr>70%,kvB<=64k,kp<=64k,0.0283,4
256,n<=128,sr>70%,kvB<=64k,kp<=8k,0.0418,4
256,n<=128,sr>70%,kvB<=64k,kp=0,0.126,4
256,n<=16,sr<=15%,kvB<=16k,kp<=16k,0.0014,4
256,n<=16,sr<=15%,kvB<=16k,kp<=1k,0.1402,4
256,n<=16,sr<=15%,kvB<=16k,kp<=2k,0.1444,4
256,n<=16,sr<=15%,kvB<=16k,kp<=32k,-0.0022,4
256,n<=16,sr<=15%,kvB<=16k,kp<=4k,0.1436,4
256,n<=16,sr<=15%,kvB<=16k,kp<=512,0.1395,4
256,n<=16,sr<=15%,kvB<=16k,kp<=64k,-0.0025,4
256,n<=16,sr<=15%,kvB<=16k,kp<=8k,0.0866,4
256,n<=16,sr<=15%,kvB<=16k,kp=0,0.1353,4
256,n<=16,sr<=15%,kvB<=1k,kp<=16k,0.0607,4
256,n<=16,sr<=15%,kvB<=1k,kp<=1k,0.0627,4
256,n<=16,sr<=15%,kvB<=1k,kp<=2k,0.0788,4
256,n<=16,sr<=15%,kvB<=1k,kp<=32k,-0.0091,4
256,n<=16,sr<=15%,kvB<=1k,kp<=4k,0.0788,4
256,n<=16,sr<=15%,kvB<=1k,kp<=512,0.1322,4
256,n<=16,sr<=15%,kvB<=1k,kp<=64k,-0.1229,4
256,n<=16,sr<=15%,kvB<=1k,kp<=8k,0.0381,4
256,n<=16,sr<=15%,kvB<=1k,kp=0,0.2027,4
256,n<=16,sr<=15%,kvB<=4k,kp<=16k,-0.006,4
256,n<=16,sr<=15%,kvB<=4k,kp<=1k,0.1566,4
256,n<=16,sr<=15%,kvB<=4k,kp<=2k,0.1026,4
256,n<=16,sr<=15%,kvB<=4k,kp<=32k,-0.0072,4
256,n<=16,sr<=15%,kvB<=4k,kp<=4k,0.0257,4
256,n<=16,sr<=15%,kvB<=4k,kp<=512,0.1581,4
256,n<=16,sr<=15%,kvB<=4k,kp<=64k,0.0209,4
256,n<=16,sr<=15%,kvB<=4k,kp<=8k,0.0334,4
256,n<=16,sr<=15%,kvB<=4k,kp=0,0.1561,4
256,n<=16,sr<=15%,kvB<=64k,kp<=16k,0.1074,4
256,n<=16,sr<=15%,kvB<=64k,kp<=1k,0.1349,4
256,n<=16,sr<=15%,kvB<=64k,kp<=2k,0.1379,4
256,n<=16,sr<=15%,kvB<=64k,kp<=32k,0.0717,4
256,n<=16,sr<=15%,kvB<=64k,kp<=4k,0.1466,4
256,n<=16,sr<=15%,kvB<=64k,kp<=512,0.1338,4
256,n<=16,sr<=15%,kvB<=64k,kp<=64k,-0.0066,4
256,n<=16,sr<=15%,kvB<=64k,kp<=8k,0.1127,4
256,n<=16,sr<=15%,kvB<=64k,kp=0,0.1342,4
256,n<=16,sr<=40%,kvB<=16k,kp<=16k,-0.0149,4
256,n<=16,sr<=40%,kvB<=16k,kp<=1k,0.126,4
256,n<=16,sr<=40%,kvB<=16k,kp<=2k,0.1373,4
256,n<=16,sr<=40%,kvB<=16k,kp<=32k,0.0125,4
256,n<=16,sr<=40%,kvB<=16k,kp<=4k,0.1416,4
256,n<=16,sr<=40%,kvB<=16k,kp<=512,0.1194,4
256,n<=16,sr<=40%,kvB<=16k,kp<=64k,-0.0095,4
256,n<=16,sr<=40%,kvB<=16k,kp<=8k,0.1178,4
256,n<=16,sr<=40%,kvB<=16k,kp=0,0.1127,4
256,n<=16,sr<=40%,kvB<=1k,kp<=16k,0.0317,4
256,n<=16,sr<=40%,kvB<=1k,kp<=1k,0.0901,4
256,n<=16,sr<=40%,kvB<=1k,kp<=2k,0.0791,4
256,n<=16,sr<=40%,kvB<=1k,kp<=32k,0.1261,4
256,n<=16,sr<=40%,kvB<=1k,kp<=4k,0.0882,4
256,n<=16,sr<=40%,kvB<=1k,kp<=512,0.1487,4
256,n<=16,sr<=40%,kvB<=1k,kp<=64k,0.1486,4
256,n<=16,sr<=40%,kvB<=1k,kp<=8k,0.0735,4
256,n<=16,sr<=40%,kvB<=1k,kp=0,0.2076,4
256,n<=16,sr<=40%,kvB<=4k,kp<=16k,0.0221,4
256,n<=16,sr<=40%,kvB<=4k,kp<=1k,0.1457,4
256,n<=16,sr<=40%,kvB<=4k,kp<=2k,0.1232,4
256,n<=16,sr<=40%,kvB<=4k,kp<=32k,-0.0145,4
256,n<=16,sr<=40%,kvB<=4k,kp<=4k,0.0104,4
256,n<=16,sr<=40%,kvB<=4k,kp<=512,0.1509,4
256,n<=16,sr<=40%,kvB<=4k,kp<=64k,0.0224,4
256,n<=16,sr<=40%,kvB<=4k,kp<=8k,-0.0082,4
256,n<=16,sr<=40%,kvB<=4k,kp=0,0.1404,4
256,n<=16,sr<=40%,kvB<=64k,kp<=16k,0.1001,4
256,n<=16,sr<=40%,kvB<=64k,kp<=1k,0.112,4
256,n<=16,sr<=40%,kvB<=64k,kp<=2k,0.1144,4
256,n<=16,sr<=40%,kvB<=64k,kp<=32k,0.1018,4
256,n<=16,sr<=40%,kvB<=64k,kp<=4k,0.1507,4
256,n<=16,sr<=40%,kvB<=64k,kp<=512,0.1103,4
256,n<=16,sr<=40%,kvB<=64k,kp<=64k,-0.0207,4
256,n<=16,sr<=40%,kvB<=64k,kp<=8k,0.1045,4
256,n<=16,sr<=40%,kvB<=64k,kp=0,0.1114,4
256,n<=16,sr<=70%,kvB<=16k,kp<=16k,-0.0143,2
256,n<=16,sr<=70%,kvB<=16k,kp<=1k,0.1123,2
256,n<=16,sr<=70%,kvB<=16k,kp<=2k,0.1207,2
256,n<=16,sr<=70%,kvB<=16k,kp<=32k,0.0615,2
256,n<=16,sr<=70%,kvB<=16k,kp<=4k,0.1247,2
256,n<=16,sr<=70%,kvB<=16k,kp<=512,0.0971,2
256,n<=16,sr<=70%,kvB<=16k,kp<=64k,0.0453,2
256,n<=16,sr<=70%,kvB<=16k,kp<=8k,0.1304,2
256,n<=16,sr<=70%,kvB<=16k,kp=0,0.091,2
256,n<=16,sr<=70%,kvB<=1k,kp<=16k,-0.03,2
256,n<=16,sr<=70%,kvB<=1k,kp<=1k,0.0311,2
256,n<=16,sr<=70%,kvB<=1k,kp<=2k,0.0744,2
256,n<=16,sr<=70%,kvB<=1k,kp<=32k,0.0693,2
256,n<=16,sr<=70%,kvB<=1k,kp<=4k,0.0722,2
256,n<=16,sr<=70%,kvB<=1k,kp<=512,0.1772,2
256,n<=16,sr<=70%,kvB<=1k,kp<=64k,-0.0262,2
256,n<=16,sr<=70%,kvB<=1k,kp<=8k,0.0813,2
256,n<=16,sr<=70%,kvB<=1k,kp=0,0.171,2
256,n<=16,sr<=70%,kvB<=4k,kp<=16k,0.0783,2
256,n<=16,sr<=70%,kvB<=4k,kp<=1k,0.1446,2
256,n<=16,sr<=70%,kvB<=4k,kp<=2k,0.1271,2
256,n<=16,sr<=70%,kvB<=4k,kp<=32k,-0.0584,2
256,n<=16,sr<=70%,kvB<=4k,kp<=4k,-0.0478,2
256,n<=16,sr<=70%,kvB<=4k,kp<=512,0.1281,2
256,n<=16,sr<=70%,kvB<=4k,kp<=64k,-0.0758,2
256,n<=16,sr<=70%,kvB<=4k,kp<=8k,0.0691,2
256,n<=16,sr<=70%,kvB<=4k,kp=0,0.1148,2
256,n<=16,sr<=70%,kvB<=64k,kp<=16k,-0.0138,2
256,n<=16,sr<=70%,kvB<=64k,kp<=1k,0.1994,2
256,n<=16,sr<=70%,kvB<=64k,kp<=2k,0.3102,2
256,n<=16,sr<=70%,kvB<=64k,kp<=32k,-0.0306,2
256,n<=16,sr<=70%,kvB<=64k,kp<=4k,0.6208,2
256,n<=16,sr<=70%,kvB<=64k,kp<=512,0.1717,2
256,n<=16,sr<=70%,kvB<=64k,kp<=64k,0.3357,2
256,n<=16,sr<=70%,kvB<=64k,kp<=8k,0.3272,2
256,n<=16,sr<=70%,kvB<=64k,kp=0,0.1734,2
256,n<=16,sr>70%,kvB<=16k,kp<=16k,0.2652,4
256,n<=16,sr>70%,kvB<=16k,kp<=1k,0.0467,4
256,n<=16,sr>70%,kvB<=16k,kp<=2k,0.1113,4
256,n<=16,sr>70%,kvB<=16k,kp<=32k,0.1084,4
256,n<=16,sr>70%,kvB<=16k,kp<=4k,0.1466,4
256,n<=16,sr>70%,kvB<=16k,kp<=512,0.0141,4
256,n<=16,sr>70%,kvB<=16k,kp<=64k,0.054,4
256,n<=16,sr>70%,kvB<=16k,kp<=8k,0.1403,4
256,n<=16,sr>70%,kvB<=16k,kp=0,0.0339,4
256,n<=16,sr>70%,kvB<=1k,kp<=16k,0.0767,4
256,n<=16,sr>70%,kvB<=1k,kp<=1k,0.3126,4
256,n<=16,sr>70%,kvB<=1k,kp<=2k,0.3012,4
256,n<=16,sr>70%,kvB<=1k,kp<=32k,0.0599,4
256,n<=16,sr>70%,kvB<=1k,kp<=4k,0.3076,4
256,n<=16,sr>70%,kvB<=1k,kp<=512,0.3652,4
256,n<=16,sr>70%,kvB<=1k,kp<=64k,-0.2138,4
256,n<=16,sr>70%,kvB<=1k,kp<=8k,0.2409,4
256,n<=16,sr>70%,kvB<=1k,kp=0,0.3488,4
256,n<=16,sr>70%,kvB<=4k,kp<=16k,-0.0121,4
256,n<=16,sr>70%,kvB<=4k,kp<=1k,0.1659,4
256,n<=16,sr>70%,kvB<=4k,kp<=2k,0.1412,4
256,n<=16,sr>70%,kvB<=4k,kp<=32k,0.0894,4
256,n<=16,sr>70%,kvB<=4k,kp<=4k,0.2408,4
256,n<=16,sr>70%,kvB<=4k,kp<=512,0.1221,4
256,n<=16,sr>70%,kvB<=4k,kp<=64k,-0.1132,4
256,n<=16,sr>70%,kvB<=4k,kp<=8k,0.1654,4
256,n<=16,sr>70%,kvB<=4k,kp=0,0.083,4
256,n<=16,sr>70%,kvB<=64k,kp<=16k,0.3602,4
256,n<=16,sr>70%,kvB<=64k,kp<=1k,0.6968,4
256,n<=16,sr>70%,kvB<=64k,kp<=2k,0.934,4
256,n<=16,sr>70%,kvB<=64k,kp<=32k,2.7286,3
256,n<=16,sr>70%,kvB<=64k,kp<=4k,1.6467,4
256,n<=16,sr>70%,kvB<=64k,kp<=512,0.712,4
256,n<=16,sr>70%,kvB<=64k,kp<=64k,3.3752,4
256,n<=16,sr>70%,kvB<=64k,kp<=8k,1.1754,4
256,n<=16,sr>70%,kvB<=64k,kp=0,0.6165,4
256,n<=2,sr<=70%,kvB<=16k,kp<=16k,-0.0149,2
256,n<=2,sr<=70%,kvB<=16k,kp<=1k,0.9794,2
256,n<=2,sr<=70%,kvB<=16k,kp<=2k,0.9406,2
256,n<=2,sr<=70%,kvB<=16k,kp<=32k,0.0964,2
256,n<=2,sr<=70%,kvB<=16k,kp<=4k,0.8101,2
256,n<=2,sr<=70%,kvB<=16k,kp<=512,0.9542,2
256,n<=2,sr<=70%,kvB<=16k,kp<=64k,1.5511,1
256,n<=2,sr<=70%,kvB<=16k,kp<=8k,0.1746,2
256,n<=2,sr<=70%,kvB<=16k,kp=0,0.958,2
256,n<=2,sr<=70%,kvB<=1k,kp<=16k,-1.449,2
256,n<=2,sr<=70%,kvB<=1k,kp<=1k,-0.3536,2
256,n<=2,sr<=70%,kvB<=1k,kp<=2k,0.4613,1
256,n<=2,sr<=70%,kvB<=1k,kp<=32k,0.6574,2
256,n<=2,sr<=70%,kvB<=1k,kp<=4k,-0.2532,2
256,n<=2,sr<=70%,kvB<=1k,kp<=512,0.1354,2
256,n<=2,sr<=70%,kvB<=1k,kp<=64k,0.7791,2
256,n<=2,sr<=70%,kvB<=1k,kp<=8k,1.0889,2
256,n<=2,sr<=70%,kvB<=1k,kp=0,0.702,2
256,n<=2,sr<=70%,kvB<=4k,kp<=16k,-0.0157,2
256,n<=2,sr<=70%,kvB<=4k,kp<=1k,0.7981,2
256,n<=2,sr<=70%,kvB<=4k,kp<=2k,0.1388,2
256,n<=2,sr<=70%,kvB<=4k,kp<=32k,0.4781,1
256,n<=2,sr<=70%,kvB<=4k,kp<=4k,-0.1272,2
256,n<=2,sr<=70%,kvB<=4k,kp<=512,0.8463,2
256,n<=2,sr<=70%,kvB<=4k,kp<=64k,2.1063,2
256,n<=2,sr<=70%,kvB<=4k,kp<=8k,0.4218,2
256,n<=2,sr<=70%,kvB<=4k,kp=0,0.9546,2
256,n<=2,sr<=70%,kvB<=64k,kp<=16k,0.8217,2
256,n<=2,sr<=70%,kvB<=64k,kp<=1k,0.9854,2
256,n<=2,sr<=70%,kvB<=64k,kp<=2k,0.9537,2
256,n<=2,sr<=70%,kvB<=64k,kp<=32k,0.2062,2
256,n<=2,sr<=70%,kvB<=64k,kp<=4k,0.969,2
256,n<=2,sr<=70%,kvB<=64k,kp<=512,0.9776,2
256,n<=2,sr<=70%,kvB<=64k,kp<=64k,0.0236,2
256,n<=2,sr<=70%,kvB<=64k,kp<=8k,0.9645,2
256,n<=2,sr<=70%,kvB<=64k,kp=0,0.9843,2
256,n<=32,sr<=15%,kvB<=16k,kp<=16k,-0.0042,6
256,n<=32,sr<=15%,kvB<=16k,kp<=1k,0.0704,6
256,n<=32,sr<=15%,kvB<=16k,kp<=2k,0.0639,6
256,n<=32,sr<=15%,kvB<=16k,kp<=32k,-0.0013,6
256,n<=32,sr<=15%,kvB<=16k,kp<=4k,0.0387,6
256,n<=32,sr<=15%,kvB<=16k,kp<=512,0.0739,6
256,n<=32,sr<=15%,kvB<=16k,kp<=64k,-0.0037,6
256,n<=32,sr<=15%,kvB<=16k,kp<=8k,0.0406,6
256,n<=32,sr<=15%,kvB<=16k,kp=0,0.0777,6
256,n<=32,sr<=15%,kvB<=1k,kp<=16k,0.0763,6
256,n<=32,sr<=15%,kvB<=1k,kp<=1k,0.0712,6
256,n<=32,sr<=15%,kvB<=1k,kp<=2k,0.0755,6
256,n<=32,sr<=15%,kvB<=1k,kp<=32k,0.073,6
256,n<=32,sr<=15%,kvB<=1k,kp<=4k,0.0784,6
256,n<=32,sr<=15%,kvB<=1k,kp<=512,0.1056,6
256,n<=32,sr<=15%,kvB<=1k,kp<=64k,0.1218,6
256,n<=32,sr<=15%,kvB<=1k,kp<=8k,0.0766,6
256,n<=32,sr<=15%,kvB<=1k,kp=0,0.1385,6
256,n<=32,sr<=15%,kvB<=4k,kp<=16k,0.0188,6
256,n<=32,sr<=15%,kvB<=4k,kp<=1k,0.0751,6
256,n<=32,sr<=15%,kvB<=4k,kp<=2k,0.0558,6
256,n<=32,sr<=15%,kvB<=4k,kp<=32k,0.0152,6
256,n<=32,sr<=15%,kvB<=4k,kp<=4k,0.0087,6
256,n<=32,sr<=15%,kvB<=4k,kp<=512,0.0856,6
256,n<=32,sr<=15%,kvB<=4k,kp<=64k,-0.0063,6
256,n<=32,sr<=15%,kvB<=4k,kp<=8k,0.0138,6
256,n<=32,sr<=15%,kvB<=4k,kp=0,0.0865,6
256,n<=32,sr<=15%,kvB<=64k,kp<=16k,0.0362,6
256,n<=32,sr<=15%,kvB<=64k,kp<=1k,0.0978,6
256,n<=32,sr<=15%,kvB<=64k,kp<=2k,0.0755,6
256,n<=32,sr<=15%,kvB<=64k,kp<=32k,-0.0379,6
256,n<=32,sr<=15%,kvB<=64k,kp<=4k,0.0874,6
256,n<=32,sr<=15%,kvB<=64k,kp<=512,0.0966,6
256,n<=32,sr<=15%,kvB<=64k,kp<=64k,0.0028,6
256,n<=32,sr<=15%,kvB<=64k,kp<=8k,0.0792,6
256,n<=32,sr<=15%,kvB<=64k,kp=0,0.0992,6
256,n<=32,sr<=40%,kvB<=16k,kp<=16k,-0.0005,2
256,n<=32,sr<=40%,kvB<=16k,kp<=1k,0.0743,2
256,n<=32,sr<=40%,kvB<=16k,kp<=2k,0.0591,2
256,n<=32,sr<=40%,kvB<=16k,kp<=32k,-0.011,2
256,n<=32,sr<=40%,kvB<=16k,kp<=4k,0.0498,2
256,n<=32,sr<=40%,kvB<=16k,kp<=512,0.0787,2
256,n<=32,sr<=40%,kvB<=16k,kp<=64k,-0.002,2
256,n<=32,sr<=40%,kvB<=16k,kp<=8k,0.0398,2
256,n<=32,sr<=40%,kvB<=16k,kp=0,0.0832,2
256,n<=32,sr<=40%,kvB<=1k,kp<=16k,0.1111,2
256,n<=32,sr<=40%,kvB<=1k,kp<=1k,0.1059,2
256,n<=32,sr<=40%,kvB<=1k,kp<=2k,0.1038,2
256,n<=32,sr<=40%,kvB<=1k,kp<=32k,0.0919,2
256,n<=32,sr<=40%,kvB<=1k,kp<=4k,0.1064,2
256,n<=32,sr<=40%,kvB<=1k,kp<=512,0.1439,2
256,n<=32,sr<=40%,kvB<=1k,kp<=64k,0.0413,2
256,n<=32,sr<=40%,kvB<=1k,kp<=8k,0.0861,2
256,n<=32,sr<=40%,kvB<=1k,kp=0,0.1722,2
256,n<=32,sr<=40%,kvB<=4k,kp<=16k,0.0049,2
256,n<=32,sr<=40%,kvB<=4k,kp<=1k,0.0589,2
256,n<=32,sr<=40%,kvB<=4k,kp<=2k,0.0358,2
256,n<=32,sr<=40%,kvB<=4k,kp<=32k,-0.0082,2
256,n<=32,sr<=40%,kvB<=4k,kp<=4k,-0.0154,2
256,n<=32,sr<=40%,kvB<=4k,kp<=512,0.0616,2
256,n<=32,sr<=40%,kvB<=4k,kp<=64k,-0.0171,2
256,n<=32,sr<=40%,kvB<=4k,kp<=8k,-0.0109,2
256,n<=32,sr<=40%,kvB<=4k,kp=0,0.0717,2
256,n<=32,sr<=40%,kvB<=64k,kp<=16k,-0.0383,2
256,n<=32,sr<=40%,kvB<=64k,kp<=1k,0.4052,2
256,n<=32,sr<=40%,kvB<=64k,kp<=2k,0.3475,2
256,n<=32,sr<=40%,kvB<=64k,kp<=32k,0.1792,2
256,n<=32,sr<=40%,kvB<=64k,kp<=4k,0.1453,2
256,n<=32,sr<=40%,kvB<=64k,kp<=512,0.4345,2
256,n<=32,sr<=40%,kvB<=64k,kp<=64k,0.1136,2
256,n<=32,sr<=40%,kvB<=64k,kp<=8k,0.0502,2
256,n<=32,sr<=40%,kvB<=64k,kp=0,0.3348,2
256,n<=32,sr<=5%,kvB<=16k,kp<=16k,0.0019,2
256,n<=32,sr<=5%,kvB<=16k,kp<=1k,0.0765,2
256,n<=32,sr<=5%,kvB<=16k,kp<=2k,0.0659,2
256,n<=32,sr<=5%,kvB<=16k,kp<=32k,0.0027,2
256,n<=32,sr<=5%,kvB<=16k,kp<=4k,0.0367,2
256,n<=32,sr<=5%,kvB<=16k,kp<=512,0.078,2
256,n<=32,sr<=5%,kvB<=16k,kp<=64k,-0.0069,2
256,n<=32,sr<=5%,kvB<=16k,kp<=8k,0.0386,2
256,n<=32,sr<=5%,kvB<=16k,kp=0,0.0818,2
256,n<=32,sr<=5%,kvB<=1k,kp<=16k,-0.0385,2
256,n<=32,sr<=5%,kvB<=1k,kp<=1k,0.0246,2
256,n<=32,sr<=5%,kvB<=1k,kp<=2k,0.0294,2
256,n<=32,sr<=5%,kvB<=1k,kp<=32k,0.0258,2
256,n<=32,sr<=5%,kvB<=1k,kp<=4k,0.0322,2
256,n<=32,sr<=5%,kvB<=1k,kp<=512,0.0515,2
256,n<=32,sr<=5%,kvB<=1k,kp<=64k,-0.0312,2
256,n<=32,sr<=5%,kvB<=1k,kp<=8k,-0.0149,2
256,n<=32,sr<=5%,kvB<=1k,kp=0,0.0908,2
256,n<=32,sr<=5%,kvB<=4k,kp<=16k,0.0331,2
256,n<=32,sr<=5%,kvB<=4k,kp<=1k,0.0865,2
256,n<=32,sr<=5%,kvB<=4k,kp<=2k,0.0631,2
256,n<=32,sr<=5%,kvB<=4k,kp<=32k,0.0235,2
256,n<=32,sr<=5%,kvB<=4k,kp<=4k,0.0223,2
256,n<=32,sr<=5%,kvB<=4k,kp<=512,0.093,2
256,n<=32,sr<=5%,kvB<=4k,kp<=64k,0.0065,2
256,n<=32,sr<=5%,kvB<=4k,kp<=8k,0.0249,2
256,n<=32,sr<=5%,kvB<=4k,kp=0,0.0982,2
256,n<=32,sr<=5%,kvB<=64k,kp<=16k,0.023,2
256,n<=32,sr<=5%,kvB<=64k,kp<=1k,0.088,2
256,n<=32,sr<=5%,kvB<=64k,kp<=2k,0.0636,2
256,n<=32,sr<=5%,kvB<=64k,kp<=32k,0.0216,2
256,n<=32,sr<=5%,kvB<=64k,kp<=4k,0.0424,2
256,n<=32,sr<=5%,kvB<=64k,kp<=512,0.0895,2
256,n<=32,sr<=5%,kvB<=64k,kp<=64k,-0.0483,2
256,n<=32,sr<=5%,kvB<=64k,kp<=8k,0.0385,2
256,n<=32,sr<=5%,kvB<=64k,kp=0,0.0881,2
256,n<=32,sr<=70%,kvB<=16k,kp<=16k,0.1096,2
256,n<=32,sr<=70%,kvB<=16k,kp<=1k,0.2717,2
256,n<=32,sr<=70%,kvB<=16k,kp<=2k,0.1702,2
256,n<=32,sr<=70%,kvB<=16k,kp<=32k,0.227,2
256,n<=32,sr<=70%,kvB<=16k,kp<=4k,0.0235,2
256,n<=32,sr<=70%,kvB<=16k,kp<=512,0.2626,2
256,n<=32,sr<=70%,kvB<=16k,kp<=64k,0.1651,2
256,n<=32,sr<=70%,kvB<=16k,kp<=8k,0.1075,2
256,n<=32,sr<=70%,kvB<=16k,kp=0,0.2633,2
256,n<=32,sr<=70%,kvB<=1k,kp<=16k,0.1338,2
256,n<=32,sr<=70%,kvB<=1k,kp<=1k,0.0552,2
256,n<=32,sr<=70%,kvB<=1k,kp<=2k,0.0528,2
256,n<=32,sr<=70%,kvB<=1k,kp<=32k,0.069,2
256,n<=32,sr<=70%,kvB<=1k,kp<=4k,0.0715,2
256,n<=32,sr<=70%,kvB<=1k,kp<=512,0.0845,2
256,n<=32,sr<=70%,kvB<=1k,kp<=64k,0.1696,2
256,n<=32,sr<=70%,kvB<=1k,kp<=8k,0.0996,2
256,n<=32,sr<=70%,kvB<=1k,kp=0,0.1261,2
256,n<=32,sr<=70%,kvB<=4k,kp<=16k,0.0214,2
256,n<=32,sr<=70%,kvB<=4k,kp<=1k,0.0477,2
256,n<=32,sr<=70%,kvB<=4k,kp<=2k,0.0283,2
256,n<=32,sr<=70%,kvB<=4k,kp<=32k,-0.0322,2
256,n<=32,sr<=70%,kvB<=4k,kp<=4k,-0.0033,2
256,n<=32,sr<=70%,kvB<=4k,kp<=512,0.0492,2
256,n<=32,sr<=70%,kvB<=4k,kp<=64k,-0.0154,2
256,n<=32,sr<=70%,kvB<=4k,kp<=8k,-0.0124,2
256,n<=32,sr<=70%,kvB<=4k,kp=0,0.0703,2
256,n<=32,sr<=70%,kvB<=64k,kp<=16k,0.0588,2
256,n<=32,sr<=70%,kvB<=64k,kp<=1k,1.3886,2
256,n<=32,sr<=70%,kvB<=64k,kp<=2k,1.2848,2
256,n<=32,sr<=70%,kvB<=64k,kp<=32k,0.1791,2
256,n<=32,sr<=70%,kvB<=64k,kp<=4k,0.4487,2
256,n<=32,sr<=70%,kvB<=64k,kp<=512,1.3232,2
256,n<=32,sr<=70%,kvB<=64k,kp<=64k,1.8165,1
256,n<=32,sr<=70%,kvB<=64k,kp<=8k,0.1143,2
256,n<=32,sr<=70%,kvB<=64k,kp=0,1.5569,2
256,n<=32,sr>70%,kvB<=16k,kp<=16k,1.2337,4
256,n<=32,sr>70%,kvB<=16k,kp<=1k,1.4608,4
256,n<=32,sr>70%,kvB<=16k,kp<=2k,1.1408,4
256,n<=32,sr>70%,kvB<=16k,kp<=32k,0.8975,4
256,n<=32,sr>70%,kvB<=16k,kp<=4k,0.1989,4
256,n<=32,sr>70%,kvB<=16k,kp<=512,1.6102,4
256,n<=32,sr>70%,kvB<=16k,kp<=64k,1.0037,3
256,n<=32,sr>70%,kvB<=16k,kp<=8k,1.1477,4
256,n<=32,sr>70%,kvB<=16k,kp=0,1.4896,4
256,n<=32,sr>70%,kvB<=1k,kp<=16k,0.1978,4
256,n<=32,sr>70%,kvB<=1k,kp<=1k,0.2425,4
256,n<=32,sr>70%,kvB<=1k,kp<=2k,0.2499,4
256,n<=32,sr>70%,kvB<=1k,kp<=32k,0.224,4
256,n<=32,sr>70%,kvB<=1k,kp<=4k,0.3051,4
256,n<=32,sr>70%,kvB<=1k,kp<=512,0.2734,4
256,n<=32,sr>70%,kvB<=1k,kp<=64k,0.0919,3
256,n<=32,sr>70%,kvB<=1k,kp<=8k,0.3701,4
256,n<=32,sr>70%,kvB<=1k,kp=0,0.3109,4
256,n<=32,sr>70%,kvB<=4k,kp<=16k,0.0711,4
256,n<=32,sr>70%,kvB<=4k,kp<=1k,0.0929,4
256,n<=32,sr>70%,kvB<=4k,kp<=2k,0.0926,4
256,n<=32,sr>70%,kvB<=4k,kp<=32k,0.114,4
256,n<=32,sr>70%,kvB<=4k,kp<=4k,0.0225,4
256,n<=32,sr>70%,kvB<=4k,kp<=512,0.1009,4
256,n<=32,sr>70%,kvB<=4k,kp<=64k,0.0591,4
256,n<=32,sr>70%,kvB<=4k,kp<=8k,0.0142,4
256,n<=32,sr>70%,kvB<=4k,kp=0,0.1767,4
256,n<=32,sr>70%,kvB<=64k,kp<=16k,0.1192,4
256,n<=32,sr>70%,kvB<=64k,kp<=1k,5.4415,4
256,n<=32,sr>70%,kvB<=64k,kp<=2k,4.0792,4
256,n<=32,sr>70%,kvB<=64k,kp<=32k,1.8864,3
256,n<=32,sr>70%,kvB<=64k,kp<=4k,1.7101,4
256,n<=32,sr>70%,kvB<=64k,kp<=512,5.3754,4
256,n<=32,sr>70%,kvB<=64k,kp<=8k,0.564,4
256,n<=32,sr>70%,kvB<=64k,kp=0,5.3261,4
256,n<=4,sr<=40%,kvB<=16k,kp<=16k,0.017,2
256,n<=4,sr<=40%,kvB<=16k,kp<=1k,0.3602,2
256,n<=4,sr<=40%,kvB<=16k,kp<=2k,0.4357,2
256,n<=4,sr<=40%,kvB<=16k,kp<=32k,-0.1885,2
256,n<=4,sr<=40%,kvB<=16k,kp<=4k,0.5097,2
256,n<=4,sr<=40%,kvB<=16k,kp<=512,0.339,2
256,n<=4,sr<=40%,kvB<=16k,kp<=64k,-0.136,2
256,n<=4,sr<=40%,kvB<=16k,kp<=8k,0.4605,2
256,n<=4,sr<=40%,kvB<=16k,kp=0,0.3221,2
256,n<=4,sr<=40%,kvB<=1k,kp<=16k,0.1104,2
256,n<=4,sr<=40%,kvB<=1k,kp<=1k,0.2586,2
256,n<=4,sr<=40%,kvB<=1k,kp<=2k,-0.0108,2
256,n<=4,sr<=40%,kvB<=1k,kp<=32k,0.4381,2
256,n<=4,sr<=40%,kvB<=1k,kp<=4k,-0.0898,2
256,n<=4,sr<=40%,kvB<=1k,kp<=512,0.4241,2
256,n<=4,sr<=40%,kvB<=1k,kp<=64k,-1.1196,1
256,n<=4,sr<=40%,kvB<=1k,kp<=8k,-0.2411,2
256,n<=4,sr<=40%,kvB<=1k,kp=0,0.4688,2
256,n<=4,sr<=40%,kvB<=4k,kp<=16k,-0.2144,2
256,n<=4,sr<=40%,kvB<=4k,kp<=1k,0.5114,2
256,n<=4,sr<=40%,kvB<=4k,kp<=2k,0.4422,2
256,n<=4,sr<=40%,kvB<=4k,kp<=32k,-0.1484,2
256,n<=4,sr<=40%,kvB<=4k,kp<=4k,0.1015,2
256,n<=4,sr<=40%,kvB<=4k,kp<=512,0.4195,2
256,n<=4,sr<=40%,kvB<=4k,kp<=64k,-0.2641,1
256,n<=4,sr<=40%,kvB<=4k,kp<=8k,-0.219,2
256,n<=4,sr<=40%,kvB<=4k,kp=0,0.3417,2
256,n<=4,sr<=40%,kvB<=64k,kp<=16k,0.4893,2
256,n<=4,sr<=40%,kvB<=64k,kp<=1k,0.3129,2
256,n<=4,sr<=40%,kvB<=64k,kp<=2k,0.3251,2
256,n<=4,sr<=40%,kvB<=64k,kp<=32k,0.4395,2
256,n<=4,sr<=40%,kvB<=64k,kp<=4k,0.3418,2
256,n<=4,sr<=40%,kvB<=64k,kp<=512,0.3041,2
256,n<=4,sr<=40%,kvB<=64k,kp<=64k,0.0168,2
256,n<=4,sr<=40%,kvB<=64k,kp<=8k,0.4204,2
256,n<=4,sr<=40%,kvB<=64k,kp=0,0.2983,2
256,n<=4,sr<=70%,kvB<=16k,kp<=16k,0.5293,2
256,n<=4,sr<=70%,kvB<=16k,kp<=1k,0.2157,2
256,n<=4,sr<=70%,kvB<=16k,kp<=2k,0.3095,2
256,n<=4,sr<=70%,kvB<=16k,kp<=32k,-0.2931,2
256,n<=4,sr<=70%,kvB<=16k,kp<=4k,0.3826,2
256,n<=4,sr<=70%,kvB<=16k,kp<=512,0.1328,2
256,n<=4,sr<=70%,kvB<=16k,kp<=64k,-0.6307,2
256,n<=4,sr<=70%,kvB<=16k,kp<=8k,0.5822,2
256,n<=4,sr<=70%,kvB<=16k,kp=0,0.0313,2
256,n<=4,sr<=70%,kvB<=1k,kp<=16k,0.2555,2
256,n<=4,sr<=70%,kvB<=1k,kp<=1k,0.5054,2
256,n<=4,sr<=70%,kvB<=1k,kp<=2k,0.1524,2
256,n<=4,sr<=70%,kvB<=1k,kp<=32k,-0.0943,2
256,n<=4,sr<=70%,kvB<=1k,kp<=4k,-0.6329,2
256,n<=4,sr<=70%,kvB<=1k,kp<=512,0.464,2
256,n<=4,sr<=70%,kvB<=1k,kp<=64k,0.6878,1
256,n<=4,sr<=70%,kvB<=1k,kp<=8k,-0.8873,2
256,n<=4,sr<=70%,kvB<=1k,kp=0,0.508,2
256,n<=4,sr<=70%,kvB<=4k,kp<=16k,-0.4161,2
256,n<=4,sr<=70%,kvB<=4k,kp<=1k,0.4287,2
256,n<=4,sr<=70%,kvB<=4k,kp<=2k,0.5438,2
256,n<=4,sr<=70%,kvB<=4k,kp<=32k,-0.5162,2
256,n<=4,sr<=70%,kvB<=4k,kp<=4k,0.5472,2
256,n<=4,sr<=70%,kvB<=4k,kp<=512,0.3688,2
256,n<=4,sr<=70%,kvB<=4k,kp<=64k,0.1336,1
256,n<=4,sr<=70%,kvB<=4k,kp<=8k,-0.2843,2
256,n<=4,sr<=70%,kvB<=4k,kp=0,0.1905,2
256,n<=4,sr<=70%,kvB<=64k,kp<=16k,0.3461,2
256,n<=4,sr<=70%,kvB<=64k,kp<=1k,0.0098,2
256,n<=4,sr<=70%,kvB<=64k,kp<=2k,0.0815,2
256,n<=4,sr<=70%,kvB<=64k,kp<=32k,0.6142,2
256,n<=4,sr<=70%,kvB<=64k,kp<=4k,0.1751,2
256,n<=4,sr<=70%,kvB<=64k,kp<=512,-0.0098,2
256,n<=4,sr<=70%,kvB<=64k,kp<=64k,0.492,2
256,n<=4,sr<=70%,kvB<=64k,kp<=8k,0.2869,2
256,n<=4,sr<=70%,kvB<=64k,kp=0,-0.0278,2
256,n<=4,sr>70%,kvB<=16k,kp<=16k,0.8195,2
256,n<=4,sr>70%,kvB<=16k,kp<=1k,0.801,2
256,n<=4,sr>70%,kvB<=16k,kp<=2k,0.6093,2
256,n<=4,sr>70%,kvB<=16k,kp<=32k,0.7513,2
256,n<=4,sr>70%,kvB<=16k,kp<=4k,0.4148,2
256,n<=4,sr>70%,kvB<=16k,kp<=512,0.8525,2
256,n<=4,sr>70%,kvB<=16k,kp<=64k,0.6426,2
256,n<=4,sr>70%,kvB<=16k,kp<=8k,0.7891,2
256,n<=4,sr>70%,kvB<=16k,kp=0,0.8735,2
256,n<=4,sr>70%,kvB<=1k,kp<=16k,0.6921,2
256,n<=4,sr>70%,kvB<=1k,kp<=1k,0.5318,2
256,n<=4,sr>70%,kvB<=1k,kp<=2k,0.5263,2
256,n<=4,sr>70%,kvB<=1k,kp<=32k,0.548,1
256,n<=4,sr>70%,kvB<=1k,kp<=4k,0.6858,2
256,n<=4,sr>70%,kvB<=1k,kp<=512,0.6882,2
256,n<=4,sr>70%,kvB<=1k,kp<=64k,0.749,2
256,n<=4,sr>70%,kvB<=1k,kp<=8k,0.1749,2
256,n<=4,sr>70%,kvB<=1k,kp=0,0.6231,2
256,n<=4,sr>70%,kvB<=4k,kp<=16k,0.3808,2
256,n<=4,sr>70%,kvB<=4k,kp<=1k,0.5823,2
256,n<=4,sr>70%,kvB<=4k,kp<=2k,0.8049,2
256,n<=4,sr>70%,kvB<=4k,kp<=32k,0.2252,2
256,n<=4,sr>70%,kvB<=4k,kp<=4k,0.8057,2
256,n<=4,sr>70%,kvB<=4k,kp<=512,0.5543,2
256,n<=4,sr>70%,kvB<=4k,kp<=64k,0.7302,2
256,n<=4,sr>70%,kvB<=4k,kp<=8k,0.7424,2
256,n<=4,sr>70%,kvB<=4k,kp=0,0.7856,2
256,n<=4,sr>70%,kvB<=64k,kp<=16k,0.4008,2
256,n<=4,sr>70%,kvB<=64k,kp<=1k,0.8877,2
256,n<=4,sr>70%,kvB<=64k,kp<=2k,0.8573,2
256,n<=4,sr>70%,kvB<=64k,kp<=32k,0.7387,2
256,n<=4,sr>70%,kvB<=64k,kp<=4k,0.8301,2
256,n<=4,sr>70%,kvB<=64k,kp<=512,0.8967,2
256,n<=4,sr>70%,kvB<=64k,kp<=64k,0.7989,2
256,n<=4,sr>70%,kvB<=64k,kp<=8k,0.6014,2
256,n<=4,sr>70%,kvB<=64k,kp=0,0.8676,2
256,n<=64,sr<=15%,kvB<=16k,kp<=16k,0.0281,4
256,n<=64,sr<=15%,kvB<=16k,kp<=1k,0.042,4
256,n<=64,sr<=15%,kvB<=16k,kp<=2k,0.0214,4
256,n<=64,sr<=15%,kvB<=16k,kp<=32k,0.0403,4
256,n<=64,sr<=15%,kvB<=16k,kp<=4k,0.0165,4
256,n<=64,sr<=15%,kvB<=16k,kp<=512,0.0416,4
256,n<=64,sr<=15%,kvB<=16k,kp<=64k,0.079,4
256,n<=64,sr<=15%,kvB<=16k,kp<=8k,0.043,4
256,n<=64,sr<=15%,kvB<=16k,kp=0,0.0396,4
256,n<=64,sr<=15%,kvB<=1k,kp<=16k,0.0861,4
256,n<=64,sr<=15%,kvB<=1k,kp<=1k,0.0707,4
256,n<=64,sr<=15%,kvB<=1k,kp<=2k,0.0713,4
256,n<=64,sr<=15%,kvB<=1k,kp<=32k,0.0639,4
256,n<=64,sr<=15%,kvB<=1k,kp<=4k,0.0764,4
256,n<=64,sr<=15%,kvB<=1k,kp<=512,0.0878,4
256,n<=64,sr<=15%,kvB<=1k,kp<=64k,0.0694,4
256,n<=64,sr<=15%,kvB<=1k,kp<=8k,0.0726,4
256,n<=64,sr<=15%,kvB<=1k,kp=0,0.1026,4
256,n<=64,sr<=15%,kvB<=4k,kp<=16k,0.0109,4
256,n<=64,sr<=15%,kvB<=4k,kp<=1k,0.0382,4
256,n<=64,sr<=15%,kvB<=4k,kp<=2k,0.0305,4
256,n<=64,sr<=15%,kvB<=4k,kp<=32k,0.007,4
256,n<=64,sr<=15%,kvB<=4k,kp<=4k,0.0085,4
256,n<=64,sr<=15%,kvB<=4k,kp<=512,0.0389,4
256,n<=64,sr<=15%,kvB<=4k,kp<=64k,0.016,4
256,n<=64,sr<=15%,kvB<=4k,kp<=8k,0.0122,4
256,n<=64,sr<=15%,kvB<=4k,kp=0,0.039,4
256,n<=64,sr<=15%,kvB<=64k,kp<=16k,0.0354,4
256,n<=64,sr<=15%,kvB<=64k,kp<=1k,0.1947,4
256,n<=64,sr<=15%,kvB<=64k,kp<=2k,0.1711,4
256,n<=64,sr<=15%,kvB<=64k,kp<=32k,0.0455,4
256,n<=64,sr<=15%,kvB<=64k,kp<=4k,0.0593,4
256,n<=64,sr<=15%,kvB<=64k,kp<=512,0.2078,4
256,n<=64,sr<=15%,kvB<=64k,kp<=64k,0.098,4
256,n<=64,sr<=15%,kvB<=64k,kp<=8k,0.0249,4
256,n<=64,sr<=15%,kvB<=64k,kp=0,0.1883,4
256,n<=64,sr<=40%,kvB<=16k,kp<=16k,0.26,2
256,n<=64,sr<=40%,kvB<=16k,kp<=1k,0.2212,2
256,n<=64,sr<=40%,kvB<=16k,kp<=2k,0.2103,2
256,n<=64,sr<=40%,kvB<=16k,kp<=32k,0.316,2
256,n<=64,sr<=40%,kvB<=16k,kp<=4k,0.1054,2
256,n<=64,sr<=40%,kvB<=16k,kp<=512,0.2376,2
256,n<=64,sr<=40%,kvB<=16k,kp<=64k,0.4427,2
256,n<=64,sr<=40%,kvB<=16k,kp<=8k,0.0918,2
256,n<=64,sr<=40%,kvB<=16k,kp=0,0.2234,2
256,n<=64,sr<=40%,kvB<=1k,kp<=16k,0.138,2
256,n<=64,sr<=40%,kvB<=1k,kp<=1k,0.1071,2
256,n<=64,sr<=40%,kvB<=1k,kp<=2k,0.1151,2
256,n<=64,sr<=40%,kvB<=1k,kp<=32k,0.1071,2
256,n<=64,sr<=40%,kvB<=1k,kp<=4k,0.1218,2
256,n<=64,sr<=40%,kvB<=1k,kp<=512,0.1304,2
256,n<=64,sr<=40%,kvB<=1k,kp<=64k,0.103,2
256,n<=64,sr<=40%,kvB<=1k,kp<=8k,0.1141,2
256,n<=64,sr<=40%,kvB<=1k,kp=0,0.1362,2
256,n<=64,sr<=40%,kvB<=4k,kp<=16k,-0.0052,2
256,n<=64,sr<=40%,kvB<=4k,kp<=1k,0.0189,2
256,n<=64,sr<=40%,kvB<=4k,kp<=2k,0.0154,2
256,n<=64,sr<=40%,kvB<=4k,kp<=32k,-0.0134,2
256,n<=64,sr<=40%,kvB<=4k,kp<=4k,-0.0045,2
256,n<=64,sr<=40%,kvB<=4k,kp<=512,0.0217,2
256,n<=64,sr<=40%,kvB<=4k,kp<=64k,-0.0083,2
256,n<=64,sr<=40%,kvB<=4k,kp<=8k,-0.0023,2
256,n<=64,sr<=40%,kvB<=4k,kp=0,0.0187,2
256,n<=64,sr<=40%,kvB<=64k,kp<=16k,0.0954,2
256,n<=64,sr<=40%,kvB<=64k,kp<=1k,0.3811,2
256,n<=64,sr<=40%,kvB<=64k,kp<=2k,0.326,2
256,n<=64,sr<=40%,kvB<=64k,kp<=32k,0.1822,2
256,n<=64,sr<=40%,kvB<=64k,kp<=4k,0.114,2
256,n<=64,sr<=40%,kvB<=64k,kp<=512,0.4451,2
256,n<=64,sr<=40%,kvB<=64k,kp<=64k,0.1852,2
256,n<=64,sr<=40%,kvB<=64k,kp<=8k,0.0711,2
256,n<=64,sr<=40%,kvB<=64k,kp=0,0.5345,2
256,n<=64,sr<=5%,kvB<=16k,kp<=16k,0.0019,6
256,n<=64,sr<=5%,kvB<=16k,kp<=1k,0.0265,6
256,n<=64,sr<=5%,kvB<=16k,kp<=2k,0.0054,6
256,n<=64,sr<=5%,kvB<=16k,kp<=32k,0.0198,6
256,n<=64,sr<=5%,kvB<=16k,kp<=4k,0.0027,6
256,n<=64,sr<=5%,kvB<=16k,kp<=512,0.0315,6
256,n<=64,sr<=5%,kvB<=16k,kp<=64k,0.0109,6
256,n<=64,sr<=5%,kvB<=16k,kp<=8k,0.024,6
256,n<=64,sr<=5%,kvB<=16k,kp=0,0.032,6
256,n<=64,sr<=5%,kvB<=1k,kp<=16k,0.015,6
256,n<=64,sr<=5%,kvB<=1k,kp<=1k,0.018,6
256,n<=64,sr<=5%,kvB<=1k,kp<=2k,0.0213,6
256,n<=64,sr<=5%,kvB<=1k,kp<=32k,0.0223,6
256,n<=64,sr<=5%,kvB<=1k,kp<=4k,0.0182,6
256,n<=64,sr<=5%,kvB<=1k,kp<=512,0.0375,6
256,n<=64,sr<=5%,kvB<=1k,kp<=64k,0.0217,6
256,n<=64,sr<=5%,kvB<=1k,kp<=8k,0.0212,6
256,n<=64,sr<=5%,kvB<=1k,kp=0,0.0519,6
256,n<=64,sr<=5%,kvB<=4k,kp<=16k,0.0087,6
256,n<=64,sr<=5%,kvB<=4k,kp<=1k,0.0414,6
256,n<=64,sr<=5%,kvB<=4k,kp<=2k,0.0325,6
256,n<=64,sr<=5%,kvB<=4k,kp<=32k,0.0169,6
256,n<=64,sr<=5%,kvB<=4k,kp<=4k,0.0109,6
256,n<=64,sr<=5%,kvB<=4k,kp<=512,0.0432,6
256,n<=64,sr<=5%,kvB<=4k,kp<=64k,0.013,6
256,n<=64,sr<=5%,kvB<=4k,kp<=8k,0.0144,6
256,n<=64,sr<=5%,kvB<=4k,kp=0,0.0425,6
256,n<=64,sr<=5%,kvB<=64k,kp<=16k,0.0094,6
256,n<=64,sr<=5%,kvB<=64k,kp<=1k,0.0911,6
256,n<=64,sr<=5%,kvB<=64k,kp<=2k,0.0855,6
256,n<=64,sr<=5%,kvB<=64k,kp<=32k,0.022,6
256,n<=64,sr<=5%,kvB<=64k,kp<=4k,0.0218,6
256,n<=64,sr<=5%,kvB<=64k,kp<=512,0.0701,6
256,n<=64,sr<=5%,kvB<=64k,kp<=64k,-0.0179,6
256,n<=64,sr<=5%,kvB<=64k,kp<=8k,0.0081,6
256,n<=64,sr<=5%,kvB<=64k,kp=0,0.0767,6
256,n<=64,sr<=70%,kvB<=16k,kp<=16k,1.4539,2
256,n<=64,sr<=70%,kvB<=16k,kp<=1k,1.5601,2
256,n<=64,sr<=70%,kvB<=16k,kp<=2k,1.1408,2
256,n<=64,sr<=70%,kvB<=16k,kp<=32k,1.2948,2
256,n<=64,sr<=70%,kvB<=16k,kp<=4k,0.3874,2
256,n<=64,sr<=70%,kvB<=16k,kp<=512,1.5403,2
256,n<=64,sr<=70%,kvB<=16k,kp<=64k,1.0974,2
256,n<=64,sr<=70%,kvB<=16k,kp<=8k,0.4843,2
256,n<=64,sr<=70%,kvB<=16k,kp=0,1.5639,2
256,n<=64,sr<=70%,kvB<=1k,kp<=16k,0.0679,2
256,n<=64,sr<=70%,kvB<=1k,kp<=1k,0.0508,2
256,n<=64,sr<=70%,kvB<=1k,kp<=2k,0.0464,2
256,n<=64,sr<=70%,kvB<=1k,kp<=32k,0.0487,2
256,n<=64,sr<=70%,kvB<=1k,kp<=4k,0.0678,2
256,n<=64,sr<=70%,kvB<=1k,kp<=512,0.0592,2
256,n<=64,sr<=70%,kvB<=1k,kp<=64k,0.0674,2
256,n<=64,sr<=70%,kvB<=1k,kp<=8k,0.0267,2
256,n<=64,sr<=70%,kvB<=1k,kp=0,0.0655,2
256,n<=64,sr<=70%,kvB<=4k,kp<=16k,-0.0148,2
256,n<=64,sr<=70%,kvB<=4k,kp<=1k,0.0133,2
256,n<=64,sr<=70%,kvB<=4k,kp<=2k,-0.0019,2
256,n<=64,sr<=70%,kvB<=4k,kp<=32k,-0.0212,2
256,n<=64,sr<=70%,kvB<=4k,kp<=4k,0.0053,2
256,n<=64,sr<=70%,kvB<=4k,kp<=512,0.0128,2
256,n<=64,sr<=70%,kvB<=4k,kp<=64k,-0.012,2
256,n<=64,sr<=70%,kvB<=4k,kp<=8k,-0.0369,2
256,n<=64,sr<=70%,kvB<=4k,kp=0,0.0038,2
256,n<=64,sr<=70%,kvB<=64k,kp<=16k,0.1402,2
256,n<=64,sr<=70%,kvB<=64k,kp<=1k,1.0156,2
256,n<=64,sr<=70%,kvB<=64k,kp<=2k,0.7946,2
256,n<=64,sr<=70%,kvB<=64k,kp<=32k,0.1493,2
256,n<=64,sr<=70%,kvB<=64k,kp<=4k,0.2174,2
256,n<=64,sr<=70%,kvB<=64k,kp<=512,0.8672,2
256,n<=64,sr<=70%,kvB<=64k,kp<=64k,0.4355,2
256,n<=64,sr<=70%,kvB<=64k,kp<=8k,0.1159,2
256,n<=64,sr<=70%,kvB<=64k,kp=0,0.9343,2
256,n<=64,sr>70%,kvB<=16k,kp<=16k,4.9636,4
256,n<=64,sr>70%,kvB<=16k,kp<=1k,4.8178,4
256,n<=64,sr>70%,kvB<=16k,kp<=2k,2.5249,4
256,n<=64,sr>70%,kvB<=16k,kp<=32k,4.2766,3
256,n<=64,sr>70%,kvB<=16k,kp<=4k,0.6396,4
256,n<=64,sr>70%,kvB<=16k,kp<=512,4.7482,4
256,n<=64,sr>70%,kvB<=16k,kp<=64k,3.0568,3
256,n<=64,sr>70%,kvB<=16k,kp<=8k,0.6805,4
256,n<=64,sr>70%,kvB<=16k,kp=0,4.7606,4
256,n<=64,sr>70%,kvB<=1k,kp<=16k,0.3351,4
256,n<=64,sr>70%,kvB<=1k,kp<=1k,0.2924,4
256,n<=64,sr>70%,kvB<=1k,kp<=2k,0.2608,4
256,n<=64,sr>70%,kvB<=1k,kp<=32k,0.2393,4
256,n<=64,sr>70%,kvB<=1k,kp<=4k,0.2817,4
256,n<=64,sr>70%,kvB<=1k,kp<=512,0.3048,4
256,n<=64,sr>70%,kvB<=1k,kp<=64k,0.2391,4
256,n<=64,sr>70%,kvB<=1k,kp<=8k,0.2969,4
256,n<=64,sr>70%,kvB<=1k,kp=0,0.2881,4
256,n<=64,sr>70%,kvB<=4k,kp<=16k,-0.0968,4
256,n<=64,sr>70%,kvB<=4k,kp<=1k,-0.0712,4
256,n<=64,sr>70%,kvB<=4k,kp<=2k,0.0741,4
256,n<=64,sr>70%,kvB<=4k,kp<=32k,-0.1186,4
256,n<=64,sr>70%,kvB<=4k,kp<=4k,0.0174,4
256,n<=64,sr>70%,kvB<=4k,kp<=512,-0.1327,4
256,n<=64,sr>70%,kvB<=4k,kp<=64k,0.0518,4
256,n<=64,sr>70%,kvB<=4k,kp<=8k,-0.2264,4
256,n<=64,sr>70%,kvB<=4k,kp=0,-0.1723,4
256,n<=64,sr>70%,kvB<=64k,kp<=16k,0.2927,4
256,n<=64,sr>70%,kvB<=64k,kp<=1k,2.8567,4
256,n<=64,sr>70%,kvB<=64k,kp<=2k,1.6064,3
256,n<=64,sr>70%,kvB<=64k,kp<=32k,0.5404,4
256,n<=64,sr>70%,kvB<=64k,kp<=4k,0.7731,4
256,n<=64,sr>70%,kvB<=64k,kp<=512,1.7776,4
256,n<=64,sr>70%,kvB<=64k,kp<=8k,0.2874,4
256,n<=64,sr>70%,kvB<=64k,kp=0,1.5604,4
256,n<=8,sr<=15%,kvB<=16k,kp<=16k,0.0068,2
256,n<=8,sr<=15%,kvB<=16k,kp<=1k,0.2913,2
256,n<=8,sr<=15%,kvB<=16k,kp<=2k,0.2763,2
256,n<=8,sr<=15%,kvB<=16k,kp<=32k,0.0048,2
256,n<=8,sr<=15%,kvB<=16k,kp<=4k,0.2458,2
256,n<=8,sr<=15%,kvB<=16k,kp<=512,0.298,2
256,n<=8,sr<=15%,kvB<=16k,kp<=64k,-0.0578,2
256,n<=8,sr<=15%,kvB<=16k,kp<=8k,0.1453,2
256,n<=8,sr<=15%,kvB<=16k,kp=0,0.3217,2
256,n<=8,sr<=15%,kvB<=1k,kp<=16k,0.1426,2
256,n<=8,sr<=15%,kvB<=1k,kp<=1k,0.077,2
256,n<=8,sr<=15%,kvB<=1k,kp<=2k,0.1066,2
256,n<=8,sr<=15%,kvB<=1k,kp<=32k,-0.0405,2
256,n<=8,sr<=15%,kvB<=1k,kp<=4k,0.0958,2
256,n<=8,sr<=15%,kvB<=1k,kp<=512,0.1918,2
256,n<=8,sr<=15%,kvB<=1k,kp<=64k,-0.0358,2
256,n<=8,sr<=15%,kvB<=1k,kp<=8k,0.0893,2
256,n<=8,sr<=15%,kvB<=1k,kp=0,0.3354,2
256,n<=8,sr<=15%,kvB<=4k,kp<=16k,-0.015,2
256,n<=8,sr<=15%,kvB<=4k,kp<=1k,0.2376,2
256,n<=8,sr<=15%,kvB<=4k,kp<=2k,0.1415,2
256,n<=8,sr<=15%,kvB<=4k,kp<=32k,0.0412,2
256,n<=8,sr<=15%,kvB<=4k,kp<=4k,0.0161,2
256,n<=8,sr<=15%,kvB<=4k,kp<=512,0.2688,2
256,n<=8,sr<=15%,kvB<=4k,kp<=64k,0.0586,2
256,n<=8,sr<=15%,kvB<=4k,kp<=8k,0.0507,2
256,n<=8,sr<=15%,kvB<=4k,kp=0,0.2954,2
256,n<=8,sr<=15%,kvB<=64k,kp<=16k,0.2347,2
256,n<=8,sr<=15%,kvB<=64k,kp<=1k,0.3252,2
256,n<=8,sr<=15%,kvB<=64k,kp<=2k,0.3073,2
256,n<=8,sr<=15%,kvB<=64k,kp<=32k,0.1396,2
256,n<=8,sr<=15%,kvB<=64k,kp<=4k,0.2853,2
256,n<=8,sr<=15%,kvB<=64k,kp<=512,0.3293,2
256,n<=8,sr<=15%,kvB<=64k,kp<=64k,0.0094,2
256,n<=8,sr<=15%,kvB<=64k,kp<=8k,0.2635,2
256,n<=8,sr<=15%,kvB<=64k,kp=0,0.3308,2
256,n<=8,sr<=40%,kvB<=16k,kp<=16k,-0.0321,4
256,n<=8,sr<=40%,kvB<=16k,kp<=1k,0.3026,4
256,n<=8,sr<=40%,kvB<=16k,kp<=2k,0.264,4
256,n<=8,sr<=40%,kvB<=16k,kp<=32k,0.0443,4
256,n<=8,sr<=40%,kvB<=16k,kp<=4k,0.2451,4
256,n<=8,sr<=40%,kvB<=16k,kp<=512,0.3082,4
256,n<=8,sr<=40%,kvB<=16k,kp<=64k,0.0314,4
256,n<=8,sr<=40%,kvB<=16k,kp<=8k,0.1026,4
256,n<=8,sr<=40%,kvB<=16k,kp=0,0.2851,4
256,n<=8,sr<=40%,kvB<=1k,kp<=16k,0.1312,4
256,n<=8,sr<=40%,kvB<=1k,kp<=1k,0.0059,4
256,n<=8,sr<=40%,kvB<=1k,kp<=2k,0.0205,4
256,n<=8,sr<=40%,kvB<=1k,kp<=32k,0.0927,4
256,n<=8,sr<=40%,kvB<=1k,kp<=4k,0.1501,4
256,n<=8,sr<=40%,kvB<=1k,kp<=512,0.1631,4
256,n<=8,sr<=40%,kvB<=1k,kp<=64k,0.2202,3
256,n<=8,sr<=40%,kvB<=1k,kp<=8k,0.0653,4
256,n<=8,sr<=40%,kvB<=1k,kp=0,0.3098,4
256,n<=8,sr<=40%,kvB<=4k,kp<=16k,0.0316,4
256,n<=8,sr<=40%,kvB<=4k,kp<=1k,0.2568,4
256,n<=8,sr<=40%,kvB<=4k,kp<=2k,0.0935,4
256,n<=8,sr<=40%,kvB<=4k,kp<=32k,0.0205,4
256,n<=8,sr<=40%,kvB<=4k,kp<=4k,-0.0743,4
256,n<=8,sr<=40%,kvB<=4k,kp<=512,0.266,4
256,n<=8,sr<=40%,kvB<=4k,kp<=64k,0.0215,4
256,n<=8,sr<=40%,kvB<=4k,kp<=8k,0.0245,4
256,n<=8,sr<=40%,kvB<=4k,kp=0,0.3005,4
256,n<=8,sr<=40%,kvB<=64k,kp<=16k,0.2142,4
256,n<=8,sr<=40%,kvB<=64k,kp<=1k,0.2754,4
256,n<=8,sr<=40%,kvB<=64k,kp<=2k,0.2942,4
256,n<=8,sr<=40%,kvB<=64k,kp<=32k,0.0936,4
256,n<=8,sr<=40%,kvB<=64k,kp<=4k,0.31,4
256,n<=8,sr<=40%,kvB<=64k,kp<=512,0.2693,4
256,n<=8,sr<=40%,kvB<=64k,kp<=64k,-0.0258,4
256,n<=8,sr<=40%,kvB<=64k,kp<=8k,0.2375,4
256,n<=8,sr<=40%,kvB<=64k,kp=0,0.2521,4
256,n<=8,sr<=70%,kvB<=16k,kp<=16k,-0.0405,2
256,n<=8,sr<=70%,kvB<=16k,kp<=1k,0.2686,2
256,n<=8,sr<=70%,kvB<=16k,kp<=2k,0.2572,2
256,n<=8,sr<=70%,kvB<=16k,kp<=32k,-0.1672,2
256,n<=8,sr<=70%,kvB<=16k,kp<=4k,0.267,2
256,n<=8,sr<=70%,kvB<=16k,kp<=512,0.285,2
256,n<=8,sr<=70%,kvB<=16k,kp<=64k,0.009,2
256,n<=8,sr<=70%,kvB<=16k,kp<=8k,0.1526,2
256,n<=8,sr<=70%,kvB<=16k,kp=0,0.3033,2
256,n<=8,sr<=70%,kvB<=1k,kp<=16k,0.0471,2
256,n<=8,sr<=70%,kvB<=1k,kp<=1k,0.0611,2
256,n<=8,sr<=70%,kvB<=1k,kp<=2k,0.1015,2
256,n<=8,sr<=70%,kvB<=1k,kp<=32k,-0.0527,2
256,n<=8,sr<=70%,kvB<=1k,kp<=4k,0.1101,2
256,n<=8,sr<=70%,kvB<=1k,kp<=512,0.1424,2
256,n<=8,sr<=70%,kvB<=1k,kp<=64k,-0.1373,2
256,n<=8,sr<=70%,kvB<=1k,kp<=8k,0.0858,2
256,n<=8,sr<=70%,kvB<=1k,kp=0,0.2931,2
256,n<=8,sr<=70%,kvB<=4k,kp<=16k,0.0871,2
256,n<=8,sr<=70%,kvB<=4k,kp<=1k,0.2627,2
256,n<=8,sr<=70%,kvB<=4k,kp<=2k,0.1423,2
256,n<=8,sr<=70%,kvB<=4k,kp<=32k,-0.1025,2
256,n<=8,sr<=70%,kvB<=4k,kp<=4k,-0.0377,2
256,n<=8,sr<=70%,kvB<=4k,kp<=512,0.2701,2
256,n<=8,sr<=70%,kvB<=4k,kp<=64k,0.4279,2
256,n<=8,sr<=70%,kvB<=4k,kp<=8k,-0.1798,2
256,n<=8,sr<=70%,kvB<=4k,kp=0,0.2846,2
256,n<=8,sr<=70%,kvB<=64k,kp<=16k,0.2332,2
256,n<=8,sr<=70%,kvB<=64k,kp<=1k,0.3247,2
256,n<=8,sr<=70%,kvB<=64k,kp<=2k,0.2993,2
256,n<=8,sr<=70%,kvB<=64k,kp<=32k,0.1378,2
256,n<=8,sr<=70%,kvB<=64k,kp<=4k,0.2845,2
256,n<=8,sr<=70%,kvB<=64k,kp<=512,0.331,2
256,n<=8,sr<=70%,kvB<=64k,kp<=64k,-0.0808,2
256,n<=8,sr<=70%,kvB<=64k,kp<=8k,0.2089,2
256,n<=8,sr<=70%,kvB<=64k,kp=0,0.3443,2
256,n<=8,sr>70%,kvB<=16k,kp<=16k,-0.3774,4
256,n<=8,sr>70%,kvB<=16k,kp<=1k,0.6763,4
256,n<=8,sr>70%,kvB<=16k,kp<=2k,0.4892,4
256,n<=8,sr>70%,kvB<=16k,kp<=32k,-0.1599,4
256,n<=8,sr>70%,kvB<=16k,kp<=4k,0.3582,4
256,n<=8,sr>70%,kvB<=16k,kp<=512,0.7991,4
256,n<=8,sr>70%,kvB<=16k,kp<=64k,0.6148,4
256,n<=8,sr>70%,kvB<=16k,kp<=8k,0.1394,4
256,n<=8,sr>70%,kvB<=16k,kp=0,0.816,4
256,n<=8,sr>70%,kvB<=1k,kp<=16k,0.1856,4
256,n<=8,sr>70%,kvB<=1k,kp<=1k,-0.1901,4
256,n<=8,sr>70%,kvB<=1k,kp<=2k,-0.1786,4
256,n<=8,sr>70%,kvB<=1k,kp<=32k,0.4749,3
256,n<=8,sr>70%,kvB<=1k,kp<=4k,0.2857,4
256,n<=8,sr>70%,kvB<=1k,kp<=512,0.2179,4
256,n<=8,sr>70%,kvB<=1k,kp<=64k,-0.1174,3
256,n<=8,sr>70%,kvB<=1k,kp<=8k,0.3917,4
256,n<=8,sr>70%,kvB<=1k,kp=0,0.4305,4
256,n<=8,sr>70%,kvB<=4k,kp<=16k,0.4717,4
256,n<=8,sr>70%,kvB<=4k,kp<=1k,0.2753,4
256,n<=8,sr>70%,kvB<=4k,kp<=2k,0.1761,4
256,n<=8,sr>70%,kvB<=4k,kp<=32k,0.327,4
256,n<=8,sr>70%,kvB<=4k,kp<=4k,-0.4973,4
256,n<=8,sr>70%,kvB<=4k,kp<=512,0.3607,4
256,n<=8,sr>70%,kvB<=4k,kp<=64k,0.299,4
256,n<=8,sr>70%,kvB<=4k,kp<=8k,0.0346,4
256,n<=8,sr>70%,kvB<=4k,kp=0,0.6656,4
256,n<=8,sr>70%,kvB<=64k,kp<=16k,0.2854,4
256,n<=8,sr>70%,kvB<=64k,kp<=1k,0.8993,4
256,n<=8,sr>70%,kvB<=64k,kp<=2k,0.9047,4
256,n<=8,sr>70%,kvB<=64k,kp<=32k,0.1101,4
256,n<=8,sr>70%,kvB<=64k,kp<=4k,0.8874,4
256,n<=8,sr>70%,kvB<=64k,kp<=512,0.9039,4
256,n<=8,sr>70%,kvB<=64k,kp<=64k,-0.3955,4
256,n<=8,sr>70%,kvB<=64k,kp<=8k,0.6504,4
256,n<=8,sr>70%,kvB<=64k,kp=0,0.8974,4
512,n<=128,sr<=15%,kvB<=16k,kp<=16k,0.0342,4
512,n<=128,sr<=15%,kvB<=16k,kp<=1k,0.1047,4
512,n<=128,sr<=15%,kvB<=16k,kp<=2k,0.0373,4
512,n<=128,sr<=15%,kvB<=16k,kp<=32k,-0.0056,4
512,n<=128,sr<=15%,kvB<=16k,kp<=4k,0.0414,4
512,n<=128,sr<=15%,kvB<=16k,kp<=512,0.1049,4
512,n<=128,sr<=15%,kvB<=16k,kp<=64k,0.0032,4
512,n<=128,sr<=15%,kvB<=16k,kp<=8k,0.0144,4
512,n<=128,sr<=15%,kvB<=16k,kp=0,0.1076,4
512,n<=128,sr<=15%,kvB<=1k,kp<=16k,0.0709,4
512,n<=128,sr<=15%,kvB<=1k,kp<=1k,0.0666,4
512,n<=128,sr<=15%,kvB<=1k,kp<=2k,0.068,4
512,n<=128,sr<=15%,kvB<=1k,kp<=32k,0.081,4
512,n<=128,sr<=15%,kvB<=1k,kp<=4k,0.0648,4
512,n<=128,sr<=15%,kvB<=1k,kp<=512,0.0666,4
512,n<=128,sr<=15%,kvB<=1k,kp<=64k,0.0807,4
512,n<=128,sr<=15%,kvB<=1k,kp<=8k,0.0703,4
512,n<=128,sr<=15%,kvB<=1k,kp=0,0.072,4
512,n<=128,sr<=15%,kvB<=4k,kp<=16k,0.0008,4
512,n<=128,sr<=15%,kvB<=4k,kp<=1k,0.0105,4
512,n<=128,sr<=15%,kvB<=4k,kp<=2k,0.0047,4
512,n<=128,sr<=15%,kvB<=4k,kp<=32k,0.0036,4
512,n<=128,sr<=15%,kvB<=4k,kp<=4k,0.0029,4
512,n<=128,sr<=15%,kvB<=4k,kp<=512,0.0095,4
512,n<=128,sr<=15%,kvB<=4k,kp<=64k,0.004,4
512,n<=128,sr<=15%,kvB<=4k,kp<=8k,0.0015,4
512,n<=128,sr<=15%,kvB<=4k,kp=0,0.0085,4
512,n<=128,sr<=15%,kvB<=64k,kp<=16k,0.0042,4
512,n<=128,sr<=15%,kvB<=64k,kp<=1k,0.0156,4
512,n<=128,sr<=15%,kvB<=64k,kp<=2k,0.0118,4
512,n<=128,sr<=15%,kvB<=64k,kp<=32k,0.0068,4
512,n<=128,sr<=15%,kvB<=64k,kp<=4k,0.0049,4
512,n<=128,sr<=15%,kvB<=64k,kp<=512,0.0235,4
512,n<=128,sr<=15%,kvB<=64k,kp<=64k,0.0052,4
512,n<=128,sr<=15%,kvB<=64k,kp<=8k,0.0044,4
512,n<=128,sr<=15%,kvB<=64k,kp=0,0.0265,4
512,n<=128,sr<=40%,kvB<=16k,kp<=16k,0.0926,2
512,n<=128,sr<=40%,kvB<=16k,kp<=1k,0.178,2
512,n<=128,sr<=40%,kvB<=16k,kp<=2k,0.0636,2
512,n<=128,sr<=40%,kvB<=16k,kp<=32k,0.0028,2
512,n<=128,sr<=40%,kvB<=16k,kp<=4k,0.0425,2
512,n<=128,sr<=40%,kvB<=16k,kp<=512,0.186,2
512,n<=128,sr<=40%,kvB<=16k,kp<=64k,0.0024,2
512,n<=128,sr<=40%,kvB<=16k,kp<=8k,0.1247,2
512,n<=128,sr<=40%,kvB<=16k,kp=0,0.1875,2
512,n<=128,sr<=40%,kvB<=1k,kp<=16k,0.1268,2
512,n<=128,sr<=40%,kvB<=1k,kp<=1k,0.096,2
512,n<=128,sr<=40%,kvB<=1k,kp<=2k,0.0983,2
512,n<=128,sr<=40%,kvB<=1k,kp<=32k,0.1386,2
512,n<=128,sr<=40%,kvB<=1k,kp<=4k,0.1042,2
512,n<=128,sr<=40%,kvB<=1k,kp<=512,0.1055,2
512,n<=128,sr<=40%,kvB<=1k,kp<=64k,0.1156,2
512,n<=128,sr<=40%,kvB<=1k,kp<=8k,0.1094,2
512,n<=128,sr<=40%,kvB<=1k,kp=0,0.104,2
512,n<=128,sr<=40%,kvB<=4k,kp<=16k,-0.013,2
512,n<=128,sr<=40%,kvB<=4k,kp<=1k,-0.011,2
512,n<=128,sr<=40%,kvB<=4k,kp<=2k,-0.0072,2
512,n<=128,sr<=40%,kvB<=4k,kp<=32k,-0.0065,2
512,n<=128,sr<=40%,kvB<=4k,kp<=4k,-0.0114,2
512,n<=128,sr<=40%,kvB<=4k,kp<=512,-0.0087,2
512,n<=128,sr<=40%,kvB<=4k,kp<=64k,-0.0039,2
512,n<=128,sr<=40%,kvB<=4k,kp<=8k,-0.0062,2
512,n<=128,sr<=40%,kvB<=4k,kp=0,-0.0112,2
512,n<=128,sr<=40%,kvB<=64k,kp<=16k,0.0024,2
512,n<=128,sr<=40%,kvB<=64k,kp<=1k,0.0193,2
512,n<=128,sr<=40%,kvB<=64k,kp<=2k,0.0084,2
512,n<=128,sr<=40%,kvB<=64k,kp<=32k,0.0015,2
512,n<=128,sr<=40%,kvB<=64k,kp<=4k,-0.0006,2
512,n<=128,sr<=40%,kvB<=64k,kp<=512,0.0151,2
512,n<=128,sr<=40%,kvB<=64k,kp<=64k,-0.0003,2
512,n<=128,sr<=40%,kvB<=64k,kp<=8k,-0.0001,2
512,n<=128,sr<=40%,kvB<=64k,kp=0,0.0192,2
512,n<=128,sr<=5%,kvB<=16k,kp<=16k,0.0003,8
512,n<=128,sr<=5%,kvB<=16k,kp<=1k,0.0259,8
512,n<=128,sr<=5%,kvB<=16k,kp<=2k,0.0142,8
512,n<=128,sr<=5%,kvB<=16k,kp<=32k,-0.0012,8
512,n<=128,sr<=5%,kvB<=16k,kp<=4k,0.0244,8
512,n<=128,sr<=5%,kvB<=16k,kp<=512,0.0185,8
512,n<=128,sr<=5%,kvB<=16k,kp<=64k,0.0024,8
512,n<=128,sr<=5%,kvB<=16k,kp<=8k,0.0131,8
512,n<=128,sr<=5%,kvB<=16k,kp=0,0.017,8
512,n<=128,sr<=5%,kvB<=1k,kp<=16k,0.0141,8
512,n<=128,sr<=5%,kvB<=1k,kp<=1k,0.0107,8
512,n<=128,sr<=5%,kvB<=1k,kp<=2k,0.0115,8
512,n<=128,sr<=5%,kvB<=1k,kp<=32k,0.0178,8
512,n<=128,sr<=5%,kvB<=1k,kp<=4k,0.0097,8
512,n<=128,sr<=5%,kvB<=1k,kp<=512,0.0125,8
512,n<=128,sr<=5%,kvB<=1k,kp<=64k,0.0193,8
512,n<=128,sr<=5%,kvB<=1k,kp<=8k,0.0116,8
512,n<=128,sr<=5%,kvB<=1k,kp=0,0.0194,8
512,n<=128,sr<=5%,kvB<=4k,kp<=16k,0.0052,8
512,n<=128,sr<=5%,kvB<=4k,kp<=1k,0.015,8
512,n<=128,sr<=5%,kvB<=4k,kp<=2k,0.0075,8
512,n<=128,sr<=5%,kvB<=4k,kp<=32k,0.0057,8
512,n<=128,sr<=5%,kvB<=4k,kp<=4k,0.0054,8
512,n<=128,sr<=5%,kvB<=4k,kp<=512,0.0136,8
512,n<=128,sr<=5%,kvB<=4k,kp<=64k,0.0067,8
512,n<=128,sr<=5%,kvB<=4k,kp<=8k,0.0055,8
512,n<=128,sr<=5%,kvB<=4k,kp=0,0.0121,8
512,n<=128,sr<=5%,kvB<=64k,kp<=16k,0.0054,8
512,n<=128,sr<=5%,kvB<=64k,kp<=1k,0.0185,8
512,n<=128,sr<=5%,kvB<=64k,kp<=2k,0.009,8
512,n<=128,sr<=5%,kvB<=64k,kp<=32k,0.0042,8
512,n<=128,sr<=5%,kvB<=64k,kp<=4k,0.0054,8
512,n<=128,sr<=5%,kvB<=64k,kp<=512,0.0223,8
512,n<=128,sr<=5%,kvB<=64k,kp<=64k,0.0013,8
512,n<=128,sr<=5%,kvB<=64k,kp<=8k,0.0054,8
512,n<=128,sr<=5%,kvB<=64k,kp=0,0.0257,8
512,n<=128,sr<=70%,kvB<=16k,kp<=16k,0.0223,2
512,n<=128,sr<=70%,kvB<=16k,kp<=1k,0.1368,2
512,n<=128,sr<=70%,kvB<=16k,kp<=2k,0.0548,2
512,n<=128,sr<=70%,kvB<=16k,kp<=32k,0.0124,2
512,n<=128,sr<=70%,kvB<=16k,kp<=4k,0.069,2
512,n<=128,sr<=70%,kvB<=16k,kp<=512,0.1797,2
512,n<=128,sr<=70%,kvB<=16k,kp<=64k,0.0068,2
512,n<=128,sr<=70%,kvB<=16k,kp<=8k,0.0084,2
512,n<=128,sr<=70%,kvB<=16k,kp=0,0.2702,2
512,n<=128,sr<=70%,kvB<=1k,kp<=16k,0.0765,2
512,n<=128,sr<=70%,kvB<=1k,kp<=1k,0.0376,2
512,n<=128,sr<=70%,kvB<=1k,kp<=2k,0.0454,2
512,n<=128,sr<=70%,kvB<=1k,kp<=32k,0.1162,2
512,n<=128,sr<=70%,kvB<=1k,kp<=4k,0.0463,2
512,n<=128,sr<=70%,kvB<=1k,kp<=512,0.0408,2
512,n<=128,sr<=70%,kvB<=1k,kp<=64k,0.0664,2
512,n<=128,sr<=70%,kvB<=1k,kp<=8k,0.0904,2
512,n<=128,sr<=70%,kvB<=1k,kp=0,0.0451,2
512,n<=128,sr<=70%,kvB<=4k,kp<=16k,-0.4369,2
512,n<=128,sr<=70%,kvB<=4k,kp<=1k,-0.1348,2
512,n<=128,sr<=70%,kvB<=4k,kp<=2k,-0.1052,2
512,n<=128,sr<=70%,kvB<=4k,kp<=32k,-0.3309,2
512,n<=128,sr<=70%,kvB<=4k,kp<=4k,-0.2401,2
512,n<=128,sr<=70%,kvB<=4k,kp<=512,-0.1446,2
512,n<=128,sr<=70%,kvB<=4k,kp<=64k,-0.0527,2
512,n<=128,sr<=70%,kvB<=4k,kp<=8k,-0.2845,2
512,n<=128,sr<=70%,kvB<=4k,kp=0,-0.1294,2
512,n<=128,sr<=70%,kvB<=64k,kp<=16k,-0.0037,2
512,n<=128,sr<=70%,kvB<=64k,kp<=1k,0.0169,2
512,n<=128,sr<=70%,kvB<=64k,kp<=2k,0.0043,2
512,n<=128,sr<=70%,kvB<=64k,kp<=32k,0.0018,2
512,n<=128,sr<=70%,kvB<=64k,kp<=4k,-0.0033,2
512,n<=128,sr<=70%,kvB<=64k,kp<=512,0.0173,2
512,n<=128,sr<=70%,kvB<=64k,kp<=64k,0.0005,2
512,n<=128,sr<=70%,kvB<=64k,kp<=8k,-0.0014,2
512,n<=128,sr<=70%,kvB<=64k,kp=0,0.019,2
512,n<=128,sr>70%,kvB<=16k,kp<=16k,0.1109,4
512,n<=128,sr>70%,kvB<=16k,kp<=1k,0.4071,4
512,n<=128,sr>70%,kvB<=16k,kp<=2k,0.1396,4
512,n<=128,sr>70%,kvB<=16k,kp<=32k,0.025,4
512,n<=128,sr>70%,kvB<=16k,kp<=4k,0.0212,4
512,n<=128,sr>70%,kvB<=16k,kp<=512,0.4533,4
512,n<=128,sr>70%,kvB<=16k,kp<=64k,0.0228,4
512,n<=128,sr>70%,kvB<=16k,kp<=8k,0.3265,4
512,n<=128,sr>70%,kvB<=16k,kp=0,0.3505,4
512,n<=128,sr>70%,kvB<=1k,kp<=16k,0.3461,4
512,n<=128,sr>70%,kvB<=1k,kp<=1k,0.2784,4
512,n<=128,sr>70%,kvB<=1k,kp<=2k,0.242,4
512,n<=128,sr>70%,kvB<=1k,kp<=32k,0.3286,4
512,n<=128,sr>70%,kvB<=1k,kp<=4k,0.3101,4
512,n<=128,sr>70%,kvB<=1k,kp<=512,0.2788,4
512,n<=128,sr>70%,kvB<=1k,kp<=64k,0.3199,4
512,n<=128,sr>70%,kvB<=1k,kp<=8k,0.3306,4
512,n<=128,sr>70%,kvB<=1k,kp=0,0.2727,4
512,n<=128,sr>70%,kvB<=4k,kp<=16k,-0.2673,4
512,n<=128,sr>70%,kvB<=4k,kp<=1k,-0.6047,4
512,n<=128,sr>70%,kvB<=4k,kp<=2k,-0.0879,4
512,n<=128,sr>70%,kvB<=4k,kp<=32k,-0.1017,4
512,n<=128,sr>70%,kvB<=4k,kp<=4k,-0.6576,4
512,n<=128,sr>70%,kvB<=4k,kp<=512,-0.6245,4
512,n<=128,sr>70%,kvB<=4k,kp<=64k,-0.0665,4
512,n<=128,sr>70%,kvB<=4k,kp<=8k,-0.1042,4
512,n<=128,sr>70%,kvB<=4k,kp=0,-0.6413,4
512,n<=128,sr>70%,kvB<=64k,kp<=16k,0.0149,4
512,n<=128,sr>70%,kvB<=64k,kp<=1k,0.1241,4
512,n<=128,sr>70%,kvB<=64k,kp<=2k,0.0949,4
512,n<=128,sr>70%,kvB<=64k,kp<=32k,0.0148,4
512,n<=128,sr>70%,kvB<=64k,kp<=4k,0.0159,4
512,n<=128,sr>70%,kvB<=64k,kp<=512,0.1342,4
512,n<=128,sr>70%,kvB<=64k,kp<=64k,0.014,4
512,n<=128,sr>70%,kvB<=64k,kp<=8k,0.0145,4
512,n<=128,sr>70%,kvB<=64k,kp=0,0.1416,4
512,n<=16,sr<=15%,kvB<=16k,kp<=16k,0.0145,4
512,n<=16,sr<=15%,kvB<=16k,kp<=1k,0.1402,4
512,n<=16,sr<=15%,kvB<=16k,kp<=2k,0.1368,4
512,n<=16,sr<=15%,kvB<=16k,kp<=32k,0.0088,4
512,n<=16,sr<=15%,kvB<=16k,kp<=4k,0.12,4
512,n<=16,sr<=15%,kvB<=16k,kp<=512,0.1409,4
512,n<=16,sr<=15%,kvB<=16k,kp<=64k,-0.0119,4
512,n<=16,sr<=15%,kvB<=16k,kp<=8k,0.0922,4
512,n<=16,sr<=15%,kvB<=16k,kp=0,0.1385,4
512,n<=16,sr<=15%,kvB<=1k,kp<=16k,0.1046,4
512,n<=16,sr<=15%,kvB<=1k,kp<=1k,0.0736,4
512,n<=16,sr<=15%,kvB<=1k,kp<=2k,0.0686,4
512,n<=16,sr<=15%,kvB<=1k,kp<=32k,0.0121,4
512,n<=16,sr<=15%,kvB<=1k,kp<=4k,0.0977,4
512,n<=16,sr<=15%,kvB<=1k,kp<=512,0.0902,4
512,n<=16,sr<=15%,kvB<=1k,kp<=64k,0.0994,4
512,n<=16,sr<=15%,kvB<=1k,kp<=8k,0.0736,4
512,n<=16,sr<=15%,kvB<=1k,kp=0,0.1676,4
512,n<=16,sr<=15%,kvB<=4k,kp<=16k,0.0171,4
512,n<=16,sr<=15%,kvB<=4k,kp<=1k,0.1303,4
512,n<=16,sr<=15%,kvB<=4k,kp<=2k,0.0847,4
512,n<=16,sr<=15%,kvB<=4k,kp<=32k,-0.0108,4
512,n<=16,sr<=15%,kvB<=4k,kp<=4k,0.013,4
512,n<=16,sr<=15%,kvB<=4k,kp<=512,0.1536,4
512,n<=16,sr<=15%,kvB<=4k,kp<=64k,0.0348,4
512,n<=16,sr<=15%,kvB<=4k,kp<=8k,0.0243,4
512,n<=16,sr<=15%,kvB<=4k,kp=0,0.1564,4
512,n<=16,sr<=15%,kvB<=64k,kp<=16k,0.0728,4
512,n<=16,sr<=15%,kvB<=64k,kp<=1k,0.1373,4
512,n<=16,sr<=15%,kvB<=64k,kp<=2k,0.1463,4
512,n<=16,sr<=15%,kvB<=64k,kp<=32k,0.0837,4
512,n<=16,sr<=15%,kvB<=64k,kp<=4k,0.1063,4
512,n<=16,sr<=15%,kvB<=64k,kp<=512,0.1361,4
512,n<=16,sr<=15%,kvB<=64k,kp<=64k,0.0332,4
512,n<=16,sr<=15%,kvB<=64k,kp<=8k,0.0744,4
512,n<=16,sr<=15%,kvB<=64k,kp=0,0.1334,4
512,n<=16,sr<=40%,kvB<=16k,kp<=16k,-0.0059,4
512,n<=16,sr<=40%,kvB<=16k,kp<=1k,0.1315,4
512,n<=16,sr<=40%,kvB<=16k,kp<=2k,0.1275,4
512,n<=16,sr<=40%,kvB<=16k,kp<=32k,-0.0152,4
512,n<=16,sr<=40%,kvB<=16k,kp<=4k,0.1246,4
512,n<=16,sr<=40%,kvB<=16k,kp<=512,0.1283,4
512,n<=16,sr<=40%,kvB<=16k,kp<=64k,0.0011,4
512,n<=16,sr<=40%,kvB<=16k,kp<=8k,0.0932,4
512,n<=16,sr<=40%,kvB<=16k,kp=0,0.1205,4
512,n<=16,sr<=40%,kvB<=1k,kp<=16k,0.0893,4
512,n<=16,sr<=40%,kvB<=1k,kp<=1k,0.0642,4
512,n<=16,sr<=40%,kvB<=1k,kp<=2k,0.0756,4
512,n<=16,sr<=40%,kvB<=1k,kp<=32k,0.1889,4
512,n<=16,sr<=40%,kvB<=1k,kp<=4k,0.084,4
512,n<=16,sr<=40%,kvB<=1k,kp<=512,0.1055,4
512,n<=16,sr<=40%,kvB<=1k,kp<=64k,0.1918,4
512,n<=16,sr<=40%,kvB<=1k,kp<=8k,0.069,4
512,n<=16,sr<=40%,kvB<=1k,kp=0,0.1857,4
512,n<=16,sr<=40%,kvB<=4k,kp<=16k,0.0163,4
512,n<=16,sr<=40%,kvB<=4k,kp<=1k,0.1305,4
512,n<=16,sr<=40%,kvB<=4k,kp<=2k,0.0898,4
512,n<=16,sr<=40%,kvB<=4k,kp<=32k,0.0248,4
512,n<=16,sr<=40%,kvB<=4k,kp<=4k,0.0012,4
512,n<=16,sr<=40%,kvB<=4k,kp<=512,0.141,4
512,n<=16,sr<=40%,kvB<=4k,kp<=64k,0.0262,4
512,n<=16,sr<=40%,kvB<=4k,kp<=8k,-0.0074,4
512,n<=16,sr<=40%,kvB<=4k,kp=0,0.1419,4
512,n<=16,sr<=40%,kvB<=64k,kp<=16k,0.0506,4
512,n<=16,sr<=40%,kvB<=64k,kp<=1k,0.1178,4
512,n<=16,sr<=40%,kvB<=64k,kp<=2k,0.138,4
512,n<=16,sr<=40%,kvB<=64k,kp<=32k,0.0825,4
512,n<=16,sr<=40%,kvB<=64k,kp<=4k,0.1212,4
512,n<=16,sr<=40%,kvB<=64k,kp<=512,0.1117,4
512,n<=16,sr<=40%,kvB<=64k,kp<=64k,0.0115,4
512,n<=16,sr<=40%,kvB<=64k,kp<=8k,0.0593,4
512,n<=16,sr<=40%,kvB<=64k,kp=0,0.1107,4
512,n<=16,sr<=70%,kvB<=16k,kp<=16k,-0.0124,2
512,n<=16,sr<=70%,kvB<=16k,kp<=1k,0.1257,2
512,n<=16,sr<=70%,kvB<=16k,kp<=2k,0.1096,2
512,n<=16,sr<=70%,kvB<=16k,kp<=32k,0.0618,2
512,n<=16,sr<=70%,kvB<=16k,kp<=4k,0.1222,2
512,n<=16,sr<=70%,kvB<=16k,kp<=512,0.0996,2
512,n<=16,sr<=70%,kvB<=16k,kp<=64k,0.0315,2
512,n<=16,sr<=70%,kvB<=16k,kp<=8k,0.0769,2
512,n<=16,sr<=70%,kvB<=16k,kp=0,0.0899,2
512,n<=16,sr<=70%,kvB<=1k,kp<=16k,0.1066,2
512,n<=16,sr<=70%,kvB<=1k,kp<=1k,0.0311,2
512,n<=16,sr<=70%,kvB<=1k,kp<=2k,0.0476,2
512,n<=16,sr<=70%,kvB<=1k,kp<=32k,0.0046,2
512,n<=16,sr<=70%,kvB<=1k,kp<=4k,0.0784,2
512,n<=16,sr<=70%,kvB<=1k,kp<=512,0.0865,2
512,n<=16,sr<=70%,kvB<=1k,kp<=64k,0.3147,2
512,n<=16,sr<=70%,kvB<=1k,kp<=8k,0.0195,2
512,n<=16,sr<=70%,kvB<=1k,kp=0,0.1634,2
512,n<=16,sr<=70%,kvB<=4k,kp<=16k,0.0486,2
512,n<=16,sr<=70%,kvB<=4k,kp<=1k,0.0983,2
512,n<=16,sr<=70%,kvB<=4k,kp<=2k,0.0767,2
512,n<=16,sr<=70%,kvB<=4k,kp<=32k,0.0419,2
512,n<=16,sr<=70%,kvB<=4k,kp<=4k,-0.0284,2
512,n<=16,sr<=70%,kvB<=4k,kp<=512,0.1227,2
512,n<=16,sr<=70%,kvB<=4k,kp<=64k,-0.071,2
512,n<=16,sr<=70%,kvB<=4k,kp<=8k,0.0583,2
512,n<=16,sr<=70%,kvB<=4k,kp=0,0.1192,2
512,n<=16,sr<=70%,kvB<=64k,kp<=16k,-0.1461,2
512,n<=16,sr<=70%,kvB<=64k,kp<=1k,0.2717,2
512,n<=16,sr<=70%,kvB<=64k,kp<=2k,0.605,2
512,n<=16,sr<=70%,kvB<=64k,kp<=32k,-0.0252,2
512,n<=16,sr<=70%,kvB<=64k,kp<=4k,0.3519,2
512,n<=16,sr<=70%,kvB<=64k,kp<=512,0.1806,2
512,n<=16,sr<=70%,kvB<=64k,kp<=64k,0.4902,2
512,n<=16,sr<=70%,kvB<=64k,kp<=8k,0.0397,2
512,n<=16,sr<=70%,kvB<=64k,kp=0,0.1665,2
512,n<=16,sr>70%,kvB<=16k,kp<=16k,-0.1785,4
512,n<=16,sr>70%,kvB<=16k,kp<=1k,0.1021,4
512,n<=16,sr>70%,kvB<=16k,kp<=2k,0.1605,4
512,n<=16,sr>70%,kvB<=16k,kp<=32k,-0.025,4
512,n<=16,sr>70%,kvB<=16k,kp<=4k,0.1055,4
512,n<=16,sr>70%,kvB<=16k,kp<=512,0.0526,4
512,n<=16,sr>70%,kvB<=16k,kp<=64k,-0.116,4
512,n<=16,sr>70%,kvB<=16k,kp<=8k,0.0211,4
512,n<=16,sr>70%,kvB<=16k,kp=0,0.013,4
512,n<=16,sr>70%,kvB<=1k,kp<=16k,0.1389,4
512,n<=16,sr>70%,kvB<=1k,kp<=1k,0.1992,4
512,n<=16,sr>70%,kvB<=1k,kp<=2k,0.2321,4
512,n<=16,sr>70%,kvB<=1k,kp<=32k,0.2845,4
512,n<=16,sr>70%,kvB<=1k,kp<=4k,0.2748,4
512,n<=16,sr>70%,kvB<=1k,kp<=512,0.2869,4
512,n<=16,sr>70%,kvB<=1k,kp<=64k,0.5695,4
512,n<=16,sr>70%,kvB<=1k,kp<=8k,0.3286,4
512,n<=16,sr>70%,kvB<=1k,kp=0,0.3308,4
512,n<=16,sr>70%,kvB<=4k,kp<=16k,-0.0678,4
512,n<=16,sr>70%,kvB<=4k,kp<=1k,0.1282,4
512,n<=16,sr>70%,kvB<=4k,kp<=2k,0.0608,4
512,n<=16,sr>70%,kvB<=4k,kp<=32k,-0.192,4
512,n<=16,sr>70%,kvB<=4k,kp<=4k,-0.0667,4
512,n<=16,sr>70%,kvB<=4k,kp<=512,0.1272,4
512,n<=16,sr>70%,kvB<=4k,kp<=64k,-0.0742,4
512,n<=16,sr>70%,kvB<=4k,kp<=8k,-0.0135,4
512,n<=16,sr>70%,kvB<=4k,kp=0,0.1093,4
512,n<=16,sr>70%,kvB<=64k,kp<=16k,-0.0097,4
512,n<=16,sr>70%,kvB<=64k,kp<=1k,0.7573,4
512,n<=16,sr>70%,kvB<=64k,kp<=2k,1.5312,4
512,n<=16,sr>70%,kvB<=64k,kp<=32k,2.319,3
512,n<=16,sr>70%,kvB<=64k,kp<=4k,1.3993,4
512,n<=16,sr>70%,kvB<=64k,kp<=512,0.6841,4
512,n<=16,sr>70%,kvB<=64k,kp<=64k,0.635,4
512,n<=16,sr>70%,kvB<=64k,kp<=8k,0.4079,4
512,n<=16,sr>70%,kvB<=64k,kp=0,0.6811,4
512,n<=2,sr<=70%,kvB<=16k,kp<=16k,0.8085,2
512,n<=2,sr<=70%,kvB<=16k,kp<=1k,0.7731,2
512,n<=2,sr<=70%,kvB<=16k,kp<=2k,0.6158,2
512,n<=2,sr<=70%,kvB<=16k,kp<=32k,0.7677,2
512,n<=2,sr<=70%,kvB<=16k,kp<=4k,0.5371,2
512,n<=2,sr<=70%,kvB<=16k,kp<=512,0.9241,2
512,n<=2,sr<=70%,kvB<=16k,kp<=64k,0.6411,2
512,n<=2,sr<=70%,kvB<=16k,kp<=8k,0.8173,2
512,n<=2,sr<=70%,kvB<=16k,kp=0,0.9578,2
512,n<=2,sr<=70%,kvB<=1k,kp<=16k,0.2245,2
512,n<=2,sr<=70%,kvB<=1k,kp<=1k,0.2245,2
512,n<=2,sr<=70%,kvB<=1k,kp<=2k,0.2721,2
512,n<=2,sr<=70%,kvB<=1k,kp<=32k,0.0606,2
512,n<=2,sr<=70%,kvB<=1k,kp<=4k,0.0741,2
512,n<=2,sr<=70%,kvB<=1k,kp<=512,0.278,2
512,n<=2,sr<=70%,kvB<=1k,kp<=64k,0.3323,1
512,n<=2,sr<=70%,kvB<=1k,kp<=8k,0.2407,2
512,n<=2,sr<=70%,kvB<=1k,kp=0,0.5731,2
512,n<=2,sr<=70%,kvB<=4k,kp<=16k,0.5085,2
512,n<=2,sr<=70%,kvB<=4k,kp<=1k,0.5321,2
512,n<=2,sr<=70%,kvB<=4k,kp<=2k,0.7335,2
512,n<=2,sr<=70%,kvB<=4k,kp<=32k,0.4609,2
512,n<=2,sr<=70%,kvB<=4k,kp<=4k,0.715,2
512,n<=2,sr<=70%,kvB<=4k,kp<=512,0.5298,2
512,n<=2,sr<=70%,kvB<=4k,kp<=64k,0.3891,1
512,n<=2,sr<=70%,kvB<=4k,kp<=8k,0.7295,2
512,n<=2,sr<=70%,kvB<=4k,kp=0,0.7185,2
512,n<=2,sr<=70%,kvB<=64k,kp<=16k,0.5187,2
512,n<=2,sr<=70%,kvB<=64k,kp<=1k,0.9709,2
512,n<=2,sr<=70%,kvB<=64k,kp<=2k,0.9333,2
512,n<=2,sr<=70%,kvB<=64k,kp<=32k,0.817,2
512,n<=2,sr<=70%,kvB<=64k,kp<=4k,0.809,2
512,n<=2,sr<=70%,kvB<=64k,kp<=512,0.959,2
512,n<=2,sr<=70%,kvB<=64k,kp<=64k,0.8245,2
512,n<=2,sr<=70%,kvB<=64k,kp<=8k,0.6045,2
512,n<=2,sr<=70%,kvB<=64k,kp=0,0.9924,2
512,n<=32,sr<=15%,kvB<=16k,kp<=16k,-0.0067,6
512,n<=32,sr<=15%,kvB<=16k,kp<=1k,0.0696,6
512,n<=32,sr<=15%,kvB<=16k,kp<=2k,0.0559,6
512,n<=32,sr<=15%,kvB<=16k,kp<=32k,0.0029,6
512,n<=32,sr<=15%,kvB<=16k,kp<=4k,0.0355,6
512,n<=32,sr<=15%,kvB<=16k,kp<=512,0.0698,6
512,n<=32,sr<=15%,kvB<=16k,kp<=64k,0.0055,6
512,n<=32,sr<=15%,kvB<=16k,kp<=8k,0.0387,6
512,n<=32,sr<=15%,kvB<=16k,kp=0,0.0748,6
512,n<=32,sr<=15%,kvB<=1k,kp<=16k,0.0692,6
512,n<=32,sr<=15%,kvB<=1k,kp<=1k,0.0715,6
512,n<=32,sr<=15%,kvB<=1k,kp<=2k,0.0775,6
512,n<=32,sr<=15%,kvB<=1k,kp<=32k,0.0668,6
512,n<=32,sr<=15%,kvB<=1k,kp<=4k,0.0709,6
512,n<=32,sr<=15%,kvB<=1k,kp<=512,0.0813,6
512,n<=32,sr<=15%,kvB<=1k,kp<=64k,0.0802,6
512,n<=32,sr<=15%,kvB<=1k,kp<=8k,0.0882,6
512,n<=32,sr<=15%,kvB<=1k,kp=0,0.1282,6
512,n<=32,sr<=15%,kvB<=4k,kp<=16k,0.0231,6
512,n<=32,sr<=15%,kvB<=4k,kp<=1k,0.078,6
512,n<=32,sr<=15%,kvB<=4k,kp<=2k,0.0536,6
512,n<=32,sr<=15%,kvB<=4k,kp<=32k,0.0208,6
512,n<=32,sr<=15%,kvB<=4k,kp<=4k,0.0102,6
512,n<=32,sr<=15%,kvB<=4k,kp<=512,0.0816,6
512,n<=32,sr<=15%,kvB<=4k,kp<=64k,0.0125,6
512,n<=32,sr<=15%,kvB<=4k,kp<=8k,0.0049,6
512,n<=32,sr<=15%,kvB<=4k,kp=0,0.0849,6
512,n<=32,sr<=15%,kvB<=64k,kp<=16k,-0.0409,6
512,n<=32,sr<=15%,kvB<=64k,kp<=1k,0.0846,6
512,n<=32,sr<=15%,kvB<=64k,kp<=2k,0.105,6
512,n<=32,sr<=15%,kvB<=64k,kp<=32k,-0.0221,6
512,n<=32,sr<=15%,kvB<=64k,kp<=4k,0.0879,6
512,n<=32,sr<=15%,kvB<=64k,kp<=512,0.097,6
512,n<=32,sr<=15%,kvB<=64k,kp<=64k,0.0829,6
512,n<=32,sr<=15%,kvB<=64k,kp<=8k,0.0103,6
512,n<=32,sr<=15%,kvB<=64k,kp=0,0.0985,6
512,n<=32,sr<=40%,kvB<=16k,kp<=16k,0.0119,2
512,n<=32,sr<=40%,kvB<=16k,kp<=1k,0.0661,2
512,n<=32,sr<=40%,kvB<=16k,kp<=2k,0.0542,2
512,n<=32,sr<=40%,kvB<=16k,kp<=32k,0.0119,2
512,n<=32,sr<=40%,kvB<=16k,kp<=4k,0.0307,2
512,n<=32,sr<=40%,kvB<=16k,kp<=512,0.0715,2
512,n<=32,sr<=40%,kvB<=16k,kp<=64k,0.0047,2
512,n<=32,sr<=40%,kvB<=16k,kp<=8k,0.0635,2
512,n<=32,sr<=40%,kvB<=16k,kp=0,0.0787,2
512,n<=32,sr<=40%,kvB<=1k,kp<=16k,0.1111,2
512,n<=32,sr<=40%,kvB<=1k,kp<=1k,0.109,2
512,n<=32,sr<=40%,kvB<=1k,kp<=2k,0.1227,2
512,n<=32,sr<=40%,kvB<=1k,kp<=32k,0.1059,2
512,n<=32,sr<=40%,kvB<=1k,kp<=4k,0.1086,2
512,n<=32,sr<=40%,kvB<=1k,kp<=512,0.1193,2
512,n<=32,sr<=40%,kvB<=1k,kp<=64k,0.1156,2
512,n<=32,sr<=40%,kvB<=1k,kp<=8k,0.1431,2
512,n<=32,sr<=40%,kvB<=1k,kp=0,0.1632,2
512,n<=32,sr<=40%,kvB<=4k,kp<=16k,-0.0112,2
512,n<=32,sr<=40%,kvB<=4k,kp<=1k,0.0607,2
512,n<=32,sr<=40%,kvB<=4k,kp<=2k,0.0439,2
512,n<=32,sr<=40%,kvB<=4k,kp<=32k,0.0104,2
512,n<=32,sr<=40%,kvB<=4k,kp<=4k,-0.0117,2
512,n<=32,sr<=40%,kvB<=4k,kp<=512,0.0627,2
512,n<=32,sr<=40%,kvB<=4k,kp<=64k,0.0166,2
512,n<=32,sr<=40%,kvB<=4k,kp<=8k,-0.0029,2
512,n<=32,sr<=40%,kvB<=4k,kp=0,0.0642,2
512,n<=32,sr<=40%,kvB<=64k,kp<=16k,0.0427,2
512,n<=32,sr<=40%,kvB<=64k,kp<=1k,0.2611,2
512,n<=32,sr<=40%,kvB<=64k,kp<=2k,0.2855,2
512,n<=32,sr<=40%,kvB<=64k,kp<=32k,0.2706,2
512,n<=32,sr<=40%,kvB<=64k,kp<=4k,0.0914,2
512,n<=32,sr<=40%,kvB<=64k,kp<=512,0.3817,2
512,n<=32,sr<=40%,kvB<=64k,kp<=64k,0.4161,2
512,n<=32,sr<=40%,kvB<=64k,kp<=8k,0.0189,2
512,n<=32,sr<=40%,kvB<=64k,kp=0,0.3555,2
512,n<=32,sr<=5%,kvB<=16k,kp<=16k,-0.0006,2
512,n<=32,sr<=5%,kvB<=16k,kp<=1k,0.0765,2
512,n<=32,sr<=5%,kvB<=16k,kp<=2k,0.0669,2
512,n<=32,sr<=5%,kvB<=16k,kp<=32k,-0.0035,2
512,n<=32,sr<=5%,kvB<=16k,kp<=4k,0.0341,2
512,n<=32,sr<=5%,kvB<=16k,kp<=512,0.0746,2
512,n<=32,sr<=5%,kvB<=16k,kp<=64k,-0.004,2
512,n<=32,sr<=5%,kvB<=16k,kp<=8k,0.0382,2
512,n<=32,sr<=5%,kvB<=16k,kp=0,0.0786,2
512,n<=32,sr<=5%,kvB<=1k,kp<=16k,0.0288,2
512,n<=32,sr<=5%,kvB<=1k,kp<=1k,0.0257,2
512,n<=32,sr<=5%,kvB<=1k,kp<=2k,0.0143,2
512,n<=32,sr<=5%,kvB<=1k,kp<=32k,0.0252,2
512,n<=32,sr<=5%,kvB<=1k,kp<=4k,0.014,2
512,n<=32,sr<=5%,kvB<=1k,kp<=512,0.0345,2
512,n<=32,sr<=5%,kvB<=1k,kp<=64k,0.0393,2
512,n<=32,sr<=5%,kvB<=1k,kp<=8k,0.035,2
512,n<=32,sr<=5%,kvB<=1k,kp=0,0.08,2
512,n<=32,sr<=5%,kvB<=4k,kp<=16k,0.031,2
512,n<=32,sr<=5%,kvB<=4k,kp<=1k,0.0836,2
512,n<=32,sr<=5%,kvB<=4k,kp<=2k,0.059,2
512,n<=32,sr<=5%,kvB<=4k,kp<=32k,0.0343,2
512,n<=32,sr<=5%,kvB<=4k,kp<=4k,0.0243,2
512,n<=32,sr<=5%,kvB<=4k,kp<=512,0.0966,2
512,n<=32,sr<=5%,kvB<=4k,kp<=64k,0.0368,2
512,n<=32,sr<=5%,kvB<=4k,kp<=8k,0.0235,2
512,n<=32,sr<=5%,kvB<=4k,kp=0,0.0969,2
512,n<=32,sr<=5%,kvB<=64k,kp<=16k,0.0293,2
512,n<=32,sr<=5%,kvB<=64k,kp<=1k,0.0773,2
512,n<=32,sr<=5%,kvB<=64k,kp<=2k,0.0554,2
512,n<=32,sr<=5%,kvB<=64k,kp<=32k,0.0157,2
512,n<=32,sr<=5%,kvB<=64k,kp<=4k,0.0589,2
512,n<=32,sr<=5%,kvB<=64k,kp<=512,0.0919,2
512,n<=32,sr<=5%,kvB<=64k,kp<=64k,-0.0027,2
512,n<=32,sr<=5%,kvB<=64k,kp<=8k,0.044,2
512,n<=32,sr<=5%,kvB<=64k,kp=0,0.0853,2
512,n<=32,sr<=70%,kvB<=16k,kp<=16k,0.111,2
512,n<=32,sr<=70%,kvB<=16k,kp<=1k,0.2611,2
512,n<=32,sr<=70%,kvB<=16k,kp<=2k,0.0645,2
512,n<=32,sr<=70%,kvB<=16k,kp<=32k,0.1194,2
512,n<=32,sr<=70%,kvB<=16k,kp<=4k,0.0165,2
512,n<=32,sr<=70%,kvB<=16k,kp<=512,0.2373,2
512,n<=32,sr<=70%,kvB<=16k,kp<=64k,0.1112,2
512,n<=32,sr<=70%,kvB<=16k,kp<=8k,0.0801,2
512,n<=32,sr<=70%,kvB<=16k,kp=0,0.2695,2
512,n<=32,sr<=70%,kvB<=1k,kp<=16k,0.1068,2
512,n<=32,sr<=70%,kvB<=1k,kp<=1k,0.0656,2
512,n<=32,sr<=70%,kvB<=1k,kp<=2k,0.0603,2
512,n<=32,sr<=70%,kvB<=1k,kp<=32k,0.0948,2
512,n<=32,sr<=70%,kvB<=1k,kp<=4k,0.0783,2
512,n<=32,sr<=70%,kvB<=1k,kp<=512,0.0869,2
512,n<=32,sr<=70%,kvB<=1k,kp<=64k,0.056,2
512,n<=32,sr<=70%,kvB<=1k,kp<=8k,0.0536,2
512,n<=32,sr<=70%,kvB<=1k,kp=0,0.1009,2
512,n<=32,sr<=70%,kvB<=4k,kp<=16k,0.0173,2
512,n<=32,sr<=70%,kvB<=4k,kp<=1k,0.0507,2
512,n<=32,sr<=70%,kvB<=4k,kp<=2k,0.0445,2
512,n<=32,sr<=70%,kvB<=4k,kp<=32k,0.0206,2
512,n<=32,sr<=70%,kvB<=4k,kp<=4k,-0.011,2
512,n<=32,sr<=70%,kvB<=4k,kp<=512,0.055,2
512,n<=32,sr<=70%,kvB<=4k,kp<=64k,0.0224,2
512,n<=32,sr<=70%,kvB<=4k,kp<=8k,-0.0003,2
512,n<=32,sr<=70%,kvB<=4k,kp=0,0.0518,2
512,n<=32,sr<=70%,kvB<=64k,kp<=16k,-0.1076,2
512,n<=32,sr<=70%,kvB<=64k,kp<=1k,1.0501,2
512,n<=32,sr<=70%,kvB<=64k,kp<=2k,1.1295,2
512,n<=32,sr<=70%,kvB<=64k,kp<=32k,0.096,1
512,n<=32,sr<=70%,kvB<=64k,kp<=4k,0.3545,2
512,n<=32,sr<=70%,kvB<=64k,kp<=512,1.3032,2
512,n<=32,sr<=70%,kvB<=64k,kp<=64k,1.7262,1
512,n<=32,sr<=70%,kvB<=64k,kp<=8k,0.0659,2
512,n<=32,sr<=70%,kvB<=64k,kp=0,1.3667,2
512,n<=32,sr>70%,kvB<=16k,kp<=16k,1.5952,4
512,n<=32,sr>70%,kvB<=16k,kp<=1k,1.4869,4
512,n<=32,sr>70%,kvB<=16k,kp<=2k,0.8738,4
512,n<=32,sr>70%,kvB<=16k,kp<=32k,1.6427,4
512,n<=32,sr>70%,kvB<=16k,kp<=4k,-0.0317,4
512,n<=32,sr>70%,kvB<=16k,kp<=512,1.4878,4
512,n<=32,sr>70%,kvB<=16k,kp<=64k,1.2512,4
512,n<=32,sr>70%,kvB<=16k,kp<=8k,0.8764,4
512,n<=32,sr>70%,kvB<=16k,kp=0,1.6491,4
512,n<=32,sr>70%,kvB<=1k,kp<=16k,0.3428,4
512,n<=32,sr>70%,kvB<=1k,kp<=1k,0.2742,4
512,n<=32,sr>70%,kvB<=1k,kp<=2k,0.2733,4
512,n<=32,sr>70%,kvB<=1k,kp<=32k,0.3952,4
512,n<=32,sr>70%,kvB<=1k,kp<=4k,0.2935,4
512,n<=32,sr>70%,kvB<=1k,kp<=512,0.304,4
512,n<=32,sr>70%,kvB<=1k,kp<=64k,0.4891,4
512,n<=32,sr>70%,kvB<=1k,kp<=8k,0.3046,4
512,n<=32,sr>70%,kvB<=1k,kp=0,0.3221,4
512,n<=32,sr>70%,kvB<=4k,kp<=16k,0.0837,4
512,n<=32,sr>70%,kvB<=4k,kp<=1k,0.1127,4
512,n<=32,sr>70%,kvB<=4k,kp<=2k,0.0815,4
512,n<=32,sr>70%,kvB<=4k,kp<=32k,-0.0124,4
512,n<=32,sr>70%,kvB<=4k,kp<=4k,0.0625,4
512,n<=32,sr>70%,kvB<=4k,kp<=512,0.096,4
512,n<=32,sr>70%,kvB<=4k,kp<=64k,0.1174,4
512,n<=32,sr>70%,kvB<=4k,kp<=8k,0.0943,4
512,n<=32,sr>70%,kvB<=4k,kp=0,0.1272,4
512,n<=32,sr>70%,kvB<=64k,kp<=16k,0.1445,4
512,n<=32,sr>70%,kvB<=64k,kp<=1k,4.5557,4
512,n<=32,sr>70%,kvB<=64k,kp<=2k,3.1529,4
512,n<=32,sr>70%,kvB<=64k,kp<=32k,0.505,4
512,n<=32,sr>70%,kvB<=64k,kp<=4k,0.9261,4
512,n<=32,sr>70%,kvB<=64k,kp<=512,5.548,4
512,n<=32,sr>70%,kvB<=64k,kp<=64k,5.7618,2
512,n<=32,sr>70%,kvB<=64k,kp<=8k,0.2674,4
512,n<=32,sr>70%,kvB<=64k,kp=0,5.2443,4
512,n<=4,sr<=40%,kvB<=16k,kp<=16k,0.0492,2
512,n<=4,sr<=40%,kvB<=16k,kp<=1k,0.3936,2
512,n<=4,sr<=40%,kvB<=16k,kp<=2k,0.3825,2
512,n<=4,sr<=40%,kvB<=16k,kp<=32k,0.0971,2
512,n<=4,sr<=40%,kvB<=16k,kp<=4k,0.3698,2
512,n<=4,sr<=40%,kvB<=16k,kp<=512,0.3746,2
512,n<=4,sr<=40%,kvB<=16k,kp<=64k,0.1313,2
512,n<=4,sr<=40%,kvB<=16k,kp<=8k,0.2771,2
512,n<=4,sr<=40%,kvB<=16k,kp=0,0.3409,2
512,n<=4,sr<=40%,kvB<=1k,kp<=16k,0.2804,2
512,n<=4,sr<=40%,kvB<=1k,kp<=1k,0.1111,2
512,n<=4,sr<=40%,kvB<=1k,kp<=2k,0.1297,2
512,n<=4,sr<=40%,kvB<=1k,kp<=32k,0.1748,2
512,n<=4,sr<=40%,kvB<=1k,kp<=4k,0.0754,2
512,n<=4,sr<=40%,kvB<=1k,kp<=512,0.1615,2
512,n<=4,sr<=40%,kvB<=1k,kp<=64k,0.9516,2
512,n<=4,sr<=40%,kvB<=1k,kp<=8k,0.0779,2
512,n<=4,sr<=40%,kvB<=1k,kp=0,0.4147,2
512,n<=4,sr<=40%,kvB<=4k,kp<=16k,0.0646,2
512,n<=4,sr<=40%,kvB<=4k,kp<=1k,0.372,2
512,n<=4,sr<=40%,kvB<=4k,kp<=2k,0.2392,2
512,n<=4,sr<=40%,kvB<=4k,kp<=32k,-0.0331,2
512,n<=4,sr<=40%,kvB<=4k,kp<=4k,0.0396,2
512,n<=4,sr<=40%,kvB<=4k,kp<=512,0.4323,2
512,n<=4,sr<=40%,kvB<=4k,kp<=64k,0.0484,2
512,n<=4,sr<=40%,kvB<=4k,kp<=8k,0.0618,2
512,n<=4,sr<=40%,kvB<=4k,kp=0,0.4118,2
512,n<=4,sr<=40%,kvB<=64k,kp<=16k,0.3403,2
512,n<=4,sr<=40%,kvB<=64k,kp<=1k,0.3334,2
512,n<=4,sr<=40%,kvB<=64k,kp<=2k,0.3571,2
512,n<=4,sr<=40%,kvB<=64k,kp<=32k,0.2785,2
512,n<=4,sr<=40%,kvB<=64k,kp<=4k,0.379,2
512,n<=4,sr<=40%,kvB<=64k,kp<=512,0.3242,2
512,n<=4,sr<=40%,kvB<=64k,kp<=64k,0.0667,2
512,n<=4,sr<=40%,kvB<=64k,kp<=8k,0.3572,2
512,n<=4,sr<=40%,kvB<=64k,kp=0,0.3006,2
512,n<=4,sr<=70%,kvB<=16k,kp<=16k,0.0572,2
512,n<=4,sr<=70%,kvB<=16k,kp<=1k,0.3151,2
512,n<=4,sr<=70%,kvB<=16k,kp<=2k,0.4294,2
512,n<=4,sr<=70%,kvB<=16k,kp<=32k,-0.0354,2
512,n<=4,sr<=70%,kvB<=16k,kp<=4k,0.3587,2
512,n<=4,sr<=70%,kvB<=16k,kp<=512,0.2436,2
512,n<=4,sr<=70%,kvB<=16k,kp<=64k,0.0233,2
512,n<=4,sr<=70%,kvB<=16k,kp<=8k,0.3302,2
512,n<=4,sr<=70%,kvB<=16k,kp=0,0.1164,2
512,n<=4,sr<=70%,kvB<=1k,kp<=16k,0.0122,2
512,n<=4,sr<=70%,kvB<=1k,kp<=1k,0.0471,2
512,n<=4,sr<=70%,kvB<=1k,kp<=2k,0.1595,2
512,n<=4,sr<=70%,kvB<=1k,kp<=32k,0.252,2
512,n<=4,sr<=70%,kvB<=1k,kp<=4k,-0.01,2
512,n<=4,sr<=70%,kvB<=1k,kp<=512,0.1196,2
512,n<=4,sr<=70%,kvB<=1k,kp<=64k,-0.8692,1
512,n<=4,sr<=70%,kvB<=1k,kp<=8k,-0.0345,2
512,n<=4,sr<=70%,kvB<=1k,kp=0,0.3793,2
512,n<=4,sr<=70%,kvB<=4k,kp<=16k,-0.0568,2
512,n<=4,sr<=70%,kvB<=4k,kp<=1k,0.3553,2
512,n<=4,sr<=70%,kvB<=4k,kp<=2k,0.2303,2
512,n<=4,sr<=70%,kvB<=4k,kp<=32k,0.0526,2
512,n<=4,sr<=70%,kvB<=4k,kp<=4k,-0.0025,2
512,n<=4,sr<=70%,kvB<=4k,kp<=512,0.4395,2
512,n<=4,sr<=70%,kvB<=4k,kp<=64k,0.261,2
512,n<=4,sr<=70%,kvB<=4k,kp<=8k,-0.051,2
512,n<=4,sr<=70%,kvB<=4k,kp=0,0.3717,2
512,n<=4,sr<=70%,kvB<=64k,kp<=16k,0.3473,2
512,n<=4,sr<=70%,kvB<=64k,kp<=1k,0.0772,2
512,n<=4,sr<=70%,kvB<=64k,kp<=2k,0.1563,2
512,n<=4,sr<=70%,kvB<=64k,kp<=32k,0.3118,2
512,n<=4,sr<=70%,kvB<=64k,kp<=4k,0.2611,2
512,n<=4,sr<=70%,kvB<=64k,kp<=512,0.0437,2
512,n<=4,sr<=70%,kvB<=64k,kp<=64k,0.0435,2
512,n<=4,sr<=70%,kvB<=64k,kp<=8k,0.4241,2
512,n<=4,sr<=70%,kvB<=64k,kp=0,-0.018,2
512,n<=4,sr>70%,kvB<=16k,kp<=16k,-0.3928,2
512,n<=4,sr>70%,kvB<=16k,kp<=1k,0.6383,2
512,n<=4,sr>70%,kvB<=16k,kp<=2k,0.5473,2
512,n<=4,sr>70%,kvB<=16k,kp<=32k,0.7665,2
512,n<=4,sr>70%,kvB<=16k,kp<=4k,0.2816,2
512,n<=4,sr>70%,kvB<=16k,kp<=512,0.7147,2
512,n<=4,sr>70%,kvB<=16k,kp<=64k,0.5779,2
512,n<=4,sr>70%,kvB<=16k,kp<=8k,-0.0532,2
512,n<=4,sr>70%,kvB<=16k,kp=0,0.8078,2
512,n<=4,sr>70%,kvB<=1k,kp<=16k,-0.4571,2
512,n<=4,sr>70%,kvB<=1k,kp<=1k,-0.0206,2
512,n<=4,sr>70%,kvB<=1k,kp<=2k,0.2357,2
512,n<=4,sr>70%,kvB<=1k,kp<=32k,-2.7593,2
512,n<=4,sr>70%,kvB<=1k,kp<=4k,0.436,2
512,n<=4,sr>70%,kvB<=1k,kp<=512,0.2815,2
512,n<=4,sr>70%,kvB<=1k,kp<=64k,-4.4916,1
512,n<=4,sr>70%,kvB<=1k,kp<=8k,0.1315,2
512,n<=4,sr>70%,kvB<=1k,kp=0,0.5044,2
512,n<=4,sr>70%,kvB<=4k,kp<=16k,0.5713,2
512,n<=4,sr>70%,kvB<=4k,kp<=1k,0.2482,2
512,n<=4,sr>70%,kvB<=4k,kp<=2k,0.1315,2
512,n<=4,sr>70%,kvB<=4k,kp<=32k,0.4035,2
512,n<=4,sr>70%,kvB<=4k,kp<=4k,-0.483,2
512,n<=4,sr>70%,kvB<=4k,kp<=512,0.4257,2
512,n<=4,sr>70%,kvB<=4k,kp<=64k,-0.0684,2
512,n<=4,sr>70%,kvB<=4k,kp<=8k,0.5835,2
512,n<=4,sr>70%,kvB<=4k,kp=0,0.5423,2
512,n<=4,sr>70%,kvB<=64k,kp<=16k,0.2,2
512,n<=4,sr>70%,kvB<=64k,kp<=1k,0.8757,2
512,n<=4,sr>70%,kvB<=64k,kp<=2k,0.8074,2
512,n<=4,sr>70%,kvB<=64k,kp<=32k,-0.0649,2
512,n<=4,sr>70%,kvB<=64k,kp<=4k,0.6753,2
512,n<=4,sr>70%,kvB<=64k,kp<=512,0.9291,2
512,n<=4,sr>70%,kvB<=64k,kp<=64k,-0.416,2
512,n<=4,sr>70%,kvB<=64k,kp<=8k,0.5506,2
512,n<=4,sr>70%,kvB<=64k,kp=0,0.896,2
512,n<=64,sr<=15%,kvB<=16k,kp<=16k,0.0176,4
512,n<=64,sr<=15%,kvB<=16k,kp<=1k,0.0418,4
512,n<=64,sr<=15%,kvB<=16k,kp<=2k,0.0218,4
512,n<=64,sr<=15%,kvB<=16k,kp<=32k,0.0239,4
512,n<=64,sr<=15%,kvB<=16k,kp<=4k,0.0278,4
512,n<=64,sr<=15%,kvB<=16k,kp<=512,0.04,4
512,n<=64,sr<=15%,kvB<=16k,kp<=64k,0.0368,4
512,n<=64,sr<=15%,kvB<=16k,kp<=8k,0.0127,4
512,n<=64,sr<=15%,kvB<=16k,kp=0,0.0413,4
512,n<=64,sr<=15%,kvB<=1k,kp<=16k,0.0964,4
512,n<=64,sr<=15%,kvB<=1k,kp<=1k,0.0725,4
512,n<=64,sr<=15%,kvB<=1k,kp<=2k,0.0729,4
512,n<=64,sr<=15%,kvB<=1k,kp<=32k,0.0734,4
512,n<=64,sr<=15%,kvB<=1k,kp<=4k,0.0704,4
512,n<=64,sr<=15%,kvB<=1k,kp<=512,0.0761,4
512,n<=64,sr<=15%,kvB<=1k,kp<=64k,0.0764,4
512,n<=64,sr<=15%,kvB<=1k,kp<=8k,0.0721,4
512,n<=64,sr<=15%,kvB<=1k,kp=0,0.0977,4
512,n<=64,sr<=15%,kvB<=4k,kp<=16k,0.0173,4
512,n<=64,sr<=15%,kvB<=4k,kp<=1k,0.037,4
512,n<=64,sr<=15%,kvB<=4k,kp<=2k,0.0323,4
512,n<=64,sr<=15%,kvB<=4k,kp<=32k,0.0244,4
512,n<=64,sr<=15%,kvB<=4k,kp<=4k,0.0102,4
512,n<=64,sr<=15%,kvB<=4k,kp<=512,0.0393,4
512,n<=64,sr<=15%,kvB<=4k,kp<=64k,0.0292,4
512,n<=64,sr<=15%,kvB<=4k,kp<=8k,0.0106,4
512,n<=64,sr<=15%,kvB<=4k,kp=0,0.0386,4
512,n<=64,sr<=15%,kvB<=64k,kp<=16k,-0.0027,4
512,n<=64,sr<=15%,kvB<=64k,kp<=1k,0.1587,4
512,n<=64,sr<=15%,kvB<=64k,kp<=2k,0.1399,4
512,n<=64,sr<=15%,kvB<=64k,kp<=32k,0.0095,4
512,n<=64,sr<=15%,kvB<=64k,kp<=4k,0.0232,4
512,n<=64,sr<=15%,kvB<=64k,kp<=512,0.1506,4
512,n<=64,sr<=15%,kvB<=64k,kp<=64k,0.0294,4
512,n<=64,sr<=15%,kvB<=64k,kp<=8k,0.0153,4
512,n<=64,sr<=15%,kvB<=64k,kp=0,0.22,4
512,n<=64,sr<=40%,kvB<=16k,kp<=16k,0.3931,2
512,n<=64,sr<=40%,kvB<=16k,kp<=1k,0.2216,2
512,n<=64,sr<=40%,kvB<=16k,kp<=2k,0.3052,2
512,n<=64,sr<=40%,kvB<=16k,kp<=32k,0.1747,2
512,n<=64,sr<=40%,kvB<=16k,kp<=4k,0.1136,2
512,n<=64,sr<=40%,kvB<=16k,kp<=512,0.2242,2
512,n<=64,sr<=40%,kvB<=16k,kp<=64k,0.1572,2
512,n<=64,sr<=40%,kvB<=16k,kp<=8k,0.1313,2
512,n<=64,sr<=40%,kvB<=16k,kp=0,0.2236,2
512,n<=64,sr<=40%,kvB<=1k,kp<=16k,0.1331,2
512,n<=64,sr<=40%,kvB<=1k,kp<=1k,0.1016,2
512,n<=64,sr<=40%,kvB<=1k,kp<=2k,0.1124,2
512,n<=64,sr<=40%,kvB<=1k,kp<=32k,0.1383,2
512,n<=64,sr<=40%,kvB<=1k,kp<=4k,0.1145,2
512,n<=64,sr<=40%,kvB<=1k,kp<=512,0.1204,2
512,n<=64,sr<=40%,kvB<=1k,kp<=64k,0.1185,2
512,n<=64,sr<=40%,kvB<=1k,kp<=8k,0.1079,2
512,n<=64,sr<=40%,kvB<=1k,kp=0,0.1243,2
512,n<=64,sr<=40%,kvB<=4k,kp<=16k,-0.0015,2
512,n<=64,sr<=40%,kvB<=4k,kp<=1k,0.0186,2
512,n<=64,sr<=40%,kvB<=4k,kp<=2k,0.0154,2
512,n<=64,sr<=40%,kvB<=4k,kp<=32k,0.0055,2
512,n<=64,sr<=40%,kvB<=4k,kp<=4k,-0.0038,2
512,n<=64,sr<=40%,kvB<=4k,kp<=512,0.02,2
512,n<=64,sr<=40%,kvB<=4k,kp<=64k,0.0068,2
512,n<=64,sr<=40%,kvB<=4k,kp<=8k,-0.0066,2
512,n<=64,sr<=40%,kvB<=4k,kp=0,0.022,2
512,n<=64,sr<=40%,kvB<=64k,kp<=16k,0.1076,2
512,n<=64,sr<=40%,kvB<=64k,kp<=1k,0.4961,2
512,n<=64,sr<=40%,kvB<=64k,kp<=2k,0.3111,2
512,n<=64,sr<=40%,kvB<=64k,kp<=32k,0.2457,2
512,n<=64,sr<=40%,kvB<=64k,kp<=4k,0.0407,2
512,n<=64,sr<=40%,kvB<=64k,kp<=512,0.5029,2
512,n<=64,sr<=40%,kvB<=64k,kp<=64k,0.0362,2
512,n<=64,sr<=40%,kvB<=64k,kp<=8k,0.0218,2
512,n<=64,sr<=40%,kvB<=64k,kp=0,0.5804,2
512,n<=64,sr<=5%,kvB<=16k,kp<=16k,-0.011,6
512,n<=64,sr<=5%,kvB<=16k,kp<=1k,0.0184,6
512,n<=64,sr<=5%,kvB<=16k,kp<=2k,0.0269,6
512,n<=64,sr<=5%,kvB<=16k,kp<=32k,0.0023,6
512,n<=64,sr<=5%,kvB<=16k,kp<=4k,0.0099,6
512,n<=64,sr<=5%,kvB<=16k,kp<=512,0.0245,6
512,n<=64,sr<=5%,kvB<=16k,kp<=64k,0.0052,6
512,n<=64,sr<=5%,kvB<=16k,kp<=8k,0.0085,6
512,n<=64,sr<=5%,kvB<=16k,kp=0,0.0316,6
512,n<=64,sr<=5%,kvB<=1k,kp<=16k,0.0318,6
512,n<=64,sr<=5%,kvB<=1k,kp<=1k,0.0213,6
512,n<=64,sr<=5%,kvB<=1k,kp<=2k,0.0214,6
512,n<=64,sr<=5%,kvB<=1k,kp<=32k,0.0139,6
512,n<=64,sr<=5%,kvB<=1k,kp<=4k,0.0223,6
512,n<=64,sr<=5%,kvB<=1k,kp<=512,0.0267,6
512,n<=64,sr<=5%,kvB<=1k,kp<=64k,0.006,6
512,n<=64,sr<=5%,kvB<=1k,kp<=8k,0.0223,6
512,n<=64,sr<=5%,kvB<=1k,kp=0,0.0474,6
512,n<=64,sr<=5%,kvB<=4k,kp<=16k,0.0161,6
512,n<=64,sr<=5%,kvB<=4k,kp<=1k,0.0411,6
512,n<=64,sr<=5%,kvB<=4k,kp<=2k,0.0338,6
512,n<=64,sr<=5%,kvB<=4k,kp<=32k,0.0164,6
512,n<=64,sr<=5%,kvB<=4k,kp<=4k,0.0129,6
512,n<=64,sr<=5%,kvB<=4k,kp<=512,0.0419,6
512,n<=64,sr<=5%,kvB<=4k,kp<=64k,0.011,6
512,n<=64,sr<=5%,kvB<=4k,kp<=8k,0.0129,6
512,n<=64,sr<=5%,kvB<=4k,kp=0,0.0426,6
512,n<=64,sr<=5%,kvB<=64k,kp<=16k,-0.0001,6
512,n<=64,sr<=5%,kvB<=64k,kp<=1k,0.0726,6
512,n<=64,sr<=5%,kvB<=64k,kp<=2k,0.0857,6
512,n<=64,sr<=5%,kvB<=64k,kp<=32k,0.0116,6
512,n<=64,sr<=5%,kvB<=64k,kp<=4k,0.0269,6
512,n<=64,sr<=5%,kvB<=64k,kp<=512,0.0675,6
512,n<=64,sr<=5%,kvB<=64k,kp<=64k,-0.0205,6
512,n<=64,sr<=5%,kvB<=64k,kp<=8k,0.0139,6
512,n<=64,sr<=5%,kvB<=64k,kp=0,0.0663,6
512,n<=64,sr<=70%,kvB<=16k,kp<=16k,0.801,2
512,n<=64,sr<=70%,kvB<=16k,kp<=1k,1.4511,2
512,n<=64,sr<=70%,kvB<=16k,kp<=2k,0.8473,2
512,n<=64,sr<=70%,kvB<=16k,kp<=32k,0.549,2
512,n<=64,sr<=70%,kvB<=16k,kp<=4k,0.1905,2
512,n<=64,sr<=70%,kvB<=16k,kp<=512,1.5494,2
512,n<=64,sr<=70%,kvB<=16k,kp<=64k,0.1174,2
512,n<=64,sr<=70%,kvB<=16k,kp<=8k,0.4341,2
512,n<=64,sr<=70%,kvB<=16k,kp=0,1.5386,2
512,n<=64,sr<=70%,kvB<=1k,kp<=16k,0.0788,2
512,n<=64,sr<=70%,kvB<=1k,kp<=1k,0.043,2
512,n<=64,sr<=70%,kvB<=1k,kp<=2k,0.0565,2
512,n<=64,sr<=70%,kvB<=1k,kp<=32k,0.0249,2
512,n<=64,sr<=70%,kvB<=1k,kp<=4k,0.0463,2
512,n<=64,sr<=70%,kvB<=1k,kp<=512,0.0559,2
512,n<=64,sr<=70%,kvB<=1k,kp<=64k,0.0771,2
512,n<=64,sr<=70%,kvB<=1k,kp<=8k,0.061,2
512,n<=64,sr<=70%,kvB<=1k,kp=0,0.0676,2
512,n<=64,sr<=70%,kvB<=4k,kp<=16k,-0.0019,2
512,n<=64,sr<=70%,kvB<=4k,kp<=1k,0.0137,2
512,n<=64,sr<=70%,kvB<=4k,kp<=2k,0.002,2
512,n<=64,sr<=70%,kvB<=4k,kp<=32k,-0.0038,2
512,n<=64,sr<=70%,kvB<=4k,kp<=4k,-0.0041,2
512,n<=64,sr<=70%,kvB<=4k,kp<=512,0.0129,2
512,n<=64,sr<=70%,kvB<=4k,kp<=64k,0.0051,2
512,n<=64,sr<=70%,kvB<=4k,kp<=8k,-0.0325,2
512,n<=64,sr<=70%,kvB<=4k,kp=0,0.0104,2
512,n<=64,sr<=70%,kvB<=64k,kp<=16k,0.0425,2
512,n<=64,sr<=70%,kvB<=64k,kp<=1k,1.0921,2
512,n<=64,sr<=70%,kvB<=64k,kp<=2k,0.7226,2
512,n<=64,sr<=70%,kvB<=64k,kp<=32k,0.0479,2
512,n<=64,sr<=70%,kvB<=64k,kp<=4k,0.1064,2
512,n<=64,sr<=70%,kvB<=64k,kp<=512,1.286,2
512,n<=64,sr<=70%,kvB<=64k,kp<=64k,0.193,2
512,n<=64,sr<=70%,kvB<=64k,kp<=8k,0.0601,2
512,n<=64,sr<=70%,kvB<=64k,kp=0,0.9592,2
512,n<=64,sr>70%,kvB<=16k,kp<=16k,2.5379,4
512,n<=64,sr>70%,kvB<=16k,kp<=1k,4.4559,4
512,n<=64,sr>70%,kvB<=16k,kp<=2k,2.065,4
512,n<=64,sr>70%,kvB<=16k,kp<=32k,0.9885,4
512,n<=64,sr>70%,kvB<=16k,kp<=4k,0.4309,4
512,n<=64,sr>70%,kvB<=16k,kp<=512,4.7937,4
512,n<=64,sr>70%,kvB<=16k,kp<=64k,0.5213,3
512,n<=64,sr>70%,kvB<=16k,kp<=8k,0.191,4
512,n<=64,sr>70%,kvB<=16k,kp=0,4.8122,4
512,n<=64,sr>70%,kvB<=1k,kp<=16k,0.3502,4
512,n<=64,sr>70%,kvB<=1k,kp<=1k,0.2769,4
512,n<=64,sr>70%,kvB<=1k,kp<=2k,0.2634,4
512,n<=64,sr>70%,kvB<=1k,kp<=32k,0.3142,4
512,n<=64,sr>70%,kvB<=1k,kp<=4k,0.2789,4
512,n<=64,sr>70%,kvB<=1k,kp<=512,0.282,4
512,n<=64,sr>70%,kvB<=1k,kp<=64k,0.3084,4
512,n<=64,sr>70%,kvB<=1k,kp<=8k,0.3052,4
512,n<=64,sr>70%,kvB<=1k,kp=0,0.2934,4
512,n<=64,sr>70%,kvB<=4k,kp<=16k,-0.0236,4
512,n<=64,sr>70%,kvB<=4k,kp<=1k,0.0865,4
512,n<=64,sr>70%,kvB<=4k,kp<=2k,0.2164,4
512,n<=64,sr>70%,kvB<=4k,kp<=32k,-0.0855,4
512,n<=64,sr>70%,kvB<=4k,kp<=4k,-0.2173,4
512,n<=64,sr>70%,kvB<=4k,kp<=512,-0.0413,4
512,n<=64,sr>70%,kvB<=4k,kp<=64k,0.0138,4
512,n<=64,sr>70%,kvB<=4k,kp<=8k,-0.1004,4
512,n<=64,sr>70%,kvB<=4k,kp=0,-0.1405,4
512,n<=64,sr>70%,kvB<=64k,kp<=16k,0.1492,4
512,n<=64,sr>70%,kvB<=64k,kp<=1k,2.2394,4
512,n<=64,sr>70%,kvB<=64k,kp<=2k,1.8409,4
512,n<=64,sr>70%,kvB<=64k,kp<=32k,0.4269,4
512,n<=64,sr>70%,kvB<=64k,kp<=4k,0.3868,3
512,n<=64,sr>70%,kvB<=64k,kp<=512,3.137,4
512,n<=64,sr>70%,kvB<=64k,kp<=64k,0.2081,3
512,n<=64,sr>70%,kvB<=64k,kp<=8k,0.1534,4
512,n<=64,sr>70%,kvB<=64k,kp=0,2.7732,4
512,n<=8,sr<=15%,kvB<=16k,kp<=16k,-0.0206,2
512,n<=8,sr<=15%,kvB<=16k,kp<=1k,0.2758,2
512,n<=8,sr<=15%,kvB<=16k,kp<=2k,0.2644,2
512,n<=8,sr<=15%,kvB<=16k,kp<=32k,0.0318,2
512,n<=8,sr<=15%,kvB<=16k,kp<=4k,0.273,2
512,n<=8,sr<=15%,kvB<=16k,kp<=512,0.2848,2
512,n<=8,sr<=15%,kvB<=16k,kp<=64k,0.0112,2
512,n<=8,sr<=15%,kvB<=16k,kp<=8k,0.1749,2
512,n<=8,sr<=15%,kvB<=16k,kp=0,0.3012,2
512,n<=8,sr<=15%,kvB<=1k,kp<=16k,0.1672,2
512,n<=8,sr<=15%,kvB<=1k,kp<=1k,0.0969,2
512,n<=8,sr<=15%,kvB<=1k,kp<=2k,0.1256,2
512,n<=8,sr<=15%,kvB<=1k,kp<=32k,-0.0229,2
512,n<=8,sr<=15%,kvB<=1k,kp<=4k,0.1342,2
512,n<=8,sr<=15%,kvB<=1k,kp<=512,0.133,2
512,n<=8,sr<=15%,kvB<=1k,kp<=64k,0.1921,2
512,n<=8,sr<=15%,kvB<=1k,kp<=8k,0.0778,2
512,n<=8,sr<=15%,kvB<=1k,kp=0,0.2829,2
512,n<=8,sr<=15%,kvB<=4k,kp<=16k,0.0055,2
512,n<=8,sr<=15%,kvB<=4k,kp<=1k,0.2218,2
512,n<=8,sr<=15%,kvB<=4k,kp<=2k,0.157,2
512,n<=8,sr<=15%,kvB<=4k,kp<=32k,0.0251,2
512,n<=8,sr<=15%,kvB<=4k,kp<=4k,-0.0067,2
512,n<=8,sr<=15%,kvB<=4k,kp<=512,0.2585,2
512,n<=8,sr<=15%,kvB<=4k,kp<=64k,-0.0392,2
512,n<=8,sr<=15%,kvB<=4k,kp<=8k,0.0203,2
512,n<=8,sr<=15%,kvB<=4k,kp=0,0.2789,2
512,n<=8,sr<=15%,kvB<=64k,kp<=16k,0.2767,2
512,n<=8,sr<=15%,kvB<=64k,kp<=1k,0.316,2
512,n<=8,sr<=15%,kvB<=64k,kp<=2k,0.2987,2
512,n<=8,sr<=15%,kvB<=64k,kp<=32k,0.1739,2
512,n<=8,sr<=15%,kvB<=64k,kp<=4k,0.2699,2
512,n<=8,sr<=15%,kvB<=64k,kp<=512,0.3191,2
512,n<=8,sr<=15%,kvB<=64k,kp<=64k,-0.0339,2
512,n<=8,sr<=15%,kvB<=64k,kp<=8k,0.2207,2
512,n<=8,sr<=15%,kvB<=64k,kp=0,0.3306,2
512,n<=8,sr<=40%,kvB<=16k,kp<=16k,0.0481,4
512,n<=8,sr<=40%,kvB<=16k,kp<=1k,0.2625,4
512,n<=8,sr<=40%,kvB<=16k,kp<=2k,0.2406,4
512,n<=8,sr<=40%,kvB<=16k,kp<=32k,-0.0001,4
512,n<=8,sr<=40%,kvB<=16k,kp<=4k,0.2353,4
512,n<=8,sr<=40%,kvB<=16k,kp<=512,0.2901,4
512,n<=8,sr<=40%,kvB<=16k,kp<=64k,0.026,4
512,n<=8,sr<=40%,kvB<=16k,kp<=8k,0.208,4
512,n<=8,sr<=40%,kvB<=16k,kp=0,0.3097,4
512,n<=8,sr<=40%,kvB<=1k,kp<=16k,0.0832,4
512,n<=8,sr<=40%,kvB<=1k,kp<=1k,0.0953,4
512,n<=8,sr<=40%,kvB<=1k,kp<=2k,0.1204,4
512,n<=8,sr<=40%,kvB<=1k,kp<=32k,0.1483,4
512,n<=8,sr<=40%,kvB<=1k,kp<=4k,0.082,4
512,n<=8,sr<=40%,kvB<=1k,kp<=512,0.1375,4
512,n<=8,sr<=40%,kvB<=1k,kp<=64k,0.2784,4
512,n<=8,sr<=40%,kvB<=1k,kp<=8k,0.1021,4
512,n<=8,sr<=40%,kvB<=1k,kp=0,0.2855,4
512,n<=8,sr<=40%,kvB<=4k,kp<=16k,0.0072,4
512,n<=8,sr<=40%,kvB<=4k,kp<=1k,0.2413,4
512,n<=8,sr<=40%,kvB<=4k,kp<=2k,0.1817,4
512,n<=8,sr<=40%,kvB<=4k,kp<=32k,0.0125,4
512,n<=8,sr<=40%,kvB<=4k,kp<=4k,0.0376,4
512,n<=8,sr<=40%,kvB<=4k,kp<=512,0.2478,4
512,n<=8,sr<=40%,kvB<=4k,kp<=64k,0.0362,4
512,n<=8,sr<=40%,kvB<=4k,kp<=8k,-0.0042,4
512,n<=8,sr<=40%,kvB<=4k,kp=0,0.2577,4
512,n<=8,sr<=40%,kvB<=64k,kp<=16k,0.2186,4
512,n<=8,sr<=40%,kvB<=64k,kp<=1k,0.2996,4
512,n<=8,sr<=40%,kvB<=64k,kp<=2k,0.3141,4
512,n<=8,sr<=40%,kvB<=64k,kp<=32k,0.2105,4
512,n<=8,sr<=40%,kvB<=64k,kp<=4k,0.2795,4
512,n<=8,sr<=40%,kvB<=64k,kp<=512,0.2887,4
512,n<=8,sr<=40%,kvB<=64k,kp<=64k,0.0675,4
512,n<=8,sr<=40%,kvB<=64k,kp<=8k,0.2142,4
512,n<=8,sr<=40%,kvB<=64k,kp=0,0.2734,4
512,n<=8,sr<=70%,kvB<=16k,kp<=16k,0.0024,2
512,n<=8,sr<=70%,kvB<=16k,kp<=1k,0.2445,2
512,n<=8,sr<=70%,kvB<=16k,kp<=2k,0.2152,2
512,n<=8,sr<=70%,kvB<=16k,kp<=32k,-0.1961,2
512,n<=8,sr<=70%,kvB<=16k,kp<=4k,0.2237,2
512,n<=8,sr<=70%,kvB<=16k,kp<=512,0.2624,2
512,n<=8,sr<=70%,kvB<=16k,kp<=64k,-0.02,2
512,n<=8,sr<=70%,kvB<=16k,kp<=8k,0.2535,2
512,n<=8,sr<=70%,kvB<=16k,kp=0,0.2992,2
512,n<=8,sr<=70%,kvB<=1k,kp<=16k,-0.11,2
512,n<=8,sr<=70%,kvB<=1k,kp<=1k,0.0214,2
512,n<=8,sr<=70%,kvB<=1k,kp<=2k,0.046,2
512,n<=8,sr<=70%,kvB<=1k,kp<=32k,-0.0099,2
512,n<=8,sr<=70%,kvB<=1k,kp<=4k,0.072,2
512,n<=8,sr<=70%,kvB<=1k,kp<=512,0.1316,2
512,n<=8,sr<=70%,kvB<=1k,kp<=64k,-0.1939,2
512,n<=8,sr<=70%,kvB<=1k,kp<=8k,0.0509,2
512,n<=8,sr<=70%,kvB<=1k,kp=0,0.2413,2
512,n<=8,sr<=70%,kvB<=4k,kp<=16k,-0.0331,2
512,n<=8,sr<=70%,kvB<=4k,kp<=1k,0.2418,2
512,n<=8,sr<=70%,kvB<=4k,kp<=2k,0.2056,2
512,n<=8,sr<=70%,kvB<=4k,kp<=32k,-0.0937,2
512,n<=8,sr<=70%,kvB<=4k,kp<=4k,0.0124,2
512,n<=8,sr<=70%,kvB<=4k,kp<=512,0.2264,2
512,n<=8,sr<=70%,kvB<=4k,kp<=64k,0.0668,2
512,n<=8,sr<=70%,kvB<=4k,kp<=8k,-0.109,2
512,n<=8,sr<=70%,kvB<=4k,kp=0,0.2451,2
512,n<=8,sr<=70%,kvB<=64k,kp<=16k,0.1694,2
512,n<=8,sr<=70%,kvB<=64k,kp<=1k,0.3051,2
512,n<=8,sr<=70%,kvB<=64k,kp<=2k,0.2797,2
512,n<=8,sr<=70%,kvB<=64k,kp<=32k,0.2335,2
512,n<=8,sr<=70%,kvB<=64k,kp<=4k,0.2973,2
512,n<=8,sr<=70%,kvB<=64k,kp<=512,0.3181,2
512,n<=8,sr<=70%,kvB<=64k,kp<=64k,0.031,2
512,n<=8,sr<=70%,kvB<=64k,kp<=8k,0.1718,2
512,n<=8,sr<=70%,kvB<=64k,kp=0,0.3374,2
512,n<=8,sr>70%,kvB<=16k,kp<=16k,-0.0095,4
512,n<=8,sr>70%,kvB<=16k,kp<=1k,0.4936,4
512,n<=8,sr>70%,kvB<=16k,kp<=2k,0.3058,4
512,n<=8,sr>70%,kvB<=16k,kp<=32k,0.3902,4
512,n<=8,sr>70%,kvB<=16k,kp<=4k,0.1933,4
512,n<=8,sr>70%,kvB<=16k,kp<=512,0.6394,4
512,n<=8,sr>70%,kvB<=16k,kp<=64k,-0.0083,4
512,n<=8,sr>70%,kvB<=16k,kp<=8k,0.3533,4
512,n<=8,sr>70%,kvB<=16k,kp=0,0.7782,4
512,n<=8,sr>70%,kvB<=1k,kp<=16k,0.0571,4
512,n<=8,sr>70%,kvB<=1k,kp<=1k,0.174,4
512,n<=8,sr>70%,kvB<=1k,kp<=2k,0.3159,4
512,n<=8,sr>70%,kvB<=1k,kp<=32k,0.4989,4
512,n<=8,sr>70%,kvB<=1k,kp<=4k,0.133,4
512,n<=8,sr>70%,kvB<=1k,kp<=512,0.3085,4
512,n<=8,sr>70%,kvB<=1k,kp<=64k,-0.2356,4
512,n<=8,sr>70%,kvB<=1k,kp<=8k,0.257,4
512,n<=8,sr>70%,kvB<=1k,kp=0,0.4048,4
512,n<=8,sr>70%,kvB<=4k,kp<=16k,-0.0231,4
512,n<=8,sr>70%,kvB<=4k,kp<=1k,0.19,4
512,n<=8,sr>70%,kvB<=4k,kp<=2k,0.2434,4
512,n<=8,sr>70%,kvB<=4k,kp<=32k,-0.0059,4
512,n<=8,sr>70%,kvB<=4k,kp<=4k,-0.0915,4
512,n<=8,sr>70%,kvB<=4k,kp<=512,0.1964,4
512,n<=8,sr>70%,kvB<=4k,kp<=64k,-0.0865,4
512,n<=8,sr>70%,kvB<=4k,kp<=8k,0.3487,4
512,n<=8,sr>70%,kvB<=4k,kp=0,0.4115,4
512,n<=8,sr>70%,kvB<=64k,kp<=16k,0.0976,4
512,n<=8,sr>70%,kvB<=64k,kp<=1k,0.8905,4
512,n<=8,sr>70%,kvB<=64k,kp<=2k,0.8553,4
512,n<=8,sr>70%,kvB<=64k,kp<=32k,0.4038,4
512,n<=8,sr>70%,kvB<=64k,kp<=4k,0.8078,4
512,n<=8,sr>70%,kvB<=64k,kp<=512,0.9094,4
512,n<=8,sr>70%,kvB<=64k,kp<=64k,-0.0118,4
512,n<=8,sr>70%,kvB<=64k,kp<=8k,0.2638,4
512,n<=8,sr>70%,kvB<=64k,kp=0,0.9434,4
1024,n<=128,sr<=15%,kvB<=16k,kp<=16k,-0.0026,4
1024,n<=128,sr<=15%,kvB<=16k,kp<=1k,0.0696,4
1024,n<=128,sr<=15%,kvB<=16k,kp<=2k,0.0157,4
1024,n<=128,sr<=15%,kvB<=16k,kp<=32k,-0.0029,4
1024,n<=128,sr<=15%,kvB<=16k,kp<=4k,0.0168,4
1024,n<=128,sr<=15%,kvB<=16k,kp<=512,0.0983,4
1024,n<=128,sr<=15%,kvB<=16k,kp<=64k,-0.0022,4
1024,n<=128,sr<=15%,kvB<=16k,kp<=8k,0.0023,4
1024,n<=128,sr<=15%,kvB<=16k,kp=0,0.1053,4
1024,n<=128,sr<=15%,kvB<=1k,kp<=16k,0.0676,4
1024,n<=128,sr<=15%,kvB<=1k,kp<=1k,0.0658,4
1024,n<=128,sr<=15%,kvB<=1k,kp<=2k,0.0701,4
1024,n<=128,sr<=15%,kvB<=1k,kp<=32k,0.0743,4
1024,n<=128,sr<=15%,kvB<=1k,kp<=4k,0.0764,4
1024,n<=128,sr<=15%,kvB<=1k,kp<=512,0.0672,4
1024,n<=128,sr<=15%,kvB<=1k,kp<=64k,0.0632,4
1024,n<=128,sr<=15%,kvB<=1k,kp<=8k,0.0777,4
1024,n<=128,sr<=15%,kvB<=1k,kp=0,0.0672,4
1024,n<=128,sr<=15%,kvB<=4k,kp<=16k,0.0034,4
1024,n<=128,sr<=15%,kvB<=4k,kp<=1k,0.0073,4
1024,n<=128,sr<=15%,kvB<=4k,kp<=2k,0.0049,4
1024,n<=128,sr<=15%,kvB<=4k,kp<=32k,0.004,4
1024,n<=128,sr<=15%,kvB<=4k,kp<=4k,0.0036,4
1024,n<=128,sr<=15%,kvB<=4k,kp<=512,0.0083,4
1024,n<=128,sr<=15%,kvB<=4k,kp<=64k,0.0128,4
1024,n<=128,sr<=15%,kvB<=4k,kp<=8k,0.001,4
1024,n<=128,sr<=15%,kvB<=4k,kp=0,0.0094,4
1024,n<=128,sr<=15%,kvB<=64k,kp<=16k,0.0043,4
1024,n<=128,sr<=15%,kvB<=64k,kp<=1k,0.016,4
1024,n<=128,sr<=15%,kvB<=64k,kp<=2k,0.011,4
1024,n<=128,sr<=15%,kvB<=64k,kp<=32k,0.0049,4
1024,n<=128,sr<=15%,kvB<=64k,kp<=4k,0.0034,4
1024,n<=128,sr<=15%,kvB<=64k,kp<=512,0.02,4
1024,n<=128,sr<=15%,kvB<=64k,kp<=64k,-0.004,4
1024,n<=128,sr<=15%,kvB<=64k,kp<=8k,0.0037,4
1024,n<=128,sr<=15%,kvB<=64k,kp=0,0.0255,4
1024,n<=128,sr<=40%,kvB<=16k,kp<=16k,0.001,2
1024,n<=128,sr<=40%,kvB<=16k,kp<=1k,0.0889,2
1024,n<=128,sr<=40%,kvB<=16k,kp<=2k,0.0198,2
1024,n<=128,sr<=40%,kvB<=16k,kp<=32k,-0.0189,2
1024,n<=128,sr<=40%,kvB<=16k,kp<=4k,0.0321,2
1024,n<=128,sr<=40%,kvB<=16k,kp<=512,0.1743,2
1024,n<=128,sr<=40%,kvB<=16k,kp<=64k,-0.0032,2
1024,n<=128,sr<=40%,kvB<=16k,kp<=8k,0.1226,2
1024,n<=128,sr<=40%,kvB<=16k,kp=0,0.1882,2
1024,n<=128,sr<=40%,kvB<=1k,kp<=16k,0.1294,2
1024,n<=128,sr<=40%,kvB<=1k,kp<=1k,0.1114,2
1024,n<=128,sr<=40%,kvB<=1k,kp<=2k,0.1062,2
1024,n<=128,sr<=40%,kvB<=1k,kp<=32k,0.1401,2
1024,n<=128,sr<=40%,kvB<=1k,kp<=4k,0.1144,2
1024,n<=128,sr<=40%,kvB<=1k,kp<=512,0.1009,2
1024,n<=128,sr<=40%,kvB<=1k,kp<=64k,0.1037,2
1024,n<=128,sr<=40%,kvB<=1k,kp<=8k,0.118,2
1024,n<=128,sr<=40%,kvB<=1k,kp=0,0.098,2
1024,n<=128,sr<=40%,kvB<=4k,kp<=16k,-0.0044,2
1024,n<=128,sr<=40%,kvB<=4k,kp<=1k,-0.0044,2
1024,n<=128,sr<=40%,kvB<=4k,kp<=2k,-0.0038,2
1024,n<=128,sr<=40%,kvB<=4k,kp<=32k,-0.0074,2
1024,n<=128,sr<=40%,kvB<=4k,kp<=4k,-0.0054,2
1024,n<=128,sr<=40%,kvB<=4k,kp<=512,-0.0041,2
1024,n<=128,sr<=40%,kvB<=4k,kp<=64k,-0.0056,2
1024,n<=128,sr<=40%,kvB<=4k,kp<=8k,-0.0094,2
1024,n<=128,sr<=40%,kvB<=4k,kp=0,-0.0066,2
1024,n<=128,sr<=40%,kvB<=64k,kp<=16k,-0.0005,2
1024,n<=128,sr<=40%,kvB<=64k,kp<=1k,0.0087,2
1024,n<=128,sr<=40%,kvB<=64k,kp<=2k,0.0043,2
1024,n<=128,sr<=40%,kvB<=64k,kp<=32k,-0.0028,2
1024,n<=128,sr<=40%,kvB<=64k,kp<=4k,-0.0017,2
1024,n<=128,sr<=40%,kvB<=64k,kp<=512,0.0145,2
1024,n<=128,sr<=40%,kvB<=64k,kp<=64k,-0.0052,2
1024,n<=128,sr<=40%,kvB<=64k,kp<=8k,-0.0017,2
1024,n<=128,sr<=40%,kvB<=64k,kp=0,0.014,2
1024,n<=128,sr<=5%,kvB<=16k,kp<=16k,-0.0004,8
1024,n<=128,sr<=5%,kvB<=16k,kp<=1k,0.0436,8
1024,n<=128,sr<=5%,kvB<=16k,kp<=2k,0.0056,8
1024,n<=128,sr<=5%,kvB<=16k,kp<=32k,0.0004,8
1024,n<=128,sr<=5%,kvB<=16k,kp<=4k,0.0028,8
1024,n<=128,sr<=5%,kvB<=16k,kp<=512,0.0246,8
1024,n<=128,sr<=5%,kvB<=16k,kp<=64k,0.0004,8
1024,n<=128,sr<=5%,kvB<=16k,kp<=8k,0.0035,8
1024,n<=128,sr<=5%,kvB<=16k,kp=0,0.0179,8
1024,n<=128,sr<=5%,kvB<=1k,kp<=16k,0.0164,8
1024,n<=128,sr<=5%,kvB<=1k,kp<=1k,0.009,8
1024,n<=128,sr<=5%,kvB<=1k,kp<=2k,0.0143,8
1024,n<=128,sr<=5%,kvB<=1k,kp<=32k,0.016,8
1024,n<=128,sr<=5%,kvB<=1k,kp<=4k,0.0123,8
1024,n<=128,sr<=5%,kvB<=1k,kp<=512,0.0093,8
1024,n<=128,sr<=5%,kvB<=1k,kp<=64k,0.0125,8
1024,n<=128,sr<=5%,kvB<=1k,kp<=8k,0.0185,8
1024,n<=128,sr<=5%,kvB<=1k,kp=0,0.0139,8
1024,n<=128,sr<=5%,kvB<=4k,kp<=16k,0.0062,8
1024,n<=128,sr<=5%,kvB<=4k,kp<=1k,0.0111,8
1024,n<=128,sr<=5%,kvB<=4k,kp<=2k,0.0076,8
1024,n<=128,sr<=5%,kvB<=4k,kp<=32k,0.0068,8
1024,n<=128,sr<=5%,kvB<=4k,kp<=4k,0.0062,8
1024,n<=128,sr<=5%,kvB<=4k,kp<=512,0.0121,8
1024,n<=128,sr<=5%,kvB<=4k,kp<=64k,0.0124,8
1024,n<=128,sr<=5%,kvB<=4k,kp<=8k,0.0057,8
1024,n<=128,sr<=5%,kvB<=4k,kp=0,0.0126,8
1024,n<=128,sr<=5%,kvB<=64k,kp<=16k,0.0045,8
1024,n<=128,sr<=5%,kvB<=64k,kp<=1k,0.0133,8
1024,n<=128,sr<=5%,kvB<=64k,kp<=2k,0.0098,8
1024,n<=128,sr<=5%,kvB<=64k,kp<=32k,0.0043,8
1024,n<=128,sr<=5%,kvB<=64k,kp<=4k,0.0052,8
1024,n<=128,sr<=5%,kvB<=64k,kp<=512,0.0164,8
1024,n<=128,sr<=5%,kvB<=64k,kp<=64k,0.0001,8
1024,n<=128,sr<=5%,kvB<=64k,kp<=8k,0.0054,8
1024,n<=128,sr<=5%,kvB<=64k,kp=0,0.0205,8
1024,n<=128,sr<=70%,kvB<=16k,kp<=16k,-0.0014,2
1024,n<=128,sr<=70%,kvB<=16k,kp<=1k,0.1161,2
1024,n<=128,sr<=70%,kvB<=16k,kp<=2k,0.0164,2
1024,n<=128,sr<=70%,kvB<=16k,kp<=32k,-0.0043,2
1024,n<=128,sr<=70%,kvB<=16k,kp<=4k,0.0033,2
1024,n<=128,sr<=70%,kvB<=16k,kp<=512,0.1652,2
1024,n<=128,sr<=70%,kvB<=16k,kp<=64k,-0.0011,2
1024,n<=128,sr<=70%,kvB<=16k,kp<=8k,-0.006,2
1024,n<=128,sr<=70%,kvB<=16k,kp=0,0.1903,2
1024,n<=128,sr<=70%,kvB<=1k,kp<=16k,0.0732,2
1024,n<=128,sr<=70%,kvB<=1k,kp<=1k,0.0702,2
1024,n<=128,sr<=70%,kvB<=1k,kp<=2k,0.0681,2
1024,n<=128,sr<=70%,kvB<=1k,kp<=32k,0.0608,2
1024,n<=128,sr<=70%,kvB<=1k,kp<=4k,0.0917,2
1024,n<=128,sr<=70%,kvB<=1k,kp<=512,0.064,2
1024,n<=128,sr<=70%,kvB<=1k,kp<=64k,0.0596,2
1024,n<=128,sr<=70%,kvB<=1k,kp<=8k,0.1064,2
1024,n<=128,sr<=70%,kvB<=1k,kp=0,0.0604,2
1024,n<=128,sr<=70%,kvB<=4k,kp<=16k,-0.2627,2
1024,n<=128,sr<=70%,kvB<=4k,kp<=1k,-0.169,2
1024,n<=128,sr<=70%,kvB<=4k,kp<=2k,-0.1711,2
1024,n<=128,sr<=70%,kvB<=4k,kp<=32k,-0.0423,2
1024,n<=128,sr<=70%,kvB<=4k,kp<=4k,-0.2985,2
1024,n<=128,sr<=70%,kvB<=4k,kp<=512,-0.1752,2
1024,n<=128,sr<=70%,kvB<=4k,kp<=64k,-0.051,2
1024,n<=128,sr<=70%,kvB<=4k,kp<=8k,-0.3725,2
1024,n<=128,sr<=70%,kvB<=4k,kp=0,-0.1806,2
1024,n<=128,sr<=70%,kvB<=64k,kp<=16k,-0.0033,2
1024,n<=128,sr<=70%,kvB<=64k,kp<=1k,0.0146,2
1024,n<=128,sr<=70%,kvB<=64k,kp<=2k,0.0047,2
1024,n<=128,sr<=70%,kvB<=64k,kp<=32k,-0.0006,2
1024,n<=128,sr<=70%,kvB<=64k,kp<=4k,-0.0033,2
1024,n<=128,sr<=70%,kvB<=64k,kp<=512,0.024,2
1024,n<=128,sr<=70%,kvB<=64k,kp<=64k,0.0109,2
1024,n<=128,sr<=70%,kvB<=64k,kp<=8k,-0.0037,2
1024,n<=128,sr<=70%,kvB<=64k,kp=0,0.0192,2
1024,n<=128,sr>70%,kvB<=16k,kp<=16k,0.0103,4
1024,n<=128,sr>70%,kvB<=16k,kp<=1k,0.2607,4
1024,n<=128,sr>70%,kvB<=16k,kp<=2k,0.0928,4
1024,n<=128,sr>70%,kvB<=16k,kp<=32k,-0.0024,4
1024,n<=128,sr>70%,kvB<=16k,kp<=4k,0.0062,4
1024,n<=128,sr>70%,kvB<=16k,kp<=512,0.4305,4
1024,n<=128,sr>70%,kvB<=16k,kp<=64k,-0.0004,4
1024,n<=128,sr>70%,kvB<=16k,kp<=8k,0.2059,4
1024,n<=128,sr>70%,kvB<=16k,kp=0,0.4471,4
1024,n<=128,sr>70%,kvB<=1k,kp<=16k,0.3051,4
1024,n<=128,sr>70%,kvB<=1k,kp<=1k,0.317,4
1024,n<=128,sr>70%,kvB<=1k,kp<=2k,0.3464,4
1024,n<=128,sr>70%,kvB<=1k,kp<=32k,0.3709,4
1024,n<=128,sr>70%,kvB<=1k,kp<=4k,0.3369,4
1024,n<=128,sr>70%,kvB<=1k,kp<=512,0.3097,4
1024,n<=128,sr>70%,kvB<=1k,kp<=64k,0.3754,4
1024,n<=128,sr>70%,kvB<=1k,kp<=8k,0.3426,4
1024,n<=128,sr>70%,kvB<=1k,kp=0,0.3031,4
1024,n<=128,sr>70%,kvB<=4k,kp<=16k,-0.0322,4
1024,n<=128,sr>70%,kvB<=4k,kp<=1k,-0.8143,4
1024,n<=128,sr>70%,kvB<=4k,kp<=2k,0.3515,4
1024,n<=128,sr>70%,kvB<=4k,kp<=32k,-0.0197,4
1024,n<=128,sr>70%,kvB<=4k,kp<=4k,-0.6027,4
1024,n<=128,sr>70%,kvB<=4k,kp<=512,-0.7053,4
1024,n<=128,sr>70%,kvB<=4k,kp<=64k,-0.0604,4
1024,n<=128,sr>70%,kvB<=4k,kp<=8k,0.2691,4
1024,n<=128,sr>70%,kvB<=4k,kp=0,-0.7027,4
1024,n<=128,sr>70%,kvB<=64k,kp<=16k,0.0009,4
1024,n<=128,sr>70%,kvB<=64k,kp<=1k,0.1176,4
1024,n<=128,sr>70%,kvB<=64k,kp<=2k,0.0948,4
1024,n<=128,sr>70%,kvB<=64k,kp<=32k,0.0085,4
1024,n<=128,sr>70%,kvB<=64k,kp<=4k,0.0044,4
1024,n<=128,sr>70%,kvB<=64k,kp<=512,0.1171,4
1024,n<=128,sr>70%,kvB<=64k,kp<=64k,0.0007,4
1024,n<=128,sr>70%,kvB<=64k,kp<=8k,0.004,4
1024,n<=128,sr>70%,kvB<=64k,kp=0,0.1335,4
1024,n<=16,sr<=15%,kvB<=16k,kp<=16k,0.0006,4
1024,n<=16,sr<=15%,kvB<=16k,kp<=1k,0.1452,4
1024,n<=16,sr<=15%,kvB<=16k,kp<=2k,0.1407,4
1024,n<=16,sr<=15%,kvB<=16k,kp<=32k,0.0122,4
1024,n<=16,sr<=15%,kvB<=16k,kp<=4k,0.1369,4
1024,n<=16,sr<=15%,kvB<=16k,kp<=512,0.1413,4
1024,n<=16,sr<=15%,kvB<=16k,kp<=64k,-0.0198,4
1024,n<=16,sr<=15%,kvB<=16k,kp<=8k,0.0879,4
1024,n<=16,sr<=15%,kvB<=16k,kp=0,0.1437,4
1024,n<=16,sr<=15%,kvB<=1k,kp<=16k,0.112,4
1024,n<=16,sr<=15%,kvB<=1k,kp<=1k,0.0835,4
1024,n<=16,sr<=15%,kvB<=1k,kp<=2k,0.0734,4
1024,n<=16,sr<=15%,kvB<=1k,kp<=32k,0.0463,4
1024,n<=16,sr<=15%,kvB<=1k,kp<=4k,0.0603,4
1024,n<=16,sr<=15%,kvB<=1k,kp<=512,0.0815,4
1024,n<=16,sr<=15%,kvB<=1k,kp<=64k,-1.2901,2
1024,n<=16,sr<=15%,kvB<=1k,kp<=8k,0.0732,4
1024,n<=16,sr<=15%,kvB<=1k,kp=0,0.0891,4
1024,n<=16,sr<=15%,kvB<=4k,kp<=16k,0.001,4
1024,n<=16,sr<=15%,kvB<=4k,kp<=1k,0.1157,4
1024,n<=16,sr<=15%,kvB<=4k,kp<=2k,0.0697,4
1024,n<=16,sr<=15%,kvB<=4k,kp<=32k,-0.0275,4
1024,n<=16,sr<=15%,kvB<=4k,kp<=4k,0.0153,4
1024,n<=16,sr<=15%,kvB<=4k,kp<=512,0.1395,4
1024,n<=16,sr<=15%,kvB<=4k,kp<=64k,0.0282,4
1024,n<=16,sr<=15%,kvB<=4k,kp<=8k,0.0061,4
1024,n<=16,sr<=15%,kvB<=4k,kp=0,0.1523,4
1024,n<=16,sr<=15%,kvB<=64k,kp<=16k,0.0647,4
1024,n<=16,sr<=15%,kvB<=64k,kp<=1k,0.1521,4
1024,n<=16,sr<=15%,kvB<=64k,kp<=2k,0.1137,4
1024,n<=16,sr<=15%,kvB<=64k,kp<=32k,0.0597,4
1024,n<=16,sr<=15%,kvB<=64k,kp<=4k,0.0816,4
1024,n<=16,sr<=15%,kvB<=64k,kp<=512,0.1403,4
1024,n<=16,sr<=15%,kvB<=64k,kp<=64k,0.0359,4
1024,n<=16,sr<=15%,kvB<=64k,kp<=8k,0.0682,4
1024,n<=16,sr<=15%,kvB<=64k,kp=0,0.1399,4
1024,n<=16,sr<=40%,kvB<=16k,kp<=16k,0.004,4
1024,n<=16,sr<=40%,kvB<=16k,kp<=1k,0.1348,4
1024,n<=16,sr<=40%,kvB<=16k,kp<=2k,0.13,4
1024,n<=16,sr<=40%,kvB<=16k,kp<=32k,-0.003,4
1024,n<=16,sr<=40%,kvB<=16k,kp<=4k,0.1287,4
1024,n<=16,sr<=40%,kvB<=16k,kp<=512,0.1328,4
1024,n<=16,sr<=40%,kvB<=16k,kp<=64k,0.0637,4
1024,n<=16,sr<=40%,kvB<=16k,kp<=8k,0.099,4
1024,n<=16,sr<=40%,kvB<=16k,kp=0,0.1318,4
1024,n<=16,sr<=40%,kvB<=1k,kp<=16k,0.0402,4
1024,n<=16,sr<=40%,kvB<=1k,kp<=1k,0.08,4
1024,n<=16,sr<=40%,kvB<=1k,kp<=2k,0.0799,4
1024,n<=16,sr<=40%,kvB<=1k,kp<=32k,0.1206,4
1024,n<=16,sr<=40%,kvB<=1k,kp<=4k,0.1001,4
1024,n<=16,sr<=40%,kvB<=1k,kp<=512,0.0909,4
1024,n<=16,sr<=40%,kvB<=1k,kp<=64k,0.3613,4
1024,n<=16,sr<=40%,kvB<=1k,kp<=8k,0.1143,4
1024,n<=16,sr<=40%,kvB<=1k,kp=0,0.0899,4
1024,n<=16,sr<=40%,kvB<=4k,kp<=16k,0.0127,4
1024,n<=16,sr<=40%,kvB<=4k,kp<=1k,0.1233,4
1024,n<=16,sr<=40%,kvB<=4k,kp<=2k,0.0695,4
1024,n<=16,sr<=40%,kvB<=4k,kp<=32k,0.0237,4
1024,n<=16,sr<=40%,kvB<=4k,kp<=4k,0.0022,4
1024,n<=16,sr<=40%,kvB<=4k,kp<=512,0.1349,4
1024,n<=16,sr<=40%,kvB<=4k,kp<=64k,-0.0257,4
1024,n<=16,sr<=40%,kvB<=4k,kp<=8k,0.0259,4
1024,n<=16,sr<=40%,kvB<=4k,kp=0,0.1446,4
1024,n<=16,sr<=40%,kvB<=64k,kp<=16k,0.0494,4
1024,n<=16,sr<=40%,kvB<=64k,kp<=1k,0.1586,4
1024,n<=16,sr<=40%,kvB<=64k,kp<=2k,0.1371,4
1024,n<=16,sr<=40%,kvB<=64k,kp<=32k,0.1118,4
1024,n<=16,sr<=40%,kvB<=64k,kp<=4k,0.0466,4
1024,n<=16,sr<=40%,kvB<=64k,kp<=512,0.1398,4
1024,n<=16,sr<=40%,kvB<=64k,kp<=64k,0.0301,4
1024,n<=16,sr<=40%,kvB<=64k,kp<=8k,0.0502,4
1024,n<=16,sr<=40%,kvB<=64k,kp=0,0.1135,4
1024,n<=16,sr<=70%,kvB<=16k,kp<=16k,-0.0001,2
1024,n<=16,sr<=70%,kvB<=16k,kp<=1k,0.124,2
1024,n<=16,sr<=70%,kvB<=16k,kp<=2k,0.1202,2
1024,n<=16,sr<=70%,kvB<=16k,kp<=32k,0.0506,2
1024,n<=16,sr<=70%,kvB<=16k,kp<=4k,0.1361,2
1024,n<=16,sr<=70%,kvB<=16k,kp<=512,0.127,2
1024,n<=16,sr<=70%,kvB<=16k,kp<=64k,0.0203,2
1024,n<=16,sr<=70%,kvB<=16k,kp<=8k,0.127,2
1024,n<=16,sr<=70%,kvB<=16k,kp=0,0.1107,2
1024,n<=16,sr<=70%,kvB<=1k,kp<=16k,-0.0913,2
1024,n<=16,sr<=70%,kvB<=1k,kp<=1k,0.0526,2
1024,n<=16,sr<=70%,kvB<=1k,kp<=2k,0.1244,2
1024,n<=16,sr<=70%,kvB<=1k,kp<=32k,-0.0738,2
1024,n<=16,sr<=70%,kvB<=1k,kp<=4k,0.0967,2
1024,n<=16,sr<=70%,kvB<=1k,kp<=512,0.0733,2
1024,n<=16,sr<=70%,kvB<=1k,kp<=64k,0.2893,2
1024,n<=16,sr<=70%,kvB<=1k,kp<=8k,0.0893,2
1024,n<=16,sr<=70%,kvB<=1k,kp=0,0.0877,2
1024,n<=16,sr<=70%,kvB<=4k,kp<=16k,0.0016,2
1024,n<=16,sr<=70%,kvB<=4k,kp<=1k,0.1086,2
1024,n<=16,sr<=70%,kvB<=4k,kp<=2k,0.1113,2
1024,n<=16,sr<=70%,kvB<=4k,kp<=32k,0.0476,2
1024,n<=16,sr<=70%,kvB<=4k,kp<=4k,-0.0182,2
1024,n<=16,sr<=70%,kvB<=4k,kp<=512,0.1062,2
1024,n<=16,sr<=70%,kvB<=4k,kp<=64k,-0.0689,2
1024,n<=16,sr<=70%,kvB<=4k,kp<=8k,0.0032,2
1024,n<=16,sr<=70%,kvB<=4k,kp=0,0.1186,2
1024,n<=16,sr<=70%,kvB<=64k,kp<=16k,-0.0795,2
1024,n<=16,sr<=70%,kvB<=64k,kp<=1k,0.5828,2
1024,n<=16,sr<=70%,kvB<=64k,kp<=2k,0.4187,2
1024,n<=16,sr<=70%,kvB<=64k,kp<=32k,0.2349,2
1024,n<=16,sr<=70%,kvB<=64k,kp<=4k,0.1423,2
1024,n<=16,sr<=70%,kvB<=64k,kp<=512,0.5528,2
1024,n<=16,sr<=70%,kvB<=64k,kp<=64k,0.3437,2
1024,n<=16,sr<=70%,kvB<=64k,kp<=8k,-0.0192,2
1024,n<=16,sr<=70%,kvB<=64k,kp=0,0.2236,2
1024,n<=16,sr>70%,kvB<=16k,kp<=16k,0.2363,4
1024,n<=16,sr>70%,kvB<=16k,kp<=1k,0.1919,4
1024,n<=16,sr>70%,kvB<=16k,kp<=2k,0.1151,4
1024,n<=16,sr>70%,kvB<=16k,kp<=32k,0.3686,4
1024,n<=16,sr>70%,kvB<=16k,kp<=4k,0.124,4
1024,n<=16,sr>70%,kvB<=16k,kp<=512,0.1423,4
1024,n<=16,sr>70%,kvB<=16k,kp<=64k,0.0212,4
1024,n<=16,sr>70%,kvB<=16k,kp<=8k,0.1633,4
1024,n<=16,sr>70%,kvB<=16k,kp=0,0.1094,4
1024,n<=16,sr>70%,kvB<=1k,kp<=16k,0.3064,4
1024,n<=16,sr>70%,kvB<=1k,kp<=1k,0.2091,4
1024,n<=16,sr>70%,kvB<=1k,kp<=2k,0.2502,4
1024,n<=16,sr>70%,kvB<=1k,kp<=32k,0.3434,4
1024,n<=16,sr>70%,kvB<=1k,kp<=4k,0.2463,4
1024,n<=16,sr>70%,kvB<=1k,kp<=512,0.2349,4
1024,n<=16,sr>70%,kvB<=1k,kp<=64k,0.7551,4
1024,n<=16,sr>70%,kvB<=1k,kp<=8k,0.3149,4
1024,n<=16,sr>70%,kvB<=1k,kp=0,0.3218,4
1024,n<=16,sr>70%,kvB<=4k,kp<=16k,0.0203,4
1024,n<=16,sr>70%,kvB<=4k,kp<=1k,0.1461,4
1024,n<=16,sr>70%,kvB<=4k,kp<=2k,0.0891,4
1024,n<=16,sr>70%,kvB<=4k,kp<=32k,-0.0002,4
1024,n<=16,sr>70%,kvB<=4k,kp<=4k,-0.0071,4
1024,n<=16,sr>70%,kvB<=4k,kp<=512,0.148,4
1024,n<=16,sr>70%,kvB<=4k,kp<=64k,0.2533,3
1024,n<=16,sr>70%,kvB<=4k,kp<=8k,0.0604,4
1024,n<=16,sr>70%,kvB<=4k,kp=0,0.1644,4
1024,n<=16,sr>70%,kvB<=64k,kp<=16k,-0.3831,4
1024,n<=16,sr>70%,kvB<=64k,kp<=1k,1.6331,4
1024,n<=16,sr>70%,kvB<=64k,kp<=2k,1.2652,4
1024,n<=16,sr>70%,kvB<=64k,kp<=32k,3.7692,4
1024,n<=16,sr>70%,kvB<=64k,kp<=4k,0.7638,4
1024,n<=16,sr>70%,kvB<=64k,kp<=512,1.1166,4
1024,n<=16,sr>70%,kvB<=64k,kp<=64k,2.0837,4
1024,n<=16,sr>70%,kvB<=64k,kp<=8k,-0.0671,4
1024,n<=16,sr>70%,kvB<=64k,kp=0,0.7337,4
1024,n<=2,sr<=70%,kvB<=16k,kp<=16k,-0.1361,2
1024,n<=2,sr<=70%,kvB<=16k,kp<=1k,0.5927,2
1024,n<=2,sr<=70%,kvB<=16k,kp<=2k,0.5996,2
1024,n<=2,sr<=70%,kvB<=16k,kp<=32k,0.5709,2
1024,n<=2,sr<=70%,kvB<=16k,kp<=4k,0.574,2
1024,n<=2,sr<=70%,kvB<=16k,kp<=512,0.6597,2
1024,n<=2,sr<=70%,kvB<=16k,kp<=64k,0.9047,1
1024,n<=2,sr<=70%,kvB<=16k,kp<=8k,0.4711,2
1024,n<=2,sr<=70%,kvB<=16k,kp=0,0.8283,2
1024,n<=2,sr<=70%,kvB<=1k,kp<=16k,-0.0467,1
1024,n<=2,sr<=70%,kvB<=1k,kp<=1k,0.1112,2
1024,n<=2,sr<=70%,kvB<=1k,kp<=2k,0.1537,2
1024,n<=2,sr<=70%,kvB<=1k,kp<=32k,-1.2478,2
1024,n<=2,sr<=70%,kvB<=1k,kp<=4k,0.3371,2
1024,n<=2,sr<=70%,kvB<=1k,kp<=512,0.0041,2
1024,n<=2,sr<=70%,kvB<=1k,kp<=8k,0.5027,2
1024,n<=2,sr<=70%,kvB<=1k,kp=0,0.1571,2
1024,n<=2,sr<=70%,kvB<=4k,kp<=16k,0.5552,2
1024,n<=2,sr<=70%,kvB<=4k,kp<=1k,0.5636,2
1024,n<=2,sr<=70%,kvB<=4k,kp<=2k,0.3809,2
1024,n<=2,sr<=70%,kvB<=4k,kp<=32k,0.785,1
1024,n<=2,sr<=70%,kvB<=4k,kp<=4k,-0.2414,2
1024,n<=2,sr<=70%,kvB<=4k,kp<=512,0.5659,2
1024,n<=2,sr<=70%,kvB<=4k,kp<=64k,0.3832,1
1024,n<=2,sr<=70%,kvB<=4k,kp<=8k,-0.2092,2
1024,n<=2,sr<=70%,kvB<=4k,kp=0,0.5727,2
1024,n<=2,sr<=70%,kvB<=64k,kp<=16k,0.5489,2
1024,n<=2,sr<=70%,kvB<=64k,kp<=1k,0.9417,2
1024,n<=2,sr<=70%,kvB<=64k,kp<=2k,0.8564,2
1024,n<=2,sr<=70%,kvB<=64k,kp<=32k,0.4732,2
1024,n<=2,sr<=70%,kvB<=64k,kp<=4k,0.6576,2
1024,n<=2,sr<=70%,kvB<=64k,kp<=512,0.9602,2
1024,n<=2,sr<=70%,kvB<=64k,kp<=64k,-0.2565,2
1024,n<=2,sr<=70%,kvB<=64k,kp<=8k,0.5272,2
1024,n<=2,sr<=70%,kvB<=64k,kp=0,0.9579,2
1024,n<=32,sr<=15%,kvB<=16k,kp<=16k,-0.0028,6
1024,n<=32,sr<=15%,kvB<=16k,kp<=1k,0.0576,6
1024,n<=32,sr<=15%,kvB<=16k,kp<=2k,0.0395,6
1024,n<=32,sr<=15%,kvB<=16k,kp<=32k,-0.0056,6
1024,n<=32,sr<=15%,kvB<=16k,kp<=4k,0.0291,6
1024,n<=32,sr<=15%,kvB<=16k,kp<=512,0.0654,6
1024,n<=32,sr<=15%,kvB<=16k,kp<=64k,-0.0112,6
1024,n<=32,sr<=15%,kvB<=16k,kp<=8k,0.0324,6
1024,n<=32,sr<=15%,kvB<=16k,kp=0,0.0704,6
1024,n<=32,sr<=15%,kvB<=1k,kp<=16k,0.0735,6
1024,n<=32,sr<=15%,kvB<=1k,kp<=1k,0.0728,6
1024,n<=32,sr<=15%,kvB<=1k,kp<=2k,0.0733,6
1024,n<=32,sr<=15%,kvB<=1k,kp<=32k,0.0517,6
1024,n<=32,sr<=15%,kvB<=1k,kp<=4k,0.0737,6
1024,n<=32,sr<=15%,kvB<=1k,kp<=512,0.0743,6
1024,n<=32,sr<=15%,kvB<=1k,kp<=64k,0.1178,6
1024,n<=32,sr<=15%,kvB<=1k,kp<=8k,0.0759,6
1024,n<=32,sr<=15%,kvB<=1k,kp=0,0.0829,6
1024,n<=32,sr<=15%,kvB<=4k,kp<=16k,0.0106,6
1024,n<=32,sr<=15%,kvB<=4k,kp<=1k,0.0643,6
1024,n<=32,sr<=15%,kvB<=4k,kp<=2k,0.0391,6
1024,n<=32,sr<=15%,kvB<=4k,kp<=32k,0.0121,6
1024,n<=32,sr<=15%,kvB<=4k,kp<=4k,0.01,6
1024,n<=32,sr<=15%,kvB<=4k,kp<=512,0.0777,6
1024,n<=32,sr<=15%,kvB<=4k,kp<=64k,0.0232,6
1024,n<=32,sr<=15%,kvB<=4k,kp<=8k,0.0189,6
1024,n<=32,sr<=15%,kvB<=4k,kp=0,0.0839,6
1024,n<=32,sr<=15%,kvB<=64k,kp<=16k,-0.0652,6
1024,n<=32,sr<=15%,kvB<=64k,kp<=1k,0.0596,6
1024,n<=32,sr<=15%,kvB<=64k,kp<=2k,0.0606,6
1024,n<=32,sr<=15%,kvB<=64k,kp<=32k,0.0059,6
1024,n<=32,sr<=15%,kvB<=64k,kp<=4k,0.0247,6
1024,n<=32,sr<=15%,kvB<=64k,kp<=512,0.071,6
1024,n<=32,sr<=15%,kvB<=64k,kp<=64k,0.0353,6
1024,n<=32,sr<=15%,kvB<=64k,kp<=8k,0.0248,6
1024,n<=32,sr<=15%,kvB<=64k,kp=0,0.0938,6
1024,n<=32,sr<=40%,kvB<=16k,kp<=16k,-0.0136,2
1024,n<=32,sr<=40%,kvB<=16k,kp<=1k,0.056,2
1024,n<=32,sr<=40%,kvB<=16k,kp<=2k,0.0397,2
1024,n<=32,sr<=40%,kvB<=16k,kp<=32k,-0.0123,2
1024,n<=32,sr<=40%,kvB<=16k,kp<=4k,0.0252,2
1024,n<=32,sr<=40%,kvB<=16k,kp<=512,0.0661,2
1024,n<=32,sr<=40%,kvB<=16k,kp<=64k,-0.0144,2
1024,n<=32,sr<=40%,kvB<=16k,kp<=8k,0.0301,2
1024,n<=32,sr<=40%,kvB<=16k,kp=0,0.079,2
1024,n<=32,sr<=40%,kvB<=1k,kp<=16k,0.1113,2
1024,n<=32,sr<=40%,kvB<=1k,kp<=1k,0.1001,2
1024,n<=32,sr<=40%,kvB<=1k,kp<=2k,0.1014,2
1024,n<=32,sr<=40%,kvB<=1k,kp<=32k,0.1589,2
1024,n<=32,sr<=40%,kvB<=1k,kp<=4k,0.1395,2
1024,n<=32,sr<=40%,kvB<=1k,kp<=512,0.101,2
1024,n<=32,sr<=40%,kvB<=1k,kp<=64k,0.1151,2
1024,n<=32,sr<=40%,kvB<=1k,kp<=8k,0.148,2
1024,n<=32,sr<=40%,kvB<=1k,kp=0,0.1235,2
1024,n<=32,sr<=40%,kvB<=4k,kp<=16k,0.0127,2
1024,n<=32,sr<=40%,kvB<=4k,kp<=1k,0.0529,2
1024,n<=32,sr<=40%,kvB<=4k,kp<=2k,0.0371,2
1024,n<=32,sr<=40%,kvB<=4k,kp<=32k,-0.0203,2
1024,n<=32,sr<=40%,kvB<=4k,kp<=4k,-0.0039,2
1024,n<=32,sr<=40%,kvB<=4k,kp<=512,0.0582,2
1024,n<=32,sr<=40%,kvB<=4k,kp<=64k,0.0216,2
1024,n<=32,sr<=40%,kvB<=4k,kp<=8k,-0.0064,2
1024,n<=32,sr<=40%,kvB<=4k,kp=0,0.0564,2
1024,n<=32,sr<=40%,kvB<=64k,kp<=16k,0.1331,2
1024,n<=32,sr<=40%,kvB<=64k,kp<=1k,0.1253,2
1024,n<=32,sr<=40%,kvB<=64k,kp<=2k,0.0256,2
1024,n<=32,sr<=40%,kvB<=64k,kp<=32k,0.2267,2
1024,n<=32,sr<=40%,kvB<=64k,kp<=4k,0.0284,2
1024,n<=32,sr<=40%,kvB<=64k,kp<=512,0.3213,2
1024,n<=32,sr<=40%,kvB<=64k,kp<=64k,0.2319,2
1024,n<=32,sr<=40%,kvB<=64k,kp<=8k,0.0116,2
1024,n<=32,sr<=40%,kvB<=64k,kp=0,0.221,2
1024,n<=32,sr<=5%,kvB<=16k,kp<=16k,-0.0008,2
1024,n<=32,sr<=5%,kvB<=16k,kp<=1k,0.0608,2
1024,n<=32,sr<=5%,kvB<=16k,kp<=2k,0.044,2
1024,n<=32,sr<=5%,kvB<=16k,kp<=32k,-0.0025,2
1024,n<=32,sr<=5%,kvB<=16k,kp<=4k,0.0289,2
1024,n<=32,sr<=5%,kvB<=16k,kp<=512,0.0694,2
1024,n<=32,sr<=5%,kvB<=16k,kp<=64k,0.0004,2
1024,n<=32,sr<=5%,kvB<=16k,kp<=8k,0.0333,2
1024,n<=32,sr<=5%,kvB<=16k,kp=0,0.0761,2
1024,n<=32,sr<=5%,kvB<=1k,kp<=16k,0.0369,2
1024,n<=32,sr<=5%,kvB<=1k,kp<=1k,0.0252,2
1024,n<=32,sr<=5%,kvB<=1k,kp<=2k,0.0223,2
1024,n<=32,sr<=5%,kvB<=1k,kp<=32k,-0.0582,2
1024,n<=32,sr<=5%,kvB<=1k,kp<=4k,0.0258,2
1024,n<=32,sr<=5%,kvB<=1k,kp<=512,0.0181,2
1024,n<=32,sr<=5%,kvB<=1k,kp<=64k,0.1166,2
1024,n<=32,sr<=5%,kvB<=1k,kp<=8k,0.019,2
1024,n<=32,sr<=5%,kvB<=1k,kp=0,0.0352,2
1024,n<=32,sr<=5%,kvB<=4k,kp<=16k,0.0238,2
1024,n<=32,sr<=5%,kvB<=4k,kp<=1k,0.0761,2
1024,n<=32,sr<=5%,kvB<=4k,kp<=2k,0.0502,2
1024,n<=32,sr<=5%,kvB<=4k,kp<=32k,0.0198,2
1024,n<=32,sr<=5%,kvB<=4k,kp<=4k,0.0235,2
1024,n<=32,sr<=5%,kvB<=4k,kp<=512,0.0866,2
1024,n<=32,sr<=5%,kvB<=4k,kp<=64k,-0.0115,2
1024,n<=32,sr<=5%,kvB<=4k,kp<=8k,0.0238,2
1024,n<=32,sr<=5%,kvB<=4k,kp=0,0.0941,2
1024,n<=32,sr<=5%,kvB<=64k,kp<=16k,0.0266,2
1024,n<=32,sr<=5%,kvB<=64k,kp<=1k,0.0584,2
1024,n<=32,sr<=5%,kvB<=64k,kp<=2k,0.0575,2
1024,n<=32,sr<=5%,kvB<=64k,kp<=32k,0.0088,2
1024,n<=32,sr<=5%,kvB<=64k,kp<=4k,0.0093,2
1024,n<=32,sr<=5%,kvB<=64k,kp<=512,0.0663,2
1024,n<=32,sr<=5%,kvB<=64k,kp<=64k,0.0141,2
1024,n<=32,sr<=5%,kvB<=64k,kp<=8k,0.0286,2
1024,n<=32,sr<=5%,kvB<=64k,kp=0,0.0851,2
1024,n<=32,sr<=70%,kvB<=16k,kp<=16k,-0.0278,2
1024,n<=32,sr<=70%,kvB<=16k,kp<=1k,0.1097,2
1024,n<=32,sr<=70%,kvB<=16k,kp<=2k,-0.0051,2
1024,n<=32,sr<=70%,kvB<=16k,kp<=32k,0.0277,2
1024,n<=32,sr<=70%,kvB<=16k,kp<=4k,0.0144,2
1024,n<=32,sr<=70%,kvB<=16k,kp<=512,0.1618,2
1024,n<=32,sr<=70%,kvB<=16k,kp<=64k,-0.0045,2
1024,n<=32,sr<=70%,kvB<=16k,kp<=8k,0.1076,2
1024,n<=32,sr<=70%,kvB<=16k,kp=0,0.2346,2
1024,n<=32,sr<=70%,kvB<=1k,kp<=16k,0.28,2
1024,n<=32,sr<=70%,kvB<=1k,kp<=1k,0.0415,2
1024,n<=32,sr<=70%,kvB<=1k,kp<=2k,0.0655,2
1024,n<=32,sr<=70%,kvB<=1k,kp<=32k,0.3217,2
1024,n<=32,sr<=70%,kvB<=1k,kp<=4k,0.0537,2
1024,n<=32,sr<=70%,kvB<=1k,kp<=512,0.075,2
1024,n<=32,sr<=70%,kvB<=1k,kp<=64k,-0.0148,2
1024,n<=32,sr<=70%,kvB<=1k,kp<=8k,0.0898,2
1024,n<=32,sr<=70%,kvB<=1k,kp=0,0.1065,2
1024,n<=32,sr<=70%,kvB<=4k,kp<=16k,-0.0013,2
1024,n<=32,sr<=70%,kvB<=4k,kp<=1k,0.0501,2
1024,n<=32,sr<=70%,kvB<=4k,kp<=2k,0.0487,2
1024,n<=32,sr<=70%,kvB<=4k,kp<=32k,-0.0353,2
1024,n<=32,sr<=70%,kvB<=4k,kp<=4k,-0.003,2
1024,n<=32,sr<=70%,kvB<=4k,kp<=512,0.049,2
1024,n<=32,sr<=70%,kvB<=4k,kp<=64k,0.0198,2
1024,n<=32,sr<=70%,kvB<=4k,kp<=8k,-0.0068,2
1024,n<=32,sr<=70%,kvB<=4k,kp=0,0.0559,2
1024,n<=32,sr<=70%,kvB<=64k,kp<=16k,0.071,2
1024,n<=32,sr<=70%,kvB<=64k,kp<=1k,0.8381,2
1024,n<=32,sr<=70%,kvB<=64k,kp<=2k,0.4708,2
1024,n<=32,sr<=70%,kvB<=64k,kp<=32k,0.1529,1
1024,n<=32,sr<=70%,kvB<=64k,kp<=4k,0.1454,2
1024,n<=32,sr<=70%,kvB<=64k,kp<=512,1.1526,2
1024,n<=32,sr<=70%,kvB<=64k,kp<=64k,0.2733,2
1024,n<=32,sr<=70%,kvB<=64k,kp<=8k,0.0078,2
1024,n<=32,sr<=70%,kvB<=64k,kp=0,1.2104,2
1024,n<=32,sr>70%,kvB<=16k,kp<=16k,0.3108,4
1024,n<=32,sr>70%,kvB<=16k,kp<=1k,0.9844,4
1024,n<=32,sr>70%,kvB<=16k,kp<=2k,0.1703,4
1024,n<=32,sr>70%,kvB<=16k,kp<=32k,0.6601,4
1024,n<=32,sr>70%,kvB<=16k,kp<=4k,-0.1278,4
1024,n<=32,sr>70%,kvB<=16k,kp<=512,1.1158,4
1024,n<=32,sr>70%,kvB<=16k,kp<=64k,0.1908,4
1024,n<=32,sr>70%,kvB<=16k,kp<=8k,0.3488,4
1024,n<=32,sr>70%,kvB<=16k,kp=0,1.5232,4
1024,n<=32,sr>70%,kvB<=1k,kp<=16k,0.2908,4
1024,n<=32,sr>70%,kvB<=1k,kp<=1k,0.29,4
1024,n<=32,sr>70%,kvB<=1k,kp<=2k,0.2806,4
1024,n<=32,sr>70%,kvB<=1k,kp<=32k,0.3351,4
1024,n<=32,sr>70%,kvB<=1k,kp<=4k,0.2985,4
1024,n<=32,sr>70%,kvB<=1k,kp<=512,0.2493,4
1024,n<=32,sr>70%,kvB<=1k,kp<=64k,0.2945,4
1024,n<=32,sr>70%,kvB<=1k,kp<=8k,0.4579,4
1024,n<=32,sr>70%,kvB<=1k,kp=0,0.3099,4
1024,n<=32,sr>70%,kvB<=4k,kp<=16k,0.0058,4
1024,n<=32,sr>70%,kvB<=4k,kp<=1k,0.1063,4
1024,n<=32,sr>70%,kvB<=4k,kp<=2k,0.0828,4
1024,n<=32,sr>70%,kvB<=4k,kp<=32k,-0.0027,4
1024,n<=32,sr>70%,kvB<=4k,kp<=4k,0.0497,4
1024,n<=32,sr>70%,kvB<=4k,kp<=512,0.1067,4
1024,n<=32,sr>70%,kvB<=4k,kp<=64k,0.0732,4
1024,n<=32,sr>70%,kvB<=4k,kp<=8k,0.0133,4
1024,n<=32,sr>70%,kvB<=4k,kp=0,0.093,4
1024,n<=32,sr>70%,kvB<=64k,kp<=16k,0.448,4
1024,n<=32,sr>70%,kvB<=64k,kp<=1k,2.5598,4
1024,n<=32,sr>70%,kvB<=64k,kp<=2k,1.048,3
1024,n<=32,sr>70%,kvB<=64k,kp<=32k,0.6219,4
1024,n<=32,sr>70%,kvB<=64k,kp<=4k,0.5772,4
1024,n<=32,sr>70%,kvB<=64k,kp<=512,4.2274,4
1024,n<=32,sr>70%,kvB<=64k,kp<=64k,1.1983,4
1024,n<=32,sr>70%,kvB<=64k,kp<=8k,0.1868,4
1024,n<=32,sr>70%,kvB<=64k,kp=0,5.1131,4
1024,n<=4,sr<=40%,kvB<=16k,kp<=16k,0.0207,2
1024,n<=4,sr<=40%,kvB<=16k,kp<=1k,0.4386,2
1024,n<=4,sr<=40%,kvB<=16k,kp<=2k,0.439,2
1024,n<=4,sr<=40%,kvB<=16k,kp<=32k,-0.2206,2
1024,n<=4,sr<=40%,kvB<=16k,kp<=4k,0.405,2
1024,n<=4,sr<=40%,kvB<=16k,kp<=512,0.4205,2
1024,n<=4,sr<=40%,kvB<=16k,kp<=64k,-0.0522,2
1024,n<=4,sr<=40%,kvB<=16k,kp<=8k,0.4026,2
1024,n<=4,sr<=40%,kvB<=16k,kp=0,0.3923,2
1024,n<=4,sr<=40%,kvB<=1k,kp<=16k,-0.2292,2
1024,n<=4,sr<=40%,kvB<=1k,kp<=1k,0.0838,2
1024,n<=4,sr<=40%,kvB<=1k,kp<=2k,0.0289,2
1024,n<=4,sr<=40%,kvB<=1k,kp<=32k,0.3133,2
1024,n<=4,sr<=40%,kvB<=1k,kp<=4k,0.1738,2
1024,n<=4,sr<=40%,kvB<=1k,kp<=512,0.1375,2
1024,n<=4,sr<=40%,kvB<=1k,kp<=64k,0.7545,1
1024,n<=4,sr<=40%,kvB<=1k,kp<=8k,0.022,2
1024,n<=4,sr<=40%,kvB<=1k,kp=0,0.1517,2
1024,n<=4,sr<=40%,kvB<=4k,kp<=16k,-0.0819,2
1024,n<=4,sr<=40%,kvB<=4k,kp<=1k,0.3654,2
1024,n<=4,sr<=40%,kvB<=4k,kp<=2k,0.2395,2
1024,n<=4,sr<=40%,kvB<=4k,kp<=32k,0.1389,2
1024,n<=4,sr<=40%,kvB<=4k,kp<=4k,-0.0527,2
1024,n<=4,sr<=40%,kvB<=4k,kp<=512,0.3841,2
1024,n<=4,sr<=40%,kvB<=4k,kp<=64k,-0.2319,1
1024,n<=4,sr<=40%,kvB<=4k,kp<=8k,-0.1859,2
1024,n<=4,sr<=40%,kvB<=4k,kp=0,0.4225,2
1024,n<=4,sr<=40%,kvB<=64k,kp<=16k,0.4156,2
1024,n<=4,sr<=40%,kvB<=64k,kp<=1k,0.3637,2
1024,n<=4,sr<=40%,kvB<=64k,kp<=2k,0.3938,2
1024,n<=4,sr<=40%,kvB<=64k,kp<=32k,0.4282,2
1024,n<=4,sr<=40%,kvB<=64k,kp<=4k,0.415,2
1024,n<=4,sr<=40%,kvB<=64k,kp<=512,0.3495,2
1024,n<=4,sr<=40%,kvB<=64k,kp<=64k,-0.0468,2
1024,n<=4,sr<=40%,kvB<=64k,kp<=8k,0.4514,2
1024,n<=4,sr<=40%,kvB<=64k,kp=0,0.3306,2
1024,n<=4,sr<=70%,kvB<=16k,kp<=16k,0.2103,2
1024,n<=4,sr<=70%,kvB<=16k,kp<=1k,0.433,2
1024,n<=4,sr<=70%,kvB<=16k,kp<=2k,0.401,2
1024,n<=4,sr<=70%,kvB<=16k,kp<=32k,-0.0642,2
1024,n<=4,sr<=70%,kvB<=16k,kp<=4k,0.4293,2
1024,n<=4,sr<=70%,kvB<=16k,kp<=512,0.4223,2
1024,n<=4,sr<=70%,kvB<=16k,kp<=64k,0.1782,2
1024,n<=4,sr<=70%,kvB<=16k,kp<=8k,0.5001,2
1024,n<=4,sr<=70%,kvB<=16k,kp=0,0.3081,2
1024,n<=4,sr<=70%,kvB<=1k,kp<=16k,-0.2724,2
1024,n<=4,sr<=70%,kvB<=1k,kp<=1k,0.1055,2
1024,n<=4,sr<=70%,kvB<=1k,kp<=2k,-0.0212,2
1024,n<=4,sr<=70%,kvB<=1k,kp<=32k,1.599,2
1024,n<=4,sr<=70%,kvB<=1k,kp<=4k,-0.0594,2
1024,n<=4,sr<=70%,kvB<=1k,kp<=512,0.101,2
1024,n<=4,sr<=70%,kvB<=1k,kp<=64k,-3.1905,1
1024,n<=4,sr<=70%,kvB<=1k,kp<=8k,0.2163,2
1024,n<=4,sr<=70%,kvB<=1k,kp=0,0.1863,2
1024,n<=4,sr<=70%,kvB<=4k,kp<=16k,-0.0838,2
1024,n<=4,sr<=70%,kvB<=4k,kp<=1k,0.3662,2
1024,n<=4,sr<=70%,kvB<=4k,kp<=2k,0.3877,2
1024,n<=4,sr<=70%,kvB<=4k,kp<=32k,-0.2703,1
1024,n<=4,sr<=70%,kvB<=4k,kp<=4k,0.1001,2
1024,n<=4,sr<=70%,kvB<=4k,kp<=512,0.3887,2
1024,n<=4,sr<=70%,kvB<=4k,kp<=64k,0.0528,1
1024,n<=4,sr<=70%,kvB<=4k,kp<=8k,0.1635,2
1024,n<=4,sr<=70%,kvB<=4k,kp=0,0.4215,2
1024,n<=4,sr<=70%,kvB<=64k,kp<=16k,0.4132,2
1024,n<=4,sr<=70%,kvB<=64k,kp<=1k,0.2044,2
1024,n<=4,sr<=70%,kvB<=64k,kp<=2k,0.2998,2
1024,n<=4,sr<=70%,kvB<=64k,kp<=32k,0.5498,2
1024,n<=4,sr<=70%,kvB<=64k,kp<=4k,0.4154,2
1024,n<=4,sr<=70%,kvB<=64k,kp<=512,0.1453,2
1024,n<=4,sr<=70%,kvB<=64k,kp<=64k,0.1375,2
1024,n<=4,sr<=70%,kvB<=64k,kp<=8k,0.4018,2
1024,n<=4,sr<=70%,kvB<=64k,kp=0,0.0821,2
1024,n<=4,sr>70%,kvB<=16k,kp<=16k,0.5567,2
1024,n<=4,sr>70%,kvB<=16k,kp<=1k,0.4831,2
1024,n<=4,sr>70%,kvB<=16k,kp<=2k,0.368,2
1024,n<=4,sr>70%,kvB<=16k,kp<=32k,0.7436,2
1024,n<=4,sr>70%,kvB<=16k,kp<=4k,0.3683,2
1024,n<=4,sr>70%,kvB<=16k,kp<=512,0.5201,2
1024,n<=4,sr>70%,kvB<=16k,kp<=64k,-2.0068,1
1024,n<=4,sr>70%,kvB<=16k,kp<=8k,0.5573,2
1024,n<=4,sr>70%,kvB<=16k,kp=0,0.6087,2
1024,n<=4,sr>70%,kvB<=1k,kp<=16k,0.6142,2
1024,n<=4,sr>70%,kvB<=1k,kp<=1k,0.208,2
1024,n<=4,sr>70%,kvB<=1k,kp<=2k,0.1651,2
1024,n<=4,sr>70%,kvB<=1k,kp<=32k,2.4915,1
1024,n<=4,sr>70%,kvB<=1k,kp<=4k,-0.093,2
1024,n<=4,sr>70%,kvB<=1k,kp<=512,0.2678,2
1024,n<=4,sr>70%,kvB<=1k,kp<=64k,1.1235,1
1024,n<=4,sr>70%,kvB<=1k,kp<=8k,0.2013,2
1024,n<=4,sr>70%,kvB<=1k,kp=0,0.4258,2
1024,n<=4,sr>70%,kvB<=4k,kp<=16k,0.029,2
1024,n<=4,sr>70%,kvB<=4k,kp<=1k,0.3654,2
1024,n<=4,sr>70%,kvB<=4k,kp<=2k,0.3722,2
1024,n<=4,sr>70%,kvB<=4k,kp<=32k,-0.3368,1
1024,n<=4,sr>70%,kvB<=4k,kp<=4k,0.1731,2
1024,n<=4,sr>70%,kvB<=4k,kp<=512,0.3609,2
1024,n<=4,sr>70%,kvB<=4k,kp<=8k,0.4593,2
1024,n<=4,sr>70%,kvB<=4k,kp=0,0.3634,2
1024,n<=4,sr>70%,kvB<=64k,kp<=16k,0.4307,2
1024,n<=4,sr>70%,kvB<=64k,kp<=1k,0.7405,2
1024,n<=4,sr>70%,kvB<=64k,kp<=2k,0.6393,2
1024,n<=4,sr>70%,kvB<=64k,kp<=32k,0.9092,2
1024,n<=4,sr>70%,kvB<=64k,kp<=4k,0.5539,2
1024,n<=4,sr>70%,kvB<=64k,kp<=512,0.8435,2
1024,n<=4,sr>70%,kvB<=64k,kp<=64k,0.5964,2
1024,n<=4,sr>70%,kvB<=64k,kp<=8k,0.4837,2
1024,n<=4,sr>70%,kvB<=64k,kp=0,0.9153,2
1024,n<=64,sr<=15%,kvB<=16k,kp<=16k,0.0104,4
1024,n<=64,sr<=15%,kvB<=16k,kp<=1k,0.0229,4
1024,n<=64,sr<=15%,kvB<=16k,kp<=2k,0.026,4
1024,n<=64,sr<=15%,kvB<=16k,kp<=32k,0.0159,4
1024,n<=64,sr<=15%,kvB<=16k,kp<=4k,0.0133,4
1024,n<=64,sr<=15%,kvB<=16k,kp<=512,0.0352,4
1024,n<=64,sr<=15%,kvB<=16k,kp<=64k,-0.0016,4
1024,n<=64,sr<=15%,kvB<=16k,kp<=8k,0.0238,4
1024,n<=64,sr<=15%,kvB<=16k,kp=0,0.0435,4
1024,n<=64,sr<=15%,kvB<=1k,kp<=16k,0.075,4
1024,n<=64,sr<=15%,kvB<=1k,kp<=1k,0.0733,4
1024,n<=64,sr<=15%,kvB<=1k,kp<=2k,0.0769,4
1024,n<=64,sr<=15%,kvB<=1k,kp<=32k,0.1036,4
1024,n<=64,sr<=15%,kvB<=1k,kp<=4k,0.0816,4
1024,n<=64,sr<=15%,kvB<=1k,kp<=512,0.0733,4
1024,n<=64,sr<=15%,kvB<=1k,kp<=64k,0.0483,4
1024,n<=64,sr<=15%,kvB<=1k,kp<=8k,0.09,4
1024,n<=64,sr<=15%,kvB<=1k,kp=0,0.0741,4
1024,n<=64,sr<=15%,kvB<=4k,kp<=16k,0.0115,4
1024,n<=64,sr<=15%,kvB<=4k,kp<=1k,0.0391,4
1024,n<=64,sr<=15%,kvB<=4k,kp<=2k,0.0248,4
1024,n<=64,sr<=15%,kvB<=4k,kp<=32k,0.0231,4
1024,n<=64,sr<=15%,kvB<=4k,kp<=4k,0.0132,4
1024,n<=64,sr<=15%,kvB<=4k,kp<=512,0.0402,4
1024,n<=64,sr<=15%,kvB<=4k,kp<=64k,-0.0021,4
1024,n<=64,sr<=15%,kvB<=4k,kp<=8k,0.0174,4
1024,n<=64,sr<=15%,kvB<=4k,kp=0,0.037,4
1024,n<=64,sr<=15%,kvB<=64k,kp<=16k,-0.0025,4
1024,n<=64,sr<=15%,kvB<=64k,kp<=1k,0.1265,4
1024,n<=64,sr<=15%,kvB<=64k,kp<=2k,0.0957,4
1024,n<=64,sr<=15%,kvB<=64k,kp<=32k,0.007,4
1024,n<=64,sr<=15%,kvB<=64k,kp<=4k,0.0123,4
1024,n<=64,sr<=15%,kvB<=64k,kp<=512,0.0893,4
1024,n<=64,sr<=15%,kvB<=64k,kp<=64k,0.0016,4
1024,n<=64,sr<=15%,kvB<=64k,kp<=8k,0.0042,4
1024,n<=64,sr<=15%,kvB<=64k,kp=0,0.1238,4
1024,n<=64,sr<=40%,kvB<=16k,kp<=16k,0.2358,2
1024,n<=64,sr<=40%,kvB<=16k,kp<=1k,0.1473,2
1024,n<=64,sr<=40%,kvB<=16k,kp<=2k,0.1359,2
1024,n<=64,sr<=40%,kvB<=16k,kp<=32k,0.1054,2
1024,n<=64,sr<=40%,kvB<=16k,kp<=4k,-0.0377,2
1024,n<=64,sr<=40%,kvB<=16k,kp<=512,0.2461,2
1024,n<=64,sr<=40%,kvB<=16k,kp<=64k,0.0187,2
1024,n<=64,sr<=40%,kvB<=16k,kp<=8k,0.2269,2
1024,n<=64,sr<=40%,kvB<=16k,kp=0,0.2175,2
1024,n<=64,sr<=40%,kvB<=1k,kp<=16k,0.1136,2
1024,n<=64,sr<=40%,kvB<=1k,kp<=1k,0.1075,2
1024,n<=64,sr<=40%,kvB<=1k,kp<=2k,0.1074,2
1024,n<=64,sr<=40%,kvB<=1k,kp<=32k,0.0383,2
1024,n<=64,sr<=40%,kvB<=1k,kp<=4k,0.1159,2
1024,n<=64,sr<=40%,kvB<=1k,kp<=512,0.1086,2
1024,n<=64,sr<=40%,kvB<=1k,kp<=64k,0.1058,2
1024,n<=64,sr<=40%,kvB<=1k,kp<=8k,0.1251,2
1024,n<=64,sr<=40%,kvB<=1k,kp=0,0.1192,2
1024,n<=64,sr<=40%,kvB<=4k,kp<=16k,-0.0036,2
1024,n<=64,sr<=40%,kvB<=4k,kp<=1k,0.0202,2
1024,n<=64,sr<=40%,kvB<=4k,kp<=2k,0.0126,2
1024,n<=64,sr<=40%,kvB<=4k,kp<=32k,0.0096,2
1024,n<=64,sr<=40%,kvB<=4k,kp<=4k,-0.0023,2
1024,n<=64,sr<=40%,kvB<=4k,kp<=512,0.0185,2
1024,n<=64,sr<=40%,kvB<=4k,kp<=64k,0.0038,2
1024,n<=64,sr<=40%,kvB<=4k,kp<=8k,0.0041,2
1024,n<=64,sr<=40%,kvB<=4k,kp=0,0.0201,2
1024,n<=64,sr<=40%,kvB<=64k,kp<=16k,0.0838,2
1024,n<=64,sr<=40%,kvB<=64k,kp<=1k,0.396,2
1024,n<=64,sr<=40%,kvB<=64k,kp<=2k,0.1591,2
1024,n<=64,sr<=40%,kvB<=64k,kp<=32k,0.22,2
1024,n<=64,sr<=40%,kvB<=64k,kp<=4k,0.014,2
1024,n<=64,sr<=40%,kvB<=64k,kp<=512,0.4646,2
1024,n<=64,sr<=40%,kvB<=64k,kp<=64k,-0.003,2
1024,n<=64,sr<=40%,kvB<=64k,kp<=8k,0.0071,2
1024,n<=64,sr<=40%,kvB<=64k,kp=0,0.5354,2
1024,n<=64,sr<=5%,kvB<=16k,kp<=16k,-0.0018,6
1024,n<=64,sr<=5%,kvB<=16k,kp<=1k,0.0309,6
1024,n<=64,sr<=5%,kvB<=16k,kp<=2k,0.0093,6
1024,n<=64,sr<=5%,kvB<=16k,kp<=32k,0.0048,6
1024,n<=64,sr<=5%,kvB<=16k,kp<=4k,0.0101,6
1024,n<=64,sr<=5%,kvB<=16k,kp<=512,0.0145,6
1024,n<=64,sr<=5%,kvB<=16k,kp<=64k,-0.0005,6
1024,n<=64,sr<=5%,kvB<=16k,kp<=8k,0.0211,6
1024,n<=64,sr<=5%,kvB<=16k,kp=0,0.021,6
1024,n<=64,sr<=5%,kvB<=1k,kp<=16k,0.0216,6
1024,n<=64,sr<=5%,kvB<=1k,kp<=1k,0.0205,6
1024,n<=64,sr<=5%,kvB<=1k,kp<=2k,0.0254,6
1024,n<=64,sr<=5%,kvB<=1k,kp<=32k,0.0271,6
1024,n<=64,sr<=5%,kvB<=1k,kp<=4k,0.0207,6
1024,n<=64,sr<=5%,kvB<=1k,kp<=512,0.0249,6
1024,n<=64,sr<=5%,kvB<=1k,kp<=64k,0.0119,6
1024,n<=64,sr<=5%,kvB<=1k,kp<=8k,0.0124,6
1024,n<=64,sr<=5%,kvB<=1k,kp=0,0.0255,6
1024,n<=64,sr<=5%,kvB<=4k,kp<=16k,0.0166,6
1024,n<=64,sr<=5%,kvB<=4k,kp<=1k,0.0397,6
1024,n<=64,sr<=5%,kvB<=4k,kp<=2k,0.0255,6
1024,n<=64,sr<=5%,kvB<=4k,kp<=32k,0.0115,6
1024,n<=64,sr<=5%,kvB<=4k,kp<=4k,0.0126,6
1024,n<=64,sr<=5%,kvB<=4k,kp<=512,0.042,6
1024,n<=64,sr<=5%,kvB<=4k,kp<=64k,0.0181,6
1024,n<=64,sr<=5%,kvB<=4k,kp<=8k,0.0181,6
1024,n<=64,sr<=5%,kvB<=4k,kp=0,0.0422,6
1024,n<=64,sr<=5%,kvB<=64k,kp<=16k,0.0086,6
1024,n<=64,sr<=5%,kvB<=64k,kp<=1k,0.053,6
1024,n<=64,sr<=5%,kvB<=64k,kp<=2k,0.0657,6
1024,n<=64,sr<=5%,kvB<=64k,kp<=32k,0.0151,6
1024,n<=64,sr<=5%,kvB<=64k,kp<=4k,0.0102,6
1024,n<=64,sr<=5%,kvB<=64k,kp<=512,0.0755,6
1024,n<=64,sr<=5%,kvB<=64k,kp<=64k,0.0089,6
1024,n<=64,sr<=5%,kvB<=64k,kp<=8k,0.0095,6
1024,n<=64,sr<=5%,kvB<=64k,kp=0,0.0667,6
1024,n<=64,sr<=70%,kvB<=16k,kp<=16k,0.1653,2
1024,n<=64,sr<=70%,kvB<=16k,kp<=1k,0.8614,2
1024,n<=64,sr<=70%,kvB<=16k,kp<=2k,0.413,2
1024,n<=64,sr<=70%,kvB<=16k,kp<=32k,0.0898,2
1024,n<=64,sr<=70%,kvB<=16k,kp<=4k,-0.0326,2
1024,n<=64,sr<=70%,kvB<=16k,kp<=512,1.4158,2
1024,n<=64,sr<=70%,kvB<=16k,kp<=64k,0.0643,2
1024,n<=64,sr<=70%,kvB<=16k,kp<=8k,0.1465,2
1024,n<=64,sr<=70%,kvB<=16k,kp=0,1.5172,2
1024,n<=64,sr<=70%,kvB<=1k,kp<=16k,0.0778,2
1024,n<=64,sr<=70%,kvB<=1k,kp<=1k,0.0476,2
1024,n<=64,sr<=70%,kvB<=1k,kp<=2k,0.0569,2
1024,n<=64,sr<=70%,kvB<=1k,kp<=32k,-0.0461,2
1024,n<=64,sr<=70%,kvB<=1k,kp<=4k,0.0442,2
1024,n<=64,sr<=70%,kvB<=1k,kp<=512,0.0548,2
1024,n<=64,sr<=70%,kvB<=1k,kp<=64k,0.0864,2
1024,n<=64,sr<=70%,kvB<=1k,kp<=8k,0.0581,2
1024,n<=64,sr<=70%,kvB<=1k,kp=0,0.0519,2
1024,n<=64,sr<=70%,kvB<=4k,kp<=16k,0.0023,2
1024,n<=64,sr<=70%,kvB<=4k,kp<=1k,0.0157,2
1024,n<=64,sr<=70%,kvB<=4k,kp<=2k,-0.0099,2
1024,n<=64,sr<=70%,kvB<=4k,kp<=32k,0.0052,2
1024,n<=64,sr<=70%,kvB<=4k,kp<=4k,-0.0135,2
1024,n<=64,sr<=70%,kvB<=4k,kp<=512,0.0096,2
1024,n<=64,sr<=70%,kvB<=4k,kp<=64k,0.0203,2
1024,n<=64,sr<=70%,kvB<=4k,kp<=8k,0.002,2
1024,n<=64,sr<=70%,kvB<=4k,kp=0,0.0094,2
1024,n<=64,sr<=70%,kvB<=64k,kp<=16k,0.0093,2
1024,n<=64,sr<=70%,kvB<=64k,kp<=1k,0.9485,2
1024,n<=64,sr<=70%,kvB<=64k,kp<=2k,0.436,2
1024,n<=64,sr<=70%,kvB<=64k,kp<=32k,0.051,2
1024,n<=64,sr<=70%,kvB<=64k,kp<=4k,0.028,2
1024,n<=64,sr<=70%,kvB<=64k,kp<=512,1.1313,2
1024,n<=64,sr<=70%,kvB<=64k,kp<=64k,0.0296,2
1024,n<=64,sr<=70%,kvB<=64k,kp<=8k,0.0146,2
1024,n<=64,sr<=70%,kvB<=64k,kp=0,1.1931,2
1024,n<=64,sr>70%,kvB<=16k,kp<=16k,1.0716,3
1024,n<=64,sr>70%,kvB<=16k,kp<=1k,2.0771,4
1024,n<=64,sr>70%,kvB<=16k,kp<=2k,0.9279,4
1024,n<=64,sr>70%,kvB<=16k,kp<=32k,0.6859,4
1024,n<=64,sr>70%,kvB<=16k,kp<=4k,0.1085,4
1024,n<=64,sr>70%,kvB<=16k,kp<=512,4.5818,4
1024,n<=64,sr>70%,kvB<=16k,kp<=64k,0.293,4
1024,n<=64,sr>70%,kvB<=16k,kp<=8k,0.1167,4
1024,n<=64,sr>70%,kvB<=16k,kp=0,4.7696,4
1024,n<=64,sr>70%,kvB<=1k,kp<=16k,0.2423,4
1024,n<=64,sr>70%,kvB<=1k,kp<=1k,0.3006,4
1024,n<=64,sr>70%,kvB<=1k,kp<=2k,0.2799,4
1024,n<=64,sr>70%,kvB<=1k,kp<=32k,0.2532,4
1024,n<=64,sr>70%,kvB<=1k,kp<=4k,0.3298,4
1024,n<=64,sr>70%,kvB<=1k,kp<=512,0.2814,4
1024,n<=64,sr>70%,kvB<=1k,kp<=64k,0.4133,4
1024,n<=64,sr>70%,kvB<=1k,kp<=8k,0.2925,4
1024,n<=64,sr>70%,kvB<=1k,kp=0,0.2874,4
1024,n<=64,sr>70%,kvB<=4k,kp<=16k,0.0569,4
1024,n<=64,sr>70%,kvB<=4k,kp<=1k,0.0742,4
1024,n<=64,sr>70%,kvB<=4k,kp<=2k,-0.0971,4
1024,n<=64,sr>70%,kvB<=4k,kp<=32k,0.0144,4
1024,n<=64,sr>70%,kvB<=4k,kp<=4k,-0.0289,4
1024,n<=64,sr>70%,kvB<=4k,kp<=512,0.1116,4
1024,n<=64,sr>70%,kvB<=4k,kp<=64k,0.0471,4
1024,n<=64,sr>70%,kvB<=4k,kp<=8k,0.0053,4
1024,n<=64,sr>70%,kvB<=4k,kp=0,0.0298,4
1024,n<=64,sr>70%,kvB<=64k,kp<=16k,0.0237,4
1024,n<=64,sr>70%,kvB<=64k,kp<=1k,2.8528,4
1024,n<=64,sr>70%,kvB<=64k,kp<=2k,1.2181,3
1024,n<=64,sr>70%,kvB<=64k,kp<=32k,0.1016,4
1024,n<=64,sr>70%,kvB<=64k,kp<=4k,0.0802,4
1024,n<=64,sr>70%,kvB<=64k,kp<=512,2.47,4
1024,n<=64,sr>70%,kvB<=64k,kp<=64k,0.0115,4
1024,n<=64,sr>70%,kvB<=64k,kp<=8k,0.0397,4
1024,n<=64,sr>70%,kvB<=64k,kp=0,2.925,3
1024,n<=8,sr<=15%,kvB<=16k,kp<=16k,0.0016,2
1024,n<=8,sr<=15%,kvB<=16k,kp<=1k,0.2758,2
1024,n<=8,sr<=15%,kvB<=16k,kp<=2k,0.2578,2
1024,n<=8,sr<=15%,kvB<=16k,kp<=32k,-0.0047,2
1024,n<=8,sr<=15%,kvB<=16k,kp<=4k,0.2269,2
1024,n<=8,sr<=15%,kvB<=16k,kp<=512,0.2789,2
1024,n<=8,sr<=15%,kvB<=16k,kp<=64k,-0.0339,2
1024,n<=8,sr<=15%,kvB<=16k,kp<=8k,0.1848,2
1024,n<=8,sr<=15%,kvB<=16k,kp=0,0.2803,2
1024,n<=8,sr<=15%,kvB<=1k,kp<=16k,0.1023,2
1024,n<=8,sr<=15%,kvB<=1k,kp<=1k,0.1014,2
1024,n<=8,sr<=15%,kvB<=1k,kp<=2k,0.0935,2
1024,n<=8,sr<=15%,kvB<=1k,kp<=32k,0.2937,2
1024,n<=8,sr<=15%,kvB<=1k,kp<=4k,0.0675,2
1024,n<=8,sr<=15%,kvB<=1k,kp<=512,0.1176,2
1024,n<=8,sr<=15%,kvB<=1k,kp<=64k,0.2791,2
1024,n<=8,sr<=15%,kvB<=1k,kp<=8k,0.1298,2
1024,n<=8,sr<=15%,kvB<=1k,kp=0,0.1288,2
1024,n<=8,sr<=15%,kvB<=4k,kp<=16k,0.001,2
1024,n<=8,sr<=15%,kvB<=4k,kp<=1k,0.1963,2
1024,n<=8,sr<=15%,kvB<=4k,kp<=2k,0.1235,2
1024,n<=8,sr<=15%,kvB<=4k,kp<=32k,0.066,2
1024,n<=8,sr<=15%,kvB<=4k,kp<=4k,0.0096,2
1024,n<=8,sr<=15%,kvB<=4k,kp<=512,0.2395,2
1024,n<=8,sr<=15%,kvB<=4k,kp<=64k,-0.3333,2
1024,n<=8,sr<=15%,kvB<=4k,kp<=8k,-0.0042,2
1024,n<=8,sr<=15%,kvB<=4k,kp=0,0.2531,2
1024,n<=8,sr<=15%,kvB<=64k,kp<=16k,0.2162,2
1024,n<=8,sr<=15%,kvB<=64k,kp<=1k,0.2968,2
1024,n<=8,sr<=15%,kvB<=64k,kp<=2k,0.2784,2
1024,n<=8,sr<=15%,kvB<=64k,kp<=32k,0.2001,2
1024,n<=8,sr<=15%,kvB<=64k,kp<=4k,0.2487,2
1024,n<=8,sr<=15%,kvB<=64k,kp<=512,0.3039,2
1024,n<=8,sr<=15%,kvB<=64k,kp<=64k,0.0324,2
1024,n<=8,sr<=15%,kvB<=64k,kp<=8k,0.2027,2
1024,n<=8,sr<=15%,kvB<=64k,kp=0,0.317,2
1024,n<=8,sr<=40%,kvB<=16k,kp<=16k,-0.0665,4
1024,n<=8,sr<=40%,kvB<=16k,kp<=1k,0.2547,4
1024,n<=8,sr<=40%,kvB<=16k,kp<=2k,0.2464,4
1024,n<=8,sr<=40%,kvB<=16k,kp<=32k,-0.0365,4
1024,n<=8,sr<=40%,kvB<=16k,kp<=4k,0.2344,4
1024,n<=8,sr<=40%,kvB<=16k,kp<=512,0.2575,4
1024,n<=8,sr<=40%,kvB<=16k,kp<=64k,0.1382,4
1024,n<=8,sr<=40%,kvB<=16k,kp<=8k,0.1295,4
1024,n<=8,sr<=40%,kvB<=16k,kp=0,0.2749,4
1024,n<=8,sr<=40%,kvB<=1k,kp<=16k,0.1001,4
1024,n<=8,sr<=40%,kvB<=1k,kp<=1k,0.0915,4
1024,n<=8,sr<=40%,kvB<=1k,kp<=2k,0.044,4
1024,n<=8,sr<=40%,kvB<=1k,kp<=32k,-0.0257,4
1024,n<=8,sr<=40%,kvB<=1k,kp<=4k,0.0913,4
1024,n<=8,sr<=40%,kvB<=1k,kp<=512,0.0617,4
1024,n<=8,sr<=40%,kvB<=1k,kp<=64k,0.7831,4
1024,n<=8,sr<=40%,kvB<=1k,kp<=8k,0.1212,4
1024,n<=8,sr<=40%,kvB<=1k,kp=0,0.1414,4
1024,n<=8,sr<=40%,kvB<=4k,kp<=16k,-0.0275,4
1024,n<=8,sr<=40%,kvB<=4k,kp<=1k,0.2166,4
1024,n<=8,sr<=40%,kvB<=4k,kp<=2k,0.1417,4
1024,n<=8,sr<=40%,kvB<=4k,kp<=32k,-0.0534,4
1024,n<=8,sr<=40%,kvB<=4k,kp<=4k,-0.0169,4
1024,n<=8,sr<=40%,kvB<=4k,kp<=512,0.2369,4
1024,n<=8,sr<=40%,kvB<=4k,kp<=64k,0.3724,3
1024,n<=8,sr<=40%,kvB<=4k,kp<=8k,-0.0439,4
1024,n<=8,sr<=40%,kvB<=4k,kp=0,0.2447,4
1024,n<=8,sr<=40%,kvB<=64k,kp<=16k,0.2109,4
1024,n<=8,sr<=40%,kvB<=64k,kp<=1k,0.3106,4
1024,n<=8,sr<=40%,kvB<=64k,kp<=2k,0.2798,4
1024,n<=8,sr<=40%,kvB<=64k,kp<=32k,0.1167,4
1024,n<=8,sr<=40%,kvB<=64k,kp<=4k,0.2217,4
1024,n<=8,sr<=40%,kvB<=64k,kp<=512,0.3163,4
1024,n<=8,sr<=40%,kvB<=64k,kp<=64k,-0.0979,4
1024,n<=8,sr<=40%,kvB<=64k,kp<=8k,0.1958,4
1024,n<=8,sr<=40%,kvB<=64k,kp=0,0.2994,4
1024,n<=8,sr<=70%,kvB<=16k,kp<=16k,0.0022,2
1024,n<=8,sr<=70%,kvB<=16k,kp<=1k,0.2356,2
1024,n<=8,sr<=70%,kvB<=16k,kp<=2k,0.2354,2
1024,n<=8,sr<=70%,kvB<=16k,kp<=32k,-0.0822,2
1024,n<=8,sr<=70%,kvB<=16k,kp<=4k,0.232,2
1024,n<=8,sr<=70%,kvB<=16k,kp<=512,0.2201,2
1024,n<=8,sr<=70%,kvB<=16k,kp<=64k,-0.0335,2
1024,n<=8,sr<=70%,kvB<=16k,kp<=8k,0.1601,2
1024,n<=8,sr<=70%,kvB<=16k,kp=0,0.2602,2
1024,n<=8,sr<=70%,kvB<=1k,kp<=16k,0.2122,2
1024,n<=8,sr<=70%,kvB<=1k,kp<=1k,0.0541,2
1024,n<=8,sr<=70%,kvB<=1k,kp<=2k,0.0132,2
1024,n<=8,sr<=70%,kvB<=1k,kp<=32k,-0.9919,2
1024,n<=8,sr<=70%,kvB<=1k,kp<=4k,-0.0281,2
1024,n<=8,sr<=70%,kvB<=1k,kp<=512,0.0702,2
1024,n<=8,sr<=70%,kvB<=1k,kp<=64k,0.1936,2
1024,n<=8,sr<=70%,kvB<=1k,kp<=8k,0.1401,2
1024,n<=8,sr<=70%,kvB<=1k,kp=0,0.1467,2
1024,n<=8,sr<=70%,kvB<=4k,kp<=16k,-0.0117,2
1024,n<=8,sr<=70%,kvB<=4k,kp<=1k,0.2268,2
1024,n<=8,sr<=70%,kvB<=4k,kp<=2k,0.1473,2
1024,n<=8,sr<=70%,kvB<=4k,kp<=32k,-0.1025,2
1024,n<=8,sr<=70%,kvB<=4k,kp<=4k,0.002,2
1024,n<=8,sr<=70%,kvB<=4k,kp<=512,0.2475,2
1024,n<=8,sr<=70%,kvB<=4k,kp<=64k,-0.0834,2
1024,n<=8,sr<=70%,kvB<=4k,kp<=8k,-0.0691,2
1024,n<=8,sr<=70%,kvB<=4k,kp=0,0.2301,2
1024,n<=8,sr<=70%,kvB<=64k,kp<=16k,0.2007,2
1024,n<=8,sr<=70%,kvB<=64k,kp<=1k,0.2859,2
1024,n<=8,sr<=70%,kvB<=64k,kp<=2k,0.2805,2
1024,n<=8,sr<=70%,kvB<=64k,kp<=32k,0.1112,2
1024,n<=8,sr<=70%,kvB<=64k,kp<=4k,0.1904,2
1024,n<=8,sr<=70%,kvB<=64k,kp<=512,0.287,2
1024,n<=8,sr<=70%,kvB<=64k,kp<=64k,-0.0308,2
1024,n<=8,sr<=70%,kvB<=64k,kp<=8k,0.1542,2
1024,n<=8,sr<=70%,kvB<=64k,kp=0,0.2986,2
1024,n<=8,sr>70%,kvB<=16k,kp<=16k,-0.3508,4
1024,n<=8,sr>70%,kvB<=16k,kp<=1k,0.2745,4
1024,n<=8,sr>70%,kvB<=16k,kp<=2k,0.2054,4
1024,n<=8,sr>70%,kvB<=16k,kp<=32k,-0.1703,4
1024,n<=8,sr>70%,kvB<=16k,kp<=4k,0.2643,4
1024,n<=8,sr>70%,kvB<=16k,kp<=512,0.3847,4
1024,n<=8,sr>70%,kvB<=16k,kp<=64k,0.4011,4
1024,n<=8,sr>70%,kvB<=16k,kp<=8k,0.1187,4
1024,n<=8,sr>70%,kvB<=16k,kp=0,0.5408,4
1024,n<=8,sr>70%,kvB<=1k,kp<=16k,0.0592,3
1024,n<=8,sr>70%,kvB<=1k,kp<=1k,0.215,4
1024,n<=8,sr>70%,kvB<=1k,kp<=2k,0.4242,4
1024,n<=8,sr>70%,kvB<=1k,kp<=32k,0.967,4
1024,n<=8,sr>70%,kvB<=1k,kp<=4k,0.3462,4
1024,n<=8,sr>70%,kvB<=1k,kp<=512,0.2545,4
1024,n<=8,sr>70%,kvB<=1k,kp<=64k,0.5211,4
1024,n<=8,sr>70%,kvB<=1k,kp<=8k,0.1345,4
1024,n<=8,sr>70%,kvB<=1k,kp=0,0.3773,4
1024,n<=8,sr>70%,kvB<=4k,kp<=16k,0.0921,4
1024,n<=8,sr>70%,kvB<=4k,kp<=1k,0.268,4
1024,n<=8,sr>70%,kvB<=4k,kp<=2k,0.1852,4
1024,n<=8,sr>70%,kvB<=4k,kp<=32k,0.323,4
1024,n<=8,sr>70%,kvB<=4k,kp<=4k,-0.1713,4
1024,n<=8,sr>70%,kvB<=4k,kp<=512,0.2588,4
1024,n<=8,sr>70%,kvB<=4k,kp<=64k,-1.067,4
1024,n<=8,sr>70%,kvB<=4k,kp<=8k,-0.167,4
1024,n<=8,sr>70%,kvB<=4k,kp=0,0.2116,4
1024,n<=8,sr>70%,kvB<=64k,kp<=16k,0.1538,4
1024,n<=8,sr>70%,kvB<=64k,kp<=1k,0.7892,4
1024,n<=8,sr>70%,kvB<=64k,kp<=2k,0.7268,4
1024,n<=8,sr>70%,kvB<=64k,kp<=32k,0.0362,4
1024,n<=8,sr>70%,kvB<=64k,kp<=4k,0.3824,4
1024,n<=8,sr>70%,kvB<=64k,kp<=512,0.8443,4
1024,n<=8,sr>70%,kvB<=64k,kp<=64k,-0.7004,4
1024,n<=8,sr>70%,kvB<=64k,kp<=8k,0.1447,4
1024,n<=8,sr>70%,kvB<=64k,kp=0,0.9153,4
2048,n<=128,sr<=15%,kvB<=16k,kp<=16k,-0.0011,4
2048,n<=128,sr<=15%,kvB<=16k,kp<=1k,0.0073,4
2048,n<=128,sr<=15%,kvB<=16k,kp<=2k,0.0059,4
2048,n<=128,sr<=15%,kvB<=16k,kp<=32k,-0.0018,4
2048,n<=128,sr<=15%,kvB<=16k,kp<=4k,0.0104,4
2048,n<=128,sr<=15%,kvB<=16k,kp<=512,0.0241,4
2048,n<=128,sr<=15%,kvB<=16k,kp<=64k,-0.001,4
2048,n<=128,sr<=15%,kvB<=16k,kp<=8k,0.001,4
2048,n<=128,sr<=15%,kvB<=16k,kp=0,0.0458,4
2048,n<=128,sr<=15%,kvB<=1k,kp<=16k,0.0784,4
2048,n<=128,sr<=15%,kvB<=1k,kp<=1k,0.0723,4
2048,n<=128,sr<=15%,kvB<=1k,kp<=2k,0.0774,4
2048,n<=128,sr<=15%,kvB<=1k,kp<=32k,0.0529,4
2048,n<=128,sr<=15%,kvB<=1k,kp<=4k,0.0787,4
2048,n<=128,sr<=15%,kvB<=1k,kp<=512,0.077,4
2048,n<=128,sr<=15%,kvB<=1k,kp<=64k,0.0559,4
2048,n<=128,sr<=15%,kvB<=1k,kp<=8k,0.072,4
2048,n<=128,sr<=15%,kvB<=1k,kp=0,0.0704,4
2048,n<=128,sr<=15%,kvB<=4k,kp<=16k,0.0054,4
2048,n<=128,sr<=15%,kvB<=4k,kp<=1k,0.0055,4
2048,n<=128,sr<=15%,kvB<=4k,kp<=2k,0.0039,4
2048,n<=128,sr<=15%,kvB<=4k,kp<=32k,0.0179,4
2048,n<=128,sr<=15%,kvB<=4k,kp<=4k,0.0012,4
2048,n<=128,sr<=15%,kvB<=4k,kp<=512,0.0057,4
2048,n<=128,sr<=15%,kvB<=4k,kp<=64k,0.0181,4
2048,n<=128,sr<=15%,kvB<=4k,kp<=8k,0.0038,4
2048,n<=128,sr<=15%,kvB<=4k,kp=0,0.006,4
2048,n<=128,sr<=15%,kvB<=64k,kp<=16k,0.0054,4
2048,n<=128,sr<=15%,kvB<=64k,kp<=1k,0.0094,4
2048,n<=128,sr<=15%,kvB<=64k,kp<=2k,0.0037,4
2048,n<=128,sr<=15%,kvB<=64k,kp<=32k,-0.0009,4
2048,n<=128,sr<=15%,kvB<=64k,kp<=4k,0.0051,4
2048,n<=128,sr<=15%,kvB<=64k,kp<=512,0.0129,4
2048,n<=128,sr<=15%,kvB<=64k,kp<=64k,0.0017,4
2048,n<=128,sr<=15%,kvB<=64k,kp<=8k,0.0054,4
2048,n<=128,sr<=15%,kvB<=64k,kp=0,0.0142,4
2048,n<=128,sr<=40%,kvB<=16k,kp<=16k,-0.009,2
2048,n<=128,sr<=40%,kvB<=16k,kp<=1k,0.0073,2
2048,n<=128,sr<=40%,kvB<=16k,kp<=2k,0.0012,2
2048,n<=128,sr<=40%,kvB<=16k,kp<=32k,-0.0016,2
2048,n<=128,sr<=40%,kvB<=16k,kp<=4k,0.0076,2
2048,n<=128,sr<=40%,kvB<=16k,kp<=512,0.0223,2
2048,n<=128,sr<=40%,kvB<=16k,kp<=64k,0.0029,2
2048,n<=128,sr<=40%,kvB<=16k,kp<=8k,0.0156,2
2048,n<=128,sr<=40%,kvB<=16k,kp=0,0.0498,2
2048,n<=128,sr<=40%,kvB<=1k,kp<=16k,0.1498,2
2048,n<=128,sr<=40%,kvB<=1k,kp<=1k,0.1224,2
2048,n<=128,sr<=40%,kvB<=1k,kp<=2k,0.121,2
2048,n<=128,sr<=40%,kvB<=1k,kp<=32k,0.1362,2
2048,n<=128,sr<=40%,kvB<=1k,kp<=4k,0.1046,2
2048,n<=128,sr<=40%,kvB<=1k,kp<=512,0.1235,2
2048,n<=128,sr<=40%,kvB<=1k,kp<=64k,0.1788,2
2048,n<=128,sr<=40%,kvB<=1k,kp<=8k,0.14,2
2048,n<=128,sr<=40%,kvB<=1k,kp=0,0.1094,2
2048,n<=128,sr<=40%,kvB<=4k,kp<=16k,-0.005,2
2048,n<=128,sr<=40%,kvB<=4k,kp<=1k,-0.0024,2
2048,n<=128,sr<=40%,kvB<=4k,kp<=2k,-0.0056,2
2048,n<=128,sr<=40%,kvB<=4k,kp<=32k,-0.0028,2
2048,n<=128,sr<=40%,kvB<=4k,kp<=4k,-0.0044,2
2048,n<=128,sr<=40%,kvB<=4k,kp<=512,-0.0058,2
2048,n<=128,sr<=40%,kvB<=4k,kp<=64k,-0.0029,2
2048,n<=128,sr<=40%,kvB<=4k,kp<=8k,0.0004,2
2048,n<=128,sr<=40%,kvB<=4k,kp=0,-0.0024,2
2048,n<=128,sr<=40%,kvB<=64k,kp<=16k,0.0042,2
2048,n<=128,sr<=40%,kvB<=64k,kp<=1k,0.0035,2
2048,n<=128,sr<=40%,kvB<=64k,kp<=2k,-0.001,2
2048,n<=128,sr<=40%,kvB<=64k,kp<=32k,0.0024,2
2048,n<=128,sr<=40%,kvB<=64k,kp<=4k,0.0016,2
2048,n<=128,sr<=40%,kvB<=64k,kp<=512,0.0127,2
2048,n<=128,sr<=40%,kvB<=64k,kp<=64k,-0.0125,2
2048,n<=128,sr<=40%,kvB<=64k,kp<=8k,0.0018,2
2048,n<=128,sr<=40%,kvB<=64k,kp=0,0.0109,2
2048,n<=128,sr<=5%,kvB<=16k,kp<=16k,0.0002,8
2048,n<=128,sr<=5%,kvB<=16k,kp<=1k,0.0062,8
2048,n<=128,sr<=5%,kvB<=16k,kp<=2k,0.0051,8
2048,n<=128,sr<=5%,kvB<=16k,kp<=32k,0.0002,8
2048,n<=128,sr<=5%,kvB<=16k,kp<=4k,0.0044,8
2048,n<=128,sr<=5%,kvB<=16k,kp<=512,0.0083,8
2048,n<=128,sr<=5%,kvB<=16k,kp<=64k,0.0,8
2048,n<=128,sr<=5%,kvB<=16k,kp<=8k,0.0012,8
2048,n<=128,sr<=5%,kvB<=16k,kp=0,0.0179,8
2048,n<=128,sr<=5%,kvB<=1k,kp<=16k,0.0164,8
2048,n<=128,sr<=5%,kvB<=1k,kp<=1k,0.0128,8
2048,n<=128,sr<=5%,kvB<=1k,kp<=2k,0.0081,8
2048,n<=128,sr<=5%,kvB<=1k,kp<=32k,0.01,8
2048,n<=128,sr<=5%,kvB<=1k,kp<=4k,0.0136,8
2048,n<=128,sr<=5%,kvB<=1k,kp<=512,0.0087,8
2048,n<=128,sr<=5%,kvB<=1k,kp<=64k,-0.0008,8
2048,n<=128,sr<=5%,kvB<=1k,kp<=8k,0.02,8
2048,n<=128,sr<=5%,kvB<=1k,kp=0,0.0122,8
2048,n<=128,sr<=5%,kvB<=4k,kp<=16k,0.007,8
2048,n<=128,sr<=5%,kvB<=4k,kp<=1k,0.0071,8
2048,n<=128,sr<=5%,kvB<=4k,kp<=2k,0.0054,8
2048,n<=128,sr<=5%,kvB<=4k,kp<=32k,0.0132,8
2048,n<=128,sr<=5%,kvB<=4k,kp<=4k,0.0054,8
2048,n<=128,sr<=5%,kvB<=4k,kp<=512,0.0082,8
2048,n<=128,sr<=5%,kvB<=4k,kp<=64k,0.0168,8
2048,n<=128,sr<=5%,kvB<=4k,kp<=8k,0.0063,8
2048,n<=128,sr<=5%,kvB<=4k,kp=0,0.0092,8
2048,n<=128,sr<=5%,kvB<=64k,kp<=16k,0.0045,8
2048,n<=128,sr<=5%,kvB<=64k,kp<=1k,0.0085,8
2048,n<=128,sr<=5%,kvB<=64k,kp<=2k,0.0053,8
2048,n<=128,sr<=5%,kvB<=64k,kp<=32k,0.0032,8
2048,n<=128,sr<=5%,kvB<=64k,kp<=4k,0.0053,8
2048,n<=128,sr<=5%,kvB<=64k,kp<=512,0.0095,8
2048,n<=128,sr<=5%,kvB<=64k,kp<=64k,0.001,8
2048,n<=128,sr<=5%,kvB<=64k,kp<=8k,0.0049,8
2048,n<=128,sr<=5%,kvB<=64k,kp=0,0.011,8
2048,n<=128,sr<=70%,kvB<=16k,kp<=16k,-0.0145,2
2048,n<=128,sr<=70%,kvB<=16k,kp<=1k,0.0208,2
2048,n<=128,sr<=70%,kvB<=16k,kp<=2k,-0.0011,2
2048,n<=128,sr<=70%,kvB<=16k,kp<=32k,-0.0026,2
2048,n<=128,sr<=70%,kvB<=16k,kp<=4k,0.0007,2
2048,n<=128,sr<=70%,kvB<=16k,kp<=512,0.0372,2
2048,n<=128,sr<=70%,kvB<=16k,kp<=64k,-0.0072,2
2048,n<=128,sr<=70%,kvB<=16k,kp<=8k,0.0022,2
2048,n<=128,sr<=70%,kvB<=16k,kp=0,0.0705,2
2048,n<=128,sr<=70%,kvB<=1k,kp<=16k,0.0622,2
2048,n<=128,sr<=70%,kvB<=1k,kp<=1k,0.1054,2
2048,n<=128,sr<=70%,kvB<=1k,kp<=2k,0.0959,2
2048,n<=128,sr<=70%,kvB<=1k,kp<=32k,0.028,2
2048,n<=128,sr<=70%,kvB<=1k,kp<=4k,0.0779,2
2048,n<=128,sr<=70%,kvB<=1k,kp<=512,0.086,2
2048,n<=128,sr<=70%,kvB<=1k,kp<=64k,0.0423,2
2048,n<=128,sr<=70%,kvB<=1k,kp<=8k,0.0779,2
2048,n<=128,sr<=70%,kvB<=1k,kp=0,0.1032,2
2048,n<=128,sr<=70%,kvB<=4k,kp<=16k,0.0311,2
2048,n<=128,sr<=70%,kvB<=4k,kp<=1k,-0.2244,2
2048,n<=128,sr<=70%,kvB<=4k,kp<=2k,-0.1706,2
2048,n<=128,sr<=70%,kvB<=4k,kp<=32k,-0.0034,2
2048,n<=128,sr<=70%,kvB<=4k,kp<=4k,-0.2615,2
2048,n<=128,sr<=70%,kvB<=4k,kp<=512,-0.1913,2
2048,n<=128,sr<=70%,kvB<=4k,kp<=64k,-0.0018,2
2048,n<=128,sr<=70%,kvB<=4k,kp<=8k,-0.2346,2
2048,n<=128,sr<=70%,kvB<=4k,kp=0,-0.1599,2
2048,n<=128,sr<=70%,kvB<=64k,kp<=16k,-0.0004,2
2048,n<=128,sr<=70%,kvB<=64k,kp<=1k,0.0011,2
2048,n<=128,sr<=70%,kvB<=64k,kp<=2k,-0.008,2
2048,n<=128,sr<=70%,kvB<=64k,kp<=32k,0.0065,2
2048,n<=128,sr<=70%,kvB<=64k,kp<=4k,-0.0,2
2048,n<=128,sr<=70%,kvB<=64k,kp<=512,0.015,2
2048,n<=128,sr<=70%,kvB<=64k,kp<=64k,-0.0254,2
2048,n<=128,sr<=70%,kvB<=64k,kp<=8k,-0.0007,2
2048,n<=128,sr<=70%,kvB<=64k,kp=0,0.0102,2
2048,n<=128,sr>70%,kvB<=16k,kp<=16k,0.0037,4
2048,n<=128,sr>70%,kvB<=16k,kp<=1k,0.0591,4
2048,n<=128,sr>70%,kvB<=16k,kp<=2k,0.0025,4
2048,n<=128,sr>70%,kvB<=16k,kp<=32k,-0.02,4
2048,n<=128,sr>70%,kvB<=16k,kp<=4k,0.0025,4
2048,n<=128,sr>70%,kvB<=16k,kp<=512,0.1366,4
2048,n<=128,sr>70%,kvB<=16k,kp<=64k,-0.0058,4
2048,n<=128,sr>70%,kvB<=16k,kp<=8k,0.0151,4
2048,n<=128,sr>70%,kvB<=16k,kp=0,0.165,4
2048,n<=128,sr>70%,kvB<=1k,kp<=16k,0.3091,4
2048,n<=128,sr>70%,kvB<=1k,kp<=1k,0.3601,4
2048,n<=128,sr>70%,kvB<=1k,kp<=2k,0.3338,4
2048,n<=128,sr>70%,kvB<=1k,kp<=32k,0.2475,4
2048,n<=128,sr>70%,kvB<=1k,kp<=4k,0.3334,4
2048,n<=128,sr>70%,kvB<=1k,kp<=512,0.3375,4
2048,n<=128,sr>70%,kvB<=1k,kp<=64k,0.3949,4
2048,n<=128,sr>70%,kvB<=1k,kp<=8k,0.3183,4
2048,n<=128,sr>70%,kvB<=1k,kp=0,0.3271,4
2048,n<=128,sr>70%,kvB<=4k,kp<=16k,-0.0003,4
2048,n<=128,sr>70%,kvB<=4k,kp<=1k,-0.6173,4
2048,n<=128,sr>70%,kvB<=4k,kp<=2k,-0.0081,4
2048,n<=128,sr>70%,kvB<=4k,kp<=32k,0.028,4
2048,n<=128,sr>70%,kvB<=4k,kp<=4k,0.2053,4
2048,n<=128,sr>70%,kvB<=4k,kp<=512,-0.9924,4
2048,n<=128,sr>70%,kvB<=4k,kp<=64k,0.1241,4
2048,n<=128,sr>70%,kvB<=4k,kp<=8k,0.0167,4
2048,n<=128,sr>70%,kvB<=4k,kp=0,-0.4482,4
2048,n<=128,sr>70%,kvB<=64k,kp<=16k,0.0076,4
2048,n<=128,sr>70%,kvB<=64k,kp<=1k,0.051,4
2048,n<=128,sr>70%,kvB<=64k,kp<=2k,0.015,4
2048,n<=128,sr>70%,kvB<=64k,kp<=32k,0.0087,4
2048,n<=128,sr>70%,kvB<=64k,kp<=4k,0.0088,4
2048,n<=128,sr>70%,kvB<=64k,kp<=512,0.0747,4
2048,n<=128,sr>70%,kvB<=64k,kp<=64k,-0.0208,4
2048,n<=128,sr>70%,kvB<=64k,kp<=8k,0.0085,4
2048,n<=128,sr>70%,kvB<=64k,kp=0,0.0762,4
2048,n<=16,sr<=15%,kvB<=16k,kp<=16k,-0.0361,4
2048,n<=16,sr<=15%,kvB<=16k,kp<=1k,0.1422,4
2048,n<=16,sr<=15%,kvB<=16k,kp<=2k,0.128,4
2048,n<=16,sr<=15%,kvB<=16k,kp<=32k,-0.0154,4
2048,n<=16,sr<=15%,kvB<=16k,kp<=4k,0.1347,4
2048,n<=16,sr<=15%,kvB<=16k,kp<=512,0.14,4
2048,n<=16,sr<=15%,kvB<=16k,kp<=64k,0.0006,4
2048,n<=16,sr<=15%,kvB<=16k,kp<=8k,0.0881,4
2048,n<=16,sr<=15%,kvB<=16k,kp=0,0.1324,4
2048,n<=16,sr<=15%,kvB<=1k,kp<=16k,0.0503,4
2048,n<=16,sr<=15%,kvB<=1k,kp<=1k,0.0723,4
2048,n<=16,sr<=15%,kvB<=1k,kp<=2k,-0.0667,4
2048,n<=16,sr<=15%,kvB<=1k,kp<=32k,-0.0724,4
2048,n<=16,sr<=15%,kvB<=1k,kp<=4k,-0.0561,4
2048,n<=16,sr<=15%,kvB<=1k,kp<=512,0.0871,4
2048,n<=16,sr<=15%,kvB<=1k,kp<=64k,0.0795,4
2048,n<=16,sr<=15%,kvB<=1k,kp<=8k,0.1223,4
2048,n<=16,sr<=15%,kvB<=1k,kp=0,0.0735,4
2048,n<=16,sr<=15%,kvB<=4k,kp<=16k,0.046,4
2048,n<=16,sr<=15%,kvB<=4k,kp<=1k,0.0546,4
2048,n<=16,sr<=15%,kvB<=4k,kp<=2k,-0.007,4
2048,n<=16,sr<=15%,kvB<=4k,kp<=32k,0.0564,4
2048,n<=16,sr<=15%,kvB<=4k,kp<=4k,0.0284,4
2048,n<=16,sr<=15%,kvB<=4k,kp<=512,0.0835,4
2048,n<=16,sr<=15%,kvB<=4k,kp<=64k,0.0813,4
2048,n<=16,sr<=15%,kvB<=4k,kp<=8k,0.0381,4
2048,n<=16,sr<=15%,kvB<=4k,kp=0,0.1086,4
2048,n<=16,sr<=15%,kvB<=64k,kp<=16k,0.0825,4
2048,n<=16,sr<=15%,kvB<=64k,kp<=1k,0.0807,4
2048,n<=16,sr<=15%,kvB<=64k,kp<=2k,0.0776,4
2048,n<=16,sr<=15%,kvB<=64k,kp<=32k,0.0606,4
2048,n<=16,sr<=15%,kvB<=64k,kp<=4k,0.073,4
2048,n<=16,sr<=15%,kvB<=64k,kp<=512,0.0942,4
2048,n<=16,sr<=15%,kvB<=64k,kp<=64k,-0.015,4
2048,n<=16,sr<=15%,kvB<=64k,kp<=8k,0.0569,4
2048,n<=16,sr<=15%,kvB<=64k,kp=0,0.1275,4
2048,n<=16,sr<=40%,kvB<=16k,kp<=16k,-0.013,4
2048,n<=16,sr<=40%,kvB<=16k,kp<=1k,0.1387,4
2048,n<=16,sr<=40%,kvB<=16k,kp<=2k,0.1134,4
2048,n<=16,sr<=40%,kvB<=16k,kp<=32k,0.0433,4
2048,n<=16,sr<=40%,kvB<=16k,kp<=4k,0.1405,4
2048,n<=16,sr<=40%,kvB<=16k,kp<=512,0.1287,4
2048,n<=16,sr<=40%,kvB<=16k,kp<=64k,0.0595,4
2048,n<=16,sr<=40%,kvB<=16k,kp<=8k,0.0958,4
2048,n<=16,sr<=40%,kvB<=16k,kp=0,0.1222,4
2048,n<=16,sr<=40%,kvB<=1k,kp<=16k,0.1745,4
2048,n<=16,sr<=40%,kvB<=1k,kp<=1k,0.1715,4
2048,n<=16,sr<=40%,kvB<=1k,kp<=2k,0.1075,4
2048,n<=16,sr<=40%,kvB<=1k,kp<=32k,0.4995,4
2048,n<=16,sr<=40%,kvB<=1k,kp<=4k,-0.1303,4
2048,n<=16,sr<=40%,kvB<=1k,kp<=512,0.0552,4
2048,n<=16,sr<=40%,kvB<=1k,kp<=64k,0.4364,3
2048,n<=16,sr<=40%,kvB<=1k,kp<=8k,0.1299,4
2048,n<=16,sr<=40%,kvB<=1k,kp=0,0.112,4
2048,n<=16,sr<=40%,kvB<=4k,kp<=16k,-0.0013,4
2048,n<=16,sr<=40%,kvB<=4k,kp<=1k,0.0789,4
2048,n<=16,sr<=40%,kvB<=4k,kp<=2k,0.0429,4
2048,n<=16,sr<=40%,kvB<=4k,kp<=32k,-0.0013,4
2048,n<=16,sr<=40%,kvB<=4k,kp<=4k,0.0173,4
2048,n<=16,sr<=40%,kvB<=4k,kp<=512,0.114,4
2048,n<=16,sr<=40%,kvB<=4k,kp<=64k,-0.011,4
2048,n<=16,sr<=40%,kvB<=4k,kp<=8k,-0.0998,4
2048,n<=16,sr<=40%,kvB<=4k,kp=0,0.1222,4
2048,n<=16,sr<=40%,kvB<=64k,kp<=16k,0.0469,4
2048,n<=16,sr<=40%,kvB<=64k,kp<=1k,0.0553,4
2048,n<=16,sr<=40%,kvB<=64k,kp<=2k,0.0606,4
2048,n<=16,sr<=40%,kvB<=64k,kp<=32k,0.0833,4
2048,n<=16,sr<=40%,kvB<=64k,kp<=4k,0.044,4
2048,n<=16,sr<=40%,kvB<=64k,kp<=512,0.1097,4
2048,n<=16,sr<=40%,kvB<=64k,kp<=64k,0.0355,4
2048,n<=16,sr<=40%,kvB<=64k,kp<=8k,0.0424,4
2048,n<=16,sr<=40%,kvB<=64k,kp=0,0.1599,4
2048,n<=16,sr<=70%,kvB<=16k,kp<=16k,-0.0069,2
2048,n<=16,sr<=70%,kvB<=16k,kp<=1k,0.1183,2
2048,n<=16,sr<=70%,kvB<=16k,kp<=2k,0.0912,2
2048,n<=16,sr<=70%,kvB<=16k,kp<=32k,-0.0557,2
2048,n<=16,sr<=70%,kvB<=16k,kp<=4k,0.1078,2
2048,n<=16,sr<=70%,kvB<=16k,kp<=512,0.0933,2
2048,n<=16,sr<=70%,kvB<=16k,kp<=64k,0.088,2
2048,n<=16,sr<=70%,kvB<=16k,kp<=8k,0.1156,2
2048,n<=16,sr<=70%,kvB<=16k,kp=0,0.095,2
2048,n<=16,sr<=70%,kvB<=1k,kp<=16k,-0.3243,2
2048,n<=16,sr<=70%,kvB<=1k,kp<=1k,-0.0933,2
2048,n<=16,sr<=70%,kvB<=1k,kp<=2k,0.0616,2
2048,n<=16,sr<=70%,kvB<=1k,kp<=32k,-0.2568,1
2048,n<=16,sr<=70%,kvB<=1k,kp<=4k,0.3496,2
2048,n<=16,sr<=70%,kvB<=1k,kp<=512,0.0268,2
2048,n<=16,sr<=70%,kvB<=1k,kp<=8k,-0.9402,1
2048,n<=16,sr<=70%,kvB<=1k,kp=0,0.0764,2
2048,n<=16,sr<=70%,kvB<=4k,kp<=16k,0.0027,2
2048,n<=16,sr<=70%,kvB<=4k,kp<=1k,0.048,2
2048,n<=16,sr<=70%,kvB<=4k,kp<=2k,0.0535,2
2048,n<=16,sr<=70%,kvB<=4k,kp<=32k,0.1538,2
2048,n<=16,sr<=70%,kvB<=4k,kp<=4k,0.0113,2
2048,n<=16,sr<=70%,kvB<=4k,kp<=512,0.0918,2
2048,n<=16,sr<=70%,kvB<=4k,kp<=64k,0.2722,2
2048,n<=16,sr<=70%,kvB<=4k,kp<=8k,-0.1027,2
2048,n<=16,sr<=70%,kvB<=4k,kp=0,0.1041,2
2048,n<=16,sr<=70%,kvB<=64k,kp<=16k,0.0351,2
2048,n<=16,sr<=70%,kvB<=64k,kp<=1k,0.184,2
2048,n<=16,sr<=70%,kvB<=64k,kp<=2k,0.1833,2
2048,n<=16,sr<=70%,kvB<=64k,kp<=32k,0.1676,2
2048,n<=16,sr<=70%,kvB<=64k,kp<=4k,-0.0514,2
2048,n<=16,sr<=70%,kvB<=64k,kp<=512,0.3646,2
2048,n<=16,sr<=70%,kvB<=64k,kp<=64k,-0.0164,2
2048,n<=16,sr<=70%,kvB<=64k,kp<=8k,0.0575,2
2048,n<=16,sr<=70%,kvB<=64k,kp=0,0.4812,2
2048,n<=16,sr>70%,kvB<=16k,kp<=16k,0.0604,4
2048,n<=16,sr>70%,kvB<=16k,kp<=1k,0.1819,4
2048,n<=16,sr>70%,kvB<=16k,kp<=2k,0.1354,4
2048,n<=16,sr>70%,kvB<=16k,kp<=32k,-0.0476,4
2048,n<=16,sr>70%,kvB<=16k,kp<=4k,0.1647,4
2048,n<=16,sr>70%,kvB<=16k,kp<=512,0.1416,4
2048,n<=16,sr>70%,kvB<=16k,kp<=64k,0.0292,4
2048,n<=16,sr>70%,kvB<=16k,kp<=8k,0.0707,4
2048,n<=16,sr>70%,kvB<=16k,kp=0,0.2718,4
2048,n<=16,sr>70%,kvB<=1k,kp<=16k,0.7332,2
2048,n<=16,sr>70%,kvB<=1k,kp<=1k,0.3178,4
2048,n<=16,sr>70%,kvB<=1k,kp<=2k,-0.0683,3
2048,n<=16,sr>70%,kvB<=1k,kp<=32k,-0.0136,3
2048,n<=16,sr>70%,kvB<=1k,kp<=4k,0.196,4
2048,n<=16,sr>70%,kvB<=1k,kp<=512,-0.0269,4
2048,n<=16,sr>70%,kvB<=1k,kp<=64k,-0.0519,3
2048,n<=16,sr>70%,kvB<=1k,kp<=8k,0.1425,2
2048,n<=16,sr>70%,kvB<=1k,kp=0,0.1031,4
2048,n<=16,sr>70%,kvB<=4k,kp<=16k,-0.23,4
2048,n<=16,sr>70%,kvB<=4k,kp<=1k,0.0857,4
2048,n<=16,sr>70%,kvB<=4k,kp<=2k,0.0063,4
2048,n<=16,sr>70%,kvB<=4k,kp<=32k,0.4117,4
2048,n<=16,sr>70%,kvB<=4k,kp<=4k,-0.0463,4
2048,n<=16,sr>70%,kvB<=4k,kp<=512,0.0161,4
2048,n<=16,sr>70%,kvB<=4k,kp<=64k,0.0554,4
2048,n<=16,sr>70%,kvB<=4k,kp<=8k,-0.4553,4
2048,n<=16,sr>70%,kvB<=4k,kp=0,0.1119,4
2048,n<=16,sr>70%,kvB<=64k,kp<=16k,-0.1122,4
2048,n<=16,sr>70%,kvB<=64k,kp<=1k,0.8266,4
2048,n<=16,sr>70%,kvB<=64k,kp<=2k,0.4212,4
2048,n<=16,sr>70%,kvB<=64k,kp<=32k,0.9217,4
2048,n<=16,sr>70%,kvB<=64k,kp<=4k,-0.0534,3
2048,n<=16,sr>70%,kvB<=64k,kp<=512,1.2359,4
2048,n<=16,sr>70%,kvB<=64k,kp<=64k,0.1391,4
2048,n<=16,sr>70%,kvB<=64k,kp<=8k,0.0586,4
2048,n<=16,sr>70%,kvB<=64k,kp=0,1.5125,4
2048,n<=2,sr<=70%,kvB<=16k,kp<=16k,-0.6416,2
2048,n<=2,sr<=70%,kvB<=16k,kp<=1k,0.6616,2
2048,n<=2,sr<=70%,kvB<=16k,kp<=2k,0.5966,2
2048,n<=2,sr<=70%,kvB<=16k,kp<=32k,0.0124,2
2048,n<=2,sr<=70%,kvB<=16k,kp<=4k,0.7287,2
2048,n<=2,sr<=70%,kvB<=16k,kp<=512,0.6625,2
2048,n<=2,sr<=70%,kvB<=16k,kp<=64k,0.0983,2
2048,n<=2,sr<=70%,kvB<=16k,kp<=8k,0.5013,1
2048,n<=2,sr<=70%,kvB<=16k,kp=0,0.5609,2
2048,n<=2,sr<=70%,kvB<=1k,kp<=16k,-0.0963,1
2048,n<=2,sr<=70%,kvB<=1k,kp<=1k,0.2672,1
2048,n<=2,sr<=70%,kvB<=1k,kp<=2k,-0.005,1
2048,n<=2,sr<=70%,kvB<=1k,kp<=32k,0.9165,2
2048,n<=2,sr<=70%,kvB<=1k,kp<=4k,0.4596,2
2048,n<=2,sr<=70%,kvB<=1k,kp<=512,0.5472,2
2048,n<=2,sr<=70%,kvB<=1k,kp<=64k,0.0801,1
2048,n<=2,sr<=70%,kvB<=1k,kp<=8k,0.9597,1
2048,n<=2,sr<=70%,kvB<=1k,kp=0,0.3328,2
2048,n<=2,sr<=70%,kvB<=4k,kp<=16k,22.6662,1
2048,n<=2,sr<=70%,kvB<=4k,kp<=1k,0.3416,2
2048,n<=2,sr<=70%,kvB<=4k,kp<=2k,0.1007,2
2048,n<=2,sr<=70%,kvB<=4k,kp<=32k,0.378,2
2048,n<=2,sr<=70%,kvB<=4k,kp<=4k,0.5547,2
2048,n<=2,sr<=70%,kvB<=4k,kp<=512,0.5032,2
2048,n<=2,sr<=70%,kvB<=4k,kp<=64k,-0.161,2
2048,n<=2,sr<=70%,kvB<=4k,kp<=8k,-0.3009,2
2048,n<=2,sr<=70%,kvB<=4k,kp=0,0.4251,2
2048,n<=2,sr<=70%,kvB<=64k,kp<=16k,0.5645,2
2048,n<=2,sr<=70%,kvB<=64k,kp<=1k,0.7873,2
2048,n<=2,sr<=70%,kvB<=64k,kp<=2k,0.6736,2
2048,n<=2,sr<=70%,kvB<=64k,kp<=32k,0.3782,2
2048,n<=2,sr<=70%,kvB<=64k,kp<=4k,0.6797,2
2048,n<=2,sr<=70%,kvB<=64k,kp<=512,0.772,2
2048,n<=2,sr<=70%,kvB<=64k,kp<=64k,-0.0488,2
2048,n<=2,sr<=70%,kvB<=64k,kp<=8k,0.6012,2
2048,n<=2,sr<=70%,kvB<=64k,kp=0,0.9103,2
2048,n<=32,sr<=15%,kvB<=16k,kp<=16k,-0.0143,6
2048,n<=32,sr<=15%,kvB<=16k,kp<=1k,0.033,6
2048,n<=32,sr<=15%,kvB<=16k,kp<=2k,0.0261,6
2048,n<=32,sr<=15%,kvB<=16k,kp<=32k,-0.0336,6
2048,n<=32,sr<=15%,kvB<=16k,kp<=4k,0.0291,6
2048,n<=32,sr<=15%,kvB<=16k,kp<=512,0.0409,6
2048,n<=32,sr<=15%,kvB<=16k,kp<=64k,0.0307,6
2048,n<=32,sr<=15%,kvB<=16k,kp<=8k,0.039,6
2048,n<=32,sr<=15%,kvB<=16k,kp=0,0.0475,6
2048,n<=32,sr<=15%,kvB<=1k,kp<=16k,0.0553,6
2048,n<=32,sr<=15%,kvB<=1k,kp<=1k,0.0923,6
2048,n<=32,sr<=15%,kvB<=1k,kp<=2k,0.0759,6
2048,n<=32,sr<=15%,kvB<=1k,kp<=32k,0.1476,6
2048,n<=32,sr<=15%,kvB<=1k,kp<=4k,0.0565,6
2048,n<=32,sr<=15%,kvB<=1k,kp<=512,0.0748,6
2048,n<=32,sr<=15%,kvB<=1k,kp<=64k,0.0556,5
2048,n<=32,sr<=15%,kvB<=1k,kp<=8k,0.0976,6
2048,n<=32,sr<=15%,kvB<=1k,kp=0,0.0787,6
2048,n<=32,sr<=15%,kvB<=4k,kp<=16k,0.0289,6
2048,n<=32,sr<=15%,kvB<=4k,kp<=1k,0.0435,6
2048,n<=32,sr<=15%,kvB<=4k,kp<=2k,0.0256,6
2048,n<=32,sr<=15%,kvB<=4k,kp<=32k,0.0388,6
2048,n<=32,sr<=15%,kvB<=4k,kp<=4k,0.0097,6
2048,n<=32,sr<=15%,kvB<=4k,kp<=512,0.0538,6
2048,n<=32,sr<=15%,kvB<=4k,kp<=64k,-0.0053,6
2048,n<=32,sr<=15%,kvB<=4k,kp<=8k,0.0265,6
2048,n<=32,sr<=15%,kvB<=4k,kp=0,0.0652,6
2048,n<=32,sr<=15%,kvB<=64k,kp<=16k,-0.0402,6
2048,n<=32,sr<=15%,kvB<=64k,kp<=1k,0.02,6
2048,n<=32,sr<=15%,kvB<=64k,kp<=2k,0.0391,6
2048,n<=32,sr<=15%,kvB<=64k,kp<=32k,0.0376,6
2048,n<=32,sr<=15%,kvB<=64k,kp<=4k,0.0282,6
2048,n<=32,sr<=15%,kvB<=64k,kp<=512,0.0231,6
2048,n<=32,sr<=15%,kvB<=64k,kp<=64k,0.006,6
2048,n<=32,sr<=15%,kvB<=64k,kp<=8k,0.0172,6
2048,n<=32,sr<=15%,kvB<=64k,kp=0,0.0358,6
2048,n<=32,sr<=40%,kvB<=16k,kp<=16k,-0.0271,2
2048,n<=32,sr<=40%,kvB<=16k,kp<=1k,0.0353,2
2048,n<=32,sr<=40%,kvB<=16k,kp<=2k,0.0288,2
2048,n<=32,sr<=40%,kvB<=16k,kp<=32k,-0.0336,2
2048,n<=32,sr<=40%,kvB<=16k,kp<=4k,0.0219,2
2048,n<=32,sr<=40%,kvB<=16k,kp<=512,0.0414,2
2048,n<=32,sr<=40%,kvB<=16k,kp<=64k,-0.0039,2
2048,n<=32,sr<=40%,kvB<=16k,kp<=8k,0.0625,2
2048,n<=32,sr<=40%,kvB<=16k,kp=0,0.0466,2
2048,n<=32,sr<=40%,kvB<=1k,kp<=16k,-0.0482,2
2048,n<=32,sr<=40%,kvB<=1k,kp<=1k,0.0965,2
2048,n<=32,sr<=40%,kvB<=1k,kp<=2k,0.0853,2
2048,n<=32,sr<=40%,kvB<=1k,kp<=32k,-0.1301,2
2048,n<=32,sr<=40%,kvB<=1k,kp<=4k,0.1543,2
2048,n<=32,sr<=40%,kvB<=1k,kp<=512,0.1349,2
2048,n<=32,sr<=40%,kvB<=1k,kp<=64k,-0.1476,2
2048,n<=32,sr<=40%,kvB<=1k,kp<=8k,0.1002,2
2048,n<=32,sr<=40%,kvB<=1k,kp=0,0.1273,2
2048,n<=32,sr<=40%,kvB<=4k,kp<=16k,0.0927,2
2048,n<=32,sr<=40%,kvB<=4k,kp<=1k,0.0571,2
2048,n<=32,sr<=40%,kvB<=4k,kp<=2k,-0.0074,2
2048,n<=32,sr<=40%,kvB<=4k,kp<=32k,0.1065,2
2048,n<=32,sr<=40%,kvB<=4k,kp<=4k,-0.0092,2
2048,n<=32,sr<=40%,kvB<=4k,kp<=512,0.0273,2
2048,n<=32,sr<=40%,kvB<=4k,kp<=64k,0.0383,2
2048,n<=32,sr<=40%,kvB<=4k,kp<=8k,-0.1091,2
2048,n<=32,sr<=40%,kvB<=4k,kp=0,0.0631,2
2048,n<=32,sr<=40%,kvB<=64k,kp<=16k,0.0808,2
2048,n<=32,sr<=40%,kvB<=64k,kp<=1k,0.0801,2
2048,n<=32,sr<=40%,kvB<=64k,kp<=2k,0.0194,2
2048,n<=32,sr<=40%,kvB<=64k,kp<=32k,0.1793,2
2048,n<=32,sr<=40%,kvB<=64k,kp<=4k,-0.0023,2
2048,n<=32,sr<=40%,kvB<=64k,kp<=512,0.1453,2
2048,n<=32,sr<=40%,kvB<=64k,kp<=64k,0.0281,2
2048,n<=32,sr<=40%,kvB<=64k,kp<=8k,-0.0011,2
2048,n<=32,sr<=40%,kvB<=64k,kp=0,0.0235,2
2048,n<=32,sr<=5%,kvB<=16k,kp<=16k,-0.0107,2
2048,n<=32,sr<=5%,kvB<=16k,kp<=1k,0.0393,2
2048,n<=32,sr<=5%,kvB<=16k,kp<=2k,0.0288,2
2048,n<=32,sr<=5%,kvB<=16k,kp<=32k,-0.0278,2
2048,n<=32,sr<=5%,kvB<=16k,kp<=4k,0.0275,2
2048,n<=32,sr<=5%,kvB<=16k,kp<=512,0.0463,2
2048,n<=32,sr<=5%,kvB<=16k,kp<=64k,0.0229,2
2048,n<=32,sr<=5%,kvB<=16k,kp<=8k,0.0287,2
2048,n<=32,sr<=5%,kvB<=16k,kp=0,0.05,2
2048,n<=32,sr<=5%,kvB<=1k,kp<=16k,-0.2338,2
2048,n<=32,sr<=5%,kvB<=1k,kp<=1k,0.0217,2
2048,n<=32,sr<=5%,kvB<=1k,kp<=2k,0.0154,2
2048,n<=32,sr<=5%,kvB<=1k,kp<=32k,0.3075,2
2048,n<=32,sr<=5%,kvB<=1k,kp<=4k,0.0348,2
2048,n<=32,sr<=5%,kvB<=1k,kp<=512,0.0269,2
2048,n<=32,sr<=5%,kvB<=1k,kp<=64k,0.0715,2
2048,n<=32,sr<=5%,kvB<=1k,kp<=8k,0.0611,2
2048,n<=32,sr<=5%,kvB<=1k,kp=0,0.0297,2
2048,n<=32,sr<=5%,kvB<=4k,kp<=16k,0.0472,2
2048,n<=32,sr<=5%,kvB<=4k,kp<=1k,0.0512,2
2048,n<=32,sr<=5%,kvB<=4k,kp<=2k,0.0374,2
2048,n<=32,sr<=5%,kvB<=4k,kp<=32k,-0.0861,2
2048,n<=32,sr<=5%,kvB<=4k,kp<=4k,0.0278,2
2048,n<=32,sr<=5%,kvB<=4k,kp<=512,0.0599,2
2048,n<=32,sr<=5%,kvB<=4k,kp<=64k,0.0153,2
2048,n<=32,sr<=5%,kvB<=4k,kp<=8k,0.0432,2
2048,n<=32,sr<=5%,kvB<=4k,kp=0,0.0761,2
2048,n<=32,sr<=5%,kvB<=64k,kp<=16k,-0.0268,2
2048,n<=32,sr<=5%,kvB<=64k,kp<=1k,0.0325,2
2048,n<=32,sr<=5%,kvB<=64k,kp<=2k,0.0356,2
2048,n<=32,sr<=5%,kvB<=64k,kp<=32k,0.023,2
2048,n<=32,sr<=5%,kvB<=64k,kp<=4k,0.0431,2
2048,n<=32,sr<=5%,kvB<=64k,kp<=512,0.0573,2
2048,n<=32,sr<=5%,kvB<=64k,kp<=64k,0.0033,2
2048,n<=32,sr<=5%,kvB<=64k,kp<=8k,0.0775,2
2048,n<=32,sr<=5%,kvB<=64k,kp=0,0.0676,2
2048,n<=32,sr<=70%,kvB<=16k,kp<=16k,-0.014,2
2048,n<=32,sr<=70%,kvB<=16k,kp<=1k,-0.0201,2
2048,n<=32,sr<=70%,kvB<=16k,kp<=2k,0.0193,2
2048,n<=32,sr<=70%,kvB<=16k,kp<=32k,0.0303,2
2048,n<=32,sr<=70%,kvB<=16k,kp<=4k,0.0348,2
2048,n<=32,sr<=70%,kvB<=16k,kp<=512,0.0153,2
2048,n<=32,sr<=70%,kvB<=16k,kp<=64k,-0.0559,2
2048,n<=32,sr<=70%,kvB<=16k,kp<=8k,0.0819,2
2048,n<=32,sr<=70%,kvB<=16k,kp=0,0.0135,2
2048,n<=32,sr<=70%,kvB<=1k,kp<=16k,0.061,2
2048,n<=32,sr<=70%,kvB<=1k,kp<=1k,0.0033,2
2048,n<=32,sr<=70%,kvB<=1k,kp<=2k,0.1107,2
2048,n<=32,sr<=70%,kvB<=1k,kp<=32k,0.1487,2
2048,n<=32,sr<=70%,kvB<=1k,kp<=4k,0.1851,2
2048,n<=32,sr<=70%,kvB<=1k,kp<=512,0.0345,2
2048,n<=32,sr<=70%,kvB<=1k,kp<=64k,-0.5258,2
2048,n<=32,sr<=70%,kvB<=1k,kp<=8k,0.0146,2
2048,n<=32,sr<=70%,kvB<=1k,kp=0,0.0286,2
2048,n<=32,sr<=70%,kvB<=4k,kp<=16k,0.0935,2
2048,n<=32,sr<=70%,kvB<=4k,kp<=1k,0.0489,2
2048,n<=32,sr<=70%,kvB<=4k,kp<=2k,0.0304,2
2048,n<=32,sr<=70%,kvB<=4k,kp<=32k,-0.1258,2
2048,n<=32,sr<=70%,kvB<=4k,kp<=4k,0.0174,2
2048,n<=32,sr<=70%,kvB<=4k,kp<=512,0.0408,2
2048,n<=32,sr<=70%,kvB<=4k,kp<=64k,-0.0331,2
2048,n<=32,sr<=70%,kvB<=4k,kp<=8k,-0.0605,2
2048,n<=32,sr<=70%,kvB<=4k,kp=0,0.0511,2
2048,n<=32,sr<=70%,kvB<=64k,kp<=16k,0.0709,2
2048,n<=32,sr<=70%,kvB<=64k,kp<=1k,0.1998,2
2048,n<=32,sr<=70%,kvB<=64k,kp<=2k,0.082,2
2048,n<=32,sr<=70%,kvB<=64k,kp<=32k,0.0629,2
2048,n<=32,sr<=70%,kvB<=64k,kp<=4k,0.0108,2
2048,n<=32,sr<=70%,kvB<=64k,kp<=512,0.483,2
2048,n<=32,sr<=70%,kvB<=64k,kp<=64k,0.027,2
2048,n<=32,sr<=70%,kvB<=64k,kp<=8k,-0.0225,2
2048,n<=32,sr<=70%,kvB<=64k,kp=0,0.4182,2
2048,n<=32,sr>70%,kvB<=16k,kp<=16k,0.5273,4
2048,n<=32,sr>70%,kvB<=16k,kp<=1k,-0.0091,4
2048,n<=32,sr>70%,kvB<=16k,kp<=2k,-0.1092,4
2048,n<=32,sr>70%,kvB<=16k,kp<=32k,-0.073,4
2048,n<=32,sr>70%,kvB<=16k,kp<=4k,-0.0666,4
2048,n<=32,sr>70%,kvB<=16k,kp<=512,0.2908,4
2048,n<=32,sr>70%,kvB<=16k,kp<=64k,-0.1778,4
2048,n<=32,sr>70%,kvB<=16k,kp<=8k,0.529,4
2048,n<=32,sr>70%,kvB<=16k,kp=0,0.534,4
2048,n<=32,sr>70%,kvB<=1k,kp<=16k,0.4969,3
2048,n<=32,sr>70%,kvB<=1k,kp<=1k,0.2646,4
2048,n<=32,sr>70%,kvB<=1k,kp<=2k,0.4228,4
2048,n<=32,sr>70%,kvB<=1k,kp<=32k,0.6274,3
2048,n<=32,sr>70%,kvB<=1k,kp<=4k,0.1669,4
2048,n<=32,sr>70%,kvB<=1k,kp<=512,0.2554,4
2048,n<=32,sr>70%,kvB<=1k,kp<=64k,1.1387,4
2048,n<=32,sr>70%,kvB<=1k,kp<=8k,0.2825,4
2048,n<=32,sr>70%,kvB<=1k,kp=0,0.326,4
2048,n<=32,sr>70%,kvB<=4k,kp<=16k,0.2058,4
2048,n<=32,sr>70%,kvB<=4k,kp<=1k,0.0098,4
2048,n<=32,sr>70%,kvB<=4k,kp<=2k,0.1056,4
2048,n<=32,sr>70%,kvB<=4k,kp<=32k,0.131,3
2048,n<=32,sr>70%,kvB<=4k,kp<=4k,0.1612,4
2048,n<=32,sr>70%,kvB<=4k,kp<=512,0.1094,4
2048,n<=32,sr>70%,kvB<=4k,kp<=64k,0.1762,4
2048,n<=32,sr>70%,kvB<=4k,kp<=8k,0.0708,4
2048,n<=32,sr>70%,kvB<=4k,kp=0,0.0753,4
2048,n<=32,sr>70%,kvB<=64k,kp<=16k,0.3065,4
2048,n<=32,sr>70%,kvB<=64k,kp<=1k,0.4977,3
2048,n<=32,sr>70%,kvB<=64k,kp<=2k,0.3836,3
2048,n<=32,sr>70%,kvB<=64k,kp<=32k,0.5151,4
2048,n<=32,sr>70%,kvB<=64k,kp<=4k,0.0044,4
2048,n<=32,sr>70%,kvB<=64k,kp<=512,1.442,4
2048,n<=32,sr>70%,kvB<=64k,kp<=64k,0.5206,4
2048,n<=32,sr>70%,kvB<=64k,kp<=8k,-0.055,4
2048,n<=32,sr>70%,kvB<=64k,kp=0,1.3264,3
2048,n<=4,sr<=40%,kvB<=16k,kp<=16k,0.0495,2
2048,n<=4,sr<=40%,kvB<=16k,kp<=1k,0.4544,2
2048,n<=4,sr<=40%,kvB<=16k,kp<=2k,0.458,2
2048,n<=4,sr<=40%,kvB<=16k,kp<=32k,0.1664,2
2048,n<=4,sr<=40%,kvB<=16k,kp<=4k,0.3838,2
2048,n<=4,sr<=40%,kvB<=16k,kp<=512,0.4558,2
2048,n<=4,sr<=40%,kvB<=16k,kp<=64k,0.013,2
2048,n<=4,sr<=40%,kvB<=16k,kp<=8k,0.235,2
2048,n<=4,sr<=40%,kvB<=16k,kp=0,0.4538,2
2048,n<=4,sr<=40%,kvB<=1k,kp<=16k,-0.1392,2
2048,n<=4,sr<=40%,kvB<=1k,kp<=1k,0.1521,2
2048,n<=4,sr<=40%,kvB<=1k,kp<=2k,0.6352,2
2048,n<=4,sr<=40%,kvB<=1k,kp<=32k,-1.1105,1
2048,n<=4,sr<=40%,kvB<=1k,kp<=4k,1.1239,1
2048,n<=4,sr<=40%,kvB<=1k,kp<=512,-0.3459,2
2048,n<=4,sr<=40%,kvB<=1k,kp<=64k,0.3367,1
2048,n<=4,sr<=40%,kvB<=1k,kp<=8k,0.0325,1
2048,n<=4,sr<=40%,kvB<=1k,kp=0,0.158,2
2048,n<=4,sr<=40%,kvB<=4k,kp<=16k,0.2417,2
2048,n<=4,sr<=40%,kvB<=4k,kp<=1k,0.2524,2
2048,n<=4,sr<=40%,kvB<=4k,kp<=2k,0.0958,2
2048,n<=4,sr<=40%,kvB<=4k,kp<=32k,-1.4438,1
2048,n<=4,sr<=40%,kvB<=4k,kp<=4k,0.0974,2
2048,n<=4,sr<=40%,kvB<=4k,kp<=512,0.2754,2
2048,n<=4,sr<=40%,kvB<=4k,kp<=64k,0.3899,2
2048,n<=4,sr<=40%,kvB<=4k,kp<=8k,0.2758,2
2048,n<=4,sr<=40%,kvB<=4k,kp=0,0.3412,2
2048,n<=4,sr<=40%,kvB<=64k,kp<=16k,0.4531,2
2048,n<=4,sr<=40%,kvB<=64k,kp<=1k,0.4299,2
2048,n<=4,sr<=40%,kvB<=64k,kp<=2k,0.438,2
2048,n<=4,sr<=40%,kvB<=64k,kp<=32k,0.2645,2
2048,n<=4,sr<=40%,kvB<=64k,kp<=4k,0.4523,2
2048,n<=4,sr<=40%,kvB<=64k,kp<=512,0.3811,2
2048,n<=4,sr<=40%,kvB<=64k,kp<=64k,0.0404,2
2048,n<=4,sr<=40%,kvB<=64k,kp<=8k,0.4225,2
2048,n<=4,sr<=40%,kvB<=64k,kp=0,0.3965,2
2048,n<=4,sr<=70%,kvB<=16k,kp<=16k,0.0027,2
2048,n<=4,sr<=70%,kvB<=16k,kp<=1k,0.3858,2
2048,n<=4,sr<=70%,kvB<=16k,kp<=2k,0.3573,2
2048,n<=4,sr<=70%,kvB<=16k,kp<=32k,-0.2596,2
2048,n<=4,sr<=70%,kvB<=16k,kp<=4k,0.2882,2
2048,n<=4,sr<=70%,kvB<=16k,kp<=512,0.3214,2
2048,n<=4,sr<=70%,kvB<=16k,kp<=64k,0.0696,2
2048,n<=4,sr<=70%,kvB<=16k,kp<=8k,0.4691,2
2048,n<=4,sr<=70%,kvB<=16k,kp=0,0.4521,2
2048,n<=4,sr<=70%,kvB<=1k,kp<=16k,-9.7816,1
2048,n<=4,sr<=70%,kvB<=1k,kp<=1k,1.0833,2
2048,n<=4,sr<=70%,kvB<=1k,kp<=2k,0.9333,2
2048,n<=4,sr<=70%,kvB<=1k,kp<=32k,-2.8209,2
2048,n<=4,sr<=70%,kvB<=1k,kp<=4k,0.9634,1
2048,n<=4,sr<=70%,kvB<=1k,kp<=512,0.0788,2
2048,n<=4,sr<=70%,kvB<=1k,kp<=64k,-0.3273,1
2048,n<=4,sr<=70%,kvB<=1k,kp<=8k,0.5058,1
2048,n<=4,sr<=70%,kvB<=1k,kp=0,0.2004,2
2048,n<=4,sr<=70%,kvB<=4k,kp<=16k,0.1863,2
2048,n<=4,sr<=70%,kvB<=4k,kp<=1k,0.2501,2
2048,n<=4,sr<=70%,kvB<=4k,kp<=2k,0.2121,2
2048,n<=4,sr<=70%,kvB<=4k,kp<=32k,-0.0736,2
2048,n<=4,sr<=70%,kvB<=4k,kp<=4k,-0.1694,2
2048,n<=4,sr<=70%,kvB<=4k,kp<=512,0.419,2
2048,n<=4,sr<=70%,kvB<=4k,kp<=64k,0.0265,2
2048,n<=4,sr<=70%,kvB<=4k,kp<=8k,-0.5544,2
2048,n<=4,sr<=70%,kvB<=4k,kp=0,0.3392,2
2048,n<=4,sr<=70%,kvB<=64k,kp<=16k,0.4108,2
2048,n<=4,sr<=70%,kvB<=64k,kp<=1k,0.4196,2
2048,n<=4,sr<=70%,kvB<=64k,kp<=2k,0.4926,2
2048,n<=4,sr<=70%,kvB<=64k,kp<=32k,0.3088,2
2048,n<=4,sr<=70%,kvB<=64k,kp<=4k,0.4492,2
2048,n<=4,sr<=70%,kvB<=64k,kp<=512,0.3498,2
2048,n<=4,sr<=70%,kvB<=64k,kp<=64k,-0.0807,2
2048,n<=4,sr<=70%,kvB<=64k,kp<=8k,0.3821,2
2048,n<=4,sr<=70%,kvB<=64k,kp=0,0.3062,2
2048,n<=4,sr>70%,kvB<=16k,kp<=16k,-2.122,1
2048,n<=4,sr>70%,kvB<=16k,kp<=1k,0.3694,2
2048,n<=4,sr>70%,kvB<=16k,kp<=2k,0.3421,2
2048,n<=4,sr>70%,kvB<=16k,kp<=32k,1.3137,2
2048,n<=4,sr>70%,kvB<=16k,kp<=4k,0.4465,2
2048,n<=4,sr>70%,kvB<=16k,kp<=512,0.3273,2
2048,n<=4,sr>70%,kvB<=16k,kp<=64k,-0.1869,2
2048,n<=4,sr>70%,kvB<=16k,kp<=8k,0.625,2
2048,n<=4,sr>70%,kvB<=16k,kp=0,0.467,2
2048,n<=4,sr>70%,kvB<=1k,kp<=16k,0.7062,1
2048,n<=4,sr>70%,kvB<=1k,kp<=1k,0.4741,2
2048,n<=4,sr>70%,kvB<=1k,kp<=2k,1.0383,2
2048,n<=4,sr>70%,kvB<=1k,kp<=32k,0.18,2
2048,n<=4,sr>70%,kvB<=1k,kp<=512,0.1515,2
2048,n<=4,sr>70%,kvB<=1k,kp<=64k,0.9438,1
2048,n<=4,sr>70%,kvB<=1k,kp<=8k,0.474,1
2048,n<=4,sr>70%,kvB<=1k,kp=0,0.2195,2
2048,n<=4,sr>70%,kvB<=4k,kp<=16k,0.7994,1
2048,n<=4,sr>70%,kvB<=4k,kp<=1k,0.5861,1
2048,n<=4,sr>70%,kvB<=4k,kp<=2k,0.093,2
2048,n<=4,sr>70%,kvB<=4k,kp<=32k,0.563,2
2048,n<=4,sr>70%,kvB<=4k,kp<=4k,0.0289,2
2048,n<=4,sr>70%,kvB<=4k,kp<=512,0.3941,2
2048,n<=4,sr>70%,kvB<=4k,kp<=64k,0.0739,2
2048,n<=4,sr>70%,kvB<=4k,kp<=8k,-2.3481,1
2048,n<=4,sr>70%,kvB<=4k,kp=0,0.4915,2
2048,n<=4,sr>70%,kvB<=64k,kp<=16k,0.4533,2
2048,n<=4,sr>70%,kvB<=64k,kp<=1k,0.5394,2
2048,n<=4,sr>70%,kvB<=64k,kp<=2k,0.5074,2
2048,n<=4,sr>70%,kvB<=64k,kp<=32k,0.3721,2
2048,n<=4,sr>70%,kvB<=64k,kp<=4k,0.343,2
2048,n<=4,sr>70%,kvB<=64k,kp<=512,0.5841,2
2048,n<=4,sr>70%,kvB<=64k,kp<=64k,-0.7537,2
2048,n<=4,sr>70%,kvB<=64k,kp<=8k,0.2799,2
2048,n<=4,sr>70%,kvB<=64k,kp=0,0.6362,2
2048,n<=64,sr<=15%,kvB<=16k,kp<=16k,0.0071,4
2048,n<=64,sr<=15%,kvB<=16k,kp<=1k,-0.0295,4
2048,n<=64,sr<=15%,kvB<=16k,kp<=2k,-0.0061,4
2048,n<=64,sr<=15%,kvB<=16k,kp<=32k,-0.0096,4
2048,n<=64,sr<=15%,kvB<=16k,kp<=4k,0.0306,4
2048,n<=64,sr<=15%,kvB<=16k,kp<=512,0.0143,4
2048,n<=64,sr<=15%,kvB<=16k,kp<=64k,-0.0153,4
2048,n<=64,sr<=15%,kvB<=16k,kp<=8k,0.0301,4
2048,n<=64,sr<=15%,kvB<=16k,kp=0,0.0443,4
2048,n<=64,sr<=15%,kvB<=1k,kp<=16k,0.063,4
2048,n<=64,sr<=15%,kvB<=1k,kp<=1k,0.0747,4
2048,n<=64,sr<=15%,kvB<=1k,kp<=2k,0.0729,4
2048,n<=64,sr<=15%,kvB<=1k,kp<=32k,-0.0067,4
2048,n<=64,sr<=15%,kvB<=1k,kp<=4k,0.0595,4
2048,n<=64,sr<=15%,kvB<=1k,kp<=512,0.0721,4
2048,n<=64,sr<=15%,kvB<=1k,kp<=64k,-0.0655,4
2048,n<=64,sr<=15%,kvB<=1k,kp<=8k,0.0583,4
2048,n<=64,sr<=15%,kvB<=1k,kp=0,0.0762,4
2048,n<=64,sr<=15%,kvB<=4k,kp<=16k,0.0155,4
2048,n<=64,sr<=15%,kvB<=4k,kp<=1k,0.0265,4
2048,n<=64,sr<=15%,kvB<=4k,kp<=2k,0.018,4
2048,n<=64,sr<=15%,kvB<=4k,kp<=32k,0.0312,4
2048,n<=64,sr<=15%,kvB<=4k,kp<=4k,0.0078,4
2048,n<=64,sr<=15%,kvB<=4k,kp<=512,0.0308,4
2048,n<=64,sr<=15%,kvB<=4k,kp<=64k,-0.026,4
2048,n<=64,sr<=15%,kvB<=4k,kp<=8k,0.0164,4
2048,n<=64,sr<=15%,kvB<=4k,kp=0,0.038,4
2048,n<=64,sr<=15%,kvB<=64k,kp<=16k,0.0166,4
2048,n<=64,sr<=15%,kvB<=64k,kp<=1k,0.0701,4
2048,n<=64,sr<=15%,kvB<=64k,kp<=2k,0.0304,4
2048,n<=64,sr<=15%,kvB<=64k,kp<=32k,0.0149,4
2048,n<=64,sr<=15%,kvB<=64k,kp<=4k,0.0096,4
2048,n<=64,sr<=15%,kvB<=64k,kp<=512,0.0998,4
2048,n<=64,sr<=15%,kvB<=64k,kp<=64k,0.0014,4
2048,n<=64,sr<=15%,kvB<=64k,kp<=8k,0.0232,4
2048,n<=64,sr<=15%,kvB<=64k,kp=0,0.0759,4
2048,n<=64,sr<=40%,kvB<=16k,kp<=16k,0.1031,2
2048,n<=64,sr<=40%,kvB<=16k,kp<=1k,0.0654,2
2048,n<=64,sr<=40%,kvB<=16k,kp<=2k,0.0319,2
2048,n<=64,sr<=40%,kvB<=16k,kp<=32k,0.006,2
2048,n<=64,sr<=40%,kvB<=16k,kp<=4k,0.0087,2
2048,n<=64,sr<=40%,kvB<=16k,kp<=512,0.047,2
2048,n<=64,sr<=40%,kvB<=16k,kp<=64k,-0.0083,2
2048,n<=64,sr<=40%,kvB<=16k,kp<=8k,0.1963,2
2048,n<=64,sr<=40%,kvB<=16k,kp=0,0.0973,2
2048,n<=64,sr<=40%,kvB<=1k,kp<=16k,0.1497,2
2048,n<=64,sr<=40%,kvB<=1k,kp<=1k,0.1267,2
2048,n<=64,sr<=40%,kvB<=1k,kp<=2k,0.1118,2
2048,n<=64,sr<=40%,kvB<=1k,kp<=32k,0.1732,2
2048,n<=64,sr<=40%,kvB<=1k,kp<=4k,0.1014,2
2048,n<=64,sr<=40%,kvB<=1k,kp<=512,0.1039,2
2048,n<=64,sr<=40%,kvB<=1k,kp<=64k,0.0782,2
2048,n<=64,sr<=40%,kvB<=1k,kp<=8k,0.1419,2
2048,n<=64,sr<=40%,kvB<=1k,kp=0,0.1251,2
2048,n<=64,sr<=40%,kvB<=4k,kp<=16k,-0.0005,2
2048,n<=64,sr<=40%,kvB<=4k,kp<=1k,0.0099,2
2048,n<=64,sr<=40%,kvB<=4k,kp<=2k,0.0085,2
2048,n<=64,sr<=40%,kvB<=4k,kp<=32k,-0.004,2
2048,n<=64,sr<=40%,kvB<=4k,kp<=4k,-0.006,2
2048,n<=64,sr<=40%,kvB<=4k,kp<=512,0.018,2
2048,n<=64,sr<=40%,kvB<=4k,kp<=64k,-0.012,2
2048,n<=64,sr<=40%,kvB<=4k,kp<=8k,-0.0034,2
2048,n<=64,sr<=40%,kvB<=4k,kp=0,0.0146,2
2048,n<=64,sr<=40%,kvB<=64k,kp<=16k,0.0687,2
2048,n<=64,sr<=40%,kvB<=64k,kp<=1k,0.1275,2
2048,n<=64,sr<=40%,kvB<=64k,kp<=2k,0.0453,2
2048,n<=64,sr<=40%,kvB<=64k,kp<=32k,0.092,2
2048,n<=64,sr<=40%,kvB<=64k,kp<=4k,0.0049,2
2048,n<=64,sr<=40%,kvB<=64k,kp<=512,0.2024,2
2048,n<=64,sr<=40%,kvB<=64k,kp<=64k,0.0087,2
2048,n<=64,sr<=40%,kvB<=64k,kp<=8k,0.0012,2
2048,n<=64,sr<=40%,kvB<=64k,kp=0,0.3314,2
2048,n<=64,sr<=5%,kvB<=16k,kp<=16k,0.0008,6
2048,n<=64,sr<=5%,kvB<=16k,kp<=1k,-0.0003,6
2048,n<=64,sr<=5%,kvB<=16k,kp<=2k,0.0086,6
2048,n<=64,sr<=5%,kvB<=16k,kp<=32k,0.0056,6
2048,n<=64,sr<=5%,kvB<=16k,kp<=4k,0.015,6
2048,n<=64,sr<=5%,kvB<=16k,kp<=512,0.0074,6
2048,n<=64,sr<=5%,kvB<=16k,kp<=64k,0.0034,6
2048,n<=64,sr<=5%,kvB<=16k,kp<=8k,0.0043,6
2048,n<=64,sr<=5%,kvB<=16k,kp=0,0.0298,6
2048,n<=64,sr<=5%,kvB<=1k,kp<=16k,0.0164,6
2048,n<=64,sr<=5%,kvB<=1k,kp<=1k,0.0229,6
2048,n<=64,sr<=5%,kvB<=1k,kp<=2k,0.0153,6
2048,n<=64,sr<=5%,kvB<=1k,kp<=32k,-0.1345,6
2048,n<=64,sr<=5%,kvB<=1k,kp<=4k,0.0143,6
2048,n<=64,sr<=5%,kvB<=1k,kp<=512,0.0216,6
2048,n<=64,sr<=5%,kvB<=1k,kp<=64k,0.0981,6
2048,n<=64,sr<=5%,kvB<=1k,kp<=8k,0.0194,6
2048,n<=64,sr<=5%,kvB<=1k,kp=0,0.0217,6
2048,n<=64,sr<=5%,kvB<=4k,kp<=16k,0.0086,6
2048,n<=64,sr<=5%,kvB<=4k,kp<=1k,0.0254,6
2048,n<=64,sr<=5%,kvB<=4k,kp<=2k,0.0148,6
2048,n<=64,sr<=5%,kvB<=4k,kp<=32k,-0.0462,6
2048,n<=64,sr<=5%,kvB<=4k,kp<=4k,0.0161,6
2048,n<=64,sr<=5%,kvB<=4k,kp<=512,0.0303,6
2048,n<=64,sr<=5%,kvB<=4k,kp<=64k,0.0832,6
2048,n<=64,sr<=5%,kvB<=4k,kp<=8k,0.018,6
2048,n<=64,sr<=5%,kvB<=4k,kp=0,0.0381,6
2048,n<=64,sr<=5%,kvB<=64k,kp<=16k,0.0196,6
2048,n<=64,sr<=5%,kvB<=64k,kp<=1k,0.041,6
2048,n<=64,sr<=5%,kvB<=64k,kp<=2k,0.0436,6
2048,n<=64,sr<=5%,kvB<=64k,kp<=32k,0.0081,6
2048,n<=64,sr<=5%,kvB<=64k,kp<=4k,0.0119,6
2048,n<=64,sr<=5%,kvB<=64k,kp<=512,0.0561,6
2048,n<=64,sr<=5%,kvB<=64k,kp<=64k,-0.0004,6
2048,n<=64,sr<=5%,kvB<=64k,kp<=8k,0.0051,6
2048,n<=64,sr<=5%,kvB<=64k,kp=0,0.071,6
2048,n<=64,sr<=70%,kvB<=16k,kp<=16k,0.2175,2
2048,n<=64,sr<=70%,kvB<=16k,kp<=1k,0.3645,2
2048,n<=64,sr<=70%,kvB<=16k,kp<=2k,0.0186,2
2048,n<=64,sr<=70%,kvB<=16k,kp<=32k,0.0058,2
2048,n<=64,sr<=70%,kvB<=16k,kp<=4k,0.0365,2
2048,n<=64,sr<=70%,kvB<=16k,kp<=512,0.4803,2
2048,n<=64,sr<=70%,kvB<=16k,kp<=64k,-0.028,2
2048,n<=64,sr<=70%,kvB<=16k,kp<=8k,0.4052,2
2048,n<=64,sr<=70%,kvB<=16k,kp=0,0.6138,2
2048,n<=64,sr<=70%,kvB<=1k,kp<=16k,0.0904,2
2048,n<=64,sr<=70%,kvB<=1k,kp<=1k,0.0508,2
2048,n<=64,sr<=70%,kvB<=1k,kp<=2k,0.0147,2
2048,n<=64,sr<=70%,kvB<=1k,kp<=32k,0.1383,2
2048,n<=64,sr<=70%,kvB<=1k,kp<=4k,0.075,2
2048,n<=64,sr<=70%,kvB<=1k,kp<=512,0.0801,2
2048,n<=64,sr<=70%,kvB<=1k,kp<=64k,-0.0202,2
2048,n<=64,sr<=70%,kvB<=1k,kp<=8k,0.0764,2
2048,n<=64,sr<=70%,kvB<=1k,kp=0,0.0557,2
2048,n<=64,sr<=70%,kvB<=4k,kp<=16k,0.0037,2
2048,n<=64,sr<=70%,kvB<=4k,kp<=1k,0.0067,2
2048,n<=64,sr<=70%,kvB<=4k,kp<=2k,0.0022,2
2048,n<=64,sr<=70%,kvB<=4k,kp<=32k,0.0108,2
2048,n<=64,sr<=70%,kvB<=4k,kp<=4k,-0.0262,2
2048,n<=64,sr<=70%,kvB<=4k,kp<=512,0.0108,2
2048,n<=64,sr<=70%,kvB<=4k,kp<=64k,-0.0111,2
2048,n<=64,sr<=70%,kvB<=4k,kp<=8k,0.0158,2
2048,n<=64,sr<=70%,kvB<=4k,kp=0,0.0144,2
2048,n<=64,sr<=70%,kvB<=64k,kp<=16k,0.0173,2
2048,n<=64,sr<=70%,kvB<=64k,kp<=1k,0.2437,2
2048,n<=64,sr<=70%,kvB<=64k,kp<=2k,0.0926,2
2048,n<=64,sr<=70%,kvB<=64k,kp<=32k,0.0136,2
2048,n<=64,sr<=70%,kvB<=64k,kp<=4k,0.0056,2
2048,n<=64,sr<=70%,kvB<=64k,kp<=512,0.4632,2
2048,n<=64,sr<=70%,kvB<=64k,kp<=64k,-0.0048,2
2048,n<=64,sr<=70%,kvB<=64k,kp<=8k,0.0089,2
2048,n<=64,sr<=70%,kvB<=64k,kp=0,0.7257,2
2048,n<=64,sr>70%,kvB<=16k,kp<=16k,0.6157,4
2048,n<=64,sr>70%,kvB<=16k,kp<=1k,0.8893,4
2048,n<=64,sr>70%,kvB<=16k,kp<=2k,0.1795,4
2048,n<=64,sr>70%,kvB<=16k,kp<=32k,0.4005,4
2048,n<=64,sr>70%,kvB<=16k,kp<=4k,0.2759,4
2048,n<=64,sr>70%,kvB<=16k,kp<=512,0.6095,4
2048,n<=64,sr>70%,kvB<=16k,kp<=64k,-0.0602,4
2048,n<=64,sr>70%,kvB<=16k,kp<=8k,0.083,4
2048,n<=64,sr>70%,kvB<=16k,kp=0,1.744,4
2048,n<=64,sr>70%,kvB<=1k,kp<=16k,0.3008,4
2048,n<=64,sr>70%,kvB<=1k,kp<=1k,0.2912,4
2048,n<=64,sr>70%,kvB<=1k,kp<=2k,0.2768,4
2048,n<=64,sr>70%,kvB<=1k,kp<=32k,0.4125,4
2048,n<=64,sr>70%,kvB<=1k,kp<=4k,0.2247,4
2048,n<=64,sr>70%,kvB<=1k,kp<=512,0.2861,4
2048,n<=64,sr>70%,kvB<=1k,kp<=64k,0.3551,2
2048,n<=64,sr>70%,kvB<=1k,kp<=8k,0.3565,4
2048,n<=64,sr>70%,kvB<=1k,kp=0,0.3103,4
2048,n<=64,sr>70%,kvB<=4k,kp<=16k,0.0349,4
2048,n<=64,sr>70%,kvB<=4k,kp<=1k,0.0182,4
2048,n<=64,sr>70%,kvB<=4k,kp<=2k,0.0738,4
2048,n<=64,sr>70%,kvB<=4k,kp<=32k,-0.0023,4
2048,n<=64,sr>70%,kvB<=4k,kp<=4k,0.0152,4
2048,n<=64,sr>70%,kvB<=4k,kp<=512,0.0107,4
2048,n<=64,sr>70%,kvB<=4k,kp<=64k,0.3127,4
2048,n<=64,sr>70%,kvB<=4k,kp<=8k,0.0112,4
2048,n<=64,sr>70%,kvB<=4k,kp=0,0.0215,4
2048,n<=64,sr>70%,kvB<=64k,kp<=16k,0.0335,4
2048,n<=64,sr>70%,kvB<=64k,kp<=1k,0.7035,4
2048,n<=64,sr>70%,kvB<=64k,kp<=2k,0.2701,4
2048,n<=64,sr>70%,kvB<=64k,kp<=32k,0.2096,4
2048,n<=64,sr>70%,kvB<=64k,kp<=4k,0.0056,4
2048,n<=64,sr>70%,kvB<=64k,kp<=512,1.2398,3
2048,n<=64,sr>70%,kvB<=64k,kp<=64k,-0.0044,4
2048,n<=64,sr>70%,kvB<=64k,kp<=8k,0.0108,4
2048,n<=64,sr>70%,kvB<=64k,kp=0,3.3052,4
2048,n<=8,sr<=15%,kvB<=16k,kp<=16k,-0.024,2
2048,n<=8,sr<=15%,kvB<=16k,kp<=1k,0.2556,2
2048,n<=8,sr<=15%,kvB<=16k,kp<=2k,0.2689,2
2048,n<=8,sr<=15%,kvB<=16k,kp<=32k,-0.0083,2
2048,n<=8,sr<=15%,kvB<=16k,kp<=4k,0.1896,2
2048,n<=8,sr<=15%,kvB<=16k,kp<=512,0.2835,2
2048,n<=8,sr<=15%,kvB<=16k,kp<=64k,-0.0144,2
2048,n<=8,sr<=15%,kvB<=16k,kp<=8k,0.1402,2
2048,n<=8,sr<=15%,kvB<=16k,kp=0,0.2693,2
2048,n<=8,sr<=15%,kvB<=1k,kp<=16k,-0.2921,1
2048,n<=8,sr<=15%,kvB<=1k,kp<=1k,0.1295,2
2048,n<=8,sr<=15%,kvB<=1k,kp<=2k,0.266,2
2048,n<=8,sr<=15%,kvB<=1k,kp<=32k,-0.5593,1
2048,n<=8,sr<=15%,kvB<=1k,kp<=4k,-0.1881,2
2048,n<=8,sr<=15%,kvB<=1k,kp<=512,0.0602,2
2048,n<=8,sr<=15%,kvB<=1k,kp<=64k,0.0955,1
2048,n<=8,sr<=15%,kvB<=1k,kp<=8k,-0.6374,2
2048,n<=8,sr<=15%,kvB<=1k,kp=0,0.0989,2
2048,n<=8,sr<=15%,kvB<=4k,kp<=16k,0.0843,2
2048,n<=8,sr<=15%,kvB<=4k,kp<=1k,0.1181,2
2048,n<=8,sr<=15%,kvB<=4k,kp<=2k,0.0948,2
2048,n<=8,sr<=15%,kvB<=4k,kp<=32k,-0.1457,2
2048,n<=8,sr<=15%,kvB<=4k,kp<=4k,0.0826,2
2048,n<=8,sr<=15%,kvB<=4k,kp<=512,0.1631,2
2048,n<=8,sr<=15%,kvB<=4k,kp<=64k,-0.1853,2
2048,n<=8,sr<=15%,kvB<=4k,kp<=8k,-0.1342,2
2048,n<=8,sr<=15%,kvB<=4k,kp=0,0.192,2
2048,n<=8,sr<=15%,kvB<=64k,kp<=16k,0.2215,2
2048,n<=8,sr<=15%,kvB<=64k,kp<=1k,0.2569,2
2048,n<=8,sr<=15%,kvB<=64k,kp<=2k,0.2399,2
2048,n<=8,sr<=15%,kvB<=64k,kp<=32k,0.1491,2
2048,n<=8,sr<=15%,kvB<=64k,kp<=4k,0.2232,2
2048,n<=8,sr<=15%,kvB<=64k,kp<=512,0.2673,2
2048,n<=8,sr<=15%,kvB<=64k,kp<=64k,0.0243,2
2048,n<=8,sr<=15%,kvB<=64k,kp<=8k,0.2336,2
2048,n<=8,sr<=15%,kvB<=64k,kp=0,0.2786,2
2048,n<=8,sr<=40%,kvB<=16k,kp<=16k,0.0845,4
2048,n<=8,sr<=40%,kvB<=16k,kp<=1k,0.2427,4
2048,n<=8,sr<=40%,kvB<=16k,kp<=2k,0.2457,4
2048,n<=8,sr<=40%,kvB<=16k,kp<=32k,-0.0123,4
2048,n<=8,sr<=40%,kvB<=16k,kp<=4k,0.1934,4
2048,n<=8,sr<=40%,kvB<=16k,kp<=512,0.248,4
2048,n<=8,sr<=40%,kvB<=16k,kp<=64k,0.1436,4
2048,n<=8,sr<=40%,kvB<=16k,kp<=8k,0.1799,4
2048,n<=8,sr<=40%,kvB<=16k,kp=0,0.2582,4
2048,n<=8,sr<=40%,kvB<=1k,kp<=16k,0.2808,4
2048,n<=8,sr<=40%,kvB<=1k,kp<=1k,0.3441,4
2048,n<=8,sr<=40%,kvB<=1k,kp<=2k,-0.2331,4
2048,n<=8,sr<=40%,kvB<=1k,kp<=32k,0.7317,3
2048,n<=8,sr<=40%,kvB<=1k,kp<=4k,0.0645,4
2048,n<=8,sr<=40%,kvB<=1k,kp<=512,0.125,4
2048,n<=8,sr<=40%,kvB<=1k,kp<=64k,0.2811,2
2048,n<=8,sr<=40%,kvB<=1k,kp<=8k,0.1825,4
2048,n<=8,sr<=40%,kvB<=1k,kp=0,0.2598,4
2048,n<=8,sr<=40%,kvB<=4k,kp<=16k,0.2027,4
2048,n<=8,sr<=40%,kvB<=4k,kp<=1k,0.1664,4
2048,n<=8,sr<=40%,kvB<=4k,kp<=2k,0.0162,4
2048,n<=8,sr<=40%,kvB<=4k,kp<=32k,0.1525,4
2048,n<=8,sr<=40%,kvB<=4k,kp<=4k,0.1072,4
2048,n<=8,sr<=40%,kvB<=4k,kp<=512,0.1952,4
2048,n<=8,sr<=40%,kvB<=4k,kp<=64k,0.3592,4
2048,n<=8,sr<=40%,kvB<=4k,kp<=8k,0.1826,4
2048,n<=8,sr<=40%,kvB<=4k,kp=0,0.2172,4
2048,n<=8,sr<=40%,kvB<=64k,kp<=16k,0.242,4
2048,n<=8,sr<=40%,kvB<=64k,kp<=1k,0.2362,4
2048,n<=8,sr<=40%,kvB<=64k,kp<=2k,0.1998,4
2048,n<=8,sr<=40%,kvB<=64k,kp<=32k,0.1805,4
2048,n<=8,sr<=40%,kvB<=64k,kp<=4k,0.191,4
2048,n<=8,sr<=40%,kvB<=64k,kp<=512,0.2597,4
2048,n<=8,sr<=40%,kvB<=64k,kp<=64k,0.0455,4
2048,n<=8,sr<=40%,kvB<=64k,kp<=8k,0.2047,4
2048,n<=8,sr<=40%,kvB<=64k,kp=0,0.2765,4
2048,n<=8,sr<=70%,kvB<=16k,kp<=16k,0.2268,2
2048,n<=8,sr<=70%,kvB<=16k,kp<=1k,0.2241,2
2048,n<=8,sr<=70%,kvB<=16k,kp<=2k,0.2767,2
2048,n<=8,sr<=70%,kvB<=16k,kp<=32k,0.0532,2
2048,n<=8,sr<=70%,kvB<=16k,kp<=4k,0.1347,2
2048,n<=8,sr<=70%,kvB<=16k,kp<=512,0.2205,2
2048,n<=8,sr<=70%,kvB<=16k,kp<=64k,0.2786,2
2048,n<=8,sr<=70%,kvB<=16k,kp<=8k,0.1812,2
2048,n<=8,sr<=70%,kvB<=16k,kp=0,0.2327,2
2048,n<=8,sr<=70%,kvB<=1k,kp<=16k,-0.9387,2
2048,n<=8,sr<=70%,kvB<=1k,kp<=1k,0.0174,2
2048,n<=8,sr<=70%,kvB<=1k,kp<=2k,-0.0749,2
2048,n<=8,sr<=70%,kvB<=1k,kp<=32k,0.3667,2
2048,n<=8,sr<=70%,kvB<=1k,kp<=4k,0.6643,2
2048,n<=8,sr<=70%,kvB<=1k,kp<=512,0.0556,2
2048,n<=8,sr<=70%,kvB<=1k,kp<=8k,-0.3804,2
2048,n<=8,sr<=70%,kvB<=1k,kp=0,0.048,2
2048,n<=8,sr<=70%,kvB<=4k,kp<=16k,0.224,2
2048,n<=8,sr<=70%,kvB<=4k,kp<=1k,0.2102,2
2048,n<=8,sr<=70%,kvB<=4k,kp<=2k,-0.0592,2
2048,n<=8,sr<=70%,kvB<=4k,kp<=32k,0.0651,2
2048,n<=8,sr<=70%,kvB<=4k,kp<=4k,0.0358,2
2048,n<=8,sr<=70%,kvB<=4k,kp<=512,0.2474,2
2048,n<=8,sr<=70%,kvB<=4k,kp<=64k,0.1691,2
2048,n<=8,sr<=70%,kvB<=4k,kp<=8k,-0.4024,2
2048,n<=8,sr<=70%,kvB<=4k,kp=0,0.2082,2
2048,n<=8,sr<=70%,kvB<=64k,kp<=16k,0.2376,2
2048,n<=8,sr<=70%,kvB<=64k,kp<=1k,0.1916,2
2048,n<=8,sr<=70%,kvB<=64k,kp<=2k,0.1479,2
2048,n<=8,sr<=70%,kvB<=64k,kp<=32k,0.1353,2
2048,n<=8,sr<=70%,kvB<=64k,kp<=4k,0.1537,2
2048,n<=8,sr<=70%,kvB<=64k,kp<=512,0.2281,2
2048,n<=8,sr<=70%,kvB<=64k,kp<=64k,0.046,2
2048,n<=8,sr<=70%,kvB<=64k,kp<=8k,0.1646,2
2048,n<=8,sr<=70%,kvB<=64k,kp=0,0.2752,2
2048,n<=8,sr>70%,kvB<=16k,kp<=16k,0.1647,3
2048,n<=8,sr>70%,kvB<=16k,kp<=1k,0.236,4
2048,n<=8,sr>70%,kvB<=16k,kp<=2k,0.2229,4
2048,n<=8,sr>70%,kvB<=16k,kp<=32k,0.1864,4
2048,n<=8,sr>70%,kvB<=16k,kp<=4k,0.3074,4
2048,n<=8,sr>70%,kvB<=16k,kp<=512,0.2464,4
2048,n<=8,sr>70%,kvB<=16k,kp<=64k,-0.421,4
2048,n<=8,sr>70%,kvB<=16k,kp<=8k,0.2993,4
2048,n<=8,sr>70%,kvB<=16k,kp=0,0.199,4
2048,n<=8,sr>70%,kvB<=1k,kp<=16k,1.2771,2
2048,n<=8,sr>70%,kvB<=1k,kp<=1k,0.4107,4
2048,n<=8,sr>70%,kvB<=1k,kp<=2k,0.59,4
2048,n<=8,sr>70%,kvB<=1k,kp<=32k,0.4923,3
2048,n<=8,sr>70%,kvB<=1k,kp<=4k,0.7564,3
2048,n<=8,sr>70%,kvB<=1k,kp<=512,0.4735,4
2048,n<=8,sr>70%,kvB<=1k,kp<=64k,0.4835,4
2048,n<=8,sr>70%,kvB<=1k,kp<=8k,-0.326,2
2048,n<=8,sr>70%,kvB<=1k,kp=0,0.2598,4
2048,n<=8,sr>70%,kvB<=4k,kp<=16k,-0.2037,2
2048,n<=8,sr>70%,kvB<=4k,kp<=1k,0.1198,4
2048,n<=8,sr>70%,kvB<=4k,kp<=2k,0.1663,4
2048,n<=8,sr>70%,kvB<=4k,kp<=32k,0.1709,4
2048,n<=8,sr>70%,kvB<=4k,kp<=4k,0.0334,3
2048,n<=8,sr>70%,kvB<=4k,kp<=512,0.2684,4
2048,n<=8,sr>70%,kvB<=4k,kp<=64k,0.3967,3
2048,n<=8,sr>70%,kvB<=4k,kp<=8k,0.6581,2
2048,n<=8,sr>70%,kvB<=4k,kp=0,0.2328,4
2048,n<=8,sr>70%,kvB<=64k,kp<=16k,0.1668,4
2048,n<=8,sr>70%,kvB<=64k,kp<=1k,0.3925,4
2048,n<=8,sr>70%,kvB<=64k,kp<=2k,0.1621,4
2048,n<=8,sr>70%,kvB<=64k,kp<=32k,0.0383,4
2048,n<=8,sr>70%,kvB<=64k,kp<=4k,-0.0108,4
2048,n<=8,sr>70%,kvB<=64k,kp<=512,0.6642,4
2048,n<=8,sr>70%,kvB<=64k,kp<=64k,0.3495,4
2048,n<=8,sr>70%,kvB<=64k,kp<=8k,0.2326,4
2048,n<=8,sr>70%,kvB<=64k,kp=0,0.8453,4
4096,n<=128,sr<=15%,kvB<=16k,kp<=16k,-0.001,4
4096,n<=128,sr<=15%,kvB<=16k,kp<=1k,0.002,4
4096,n<=128,sr<=15%,kvB<=16k,kp<=2k,0.0032,4
4096,n<=128,sr<=15%,kvB<=16k,kp<=32k,0.0013,4
4096,n<=128,sr<=15%,kvB<=16k,kp<=4k,0.0035,4
4096,n<=128,sr<=15%,kvB<=16k,kp<=512,0.0017,4
4096,n<=128,sr<=15%,kvB<=16k,kp<=64k,-0.0085,4
4096,n<=128,sr<=15%,kvB<=16k,kp<=8k,0.0011,4
4096,n<=128,sr<=15%,kvB<=16k,kp=0,0.0006,4
4096,n<=128,sr<=15%,kvB<=1k,kp<=16k,0.1059,4
4096,n<=128,sr<=15%,kvB<=1k,kp<=1k,0.0928,4
4096,n<=128,sr<=15%,kvB<=1k,kp<=2k,0.1082,4
4096,n<=128,sr<=15%,kvB<=1k,kp<=32k,0.093,4
4096,n<=128,sr<=15%,kvB<=1k,kp<=4k,0.1218,4
4096,n<=128,sr<=15%,kvB<=1k,kp<=512,0.0758,4
4096,n<=128,sr<=15%,kvB<=1k,kp<=64k,0.1354,4
4096,n<=128,sr<=15%,kvB<=1k,kp<=8k,0.0899,4
4096,n<=128,sr<=15%,kvB<=1k,kp=0,0.0805,4
4096,n<=128,sr<=15%,kvB<=4k,kp<=16k,0.021,4
4096,n<=128,sr<=15%,kvB<=4k,kp<=1k,0.002,4
4096,n<=128,sr<=15%,kvB<=4k,kp<=2k,0.0028,4
4096,n<=128,sr<=15%,kvB<=4k,kp<=32k,0.0149,4
4096,n<=128,sr<=15%,kvB<=4k,kp<=4k,0.0062,4
4096,n<=128,sr<=15%,kvB<=4k,kp<=512,0.0029,4
4096,n<=128,sr<=15%,kvB<=4k,kp<=64k,0.0107,4
4096,n<=128,sr<=15%,kvB<=4k,kp<=8k,0.0112,4
4096,n<=128,sr<=15%,kvB<=4k,kp=0,0.0046,4
4096,n<=128,sr<=15%,kvB<=64k,kp<=16k,0.0006,4
4096,n<=128,sr<=15%,kvB<=64k,kp<=1k,0.0044,4
4096,n<=128,sr<=15%,kvB<=64k,kp<=2k,0.0052,4
4096,n<=128,sr<=15%,kvB<=64k,kp<=32k,-0.006,4
4096,n<=128,sr<=15%,kvB<=64k,kp<=4k,0.0058,4
4096,n<=128,sr<=15%,kvB<=64k,kp<=512,0.0043,4
4096,n<=128,sr<=15%,kvB<=64k,kp<=64k,0.0009,4
4096,n<=128,sr<=15%,kvB<=64k,kp<=8k,0.0048,4
4096,n<=128,sr<=15%,kvB<=64k,kp=0,0.0041,4
4096,n<=128,sr<=40%,kvB<=16k,kp<=16k,-0.0247,2
4096,n<=128,sr<=40%,kvB<=16k,kp<=1k,0.0015,2
4096,n<=128,sr<=40%,kvB<=16k,kp<=2k,0.0021,2
4096,n<=128,sr<=40%,kvB<=16k,kp<=32k,0.0151,2
4096,n<=128,sr<=40%,kvB<=16k,kp<=4k,0.0019,2
4096,n<=128,sr<=40%,kvB<=16k,kp<=512,0.0013,2
4096,n<=128,sr<=40%,kvB<=16k,kp<=64k,0.0035,2
4096,n<=128,sr<=40%,kvB<=16k,kp<=8k,-0.0047,2
4096,n<=128,sr<=40%,kvB<=16k,kp=0,0.0013,2
4096,n<=128,sr<=40%,kvB<=1k,kp<=16k,0.2415,2
4096,n<=128,sr<=40%,kvB<=1k,kp<=1k,0.1482,2
4096,n<=128,sr<=40%,kvB<=1k,kp<=2k,0.1045,2
4096,n<=128,sr<=40%,kvB<=1k,kp<=32k,0.2571,2
4096,n<=128,sr<=40%,kvB<=1k,kp<=4k,0.1353,2
4096,n<=128,sr<=40%,kvB<=1k,kp<=512,0.124,2
4096,n<=128,sr<=40%,kvB<=1k,kp<=64k,0.2593,2
4096,n<=128,sr<=40%,kvB<=1k,kp<=8k,0.2155,2
4096,n<=128,sr<=40%,kvB<=1k,kp=0,0.1203,2
4096,n<=128,sr<=40%,kvB<=4k,kp<=16k,0.0097,2
4096,n<=128,sr<=40%,kvB<=4k,kp<=1k,-0.0014,2
4096,n<=128,sr<=40%,kvB<=4k,kp<=2k,0.0007,2
4096,n<=128,sr<=40%,kvB<=4k,kp<=32k,-0.0316,2
4096,n<=128,sr<=40%,kvB<=4k,kp<=4k,0.0039,2
4096,n<=128,sr<=40%,kvB<=4k,kp<=512,-0.0042,2
4096,n<=128,sr<=40%,kvB<=4k,kp<=64k,-0.0153,2
4096,n<=128,sr<=40%,kvB<=4k,kp<=8k,0.0014,2
4096,n<=128,sr<=40%,kvB<=4k,kp=0,-0.0064,2
4096,n<=128,sr<=40%,kvB<=64k,kp<=16k,-0.0036,2
4096,n<=128,sr<=40%,kvB<=64k,kp<=1k,0.0015,2
4096,n<=128,sr<=40%,kvB<=64k,kp<=2k,0.0016,2
4096,n<=128,sr<=40%,kvB<=64k,kp<=32k,0.0007,2
4096,n<=128,sr<=40%,kvB<=64k,kp<=4k,0.0016,2
4096,n<=128,sr<=40%,kvB<=64k,kp<=512,0.0014,2
4096,n<=128,sr<=40%,kvB<=64k,kp<=64k,-0.005,2
4096,n<=128,sr<=40%,kvB<=64k,kp<=8k,0.0004,2
4096,n<=128,sr<=40%,kvB<=64k,kp=0,0.0006,2
4096,n<=128,sr<=5%,kvB<=16k,kp<=16k,0.0015,8
4096,n<=128,sr<=5%,kvB<=16k,kp<=1k,0.0047,8
4096,n<=128,sr<=5%,kvB<=16k,kp<=2k,0.0049,8
4096,n<=128,sr<=5%,kvB<=16k,kp<=32k,0.0035,8
4096,n<=128,sr<=5%,kvB<=16k,kp<=4k,0.0054,8
4096,n<=128,sr<=5%,kvB<=16k,kp<=512,0.004,8
4096,n<=128,sr<=5%,kvB<=16k,kp<=64k,0.002,8
4096,n<=128,sr<=5%,kvB<=16k,kp<=8k,0.0046,8
4096,n<=128,sr<=5%,kvB<=16k,kp=0,0.0043,8
4096,n<=128,sr<=5%,kvB<=1k,kp<=16k,0.019,8
4096,n<=128,sr<=5%,kvB<=1k,kp<=1k,0.0265,8
4096,n<=128,sr<=5%,kvB<=1k,kp<=2k,0.0116,8
4096,n<=128,sr<=5%,kvB<=1k,kp<=32k,0.0644,8
4096,n<=128,sr<=5%,kvB<=1k,kp<=4k,0.0012,8
4096,n<=128,sr<=5%,kvB<=1k,kp<=512,0.013,8
4096,n<=128,sr<=5%,kvB<=1k,kp<=64k,0.1989,8
4096,n<=128,sr<=5%,kvB<=1k,kp<=8k,0.0335,8
4096,n<=128,sr<=5%,kvB<=1k,kp=0,0.0029,8
4096,n<=128,sr<=5%,kvB<=4k,kp<=16k,0.0102,8
4096,n<=128,sr<=5%,kvB<=4k,kp<=1k,0.0052,8
4096,n<=128,sr<=5%,kvB<=4k,kp<=2k,0.0073,8
4096,n<=128,sr<=5%,kvB<=4k,kp<=32k,0.0174,8
4096,n<=128,sr<=5%,kvB<=4k,kp<=4k,0.0076,8
4096,n<=128,sr<=5%,kvB<=4k,kp<=512,0.0079,8
4096,n<=128,sr<=5%,kvB<=4k,kp<=64k,0.0036,8
4096,n<=128,sr<=5%,kvB<=4k,kp<=8k,0.0053,8
4096,n<=128,sr<=5%,kvB<=4k,kp=0,0.0061,8
4096,n<=128,sr<=5%,kvB<=64k,kp<=16k,0.0062,8
4096,n<=128,sr<=5%,kvB<=64k,kp<=1k,0.0055,8
4096,n<=128,sr<=5%,kvB<=64k,kp<=2k,0.0054,8
4096,n<=128,sr<=5%,kvB<=64k,kp<=32k,0.0021,8
4096,n<=128,sr<=5%,kvB<=64k,kp<=4k,0.0056,8
4096,n<=128,sr<=5%,kvB<=64k,kp<=512,0.0054,8
4096,n<=128,sr<=5%,kvB<=64k,kp<=64k,-0.0018,8
4096,n<=128,sr<=5%,kvB<=64k,kp<=8k,0.0057,8
4096,n<=128,sr<=5%,kvB<=64k,kp=0,0.0053,8
4096,n<=128,sr<=70%,kvB<=16k,kp<=16k,-0.021,2
4096,n<=128,sr<=70%,kvB<=16k,kp<=1k,-0.0009,2
4096,n<=128,sr<=70%,kvB<=16k,kp<=2k,0.0004,2
4096,n<=128,sr<=70%,kvB<=16k,kp<=32k,-0.0251,2
4096,n<=128,sr<=70%,kvB<=16k,kp<=4k,-0.0021,2
4096,n<=128,sr<=70%,kvB<=16k,kp<=512,-0.001,2
4096,n<=128,sr<=70%,kvB<=16k,kp<=64k,0.0121,2
4096,n<=128,sr<=70%,kvB<=16k,kp<=8k,-0.0077,2
4096,n<=128,sr<=70%,kvB<=16k,kp=0,-0.0009,2
4096,n<=128,sr<=70%,kvB<=1k,kp<=16k,0.0939,2
4096,n<=128,sr<=70%,kvB<=1k,kp<=1k,0.1296,2
4096,n<=128,sr<=70%,kvB<=1k,kp<=2k,0.0579,2
4096,n<=128,sr<=70%,kvB<=1k,kp<=32k,0.1584,2
4096,n<=128,sr<=70%,kvB<=1k,kp<=4k,0.1019,2
4096,n<=128,sr<=70%,kvB<=1k,kp<=512,0.0609,2
4096,n<=128,sr<=70%,kvB<=1k,kp<=64k,0.7129,2
4096,n<=128,sr<=70%,kvB<=1k,kp<=8k,0.1042,2
4096,n<=128,sr<=70%,kvB<=1k,kp=0,0.0681,2
4096,n<=128,sr<=70%,kvB<=4k,kp<=16k,0.0053,2
4096,n<=128,sr<=70%,kvB<=4k,kp<=1k,-0.0166,2
4096,n<=128,sr<=70%,kvB<=4k,kp<=2k,-0.0075,2
4096,n<=128,sr<=70%,kvB<=4k,kp<=32k,-0.0115,2
4096,n<=128,sr<=70%,kvB<=4k,kp<=4k,-0.0024,2
4096,n<=128,sr<=70%,kvB<=4k,kp<=512,-0.0112,2
4096,n<=128,sr<=70%,kvB<=4k,kp<=64k,-0.0374,2
4096,n<=128,sr<=70%,kvB<=4k,kp<=8k,0.041,2
4096,n<=128,sr<=70%,kvB<=4k,kp=0,-0.0287,2
4096,n<=128,sr<=70%,kvB<=64k,kp<=16k,-0.0075,2
4096,n<=128,sr<=70%,kvB<=64k,kp<=1k,0.0,2
4096,n<=128,sr<=70%,kvB<=64k,kp<=2k,-0.0,2
4096,n<=128,sr<=70%,kvB<=64k,kp<=32k,-0.0306,2
4096,n<=128,sr<=70%,kvB<=64k,kp<=4k,-0.0006,2
4096,n<=128,sr<=70%,kvB<=64k,kp<=512,0.0003,2
4096,n<=128,sr<=70%,kvB<=64k,kp<=64k,-0.0341,2
4096,n<=128,sr<=70%,kvB<=64k,kp<=8k,-0.0012,2
4096,n<=128,sr<=70%,kvB<=64k,kp=0,-0.0004,2
4096,n<=128,sr>70%,kvB<=16k,kp<=16k,-0.0504,4
4096,n<=128,sr>70%,kvB<=16k,kp<=1k,0.0035,4
4096,n<=128,sr>70%,kvB<=16k,kp<=2k,0.0038,4
4096,n<=128,sr>70%,kvB<=16k,kp<=32k,-0.065,4
4096,n<=128,sr>70%,kvB<=16k,kp<=4k,0.0004,4
4096,n<=128,sr>70%,kvB<=16k,kp<=512,0.0044,4
4096,n<=128,sr>70%,kvB<=16k,kp<=64k,0.0078,4
4096,n<=128,sr>70%,kvB<=16k,kp<=8k,-0.0323,4
4096,n<=128,sr>70%,kvB<=16k,kp=0,0.0042,4
4096,n<=128,sr>70%,kvB<=1k,kp<=16k,0.3895,4
4096,n<=128,sr>70%,kvB<=1k,kp<=1k,0.3001,4
4096,n<=128,sr>70%,kvB<=1k,kp<=2k,0.2559,4
4096,n<=128,sr>70%,kvB<=1k,kp<=32k,0.4523,2
4096,n<=128,sr>70%,kvB<=1k,kp<=4k,0.3488,4
4096,n<=128,sr>70%,kvB<=1k,kp<=512,0.2963,4
4096,n<=128,sr>70%,kvB<=1k,kp<=64k,0.6656,3
4096,n<=128,sr>70%,kvB<=1k,kp<=8k,0.2092,4
4096,n<=128,sr>70%,kvB<=1k,kp=0,0.2066,4
4096,n<=128,sr>70%,kvB<=4k,kp<=16k,0.0246,4
4096,n<=128,sr>70%,kvB<=4k,kp<=1k,0.0061,4
4096,n<=128,sr>70%,kvB<=4k,kp<=2k,0.011,4
4096,n<=128,sr>70%,kvB<=4k,kp<=32k,0.0667,4
4096,n<=128,sr>70%,kvB<=4k,kp<=4k,0.0049,4
4096,n<=128,sr>70%,kvB<=4k,kp<=512,0.011,4
4096,n<=128,sr>70%,kvB<=4k,kp<=64k,-0.1812,4
4096,n<=128,sr>70%,kvB<=4k,kp<=8k,0.1783,4
4096,n<=128,sr>70%,kvB<=4k,kp=0,0.0047,4
4096,n<=128,sr>70%,kvB<=64k,kp<=16k,-0.003,4
4096,n<=128,sr>70%,kvB<=64k,kp<=1k,0.007,4
4096,n<=128,sr>70%,kvB<=64k,kp<=2k,0.0074,4
4096,n<=128,sr>70%,kvB<=64k,kp<=32k,-0.0304,4
4096,n<=128,sr>70%,kvB<=64k,kp<=4k,0.0119,4
4096,n<=128,sr>70%,kvB<=64k,kp<=512,0.0075,4
4096,n<=128,sr>70%,kvB<=64k,kp<=64k,-0.0539,4
4096,n<=128,sr>70%,kvB<=64k,kp<=8k,0.0066,4
4096,n<=128,sr>70%,kvB<=64k,kp=0,0.0087,4
4096,n<=16,sr<=15%,kvB<=16k,kp<=16k,-0.0013,4
4096,n<=16,sr<=15%,kvB<=16k,kp<=1k,0.136,4
4096,n<=16,sr<=15%,kvB<=16k,kp<=2k,0.1183,4
4096,n<=16,sr<=15%,kvB<=16k,kp<=32k,0.0184,4
4096,n<=16,sr<=15%,kvB<=16k,kp<=4k,0.0999,4
4096,n<=16,sr<=15%,kvB<=16k,kp<=512,0.1371,4
4096,n<=16,sr<=15%,kvB<=16k,kp<=64k,0.0244,4
4096,n<=16,sr<=15%,kvB<=16k,kp<=8k,0.0417,4
4096,n<=16,sr<=15%,kvB<=16k,kp=0,0.1284,4
4096,n<=16,sr<=15%,kvB<=1k,kp<=16k,0.1204,4
4096,n<=16,sr<=15%,kvB<=1k,kp<=1k,0.0312,4
4096,n<=16,sr<=15%,kvB<=1k,kp<=2k,0.098,4
4096,n<=16,sr<=15%,kvB<=1k,kp<=32k,-0.0185,4
4096,n<=16,sr<=15%,kvB<=1k,kp<=4k,0.113,4
4096,n<=16,sr<=15%,kvB<=1k,kp<=512,0.0428,4
4096,n<=16,sr<=15%,kvB<=1k,kp<=64k,0.0867,4
4096,n<=16,sr<=15%,kvB<=1k,kp<=8k,0.1918,4
4096,n<=16,sr<=15%,kvB<=1k,kp=0,0.1242,4
4096,n<=16,sr<=15%,kvB<=4k,kp<=16k,0.0976,4
4096,n<=16,sr<=15%,kvB<=4k,kp<=1k,0.0064,4
4096,n<=16,sr<=15%,kvB<=4k,kp<=2k,-0.0027,4
4096,n<=16,sr<=15%,kvB<=4k,kp<=32k,0.009,4
4096,n<=16,sr<=15%,kvB<=4k,kp<=4k,-0.0073,4
4096,n<=16,sr<=15%,kvB<=4k,kp<=512,0.0462,4
4096,n<=16,sr<=15%,kvB<=4k,kp<=64k,0.0304,4
4096,n<=16,sr<=15%,kvB<=4k,kp<=8k,0.0126,4
4096,n<=16,sr<=15%,kvB<=4k,kp=0,0.0196,4
4096,n<=16,sr<=15%,kvB<=64k,kp<=16k,0.0738,4
4096,n<=16,sr<=15%,kvB<=64k,kp<=1k,0.0478,4
4096,n<=16,sr<=15%,kvB<=64k,kp<=2k,0.0504,4
4096,n<=16,sr<=15%,kvB<=64k,kp<=32k,0.0818,4
4096,n<=16,sr<=15%,kvB<=64k,kp<=4k,0.051,4
4096,n<=16,sr<=15%,kvB<=64k,kp<=512,0.0527,4
4096,n<=16,sr<=15%,kvB<=64k,kp<=64k,0.004,4
4096,n<=16,sr<=15%,kvB<=64k,kp<=8k,0.0549,4
4096,n<=16,sr<=15%,kvB<=64k,kp=0,0.0612,4
4096,n<=16,sr<=40%,kvB<=16k,kp<=16k,-0.0069,4
4096,n<=16,sr<=40%,kvB<=16k,kp<=1k,0.1342,4
4096,n<=16,sr<=40%,kvB<=16k,kp<=2k,0.114,4
4096,n<=16,sr<=40%,kvB<=16k,kp<=32k,0.0183,4
4096,n<=16,sr<=40%,kvB<=16k,kp<=4k,0.1128,4
4096,n<=16,sr<=40%,kvB<=16k,kp<=512,0.124,4
4096,n<=16,sr<=40%,kvB<=16k,kp<=64k,0.0396,4
4096,n<=16,sr<=40%,kvB<=16k,kp<=8k,0.0676,4
4096,n<=16,sr<=40%,kvB<=16k,kp=0,0.1434,4
4096,n<=16,sr<=40%,kvB<=1k,kp<=16k,0.0401,4
4096,n<=16,sr<=40%,kvB<=1k,kp<=1k,0.1514,4
4096,n<=16,sr<=40%,kvB<=1k,kp<=2k,0.102,4
4096,n<=16,sr<=40%,kvB<=1k,kp<=32k,0.0553,4
4096,n<=16,sr<=40%,kvB<=1k,kp<=4k,0.0998,4
4096,n<=16,sr<=40%,kvB<=1k,kp<=512,0.1697,4
4096,n<=16,sr<=40%,kvB<=1k,kp<=64k,0.1233,4
4096,n<=16,sr<=40%,kvB<=1k,kp<=8k,0.0478,4
4096,n<=16,sr<=40%,kvB<=1k,kp=0,0.1315,4
4096,n<=16,sr<=40%,kvB<=4k,kp<=16k,0.0379,4
4096,n<=16,sr<=40%,kvB<=4k,kp<=1k,-0.0081,4
4096,n<=16,sr<=40%,kvB<=4k,kp<=2k,-0.0358,4
4096,n<=16,sr<=40%,kvB<=4k,kp<=32k,0.0217,4
4096,n<=16,sr<=40%,kvB<=4k,kp<=4k,0.0591,4
4096,n<=16,sr<=40%,kvB<=4k,kp<=512,0.0533,4
4096,n<=16,sr<=40%,kvB<=4k,kp<=64k,0.0286,4
4096,n<=16,sr<=40%,kvB<=4k,kp<=8k,0.0158,4
4096,n<=16,sr<=40%,kvB<=4k,kp=0,0.0947,4
4096,n<=16,sr<=40%,kvB<=64k,kp<=16k,0.0673,4
4096,n<=16,sr<=40%,kvB<=64k,kp<=1k,0.0034,4
4096,n<=16,sr<=40%,kvB<=64k,kp<=2k,0.022,4
4096,n<=16,sr<=40%,kvB<=64k,kp<=32k,0.0905,4
4096,n<=16,sr<=40%,kvB<=64k,kp<=4k,-0.0058,4
4096,n<=16,sr<=40%,kvB<=64k,kp<=512,0.0348,4
4096,n<=16,sr<=40%,kvB<=64k,kp<=64k,0.0055,4
4096,n<=16,sr<=40%,kvB<=64k,kp<=8k,0.0714,4
4096,n<=16,sr<=40%,kvB<=64k,kp=0,0.0312,4
4096,n<=16,sr<=70%,kvB<=16k,kp<=16k,0.0061,2
4096,n<=16,sr<=70%,kvB<=16k,kp<=1k,0.1272,2
4096,n<=16,sr<=70%,kvB<=16k,kp<=2k,0.137,2
4096,n<=16,sr<=70%,kvB<=16k,kp<=32k,0.0143,2
4096,n<=16,sr<=70%,kvB<=16k,kp<=4k,0.1237,2
4096,n<=16,sr<=70%,kvB<=16k,kp<=512,0.1149,2
4096,n<=16,sr<=70%,kvB<=16k,kp<=64k,0.0328,2
4096,n<=16,sr<=70%,kvB<=16k,kp<=8k,0.0351,2
4096,n<=16,sr<=70%,kvB<=16k,kp=0,0.1228,2
4096,n<=16,sr<=70%,kvB<=1k,kp<=16k,-1.4713,1
4096,n<=16,sr<=70%,kvB<=1k,kp<=1k,-0.0695,2
4096,n<=16,sr<=70%,kvB<=1k,kp<=2k,-0.2019,2
4096,n<=16,sr<=70%,kvB<=1k,kp<=32k,-0.0048,2
4096,n<=16,sr<=70%,kvB<=1k,kp<=4k,-0.1786,2
4096,n<=16,sr<=70%,kvB<=1k,kp<=512,-0.1278,2
4096,n<=16,sr<=70%,kvB<=1k,kp<=64k,-0.0662,2
4096,n<=16,sr<=70%,kvB<=1k,kp<=8k,0.009,2
4096,n<=16,sr<=70%,kvB<=1k,kp=0,0.203,2
4096,n<=16,sr<=70%,kvB<=4k,kp<=16k,-0.0262,2
4096,n<=16,sr<=70%,kvB<=4k,kp<=1k,0.008,2
4096,n<=16,sr<=70%,kvB<=4k,kp<=2k,0.1671,2
4096,n<=16,sr<=70%,kvB<=4k,kp<=32k,0.0374,2
4096,n<=16,sr<=70%,kvB<=4k,kp<=4k,-0.0312,2
4096,n<=16,sr<=70%,kvB<=4k,kp<=512,-0.0752,2
4096,n<=16,sr<=70%,kvB<=4k,kp<=64k,0.0057,2
4096,n<=16,sr<=70%,kvB<=4k,kp<=8k,0.0657,2
4096,n<=16,sr<=70%,kvB<=4k,kp=0,0.0604,2
4096,n<=16,sr<=70%,kvB<=64k,kp<=16k,-0.1021,2
4096,n<=16,sr<=70%,kvB<=64k,kp<=1k,-0.0302,2
4096,n<=16,sr<=70%,kvB<=64k,kp<=2k,-0.0272,2
4096,n<=16,sr<=70%,kvB<=64k,kp<=32k,0.1002,2
4096,n<=16,sr<=70%,kvB<=64k,kp<=4k,-0.0454,2
4096,n<=16,sr<=70%,kvB<=64k,kp<=512,0.0153,2
4096,n<=16,sr<=70%,kvB<=64k,kp<=64k,0.0088,2
4096,n<=16,sr<=70%,kvB<=64k,kp<=8k,0.0368,2
4096,n<=16,sr<=70%,kvB<=64k,kp=0,0.0299,2
4096,n<=16,sr>70%,kvB<=16k,kp<=16k,-0.0375,4
4096,n<=16,sr>70%,kvB<=16k,kp<=1k,0.1044,4
4096,n<=16,sr>70%,kvB<=16k,kp<=2k,0.1093,4
4096,n<=16,sr>70%,kvB<=16k,kp<=32k,-0.013,4
4096,n<=16,sr>70%,kvB<=16k,kp<=4k,0.2148,4
4096,n<=16,sr>70%,kvB<=16k,kp<=512,0.128,4
4096,n<=16,sr>70%,kvB<=16k,kp<=64k,0.0184,4
4096,n<=16,sr>70%,kvB<=16k,kp<=8k,0.1903,4
4096,n<=16,sr>70%,kvB<=16k,kp=0,0.0632,4
4096,n<=16,sr>70%,kvB<=1k,kp<=16k,0.5688,4
4096,n<=16,sr>70%,kvB<=1k,kp<=1k,-0.161,4
4096,n<=16,sr>70%,kvB<=1k,kp<=2k,0.0516,4
4096,n<=16,sr>70%,kvB<=1k,kp<=32k,0.1936,4
4096,n<=16,sr>70%,kvB<=1k,kp<=4k,1.0594,3
4096,n<=16,sr>70%,kvB<=1k,kp<=512,-0.5213,4
4096,n<=16,sr>70%,kvB<=1k,kp<=64k,0.394,4
4096,n<=16,sr>70%,kvB<=1k,kp<=8k,0.8942,3
4096,n<=16,sr>70%,kvB<=1k,kp=0,0.8237,4
4096,n<=16,sr>70%,kvB<=4k,kp<=16k,0.0164,4
4096,n<=16,sr>70%,kvB<=4k,kp<=1k,-0.2305,4
4096,n<=16,sr>70%,kvB<=4k,kp<=2k,-0.7465,4
4096,n<=16,sr>70%,kvB<=4k,kp<=32k,0.0207,4
4096,n<=16,sr>70%,kvB<=4k,kp<=4k,0.0042,4
4096,n<=16,sr>70%,kvB<=4k,kp<=512,0.0561,4
4096,n<=16,sr>70%,kvB<=4k,kp<=64k,0.0045,4
4096,n<=16,sr>70%,kvB<=4k,kp<=8k,0.0094,4
4096,n<=16,sr>70%,kvB<=4k,kp=0,0.2021,4
4096,n<=16,sr>70%,kvB<=64k,kp<=16k,-0.1643,4
4096,n<=16,sr>70%,kvB<=64k,kp<=1k,0.023,3
4096,n<=16,sr>70%,kvB<=64k,kp<=2k,-0.088,4
4096,n<=16,sr>70%,kvB<=64k,kp<=32k,0.096,4
4096,n<=16,sr>70%,kvB<=64k,kp<=4k,-0.2327,4
4096,n<=16,sr>70%,kvB<=64k,kp<=512,-0.047,3
4096,n<=16,sr>70%,kvB<=64k,kp<=64k,0.0013,4
4096,n<=16,sr>70%,kvB<=64k,kp<=8k,0.0713,4
4096,n<=16,sr>70%,kvB<=64k,kp=0,0.1577,3
4096,n<=2,sr<=70%,kvB<=16k,kp<=16k,0.0146,2
4096,n<=2,sr<=70%,kvB<=16k,kp<=1k,0.5704,2
4096,n<=2,sr<=70%,kvB<=16k,kp<=2k,0.5498,2
4096,n<=2,sr<=70%,kvB<=16k,kp<=32k,0.0019,2
4096,n<=2,sr<=70%,kvB<=16k,kp<=4k,0.5094,2
4096,n<=2,sr<=70%,kvB<=16k,kp<=512,0.5112,2
4096,n<=2,sr<=70%,kvB<=16k,kp<=64k,0.0607,2
4096,n<=2,sr<=70%,kvB<=16k,kp<=8k,0.4745,2
4096,n<=2,sr<=70%,kvB<=16k,kp=0,0.5087,2
4096,n<=2,sr<=70%,kvB<=1k,kp<=16k,0.9953,2
4096,n<=2,sr<=70%,kvB<=1k,kp<=1k,-0.0207,2
4096,n<=2,sr<=70%,kvB<=1k,kp<=2k,0.0678,2
4096,n<=2,sr<=70%,kvB<=1k,kp<=32k,0.5588,1
4096,n<=2,sr<=70%,kvB<=1k,kp<=4k,0.2819,2
4096,n<=2,sr<=70%,kvB<=1k,kp<=512,0.0367,1
4096,n<=2,sr<=70%,kvB<=1k,kp<=64k,1.8131,2
4096,n<=2,sr<=70%,kvB<=1k,kp<=8k,0.3963,2
4096,n<=2,sr<=70%,kvB<=1k,kp=0,0.1548,1
4096,n<=2,sr<=70%,kvB<=4k,kp<=16k,0.2257,2
4096,n<=2,sr<=70%,kvB<=4k,kp<=1k,-0.1376,2
4096,n<=2,sr<=70%,kvB<=4k,kp<=2k,-0.0004,2
4096,n<=2,sr<=70%,kvB<=4k,kp<=32k,0.2242,2
4096,n<=2,sr<=70%,kvB<=4k,kp<=4k,0.0916,2
4096,n<=2,sr<=70%,kvB<=4k,kp<=512,1.0675,1
4096,n<=2,sr<=70%,kvB<=4k,kp<=64k,0.2365,2
4096,n<=2,sr<=70%,kvB<=4k,kp<=8k,-0.1956,2
4096,n<=2,sr<=70%,kvB<=4k,kp=0,-0.0521,1
4096,n<=2,sr<=70%,kvB<=64k,kp<=16k,0.5814,2
4096,n<=2,sr<=70%,kvB<=64k,kp<=1k,0.6204,2
4096,n<=2,sr<=70%,kvB<=64k,kp<=2k,0.6221,2
4096,n<=2,sr<=70%,kvB<=64k,kp<=32k,0.4563,2
4096,n<=2,sr<=70%,kvB<=64k,kp<=4k,0.6165,2
4096,n<=2,sr<=70%,kvB<=64k,kp<=512,0.6769,2
4096,n<=2,sr<=70%,kvB<=64k,kp<=64k,0.4887,2
4096,n<=2,sr<=70%,kvB<=64k,kp<=8k,0.5935,2
4096,n<=2,sr<=70%,kvB<=64k,kp=0,0.6302,2
4096,n<=32,sr<=15%,kvB<=16k,kp<=16k,0.009,6
4096,n<=32,sr<=15%,kvB<=16k,kp<=1k,0.0215,6
4096,n<=32,sr<=15%,kvB<=16k,kp<=2k,0.0195,6
4096,n<=32,sr<=15%,kvB<=16k,kp<=32k,0.0044,6
4096,n<=32,sr<=15%,kvB<=16k,kp<=4k,0.0219,6
4096,n<=32,sr<=15%,kvB<=16k,kp<=512,0.0239,6
4096,n<=32,sr<=15%,kvB<=16k,kp<=64k,0.0113,6
4096,n<=32,sr<=15%,kvB<=16k,kp<=8k,0.0148,6
4096,n<=32,sr<=15%,kvB<=16k,kp=0,0.0248,6
4096,n<=32,sr<=15%,kvB<=1k,kp<=16k,0.2915,6
4096,n<=32,sr<=15%,kvB<=1k,kp<=1k,0.0714,6
4096,n<=32,sr<=15%,kvB<=1k,kp<=2k,0.0354,6
4096,n<=32,sr<=15%,kvB<=1k,kp<=32k,0.0315,6
4096,n<=32,sr<=15%,kvB<=1k,kp<=4k,0.0933,6
4096,n<=32,sr<=15%,kvB<=1k,kp<=512,0.0758,6
4096,n<=32,sr<=15%,kvB<=1k,kp<=64k,0.089,6
4096,n<=32,sr<=15%,kvB<=1k,kp<=8k,-0.0819,6
4096,n<=32,sr<=15%,kvB<=1k,kp=0,0.0533,6
4096,n<=32,sr<=15%,kvB<=4k,kp<=16k,0.0608,6
4096,n<=32,sr<=15%,kvB<=4k,kp<=1k,0.0124,6
4096,n<=32,sr<=15%,kvB<=4k,kp<=2k,0.0151,6
4096,n<=32,sr<=15%,kvB<=4k,kp<=32k,0.0287,6
4096,n<=32,sr<=15%,kvB<=4k,kp<=4k,0.0225,6
4096,n<=32,sr<=15%,kvB<=4k,kp<=512,0.0159,6
4096,n<=32,sr<=15%,kvB<=4k,kp<=64k,0.0212,6
4096,n<=32,sr<=15%,kvB<=4k,kp<=8k,0.0472,6
4096,n<=32,sr<=15%,kvB<=4k,kp=0,0.0172,6
4096,n<=32,sr<=15%,kvB<=64k,kp<=16k,0.0038,6
4096,n<=32,sr<=15%,kvB<=64k,kp<=1k,0.0228,6
4096,n<=32,sr<=15%,kvB<=64k,kp<=2k,0.0186,6
4096,n<=32,sr<=15%,kvB<=64k,kp<=32k,0.0231,6
4096,n<=32,sr<=15%,kvB<=64k,kp<=4k,0.0177,6
4096,n<=32,sr<=15%,kvB<=64k,kp<=512,0.021,6
4096,n<=32,sr<=15%,kvB<=64k,kp<=64k,0.0007,6
4096,n<=32,sr<=15%,kvB<=64k,kp<=8k,0.0209,6
4096,n<=32,sr<=15%,kvB<=64k,kp=0,0.0246,6
4096,n<=32,sr<=40%,kvB<=16k,kp<=16k,-0.0066,2
4096,n<=32,sr<=40%,kvB<=16k,kp<=1k,0.0251,2
4096,n<=32,sr<=40%,kvB<=16k,kp<=2k,0.0186,2
4096,n<=32,sr<=40%,kvB<=16k,kp<=32k,-0.0009,2
4096,n<=32,sr<=40%,kvB<=16k,kp<=4k,0.0257,2
4096,n<=32,sr<=40%,kvB<=16k,kp<=512,0.0159,2
4096,n<=32,sr<=40%,kvB<=16k,kp<=64k,-0.0011,2
4096,n<=32,sr<=40%,kvB<=16k,kp<=8k,0.0297,2
4096,n<=32,sr<=40%,kvB<=16k,kp=0,0.0228,2
4096,n<=32,sr<=40%,kvB<=1k,kp<=16k,0.1064,2
4096,n<=32,sr<=40%,kvB<=1k,kp<=1k,0.0878,2
4096,n<=32,sr<=40%,kvB<=1k,kp<=2k,0.0749,2
4096,n<=32,sr<=40%,kvB<=1k,kp<=32k,0.12,2
4096,n<=32,sr<=40%,kvB<=1k,kp<=4k,-0.0654,2
4096,n<=32,sr<=40%,kvB<=1k,kp<=512,-0.0078,2
4096,n<=32,sr<=40%,kvB<=1k,kp<=64k,0.108,2
4096,n<=32,sr<=40%,kvB<=1k,kp<=8k,-0.0559,2
4096,n<=32,sr<=40%,kvB<=1k,kp=0,0.1402,2
4096,n<=32,sr<=40%,kvB<=4k,kp<=16k,0.0026,2
4096,n<=32,sr<=40%,kvB<=4k,kp<=1k,-0.0386,2
4096,n<=32,sr<=40%,kvB<=4k,kp<=2k,-0.0093,2
4096,n<=32,sr<=40%,kvB<=4k,kp<=32k,0.0095,2
4096,n<=32,sr<=40%,kvB<=4k,kp<=4k,0.0534,2
4096,n<=32,sr<=40%,kvB<=4k,kp<=512,0.039,2
4096,n<=32,sr<=40%,kvB<=4k,kp<=64k,-0.0033,2
4096,n<=32,sr<=40%,kvB<=4k,kp<=8k,-0.0265,2
4096,n<=32,sr<=40%,kvB<=4k,kp=0,0.0024,2
4096,n<=32,sr<=40%,kvB<=64k,kp<=16k,0.0462,2
4096,n<=32,sr<=40%,kvB<=64k,kp<=1k,0.023,2
4096,n<=32,sr<=40%,kvB<=64k,kp<=2k,0.0042,2
4096,n<=32,sr<=40%,kvB<=64k,kp<=32k,0.0351,2
4096,n<=32,sr<=40%,kvB<=64k,kp<=4k,0.0088,2
4096,n<=32,sr<=40%,kvB<=64k,kp<=512,0.026,2
4096,n<=32,sr<=40%,kvB<=64k,kp<=64k,0.0113,2
4096,n<=32,sr<=40%,kvB<=64k,kp<=8k,0.0033,2
4096,n<=32,sr<=40%,kvB<=64k,kp=0,-0.0075,2
4096,n<=32,sr<=5%,kvB<=16k,kp<=16k,-0.022,2
4096,n<=32,sr<=5%,kvB<=16k,kp<=1k,0.0256,2
4096,n<=32,sr<=5%,kvB<=16k,kp<=2k,0.0255,2
4096,n<=32,sr<=5%,kvB<=16k,kp<=32k,0.0046,2
4096,n<=32,sr<=5%,kvB<=16k,kp<=4k,0.0286,2
4096,n<=32,sr<=5%,kvB<=16k,kp<=512,0.0262,2
4096,n<=32,sr<=5%,kvB<=16k,kp<=64k,0.0076,2
4096,n<=32,sr<=5%,kvB<=16k,kp<=8k,0.0207,2
4096,n<=32,sr<=5%,kvB<=16k,kp=0,0.0266,2
4096,n<=32,sr<=5%,kvB<=1k,kp<=16k,0.0627,2
4096,n<=32,sr<=5%,kvB<=1k,kp<=1k,0.0236,2
4096,n<=32,sr<=5%,kvB<=1k,kp<=2k,0.0737,2
4096,n<=32,sr<=5%,kvB<=1k,kp<=32k,0.0473,2
4096,n<=32,sr<=5%,kvB<=1k,kp<=4k,0.0419,2
4096,n<=32,sr<=5%,kvB<=1k,kp<=512,0.0135,2
4096,n<=32,sr<=5%,kvB<=1k,kp<=64k,0.0126,2
4096,n<=32,sr<=5%,kvB<=1k,kp<=8k,-0.2295,2
4096,n<=32,sr<=5%,kvB<=1k,kp=0,0.0246,2
4096,n<=32,sr<=5%,kvB<=4k,kp<=16k,-0.0408,2
4096,n<=32,sr<=5%,kvB<=4k,kp<=1k,0.0227,2
4096,n<=32,sr<=5%,kvB<=4k,kp<=2k,0.0301,2
4096,n<=32,sr<=5%,kvB<=4k,kp<=32k,0.0198,2
4096,n<=32,sr<=5%,kvB<=4k,kp<=4k,0.0236,2
4096,n<=32,sr<=5%,kvB<=4k,kp<=512,0.0338,2
4096,n<=32,sr<=5%,kvB<=4k,kp<=64k,0.0293,2
4096,n<=32,sr<=5%,kvB<=4k,kp<=8k,0.021,2
4096,n<=32,sr<=5%,kvB<=4k,kp=0,0.0187,2
4096,n<=32,sr<=5%,kvB<=64k,kp<=16k,0.022,2
4096,n<=32,sr<=5%,kvB<=64k,kp<=1k,0.0518,2
4096,n<=32,sr<=5%,kvB<=64k,kp<=2k,0.0264,2
4096,n<=32,sr<=5%,kvB<=64k,kp<=32k,0.0227,2
4096,n<=32,sr<=5%,kvB<=64k,kp<=4k,0.0227,2
4096,n<=32,sr<=5%,kvB<=64k,kp<=512,0.0309,2
4096,n<=32,sr<=5%,kvB<=64k,kp<=64k,-0.0009,2
4096,n<=32,sr<=5%,kvB<=64k,kp<=8k,0.0247,2
4096,n<=32,sr<=5%,kvB<=64k,kp=0,0.0225,2
4096,n<=32,sr<=70%,kvB<=16k,kp<=16k,-0.0549,2
4096,n<=32,sr<=70%,kvB<=16k,kp<=1k,-0.0057,2
4096,n<=32,sr<=70%,kvB<=16k,kp<=2k,0.0164,2
4096,n<=32,sr<=70%,kvB<=16k,kp<=32k,-0.0113,2
4096,n<=32,sr<=70%,kvB<=16k,kp<=4k,0.0353,2
4096,n<=32,sr<=70%,kvB<=16k,kp<=512,0.0129,2
4096,n<=32,sr<=70%,kvB<=16k,kp<=64k,-0.0152,2
4096,n<=32,sr<=70%,kvB<=16k,kp<=8k,0.0869,2
4096,n<=32,sr<=70%,kvB<=16k,kp=0,0.0244,2
4096,n<=32,sr<=70%,kvB<=1k,kp<=16k,0.2955,1
4096,n<=32,sr<=70%,kvB<=1k,kp<=1k,0.0001,2
4096,n<=32,sr<=70%,kvB<=1k,kp<=2k,0.1986,2
4096,n<=32,sr<=70%,kvB<=1k,kp<=32k,-0.0337,1
4096,n<=32,sr<=70%,kvB<=1k,kp<=4k,0.0522,2
4096,n<=32,sr<=70%,kvB<=1k,kp<=512,-0.0781,2
4096,n<=32,sr<=70%,kvB<=1k,kp<=64k,0.0611,2
4096,n<=32,sr<=70%,kvB<=1k,kp<=8k,0.3335,2
4096,n<=32,sr<=70%,kvB<=1k,kp=0,0.0668,2
4096,n<=32,sr<=70%,kvB<=4k,kp<=16k,-0.1647,2
4096,n<=32,sr<=70%,kvB<=4k,kp<=1k,-0.0352,2
4096,n<=32,sr<=70%,kvB<=4k,kp<=2k,0.041,2
4096,n<=32,sr<=70%,kvB<=4k,kp<=32k,0.0012,2
4096,n<=32,sr<=70%,kvB<=4k,kp<=4k,-0.0176,2
4096,n<=32,sr<=70%,kvB<=4k,kp<=512,0.0004,2
4096,n<=32,sr<=70%,kvB<=4k,kp<=64k,0.0094,2
4096,n<=32,sr<=70%,kvB<=4k,kp<=8k,0.0753,2
4096,n<=32,sr<=70%,kvB<=4k,kp=0,0.0577,2
4096,n<=32,sr<=70%,kvB<=64k,kp<=16k,0.0108,2
4096,n<=32,sr<=70%,kvB<=64k,kp<=1k,0.0217,2
4096,n<=32,sr<=70%,kvB<=64k,kp<=2k,-0.0103,2
4096,n<=32,sr<=70%,kvB<=64k,kp<=32k,0.0228,2
4096,n<=32,sr<=70%,kvB<=64k,kp<=4k,0.0047,2
4096,n<=32,sr<=70%,kvB<=64k,kp<=512,0.0244,2
4096,n<=32,sr<=70%,kvB<=64k,kp<=64k,0.01,2
4096,n<=32,sr<=70%,kvB<=64k,kp<=8k,0.0088,2
4096,n<=32,sr<=70%,kvB<=64k,kp=0,0.0005,2
4096,n<=32,sr>70%,kvB<=16k,kp<=16k,-0.0756,4
4096,n<=32,sr>70%,kvB<=16k,kp<=1k,0.1105,4
4096,n<=32,sr>70%,kvB<=16k,kp<=2k,0.0123,4
4096,n<=32,sr>70%,kvB<=16k,kp<=32k,-0.0051,4
4096,n<=32,sr>70%,kvB<=16k,kp<=4k,-0.002,4
4096,n<=32,sr>70%,kvB<=16k,kp<=512,-0.1855,4
4096,n<=32,sr>70%,kvB<=16k,kp<=64k,-0.025,4
4096,n<=32,sr>70%,kvB<=16k,kp<=8k,-0.1498,4
4096,n<=32,sr>70%,kvB<=16k,kp=0,0.1073,4
4096,n<=32,sr>70%,kvB<=1k,kp<=16k,-0.1258,3
4096,n<=32,sr>70%,kvB<=1k,kp<=1k,0.3828,4
4096,n<=32,sr>70%,kvB<=1k,kp<=2k,-0.1448,4
4096,n<=32,sr>70%,kvB<=1k,kp<=32k,-0.1181,4
4096,n<=32,sr>70%,kvB<=1k,kp<=4k,0.4618,3
4096,n<=32,sr>70%,kvB<=1k,kp<=512,0.3539,4
4096,n<=32,sr>70%,kvB<=1k,kp<=64k,0.3459,4
4096,n<=32,sr>70%,kvB<=1k,kp<=8k,-0.0207,4
4096,n<=32,sr>70%,kvB<=1k,kp=0,0.3996,4
4096,n<=32,sr>70%,kvB<=4k,kp<=16k,0.0122,4
4096,n<=32,sr>70%,kvB<=4k,kp<=1k,0.2185,4
4096,n<=32,sr>70%,kvB<=4k,kp<=2k,0.2232,4
4096,n<=32,sr>70%,kvB<=4k,kp<=32k,0.0546,3
4096,n<=32,sr>70%,kvB<=4k,kp<=4k,0.1624,4
4096,n<=32,sr>70%,kvB<=4k,kp<=512,0.1596,4
4096,n<=32,sr>70%,kvB<=4k,kp<=64k,0.0555,4
4096,n<=32,sr>70%,kvB<=4k,kp<=8k,0.0935,4
4096,n<=32,sr>70%,kvB<=4k,kp=0,0.0778,4
4096,n<=32,sr>70%,kvB<=64k,kp<=16k,0.0251,4
4096,n<=32,sr>70%,kvB<=64k,kp<=1k,0.0704,4
4096,n<=32,sr>70%,kvB<=64k,kp<=2k,-0.0401,4
4096,n<=32,sr>70%,kvB<=64k,kp<=32k,0.2503,4
4096,n<=32,sr>70%,kvB<=64k,kp<=4k,-0.0044,4
4096,n<=32,sr>70%,kvB<=64k,kp<=512,0.0278,4
4096,n<=32,sr>70%,kvB<=64k,kp<=64k,0.1728,4
4096,n<=32,sr>70%,kvB<=64k,kp<=8k,-0.0063,4
4096,n<=32,sr>70%,kvB<=64k,kp=0,0.0702,4
4096,n<=4,sr<=40%,kvB<=16k,kp<=16k,-0.0248,2
4096,n<=4,sr<=40%,kvB<=16k,kp<=1k,0.4714,2
4096,n<=4,sr<=40%,kvB<=16k,kp<=2k,0.3867,2
4096,n<=4,sr<=40%,kvB<=16k,kp<=32k,0.0273,2
4096,n<=4,sr<=40%,kvB<=16k,kp<=4k,0.353,2
4096,n<=4,sr<=40%,kvB<=16k,kp<=512,0.4151,2
4096,n<=4,sr<=40%,kvB<=16k,kp<=64k,0.0475,2
4096,n<=4,sr<=40%,kvB<=16k,kp<=8k,0.2242,2
4096,n<=4,sr<=40%,kvB<=16k,kp=0,0.3782,2
4096,n<=4,sr<=40%,kvB<=1k,kp<=16k,0.0124,2
4096,n<=4,sr<=40%,kvB<=1k,kp<=1k,0.5294,1
4096,n<=4,sr<=40%,kvB<=1k,kp<=2k,-0.1896,2
4096,n<=4,sr<=40%,kvB<=1k,kp<=32k,-0.3812,2
4096,n<=4,sr<=40%,kvB<=1k,kp<=4k,0.0293,2
4096,n<=4,sr<=40%,kvB<=1k,kp<=512,-0.0454,2
4096,n<=4,sr<=40%,kvB<=1k,kp<=64k,-0.1319,2
4096,n<=4,sr<=40%,kvB<=1k,kp<=8k,0.0317,2
4096,n<=4,sr<=40%,kvB<=1k,kp=0,0.1275,2
4096,n<=4,sr<=40%,kvB<=4k,kp<=16k,-0.0157,2
4096,n<=4,sr<=40%,kvB<=4k,kp<=1k,0.1079,2
4096,n<=4,sr<=40%,kvB<=4k,kp<=2k,0.3294,1
4096,n<=4,sr<=40%,kvB<=4k,kp<=32k,0.0229,2
4096,n<=4,sr<=40%,kvB<=4k,kp<=4k,-0.1816,2
4096,n<=4,sr<=40%,kvB<=4k,kp<=512,-0.0362,2
4096,n<=4,sr<=40%,kvB<=4k,kp<=64k,0.0874,2
4096,n<=4,sr<=40%,kvB<=4k,kp<=8k,0.0129,2
4096,n<=4,sr<=40%,kvB<=4k,kp=0,0.0653,2
4096,n<=4,sr<=40%,kvB<=64k,kp<=16k,0.3954,2
4096,n<=4,sr<=40%,kvB<=64k,kp<=1k,0.4527,2
4096,n<=4,sr<=40%,kvB<=64k,kp<=2k,0.4282,2
4096,n<=4,sr<=40%,kvB<=64k,kp<=32k,0.2756,2
4096,n<=4,sr<=40%,kvB<=64k,kp<=4k,0.4178,2
4096,n<=4,sr<=40%,kvB<=64k,kp<=512,0.4575,2
4096,n<=4,sr<=40%,kvB<=64k,kp<=64k,0.0749,2
4096,n<=4,sr<=40%,kvB<=64k,kp<=8k,0.419,2
4096,n<=4,sr<=40%,kvB<=64k,kp=0,0.4425,2
4096,n<=4,sr<=70%,kvB<=16k,kp<=16k,-0.0199,2
4096,n<=4,sr<=70%,kvB<=16k,kp<=1k,0.4078,2
4096,n<=4,sr<=70%,kvB<=16k,kp<=2k,0.392,2
4096,n<=4,sr<=70%,kvB<=16k,kp<=32k,0.0781,2
4096,n<=4,sr<=70%,kvB<=16k,kp<=4k,0.3699,2
4096,n<=4,sr<=70%,kvB<=16k,kp<=512,0.4133,2
4096,n<=4,sr<=70%,kvB<=16k,kp<=64k,0.0603,2
4096,n<=4,sr<=70%,kvB<=16k,kp<=8k,0.3098,2
4096,n<=4,sr<=70%,kvB<=16k,kp=0,0.3639,2
4096,n<=4,sr<=70%,kvB<=1k,kp<=16k,-0.0591,2
4096,n<=4,sr<=70%,kvB<=1k,kp<=1k,-0.1496,2
4096,n<=4,sr<=70%,kvB<=1k,kp<=2k,-0.0968,1
4096,n<=4,sr<=70%,kvB<=1k,kp<=32k,0.2173,2
4096,n<=4,sr<=70%,kvB<=1k,kp<=4k,-0.0066,1
4096,n<=4,sr<=70%,kvB<=1k,kp<=512,0.5451,1
4096,n<=4,sr<=70%,kvB<=1k,kp<=64k,-0.3692,2
4096,n<=4,sr<=70%,kvB<=1k,kp<=8k,0.1659,2
4096,n<=4,sr<=70%,kvB<=1k,kp=0,0.6038,2
4096,n<=4,sr<=70%,kvB<=4k,kp<=16k,0.0518,2
4096,n<=4,sr<=70%,kvB<=4k,kp<=1k,-0.1068,2
4096,n<=4,sr<=70%,kvB<=4k,kp<=2k,-0.0223,2
4096,n<=4,sr<=70%,kvB<=4k,kp<=32k,0.0281,2
4096,n<=4,sr<=70%,kvB<=4k,kp<=4k,0.0233,2
4096,n<=4,sr<=70%,kvB<=4k,kp<=512,0.0437,2
4096,n<=4,sr<=70%,kvB<=4k,kp<=64k,0.0997,2
4096,n<=4,sr<=70%,kvB<=4k,kp<=8k,-0.0111,2
4096,n<=4,sr<=70%,kvB<=4k,kp=0,0.0911,2
4096,n<=4,sr<=70%,kvB<=64k,kp<=16k,0.4017,2
4096,n<=4,sr<=70%,kvB<=64k,kp<=1k,0.4491,2
4096,n<=4,sr<=70%,kvB<=64k,kp<=2k,0.411,2
4096,n<=4,sr<=70%,kvB<=64k,kp<=32k,0.3135,2
4096,n<=4,sr<=70%,kvB<=64k,kp<=4k,0.4143,2
4096,n<=4,sr<=70%,kvB<=64k,kp<=512,0.4265,2
4096,n<=4,sr<=70%,kvB<=64k,kp<=64k,0.0273,2
4096,n<=4,sr<=70%,kvB<=64k,kp<=8k,0.4146,2
4096,n<=4,sr<=70%,kvB<=64k,kp=0,0.4416,2
4096,n<=4,sr>70%,kvB<=16k,kp<=16k,-0.1252,2
4096,n<=4,sr>70%,kvB<=16k,kp<=1k,0.4408,2
4096,n<=4,sr>70%,kvB<=16k,kp<=2k,0.3924,2
4096,n<=4,sr>70%,kvB<=16k,kp<=32k,0.0675,2
4096,n<=4,sr>70%,kvB<=16k,kp<=4k,0.3784,2
4096,n<=4,sr>70%,kvB<=16k,kp<=512,0.4778,2
4096,n<=4,sr>70%,kvB<=16k,kp<=64k,0.1535,2
4096,n<=4,sr>70%,kvB<=16k,kp<=8k,0.349,2
4096,n<=4,sr>70%,kvB<=16k,kp=0,0.3391,2
4096,n<=4,sr>70%,kvB<=1k,kp<=16k,0.5785,2
4096,n<=4,sr>70%,kvB<=1k,kp<=1k,0.2349,2
4096,n<=4,sr>70%,kvB<=1k,kp<=2k,-0.0804,2
4096,n<=4,sr>70%,kvB<=1k,kp<=32k,3.3436,2
4096,n<=4,sr>70%,kvB<=1k,kp<=4k,0.134,2
4096,n<=4,sr>70%,kvB<=1k,kp<=512,0.1424,2
4096,n<=4,sr>70%,kvB<=1k,kp<=64k,-0.0408,2
4096,n<=4,sr>70%,kvB<=1k,kp<=8k,0.4014,2
4096,n<=4,sr>70%,kvB<=1k,kp=0,1.8979,1
4096,n<=4,sr>70%,kvB<=4k,kp<=16k,0.0858,2
4096,n<=4,sr>70%,kvB<=4k,kp<=1k,-0.0522,2
4096,n<=4,sr>70%,kvB<=4k,kp<=2k,-0.0329,2
4096,n<=4,sr>70%,kvB<=4k,kp<=32k,0.0637,2
4096,n<=4,sr>70%,kvB<=4k,kp<=4k,-0.0152,2
4096,n<=4,sr>70%,kvB<=4k,kp<=512,-0.0559,2
4096,n<=4,sr>70%,kvB<=4k,kp<=64k,0.253,2
4096,n<=4,sr>70%,kvB<=4k,kp<=8k,-0.0048,2
4096,n<=4,sr>70%,kvB<=4k,kp=0,0.179,2
4096,n<=4,sr>70%,kvB<=64k,kp<=16k,0.4042,2
4096,n<=4,sr>70%,kvB<=64k,kp<=1k,0.3931,2
4096,n<=4,sr>70%,kvB<=64k,kp<=2k,0.4247,2
4096,n<=4,sr>70%,kvB<=64k,kp<=32k,0.1942,2
4096,n<=4,sr>70%,kvB<=64k,kp<=4k,0.3988,2
4096,n<=4,sr>70%,kvB<=64k,kp<=512,0.4146,2
4096,n<=4,sr>70%,kvB<=64k,kp<=64k,-0.6414,2
4096,n<=4,sr>70%,kvB<=64k,kp<=8k,0.4222,2
4096,n<=4,sr>70%,kvB<=64k,kp=0,0.4543,2
4096,n<=64,sr<=15%,kvB<=16k,kp<=16k,0.0005,4
4096,n<=64,sr<=15%,kvB<=16k,kp<=1k,0.0396,4
4096,n<=64,sr<=15%,kvB<=16k,kp<=2k,-0.0004,4
4096,n<=64,sr<=15%,kvB<=16k,kp<=32k,-0.0032,4
4096,n<=64,sr<=15%,kvB<=16k,kp<=4k,0.0071,4
4096,n<=64,sr<=15%,kvB<=16k,kp<=512,0.0456,4
4096,n<=64,sr<=15%,kvB<=16k,kp<=64k,-0.0037,4
4096,n<=64,sr<=15%,kvB<=16k,kp<=8k,0.0051,4
4096,n<=64,sr<=15%,kvB<=16k,kp=0,0.026,4
4096,n<=64,sr<=15%,kvB<=1k,kp<=16k,0.1003,4
4096,n<=64,sr<=15%,kvB<=1k,kp<=1k,0.0121,4
4096,n<=64,sr<=15%,kvB<=1k,kp<=2k,0.028,4
4096,n<=64,sr<=15%,kvB<=1k,kp<=32k,0.1921,4
4096,n<=64,sr<=15%,kvB<=1k,kp<=4k,0.0565,4
4096,n<=64,sr<=15%,kvB<=1k,kp<=512,0.0882,4
4096,n<=64,sr<=15%,kvB<=1k,kp<=64k,0.2452,4
4096,n<=64,sr<=15%,kvB<=1k,kp<=8k,0.0871,4
4096,n<=64,sr<=15%,kvB<=1k,kp=0,0.0786,4
4096,n<=64,sr<=15%,kvB<=4k,kp<=16k,0.0599,4
4096,n<=64,sr<=15%,kvB<=4k,kp<=1k,0.0194,4
4096,n<=64,sr<=15%,kvB<=4k,kp<=2k,0.0101,4
4096,n<=64,sr<=15%,kvB<=4k,kp<=32k,-0.0008,4
4096,n<=64,sr<=15%,kvB<=4k,kp<=4k,0.0239,4
4096,n<=64,sr<=15%,kvB<=4k,kp<=512,0.0231,4
4096,n<=64,sr<=15%,kvB<=4k,kp<=64k,0.0392,4
4096,n<=64,sr<=15%,kvB<=4k,kp<=8k,0.0057,4
4096,n<=64,sr<=15%,kvB<=4k,kp=0,0.0158,4
4096,n<=64,sr<=15%,kvB<=64k,kp<=16k,0.0007,4
4096,n<=64,sr<=15%,kvB<=64k,kp<=1k,0.0119,4
4096,n<=64,sr<=15%,kvB<=64k,kp<=2k,0.0089,4
4096,n<=64,sr<=15%,kvB<=64k,kp<=32k,0.0046,4
4096,n<=64,sr<=15%,kvB<=64k,kp<=4k,0.011,4
4096,n<=64,sr<=15%,kvB<=64k,kp<=512,0.0131,4
4096,n<=64,sr<=15%,kvB<=64k,kp<=64k,0.0006,4
4096,n<=64,sr<=15%,kvB<=64k,kp<=8k,0.008,4
4096,n<=64,sr<=15%,kvB<=64k,kp=0,0.0175,4
4096,n<=64,sr<=40%,kvB<=16k,kp<=16k,-0.0045,2
4096,n<=64,sr<=40%,kvB<=16k,kp<=1k,0.0012,2
4096,n<=64,sr<=40%,kvB<=16k,kp<=2k,-0.0049,2
4096,n<=64,sr<=40%,kvB<=16k,kp<=32k,-0.0088,2
4096,n<=64,sr<=40%,kvB<=16k,kp<=4k,-0.0096,2
4096,n<=64,sr<=40%,kvB<=16k,kp<=512,0.0004,2
4096,n<=64,sr<=40%,kvB<=16k,kp<=64k,-0.0121,2
4096,n<=64,sr<=40%,kvB<=16k,kp<=8k,0.0145,2
4096,n<=64,sr<=40%,kvB<=16k,kp=0,0.0099,2
4096,n<=64,sr<=40%,kvB<=1k,kp<=16k,0.0636,2
4096,n<=64,sr<=40%,kvB<=1k,kp<=1k,0.0646,2
4096,n<=64,sr<=40%,kvB<=1k,kp<=2k,0.0619,2
4096,n<=64,sr<=40%,kvB<=1k,kp<=32k,0.482,1
4096,n<=64,sr<=40%,kvB<=1k,kp<=4k,0.1776,2
4096,n<=64,sr<=40%,kvB<=1k,kp<=512,0.0908,2
4096,n<=64,sr<=40%,kvB<=1k,kp<=64k,-1.1447,2
4096,n<=64,sr<=40%,kvB<=1k,kp<=8k,0.0766,2
4096,n<=64,sr<=40%,kvB<=1k,kp=0,0.1755,2
4096,n<=64,sr<=40%,kvB<=4k,kp<=16k,0.0142,2
4096,n<=64,sr<=40%,kvB<=4k,kp<=1k,-0.0042,2
4096,n<=64,sr<=40%,kvB<=4k,kp<=2k,-0.0169,2
4096,n<=64,sr<=40%,kvB<=4k,kp<=32k,0.0866,2
4096,n<=64,sr<=40%,kvB<=4k,kp<=4k,0.0155,2
4096,n<=64,sr<=40%,kvB<=4k,kp<=512,0.0066,2
4096,n<=64,sr<=40%,kvB<=4k,kp<=64k,-0.0429,2
4096,n<=64,sr<=40%,kvB<=4k,kp<=8k,-0.0471,2
4096,n<=64,sr<=40%,kvB<=4k,kp=0,0.0068,2
4096,n<=64,sr<=40%,kvB<=64k,kp<=16k,0.0027,2
4096,n<=64,sr<=40%,kvB<=64k,kp<=1k,0.0066,2
4096,n<=64,sr<=40%,kvB<=64k,kp<=2k,0.0024,2
4096,n<=64,sr<=40%,kvB<=64k,kp<=32k,0.0331,2
4096,n<=64,sr<=40%,kvB<=64k,kp<=4k,0.0065,2
4096,n<=64,sr<=40%,kvB<=64k,kp<=512,0.0079,2
4096,n<=64,sr<=40%,kvB<=64k,kp<=64k,0.0092,2
4096,n<=64,sr<=40%,kvB<=64k,kp<=8k,0.0034,2
4096,n<=64,sr<=40%,kvB<=64k,kp=0,0.0206,2
4096,n<=64,sr<=5%,kvB<=16k,kp<=16k,0.0012,6
4096,n<=64,sr<=5%,kvB<=16k,kp<=1k,0.0074,6
4096,n<=64,sr<=5%,kvB<=16k,kp<=2k,0.0092,6
4096,n<=64,sr<=5%,kvB<=16k,kp<=32k,0.0076,6
4096,n<=64,sr<=5%,kvB<=16k,kp<=4k,0.0137,6
4096,n<=64,sr<=5%,kvB<=16k,kp<=512,0.0149,6
4096,n<=64,sr<=5%,kvB<=16k,kp<=64k,0.0042,6
4096,n<=64,sr<=5%,kvB<=16k,kp<=8k,0.0063,6
4096,n<=64,sr<=5%,kvB<=16k,kp=0,0.0145,6
4096,n<=64,sr<=5%,kvB<=1k,kp<=16k,0.0241,6
4096,n<=64,sr<=5%,kvB<=1k,kp<=1k,0.0341,6
4096,n<=64,sr<=5%,kvB<=1k,kp<=2k,0.0115,6
4096,n<=64,sr<=5%,kvB<=1k,kp<=32k,0.0264,6
4096,n<=64,sr<=5%,kvB<=1k,kp<=4k,0.0807,6
4096,n<=64,sr<=5%,kvB<=1k,kp<=512,-0.0304,6
4096,n<=64,sr<=5%,kvB<=1k,kp<=64k,0.0226,6
4096,n<=64,sr<=5%,kvB<=1k,kp<=8k,0.0083,6
4096,n<=64,sr<=5%,kvB<=1k,kp=0,0.0389,6
4096,n<=64,sr<=5%,kvB<=4k,kp<=16k,0.032,6
4096,n<=64,sr<=5%,kvB<=4k,kp<=1k,0.0158,6
4096,n<=64,sr<=5%,kvB<=4k,kp<=2k,0.0106,6
4096,n<=64,sr<=5%,kvB<=4k,kp<=32k,-0.0082,6
4096,n<=64,sr<=5%,kvB<=4k,kp<=4k,0.0392,6
4096,n<=64,sr<=5%,kvB<=4k,kp<=512,0.031,6
4096,n<=64,sr<=5%,kvB<=4k,kp<=64k,0.016,6
4096,n<=64,sr<=5%,kvB<=4k,kp<=8k,0.0194,6
4096,n<=64,sr<=5%,kvB<=4k,kp=0,0.0106,6
4096,n<=64,sr<=5%,kvB<=64k,kp<=16k,0.0065,6
4096,n<=64,sr<=5%,kvB<=64k,kp<=1k,0.013,6
4096,n<=64,sr<=5%,kvB<=64k,kp<=2k,0.0116,6
4096,n<=64,sr<=5%,kvB<=64k,kp<=32k,0.0025,6
4096,n<=64,sr<=5%,kvB<=64k,kp<=4k,0.0125,6
4096,n<=64,sr<=5%,kvB<=64k,kp<=512,0.013,6
4096,n<=64,sr<=5%,kvB<=64k,kp<=64k,0.0004,6
4096,n<=64,sr<=5%,kvB<=64k,kp<=8k,0.0095,6
4096,n<=64,sr<=5%,kvB<=64k,kp=0,0.0153,6
4096,n<=64,sr<=70%,kvB<=16k,kp<=16k,0.0167,2
4096,n<=64,sr<=70%,kvB<=16k,kp<=1k,0.0111,2
4096,n<=64,sr<=70%,kvB<=16k,kp<=2k,-0.0091,2
4096,n<=64,sr<=70%,kvB<=16k,kp<=32k,-0.0171,2
4096,n<=64,sr<=70%,kvB<=16k,kp<=4k,0.0231,2
4096,n<=64,sr<=70%,kvB<=16k,kp<=512,0.0273,2
4096,n<=64,sr<=70%,kvB<=16k,kp<=64k,-0.0391,2
4096,n<=64,sr<=70%,kvB<=16k,kp<=8k,0.0213,2
4096,n<=64,sr<=70%,kvB<=16k,kp=0,0.0342,2
4096,n<=64,sr<=70%,kvB<=1k,kp<=16k,0.4074,2
4096,n<=64,sr<=70%,kvB<=1k,kp<=1k,0.1066,2
4096,n<=64,sr<=70%,kvB<=1k,kp<=2k,0.0809,2
4096,n<=64,sr<=70%,kvB<=1k,kp<=32k,-0.4988,2
4096,n<=64,sr<=70%,kvB<=1k,kp<=4k,0.121,2
4096,n<=64,sr<=70%,kvB<=1k,kp<=512,0.0676,2
4096,n<=64,sr<=70%,kvB<=1k,kp<=64k,-0.0456,2
4096,n<=64,sr<=70%,kvB<=1k,kp<=8k,0.044,2
4096,n<=64,sr<=70%,kvB<=1k,kp=0,0.02,2
4096,n<=64,sr<=70%,kvB<=4k,kp<=16k,-0.0555,2
4096,n<=64,sr<=70%,kvB<=4k,kp<=1k,-0.0032,2
4096,n<=64,sr<=70%,kvB<=4k,kp<=2k,-0.0135,2
4096,n<=64,sr<=70%,kvB<=4k,kp<=32k,0.0004,2
4096,n<=64,sr<=70%,kvB<=4k,kp<=4k,-0.0171,2
4096,n<=64,sr<=70%,kvB<=4k,kp<=512,0.0272,2
4096,n<=64,sr<=70%,kvB<=4k,kp<=64k,0.0608,2
4096,n<=64,sr<=70%,kvB<=4k,kp<=8k,0.0307,2
4096,n<=64,sr<=70%,kvB<=4k,kp=0,0.0181,2
4096,n<=64,sr<=70%,kvB<=64k,kp<=16k,-0.0067,2
4096,n<=64,sr<=70%,kvB<=64k,kp<=1k,0.0031,2
4096,n<=64,sr<=70%,kvB<=64k,kp<=2k,-0.0055,2
4096,n<=64,sr<=70%,kvB<=64k,kp<=32k,-0.0069,2
4096,n<=64,sr<=70%,kvB<=64k,kp<=4k,0.0102,2
4096,n<=64,sr<=70%,kvB<=64k,kp<=512,0.0112,2
4096,n<=64,sr<=70%,kvB<=64k,kp<=64k,-0.0105,2
4096,n<=64,sr<=70%,kvB<=64k,kp<=8k,0.0065,2
4096,n<=64,sr<=70%,kvB<=64k,kp=0,0.0352,2
4096,n<=64,sr>70%,kvB<=16k,kp<=16k,0.1365,4
4096,n<=64,sr>70%,kvB<=16k,kp<=1k,-0.0101,4
4096,n<=64,sr>70%,kvB<=16k,kp<=2k,-0.0043,4
4096,n<=64,sr>70%,kvB<=16k,kp<=32k,0.0885,4
4096,n<=64,sr>70%,kvB<=16k,kp<=4k,0.0011,4
4096,n<=64,sr>70%,kvB<=16k,kp<=512,-0.0837,4
4096,n<=64,sr>70%,kvB<=16k,kp<=64k,-0.0616,4
4096,n<=64,sr>70%,kvB<=16k,kp<=8k,0.0054,4
4096,n<=64,sr>70%,kvB<=16k,kp=0,-0.1169,4
4096,n<=64,sr>70%,kvB<=1k,kp<=16k,0.2793,4
4096,n<=64,sr>70%,kvB<=1k,kp<=1k,0.3675,4
4096,n<=64,sr>70%,kvB<=1k,kp<=2k,0.2667,4
4096,n<=64,sr>70%,kvB<=1k,kp<=32k,0.1428,3
4096,n<=64,sr>70%,kvB<=1k,kp<=4k,0.3315,4
4096,n<=64,sr>70%,kvB<=1k,kp<=512,0.331,4
4096,n<=64,sr>70%,kvB<=1k,kp<=64k,0.3255,4
4096,n<=64,sr>70%,kvB<=1k,kp<=8k,0.6996,4
4096,n<=64,sr>70%,kvB<=1k,kp=0,0.2456,4
4096,n<=64,sr>70%,kvB<=4k,kp<=16k,0.0875,4
4096,n<=64,sr>70%,kvB<=4k,kp<=1k,0.0019,4
4096,n<=64,sr>70%,kvB<=4k,kp<=2k,0.0541,4
4096,n<=64,sr>70%,kvB<=4k,kp<=32k,-0.0339,3
4096,n<=64,sr>70%,kvB<=4k,kp<=4k,0.061,4
4096,n<=64,sr>70%,kvB<=4k,kp<=512,0.0296,4
4096,n<=64,sr>70%,kvB<=4k,kp<=64k,-0.3613,4
4096,n<=64,sr>70%,kvB<=4k,kp<=8k,0.0612,4
4096,n<=64,sr>70%,kvB<=4k,kp=0,0.0125,4
4096,n<=64,sr>70%,kvB<=64k,kp<=16k,-0.0319,4
4096,n<=64,sr>70%,kvB<=64k,kp<=1k,0.0094,4
4096,n<=64,sr>70%,kvB<=64k,kp<=2k,-0.0204,4
4096,n<=64,sr>70%,kvB<=64k,kp<=32k,0.0587,4
4096,n<=64,sr>70%,kvB<=64k,kp<=4k,0.0176,4
4096,n<=64,sr>70%,kvB<=64k,kp<=512,0.0494,4
4096,n<=64,sr>70%,kvB<=64k,kp<=64k,0.1354,4
4096,n<=64,sr>70%,kvB<=64k,kp<=8k,0.0227,4
4096,n<=64,sr>70%,kvB<=64k,kp=0,0.156,4
4096,n<=8,sr<=15%,kvB<=16k,kp<=16k,-0.0111,2
4096,n<=8,sr<=15%,kvB<=16k,kp<=1k,0.2338,2
4096,n<=8,sr<=15%,kvB<=16k,kp<=2k,0.2557,2
4096,n<=8,sr<=15%,kvB<=16k,kp<=32k,0.0325,2
4096,n<=8,sr<=15%,kvB<=16k,kp<=4k,0.1602,2
4096,n<=8,sr<=15%,kvB<=16k,kp<=512,0.2667,2
4096,n<=8,sr<=15%,kvB<=16k,kp<=64k,0.0131,2
4096,n<=8,sr<=15%,kvB<=16k,kp<=8k,0.0691,2
4096,n<=8,sr<=15%,kvB<=16k,kp=0,0.2743,2
4096,n<=8,sr<=15%,kvB<=1k,kp<=16k,0.0235,1
4096,n<=8,sr<=15%,kvB<=1k,kp<=1k,0.0365,2
4096,n<=8,sr<=15%,kvB<=1k,kp<=2k,-0.4477,2
4096,n<=8,sr<=15%,kvB<=1k,kp<=32k,0.1032,2
4096,n<=8,sr<=15%,kvB<=1k,kp<=4k,1.2699,1
4096,n<=8,sr<=15%,kvB<=1k,kp<=512,0.2826,2
4096,n<=8,sr<=15%,kvB<=1k,kp<=64k,-0.0444,2
4096,n<=8,sr<=15%,kvB<=1k,kp=0,0.0353,2
4096,n<=8,sr<=15%,kvB<=4k,kp<=16k,0.0403,2
4096,n<=8,sr<=15%,kvB<=4k,kp<=1k,0.029,2
4096,n<=8,sr<=15%,kvB<=4k,kp<=2k,-0.0649,2
4096,n<=8,sr<=15%,kvB<=4k,kp<=32k,-0.0216,2
4096,n<=8,sr<=15%,kvB<=4k,kp<=4k,-0.3549,2
4096,n<=8,sr<=15%,kvB<=4k,kp<=512,-0.0683,2
4096,n<=8,sr<=15%,kvB<=4k,kp<=64k,0.0292,2
4096,n<=8,sr<=15%,kvB<=4k,kp<=8k,-0.3084,2
4096,n<=8,sr<=15%,kvB<=4k,kp=0,-0.0491,2
4096,n<=8,sr<=15%,kvB<=64k,kp<=16k,0.2258,2
4096,n<=8,sr<=15%,kvB<=64k,kp<=1k,0.201,2
4096,n<=8,sr<=15%,kvB<=64k,kp<=2k,0.1794,2
4096,n<=8,sr<=15%,kvB<=64k,kp<=32k,0.1461,2
4096,n<=8,sr<=15%,kvB<=64k,kp<=4k,0.1777,2
4096,n<=8,sr<=15%,kvB<=64k,kp<=512,0.2131,2
4096,n<=8,sr<=15%,kvB<=64k,kp<=64k,0.0101,2
4096,n<=8,sr<=15%,kvB<=64k,kp<=8k,0.2102,2
4096,n<=8,sr<=15%,kvB<=64k,kp=0,0.2124,2
4096,n<=8,sr<=40%,kvB<=16k,kp<=16k,-0.028,4
4096,n<=8,sr<=40%,kvB<=16k,kp<=1k,0.2565,4
4096,n<=8,sr<=40%,kvB<=16k,kp<=2k,0.2436,4
4096,n<=8,sr<=40%,kvB<=16k,kp<=32k,0.0533,4
4096,n<=8,sr<=40%,kvB<=16k,kp<=4k,0.2219,4
4096,n<=8,sr<=40%,kvB<=16k,kp<=512,0.2608,4
4096,n<=8,sr<=40%,kvB<=16k,kp<=64k,0.089,4
4096,n<=8,sr<=40%,kvB<=16k,kp<=8k,0.1412,4
4096,n<=8,sr<=40%,kvB<=16k,kp=0,0.2355,4
4096,n<=8,sr<=40%,kvB<=1k,kp<=16k,-0.011,4
4096,n<=8,sr<=40%,kvB<=1k,kp<=1k,-0.1037,4
4096,n<=8,sr<=40%,kvB<=1k,kp<=2k,0.3754,4
4096,n<=8,sr<=40%,kvB<=1k,kp<=32k,0.0077,4
4096,n<=8,sr<=40%,kvB<=1k,kp<=4k,0.607,4
4096,n<=8,sr<=40%,kvB<=1k,kp<=512,0.5377,3
4096,n<=8,sr<=40%,kvB<=1k,kp<=64k,0.0358,4
4096,n<=8,sr<=40%,kvB<=1k,kp<=8k,0.0511,4
4096,n<=8,sr<=40%,kvB<=1k,kp=0,0.0122,4
4096,n<=8,sr<=40%,kvB<=4k,kp<=16k,0.0329,4
4096,n<=8,sr<=40%,kvB<=4k,kp<=1k,0.0405,4
4096,n<=8,sr<=40%,kvB<=4k,kp<=2k,0.0808,4
4096,n<=8,sr<=40%,kvB<=4k,kp<=32k,0.0499,4
4096,n<=8,sr<=40%,kvB<=4k,kp<=4k,0.0965,4
4096,n<=8,sr<=40%,kvB<=4k,kp<=512,-0.0051,4
4096,n<=8,sr<=40%,kvB<=4k,kp<=64k,0.0761,4
4096,n<=8,sr<=40%,kvB<=4k,kp<=8k,0.1417,4
4096,n<=8,sr<=40%,kvB<=4k,kp=0,-0.0646,4
4096,n<=8,sr<=40%,kvB<=64k,kp<=16k,0.229,4
4096,n<=8,sr<=40%,kvB<=64k,kp<=1k,0.1826,4
4096,n<=8,sr<=40%,kvB<=64k,kp<=2k,0.1708,4
4096,n<=8,sr<=40%,kvB<=64k,kp<=32k,0.1865,4
4096,n<=8,sr<=40%,kvB<=64k,kp<=4k,0.1639,4
4096,n<=8,sr<=40%,kvB<=64k,kp<=512,0.1751,4
4096,n<=8,sr<=40%,kvB<=64k,kp<=64k,0.0457,4
4096,n<=8,sr<=40%,kvB<=64k,kp<=8k,0.1966,4
4096,n<=8,sr<=40%,kvB<=64k,kp=0,0.1755,4
4096,n<=8,sr<=70%,kvB<=16k,kp<=16k,-0.1232,2
4096,n<=8,sr<=70%,kvB<=16k,kp<=1k,0.2583,2
4096,n<=8,sr<=70%,kvB<=16k,kp<=2k,0.273,2
4096,n<=8,sr<=70%,kvB<=16k,kp<=32k,0.0269,2
4096,n<=8,sr<=70%,kvB<=16k,kp<=4k,0.217,2
4096,n<=8,sr<=70%,kvB<=16k,kp<=512,0.2732,2
4096,n<=8,sr<=70%,kvB<=16k,kp<=64k,0.0793,2
4096,n<=8,sr<=70%,kvB<=16k,kp<=8k,0.1387,2
4096,n<=8,sr<=70%,kvB<=16k,kp=0,0.2611,2
4096,n<=8,sr<=70%,kvB<=1k,kp<=1k,0.0947,2
4096,n<=8,sr<=70%,kvB<=1k,kp<=2k,0.7199,2
4096,n<=8,sr<=70%,kvB<=1k,kp<=32k,-0.1387,2
4096,n<=8,sr<=70%,kvB<=1k,kp<=4k,0.1305,2
4096,n<=8,sr<=70%,kvB<=1k,kp<=512,0.2578,2
4096,n<=8,sr<=70%,kvB<=1k,kp<=64k,0.2904,2
4096,n<=8,sr<=70%,kvB<=1k,kp<=8k,0.7264,1
4096,n<=8,sr<=70%,kvB<=1k,kp=0,-0.2796,2
4096,n<=8,sr<=70%,kvB<=4k,kp<=16k,0.0089,1
4096,n<=8,sr<=70%,kvB<=4k,kp<=1k,-0.1614,2
4096,n<=8,sr<=70%,kvB<=4k,kp<=2k,-0.0179,2
4096,n<=8,sr<=70%,kvB<=4k,kp<=32k,0.0252,2
4096,n<=8,sr<=70%,kvB<=4k,kp<=4k,-0.1039,2
4096,n<=8,sr<=70%,kvB<=4k,kp<=512,0.0241,2
4096,n<=8,sr<=70%,kvB<=4k,kp<=64k,0.023,2
4096,n<=8,sr<=70%,kvB<=4k,kp<=8k,0.6871,2
4096,n<=8,sr<=70%,kvB<=4k,kp=0,0.091,2
4096,n<=8,sr<=70%,kvB<=64k,kp<=16k,0.2193,2
4096,n<=8,sr<=70%,kvB<=64k,kp<=1k,0.1523,2
4096,n<=8,sr<=70%,kvB<=64k,kp<=2k,0.1185,2
4096,n<=8,sr<=70%,kvB<=64k,kp<=32k,0.187,2
4096,n<=8,sr<=70%,kvB<=64k,kp<=4k,0.1656,2
4096,n<=8,sr<=70%,kvB<=64k,kp<=512,0.1534,2
4096,n<=8,sr<=70%,kvB<=64k,kp<=64k,0.0574,2
4096,n<=8,sr<=70%,kvB<=64k,kp<=8k,0.2024,2
4096,n<=8,sr<=70%,kvB<=64k,kp=0,0.1561,2
4096,n<=8,sr>70%,kvB<=16k,kp<=16k,-0.0297,4
4096,n<=8,sr>70%,kvB<=16k,kp<=1k,0.2557,4
4096,n<=8,sr>70%,kvB<=16k,kp<=2k,0.2411,4
4096,n<=8,sr>70%,kvB<=16k,kp<=32k,0.1143,4
4096,n<=8,sr>70%,kvB<=16k,kp<=4k,0.3294,4
4096,n<=8,sr>70%,kvB<=16k,kp<=512,0.3173,4
4096,n<=8,sr>70%,kvB<=16k,kp<=64k,0.0674,4
4096,n<=8,sr>70%,kvB<=16k,kp<=8k,0.2749,4
4096,n<=8,sr>70%,kvB<=16k,kp=0,0.3342,4
4096,n<=8,sr>70%,kvB<=1k,kp<=16k,0.0909,3
4096,n<=8,sr>70%,kvB<=1k,kp<=1k,0.5498,2
4096,n<=8,sr>70%,kvB<=1k,kp<=2k,0.4231,4
4096,n<=8,sr>70%,kvB<=1k,kp<=32k,0.1842,4
4096,n<=8,sr>70%,kvB<=1k,kp<=4k,0.0474,2
4096,n<=8,sr>70%,kvB<=1k,kp<=512,1.6399,4
4096,n<=8,sr>70%,kvB<=1k,kp<=64k,0.2297,4
4096,n<=8,sr>70%,kvB<=1k,kp<=8k,-1.5174,3
4096,n<=8,sr>70%,kvB<=1k,kp=0,0.3353,4
4096,n<=8,sr>70%,kvB<=4k,kp<=16k,0.0785,3
4096,n<=8,sr>70%,kvB<=4k,kp<=1k,-0.0444,4
4096,n<=8,sr>70%,kvB<=4k,kp<=2k,-0.0326,4
4096,n<=8,sr>70%,kvB<=4k,kp<=32k,0.1185,4
4096,n<=8,sr>70%,kvB<=4k,kp<=4k,0.594,4
4096,n<=8,sr>70%,kvB<=4k,kp<=512,0.0347,4
4096,n<=8,sr>70%,kvB<=4k,kp<=64k,0.1188,4
4096,n<=8,sr>70%,kvB<=4k,kp<=8k,0.2584,4
4096,n<=8,sr>70%,kvB<=4k,kp=0,0.0328,3
4096,n<=8,sr>70%,kvB<=64k,kp<=16k,0.2134,4
4096,n<=8,sr>70%,kvB<=64k,kp<=1k,0.0263,4
4096,n<=8,sr>70%,kvB<=64k,kp<=2k,0.0444,4
4096,n<=8,sr>70%,kvB<=64k,kp<=32k,0.108,4
4096,n<=8,sr>70%,kvB<=64k,kp<=4k,-0.0138,4
4096,n<=8,sr>70%,kvB<=64k,kp<=512,0.0164,4
4096,n<=8,sr>70%,kvB<=64k,kp<=64k,0.2016,4
4096,n<=8,sr>70%,kvB<=64k,kp<=8k,0.0299,4
4096,n<=8,sr>70%,kvB<=64k,kp=0,0.0596,4
8192,n<=128,sr<=15%,kvB<=16k,kp<=16k,-0.0003,4
8192,n<=128,sr<=15%,kvB<=16k,kp<=1k,0.0037,4
8192,n<=128,sr<=15%,kvB<=16k,kp<=2k,0.0077,4
8192,n<=128,sr<=15%,kvB<=16k,kp<=32k,-0.0004,4
8192,n<=128,sr<=15%,kvB<=16k,kp<=4k,0.0054,4
8192,n<=128,sr<=15%,kvB<=16k,kp<=512,0.0047,4
8192,n<=128,sr<=15%,kvB<=16k,kp<=64k,-0.0074,4
8192,n<=128,sr<=15%,kvB<=16k,kp<=8k,-0.0014,4
8192,n<=128,sr<=15%,kvB<=16k,kp=0,0.0034,4
8192,n<=128,sr<=15%,kvB<=1k,kp<=16k,0.1855,4
8192,n<=128,sr<=15%,kvB<=1k,kp<=1k,0.126,4
8192,n<=128,sr<=15%,kvB<=1k,kp<=2k,0.0631,4
8192,n<=128,sr<=15%,kvB<=1k,kp<=32k,0.0584,4
8192,n<=128,sr<=15%,kvB<=1k,kp<=4k,0.1863,4
8192,n<=128,sr<=15%,kvB<=1k,kp<=512,0.0611,4
8192,n<=128,sr<=15%,kvB<=1k,kp<=64k,0.4239,4
8192,n<=128,sr<=15%,kvB<=1k,kp<=8k,0.0983,4
8192,n<=128,sr<=15%,kvB<=1k,kp=0,0.1026,4
8192,n<=128,sr<=15%,kvB<=4k,kp<=16k,0.0309,4
8192,n<=128,sr<=15%,kvB<=4k,kp<=1k,0.0074,4
8192,n<=128,sr<=15%,kvB<=4k,kp<=2k,0.0127,4
8192,n<=128,sr<=15%,kvB<=4k,kp<=32k,0.0176,4
8192,n<=128,sr<=15%,kvB<=4k,kp<=4k,0.0126,4
8192,n<=128,sr<=15%,kvB<=4k,kp<=512,0.0048,4
8192,n<=128,sr<=15%,kvB<=4k,kp<=64k,0.0239,4
8192,n<=128,sr<=15%,kvB<=4k,kp<=8k,-0.0065,4
8192,n<=128,sr<=15%,kvB<=4k,kp=0,0.0103,4
8192,n<=128,sr<=15%,kvB<=64k,kp<=16k,-0.0024,4
8192,n<=128,sr<=15%,kvB<=64k,kp<=1k,0.0051,4
8192,n<=128,sr<=15%,kvB<=64k,kp<=2k,0.0055,4
8192,n<=128,sr<=15%,kvB<=64k,kp<=32k,0.0023,4
8192,n<=128,sr<=15%,kvB<=64k,kp<=4k,0.0074,4
8192,n<=128,sr<=15%,kvB<=64k,kp<=512,0.0049,4
8192,n<=128,sr<=15%,kvB<=64k,kp<=64k,-0.0008,4
8192,n<=128,sr<=15%,kvB<=64k,kp<=8k,0.0036,4
8192,n<=128,sr<=15%,kvB<=64k,kp=0,0.0048,4
8192,n<=128,sr<=40%,kvB<=16k,kp<=16k,0.0077,2
8192,n<=128,sr<=40%,kvB<=16k,kp<=1k,0.0014,2
8192,n<=128,sr<=40%,kvB<=16k,kp<=2k,0.0083,2
8192,n<=128,sr<=40%,kvB<=16k,kp<=32k,0.0036,2
8192,n<=128,sr<=40%,kvB<=16k,kp<=4k,0.0212,2
8192,n<=128,sr<=40%,kvB<=16k,kp<=512,0.0018,2
8192,n<=128,sr<=40%,kvB<=16k,kp<=64k,0.008,2
8192,n<=128,sr<=40%,kvB<=16k,kp<=8k,-0.0136,2
8192,n<=128,sr<=40%,kvB<=16k,kp=0,0.0026,2
8192,n<=128,sr<=40%,kvB<=1k,kp<=16k,0.1593,2
8192,n<=128,sr<=40%,kvB<=1k,kp<=1k,0.1905,2
8192,n<=128,sr<=40%,kvB<=1k,kp<=2k,0.1636,2
8192,n<=128,sr<=40%,kvB<=1k,kp<=32k,0.1355,2
8192,n<=128,sr<=40%,kvB<=1k,kp<=4k,0.209,2
8192,n<=128,sr<=40%,kvB<=1k,kp<=512,0.2749,2
8192,n<=128,sr<=40%,kvB<=1k,kp<=64k,0.146,2
8192,n<=128,sr<=40%,kvB<=1k,kp<=8k,0.1161,2
8192,n<=128,sr<=40%,kvB<=1k,kp=0,0.0288,2
8192,n<=128,sr<=40%,kvB<=4k,kp<=16k,0.0111,2
8192,n<=128,sr<=40%,kvB<=4k,kp<=1k,0.0042,2
8192,n<=128,sr<=40%,kvB<=4k,kp<=2k,0.0128,2
8192,n<=128,sr<=40%,kvB<=4k,kp<=32k,0.0137,2
8192,n<=128,sr<=40%,kvB<=4k,kp<=4k,0.0037,2
8192,n<=128,sr<=40%,kvB<=4k,kp<=512,-0.0024,2
8192,n<=128,sr<=40%,kvB<=4k,kp<=64k,0.0062,2
8192,n<=128,sr<=40%,kvB<=4k,kp<=8k,0.0809,2
8192,n<=128,sr<=40%,kvB<=4k,kp=0,-0.0041,2
8192,n<=128,sr<=40%,kvB<=64k,kp<=16k,-0.0096,2
8192,n<=128,sr<=40%,kvB<=64k,kp<=1k,0.0017,2
8192,n<=128,sr<=40%,kvB<=64k,kp<=2k,0.0019,2
8192,n<=128,sr<=40%,kvB<=64k,kp<=32k,-0.0012,2
8192,n<=128,sr<=40%,kvB<=64k,kp<=4k,0.0015,2
8192,n<=128,sr<=40%,kvB<=64k,kp<=512,0.0016,2
8192,n<=128,sr<=40%,kvB<=64k,kp<=64k,0.0014,2
8192,n<=128,sr<=40%,kvB<=64k,kp<=8k,-0.0025,2
8192,n<=128,sr<=40%,kvB<=64k,kp=0,0.0016,2
8192,n<=128,sr<=5%,kvB<=16k,kp<=16k,0.0046,8
8192,n<=128,sr<=5%,kvB<=16k,kp<=1k,0.006,8
8192,n<=128,sr<=5%,kvB<=16k,kp<=2k,0.006,8
8192,n<=128,sr<=5%,kvB<=16k,kp<=32k,0.0035,8
8192,n<=128,sr<=5%,kvB<=16k,kp<=4k,0.0046,8
8192,n<=128,sr<=5%,kvB<=16k,kp<=512,0.0056,8
8192,n<=128,sr<=5%,kvB<=16k,kp<=64k,0.0082,8
8192,n<=128,sr<=5%,kvB<=16k,kp<=8k,0.004,8
8192,n<=128,sr<=5%,kvB<=16k,kp=0,0.006,8
8192,n<=128,sr<=5%,kvB<=1k,kp<=16k,0.1095,8
8192,n<=128,sr<=5%,kvB<=1k,kp<=1k,-0.0122,8
8192,n<=128,sr<=5%,kvB<=1k,kp<=2k,0.0175,8
8192,n<=128,sr<=5%,kvB<=1k,kp<=32k,-0.0018,8
8192,n<=128,sr<=5%,kvB<=1k,kp<=4k,0.0241,8
8192,n<=128,sr<=5%,kvB<=1k,kp<=512,0.0342,8
8192,n<=128,sr<=5%,kvB<=1k,kp<=64k,0.0279,7
8192,n<=128,sr<=5%,kvB<=1k,kp<=8k,-0.0198,8
8192,n<=128,sr<=5%,kvB<=1k,kp=0,0.0506,8
8192,n<=128,sr<=5%,kvB<=4k,kp<=16k,0.0302,8
8192,n<=128,sr<=5%,kvB<=4k,kp<=1k,0.0149,8
8192,n<=128,sr<=5%,kvB<=4k,kp<=2k,0.0097,8
8192,n<=128,sr<=5%,kvB<=4k,kp<=32k,-0.012,8
8192,n<=128,sr<=5%,kvB<=4k,kp<=4k,0.0129,8
8192,n<=128,sr<=5%,kvB<=4k,kp<=512,0.0058,8
8192,n<=128,sr<=5%,kvB<=4k,kp<=64k,0.0206,8
8192,n<=128,sr<=5%,kvB<=4k,kp<=8k,0.0098,8
8192,n<=128,sr<=5%,kvB<=4k,kp=0,0.0107,8
8192,n<=128,sr<=5%,kvB<=64k,kp<=16k,0.004,8
8192,n<=128,sr<=5%,kvB<=64k,kp<=1k,0.0057,8
8192,n<=128,sr<=5%,kvB<=64k,kp<=2k,0.0058,8
8192,n<=128,sr<=5%,kvB<=64k,kp<=32k,0.0018,8
8192,n<=128,sr<=5%,kvB<=64k,kp<=4k,0.0068,8
8192,n<=128,sr<=5%,kvB<=64k,kp<=512,0.0056,8
8192,n<=128,sr<=5%,kvB<=64k,kp<=64k,-0.0,8
8192,n<=128,sr<=5%,kvB<=64k,kp<=8k,0.0048,8
8192,n<=128,sr<=5%,kvB<=64k,kp=0,0.0056,8
8192,n<=128,sr<=70%,kvB<=16k,kp<=16k,0.0239,2
8192,n<=128,sr<=70%,kvB<=16k,kp<=1k,-0.0005,2
8192,n<=128,sr<=70%,kvB<=16k,kp<=2k,-0.0009,2
8192,n<=128,sr<=70%,kvB<=16k,kp<=32k,0.0048,2
8192,n<=128,sr<=70%,kvB<=16k,kp<=4k,0.0052,2
8192,n<=128,sr<=70%,kvB<=16k,kp<=512,0.0006,2
8192,n<=128,sr<=70%,kvB<=16k,kp<=64k,-0.0119,2
8192,n<=128,sr<=70%,kvB<=16k,kp<=8k,-0.0004,2
8192,n<=128,sr<=70%,kvB<=16k,kp=0,0.0008,2
8192,n<=128,sr<=70%,kvB<=1k,kp<=16k,0.5925,2
8192,n<=128,sr<=70%,kvB<=1k,kp<=1k,0.0644,2
8192,n<=128,sr<=70%,kvB<=1k,kp<=2k,0.2489,2
8192,n<=128,sr<=70%,kvB<=1k,kp<=32k,0.1124,2
8192,n<=128,sr<=70%,kvB<=1k,kp<=4k,0.0665,2
8192,n<=128,sr<=70%,kvB<=1k,kp<=512,0.0553,2
8192,n<=128,sr<=70%,kvB<=1k,kp<=64k,0.1169,2
8192,n<=128,sr<=70%,kvB<=1k,kp<=8k,0.1824,2
8192,n<=128,sr<=70%,kvB<=1k,kp=0,0.0635,2
8192,n<=128,sr<=70%,kvB<=4k,kp<=16k,-0.0896,2
8192,n<=128,sr<=70%,kvB<=4k,kp<=1k,0.0704,2
8192,n<=128,sr<=70%,kvB<=4k,kp<=2k,0.0529,2
8192,n<=128,sr<=70%,kvB<=4k,kp<=32k,0.0254,2
8192,n<=128,sr<=70%,kvB<=4k,kp<=4k,-0.0536,2
8192,n<=128,sr<=70%,kvB<=4k,kp<=512,0.0671,2
8192,n<=128,sr<=70%,kvB<=4k,kp<=64k,0.019,2
8192,n<=128,sr<=70%,kvB<=4k,kp<=8k,0.0021,2
8192,n<=128,sr<=70%,kvB<=4k,kp=0,0.0696,2
8192,n<=128,sr<=70%,kvB<=64k,kp<=16k,-0.0271,2
8192,n<=128,sr<=70%,kvB<=64k,kp<=1k,-0.0006,2
8192,n<=128,sr<=70%,kvB<=64k,kp<=2k,-0.0007,2
8192,n<=128,sr<=70%,kvB<=64k,kp<=32k,-0.0246,2
8192,n<=128,sr<=70%,kvB<=64k,kp<=4k,-0.0007,2
8192,n<=128,sr<=70%,kvB<=64k,kp<=512,-0.0006,2
8192,n<=128,sr<=70%,kvB<=64k,kp<=64k,0.0047,2
8192,n<=128,sr<=70%,kvB<=64k,kp<=8k,-0.0061,2
8192,n<=128,sr<=70%,kvB<=64k,kp=0,-0.0006,2
8192,n<=128,sr>70%,kvB<=16k,kp<=16k,-0.0532,4
8192,n<=128,sr>70%,kvB<=16k,kp<=1k,0.0009,4
8192,n<=128,sr>70%,kvB<=16k,kp<=2k,-0.0002,4
8192,n<=128,sr>70%,kvB<=16k,kp<=32k,0.0229,4
8192,n<=128,sr>70%,kvB<=16k,kp<=4k,-0.0364,4
8192,n<=128,sr>70%,kvB<=16k,kp<=512,0.0021,4
8192,n<=128,sr>70%,kvB<=16k,kp<=64k,0.0106,4
8192,n<=128,sr>70%,kvB<=16k,kp<=8k,0.0195,4
8192,n<=128,sr>70%,kvB<=16k,kp=0,0.0014,4
8192,n<=128,sr>70%,kvB<=1k,kp<=16k,0.2163,3
8192,n<=128,sr>70%,kvB<=1k,kp<=1k,0.2308,4
8192,n<=128,sr>70%,kvB<=1k,kp<=2k,0.2779,4
8192,n<=128,sr>70%,kvB<=1k,kp<=32k,0.95,4
8192,n<=128,sr>70%,kvB<=1k,kp<=4k,0.3708,4
8192,n<=128,sr>70%,kvB<=1k,kp<=512,0.4381,4
8192,n<=128,sr>70%,kvB<=1k,kp<=64k,0.2824,3
8192,n<=128,sr>70%,kvB<=1k,kp<=8k,0.0515,3
8192,n<=128,sr>70%,kvB<=1k,kp=0,0.2562,4
8192,n<=128,sr>70%,kvB<=4k,kp<=16k,0.1724,4
8192,n<=128,sr>70%,kvB<=4k,kp<=1k,0.1762,4
8192,n<=128,sr>70%,kvB<=4k,kp<=2k,0.1679,4
8192,n<=128,sr>70%,kvB<=4k,kp<=32k,0.0703,4
8192,n<=128,sr>70%,kvB<=4k,kp<=4k,0.0921,4
8192,n<=128,sr>70%,kvB<=4k,kp<=512,0.1647,4
8192,n<=128,sr>70%,kvB<=4k,kp<=64k,0.0481,4
8192,n<=128,sr>70%,kvB<=4k,kp<=8k,0.0646,4
8192,n<=128,sr>70%,kvB<=4k,kp=0,0.1354,4
8192,n<=128,sr>70%,kvB<=64k,kp<=16k,-0.0406,4
8192,n<=128,sr>70%,kvB<=64k,kp<=1k,0.0048,4
8192,n<=128,sr>70%,kvB<=64k,kp<=2k,0.0064,4
8192,n<=128,sr>70%,kvB<=64k,kp<=32k,-0.0264,4
8192,n<=128,sr>70%,kvB<=64k,kp<=4k,0.0082,4
8192,n<=128,sr>70%,kvB<=64k,kp<=512,0.0053,4
8192,n<=128,sr>70%,kvB<=64k,kp<=64k,0.0163,4
8192,n<=128,sr>70%,kvB<=64k,kp<=8k,-0.0028,4
8192,n<=128,sr>70%,kvB<=64k,kp=0,0.0053,4
8192,n<=16,sr<=15%,kvB<=16k,kp<=16k,-0.0026,4
8192,n<=16,sr<=15%,kvB<=16k,kp<=1k,0.0856,4
8192,n<=16,sr<=15%,kvB<=16k,kp<=2k,0.0753,4
8192,n<=16,sr<=15%,kvB<=16k,kp<=32k,-0.0063,4
8192,n<=16,sr<=15%,kvB<=16k,kp<=4k,0.0503,4
8192,n<=16,sr<=15%,kvB<=16k,kp<=512,0.0917,4
8192,n<=16,sr<=15%,kvB<=16k,kp<=64k,-0.0102,4
8192,n<=16,sr<=15%,kvB<=16k,kp<=8k,0.0088,4
8192,n<=16,sr<=15%,kvB<=16k,kp=0,0.0976,4
8192,n<=16,sr<=15%,kvB<=1k,kp<=16k,0.0385,4
8192,n<=16,sr<=15%,kvB<=1k,kp<=1k,0.0841,4
8192,n<=16,sr<=15%,kvB<=1k,kp<=2k,0.0826,4
8192,n<=16,sr<=15%,kvB<=1k,kp<=32k,0.1323,4
8192,n<=16,sr<=15%,kvB<=1k,kp<=4k,0.0745,4
8192,n<=16,sr<=15%,kvB<=1k,kp<=512,0.1079,4
8192,n<=16,sr<=15%,kvB<=1k,kp<=64k,0.0999,4
8192,n<=16,sr<=15%,kvB<=1k,kp<=8k,0.1213,4
8192,n<=16,sr<=15%,kvB<=1k,kp=0,0.0886,4
8192,n<=16,sr<=15%,kvB<=4k,kp<=16k,0.0188,4
8192,n<=16,sr<=15%,kvB<=4k,kp<=1k,0.0108,4
8192,n<=16,sr<=15%,kvB<=4k,kp<=2k,0.0191,4
8192,n<=16,sr<=15%,kvB<=4k,kp<=32k,0.0179,4
8192,n<=16,sr<=15%,kvB<=4k,kp<=4k,0.005,4
8192,n<=16,sr<=15%,kvB<=4k,kp<=512,0.0214,4
8192,n<=16,sr<=15%,kvB<=4k,kp<=64k,-0.0008,4
8192,n<=16,sr<=15%,kvB<=4k,kp<=8k,0.0152,4
8192,n<=16,sr<=15%,kvB<=4k,kp=0,0.0221,4
8192,n<=16,sr<=15%,kvB<=64k,kp<=16k,0.1142,4
8192,n<=16,sr<=15%,kvB<=64k,kp<=1k,0.0513,4
8192,n<=16,sr<=15%,kvB<=64k,kp<=2k,0.0562,4
8192,n<=16,sr<=15%,kvB<=64k,kp<=32k,0.0767,4
8192,n<=16,sr<=15%,kvB<=64k,kp<=4k,0.0668,4
8192,n<=16,sr<=15%,kvB<=64k,kp<=512,0.044,4
8192,n<=16,sr<=15%,kvB<=64k,kp<=64k,-0.0017,4
8192,n<=16,sr<=15%,kvB<=64k,kp<=8k,0.0846,4
8192,n<=16,sr<=15%,kvB<=64k,kp=0,0.0397,4
8192,n<=16,sr<=40%,kvB<=16k,kp<=16k,-0.0023,4
8192,n<=16,sr<=40%,kvB<=16k,kp<=1k,0.1004,4
8192,n<=16,sr<=40%,kvB<=16k,kp<=2k,0.0889,4
8192,n<=16,sr<=40%,kvB<=16k,kp<=32k,0.0026,4
8192,n<=16,sr<=40%,kvB<=16k,kp<=4k,0.0631,4
8192,n<=16,sr<=40%,kvB<=16k,kp<=512,0.1043,4
8192,n<=16,sr<=40%,kvB<=16k,kp<=64k,-0.0122,4
8192,n<=16,sr<=40%,kvB<=16k,kp<=8k,0.0189,4
8192,n<=16,sr<=40%,kvB<=16k,kp=0,0.1104,4
8192,n<=16,sr<=40%,kvB<=1k,kp<=16k,0.0699,4
8192,n<=16,sr<=40%,kvB<=1k,kp<=1k,0.1016,4
8192,n<=16,sr<=40%,kvB<=1k,kp<=2k,0.1019,4
8192,n<=16,sr<=40%,kvB<=1k,kp<=32k,0.173,4
8192,n<=16,sr<=40%,kvB<=1k,kp<=4k,0.1036,4
8192,n<=16,sr<=40%,kvB<=1k,kp<=512,0.0934,4
8192,n<=16,sr<=40%,kvB<=1k,kp<=64k,0.055,4
8192,n<=16,sr<=40%,kvB<=1k,kp<=8k,0.1128,4
8192,n<=16,sr<=40%,kvB<=1k,kp=0,0.0927,4
8192,n<=16,sr<=40%,kvB<=4k,kp<=16k,-0.0057,4
8192,n<=16,sr<=40%,kvB<=4k,kp<=1k,0.0143,4
8192,n<=16,sr<=40%,kvB<=4k,kp<=2k,0.0076,4
8192,n<=16,sr<=40%,kvB<=4k,kp<=32k,0.0173,4
8192,n<=16,sr<=40%,kvB<=4k,kp<=4k,0.0046,4
8192,n<=16,sr<=40%,kvB<=4k,kp<=512,0.0148,4
8192,n<=16,sr<=40%,kvB<=4k,kp<=64k,0.0352,4
8192,n<=16,sr<=40%,kvB<=4k,kp<=8k,0.0154,4
8192,n<=16,sr<=40%,kvB<=4k,kp=0,0.017,4
8192,n<=16,sr<=40%,kvB<=64k,kp<=16k,0.115,4
8192,n<=16,sr<=40%,kvB<=64k,kp<=1k,0.0262,4
8192,n<=16,sr<=40%,kvB<=64k,kp<=2k,0.0386,4
8192,n<=16,sr<=40%,kvB<=64k,kp<=32k,0.0894,4
8192,n<=16,sr<=40%,kvB<=64k,kp<=4k,0.0616,4
8192,n<=16,sr<=40%,kvB<=64k,kp<=512,0.017,4
8192,n<=16,sr<=40%,kvB<=64k,kp<=64k,0.0053,4
8192,n<=16,sr<=40%,kvB<=64k,kp<=8k,0.0812,4
8192,n<=16,sr<=40%,kvB<=64k,kp=0,0.0008,4
8192,n<=16,sr<=70%,kvB<=16k,kp<=16k,0.0146,2
8192,n<=16,sr<=70%,kvB<=16k,kp<=1k,0.1026,2
8192,n<=16,sr<=70%,kvB<=16k,kp<=2k,0.1092,2
8192,n<=16,sr<=70%,kvB<=16k,kp<=32k,-0.0023,2
8192,n<=16,sr<=70%,kvB<=16k,kp<=4k,0.1047,2
8192,n<=16,sr<=70%,kvB<=16k,kp<=512,0.1082,2
8192,n<=16,sr<=70%,kvB<=16k,kp<=64k,-0.0003,2
8192,n<=16,sr<=70%,kvB<=16k,kp<=8k,0.0522,2
8192,n<=16,sr<=70%,kvB<=16k,kp=0,0.116,2
8192,n<=16,sr<=70%,kvB<=1k,kp<=16k,-0.0127,2
8192,n<=16,sr<=70%,kvB<=1k,kp<=1k,0.1051,2
8192,n<=16,sr<=70%,kvB<=1k,kp<=2k,0.0385,2
8192,n<=16,sr<=70%,kvB<=1k,kp<=32k,0.0335,2
8192,n<=16,sr<=70%,kvB<=1k,kp<=4k,0.0409,2
8192,n<=16,sr<=70%,kvB<=1k,kp<=512,-0.0299,2
8192,n<=16,sr<=70%,kvB<=1k,kp<=64k,-0.0061,2
8192,n<=16,sr<=70%,kvB<=1k,kp<=8k,0.046,2
8192,n<=16,sr<=70%,kvB<=1k,kp=0,0.0017,2
8192,n<=16,sr<=70%,kvB<=4k,kp<=16k,-0.03,2
8192,n<=16,sr<=70%,kvB<=4k,kp<=1k,0.0121,2
8192,n<=16,sr<=70%,kvB<=4k,kp<=2k,0.0112,2
8192,n<=16,sr<=70%,kvB<=4k,kp<=32k,0.0243,2
8192,n<=16,sr<=70%,kvB<=4k,kp<=4k,-0.0259,2
8192,n<=16,sr<=70%,kvB<=4k,kp<=512,-0.0196,2
8192,n<=16,sr<=70%,kvB<=4k,kp<=64k,-0.0738,2
8192,n<=16,sr<=70%,kvB<=4k,kp<=8k,-0.002,2
8192,n<=16,sr<=70%,kvB<=4k,kp=0,-0.0237,2
8192,n<=16,sr<=70%,kvB<=64k,kp<=16k,0.125,2
8192,n<=16,sr<=70%,kvB<=64k,kp<=1k,0.0301,2
8192,n<=16,sr<=70%,kvB<=64k,kp<=2k,0.0225,2
8192,n<=16,sr<=70%,kvB<=64k,kp<=32k,0.1082,2
8192,n<=16,sr<=70%,kvB<=64k,kp<=4k,0.0373,2
8192,n<=16,sr<=70%,kvB<=64k,kp<=512,0.0102,2
8192,n<=16,sr<=70%,kvB<=64k,kp<=64k,0.0179,2
8192,n<=16,sr<=70%,kvB<=64k,kp<=8k,0.0665,2
8192,n<=16,sr<=70%,kvB<=64k,kp=0,0.0019,2
8192,n<=16,sr>70%,kvB<=16k,kp<=16k,0.0063,4
8192,n<=16,sr>70%,kvB<=16k,kp<=1k,0.1222,4
8192,n<=16,sr>70%,kvB<=16k,kp<=2k,0.1106,4
8192,n<=16,sr>70%,kvB<=16k,kp<=32k,0.0291,4
8192,n<=16,sr>70%,kvB<=16k,kp<=4k,0.0937,4
8192,n<=16,sr>70%,kvB<=16k,kp<=512,0.1178,4
8192,n<=16,sr>70%,kvB<=16k,kp<=64k,-0.0102,4
8192,n<=16,sr>70%,kvB<=16k,kp<=8k,0.0897,4
8192,n<=16,sr>70%,kvB<=16k,kp=0,0.1242,4
8192,n<=16,sr>70%,kvB<=1k,kp<=16k,0.2197,4
8192,n<=16,sr>70%,kvB<=1k,kp<=1k,0.3095,4
8192,n<=16,sr>70%,kvB<=1k,kp<=2k,0.3147,4
8192,n<=16,sr>70%,kvB<=1k,kp<=32k,0.2441,4
8192,n<=16,sr>70%,kvB<=1k,kp<=4k,0.2362,4
8192,n<=16,sr>70%,kvB<=1k,kp<=512,0.2741,4
8192,n<=16,sr>70%,kvB<=1k,kp<=64k,0.2436,4
8192,n<=16,sr>70%,kvB<=1k,kp<=8k,0.3243,4
8192,n<=16,sr>70%,kvB<=1k,kp=0,0.2746,4
8192,n<=16,sr>70%,kvB<=4k,kp<=16k,-0.0125,4
8192,n<=16,sr>70%,kvB<=4k,kp<=1k,-0.0028,4
8192,n<=16,sr>70%,kvB<=4k,kp<=2k,0.0455,4
8192,n<=16,sr>70%,kvB<=4k,kp<=32k,0.0949,4
8192,n<=16,sr>70%,kvB<=4k,kp<=4k,0.0354,4
8192,n<=16,sr>70%,kvB<=4k,kp<=512,0.0163,4
8192,n<=16,sr>70%,kvB<=4k,kp<=64k,0.0445,4
8192,n<=16,sr>70%,kvB<=4k,kp<=8k,0.0234,4
8192,n<=16,sr>70%,kvB<=4k,kp=0,-0.0298,4
8192,n<=16,sr>70%,kvB<=64k,kp<=16k,0.1077,4
8192,n<=16,sr>70%,kvB<=64k,kp<=1k,0.006,4
8192,n<=16,sr>70%,kvB<=64k,kp<=2k,-0.0105,4
8192,n<=16,sr>70%,kvB<=64k,kp<=32k,0.0996,4
8192,n<=16,sr>70%,kvB<=64k,kp<=4k,0.0311,4
8192,n<=16,sr>70%,kvB<=64k,kp<=512,-0.0031,4
8192,n<=16,sr>70%,kvB<=64k,kp<=64k,0.0249,4
8192,n<=16,sr>70%,kvB<=64k,kp<=8k,0.0515,4
8192,n<=16,sr>70%,kvB<=64k,kp=0,-0.0214,4
8192,n<=2,sr<=70%,kvB<=16k,kp<=16k,-0.0313,2
8192,n<=2,sr<=70%,kvB<=16k,kp<=1k,0.5131,2
8192,n<=2,sr<=70%,kvB<=16k,kp<=2k,0.5276,2
8192,n<=2,sr<=70%,kvB<=16k,kp<=32k,-0.1077,2
8192,n<=2,sr<=70%,kvB<=16k,kp<=4k,0.4687,2
8192,n<=2,sr<=70%,kvB<=16k,kp<=512,0.534,2
8192,n<=2,sr<=70%,kvB<=16k,kp<=64k,-0.2065,2
8192,n<=2,sr<=70%,kvB<=16k,kp<=8k,0.1202,2
8192,n<=2,sr<=70%,kvB<=16k,kp=0,0.5247,2
8192,n<=2,sr<=70%,kvB<=1k,kp<=16k,0.1537,1
8192,n<=2,sr<=70%,kvB<=1k,kp<=1k,0.7879,2
8192,n<=2,sr<=70%,kvB<=1k,kp<=2k,0.0569,2
8192,n<=2,sr<=70%,kvB<=1k,kp<=32k,0.8813,2
8192,n<=2,sr<=70%,kvB<=1k,kp<=4k,-0.1206,2
8192,n<=2,sr<=70%,kvB<=1k,kp<=512,-0.5624,2
8192,n<=2,sr<=70%,kvB<=1k,kp<=64k,0.0162,2
8192,n<=2,sr<=70%,kvB<=1k,kp<=8k,0.1102,2
8192,n<=2,sr<=70%,kvB<=1k,kp=0,0.1371,2
8192,n<=2,sr<=70%,kvB<=4k,kp<=16k,0.1231,2
8192,n<=2,sr<=70%,kvB<=4k,kp<=1k,0.0643,2
8192,n<=2,sr<=70%,kvB<=4k,kp<=2k,-0.0028,2
8192,n<=2,sr<=70%,kvB<=4k,kp<=32k,-0.0104,2
8192,n<=2,sr<=70%,kvB<=4k,kp<=4k,-0.0915,2
8192,n<=2,sr<=70%,kvB<=4k,kp<=512,0.047,2
8192,n<=2,sr<=70%,kvB<=4k,kp<=64k,0.2118,2
8192,n<=2,sr<=70%,kvB<=4k,kp<=8k,0.1822,2
8192,n<=2,sr<=70%,kvB<=4k,kp=0,0.1129,2
8192,n<=2,sr<=70%,kvB<=64k,kp<=16k,0.5594,2
8192,n<=2,sr<=70%,kvB<=64k,kp<=1k,0.5946,2
8192,n<=2,sr<=70%,kvB<=64k,kp<=2k,0.6012,2
8192,n<=2,sr<=70%,kvB<=64k,kp<=32k,0.5315,2
8192,n<=2,sr<=70%,kvB<=64k,kp<=4k,0.5918,2
8192,n<=2,sr<=70%,kvB<=64k,kp<=512,0.6015,2
8192,n<=2,sr<=70%,kvB<=64k,kp<=64k,-0.2728,2
8192,n<=2,sr<=70%,kvB<=64k,kp<=8k,0.5841,2
8192,n<=2,sr<=70%,kvB<=64k,kp=0,0.6009,2
8192,n<=32,sr<=15%,kvB<=16k,kp<=16k,-0.0008,6
8192,n<=32,sr<=15%,kvB<=16k,kp<=1k,0.0272,6
8192,n<=32,sr<=15%,kvB<=16k,kp<=2k,0.0257,6
8192,n<=32,sr<=15%,kvB<=16k,kp<=32k,-0.0029,6
8192,n<=32,sr<=15%,kvB<=16k,kp<=4k,0.0224,6
8192,n<=32,sr<=15%,kvB<=16k,kp<=512,0.0279,6
8192,n<=32,sr<=15%,kvB<=16k,kp<=64k,-0.0001,6
8192,n<=32,sr<=15%,kvB<=16k,kp<=8k,0.0075,6
8192,n<=32,sr<=15%,kvB<=16k,kp=0,0.0278,6
8192,n<=32,sr<=15%,kvB<=1k,kp<=16k,0.1124,6
8192,n<=32,sr<=15%,kvB<=1k,kp<=1k,0.0751,6
8192,n<=32,sr<=15%,kvB<=1k,kp<=2k,0.1155,6
8192,n<=32,sr<=15%,kvB<=1k,kp<=32k,0.0906,6
8192,n<=32,sr<=15%,kvB<=1k,kp<=4k,0.0997,6
8192,n<=32,sr<=15%,kvB<=1k,kp<=512,0.0827,6
8192,n<=32,sr<=15%,kvB<=1k,kp<=64k,0.0974,6
8192,n<=32,sr<=15%,kvB<=1k,kp<=8k,0.0936,6
8192,n<=32,sr<=15%,kvB<=1k,kp=0,0.0872,6
8192,n<=32,sr<=15%,kvB<=4k,kp<=16k,0.0114,6
8192,n<=32,sr<=15%,kvB<=4k,kp<=1k,0.0209,6
8192,n<=32,sr<=15%,kvB<=4k,kp<=2k,0.0165,6
8192,n<=32,sr<=15%,kvB<=4k,kp<=32k,0.0206,6
8192,n<=32,sr<=15%,kvB<=4k,kp<=4k,0.0172,6
8192,n<=32,sr<=15%,kvB<=4k,kp<=512,0.018,6
8192,n<=32,sr<=15%,kvB<=4k,kp<=64k,0.0177,6
8192,n<=32,sr<=15%,kvB<=4k,kp<=8k,0.0168,6
8192,n<=32,sr<=15%,kvB<=4k,kp=0,0.017,6
8192,n<=32,sr<=15%,kvB<=64k,kp<=16k,0.0336,6
8192,n<=32,sr<=15%,kvB<=64k,kp<=1k,0.0218,6
8192,n<=32,sr<=15%,kvB<=64k,kp<=2k,0.0224,6
8192,n<=32,sr<=15%,kvB<=64k,kp<=32k,0.0397,6
8192,n<=32,sr<=15%,kvB<=64k,kp<=4k,0.0227,6
8192,n<=32,sr<=15%,kvB<=64k,kp<=512,0.0198,6
8192,n<=32,sr<=15%,kvB<=64k,kp<=64k,0.0016,6
8192,n<=32,sr<=15%,kvB<=64k,kp<=8k,0.034,6
8192,n<=32,sr<=15%,kvB<=64k,kp=0,0.0172,6
8192,n<=32,sr<=40%,kvB<=16k,kp<=16k,0.0032,2
8192,n<=32,sr<=40%,kvB<=16k,kp<=1k,0.0302,2
8192,n<=32,sr<=40%,kvB<=16k,kp<=2k,0.0321,2
8192,n<=32,sr<=40%,kvB<=16k,kp<=32k,-0.0027,2
8192,n<=32,sr<=40%,kvB<=16k,kp<=4k,0.0298,2
8192,n<=32,sr<=40%,kvB<=16k,kp<=512,0.0286,2
8192,n<=32,sr<=40%,kvB<=16k,kp<=64k,-0.0068,2
8192,n<=32,sr<=40%,kvB<=16k,kp<=8k,0.0143,2
8192,n<=32,sr<=40%,kvB<=16k,kp=0,0.0264,2
8192,n<=32,sr<=40%,kvB<=1k,kp<=16k,0.1535,2
8192,n<=32,sr<=40%,kvB<=1k,kp<=1k,0.1167,2
8192,n<=32,sr<=40%,kvB<=1k,kp<=2k,0.1321,2
8192,n<=32,sr<=40%,kvB<=1k,kp<=32k,0.1227,2
8192,n<=32,sr<=40%,kvB<=1k,kp<=4k,0.1528,2
8192,n<=32,sr<=40%,kvB<=1k,kp<=512,0.1041,2
8192,n<=32,sr<=40%,kvB<=1k,kp<=64k,0.1357,2
8192,n<=32,sr<=40%,kvB<=1k,kp<=8k,0.1385,2
8192,n<=32,sr<=40%,kvB<=1k,kp=0,0.1306,2
8192,n<=32,sr<=40%,kvB<=4k,kp<=16k,0.0134,2
8192,n<=32,sr<=40%,kvB<=4k,kp<=1k,0.0021,2
8192,n<=32,sr<=40%,kvB<=4k,kp<=2k,0.0041,2
8192,n<=32,sr<=40%,kvB<=4k,kp<=32k,0.0141,2
8192,n<=32,sr<=40%,kvB<=4k,kp<=4k,0.0012,2
8192,n<=32,sr<=40%,kvB<=4k,kp<=512,0.0045,2
8192,n<=32,sr<=40%,kvB<=4k,kp<=64k,0.0155,2
8192,n<=32,sr<=40%,kvB<=4k,kp<=8k,0.0054,2
8192,n<=32,sr<=40%,kvB<=4k,kp=0,-0.0063,2
8192,n<=32,sr<=40%,kvB<=64k,kp<=16k,0.0299,2
8192,n<=32,sr<=40%,kvB<=64k,kp<=1k,0.0126,2
8192,n<=32,sr<=40%,kvB<=64k,kp<=2k,0.0171,2
8192,n<=32,sr<=40%,kvB<=64k,kp<=32k,0.0443,2
8192,n<=32,sr<=40%,kvB<=64k,kp<=4k,0.0194,2
8192,n<=32,sr<=40%,kvB<=64k,kp<=512,0.0115,2
8192,n<=32,sr<=40%,kvB<=64k,kp<=64k,0.0075,2
8192,n<=32,sr<=40%,kvB<=64k,kp<=8k,0.0205,2
8192,n<=32,sr<=40%,kvB<=64k,kp=0,0.0095,2
8192,n<=32,sr<=5%,kvB<=16k,kp<=16k,0.0012,2
8192,n<=32,sr<=5%,kvB<=16k,kp<=1k,0.0243,2
8192,n<=32,sr<=5%,kvB<=16k,kp<=2k,0.0233,2
8192,n<=32,sr<=5%,kvB<=16k,kp<=32k,0.001,2
8192,n<=32,sr<=5%,kvB<=16k,kp<=4k,0.0218,2
8192,n<=32,sr<=5%,kvB<=16k,kp<=512,0.0245,2
8192,n<=32,sr<=5%,kvB<=16k,kp<=64k,-0.0032,2
8192,n<=32,sr<=5%,kvB<=16k,kp<=8k,0.0027,2
8192,n<=32,sr<=5%,kvB<=16k,kp=0,0.0263,2
8192,n<=32,sr<=5%,kvB<=1k,kp<=16k,0.0386,2
8192,n<=32,sr<=5%,kvB<=1k,kp<=1k,0.0358,2
8192,n<=32,sr<=5%,kvB<=1k,kp<=2k,0.0365,2
8192,n<=32,sr<=5%,kvB<=1k,kp<=32k,0.0309,2
8192,n<=32,sr<=5%,kvB<=1k,kp<=4k,0.0188,2
8192,n<=32,sr<=5%,kvB<=1k,kp<=512,0.0141,2
8192,n<=32,sr<=5%,kvB<=1k,kp<=64k,-0.0026,2
8192,n<=32,sr<=5%,kvB<=1k,kp<=8k,0.0223,2
8192,n<=32,sr<=5%,kvB<=1k,kp=0,0.036,2
8192,n<=32,sr<=5%,kvB<=4k,kp<=16k,0.0242,2
8192,n<=32,sr<=5%,kvB<=4k,kp<=1k,0.0257,2
8192,n<=32,sr<=5%,kvB<=4k,kp<=2k,0.0286,2
8192,n<=32,sr<=5%,kvB<=4k,kp<=32k,0.014,2
8192,n<=32,sr<=5%,kvB<=4k,kp<=4k,0.0246,2
8192,n<=32,sr<=5%,kvB<=4k,kp<=512,0.0317,2
8192,n<=32,sr<=5%,kvB<=4k,kp<=64k,0.0112,2
8192,n<=32,sr<=5%,kvB<=4k,kp<=8k,0.0273,2
8192,n<=32,sr<=5%,kvB<=4k,kp=0,0.0336,2
8192,n<=32,sr<=5%,kvB<=64k,kp<=16k,0.0346,2
8192,n<=32,sr<=5%,kvB<=64k,kp<=1k,0.0245,2
8192,n<=32,sr<=5%,kvB<=64k,kp<=2k,0.0253,2
8192,n<=32,sr<=5%,kvB<=64k,kp<=32k,0.0373,2
8192,n<=32,sr<=5%,kvB<=64k,kp<=4k,0.0243,2
8192,n<=32,sr<=5%,kvB<=64k,kp<=512,0.0252,2
8192,n<=32,sr<=5%,kvB<=64k,kp<=64k,-0.0006,2
8192,n<=32,sr<=5%,kvB<=64k,kp<=8k,0.0307,2
8192,n<=32,sr<=5%,kvB<=64k,kp=0,0.0247,2
8192,n<=32,sr<=70%,kvB<=16k,kp<=16k,-0.0073,2
8192,n<=32,sr<=70%,kvB<=16k,kp<=1k,0.0144,2
8192,n<=32,sr<=70%,kvB<=16k,kp<=2k,0.0194,2
8192,n<=32,sr<=70%,kvB<=16k,kp<=32k,-0.0205,2
8192,n<=32,sr<=70%,kvB<=16k,kp<=4k,0.0267,2
8192,n<=32,sr<=70%,kvB<=16k,kp<=512,-0.0074,2
8192,n<=32,sr<=70%,kvB<=16k,kp<=64k,-0.0168,2
8192,n<=32,sr<=70%,kvB<=16k,kp<=8k,0.0322,2
8192,n<=32,sr<=70%,kvB<=16k,kp=0,-0.0368,2
8192,n<=32,sr<=70%,kvB<=1k,kp<=16k,0.0251,2
8192,n<=32,sr<=70%,kvB<=1k,kp<=1k,0.0338,2
8192,n<=32,sr<=70%,kvB<=1k,kp<=2k,0.1314,2
8192,n<=32,sr<=70%,kvB<=1k,kp<=32k,0.0397,2
8192,n<=32,sr<=70%,kvB<=1k,kp<=4k,0.0172,2
8192,n<=32,sr<=70%,kvB<=1k,kp<=512,0.0753,2
8192,n<=32,sr<=70%,kvB<=1k,kp<=64k,0.1567,2
8192,n<=32,sr<=70%,kvB<=1k,kp<=8k,-0.0427,2
8192,n<=32,sr<=70%,kvB<=1k,kp=0,0.0538,2
8192,n<=32,sr<=70%,kvB<=4k,kp<=16k,0.0066,2
8192,n<=32,sr<=70%,kvB<=4k,kp<=1k,-0.0023,2
8192,n<=32,sr<=70%,kvB<=4k,kp<=2k,-0.0059,2
8192,n<=32,sr<=70%,kvB<=4k,kp<=32k,0.0062,2
8192,n<=32,sr<=70%,kvB<=4k,kp<=4k,-0.0036,2
8192,n<=32,sr<=70%,kvB<=4k,kp<=512,0.0102,2
8192,n<=32,sr<=70%,kvB<=4k,kp<=64k,-0.0395,2
8192,n<=32,sr<=70%,kvB<=4k,kp<=8k,-0.0116,2
8192,n<=32,sr<=70%,kvB<=4k,kp=0,-0.0063,2
8192,n<=32,sr<=70%,kvB<=64k,kp<=16k,0.009,2
8192,n<=32,sr<=70%,kvB<=64k,kp<=1k,0.007,2
8192,n<=32,sr<=70%,kvB<=64k,kp<=2k,0.0087,2
8192,n<=32,sr<=70%,kvB<=64k,kp<=32k,0.0258,2
8192,n<=32,sr<=70%,kvB<=64k,kp<=4k,0.0117,2
8192,n<=32,sr<=70%,kvB<=64k,kp<=512,0.006,2
8192,n<=32,sr<=70%,kvB<=64k,kp<=64k,0.0174,2
8192,n<=32,sr<=70%,kvB<=64k,kp<=8k,0.017,2
8192,n<=32,sr<=70%,kvB<=64k,kp=0,0.0005,2
8192,n<=32,sr>70%,kvB<=16k,kp<=16k,-0.0009,4
8192,n<=32,sr>70%,kvB<=16k,kp<=1k,0.0191,4
8192,n<=32,sr>70%,kvB<=16k,kp<=2k,0.0057,4
8192,n<=32,sr>70%,kvB<=16k,kp<=32k,-0.0145,4
8192,n<=32,sr>70%,kvB<=16k,kp<=4k,0.0613,4
8192,n<=32,sr>70%,kvB<=16k,kp<=512,0.0188,4
8192,n<=32,sr>70%,kvB<=16k,kp<=64k,-0.0114,4
8192,n<=32,sr>70%,kvB<=16k,kp<=8k,0.0242,4
8192,n<=32,sr>70%,kvB<=16k,kp=0,-0.0115,4
8192,n<=32,sr>70%,kvB<=1k,kp<=16k,0.2654,4
8192,n<=32,sr>70%,kvB<=1k,kp<=1k,0.3178,4
8192,n<=32,sr>70%,kvB<=1k,kp<=2k,0.2425,4
8192,n<=32,sr>70%,kvB<=1k,kp<=32k,0.425,4
8192,n<=32,sr>70%,kvB<=1k,kp<=4k,0.3059,4
8192,n<=32,sr>70%,kvB<=1k,kp<=512,0.3665,4
8192,n<=32,sr>70%,kvB<=1k,kp<=64k,0.38,4
8192,n<=32,sr>70%,kvB<=1k,kp<=8k,0.1992,4
8192,n<=32,sr>70%,kvB<=1k,kp=0,0.3041,4
8192,n<=32,sr>70%,kvB<=4k,kp<=16k,0.0729,4
8192,n<=32,sr>70%,kvB<=4k,kp<=1k,0.0835,4
8192,n<=32,sr>70%,kvB<=4k,kp<=2k,0.0502,4
8192,n<=32,sr>70%,kvB<=4k,kp<=32k,0.079,4
8192,n<=32,sr>70%,kvB<=4k,kp<=4k,0.0409,4
8192,n<=32,sr>70%,kvB<=4k,kp<=512,0.0504,4
8192,n<=32,sr>70%,kvB<=4k,kp<=64k,0.0852,4
8192,n<=32,sr>70%,kvB<=4k,kp<=8k,0.0282,4
8192,n<=32,sr>70%,kvB<=4k,kp=0,0.0178,4
8192,n<=32,sr>70%,kvB<=64k,kp<=16k,-0.0057,4
8192,n<=32,sr>70%,kvB<=64k,kp<=1k,-0.0106,4
8192,n<=32,sr>70%,kvB<=64k,kp<=2k,0.0003,4
8192,n<=32,sr>70%,kvB<=64k,kp<=32k,0.0781,4
8192,n<=32,sr>70%,kvB<=64k,kp<=4k,0.0121,4
8192,n<=32,sr>70%,kvB<=64k,kp<=512,-0.0224,4
8192,n<=32,sr>70%,kvB<=64k,kp<=64k,0.0466,4
8192,n<=32,sr>70%,kvB<=64k,kp<=8k,-0.0052,4
8192,n<=32,sr>70%,kvB<=64k,kp=0,-0.0275,4
8192,n<=4,sr<=40%,kvB<=16k,kp<=16k,-0.0156,2
8192,n<=4,sr<=40%,kvB<=16k,kp<=1k,0.3276,2
8192,n<=4,sr<=40%,kvB<=16k,kp<=2k,0.2973,2
8192,n<=4,sr<=40%,kvB<=16k,kp<=32k,-0.0413,2
8192,n<=4,sr<=40%,kvB<=16k,kp<=4k,0.216,2
8192,n<=4,sr<=40%,kvB<=16k,kp<=512,0.3352,2
8192,n<=4,sr<=40%,kvB<=16k,kp<=64k,-0.073,2
8192,n<=4,sr<=40%,kvB<=16k,kp<=8k,0.0165,2
8192,n<=4,sr<=40%,kvB<=16k,kp=0,0.3439,2
8192,n<=4,sr<=40%,kvB<=1k,kp<=16k,0.3584,2
8192,n<=4,sr<=40%,kvB<=1k,kp<=1k,0.0979,2
8192,n<=4,sr<=40%,kvB<=1k,kp<=2k,0.0826,2
8192,n<=4,sr<=40%,kvB<=1k,kp<=32k,0.2622,2
8192,n<=4,sr<=40%,kvB<=1k,kp<=4k,0.108,2
8192,n<=4,sr<=40%,kvB<=1k,kp<=512,0.0142,2
8192,n<=4,sr<=40%,kvB<=1k,kp<=64k,-1.1986,2
8192,n<=4,sr<=40%,kvB<=1k,kp<=8k,0.3378,2
8192,n<=4,sr<=40%,kvB<=1k,kp=0,0.0739,2
8192,n<=4,sr<=40%,kvB<=4k,kp<=16k,-0.1578,2
8192,n<=4,sr<=40%,kvB<=4k,kp<=1k,0.0098,2
8192,n<=4,sr<=40%,kvB<=4k,kp<=2k,-0.0143,2
8192,n<=4,sr<=40%,kvB<=4k,kp<=32k,0.0506,2
8192,n<=4,sr<=40%,kvB<=4k,kp<=4k,-0.0,2
8192,n<=4,sr<=40%,kvB<=4k,kp<=512,0.0,2
8192,n<=4,sr<=40%,kvB<=4k,kp<=64k,-0.0004,2
8192,n<=4,sr<=40%,kvB<=4k,kp<=8k,-0.0318,2
8192,n<=4,sr<=40%,kvB<=4k,kp=0,0.0132,2
8192,n<=4,sr<=40%,kvB<=64k,kp<=16k,0.3613,2
8192,n<=4,sr<=40%,kvB<=64k,kp<=1k,0.4126,2
8192,n<=4,sr<=40%,kvB<=64k,kp<=2k,0.4108,2
8192,n<=4,sr<=40%,kvB<=64k,kp<=32k,0.2753,2
8192,n<=4,sr<=40%,kvB<=64k,kp<=4k,0.4013,2
8192,n<=4,sr<=40%,kvB<=64k,kp<=512,0.4131,2
8192,n<=4,sr<=40%,kvB<=64k,kp<=64k,-0.0394,2
8192,n<=4,sr<=40%,kvB<=64k,kp<=8k,0.3955,2
8192,n<=4,sr<=40%,kvB<=64k,kp=0,0.4164,2
8192,n<=4,sr<=70%,kvB<=16k,kp<=16k,0.022,2
8192,n<=4,sr<=70%,kvB<=16k,kp<=1k,0.3691,2
8192,n<=4,sr<=70%,kvB<=16k,kp<=2k,0.3576,2
8192,n<=4,sr<=70%,kvB<=16k,kp<=32k,-0.004,2
8192,n<=4,sr<=70%,kvB<=16k,kp<=4k,0.3202,2
8192,n<=4,sr<=70%,kvB<=16k,kp<=512,0.3671,2
8192,n<=4,sr<=70%,kvB<=16k,kp<=64k,-0.0575,2
8192,n<=4,sr<=70%,kvB<=16k,kp<=8k,0.0999,2
8192,n<=4,sr<=70%,kvB<=16k,kp=0,0.3657,2
8192,n<=4,sr<=70%,kvB<=1k,kp<=16k,-1.2799,2
8192,n<=4,sr<=70%,kvB<=1k,kp<=1k,-0.1014,2
8192,n<=4,sr<=70%,kvB<=1k,kp<=2k,0.126,2
8192,n<=4,sr<=70%,kvB<=1k,kp<=32k,0.038,2
8192,n<=4,sr<=70%,kvB<=1k,kp<=4k,-0.027,2
8192,n<=4,sr<=70%,kvB<=1k,kp<=512,0.128,2
8192,n<=4,sr<=70%,kvB<=1k,kp<=64k,-0.1471,1
8192,n<=4,sr<=70%,kvB<=1k,kp<=8k,0.0693,2
8192,n<=4,sr<=70%,kvB<=1k,kp=0,0.1744,2
8192,n<=4,sr<=70%,kvB<=4k,kp<=16k,-0.0786,2
8192,n<=4,sr<=70%,kvB<=4k,kp<=1k,0.0434,2
8192,n<=4,sr<=70%,kvB<=4k,kp<=2k,0.0175,2
8192,n<=4,sr<=70%,kvB<=4k,kp<=32k,-0.145,2
8192,n<=4,sr<=70%,kvB<=4k,kp<=4k,0.0144,2
8192,n<=4,sr<=70%,kvB<=4k,kp<=512,-0.0016,2
8192,n<=4,sr<=70%,kvB<=4k,kp<=64k,-0.0165,2
8192,n<=4,sr<=70%,kvB<=4k,kp<=8k,-0.0059,2
8192,n<=4,sr<=70%,kvB<=4k,kp=0,-0.0218,2
8192,n<=4,sr<=70%,kvB<=64k,kp<=16k,0.3753,2
8192,n<=4,sr<=70%,kvB<=64k,kp<=1k,0.4016,2
8192,n<=4,sr<=70%,kvB<=64k,kp<=2k,0.3976,2
8192,n<=4,sr<=70%,kvB<=64k,kp<=32k,0.3224,2
8192,n<=4,sr<=70%,kvB<=64k,kp<=4k,0.3969,2
8192,n<=4,sr<=70%,kvB<=64k,kp<=512,0.4042,2
8192,n<=4,sr<=70%,kvB<=64k,kp<=64k,0.125,2
8192,n<=4,sr<=70%,kvB<=64k,kp<=8k,0.3884,2
8192,n<=4,sr<=70%,kvB<=64k,kp=0,0.3989,2
8192,n<=4,sr>70%,kvB<=16k,kp<=16k,0.023,2
8192,n<=4,sr>70%,kvB<=16k,kp<=1k,0.366,2
8192,n<=4,sr>70%,kvB<=16k,kp<=2k,0.3483,2
8192,n<=4,sr>70%,kvB<=16k,kp<=32k,-0.024,2
8192,n<=4,sr>70%,kvB<=16k,kp<=4k,0.3295,2
8192,n<=4,sr>70%,kvB<=16k,kp<=512,0.3598,2
8192,n<=4,sr>70%,kvB<=16k,kp<=64k,-0.2269,2
8192,n<=4,sr>70%,kvB<=16k,kp<=8k,0.2058,2
8192,n<=4,sr>70%,kvB<=16k,kp=0,0.3779,2
8192,n<=4,sr>70%,kvB<=1k,kp<=16k,0.0456,1
8192,n<=4,sr>70%,kvB<=1k,kp<=1k,0.6882,2
8192,n<=4,sr>70%,kvB<=1k,kp<=2k,0.2381,2
8192,n<=4,sr>70%,kvB<=1k,kp<=32k,0.7859,2
8192,n<=4,sr>70%,kvB<=1k,kp<=4k,0.3366,2
8192,n<=4,sr>70%,kvB<=1k,kp<=512,0.213,2
8192,n<=4,sr>70%,kvB<=1k,kp<=64k,0.9886,2
8192,n<=4,sr>70%,kvB<=1k,kp<=8k,0.1375,2
8192,n<=4,sr>70%,kvB<=1k,kp=0,0.3894,2
8192,n<=4,sr>70%,kvB<=4k,kp<=16k,-0.6312,2
8192,n<=4,sr>70%,kvB<=4k,kp<=1k,-0.0227,2
8192,n<=4,sr>70%,kvB<=4k,kp<=2k,-0.0441,2
8192,n<=4,sr>70%,kvB<=4k,kp<=32k,-0.86,2
8192,n<=4,sr>70%,kvB<=4k,kp<=4k,0.1521,2
8192,n<=4,sr>70%,kvB<=4k,kp<=512,-0.0917,2
8192,n<=4,sr>70%,kvB<=4k,kp<=64k,0.0181,2
8192,n<=4,sr>70%,kvB<=4k,kp<=8k,0.1213,2
8192,n<=4,sr>70%,kvB<=4k,kp=0,-0.0192,2
8192,n<=4,sr>70%,kvB<=64k,kp<=16k,0.3767,2
8192,n<=4,sr>70%,kvB<=64k,kp<=1k,0.4036,2
8192,n<=4,sr>70%,kvB<=64k,kp<=2k,0.3934,2
8192,n<=4,sr>70%,kvB<=64k,kp<=32k,0.2954,2
8192,n<=4,sr>70%,kvB<=64k,kp<=4k,0.3918,2
8192,n<=4,sr>70%,kvB<=64k,kp<=512,0.3937,2
8192,n<=4,sr>70%,kvB<=64k,kp<=64k,0.167,2
8192,n<=4,sr>70%,kvB<=64k,kp<=8k,0.3835,2
8192,n<=4,sr>70%,kvB<=64k,kp=0,0.3976,2
8192,n<=64,sr<=15%,kvB<=16k,kp<=16k,0.0021,4
8192,n<=64,sr<=15%,kvB<=16k,kp<=1k,0.0175,4
8192,n<=64,sr<=15%,kvB<=16k,kp<=2k,0.0153,4
8192,n<=64,sr<=15%,kvB<=16k,kp<=32k,-0.0006,4
8192,n<=64,sr<=15%,kvB<=16k,kp<=4k,0.0089,4
8192,n<=64,sr<=15%,kvB<=16k,kp<=512,0.0117,4
8192,n<=64,sr<=15%,kvB<=16k,kp<=64k,-0.0019,4
8192,n<=64,sr<=15%,kvB<=16k,kp<=8k,0.0047,4
8192,n<=64,sr<=15%,kvB<=16k,kp=0,0.0055,4
8192,n<=64,sr<=15%,kvB<=1k,kp<=16k,0.0876,4
8192,n<=64,sr<=15%,kvB<=1k,kp<=1k,0.0417,4
8192,n<=64,sr<=15%,kvB<=1k,kp<=2k,0.0949,4
8192,n<=64,sr<=15%,kvB<=1k,kp<=32k,0.1023,4
8192,n<=64,sr<=15%,kvB<=1k,kp<=4k,0.1085,4
8192,n<=64,sr<=15%,kvB<=1k,kp<=512,0.1493,4
8192,n<=64,sr<=15%,kvB<=1k,kp<=64k,0.0937,4
8192,n<=64,sr<=15%,kvB<=1k,kp<=8k,0.088,4
8192,n<=64,sr<=15%,kvB<=1k,kp=0,0.1311,4
8192,n<=64,sr<=15%,kvB<=4k,kp<=16k,0.0262,4
8192,n<=64,sr<=15%,kvB<=4k,kp<=1k,0.0254,4
8192,n<=64,sr<=15%,kvB<=4k,kp<=2k,0.0011,4
8192,n<=64,sr<=15%,kvB<=4k,kp<=32k,0.0178,4
8192,n<=64,sr<=15%,kvB<=4k,kp<=4k,0.0097,4
8192,n<=64,sr<=15%,kvB<=4k,kp<=512,0.0309,4
8192,n<=64,sr<=15%,kvB<=4k,kp<=64k,0.0238,4
8192,n<=64,sr<=15%,kvB<=4k,kp<=8k,0.0209,4
8192,n<=64,sr<=15%,kvB<=4k,kp=0,0.0004,4
8192,n<=64,sr<=15%,kvB<=64k,kp<=16k,0.0078,4
8192,n<=64,sr<=15%,kvB<=64k,kp<=1k,0.0099,4
8192,n<=64,sr<=15%,kvB<=64k,kp<=2k,0.0099,4
8192,n<=64,sr<=15%,kvB<=64k,kp<=32k,0.0089,4
8192,n<=64,sr<=15%,kvB<=64k,kp<=4k,0.0094,4
8192,n<=64,sr<=15%,kvB<=64k,kp<=512,0.01,4
8192,n<=64,sr<=15%,kvB<=64k,kp<=64k,0.0005,4
8192,n<=64,sr<=15%,kvB<=64k,kp<=8k,0.0138,4
8192,n<=64,sr<=15%,kvB<=64k,kp=0,0.0097,4
8192,n<=64,sr<=40%,kvB<=16k,kp<=16k,-0.0028,2
8192,n<=64,sr<=40%,kvB<=16k,kp<=1k,0.0083,2
8192,n<=64,sr<=40%,kvB<=16k,kp<=2k,0.0259,2
8192,n<=64,sr<=40%,kvB<=16k,kp<=32k,-0.004,2
8192,n<=64,sr<=40%,kvB<=16k,kp<=4k,0.025,2
8192,n<=64,sr<=40%,kvB<=16k,kp<=512,0.0049,2
8192,n<=64,sr<=40%,kvB<=16k,kp<=64k,-0.0046,2
8192,n<=64,sr<=40%,kvB<=16k,kp<=8k,0.0161,2
8192,n<=64,sr<=40%,kvB<=16k,kp=0,0.0048,2
8192,n<=64,sr<=40%,kvB<=1k,kp<=16k,0.1343,2
8192,n<=64,sr<=40%,kvB<=1k,kp<=1k,0.1284,2
8192,n<=64,sr<=40%,kvB<=1k,kp<=2k,0.1334,2
8192,n<=64,sr<=40%,kvB<=1k,kp<=32k,0.1586,2
8192,n<=64,sr<=40%,kvB<=1k,kp<=4k,0.1338,2
8192,n<=64,sr<=40%,kvB<=1k,kp<=512,0.1464,2
8192,n<=64,sr<=40%,kvB<=1k,kp<=64k,0.1723,2
8192,n<=64,sr<=40%,kvB<=1k,kp<=8k,0.1368,2
8192,n<=64,sr<=40%,kvB<=1k,kp=0,0.1122,2
8192,n<=64,sr<=40%,kvB<=4k,kp<=16k,0.0145,2
8192,n<=64,sr<=40%,kvB<=4k,kp<=1k,-0.0029,2
8192,n<=64,sr<=40%,kvB<=4k,kp<=2k,0.0001,2
8192,n<=64,sr<=40%,kvB<=4k,kp<=32k,0.0032,2
8192,n<=64,sr<=40%,kvB<=4k,kp<=4k,-0.0025,2
8192,n<=64,sr<=40%,kvB<=4k,kp<=512,-0.0028,2
8192,n<=64,sr<=40%,kvB<=4k,kp<=64k,-0.0053,2
8192,n<=64,sr<=40%,kvB<=4k,kp<=8k,0.0035,2
8192,n<=64,sr<=40%,kvB<=4k,kp=0,-0.0029,2
8192,n<=64,sr<=40%,kvB<=64k,kp<=16k,0.0068,2
8192,n<=64,sr<=40%,kvB<=64k,kp<=1k,0.0065,2
8192,n<=64,sr<=40%,kvB<=64k,kp<=2k,0.0072,2
8192,n<=64,sr<=40%,kvB<=64k,kp<=32k,0.0173,2
8192,n<=64,sr<=40%,kvB<=64k,kp<=4k,0.0072,2
8192,n<=64,sr<=40%,kvB<=64k,kp<=512,0.0066,2
8192,n<=64,sr<=40%,kvB<=64k,kp<=64k,0.0007,2
8192,n<=64,sr<=40%,kvB<=64k,kp<=8k,0.0089,2
8192,n<=64,sr<=40%,kvB<=64k,kp=0,0.0066,2
8192,n<=64,sr<=5%,kvB<=16k,kp<=16k,0.0038,6
8192,n<=64,sr<=5%,kvB<=16k,kp<=1k,0.0118,6
8192,n<=64,sr<=5%,kvB<=16k,kp<=2k,0.0101,6
8192,n<=64,sr<=5%,kvB<=16k,kp<=32k,0.0041,6
8192,n<=64,sr<=5%,kvB<=16k,kp<=4k,0.0088,6
8192,n<=64,sr<=5%,kvB<=16k,kp<=512,0.012,6
8192,n<=64,sr<=5%,kvB<=16k,kp<=64k,0.0032,6
8192,n<=64,sr<=5%,kvB<=16k,kp<=8k,0.0064,6
8192,n<=64,sr<=5%,kvB<=16k,kp=0,0.0115,6
8192,n<=64,sr<=5%,kvB<=1k,kp<=16k,0.0266,6
8192,n<=64,sr<=5%,kvB<=1k,kp<=1k,0.0372,6
8192,n<=64,sr<=5%,kvB<=1k,kp<=2k,0.0434,6
8192,n<=64,sr<=5%,kvB<=1k,kp<=32k,0.0245,6
8192,n<=64,sr<=5%,kvB<=1k,kp<=4k,0.0279,6
8192,n<=64,sr<=5%,kvB<=1k,kp<=512,0.0425,6
8192,n<=64,sr<=5%,kvB<=1k,kp<=64k,0.0508,6
8192,n<=64,sr<=5%,kvB<=1k,kp<=8k,0.0305,6
8192,n<=64,sr<=5%,kvB<=1k,kp=0,0.0251,6
8192,n<=64,sr<=5%,kvB<=4k,kp<=16k,0.0156,6
8192,n<=64,sr<=5%,kvB<=4k,kp<=1k,0.0169,6
8192,n<=64,sr<=5%,kvB<=4k,kp<=2k,0.0193,6
8192,n<=64,sr<=5%,kvB<=4k,kp<=32k,0.0129,6
8192,n<=64,sr<=5%,kvB<=4k,kp<=4k,0.0184,6
8192,n<=64,sr<=5%,kvB<=4k,kp<=512,0.0136,6
8192,n<=64,sr<=5%,kvB<=4k,kp<=64k,0.0158,6
8192,n<=64,sr<=5%,kvB<=4k,kp<=8k,0.019,6
8192,n<=64,sr<=5%,kvB<=4k,kp=0,0.016,6
8192,n<=64,sr<=5%,kvB<=64k,kp<=16k,0.0153,6
8192,n<=64,sr<=5%,kvB<=64k,kp<=1k,0.0117,6
8192,n<=64,sr<=5%,kvB<=64k,kp<=2k,0.0117,6
8192,n<=64,sr<=5%,kvB<=64k,kp<=32k,0.0101,6
8192,n<=64,sr<=5%,kvB<=64k,kp<=4k,0.0118,6
8192,n<=64,sr<=5%,kvB<=64k,kp<=512,0.0118,6
8192,n<=64,sr<=5%,kvB<=64k,kp<=64k,0.0006,6
8192,n<=64,sr<=5%,kvB<=64k,kp<=8k,0.012,6
8192,n<=64,sr<=5%,kvB<=64k,kp=0,0.0118,6
8192,n<=64,sr<=70%,kvB<=16k,kp<=16k,-0.0096,2
8192,n<=64,sr<=70%,kvB<=16k,kp<=1k,0.0155,2
8192,n<=64,sr<=70%,kvB<=16k,kp<=2k,0.0058,2
8192,n<=64,sr<=70%,kvB<=16k,kp<=32k,-0.0015,2
8192,n<=64,sr<=70%,kvB<=16k,kp<=4k,0.0045,2
8192,n<=64,sr<=70%,kvB<=16k,kp<=512,0.0187,2
8192,n<=64,sr<=70%,kvB<=16k,kp<=64k,0.0146,2
8192,n<=64,sr<=70%,kvB<=16k,kp<=8k,0.0767,2
8192,n<=64,sr<=70%,kvB<=16k,kp=0,0.0152,2
8192,n<=64,sr<=70%,kvB<=1k,kp<=16k,0.1653,2
8192,n<=64,sr<=70%,kvB<=1k,kp<=1k,-0.1975,2
8192,n<=64,sr<=70%,kvB<=1k,kp<=2k,0.0579,2
8192,n<=64,sr<=70%,kvB<=1k,kp<=32k,0.1325,2
8192,n<=64,sr<=70%,kvB<=1k,kp<=4k,-0.0071,2
8192,n<=64,sr<=70%,kvB<=1k,kp<=512,0.4833,2
8192,n<=64,sr<=70%,kvB<=1k,kp<=64k,0.0756,2
8192,n<=64,sr<=70%,kvB<=1k,kp<=8k,0.0438,2
8192,n<=64,sr<=70%,kvB<=1k,kp=0,0.1522,2
8192,n<=64,sr<=70%,kvB<=4k,kp<=16k,0.0046,2
8192,n<=64,sr<=70%,kvB<=4k,kp<=1k,-0.0165,2
8192,n<=64,sr<=70%,kvB<=4k,kp<=2k,-0.0173,2
8192,n<=64,sr<=70%,kvB<=4k,kp<=32k,0.028,2
8192,n<=64,sr<=70%,kvB<=4k,kp<=4k,0.0067,2
8192,n<=64,sr<=70%,kvB<=4k,kp<=512,-0.0187,2
8192,n<=64,sr<=70%,kvB<=4k,kp<=64k,0.0277,2
8192,n<=64,sr<=70%,kvB<=4k,kp<=8k,-0.0035,2
8192,n<=64,sr<=70%,kvB<=4k,kp=0,0.0238,2
8192,n<=64,sr<=70%,kvB<=64k,kp<=16k,0.017,2
8192,n<=64,sr<=70%,kvB<=64k,kp<=1k,0.0048,2
8192,n<=64,sr<=70%,kvB<=64k,kp<=2k,0.0062,2
8192,n<=64,sr<=70%,kvB<=64k,kp<=32k,-0.0047,2
8192,n<=64,sr<=70%,kvB<=64k,kp<=4k,0.0104,2
8192,n<=64,sr<=70%,kvB<=64k,kp<=512,0.0048,2
8192,n<=64,sr<=70%,kvB<=64k,kp<=64k,-0.0181,2
8192,n<=64,sr<=70%,kvB<=64k,kp<=8k,0.0035,2
8192,n<=64,sr<=70%,kvB<=64k,kp=0,0.0046,2
8192,n<=64,sr>70%,kvB<=16k,kp<=16k,-0.0075,4
8192,n<=64,sr>70%,kvB<=16k,kp<=1k,0.025,4
8192,n<=64,sr>70%,kvB<=16k,kp<=2k,0.0328,4
8192,n<=64,sr>70%,kvB<=16k,kp<=32k,0.0172,4
8192,n<=64,sr>70%,kvB<=16k,kp<=4k,-0.0035,4
8192,n<=64,sr>70%,kvB<=16k,kp<=512,0.017,4
8192,n<=64,sr>70%,kvB<=16k,kp<=64k,0.0384,4
8192,n<=64,sr>70%,kvB<=16k,kp<=8k,0.122,4
8192,n<=64,sr>70%,kvB<=16k,kp=0,0.0082,4
8192,n<=64,sr>70%,kvB<=1k,kp<=16k,0.3223,4
8192,n<=64,sr>70%,kvB<=1k,kp<=1k,0.1574,4
8192,n<=64,sr>70%,kvB<=1k,kp<=2k,0.3325,4
8192,n<=64,sr>70%,kvB<=1k,kp<=32k,0.4716,4
8192,n<=64,sr>70%,kvB<=1k,kp<=4k,0.3285,4
8192,n<=64,sr>70%,kvB<=1k,kp<=512,0.581,3
8192,n<=64,sr>70%,kvB<=1k,kp<=64k,0.398,4
8192,n<=64,sr>70%,kvB<=1k,kp<=8k,0.3513,4
8192,n<=64,sr>70%,kvB<=1k,kp=0,0.3242,4
8192,n<=64,sr>70%,kvB<=4k,kp<=16k,0.0603,4
8192,n<=64,sr>70%,kvB<=4k,kp<=1k,0.0526,4
8192,n<=64,sr>70%,kvB<=4k,kp<=2k,0.0473,4
8192,n<=64,sr>70%,kvB<=4k,kp<=32k,0.073,4
8192,n<=64,sr>70%,kvB<=4k,kp<=4k,0.0481,4
8192,n<=64,sr>70%,kvB<=4k,kp<=512,0.1526,4
8192,n<=64,sr>70%,kvB<=4k,kp<=64k,0.0809,4
8192,n<=64,sr>70%,kvB<=4k,kp<=8k,0.0155,4
8192,n<=64,sr>70%,kvB<=4k,kp=0,0.028,4
8192,n<=64,sr>70%,kvB<=64k,kp<=16k,-0.0108,4
8192,n<=64,sr>70%,kvB<=64k,kp<=1k,0.0056,4
8192,n<=64,sr>70%,kvB<=64k,kp<=2k,0.0103,4
8192,n<=64,sr>70%,kvB<=64k,kp<=32k,-0.0212,4
8192,n<=64,sr>70%,kvB<=64k,kp<=4k,0.0263,4
8192,n<=64,sr>70%,kvB<=64k,kp<=512,0.0048,4
8192,n<=64,sr>70%,kvB<=64k,kp<=64k,0.0356,4
8192,n<=64,sr>70%,kvB<=64k,kp<=8k,-0.0121,4
8192,n<=64,sr>70%,kvB<=64k,kp=0,0.0036,4
8192,n<=8,sr<=15%,kvB<=16k,kp<=16k,-0.0129,2
8192,n<=8,sr<=15%,kvB<=16k,kp<=1k,0.1728,2
8192,n<=8,sr<=15%,kvB<=16k,kp<=2k,0.1451,2
8192,n<=8,sr<=15%,kvB<=16k,kp<=32k,-0.0058,2
8192,n<=8,sr<=15%,kvB<=16k,kp<=4k,0.0973,2
8192,n<=8,sr<=15%,kvB<=16k,kp<=512,0.174,2
8192,n<=8,sr<=15%,kvB<=16k,kp<=64k,-0.0143,2
8192,n<=8,sr<=15%,kvB<=16k,kp<=8k,0.0121,2
8192,n<=8,sr<=15%,kvB<=16k,kp=0,0.1852,2
8192,n<=8,sr<=15%,kvB<=1k,kp<=16k,0.0299,2
8192,n<=8,sr<=15%,kvB<=1k,kp<=1k,0.087,2
8192,n<=8,sr<=15%,kvB<=1k,kp<=2k,0.1361,2
8192,n<=8,sr<=15%,kvB<=1k,kp<=32k,0.1742,2
8192,n<=8,sr<=15%,kvB<=1k,kp<=4k,0.1256,2
8192,n<=8,sr<=15%,kvB<=1k,kp<=512,0.0907,2
8192,n<=8,sr<=15%,kvB<=1k,kp<=64k,-0.0842,2
8192,n<=8,sr<=15%,kvB<=1k,kp<=8k,0.1138,2
8192,n<=8,sr<=15%,kvB<=1k,kp=0,0.1023,2
8192,n<=8,sr<=15%,kvB<=4k,kp<=16k,-0.0024,2
8192,n<=8,sr<=15%,kvB<=4k,kp<=1k,0.0001,2
8192,n<=8,sr<=15%,kvB<=4k,kp<=2k,0.0053,2
8192,n<=8,sr<=15%,kvB<=4k,kp<=32k,0.011,2
8192,n<=8,sr<=15%,kvB<=4k,kp<=4k,0.0151,2
8192,n<=8,sr<=15%,kvB<=4k,kp<=512,0.0069,2
8192,n<=8,sr<=15%,kvB<=4k,kp<=64k,0.0993,2
8192,n<=8,sr<=15%,kvB<=4k,kp<=8k,-0.0175,2
8192,n<=8,sr<=15%,kvB<=4k,kp=0,0.0206,2
8192,n<=8,sr<=15%,kvB<=64k,kp<=16k,0.2074,2
8192,n<=8,sr<=15%,kvB<=64k,kp<=1k,0.1901,2
8192,n<=8,sr<=15%,kvB<=64k,kp<=2k,0.1878,2
8192,n<=8,sr<=15%,kvB<=64k,kp<=32k,0.1351,2
8192,n<=8,sr<=15%,kvB<=64k,kp<=4k,0.2152,2
8192,n<=8,sr<=15%,kvB<=64k,kp<=512,0.1859,2
8192,n<=8,sr<=15%,kvB<=64k,kp<=64k,-0.0088,2
8192,n<=8,sr<=15%,kvB<=64k,kp<=8k,0.225,2
8192,n<=8,sr<=15%,kvB<=64k,kp=0,0.1837,2
8192,n<=8,sr<=40%,kvB<=16k,kp<=16k,-0.0198,4
8192,n<=8,sr<=40%,kvB<=16k,kp<=1k,0.2056,4
8192,n<=8,sr<=40%,kvB<=16k,kp<=2k,0.1923,4
8192,n<=8,sr<=40%,kvB<=16k,kp<=32k,-0.0094,4
8192,n<=8,sr<=40%,kvB<=16k,kp<=4k,0.136,4
8192,n<=8,sr<=40%,kvB<=16k,kp<=512,0.2079,4
8192,n<=8,sr<=40%,kvB<=16k,kp<=64k,-0.0202,4
8192,n<=8,sr<=40%,kvB<=16k,kp<=8k,0.0287,4
8192,n<=8,sr<=40%,kvB<=16k,kp=0,0.2157,4
8192,n<=8,sr<=40%,kvB<=1k,kp<=16k,0.1961,4
8192,n<=8,sr<=40%,kvB<=1k,kp<=1k,0.0844,4
8192,n<=8,sr<=40%,kvB<=1k,kp<=2k,0.0699,4
8192,n<=8,sr<=40%,kvB<=1k,kp<=32k,-0.0701,4
8192,n<=8,sr<=40%,kvB<=1k,kp<=4k,0.0714,4
8192,n<=8,sr<=40%,kvB<=1k,kp<=512,0.0729,4
8192,n<=8,sr<=40%,kvB<=1k,kp<=64k,0.1298,4
8192,n<=8,sr<=40%,kvB<=1k,kp<=8k,0.146,4
8192,n<=8,sr<=40%,kvB<=1k,kp=0,0.1471,4
8192,n<=8,sr<=40%,kvB<=4k,kp<=16k,-0.0058,4
8192,n<=8,sr<=40%,kvB<=4k,kp<=1k,0.007,4
8192,n<=8,sr<=40%,kvB<=4k,kp<=2k,-0.0019,4
8192,n<=8,sr<=40%,kvB<=4k,kp<=32k,-0.0149,4
8192,n<=8,sr<=40%,kvB<=4k,kp<=4k,-0.0004,4
8192,n<=8,sr<=40%,kvB<=4k,kp<=512,0.0095,4
8192,n<=8,sr<=40%,kvB<=4k,kp<=64k,0.004,4
8192,n<=8,sr<=40%,kvB<=4k,kp<=8k,-0.0022,4
8192,n<=8,sr<=40%,kvB<=4k,kp=0,0.015,4
8192,n<=8,sr<=40%,kvB<=64k,kp<=16k,0.2102,4
8192,n<=8,sr<=40%,kvB<=64k,kp<=1k,0.1656,4
8192,n<=8,sr<=40%,kvB<=64k,kp<=2k,0.1736,4
8192,n<=8,sr<=40%,kvB<=64k,kp<=32k,0.1747,4
8192,n<=8,sr<=40%,kvB<=64k,kp<=4k,0.204,4
8192,n<=8,sr<=40%,kvB<=64k,kp<=512,0.1694,4
8192,n<=8,sr<=40%,kvB<=64k,kp<=64k,-0.001,4
8192,n<=8,sr<=40%,kvB<=64k,kp<=8k,0.2255,4
8192,n<=8,sr<=40%,kvB<=64k,kp=0,0.1691,4
8192,n<=8,sr<=70%,kvB<=16k,kp<=16k,0.0178,2
8192,n<=8,sr<=70%,kvB<=16k,kp<=1k,0.2144,2
8192,n<=8,sr<=70%,kvB<=16k,kp<=2k,0.2076,2
8192,n<=8,sr<=70%,kvB<=16k,kp<=32k,0.0051,2
8192,n<=8,sr<=70%,kvB<=16k,kp<=4k,0.1933,2
8192,n<=8,sr<=70%,kvB<=16k,kp<=512,0.222,2
8192,n<=8,sr<=70%,kvB<=16k,kp<=64k,-0.0257,2
8192,n<=8,sr<=70%,kvB<=16k,kp<=8k,0.0558,2
8192,n<=8,sr<=70%,kvB<=16k,kp=0,0.2131,2
8192,n<=8,sr<=70%,kvB<=1k,kp<=16k,-0.0387,2
8192,n<=8,sr<=70%,kvB<=1k,kp<=1k,0.1027,2
8192,n<=8,sr<=70%,kvB<=1k,kp<=2k,0.0318,2
8192,n<=8,sr<=70%,kvB<=1k,kp<=32k,-0.1629,2
8192,n<=8,sr<=70%,kvB<=1k,kp<=4k,0.1905,2
8192,n<=8,sr<=70%,kvB<=1k,kp<=512,0.0106,2
8192,n<=8,sr<=70%,kvB<=1k,kp<=64k,0.2987,2
8192,n<=8,sr<=70%,kvB<=1k,kp<=8k,-0.0116,2
8192,n<=8,sr<=70%,kvB<=1k,kp=0,0.1539,2
8192,n<=8,sr<=70%,kvB<=4k,kp<=16k,-0.0324,2
8192,n<=8,sr<=70%,kvB<=4k,kp<=1k,0.0163,2
8192,n<=8,sr<=70%,kvB<=4k,kp<=2k,0.0266,2
8192,n<=8,sr<=70%,kvB<=4k,kp<=32k,0.0282,2
8192,n<=8,sr<=70%,kvB<=4k,kp<=4k,-0.0313,2
8192,n<=8,sr<=70%,kvB<=4k,kp<=512,0.0055,2
8192,n<=8,sr<=70%,kvB<=4k,kp<=64k,-0.0066,2
8192,n<=8,sr<=70%,kvB<=4k,kp<=8k,0.0552,2
8192,n<=8,sr<=70%,kvB<=4k,kp=0,-0.0204,2
8192,n<=8,sr<=70%,kvB<=64k,kp<=16k,0.222,2
8192,n<=8,sr<=70%,kvB<=64k,kp<=1k,0.1305,2
8192,n<=8,sr<=70%,kvB<=64k,kp<=2k,0.1373,2
8192,n<=8,sr<=70%,kvB<=64k,kp<=32k,0.1924,2
8192,n<=8,sr<=70%,kvB<=64k,kp<=4k,0.1889,2
8192,n<=8,sr<=70%,kvB<=64k,kp<=512,0.1346,2
8192,n<=8,sr<=70%,kvB<=64k,kp<=64k,0.0266,2
8192,n<=8,sr<=70%,kvB<=64k,kp<=8k,0.2169,2
8192,n<=8,sr<=70%,kvB<=64k,kp=0,0.1351,2
8192,n<=8,sr>70%,kvB<=16k,kp<=16k,-0.0352,4
8192,n<=8,sr>70%,kvB<=16k,kp<=1k,0.2108,4
8192,n<=8,sr>70%,kvB<=16k,kp<=2k,0.2247,4
8192,n<=8,sr>70%,kvB<=16k,kp<=32k,0.0292,4
8192,n<=8,sr>70%,kvB<=16k,kp<=4k,0.1975,4
8192,n<=8,sr>70%,kvB<=16k,kp<=512,0.232,4
8192,n<=8,sr>70%,kvB<=16k,kp<=64k,0.0284,4
8192,n<=8,sr>70%,kvB<=16k,kp<=8k,0.145,4
8192,n<=8,sr>70%,kvB<=16k,kp=0,0.2284,4
8192,n<=8,sr>70%,kvB<=1k,kp<=16k,0.2469,4
8192,n<=8,sr>70%,kvB<=1k,kp<=1k,0.3168,4
8192,n<=8,sr>70%,kvB<=1k,kp<=2k,0.2315,4
8192,n<=8,sr>70%,kvB<=1k,kp<=32k,0.4665,4
8192,n<=8,sr>70%,kvB<=1k,kp<=4k,0.4444,4
8192,n<=8,sr>70%,kvB<=1k,kp<=512,0.278,4
8192,n<=8,sr>70%,kvB<=1k,kp<=64k,-0.5081,4
8192,n<=8,sr>70%,kvB<=1k,kp<=8k,0.1754,4
8192,n<=8,sr>70%,kvB<=1k,kp=0,0.3506,4
8192,n<=8,sr>70%,kvB<=4k,kp<=16k,0.0015,4
8192,n<=8,sr>70%,kvB<=4k,kp<=1k,-0.0344,4
8192,n<=8,sr>70%,kvB<=4k,kp<=2k,0.0903,4
8192,n<=8,sr>70%,kvB<=4k,kp<=32k,-0.0678,4
8192,n<=8,sr>70%,kvB<=4k,kp<=4k,-0.017,4
8192,n<=8,sr>70%,kvB<=4k,kp<=512,0.044,4
8192,n<=8,sr>70%,kvB<=4k,kp<=64k,-0.0127,4
8192,n<=8,sr>70%,kvB<=4k,kp<=8k,-0.054,4
8192,n<=8,sr>70%,kvB<=4k,kp=0,-0.0205,4
8192,n<=8,sr>70%,kvB<=64k,kp<=16k,0.2186,4
8192,n<=8,sr>70%,kvB<=64k,kp<=1k,-0.0048,4
8192,n<=8,sr>70%,kvB<=64k,kp<=2k,0.086,4
8192,n<=8,sr>70%,kvB<=64k,kp<=32k,0.1815,4
8192,n<=8,sr>70%,kvB<=64k,kp<=4k,0.1734,4
8192,n<=8,sr>70%,kvB<=64k,kp<=512,-0.0676,4
8192,n<=8,sr>70%,kvB<=64k,kp<=64k,-0.1671,4
8192,n<=8,sr>70%,kvB<=64k,kp<=8k,0.2164,4
8192,n<=8,sr>70%,kvB<=64k,kp=0,-0.1146,4
16384,n<=128,sr<=15%,kvB<=16k,kp<=16k,-0.0006,4
16384,n<=128,sr<=15%,kvB<=16k,kp<=1k,0.0016,4
16384,n<=128,sr<=15%,kvB<=16k,kp<=2k,0.0016,4
16384,n<=128,sr<=15%,kvB<=16k,kp<=32k,0.0004,4
16384,n<=128,sr<=15%,kvB<=16k,kp<=4k,0.0015,4
16384,n<=128,sr<=15%,kvB<=16k,kp<=512,-0.0056,4
16384,n<=128,sr<=15%,kvB<=16k,kp<=64k,0.0012,4
16384,n<=128,sr<=15%,kvB<=16k,kp<=8k,0.0002,4
16384,n<=128,sr<=15%,kvB<=16k,kp=0,0.0022,4
16384,n<=128,sr<=15%,kvB<=1k,kp<=16k,0.0864,4
16384,n<=128,sr<=15%,kvB<=1k,kp<=1k,0.091,4
16384,n<=128,sr<=15%,kvB<=1k,kp<=2k,0.0901,4
16384,n<=128,sr<=15%,kvB<=1k,kp<=32k,0.0806,4
16384,n<=128,sr<=15%,kvB<=1k,kp<=4k,0.0876,4
16384,n<=128,sr<=15%,kvB<=1k,kp<=512,0.0996,4
16384,n<=128,sr<=15%,kvB<=1k,kp<=64k,0.0796,4
16384,n<=128,sr<=15%,kvB<=1k,kp<=8k,0.2022,4
16384,n<=128,sr<=15%,kvB<=1k,kp=0,0.0967,4
16384,n<=128,sr<=15%,kvB<=4k,kp<=16k,0.0213,4
16384,n<=128,sr<=15%,kvB<=4k,kp<=1k,0.0188,4
16384,n<=128,sr<=15%,kvB<=4k,kp<=2k,0.0402,4
16384,n<=128,sr<=15%,kvB<=4k,kp<=32k,0.0184,4
16384,n<=128,sr<=15%,kvB<=4k,kp<=4k,0.0199,4
16384,n<=128,sr<=15%,kvB<=4k,kp<=512,0.0395,4
16384,n<=128,sr<=15%,kvB<=4k,kp<=64k,0.0153,4
16384,n<=128,sr<=15%,kvB<=4k,kp<=8k,0.0167,4
16384,n<=128,sr<=15%,kvB<=4k,kp=0,0.0183,4
16384,n<=128,sr<=15%,kvB<=64k,kp<=16k,0.0069,4
16384,n<=128,sr<=15%,kvB<=64k,kp<=1k,0.0099,4
16384,n<=128,sr<=15%,kvB<=64k,kp<=2k,0.0128,4
16384,n<=128,sr<=15%,kvB<=64k,kp<=32k,-0.0089,4
16384,n<=128,sr<=15%,kvB<=64k,kp<=4k,0.0169,4
16384,n<=128,sr<=15%,kvB<=64k,kp<=512,0.0083,4
16384,n<=128,sr<=15%,kvB<=64k,kp<=64k,-0.0278,4
16384,n<=128,sr<=15%,kvB<=64k,kp<=8k,0.0092,4
16384,n<=128,sr<=15%,kvB<=64k,kp=0,0.0072,4
16384,n<=128,sr<=40%,kvB<=16k,kp<=16k,0.0064,2
16384,n<=128,sr<=40%,kvB<=16k,kp<=1k,0.0142,2
16384,n<=128,sr<=40%,kvB<=16k,kp<=2k,0.0135,2
16384,n<=128,sr<=40%,kvB<=16k,kp<=32k,-0.0001,2
16384,n<=128,sr<=40%,kvB<=16k,kp<=4k,0.015,2
16384,n<=128,sr<=40%,kvB<=16k,kp<=512,0.0131,2
16384,n<=128,sr<=40%,kvB<=16k,kp<=64k,0.003,2
16384,n<=128,sr<=40%,kvB<=16k,kp<=8k,0.0068,2
16384,n<=128,sr<=40%,kvB<=16k,kp=0,0.0087,2
16384,n<=128,sr<=40%,kvB<=1k,kp<=16k,0.1565,2
16384,n<=128,sr<=40%,kvB<=1k,kp<=1k,0.1076,2
16384,n<=128,sr<=40%,kvB<=1k,kp<=2k,0.1408,2
16384,n<=128,sr<=40%,kvB<=1k,kp<=32k,0.1425,2
16384,n<=128,sr<=40%,kvB<=1k,kp<=4k,0.1482,2
16384,n<=128,sr<=40%,kvB<=1k,kp<=512,0.1483,2
16384,n<=128,sr<=40%,kvB<=1k,kp<=64k,0.1394,2
16384,n<=128,sr<=40%,kvB<=1k,kp<=8k,0.1338,2
16384,n<=128,sr<=40%,kvB<=1k,kp=0,0.1541,2
16384,n<=128,sr<=40%,kvB<=4k,kp<=16k,0.0074,2
16384,n<=128,sr<=40%,kvB<=4k,kp<=1k,0.0085,2
16384,n<=128,sr<=40%,kvB<=4k,kp<=2k,-0.1166,2
16384,n<=128,sr<=40%,kvB<=4k,kp<=32k,0.0138,2
16384,n<=128,sr<=40%,kvB<=4k,kp<=4k,0.0048,2
16384,n<=128,sr<=40%,kvB<=4k,kp<=512,0.0017,2
16384,n<=128,sr<=40%,kvB<=4k,kp<=64k,0.0113,2
16384,n<=128,sr<=40%,kvB<=4k,kp<=8k,0.01,2
16384,n<=128,sr<=40%,kvB<=4k,kp=0,0.0101,2
16384,n<=128,sr<=40%,kvB<=64k,kp<=16k,0.0017,2
16384,n<=128,sr<=40%,kvB<=64k,kp<=1k,0.0084,2
16384,n<=128,sr<=40%,kvB<=64k,kp<=2k,0.0143,2
16384,n<=128,sr<=40%,kvB<=64k,kp<=32k,-0.1054,2
16384,n<=128,sr<=40%,kvB<=64k,kp<=4k,0.0241,2
16384,n<=128,sr<=40%,kvB<=64k,kp<=512,0.0091,2
16384,n<=128,sr<=40%,kvB<=64k,kp<=64k,-0.0963,2
16384,n<=128,sr<=40%,kvB<=64k,kp<=8k,0.0547,2
16384,n<=128,sr<=40%,kvB<=64k,kp=0,0.01,2
16384,n<=128,sr<=5%,kvB<=16k,kp<=16k,0.0037,8
16384,n<=128,sr<=5%,kvB<=16k,kp<=1k,0.0024,8
16384,n<=128,sr<=5%,kvB<=16k,kp<=2k,0.0027,8
16384,n<=128,sr<=5%,kvB<=16k,kp<=32k,0.003,8
16384,n<=128,sr<=5%,kvB<=16k,kp<=4k,0.0029,8
16384,n<=128,sr<=5%,kvB<=16k,kp<=512,0.0028,8
16384,n<=128,sr<=5%,kvB<=16k,kp<=64k,0.0044,8
16384,n<=128,sr<=5%,kvB<=16k,kp<=8k,0.0022,8
16384,n<=128,sr<=5%,kvB<=16k,kp=0,0.0024,8
16384,n<=128,sr<=5%,kvB<=1k,kp<=16k,0.0638,8
16384,n<=128,sr<=5%,kvB<=1k,kp<=1k,0.0225,8
16384,n<=128,sr<=5%,kvB<=1k,kp<=2k,0.0204,8
16384,n<=128,sr<=5%,kvB<=1k,kp<=32k,0.0027,8
16384,n<=128,sr<=5%,kvB<=1k,kp<=4k,0.0212,8
16384,n<=128,sr<=5%,kvB<=1k,kp<=512,-0.04,8
16384,n<=128,sr<=5%,kvB<=1k,kp<=64k,0.0142,8
16384,n<=128,sr<=5%,kvB<=1k,kp<=8k,0.017,8
16384,n<=128,sr<=5%,kvB<=1k,kp=0,0.019,8
16384,n<=128,sr<=5%,kvB<=4k,kp<=16k,0.0166,8
16384,n<=128,sr<=5%,kvB<=4k,kp<=1k,0.015,8
16384,n<=128,sr<=5%,kvB<=4k,kp<=2k,0.0072,8
16384,n<=128,sr<=5%,kvB<=4k,kp<=32k,0.0135,8
16384,n<=128,sr<=5%,kvB<=4k,kp<=4k,0.0157,8
16384,n<=128,sr<=5%,kvB<=4k,kp<=512,0.0155,8
16384,n<=128,sr<=5%,kvB<=4k,kp<=64k,0.0155,8
16384,n<=128,sr<=5%,kvB<=4k,kp<=8k,0.014,8
16384,n<=128,sr<=5%,kvB<=4k,kp=0,0.0157,8
16384,n<=128,sr<=5%,kvB<=64k,kp<=16k,0.0087,8
16384,n<=128,sr<=5%,kvB<=64k,kp<=1k,0.0086,8
16384,n<=128,sr<=5%,kvB<=64k,kp<=2k,0.0086,8
16384,n<=128,sr<=5%,kvB<=64k,kp<=32k,-0.0003,8
16384,n<=128,sr<=5%,kvB<=64k,kp<=4k,0.0062,8
16384,n<=128,sr<=5%,kvB<=64k,kp<=512,0.0074,8
16384,n<=128,sr<=5%,kvB<=64k,kp<=64k,-0.0016,8
16384,n<=128,sr<=5%,kvB<=64k,kp<=8k,0.0107,8
16384,n<=128,sr<=5%,kvB<=64k,kp=0,0.0059,8
16384,n<=128,sr<=70%,kvB<=16k,kp<=16k,0.0835,2
16384,n<=128,sr<=70%,kvB<=16k,kp<=1k,-0.019,2
16384,n<=128,sr<=70%,kvB<=16k,kp<=2k,0.0018,2
16384,n<=128,sr<=70%,kvB<=16k,kp<=32k,0.0241,2
16384,n<=128,sr<=70%,kvB<=16k,kp<=4k,0.0383,2
16384,n<=128,sr<=70%,kvB<=16k,kp<=512,-0.0318,2
16384,n<=128,sr<=70%,kvB<=16k,kp<=64k,0.0037,2
16384,n<=128,sr<=70%,kvB<=16k,kp<=8k,0.0728,2
16384,n<=128,sr<=70%,kvB<=16k,kp=0,-0.0426,2
16384,n<=128,sr<=70%,kvB<=1k,kp<=16k,0.1042,2
16384,n<=128,sr<=70%,kvB<=1k,kp<=1k,0.1399,2
16384,n<=128,sr<=70%,kvB<=1k,kp<=2k,0.1381,2
16384,n<=128,sr<=70%,kvB<=1k,kp<=32k,0.1218,2
16384,n<=128,sr<=70%,kvB<=1k,kp<=4k,0.1073,2
16384,n<=128,sr<=70%,kvB<=1k,kp<=512,0.1511,2
16384,n<=128,sr<=70%,kvB<=1k,kp<=64k,0.0931,2
16384,n<=128,sr<=70%,kvB<=1k,kp<=8k,0.3084,2
16384,n<=128,sr<=70%,kvB<=1k,kp=0,0.1514,2
16384,n<=128,sr<=70%,kvB<=4k,kp<=16k,0.0122,2
16384,n<=128,sr<=70%,kvB<=4k,kp<=1k,-0.003,2
16384,n<=128,sr<=70%,kvB<=4k,kp<=2k,-0.0091,2
16384,n<=128,sr<=70%,kvB<=4k,kp<=32k,-0.0009,2
16384,n<=128,sr<=70%,kvB<=4k,kp<=4k,0.0181,2
16384,n<=128,sr<=70%,kvB<=4k,kp<=512,-0.0047,2
16384,n<=128,sr<=70%,kvB<=4k,kp<=64k,0.01,2
16384,n<=128,sr<=70%,kvB<=4k,kp<=8k,0.0087,2
16384,n<=128,sr<=70%,kvB<=4k,kp=0,0.0018,2
16384,n<=128,sr<=70%,kvB<=64k,kp<=16k,-0.1146,2
16384,n<=128,sr<=70%,kvB<=64k,kp<=1k,0.0056,2
16384,n<=128,sr<=70%,kvB<=64k,kp<=2k,0.0077,2
16384,n<=128,sr<=70%,kvB<=64k,kp<=32k,-0.3064,2
16384,n<=128,sr<=70%,kvB<=64k,kp<=4k,0.0038,2
16384,n<=128,sr<=70%,kvB<=64k,kp<=512,0.004,2
16384,n<=128,sr<=70%,kvB<=64k,kp<=64k,-0.0789,2
16384,n<=128,sr<=70%,kvB<=64k,kp<=8k,-0.0345,2
16384,n<=128,sr<=70%,kvB<=64k,kp=0,0.0035,2
16384,n<=128,sr>70%,kvB<=16k,kp<=16k,0.1515,4
16384,n<=128,sr>70%,kvB<=16k,kp<=1k,-0.0756,4
16384,n<=128,sr>70%,kvB<=16k,kp<=2k,-0.0623,4
16384,n<=128,sr>70%,kvB<=16k,kp<=32k,0.2836,4
16384,n<=128,sr>70%,kvB<=16k,kp<=4k,0.0455,4
16384,n<=128,sr>70%,kvB<=16k,kp<=512,-0.0788,4
16384,n<=128,sr>70%,kvB<=16k,kp<=64k,-0.0041,4
16384,n<=128,sr>70%,kvB<=16k,kp<=8k,-0.0631,4
16384,n<=128,sr>70%,kvB<=16k,kp=0,-0.0857,4
16384,n<=128,sr>70%,kvB<=1k,kp<=16k,0.3352,4
16384,n<=128,sr>70%,kvB<=1k,kp<=1k,0.3414,4
16384,n<=128,sr>70%,kvB<=1k,kp<=2k,0.3613,4
16384,n<=128,sr>70%,kvB<=1k,kp<=32k,0.5208,3
16384,n<=128,sr>70%,kvB<=1k,kp<=4k,0.3289,4
16384,n<=128,sr>70%,kvB<=1k,kp<=512,0.3487,4
16384,n<=128,sr>70%,kvB<=1k,kp<=64k,0.3568,4
16384,n<=128,sr>70%,kvB<=1k,kp<=8k,0.3768,3
16384,n<=128,sr>70%,kvB<=1k,kp=0,0.3665,4
16384,n<=128,sr>70%,kvB<=4k,kp<=16k,0.0126,4
16384,n<=128,sr>70%,kvB<=4k,kp<=1k,0.0541,4
16384,n<=128,sr>70%,kvB<=4k,kp<=2k,0.0004,4
16384,n<=128,sr>70%,kvB<=4k,kp<=32k,0.0166,4
16384,n<=128,sr>70%,kvB<=4k,kp<=4k,0.0362,4
16384,n<=128,sr>70%,kvB<=4k,kp<=512,0.0517,3
16384,n<=128,sr>70%,kvB<=4k,kp<=64k,0.0482,4
16384,n<=128,sr>70%,kvB<=4k,kp<=8k,0.0329,4
16384,n<=128,sr>70%,kvB<=4k,kp=0,0.0709,4
16384,n<=128,sr>70%,kvB<=64k,kp<=16k,-0.1435,4
16384,n<=128,sr>70%,kvB<=64k,kp<=1k,0.0046,4
16384,n<=128,sr>70%,kvB<=64k,kp<=2k,0.0039,4
16384,n<=128,sr>70%,kvB<=64k,kp<=32k,-0.1966,4
16384,n<=128,sr>70%,kvB<=64k,kp<=4k,0.0009,4
16384,n<=128,sr>70%,kvB<=64k,kp<=512,0.0038,4
16384,n<=128,sr>70%,kvB<=64k,kp<=64k,-0.328,4
16384,n<=128,sr>70%,kvB<=64k,kp<=8k,-0.103,4
16384,n<=128,sr>70%,kvB<=64k,kp=0,0.0043,4
16384,n<=16,sr<=15%,kvB<=16k,kp<=16k,-0.0043,4
16384,n<=16,sr<=15%,kvB<=16k,kp<=1k,-0.0012,4
16384,n<=16,sr<=15%,kvB<=16k,kp<=2k,-0.0001,4
16384,n<=16,sr<=15%,kvB<=16k,kp<=32k,-0.0038,4
16384,n<=16,sr<=15%,kvB<=16k,kp<=4k,-0.0091,4
16384,n<=16,sr<=15%,kvB<=16k,kp<=512,0.0011,4
16384,n<=16,sr<=15%,kvB<=16k,kp<=64k,0.011,4
16384,n<=16,sr<=15%,kvB<=16k,kp<=8k,-0.002,4
16384,n<=16,sr<=15%,kvB<=16k,kp=0,0.0092,4
16384,n<=16,sr<=15%,kvB<=1k,kp<=16k,0.1046,4
16384,n<=16,sr<=15%,kvB<=1k,kp<=1k,0.1295,4
16384,n<=16,sr<=15%,kvB<=1k,kp<=2k,0.1712,4
16384,n<=16,sr<=15%,kvB<=1k,kp<=32k,0.0392,4
16384,n<=16,sr<=15%,kvB<=1k,kp<=4k,0.1068,4
16384,n<=16,sr<=15%,kvB<=1k,kp<=512,0.0474,4
16384,n<=16,sr<=15%,kvB<=1k,kp<=64k,0.2014,4
16384,n<=16,sr<=15%,kvB<=1k,kp<=8k,0.0021,4
16384,n<=16,sr<=15%,kvB<=1k,kp=0,0.1552,4
16384,n<=16,sr<=15%,kvB<=4k,kp<=16k,0.004,4
16384,n<=16,sr<=15%,kvB<=4k,kp<=1k,0.0321,4
16384,n<=16,sr<=15%,kvB<=4k,kp<=2k,0.0132,4
16384,n<=16,sr<=15%,kvB<=4k,kp<=32k,0.0462,4
16384,n<=16,sr<=15%,kvB<=4k,kp<=4k,0.015,4
16384,n<=16,sr<=15%,kvB<=4k,kp<=512,0.0128,4
16384,n<=16,sr<=15%,kvB<=4k,kp<=64k,0.0788,4
16384,n<=16,sr<=15%,kvB<=4k,kp<=8k,0.0151,4
16384,n<=16,sr<=15%,kvB<=4k,kp=0,0.0158,4
16384,n<=16,sr<=15%,kvB<=64k,kp<=16k,0.1002,4
16384,n<=16,sr<=15%,kvB<=64k,kp<=1k,0.1191,4
16384,n<=16,sr<=15%,kvB<=64k,kp<=2k,0.1189,4
16384,n<=16,sr<=15%,kvB<=64k,kp<=32k,0.0659,4
16384,n<=16,sr<=15%,kvB<=64k,kp<=4k,0.1192,4
16384,n<=16,sr<=15%,kvB<=64k,kp<=512,0.1152,4
16384,n<=16,sr<=15%,kvB<=64k,kp<=64k,-0.0001,4
16384,n<=16,sr<=15%,kvB<=64k,kp<=8k,0.1134,4
16384,n<=16,sr<=15%,kvB<=64k,kp=0,0.1114,4
16384,n<=16,sr<=40%,kvB<=16k,kp<=16k,0.0038,4
16384,n<=16,sr<=40%,kvB<=16k,kp<=1k,0.0152,4
16384,n<=16,sr<=40%,kvB<=16k,kp<=2k,0.0014,4
16384,n<=16,sr<=40%,kvB<=16k,kp<=32k,0.0006,4
16384,n<=16,sr<=40%,kvB<=16k,kp<=4k,-0.0048,4
16384,n<=16,sr<=40%,kvB<=16k,kp<=512,0.0186,4
16384,n<=16,sr<=40%,kvB<=16k,kp<=64k,0.0007,4
16384,n<=16,sr<=40%,kvB<=16k,kp<=8k,-0.0058,4
16384,n<=16,sr<=40%,kvB<=16k,kp=0,0.0258,4
16384,n<=16,sr<=40%,kvB<=1k,kp<=16k,0.191,4
16384,n<=16,sr<=40%,kvB<=1k,kp<=1k,0.0074,4
16384,n<=16,sr<=40%,kvB<=1k,kp<=2k,0.1123,4
16384,n<=16,sr<=40%,kvB<=1k,kp<=32k,0.1532,4
16384,n<=16,sr<=40%,kvB<=1k,kp<=4k,0.1413,4
16384,n<=16,sr<=40%,kvB<=1k,kp<=512,0.1094,4
16384,n<=16,sr<=40%,kvB<=1k,kp<=64k,0.0683,4
16384,n<=16,sr<=40%,kvB<=1k,kp<=8k,0.1737,4
16384,n<=16,sr<=40%,kvB<=1k,kp=0,0.085,4
16384,n<=16,sr<=40%,kvB<=4k,kp<=16k,0.0163,4
16384,n<=16,sr<=40%,kvB<=4k,kp<=1k,0.0138,4
16384,n<=16,sr<=40%,kvB<=4k,kp<=2k,0.0301,4
16384,n<=16,sr<=40%,kvB<=4k,kp<=32k,-0.0057,4
16384,n<=16,sr<=40%,kvB<=4k,kp<=4k,-0.0026,4
16384,n<=16,sr<=40%,kvB<=4k,kp<=512,0.0209,4
16384,n<=16,sr<=40%,kvB<=4k,kp<=64k,0.0097,4
16384,n<=16,sr<=40%,kvB<=4k,kp<=8k,0.0192,4
16384,n<=16,sr<=40%,kvB<=4k,kp=0,0.0095,4
16384,n<=16,sr<=40%,kvB<=64k,kp<=16k,0.1144,4
16384,n<=16,sr<=40%,kvB<=64k,kp<=1k,0.1159,4
16384,n<=16,sr<=40%,kvB<=64k,kp<=2k,0.1197,4
16384,n<=16,sr<=40%,kvB<=64k,kp<=32k,0.0836,4
16384,n<=16,sr<=40%,kvB<=64k,kp<=4k,0.1207,4
16384,n<=16,sr<=40%,kvB<=64k,kp<=512,0.114,4
16384,n<=16,sr<=40%,kvB<=64k,kp<=64k,-0.0055,4
16384,n<=16,sr<=40%,kvB<=64k,kp<=8k,0.1143,4
16384,n<=16,sr<=40%,kvB<=64k,kp=0,0.1085,4
16384,n<=16,sr<=70%,kvB<=16k,kp<=16k,-0.0045,2
16384,n<=16,sr<=70%,kvB<=16k,kp<=1k,0.0342,2
16384,n<=16,sr<=70%,kvB<=16k,kp<=2k,0.0275,2
16384,n<=16,sr<=70%,kvB<=16k,kp<=32k,0.0175,2
16384,n<=16,sr<=70%,kvB<=16k,kp<=4k,-0.0012,2
16384,n<=16,sr<=70%,kvB<=16k,kp<=512,0.0423,2
16384,n<=16,sr<=70%,kvB<=16k,kp<=64k,-0.0307,2
16384,n<=16,sr<=70%,kvB<=16k,kp<=8k,0.0039,2
16384,n<=16,sr<=70%,kvB<=16k,kp=0,0.0453,2
16384,n<=16,sr<=70%,kvB<=1k,kp<=16k,0.1259,2
16384,n<=16,sr<=70%,kvB<=1k,kp<=1k,0.042,2
16384,n<=16,sr<=70%,kvB<=1k,kp<=2k,0.0949,2
16384,n<=16,sr<=70%,kvB<=1k,kp<=32k,0.3621,2
16384,n<=16,sr<=70%,kvB<=1k,kp<=4k,0.1426,2
16384,n<=16,sr<=70%,kvB<=1k,kp<=512,-0.0058,2
16384,n<=16,sr<=70%,kvB<=1k,kp<=64k,-0.0323,2
16384,n<=16,sr<=70%,kvB<=1k,kp<=8k,-0.109,2
16384,n<=16,sr<=70%,kvB<=1k,kp=0,0.0614,2
16384,n<=16,sr<=70%,kvB<=4k,kp<=16k,0.0276,2
16384,n<=16,sr<=70%,kvB<=4k,kp<=1k,-0.0119,2
16384,n<=16,sr<=70%,kvB<=4k,kp<=2k,-0.0288,2
16384,n<=16,sr<=70%,kvB<=4k,kp<=32k,0.0133,2
16384,n<=16,sr<=70%,kvB<=4k,kp<=4k,-0.0499,2
16384,n<=16,sr<=70%,kvB<=4k,kp<=512,-0.0294,2
16384,n<=16,sr<=70%,kvB<=4k,kp<=64k,-0.0627,2
16384,n<=16,sr<=70%,kvB<=4k,kp<=8k,-0.0289,2
16384,n<=16,sr<=70%,kvB<=4k,kp=0,0.0048,2
16384,n<=16,sr<=70%,kvB<=64k,kp<=16k,0.1154,2
16384,n<=16,sr<=70%,kvB<=64k,kp<=1k,0.1152,2
16384,n<=16,sr<=70%,kvB<=64k,kp<=2k,0.1174,2
16384,n<=16,sr<=70%,kvB<=64k,kp<=32k,0.1142,2
16384,n<=16,sr<=70%,kvB<=64k,kp<=4k,0.1206,2
16384,n<=16,sr<=70%,kvB<=64k,kp<=512,0.1097,2
16384,n<=16,sr<=70%,kvB<=64k,kp<=64k,0.0115,2
16384,n<=16,sr<=70%,kvB<=64k,kp<=8k,0.1306,2
16384,n<=16,sr<=70%,kvB<=64k,kp=0,0.0979,2
16384,n<=16,sr>70%,kvB<=16k,kp<=16k,-0.0222,4
16384,n<=16,sr>70%,kvB<=16k,kp<=1k,0.0782,4
16384,n<=16,sr>70%,kvB<=16k,kp<=2k,0.0357,4
16384,n<=16,sr>70%,kvB<=16k,kp<=32k,0.0274,4
16384,n<=16,sr>70%,kvB<=16k,kp<=4k,0.0395,4
16384,n<=16,sr>70%,kvB<=16k,kp<=512,0.0727,4
16384,n<=16,sr>70%,kvB<=16k,kp<=64k,-0.0192,4
16384,n<=16,sr>70%,kvB<=16k,kp<=8k,-0.0102,4
16384,n<=16,sr>70%,kvB<=16k,kp=0,0.0772,4
16384,n<=16,sr>70%,kvB<=1k,kp<=16k,0.5229,4
16384,n<=16,sr>70%,kvB<=1k,kp<=1k,0.3113,4
16384,n<=16,sr>70%,kvB<=1k,kp<=2k,0.4543,4
16384,n<=16,sr>70%,kvB<=1k,kp<=32k,0.5149,4
16384,n<=16,sr>70%,kvB<=1k,kp<=4k,0.3532,4
16384,n<=16,sr>70%,kvB<=1k,kp<=512,0.3817,4
16384,n<=16,sr>70%,kvB<=1k,kp<=64k,0.0577,2
16384,n<=16,sr>70%,kvB<=1k,kp<=8k,0.4053,4
16384,n<=16,sr>70%,kvB<=1k,kp=0,0.2153,4
16384,n<=16,sr>70%,kvB<=4k,kp<=16k,-0.0144,4
16384,n<=16,sr>70%,kvB<=4k,kp<=1k,0.0422,4
16384,n<=16,sr>70%,kvB<=4k,kp<=2k,0.0384,4
16384,n<=16,sr>70%,kvB<=4k,kp<=32k,0.0952,4
16384,n<=16,sr>70%,kvB<=4k,kp<=4k,0.0338,4
16384,n<=16,sr>70%,kvB<=4k,kp<=512,0.0164,4
16384,n<=16,sr>70%,kvB<=4k,kp<=64k,-0.2965,4
16384,n<=16,sr>70%,kvB<=4k,kp<=8k,0.0092,4
16384,n<=16,sr>70%,kvB<=4k,kp=0,0.0368,4
16384,n<=16,sr>70%,kvB<=64k,kp<=16k,0.1183,4
16384,n<=16,sr>70%,kvB<=64k,kp<=1k,0.0969,4
16384,n<=16,sr>70%,kvB<=64k,kp<=2k,0.0897,4
16384,n<=16,sr>70%,kvB<=64k,kp<=32k,0.1238,4
16384,n<=16,sr>70%,kvB<=64k,kp<=4k,0.1242,4
16384,n<=16,sr>70%,kvB<=64k,kp<=512,0.0995,4
16384,n<=16,sr>70%,kvB<=64k,kp<=64k,-0.0015,4
16384,n<=16,sr>70%,kvB<=64k,kp<=8k,0.1235,4
16384,n<=16,sr>70%,kvB<=64k,kp=0,0.1016,4
16384,n<=2,sr<=70%,kvB<=16k,kp<=16k,0.0322,2
16384,n<=2,sr<=70%,kvB<=16k,kp<=1k,-0.0049,2
16384,n<=2,sr<=70%,kvB<=16k,kp<=2k,0.0052,2
16384,n<=2,sr<=70%,kvB<=16k,kp<=32k,0.0759,2
16384,n<=2,sr<=70%,kvB<=16k,kp<=4k,-0.0191,2
16384,n<=2,sr<=70%,kvB<=16k,kp<=512,-0.0113,2
16384,n<=2,sr<=70%,kvB<=16k,kp<=64k,-0.0511,2
16384,n<=2,sr<=70%,kvB<=16k,kp<=8k,-0.1182,2
16384,n<=2,sr<=70%,kvB<=16k,kp=0,0.1021,2
16384,n<=2,sr<=70%,kvB<=1k,kp<=16k,-0.3179,2
16384,n<=2,sr<=70%,kvB<=1k,kp<=1k,0.611,2
16384,n<=2,sr<=70%,kvB<=1k,kp<=2k,-0.2136,2
16384,n<=2,sr<=70%,kvB<=1k,kp<=32k,5.4118,1
16384,n<=2,sr<=70%,kvB<=1k,kp<=4k,0.3825,2
16384,n<=2,sr<=70%,kvB<=1k,kp<=512,0.3091,2
16384,n<=2,sr<=70%,kvB<=1k,kp<=64k,0.6441,2
16384,n<=2,sr<=70%,kvB<=1k,kp<=8k,0.5464,2
16384,n<=2,sr<=70%,kvB<=1k,kp=0,0.2444,2
16384,n<=2,sr<=70%,kvB<=4k,kp<=16k,0.1846,2
16384,n<=2,sr<=70%,kvB<=4k,kp<=1k,0.2083,2
16384,n<=2,sr<=70%,kvB<=4k,kp<=2k,0.0366,2
16384,n<=2,sr<=70%,kvB<=4k,kp<=32k,0.8536,1
16384,n<=2,sr<=70%,kvB<=4k,kp<=4k,-0.5115,2
16384,n<=2,sr<=70%,kvB<=4k,kp<=512,-0.1126,2
16384,n<=2,sr<=70%,kvB<=4k,kp<=64k,0.1937,1
16384,n<=2,sr<=70%,kvB<=4k,kp<=8k,0.1314,1
16384,n<=2,sr<=70%,kvB<=4k,kp=0,0.0594,2
16384,n<=2,sr<=70%,kvB<=64k,kp<=16k,0.5234,2
16384,n<=2,sr<=70%,kvB<=64k,kp<=1k,0.5743,2
16384,n<=2,sr<=70%,kvB<=64k,kp<=2k,0.5767,2
16384,n<=2,sr<=70%,kvB<=64k,kp<=32k,0.4674,2
16384,n<=2,sr<=70%,kvB<=64k,kp<=4k,0.574,2
16384,n<=2,sr<=70%,kvB<=64k,kp<=512,0.5715,2
16384,n<=2,sr<=70%,kvB<=64k,kp<=64k,0.0342,2
16384,n<=2,sr<=70%,kvB<=64k,kp<=8k,0.5655,2
16384,n<=2,sr<=70%,kvB<=64k,kp=0,0.5782,2
16384,n<=32,sr<=15%,kvB<=16k,kp<=16k,-0.0022,6
16384,n<=32,sr<=15%,kvB<=16k,kp<=1k,0.0036,6
16384,n<=32,sr<=15%,kvB<=16k,kp<=2k,0.0001,6
16384,n<=32,sr<=15%,kvB<=16k,kp<=32k,-0.0002,6
16384,n<=32,sr<=15%,kvB<=16k,kp<=4k,-0.0019,6
16384,n<=32,sr<=15%,kvB<=16k,kp<=512,0.0063,6
16384,n<=32,sr<=15%,kvB<=16k,kp<=64k,0.0012,6
16384,n<=32,sr<=15%,kvB<=16k,kp<=8k,-0.0001,6
16384,n<=32,sr<=15%,kvB<=16k,kp=0,0.0096,6
16384,n<=32,sr<=15%,kvB<=1k,kp<=16k,0.1116,6
16384,n<=32,sr<=15%,kvB<=1k,kp<=1k,0.0951,6
16384,n<=32,sr<=15%,kvB<=1k,kp<=2k,0.1077,6
16384,n<=32,sr<=15%,kvB<=1k,kp<=32k,0.1438,6
16384,n<=32,sr<=15%,kvB<=1k,kp<=4k,0.0985,6
16384,n<=32,sr<=15%,kvB<=1k,kp<=512,0.1056,6
16384,n<=32,sr<=15%,kvB<=1k,kp<=64k,0.1116,6
16384,n<=32,sr<=15%,kvB<=1k,kp<=8k,0.0917,6
16384,n<=32,sr<=15%,kvB<=1k,kp=0,0.0806,6
16384,n<=32,sr<=15%,kvB<=4k,kp<=16k,0.0147,6
16384,n<=32,sr<=15%,kvB<=4k,kp<=1k,0.0209,6
16384,n<=32,sr<=15%,kvB<=4k,kp<=2k,0.0226,6
16384,n<=32,sr<=15%,kvB<=4k,kp<=32k,0.0229,6
16384,n<=32,sr<=15%,kvB<=4k,kp<=4k,0.021,6
16384,n<=32,sr<=15%,kvB<=4k,kp<=512,0.0127,6
16384,n<=32,sr<=15%,kvB<=4k,kp<=64k,0.0319,6
16384,n<=32,sr<=15%,kvB<=4k,kp<=8k,0.0268,6
16384,n<=32,sr<=15%,kvB<=4k,kp=0,0.0159,6
16384,n<=32,sr<=15%,kvB<=64k,kp<=16k,0.0536,6
16384,n<=32,sr<=15%,kvB<=64k,kp<=1k,0.0327,6
16384,n<=32,sr<=15%,kvB<=64k,kp<=2k,0.035,6
16384,n<=32,sr<=15%,kvB<=64k,kp<=32k,0.0349,6
16384,n<=32,sr<=15%,kvB<=64k,kp<=4k,0.0409,6
16384,n<=32,sr<=15%,kvB<=64k,kp<=512,0.0311,6
16384,n<=32,sr<=15%,kvB<=64k,kp<=64k,-0.0001,6
16384,n<=32,sr<=15%,kvB<=64k,kp<=8k,0.0552,6
16384,n<=32,sr<=15%,kvB<=64k,kp=0,0.0301,6
16384,n<=32,sr<=40%,kvB<=16k,kp<=16k,-0.0041,2
16384,n<=32,sr<=40%,kvB<=16k,kp<=1k,0.0172,2
16384,n<=32,sr<=40%,kvB<=16k,kp<=2k,0.0124,2
16384,n<=32,sr<=40%,kvB<=16k,kp<=32k,0.0009,2
16384,n<=32,sr<=40%,kvB<=16k,kp<=4k,0.0004,2
16384,n<=32,sr<=40%,kvB<=16k,kp<=512,0.0203,2
16384,n<=32,sr<=40%,kvB<=16k,kp<=64k,0.0078,2
16384,n<=32,sr<=40%,kvB<=16k,kp<=8k,-0.0009,2
16384,n<=32,sr<=40%,kvB<=16k,kp=0,0.0216,2
16384,n<=32,sr<=40%,kvB<=1k,kp<=16k,0.092,2
16384,n<=32,sr<=40%,kvB<=1k,kp<=1k,0.1192,2
16384,n<=32,sr<=40%,kvB<=1k,kp<=2k,0.1436,2
16384,n<=32,sr<=40%,kvB<=1k,kp<=32k,0.1727,2
16384,n<=32,sr<=40%,kvB<=1k,kp<=4k,0.1376,2
16384,n<=32,sr<=40%,kvB<=1k,kp<=512,0.1037,2
16384,n<=32,sr<=40%,kvB<=1k,kp<=64k,0.0775,2
16384,n<=32,sr<=40%,kvB<=1k,kp<=8k,0.152,2
16384,n<=32,sr<=40%,kvB<=1k,kp=0,0.1724,2
16384,n<=32,sr<=40%,kvB<=4k,kp<=16k,0.0064,2
16384,n<=32,sr<=40%,kvB<=4k,kp<=1k,0.0086,2
16384,n<=32,sr<=40%,kvB<=4k,kp<=2k,0.0035,2
16384,n<=32,sr<=40%,kvB<=4k,kp<=32k,-0.0053,2
16384,n<=32,sr<=40%,kvB<=4k,kp<=4k,0.0018,2
16384,n<=32,sr<=40%,kvB<=4k,kp<=512,-0.0106,2
16384,n<=32,sr<=40%,kvB<=4k,kp<=64k,-0.0239,2
16384,n<=32,sr<=40%,kvB<=4k,kp<=8k,0.0376,2
16384,n<=32,sr<=40%,kvB<=4k,kp=0,0.0185,2
16384,n<=32,sr<=40%,kvB<=64k,kp<=16k,0.0586,2
16384,n<=32,sr<=40%,kvB<=64k,kp<=1k,0.0267,2
16384,n<=32,sr<=40%,kvB<=64k,kp<=2k,0.0288,2
16384,n<=32,sr<=40%,kvB<=64k,kp<=32k,0.0402,2
16384,n<=32,sr<=40%,kvB<=64k,kp<=4k,0.0346,2
16384,n<=32,sr<=40%,kvB<=64k,kp<=512,0.0279,2
16384,n<=32,sr<=40%,kvB<=64k,kp<=64k,-0.0069,2
16384,n<=32,sr<=40%,kvB<=64k,kp<=8k,0.0531,2
16384,n<=32,sr<=40%,kvB<=64k,kp=0,0.0332,2
16384,n<=32,sr<=5%,kvB<=16k,kp<=16k,0.0014,2
16384,n<=32,sr<=5%,kvB<=16k,kp<=1k,0.0014,2
16384,n<=32,sr<=5%,kvB<=16k,kp<=2k,0.0011,2
16384,n<=32,sr<=5%,kvB<=16k,kp<=32k,-0.001,2
16384,n<=32,sr<=5%,kvB<=16k,kp<=4k,0.0021,2
16384,n<=32,sr<=5%,kvB<=16k,kp<=512,0.0025,2
16384,n<=32,sr<=5%,kvB<=16k,kp<=64k,-0.0013,2
16384,n<=32,sr<=5%,kvB<=16k,kp<=8k,0.0008,2
16384,n<=32,sr<=5%,kvB<=16k,kp=0,0.0056,2
16384,n<=32,sr<=5%,kvB<=1k,kp<=16k,0.0714,2
16384,n<=32,sr<=5%,kvB<=1k,kp<=1k,-0.0126,2
16384,n<=32,sr<=5%,kvB<=1k,kp<=2k,-0.0181,2
16384,n<=32,sr<=5%,kvB<=1k,kp<=32k,0.1108,2
16384,n<=32,sr<=5%,kvB<=1k,kp<=4k,0.0397,2
16384,n<=32,sr<=5%,kvB<=1k,kp<=512,0.0492,2
16384,n<=32,sr<=5%,kvB<=1k,kp<=64k,-0.136,2
16384,n<=32,sr<=5%,kvB<=1k,kp<=8k,0.0101,2
16384,n<=32,sr<=5%,kvB<=1k,kp=0,0.0351,2
16384,n<=32,sr<=5%,kvB<=4k,kp<=16k,0.0298,2
16384,n<=32,sr<=5%,kvB<=4k,kp<=1k,0.0325,2
16384,n<=32,sr<=5%,kvB<=4k,kp<=2k,0.029,2
16384,n<=32,sr<=5%,kvB<=4k,kp<=32k,0.0253,2
16384,n<=32,sr<=5%,kvB<=4k,kp<=4k,0.0147,2
16384,n<=32,sr<=5%,kvB<=4k,kp<=512,0.0248,2
16384,n<=32,sr<=5%,kvB<=4k,kp<=64k,0.0217,2
16384,n<=32,sr<=5%,kvB<=4k,kp<=8k,0.033,2
16384,n<=32,sr<=5%,kvB<=4k,kp=0,0.0289,2
16384,n<=32,sr<=5%,kvB<=64k,kp<=16k,0.0498,2
16384,n<=32,sr<=5%,kvB<=64k,kp<=1k,0.0348,2
16384,n<=32,sr<=5%,kvB<=64k,kp<=2k,0.0377,2
16384,n<=32,sr<=5%,kvB<=64k,kp<=32k,0.0314,2
16384,n<=32,sr<=5%,kvB<=64k,kp<=4k,0.0436,2
16384,n<=32,sr<=5%,kvB<=64k,kp<=512,0.0338,2
16384,n<=32,sr<=5%,kvB<=64k,kp<=64k,0.001,2
16384,n<=32,sr<=5%,kvB<=64k,kp<=8k,0.0526,2
16384,n<=32,sr<=5%,kvB<=64k,kp=0,0.0325,2
16384,n<=32,sr<=70%,kvB<=16k,kp<=16k,-0.0175,2
16384,n<=32,sr<=70%,kvB<=16k,kp<=1k,0.0345,2
16384,n<=32,sr<=70%,kvB<=16k,kp<=2k,0.0335,2
16384,n<=32,sr<=70%,kvB<=16k,kp<=32k,-0.0087,2
16384,n<=32,sr<=70%,kvB<=16k,kp<=4k,-0.0043,2
16384,n<=32,sr<=70%,kvB<=16k,kp<=512,0.0323,2
16384,n<=32,sr<=70%,kvB<=16k,kp<=64k,-0.0005,2
16384,n<=32,sr<=70%,kvB<=16k,kp<=8k,-0.0172,2
16384,n<=32,sr<=70%,kvB<=16k,kp=0,0.027,2
16384,n<=32,sr<=70%,kvB<=1k,kp<=16k,0.0561,2
16384,n<=32,sr<=70%,kvB<=1k,kp<=1k,0.0842,2
16384,n<=32,sr<=70%,kvB<=1k,kp<=2k,0.0692,2
16384,n<=32,sr<=70%,kvB<=1k,kp<=32k,0.0657,2
16384,n<=32,sr<=70%,kvB<=1k,kp<=4k,0.1499,2
16384,n<=32,sr<=70%,kvB<=1k,kp<=512,0.0983,2
16384,n<=32,sr<=70%,kvB<=1k,kp<=64k,0.1438,2
16384,n<=32,sr<=70%,kvB<=1k,kp<=8k,0.1801,2
16384,n<=32,sr<=70%,kvB<=1k,kp=0,0.0473,2
16384,n<=32,sr<=70%,kvB<=4k,kp<=16k,0.024,2
16384,n<=32,sr<=70%,kvB<=4k,kp<=1k,-0.0104,2
16384,n<=32,sr<=70%,kvB<=4k,kp<=2k,-0.0092,2
16384,n<=32,sr<=70%,kvB<=4k,kp<=32k,-0.0306,2
16384,n<=32,sr<=70%,kvB<=4k,kp<=4k,-0.0139,2
16384,n<=32,sr<=70%,kvB<=4k,kp<=512,-0.0235,2
16384,n<=32,sr<=70%,kvB<=4k,kp<=64k,-0.0029,2
16384,n<=32,sr<=70%,kvB<=4k,kp<=8k,0.0001,2
16384,n<=32,sr<=70%,kvB<=4k,kp=0,-0.0213,2
16384,n<=32,sr<=70%,kvB<=64k,kp<=16k,0.0512,2
16384,n<=32,sr<=70%,kvB<=64k,kp<=1k,-0.0054,2
16384,n<=32,sr<=70%,kvB<=64k,kp<=2k,0.0226,2
16384,n<=32,sr<=70%,kvB<=64k,kp<=32k,0.0434,2
16384,n<=32,sr<=70%,kvB<=64k,kp<=4k,0.0327,2
16384,n<=32,sr<=70%,kvB<=64k,kp<=512,0.0046,2
16384,n<=32,sr<=70%,kvB<=64k,kp<=64k,0.0072,2
16384,n<=32,sr<=70%,kvB<=64k,kp<=8k,0.0436,2
16384,n<=32,sr<=70%,kvB<=64k,kp=0,0.016,2
16384,n<=32,sr>70%,kvB<=16k,kp<=16k,-0.036,4
16384,n<=32,sr>70%,kvB<=16k,kp<=1k,0.0448,4
16384,n<=32,sr>70%,kvB<=16k,kp<=2k,0.053,4
16384,n<=32,sr>70%,kvB<=16k,kp<=32k,-0.0111,4
16384,n<=32,sr>70%,kvB<=16k,kp<=4k,0.0238,4
16384,n<=32,sr>70%,kvB<=16k,kp<=512,0.031,4
16384,n<=32,sr>70%,kvB<=16k,kp<=64k,-0.0151,4
16384,n<=32,sr>70%,kvB<=16k,kp<=8k,0.0028,4
16384,n<=32,sr>70%,kvB<=16k,kp=0,0.0311,4
16384,n<=32,sr>70%,kvB<=1k,kp<=16k,0.462,4
16384,n<=32,sr>70%,kvB<=1k,kp<=1k,0.3404,4
16384,n<=32,sr>70%,kvB<=1k,kp<=2k,0.3249,4
16384,n<=32,sr>70%,kvB<=1k,kp<=32k,0.3613,4
16384,n<=32,sr>70%,kvB<=1k,kp<=4k,0.3983,4
16384,n<=32,sr>70%,kvB<=1k,kp<=512,0.3543,4
16384,n<=32,sr>70%,kvB<=1k,kp<=64k,0.1269,4
16384,n<=32,sr>70%,kvB<=1k,kp<=8k,0.3372,4
16384,n<=32,sr>70%,kvB<=1k,kp=0,0.2803,4
16384,n<=32,sr>70%,kvB<=4k,kp<=16k,0.0427,4
16384,n<=32,sr>70%,kvB<=4k,kp<=1k,0.0628,4
16384,n<=32,sr>70%,kvB<=4k,kp<=2k,0.0784,4
16384,n<=32,sr>70%,kvB<=4k,kp<=32k,0.1136,4
16384,n<=32,sr>70%,kvB<=4k,kp<=4k,0.0418,4
16384,n<=32,sr>70%,kvB<=4k,kp<=512,0.0473,4
16384,n<=32,sr>70%,kvB<=4k,kp<=64k,0.0209,4
16384,n<=32,sr>70%,kvB<=4k,kp<=8k,0.0968,4
16384,n<=32,sr>70%,kvB<=4k,kp=0,0.0827,4
16384,n<=32,sr>70%,kvB<=64k,kp<=16k,0.0303,4
16384,n<=32,sr>70%,kvB<=64k,kp<=1k,0.0119,4
16384,n<=32,sr>70%,kvB<=64k,kp<=2k,0.0181,4
16384,n<=32,sr>70%,kvB<=64k,kp<=32k,0.0767,4
16384,n<=32,sr>70%,kvB<=64k,kp<=4k,-0.0469,4
16384,n<=32,sr>70%,kvB<=64k,kp<=512,0.0107,4
16384,n<=32,sr>70%,kvB<=64k,kp<=64k,0.0198,4
16384,n<=32,sr>70%,kvB<=64k,kp<=8k,0.139,4
16384,n<=32,sr>70%,kvB<=64k,kp=0,0.0153,4
16384,n<=4,sr<=40%,kvB<=16k,kp<=16k,-0.0283,2
16384,n<=4,sr<=40%,kvB<=16k,kp<=1k,-0.0127,2
16384,n<=4,sr<=40%,kvB<=16k,kp<=2k,0.0015,2
16384,n<=4,sr<=40%,kvB<=16k,kp<=32k,0.0449,2
16384,n<=4,sr<=40%,kvB<=16k,kp<=4k,-0.0104,2
16384,n<=4,sr<=40%,kvB<=16k,kp<=512,0.024,2
16384,n<=4,sr<=40%,kvB<=16k,kp<=64k,-0.0361,2
16384,n<=4,sr<=40%,kvB<=16k,kp<=8k,0.0136,2
16384,n<=4,sr<=40%,kvB<=16k,kp=0,0.0223,2
16384,n<=4,sr<=40%,kvB<=1k,kp<=16k,0.362,2
16384,n<=4,sr<=40%,kvB<=1k,kp<=1k,0.2302,2
16384,n<=4,sr<=40%,kvB<=1k,kp<=2k,-0.1668,2
16384,n<=4,sr<=40%,kvB<=1k,kp<=32k,-0.0128,2
16384,n<=4,sr<=40%,kvB<=1k,kp<=4k,0.044,2
16384,n<=4,sr<=40%,kvB<=1k,kp<=512,0.1644,2
16384,n<=4,sr<=40%,kvB<=1k,kp<=64k,0.3664,1
16384,n<=4,sr<=40%,kvB<=1k,kp<=8k,0.0477,2
16384,n<=4,sr<=40%,kvB<=1k,kp=0,0.1546,2
16384,n<=4,sr<=40%,kvB<=4k,kp<=16k,-0.0442,2
16384,n<=4,sr<=40%,kvB<=4k,kp<=1k,-0.0891,2
16384,n<=4,sr<=40%,kvB<=4k,kp<=2k,0.0796,2
16384,n<=4,sr<=40%,kvB<=4k,kp<=32k,0.016,2
16384,n<=4,sr<=40%,kvB<=4k,kp<=4k,0.0261,2
16384,n<=4,sr<=40%,kvB<=4k,kp<=512,0.0299,2
16384,n<=4,sr<=40%,kvB<=4k,kp<=64k,-0.3028,2
16384,n<=4,sr<=40%,kvB<=4k,kp<=8k,-0.0679,2
16384,n<=4,sr<=40%,kvB<=4k,kp=0,0.0096,2
16384,n<=4,sr<=40%,kvB<=64k,kp<=16k,0.3233,2
16384,n<=4,sr<=40%,kvB<=64k,kp<=1k,0.3835,2
16384,n<=4,sr<=40%,kvB<=64k,kp<=2k,0.3788,2
16384,n<=4,sr<=40%,kvB<=64k,kp<=32k,0.199,2
16384,n<=4,sr<=40%,kvB<=64k,kp<=4k,0.372,2
16384,n<=4,sr<=40%,kvB<=64k,kp<=512,0.3818,2
16384,n<=4,sr<=40%,kvB<=64k,kp<=64k,-0.005,2
16384,n<=4,sr<=40%,kvB<=64k,kp<=8k,0.3578,2
16384,n<=4,sr<=40%,kvB<=64k,kp=0,0.3824,2
16384,n<=4,sr<=70%,kvB<=16k,kp<=16k,-0.0789,2
16384,n<=4,sr<=70%,kvB<=16k,kp<=1k,-0.0144,2
16384,n<=4,sr<=70%,kvB<=16k,kp<=2k,-0.005,2
16384,n<=4,sr<=70%,kvB<=16k,kp<=32k,-0.077,2
16384,n<=4,sr<=70%,kvB<=16k,kp<=4k,-0.0039,2
16384,n<=4,sr<=70%,kvB<=16k,kp<=512,0.0717,2
16384,n<=4,sr<=70%,kvB<=16k,kp<=64k,0.1784,2
16384,n<=4,sr<=70%,kvB<=16k,kp<=8k,-0.077,2
16384,n<=4,sr<=70%,kvB<=16k,kp=0,0.0883,2
16384,n<=4,sr<=70%,kvB<=1k,kp<=16k,-0.8608,2
16384,n<=4,sr<=70%,kvB<=1k,kp<=1k,0.4195,2
16384,n<=4,sr<=70%,kvB<=1k,kp<=2k,-0.113,2
16384,n<=4,sr<=70%,kvB<=1k,kp<=32k,-0.1705,1
16384,n<=4,sr<=70%,kvB<=1k,kp<=4k,-0.0586,2
16384,n<=4,sr<=70%,kvB<=1k,kp<=512,-0.1473,2
16384,n<=4,sr<=70%,kvB<=1k,kp<=64k,0.4798,2
16384,n<=4,sr<=70%,kvB<=1k,kp<=8k,0.6228,2
16384,n<=4,sr<=70%,kvB<=1k,kp=0,-0.2549,2
16384,n<=4,sr<=70%,kvB<=4k,kp<=16k,0.1585,2
16384,n<=4,sr<=70%,kvB<=4k,kp<=1k,0.0366,2
16384,n<=4,sr<=70%,kvB<=4k,kp<=2k,0.0323,2
16384,n<=4,sr<=70%,kvB<=4k,kp<=32k,-0.0455,2
16384,n<=4,sr<=70%,kvB<=4k,kp<=4k,-0.1074,2
16384,n<=4,sr<=70%,kvB<=4k,kp<=512,0.0068,2
16384,n<=4,sr<=70%,kvB<=4k,kp<=64k,-0.7067,2
16384,n<=4,sr<=70%,kvB<=4k,kp<=8k,-0.1332,2
16384,n<=4,sr<=70%,kvB<=4k,kp=0,-0.004,2
16384,n<=4,sr<=70%,kvB<=64k,kp<=16k,0.3266,2
16384,n<=4,sr<=70%,kvB<=64k,kp<=1k,0.3795,2
16384,n<=4,sr<=70%,kvB<=64k,kp<=2k,0.3837,2
16384,n<=4,sr<=70%,kvB<=64k,kp<=32k,0.2854,2
16384,n<=4,sr<=70%,kvB<=64k,kp<=4k,0.3744,2
16384,n<=4,sr<=70%,kvB<=64k,kp<=512,0.3783,2
16384,n<=4,sr<=70%,kvB<=64k,kp<=64k,-0.012,2
16384,n<=4,sr<=70%,kvB<=64k,kp<=8k,0.3636,2
16384,n<=4,sr<=70%,kvB<=64k,kp=0,0.3794,2
16384,n<=4,sr>70%,kvB<=16k,kp<=16k,-0.0372,2
16384,n<=4,sr>70%,kvB<=16k,kp<=1k,0.0292,2
16384,n<=4,sr>70%,kvB<=16k,kp<=2k,-0.0334,2
16384,n<=4,sr>70%,kvB<=16k,kp<=32k,-0.2363,2
16384,n<=4,sr>70%,kvB<=16k,kp<=4k,0.1137,2
16384,n<=4,sr>70%,kvB<=16k,kp<=512,0.1793,2
16384,n<=4,sr>70%,kvB<=16k,kp<=64k,-0.1835,2
16384,n<=4,sr>70%,kvB<=16k,kp<=8k,-0.0234,2
16384,n<=4,sr>70%,kvB<=16k,kp=0,0.2171,2
16384,n<=4,sr>70%,kvB<=1k,kp<=16k,0.3021,2
16384,n<=4,sr>70%,kvB<=1k,kp<=1k,0.0186,2
16384,n<=4,sr>70%,kvB<=1k,kp<=2k,0.7232,2
16384,n<=4,sr>70%,kvB<=1k,kp<=32k,0.4905,1
16384,n<=4,sr>70%,kvB<=1k,kp<=4k,0.2317,2
16384,n<=4,sr>70%,kvB<=1k,kp<=512,-0.0711,2
16384,n<=4,sr>70%,kvB<=1k,kp<=64k,2.87,1
16384,n<=4,sr>70%,kvB<=1k,kp<=8k,0.2461,1
16384,n<=4,sr>70%,kvB<=1k,kp=0,0.2625,2
16384,n<=4,sr>70%,kvB<=4k,kp<=16k,-0.157,2
16384,n<=4,sr>70%,kvB<=4k,kp<=1k,0.0131,2
16384,n<=4,sr>70%,kvB<=4k,kp<=2k,-0.001,2
16384,n<=4,sr>70%,kvB<=4k,kp<=32k,-0.762,2
16384,n<=4,sr>70%,kvB<=4k,kp<=4k,-0.17,2
16384,n<=4,sr>70%,kvB<=4k,kp<=512,0.0231,2
16384,n<=4,sr>70%,kvB<=4k,kp<=64k,-2.7786,2
16384,n<=4,sr>70%,kvB<=4k,kp<=8k,-0.3805,2
16384,n<=4,sr>70%,kvB<=4k,kp=0,0.0573,2
16384,n<=4,sr>70%,kvB<=64k,kp<=16k,0.3048,2
16384,n<=4,sr>70%,kvB<=64k,kp<=1k,0.3713,2
16384,n<=4,sr>70%,kvB<=64k,kp<=2k,0.3665,2
16384,n<=4,sr>70%,kvB<=64k,kp<=32k,0.3316,2
16384,n<=4,sr>70%,kvB<=64k,kp<=4k,0.3666,2
16384,n<=4,sr>70%,kvB<=64k,kp<=512,0.3632,2
16384,n<=4,sr>70%,kvB<=64k,kp<=64k,-0.0379,2
16384,n<=4,sr>70%,kvB<=64k,kp<=8k,0.3504,2
16384,n<=4,sr>70%,kvB<=64k,kp=0,0.3699,2
16384,n<=64,sr<=15%,kvB<=16k,kp<=16k,0.0008,4
16384,n<=64,sr<=15%,kvB<=16k,kp<=1k,0.0074,4
16384,n<=64,sr<=15%,kvB<=16k,kp<=2k,0.0058,4
16384,n<=64,sr<=15%,kvB<=16k,kp<=32k,-0.0011,4
16384,n<=64,sr<=15%,kvB<=16k,kp<=4k,-0.0001,4
16384,n<=64,sr<=15%,kvB<=16k,kp<=512,0.0098,4
16384,n<=64,sr<=15%,kvB<=16k,kp<=64k,-0.0001,4
16384,n<=64,sr<=15%,kvB<=16k,kp<=8k,-0.0008,4
16384,n<=64,sr<=15%,kvB<=16k,kp=0,0.0102,4
16384,n<=64,sr<=15%,kvB<=1k,kp<=16k,0.0932,4
16384,n<=64,sr<=15%,kvB<=1k,kp<=1k,0.0969,4
16384,n<=64,sr<=15%,kvB<=1k,kp<=2k,0.091,4
16384,n<=64,sr<=15%,kvB<=1k,kp<=32k,0.0909,4
16384,n<=64,sr<=15%,kvB<=1k,kp<=4k,0.0814,4
16384,n<=64,sr<=15%,kvB<=1k,kp<=512,0.1014,4
16384,n<=64,sr<=15%,kvB<=1k,kp<=64k,0.0589,4
16384,n<=64,sr<=15%,kvB<=1k,kp<=8k,0.0746,4
16384,n<=64,sr<=15%,kvB<=1k,kp=0,0.0935,4
16384,n<=64,sr<=15%,kvB<=4k,kp<=16k,0.022,4
16384,n<=64,sr<=15%,kvB<=4k,kp<=1k,0.0194,4
16384,n<=64,sr<=15%,kvB<=4k,kp<=2k,0.0199,4
16384,n<=64,sr<=15%,kvB<=4k,kp<=32k,0.018,4
16384,n<=64,sr<=15%,kvB<=4k,kp<=4k,0.021,4
16384,n<=64,sr<=15%,kvB<=4k,kp<=512,0.0227,4
16384,n<=64,sr<=15%,kvB<=4k,kp<=64k,0.0197,4
16384,n<=64,sr<=15%,kvB<=4k,kp<=8k,0.0192,4
16384,n<=64,sr<=15%,kvB<=4k,kp=0,0.018,4
16384,n<=64,sr<=15%,kvB<=64k,kp<=16k,0.02,4
16384,n<=64,sr<=15%,kvB<=64k,kp<=1k,0.0087,4
16384,n<=64,sr<=15%,kvB<=64k,kp<=2k,0.0173,4
16384,n<=64,sr<=15%,kvB<=64k,kp<=32k,0.0127,4
16384,n<=64,sr<=15%,kvB<=64k,kp<=4k,0.026,4
16384,n<=64,sr<=15%,kvB<=64k,kp<=512,0.0054,4
16384,n<=64,sr<=15%,kvB<=64k,kp<=64k,-0.0015,4
16384,n<=64,sr<=15%,kvB<=64k,kp<=8k,0.0212,4
16384,n<=64,sr<=15%,kvB<=64k,kp=0,0.005,4
16384,n<=64,sr<=40%,kvB<=16k,kp<=16k,-0.0025,2
16384,n<=64,sr<=40%,kvB<=16k,kp<=1k,0.0127,2
16384,n<=64,sr<=40%,kvB<=16k,kp<=2k,0.0112,2
16384,n<=64,sr<=40%,kvB<=16k,kp<=32k,-0.0037,2
16384,n<=64,sr<=40%,kvB<=16k,kp<=4k,0.0011,2
16384,n<=64,sr<=40%,kvB<=16k,kp<=512,0.0141,2
16384,n<=64,sr<=40%,kvB<=16k,kp<=64k,0.0014,2
16384,n<=64,sr<=40%,kvB<=16k,kp<=8k,-0.0047,2
16384,n<=64,sr<=40%,kvB<=16k,kp=0,0.0135,2
16384,n<=64,sr<=40%,kvB<=1k,kp<=16k,0.1299,2
16384,n<=64,sr<=40%,kvB<=1k,kp<=1k,0.1791,2
16384,n<=64,sr<=40%,kvB<=1k,kp<=2k,0.1296,2
16384,n<=64,sr<=40%,kvB<=1k,kp<=32k,0.1021,2
16384,n<=64,sr<=40%,kvB<=1k,kp<=4k,0.146,2
16384,n<=64,sr<=40%,kvB<=1k,kp<=512,0.1565,2
16384,n<=64,sr<=40%,kvB<=1k,kp<=64k,0.1682,2
16384,n<=64,sr<=40%,kvB<=1k,kp<=8k,0.1363,2
16384,n<=64,sr<=40%,kvB<=1k,kp=0,0.1725,2
16384,n<=64,sr<=40%,kvB<=4k,kp<=16k,0.0119,2
16384,n<=64,sr<=40%,kvB<=4k,kp<=1k,0.0075,2
16384,n<=64,sr<=40%,kvB<=4k,kp<=2k,0.0044,2
16384,n<=64,sr<=40%,kvB<=4k,kp<=32k,0.0106,2
16384,n<=64,sr<=40%,kvB<=4k,kp<=4k,0.0035,2
16384,n<=64,sr<=40%,kvB<=4k,kp<=512,0.005,2
16384,n<=64,sr<=40%,kvB<=4k,kp<=64k,0.0391,2
16384,n<=64,sr<=40%,kvB<=4k,kp<=8k,0.0048,2
16384,n<=64,sr<=40%,kvB<=4k,kp=0,0.0068,2
16384,n<=64,sr<=40%,kvB<=64k,kp<=16k,0.0442,2
16384,n<=64,sr<=40%,kvB<=64k,kp<=1k,0.0098,2
16384,n<=64,sr<=40%,kvB<=64k,kp<=2k,0.004,2
16384,n<=64,sr<=40%,kvB<=64k,kp<=32k,0.0082,2
16384,n<=64,sr<=40%,kvB<=64k,kp<=4k,0.0251,2
16384,n<=64,sr<=40%,kvB<=64k,kp<=512,0.0117,2
16384,n<=64,sr<=40%,kvB<=64k,kp<=64k,-0.0121,2
16384,n<=64,sr<=40%,kvB<=64k,kp<=8k,0.0422,2
16384,n<=64,sr<=40%,kvB<=64k,kp=0,0.0123,2
16384,n<=64,sr<=5%,kvB<=16k,kp<=16k,0.0037,6
16384,n<=64,sr<=5%,kvB<=16k,kp<=1k,0.0079,6
16384,n<=64,sr<=5%,kvB<=16k,kp<=2k,0.0056,6
16384,n<=64,sr<=5%,kvB<=16k,kp<=32k,0.0035,6
16384,n<=64,sr<=5%,kvB<=16k,kp<=4k,0.0027,6
16384,n<=64,sr<=5%,kvB<=16k,kp<=512,0.0093,6
16384,n<=64,sr<=5%,kvB<=16k,kp<=64k,0.0042,6
16384,n<=64,sr<=5%,kvB<=16k,kp<=8k,0.0034,6
16384,n<=64,sr<=5%,kvB<=16k,kp=0,0.01,6
16384,n<=64,sr<=5%,kvB<=1k,kp<=16k,0.0314,6
16384,n<=64,sr<=5%,kvB<=1k,kp<=1k,0.0314,6
16384,n<=64,sr<=5%,kvB<=1k,kp<=2k,0.022,6
16384,n<=64,sr<=5%,kvB<=1k,kp<=32k,0.061,6
16384,n<=64,sr<=5%,kvB<=1k,kp<=4k,0.0254,6
16384,n<=64,sr<=5%,kvB<=1k,kp<=512,0.0362,6
16384,n<=64,sr<=5%,kvB<=1k,kp<=64k,0.038,6
16384,n<=64,sr<=5%,kvB<=1k,kp<=8k,0.0234,6
16384,n<=64,sr<=5%,kvB<=1k,kp=0,0.0226,6
16384,n<=64,sr<=5%,kvB<=4k,kp<=16k,0.0112,6
16384,n<=64,sr<=5%,kvB<=4k,kp<=1k,0.0176,6
16384,n<=64,sr<=5%,kvB<=4k,kp<=2k,0.0194,6
16384,n<=64,sr<=5%,kvB<=4k,kp<=32k,0.0152,6
16384,n<=64,sr<=5%,kvB<=4k,kp<=4k,0.0167,6
16384,n<=64,sr<=5%,kvB<=4k,kp<=512,0.0195,6
16384,n<=64,sr<=5%,kvB<=4k,kp<=64k,0.0103,6
16384,n<=64,sr<=5%,kvB<=4k,kp<=8k,0.0187,6
16384,n<=64,sr<=5%,kvB<=4k,kp=0,0.016,6
16384,n<=64,sr<=5%,kvB<=64k,kp<=16k,0.0173,6
16384,n<=64,sr<=5%,kvB<=64k,kp<=1k,0.0151,6
16384,n<=64,sr<=5%,kvB<=64k,kp<=2k,0.0164,6
16384,n<=64,sr<=5%,kvB<=64k,kp<=32k,0.0143,6
16384,n<=64,sr<=5%,kvB<=64k,kp<=4k,0.0166,6
16384,n<=64,sr<=5%,kvB<=64k,kp<=512,0.0122,6
16384,n<=64,sr<=5%,kvB<=64k,kp<=64k,-0.0002,6
16384,n<=64,sr<=5%,kvB<=64k,kp<=8k,0.0163,6
16384,n<=64,sr<=5%,kvB<=64k,kp=0,0.0088,6
16384,n<=64,sr<=70%,kvB<=16k,kp<=16k,-0.0107,2
16384,n<=64,sr<=70%,kvB<=16k,kp<=1k,0.0033,2
16384,n<=64,sr<=70%,kvB<=16k,kp<=2k,-0.0068,2
16384,n<=64,sr<=70%,kvB<=16k,kp<=32k,-0.006,2
16384,n<=64,sr<=70%,kvB<=16k,kp<=4k,-0.0031,2
16384,n<=64,sr<=70%,kvB<=16k,kp<=512,0.0039,2
16384,n<=64,sr<=70%,kvB<=16k,kp<=64k,-0.0038,2
16384,n<=64,sr<=70%,kvB<=16k,kp<=8k,-0.0009,2
16384,n<=64,sr<=70%,kvB<=16k,kp=0,0.0077,2
16384,n<=64,sr<=70%,kvB<=1k,kp<=16k,0.1291,2
16384,n<=64,sr<=70%,kvB<=1k,kp<=1k,0.1336,2
16384,n<=64,sr<=70%,kvB<=1k,kp<=2k,0.1,2
16384,n<=64,sr<=70%,kvB<=1k,kp<=32k,0.0495,2
16384,n<=64,sr<=70%,kvB<=1k,kp<=4k,0.1201,2
16384,n<=64,sr<=70%,kvB<=1k,kp<=512,0.1284,2
16384,n<=64,sr<=70%,kvB<=1k,kp<=64k,0.1338,2
16384,n<=64,sr<=70%,kvB<=1k,kp<=8k,0.0919,2
16384,n<=64,sr<=70%,kvB<=1k,kp=0,0.1271,2
16384,n<=64,sr<=70%,kvB<=4k,kp<=16k,0.0082,2
16384,n<=64,sr<=70%,kvB<=4k,kp<=1k,0.003,2
16384,n<=64,sr<=70%,kvB<=4k,kp<=2k,-0.001,2
16384,n<=64,sr<=70%,kvB<=4k,kp<=32k,0.0271,2
16384,n<=64,sr<=70%,kvB<=4k,kp<=4k,0.0037,2
16384,n<=64,sr<=70%,kvB<=4k,kp<=512,-0.0001,2
16384,n<=64,sr<=70%,kvB<=4k,kp<=64k,0.0384,2
16384,n<=64,sr<=70%,kvB<=4k,kp<=8k,0.0089,2
16384,n<=64,sr<=70%,kvB<=4k,kp=0,0.0037,2
16384,n<=64,sr<=70%,kvB<=64k,kp<=16k,0.1667,2
16384,n<=64,sr<=70%,kvB<=64k,kp<=1k,0.0183,2
16384,n<=64,sr<=70%,kvB<=64k,kp<=2k,0.0283,2
16384,n<=64,sr<=70%,kvB<=64k,kp<=32k,-0.0107,2
16384,n<=64,sr<=70%,kvB<=64k,kp<=4k,0.0273,2
16384,n<=64,sr<=70%,kvB<=64k,kp<=512,0.0104,2
16384,n<=64,sr<=70%,kvB<=64k,kp<=64k,-0.0498,2
16384,n<=64,sr<=70%,kvB<=64k,kp<=8k,-0.0102,2
16384,n<=64,sr<=70%,kvB<=64k,kp=0,0.004,2
16384,n<=64,sr>70%,kvB<=16k,kp<=16k,-0.008,4
16384,n<=64,sr>70%,kvB<=16k,kp<=1k,-0.036,4
16384,n<=64,sr>70%,kvB<=16k,kp<=2k,-0.0431,4
16384,n<=64,sr>70%,kvB<=16k,kp<=32k,-0.0018,4
16384,n<=64,sr>70%,kvB<=16k,kp<=4k,-0.0298,4
16384,n<=64,sr>70%,kvB<=16k,kp<=512,-0.0045,4
16384,n<=64,sr>70%,kvB<=16k,kp<=64k,0.0113,4
16384,n<=64,sr>70%,kvB<=16k,kp<=8k,-0.0077,4
16384,n<=64,sr>70%,kvB<=16k,kp=0,0.0009,4
16384,n<=64,sr>70%,kvB<=1k,kp<=16k,0.3924,4
16384,n<=64,sr>70%,kvB<=1k,kp<=1k,0.326,4
16384,n<=64,sr>70%,kvB<=1k,kp<=2k,0.3152,4
16384,n<=64,sr>70%,kvB<=1k,kp<=32k,0.4708,4
16384,n<=64,sr>70%,kvB<=1k,kp<=4k,0.2875,4
16384,n<=64,sr>70%,kvB<=1k,kp<=512,0.3022,4
16384,n<=64,sr>70%,kvB<=1k,kp<=64k,0.3709,4
16384,n<=64,sr>70%,kvB<=1k,kp<=8k,0.3315,4
16384,n<=64,sr>70%,kvB<=1k,kp=0,0.3168,4
16384,n<=64,sr>70%,kvB<=4k,kp<=16k,0.0192,4
16384,n<=64,sr>70%,kvB<=4k,kp<=1k,0.0389,4
16384,n<=64,sr>70%,kvB<=4k,kp<=2k,0.0348,4
16384,n<=64,sr>70%,kvB<=4k,kp<=32k,0.0844,4
16384,n<=64,sr>70%,kvB<=4k,kp<=4k,0.0416,4
16384,n<=64,sr>70%,kvB<=4k,kp<=512,0.0225,4
16384,n<=64,sr>70%,kvB<=4k,kp<=64k,0.0038,4
16384,n<=64,sr>70%,kvB<=4k,kp<=8k,0.0283,4
16384,n<=64,sr>70%,kvB<=4k,kp=0,0.0403,4
16384,n<=64,sr>70%,kvB<=64k,kp<=16k,0.3017,4
16384,n<=64,sr>70%,kvB<=64k,kp<=1k,0.0026,4
16384,n<=64,sr>70%,kvB<=64k,kp<=2k,0.0166,4
16384,n<=64,sr>70%,kvB<=64k,kp<=32k,-0.0583,4
16384,n<=64,sr>70%,kvB<=64k,kp<=4k,0.0443,4
16384,n<=64,sr>70%,kvB<=64k,kp<=512,0.0013,4
16384,n<=64,sr>70%,kvB<=64k,kp<=64k,-0.0557,4
16384,n<=64,sr>70%,kvB<=64k,kp<=8k,0.0207,4
16384,n<=64,sr>70%,kvB<=64k,kp=0,0.0023,4
16384,n<=8,sr<=15%,kvB<=16k,kp<=16k,0.008,2
16384,n<=8,sr<=15%,kvB<=16k,kp<=1k,-0.006,2
16384,n<=8,sr<=15%,kvB<=16k,kp<=2k,-0.0055,2
16384,n<=8,sr<=15%,kvB<=16k,kp<=32k,-0.0117,2
16384,n<=8,sr<=15%,kvB<=16k,kp<=4k,-0.0117,2
16384,n<=8,sr<=15%,kvB<=16k,kp<=512,-0.0148,2
16384,n<=8,sr<=15%,kvB<=16k,kp<=64k,0.0267,2
16384,n<=8,sr<=15%,kvB<=16k,kp<=8k,-0.0009,2
16384,n<=8,sr<=15%,kvB<=16k,kp=0,0.0132,2
16384,n<=8,sr<=15%,kvB<=1k,kp<=16k,0.1757,2
16384,n<=8,sr<=15%,kvB<=1k,kp<=1k,0.164,2
16384,n<=8,sr<=15%,kvB<=1k,kp<=2k,0.069,2
16384,n<=8,sr<=15%,kvB<=1k,kp<=32k,-0.0371,2
16384,n<=8,sr<=15%,kvB<=1k,kp<=4k,0.0814,2
16384,n<=8,sr<=15%,kvB<=1k,kp<=512,0.1217,2
16384,n<=8,sr<=15%,kvB<=1k,kp<=64k,0.1621,2
16384,n<=8,sr<=15%,kvB<=1k,kp<=8k,0.081,2
16384,n<=8,sr<=15%,kvB<=1k,kp=0,0.0667,2
16384,n<=8,sr<=15%,kvB<=4k,kp<=16k,-0.0228,2
16384,n<=8,sr<=15%,kvB<=4k,kp<=1k,-0.0073,2
16384,n<=8,sr<=15%,kvB<=4k,kp<=2k,-0.0131,2
16384,n<=8,sr<=15%,kvB<=4k,kp<=32k,-0.172,2
16384,n<=8,sr<=15%,kvB<=4k,kp<=4k,0.0037,2
16384,n<=8,sr<=15%,kvB<=4k,kp<=512,-0.0027,2
16384,n<=8,sr<=15%,kvB<=4k,kp<=64k,0.0285,2
16384,n<=8,sr<=15%,kvB<=4k,kp<=8k,0.0269,2
16384,n<=8,sr<=15%,kvB<=4k,kp=0,-0.0194,2
16384,n<=8,sr<=15%,kvB<=64k,kp<=16k,0.1652,2
16384,n<=8,sr<=15%,kvB<=64k,kp<=1k,0.2202,2
16384,n<=8,sr<=15%,kvB<=64k,kp<=2k,0.2184,2
16384,n<=8,sr<=15%,kvB<=64k,kp<=32k,0.1019,2
16384,n<=8,sr<=15%,kvB<=64k,kp<=4k,0.2161,2
16384,n<=8,sr<=15%,kvB<=64k,kp<=512,0.2238,2
16384,n<=8,sr<=15%,kvB<=64k,kp<=64k,0.0136,2
16384,n<=8,sr<=15%,kvB<=64k,kp<=8k,0.2023,2
16384,n<=8,sr<=15%,kvB<=64k,kp=0,0.2216,2
16384,n<=8,sr<=40%,kvB<=16k,kp<=16k,-0.0006,4
16384,n<=8,sr<=40%,kvB<=16k,kp<=1k,0.0133,4
16384,n<=8,sr<=40%,kvB<=16k,kp<=2k,0.0039,4
16384,n<=8,sr<=40%,kvB<=16k,kp<=32k,-0.0038,4
16384,n<=8,sr<=40%,kvB<=16k,kp<=4k,-0.02,4
16384,n<=8,sr<=40%,kvB<=16k,kp<=512,0.0221,4
16384,n<=8,sr<=40%,kvB<=16k,kp<=64k,-0.0185,4
16384,n<=8,sr<=40%,kvB<=16k,kp<=8k,-0.0144,4
16384,n<=8,sr<=40%,kvB<=16k,kp=0,0.0412,4
16384,n<=8,sr<=40%,kvB<=1k,kp<=16k,0.0006,4
16384,n<=8,sr<=40%,kvB<=1k,kp<=1k,0.0116,4
16384,n<=8,sr<=40%,kvB<=1k,kp<=2k,0.2236,4
16384,n<=8,sr<=40%,kvB<=1k,kp<=32k,0.2124,4
16384,n<=8,sr<=40%,kvB<=1k,kp<=4k,0.0448,4
16384,n<=8,sr<=40%,kvB<=1k,kp<=512,0.1678,4
16384,n<=8,sr<=40%,kvB<=1k,kp<=64k,-0.1311,4
16384,n<=8,sr<=40%,kvB<=1k,kp<=8k,0.0903,4
16384,n<=8,sr<=40%,kvB<=1k,kp=0,0.084,4
16384,n<=8,sr<=40%,kvB<=4k,kp<=16k,-0.0239,4
16384,n<=8,sr<=40%,kvB<=4k,kp<=1k,-0.0432,4
16384,n<=8,sr<=40%,kvB<=4k,kp<=2k,-0.0104,4
16384,n<=8,sr<=40%,kvB<=4k,kp<=32k,-0.0162,4
16384,n<=8,sr<=40%,kvB<=4k,kp<=4k,-0.0053,4
16384,n<=8,sr<=40%,kvB<=4k,kp<=512,-0.0233,4
16384,n<=8,sr<=40%,kvB<=4k,kp<=64k,-0.1237,4
16384,n<=8,sr<=40%,kvB<=4k,kp<=8k,0.0101,4
16384,n<=8,sr<=40%,kvB<=4k,kp=0,-0.0061,4
16384,n<=8,sr<=40%,kvB<=64k,kp<=16k,0.1958,4
16384,n<=8,sr<=40%,kvB<=64k,kp<=1k,0.2257,4
16384,n<=8,sr<=40%,kvB<=64k,kp<=2k,0.224,4
16384,n<=8,sr<=40%,kvB<=64k,kp<=32k,0.161,4
16384,n<=8,sr<=40%,kvB<=64k,kp<=4k,0.2257,4
16384,n<=8,sr<=40%,kvB<=64k,kp<=512,0.228,4
16384,n<=8,sr<=40%,kvB<=64k,kp<=64k,-0.0109,4
16384,n<=8,sr<=40%,kvB<=64k,kp<=8k,0.2133,4
16384,n<=8,sr<=40%,kvB<=64k,kp=0,0.227,4
16384,n<=8,sr<=70%,kvB<=16k,kp<=16k,-0.0342,2
16384,n<=8,sr<=70%,kvB<=16k,kp<=1k,0.0266,2
16384,n<=8,sr<=70%,kvB<=16k,kp<=2k,-0.0003,2
16384,n<=8,sr<=70%,kvB<=16k,kp<=32k,0.0017,2
16384,n<=8,sr<=70%,kvB<=16k,kp<=4k,-0.0116,2
16384,n<=8,sr<=70%,kvB<=16k,kp<=512,0.0535,2
16384,n<=8,sr<=70%,kvB<=16k,kp<=64k,-0.0533,2
16384,n<=8,sr<=70%,kvB<=16k,kp<=8k,-0.0329,2
16384,n<=8,sr<=70%,kvB<=16k,kp=0,0.0613,2
16384,n<=8,sr<=70%,kvB<=1k,kp<=16k,0.1997,2
16384,n<=8,sr<=70%,kvB<=1k,kp<=1k,-0.0027,2
16384,n<=8,sr<=70%,kvB<=1k,kp<=2k,0.0989,2
16384,n<=8,sr<=70%,kvB<=1k,kp<=32k,-0.0418,2
16384,n<=8,sr<=70%,kvB<=1k,kp<=4k,0.18,2
16384,n<=8,sr<=70%,kvB<=1k,kp<=512,0.3279,2
16384,n<=8,sr<=70%,kvB<=1k,kp<=64k,0.5346,2
16384,n<=8,sr<=70%,kvB<=1k,kp<=8k,0.2235,2
16384,n<=8,sr<=70%,kvB<=1k,kp=0,0.207,2
16384,n<=8,sr<=70%,kvB<=4k,kp<=16k,0.081,2
16384,n<=8,sr<=70%,kvB<=4k,kp<=1k,-0.0094,2
16384,n<=8,sr<=70%,kvB<=4k,kp<=2k,-0.0883,2
16384,n<=8,sr<=70%,kvB<=4k,kp<=32k,-0.0544,2
16384,n<=8,sr<=70%,kvB<=4k,kp<=4k,-0.0253,2
16384,n<=8,sr<=70%,kvB<=4k,kp<=512,-0.0138,2
16384,n<=8,sr<=70%,kvB<=4k,kp<=64k,0.0994,2
16384,n<=8,sr<=70%,kvB<=4k,kp<=8k,0.0486,2
16384,n<=8,sr<=70%,kvB<=4k,kp=0,-0.0042,2
16384,n<=8,sr<=70%,kvB<=64k,kp<=16k,0.1966,2
16384,n<=8,sr<=70%,kvB<=64k,kp<=1k,0.2205,2
16384,n<=8,sr<=70%,kvB<=64k,kp<=2k,0.2234,2
16384,n<=8,sr<=70%,kvB<=64k,kp<=32k,0.2135,2
16384,n<=8,sr<=70%,kvB<=64k,kp<=4k,0.2195,2
16384,n<=8,sr<=70%,kvB<=64k,kp<=512,0.2252,2
16384,n<=8,sr<=70%,kvB<=64k,kp<=64k,0.0174,2
16384,n<=8,sr<=70%,kvB<=64k,kp<=8k,0.2258,2
16384,n<=8,sr<=70%,kvB<=64k,kp=0,0.2211,2
16384,n<=8,sr>70%,kvB<=16k,kp<=16k,-0.0023,4
16384,n<=8,sr>70%,kvB<=16k,kp<=1k,0.0975,4
16384,n<=8,sr>70%,kvB<=16k,kp<=2k,0.0103,4
16384,n<=8,sr>70%,kvB<=16k,kp<=32k,0.0273,4
16384,n<=8,sr>70%,kvB<=16k,kp<=4k,0.0109,4
16384,n<=8,sr>70%,kvB<=16k,kp<=512,0.1423,4
16384,n<=8,sr>70%,kvB<=16k,kp<=64k,-0.0085,4
16384,n<=8,sr>70%,kvB<=16k,kp<=8k,-0.0167,4
16384,n<=8,sr>70%,kvB<=16k,kp=0,0.1844,4
16384,n<=8,sr>70%,kvB<=1k,kp<=16k,0.3901,4
16384,n<=8,sr>70%,kvB<=1k,kp<=1k,0.2514,4
16384,n<=8,sr>70%,kvB<=1k,kp<=2k,0.4191,3
16384,n<=8,sr>70%,kvB<=1k,kp<=32k,1.1908,3
16384,n<=8,sr>70%,kvB<=1k,kp<=4k,0.2911,4
16384,n<=8,sr>70%,kvB<=1k,kp<=512,0.1428,4
16384,n<=8,sr>70%,kvB<=1k,kp<=64k,0.3373,3
16384,n<=8,sr>70%,kvB<=1k,kp<=8k,0.3461,4
16384,n<=8,sr>70%,kvB<=1k,kp=0,0.1803,4
16384,n<=8,sr>70%,kvB<=4k,kp<=16k,-0.0296,4
16384,n<=8,sr>70%,kvB<=4k,kp<=1k,0.1101,4
16384,n<=8,sr>70%,kvB<=4k,kp<=2k,0.1793,4
16384,n<=8,sr>70%,kvB<=4k,kp<=32k,-0.1849,4
16384,n<=8,sr>70%,kvB<=4k,kp<=4k,0.0554,4
16384,n<=8,sr>70%,kvB<=4k,kp<=512,0.1304,4
16384,n<=8,sr>70%,kvB<=4k,kp<=64k,-0.0342,3
16384,n<=8,sr>70%,kvB<=4k,kp<=8k,-0.0603,4
16384,n<=8,sr>70%,kvB<=4k,kp=0,0.0625,4
16384,n<=8,sr>70%,kvB<=64k,kp<=16k,0.2323,4
16384,n<=8,sr>70%,kvB<=64k,kp<=1k,0.2157,4
16384,n<=8,sr>70%,kvB<=64k,kp<=2k,0.2289,4
16384,n<=8,sr>70%,kvB<=64k,kp<=32k,0.1885,4
16384,n<=8,sr>70%,kvB<=64k,kp<=4k,0.2086,4
16384,n<=8,sr>70%,kvB<=64k,kp<=512,0.22,4
16384,n<=8,sr>70%,kvB<=64k,kp<=64k,-0.0237,4
16384,n<=8,sr>70%,kvB<=64k,kp<=8k,0.2164,4
16384,n<=8,sr>70%,kvB<=64k,kp=0,0.2229,4
