prefill_chunk,kv_prefill,n_decode,kv_decode,time_us
0,0,1,16,8.06367
0,0,1,32,8.14933
0,0,1,64,8.24533
0,0,1,128,10.5603
0,0,1,256,13.248
0,0,1,512,18.155
0,0,1,1024,30.112
0,0,1,2048,53.28
0,0,1,4096,99.4347
0,0,1,8192,191.115
0,0,1,16384,376.778
0,0,1,32768,745.516
0,0,1,65536,1483.88
0,0,1,131055,2935.79
0,0,2,16,7.81833
0,0,2,32,7.75467
0,0,2,64,7.92467
0,0,2,128,10.453
0,0,2,256,13.0667
0,0,2,512,18.0377
0,0,2,1024,29.5143
0,0,2,2048,52.5333
0,0,2,4096,99.52
0,0,2,8192,191.147
0,0,2,16384,375.115
0,0,2,32768,737.418
0,0,2,65536,1472.8
0,0,2,131055,2934.23
0,0,4,16,7.92533
0,0,4,32,7.829
0,0,4,64,8.04267
0,0,4,128,10.5383
0,0,4,256,13.184
0,0,4,512,18.4107
0,0,4,1024,30.2613
0,0,4,2048,54.9333
0,0,4,4096,102.944
0,0,4,8192,196.597
0,0,4,16384,382.314
0,0,4,32768,751.115
0,0,4,65536,1492.79
0,0,4,131055,2971.31
0,0,8,16,12.181
0,0,8,32,12.5973
0,0,8,64,12.5333
0,0,8,128,17.792
0,0,8,256,23.5197
0,0,8,512,35.0827
0,0,8,1024,59.1037
0,0,8,2048,106.197
0,0,8,4096,200.256
0,0,8,8192,388.341
0,0,8,16384,771.477
0,0,8,32768,1526.77
0,0,8,65536,3029.25
0,0,8,131055,6030.99
0,0,16,16,16.768
0,0,16,32,17.1843
0,0,16,64,17.291
0,0,16,128,25.2907
0,0,16,256,34.2827
0,0,16,512,51.872
0,0,16,1024,88.651
0,0,16,2048,156.064
0,0,16,4096,293.685
0,0,16,8192,586.624
0,0,16,16384,1157.95
0,0,16,32768,2283.14
0,0,16,65536,4574.55
0,0,16,131055,8985.72
0,0,32,16,29.547
0,0,32,32,29.9307
0,0,32,64,30.9013
0,0,32,128,46.6027
0,0,32,256,64.832
0,0,32,512,99.4983
0,0,32,1024,170.144
0,0,32,2048,304.33
0,0,32,4096,590.73
0,0,32,8192,1205.06
0,0,32,16384,2379.99
0,0,32,32768,4764.71
0,0,32,65536,9792.18
0,0,32,131055,19835.8
0,0,64,16,52.0427
0,0,64,32,52.6293
0,0,64,64,54.5707
0,0,64,128,84.5333
0,0,64,256,118.229
0,0,64,512,182.411
0,0,64,1024,306.698
0,0,64,2048,557.909
0,0,64,4096,1437.94
0,0,64,8192,2917.62
0,0,64,16384,6043.76
0,0,64,32768,13549.2
0,0,64,65536,25669
0,0,64,131055,56561.3
0,0,128,16,98.186
0,0,128,32,100.373
0,0,128,64,104.074
0,0,128,128,166.016
0,0,128,256,244.405
0,0,128,512,392.81
0,0,128,1024,681.845
0,0,128,2048,1567.79
0,0,128,4096,4288.34
0,0,128,8192,8634.28
0,0,128,16384,21390.7
0,0,128,32768,43449.5
0,0,128,65536,85650.1
0,0,128,131055,174711
16,0,0,0,8.032
16,0,1,16,7.968
16,0,1,32,7.95733
16,0,1,64,7.95733
16,0,1,128,10.0267
16,0,1,256,12.629
16,0,1,512,18.0053
16,0,1,1024,29.3867
16,0,1,2048,52.235
16,0,1,4096,98.6773
16,0,1,8192,190.112
16,0,1,16384,373.472
16,0,1,32768,745.011
16,0,1,65536,1478.16
16,0,1,131055,2952.34
16,0,2,16,7.82933
16,0,2,32,7.904
16,0,2,64,7.87167
16,0,2,128,10.0797
16,0,2,256,12.7893
16,0,2,512,18.0693
16,0,2,1024,29.557
16,0,2,2048,52.9387
16,0,2,4096,99.445
16,0,2,8192,192.618
16,0,2,16384,378.933
16,0,2,32768,748.255
16,0,2,65536,1489.26
16,0,2,131055,2960.87
16,0,4,16,7.95733
16,0,4,32,7.989
16,0,4,64,7.98933
16,0,4,128,10.2397
16,0,4,256,13.0027
16,0,4,512,18.464
16,0,4,1024,30.6023
16,0,4,2048,54.9753
16,0,4,4096,102.794
16,0,4,8192,197.675
16,0,4,16384,383.476
16,0,4,32768,754.739
16,0,4,65536,1501.35
16,0,4,131055,2987.26
16,0,8,16,12.4797
16,0,8,32,12.5337
16,0,8,64,12.6293
16,0,8,128,17.5573
16,0,8,256,23.0293
16,0,8,512,34.4643
16,0,8,1024,58.965
16,0,8,2048,105.472
16,0,8,4096,199.104
16,0,8,8192,387.199
16,0,8,16384,771.326
16,0,8,32768,1520.86
16,0,8,65536,3025.69
16,0,8,131055,6031.85
16,0,16,16,16.8747
16,0,16,32,17.0667
16,0,16,64,17.3653
16,0,16,128,25.12
16,0,16,256,33.888
16,0,16,512,52.501
16,0,16,1024,88.458
16,0,16,2048,157.557
16,0,16,4096,293.92
16,0,16,8192,588.117
16,0,16,16384,1157.28
16,0,16,32768,2290.81
16,0,16,65536,4571.36
16,0,16,131055,8984.42
16,0,32,16,29.4293
16,0,32,32,30.0697
16,0,32,64,30.603
16,0,32,128,46.346
16,0,32,256,64.9277
16,0,32,512,100.203
16,0,32,1024,169.909
16,0,32,2048,304.074
16,0,32,4096,591.477
16,0,32,8192,1204.39
16,0,32,16384,2375.95
16,0,32,32768,4757.74
16,0,32,65536,9940.41
16,0,32,131055,21096.8
16,0,64,16,54.3893
16,0,64,32,55.2533
16,0,64,64,56.8
16,0,64,128,87.0077
16,0,64,256,119.85
16,0,64,512,183.445
16,0,64,1024,309.536
16,0,64,2048,561.887
16,0,64,4096,1449.19
16,0,64,8192,2928.71
16,0,64,16384,5894.51
16,0,64,32768,13818.2
16,0,64,65536,27694
16,0,64,131055,51454.8
16,16,0,0,8.34167
16,16,1,16,8.096
16,16,1,32,8.27733
16,16,1,64,8.192
16,16,1,128,10.133
16,16,1,256,12.736
16,16,1,512,18.0373
16,16,1,1024,29.397
16,16,1,2048,52.4793
16,16,1,4096,98.7307
16,16,1,8192,190.294
16,16,1,16384,374.495
16,16,1,32768,741.747
16,16,1,65536,1484.13
16,16,1,131055,2946.5
16,16,2,16,8.08567
16,16,2,32,8.17067
16,16,2,64,8.16
16,16,2,128,10.0477
16,16,2,256,12.789
16,16,2,512,18.1223
16,16,2,1024,29.4077
16,16,2,2048,52.7043
16,16,2,4096,99.584
16,16,2,8192,191.915
16,16,2,16384,377.951
16,16,2,32768,744.852
16,16,2,65536,1490.79
16,16,2,131055,2960.35
16,16,4,16,8.224
16,16,4,32,8.17067
16,16,4,64,8.37333
16,16,4,128,10.304
16,16,4,256,12.981
16,16,4,512,18.7623
16,16,4,1024,30.656
16,16,4,2048,55.2323
16,16,4,4096,103.146
16,16,4,8192,196.49
16,16,4,16384,383.018
16,16,4,32768,753.557
16,16,4,65536,1497.34
16,16,4,131055,2984.3
16,16,8,16,12.7257
16,16,8,32,12.7573
16,16,8,64,13.1097
16,16,8,128,17.557
16,16,8,256,23.2643
16,16,8,512,34.528
16,16,8,1024,58.8693
16,16,8,2048,105.931
16,16,8,4096,199.285
16,16,8,8192,387.925
16,16,8,16384,770.036
16,16,8,32768,1517.02
16,16,8,65536,3029.36
16,16,8,131055,6021
16,16,16,16,17.0567
16,16,16,32,17.1843
16,16,16,64,17.8247
16,16,16,128,25.1093
16,16,16,256,33.9947
16,16,16,512,52.0427
16,16,16,1024,88.4583
16,16,16,2048,157.312
16,16,16,4096,293.963
16,16,16,8192,589.152
16,16,16,16384,1152.12
16,16,16,32768,2287.62
16,16,16,65536,4585.55
16,16,16,131055,8980.46
16,16,32,16,29.8343
16,16,32,32,30.2933
16,16,32,64,31.0187
16,16,32,128,46.4427
16,16,32,256,64.7467
16,16,32,512,99.8187
16,16,32,1024,169.802
16,16,32,2048,304.106
16,16,32,4096,590.196
16,16,32,8192,1207.97
16,16,32,16384,2371.32
16,16,32,32768,4770.73
16,16,32,65536,9656.94
16,16,32,131055,19547.4
16,16,64,16,54.5707
16,16,64,32,55.4027
16,16,64,64,57.0453
16,16,64,128,86.9113
16,16,64,256,120.235
16,16,64,512,182.687
16,16,64,1024,309.354
16,16,64,2048,562.548
16,16,64,4096,1444.59
16,16,64,8192,2925.3
16,16,64,16384,5888.59
16,16,64,32768,14583.6
16,16,64,65536,25384.6
16,16,64,131055,54098.9
16,32,0,0,8.288
16,32,1,16,8.14933
16,32,1,32,8.27733
16,32,1,64,8.256
16,32,1,128,10.1013
16,32,1,256,12.7573
16,32,1,512,18.0053
16,32,1,1024,29.365
16,32,1,2048,52.4483
16,32,1,4096,98.3367
16,32,1,8192,190.88
16,32,1,16384,376.799
16,32,1,32768,747.55
16,32,1,65536,1483.92
16,32,1,131055,2957.3
16,32,2,16,8.10667
16,32,2,32,8.22367
16,32,2,64,8.43733
16,32,2,128,10.069
16,32,2,256,12.779
16,32,2,512,18.0373
16,32,2,1024,29.3973
16,32,2,2048,52.8103
16,32,2,4096,99.648
16,32,2,8192,192.618
16,32,2,16384,379.999
16,32,2,32768,748.297
16,32,2,65536,1485.87
16,32,2,131055,2960.79
16,32,4,16,8.10633
16,32,4,32,8.25633
16,32,4,64,8.29867
16,32,4,128,10.24
16,32,4,256,13.024
16,32,4,512,18.613
16,32,4,1024,30.677
16,32,4,2048,55.093
16,32,4,4096,102.517
16,32,4,8192,196.501
16,32,4,16384,383.742
16,32,4,32768,753.332
16,32,4,65536,1495.73
16,32,4,131055,2989.01
16,32,8,16,12.5863
16,32,8,32,12.7037
16,32,8,64,13.2053
16,32,8,128,17.5147
16,32,8,256,23.3063
16,32,8,512,34.4853
16,32,8,1024,58.9333
16,32,8,2048,105.845
16,32,8,4096,199.093
16,32,8,8192,387.583
16,32,8,16384,774.975
16,32,8,32768,1526.32
16,32,8,65536,3034.93
16,32,8,131055,6034.94
16,32,16,16,17.0453
16,32,16,32,17.3227
16,32,16,64,18.272
16,32,16,128,25.5893
16,32,16,256,34.0373
16,32,16,512,52.6613
16,32,16,1024,89.6103
16,32,16,2048,158.517
16,32,16,4096,297.333
16,32,16,8192,592.34
16,32,16,16384,1159.89
16,32,16,32768,2286.32
16,32,16,65536,4568.2
16,32,16,131055,8974.38
16,32,32,16,29.8983
16,32,32,32,30.133
16,32,32,64,31.1363
16,32,32,128,46.6773
16,32,32,256,64.5967
16,32,32,512,100.629
16,32,32,1024,170.091
16,32,32,2048,303.445
16,32,32,4096,592.309
16,32,32,8192,1209.33
16,32,32,16384,2383.19
16,32,32,32768,4753.55
16,32,32,65536,9721.58
16,32,32,131055,19241.8
16,32,64,16,54.5383
16,32,64,32,55.434
16,32,64,64,57.109
16,32,64,128,87.584
16,32,64,256,120.086
16,32,64,512,184.671
16,32,64,1024,309.087
16,32,64,2048,567.454
16,32,64,4096,1442.52
16,32,64,8192,2921.96
16,32,64,16384,5892.63
16,32,64,32768,14011.8
16,32,64,65536,28221.5
16,32,64,131055,51745.2
16,64,0,0,8.384
16,64,1,16,8.11733
16,64,1,32,8.224
16,64,1,64,8.24533
16,64,1,128,10.0267
16,64,1,256,12.672
16,64,1,512,17.9837
16,64,1,1024,29.1627
16,64,1,2048,52.512
16,64,1,4096,98.2283
16,64,1,8192,190.058
16,64,1,16384,375.231
16,64,1,32768,744.829
16,64,1,65536,1481.35
16,64,1,131055,2965.81
16,64,2,16,8.096
16,64,2,32,8.20267
16,64,2,64,8.27733
16,64,2,128,10.0587
16,64,2,256,12.8637
16,64,2,512,18.229
16,64,2,1024,29.4077
16,64,2,2048,52.6827
16,64,2,4096,99.4133
16,64,2,8192,192.245
16,64,2,16384,380.138
16,64,2,32768,747.252
16,64,2,65536,1492.32
16,64,2,131055,2968.53
16,64,4,16,8.17067
16,64,4,32,8.27733
16,64,4,64,8.48
16,64,4,128,10.24
16,64,4,256,12.9813
16,64,4,512,18.7307
16,64,4,1024,30.6667
16,64,4,2048,55.0187
16,64,4,4096,102.635
16,64,4,8192,196.927
16,64,4,16384,385.525
16,64,4,32768,759.358
16,64,4,65536,1503.6
16,64,4,131055,2980.97
16,64,8,16,12.7567
16,64,8,32,12.896
16,64,8,64,13.0773
16,64,8,128,17.4933
16,64,8,256,23.0717
16,64,8,512,34.784
16,64,8,1024,59.1247
16,64,8,2048,105.802
16,64,8,4096,199.914
16,64,8,8192,389.599
16,64,8,16384,780.02
16,64,8,32768,1522.39
16,64,8,65536,3031.7
16,64,8,131055,6034.32
16,64,16,16,17.344
16,64,16,32,17.429
16,64,16,64,17.9313
16,64,16,128,25.248
16,64,16,256,34.3573
16,64,16,512,52.405
16,64,16,1024,89.5353
16,64,16,2048,158.08
16,64,16,4096,296.117
16,64,16,8192,591.22
16,64,16,16384,1163.14
16,64,16,32768,2292.5
16,64,16,65536,4570.35
16,64,16,131055,8968.39
16,64,32,16,29.8347
16,64,32,32,30.0373
16,64,32,64,31.0403
16,64,32,128,46.635
16,64,32,256,64.9067
16,64,32,512,99.8397
16,64,32,1024,170.304
16,64,32,2048,303.839
16,64,32,4096,591.498
16,64,32,8192,1212.68
16,64,32,16384,2376.01
16,64,32,32768,4759.6
16,64,32,65536,9890.05
16,64,32,131055,19974.7
16,64,64,16,54.5277
16,64,64,32,55.3493
16,64,64,64,56.896
16,64,64,128,87.4453
16,64,64,256,121.492
16,64,64,512,184.746
16,64,64,1024,311.637
16,64,64,2048,565.3
16,64,64,4096,1452.82
16,64,64,8192,2924.66
16,64,64,16384,6121.75
16,64,64,32768,14372.1
16,64,64,65536,25699.1
16,64,64,131055,53228.7
16,128,0,0,10.9013
16,128,1,16,10.1443
16,128,1,32,10.144
16,128,1,64,10.133
16,128,1,128,10.688
16,128,1,256,12.629
16,128,1,512,17.973
16,128,1,1024,29.4077
16,128,1,2048,52.2983
16,128,1,4096,98.7307
16,128,1,8192,191.05
16,128,1,16384,373.972
16,128,1,32768,743.999
16,128,1,65536,1485.52
16,128,1,131055,2952.34
16,128,2,16,10.1657
16,128,2,32,10.0907
16,128,2,64,10.1867
16,128,2,128,10.6137
16,128,2,256,12.779
16,128,2,512,18.0373
16,128,2,1024,29.4827
16,128,2,2048,52.8433
16,128,2,4096,99.3597
16,128,2,8192,192.276
16,128,2,16384,379.295
16,128,2,32768,751.146
16,128,2,65536,1484.81
16,128,2,131055,2962.75
16,128,4,16,10.176
16,128,4,32,10.2083
16,128,4,64,10.219
16,128,4,128,10.7207
16,128,4,256,13.2907
16,128,4,512,18.6347
16,128,4,1024,30.6773
16,128,4,2048,54.9117
16,128,4,4096,102.688
16,128,4,8192,197.002
16,128,4,16384,382.805
16,128,4,32768,756.691
16,128,4,65536,1498.93
16,128,4,131055,2987.15
16,128,8,16,15.0713
16,128,8,32,15.232
16,128,8,64,15.691
16,128,8,128,18.336
16,128,8,256,23.1257
16,128,8,512,34.5707
16,128,8,1024,58.8903
16,128,8,2048,106.037
16,128,8,4096,198.826
16,128,8,8192,387.924
16,128,8,16384,772.414
16,128,8,32768,1518.99
16,128,8,65536,3027.45
16,128,8,131055,6017.86
16,128,16,16,19.8827
16,128,16,32,19.915
16,128,16,64,20.4587
16,128,16,128,25.664
16,128,16,256,33.8773
16,128,16,512,52.352
16,128,16,1024,88.864
16,128,16,2048,157.77
16,128,16,4096,293.984
16,128,16,8192,586.73
16,128,16,16384,1155.02
16,128,16,32768,2287.26
16,128,16,65536,4578.85
16,128,16,131055,8979.06
16,128,32,16,32.3837
16,128,32,32,32.7683
16,128,32,64,33.632
16,128,32,128,47.157
16,128,32,256,64.96
16,128,32,512,100.032
16,128,32,1024,169.525
16,128,32,2048,304.576
16,128,32,4096,590.58
16,128,32,8192,1203.57
16,128,32,16384,2371.01
16,128,32,32768,4757.52
16,128,32,65536,9847.07
16,128,32,131055,19708.1
16,128,64,16,54.7623
16,128,64,32,55.765
16,128,64,64,57.4403
16,128,64,128,88.832
16,128,64,256,122.976
16,128,64,512,187.541
16,128,64,1024,313.439
16,128,64,2048,566.633
16,128,64,4096,1450.36
16,128,64,8192,2932.24
16,128,64,16384,6082.3
16,128,64,32768,14007.2
16,128,64,65536,25742.8
16,128,64,131055,55591.3
16,256,0,0,13.3333
16,256,1,16,12.864
16,256,1,32,12.832
16,256,1,64,12.8537
16,256,1,128,12.7893
16,256,1,256,13.0027
16,256,1,512,17.9947
16,256,1,1024,29.355
16,256,1,2048,52.3943
16,256,1,4096,98.7833
16,256,1,8192,190.773
16,256,1,16384,374.613
16,256,1,32768,743.656
16,256,1,65536,1476.75
16,256,1,131055,2945.53
16,256,2,16,12.832
16,256,2,32,12.8533
16,256,2,64,12.8
16,256,2,128,12.7787
16,256,2,256,13.0773
16,256,2,512,18.1973
16,256,2,1024,29.6
16,256,2,2048,52.7677
16,256,2,4096,99.6693
16,256,2,8192,192.458
16,256,2,16384,379.999
16,256,2,32768,746.931
16,256,2,65536,1489.56
16,256,2,131055,2962.83
16,256,4,16,12.8743
16,256,4,32,13.0137
16,256,4,64,12.8533
16,256,4,128,13.2803
16,256,4,256,13.3017
16,256,4,512,19.0827
16,256,4,1024,30.9653
16,256,4,2048,55.392
16,256,4,4096,103.104
16,256,4,8192,197.45
16,256,4,16384,384.501
16,256,4,32768,755.07
16,256,4,65536,1502.48
16,256,4,131055,2988.13
16,256,8,16,17.9943
16,256,8,32,18.1653
16,256,8,64,18.3047
16,256,8,128,20.7467
16,256,8,256,23.925
16,256,8,512,34.592
16,256,8,1024,58.954
16,256,8,2048,106.144
16,256,8,4096,198.378
16,256,8,8192,385.94
16,256,8,16384,768.658
16,256,8,32768,1520.18
16,256,8,65536,3029.13
16,256,8,131055,6024.33
16,256,16,16,22.4853
16,256,16,32,22.613
16,256,16,64,23.3917
16,256,16,128,28.437
16,256,16,256,34.688
16,256,16,512,52.9173
16,256,16,1024,89.664
16,256,16,2048,158.762
16,256,16,4096,296.33
16,256,16,8192,590.804
16,256,16,16384,1156.17
16,256,16,32768,2296.98
16,256,16,65536,4566.83
16,256,16,131055,8983.45
16,256,32,16,35.5733
16,256,32,32,35.9573
16,256,32,64,36.5653
16,256,32,128,50.2187
16,256,32,256,65.717
16,256,32,512,100.939
16,256,32,1024,171.029
16,256,32,2048,306.964
16,256,32,4096,594.655
16,256,32,8192,1214.45
16,256,32,16384,2392.7
16,256,32,32768,4757.16
16,256,32,65536,9760
16,256,32,131055,20534.8
16,256,64,16,57.8667
16,256,64,32,58.741
16,256,64,64,60.458
16,256,64,128,89.4927
16,256,64,256,124.757
16,256,64,512,190.421
16,256,64,1024,315.348
16,256,64,2048,567.839
16,256,64,4096,1454.08
16,256,64,8192,2923.8
16,256,64,16384,6102.51
16,256,64,32768,13873.8
16,256,64,65536,27306.3
16,256,64,131055,57001.5
16,512,0,0,18.5603
16,512,1,16,18.1017
16,512,1,32,18.1013
16,512,1,64,18.08
16,512,1,128,18.1017
16,512,1,256,18.0693
16,512,1,512,18.261
16,512,1,1024,29.1843
16,512,1,2048,52.6507
16,512,1,4096,98.6877
16,512,1,8192,191.295
16,512,1,16384,375.028
16,512,1,32768,742.868
16,512,1,65536,1477.66
16,512,1,131055,2966.57
16,512,2,16,18.048
16,512,2,32,18.112
16,512,2,64,18.1117
16,512,2,128,18.08
16,512,2,256,18.144
16,512,2,512,18.2933
16,512,2,1024,29.6533
16,512,2,2048,53.0557
16,512,2,4096,99.7973
16,512,2,8192,192.138
16,512,2,16384,380.692
16,512,2,32768,747.38
16,512,2,65536,1485.44
16,512,2,131055,2962.49
16,512,4,16,18.3683
16,512,4,32,18.4103
16,512,4,64,18.2933
16,512,4,128,18.5493
16,512,4,256,18.8693
16,512,4,512,19.062
16,512,4,1024,30.997
16,512,4,2048,56.0217
16,512,4,4096,103.701
16,512,4,8192,198.763
16,512,4,16384,387.519
16,512,4,32768,761.46
16,512,4,65536,1510.54
16,512,4,131055,2992.39
16,512,8,16,23.6263
16,512,8,32,23.701
16,512,8,64,24.0213
16,512,8,128,26.3257
16,512,8,256,29.2583
16,512,8,512,35.6587
16,512,8,1024,59.7337
16,512,8,2048,107.242
16,512,8,4096,200.64
16,512,8,8192,387.678
16,512,8,16384,774.76
16,512,8,32768,1534.65
16,512,8,65536,3025.67
16,512,8,131055,6022.75
16,512,16,16,28.533
16,512,16,32,28.4053
16,512,16,64,28.9487
16,512,16,128,34.0053
16,512,16,256,40.3627
16,512,16,512,52.9387
16,512,16,1024,89.931
16,512,16,2048,158.261
16,512,16,4096,296.404
16,512,16,8192,592.521
16,512,16,16384,1165.58
16,512,16,32768,2307.73
16,512,16,65536,4596.51
16,512,16,131055,8984.26
16,512,32,16,41.504
16,512,32,32,41.888
16,512,32,64,42.5813
16,512,32,128,56.021
16,512,32,256,70.838
16,512,32,512,101.397
16,512,32,1024,171.189
16,512,32,2048,307.999
16,512,32,4096,590.6
16,512,32,8192,1210.08
16,512,32,16384,2380.74
16,512,32,32768,4769.13
16,512,32,65536,9826.7
16,512,32,131055,19726.9
16,512,64,16,65.76
16,512,64,32,66.784
16,512,64,64,68.6723
16,512,64,128,93.205
16,512,64,256,125.088
16,512,64,512,193.056
16,512,64,1024,322.837
16,512,64,2048,572.724
16,512,64,4096,1451.99
16,512,64,8192,2929.55
16,512,64,16384,5929.64
16,512,64,32768,13550.9
16,512,64,65536,26268.1
16,512,64,131055,52075.9
16,1024,0,0,30.176
16,1024,1,16,29.5463
16,1024,1,32,29.568
16,1024,1,64,29.8027
16,1024,1,128,29.483
16,1024,1,256,29.5893
16,1024,1,512,29.8777
16,1024,1,1024,30.091
16,1024,1,2048,53.227
16,1024,1,4096,99.797
16,1024,1,8192,192.864
16,1024,1,16384,378.612
16,1024,1,32768,750.761
16,1024,1,65536,1499.58
16,1024,1,131055,2982.87
16,1024,2,16,29.664
16,1024,2,32,29.4083
16,1024,2,64,29.696
16,1024,2,128,29.6957
16,1024,2,256,29.6747
16,1024,2,512,29.8027
16,1024,2,1024,30.4427
16,1024,2,2048,53.4183
16,1024,2,4096,101.088
16,1024,2,8192,194.495
16,1024,2,16384,382.112
16,1024,2,32768,751.06
16,1024,2,65536,1500.23
16,1024,2,131055,2985.46
16,1024,4,16,29.8557
16,1024,4,32,29.6207
16,1024,4,64,29.697
16,1024,4,128,29.696
16,1024,4,256,30.422
16,1024,4,512,30.6777
16,1024,4,1024,31.456
16,1024,4,2048,56.4483
16,1024,4,4096,103.989
16,1024,4,8192,199.146
16,1024,4,16384,387.327
16,1024,4,32768,765.962
16,1024,4,65536,1514.91
16,1024,4,131055,3007.82
16,1024,8,16,34.4427
16,1024,8,32,34.528
16,1024,8,64,34.7303
16,1024,8,128,37.4933
16,1024,8,256,40.5227
16,1024,8,512,46.9543
16,1024,8,1024,60.32
16,1024,8,2048,107.083
16,1024,8,4096,200.939
16,1024,8,8192,387.253
16,1024,8,16384,776.373
16,1024,8,32768,1530.35
16,1024,8,65536,3036.87
16,1024,8,131055,6025.54
16,1024,16,16,39.296
16,1024,16,32,39.605
16,1024,16,64,39.915
16,1024,16,128,45.7173
16,1024,16,256,52.0533
16,1024,16,512,64.3307
16,1024,16,1024,90.336
16,1024,16,2048,159.029
16,1024,16,4096,297.226
16,1024,16,8192,590.228
16,1024,16,16384,1165.93
16,1024,16,32768,2293.33
16,1024,16,65536,4567.59
16,1024,16,131055,8989.91
16,1024,32,16,52.7467
16,1024,32,32,53.205
16,1024,32,64,54.0687
16,1024,32,128,67.616
16,1024,32,256,82.7733
16,1024,32,512,111.445
16,1024,32,1024,172.235
16,1024,32,2048,307.797
16,1024,32,4096,590.815
16,1024,32,8192,1213.06
16,1024,32,16384,2391.74
16,1024,32,32768,4750.64
16,1024,32,65536,9884.24
16,1024,32,131055,19752.2
16,1024,64,16,77.248
16,1024,64,32,79.0183
16,1024,64,64,79.744
16,1024,64,128,108.96
16,1024,64,256,137.621
16,1024,64,512,194.464
16,1024,64,1024,328.479
16,1024,64,2048,582.697
16,1024,64,4096,1451.16
16,1024,64,8192,2930.02
16,1024,64,16384,5860.47
16,1024,64,32768,13810.4
16,1024,64,65536,26773.4
16,1024,64,131055,52338.1
16,2048,0,0,54.1867
16,2048,1,16,52.9493
16,2048,1,32,53.0777
16,2048,1,64,53.2477
16,2048,1,128,52.9803
16,2048,1,256,53.1947
16,2048,1,512,53.0987
16,2048,1,1024,53.131
16,2048,1,2048,53.3753
16,2048,1,4096,99.4027
16,2048,1,8192,190.336
16,2048,1,16384,376.884
16,2048,1,32768,751.751
16,2048,1,65536,1493.12
16,2048,1,131055,2976.33
16,2048,2,16,52.9173
16,2048,2,32,52.672
16,2048,2,64,52.992
16,2048,2,128,53.088
16,2048,2,256,53.184
16,2048,2,512,53.1947
16,2048,2,1024,53.6747
16,2048,2,2048,54.2077
16,2048,2,4096,101.472
16,2048,2,8192,194.879
16,2048,2,16384,381.525
16,2048,2,32768,753.525
16,2048,2,65536,1499.92
16,2048,2,131055,2984.01
16,2048,4,16,52.9283
16,2048,4,32,52.9707
16,2048,4,64,52.683
16,2048,4,128,53.1197
16,2048,4,256,53.536
16,2048,4,512,54.4103
16,2048,4,1024,55.04
16,2048,4,2048,56.725
16,2048,4,4096,104.853
16,2048,4,8192,200.693
16,2048,4,16384,389.503
16,2048,4,32768,762.666
16,2048,4,65536,1511.7
16,2048,4,131055,3011.91
16,2048,8,16,56.5547
16,2048,8,32,56.64
16,2048,8,64,57.184
16,2048,8,128,59.1997
16,2048,8,256,62.6663
16,2048,8,512,69.3433
16,2048,8,1024,82.464
16,2048,8,2048,108.149
16,2048,8,4096,200.149
16,2048,8,8192,385.706
16,2048,8,16384,773.812
16,2048,8,32768,1533.15
16,2048,8,65536,3052.4
16,2048,8,131055,6045.8
16,2048,16,16,61.4613
16,2048,16,32,61.631
16,2048,16,64,62.0697
16,2048,16,128,67.9993
16,2048,16,256,74.506
16,2048,16,512,87.3387
16,2048,16,1024,111.797
16,2048,16,2048,159.477
16,2048,16,4096,297.94
16,2048,16,8192,591.637
16,2048,16,16384,1167.38
16,2048,16,32768,2303.33
16,2048,16,65536,4591.04
16,2048,16,131055,8982.34
16,2048,32,16,74.2933
16,2048,32,32,74.965
16,2048,32,64,75.979
16,2048,32,128,89.8557
16,2048,32,256,105.6
16,2048,32,512,134.133
16,2048,32,1024,192.191
16,2048,32,2048,309.215
16,2048,32,4096,590.046
16,2048,32,8192,1217.71
16,2048,32,16384,2397.73
16,2048,32,32768,4764.14
16,2048,32,65536,9879.98
16,2048,32,131055,20077.8
16,2048,64,16,99.5627
16,2048,64,32,101.482
16,2048,64,64,103.328
16,2048,64,128,132.031
16,2048,64,256,164.063
16,2048,64,512,223.914
16,2048,64,1024,333.034
16,2048,64,2048,598.985
16,2048,64,4096,1435.67
16,2048,64,8192,2938.57
16,2048,64,16384,5993.82
16,2048,64,32768,13911.7
16,2048,64,65536,25955.9
16,2048,64,131055,51913.4
16,4096,0,0,100.48
16,4096,1,16,98.6453
16,4096,1,32,98.784
16,4096,1,64,99.029
16,4096,1,128,98.89
16,4096,1,256,98.5493
16,4096,1,512,98.4853
16,4096,1,1024,98.9227
16,4096,1,2048,99.3387
16,4096,1,4096,99.4347
16,4096,1,8192,190.517
16,4096,1,16384,376.736
16,4096,1,32768,747.774
16,4096,1,65536,1482.73
16,4096,1,131055,2953.93
16,4096,2,16,98.8157
16,4096,2,32,98.5277
16,4096,2,64,98.667
16,4096,2,128,98.592
16,4096,2,256,98.7197
16,4096,2,512,98.5057
16,4096,2,1024,99.232
16,4096,2,2048,99.8503
16,4096,2,4096,100.778
16,4096,2,8192,193.941
16,4096,2,16384,379.433
16,4096,2,32768,746.932
16,4096,2,65536,1485.56
16,4096,2,131055,2963.97
16,4096,4,16,98.9867
16,4096,4,32,98.7093
16,4096,4,64,99.1147
16,4096,4,128,99.061
16,4096,4,256,99.1567
16,4096,4,512,100.191
16,4096,4,1024,101.429
16,4096,4,2048,102.827
16,4096,4,4096,106.037
16,4096,4,8192,198.943
16,4096,4,16384,386.186
16,4096,4,32768,765.578
16,4096,4,65536,1503.61
16,4096,4,131055,2993.07
16,4096,8,16,99.9897
16,4096,8,32,100.203
16,4096,8,64,100.917
16,4096,8,128,103.339
16,4096,8,256,106.613
16,4096,8,512,113.525
16,4096,8,1024,126.474
16,4096,8,2048,151.744
16,4096,8,4096,202.015
16,4096,8,8192,385.589
16,4096,8,16384,772.383
16,4096,8,32768,1529.49
16,4096,8,65536,3028.16
16,4096,8,131055,6032.68
16,4096,16,16,105.077
16,4096,16,32,106.079
16,4096,16,64,106.123
16,4096,16,128,111.53
16,4096,16,256,118.016
16,4096,16,512,130.293
16,4096,16,1024,156.405
16,4096,16,2048,203.456
16,4096,16,4096,297.845
16,4096,16,8192,587.177
16,4096,16,16384,1164.6
16,4096,16,32768,2306.89
16,4096,16,65536,4583.88
16,4096,16,131055,8988.91
16,4096,32,16,117.962
16,4096,32,32,118.954
16,4096,32,64,119.947
16,4096,32,128,133.589
16,4096,32,256,148.555
16,4096,32,512,178.613
16,4096,32,1024,236.522
16,4096,32,2048,349.471
16,4096,32,4096,609.364
16,4096,32,8192,1248.63
16,4096,32,16384,2559.6
16,4096,32,32768,5215.31
16,4096,32,65536,10597.2
16,4096,32,131055,21723.3
16,4096,64,16,143.456
16,4096,64,32,144.437
16,4096,64,64,146.314
16,4096,64,128,176.16
16,4096,64,256,209.6
16,4096,64,512,272.832
16,4096,64,1024,393.611
16,4096,64,2048,611.54
16,4096,64,4096,1508.63
16,4096,64,8192,3184.54
16,4096,64,16384,6838.75
16,4096,64,32768,14730.4
16,4096,64,65536,28442.6
16,4096,64,131055,58939.4
16,8192,0,0,192.895
16,8192,1,16,192.106
16,8192,1,32,192.544
16,8192,1,64,192.5
16,8192,1,128,192.287
16,8192,1,256,190.422
16,8192,1,512,193.163
16,8192,1,1024,192.607
16,8192,1,2048,192.607
16,8192,1,4096,193.578
16,8192,1,8192,193.119
16,8192,1,16384,380.16
16,8192,1,32768,750.302
16,8192,1,65536,1489.83
16,8192,1,131055,2986.9
16,8192,2,16,192.277
16,8192,2,32,192.245
16,8192,2,64,192.106
16,8192,2,128,192.383
16,8192,2,256,191.253
16,8192,2,512,192.682
16,8192,2,1024,192.106
16,8192,2,2048,192.426
16,8192,2,4096,193.173
16,8192,2,8192,195.978
16,8192,2,16384,383.818
16,8192,2,32768,757.951
16,8192,2,65536,1501.57
16,8192,2,131055,2993.51
16,8192,4,16,192.224
16,8192,4,32,192.192
16,8192,4,64,192.406
16,8192,4,128,191.583
16,8192,4,256,192.661
16,8192,4,512,193.12
16,8192,4,1024,194.709
16,8192,4,2048,195.626
16,8192,4,4096,198.591
16,8192,4,8192,203.146
16,8192,4,16384,391.209
16,8192,4,32768,767.892
16,8192,4,65536,1512.62
16,8192,4,131055,3018.17
16,8192,8,16,190.912
16,8192,8,32,192.116
16,8192,8,64,191.957
16,8192,8,128,192.875
16,8192,8,256,193.972
16,8192,8,512,199.946
16,8192,8,1024,213.61
16,8192,8,2048,238.549
16,8192,8,4096,288.714
16,8192,8,8192,396.363
16,8192,8,16384,766.73
16,8192,8,32768,1536.9
16,8192,8,65536,3052.77
16,8192,8,131055,6069.5
16,8192,16,16,191.861
16,8192,16,32,193.418
16,8192,16,64,193.802
16,8192,16,128,199.744
16,8192,16,256,206.069
16,8192,16,512,218.08
16,8192,16,1024,243.541
16,8192,16,2048,291.243
16,8192,16,4096,385.215
16,8192,16,8192,599.295
16,8192,16,16384,1176.23
16,8192,16,32768,2339.3
16,8192,16,65536,4710.4
16,8192,16,131055,9184.3
16,8192,32,16,205.749
16,8192,32,32,205.727
16,8192,32,64,207.668
16,8192,32,128,220.597
16,8192,32,256,236.746
16,8192,32,512,265.493
16,8192,32,1024,323.85
16,8192,32,2048,439.455
16,8192,32,4096,692.052
16,8192,32,8192,1250.87
16,8192,32,16384,2594.65
16,8192,32,32768,5636.99
16,8192,32,65536,11559.8
16,8192,32,131055,22653
16,8192,64,16,228.81
16,8192,64,32,230.048
16,8192,64,64,233.375
16,8192,64,128,263.391
16,8192,64,256,297.674
16,8192,64,512,362.303
16,8192,64,1024,488.788
16,8192,64,2048,729.225
16,8192,64,4096,1559.98
16,8192,64,8192,3114.81
16,8192,64,16384,7259.87
16,8192,64,32768,15291.6
16,8192,64,65536,30421.7
16,8192,64,131055,63931.6
16,16384,0,0,376.736
16,16384,1,16,374.155
16,16384,1,32,375.466
16,16384,1,64,371.882
16,16384,1,128,373.727
16,16384,1,256,375.968
16,16384,1,512,375.082
16,16384,1,1024,376.778
16,16384,1,2048,373.002
16,16384,1,4096,374.847
16,16384,1,8192,374.57
16,16384,1,16384,376.468
16,16384,1,32768,746.003
16,16384,1,65536,1485.97
16,16384,1,131055,2945.98
16,16384,2,16,374.537
16,16384,2,32,373.707
16,16384,2,64,373.227
16,16384,2,128,374.026
16,16384,2,256,374.144
16,16384,2,512,374.346
16,16384,2,1024,373.727
16,16384,2,2048,375.039
16,16384,2,4096,374.517
16,16384,2,8192,374.228
16,16384,2,16384,381.257
16,16384,2,32768,748.244
16,16384,2,65536,1486.44
16,16384,2,131055,2960.43
16,16384,4,16,373.791
16,16384,4,32,375.7
16,16384,4,64,374.868
16,16384,4,128,378.304
16,16384,4,256,378.421
16,16384,4,512,378.175
16,16384,4,1024,381.408
16,16384,4,2048,382.069
16,16384,4,4096,383.253
16,16384,4,8192,386.549
16,16384,4,16384,396.255
16,16384,4,32768,771.082
16,16384,4,65536,1520.86
16,16384,4,131055,3004.17
16,16384,8,16,373.386
16,16384,8,32,373.024
16,16384,8,64,377.972
16,16384,8,128,378.774
16,16384,8,256,379.36
16,16384,8,512,379.999
16,16384,8,1024,388.074
16,16384,8,2048,413.301
16,16384,8,4096,463.189
16,16384,8,8192,571.327
16,16384,8,16384,778.624
16,16384,8,32768,1534.53
16,16384,8,65536,3050.31
16,16384,8,131055,6074.19
16,16384,16,16,376.17
16,16384,16,32,378.496
16,16384,16,64,374.655
16,16384,16,128,377.62
16,16384,16,256,382.868
16,16384,16,512,390.847
16,16384,16,1024,417.567
16,16384,16,2048,464.288
16,16384,16,4096,561.375
16,16384,16,8192,779.636
16,16384,16,16384,1181.04
16,16384,16,32768,2335.81
16,16384,16,65536,4728.59
16,16384,16,131055,9210.47
16,16384,32,16,379.626
16,16384,32,32,380.863
16,16384,32,64,380.81
16,16384,32,128,393.045
16,16384,32,256,409.898
16,16384,32,512,439.817
16,16384,32,1024,497.108
16,16384,32,2048,614.216
16,16384,32,4096,863.646
16,16384,32,8192,1394.13
16,16384,32,16384,2465.67
16,16384,32,32768,5612.52
16,16384,32,65536,11397.6
16,16384,32,131055,23569.6
16,16384,64,16,399.967
16,16384,64,32,399.679
16,16384,64,64,401.748
16,16384,64,128,432.628
16,16384,64,256,465.845
16,16384,64,512,528.532
16,16384,64,1024,659.7
16,16384,64,2048,912.02
16,16384,64,4096,1795.23
16,16384,64,8192,3101.12
16,16384,64,16384,6342.16
16,16384,64,32768,16445.2
16,16384,64,65536,29503.8
16,16384,64,131055,61220.8
16,32768,0,0,749.769
16,32768,1,16,743.369
16,32768,1,32,740.318
16,32768,1,64,736.937
16,32768,1,128,736.148
16,32768,1,256,741.439
16,32768,1,512,740.991
16,32768,1,1024,736.831
16,32768,1,2048,738.74
16,32768,1,4096,740.692
16,32768,1,8192,745.781
16,32768,1,16384,743.455
16,32768,1,32768,743.082
16,32768,1,65536,1488.37
16,32768,1,131055,2947.66
16,32768,2,16,739.241
16,32768,2,32,740.063
16,32768,2,64,740.01
16,32768,2,128,741.854
16,32768,2,256,743.167
16,32768,2,512,745.109
16,32768,2,1024,739.518
16,32768,2,2048,742.517
16,32768,2,4096,741.183
16,32768,2,8192,740.97
16,32768,2,16384,745.321
16,32768,2,32768,751.444
16,32768,2,65536,1486.12
16,32768,2,131055,2963.44
16,32768,4,16,741.727
16,32768,4,32,741.396
16,32768,4,64,739.615
16,32768,4,128,739.253
16,32768,4,256,741.748
16,32768,4,512,739.732
16,32768,4,1024,743.859
16,32768,4,2048,744.158
16,32768,4,4096,746.591
16,32768,4,8192,753.066
16,32768,4,16384,759.018
16,32768,4,32768,773.534
16,32768,4,65536,1519.56
16,32768,4,131055,3003.83
16,32768,8,16,742.314
16,32768,8,32,739.219
16,32768,8,64,742.538
16,32768,8,128,740.82
16,32768,8,256,740.606
16,32768,8,512,745.205
16,32768,8,1024,748.33
16,32768,8,2048,755.509
16,32768,8,4096,806.26
16,32768,8,8192,918.761
16,32768,8,16384,1126.32
16,32768,8,32768,1524.66
16,32768,8,65536,3046.52
16,32768,8,131055,6065.17
16,32768,16,16,742.9
16,32768,16,32,747.924
16,32768,16,64,747.241
16,32768,16,128,750.378
16,32768,16,256,751.808
16,32768,16,512,752.596
16,32768,16,1024,770.143
16,32768,16,2048,811.048
16,32768,16,4096,906.74
16,32768,16,8192,1133.01
16,32768,16,16384,1543.91
16,32768,16,32768,2326.01
16,32768,16,65536,4715.79
16,32768,16,131055,9343.56
16,32768,32,16,740.915
16,32768,32,32,741.982
16,32768,32,64,743.274
16,32768,32,128,742.74
16,32768,32,256,750.825
16,32768,32,512,782.505
16,32768,32,1024,836.606
16,32768,32,2048,953.918
16,32768,32,4096,1206.55
16,32768,32,8192,1755.35
16,32768,32,16384,2750.74
16,32768,32,32768,5201.91
16,32768,32,65536,11738.4
16,32768,32,131055,22536.5
16,32768,64,16,743.838
16,32768,64,32,743.306
16,32768,64,64,745.982
16,32768,64,128,777.715
16,32768,64,256,809.097
16,32768,64,512,875.369
16,32768,64,1024,1003.95
16,32768,64,2048,1268
16,32768,64,4096,2226.03
16,32768,64,8192,3650.94
16,32768,64,16384,6268.72
16,32768,64,32768,14526.4
16,32768,64,65536,30229.3
16,32768,64,131055,63662.9
16,65536,0,0,1480.97
16,65536,1,16,1480.61
16,65536,1,32,1480.01
16,65536,1,64,1483.82
16,65536,1,128,1479.64
16,65536,1,256,1480.72
16,65536,1,512,1478.57
16,65536,1,1024,1483.12
16,65536,1,2048,1474.13
16,65536,1,4096,1477.24
16,65536,1,8192,1479.23
16,65536,1,16384,1479.7
16,65536,1,32768,1475.44
16,65536,1,65536,1485.51
16,65536,1,131055,2945.11
16,65536,2,16,1485.05
16,65536,2,32,1481.01
16,65536,2,64,1476.93
16,65536,2,128,1473.08
16,65536,2,256,1481.68
16,65536,2,512,1476.05
16,65536,2,1024,1481.06
16,65536,2,2048,1477.76
16,65536,2,4096,1479.18
16,65536,2,8192,1474.18
16,65536,2,16384,1478.29
16,65536,2,32768,1481.06
16,65536,2,65536,1494.27
16,65536,2,131055,2963.72
16,65536,4,16,1476.82
16,65536,4,32,1483.09
16,65536,4,64,1475.39
16,65536,4,128,1481.65
16,65536,4,256,1480.71
16,65536,4,512,1480.02
16,65536,4,1024,1487.44
16,65536,4,2048,1489.5
16,65536,4,4096,1491.22
16,65536,4,8192,1486.31
16,65536,4,16384,1492.73
16,65536,4,32768,1519.44
16,65536,4,65536,1542.74
16,65536,4,131055,3039.31
16,65536,8,16,1491.36
16,65536,8,32,1488.75
16,65536,8,64,1488.83
16,65536,8,128,1493.1
16,65536,8,256,1491.59
16,65536,8,512,1496.29
16,65536,8,1024,1499.42
16,65536,8,2048,1500.96
16,65536,8,4096,1515.02
16,65536,8,8192,1621.53
16,65536,8,16384,1850.61
16,65536,8,32768,2280.3
16,65536,8,65536,3063.91
16,65536,8,131055,6054.88
16,65536,16,16,1482.63
16,65536,16,32,1481.77
16,65536,16,64,1489.07
16,65536,16,128,1485.89
16,65536,16,256,1498
16,65536,16,512,1497.7
16,65536,16,1024,1502.53
16,65536,16,2048,1518.75
16,65536,16,4096,1613.69
16,65536,16,8192,1830.38
16,65536,16,16384,2252.93
16,65536,16,32768,3078.11
16,65536,16,65536,4805.52
16,65536,16,131055,9372.02
16,65536,32,16,1489.89
16,65536,32,32,1494.3
16,65536,32,64,1495.85
16,65536,32,128,1494.78
16,65536,32,256,1500.1
16,65536,32,512,1502.4
16,65536,32,1024,1549.06
16,65536,32,2048,1660.24
16,65536,32,4096,1915.19
16,65536,32,8192,2474.44
16,65536,32,16384,3480.79
16,65536,32,32768,5800.2
16,65536,32,65536,10665.3
16,65536,32,131055,24277.7
16,65536,64,16,1473.91
16,65536,64,32,1484.33
16,65536,64,64,1489.03
16,65536,64,128,1492.06
16,65536,64,256,1512.39
16,65536,64,512,1582.78
16,65536,64,1024,1714.74
16,65536,64,2048,1968.27
16,65536,64,4096,2955.5
16,65536,64,8192,4515.89
16,65536,64,16384,7837.32
16,65536,64,32768,15225.8
16,65536,64,65536,27554.7
16,65536,64,131055,65254
16,131055,0,0,2947.6
16,131055,1,16,2940.41
16,131055,1,32,2931.15
16,131055,1,64,2943.19
16,131055,1,128,2935.31
16,131055,1,256,2939.57
16,131055,1,512,2928.78
16,131055,1,1024,2932.36
16,131055,1,2048,2939.72
16,131055,1,4096,2934.01
16,131055,1,8192,2930.57
16,131055,1,16384,2932.2
16,131055,1,32768,2940.48
16,131055,1,65536,2946.16
16,131055,1,131055,2959.09
16,131055,2,16,2956.65
16,131055,2,32,2951.31
16,131055,2,64,2950.18
16,131055,2,128,2937.19
16,131055,2,256,2939.1
16,131055,2,512,2940.31
16,131055,2,1024,2930.11
16,131055,2,2048,2940.28
16,131055,2,4096,2942.74
16,131055,2,8192,2938.48
16,131055,2,16384,2943.77
16,131055,2,32768,2937.76
16,131055,2,65536,2942.71
16,131055,2,131055,2965.26
16,131055,4,16,2943.05
16,131055,4,32,2949.48
16,131055,4,64,2952.94
16,131055,4,128,2948.68
16,131055,4,256,2943.67
16,131055,4,512,2941.05
16,131055,4,1024,2949.61
16,131055,4,2048,2948.56
16,131055,4,4096,2962.19
16,131055,4,8192,2960.77
16,131055,4,16384,2957.52
16,131055,4,32768,2988.18
16,131055,4,65536,3000.02
16,131055,4,131055,3045.31
16,131055,8,16,2942.12
16,131055,8,32,2955.5
16,131055,8,64,2950.42
16,131055,8,128,2943.5
16,131055,8,256,2948.78
16,131055,8,512,2958.91
16,131055,8,1024,2955.45
16,131055,8,2048,2958.21
16,131055,8,4096,2987.56
16,131055,8,8192,3012.66
16,131055,8,16384,3226.6
16,131055,8,32768,3703.4
16,131055,8,65536,4521.49
16,131055,8,131055,6056.38
16,131055,16,16,2955.23
16,131055,16,32,2982.46
16,131055,16,64,2971.52
16,131055,16,128,2970.57
16,131055,16,256,2984.05
16,131055,16,512,2980.62
16,131055,16,1024,2987.64
16,131055,16,2048,2992.85
16,131055,16,4096,3026.21
16,131055,16,8192,3210.18
16,131055,16,16384,3617.74
16,131055,16,32768,4498.77
16,131055,16,65536,6216.84
16,131055,16,131055,9179.86
16,131055,32,16,2978.35
16,131055,32,32,2969.31
16,131055,32,64,2975.29
16,131055,32,128,2978.34
16,131055,32,256,2973.87
16,131055,32,512,2982.64
16,131055,32,1024,2986.6
16,131055,32,2048,3037.12
16,131055,32,4096,3315.26
16,131055,32,8192,3866.86
16,131055,32,16384,4893.22
16,131055,32,32768,7054.46
16,131055,32,65536,12039.8
16,131055,32,131055,20072.8
16,131055,64,16,2947.71
16,131055,64,32,2948.39
16,131055,64,64,2947.64
16,131055,64,128,2963.51
16,131055,64,256,2968.12
16,131055,64,512,2958.02
16,131055,64,1024,3091.75
16,131055,64,2048,3342.27
16,131055,64,4096,4319.08
16,131055,64,8192,5908.88
16,131055,64,16384,9320.19
16,131055,64,32768,17783.7
16,131055,64,65536,29483.6
16,131055,64,131055,59594.9
32,0,0,0,8.24533
32,0,1,16,8.08533
32,0,1,32,8.07467
32,0,1,64,8.07467
32,0,1,128,10.0263
32,0,1,256,12.768
32,0,1,512,18.0267
32,0,1,1024,29.408
32,0,1,2048,52.8957
32,0,1,4096,99.05
32,0,1,8192,190.784
32,0,1,16384,375.978
32,0,1,32768,745
32,0,1,65536,1483.34
32,0,1,131055,2947.5
32,0,2,16,8.04267
32,0,2,32,8.12767
32,0,2,64,7.94667
32,0,2,128,10.112
32,0,2,256,12.7893
32,0,2,512,18.133
32,0,2,1024,29.557
32,0,2,2048,52.7783
32,0,2,4096,99.36
32,0,2,8192,192.149
32,0,2,16384,379.091
32,0,2,32768,748.723
32,0,2,65536,1486.83
32,0,2,131055,2957.8
32,0,4,16,8.13867
32,0,4,32,8.11733
32,0,4,64,8.128
32,0,4,128,10.2397
32,0,4,256,13.0877
32,0,4,512,18.528
32,0,4,1024,30.6667
32,0,4,2048,54.986
32,0,4,4096,102.517
32,0,4,8192,197.12
32,0,4,16384,383.391
32,0,4,32768,755.037
32,0,4,65536,1499.96
32,0,4,131055,2985.62
32,0,8,16,12.5543
32,0,8,32,12.64
32,0,8,64,12.7467
32,0,8,128,17.5153
32,0,8,256,23.1787
32,0,8,512,34.389
32,0,8,1024,58.9333
32,0,8,2048,105.664
32,0,8,4096,199.327
32,0,8,8192,386.654
32,0,8,16384,769.246
32,0,8,32768,1522.9
32,0,8,65536,3019.51
32,0,8,131055,6030.09
32,0,16,16,16.9493
32,0,16,32,17.0983
32,0,16,64,17.4507
32,0,16,128,25.1837
32,0,16,256,33.9303
32,0,16,512,51.712
32,0,16,1024,88.8003
32,0,16,2048,157.397
32,0,16,4096,296.949
32,0,16,8192,590.333
32,0,16,16384,1155.57
32,0,16,32768,2301.45
32,0,16,65536,4564.75
32,0,16,131055,8977.86
32,0,32,16,29.8237
32,0,32,32,30.272
32,0,32,64,30.9547
32,0,32,128,47.093
32,0,32,256,65.2583
32,0,32,512,101.173
32,0,32,1024,171.178
32,0,32,2048,307.061
32,0,32,4096,594.633
32,0,32,8192,1206.78
32,0,32,16384,2384
32,0,32,32768,4745.2
32,0,32,65536,9747.74
32,0,32,131055,20190
32,0,64,16,54.4853
32,0,64,32,55.2957
32,0,64,64,56.7677
32,0,64,128,87.4877
32,0,64,256,119.957
32,0,64,512,183.456
32,0,64,1024,309.471
32,0,64,2048,562.601
32,0,64,4096,1444.87
32,0,64,8192,2926.73
32,0,64,16384,5925.91
32,0,64,32768,13620.3
32,0,64,65536,25807.4
32,0,64,131055,54718.9
32,16,0,0,8.491
32,16,1,16,8.20267
32,16,1,32,8.352
32,16,1,64,8.34133
32,16,1,128,10.0587
32,16,1,256,12.704
32,16,1,512,18.091
32,16,1,1024,29.3337
32,16,1,2048,52.5547
32,16,1,4096,98.8473
32,16,1,8192,190.869
32,16,1,16384,375.69
32,16,1,32768,744.275
32,16,1,65536,1486.1
32,16,1,131055,2954.95
32,16,2,16,8.11733
32,16,2,32,8.064
32,16,2,64,8.352
32,16,2,128,10.1657
32,16,2,256,12.8107
32,16,2,512,18.1333
32,16,2,1024,29.5787
32,16,2,2048,52.8533
32,16,2,4096,99.2633
32,16,2,8192,191.797
32,16,2,16384,377.887
32,16,2,32768,746.324
32,16,2,65536,1485.15
32,16,2,131055,2959.74
32,16,4,16,8.182
32,16,4,32,8.22367
32,16,4,64,8.448
32,16,4,128,10.2723
32,16,4,256,13.1733
32,16,4,512,18.656
32,16,4,1024,30.3997
32,16,4,2048,55.1787
32,16,4,4096,102.357
32,16,4,8192,196.501
32,16,4,16384,385.311
32,16,4,32768,755.561
32,16,4,65536,1498.07
32,16,4,131055,2990.63
32,16,8,16,12.5977
32,16,8,32,12.864
32,16,8,64,13.0343
32,16,8,128,17.4937
32,16,8,256,23.1143
32,16,8,512,34.5383
32,16,8,1024,59.232
32,16,8,2048,105.824
32,16,8,4096,200.202
32,16,8,8192,389.855
32,16,8,16384,777.042
32,16,8,32768,1535.01
32,16,8,65536,3036.26
32,16,8,131055,6035.24
32,16,16,16,17.152
32,16,16,32,17.2697
32,16,16,64,17.8773
32,16,16,128,25.376
32,16,16,256,34.2397
32,16,16,512,52.3513
32,16,16,1024,89.6103
32,16,16,2048,158.624
32,16,16,4096,296.853
32,16,16,8192,590.932
32,16,16,16384,1161.25
32,16,16,32768,2311.1
32,16,16,65536,4569.98
32,16,16,131055,8977.26
32,16,32,16,29.9837
32,16,32,32,30.2933
32,16,32,64,31.36
32,16,32,128,46.9333
32,16,32,256,65.408
32,16,32,512,101.344
32,16,32,1024,171.456
32,16,32,2048,307.476
32,16,32,4096,594.399
32,16,32,8192,1211.29
32,16,32,16384,2397.03
32,16,32,32768,4751.56
32,16,32,65536,9658
32,16,32,131055,20146.1
32,16,64,16,54.7947
32,16,64,32,55.6587
32,16,64,64,57.483
32,16,64,128,87.8723
32,16,64,256,121.29
32,16,64,512,185.067
32,16,64,1024,312.116
32,16,64,2048,566.175
32,16,64,4096,1448.96
32,16,64,8192,2925.08
32,16,64,16384,5936.19
32,16,64,32768,13220
32,16,64,65536,26793.4
32,16,64,131055,54756.8
32,32,0,0,8.40567
32,32,1,16,8.192
32,32,1,32,8.18133
32,32,1,64,8.33133
32,32,1,128,10.0373
32,32,1,256,12.758
32,32,1,512,17.9947
32,32,1,1024,29.365
32,32,1,2048,52.469
32,32,1,4096,98.8803
32,32,1,8192,190.57
32,32,1,16384,376.01
32,32,1,32768,742.922
32,32,1,65536,1489.52
32,32,1,131055,2946.92
32,32,2,16,8.10667
32,32,2,32,8.10667
32,32,2,64,8.267
32,32,2,128,10.1437
32,32,2,256,12.832
32,32,2,512,18.1543
32,32,2,1024,29.472
32,32,2,2048,52.864
32,32,2,4096,99.7657
32,32,2,8192,193.045
32,32,2,16384,378.09
32,32,2,32768,747.923
32,32,2,65536,1486.74
32,32,2,131055,2964.86
32,32,4,16,8.171
32,32,4,32,8.21267
32,32,4,64,8.44833
32,32,4,128,10.3573
32,32,4,256,13.12
32,32,4,512,18.9227
32,32,4,1024,30.5067
32,32,4,2048,55.0187
32,32,4,4096,102.528
32,32,4,8192,197.023
32,32,4,16384,383.263
32,32,4,32768,756.466
32,32,4,65536,1496.19
32,32,4,131055,2979.99
32,32,8,16,12.6723
32,32,8,32,12.6723
32,32,8,64,13.152
32,32,8,128,17.5997
32,32,8,256,23.136
32,32,8,512,34.4323
32,32,8,1024,58.88
32,32,8,2048,105.824
32,32,8,4096,198.934
32,32,8,8192,385.557
32,32,8,16384,769.971
32,32,8,32768,1527.71
32,32,8,65536,3023.59
32,32,8,131055,6026.61
32,32,16,16,17.045
32,32,16,32,17.28
32,32,16,64,17.8453
32,32,16,128,25.3653
32,32,16,256,33.931
32,32,16,512,52.1703
32,32,16,1024,88.2343
32,32,16,2048,157.109
32,32,16,4096,294.794
32,32,16,8192,587.081
32,32,16,16384,1153.37
32,32,16,32768,2290.99
32,32,16,65536,4546.74
32,32,16,131055,8973.45
32,32,32,16,29.824
32,32,32,32,30.1007
32,32,32,64,31.0717
32,32,32,128,46.656
32,32,32,256,64.7253
32,32,32,512,99.7437
32,32,32,1024,170.464
32,32,32,2048,305.066
32,32,32,4096,589.715
32,32,32,8192,1207.04
32,32,32,16384,2378.82
32,32,32,32768,4746.32
32,32,32,65536,9777.37
32,32,32,131055,20765.3
32,32,64,16,54.3467
32,32,64,32,55.2647
32,32,64,64,56.9817
32,32,64,128,87.04
32,32,64,256,120.533
32,32,64,512,184.075
32,32,64,1024,310.218
32,32,64,2048,562.292
32,32,64,4096,1445.6
32,32,64,8192,2927.38
32,32,64,16384,5941.6
32,32,64,32768,13742.6
32,32,64,65536,26550.1
32,32,64,131055,52198.8
32,64,0,0,8.576
32,64,1,16,8.20267
32,64,1,32,8.192
32,64,1,64,8.34133
32,64,1,128,10.133
32,64,1,256,12.768
32,64,1,512,18.016
32,64,1,1024,29.2373
32,64,1,2048,52.5227
32,64,1,4096,99.0077
32,64,1,8192,191.189
32,64,1,16384,374.4
32,64,1,32768,742.986
32,64,1,65536,1484.79
32,64,1,131055,2952.66
32,64,2,16,8.128
32,64,2,32,8.34167
32,64,2,64,8.33067
32,64,2,128,10.1227
32,64,2,256,12.8
32,64,2,512,18.2933
32,64,2,1024,29.6317
32,64,2,2048,52.875
32,64,2,4096,99.637
32,64,2,8192,192.939
32,64,2,16384,378.57
32,64,2,32768,749.29
32,64,2,65536,1485.44
32,64,2,131055,2958.99
32,64,4,16,8.128
32,64,4,32,8.35233
32,64,4,64,8.38467
32,64,4,128,10.315
32,64,4,256,13.2053
32,64,4,512,18.6133
32,64,4,1024,30.6347
32,64,4,2048,55.083
32,64,4,4096,102.955
32,64,4,8192,197.759
32,64,4,16384,384.736
32,64,4,32768,756.179
32,64,4,65536,1499.3
32,64,4,131055,2981.37
32,64,8,16,12.8753
32,64,8,32,13.0027
32,64,8,64,13.2267
32,64,8,128,17.664
32,64,8,256,23.3383
32,64,8,512,34.8373
32,64,8,1024,59.5947
32,64,8,2048,106.997
32,64,8,4096,200.98
32,64,8,8192,389.024
32,64,8,16384,775.955
32,64,8,32768,1537.59
32,64,8,65536,3052.54
32,64,8,131055,6041.89
32,64,16,16,17.2693
32,64,16,32,17.5147
32,64,16,64,18.016
32,64,16,128,25.1097
32,64,16,256,33.8453
32,64,16,512,52.1067
32,64,16,1024,88.7143
32,64,16,2048,157.493
32,64,16,4096,293.973
32,64,16,8192,586.868
32,64,16,16384,1157.36
32,64,16,32768,2282.81
32,64,16,65536,4559.53
32,64,16,131055,8973.84
32,64,32,16,29.9733
32,64,32,32,30.272
32,64,32,64,31.2213
32,64,32,128,46.5707
32,64,32,256,64.8747
32,64,32,512,100.191
32,64,32,1024,169.802
32,64,32,2048,304.533
32,64,32,4096,589.46
32,64,32,8192,1205.76
32,64,32,16384,2371.21
32,64,32,32768,4736.81
32,64,32,65536,9642.66
32,64,32,131055,19726.4
32,64,64,16,54.5497
32,64,64,32,55.7763
32,64,64,64,57.504
32,64,64,128,88.0107
32,64,64,256,121.44
32,64,64,512,184.789
32,64,64,1024,311.009
32,64,64,2048,566.388
32,64,64,4096,1447.56
32,64,64,8192,2924.89
32,64,64,16384,5938.74
32,64,64,32768,13357.6
32,64,64,65536,26139.8
32,64,64,131055,50437.7
32,128,0,0,10.944
32,128,1,16,10.357
32,128,1,32,10.4003
32,128,1,64,10.4533
32,128,1,128,10.73
32,128,1,256,12.8
32,128,1,512,18.155
32,128,1,1024,29.6747
32,128,1,2048,52.885
32,128,1,4096,99.6163
32,128,1,8192,192.202
32,128,1,16384,377.343
32,128,1,32768,745.342
32,128,1,65536,1496.56
32,128,1,131055,2976.73
32,128,2,16,10.4107
32,128,2,32,10.3893
32,128,2,64,10.3787
32,128,2,128,10.752
32,128,2,256,12.9277
32,128,2,512,18.272
32,128,2,1024,29.6747
32,128,2,2048,53.1627
32,128,2,4096,100.427
32,128,2,8192,194.772
32,128,2,16384,380.671
32,128,2,32768,753.938
32,128,2,65536,1496.28
32,128,2,131055,2987.24
32,128,4,16,10.368
32,128,4,32,10.4
32,128,4,64,10.4107
32,128,4,128,10.6773
32,128,4,256,13.1097
32,128,4,512,18.816
32,128,4,1024,30.9547
32,128,4,2048,55.9037
32,128,4,4096,103.306
32,128,4,8192,199.796
32,128,4,16384,387.412
32,128,4,32768,761.011
32,128,4,65536,1510.68
32,128,4,131055,3005.62
32,128,8,16,15.456
32,128,8,32,15.6693
32,128,8,64,15.84
32,128,8,128,18.453
32,128,8,256,23.1783
32,128,8,512,34.9013
32,128,8,1024,59.8617
32,128,8,2048,106.891
32,128,8,4096,199.883
32,128,8,8192,389.428
32,128,8,16384,777.79
32,128,8,32768,1531.17
32,128,8,65536,3048.84
32,128,8,131055,6031.05
32,128,16,16,19.8507
32,128,16,32,19.8823
32,128,16,64,20.5123
32,128,16,128,25.504
32,128,16,256,34.0587
32,128,16,512,52.096
32,128,16,1024,88.7677
32,128,16,2048,157.322
32,128,16,4096,295.616
32,128,16,8192,588.533
32,128,16,16384,1155.24
32,128,16,32768,2287.54
32,128,16,65536,4565.72
32,128,16,131055,8973.39
32,128,32,16,32.8207
32,128,32,32,33.3763
32,128,32,64,34.1547
32,128,32,128,47.6583
32,128,32,256,65.365
32,128,32,512,101.109
32,128,32,1024,171.253
32,128,32,2048,307.86
32,128,32,4096,594.515
32,128,32,8192,1213.21
32,128,32,16384,2386.61
32,128,32,32768,4767.8
32,128,32,65536,9714.13
32,128,32,131055,19946.5
32,128,64,16,55.147
32,128,64,32,55.6483
32,128,64,64,57.259
32,128,64,128,89.3327
32,128,64,256,123.487
32,128,64,512,187.445
32,128,64,1024,313.449
32,128,64,2048,567.113
32,128,64,4096,1449.28
32,128,64,8192,2930.29
32,128,64,16384,5869.47
32,128,64,32768,13328.4
32,128,64,65536,26227.3
32,128,64,131055,52026.5
32,256,0,0,13.5783
32,256,1,16,13.024
32,256,1,32,13.0027
32,256,1,64,13.088
32,256,1,128,13.0453
32,256,1,256,13.2697
32,256,1,512,18.112
32,256,1,1024,29.7493
32,256,1,2048,53.024
32,256,1,4096,99.6153
32,256,1,8192,193.035
32,256,1,16384,378.303
32,256,1,32768,750.911
32,256,1,65536,1496.42
32,256,1,131055,2966.45
32,256,2,16,13.099
32,256,2,32,13.056
32,256,2,64,13.0137
32,256,2,128,13.088
32,256,2,256,13.2903
32,256,2,512,18.2183
32,256,2,1024,29.803
32,256,2,2048,53.344
32,256,2,4096,100.203
32,256,2,8192,193.504
32,256,2,16384,382.271
32,256,2,32768,755.435
32,256,2,65536,1500.42
32,256,2,131055,2984.6
32,256,4,16,13.0137
32,256,4,32,13.0773
32,256,4,64,13.2053
32,256,4,128,13.333
32,256,4,256,13.344
32,256,4,512,18.9437
32,256,4,1024,31.1037
32,256,4,2048,55.7543
32,256,4,4096,104.309
32,256,4,8192,199.573
32,256,4,16384,388.81
32,256,4,32768,761.31
32,256,4,65536,1510.95
32,256,4,131055,3009.4
32,256,8,16,18.2723
32,256,8,32,18.165
32,256,8,64,18.6027
32,256,8,128,21.2157
32,256,8,256,24.01
32,256,8,512,34.7307
32,256,8,1024,59.594
32,256,8,2048,106.57
32,256,8,4096,200.501
32,256,8,8192,389.301
32,256,8,16384,774.644
32,256,8,32768,1527.74
32,256,8,65536,3047.13
32,256,8,131055,6049.44
32,256,16,16,22.8053
32,256,16,32,23.093
32,256,16,64,23.627
32,256,16,128,28.672
32,256,16,256,34.528
32,256,16,512,52.7247
32,256,16,1024,89.621
32,256,16,2048,159.445
32,256,16,4096,296.116
32,256,16,8192,589.843
32,256,16,16384,1162.77
32,256,16,32768,2301.01
32,256,16,65536,4538.57
32,256,16,131055,8980.94
32,256,32,16,35.9253
32,256,32,32,36.4373
32,256,32,64,36.9283
32,256,32,128,50.2397
32,256,32,256,65.7703
32,256,32,512,100.789
32,256,32,1024,171.178
32,256,32,2048,307.274
32,256,32,4096,596.243
32,256,32,8192,1207.86
32,256,32,16384,2378.31
32,256,32,32768,4742.02
32,256,32,65536,9811.2
32,256,32,131055,20361.3
32,256,64,16,58.123
32,256,64,32,59.413
32,256,64,64,61.0133
32,256,64,128,89.7173
32,256,64,256,125.013
32,256,64,512,190.933
32,256,64,1024,316.106
32,256,64,2048,570.441
32,256,64,4096,1449.01
32,256,64,8192,2924.57
32,256,64,16384,5922.18
32,256,64,32768,13599.7
32,256,64,65536,26780.3
32,256,64,131055,53980.7
32,512,0,0,18.72
32,512,1,16,18.2617
32,512,1,32,18.2287
32,512,1,64,18.3787
32,512,1,128,18.336
32,512,1,256,18.261
32,512,1,512,18.3573
32,512,1,1024,29.376
32,512,1,2048,52.672
32,512,1,4096,98.7627
32,512,1,8192,192.032
32,512,1,16384,375.488
32,512,1,32768,741.203
32,512,1,65536,1480.45
32,512,1,131055,2966.54
32,512,2,16,18.3147
32,512,2,32,18.304
32,512,2,64,18.2617
32,512,2,128,18.3363
32,512,2,256,18.368
32,512,2,512,18.4427
32,512,2,1024,29.761
32,512,2,2048,53.3123
32,512,2,4096,99.85
32,512,2,8192,192.448
32,512,2,16384,378.015
32,512,2,32768,747.615
32,512,2,65536,1486.64
32,512,2,131055,2960.63
32,512,4,16,18.3897
32,512,4,32,18.3677
32,512,4,64,18.3467
32,512,4,128,18.6453
32,512,4,256,18.773
32,512,4,512,18.976
32,512,4,1024,30.7837
32,512,4,2048,55.2957
32,512,4,4096,103.509
32,512,4,8192,197.728
32,512,4,16384,385.172
32,512,4,32768,754.398
32,512,4,65536,1496.8
32,512,4,131055,2984.27
32,512,8,16,23.5947
32,512,8,32,23.52
32,512,8,64,23.936
32,512,8,128,26.464
32,512,8,256,29.5147
32,512,8,512,35.4027
32,512,8,1024,59.253
32,512,8,2048,106.976
32,512,8,4096,199.37
32,512,8,8192,389.748
32,512,8,16384,771.976
32,512,8,32768,1534.76
32,512,8,65536,3046.53
32,512,8,131055,6074.63
32,512,16,16,28.4267
32,512,16,32,28.3727
32,512,16,64,28.939
32,512,16,128,34.283
32,512,16,256,40.1277
32,512,16,512,52.8747
32,512,16,1024,89.504
32,512,16,2048,158.742
32,512,16,4096,297.045
32,512,16,8192,589.364
32,512,16,16384,1162.06
32,512,16,32768,2288.59
32,512,16,65536,4592.3
32,512,16,131055,8985.82
32,512,32,16,41.2367
32,512,32,32,41.824
32,512,32,64,42.8903
32,512,32,128,56.3297
32,512,32,256,71.36
32,512,32,512,101.461
32,512,32,1024,171.551
32,512,32,2048,306.953
32,512,32,4096,593.47
32,512,32,8192,1215.82
32,512,32,16384,2384.13
32,512,32,32768,4774.63
32,512,32,65536,9635.47
32,512,32,131055,19658.7
32,512,64,16,65.461
32,512,64,32,66.3467
32,512,64,64,67.797
32,512,64,128,92.5013
32,512,64,256,125.365
32,512,64,512,192.649
32,512,64,1024,323.146
32,512,64,2048,573.791
32,512,64,4096,1455.7
32,512,64,8192,2935.23
32,512,64,16384,5888.1
32,512,64,32768,13399.7
32,512,64,65536,26770.8
32,512,64,131055,51596.7
32,1024,0,0,30.336
32,1024,1,16,29.4077
32,1024,1,32,29.5897
32,1024,1,64,29.6957
32,1024,1,128,29.5357
32,1024,1,256,29.5463
32,1024,1,512,29.5893
32,1024,1,1024,29.899
32,1024,1,2048,52.2453
32,1024,1,4096,98.9117
32,1024,1,8192,190.261
32,1024,1,16384,373.716
32,1024,1,32768,740.691
32,1024,1,65536,1480.56
32,1024,1,131055,2955.76
32,1024,2,16,29.5573
32,1024,2,32,29.472
32,1024,2,64,29.653
32,1024,2,128,29.653
32,1024,2,256,29.7813
32,1024,2,512,29.6967
32,1024,2,1024,30.059
32,1024,2,2048,53.2587
32,1024,2,4096,100.085
32,1024,2,8192,193.12
32,1024,2,16384,379.22
32,1024,2,32768,750.771
32,1024,2,65536,1488.5
32,1024,2,131055,2960.45
32,1024,4,16,29.504
32,1024,4,32,29.536
32,1024,4,64,29.504
32,1024,4,128,29.6527
32,1024,4,256,29.984
32,1024,4,512,30.464
32,1024,4,1024,31.253
32,1024,4,2048,55.6373
32,1024,4,4096,103.637
32,1024,4,8192,197.717
32,1024,4,16384,385.098
32,1024,4,32768,757.727
32,1024,4,65536,1499.82
32,1024,4,131055,2984.85
32,1024,8,16,34.3893
32,1024,8,32,34.3893
32,1024,8,64,34.6667
32,1024,8,128,37.301
32,1024,8,256,40.4807
32,1024,8,512,46.976
32,1024,8,1024,59.7443
32,1024,8,2048,106.069
32,1024,8,4096,198.837
32,1024,8,8192,386.74
32,1024,8,16384,767.966
32,1024,8,32768,1523.42
32,1024,8,65536,3034.89
32,1024,8,131055,6024.28
32,1024,16,16,39.104
32,1024,16,32,39.541
32,1024,16,64,40.1483
32,1024,16,128,45.5037
32,1024,16,256,52.3417
32,1024,16,512,64.608
32,1024,16,1024,90.1117
32,1024,16,2048,159.146
32,1024,16,4096,296.788
32,1024,16,8192,589.801
32,1024,16,16384,1159.38
32,1024,16,32768,2295.87
32,1024,16,65536,4578.74
32,1024,16,131055,8976.58
32,1024,32,16,52.8317
32,1024,32,32,53.2797
32,1024,32,64,54.229
32,1024,32,128,67.584
32,1024,32,256,82.7837
32,1024,32,512,111.978
32,1024,32,1024,172.586
32,1024,32,2048,308.181
32,1024,32,4096,590.985
32,1024,32,8192,1213.09
32,1024,32,16384,2390.14
32,1024,32,32768,4767.44
32,1024,32,65536,9770.47
32,1024,32,131055,19336.9
32,1024,64,16,77.5897
32,1024,64,32,78.5493
32,1024,64,64,79.7863
32,1024,64,128,107.626
32,1024,64,256,136.799
32,1024,64,512,193.941
32,1024,64,1024,325.269
32,1024,64,2048,582.42
32,1024,64,4096,1457.94
32,1024,64,8192,2928.75
32,1024,64,16384,5894.99
32,1024,64,32768,13793.9
32,1024,64,65536,28737.7
32,1024,64,131055,50694.9
32,2048,0,0,53.6853
32,2048,1,16,52.6933
32,2048,1,32,52.7037
32,2048,1,64,52.7463
32,2048,1,128,52.683
32,2048,1,256,52.736
32,2048,1,512,52.715
32,2048,1,1024,52.693
32,2048,1,2048,53.365
32,2048,1,4096,98.7733
32,2048,1,8192,191.04
32,2048,1,16384,374.773
32,2048,1,32768,741.842
32,2048,1,65536,1482.95
32,2048,1,131055,2969.33
32,2048,2,16,52.4907
32,2048,2,32,52.7573
32,2048,2,64,52.48
32,2048,2,128,52.5013
32,2048,2,256,52.7357
32,2048,2,512,52.832
32,2048,2,1024,53.0347
32,2048,2,2048,53.5783
32,2048,2,4096,99.744
32,2048,2,8192,192.714
32,2048,2,16384,379.455
32,2048,2,32768,748.829
32,2048,2,65536,1483.42
32,2048,2,131055,2964.21
32,2048,4,16,52.6293
32,2048,4,32,52.5657
32,2048,4,64,52.7573
32,2048,4,128,52.7683
32,2048,4,256,53.7817
32,2048,4,512,54.3253
32,2048,4,1024,56.0103
32,2048,4,2048,57.0243
32,2048,4,4096,104.512
32,2048,4,8192,199.487
32,2048,4,16384,389.162
32,2048,4,32768,763.166
32,2048,4,65536,1512.1
32,2048,4,131055,3000.05
32,2048,8,16,56.8213
32,2048,8,32,56.7787
32,2048,8,64,56.9067
32,2048,8,128,59.7017
32,2048,8,256,63.0717
32,2048,8,512,69.504
32,2048,8,1024,82.3143
32,2048,8,2048,108.063
32,2048,8,4096,200.928
32,2048,8,8192,386.985
32,2048,8,16384,772.883
32,2048,8,32768,1531.37
32,2048,8,65536,3050.21
32,2048,8,131055,6034.13
32,2048,16,16,61.1623
32,2048,16,32,61.365
32,2048,16,64,61.5253
32,2048,16,128,67.3063
32,2048,16,256,74.1863
32,2048,16,512,86.1013
32,2048,16,1024,111.274
32,2048,16,2048,158.901
32,2048,16,4096,294.591
32,2048,16,8192,586.996
32,2048,16,16384,1154.92
32,2048,16,32768,2288.12
32,2048,16,65536,4549.99
32,2048,16,131055,8983.54
32,2048,32,16,74.3137
32,2048,32,32,74.6237
32,2048,32,64,75.5513
32,2048,32,128,89.2583
32,2048,32,256,104.416
32,2048,32,512,133.824
32,2048,32,1024,190.282
32,2048,32,2048,306.986
32,2048,32,4096,590.825
32,2048,32,8192,1210.46
32,2048,32,16384,2382.65
32,2048,32,32768,4771.81
32,2048,32,65536,9804.08
32,2048,32,131055,19849.4
32,2048,64,16,99.6583
32,2048,64,32,100.64
32,2048,64,64,102.39
32,2048,64,128,130.741
32,2048,64,256,162.079
32,2048,64,512,222.772
32,2048,64,1024,331.615
32,2048,64,2048,595.913
32,2048,64,4096,1437.49
32,2048,64,8192,2936.06
32,2048,64,16384,5876.06
32,2048,64,32768,14291.5
32,2048,64,65536,25729.4
32,2048,64,131055,53326.5
32,4096,0,0,100.213
32,4096,1,16,98.9223
32,4096,1,32,98.4427
32,4096,1,64,98.6453
32,4096,1,128,98.9647
32,4096,1,256,99.3067
32,4096,1,512,98.9227
32,4096,1,1024,99.147
32,4096,1,2048,98.677
32,4096,1,4096,99.3597
32,4096,1,8192,190.528
32,4096,1,16384,374.047
32,4096,1,32768,741.79
32,4096,1,65536,1481.04
32,4096,1,131055,2946.49
32,4096,2,16,98.6343
32,4096,2,32,98.7193
32,4096,2,64,98.2293
32,4096,2,128,98.5173
32,4096,2,256,99.4663
32,4096,2,512,99.104
32,4096,2,1024,99.3063
32,4096,2,2048,99.53
32,4096,2,4096,100.384
32,4096,2,8192,193.706
32,4096,2,16384,380.351
32,4096,2,32768,749.351
32,4096,2,65536,1488.3
32,4096,2,131055,2959.54
32,4096,4,16,98.8477
32,4096,4,32,98.9337
32,4096,4,64,98.8263
32,4096,4,128,98.8797
32,4096,4,256,99.296
32,4096,4,512,100.299
32,4096,4,1024,101.462
32,4096,4,2048,102.805
32,4096,4,4096,107.018
32,4096,4,8192,200.213
32,4096,4,16384,386.121
32,4096,4,32768,757.726
32,4096,4,65536,1501.19
32,4096,4,131055,2994.23
32,4096,8,16,99.253
32,4096,8,32,99.6687
32,4096,8,64,99.7327
32,4096,8,128,102.603
32,4096,8,256,105.888
32,4096,8,512,111.797
32,4096,8,1024,125.109
32,4096,8,2048,150.101
32,4096,8,4096,200.138
32,4096,8,8192,383.807
32,4096,8,16384,761.928
32,4096,8,32768,1519.7
32,4096,8,65536,3012.25
32,4096,8,131055,6029.9
32,4096,16,16,104.587
32,4096,16,32,104.405
32,4096,16,64,104.853
32,4096,16,128,110.432
32,4096,16,256,118.463
32,4096,16,512,131.221
32,4096,16,1024,156.373
32,4096,16,2048,203.168
32,4096,16,4096,298.688
32,4096,16,8192,585.044
32,4096,16,16384,1168.93
32,4096,16,32768,2293.59
32,4096,16,65536,4566.67
32,4096,16,131055,8994.27
32,4096,32,16,117.462
32,4096,32,32,118.005
32,4096,32,64,119.605
32,4096,32,128,133.035
32,4096,32,256,148.213
32,4096,32,512,177.482
32,4096,32,1024,234.965
32,4096,32,2048,349.076
32,4096,32,4096,607.902
32,4096,32,8192,1241.02
32,4096,32,16384,2539.78
32,4096,32,32768,5149.19
32,4096,32,65536,11043
32,4096,32,131055,21027.4
32,4096,64,16,142.495
32,4096,64,32,143.338
32,4096,64,64,145.889
32,4096,64,128,175.156
32,4096,64,256,208.586
32,4096,64,512,273.322
32,4096,64,1024,391.145
32,4096,64,2048,613.066
32,4096,64,4096,1500.32
32,4096,64,8192,3191.65
32,4096,64,16384,6744.83
32,4096,64,32768,14986.8
32,4096,64,65536,28210
32,4096,64,131055,59300.7
32,8192,0,0,192.906
32,8192,1,16,189.802
32,8192,1,32,190.335
32,8192,1,64,190.154
32,8192,1,128,190.677
32,8192,1,256,189.493
32,8192,1,512,189.781
32,8192,1,1024,190.837
32,8192,1,2048,190.912
32,8192,1,4096,191.263
32,8192,1,8192,192.117
32,8192,1,16384,374.496
32,8192,1,32768,745.748
32,8192,1,65536,1482.77
32,8192,1,131055,2959.23
32,8192,2,16,190.474
32,8192,2,32,190.356
32,8192,2,64,190.837
32,8192,2,128,190.282
32,8192,2,256,190.763
32,8192,2,512,190.304
32,8192,2,1024,190.303
32,8192,2,2048,192.085
32,8192,2,4096,191.797
32,8192,2,8192,194.058
32,8192,2,16384,380.489
32,8192,2,32768,750.856
32,8192,2,65536,1488.36
32,8192,2,131055,2963.24
32,8192,4,16,190.634
32,8192,4,32,190.389
32,8192,4,64,191.05
32,8192,4,128,191.284
32,8192,4,256,190.698
32,8192,4,512,192.096
32,8192,4,1024,193.226
32,8192,4,2048,195.338
32,8192,4,4096,197.471
32,8192,4,8192,201.877
32,8192,4,16384,390.015
32,8192,4,32768,759.829
32,8192,4,65536,1510.96
32,8192,4,131055,2995.76
32,8192,8,16,189.685
32,8192,8,32,189.866
32,8192,8,64,190.794
32,8192,8,128,191.083
32,8192,8,256,193.28
32,8192,8,512,199.509
32,8192,8,1024,211.818
32,8192,8,2048,236.917
32,8192,8,4096,286.922
32,8192,8,8192,390.954
32,8192,8,16384,759.796
32,8192,8,32768,1528.01
32,8192,8,65536,3047.06
32,8192,8,131055,6059.53
32,8192,16,16,190.922
32,8192,16,32,191.242
32,8192,16,64,191.732
32,8192,16,128,197.557
32,8192,16,256,202.708
32,8192,16,512,216.351
32,8192,16,1024,240.245
32,8192,16,2048,289.013
32,8192,16,4096,383.679
32,8192,16,8192,595.966
32,8192,16,16384,1171.52
32,8192,16,32768,2331.73
32,8192,16,65536,4741.95
32,8192,16,131055,9292.47
32,8192,32,16,203.861
32,8192,32,32,204.128
32,8192,32,64,205.556
32,8192,32,128,217.749
32,8192,32,256,233.898
32,8192,32,512,263.668
32,8192,32,1024,321.492
32,8192,32,2048,436.18
32,8192,32,4096,689.909
32,8192,32,8192,1253.78
32,8192,32,16384,2591.16
32,8192,32,32768,5654.49
32,8192,32,65536,11299.7
32,8192,32,131055,22485.2
32,8192,64,16,228.874
32,8192,64,32,229.61
32,8192,64,64,233.866
32,8192,64,128,264.81
32,8192,64,256,297.599
32,8192,64,512,361.856
32,8192,64,1024,489.588
32,8192,64,2048,734.942
32,8192,64,4096,1554.1
32,8192,64,8192,3115.17
32,8192,64,16384,6918.97
32,8192,64,32768,15918.1
32,8192,64,65536,29360.8
32,8192,64,131055,61407.8
32,16384,0,0,375.669
32,16384,1,16,375.402
32,16384,1,32,374.912
32,16384,1,64,374.111
32,16384,1,128,376.021
32,16384,1,256,375.147
32,16384,1,512,375.327
32,16384,1,1024,372.842
32,16384,1,2048,374.89
32,16384,1,4096,372.81
32,16384,1,8192,375.232
32,16384,1,16384,375.328
32,16384,1,32768,739.304
32,16384,1,65536,1476.45
32,16384,1,131055,2955.22
32,16384,2,16,371.989
32,16384,2,32,374.335
32,16384,2,64,374.219
32,16384,2,128,372.884
32,16384,2,256,373.802
32,16384,2,512,371.957
32,16384,2,1024,374.773
32,16384,2,2048,374.997
32,16384,2,4096,376.074
32,16384,2,8192,376.768
32,16384,2,16384,379.477
32,16384,2,32768,748.968
32,16384,2,65536,1485.9
32,16384,2,131055,2957.33
32,16384,4,16,372.884
32,16384,4,32,374.644
32,16384,4,64,373.237
32,16384,4,128,375.53
32,16384,4,256,374.538
32,16384,4,512,375.146
32,16384,4,1024,377.162
32,16384,4,2048,378.741
32,16384,4,4096,381.087
32,16384,4,8192,385.258
32,16384,4,16384,393.694
32,16384,4,32768,766.387
32,16384,4,65536,1511.25
32,16384,4,131055,2994.43
32,16384,8,16,372.448
32,16384,8,32,374.602
32,16384,8,64,374.921
32,16384,8,128,375.605
32,16384,8,256,375.136
32,16384,8,512,376.671
32,16384,8,1024,384.436
32,16384,8,2048,410.143
32,16384,8,4096,458.932
32,16384,8,8192,568.383
32,16384,8,16384,773.8
32,16384,8,32768,1523.23
32,16384,8,65536,3042.3
32,16384,8,131055,6057
32,16384,16,16,374.548
32,16384,16,32,374.687
32,16384,16,64,375.476
32,16384,16,128,375.434
32,16384,16,256,375.733
32,16384,16,512,389.258
32,16384,16,1024,413.204
32,16384,16,2048,462.303
32,16384,16,4096,556.627
32,16384,16,8192,772.681
32,16384,16,16384,1169.15
32,16384,16,32768,2334.55
32,16384,16,65536,4741.67
32,16384,16,131055,9277.11
32,16384,32,16,375.38
32,16384,32,32,378.474
32,16384,32,64,377.514
32,16384,32,128,390.761
32,16384,32,256,405.716
32,16384,32,512,435.146
32,16384,32,1024,493.717
32,16384,32,2048,610.409
32,16384,32,4096,863.177
32,16384,32,8192,1386.6
32,16384,32,16384,2473.26
32,16384,32,32768,5483.02
32,16384,32,65536,11781.5
32,16384,32,131055,22313.7
32,16384,64,16,399.989
32,16384,64,32,400.735
32,16384,64,64,405.375
32,16384,64,128,435.231
32,16384,64,256,471.284
32,16384,64,512,536.148
32,16384,64,1024,665.438
32,16384,64,2048,922.164
32,16384,64,4096,1808.77
32,16384,64,8192,3106.33
32,16384,64,16384,6437.87
32,16384,64,32768,15572.9
32,16384,64,65536,29729
32,16384,64,131055,64681.3
32,32768,0,0,750.996
32,32768,1,16,745.139
32,32768,1,32,738.387
32,32768,1,64,745.727
32,32768,1,128,740.916
32,32768,1,256,742.985
32,32768,1,512,742.931
32,32768,1,1024,743.263
32,32768,1,2048,740.267
32,32768,1,4096,741.545
32,32768,1,8192,738.858
32,32768,1,16384,743.507
32,32768,1,32768,743.774
32,32768,1,65536,1480.87
32,32768,1,131055,2949.79
32,32768,2,16,744.447
32,32768,2,32,735.731
32,32768,2,64,742.194
32,32768,2,128,741.129
32,32768,2,256,741.577
32,32768,2,512,742.516
32,32768,2,1024,739.753
32,32768,2,2048,741.319
32,32768,2,4096,744.415
32,32768,2,8192,743.348
32,32768,2,16384,742.377
32,32768,2,32768,751.166
32,32768,2,65536,1486.14
32,32768,2,131055,2964.16
32,32768,4,16,745.598
32,32768,4,32,742.397
32,32768,4,64,740.061
32,32768,4,128,738.612
32,32768,4,256,743.091
32,32768,4,512,743.166
32,32768,4,1024,745.311
32,32768,4,2048,745.598
32,32768,4,4096,749.631
32,32768,4,8192,752.511
32,32768,4,16384,754.388
32,32768,4,32768,772.19
32,32768,4,65536,1517.02
32,32768,4,131055,3001.41
32,32768,8,16,738.963
32,32768,8,32,738.943
32,32768,8,64,742.131
32,32768,8,128,742.761
32,32768,8,256,743.519
32,32768,8,512,743.518
32,32768,8,1024,744.831
32,32768,8,2048,757.097
32,32768,8,4096,808.553
32,32768,8,8192,914.612
32,32768,8,16384,1132.56
32,32768,8,32768,1525.51
32,32768,8,65536,3036.3
32,32768,8,131055,6059.85
32,32768,16,16,742.014
32,32768,16,32,741.246
32,32768,16,64,748.138
32,32768,16,128,749.833
32,32768,16,256,752.415
32,32768,16,512,751.518
32,32768,16,1024,768.051
32,32768,16,2048,813.502
32,32768,16,4096,908.285
32,32768,16,8192,1135.52
32,32768,16,16384,1537.97
32,32768,16,32768,2346.97
32,32768,16,65536,4727.59
32,32768,16,131055,9344.07
32,32768,32,16,749.716
32,32768,32,32,749.203
32,32768,32,64,747.08
32,32768,32,128,750.388
32,32768,32,256,754.067
32,32768,32,512,787.156
32,32768,32,1024,850.58
32,32768,32,2048,962.483
32,32768,32,4096,1216.24
32,32768,32,8192,1758.5
32,32768,32,16384,2763.52
32,32768,32,32768,5008.84
32,32768,32,65536,11650.2
32,32768,32,131055,23091.7
32,32768,64,16,741.694
32,32768,64,32,746.099
32,32768,64,64,746.143
32,32768,64,128,781.608
32,32768,64,256,817.971
32,32768,64,512,883.294
32,32768,64,1024,1018.3
32,32768,64,2048,1274.13
32,32768,64,4096,2245.35
32,32768,64,8192,3657.07
32,32768,64,16384,6469.35
32,32768,64,32768,15944.7
32,32768,64,65536,29860.2
32,32768,64,131055,62042.4
32,65536,0,0,1480.74
32,65536,1,16,1481.94
32,65536,1,32,1472.07
32,65536,1,64,1480.84
32,65536,1,128,1477.89
32,65536,1,256,1475.95
32,65536,1,512,1479.85
32,65536,1,1024,1478.88
32,65536,1,2048,1480.79
32,65536,1,4096,1478.86
32,65536,1,8192,1474.58
32,65536,1,16384,1472.41
32,65536,1,32768,1478.92
32,65536,1,65536,1481.91
32,65536,1,131055,2940.38
32,65536,2,16,1482.25
32,65536,2,32,1471.42
32,65536,2,64,1483.89
32,65536,2,128,1473.7
32,65536,2,256,1476.4
32,65536,2,512,1475.99
32,65536,2,1024,1470.87
32,65536,2,2048,1476.63
32,65536,2,4096,1475.05
32,65536,2,8192,1476.29
32,65536,2,16384,1476.85
32,65536,2,32768,1483.79
32,65536,2,65536,1485.34
32,65536,2,131055,2961.52
32,65536,4,16,1485.78
32,65536,4,32,1478.56
32,65536,4,64,1481.2
32,65536,4,128,1479.2
32,65536,4,256,1479.15
32,65536,4,512,1484.7
32,65536,4,1024,1487
32,65536,4,2048,1483.19
32,65536,4,4096,1489.85
32,65536,4,8192,1485
32,65536,4,16384,1493.19
32,65536,4,32768,1508.36
32,65536,4,65536,1528.24
32,65536,4,131055,3017.76
32,65536,8,16,1478.68
32,65536,8,32,1487.26
32,65536,8,64,1474.83
32,65536,8,128,1480.08
32,65536,8,256,1477.86
32,65536,8,512,1486.36
32,65536,8,1024,1503.15
32,65536,8,2048,1495.56
32,65536,8,4096,1512.14
32,65536,8,8192,1622.38
32,65536,8,16384,1850.19
32,65536,8,32768,2273.02
32,65536,8,65536,3043.68
32,65536,8,131055,6050.66
32,65536,16,16,1480.69
32,65536,16,32,1494
32,65536,16,64,1493.98
32,65536,16,128,1496.38
32,65536,16,256,1503.14
32,65536,16,512,1492.11
32,65536,16,1024,1501.23
32,65536,16,2048,1523.77
32,65536,16,4096,1608.41
32,65536,16,8192,1832.29
32,65536,16,16384,2259.42
32,65536,16,32768,3053.09
32,65536,16,65536,4723.19
32,65536,16,131055,9288.79
32,65536,32,16,1478.98
32,65536,32,32,1488.07
32,65536,32,64,1480.95
32,65536,32,128,1490.9
32,65536,32,256,1482.13
32,65536,32,512,1491.67
32,65536,32,1024,1536.24
32,65536,32,2048,1654.07
32,65536,32,4096,1901.82
32,65536,32,8192,2461.07
32,65536,32,16384,3477.25
32,65536,32,32768,5756.5
32,65536,32,65536,10468.7
32,65536,32,131055,22177.1
32,65536,64,16,1477.68
32,65536,64,32,1479.29
32,65536,64,64,1486.19
32,65536,64,128,1502.51
32,65536,64,256,1511.79
32,65536,64,512,1574.42
32,65536,64,1024,1696.34
32,65536,64,2048,1961.98
32,65536,64,4096,2948.82
32,65536,64,8192,4510.38
32,65536,64,16384,8211.51
32,65536,64,32768,15935.7
32,65536,64,65536,27469.4
32,65536,64,131055,64258.5
64,0,0,0,8.61867
64,0,1,16,8.28767
64,0,1,32,8.384
64,0,1,64,8.405
64,0,1,128,10.2617
64,0,1,256,12.8003
64,0,1,512,18.24
64,0,1,1024,29.3443
64,0,1,2048,52.586
64,0,1,4096,98.613
64,0,1,8192,191.434
64,0,1,16384,374.132
64,0,1,32768,741.086
64,0,1,65536,1486.38
64,0,1,131055,2953.44
64,0,2,16,8.256
64,0,2,32,8.36267
64,0,2,64,8.32
64,0,2,128,10.2823
64,0,2,256,12.992
64,0,2,512,18.357
64,0,2,1024,29.4933
64,0,2,2048,52.8853
64,0,2,4096,99.5303
64,0,2,8192,192.191
64,0,2,16384,378.932
64,0,2,32768,748.65
64,0,2,65536,1484.68
64,0,2,131055,2957.51
64,0,4,16,8.245
64,0,4,32,8.41633
64,0,4,64,8.36267
64,0,4,128,10.304
64,0,4,256,13.12
64,0,4,512,18.7727
64,0,4,1024,30.3787
64,0,4,2048,55.0933
64,0,4,4096,102.698
64,0,4,8192,198.228
64,0,4,16384,383.466
64,0,4,32768,756.372
64,0,4,65536,1497.57
64,0,4,131055,2986.28
64,0,8,16,12.832
64,0,8,32,12.96
64,0,8,64,13.088
64,0,8,128,17.472
64,0,8,256,23.125
64,0,8,512,34.6027
64,0,8,1024,58.7417
64,0,8,2048,105.856
64,0,8,4096,199.082
64,0,8,8192,388.851
64,0,8,16384,770.515
64,0,8,32768,1525.03
64,0,8,65536,3027.6
64,0,8,131055,6041.72
64,0,16,16,17.44
64,0,16,32,17.6
64,0,16,64,17.7813
64,0,16,128,25.0343
64,0,16,256,33.7813
64,0,16,512,52.032
64,0,16,1024,88.5653
64,0,16,2048,157.695
64,0,16,4096,293.962
64,0,16,8192,586.238
64,0,16,16384,1154.13
64,0,16,32768,2285.82
64,0,16,65536,4572.51
64,0,16,131055,8991.93
64,0,32,16,29.8027
64,0,32,32,30.411
64,0,32,64,31.1357
64,0,32,128,46.6773
64,0,32,256,64.992
64,0,32,512,100.064
64,0,32,1024,171.391
64,0,32,2048,306.164
64,0,32,4096,593.629
64,0,32,8192,1208.42
64,0,32,16384,2371.44
64,0,32,32768,4779.44
64,0,32,65536,9705.67
64,0,32,131055,19982.7
64,0,64,16,54.506
64,0,64,32,55.9783
64,0,64,64,57.5573
64,0,64,128,87.978
64,0,64,256,121.515
64,0,64,512,185.504
64,0,64,1024,312.202
64,0,64,2048,567.551
64,0,64,4096,1450.19
64,0,64,8192,2928.05
64,0,64,16384,5880.87
64,0,64,32768,14206.4
64,0,64,65536,25944.1
64,0,64,131055,53179.7
64,16,0,0,8.79967
64,16,1,16,8.26667
64,16,1,32,8.309
64,16,1,64,8.61867
64,16,1,128,10.2297
64,16,1,256,12.9177
64,16,1,512,18.155
64,16,1,1024,29.461
64,16,1,2048,52.512
64,16,1,4096,98.6127
64,16,1,8192,190.762
64,16,1,16384,374.25
64,16,1,32768,747.463
64,16,1,65536,1482.75
64,16,1,131055,2945.22
64,16,2,16,8.20233
64,16,2,32,8.362
64,16,2,64,8.48
64,16,2,128,10.357
64,16,2,256,13.0663
64,16,2,512,18.528
64,16,2,1024,29.451
64,16,2,2048,52.9063
64,16,2,4096,99.456
64,16,2,8192,192.319
64,16,2,16384,377.343
64,16,2,32768,746.323
64,16,2,65536,1484.09
64,16,2,131055,2959.25
64,16,4,16,8.277
64,16,4,32,8.46933
64,16,4,64,8.56533
64,16,4,128,10.3467
64,16,4,256,13.2373
64,16,4,512,18.9867
64,16,4,1024,30.5603
64,16,4,2048,55.232
64,16,4,4096,103.05
64,16,4,8192,198.303
64,16,4,16384,384.106
64,16,4,32768,756.457
64,16,4,65536,1503.16
64,16,4,131055,2984.99
64,16,8,16,12.9807
64,16,8,32,13.12
64,16,8,64,13.4823
64,16,8,128,17.6313
64,16,8,256,23.136
64,16,8,512,34.667
64,16,8,1024,59.1463
64,16,8,2048,106.229
64,16,8,4096,199.093
64,16,8,8192,388.34
64,16,8,16384,769.427
64,16,8,32768,1523.15
64,16,8,65536,3028.81
64,16,8,131055,6022.14
64,16,16,16,17.7173
64,16,16,32,17.8773
64,16,16,64,18.08
64,16,16,128,25.1947
64,16,16,256,34.336
64,16,16,512,52.533
64,16,16,1024,89.0773
64,16,16,2048,159.488
64,16,16,4096,296.319
64,16,16,8192,591.699
64,16,16,16384,1162.5
64,16,16,32768,2284.28
64,16,16,65536,4550.68
64,16,16,131055,8971.66
64,16,32,16,29.8453
64,16,32,32,30.389
64,16,32,64,31.2637
64,16,32,128,46.442
64,16,32,256,64.9067
64,16,32,512,100.373
64,16,32,1024,171.317
64,16,32,2048,305.375
64,16,32,4096,593.418
64,16,32,8192,1208.23
64,16,32,16384,2381.45
64,16,32,32768,4759.84
64,16,32,65536,9749.38
64,16,32,131055,19575.8
64,16,64,16,54.4533
64,16,64,32,55.3277
64,16,64,64,57.2263
64,16,64,128,88.2667
64,16,64,256,121.642
64,16,64,512,185.419
64,16,64,1024,313.023
64,16,64,2048,566.558
64,16,64,4096,1448.41
64,16,64,8192,2938.31
64,16,64,16384,5926.58
64,16,64,32768,13573.5
64,16,64,65536,27025.5
64,16,64,131055,50895.5
64,32,0,0,8.64
64,32,1,16,8.384
64,32,1,32,8.30933
64,32,1,64,8.491
64,32,1,128,10.219
64,32,1,256,12.8533
64,32,1,512,18.176
64,32,1,1024,29.408
64,32,1,2048,52.5333
64,32,1,4096,98.7837
64,32,1,8192,190.41
64,32,1,16384,376.288
64,32,1,32768,741.119
64,32,1,65536,1478.59
64,32,1,131055,2942.01
64,32,2,16,8.28833
64,32,2,32,8.36267
64,32,2,64,8.42667
64,32,2,128,10.2933
64,32,2,256,13.013
64,32,2,512,18.4957
64,32,2,1024,29.5677
64,32,2,2048,53.0663
64,32,2,4096,99.5093
64,32,2,8192,192.043
64,32,2,16384,377.418
64,32,2,32768,746.323
64,32,2,65536,1489.33
64,32,2,131055,2957.25
64,32,4,16,8.32033
64,32,4,32,8.34133
64,32,4,64,8.46933
64,32,4,128,10.3997
64,32,4,256,13.2267
64,32,4,512,18.8373
64,32,4,1024,30.6983
64,32,4,2048,55.1153
64,32,4,4096,103.051
64,32,4,8192,198.304
64,32,4,16384,385.118
64,32,4,32768,756.809
64,32,4,65536,1500.73
64,32,4,131055,2984.61
64,32,8,16,13.0983
64,32,8,32,13.2053
64,32,8,64,13.4503
64,32,8,128,17.504
64,32,8,256,23.3383
64,32,8,512,34.5067
64,32,8,1024,59.018
64,32,8,2048,106.026
64,32,8,4096,198.442
64,32,8,8192,389.044
64,32,8,16384,775.882
64,32,8,32768,1534.29
64,32,8,65536,3048.23
64,32,8,131055,6028.36
64,32,16,16,17.6317
64,32,16,32,17.7487
64,32,16,64,18.1547
64,32,16,128,24.982
64,32,16,256,34.0483
64,32,16,512,52.224
64,32,16,1024,88.7463
64,32,16,2048,157.696
64,32,16,4096,294.985
64,32,16,8192,586.996
64,32,16,16384,1156.72
64,32,16,32768,2287.44
64,32,16,65536,4577.67
64,32,16,131055,8971.52
64,32,32,16,30.4533
64,32,32,32,30.656
64,32,32,64,31.584
64,32,32,128,46.933
64,32,32,256,65.397
64,32,32,512,100.704
64,32,32,1024,172.65
64,32,32,2048,308.597
64,32,32,4096,594.974
64,32,32,8192,1210.71
64,32,32,16384,2383.79
64,32,32,32768,4785.54
64,32,32,65536,9596.41
64,32,32,131055,19352.6
64,32,64,16,54.4423
64,32,64,32,55.9997
64,32,64,64,57.3433
64,32,64,128,88.341
64,32,64,256,122.122
64,32,64,512,184.939
64,32,64,1024,314.037
64,32,64,2048,569.897
64,32,64,4096,1453.23
64,32,64,8192,2931.42
64,32,64,16384,5900.65
64,32,64,32768,14135.1
64,32,64,65536,27225.7
64,32,64,131055,52928.6
64,64,0,0,8.81067
64,64,1,16,8.416
64,64,1,32,8.46933
64,64,1,64,8.51233
64,64,1,128,10.3573
64,64,1,256,12.9923
64,64,1,512,18.3893
64,64,1,1024,29.6
64,64,1,2048,52.96
64,64,1,4096,99.701
64,64,1,8192,192.864
64,64,1,16384,378.708
64,64,1,32768,751.55
64,64,1,65536,1492.71
64,64,1,131055,2964.51
64,64,2,16,8.37333
64,64,2,32,8.48
64,64,2,64,8.416
64,64,2,128,10.4643
64,64,2,256,13.2587
64,64,2,512,18.6133
64,64,2,1024,29.7817
64,64,2,2048,53.408
64,64,2,4096,100.587
64,64,2,8192,193.45
64,64,2,16384,379.37
64,64,2,32768,755.603
64,64,2,65536,1500.49
64,64,2,131055,2981.97
64,64,4,16,8.341
64,64,4,32,8.46933
64,64,4,64,8.53333
64,64,4,128,10.539
64,64,4,256,13.409
64,64,4,512,18.976
64,64,4,1024,30.88
64,64,4,2048,55.8823
64,64,4,4096,103.413
64,64,4,8192,198.976
64,64,4,16384,388.319
64,64,4,32768,762.387
64,64,4,65536,1509.73
64,64,4,131055,2990.83
64,64,8,16,13.3013
64,64,8,32,13.3337
64,64,8,64,13.536
64,64,8,128,17.7067
64,64,8,256,23.4453
64,64,8,512,34.7627
64,64,8,1024,59.797
64,64,8,2048,106.986
64,64,8,4096,200.564
64,64,8,8192,389.919
64,64,8,16384,777.386
64,64,8,32768,1532.7
64,64,8,65536,3041.73
64,64,8,131055,6026.01
64,64,16,16,17.856
64,64,16,32,17.888
64,64,16,64,18.368
64,64,16,128,25.3333
64,64,16,256,34.4113
64,64,16,512,52.4047
64,64,16,1024,89.6317
64,64,16,2048,159.007
64,64,16,4096,296.084
64,64,16,8192,590.1
64,64,16,16384,1163.23
64,64,16,32768,2283.95
64,64,16,65536,4553.69
64,64,16,131055,8982.88
64,64,32,16,30.3787
64,64,32,32,30.9653
64,64,32,64,31.552
64,64,32,128,47.083
64,64,32,256,65.7703
64,64,32,512,100.895
64,64,32,1024,172.394
64,64,32,2048,308.5
64,64,32,4096,595.049
64,64,32,8192,1210.9
64,64,32,16384,2396.9
64,64,32,32768,4764.79
64,64,32,65536,9746.2
64,64,32,131055,20080.4
64,64,64,16,54.56
64,64,64,32,55.3917
64,64,64,64,57.1303
64,64,64,128,87.8187
64,64,64,256,121.664
64,64,64,512,184.427
64,64,64,1024,310.623
64,64,64,2048,565.748
64,64,64,4096,1447.76
64,64,64,8192,2926.56
64,64,64,16384,6043.91
64,64,64,32768,13071.1
64,64,64,65536,27268
64,64,64,131055,52308.2
64,128,0,0,11.3603
64,128,1,16,10.7087
64,128,1,32,10.784
64,128,1,64,10.7413
64,128,1,128,10.7733
64,128,1,256,12.832
64,128,1,512,18.1117
64,128,1,1024,29.2373
64,128,1,2048,52.512
64,128,1,4096,98.7413
64,128,1,8192,191.072
64,128,1,16384,374.772
64,128,1,32768,743.891
64,128,1,65536,1478.93
64,128,1,131055,2950.58
64,128,2,16,10.6877
64,128,2,32,10.6877
64,128,2,64,10.709
64,128,2,128,10.6457
64,128,2,256,12.917
64,128,2,512,18.283
64,128,2,1024,29.632
64,128,2,2048,52.9173
64,128,2,4096,99.5097
64,128,2,8192,191.914
64,128,2,16384,378.836
64,128,2,32768,747.283
64,128,2,65536,1482.08
64,128,2,131055,2963.14
64,128,4,16,10.6777
64,128,4,32,10.784
64,128,4,64,10.7417
64,128,4,128,10.8157
64,128,4,256,13.1627
64,128,4,512,18.848
64,128,4,1024,30.784
64,128,4,2048,55.253
64,128,4,4096,102.699
64,128,4,8192,197.813
64,128,4,16384,384.49
64,128,4,32768,755.41
64,128,4,65536,1501.12
64,128,4,131055,2986.04
64,128,8,16,15.8613
64,128,8,32,15.8827
64,128,8,64,16.085
64,128,8,128,18.5597
64,128,8,256,23.0827
64,128,8,512,34.7733
64,128,8,1024,59.616
64,128,8,2048,107.072
64,128,8,4096,200.213
64,128,8,8192,388.489
64,128,8,16384,774.41
64,128,8,32768,1531.24
64,128,8,65536,3033.09
64,128,8,131055,6020.12
64,128,16,16,20.3093
64,128,16,32,20.5333
64,128,16,64,21.0127
64,128,16,128,25.8663
64,128,16,256,33.952
64,128,16,512,52.149
64,128,16,1024,88.746
64,128,16,2048,157.546
64,128,16,4096,294.868
64,128,16,8192,585.641
64,128,16,16384,1151.12
64,128,16,32768,2282.07
64,128,16,65536,4562.03
64,128,16,131055,8976.42
64,128,32,16,33.0773
64,128,32,32,33.5997
64,128,32,64,34.3573
64,128,32,128,47.8507
64,128,32,256,65.7607
64,128,32,512,100.682
64,128,32,1024,171.915
64,128,32,2048,308.053
64,128,32,4096,594.901
64,128,32,8192,1215.28
64,128,32,16384,2391.96
64,128,32,32768,4735.19
64,128,32,65536,9816.3
64,128,32,131055,19882.9
64,128,64,16,55.0817
64,128,64,32,56.1067
64,128,64,64,57.5577
64,128,64,128,89.557
64,128,64,256,123.755
64,128,64,512,188.714
64,128,64,1024,313.877
64,128,64,2048,568.661
64,128,64,4096,1449.44
64,128,64,8192,2933.96
64,128,64,16384,5903.12
64,128,64,32768,13376.6
64,128,64,65536,26001.1
64,128,64,131055,52122.6
64,256,0,0,13.888
64,256,1,16,13.44
64,256,1,32,13.4827
64,256,1,64,13.429
64,256,1,128,13.3223
64,256,1,256,13.3437
64,256,1,512,18.016
64,256,1,1024,29.2693
64,256,1,2048,52.1813
64,256,1,4096,99.0617
64,256,1,8192,191.488
64,256,1,16384,375.071
64,256,1,32768,743.296
64,256,1,65536,1482.5
64,256,1,131055,2948.96
64,256,2,16,13.3653
64,256,2,32,13.408
64,256,2,64,13.3757
64,256,2,128,13.3653
64,256,2,256,13.3973
64,256,2,512,18.4107
64,256,2,1024,29.5047
64,256,2,2048,52.9277
64,256,2,4096,99.6477
64,256,2,8192,192.001
64,256,2,16384,379.114
64,256,2,32768,749.131
64,256,2,65536,1486.62
64,256,2,131055,2961.16
64,256,4,16,13.4187
64,256,4,32,13.5897
64,256,4,64,13.461
64,256,4,128,13.6427
64,256,4,256,13.632
64,256,4,512,18.667
64,256,4,1024,30.826
64,256,4,2048,55.456
64,256,4,4096,102.965
64,256,4,8192,197.312
64,256,4,16384,385.812
64,256,4,32768,756.874
64,256,4,65536,1499.25
64,256,4,131055,2982.95
64,256,8,16,18.7303
64,256,8,32,18.7627
64,256,8,64,18.7947
64,256,8,128,21.525
64,256,8,256,24.2243
64,256,8,512,34.56
64,256,8,1024,59.093
64,256,8,2048,106.272
64,256,8,4096,198.346
64,256,8,8192,387.487
64,256,8,16384,770.729
64,256,8,32768,1525.66
64,256,8,65536,3022.07
64,256,8,131055,6028.83
64,256,16,16,23.2533
64,256,16,32,23.317
64,256,16,64,23.5623
64,256,16,128,28.8313
64,256,16,256,34.8473
64,256,16,512,52.1707
64,256,16,1024,88.49
64,256,16,2048,158.122
64,256,16,4096,295.487
64,256,16,8192,586.676
64,256,16,16384,1152
64,256,16,32768,2286.84
64,256,16,65536,4568.15
64,256,16,131055,8960.86
64,256,32,16,36.1383
64,256,32,32,36.203
64,256,32,64,36.9703
64,256,32,128,50.3893
64,256,32,256,65.728
64,256,32,512,99.9353
64,256,32,1024,170.795
64,256,32,2048,306.271
64,256,32,4096,593.353
64,256,32,8192,1207.97
64,256,32,16384,2371.33
64,256,32,32768,4769.88
64,256,32,65536,9553.32
64,256,32,131055,19428.7
64,256,64,16,58.368
64,256,64,32,59.1677
64,256,64,64,61.0343
64,256,64,128,88.992
64,256,64,256,124.096
64,256,64,512,189.92
64,256,64,1024,315.775
64,256,64,2048,568.499
64,256,64,4096,1453.77
64,256,64,8192,2924.9
64,256,64,16384,5940.2
64,256,64,32768,13070.6
64,256,64,65536,25791.3
64,256,64,131055,55455.6
64,512,0,0,19.2213
64,512,1,16,18.8053
64,512,1,32,18.72
64,512,1,64,18.752
64,512,1,128,18.7413
64,512,1,256,18.6667
64,512,1,512,18.7943
64,512,1,1024,29.387
64,512,1,2048,52.3413
64,512,1,4096,98.6667
64,512,1,8192,190.559
64,512,1,16384,373.033
64,512,1,32768,743.87
64,512,1,65536,1479.88
64,512,1,131055,2963.61
64,512,2,16,18.7413
64,512,2,32,18.8903
64,512,2,64,18.7947
64,512,2,128,18.9227
64,512,2,256,18.9867
64,512,2,512,19.2003
64,512,2,1024,29.9837
64,512,2,2048,53.3017
64,512,2,4096,100.128
64,512,2,8192,194.571
64,512,2,16384,382.559
64,512,2,32768,754.921
64,512,2,65536,1495.99
64,512,2,131055,2981.01
64,512,4,16,19.008
64,512,4,32,19.0187
64,512,4,64,18.923
64,512,4,128,18.8053
64,512,4,256,19.0827
64,512,4,512,19.5203
64,512,4,1024,31.2427
64,512,4,2048,56.138
64,512,4,4096,104.022
64,512,4,8192,199.007
64,512,4,16384,388.97
64,512,4,32768,763.827
64,512,4,65536,1509.98
64,512,4,131055,3008.56
64,512,8,16,23.947
64,512,8,32,24.1287
64,512,8,64,24.3727
64,512,8,128,27.0293
64,512,8,256,29.8667
64,512,8,512,35.744
64,512,8,1024,59.6693
64,512,8,2048,106.933
64,512,8,4096,200.661
64,512,8,8192,390.932
64,512,8,16384,776.148
64,512,8,32768,1531.63
64,512,8,65536,3030.69
64,512,8,131055,6025.88
64,512,16,16,28.715
64,512,16,32,28.693
64,512,16,64,29.0987
64,512,16,128,34.496
64,512,16,256,40.4583
64,512,16,512,52.6613
64,512,16,1024,88.9173
64,512,16,2048,158.283
64,512,16,4096,294.559
64,512,16,8192,586.26
64,512,16,16384,1157.57
64,512,16,32768,2293.04
64,512,16,65536,4556.72
64,512,16,131055,8971.65
64,512,32,16,41.3973
64,512,32,32,41.867
64,512,32,64,42.7413
64,512,32,128,56.8427
64,512,32,256,71.787
64,512,32,512,101.301
64,512,32,1024,172.01
64,512,32,2048,308.181
64,512,32,4096,595.508
64,512,32,8192,1218.09
64,512,32,16384,2394.79
64,512,32,32768,4775.46
64,512,32,65536,9683.74
64,512,32,131055,20098.8
64,512,64,16,65.76
64,512,64,32,66.7833
64,512,64,64,68
64,512,64,128,93.0557
64,512,64,256,124.608
64,512,64,512,191.54
64,512,64,1024,321.503
64,512,64,2048,573.054
64,512,64,4096,1446.03
64,512,64,8192,2930.31
64,512,64,16384,5886.02
64,512,64,32768,13478
64,512,64,65536,26011.1
64,512,64,131055,53982.4
64,1024,0,0,30.8153
64,1024,1,16,30.0053
64,1024,1,32,30.08
64,1024,1,64,29.984
64,1024,1,128,29.9413
64,1024,1,256,29.984
64,1024,1,512,29.952
64,1024,1,1024,30.1437
64,1024,1,2048,52.5333
64,1024,1,4096,99.0077
64,1024,1,8192,190.976
64,1024,1,16384,373.12
64,1024,1,32768,746.197
64,1024,1,65536,1481.09
64,1024,1,131055,2951.28
64,1024,2,16,29.9307
64,1024,2,32,29.9197
64,1024,2,64,29.888
64,1024,2,128,29.9837
64,1024,2,256,29.9197
64,1024,2,512,30.0907
64,1024,2,1024,30.368
64,1024,2,2048,53.4927
64,1024,2,4096,99.9137
64,1024,2,8192,192.789
64,1024,2,16384,379.882
64,1024,2,32768,750.025
64,1024,2,65536,1483.56
64,1024,2,131055,2962.3
64,1024,4,16,29.8987
64,1024,4,32,29.728
64,1024,4,64,30.0053
64,1024,4,128,30.528
64,1024,4,256,30.6773
64,1024,4,512,30.7943
64,1024,4,1024,31.616
64,1024,4,2048,55.5087
64,1024,4,4096,103.456
64,1024,4,8192,198.795
64,1024,4,16384,384.597
64,1024,4,32768,757.427
64,1024,4,65536,1498.4
64,1024,4,131055,2987.25
64,1024,8,16,34.709
64,1024,8,32,34.8587
64,1024,8,64,35.0507
64,1024,8,128,37.792
64,1024,8,256,41.1093
64,1024,8,512,46.8367
64,1024,8,1024,60.0427
64,1024,8,2048,106.144
64,1024,8,4096,198.303
64,1024,8,8192,385.14
64,1024,8,16384,770.399
64,1024,8,32768,1522.08
64,1024,8,65536,3020.06
64,1024,8,131055,6035.66
64,1024,16,16,39.648
64,1024,16,32,39.7867
64,1024,16,64,40.3733
64,1024,16,128,45.8773
64,1024,16,256,52.0323
64,1024,16,512,64.32
64,1024,16,1024,89.354
64,1024,16,2048,157.93
64,1024,16,4096,294.505
64,1024,16,8192,587.817
64,1024,16,16384,1156.66
64,1024,16,32768,2292.38
64,1024,16,65536,4558.82
64,1024,16,131055,8975.23
64,1024,32,16,52.5757
64,1024,32,32,53.28
64,1024,32,64,54.2933
64,1024,32,128,67.6373
64,1024,32,256,82.2397
64,1024,32,512,111.338
64,1024,32,1024,171.168
64,1024,32,2048,306.442
64,1024,32,4096,591.187
64,1024,32,8192,1215.38
64,1024,32,16384,2381.67
64,1024,32,32768,4765.13
64,1024,32,65536,9679.37
64,1024,32,131055,20123.1
64,1024,64,16,77.7067
64,1024,64,32,78.442
64,1024,64,64,80.0537
64,1024,64,128,108.287
64,1024,64,256,137.494
64,1024,64,512,193.739
64,1024,64,1024,326.058
64,1024,64,2048,582.452
64,1024,64,4096,1449.66
64,1024,64,8192,2927.02
64,1024,64,16384,6032.64
64,1024,64,32768,14372.8
64,1024,64,65536,26643
64,1024,64,131055,53500.2
64,2048,0,0,54.154
64,2048,1,16,53.12
64,2048,1,32,53.0873
64,2048,1,64,52.9813
64,2048,1,128,53.0667
64,2048,1,256,52.8103
64,2048,1,512,53.0447
64,2048,1,1024,53.2693
64,2048,1,2048,53.344
64,2048,1,4096,98.582
64,2048,1,8192,191.328
64,2048,1,16384,376.381
64,2048,1,32768,738.473
64,2048,1,65536,1483
64,2048,1,131055,2947.74
64,2048,2,16,52.8747
64,2048,2,32,52.9603
64,2048,2,64,52.7253
64,2048,2,128,52.8963
64,2048,2,256,53.077
64,2048,2,512,53.2903
64,2048,2,1024,53.824
64,2048,2,2048,54.3683
64,2048,2,4096,100.288
64,2048,2,8192,193.247
64,2048,2,16384,379.274
64,2048,2,32768,749.929
64,2048,2,65536,1487.68
64,2048,2,131055,2961.17
64,2048,4,16,53.0027
64,2048,4,32,52.5863
64,2048,4,64,53.1623
64,2048,4,128,53.461
64,2048,4,256,53.7063
64,2048,4,512,54.3357
64,2048,4,1024,55.8187
64,2048,4,2048,56.874
64,2048,4,4096,104.203
64,2048,4,8192,199.295
64,2048,4,16384,386.485
64,2048,4,32768,760.883
64,2048,4,65536,1503.27
64,2048,4,131055,2992.16
64,2048,8,16,56.384
64,2048,8,32,56.288
64,2048,8,64,57.312
64,2048,8,128,59.5413
64,2048,8,256,63.1147
64,2048,8,512,69.6107
64,2048,8,1024,81.9733
64,2048,8,2048,107.306
64,2048,8,4096,199.082
64,2048,8,8192,384.671
64,2048,8,16384,767.657
64,2048,8,32768,1525.68
64,2048,8,65536,3028.53
64,2048,8,131055,6023.49
64,2048,16,16,61.248
64,2048,16,32,61.8773
64,2048,16,64,62.24
64,2048,16,128,67.7437
64,2048,16,256,74.613
64,2048,16,512,86.8907
64,2048,16,1024,111.403
64,2048,16,2048,158.453
64,2048,16,4096,294.698
64,2048,16,8192,587.135
64,2048,16,16384,1156.07
64,2048,16,32768,2272.89
64,2048,16,65536,4550.23
64,2048,16,131055,8976.92
64,2048,32,16,75.0607
64,2048,32,32,75.7543
64,2048,32,64,76.426
64,2048,32,128,90.069
64,2048,32,256,105.418
64,2048,32,512,135.253
64,2048,32,1024,192.287
64,2048,32,2048,311.264
64,2048,32,4096,591.892
64,2048,32,8192,1220.74
64,2048,32,16384,2399.4
64,2048,32,32768,4769.65
64,2048,32,65536,9711.07
64,2048,32,131055,19768.5
64,2048,64,16,99.6797
64,2048,64,32,101.376
64,2048,64,64,103.605
64,2048,64,128,132.255
64,2048,64,256,164.992
64,2048,64,512,225.322
64,2048,64,1024,336.138
64,2048,64,2048,600.936
64,2048,64,4096,1439.49
64,2048,64,8192,2948.14
64,2048,64,16384,5992.89
64,2048,64,32768,12733.8
64,2048,64,65536,26421.1
64,2048,64,131055,53012.3
64,4096,0,0,101.696
64,4096,1,16,100.192
64,4096,1,32,99.9887
64,4096,1,64,100.149
64,4096,1,128,100.331
64,4096,1,256,99.723
64,4096,1,512,100.117
64,4096,1,1024,100.384
64,4096,1,2048,100.874
64,4096,1,4096,100.299
64,4096,1,8192,192.512
64,4096,1,16384,376.159
64,4096,1,32768,748.212
64,4096,1,65536,1492
64,4096,1,131055,2963.65
64,4096,2,16,100.01
64,4096,2,32,99.125
64,4096,2,64,99.3387
64,4096,2,128,100.266
64,4096,2,256,100.374
64,4096,2,512,99.6267
64,4096,2,1024,100.949
64,4096,2,2048,101.387
64,4096,2,4096,101.664
64,4096,2,8192,195.444
64,4096,2,16384,382.613
64,4096,2,32768,753.951
64,4096,2,65536,1497.49
64,4096,2,131055,2981.12
64,4096,4,16,99.968
64,4096,4,32,100.01
64,4096,4,64,100.416
64,4096,4,128,100.341
64,4096,4,256,100.448
64,4096,4,512,101.194
64,4096,4,1024,103.093
64,4096,4,2048,103.978
64,4096,4,4096,107.008
64,4096,4,8192,201.557
64,4096,4,16384,390.719
64,4096,4,32768,765.406
64,4096,4,65536,1511.13
64,4096,4,131055,2992.04
64,4096,8,16,101.525
64,4096,8,32,100.928
64,4096,8,64,100.885
64,4096,8,128,103.647
64,4096,8,256,106.784
64,4096,8,512,113.994
64,4096,8,1024,126.624
64,4096,8,2048,151.818
64,4096,8,4096,202.421
64,4096,8,8192,386.143
64,4096,8,16384,773.363
64,4096,8,32768,1527.68
64,4096,8,65536,3045.68
64,4096,8,131055,6030.96
64,4096,16,16,104.769
64,4096,16,32,105.771
64,4096,16,64,106.421
64,4096,16,128,112.192
64,4096,16,256,119.232
64,4096,16,512,131.21
64,4096,16,1024,156.458
64,4096,16,2048,203.2
64,4096,16,4096,299.316
64,4096,16,8192,584.693
64,4096,16,16384,1159.88
64,4096,16,32768,2290.9
64,4096,16,65536,4599.22
64,4096,16,131055,8999.1
64,4096,32,16,118.794
64,4096,32,32,119.2
64,4096,32,64,120.64
64,4096,32,128,134.048
64,4096,32,256,149.472
64,4096,32,512,178.933
64,4096,32,1024,236.756
64,4096,32,2048,351.38
64,4096,32,4096,615.113
64,4096,32,8192,1248.78
64,4096,32,16384,2559
64,4096,32,32768,5219.97
64,4096,32,65536,10902.4
64,4096,32,131055,20916.2
64,4096,64,16,143.167
64,4096,64,32,144.224
64,4096,64,64,146.016
64,4096,64,128,175.018
64,4096,64,256,209.472
64,4096,64,512,271.136
64,4096,64,1024,392.074
64,4096,64,2048,611.284
64,4096,64,4096,1493.8
64,4096,64,8192,3175.33
64,4096,64,16384,7009.61
64,4096,64,32768,16062.3
64,4096,64,65536,28470.3
64,4096,64,131055,57095.4
64,8192,0,0,192.288
64,8192,1,16,191.156
64,8192,1,32,191.306
64,8192,1,64,191.115
64,8192,1,128,191.062
64,8192,1,256,191.168
64,8192,1,512,191.168
64,8192,1,1024,192.021
64,8192,1,2048,191.733
64,8192,1,4096,191.391
64,8192,1,8192,191.509
64,8192,1,16384,375.284
64,8192,1,32768,740.81
64,8192,1,65536,1478.88
64,8192,1,131055,2949.2
64,8192,2,16,191.85
64,8192,2,32,190.784
64,8192,2,64,190.805
64,8192,2,128,191.082
64,8192,2,256,190.89
64,8192,2,512,191.125
64,8192,2,1024,191.679
64,8192,2,2048,192.276
64,8192,2,4096,191.904
64,8192,2,8192,194.165
64,8192,2,16384,383.018
64,8192,2,32768,751.956
64,8192,2,65536,1484.38
64,8192,2,131055,2957.81
64,8192,4,16,191.2
64,8192,4,32,191.083
64,8192,4,64,192.522
64,8192,4,128,193.322
64,8192,4,256,193.29
64,8192,4,512,194.41
64,8192,4,1024,194.859
64,8192,4,2048,196.266
64,8192,4,4096,199.979
64,8192,4,8192,202.858
64,8192,4,16384,391.423
64,8192,4,32768,765.427
64,8192,4,65536,1517.54
64,8192,4,131055,3010.01
64,8192,8,16,191.029
64,8192,8,32,190.303
64,8192,8,64,190.827
64,8192,8,128,191.979
64,8192,8,256,193.322
64,8192,8,512,199.638
64,8192,8,1024,212.256
64,8192,8,2048,237.579
64,8192,8,4096,287.21
64,8192,8,8192,392.319
64,8192,8,16384,763.721
64,8192,8,32768,1527.06
64,8192,8,65536,3035.33
64,8192,8,131055,6056.76
64,8192,16,16,192.373
64,8192,16,32,193.461
64,8192,16,64,194.634
64,8192,16,128,200.522
64,8192,16,256,206.037
64,8192,16,512,219.05
64,8192,16,1024,244.437
64,8192,16,2048,291.445
64,8192,16,4096,387.807
64,8192,16,8192,600.564
64,8192,16,16384,1181.32
64,8192,16,32768,2334.41
64,8192,16,65536,4724.88
64,8192,16,131055,9325.65
64,8192,32,16,205.205
64,8192,32,32,204.906
64,8192,32,64,206.538
64,8192,32,128,219.679
64,8192,32,256,234.9
64,8192,32,512,263.254
64,8192,32,1024,322.048
64,8192,32,2048,437.396
64,8192,32,4096,692.255
64,8192,32,8192,1254.31
64,8192,32,16384,2575.99
64,8192,32,32768,5762.88
64,8192,32,65536,11903.8
64,8192,32,131055,22616.4
64,8192,64,16,227.093
64,8192,64,32,229.546
64,8192,64,64,234.763
64,8192,64,128,263.21
64,8192,64,256,297.215
64,8192,64,512,362.516
64,8192,64,1024,490.815
64,8192,64,2048,735.956
64,8192,64,4096,1560.39
64,8192,64,8192,3114.44
64,8192,64,16384,7020.16
64,8192,64,32768,16011.8
64,8192,64,65536,29465.7
64,8192,64,131055,63270.8
64,16384,0,0,378.697
64,16384,1,16,376.736
64,16384,1,32,375.316
64,16384,1,64,373.642
64,16384,1,128,374.975
64,16384,1,256,374.164
64,16384,1,512,374.368
64,16384,1,1024,374.26
64,16384,1,2048,377.322
64,16384,1,4096,376.03
64,16384,1,8192,376.053
64,16384,1,16384,376.831
64,16384,1,32768,740.755
64,16384,1,65536,1475.62
64,16384,1,131055,2979.16
64,16384,2,16,377.195
64,16384,2,32,379.125
64,16384,2,64,377.951
64,16384,2,128,377.79
64,16384,2,256,377.631
64,16384,2,512,378.495
64,16384,2,1024,379.274
64,16384,2,2048,377.983
64,16384,2,4096,377.034
64,16384,2,8192,381.694
64,16384,2,16384,384.714
64,16384,2,32768,756.233
64,16384,2,65536,1499.02
64,16384,2,131055,2979.01
64,16384,4,16,374.613
64,16384,4,32,375.936
64,16384,4,64,373.684
64,16384,4,128,376.052
64,16384,4,256,375.477
64,16384,4,512,376.287
64,16384,4,1024,378.068
64,16384,4,2048,380.512
64,16384,4,4096,382.719
64,16384,4,8192,384.543
64,16384,4,16384,394.11
64,16384,4,32768,769.066
64,16384,4,65536,1506.94
64,16384,4,131055,2991.7
64,16384,8,16,375.391
64,16384,8,32,372.863
64,16384,8,64,374.293
64,16384,8,128,375.946
64,16384,8,256,376.821
64,16384,8,512,377.524
64,16384,8,1024,383.295
64,16384,8,2048,408.853
64,16384,8,4096,459.808
64,16384,8,8192,566.185
64,16384,8,16384,773.31
64,16384,8,32768,1528.4
64,16384,8,65536,3043.2
64,16384,8,131055,6058.77
64,16384,16,16,375.669
64,16384,16,32,374.122
64,16384,16,64,374.655
64,16384,16,128,374.859
64,16384,16,256,377.673
64,16384,16,512,389.289
64,16384,16,1024,417.737
64,16384,16,2048,464.501
64,16384,16,4096,562.1
64,16384,16,8192,774.036
64,16384,16,16384,1169.59
64,16384,16,32768,2341.81
64,16384,16,65536,4746.68
64,16384,16,131055,9248.32
64,16384,32,16,375.818
64,16384,32,32,377.204
64,16384,32,64,378.335
64,16384,32,128,391.946
64,16384,32,256,405.663
64,16384,32,512,436.692
64,16384,32,1024,493.684
64,16384,32,2048,609.311
64,16384,32,4096,859.604
64,16384,32,8192,1387.11
64,16384,32,16384,2474.24
64,16384,32,32768,5566.73
64,16384,32,65536,11717.7
64,16384,32,131055,21845.7
64,16384,64,16,401.183
64,16384,64,32,401.919
64,16384,64,64,404.884
64,16384,64,128,432.586
64,16384,64,256,467.467
64,16384,64,512,530.783
64,16384,64,1024,662.388
64,16384,64,2048,911.657
64,16384,64,4096,1803.73
64,16384,64,8192,3099.58
64,16384,64,16384,6328.22
64,16384,64,32768,16851.9
64,16384,64,65536,30401.4
64,16384,64,131055,60617.3
64,32768,0,0,749.577
64,32768,1,16,744.18
64,32768,1,32,739.773
64,32768,1,64,741.556
64,32768,1,128,743.081
64,32768,1,256,740.297
64,32768,1,512,740.788
64,32768,1,1024,738.399
64,32768,1,2048,741.344
64,32768,1,4096,744.5
64,32768,1,8192,744.128
64,32768,1,16384,740.831
64,32768,1,32768,742.185
64,32768,1,65536,1483.38
64,32768,1,131055,2940.44
64,32768,2,16,739.551
64,32768,2,32,741.119
64,32768,2,64,740.884
64,32768,2,128,746.176
64,32768,2,256,742.164
64,32768,2,512,740.426
64,32768,2,1024,741.567
64,32768,2,2048,742.696
64,32768,2,4096,741.983
64,32768,2,8192,741.226
64,32768,2,16384,744.938
64,32768,2,32768,749.439
64,32768,2,65536,1487.39
64,32768,2,131055,2955.69
64,32768,4,16,742.186
64,32768,4,32,742.484
64,32768,4,64,745.225
64,32768,4,128,744.392
64,32768,4,256,742.995
64,32768,4,512,744.894
64,32768,4,1024,741.331
64,32768,4,2048,744.659
64,32768,4,4096,749.94
64,32768,4,8192,753.16
64,32768,4,16384,759.039
64,32768,4,32768,772.67
64,32768,4,65536,1518.72
64,32768,4,131055,3004.63
64,32768,8,16,741.044
64,32768,8,32,741.502
64,32768,8,64,742.186
64,32768,8,128,745.406
64,32768,8,256,742.399
64,32768,8,512,743.156
64,32768,8,1024,746.922
64,32768,8,2048,752.383
64,32768,8,4096,805.214
64,32768,8,8192,915.304
64,32768,8,16384,1132.39
64,32768,8,32768,1534.23
64,32768,8,65536,3048.48
64,32768,8,131055,6060.71
64,32768,16,16,740.927
64,32768,16,32,745.919
64,32768,16,64,742.654
64,32768,16,128,742.344
64,32768,16,256,744.991
64,32768,16,512,744.084
64,32768,16,1024,758.271
64,32768,16,2048,806.516
64,32768,16,4096,906.9
64,32768,16,8192,1127.75
64,32768,16,16384,1521.27
64,32768,16,32768,2322.07
64,32768,16,65536,4721.62
64,32768,16,131055,9369.95
64,32768,32,16,741.438
64,32768,32,32,741.363
64,32768,32,64,742.196
64,32768,32,128,744.532
64,32768,32,256,750.803
64,32768,32,512,782.782
64,32768,32,1024,840.969
64,32768,32,2048,953.396
64,32768,32,4096,1210.74
64,32768,32,8192,1755.21
64,32768,32,16384,2759.2
64,32768,32,32768,5182.78
64,32768,32,65536,11442.1
64,32768,32,131055,22374.8
64,32768,64,16,742.836
64,32768,64,32,750.079
64,32768,64,64,751.817
64,32768,64,128,777.983
64,32768,64,256,811.732
64,32768,64,512,873.982
64,32768,64,1024,1006.5
64,32768,64,2048,1264.78
64,32768,64,4096,2219.4
64,32768,64,8192,3657.99
64,32768,64,16384,6335.57
64,32768,64,32768,15170.5
64,32768,64,65536,30937.4
64,32768,64,131055,64955.9
64,65536,0,0,1480.81
64,65536,1,16,1471.04
64,65536,1,32,1477.27
64,65536,1,64,1474.17
64,65536,1,128,1477.01
64,65536,1,256,1473.42
64,65536,1,512,1475.24
64,65536,1,1024,1481.07
64,65536,1,2048,1480.86
64,65536,1,4096,1473.93
64,65536,1,8192,1472.84
64,65536,1,16384,1490.82
64,65536,1,32768,1472.56
64,65536,1,65536,1476.08
64,65536,1,131055,2941.08
64,65536,2,16,1480.38
64,65536,2,32,1473.19
64,65536,2,64,1475.49
64,65536,2,128,1472.14
64,65536,2,256,1480.35
64,65536,2,512,1480.73
64,65536,2,1024,1472.54
64,65536,2,2048,1481.28
64,65536,2,4096,1483.1
64,65536,2,8192,1475.64
64,65536,2,16384,1479.16
64,65536,2,32768,1484.14
64,65536,2,65536,1493.72
64,65536,2,131055,2957.21
64,65536,4,16,1477.89
64,65536,4,32,1482.26
64,65536,4,64,1485.04
64,65536,4,128,1479.27
64,65536,4,256,1477.88
64,65536,4,512,1486.18
64,65536,4,1024,1490.93
64,65536,4,2048,1481.6
64,65536,4,4096,1496.13
64,65536,4,8192,1494.45
64,65536,4,16384,1501.91
64,65536,4,32768,1509.69
64,65536,4,65536,1530.52
64,65536,4,131055,3025.64
64,65536,8,16,1477.29
64,65536,8,32,1479.53
64,65536,8,64,1481.29
64,65536,8,128,1478.9
64,65536,8,256,1483.83
64,65536,8,512,1485.2
64,65536,8,1024,1487.06
64,65536,8,2048,1494.08
64,65536,8,4096,1497.34
64,65536,8,8192,1618.13
64,65536,8,16384,1828.95
64,65536,8,32768,2264.45
64,65536,8,65536,3037.16
64,65536,8,131055,6054.84
64,65536,16,16,1484.85
64,65536,16,32,1474.26
64,65536,16,64,1481.15
64,65536,16,128,1481.83
64,65536,16,256,1482.24
64,65536,16,512,1486.63
64,65536,16,1024,1490.93
64,65536,16,2048,1502.79
64,65536,16,4096,1597.11
64,65536,16,8192,1819.3
64,65536,16,16384,2245.11
64,65536,16,32768,3075.13
64,65536,16,65536,4738.92
64,65536,16,131055,9331.69
64,65536,32,16,1480.45
64,65536,32,32,1479.48
64,65536,32,64,1482.64
64,65536,32,128,1489.12
64,65536,32,256,1486.98
64,65536,32,512,1494.11
64,65536,32,1024,1536.66
64,65536,32,2048,1651.53
64,65536,32,4096,1909.59
64,65536,32,8192,2461.42
64,65536,32,16384,3480.33
64,65536,32,32768,5649.5
64,65536,32,65536,10728.1
64,65536,32,131055,22910.8
64,65536,64,16,1479.69
64,65536,64,32,1479.1
64,65536,64,64,1478.57
64,65536,64,128,1488.27
64,65536,64,256,1501.71
64,65536,64,512,1580.26
64,65536,64,1024,1700.39
64,65536,64,2048,1957.2
64,65536,64,4096,2956.29
64,65536,64,8192,4530.12
64,65536,64,16384,7865.06
64,65536,64,32768,15739.9
64,65536,64,65536,27746
64,65536,64,131055,62971.1
128,0,0,0,8.73633
128,0,1,16,8.59767
128,0,1,32,8.651
128,0,1,64,8.60767
128,0,1,128,10.4107
128,0,1,256,12.9277
128,0,1,512,18.176
128,0,1,1024,29.461
128,0,1,2048,52.288
128,0,1,4096,98.4213
128,0,1,8192,190.058
128,0,1,16384,373.162
128,0,1,32768,738.11
128,0,1,65536,1484.04
128,0,1,131055,2942.52
128,0,2,16,8.65033
128,0,2,32,8.64033
128,0,2,64,8.693
128,0,2,128,10.5707
128,0,2,256,13.3223
128,0,2,512,18.73
128,0,2,1024,29.8347
128,0,2,2048,52.981
128,0,2,4096,99.637
128,0,2,8192,191.915
128,0,2,16384,377.194
128,0,2,32768,745.961
128,0,2,65536,1479.33
128,0,2,131055,2948.62
128,0,4,16,12.288
128,0,4,32,12.3837
128,0,4,64,12.6503
128,0,4,128,16.0107
128,0,4,256,18.624
128,0,4,512,24.7353
128,0,4,1024,35.3707
128,0,4,2048,58.8053
128,0,4,4096,104.341
128,0,4,8192,198.655
128,0,4,16384,386.281
128,0,4,32768,756.094
128,0,4,65536,1500.57
128,0,4,131055,2982.66
128,0,8,16,13.6317
128,0,8,32,13.9843
128,0,8,64,14.0587
128,0,8,128,18.5173
128,0,8,256,23.808
128,0,8,512,35.115
128,0,8,1024,59.4773
128,0,8,2048,106.581
128,0,8,4096,199.829
128,0,8,8192,388.458
128,0,8,16384,770.399
128,0,8,32768,1522.81
128,0,8,65536,3039.91
128,0,8,131055,6024.69
128,0,16,16,21.1623
128,0,16,32,21.312
128,0,16,64,22.07
128,0,16,128,30.0267
128,0,16,256,39.381
128,0,16,512,57.1623
128,0,16,1024,93.5247
128,0,16,2048,161.728
128,0,16,4096,295.925
128,0,16,8192,587.347
128,0,16,16384,1148.43
128,0,16,32768,2275.34
128,0,16,65536,4538.18
128,0,16,131055,8961.55
128,0,32,16,32.7677
128,0,32,32,32.7677
128,0,32,64,33.6533
128,0,32,128,49.525
128,0,32,256,67.6163
128,0,32,512,102.453
128,0,32,1024,171.989
128,0,32,2048,309.077
128,0,32,4096,596.02
128,0,32,8192,1209.94
128,0,32,16384,2381.2
128,0,32,32768,4749.42
128,0,32,65536,9737.87
128,0,32,131055,19062.3
128,0,64,16,58.325
128,0,64,32,59.381
128,0,64,64,61.2267
128,0,64,128,92.0527
128,0,64,256,126.645
128,0,64,512,191.115
128,0,64,1024,318.069
128,0,64,2048,572.137
128,0,64,4096,1456.83
128,0,64,8192,2933.54
128,0,64,16384,5987.77
128,0,64,32768,14358.7
128,0,64,65536,26291.6
128,0,64,131055,53981.5
128,16,0,0,10.8163
128,16,1,16,10.9647
128,16,1,32,10.9017
128,16,1,64,10.9333
128,16,1,128,11.0187
128,16,1,256,13.1297
128,16,1,512,18.5487
128,16,1,1024,29.344
128,16,1,2048,52.608
128,16,1,4096,98.368
128,16,1,8192,191.2
128,16,1,16384,374.89
128,16,1,32768,744.606
128,16,1,65536,1477.93
128,16,1,131055,2942.87
128,16,2,16,10.9013
128,16,2,32,10.955
128,16,2,64,10.9547
128,16,2,128,11.1043
128,16,2,256,13.3227
128,16,2,512,18.8587
128,16,2,1024,29.6853
128,16,2,2048,53.0987
128,16,2,4096,98.9973
128,16,2,8192,192.277
128,16,2,16384,377.374
128,16,2,32768,745.375
128,16,2,65536,1478.78
128,16,2,131055,2946.81
128,16,4,16,12.48
128,16,4,32,12.4267
128,16,4,64,12.6937
128,16,4,128,15.627
128,16,4,256,18.592
128,16,4,512,24.5117
128,16,4,1024,35.733
128,16,4,2048,58.8797
128,16,4,4096,103.787
128,16,4,8192,198.218
128,16,4,16384,386.058
128,16,4,32768,756.361
128,16,4,65536,1497.33
128,16,4,131055,2982.78
128,16,8,16,16.3093
128,16,8,32,16.1067
128,16,8,64,16.608
128,16,8,128,18.304
128,16,8,256,23.733
128,16,8,512,35.1893
128,16,8,1024,59.9037
128,16,8,2048,106.325
128,16,8,4096,199.264
128,16,8,8192,388.096
128,16,8,16384,770.142
128,16,8,32768,1517.99
128,16,8,65536,3019.14
128,16,8,131055,6031.28
128,16,16,16,23.8507
128,16,16,32,23.712
128,16,16,64,24.2347
128,16,16,128,30.3787
128,16,16,256,39.7653
128,16,16,512,57.675
128,16,16,1024,92.757
128,16,16,2048,161.076
128,16,16,4096,295.978
128,16,16,8192,584.841
128,16,16,16384,1151.63
128,16,16,32768,2283.2
128,16,16,65536,4526.09
128,16,16,131055,8972.32
128,16,32,16,35.104
128,16,32,32,35.5947
128,16,32,64,36.2027
128,16,32,128,49.792
128,16,32,256,67.3917
128,16,32,512,102.923
128,16,32,1024,171.572
128,16,32,2048,308.554
128,16,32,4096,593.907
128,16,32,8192,1213.47
128,16,32,16384,2374.03
128,16,32,32768,4751.12
128,16,32,65536,9623.08
128,16,32,131055,19789.7
128,16,64,16,60.5123
128,16,64,32,61.194
128,16,64,64,62.368
128,16,64,128,92.3403
128,16,64,256,126.421
128,16,64,512,191.829
128,16,64,1024,320.361
128,16,64,2048,570.879
128,16,64,4096,1448.67
128,16,64,8192,2924.16
128,16,64,16384,5943.64
128,16,64,32768,13805.3
128,16,64,65536,26019.3
128,16,64,131055,51890.4
128,32,0,0,10.6347
128,32,1,16,10.784
128,32,1,32,10.8153
128,32,1,64,10.848
128,32,1,128,10.8693
128,32,1,256,12.9387
128,32,1,512,18.2083
128,32,1,1024,29.3333
128,32,1,2048,52.7147
128,32,1,4096,98.5597
128,32,1,8192,189.301
128,32,1,16384,376.415
128,32,1,32768,739.945
128,32,1,65536,1485.05
128,32,1,131055,2940.24
128,32,2,16,10.88
128,32,2,32,11.0293
128,32,2,64,11.0293
128,32,2,128,10.9223
128,32,2,256,13.313
128,32,2,512,18.6987
128,32,2,1024,29.696
128,32,2,2048,53.3763
128,32,2,4096,99.53
128,32,2,8192,191.413
128,32,2,16384,379.573
128,32,2,32768,746.75
128,32,2,65536,1477.64
128,32,2,131055,2945.25
128,32,4,16,12.416
128,32,4,32,12.448
128,32,4,64,12.8107
128,32,4,128,15.6907
128,32,4,256,18.8803
128,32,4,512,24.2667
128,32,4,1024,35.7867
128,32,4,2048,59.125
128,32,4,4096,103.275
128,32,4,8192,198.559
128,32,4,16384,385.343
128,32,4,32768,756.746
128,32,4,65536,1497.12
128,32,4,131055,2984.83
128,32,8,16,16.2453
128,32,8,32,16.3627
128,32,8,64,16.576
128,32,8,128,18.2823
128,32,8,256,23.658
128,32,8,512,35.1567
128,32,8,1024,59.7867
128,32,8,2048,106.432
128,32,8,4096,199.167
128,32,8,8192,387.243
128,32,8,16384,771.497
128,32,8,32768,1522.38
128,32,8,65536,3032.37
128,32,8,131055,6035.04
128,32,16,16,23.6267
128,32,16,32,23.915
128,32,16,64,24.043
128,32,16,128,30.6233
128,32,16,256,39.7437
128,32,16,512,57.0027
128,32,16,1024,92.032
128,32,16,2048,160.469
128,32,16,4096,295.177
128,32,16,8192,585.641
128,32,16,16384,1152.69
128,32,16,32768,2288.81
128,32,16,65536,4542.64
128,32,16,131055,8971.8
128,32,32,16,35.4667
128,32,32,32,35.4983
128,32,32,64,36.4693
128,32,32,128,49.6743
128,32,32,256,67.4667
128,32,32,512,102.56
128,32,32,1024,171.21
128,32,32,2048,308.5
128,32,32,4096,594.367
128,32,32,8192,1212.4
128,32,32,16384,2383.25
128,32,32,32768,4765.99
128,32,32,65536,9714.21
128,32,32,131055,19605.7
128,32,64,16,60.661
128,32,64,32,61.3333
128,32,64,64,62.7627
128,32,64,128,92.832
128,32,64,256,126.698
128,32,64,512,192.319
128,32,64,1024,318.389
128,32,64,2048,573.279
128,32,64,4096,1450.2
128,32,64,8192,2930.85
128,32,64,16384,5945.85
128,32,64,32768,13487.2
128,32,64,65536,26227.5
128,32,64,131055,53210.3
128,64,0,0,10.7307
128,64,1,16,10.8267
128,64,1,32,10.827
128,64,1,64,10.8483
128,64,1,128,10.9017
128,64,1,256,12.9493
128,64,1,512,18.2187
128,64,1,1024,29.3653
128,64,1,2048,52.2773
128,64,1,4096,98.6133
128,64,1,8192,190.518
128,64,1,16384,373.46
128,64,1,32768,739.648
128,64,1,65536,1475.43
128,64,1,131055,2945.81
128,64,2,16,11.1357
128,64,2,32,11.0507
128,64,2,64,11.2003
128,64,2,128,11.0827
128,64,2,256,13.1203
128,64,2,512,18.304
128,64,2,1024,29.813
128,64,2,2048,53.1413
128,64,2,4096,99.4133
128,64,2,8192,192.064
128,64,2,16384,379.957
128,64,2,32768,752.948
128,64,2,65536,1490.11
128,64,2,131055,2969.2
128,64,4,16,12.5867
128,64,4,32,12.5867
128,64,4,64,12.7257
128,64,4,128,16.075
128,64,4,256,19.3383
128,64,4,512,24.5117
128,64,4,1024,35.8077
128,64,4,2048,59.7333
128,64,4,4096,105.269
128,64,4,8192,199.903
128,64,4,16384,388.533
128,64,4,32768,761.609
128,64,4,65536,1504.1
128,64,4,131055,2979.83
128,64,8,16,16.363
128,64,8,32,16.48
128,64,8,64,16.6727
128,64,8,128,18.3683
128,64,8,256,23.573
128,64,8,512,35.04
128,64,8,1024,59.6483
128,64,8,2048,105.984
128,64,8,4096,198.187
128,64,8,8192,386.4
128,64,8,16384,771.924
128,64,8,32768,1521.47
128,64,8,65536,3027.71
128,64,8,131055,6029.24
128,64,16,16,23.8827
128,64,16,32,24.192
128,64,16,64,24.4263
128,64,16,128,30.6027
128,64,16,256,39.776
128,64,16,512,57.3123
128,64,16,1024,93.4717
128,64,16,2048,161.451
128,64,16,4096,295.221
128,64,16,8192,589.065
128,64,16,16384,1157.75
128,64,16,32768,2277.55
128,64,16,65536,4514.57
128,64,16,131055,8967.31
128,64,32,16,35.6057
128,64,32,32,36.0213
128,64,32,64,36.6403
128,64,32,128,50.1763
128,64,32,256,68.3523
128,64,32,512,103.68
128,64,32,1024,172.938
128,64,32,2048,311.296
128,64,32,4096,599.198
128,64,32,8192,1220.07
128,64,32,16384,2386.99
128,64,32,32768,4760.21
128,64,32,65536,9688.71
128,64,32,131055,20218.2
128,64,64,16,61.2803
128,64,64,32,62.0047
128,64,64,64,63.3703
128,64,64,128,93.258
128,64,64,256,127.84
128,64,64,512,193.61
128,64,64,1024,321.184
128,64,64,2048,576.255
128,64,64,4096,1459.5
128,64,64,8192,2928.7
128,64,64,16384,5957.1
128,64,64,32768,13684.1
128,64,64,65536,26784.9
128,64,64,131055,49879
128,128,0,0,11.52
128,128,1,16,11.3167
128,128,1,32,11.3283
128,128,1,64,11.35
128,128,1,128,11.3923
128,128,1,256,12.9813
128,128,1,512,18.56
128,128,1,1024,29.5463
128,128,1,2048,52.5013
128,128,1,4096,98.496
128,128,1,8192,191.04
128,128,1,16384,373.834
128,128,1,32768,737.033
128,128,1,65536,1480.08
128,128,1,131055,2940.4
128,128,2,16,11.5413
128,128,2,32,11.403
128,128,2,64,11.456
128,128,2,128,11.4883
128,128,2,256,13.1947
128,128,2,512,18.9227
128,128,2,1024,29.7387
128,128,2,2048,53.1413
128,128,2,4096,100.139
128,128,2,8192,192.031
128,128,2,16384,378.997
128,128,2,32768,747.038
128,128,2,65536,1482.42
128,128,2,131055,2952.29
128,128,4,16,12.608
128,128,4,32,12.608
128,128,4,64,12.811
128,128,4,128,17.5043
128,128,4,256,21.7597
128,128,4,512,27.5947
128,128,4,1024,38.4963
128,128,4,2048,61.8667
128,128,4,4096,106.656
128,128,4,8192,199.285
128,128,4,16384,384.948
128,128,4,32768,755.102
128,128,4,65536,1498.38
128,128,4,131055,2990.5
128,128,8,16,16.7787
128,128,8,32,16.9283
128,128,8,64,17.163
128,128,8,128,19.3493
128,128,8,256,23.9253
128,128,8,512,35.36
128,128,8,1024,59.712
128,128,8,2048,106.143
128,128,8,4096,198.752
128,128,8,8192,385.61
128,128,8,16384,771.636
128,128,8,32768,1521.51
128,128,8,65536,3022.84
128,128,8,131055,6024.09
128,128,16,16,24.704
128,128,16,32,24.8423
128,128,16,64,25.3333
128,128,16,128,32.576
128,128,16,256,42.2617
128,128,16,512,60.747
128,128,16,1024,96.3733
128,128,16,2048,164.64
128,128,16,4096,298.943
128,128,16,8192,591.146
128,128,16,16384,1157.34
128,128,16,32768,2289.24
128,128,16,65536,4538.36
128,128,16,131055,8978.12
128,128,32,16,36.7143
128,128,32,32,37.0557
128,128,32,64,37.6853
128,128,32,128,50.848
128,128,32,256,68.032
128,128,32,512,103.797
128,128,32,1024,172.874
128,128,32,2048,311.519
128,128,32,4096,596.938
128,128,32,8192,1215.41
128,128,32,16384,2382.81
128,128,32,32768,4753.82
128,128,32,65536,9623.71
128,128,32,131055,19725.3
128,128,64,16,61.3323
128,128,64,32,62.4427
128,128,64,64,63.872
128,128,64,128,93.3863
128,128,64,256,127.371
128,128,64,512,193.269
128,128,64,1024,320.511
128,128,64,2048,574.612
128,128,64,4096,1451.41
128,128,64,8192,2925.83
128,128,64,16384,6067.64
128,128,64,32768,14151.3
128,128,64,65536,26062
128,128,64,131055,52078
128,256,0,0,14.0803
128,256,1,16,13.9417
128,256,1,32,13.92
128,256,1,64,13.9627
128,256,1,128,13.9203
128,256,1,256,13.92
128,256,1,512,18.3253
128,256,1,1024,29.4293
128,256,1,2048,52.4363
128,256,1,4096,98.4633
128,256,1,8192,190.101
128,256,1,16384,374.463
128,256,1,32768,741.824
128,256,1,65536,1477.85
128,256,1,131055,2949.68
128,256,2,16,14.0693
128,256,2,32,13.984
128,256,2,64,14.1973
128,256,2,128,14.048
128,256,2,256,14.1333
128,256,2,512,18.8583
128,256,2,1024,29.8133
128,256,2,2048,53.5993
128,256,2,4096,100.117
128,256,2,8192,192.991
128,256,2,16384,379.189
128,256,2,32768,746.133
128,256,2,65536,1482.55
128,256,2,131055,2946.02
128,256,4,16,15.5093
128,256,4,32,15.5517
128,256,4,64,15.5733
128,256,4,128,17.6427
128,256,4,256,23.3387
128,256,4,512,30.506
128,256,4,1024,42.0373
128,256,4,2048,65.1297
128,256,4,4096,110.261
128,256,4,8192,197.835
128,256,4,16384,385.844
128,256,4,32768,757.683
128,256,4,65536,1499.86
128,256,4,131055,2989.46
128,256,8,16,19.658
128,256,8,32,19.8833
128,256,8,64,20.1067
128,256,8,128,22.1657
128,256,8,256,25.1093
128,256,8,512,35.1467
128,256,8,1024,59.68
128,256,8,2048,106.581
128,256,8,4096,198.816
128,256,8,8192,385.92
128,256,8,16384,770.687
128,256,8,32768,1523.27
128,256,8,65536,3032.34
128,256,8,131055,6028.44
128,256,16,16,27.8293
128,256,16,32,28.2667
128,256,16,64,28.4053
128,256,16,128,33.6533
128,256,16,256,44.0747
128,256,16,512,63.328
128,256,16,1024,98.901
128,256,16,2048,165.472
128,256,16,4096,298.112
128,256,16,8192,585.93
128,256,16,16384,1152.22
128,256,16,32768,2289.64
128,256,16,65536,4523.1
128,256,16,131055,8983.05
128,256,32,16,40.16
128,256,32,32,39.9897
128,256,32,64,40.9497
128,256,32,128,53.8447
128,256,32,256,68.9067
128,256,32,512,102.453
128,256,32,1024,171.019
128,256,32,2048,307.968
128,256,32,4096,594.068
128,256,32,8192,1212.41
128,256,32,16384,2378.87
128,256,32,32768,4765.29
128,256,32,65536,9671.45
128,256,32,131055,20568.4
128,256,64,16,64.853
128,256,64,32,65.4927
128,256,64,64,67.381
128,256,64,128,95.2107
128,256,64,256,128.522
128,256,64,512,194.911
128,256,64,1024,323.775
128,256,64,2048,576.607
128,256,64,4096,1448.8
128,256,64,8192,2932.25
128,256,64,16384,5925.2
128,256,64,32768,13731.2
128,256,64,65536,25980.9
128,256,64,131055,50797.7
128,512,0,0,19.328
128,512,1,16,19.2853
128,512,1,32,19.3063
128,512,1,64,19.3173
128,512,1,128,19.2747
128,512,1,256,19.37
128,512,1,512,19.2643
128,512,1,1024,29.419
128,512,1,2048,52.554
128,512,1,4096,98.8053
128,512,1,8192,190.859
128,512,1,16384,374.623
128,512,1,32768,742.389
128,512,1,65536,1478.42
128,512,1,131055,2944.87
128,512,2,16,19.5737
128,512,2,32,19.6267
128,512,2,64,19.7223
128,512,2,128,19.4453
128,512,2,256,19.52
128,512,2,512,19.616
128,512,2,1024,30.1223
128,512,2,2048,53.9627
128,512,2,4096,100.544
128,512,2,8192,192.938
128,512,2,16384,379.284
128,512,2,32768,745.631
128,512,2,65536,1486.18
128,512,2,131055,2940.27
128,512,4,16,21.0773
128,512,4,32,20.939
128,512,4,64,20.8213
128,512,4,128,21.1313
128,512,4,256,23.232
128,512,4,512,34.304
128,512,4,1024,47.7113
128,512,4,2048,71.7443
128,512,4,4096,116.533
128,512,4,8192,203.819
128,512,4,16384,388.331
128,512,4,32768,764.895
128,512,4,65536,1512.64
128,512,4,131055,2986.72
128,512,8,16,25.173
128,512,8,32,25.2053
128,512,8,64,25.1307
128,512,8,128,27.9573
128,512,8,256,30.976
128,512,8,512,36.7253
128,512,8,1024,59.701
128,512,8,2048,106.837
128,512,8,4096,198.847
128,512,8,8192,385.279
128,512,8,16384,768.18
128,512,8,32768,1524.05
128,512,8,65536,3023.91
128,512,8,131055,6021.59
128,512,16,16,33.7067
128,512,16,32,34.3893
128,512,16,64,34.8053
128,512,16,128,42.293
128,512,16,256,48.8427
128,512,16,512,67.85
128,512,16,1024,104.277
128,512,16,2048,172.426
128,512,16,4096,305.108
128,512,16,8192,592.095
128,512,16,16384,1162
128,512,16,32768,2285.88
128,512,16,65536,4522.4
128,512,16,131055,8971.43
128,512,32,16,47.6377
128,512,32,32,47.6797
128,512,32,64,48.843
128,512,32,128,61.1517
128,512,32,256,75.9143
128,512,32,512,104.639
128,512,32,1024,172.672
128,512,32,2048,310.015
128,512,32,4096,591.221
128,512,32,8192,1221.84
128,512,32,16384,2377.8
128,512,32,32768,4754.85
128,512,32,65536,9675.23
128,512,32,131055,20045.4
128,512,64,16,71.7653
128,512,64,32,72.715
128,512,64,64,73.9517
128,512,64,128,102.143
128,512,64,256,133.035
128,512,64,512,198.143
128,512,64,1024,328.895
128,512,64,2048,583.21
128,512,64,4096,1452.05
128,512,64,8192,2931.5
128,512,64,16384,5930.61
128,512,64,32768,13462.9
128,512,64,65536,26111.6
128,512,64,131055,50810.1
128,1024,0,0,30.9763
128,1024,1,16,30.752
128,1024,1,32,30.4853
128,1024,1,64,30.56
128,1024,1,128,30.6453
128,1024,1,256,30.56
128,1024,1,512,30.6343
128,1024,1,1024,30.6563
128,1024,1,2048,52.9063
128,1024,1,4096,98.9553
128,1024,1,8192,190.186
128,1024,1,16384,374.367
128,1024,1,32768,740.297
128,1024,1,65536,1476.16
128,1024,1,131055,2948.32
128,1024,2,16,30.7203
128,1024,2,32,30.6773
128,1024,2,64,30.688
128,1024,2,128,30.6027
128,1024,2,256,30.6667
128,1024,2,512,30.7947
128,1024,2,1024,31.3067
128,1024,2,2048,54.4957
128,1024,2,4096,101.493
128,1024,2,8192,195.338
128,1024,2,16384,382.698
128,1024,2,32768,753.374
128,1024,2,65536,1498.27
128,1024,2,131055,2968.91
128,1024,4,16,31.808
128,1024,4,32,31.9563
128,1024,4,64,31.7757
128,1024,4,128,32.1917
128,1024,4,256,32.1387
128,1024,4,512,35.051
128,1024,4,1024,59.2957
128,1024,4,2048,83.7433
128,1024,4,4096,128.821
128,1024,4,8192,216.17
128,1024,4,16384,392.319
128,1024,4,32768,765.983
128,1024,4,65536,1505.42
128,1024,4,131055,2987.67
128,1024,8,16,36.011
128,1024,8,32,36.448
128,1024,8,64,36.555
128,1024,8,128,38.8907
128,1024,8,256,42.2077
128,1024,8,512,48.6077
128,1024,8,1024,61.2587
128,1024,8,2048,106.804
128,1024,8,4096,199.061
128,1024,8,8192,383.508
128,1024,8,16384,766.195
128,1024,8,32768,1532.04
128,1024,8,65536,3035.83
128,1024,8,131055,6017.09
128,1024,16,16,45.0563
128,1024,16,32,45.6423
128,1024,16,64,46.1227
128,1024,16,128,54.496
128,1024,16,256,63.3493
128,1024,16,512,78.7617
128,1024,16,1024,114.677
128,1024,16,2048,184.01
128,1024,16,4096,317.962
128,1024,16,8192,591.092
128,1024,16,16384,1157.11
128,1024,16,32768,2271.81
128,1024,16,65536,4535.02
128,1024,16,131055,8977.31
128,1024,32,16,59.2957
128,1024,32,32,59.893
128,1024,32,64,60.8637
128,1024,32,128,75.5303
128,1024,32,256,90.8363
128,1024,32,512,115.925
128,1024,32,1024,172.885
128,1024,32,2048,307.125
128,1024,32,4096,585.023
128,1024,32,8192,1216.38
128,1024,32,16384,2391.75
128,1024,32,32768,4766.35
128,1024,32,65536,9566.56
128,1024,32,131055,19165.9
128,1024,64,16,85.2797
128,1024,64,32,86.016
128,1024,64,64,88.139
128,1024,64,128,115.424
128,1024,64,256,146.87
128,1024,64,512,206.719
128,1024,64,1024,336.116
128,1024,64,2048,596.297
128,1024,64,4096,1461.75
128,1024,64,8192,2938.22
128,1024,64,16384,6097.09
128,1024,64,32768,12903.4
128,1024,64,65536,25870.7
128,1024,64,131055,53878.9
128,2048,0,0,54.2937
128,2048,1,16,53.8877
128,2048,1,32,53.728
128,2048,1,64,53.9093
128,2048,1,128,53.6103
128,2048,1,256,53.877
128,2048,1,512,54.005
128,2048,1,1024,54.0047
128,2048,1,2048,54.3463
128,2048,1,4096,99.285
128,2048,1,8192,191.349
128,2048,1,16384,376.107
128,2048,1,32768,741.405
128,2048,1,65536,1483.75
128,2048,1,131055,2942.25
128,2048,2,16,53.9197
128,2048,2,32,53.7383
128,2048,2,64,53.8453
128,2048,2,128,53.9093
128,2048,2,256,54.112
128,2048,2,512,54.3247
128,2048,2,1024,55.1147
128,2048,2,2048,55.4033
128,2048,2,4096,101.28
128,2048,2,8192,193.984
128,2048,2,16384,382.154
128,2048,2,32768,755.509
128,2048,2,65536,1504.51
128,2048,2,131055,2982.31
128,2048,4,16,54.411
128,2048,4,32,54.496
128,2048,4,64,54.3143
128,2048,4,128,54.901
128,2048,4,256,55.0293
128,2048,4,512,55.7437
128,2048,4,1024,58.72
128,2048,4,2048,105.098
128,2048,4,4096,151.947
128,2048,4,8192,237.216
128,2048,4,16384,413.791
128,2048,4,32768,762.228
128,2048,4,65536,1501.08
128,2048,4,131055,2988
128,2048,8,16,58.5493
128,2048,8,32,58.7413
128,2048,8,64,58.5493
128,2048,8,128,61.8773
128,2048,8,256,64.9173
128,2048,8,512,71.317
128,2048,8,1024,84.107
128,2048,8,2048,108
128,2048,8,4096,199.712
128,2048,8,8192,382.464
128,2048,8,16384,766.623
128,2048,8,32768,1517.92
128,2048,8,65536,3023.78
128,2048,8,131055,6011.51
128,2048,16,16,66.6667
128,2048,16,32,67.243
128,2048,16,64,67.744
128,2048,16,128,76.053
128,2048,16,256,84.725
128,2048,16,512,102.741
128,2048,16,1024,135.125
128,2048,16,2048,203.029
128,2048,16,4096,337.653
128,2048,16,8192,601.652
128,2048,16,16384,1153.72
128,2048,16,32768,2288.76
128,2048,16,65536,4564.75
128,2048,16,131055,8982.87
128,2048,32,16,82.0907
128,2048,32,32,82.8373
128,2048,32,64,83.5943
128,2048,32,128,100.395
128,2048,32,256,117.696
128,2048,32,512,151.253
128,2048,32,1024,198.698
128,2048,32,2048,310.741
128,2048,32,4096,588.297
128,2048,32,8192,1216.06
128,2048,32,16384,2397
128,2048,32,32768,4769.05
128,2048,32,65536,9657.64
128,2048,32,131055,19572
128,2048,64,16,111.605
128,2048,64,32,112.32
128,2048,64,64,113.856
128,2048,64,128,144.063
128,2048,64,256,174.378
128,2048,64,512,235.679
128,2048,64,1024,358.602
128,2048,64,2048,612.436
128,2048,64,4096,1431.2
128,2048,64,8192,2945.53
128,2048,64,16384,5984.03
128,2048,64,32768,14085.8
128,2048,64,65536,25294.7
128,2048,64,131055,56546.2
128,4096,0,0,100.704
128,4096,1,16,100.138
128,4096,1,32,99.904
128,4096,1,64,100.16
128,4096,1,128,100.043
128,4096,1,256,100.117
128,4096,1,512,100.181
128,4096,1,1024,100.629
128,4096,1,2048,100.715
128,4096,1,4096,100.768
128,4096,1,8192,192.117
128,4096,1,16384,377.374
128,4096,1,32768,742.453
128,4096,1,65536,1476.56
128,4096,1,131055,2943.85
128,4096,2,16,100.309
128,4096,2,32,100.181
128,4096,2,64,100.501
128,4096,2,128,100.384
128,4096,2,256,100.309
128,4096,2,512,100.938
128,4096,2,1024,101.226
128,4096,2,2048,101.824
128,4096,2,4096,102.954
128,4096,2,8192,195.648
128,4096,2,16384,379.776
128,4096,2,32768,748.083
128,4096,2,65536,1492.31
128,4096,2,131055,2955.03
128,4096,4,16,100.266
128,4096,4,32,100.544
128,4096,4,64,100.352
128,4096,4,128,100.512
128,4096,4,256,101.001
128,4096,4,512,101.834
128,4096,4,1024,102.955
128,4096,4,2048,104.843
128,4096,4,4096,198.122
128,4096,4,8192,286.858
128,4096,4,16384,462.985
128,4096,4,32768,809.8
128,4096,4,65536,1508.54
128,4096,4,131055,2989.66
128,4096,8,16,102.602
128,4096,8,32,103.05
128,4096,8,64,103.179
128,4096,8,128,106.304
128,4096,8,256,109.141
128,4096,8,512,115.786
128,4096,8,1024,128.096
128,4096,8,2048,152.853
128,4096,8,4096,200.468
128,4096,8,8192,382.943
128,4096,8,16384,758.58
128,4096,8,32768,1518.4
128,4096,8,65536,3027.22
128,4096,8,131055,6031.3
128,4096,16,16,110.975
128,4096,16,32,111.69
128,4096,16,64,111.563
128,4096,16,128,120.149
128,4096,16,256,128.874
128,4096,16,512,146.187
128,4096,16,1024,181.44
128,4096,16,2048,248.362
128,4096,16,4096,382.58
128,4096,16,8192,669.343
128,4096,16,16384,1202.64
128,4096,16,32768,2301.56
128,4096,16,65536,4618.38
128,4096,16,131055,9038.99
128,4096,32,16,124.725
128,4096,32,32,125.141
128,4096,32,64,126.827
128,4096,32,128,142.911
128,4096,32,256,160.33
128,4096,32,512,194.922
128,4096,32,1024,260.842
128,4096,32,2048,355.754
128,4096,32,4096,604.554
128,4096,32,8192,1238.52
128,4096,32,16384,2761.21
128,4096,32,32768,5897.15
128,4096,32,65536,11940.1
128,4096,32,131055,23361.8
128,4096,64,16,154.644
128,4096,64,32,155.84
128,4096,64,64,157.844
128,4096,64,128,191.669
128,4096,64,256,223.616
128,4096,64,512,289.578
128,4096,64,1024,411.135
128,4096,64,2048,656.895
128,4096,64,4096,1532.07
128,4096,64,8192,3266.38
128,4096,64,16384,7943.37
128,4096,64,32768,16039.5
128,4096,64,65536,29855.4
128,4096,64,131055,64040.2
128,8192,0,0,192.01
128,8192,1,16,191.722
128,8192,1,32,192.8
128,8192,1,64,190.709
128,8192,1,128,192.309
128,8192,1,256,191.53
128,8192,1,512,192.383
128,8192,1,1024,193.249
128,8192,1,2048,191.38
128,8192,1,4096,193.014
128,8192,1,8192,193.109
128,8192,1,16384,377.056
128,8192,1,32768,740.563
128,8192,1,65536,1479.11
128,8192,1,131055,2969.63
128,8192,2,16,193.962
128,8192,2,32,193.717
128,8192,2,64,193.92
128,8192,2,128,193.323
128,8192,2,256,194.592
128,8192,2,512,194.133
128,8192,2,1024,195.253
128,8192,2,2048,196.042
128,8192,2,4096,196.362
128,8192,2,8192,197.546
128,8192,2,16384,384.608
128,8192,2,32768,757.075
128,8192,2,65536,1497.62
128,8192,2,131055,2980.29
128,8192,4,16,193.525
128,8192,4,32,193.951
128,8192,4,64,193.674
128,8192,4,128,194.346
128,8192,4,256,194.432
128,8192,4,512,195.519
128,8192,4,1024,196.778
128,8192,4,2048,198.623
128,8192,4,4096,201.365
128,8192,4,8192,388.543
128,8192,4,16384,581.407
128,8192,4,32768,961.864
128,8192,4,65536,1737.32
128,8192,4,131055,3235.72
128,8192,8,16,191.381
128,8192,8,32,192.458
128,8192,8,64,192.81
128,8192,8,128,195.391
128,8192,8,256,198.879
128,8192,8,512,204.458
128,8192,8,1024,217.002
128,8192,8,2048,241.888
128,8192,8,4096,288.372
128,8192,8,8192,394.709
128,8192,8,16384,762.42
128,8192,8,32768,1531.78
128,8192,8,65536,3054.74
128,8192,8,131055,6066.68
128,8192,16,16,201.514
128,8192,16,32,199.583
128,8192,16,64,201.13
128,8192,16,128,208.682
128,8192,16,256,218.634
128,8192,16,512,236.607
128,8192,16,1024,271.252
128,8192,16,2048,338.42
128,8192,16,4096,474.26
128,8192,16,8192,760.842
128,8192,16,16384,1372.9
128,8192,16,32768,2564.05
128,8192,16,65536,4944.34
128,8192,16,131055,9541.2
128,8192,32,16,214.144
128,8192,32,32,213.791
128,8192,32,64,215.626
128,8192,32,128,232.469
128,8192,32,256,250.751
128,8192,32,512,284.138
128,8192,32,1024,353.343
128,8192,32,2048,486.836
128,8192,32,4096,684.788
128,8192,32,8192,1219.38
128,8192,32,16384,2742.11
128,8192,32,32768,6083.89
128,8192,32,65536,12754.3
128,8192,32,131055,26501.6
128,8192,64,16,244.682
128,8192,64,32,245.29
128,8192,64,64,245.76
128,8192,64,128,281.418
128,8192,64,256,315.274
128,8192,64,512,385.012
128,8192,64,1024,515.817
128,8192,64,2048,752.703
128,8192,64,4096,1611.85
128,8192,64,8192,3075.41
128,8192,64,16384,7679.34
128,8192,64,32768,17148
128,8192,64,65536,31897.2
128,8192,64,131055,68489.5
128,16384,0,0,378.335
128,16384,1,16,374.931
128,16384,1,32,375.658
128,16384,1,64,375.518
128,16384,1,128,374.997
128,16384,1,256,376.416
128,16384,1,512,376.427
128,16384,1,1024,377.877
128,16384,1,2048,374.24
128,16384,1,4096,379.135
128,16384,1,8192,375.178
128,16384,1,16384,378.868
128,16384,1,32768,743.24
128,16384,1,65536,1478.62
128,16384,1,131055,2945.32
128,16384,2,16,376.65
128,16384,2,32,376.693
128,16384,2,64,377.428
128,16384,2,128,376.788
128,16384,2,256,376.286
128,16384,2,512,376.779
128,16384,2,1024,377.694
128,16384,2,2048,379.69
128,16384,2,4096,379.455
128,16384,2,8192,381.29
128,16384,2,16384,383.754
128,16384,2,32768,754.175
128,16384,2,65536,1497.18
128,16384,2,131055,2977.19
128,16384,4,16,376.831
128,16384,4,32,377.194
128,16384,4,64,376.671
128,16384,4,128,376.169
128,16384,4,256,378.357
128,16384,4,512,377.312
128,16384,4,1024,381.172
128,16384,4,2048,381.91
128,16384,4,4096,386.261
128,16384,4,8192,389.834
128,16384,4,16384,764.223
128,16384,4,32768,1145.51
128,16384,4,65536,1903.65
128,16384,4,131055,3403.5
128,16384,8,16,377.12
128,16384,8,32,376.351
128,16384,8,64,376.383
128,16384,8,128,377.62
128,16384,8,256,377.535
128,16384,8,512,379.306
128,16384,8,1024,392.084
128,16384,8,2048,417.118
128,16384,8,4096,465.972
128,16384,8,8192,569.225
128,16384,8,16384,773.353
128,16384,8,32768,1527.31
128,16384,8,65536,3049.5
128,16384,8,131055,6060.81
128,16384,16,16,377.034
128,16384,16,32,379.646
128,16384,16,64,380.256
128,16384,16,128,386.581
128,16384,16,256,394.474
128,16384,16,512,410.357
128,16384,16,1024,446.228
128,16384,16,2048,513.834
128,16384,16,4096,652.787
128,16384,16,8192,943.753
128,16384,16,16384,1514.5
128,16384,16,32768,2730.59
128,16384,16,65536,5189.71
128,16384,16,131055,9875.13
128,16384,32,16,387.348
128,16384,32,32,389.546
128,16384,32,64,389.46
128,16384,32,128,405.364
128,16384,32,256,420.916
128,16384,32,512,456.276
128,16384,32,1024,523.017
128,16384,32,2048,659.678
128,16384,32,4096,939.167
128,16384,32,8192,1380.56
128,16384,32,16384,2403.23
128,16384,32,32768,6034.48
128,16384,32,65536,12121.5
128,16384,32,131055,26358.2
128,16384,64,16,413.919
128,16384,64,32,415.519
128,16384,64,64,418.047
128,16384,64,128,451.391
128,16384,64,256,489.141
128,16384,64,512,562.506
128,16384,64,1024,712.031
128,16384,64,2048,976.883
128,16384,64,4096,1818.32
128,16384,64,8192,3266.49
128,16384,64,16384,6273.08
128,16384,64,32768,17426.2
128,16384,64,65536,32686.8
128,16384,64,131055,68860.2
128,32768,0,0,745.727
128,32768,1,16,742.804
128,32768,1,32,747.38
128,32768,1,64,742.484
128,32768,1,128,743.359
128,32768,1,256,741.801
128,32768,1,512,740.404
128,32768,1,1024,745.748
128,32768,1,2048,745.429
128,32768,1,4096,744.916
128,32768,1,8192,743.562
128,32768,1,16384,743.562
128,32768,1,32768,744.82
128,32768,1,65536,1478.3
128,32768,1,131055,2939.65
128,32768,2,16,744.256
128,32768,2,32,746.665
128,32768,2,64,747.709
128,32768,2,128,746.09
128,32768,2,256,746.068
128,32768,2,512,744.543
128,32768,2,1024,746.42
128,32768,2,2048,745.939
128,32768,2,4096,748.596
128,32768,2,8192,750.11
128,32768,2,16384,749.514
128,32768,2,32768,756.297
128,32768,2,65536,1499.28
128,32768,2,131055,2956.21
128,32768,4,16,748.489
128,32768,4,32,744.788
128,32768,4,64,745.203
128,32768,4,128,747.539
128,32768,4,256,745.343
128,32768,4,512,746.685
128,32768,4,1024,749.022
128,32768,4,2048,750.216
128,32768,4,4096,755.346
128,32768,4,8192,757.194
128,32768,4,16384,774.954
128,32768,4,32768,1518.63
128,32768,4,65536,2278.69
128,32768,4,131055,3800.9
128,32768,8,16,742.453
128,32768,8,32,744.254
128,32768,8,64,743.593
128,32768,8,128,743.935
128,32768,8,256,744.297
128,32768,8,512,745.288
128,32768,8,1024,748.403
128,32768,8,2048,766.878
128,32768,8,4096,818.494
128,32768,8,8192,925.043
128,32768,8,16384,1131.77
128,32768,8,32768,1521.13
128,32768,8,65536,3039.67
128,32768,8,131055,6064.33
128,32768,16,16,745.504
128,32768,16,32,751.252
128,32768,16,64,751.23
128,32768,16,128,751.359
128,32768,16,256,751.135
128,32768,16,512,755.22
128,32768,16,1024,792.437
128,32768,16,2048,861.246
128,32768,16,4096,998.078
128,32768,16,8192,1294.27
128,32768,16,16384,1858.01
128,32768,16,32768,2989.98
128,32768,16,65536,5501.66
128,32768,16,131055,10135
128,32768,32,16,744.137
128,32768,32,32,745.908
128,32768,32,64,743.358
128,32768,32,128,758.015
128,32768,32,256,769.214
128,32768,32,512,799.721
128,32768,32,1024,872.392
128,32768,32,2048,1008.3
128,32768,32,4096,1295.72
128,32768,32,8192,1894.72
128,32768,32,16384,2707.9
128,32768,32,32768,4886.18
128,32768,32,65536,12285.1
128,32768,32,131055,26452
128,32768,64,16,763.763
128,32768,64,32,762.184
128,32768,64,64,767.689
128,32768,64,128,797.992
128,32768,64,256,833.908
128,32768,64,512,909.513
128,32768,64,1024,1054.05
128,32768,64,2048,1359.04
128,32768,64,4096,2291.38
128,32768,64,8192,3658.55
128,32768,64,16384,6589.23
128,32768,64,32768,15098.1
128,32768,64,65536,32928.5
128,32768,64,131055,68731.3
128,65536,0,0,1485.47
128,65536,1,16,1473.92
128,65536,1,32,1480.28
128,65536,1,64,1479.82
128,65536,1,128,1480.24
128,65536,1,256,1483.09
128,65536,1,512,1485.52
128,65536,1,1024,1476.82
128,65536,1,2048,1474.46
128,65536,1,4096,1478.21
128,65536,1,8192,1475.93
128,65536,1,16384,1482.79
128,65536,1,32768,1479.8
128,65536,1,65536,1482.16
128,65536,1,131055,2949.83
128,65536,2,16,1490.71
128,65536,2,32,1486.77
128,65536,2,64,1489.16
128,65536,2,128,1485.19
128,65536,2,256,1486.65
128,65536,2,512,1488.58
128,65536,2,1024,1487.21
128,65536,2,2048,1489.6
128,65536,2,4096,1488.3
128,65536,2,8192,1488.88
128,65536,2,16384,1496.72
128,65536,2,32768,1491.94
128,65536,2,65536,1501.05
128,65536,2,131055,2965.94
128,65536,4,16,1485.48
128,65536,4,32,1487.01
128,65536,4,64,1485.55
128,65536,4,128,1485.26
128,65536,4,256,1487.86
128,65536,4,512,1487.69
128,65536,4,1024,1488.64
128,65536,4,2048,1489.12
128,65536,4,4096,1497.93
128,65536,4,8192,1503.72
128,65536,4,16384,1510.36
128,65536,4,32768,1532.09
128,65536,4,65536,3027.01
128,65536,4,131055,4541.31
128,65536,8,16,1488.86
128,65536,8,32,1483.69
128,65536,8,64,1482.02
128,65536,8,128,1484.35
128,65536,8,256,1486.98
128,65536,8,512,1490.06
128,65536,8,1024,1492.1
128,65536,8,2048,1494.02
128,65536,8,4096,1524.19
128,65536,8,8192,1634.65
128,65536,8,16384,1839.64
128,65536,8,32768,2264.49
128,65536,8,65536,3037.56
128,65536,8,131055,5990.91
128,65536,16,16,1479.69
128,65536,16,32,1498.15
128,65536,16,64,1491.31
128,65536,16,128,1485.64
128,65536,16,256,1485.6
128,65536,16,512,1487.84
128,65536,16,1024,1487.95
128,65536,16,2048,1558.9
128,65536,16,4096,1694.27
128,65536,16,8192,1987.43
128,65536,16,16384,2553.26
128,65536,16,32768,3710.35
128,65536,16,65536,6029.28
128,65536,16,131055,11050.7
128,65536,32,16,1489.94
128,65536,32,32,1484.57
128,65536,32,64,1481.15
128,65536,32,128,1488.94
128,65536,32,256,1489.24
128,65536,32,512,1510.34
128,65536,32,1024,1575.98
128,65536,32,2048,1708.23
128,65536,32,4096,1990.84
128,65536,32,8192,2587.85
128,65536,32,16384,3768.12
128,65536,32,32768,5558.83
128,65536,32,65536,10267.4
128,65536,32,131055,25785.7
128,65536,64,16,1482.44
128,65536,64,32,1484.96
128,65536,64,64,1480.52
128,65536,64,128,1511.55
128,65536,64,256,1553.96
128,65536,64,512,1614.23
128,65536,64,1024,1753.36
128,65536,64,2048,2044.87
128,65536,64,4096,3099.35
128,65536,64,8192,4662.99
128,65536,64,16384,7679.4
128,65536,64,32768,15435.3
128,65536,64,65536,28118.6
128,65536,64,131055,71056.3
256,0,0,0,11.637
256,0,1,16,12.2987
256,0,1,32,12.32
256,0,1,64,12.437
256,0,1,128,12.1063
256,0,1,256,14.1117
256,0,1,512,19.3813
256,0,1,1024,30.4
256,0,1,2048,53.152
256,0,1,4096,99.477
256,0,1,8192,190.251
256,0,1,16384,374.687
256,0,1,32768,742.526
256,0,1,65536,1476.5
256,0,1,131055,2933.71
256,0,2,16,16.4373
256,0,2,32,16.5013
256,0,2,64,16.534
256,0,2,128,16.4583
256,0,2,256,18.8903
256,0,2,512,24.17
256,0,2,1024,35.1467
256,0,2,2048,57.237
256,0,2,4096,101.195
256,0,2,8192,194.25
256,0,2,16384,382.655
256,0,2,32768,750.453
256,0,2,65536,1484.35
256,0,2,131055,2965.29
256,0,4,16,17.0777
256,0,4,32,17.259
256,0,4,64,17.2587
256,0,4,128,18.592
256,0,4,256,22.091
256,0,4,512,27.6163
256,0,4,1024,39.0613
256,0,4,2048,62.698
256,0,4,4096,108.426
256,0,4,8192,200.138
256,0,4,16384,386.59
256,0,4,32768,758.216
256,0,4,65536,1505.25
256,0,4,131055,2991.94
256,0,8,16,20.9277
256,0,8,32,21.1193
256,0,8,64,21.3007
256,0,8,128,23.8397
256,0,8,256,28.7573
256,0,8,512,38.101
256,0,8,1024,61.9307
256,0,8,2048,107.637
256,0,8,4096,200.032
256,0,8,8192,391.252
256,0,8,16384,773.46
256,0,8,32768,1529.01
256,0,8,65536,3028.13
256,0,8,131055,6035.8
256,0,16,16,27.7973
256,0,16,32,28.4057
256,0,16,64,28.4693
256,0,16,128,34.912
256,0,16,256,45.675
256,0,16,512,64.896
256,0,16,1024,99.797
256,0,16,2048,168.746
256,0,16,4096,303.06
256,0,16,8192,589.546
256,0,16,16384,1162.41
256,0,16,32768,2282.31
256,0,16,65536,4517.49
256,0,16,131055,8964.15
256,0,32,16,42.4853
256,0,32,32,42.5597
256,0,32,64,43.2423
256,0,32,128,58.219
256,0,32,256,76.949
256,0,32,512,111.733
256,0,32,1024,177.738
256,0,32,2048,317.685
256,0,32,4096,601.257
256,0,32,8192,1221.45
256,0,32,16384,2397.64
256,0,32,32768,4751.78
256,0,32,65536,9635.62
256,0,32,131055,19375.2
256,0,64,16,70.805
256,0,64,32,72.203
256,0,64,64,73.3973
256,0,64,128,102.549
256,0,64,256,136.405
256,0,64,512,203.381
256,0,64,1024,332.703
256,0,64,2048,590.495
256,0,64,4096,1461.08
256,0,64,8192,2935.97
256,0,64,16384,6046
256,0,64,32768,14013.2
256,0,64,65536,26381.2
256,0,64,131055,51423.6
256,16,0,0,13.8457
256,16,1,16,14.549
256,16,1,32,14.5173
256,16,1,64,14.6243
256,16,1,128,14.624
256,16,1,256,14.848
256,16,1,512,19.5843
256,16,1,1024,30.4747
256,16,1,2048,52.9597
256,16,1,4096,99.3273
256,16,1,8192,191.061
256,16,1,16384,376.148
256,16,1,32768,739.924
256,16,1,65536,1475.87
256,16,1,131055,2948.22
256,16,2,16,18.9123
256,16,2,32,18.7737
256,16,2,64,19.1253
256,16,2,128,19.0613
256,16,2,256,19.3283
256,16,2,512,24.4053
256,16,2,1024,35.6267
256,16,2,2048,57.1517
256,16,2,4096,101.685
256,16,2,8192,194.303
256,16,2,16384,380.105
256,16,2,32768,750.921
256,16,2,65536,1476.59
256,16,2,131055,2961.61
256,16,4,16,19.4883
256,16,4,32,19.509
256,16,4,64,19.5837
256,16,4,128,21.4827
256,16,4,256,23.296
256,16,4,512,28.9703
256,16,4,1024,40.6933
256,16,4,2048,64.128
256,16,4,4096,109.311
256,16,4,8192,198.816
256,16,4,16384,388.544
256,16,4,32768,759.198
256,16,4,65536,1503.39
256,16,4,131055,2990.52
256,16,8,16,23.6583
256,16,8,32,23.6483
256,16,8,64,23.936
256,16,8,128,26.2827
256,16,8,256,29.642
256,16,8,512,39.0613
256,16,8,1024,61.6637
256,16,8,2048,107.467
256,16,8,4096,200.479
256,16,8,8192,389.258
256,16,8,16384,771.775
256,16,8,32768,1523.35
256,16,8,65536,3037.9
256,16,8,131055,6019.87
256,16,16,16,30.827
256,16,16,32,31.0187
256,16,16,64,31.4347
256,16,16,128,37.4397
256,16,16,256,45.6313
256,16,16,512,65.525
256,16,16,1024,100.714
256,16,16,2048,168.8
256,16,16,4096,304.159
256,16,16,8192,590.442
256,16,16,16384,1156.42
256,16,16,32768,2269.9
256,16,16,65536,4534.61
256,16,16,131055,8974.33
256,16,32,16,45.1093
256,16,32,32,45.7063
256,16,32,64,46.304
256,16,32,128,59.722
256,16,32,256,77.141
256,16,32,512,111.072
256,16,32,1024,178.069
256,16,32,2048,318.303
256,16,32,4096,601.279
256,16,32,8192,1220.75
256,16,32,16384,2390.83
256,16,32,32768,4762.81
256,16,32,65536,9624
256,16,32,131055,19528.2
256,16,64,16,73.9623
256,16,64,32,74.7627
256,16,64,64,75.957
256,16,64,128,103.392
256,16,64,256,136.981
256,16,64,512,203.572
256,16,64,1024,335.626
256,16,64,2048,589.428
256,16,64,4096,1461.16
256,16,64,8192,2937.81
256,16,64,16384,5937.78
256,16,64,32768,13872.1
256,16,64,65536,26054.7
256,16,64,131055,49876
256,32,0,0,13.984
256,32,1,16,14.5707
256,32,1,32,14.4853
256,32,1,64,14.6773
256,32,1,128,14.805
256,32,1,256,14.5387
256,32,1,512,19.4453
256,32,1,1024,30.3573
256,32,1,2048,52.9387
256,32,1,4096,99.3493
256,32,1,8192,191.552
256,32,1,16384,375.616
256,32,1,32768,744.564
256,32,1,65536,1476.67
256,32,1,131055,2943.27
256,32,2,16,18.9547
256,32,2,32,18.7627
256,32,2,64,19.0187
256,32,2,128,19.1787
256,32,2,256,19.5197
256,32,2,512,24.3943
256,32,2,1024,35.2427
256,32,2,2048,57.6
256,32,2,4096,101.055
256,32,2,8192,194.464
256,32,2,16384,381.151
256,32,2,32768,752.287
256,32,2,65536,1478.18
256,32,2,131055,2948.19
256,32,4,16,19.5417
256,32,4,32,19.6693
256,32,4,64,19.6053
256,32,4,128,21.504
256,32,4,256,22.976
256,32,4,512,29.2587
256,32,4,1024,40.97
256,32,4,2048,63.9787
256,32,4,4096,109.045
256,32,4,8192,200.223
256,32,4,16384,385.781
256,32,4,32768,760.404
256,32,4,65536,1501.13
256,32,4,131055,2995.18
256,32,8,16,23.6697
256,32,8,32,23.7863
256,32,8,64,24.043
256,32,8,128,26.496
256,32,8,256,30.229
256,32,8,512,39.0613
256,32,8,1024,61.7707
256,32,8,2048,108.746
256,32,8,4096,200.128
256,32,8,8192,390.133
256,32,8,16384,774.409
256,32,8,32768,1524.76
256,32,8,65536,3024.53
256,32,8,131055,6033.32
256,32,16,16,30.848
256,32,16,32,31.0827
256,32,16,64,31.5093
256,32,16,128,37.952
256,32,16,256,46.08
256,32,16,512,66.197
256,32,16,1024,100.597
256,32,16,2048,168.821
256,32,16,4096,304.426
256,32,16,8192,588.724
256,32,16,16384,1156.16
256,32,16,32768,2285.32
256,32,16,65536,4525.91
256,32,16,131055,8976.74
256,32,32,16,45.269
256,32,32,32,45.8773
256,32,32,64,46.389
256,32,32,128,60.0633
256,32,32,256,78.3573
256,32,32,512,112.501
256,32,32,1024,179.776
256,32,32,2048,319.796
256,32,32,4096,601.268
256,32,32,8192,1225.03
256,32,32,16384,2393.1
256,32,32,32768,4740.12
256,32,32,65536,9607.47
256,32,32,131055,19229.7
256,32,64,16,73.8347
256,32,64,32,74.72
256,32,64,64,76.138
256,32,64,128,103.722
256,32,64,256,137.024
256,32,64,512,204.255
256,32,64,1024,335.732
256,32,64,2048,594.558
256,32,64,4096,1463.69
256,32,64,8192,2943.56
256,32,64,16384,6110.22
256,32,64,32768,13366.1
256,32,64,65536,25150.3
256,32,64,131055,50441.5
256,64,0,0,14.0903
256,64,1,16,14.699
256,64,1,32,14.6347
256,64,1,64,14.539
256,64,1,128,14.794
256,64,1,256,14.6343
256,64,1,512,19.4987
256,64,1,1024,30.2293
256,64,1,2048,52.8427
256,64,1,4096,99.424
256,64,1,8192,192.288
256,64,1,16384,376.596
256,64,1,32768,745.023
256,64,1,65536,1480.79
256,64,1,131055,2929.74
256,64,2,16,18.9867
256,64,2,32,19.1467
256,64,2,64,18.976
256,64,2,128,19.392
256,64,2,256,19.5413
256,64,2,512,24.6507
256,64,2,1024,35.3277
256,64,2,2048,57.578
256,64,2,4096,101.408
256,64,2,8192,193.749
256,64,2,16384,381.45
256,64,2,32768,748.179
256,64,2,65536,1481.78
256,64,2,131055,2943.9
256,64,4,16,19.5947
256,64,4,32,19.5093
256,64,4,64,19.722
256,64,4,128,21.4937
256,64,4,256,22.9973
256,64,4,512,29.504
256,64,4,1024,40.683
256,64,4,2048,64.2773
256,64,4,4096,109.056
256,64,4,8192,200.885
256,64,4,16384,388.425
256,64,4,32768,757.161
256,64,4,65536,1500.86
256,64,4,131055,2990.15
256,64,8,16,23.872
256,64,8,32,24.0103
256,64,8,64,24.277
256,64,8,128,26.806
256,64,8,256,30.3573
256,64,8,512,39.3273
256,64,8,1024,62.9757
256,64,8,2048,109.323
256,64,8,4096,202.154
256,64,8,8192,392.863
256,64,8,16384,777.224
256,64,8,32768,1534.54
256,64,8,65536,3024.61
256,64,8,131055,6027.21
256,64,16,16,30.9547
256,64,16,32,31.0187
256,64,16,64,31.3707
256,64,16,128,38.1973
256,64,16,256,46.3787
256,64,16,512,66.0267
256,64,16,1024,101.898
256,64,16,2048,169.983
256,64,16,4096,306.772
256,64,16,8192,593.301
256,64,16,16384,1156.23
256,64,16,32768,2266.34
256,64,16,65536,4540.95
256,64,16,131055,8999.77
256,64,32,16,45.8023
256,64,32,32,45.7703
256,64,32,64,46.4743
256,64,32,128,60.224
256,64,32,256,77.109
256,64,32,512,110.613
256,64,32,1024,179.711
256,64,32,2048,319.68
256,64,32,4096,602.773
256,64,32,8192,1220.07
256,64,32,16384,2382.92
256,64,32,32768,4757.99
256,64,32,65536,9638.31
256,64,32,131055,19090.2
256,64,64,16,74.3783
256,64,64,32,75.0397
256,64,64,64,77.301
256,64,64,128,104.597
256,64,64,256,138.122
256,64,64,512,204.853
256,64,64,1024,336.767
256,64,64,2048,594.719
256,64,64,4096,1459.05
256,64,64,8192,2945.74
256,64,64,16384,5891.14
256,64,64,32768,15410.5
256,64,64,65536,27741.2
256,64,64,131055,50947
256,128,0,0,14.485
256,128,1,16,14.944
256,128,1,32,15.072
256,128,1,64,15.051
256,128,1,128,15.0187
256,128,1,256,15.0827
256,128,1,512,19.6373
256,128,1,1024,30.592
256,128,1,2048,53.5147
256,128,1,4096,99.989
256,128,1,8192,193.333
256,128,1,16384,378.239
256,128,1,32768,748.67
256,128,1,65536,1487.99
256,128,1,131055,2937.06
256,128,2,16,19.0827
256,128,2,32,19.3487
256,128,2,64,19.2533
256,128,2,128,21.536
256,128,2,256,22.3147
256,128,2,512,27.0933
256,128,2,1024,38.2397
256,128,2,2048,60.1593
256,128,2,4096,104.192
256,128,2,8192,194.571
256,128,2,16384,381.407
256,128,2,32768,748.159
256,128,2,65536,1481.73
256,128,2,131055,2957.97
256,128,4,16,20.267
256,128,4,32,20.2237
256,128,4,64,20.4267
256,128,4,128,22.5813
256,128,4,256,24.384
256,128,4,512,30.944
256,128,4,1024,42.368
256,128,4,2048,65.664
256,128,4,4096,111.019
256,128,4,8192,199.615
256,128,4,16384,387.647
256,128,4,32768,758.344
256,128,4,65536,1505.32
256,128,4,131055,2990.15
256,128,8,16,24.7037
256,128,8,32,24.8427
256,128,8,64,24.9173
256,128,8,128,28.5227
256,128,8,256,32.5333
256,128,8,512,41.376
256,128,8,1024,61.9947
256,128,8,2048,108.426
256,128,8,4096,200.085
256,128,8,8192,389.941
256,128,8,16384,770.109
256,128,8,32768,1524.68
256,128,8,65536,3034.05
256,128,8,131055,6042.71
256,128,16,16,32.288
256,128,16,32,32.8107
256,128,16,64,32.629
256,128,16,128,39.1037
256,128,16,256,46.655
256,128,16,512,67.2743
256,128,16,1024,102.421
256,128,16,2048,170.261
256,128,16,4096,305.578
256,128,16,8192,588.308
256,128,16,16384,1156.4
256,128,16,32768,2272.34
256,128,16,65536,4532.13
256,128,16,131055,8986.23
256,128,32,16,46.5707
256,128,32,32,47.3277
256,128,32,64,47.7543
256,128,32,128,61.664
256,128,32,256,78.5057
256,128,32,512,113.056
256,128,32,1024,178.677
256,128,32,2048,317.119
256,128,32,4096,598.558
256,128,32,8192,1222.77
256,128,32,16384,2391.85
256,128,32,32768,4764.17
256,128,32,65536,9788.51
256,128,32,131055,19225.7
256,128,64,16,75.4663
256,128,64,32,76.5013
256,128,64,64,78.069
256,128,64,128,105.184
256,128,64,256,138.357
256,128,64,512,204.959
256,128,64,1024,337.802
256,128,64,2048,592.18
256,128,64,4096,1461.91
256,128,64,8192,2944.27
256,128,64,16384,5931.13
256,128,64,32768,13919.6
256,128,64,65536,27070.4
256,128,64,131055,51829
256,256,0,0,17.024
256,256,1,16,17.589
256,256,1,32,17.6427
256,256,1,64,17.7813
256,256,1,128,17.7707
256,256,1,256,17.685
256,256,1,512,19.744
256,256,1,1024,30.7097
256,256,1,2048,53.3547
256,256,1,4096,99.3707
256,256,1,8192,191.295
256,256,1,16384,375.743
256,256,1,32768,741.503
256,256,1,65536,1477.56
256,256,1,131055,2928.63
256,256,2,16,22.1657
256,256,2,32,22.219
256,256,2,64,22.0687
256,256,2,128,24.4587
256,256,2,256,27.4133
256,256,2,512,30.293
256,256,2,1024,41.696
256,256,2,2048,63.3817
256,256,2,4096,107.221
256,256,2,8192,194.485
256,256,2,16384,380.031
256,256,2,32768,750.836
256,256,2,65536,1486.86
256,256,2,131055,2953.09
256,256,4,16,22.901
256,256,4,32,23.1037
256,256,4,64,23.1043
256,256,4,128,25.579
256,256,4,256,28.256
256,256,4,512,33.333
256,256,4,1024,45.408
256,256,4,2048,68.9603
256,256,4,4096,114.133
256,256,4,8192,200.789
256,256,4,16384,387.168
256,256,4,32768,760.531
256,256,4,65536,1503.6
256,256,4,131055,2990.15
256,256,8,16,28.6507
256,256,8,32,28.4907
256,256,8,64,28.565
256,256,8,128,32.0857
256,256,8,256,34.848
256,256,8,512,46.1973
256,256,8,1024,62.581
256,256,8,2048,108.117
256,256,8,4096,200.213
256,256,8,8192,388.66
256,256,8,16384,772.776
256,256,8,32768,1528.43
256,256,8,65536,3031.76
256,256,8,131055,6033.37
256,256,16,16,36.48
256,256,16,32,36.3413
256,256,16,64,36.96
256,256,16,128,43.093
256,256,16,256,51.1887
256,256,16,512,69.0347
256,256,16,1024,105.407
256,256,16,2048,172.746
256,256,16,4096,309.941
256,256,16,8192,591.326
256,256,16,16384,1156.29
256,256,16,32768,2284.49
256,256,16,65536,4534.6
256,256,16,131055,8977.74
256,256,32,16,50.8907
256,256,32,32,51.243
256,256,32,64,52.0533
256,256,32,128,65.6107
256,256,32,256,81.2157
256,256,32,512,116.213
256,256,32,1024,181.183
256,256,32,2048,318.005
256,256,32,4096,593.876
256,256,32,8192,1224.63
256,256,32,16384,2402.14
256,256,32,32768,4773.53
256,256,32,65536,9627.76
256,256,32,131055,19934.6
256,256,64,16,79.957
256,256,64,32,80.576
256,256,64,64,81.8667
256,256,64,128,110.08
256,256,64,256,140.234
256,256,64,512,206.335
256,256,64,1024,338.655
256,256,64,2048,595.86
256,256,64,4096,1465.51
256,256,64,8192,2938.77
256,256,64,16384,5907.21
256,256,64,32768,13511
256,256,64,65536,26642.1
256,256,64,131055,49346.7
256,512,0,0,22.8587
256,512,1,16,23.3497
256,512,1,32,23.1897
256,512,1,64,23.392
256,512,1,128,23.1887
256,512,1,256,23.264
256,512,1,512,23.584
256,512,1,1024,31.1467
256,512,1,2048,53.717
256,512,1,4096,99.9677
256,512,1,8192,192.213
256,512,1,16384,376.244
256,512,1,32768,743.849
256,512,1,65536,1482.13
256,512,1,131055,2929.67
256,512,2,16,27.808
256,512,2,32,27.7653
256,512,2,64,27.68
256,512,2,128,30.3787
256,512,2,256,33.2267
256,512,2,512,38.6983
256,512,2,1024,47.4667
256,512,2,2048,69.525
256,512,2,4096,113.087
256,512,2,8192,199.093
256,512,2,16384,384.191
256,512,2,32768,756.159
256,512,2,65536,1503.48
256,512,2,131055,2950.22
256,512,4,16,28.896
256,512,4,32,28.992
256,512,4,64,28.8643
256,512,4,128,31.307
256,512,4,256,34.4
256,512,4,512,39.872
256,512,4,1024,51.4027
256,512,4,2048,74.7307
256,512,4,4096,119.797
256,512,4,8192,207.615
256,512,4,16384,387.689
256,512,4,32768,762.345
256,512,4,65536,1505.72
256,512,4,131055,2997.16
256,512,8,16,34.8697
256,512,8,32,34.8267
256,512,8,64,35.296
256,512,8,128,39.7547
256,512,8,256,43.712
256,512,8,512,52.0853
256,512,8,1024,70.005
256,512,8,2048,108.779
256,512,8,4096,200.021
256,512,8,8192,388.309
256,512,8,16384,772.883
256,512,8,32768,1528.26
256,512,8,65536,3016.96
256,512,8,131055,6033.58
256,512,16,16,43.9783
256,512,16,32,44.0103
256,512,16,64,44.2133
256,512,16,128,51.3067
256,512,16,256,58.411
256,512,16,512,74.571
256,512,16,1024,111.914
256,512,16,2048,179.317
256,512,16,4096,313.919
256,512,16,8192,591.881
256,512,16,16384,1154.53
256,512,16,32768,2286.08
256,512,16,65536,4532.62
256,512,16,131055,8997.74
256,512,32,16,59.1677
256,512,32,32,59.3173
256,512,32,64,60.4693
256,512,32,128,73.9837
256,512,32,256,89.9517
256,512,32,512,120.469
256,512,32,1024,188.16
256,512,32,2048,318.175
256,512,32,4096,594.462
256,512,32,8192,1224.9
256,512,32,16384,2396.43
256,512,32,32768,4785.48
256,512,32,65536,9586.98
256,512,32,131055,19407.8
256,512,64,16,88.3303
256,512,64,32,89.2797
256,512,64,64,90.304
256,512,64,128,118.335
256,512,64,256,148.97
256,512,64,512,210.4
256,512,64,1024,344.533
256,512,64,2048,603.902
256,512,64,4096,1458.88
256,512,64,8192,2944.71
256,512,64,16384,5919.02
256,512,64,32768,13497.8
256,512,64,65536,26340.9
256,512,64,131055,53376.7
256,1024,0,0,33.813
256,1024,1,16,34.816
256,1024,1,32,34.9227
256,1024,1,64,34.9223
256,1024,1,128,34.8477
256,1024,1,256,34.837
256,1024,1,512,34.9117
256,1024,1,1024,35.0613
256,1024,1,2048,54.528
256,1024,1,4096,100.971
256,1024,1,8192,193.418
256,1024,1,16384,377.78
256,1024,1,32768,745.587
256,1024,1,65536,1486
256,1024,1,131055,2943.82
256,1024,2,16,38.8263
256,1024,2,32,39.0293
256,1024,2,64,39.21
256,1024,2,128,41.5577
256,1024,2,256,45.0027
256,1024,2,512,50.517
256,1024,2,1024,62.3463
256,1024,2,2048,82.0373
256,1024,2,4096,126.538
256,1024,2,8192,212.747
256,1024,2,16384,385.493
256,1024,2,32768,751.423
256,1024,2,65536,1487.08
256,1024,2,131055,2944.43
256,1024,4,16,39.925
256,1024,4,32,40.0957
256,1024,4,64,40.4587
256,1024,4,128,42.9653
256,1024,4,256,46.1867
256,1024,4,512,51.84
256,1024,4,1024,63.9783
256,1024,4,2048,86.422
256,1024,4,4096,131.797
256,1024,4,8192,218.367
256,1024,4,16384,396.266
256,1024,4,32768,758.782
256,1024,4,65536,1498.04
256,1024,4,131055,2994.15
256,1024,8,16,46.112
256,1024,8,32,46.677
256,1024,8,64,46.805
256,1024,8,128,51.9997
256,1024,8,256,58.1013
256,1024,8,512,67.3493
256,1024,8,1024,87.4773
256,1024,8,2048,115.136
256,1024,8,4096,201.365
256,1024,8,8192,388.415
256,1024,8,16384,768.862
256,1024,8,32768,1519.15
256,1024,8,65536,3021.4
256,1024,8,131055,6025.22
256,1024,16,16,58.4533
256,1024,16,32,58.709
256,1024,16,64,59.2853
256,1024,16,128,67.381
256,1024,16,256,75.3163
256,1024,16,512,87.7437
256,1024,16,1024,120.939
256,1024,16,2048,191.029
256,1024,16,4096,326.389
256,1024,16,8192,606.004
256,1024,16,16384,1157.99
256,1024,16,32768,2292.86
256,1024,16,65536,4534.56
256,1024,16,131055,8988.09
256,1024,32,16,74.9113
256,1024,32,32,74.7623
256,1024,32,64,76.4053
256,1024,32,128,90.9333
256,1024,32,256,106.571
256,1024,32,512,135.456
256,1024,32,1024,198.89
256,1024,32,2048,325.29
256,1024,32,4096,593.182
256,1024,32,8192,1224.9
256,1024,32,16384,2404.45
256,1024,32,32768,4788.77
256,1024,32,65536,9660.8
256,1024,32,131055,19259.7
256,1024,64,16,104.672
256,1024,64,32,105.205
256,1024,64,64,106.559
256,1024,64,128,134.73
256,1024,64,256,166.058
256,1024,64,512,225.323
256,1024,64,1024,350.847
256,1024,64,2048,611.572
256,1024,64,4096,1467.12
256,1024,64,8192,2946.58
256,1024,64,16384,6063.94
256,1024,64,32768,14022.8
256,1024,64,65536,25432.9
256,1024,64,131055,55629.3
256,2048,0,0,57.301
256,2048,1,16,57.9093
256,2048,1,32,58.016
256,2048,1,64,58.1127
256,2048,1,128,57.5573
256,2048,1,256,57.856
256,2048,1,512,58.3787
256,2048,1,1024,58.602
256,2048,1,2048,58.848
256,2048,1,4096,101.621
256,2048,1,8192,194.015
256,2048,1,16384,377.812
256,2048,1,32768,747.615
256,2048,1,65536,1485.88
256,2048,1,131055,2941.74
256,2048,2,16,61.7703
256,2048,2,32,61.7067
256,2048,2,64,61.92
256,2048,2,128,64.2773
256,2048,2,256,67.253
256,2048,2,512,73.003
256,2048,2,1024,84.8423
256,2048,2,2048,108.191
256,2048,2,4096,149.579
256,2048,2,8192,235.818
256,2048,2,16384,410.495
256,2048,2,32768,752.99
256,2048,2,65536,1483.56
256,2048,2,131055,2958.19
256,2048,4,16,62.7407
256,2048,4,32,63.5303
256,2048,4,64,63.4343
256,2048,4,128,66.1227
256,2048,4,256,69.1737
256,2048,4,512,75.2847
256,2048,4,1024,86.741
256,2048,4,2048,109.6
256,2048,4,4096,154.111
256,2048,4,8192,242.111
256,2048,4,16384,417.801
256,2048,4,32768,778.643
256,2048,4,65536,1507.38
256,2048,4,131055,2988.93
256,2048,8,16,69.056
256,2048,8,32,69.0987
256,2048,8,64,69.3547
256,2048,8,128,74.2723
256,2048,8,256,80.8853
256,2048,8,512,92.181
256,2048,8,1024,112.704
256,2048,8,2048,154.847
256,2048,8,4096,203.669
256,2048,8,8192,388.66
256,2048,8,16384,765.225
256,2048,8,32768,1517.03
256,2048,8,65536,3024.05
256,2048,8,131055,6019.43
256,2048,16,16,80.7253
256,2048,16,32,80.7677
256,2048,16,64,82.2293
256,2048,16,128,94.1117
256,2048,16,256,106.058
256,2048,16,512,124.234
256,2048,16,1024,145.6
256,2048,16,2048,211.029
256,2048,16,4096,348.49
256,2048,16,8192,625.748
256,2048,16,16384,1179.72
256,2048,16,32768,2292.48
256,2048,16,65536,4532.18
256,2048,16,131055,8985.88
256,2048,32,16,104.203
256,2048,32,32,104.843
256,2048,32,64,105.738
256,2048,32,128,121.632
256,2048,32,256,138.261
256,2048,32,512,169.728
256,2048,32,1024,225.803
256,2048,32,2048,356.405
256,2048,32,4096,602.048
256,2048,32,8192,1228.68
256,2048,32,16384,2477.4
256,2048,32,32768,4964.39
256,2048,32,65536,10034.8
256,2048,32,131055,20026.5
256,2048,64,16,136.341
256,2048,64,32,136.938
256,2048,64,64,137.631
256,2048,64,128,168.203
256,2048,64,256,199.509
256,2048,64,512,260.671
256,2048,64,1024,376.895
256,2048,64,2048,626.654
256,2048,64,4096,1497.87
256,2048,64,8192,2995.91
256,2048,64,16384,6185.54
256,2048,64,32768,14647.6
256,2048,64,65536,26369.6
256,2048,64,131055,57145
256,4096,0,0,102.698
256,4096,1,16,103.029
256,4096,1,32,102.901
256,4096,1,64,103.818
256,4096,1,128,103.573
256,4096,1,256,103.242
256,4096,1,512,103.85
256,4096,1,1024,103.989
256,4096,1,2048,104.8
256,4096,1,4096,105.216
256,4096,1,8192,195.817
256,4096,1,16384,380.286
256,4096,1,32768,746.697
256,4096,1,65536,1488.53
256,4096,1,131055,2960.67
256,4096,2,16,106.677
256,4096,2,32,107.328
256,4096,2,64,106.186
256,4096,2,128,108.085
256,4096,2,256,111.562
256,4096,2,512,117.695
256,4096,2,1024,129.386
256,4096,2,2048,153.002
256,4096,2,4096,200.81
256,4096,2,8192,284.959
256,4096,2,16384,455.945
256,4096,2,32768,805.438
256,4096,2,65536,1497.96
256,4096,2,131055,2968.44
256,4096,4,16,108.223
256,4096,4,32,108.138
256,4096,4,64,109.056
256,4096,4,128,110.795
256,4096,4,256,115.029
256,4096,4,512,119.403
256,4096,4,1024,131.84
256,4096,4,2048,156.138
256,4096,4,4096,202.443
256,4096,4,8192,289.205
256,4096,4,16384,466.302
256,4096,4,32768,822.632
256,4096,4,65536,1545.47
256,4096,4,131055,2994.83
256,4096,8,16,113.941
256,4096,8,32,114.133
256,4096,8,64,114.059
256,4096,8,128,119.808
256,4096,8,256,125.024
256,4096,8,512,137.365
256,4096,8,1024,160.607
256,4096,8,2048,202.474
256,4096,8,4096,289.279
256,4096,8,8192,389.577
256,4096,8,16384,764.372
256,4096,8,32768,1530.27
256,4096,8,65536,3027.52
256,4096,8,131055,6060.87
256,4096,16,16,125.429
256,4096,16,32,125.098
256,4096,16,64,126.623
256,4096,16,128,137.876
256,4096,16,256,150.859
256,4096,16,512,173.013
256,4096,16,1024,215.285
256,4096,16,2048,257.578
256,4096,16,4096,390.548
256,4096,16,8192,698.463
256,4096,16,16384,1267.73
256,4096,16,32768,2339.47
256,4096,16,65536,4825.7
256,4096,16,131055,9212
256,4096,32,16,147.221
256,4096,32,32,148.522
256,4096,32,64,149.556
256,4096,32,128,173.941
256,4096,32,256,198.922
256,4096,32,512,231.103
256,4096,32,1024,291.359
256,4096,32,2048,407.85
256,4096,32,4096,686.537
256,4096,32,8192,1321.5
256,4096,32,16384,3064.48
256,4096,32,32768,6644.95
256,4096,32,65536,13603.7
256,4096,32,131055,27156.5
256,4096,64,16,193.247
256,4096,64,32,195.05
256,4096,64,64,196.981
256,4096,64,128,229.034
256,4096,64,256,262.773
256,4096,64,512,324.874
256,4096,64,1024,445.407
256,4096,64,2048,681.683
256,4096,64,4096,1536.54
256,4096,64,8192,3499.25
256,4096,64,16384,9292.07
256,4096,64,32768,19387.5
256,4096,64,65536,33514.5
256,4096,64,131055,72788.7
256,8192,0,0,195.52
256,8192,1,16,195.722
256,8192,1,32,195.839
256,8192,1,64,194.762
256,8192,1,128,195.669
256,8192,1,256,195.744
256,8192,1,512,195.626
256,8192,1,1024,195.829
256,8192,1,2048,196.48
256,8192,1,4096,197.972
256,8192,1,8192,198.591
256,8192,1,16384,381.919
256,8192,1,32768,751.764
256,8192,1,65536,1488.97
256,8192,1,131055,2967.98
256,8192,2,16,195.231
256,8192,2,32,195.882
256,8192,2,64,196.224
256,8192,2,128,198.005
256,8192,2,256,200.81
256,8192,2,512,206.901
256,8192,2,1024,218.293
256,8192,2,2048,241.546
256,8192,2,4096,288.703
256,8192,2,8192,381.6
256,8192,2,16384,553.683
256,8192,2,32768,903.198
256,8192,2,65536,1593.45
256,8192,2,131055,2962.81
256,8192,4,16,199.178
256,8192,4,32,198.443
256,8192,4,64,198.068
256,8192,4,128,199.871
256,8192,4,256,203.722
256,8192,4,512,209.195
256,8192,4,1024,220.18
256,8192,4,2048,247.007
256,8192,4,4096,292.736
256,8192,4,8192,387.519
256,8192,4,16384,573.738
256,8192,4,32768,934.068
256,8192,4,65536,1664.79
256,8192,4,131055,3174.19
256,8192,8,16,202.474
256,8192,8,32,203.626
256,8192,8,64,203.541
256,8192,8,128,209.258
256,8192,8,256,214.922
256,8192,8,512,225.429
256,8192,8,1024,248.212
256,8192,8,2048,295.444
256,8192,8,4096,385.396
256,8192,8,8192,556.928
256,8192,8,16384,760.328
256,8192,8,32768,1522.63
256,8192,8,65536,3062.9
256,8192,8,131055,6114.35
256,8192,16,16,213.663
256,8192,16,32,214.57
256,8192,16,64,215.285
256,8192,16,128,226.773
256,8192,16,256,240.213
256,8192,16,512,264.565
256,8192,16,1024,309.482
256,8192,16,2048,391.679
256,8192,16,4096,484.33
256,8192,16,8192,765.747
256,8192,16,16384,1430.51
256,8192,16,32768,2760.99
256,8192,16,65536,5390.87
256,8192,16,131055,10518.6
256,8192,32,16,235.786
256,8192,32,32,236.138
256,8192,32,64,239.402
256,8192,32,128,261.045
256,8192,32,256,286.133
256,8192,32,512,336.777
256,8192,32,1024,412.137
256,8192,32,2048,539.487
256,8192,32,4096,778.9
256,8192,32,8192,1385.32
256,8192,32,16384,3079.23
256,8192,32,32768,7611.18
256,8192,32,65536,13865.4
256,8192,32,131055,29597.6
256,8192,64,16,280.287
256,8192,64,32,282.1
256,8192,64,64,285.386
256,8192,64,128,331.946
256,8192,64,256,382.644
256,8192,64,512,451.754
256,8192,64,1024,577.512
256,8192,64,2048,817.277
256,8192,64,4096,1624.7
256,8192,64,8192,3092.6
256,8192,64,16384,9109.43
256,8192,64,32768,19442
256,8192,64,65536,36917.3
256,8192,64,131055,75408.3
256,16384,0,0,382.101
256,16384,1,16,383.028
256,16384,1,32,382.228
256,16384,1,64,383.071
256,16384,1,128,382.623
256,16384,1,256,382.453
256,16384,1,512,382.858
256,16384,1,1024,383.328
256,16384,1,2048,383.157
256,16384,1,4096,383.199
256,16384,1,8192,384.426
256,16384,1,16384,388.18
256,16384,1,32768,754.303
256,16384,1,65536,1495.44
256,16384,1,131055,2960.25
256,16384,2,16,382.282
256,16384,2,32,382.26
256,16384,2,64,382.239
256,16384,2,128,382.42
256,16384,2,256,381.866
256,16384,2,512,382.324
256,16384,2,1024,393.684
256,16384,2,2048,417.823
256,16384,2,4096,465.429
256,16384,2,8192,559.231
256,16384,2,16384,755.667
256,16384,2,32768,1122.63
256,16384,2,65536,1871.58
256,16384,2,131055,3349.9
256,16384,4,16,383.104
256,16384,4,32,381.46
256,16384,4,64,382.494
256,16384,4,128,380.863
256,16384,4,256,383.54
256,16384,4,512,388.907
256,16384,4,1024,398.868
256,16384,4,2048,424.18
256,16384,4,4096,468.734
256,16384,4,8192,566.74
256,16384,4,16384,766.516
256,16384,4,32768,1152.95
256,16384,4,65536,1898.06
256,16384,4,131055,3379.87
256,16384,8,16,383.264
256,16384,8,32,381.866
256,16384,8,64,379.701
256,16384,8,128,386.548
256,16384,8,256,394.356
256,16384,8,512,405.492
256,16384,8,1024,424.021
256,16384,8,2048,471.337
256,16384,8,4096,561.161
256,16384,8,8192,733.14
256,16384,8,16384,1107.86
256,16384,8,32768,1506.88
256,16384,8,65536,3050.55
256,16384,8,131055,6097.66
256,16384,16,16,392.736
256,16384,16,32,392.554
256,16384,16,64,393.216
256,16384,16,128,403.903
256,16384,16,256,417.343
256,16384,16,512,439.359
256,16384,16,1024,484.414
256,16384,16,2048,574.035
256,16384,16,4096,747.507
256,16384,16,8192,955.881
256,16384,16,16384,1507.98
256,16384,16,32768,2901.63
256,16384,16,65536,5590.25
256,16384,16,131055,11062.3
256,16384,32,16,414.751
256,16384,32,32,420.81
256,16384,32,64,417.471
256,16384,32,128,438.453
256,16384,32,256,462.143
256,16384,32,512,511.071
256,16384,32,1024,613.299
256,16384,32,2048,778.462
256,16384,32,4096,1048.09
256,16384,32,8192,1555.49
256,16384,32,16384,2725.64
256,16384,32,32768,7423
256,16384,32,65536,14224.7
256,16384,32,131055,28462.4
256,16384,64,16,457.535
256,16384,64,32,456.65
256,16384,64,64,461.62
256,16384,64,128,504.745
256,16384,64,256,554.196
256,16384,64,512,658.912
256,16384,64,1024,817.876
256,16384,64,2048,1081.95
256,16384,64,4096,1915.09
256,16384,64,8192,3283.09
256,16384,64,16384,6408.81
256,16384,64,32768,19049
256,16384,64,65536,36999.8
256,16384,64,131055,75069.1
256,32768,0,0,750.526
256,32768,1,16,752.415
256,32768,1,32,752.35
256,32768,1,64,752.104
256,32768,1,128,755.582
256,32768,1,256,754.858
256,32768,1,512,752.116
256,32768,1,1024,755.134
256,32768,1,2048,755.7
256,32768,1,4096,755.827
256,32768,1,8192,755.081
256,32768,1,16384,757.172
256,32768,1,32768,759.892
256,32768,1,65536,1502.39
256,32768,1,131055,2959
256,32768,2,16,748.532
256,32768,2,32,750.911
256,32768,2,64,748.938
256,32768,2,128,749.907
256,32768,2,256,750.548
256,32768,2,512,749.565
256,32768,2,1024,755.411
256,32768,2,2048,766.58
256,32768,2,4096,816.414
256,32768,2,8192,910.77
256,32768,2,16384,1106.05
256,32768,2,32768,1511.4
256,32768,2,65536,2256.82
256,32768,2,131055,3737.26
256,32768,4,16,750.376
256,32768,4,32,750.397
256,32768,4,64,749.853
256,32768,4,128,749.385
256,32768,4,256,751.85
256,32768,4,512,752.341
256,32768,4,1024,752.17
256,32768,4,2048,780.275
256,32768,4,4096,821.086
256,32768,4,8192,915.689
256,32768,4,16384,1120.14
256,32768,4,32768,1515.37
256,32768,4,65536,2267.44
256,32768,4,131055,3768.18
256,32768,8,16,748.989
256,32768,8,32,750.217
256,32768,8,64,749.074
256,32768,8,128,751.102
256,32768,8,256,755.391
256,32768,8,512,758.75
256,32768,8,1024,778.549
256,32768,8,2048,829.16
256,32768,8,4096,915.934
256,32768,8,8192,1108.58
256,32768,8,16384,1447.85
256,32768,8,32768,2186.99
256,32768,8,65536,2989.02
256,32768,8,131055,6071.43
256,32768,16,16,748.49
256,32768,16,32,753.13
256,32768,16,64,752.532
256,32768,16,128,758.686
256,32768,16,256,769.065
256,32768,16,512,798.217
256,32768,16,1024,834.366
256,32768,16,2048,930.526
256,32768,16,4096,1108.66
256,32768,16,8192,1479.8
256,32768,16,16384,1875.09
256,32768,16,32768,3006.6
256,32768,16,65536,6101.48
256,32768,16,131055,11436.2
256,32768,32,16,765.439
256,32768,32,32,765.779
256,32768,32,64,768.415
256,32768,32,128,789.512
256,32768,32,256,815.54
256,32768,32,512,867.017
256,32768,32,1024,964.339
256,32768,32,2048,1165.39
256,32768,32,4096,1508.44
256,32768,32,8192,2134.85
256,32768,32,16384,3048.31
256,32768,32,32768,5437.67
256,32768,32,65536,14436.2
256,32768,32,131055,30031.1
256,32768,64,16,809.588
256,32768,64,32,811.369
256,32768,64,64,810.046
256,32768,64,128,856.414
256,32768,64,256,907.871
256,32768,64,512,1013.44
256,32768,64,1024,1212.87
256,32768,64,2048,1573.35
256,32768,64,4096,2263.21
256,32768,64,8192,3845.58
256,32768,64,16384,6775.01
256,32768,64,32768,14665.5
256,32768,64,65536,36974.5
256,32768,64,131055,75848
256,65536,0,0,1492.24
256,65536,1,16,1498.13
256,65536,1,32,1499.17
256,65536,1,64,1503.3
256,65536,1,128,1502.05
256,65536,1,256,1501.41
256,65536,1,512,1497.63
256,65536,1,1024,1499.23
256,65536,1,2048,1496.3
256,65536,1,4096,1500.01
256,65536,1,8192,1502.93
256,65536,1,16384,1503.94
256,65536,1,32768,1508.5
256,65536,1,65536,1513.21
256,65536,1,131055,2977.19
256,65536,2,16,1491.55
256,65536,2,32,1492.45
256,65536,2,64,1493.03
256,65536,2,128,1495.77
256,65536,2,256,1493.28
256,65536,2,512,1501.84
256,65536,2,1024,1500.12
256,65536,2,2048,1498.71
256,65536,2,4096,1518.19
256,65536,2,8192,1619.82
256,65536,2,16384,1828.43
256,65536,2,32768,2247.78
256,65536,2,65536,3023.38
256,65536,2,131055,4492.42
256,65536,4,16,1490.75
256,65536,4,32,1498.28
256,65536,4,64,1495.72
256,65536,4,128,1490.63
256,65536,4,256,1501.28
256,65536,4,512,1499.01
256,65536,4,1024,1500.74
256,65536,4,2048,1498.78
256,65536,4,4096,1542.3
256,65536,4,8192,1632.71
256,65536,4,16384,1833.27
256,65536,4,32768,2242.74
256,65536,4,65536,3013.8
256,65536,4,131055,4504.6
256,65536,8,16,1495.57
256,65536,8,32,1496.19
256,65536,8,64,1495.67
256,65536,8,128,1493.76
256,65536,8,256,1497.43
256,65536,8,512,1492.64
256,65536,8,1024,1498.48
256,65536,8,2048,1536.68
256,65536,8,4096,1638.89
256,65536,8,8192,1822.86
256,65536,8,16384,2191.61
256,65536,8,32768,2936.87
256,65536,8,65536,4355
256,65536,8,131055,5959.84
256,65536,16,16,1496.4
256,65536,16,32,1486.67
256,65536,16,64,1496.61
256,65536,16,128,1494.5
256,65536,16,256,1493.9
256,65536,16,512,1497.7
256,65536,16,1024,1544.5
256,65536,16,2048,1643.88
256,65536,16,4096,1818.87
256,65536,16,8192,2192.49
256,65536,16,16384,2933.09
256,65536,16,32768,3721.74
256,65536,16,65536,5988.94
256,65536,16,131055,11708.5
256,65536,32,16,1488.23
256,65536,32,32,1495.66
256,65536,32,64,1493.32
256,65536,32,128,1501.5
256,65536,32,256,1527.06
256,65536,32,512,1569.9
256,65536,32,1024,1670.44
256,65536,32,2048,1869.42
256,65536,32,4096,2283.62
256,65536,32,8192,3006.5
256,65536,32,16384,4225.3
256,65536,32,32768,6228.88
256,65536,32,65536,12626.2
256,65536,32,131055,29559.3
256,65536,64,16,1519.79
256,65536,64,32,1516.81
256,65536,64,64,1524.06
256,65536,64,128,1572.26
256,65536,64,256,1618.11
256,65536,64,512,1725.1
256,65536,64,1024,1925.56
256,65536,64,2048,2314.84
256,65536,64,4096,3310.61
256,65536,64,8192,4678.15
256,65536,64,16384,7890.1
256,65536,64,32768,15474.7
256,65536,64,65536,29679.7
256,65536,64,131055,76075.7
512,0,0,0,25.9627
512,0,1,16,27.1787
512,0,1,32,27.2323
512,0,1,64,27.1997
512,0,1,128,27.232
512,0,1,256,28.832
512,0,1,512,31.1893
512,0,1,1024,42.5493
512,0,1,2048,64.5227
512,0,1,4096,107.349
512,0,1,8192,195.157
512,0,1,16384,377.418
512,0,1,32768,743.73
512,0,1,65536,1491.06
512,0,1,131055,2955.93
512,0,2,16,29.2583
512,0,2,32,29.0987
512,0,2,64,29.0983
512,0,2,128,29.5573
512,0,2,256,30.0053
512,0,2,512,34.485
512,0,2,1024,45.8347
512,0,2,2048,68.0323
512,0,2,4096,110.89
512,0,2,8192,199.061
512,0,2,16384,383.627
512,0,2,32768,753.769
512,0,2,65536,1490.32
512,0,2,131055,2978.45
512,0,4,16,31.168
512,0,4,32,31.1787
512,0,4,64,31.3493
512,0,4,128,32.5653
512,0,4,256,33.759
512,0,4,512,38.976
512,0,4,1024,57.472
512,0,4,2048,80.5327
512,0,4,4096,124.949
512,0,4,8192,212.074
512,0,4,16384,392.382
512,0,4,32768,765.439
512,0,4,65536,1512.05
512,0,4,131055,2992.91
512,0,8,16,36.1697
512,0,8,32,36.4267
512,0,8,64,36.5227
512,0,8,128,40.117
512,0,8,256,43.04
512,0,8,512,53.3333
512,0,8,1024,76.0427
512,0,8,2048,119.328
512,0,8,4096,209.643
512,0,8,8192,394.975
512,0,8,16384,778.133
512,0,8,32768,1533.25
512,0,8,65536,3037.18
512,0,8,131055,6036.67
512,0,16,16,46.058
512,0,16,32,46.0263
512,0,16,64,46.837
512,0,16,128,53.0987
512,0,16,256,60.4157
512,0,16,512,78.1547
512,0,16,1024,118.539
512,0,16,2048,187.37
512,0,16,4096,321.471
512,0,16,8192,602.953
512,0,16,16384,1160.25
512,0,16,32768,2295.55
512,0,16,65536,4532.85
512,0,16,131055,9003
512,0,32,16,64.4267
512,0,32,32,65.0027
512,0,32,64,65.9943
512,0,32,128,79.2743
512,0,32,256,94.2507
512,0,32,512,128.704
512,0,32,1024,196.331
512,0,32,2048,333.738
512,0,32,4096,613.151
512,0,32,8192,1243.59
512,0,32,16384,2415.56
512,0,32,32768,4778.6
512,0,32,65536,9560.65
512,0,32,131055,19101.9
512,0,64,16,101.995
512,0,64,32,102.677
512,0,64,64,103.509
512,0,64,128,131.381
512,0,64,256,162.806
512,0,64,512,230.869
512,0,64,1024,362.772
512,0,64,2048,627.891
512,0,64,4096,1483.11
512,0,64,8192,2957.54
512,0,64,16384,5899.7
512,0,64,32768,13426
512,0,64,65536,26689.7
512,0,64,131055,50210.6
512,16,0,0,29.0777
512,16,1,16,31.328
512,16,1,32,30.9867
512,16,1,64,31.3383
512,16,1,128,31.1787
512,16,1,256,31.7227
512,16,1,512,32.3417
512,16,1,1024,43.424
512,16,1,2048,65.077
512,16,1,4096,108.747
512,16,1,8192,194.975
512,16,1,16384,378.783
512,16,1,32768,745.29
512,16,1,65536,1487.29
512,16,1,131055,2956.08
512,16,2,16,32.075
512,16,2,32,32.2343
512,16,2,64,32.064
512,16,2,128,33.0343
512,16,2,256,33.1627
512,16,2,512,35.712
512,16,2,1024,46.9867
512,16,2,2048,69.1307
512,16,2,4096,113.024
512,16,2,8192,200.223
512,16,2,16384,385.3
512,16,2,32768,756.265
512,16,2,65536,1497.57
512,16,2,131055,2981.48
512,16,4,16,34.6453
512,16,4,32,34.4747
512,16,4,64,34.784
512,16,4,128,36.021
512,16,4,256,37.5893
512,16,4,512,39.8607
512,16,4,1024,59.9253
512,16,4,2048,83.4767
512,16,4,4096,128.64
512,16,4,8192,215.178
512,16,4,16384,391.764
512,16,4,32768,764.819
512,16,4,65536,1507.28
512,16,4,131055,2999.35
512,16,8,16,39.5517
512,16,8,32,39.925
512,16,8,64,40.2237
512,16,8,128,43.4347
512,16,8,256,46.6027
512,16,8,512,54.56
512,16,8,1024,77.7067
512,16,8,2048,121.216
512,16,8,4096,210.442
512,16,8,8192,396.159
512,16,8,16384,778.047
512,16,8,32768,1532.39
512,16,8,65536,3038.35
512,16,8,131055,6026.46
512,16,16,16,49.653
512,16,16,32,49.877
512,16,16,64,50.293
512,16,16,128,56.9277
512,16,16,256,64.7997
512,16,16,512,80.1917
512,16,16,1024,119.839
512,16,16,2048,190.122
512,16,16,4096,324.586
512,16,16,8192,604.958
512,16,16,16384,1165.11
512,16,16,32768,2285.01
512,16,16,65536,4532.92
512,16,16,131055,8991.81
512,16,32,16,68.3093
512,16,32,32,68.949
512,16,32,64,69.152
512,16,32,128,82.997
512,16,32,256,98.5807
512,16,32,512,129.888
512,16,32,1024,198.335
512,16,32,2048,335.956
512,16,32,4096,613.204
512,16,32,8192,1245.52
512,16,32,16384,2413.66
512,16,32,32768,4769.6
512,16,32,65536,9613.39
512,16,32,131055,19199.9
512,16,64,16,105.504
512,16,64,32,105.653
512,16,64,64,107.7
512,16,64,128,134.709
512,16,64,256,165.024
512,16,64,512,232.693
512,16,64,1024,365.62
512,16,64,2048,629.673
512,16,64,4096,1485.55
512,16,64,8192,2958.56
512,16,64,16384,5909.47
512,16,64,32768,13088.6
512,16,64,65536,26563.2
512,16,64,131055,50775.7
512,32,0,0,28.9923
512,32,1,16,31.0503
512,32,1,32,31.264
512,32,1,64,31.3383
512,32,1,128,31.477
512,32,1,256,31.5417
512,32,1,512,32.383
512,32,1,1024,43.424
512,32,1,2048,65.056
512,32,1,4096,108.554
512,32,1,8192,195.615
512,32,1,16384,377.664
512,32,1,32768,745.395
512,32,1,65536,1495.78
512,32,1,131055,2952.3
512,32,2,16,32.0427
512,32,2,32,32.1387
512,32,2,64,32.3093
512,32,2,128,32.9597
512,32,2,256,33.2483
512,32,2,512,35.7757
512,32,2,1024,47.1787
512,32,2,2048,69.3973
512,32,2,4096,113.152
512,32,2,8192,201.023
512,32,2,16384,386.004
512,32,2,32768,755.882
512,32,2,65536,1488.45
512,32,2,131055,2971.47
512,32,4,16,34.6023
512,32,4,32,34.7093
512,32,4,64,34.7417
512,32,4,128,36.3413
512,32,4,256,37.6317
512,32,4,512,40.128
512,32,4,1024,59.5307
512,32,4,2048,83.349
512,32,4,4096,129.195
512,32,4,8192,215.936
512,32,4,16384,393.567
512,32,4,32768,764.574
512,32,4,65536,1505.23
512,32,4,131055,3002.16
512,32,8,16,39.7973
512,32,8,32,40.0103
512,32,8,64,40.0423
512,32,8,128,43.8073
512,32,8,256,46.6883
512,32,8,512,54.9973
512,32,8,1024,77.5357
512,32,8,2048,121.247
512,32,8,4096,210.847
512,32,8,8192,396.266
512,32,8,16384,777.086
512,32,8,32768,1531.82
512,32,8,65536,3040.9
512,32,8,131055,6039
512,32,16,16,49.813
512,32,16,32,49.8347
512,32,16,64,50.155
512,32,16,128,57.344
512,32,16,256,64.864
512,32,16,512,80.1283
512,32,16,1024,118.869
512,32,16,2048,189.802
512,32,16,4096,323.967
512,32,16,8192,605.641
512,32,16,16384,1161.4
512,32,16,32768,2293.29
512,32,16,65536,4542.54
512,32,16,131055,8993.78
512,32,32,16,68.2773
512,32,32,32,68.8853
512,32,32,64,69.4187
512,32,32,128,83.0077
512,32,32,256,98.453
512,32,32,512,130.229
512,32,32,1024,198.357
512,32,32,2048,335.508
512,32,32,4096,615.123
512,32,32,8192,1248.26
512,32,32,16384,2417.03
512,32,32,32768,4780.71
512,32,32,65536,9550.56
512,32,32,131055,19168.7
512,32,64,16,105.845
512,32,64,32,106.347
512,32,64,64,106.763
512,32,64,128,134.976
512,32,64,256,165.462
512,32,64,512,232.661
512,32,64,1024,365.556
512,32,64,2048,629.673
512,32,64,4096,1485.22
512,32,64,8192,2958.04
512,32,64,16384,5977.02
512,32,64,32768,13594.6
512,32,64,65536,26052.1
512,32,64,131055,49882.2
512,64,0,0,28.8853
512,64,1,16,31.1997
512,64,1,32,31.317
512,64,1,64,31.157
512,64,1,128,31.7227
512,64,1,256,31.8187
512,64,1,512,32.6293
512,64,1,1024,43.4133
512,64,1,2048,65.504
512,64,1,4096,108.703
512,64,1,8192,194.879
512,64,1,16384,377.226
512,64,1,32768,747.71
512,64,1,65536,1484.39
512,64,1,131055,2964.75
512,64,2,16,32.3413
512,64,2,32,32.2237
512,64,2,64,32.522
512,64,2,128,33.2797
512,64,2,256,33.4617
512,64,2,512,35.5627
512,64,2,1024,47.349
512,64,2,2048,69.344
512,64,2,4096,113.141
512,64,2,8192,200.223
512,64,2,16384,385.78
512,64,2,32768,754.621
512,64,2,65536,1495.44
512,64,2,131055,2967.08
512,64,4,16,34.6987
512,64,4,32,34.9227
512,64,4,64,34.8907
512,64,4,128,36.512
512,64,4,256,37.824
512,64,4,512,40.597
512,64,4,1024,60.0103
512,64,4,2048,83.4027
512,64,4,4096,127.669
512,64,4,8192,215.7
512,64,4,16384,392.02
512,64,4,32768,764.37
512,64,4,65536,1506.16
512,64,4,131055,3001.36
512,64,8,16,39.904
512,64,8,32,40.0853
512,64,8,64,40.3197
512,64,8,128,43.445
512,64,8,256,46.8373
512,64,8,512,54.7413
512,64,8,1024,78.0587
512,64,8,2048,121.451
512,64,8,4096,210.612
512,64,8,8192,395.252
512,64,8,16384,776.638
512,64,8,32768,1533.62
512,64,8,65536,3028.67
512,64,8,131055,6038.64
512,64,16,16,49.813
512,64,16,32,49.7707
512,64,16,64,50.037
512,64,16,128,57.418
512,64,16,256,64.7357
512,64,16,512,80.0633
512,64,16,1024,119.647
512,64,16,2048,188.874
512,64,16,4096,323.156
512,64,16,8192,603.795
512,64,16,16384,1162.82
512,64,16,32768,2296.8
512,64,16,65536,4535.64
512,64,16,131055,8999.04
512,64,32,16,68.8853
512,64,32,32,68.5977
512,64,32,64,69.376
512,64,32,128,83.2317
512,64,32,256,98.56
512,64,32,512,130.667
512,64,32,1024,198.229
512,64,32,2048,335.614
512,64,32,4096,614.206
512,64,32,8192,1245.86
512,64,32,16384,2420.8
512,64,32,32768,4779.05
512,64,32,65536,9564.97
512,64,32,131055,19090.4
512,64,64,16,105.665
512,64,64,32,106.229
512,64,64,64,107.499
512,64,64,128,135.573
512,64,64,256,165.429
512,64,64,512,232.895
512,64,64,1024,364.501
512,64,64,2048,630.611
512,64,64,4096,1482.99
512,64,64,8192,2958.49
512,64,64,16384,5898.65
512,64,64,32768,14103.9
512,64,64,65536,26044.4
512,64,64,131055,50053.2
512,128,0,0,31.7333
512,128,1,16,32.3093
512,128,1,32,32.928
512,128,1,64,32.7257
512,128,1,128,33.024
512,128,1,256,32.832
512,128,1,512,34.304
512,128,1,1024,45.28
512,128,1,2048,67.0613
512,128,1,4096,110.485
512,128,1,8192,196.714
512,128,1,16384,379.669
512,128,1,32768,748.99
512,128,1,65536,1483.55
512,128,1,131055,2954.25
512,128,2,16,34.1757
512,128,2,32,34.1547
512,128,2,64,34.1973
512,128,2,128,35.04
512,128,2,256,34.7947
512,128,2,512,37.504
512,128,2,1024,49.109
512,128,2,2048,71.4233
512,128,2,4096,114.965
512,128,2,8192,201.963
512,128,2,16384,384.703
512,128,2,32768,756.586
512,128,2,65536,1493.12
512,128,2,131055,2966.22
512,128,4,16,36.6607
512,128,4,32,36.576
512,128,4,64,36.725
512,128,4,128,38.656
512,128,4,256,40.2137
512,128,4,512,42.496
512,128,4,1024,60.5227
512,128,4,2048,86.2187
512,128,4,4096,131.584
512,128,4,8192,218.591
512,128,4,16384,395.381
512,128,4,32768,763.133
512,128,4,65536,1512.34
512,128,4,131055,3002.17
512,128,8,16,41.781
512,128,8,32,41.8027
512,128,8,64,42.1227
512,128,8,128,45.845
512,128,8,256,49.2057
512,128,8,512,56.309
512,128,8,1024,79.861
512,128,8,2048,123.509
512,128,8,4096,212.532
512,128,8,8192,398.751
512,128,8,16384,774.654
512,128,8,32768,1525.87
512,128,8,65536,3030.25
512,128,8,131055,6049.32
512,128,16,16,51.8507
512,128,16,32,52.1067
512,128,16,64,52.2987
512,128,16,128,59.4873
512,128,16,256,66.816
512,128,16,512,82.058
512,128,16,1024,121.365
512,128,16,2048,193.3
512,128,16,4096,327.167
512,128,16,8192,605.086
512,128,16,16384,1164.31
512,128,16,32768,2285.53
512,128,16,65536,4538.27
512,128,16,131055,8993.11
512,128,32,16,70.623
512,128,32,32,70.8163
512,128,32,64,71.1037
512,128,32,128,85.7387
512,128,32,256,100.948
512,128,32,512,131.786
512,128,32,1024,200.298
512,128,32,2048,336.959
512,128,32,4096,617.065
512,128,32,8192,1246.91
512,128,32,16384,2426.76
512,128,32,32768,4790.7
512,128,32,65536,9612.96
512,128,32,131055,19716.6
512,128,64,16,107.574
512,128,64,32,108.437
512,128,64,64,110.09
512,128,64,128,137.087
512,128,64,256,167.659
512,128,64,512,234.613
512,128,64,1024,366.783
512,128,64,2048,631.529
512,128,64,4096,1487.26
512,128,64,8192,2960.1
512,128,64,16384,5908.28
512,128,64,32768,13182.1
512,128,64,65536,25126
512,128,64,131055,49030.3
512,256,0,0,37.216
512,256,1,16,38.1017
512,256,1,32,38.1333
512,256,1,64,38.0477
512,256,1,128,38.528
512,256,1,256,38.304
512,256,1,512,40.405
512,256,1,1024,48.5437
512,256,1,2048,70.7623
512,256,1,4096,113.579
512,256,1,8192,199.978
512,256,1,16384,377.888
512,256,1,32768,747.208
512,256,1,65536,1492.39
512,256,1,131055,2944.79
512,256,2,16,40.192
512,256,2,32,39.904
512,256,2,64,39.9357
512,256,2,128,40.3947
512,256,2,256,40.6823
512,256,2,512,41.525
512,256,2,1024,52.3297
512,256,2,2048,74.741
512,256,2,4096,118.677
512,256,2,8192,206.41
512,256,2,16384,384.575
512,256,2,32768,756.104
512,256,2,65536,1482.8
512,256,2,131055,2972.24
512,256,4,16,42.4963
512,256,4,32,41.9623
512,256,4,64,42.496
512,256,4,128,43.4667
512,256,4,256,45.7387
512,256,4,512,48.0747
512,256,4,1024,62.6873
512,256,4,2048,92.6283
512,256,4,4096,136.875
512,256,4,8192,223.562
512,256,4,16384,402.857
512,256,4,32768,762.771
512,256,4,65536,1513.03
512,256,4,131055,2998.34
512,256,8,16,47.8293
512,256,8,32,47.648
512,256,8,64,47.456
512,256,8,128,51.808
512,256,8,256,56.1493
512,256,8,512,60.512
512,256,8,1024,84.3303
512,256,8,2048,126.527
512,256,8,4096,216.394
512,256,8,8192,400.927
512,256,8,16384,772.169
512,256,8,32768,1524.88
512,256,8,65536,3036.02
512,256,8,131055,6032.83
512,256,16,16,57.3653
512,256,16,32,57.6747
512,256,16,64,57.9417
512,256,16,128,65.131
512,256,16,256,73.2797
512,256,16,512,87.5413
512,256,16,1024,123.648
512,256,16,2048,198.528
512,256,16,4096,332.756
512,256,16,8192,609.577
512,256,16,16384,1166.75
512,256,16,32768,2297.39
512,256,16,65536,4535.37
512,256,16,131055,8998.04
512,256,32,16,76.3517
512,256,32,32,76.8217
512,256,32,64,77.8027
512,256,32,128,91.669
512,256,32,256,107.029
512,256,32,512,136.234
512,256,32,1024,204.021
512,256,32,2048,340.181
512,256,32,4096,619.114
512,256,32,8192,1248.49
512,256,32,16384,2420.98
512,256,32,32768,4771.36
512,256,32,65536,9602.7
512,256,32,131055,19065.9
512,256,64,16,113.557
512,256,64,32,114.165
512,256,64,64,116.288
512,256,64,128,143.85
512,256,64,256,173.12
512,256,64,512,238.091
512,256,64,1024,371.903
512,256,64,2048,633.812
512,256,64,4096,1485.02
512,256,64,8192,2966.06
512,256,64,16384,5908.97
512,256,64,32768,13539.5
512,256,64,65536,24520.1
512,256,64,131055,50247.2
512,512,0,0,48.544
512,512,1,16,49.6313
512,512,1,32,49.4933
512,512,1,64,49.6747
512,512,1,128,49.557
512,512,1,256,49.7817
512,512,1,512,49.877
512,512,1,1024,54.9223
512,512,1,2048,77.013
512,512,1,4096,119.701
512,512,1,8192,207.2
512,512,1,16384,381.088
512,512,1,32768,747.593
512,512,1,65536,1486.33
512,512,1,131055,2962.92
512,512,2,16,51.1893
512,512,2,32,51.3383
512,512,2,64,51.5733
512,512,2,128,51.5413
512,512,2,256,52.3093
512,512,2,512,52.2767
512,512,2,1024,58.709
512,512,2,2048,81.0133
512,512,2,4096,124.97
512,512,2,8192,213.866
512,512,2,16384,385.438
512,512,2,32768,756.149
512,512,2,65536,1495.93
512,512,2,131055,2966.23
512,512,4,16,53.6953
512,512,4,32,53.5563
512,512,4,64,53.376
512,512,4,128,55.1037
512,512,4,256,55.3383
512,512,4,512,62.848
512,512,4,1024,71.0933
512,512,4,2048,103.402
512,512,4,4096,148.459
512,512,4,8192,237.141
512,512,4,16384,411.038
512,512,4,32768,771.305
512,512,4,65536,1504.17
512,512,4,131055,3005.28
512,512,8,16,58.1223
512,512,8,32,58.4537
512,512,8,64,58.4963
512,512,8,128,62.5707
512,512,8,256,66.7297
512,512,8,512,73.2907
512,512,8,1024,90.0693
512,512,8,2048,133.909
512,512,8,4096,222.805
512,512,8,8192,404.138
512,512,8,16384,776.713
512,512,8,32768,1523.01
512,512,8,65536,3025.01
512,512,8,131055,6033.4
512,512,16,16,68.6397
512,512,16,32,68.576
512,512,16,64,69.5253
512,512,16,128,77.1197
512,512,16,256,83.8077
512,512,16,512,99.2957
512,512,16,1024,132.267
512,512,16,2048,208.703
512,512,16,4096,343.231
512,512,16,8192,618.676
512,512,16,16384,1173.11
512,512,16,32768,2295.61
512,512,16,65536,4536.25
512,512,16,131055,9005.24
512,512,32,16,87.5843
512,512,32,32,88.3627
512,512,32,64,89.045
512,512,32,128,102.453
512,512,32,256,118.763
512,512,32,512,147.914
512,512,32,1024,210.847
512,512,32,2048,345.61
512,512,32,4096,629.257
512,512,32,8192,1249.09
512,512,32,16384,2424.68
512,512,32,32768,4790.43
512,512,32,65536,9610.14
512,512,32,131055,19382.6
512,512,64,16,124.982
512,512,64,32,125.984
512,512,64,64,127.616
512,512,64,128,155.562
512,512,64,256,186.026
512,512,64,512,247.829
512,512,64,1024,378.303
512,512,64,2048,643.796
512,512,64,4096,1493.22
512,512,64,8192,2967.85
512,512,64,16384,5949.19
512,512,64,32768,12617.3
512,512,64,65536,25268
512,512,64,131055,50526.9
512,1024,0,0,71.328
512,1024,1,16,72.0957
512,1024,1,32,72.064
512,1024,1,64,71.893
512,1024,1,128,71.957
512,1024,1,256,72.1177
512,1024,1,512,72.5437
512,1024,1,1024,72.6497
512,1024,1,2048,88.704
512,1024,1,4096,132.747
512,1024,1,8192,219.765
512,1024,1,16384,393.93
512,1024,1,32768,746.303
512,1024,1,65536,1493.34
512,1024,1,131055,2954.7
512,1024,2,16,73.8987
512,1024,2,32,73.568
512,1024,2,64,73.9947
512,1024,2,128,73.92
512,1024,2,256,74.368
512,1024,2,512,75.6477
512,1024,2,1024,74.7727
512,1024,2,2048,93.2047
512,1024,2,4096,136.469
512,1024,2,8192,225.024
512,1024,2,16384,396.778
512,1024,2,32768,756.414
512,1024,2,65536,1490.73
512,1024,2,131055,2970.75
512,1024,4,16,75.7867
512,1024,4,32,75.5303
512,1024,4,64,75.84
512,1024,4,128,76.949
512,1024,4,256,77.205
512,1024,4,512,78.1973
512,1024,4,1024,96.4057
512,1024,4,2048,115.594
512,1024,4,4096,170.027
512,1024,4,8192,257.471
512,1024,4,16384,435.711
512,1024,4,32768,789.288
512,1024,4,65536,1512.87
512,1024,4,131055,3002.6
512,1024,8,16,79.6693
512,1024,8,32,80.0853
512,1024,8,64,79.712
512,1024,8,128,83.8077
512,1024,8,256,87.296
512,1024,8,512,94.218
512,1024,8,1024,107.551
512,1024,8,2048,149.397
512,1024,8,4096,235.189
512,1024,8,8192,418.111
512,1024,8,16384,770.302
512,1024,8,32768,1528.12
512,1024,8,65536,3029.97
512,1024,8,131055,6027.81
512,1024,16,16,89.5677
512,1024,16,32,89.3227
512,1024,16,64,89.664
512,1024,16,128,97.589
512,1024,16,256,107.296
512,1024,16,512,123.051
512,1024,16,1024,150.976
512,1024,16,2048,217.76
512,1024,16,4096,366.783
512,1024,16,8192,641.737
512,1024,16,16384,1189.06
512,1024,16,32768,2300.27
512,1024,16,65536,4540.67
512,1024,16,131055,9007.27
512,1024,32,16,110.698
512,1024,32,32,109.887
512,1024,32,64,111.093
512,1024,32,128,127.168
512,1024,32,256,142.389
512,1024,32,512,171.551
512,1024,32,1024,225.664
512,1024,32,2048,361.93
512,1024,32,4096,634.346
512,1024,32,8192,1248.73
512,1024,32,16384,2431.68
512,1024,32,32768,4821.74
512,1024,32,65536,9627.87
512,1024,32,131055,19151.1
512,1024,64,16,148.437
512,1024,64,32,149.066
512,1024,64,64,151.136
512,1024,64,128,179.882
512,1024,64,256,208.821
512,1024,64,512,272.405
512,1024,64,1024,394.761
512,1024,64,2048,655.486
512,1024,64,4096,1477.68
512,1024,64,8192,2970.89
512,1024,64,16384,5938.83
512,1024,64,32768,13509.2
512,1024,64,65536,25229.4
512,1024,64,131055,52510.2
512,2048,0,0,114.602
512,2048,1,16,115.434
512,2048,1,32,115.957
512,2048,1,64,115.562
512,2048,1,128,115.541
512,2048,1,256,115.839
512,2048,1,512,115.594
512,2048,1,1024,117.749
512,2048,1,2048,118.155
512,2048,1,4096,155.968
512,2048,1,8192,241.631
512,2048,1,16384,417.269
512,2048,1,32768,761.983
512,2048,1,65536,1486.09
512,2048,1,131055,2955.95
512,2048,2,16,117.365
512,2048,2,32,117.568
512,2048,2,64,117.653
512,2048,2,128,117.781
512,2048,2,256,117.856
512,2048,2,512,117.76
512,2048,2,1024,120.224
512,2048,2,2048,119.498
512,2048,2,4096,160.928
512,2048,2,8192,248.405
512,2048,2,16384,422.943
512,2048,2,32768,769.556
512,2048,2,65536,1488.21
512,2048,2,131055,2982.03
512,2048,4,16,119.274
512,2048,4,32,119.135
512,2048,4,64,118.837
512,2048,4,128,120.555
512,2048,4,256,120.203
512,2048,4,512,121.343
512,2048,4,1024,123.722
512,2048,4,2048,164.202
512,2048,4,4096,203.723
512,2048,4,8192,300.981
512,2048,4,16384,477.92
512,2048,4,32768,836.553
512,2048,4,65536,1546.62
512,2048,4,131055,3000.19
512,2048,8,16,123.072
512,2048,8,32,123.125
512,2048,8,64,123.808
512,2048,8,128,126.005
512,2048,8,256,128.938
512,2048,8,512,136.416
512,2048,8,1024,152.341
512,2048,8,2048,174.496
512,2048,8,4096,262.122
512,2048,8,8192,443.786
512,2048,8,16384,790.974
512,2048,8,32768,1527.17
512,2048,8,65536,3025.39
512,2048,8,131055,6043.63
512,2048,16,16,131.637
512,2048,16,32,131.594
512,2048,16,64,131.776
512,2048,16,128,138.848
512,2048,16,256,146.709
512,2048,16,512,168.672
512,2048,16,1024,200.203
512,2048,16,2048,261.408
512,2048,16,4096,398.549
512,2048,16,8192,684.628
512,2048,16,16384,1226.65
512,2048,16,32768,2328.83
512,2048,16,65536,4573.6
512,2048,16,131055,9019.68
512,2048,32,16,149.792
512,2048,32,32,150.346
512,2048,32,64,151.529
512,2048,32,128,168.426
512,2048,32,256,184.831
512,2048,32,512,217.525
512,2048,32,1024,273.204
512,2048,32,2048,384.095
512,2048,32,4096,665.289
512,2048,32,8192,1272.48
512,2048,32,16384,2515.32
512,2048,32,32768,5009.56
512,2048,32,65536,10245.1
512,2048,32,131055,20841.4
512,2048,64,16,192.139
512,2048,64,32,192.842
512,2048,64,64,195.424
512,2048,64,128,224.128
512,2048,64,256,255.69
512,2048,64,512,318.1
512,2048,64,1024,440.981
512,2048,64,2048,694.28
512,2048,64,4096,1496.72
512,2048,64,8192,3271.82
512,2048,64,16384,6818.9
512,2048,64,32768,15508.9
512,2048,64,65536,27191.5
512,2048,64,131055,59299.3
512,4096,0,0,203.701
512,4096,1,16,202.815
512,4096,1,32,203.498
512,4096,1,64,203.328
512,4096,1,128,202.731
512,4096,1,256,203.05
512,4096,1,512,202.954
512,4096,1,1024,203.253
512,4096,1,2048,204.191
512,4096,1,4096,209.023
512,4096,1,8192,289.108
512,4096,1,16384,462.186
512,4096,1,32768,810.614
512,4096,1,65536,1508.89
512,4096,1,131055,2959.08
512,4096,2,16,204.789
512,4096,2,32,204.405
512,4096,2,64,204.885
512,4096,2,128,204.203
512,4096,2,256,205.088
512,4096,2,512,204.363
512,4096,2,1024,204.939
512,4096,2,2048,207.84
512,4096,2,4096,209.919
512,4096,2,8192,295.839
512,4096,2,16384,469.087
512,4096,2,32768,817.972
512,4096,2,65536,1518.39
512,4096,2,131055,2968.83
512,4096,4,16,206.378
512,4096,4,32,206.623
512,4096,4,64,206.751
512,4096,4,128,206.752
512,4096,4,256,206.943
512,4096,4,512,206.965
512,4096,4,1024,208.169
512,4096,4,2048,215.018
512,4096,4,4096,294.858
512,4096,4,8192,384.789
512,4096,4,16384,563.06
512,4096,4,32768,919.4
512,4096,4,65536,1632.52
512,4096,4,131055,3053.4
512,4096,8,16,210.154
512,4096,8,32,210.229
512,4096,8,64,209.567
512,4096,8,128,212.596
512,4096,8,256,215.658
512,4096,8,512,221.546
512,4096,8,1024,235.466
512,4096,8,2048,265.664
512,4096,8,4096,308.895
512,4096,8,8192,489.94
512,4096,8,16384,846.078
512,4096,8,32768,1553.8
512,4096,8,65536,3067.25
512,4096,8,131055,6107.72
512,4096,16,16,217.621
512,4096,16,32,217.366
512,4096,16,64,218.975
512,4096,16,128,223.552
512,4096,16,256,232.832
512,4096,16,512,246.795
512,4096,16,1024,281.29
512,4096,16,2048,351.189
512,4096,16,4096,483.872
512,4096,16,8192,763.39
512,4096,16,16384,1364.48
512,4096,16,32768,2577.54
512,4096,16,65536,5370.13
512,4096,16,131055,10578.5
512,4096,32,16,233.461
512,4096,32,32,233.962
512,4096,32,64,234.73
512,4096,32,128,250.41
512,4096,32,256,266.122
512,4096,32,512,305.472
512,4096,32,1024,364.564
512,4096,32,2048,472.297
512,4096,32,4096,699.626
512,4096,32,8192,1466.24
512,4096,32,16384,3701.28
512,4096,32,32768,7112.26
512,4096,32,65536,14093.5
512,4096,32,131055,27226.9
512,4096,64,16,274.079
512,4096,64,32,278.516
512,4096,64,64,276.703
512,4096,64,128,309.023
512,4096,64,256,342.058
512,4096,64,512,409.641
512,4096,64,1024,531.753
512,4096,64,2048,779.124
512,4096,64,4096,1642.62
512,4096,64,8192,4070.09
512,4096,64,16384,10154.3
512,4096,64,32768,21135.2
512,4096,64,65536,39025.8
512,4096,64,131055,78293.5
512,8192,0,0,378.901
512,8192,1,16,378.271
512,8192,1,32,378.773
512,8192,1,64,378.453
512,8192,1,128,379.903
512,8192,1,256,378.293
512,8192,1,512,378.197
512,8192,1,1024,379.647
512,8192,1,2048,378.122
512,8192,1,4096,379.381
512,8192,1,8192,391.689
512,8192,1,16384,557.684
512,8192,1,32768,901.928
512,8192,1,65536,1601.91
512,8192,1,131055,2992.12
512,8192,2,16,378.805
512,8192,2,32,377.567
512,8192,2,64,379.498
512,8192,2,128,379.156
512,8192,2,256,378.814
512,8192,2,512,378.345
512,8192,2,1024,379.189
512,8192,2,2048,380.266
512,8192,2,4096,389.13
512,8192,2,8192,393.866
512,8192,2,16384,561.95
512,8192,2,32768,912.83
512,8192,2,65536,1622.88
512,8192,2,131055,3026.5
512,8192,4,16,379.904
512,8192,4,32,378.613
512,8192,4,64,379.626
512,8192,4,128,380.692
512,8192,4,256,380.661
512,8192,4,512,380.895
512,8192,4,1024,380.286
512,8192,4,2048,381.642
512,8192,4,4096,394.581
512,8192,4,8192,558.11
512,8192,4,16384,738.174
512,8192,4,32768,1104.44
512,8192,4,65536,1845.67
512,8192,4,131055,3357.33
512,8192,8,16,382.463
512,8192,8,32,382.645
512,8192,8,64,382.357
512,8192,8,128,386.89
512,8192,8,256,388.554
512,8192,8,512,395.189
512,8192,8,1024,407.913
512,8192,8,2048,429.855
512,8192,8,4096,487.508
512,8192,8,8192,586.218
512,8192,8,16384,948.232
512,8192,8,32768,1715.14
512,8192,8,65536,3282.72
512,8192,8,131055,6415.08
512,8192,16,16,389.472
512,8192,16,32,389.834
512,8192,16,64,389.439
512,8192,16,128,396.48
512,8192,16,256,403.786
512,8192,16,512,417.739
512,8192,16,1024,442.762
512,8192,16,2048,504.671
512,8192,16,4096,659.477
512,8192,16,8192,945.512
512,8192,16,16384,1525.11
512,8192,16,32768,3057.08
512,8192,16,65536,5725.9
512,8192,16,131055,11342.6
512,8192,32,16,405.109
512,8192,32,32,405.439
512,8192,32,64,405.802
512,8192,32,128,419.274
512,8192,32,256,432.405
512,8192,32,512,463.967
512,8192,32,1024,533.92
512,8192,32,2048,662.249
512,8192,32,4096,879.86
512,8192,32,8192,1382.55
512,8192,32,16384,3307.69
512,8192,32,32768,8532.08
512,8192,32,65536,15729.6
512,8192,32,131055,34283.9
512,8192,64,16,438.09
512,8192,64,32,440.681
512,8192,64,64,440.863
512,8192,64,128,474.591
512,8192,64,256,511.423
512,8192,64,512,580.597
512,8192,64,1024,714.217
512,8192,64,2048,960.287
512,8192,64,4096,1739.55
512,8192,64,8192,3281.81
512,8192,64,16384,9935.9
512,8192,64,32768,21033.7
512,8192,64,65536,40257.1
512,8192,64,131055,81467.9
512,16384,0,0,730.037
512,16384,1,16,732.234
512,16384,1,32,732.522
512,16384,1,64,730.953
512,16384,1,128,730.889
512,16384,1,256,731.689
512,16384,1,512,732.456
512,16384,1,1024,731.904
512,16384,1,2048,732.554
512,16384,1,4096,730.442
512,16384,1,8192,737.226
512,16384,1,16384,757.032
512,16384,1,32768,1101.41
512,16384,1,65536,1794.69
512,16384,1,131055,3189.2
512,16384,2,16,733.716
512,16384,2,32,734.547
512,16384,2,64,734.004
512,16384,2,128,728.252
512,16384,2,256,730.75
512,16384,2,512,732.277
512,16384,2,1024,731.06
512,16384,2,2048,734.045
512,16384,2,4096,730.504
512,16384,2,8192,742.483
512,16384,2,16384,764.371
512,16384,2,32768,1128.08
512,16384,2,65536,1856.9
512,16384,2,131055,3290.76
512,16384,4,16,733.002
512,16384,4,32,729.449
512,16384,4,64,730.889
512,16384,4,128,730.815
512,16384,4,256,733.279
512,16384,4,512,730.707
512,16384,4,1024,729.993
512,16384,4,2048,730.494
512,16384,4,4096,741.79
512,16384,4,8192,759.028
512,16384,4,16384,1099.25
512,16384,4,32768,1477
512,16384,4,65536,2220.69
512,16384,4,131055,3730.97
512,16384,8,16,735.484
512,16384,8,32,736.307
512,16384,8,64,732.574
512,16384,8,128,733.577
512,16384,8,256,737.055
512,16384,8,512,742.674
512,16384,8,1024,756.191
512,16384,8,2048,777.534
512,16384,8,4096,832.245
512,16384,8,8192,941.109
512,16384,8,16384,1146.48
512,16384,8,32768,1878.84
512,16384,8,65536,3419.96
512,16384,8,131055,6581.63
512,16384,16,16,742.228
512,16384,16,32,742.057
512,16384,16,64,740.061
512,16384,16,128,745.343
512,16384,16,256,753.373
512,16384,16,512,764.862
512,16384,16,1024,785.267
512,16384,16,2048,838.602
512,16384,16,4096,950.046
512,16384,16,8192,1288.69
512,16384,16,16384,1862.27
512,16384,16,32768,3018.15
512,16384,16,65536,6122.67
512,16384,16,131055,11828.7
512,16384,32,16,753.065
512,16384,32,32,754.238
512,16384,32,64,755.637
512,16384,32,128,765.95
512,16384,32,256,778.473
512,16384,32,512,809.14
512,16384,32,1024,861.14
512,16384,32,2048,989.022
512,16384,32,4096,1246.12
512,16384,32,8192,1723.22
512,16384,32,16384,2703.49
512,16384,32,32768,8228.9
512,16384,32,65536,16668.5
512,16384,32,131055,34028.9
512,16384,64,16,782.708
512,16384,64,32,787.605
512,16384,64,64,787.753
512,16384,64,128,819.89
512,16384,64,256,846.569
512,16384,64,512,910.931
512,16384,64,1024,1048.23
512,16384,64,2048,1322.92
512,16384,64,4096,2223.37
512,16384,64,8192,3590.05
512,16384,64,16384,6913.41
512,16384,64,32768,20843.5
512,16384,64,65536,40663.1
512,16384,64,131055,81800
512,32768,0,0,1452.15
512,32768,1,16,1440.24
512,32768,1,32,1439.49
512,32768,1,64,1449.98
512,32768,1,128,1445.43
512,32768,1,256,1445.64
512,32768,1,512,1439.77
512,32768,1,1024,1442.04
512,32768,1,2048,1445.62
512,32768,1,4096,1447.89
512,32768,1,8192,1447.21
512,32768,1,16384,1446.19
512,32768,1,32768,1479.94
512,32768,1,65536,2225.12
512,32768,1,131055,3629.3
512,32768,2,16,1439.86
512,32768,2,32,1442.55
512,32768,2,64,1441.09
512,32768,2,128,1442.11
512,32768,2,256,1437.54
512,32768,2,512,1440.84
512,32768,2,1024,1438.55
512,32768,2,2048,1445.02
512,32768,2,4096,1447.04
512,32768,2,8192,1442.77
512,32768,2,16384,1459.1
512,32768,2,32768,1513.56
512,32768,2,65536,2256.3
512,32768,2,131055,3725.28
512,32768,4,16,1438.38
512,32768,4,32,1436.97
512,32768,4,64,1439.02
512,32768,4,128,1442.01
512,32768,4,256,1439.58
512,32768,4,512,1435.58
512,32768,4,1024,1444.14
512,32768,4,2048,1441.32
512,32768,4,4096,1440.71
512,32768,4,8192,1460.65
512,32768,4,16384,1476.3
512,32768,4,32768,2196.9
512,32768,4,65536,2939.38
512,32768,4,131055,4443.84
512,32768,8,16,1446.81
512,32768,8,32,1444.48
512,32768,8,64,1443.31
512,32768,8,128,1434.81
512,32768,8,256,1439.26
512,32768,8,512,1443.65
512,32768,8,1024,1455.32
512,32768,8,2048,1476.25
512,32768,8,4096,1516.44
512,32768,8,8192,1642.44
512,32768,8,16384,1860.37
512,32768,8,32768,2245.07
512,32768,8,65536,3705.56
512,32768,8,131055,6881.92
512,32768,16,16,1445.02
512,32768,16,32,1448.08
512,32768,16,64,1448.19
512,32768,16,128,1443.12
512,32768,16,256,1447.16
512,32768,16,512,1455.99
512,32768,16,1024,1480.56
512,32768,16,2048,1528.37
512,32768,16,4096,1632.32
512,32768,16,8192,1852.69
512,32768,16,16384,2543.53
512,32768,16,32768,3671.63
512,32768,16,65536,6070.35
512,32768,16,131055,12229
512,32768,32,16,1453.37
512,32768,32,32,1450.74
512,32768,32,64,1451.47
512,32768,32,128,1465.88
512,32768,32,256,1479.12
512,32768,32,512,1502.73
512,32768,32,1024,1554.59
512,32768,32,2048,1670.38
512,32768,32,4096,1924.27
512,32768,32,8192,2480.98
512,32768,32,16384,3366.41
512,32768,32,32768,5361.38
512,32768,32,65536,16147
512,32768,32,131055,34579.1
512,32768,64,16,1487.59
512,32768,64,32,1497.45
512,32768,64,64,1487.81
512,32768,64,128,1514.49
512,32768,64,256,1544.49
512,32768,64,512,1602.09
512,32768,64,1024,1715.35
512,32768,64,2048,1996.2
512,32768,64,4096,2813.16
512,32768,64,8192,5024.7
512,32768,64,16384,8538.09
512,32768,64,32768,17857.8
512,32768,64,65536,40387.3
512,32768,64,131055,82185.2
512,65536,0,0,2902.59
512,65536,1,16,2895.03
512,65536,1,32,2892.98
512,65536,1,64,2886.58
512,65536,1,128,2893.91
512,65536,1,256,2893.7
512,65536,1,512,2890.57
512,65536,1,1024,2884.63
512,65536,1,2048,2894.53
512,65536,1,4096,2885.59
512,65536,1,8192,2885.14
512,65536,1,16384,2889.11
512,65536,1,32768,2900.93
512,65536,1,65536,2993.13
512,65536,1,131055,4447.48
512,65536,2,16,2888.01
512,65536,2,32,2883.01
512,65536,2,64,2890.74
512,65536,2,128,2889.22
512,65536,2,256,2881.06
512,65536,2,512,2879.72
512,65536,2,1024,2871.2
512,65536,2,2048,2880.84
512,65536,2,4096,2884.06
512,65536,2,8192,2886.05
512,65536,2,16384,2894.31
512,65536,2,32768,2904.73
512,65536,2,65536,3003.07
512,65536,2,131055,4484.18
512,65536,4,16,2881.44
512,65536,4,32,2874.56
512,65536,4,64,2886.61
512,65536,4,128,2886.62
512,65536,4,256,2885.79
512,65536,4,512,2882.22
512,65536,4,1024,2875.03
512,65536,4,2048,2873.72
512,65536,4,4096,2881.06
512,65536,4,8192,2892.94
512,65536,4,16384,2894.79
512,65536,4,32768,2927.67
512,65536,4,65536,4401.23
512,65536,4,131055,5890.41
512,65536,8,16,2888.62
512,65536,8,32,2878.57
512,65536,8,64,2873.14
512,65536,8,128,2873.39
512,65536,8,256,2883.05
512,65536,8,512,2872.83
512,65536,8,1024,2879.39
512,65536,8,2048,2882.43
512,65536,8,4096,2925.02
512,65536,8,8192,3028.56
512,65536,8,16384,3267.3
512,65536,8,32768,3667.51
512,65536,8,65536,4462.7
512,65536,8,131055,7364.76
512,65536,16,16,2876.08
512,65536,16,32,2881.83
512,65536,16,64,2880.78
512,65536,16,128,2886.98
512,65536,16,256,2883.41
512,65536,16,512,2898.65
512,65536,16,1024,2912.59
512,65536,16,2048,2933.25
512,65536,16,4096,3033.69
512,65536,16,8192,3239.14
512,65536,16,16384,3694.29
512,65536,16,32768,5081.49
512,65536,16,65536,7320.85
512,65536,16,131055,12149.3
512,65536,32,16,2886.85
512,65536,32,32,2881.39
512,65536,32,64,2892.2
512,65536,32,128,2889.07
512,65536,32,256,2907.91
512,65536,32,512,2923.86
512,65536,32,1024,2974.84
512,65536,32,2048,3072.29
512,65536,32,4096,3308.39
512,65536,32,8192,3939.62
512,65536,32,16384,4913.89
512,65536,32,32768,6667.05
512,65536,32,65536,14848.8
512,65536,32,131055,34656.7
512,65536,64,16,2907.1
512,65536,64,32,2914.42
512,65536,64,64,2915.05
512,65536,64,128,2927.22
512,65536,64,256,2970.05
512,65536,64,512,3002.43
512,65536,64,1024,3117.49
512,65536,64,2048,3339.19
512,65536,64,4096,4147.21
512,65536,64,8192,5874.96
512,65536,64,16384,10657.3
512,65536,64,32768,18621
512,65536,64,65536,33142.1
512,65536,64,131055,82136.7
1024,0,0,0,64.8217
1024,0,1,16,66.08
1024,0,1,32,65.1303
1024,0,1,64,65.6423
1024,0,1,128,66.8267
1024,0,1,256,66.8373
1024,0,1,512,67.8827
1024,0,1,1024,71.4667
1024,0,1,2048,94.3783
1024,0,1,4096,138.133
1024,0,1,8192,224.885
1024,0,1,16384,399.338
1024,0,1,32768,751.166
1024,0,1,65536,1493.6
1024,0,1,131055,2946.77
1024,0,2,16,66.987
1024,0,2,32,67.6263
1024,0,2,64,67.3817
1024,0,2,128,68.352
1024,0,2,256,68.9707
1024,0,2,512,72.0427
1024,0,2,1024,78.2077
1024,0,2,2048,104.341
1024,0,2,4096,147.125
1024,0,2,8192,234.186
1024,0,2,16384,407.914
1024,0,2,32768,759.742
1024,0,2,65536,1503.22
1024,0,2,131055,2976.14
1024,0,4,16,71.6053
1024,0,4,32,70.8053
1024,0,4,64,71.2957
1024,0,4,128,73.5357
1024,0,4,256,75.392
1024,0,4,512,78.3783
1024,0,4,1024,89.6103
1024,0,4,2048,121.451
1024,0,4,4096,176.384
1024,0,4,8192,263.626
1024,0,4,16384,440.746
1024,0,4,32768,796.766
1024,0,4,65536,1512.84
1024,0,4,131055,2998.75
1024,0,8,16,78.6237
1024,0,8,32,79.3063
1024,0,8,64,78.6883
1024,0,8,128,83.1463
1024,0,8,256,86.6773
1024,0,8,512,94.1113
1024,0,8,1024,111.21
1024,0,8,2048,158.56
1024,0,8,4096,243.018
1024,0,8,8192,428.533
1024,0,8,16384,789.609
1024,0,8,32768,1538.22
1024,0,8,65536,3035.83
1024,0,8,131055,6033.63
1024,0,16,16,92.544
1024,0,16,32,92.8853
1024,0,16,64,92.6613
1024,0,16,128,99.8823
1024,0,16,256,108.021
1024,0,16,512,122.677
1024,0,16,1024,155.455
1024,0,16,2048,231.476
1024,0,16,4096,374.57
1024,0,16,8192,653.865
1024,0,16,16384,1203.09
1024,0,16,32768,2312.03
1024,0,16,65536,4549.98
1024,0,16,131055,9018.25
1024,0,32,16,119.158
1024,0,32,32,120.234
1024,0,32,64,120.96
1024,0,32,128,135.094
1024,0,32,256,149.983
1024,0,32,512,179.285
1024,0,32,1024,244.436
1024,0,32,2048,380.309
1024,0,32,4096,659.027
1024,0,32,8192,1277.96
1024,0,32,16384,2461.62
1024,0,32,32768,4812.08
1024,0,32,65536,9591.92
1024,0,32,131055,19051.4
1024,0,64,16,172.405
1024,0,64,32,173.845
1024,0,64,64,175.242
1024,0,64,128,203.37
1024,0,64,256,233.344
1024,0,64,512,295.232
1024,0,64,1024,429.258
1024,0,64,2048,690.195
1024,0,64,4096,1513.14
1024,0,64,8192,2993.64
1024,0,64,16384,5932.06
1024,0,64,32768,12929.5
1024,0,64,65536,24794.2
1024,0,64,131055,53274.8
1024,16,0,0,69.8773
1024,16,1,16,70.944
1024,16,1,32,70.6343
1024,16,1,64,70.944
1024,16,1,128,71.4347
1024,16,1,256,71.4667
1024,16,1,512,73.8123
1024,16,1,1024,75.008
1024,16,1,2048,97.7803
1024,16,1,4096,141.675
1024,16,1,8192,228.256
1024,16,1,16384,401.418
1024,16,1,32768,752.372
1024,16,1,65536,1490.94
1024,16,1,131055,2967.28
1024,16,2,16,72.7357
1024,16,2,32,72.522
1024,16,2,64,73.023
1024,16,2,128,73.696
1024,16,2,256,74.5063
1024,16,2,512,76.1487
1024,16,2,1024,80.5223
1024,16,2,2048,108.619
1024,16,2,4096,152.086
1024,16,2,8192,238.357
1024,16,2,16384,414.196
1024,16,2,32768,761.407
1024,16,2,65536,1501.88
1024,16,2,131055,2966.43
1024,16,4,16,76.523
1024,16,4,32,76.7153
1024,16,4,64,76.6187
1024,16,4,128,78.816
1024,16,4,256,80.874
1024,16,4,512,84.1387
1024,16,4,1024,91.8507
1024,16,4,2048,124.715
1024,16,4,4096,182.57
1024,16,4,8192,269.685
1024,16,4,16384,447.295
1024,16,4,32768,803.187
1024,16,4,65536,1514.92
1024,16,4,131055,3002.47
1024,16,8,16,84.331
1024,16,8,32,83.9147
1024,16,8,64,84.8743
1024,16,8,128,87.723
1024,16,8,256,92.224
1024,16,8,512,99.0717
1024,16,8,1024,115.115
1024,16,8,2048,162.464
1024,16,8,4096,246.549
1024,16,8,8192,431.679
1024,16,8,16384,791.006
1024,16,8,32768,1540.62
1024,16,8,65536,3037.54
1024,16,8,131055,6036.33
1024,16,16,16,97.4183
1024,16,16,32,97.76
1024,16,16,64,98.9327
1024,16,16,128,105.44
1024,16,16,256,113.034
1024,16,16,512,127.52
1024,16,16,1024,160.149
1024,16,16,2048,234.858
1024,16,16,4096,379.274
1024,16,16,8192,656.469
1024,16,16,16384,1206.85
1024,16,16,32768,2322.5
1024,16,16,65536,4553.14
1024,16,16,131055,9037.28
1024,16,32,16,125.589
1024,16,32,32,125.301
1024,16,32,64,125.781
1024,16,32,128,139.936
1024,16,32,256,154.656
1024,16,32,512,184.511
1024,16,32,1024,248.927
1024,16,32,2048,383.636
1024,16,32,4096,660.266
1024,16,32,8192,1276.73
1024,16,32,16384,2461.8
1024,16,32,32768,4821.59
1024,16,32,65536,9613.53
1024,16,32,131055,19044.9
1024,16,64,16,178.336
1024,16,64,32,178.698
1024,16,64,64,180.053
1024,16,64,128,207.936
1024,16,64,256,237.173
1024,16,64,512,301.141
1024,16,64,1024,433.386
1024,16,64,2048,692.681
1024,16,64,4096,1514.77
1024,16,64,8192,2998.1
1024,16,64,16384,5967.23
1024,16,64,32768,13346.6
1024,16,64,65536,24874
1024,16,64,131055,51224.8
1024,32,0,0,69.802
1024,32,1,16,70.645
1024,32,1,32,70.549
1024,32,1,64,71.029
1024,32,1,128,71.509
1024,32,1,256,71.9793
1024,32,1,512,73.6207
1024,32,1,1024,74.976
1024,32,1,2048,97.931
1024,32,1,4096,141.461
1024,32,1,8192,227.722
1024,32,1,16384,401.908
1024,32,1,32768,750.506
1024,32,1,65536,1489.75
1024,32,1,131055,2960.84
1024,32,2,16,72.3733
1024,32,2,32,72.7467
1024,32,2,64,72.0743
1024,32,2,128,73.3543
1024,32,2,256,74.016
1024,32,2,512,76.5867
1024,32,2,1024,80.1387
1024,32,2,2048,107.627
1024,32,2,4096,152.351
1024,32,2,8192,238.72
1024,32,2,16384,412.278
1024,32,2,32768,761.301
1024,32,2,65536,1497.9
1024,32,2,131055,2978.23
1024,32,4,16,75.6477
1024,32,4,32,76.363
1024,32,4,64,76.224
1024,32,4,128,77.5257
1024,32,4,256,80.2347
1024,32,4,512,83.51
1024,32,4,1024,92.1063
1024,32,4,2048,124.843
1024,32,4,4096,182.762
1024,32,4,8192,271.093
1024,32,4,16384,445.023
1024,32,4,32768,803.508
1024,32,4,65536,1514.83
1024,32,4,131055,3008.09
1024,32,8,16,83.9253
1024,32,8,32,84.2133
1024,32,8,64,84.1707
1024,32,8,128,87.5733
1024,32,8,256,91.712
1024,32,8,512,99.3917
1024,32,8,1024,114.453
1024,32,8,2048,161.504
1024,32,8,4096,245.941
1024,32,8,8192,431.413
1024,32,8,16384,791.592
1024,32,8,32768,1536.31
1024,32,8,65536,3033.52
1024,32,8,131055,6041.24
1024,32,16,16,97.3327
1024,32,16,32,97.823
1024,32,16,64,98.4213
1024,32,16,128,105.813
1024,32,16,256,113.525
1024,32,16,512,128.746
1024,32,16,1024,159.925
1024,32,16,2048,234.474
1024,32,16,4096,380.799
1024,32,16,8192,659.198
1024,32,16,16384,1204.91
1024,32,16,32768,2307.28
1024,32,16,65536,4556.68
1024,32,16,131055,9005.06
1024,32,32,16,125.396
1024,32,32,32,125.216
1024,32,32,64,126.261
1024,32,32,128,139.882
1024,32,32,256,155.05
1024,32,32,512,184.543
1024,32,32,1024,247.882
1024,32,32,2048,384.17
1024,32,32,4096,660.947
1024,32,32,8192,1275.42
1024,32,32,16384,2461.48
1024,32,32,32768,4820.4
1024,32,32,65536,9580.11
1024,32,32,131055,19074.1
1024,32,64,16,178.431
1024,32,64,32,179.445
1024,32,64,64,180.106
1024,32,64,128,208.224
1024,32,64,256,238.506
1024,32,64,512,301.119
1024,32,64,1024,434.442
1024,32,64,2048,694.708
1024,32,64,4096,1510.12
1024,32,64,8192,2998.49
1024,32,64,16384,5918.25
1024,32,64,32768,14020.1
1024,32,64,65536,25032.6
1024,32,64,131055,49221.8
1024,64,0,0,70.144
1024,64,1,16,70.8693
1024,64,1,32,70.667
1024,64,1,64,71.7227
1024,64,1,128,71.552
1024,64,1,256,71.7433
1024,64,1,512,73.5147
1024,64,1,1024,74.89
1024,64,1,2048,98.0157
1024,64,1,4096,141.824
1024,64,1,8192,227.391
1024,64,1,16384,401.407
1024,64,1,32768,750.813
1024,64,1,65536,1493.21
1024,64,1,131055,2963.47
1024,64,2,16,72.523
1024,64,2,32,73.002
1024,64,2,64,72.757
1024,64,2,128,74.026
1024,64,2,256,74.7517
1024,64,2,512,76.3627
1024,64,2,1024,80.2987
1024,64,2,2048,107.989
1024,64,2,4096,151.787
1024,64,2,8192,240.245
1024,64,2,16384,411.562
1024,64,2,32768,764.468
1024,64,2,65536,1496.37
1024,64,2,131055,2973.24
1024,64,4,16,75.691
1024,64,4,32,76.821
1024,64,4,64,75.9567
1024,64,4,128,78.261
1024,64,4,256,81.5467
1024,64,4,512,83.8823
1024,64,4,1024,92.501
1024,64,4,2048,125.088
1024,64,4,4096,183.519
1024,64,4,8192,269.142
1024,64,4,16384,448.211
1024,64,4,32768,801.577
1024,64,4,65536,1518.6
1024,64,4,131055,3007.2
1024,64,8,16,84.4377
1024,64,8,32,83.9997
1024,64,8,64,84.2557
1024,64,8,128,87.5627
1024,64,8,256,92.2987
1024,64,8,512,99.2533
1024,64,8,1024,115.05
1024,64,8,2048,161.141
1024,64,8,4096,245.749
1024,64,8,8192,431.167
1024,64,8,16384,791.103
1024,64,8,32768,1538.51
1024,64,8,65536,3042.91
1024,64,8,131055,6034.08
1024,64,16,16,98.0687
1024,64,16,32,97.7063
1024,64,16,64,98.218
1024,64,16,128,106.24
1024,64,16,256,114.101
1024,64,16,512,128.096
1024,64,16,1024,158.73
1024,64,16,2048,234.442
1024,64,16,4096,380.372
1024,64,16,8192,657.343
1024,64,16,16384,1206.41
1024,64,16,32768,2312.88
1024,64,16,65536,4546.26
1024,64,16,131055,9021.21
1024,64,32,16,125.067
1024,64,32,32,125.366
1024,64,32,64,125.077
1024,64,32,128,139.989
1024,64,32,256,155.946
1024,64,32,512,183.68
1024,64,32,1024,248.085
1024,64,32,2048,384.596
1024,64,32,4096,661.759
1024,64,32,8192,1273.1
1024,64,32,16384,2455.03
1024,64,32,32768,4815.25
1024,64,32,65536,9588.5
1024,64,32,131055,19131.3
1024,64,64,16,178.603
1024,64,64,32,179.85
1024,64,64,64,180.202
1024,64,64,128,209.408
1024,64,64,256,239.349
1024,64,64,512,300.554
1024,64,64,1024,432.468
1024,64,64,2048,693.674
1024,64,64,4096,1516.94
1024,64,64,8192,2992.87
1024,64,64,16384,5934.96
1024,64,64,32768,13114.2
1024,64,64,65536,24769.5
1024,64,64,131055,50407.4
1024,128,0,0,73.9297
1024,128,1,16,74.3467
1024,128,1,32,74.7623
1024,128,1,64,74.1757
1024,128,1,128,75.0183
1024,128,1,256,75.9463
1024,128,1,512,76.736
1024,128,1,1024,78.3467
1024,128,1,2048,101.664
1024,128,1,4096,144.938
1024,128,1,8192,231.925
1024,128,1,16384,404.586
1024,128,1,32768,750.29
1024,128,1,65536,1497.26
1024,128,1,131055,2975.38
1024,128,2,16,76.448
1024,128,2,32,75.9573
1024,128,2,64,76.6717
1024,128,2,128,76.917
1024,128,2,256,78.7193
1024,128,2,512,80.437
1024,128,2,1024,84.0747
1024,128,2,2048,110.058
1024,128,2,4096,156.373
1024,128,2,8192,244.159
1024,128,2,16384,416.437
1024,128,2,32768,767.667
1024,128,2,65536,1493.98
1024,128,2,131055,2979.48
1024,128,4,16,80.171
1024,128,4,32,80.277
1024,128,4,64,80.128
1024,128,4,128,81.7497
1024,128,4,256,84.2453
1024,128,4,512,88.2137
1024,128,4,1024,95.5307
1024,128,4,2048,129.109
1024,128,4,4096,190.229
1024,128,4,8192,277.407
1024,128,4,16384,451.199
1024,128,4,32768,808.958
1024,128,4,65536,1519.43
1024,128,4,131055,2997.68
1024,128,8,16,87.9573
1024,128,8,32,88.224
1024,128,8,64,88.704
1024,128,8,128,92
1024,128,8,256,95.637
1024,128,8,512,103.349
1024,128,8,1024,118.933
1024,128,8,2048,164.65
1024,128,8,4096,251.221
1024,128,8,8192,434.911
1024,128,8,16384,795.443
1024,128,8,32768,1534.56
1024,128,8,65536,3041.6
1024,128,8,131055,6017.92
1024,128,16,16,101.952
1024,128,16,32,102.186
1024,128,16,64,101.91
1024,128,16,128,109.184
1024,128,16,256,116.949
1024,128,16,512,132.299
1024,128,16,1024,163.53
1024,128,16,2048,239.402
1024,128,16,4096,385.227
1024,128,16,8192,661.577
1024,128,16,16384,1208.89
1024,128,16,32768,2309.51
1024,128,16,65536,4549.26
1024,128,16,131055,9028.39
1024,128,32,16,129.567
1024,128,32,32,129.771
1024,128,32,64,130.336
1024,128,32,128,144.096
1024,128,32,256,159.755
1024,128,32,512,189.034
1024,128,32,1024,251.679
1024,128,32,2048,387.508
1024,128,32,4096,666.259
1024,128,32,8192,1275.01
1024,128,32,16384,2454.15
1024,128,32,32768,4816.14
1024,128,32,65536,9648.97
1024,128,32,131055,19146.9
1024,128,64,16,182.272
1024,128,64,32,182.4
1024,128,64,64,184.565
1024,128,64,128,212.095
1024,128,64,256,241.941
1024,128,64,512,304.821
1024,128,64,1024,437.695
1024,128,64,2048,698.259
1024,128,64,4096,1510.98
1024,128,64,8192,3001.77
1024,128,64,16384,5989.38
1024,128,64,32768,12883.1
1024,128,64,65536,25021.3
1024,128,64,131055,48976.6
1024,256,0,0,83.1037
1024,256,1,16,83.0507
1024,256,1,32,83.2107
1024,256,1,64,83.6267
1024,256,1,128,83.9677
1024,256,1,256,83.3067
1024,256,1,512,84.4157
1024,256,1,1024,87.0183
1024,256,1,2048,107.658
1024,256,1,4096,151.903
1024,256,1,8192,239.296
1024,256,1,16384,414.932
1024,256,1,32768,762.718
1024,256,1,65536,1500.36
1024,256,1,131055,2958.83
1024,256,2,16,84.7253
1024,256,2,32,83.8513
1024,256,2,64,85.0127
1024,256,2,128,85.8987
1024,256,2,256,87.4987
1024,256,2,512,88.5117
1024,256,2,1024,91.787
1024,256,2,2048,117.739
1024,256,2,4096,164.415
1024,256,2,8192,250.506
1024,256,2,16384,426.601
1024,256,2,32768,777.523
1024,256,2,65536,1497.8
1024,256,2,131055,2972.28
1024,256,4,16,88.8213
1024,256,4,32,89.013
1024,256,4,64,88.5757
1024,256,4,128,90.528
1024,256,4,256,92.5867
1024,256,4,512,96.5867
1024,256,4,1024,102.731
1024,256,4,2048,135.583
1024,256,4,4096,200.479
1024,256,4,8192,289.972
1024,256,4,16384,465.226
1024,256,4,32768,818.825
1024,256,4,65536,1534.18
1024,256,4,131055,3002.48
1024,256,8,16,96.6717
1024,256,8,32,97.184
1024,256,8,64,97.109
1024,256,8,128,101.088
1024,256,8,256,105.119
1024,256,8,512,112.8
1024,256,8,1024,125.877
1024,256,8,2048,172.885
1024,256,8,4096,258.431
1024,256,8,8192,440.341
1024,256,8,16384,796.552
1024,256,8,32768,1542.9
1024,256,8,65536,3037.98
1024,256,8,131055,6047.58
1024,256,16,16,110.72
1024,256,16,32,110.368
1024,256,16,64,110.954
1024,256,16,128,119.179
1024,256,16,256,125.397
1024,256,16,512,140.224
1024,256,16,1024,170.048
1024,256,16,2048,245.205
1024,256,16,4096,394.996
1024,256,16,8192,668.745
1024,256,16,16384,1219.77
1024,256,16,32768,2310.04
1024,256,16,65536,4568.52
1024,256,16,131055,9026.3
1024,256,32,16,138.144
1024,256,32,32,138.677
1024,256,32,64,138.624
1024,256,32,128,153.653
1024,256,32,256,169.407
1024,256,32,512,197.77
1024,256,32,1024,259.115
1024,256,32,2048,394.303
1024,256,32,4096,671.946
1024,256,32,8192,1276.32
1024,256,32,16384,2450.68
1024,256,32,32768,4835.04
1024,256,32,65536,9636.46
1024,256,32,131055,19076
1024,256,64,16,192.309
1024,256,64,32,193.141
1024,256,64,64,194.485
1024,256,64,128,222.101
1024,256,64,256,252.693
1024,256,64,512,315.007
1024,256,64,1024,443.178
1024,256,64,2048,703.498
1024,256,64,4096,1510.4
1024,256,64,8192,3002.34
1024,256,64,16384,6001.87
1024,256,64,32768,13466.9
1024,256,64,65536,24678.3
1024,256,64,131055,48416
1024,512,0,0,99.8397
1024,512,1,16,100.181
1024,512,1,32,100.811
1024,512,1,64,102.101
1024,512,1,128,101.61
1024,512,1,256,101.536
1024,512,1,512,103.072
1024,512,1,1024,104.651
1024,512,1,2048,120.853
1024,512,1,4096,166.741
1024,512,1,8192,253.536
1024,512,1,16384,425.129
1024,512,1,32768,774.676
1024,512,1,65536,1495.23
1024,512,1,131055,2975.68
1024,512,2,16,102.783
1024,512,2,32,102.122
1024,512,2,64,102.165
1024,512,2,128,102.911
1024,512,2,256,104.395
1024,512,2,512,107.466
1024,512,2,1024,110.368
1024,512,2,2048,131.626
1024,512,2,4096,181.877
1024,512,2,8192,267.637
1024,512,2,16384,441.31
1024,512,2,32768,793.906
1024,512,2,65536,1503.53
1024,512,2,131055,2958.62
1024,512,4,16,105.824
1024,512,4,32,106.272
1024,512,4,64,106.944
1024,512,4,128,107.808
1024,512,4,256,110.08
1024,512,4,512,114.955
1024,512,4,1024,123.147
1024,512,4,2048,150.314
1024,512,4,4096,212.586
1024,512,4,8192,315.008
1024,512,4,16384,490.143
1024,512,4,32768,843.498
1024,512,4,65536,1558.97
1024,512,4,131055,3003.37
1024,512,8,16,114.421
1024,512,8,32,114.101
1024,512,8,64,114.091
1024,512,8,128,118.357
1024,512,8,256,123.338
1024,512,8,512,130.475
1024,512,8,1024,144.309
1024,512,8,2048,188.245
1024,512,8,4096,276.533
1024,512,8,8192,453.982
1024,512,8,16384,805.385
1024,512,8,32768,1541.2
1024,512,8,65536,3032.45
1024,512,8,131055,6037.6
1024,512,16,16,127.797
1024,512,16,32,128.192
1024,512,16,64,129.152
1024,512,16,128,137.066
1024,512,16,256,144.821
1024,512,16,512,159.402
1024,512,16,1024,187.615
1024,512,16,2048,262.261
1024,512,16,4096,409.215
1024,512,16,8192,689.716
1024,512,16,16384,1238.03
1024,512,16,32768,2334.05
1024,512,16,65536,4565.29
1024,512,16,131055,9049.25
1024,512,32,16,155.52
1024,512,32,32,156.939
1024,512,32,64,158.047
1024,512,32,128,172.054
1024,512,32,256,188.117
1024,512,32,512,216.448
1024,512,32,1024,274.389
1024,512,32,2048,411.433
1024,512,32,4096,686.228
1024,512,32,8192,1285.31
1024,512,32,16384,2496.31
1024,512,32,32768,4938.78
1024,512,32,65536,9880.14
1024,512,32,131055,19517
1024,512,64,16,209.908
1024,512,64,32,211.509
1024,512,64,64,212.596
1024,512,64,128,240.533
1024,512,64,256,271.434
1024,512,64,512,334.986
1024,512,64,1024,458.815
1024,512,64,2048,719.134
1024,512,64,4096,1559.96
1024,512,64,8192,3020.66
1024,512,64,16384,6006.47
1024,512,64,32768,13922.1
1024,512,64,65536,24482.3
1024,512,64,131055,53148.5
1024,1024,0,0,133.76
1024,1024,1,16,134.144
1024,1024,1,32,134.24
1024,1024,1,64,134.399
1024,1024,1,128,133.28
1024,1024,1,256,135.093
1024,1024,1,512,135.391
1024,1024,1,1024,138.036
1024,1024,1,2048,144.022
1024,1024,1,4096,197.055
1024,1024,1,8192,283.22
1024,1024,1,16384,456.713
1024,1024,1,32768,803.924
1024,1024,1,65536,1497.85
1024,1024,1,131055,2966.84
1024,1024,2,16,135.903
1024,1024,2,32,134.891
1024,1024,2,64,136.288
1024,1024,2,128,137.27
1024,1024,2,256,138.815
1024,1024,2,512,140.16
1024,1024,2,1024,145.044
1024,1024,2,2048,159.029
1024,1024,2,4096,212.245
1024,1024,2,8192,302.559
1024,1024,2,16384,475.732
1024,1024,2,32768,827.977
1024,1024,2,65536,1521.72
1024,1024,2,131055,2973.37
1024,1024,4,16,141.003
1024,1024,4,32,140.565
1024,1024,4,64,140.757
1024,1024,4,128,142.623
1024,1024,4,256,145.824
1024,1024,4,512,149.791
1024,1024,4,1024,159.327
1024,1024,4,2048,178.56
1024,1024,4,4096,242.816
1024,1024,4,8192,361.14
1024,1024,4,16384,539.017
1024,1024,4,32768,887.561
1024,1024,4,65536,1600.51
1024,1024,4,131055,3019.5
1024,1024,8,16,147.925
1024,1024,8,32,148.064
1024,1024,8,64,148.971
1024,1024,8,128,153.429
1024,1024,8,256,156.543
1024,1024,8,512,166.603
1024,1024,8,1024,180.788
1024,1024,8,2048,215.007
1024,1024,8,4096,305.407
1024,1024,8,8192,480.469
1024,1024,8,16384,828.765
1024,1024,8,32768,1548.68
1024,1024,8,65536,3030.03
1024,1024,8,131055,6004.02
1024,1024,16,16,163.146
1024,1024,16,32,163.829
1024,1024,16,64,162.912
1024,1024,16,128,171.914
1024,1024,16,256,180.831
1024,1024,16,512,195.839
1024,1024,16,1024,225.909
1024,1024,16,2048,291.648
1024,1024,16,4096,438.004
1024,1024,16,8192,732.393
1024,1024,16,16384,1274.84
1024,1024,16,32768,2376.9
1024,1024,16,65536,4595.02
1024,1024,16,131055,9051.37
1024,1024,32,16,192.021
1024,1024,32,32,193.12
1024,1024,32,64,192.939
1024,1024,32,128,208.31
1024,1024,32,256,224.49
1024,1024,32,512,254.036
1024,1024,32,1024,313.61
1024,1024,32,2048,437.012
1024,1024,32,4096,714.377
1024,1024,32,8192,1315.27
1024,1024,32,16384,2648.72
1024,1024,32,32768,5130.77
1024,1024,32,65536,10447.7
1024,1024,32,131055,20381.5
1024,1024,64,16,247.082
1024,1024,64,32,247.114
1024,1024,64,64,248.149
1024,1024,64,128,277.258
1024,1024,64,256,308.16
1024,1024,64,512,371.957
1024,1024,64,1024,493.332
1024,1024,64,2048,746.452
1024,1024,64,4096,1522.14
1024,1024,64,8192,3325.29
1024,1024,64,16384,6599.23
1024,1024,64,32768,13823.5
1024,1024,64,65536,26039
1024,1024,64,131055,54646.6
1024,2048,0,0,198.336
1024,2048,1,16,199.242
1024,2048,1,32,199.647
1024,2048,1,64,199.114
1024,2048,1,128,198.954
1024,2048,1,256,200.575
1024,2048,1,512,201.172
1024,2048,1,1024,202.431
1024,2048,1,2048,203.274
1024,2048,1,4096,246.452
1024,2048,1,8192,347.403
1024,2048,1,16384,521.267
1024,2048,1,32768,869.94
1024,2048,1,65536,1560.21
1024,2048,1,131055,2968.5
1024,2048,2,16,200.458
1024,2048,2,32,200.704
1024,2048,2,64,200.767
1024,2048,2,128,202.058
1024,2048,2,256,202.186
1024,2048,2,512,204.266
1024,2048,2,1024,210.698
1024,2048,2,2048,232.671
1024,2048,2,4096,269.418
1024,2048,2,8192,369.056
1024,2048,2,16384,542.73
1024,2048,2,32768,886.559
1024,2048,2,65536,1583.77
1024,2048,2,131055,2994.52
1024,2048,4,16,206.218
1024,2048,4,32,205.162
1024,2048,4,64,204.138
1024,2048,4,128,207.615
1024,2048,4,256,209.429
1024,2048,4,512,216.191
1024,2048,4,1024,228.661
1024,2048,4,2048,247.008
1024,2048,4,4096,294.026
1024,2048,4,8192,429.77
1024,2048,4,16384,637.641
1024,2048,4,32768,987.976
1024,2048,4,65536,1703.67
1024,2048,4,131055,3123.55
1024,2048,8,16,213.941
1024,2048,8,32,213.152
1024,2048,8,64,213.343
1024,2048,8,128,217.035
1024,2048,8,256,223.818
1024,2048,8,512,234.101
1024,2048,8,1024,253.706
1024,2048,8,2048,283.861
1024,2048,8,4096,363.509
1024,2048,8,8192,549.652
1024,2048,8,16384,882.899
1024,2048,8,32768,1590.65
1024,2048,8,65536,3044.84
1024,2048,8,131055,6034.95
1024,2048,16,16,228.341
1024,2048,16,32,228.245
1024,2048,16,64,230.837
1024,2048,16,128,239.989
1024,2048,16,256,248.48
1024,2048,16,512,265.727
1024,2048,16,1024,295.562
1024,2048,16,2048,355.53
1024,2048,16,4096,497.322
1024,2048,16,8192,798.44
1024,2048,16,16384,1378.44
1024,2048,16,32768,2503.94
1024,2048,16,65536,4841.75
1024,2048,16,131055,9477.59
1024,2048,32,16,262.538
1024,2048,32,32,262.154
1024,2048,32,64,262.602
1024,2048,32,128,279.402
1024,2048,32,256,293.856
1024,2048,32,512,325.461
1024,2048,32,1024,385.301
1024,2048,32,2048,501.237
1024,2048,32,4096,769.438
1024,2048,32,8192,1396.11
1024,2048,32,16384,2991.67
1024,2048,32,32768,6250.26
1024,2048,32,65536,12511.6
1024,2048,32,131055,25033.7
1024,2048,64,16,319.221
1024,2048,64,32,319.338
1024,2048,64,64,320.116
1024,2048,64,128,348.554
1024,2048,64,256,382.72
1024,2048,64,512,444.575
1024,2048,64,1024,569.854
1024,2048,64,2048,803.582
1024,2048,64,4096,1586.31
1024,2048,64,8192,3880.31
1024,2048,64,16384,8183.54
1024,2048,64,32768,17297.3
1024,2048,64,65536,31840.4
1024,2048,64,131055,66356.1
1024,4096,0,0,327.786
1024,4096,1,16,328.533
1024,4096,1,32,329.375
1024,4096,1,64,329.044
1024,4096,1,128,329.642
1024,4096,1,256,330.143
1024,4096,1,512,332.341
1024,4096,1,1024,332.938
1024,4096,1,2048,332.948
1024,4096,1,4096,334.229
1024,4096,1,8192,472.511
1024,4096,1,16384,652.755
1024,4096,1,32768,996.895
1024,4096,1,65536,1690.73
1024,4096,1,131055,3064.34
1024,4096,2,16,330.325
1024,4096,2,32,331.082
1024,4096,2,64,331.231
1024,4096,2,128,332.18
1024,4096,2,256,333.322
1024,4096,2,512,335.423
1024,4096,2,1024,340.714
1024,4096,2,2048,360.426
1024,4096,2,4096,404.8
1024,4096,2,8192,488.501
1024,4096,2,16384,670.302
1024,4096,2,32768,1015.84
1024,4096,2,65536,1727.26
1024,4096,2,131055,3128.46
1024,4096,4,16,332.639
1024,4096,4,32,333.365
1024,4096,4,64,333.76
1024,4096,4,128,336.682
1024,4096,4,256,338.773
1024,4096,4,512,345.567
1024,4096,4,1024,356.65
1024,4096,4,2048,381.29
1024,4096,4,4096,421.47
1024,4096,4,8192,511.135
1024,4096,4,16384,777.865
1024,4096,4,32768,1203.33
1024,4096,4,65536,1917.48
1024,4096,4,131055,3343.08
1024,4096,8,16,342.217
1024,4096,8,32,342.549
1024,4096,8,64,342.452
1024,4096,8,128,349.215
1024,4096,8,256,353.706
1024,4096,8,512,364.885
1024,4096,8,1024,387.381
1024,4096,8,2048,425.599
1024,4096,8,4096,506.772
1024,4096,8,8192,676.286
1024,4096,8,16384,1035.3
1024,4096,8,32768,1694.13
1024,4096,8,65536,3186.91
1024,4096,8,131055,6335.72
1024,4096,16,16,356.853
1024,4096,16,32,358.933
1024,4096,16,64,359.178
1024,4096,16,128,367.957
1024,4096,16,256,379.924
1024,4096,16,512,401.396
1024,4096,16,1024,438.164
1024,4096,16,2048,494.655
1024,4096,16,4096,621.279
1024,4096,16,8192,908.169
1024,4096,16,16384,1624.36
1024,4096,16,32768,3040.75
1024,4096,16,65536,5866.21
1024,4096,16,131055,11002.3
1024,4096,32,16,391.434
1024,4096,32,32,393.503
1024,4096,32,64,392.287
1024,4096,32,128,411.999
1024,4096,32,256,433.013
1024,4096,32,512,466.505
1024,4096,32,1024,528.905
1024,4096,32,2048,651.028
1024,4096,32,4096,894.238
1024,4096,32,8192,1619.56
1024,4096,32,16384,4281.74
1024,4096,32,32768,8592.82
1024,4096,32,65536,15788.4
1024,4096,32,131055,30803.4
1024,4096,64,16,458.261
1024,4096,64,32,458.484
1024,4096,64,64,461.279
1024,4096,64,128,491.699
1024,4096,64,256,523.263
1024,4096,64,512,588.927
1024,4096,64,1024,716.234
1024,4096,64,2048,955.283
1024,4096,64,4096,1701.02
1024,4096,64,8192,4949.45
1024,4096,64,16384,10902.9
1024,4096,64,32768,21664.5
1024,4096,64,65536,42935.4
1024,4096,64,131055,85877.5
1024,8192,0,0,589.696
1024,8192,1,16,587.124
1024,8192,1,32,589.023
1024,8192,1,64,588.244
1024,8192,1,128,588.702
1024,8192,1,256,589.769
1024,8192,1,512,586.858
1024,8192,1,1024,589.48
1024,8192,1,2048,589.418
1024,8192,1,4096,590.26
1024,8192,1,8192,595.945
1024,8192,1,16384,904.074
1024,8192,1,32768,1257.18
1024,8192,1,65536,1946.37
1024,8192,1,131055,3311.83
1024,8192,2,16,589.557
1024,8192,2,32,587.081
1024,8192,2,64,586.665
1024,8192,2,128,586.965
1024,8192,2,256,588.713
1024,8192,2,512,591.84
1024,8192,2,1024,597.107
1024,8192,2,2048,618.943
1024,8192,2,4096,663.646
1024,8192,2,8192,754.185
1024,8192,2,16384,922.89
1024,8192,2,32768,1277.39
1024,8192,2,65536,1973.15
1024,8192,2,131055,3370.93
1024,8192,4,16,592.447
1024,8192,4,32,591.305
1024,8192,4,64,592.873
1024,8192,4,128,592.831
1024,8192,4,256,598.665
1024,8192,4,512,602.73
1024,8192,4,1024,615.488
1024,8192,4,2048,639.275
1024,8192,4,4096,686.206
1024,8192,4,8192,771.412
1024,8192,4,16384,956.874
1024,8192,4,32768,1480.96
1024,8192,4,65536,2399.05
1024,8192,4,131055,3948.18
1024,8192,8,16,601.941
1024,8192,8,32,601.387
1024,8192,8,64,600.543
1024,8192,8,128,606.644
1024,8192,8,256,611.21
1024,8192,8,512,623.539
1024,8192,8,1024,645.311
1024,8192,8,2048,688.223
1024,8192,8,4096,774.847
1024,8192,8,8192,944.798
1024,8192,8,16384,1312.43
1024,8192,8,32768,2063.8
1024,8192,8,65536,3520.38
1024,8192,8,131055,6818.31
1024,8192,16,16,616.147
1024,8192,16,32,619.7
1024,8192,16,64,620.052
1024,8192,16,128,625.845
1024,8192,16,256,638.442
1024,8192,16,512,659.413
1024,8192,16,1024,702.281
1024,8192,16,2048,784.8
1024,8192,16,4096,890.237
1024,8192,16,8192,1165.45
1024,8192,16,16384,1746.45
1024,8192,16,32768,3924.11
1024,8192,16,65536,7936.53
1024,8192,16,131055,15442.3
1024,8192,32,16,650.58
1024,8192,32,32,652.063
1024,8192,32,64,650.88
1024,8192,32,128,670.847
1024,8192,32,256,692.436
1024,8192,32,512,735.497
1024,8192,32,1024,811.956
1024,8192,32,2048,936.67
1024,8192,32,4096,1180.02
1024,8192,32,8192,1756.21
1024,8192,32,16384,3471.94
1024,8192,32,32768,9349.93
1024,8192,32,65536,18413.5
1024,8192,32,131055,37324.8
1024,8192,64,16,717.641
1024,8192,64,32,719.22
1024,8192,64,64,721.364
1024,8192,64,128,762.601
1024,8192,64,256,800.361
1024,8192,64,512,867.978
1024,8192,64,1024,996.679
1024,8192,64,2048,1249.66
1024,8192,64,4096,1752.87
1024,8192,64,8192,3412.81
1024,8192,64,16384,10885
1024,8192,64,32768,21752.8
1024,8192,64,65536,43075.5
1024,8192,64,131055,86032.1
1024,16384,0,0,1112.85
1024,16384,1,16,1112.45
1024,16384,1,32,1112.21
1024,16384,1,64,1110.13
1024,16384,1,128,1107.83
1024,16384,1,256,1108.29
1024,16384,1,512,1108.55
1024,16384,1,1024,1111.96
1024,16384,1,2048,1110.35
1024,16384,1,4096,1114.09
1024,16384,1,8192,1113.21
1024,16384,1,16384,1120.58
1024,16384,1,32768,1774.35
1024,16384,1,65536,2470.46
1024,16384,1,131055,3842.27
1024,16384,2,16,1112.87
1024,16384,2,32,1111.1
1024,16384,2,64,1111.38
1024,16384,2,128,1114.93
1024,16384,2,256,1115.13
1024,16384,2,512,1112.79
1024,16384,2,1024,1117.79
1024,16384,2,2048,1139.47
1024,16384,2,4096,1187.2
1024,16384,2,8192,1279.18
1024,16384,2,16384,1448.63
1024,16384,2,32768,1803.58
1024,16384,2,65536,2529.01
1024,16384,2,131055,3995.15
1024,16384,4,16,1115.62
1024,16384,4,32,1118.55
1024,16384,4,64,1110.84
1024,16384,4,128,1118.52
1024,16384,4,256,1115.65
1024,16384,4,512,1122.81
1024,16384,4,1024,1136.61
1024,16384,4,2048,1159.54
1024,16384,4,4096,1205.28
1024,16384,4,8192,1297.76
1024,16384,4,16384,1476.68
1024,16384,4,32768,1871.88
1024,16384,4,65536,2932.78
1024,16384,4,131055,4797.71
1024,16384,8,16,1123.28
1024,16384,8,32,1127.42
1024,16384,8,64,1124.58
1024,16384,8,128,1127.48
1024,16384,8,256,1131.44
1024,16384,8,512,1141.02
1024,16384,8,1024,1168.81
1024,16384,8,2048,1211.16
1024,16384,8,4096,1302.64
1024,16384,8,8192,1476.03
1024,16384,8,16384,1840.28
1024,16384,8,32768,2589.18
1024,16384,8,65536,4064.6
1024,16384,8,131055,7141.01
1024,16384,16,16,1142.11
1024,16384,16,32,1136.29
1024,16384,16,64,1141.02
1024,16384,16,128,1149
1024,16384,16,256,1158.8
1024,16384,16,512,1179.45
1024,16384,16,1024,1227.92
1024,16384,16,2048,1318.89
1024,16384,16,4096,1475.78
1024,16384,16,8192,1704.65
1024,16384,16,16384,2258.68
1024,16384,16,32768,3420.13
1024,16384,16,65536,8727.7
1024,16384,16,131055,16382.4
1024,16384,32,16,1173.64
1024,16384,32,32,1170.38
1024,16384,32,64,1173.4
1024,16384,32,128,1190.39
1024,16384,32,256,1211.38
1024,16384,32,512,1257.28
1024,16384,32,1024,1336.31
1024,16384,32,2048,1500.86
1024,16384,32,4096,1773.69
1024,16384,32,8192,2307.46
1024,16384,32,16384,3398.43
1024,16384,32,32768,8626.12
1024,16384,32,65536,18523.8
1024,16384,32,131055,37357.7
1024,16384,64,16,1243.41
1024,16384,64,32,1239.38
1024,16384,64,64,1239.18
1024,16384,64,128,1280.94
1024,16384,64,256,1320.35
1024,16384,64,512,1406.6
1024,16384,64,1024,1564.09
1024,16384,64,2048,1828.69
1024,16384,64,4096,2417.06
1024,16384,64,8192,3414.07
1024,16384,64,16384,8050.73
1024,16384,64,32768,21853.6
1024,16384,64,65536,43286.1
1024,16384,64,131055,86417.7
1024,32768,0,0,2167.35
1024,32768,1,16,2160.02
1024,32768,1,32,2161.06
1024,32768,1,64,2165.45
1024,32768,1,128,2161.07
1024,32768,1,256,2163
1024,32768,1,512,2164.19
1024,32768,1,1024,2161.54
1024,32768,1,2048,2160.45
1024,32768,1,4096,2159.74
1024,32768,1,8192,2166.03
1024,32768,1,16384,2168.1
1024,32768,1,32768,2184.94
1024,32768,1,65536,3526.77
1024,32768,1,131055,4975.47
1024,32768,2,16,2159.02
1024,32768,2,32,2168.06
1024,32768,2,64,2163.07
1024,32768,2,128,2159.23
1024,32768,2,256,2164.91
1024,32768,2,512,2168.51
1024,32768,2,1024,2165.75
1024,32768,2,2048,2180.06
1024,32768,2,4096,2216.28
1024,32768,2,8192,2312.08
1024,32768,2,16384,2495.71
1024,32768,2,32768,2845.33
1024,32768,2,65536,3595.49
1024,32768,2,131055,5047.13
1024,32768,4,16,2159.86
1024,32768,4,32,2165.42
1024,32768,4,64,2159.25
1024,32768,4,128,2175.01
1024,32768,4,256,2170.39
1024,32768,4,512,2170.74
1024,32768,4,1024,2182.27
1024,32768,4,2048,2197.22
1024,32768,4,4096,2261.48
1024,32768,4,8192,2345.27
1024,32768,4,16384,2533.43
1024,32768,4,32768,2885.78
1024,32768,4,65536,3691.49
1024,32768,4,131055,5826.4
1024,32768,8,16,2177.05
1024,32768,8,32,2175.4
1024,32768,8,64,2167.73
1024,32768,8,128,2170.23
1024,32768,8,256,2180.82
1024,32768,8,512,2187.34
1024,32768,8,1024,2216.57
1024,32768,8,2048,2256.72
1024,32768,8,4096,2352.17
1024,32768,8,8192,2536.65
1024,32768,8,16384,2883.88
1024,32768,8,32768,3637.95
1024,32768,8,65536,5110.5
1024,32768,8,131055,8012.17
1024,32768,16,16,2186.56
1024,32768,16,32,2186.95
1024,32768,16,64,2192.51
1024,32768,16,128,2200.68
1024,32768,16,256,2211.59
1024,32768,16,512,2231.23
1024,32768,16,1024,2272.19
1024,32768,16,2048,2363.01
1024,32768,16,4096,2542.43
1024,32768,16,8192,2889.84
1024,32768,16,16384,3324.67
1024,32768,16,32768,4439.59
1024,32768,16,65536,8088.61
1024,32768,16,131055,18102.9
1024,32768,32,16,2217.31
1024,32768,32,32,2213.24
1024,32768,32,64,2218.81
1024,32768,32,128,2227.69
1024,32768,32,256,2265.49
1024,32768,32,512,2307.39
1024,32768,32,1024,2384.9
1024,32768,32,2048,2572.27
1024,32768,32,4096,2880.4
1024,32768,32,8192,3498.3
1024,32768,32,16384,4505.14
1024,32768,32,32768,6699.63
1024,32768,32,65536,18935.8
1024,32768,32,131055,39412.5
1024,32768,64,16,2292.92
1024,32768,64,32,2285.24
1024,32768,64,64,2288.56
1024,32768,64,128,2332
1024,32768,64,256,2361.94
1024,32768,64,512,2449.84
1024,32768,64,1024,2607.39
1024,32768,64,2048,2949.99
1024,32768,64,4096,3569.53
1024,32768,64,8192,5261.71
1024,32768,64,16384,9164.1
1024,32768,64,32768,20601.4
1024,32768,64,65536,43526.1
1024,32768,64,131055,86847.9
1024,65536,0,0,4282.42
1024,65536,1,16,4302.15
1024,65536,1,32,4300.62
1024,65536,1,64,4297.31
1024,65536,1,128,4300.64
1024,65536,1,256,4299.78
1024,65536,1,512,4297.55
1024,65536,1,1024,4300.18
1024,65536,1,2048,4294.33
1024,65536,1,4096,4303.26
1024,65536,1,8192,4308.6
1024,65536,1,16384,4303.96
1024,65536,1,32768,4315.07
1024,65536,1,65536,4383.57
1024,65536,1,131055,7139.88
1024,65536,2,16,4295.78
1024,65536,2,32,4293.42
1024,65536,2,64,4300.87
1024,65536,2,128,4304.47
1024,65536,2,256,4291.42
1024,65536,2,512,4292.46
1024,65536,2,1024,4299.87
1024,65536,2,2048,4308.58
1024,65536,2,4096,4355.49
1024,65536,2,8192,4446.97
1024,65536,2,16384,4646.22
1024,65536,2,32768,5033.39
1024,65536,2,65536,5758.52
1024,65536,2,131055,7218.59
1024,65536,4,16,4285.5
1024,65536,4,32,4304.21
1024,65536,4,64,4308.43
1024,65536,4,128,4300.57
1024,65536,4,256,4308.81
1024,65536,4,512,4312.47
1024,65536,4,1024,4318.23
1024,65536,4,2048,4340.18
1024,65536,4,4096,4389.69
1024,65536,4,8192,4486.77
1024,65536,4,16384,4677.32
1024,65536,4,32768,5063.46
1024,65536,4,65536,5802.28
1024,65536,4,131055,7322.06
1024,65536,8,16,4310.17
1024,65536,8,32,4308.71
1024,65536,8,64,4310.89
1024,65536,8,128,4314.6
1024,65536,8,256,4309.22
1024,65536,8,512,4322.83
1024,65536,8,1024,4342.86
1024,65536,8,2048,4394.47
1024,65536,8,4096,4495.98
1024,65536,8,8192,4675.85
1024,65536,8,16384,5052.53
1024,65536,8,32768,5726.83
1024,65536,8,65536,7251.63
1024,65536,8,131055,10170.6
1024,65536,16,16,4322.37
1024,65536,16,32,4331.35
1024,65536,16,64,4329.07
1024,65536,16,128,4325.96
1024,65536,16,256,4343.58
1024,65536,16,512,4353.24
1024,65536,16,1024,4393.69
1024,65536,16,2048,4497.9
1024,65536,16,4096,4687.71
1024,65536,16,8192,5056.75
1024,65536,16,16384,5752.19
1024,65536,16,32768,6609.45
1024,65536,16,65536,8807.84
1024,65536,16,131055,17445.3
1024,65536,32,16,4345.3
1024,65536,32,32,4349.96
1024,65536,32,64,4357.99
1024,65536,32,128,4356.22
1024,65536,32,256,4374.73
1024,65536,32,512,4426.53
1024,65536,32,1024,4511.22
1024,65536,32,2048,4681.37
1024,65536,32,4096,5011.25
1024,65536,32,8192,5722.05
1024,65536,32,16384,6994.95
1024,65536,32,32768,9980.82
1024,65536,32,65536,13319.7
1024,65536,32,131055,39409.3
1024,65536,64,16,4398.09
1024,65536,64,32,4413.54
1024,65536,64,64,4421.73
1024,65536,64,128,4449.75
1024,65536,64,256,4481.99
1024,65536,64,512,4562.09
1024,65536,64,1024,4725.2
1024,65536,64,2048,5055.32
1024,65536,64,4096,5805.83
1024,65536,64,8192,7276.66
1024,65536,64,16384,11453.5
1024,65536,64,32768,20979.2
1024,65536,64,65536,41165.4
1024,65536,64,131055,87257.4
2048,0,0,0,181.728
2048,0,1,16,185.813
2048,0,1,32,184.149
2048,0,1,64,185.28
2048,0,1,128,184.768
2048,0,1,256,186.24
2048,0,1,512,186.529
2048,0,1,1024,189.119
2048,0,1,2048,194.113
2048,0,1,4096,242.582
2048,0,1,8192,332.32
2048,0,1,16384,506.337
2048,0,1,32768,852.566
2048,0,1,65536,1534.34
2048,0,1,131055,2964.8
2048,0,2,16,187.019
2048,0,2,32,187.478
2048,0,2,64,186.369
2048,0,2,128,188.363
2048,0,2,256,189.217
2048,0,2,512,190.453
2048,0,2,1024,194.24
2048,0,2,2048,204.448
2048,0,2,4096,259.2
2048,0,2,8192,356.949
2048,0,2,16384,529.227
2048,0,2,32768,876.372
2048,0,2,65536,1581.81
2048,0,2,131055,2966.81
2048,0,4,16,192.501
2048,0,4,32,192.468
2048,0,4,64,191.904
2048,0,4,128,195.147
2048,0,4,256,196.628
2048,0,4,512,201.227
2048,0,4,1024,207.296
2048,0,4,2048,225.792
2048,0,4,4096,292.896
2048,0,4,8192,416.608
2048,0,4,16384,614.346
2048,0,4,32768,958.986
2048,0,4,65536,1677.84
2048,0,4,131055,3088.44
2048,0,8,16,203.648
2048,0,8,32,203.221
2048,0,8,64,204.107
2048,0,8,128,207.392
2048,0,8,256,211.115
2048,0,8,512,219.423
2048,0,8,1024,233.578
2048,0,8,2048,268.266
2048,0,8,4096,361.174
2048,0,8,8192,536.779
2048,0,8,16384,877.246
2048,0,8,32768,1585.02
2048,0,8,65536,3034.2
2048,0,8,131055,6042.95
2048,0,16,16,224.395
2048,0,16,32,226.282
2048,0,16,64,225.76
2048,0,16,128,232.437
2048,0,16,256,241.194
2048,0,16,512,255.434
2048,0,16,1024,283.531
2048,0,16,2048,351.306
2048,0,16,4096,501.055
2048,0,16,8192,798.229
2048,0,16,16384,1347.18
2048,0,16,32768,2473.66
2048,0,16,65536,4767.58
2048,0,16,131055,9405.99
2048,0,32,16,272.715
2048,0,32,32,271.018
2048,0,32,64,272.373
2048,0,32,128,287.712
2048,0,32,256,302.933
2048,0,32,512,330.815
2048,0,32,1024,389.759
2048,0,32,2048,518.068
2048,0,32,4096,791.893
2048,0,32,8192,1377.45
2048,0,32,16384,2882.2
2048,0,32,32768,5962.81
2048,0,32,65536,11766.2
2048,0,32,131055,23959.9
2048,0,64,16,360.267
2048,0,64,32,360.533
2048,0,64,64,359.594
2048,0,64,128,388.703
2048,0,64,256,418.613
2048,0,64,512,480.554
2048,0,64,1024,602.965
2048,0,64,2048,859.562
2048,0,64,4096,1605.79
2048,0,64,8192,3690.67
2048,0,64,16384,7315.21
2048,0,64,32768,16320.3
2048,0,64,65536,28032.6
2048,0,64,131055,60982.1
2048,16,0,0,190.901
2048,16,1,16,193.461
2048,16,1,32,192.768
2048,16,1,64,192.299
2048,16,1,128,192.107
2048,16,1,256,193.77
2048,16,1,512,195.135
2048,16,1,1024,196.8
2048,16,1,2048,201.845
2048,16,1,4096,248.448
2048,16,1,8192,340.747
2048,16,1,16384,512.425
2048,16,1,32768,856.394
2048,16,1,65536,1553.46
2048,16,1,131055,2958.65
2048,16,2,16,195.252
2048,16,2,32,195.69
2048,16,2,64,195.968
2048,16,2,128,195.925
2048,16,2,256,198.635
2048,16,2,512,199.339
2048,16,2,1024,201.887
2048,16,2,2048,212.683
2048,16,2,4096,266.773
2048,16,2,8192,364.884
2048,16,2,16384,540.928
2048,16,2,32768,888.98
2048,16,2,65536,1585.92
2048,16,2,131055,2976.25
2048,16,4,16,201.088
2048,16,4,32,200.352
2048,16,4,64,201.813
2048,16,4,128,202.549
2048,16,4,256,205.333
2048,16,4,512,208.534
2048,16,4,1024,215.008
2048,16,4,2048,233.579
2048,16,4,4096,299.883
2048,16,4,8192,424.704
2048,16,4,16384,622.485
2048,16,4,32768,974.901
2048,16,4,65536,1688.32
2048,16,4,131055,3123.56
2048,16,8,16,211.307
2048,16,8,32,211.488
2048,16,8,64,212.202
2048,16,8,128,216.096
2048,16,8,256,219.339
2048,16,8,512,227.52
2048,16,8,1024,242.005
2048,16,8,2048,274.667
2048,16,8,4096,368.809
2048,16,8,8192,544.694
2048,16,8,16384,883.379
2048,16,8,32768,1592.09
2048,16,8,65536,3039.46
2048,16,8,131055,6029.23
2048,16,16,16,234.507
2048,16,16,32,233.909
2048,16,16,64,234.688
2048,16,16,128,241.771
2048,16,16,256,250.368
2048,16,16,512,264.298
2048,16,16,1024,293.642
2048,16,16,2048,357.696
2048,16,16,4096,509.364
2048,16,16,8192,806.144
2048,16,16,16384,1360.3
2048,16,16,32768,2478.43
2048,16,16,65536,4787.63
2048,16,16,131055,9394.45
2048,16,32,16,280.544
2048,16,32,32,279.883
2048,16,32,64,280.341
2048,16,32,128,295.648
2048,16,32,256,310.976
2048,16,32,512,339.786
2048,16,32,1024,397.482
2048,16,32,2048,524.555
2048,16,32,4096,799.423
2048,16,32,8192,1379.92
2048,16,32,16384,2889.63
2048,16,32,32768,5958.2
2048,16,32,65536,11820.5
2048,16,32,131055,24241.9
2048,16,64,16,367.851
2048,16,64,32,368.491
2048,16,64,64,369.514
2048,16,64,128,395.946
2048,16,64,256,429.952
2048,16,64,512,488.565
2048,16,64,1024,609.824
2048,16,64,2048,864.788
2048,16,64,4096,1598.12
2048,16,64,8192,3729.8
2048,16,64,16384,7512.24
2048,16,64,32768,16084.8
2048,16,64,65536,28497.4
2048,16,64,131055,58266.6
2048,32,0,0,191.456
2048,32,1,16,193.749
2048,32,1,32,193.419
2048,32,1,64,193.685
2048,32,1,128,193.995
2048,32,1,256,195.861
2048,32,1,512,195.05
2048,32,1,1024,197.408
2048,32,1,2048,201.045
2048,32,1,4096,249.642
2048,32,1,8192,341.781
2048,32,1,16384,515.658
2048,32,1,32768,859.445
2048,32,1,65536,1553.06
2048,32,1,131055,2963.04
2048,32,2,16,197.046
2048,32,2,32,193.93
2048,32,2,64,195.477
2048,32,2,128,196.448
2048,32,2,256,196.64
2048,32,2,512,200.608
2048,32,2,1024,202.976
2048,32,2,2048,212.191
2048,32,2,4096,266.303
2048,32,2,8192,366.731
2048,32,2,16384,539.519
2048,32,2,32768,887.488
2048,32,2,65536,1578.08
2048,32,2,131055,2981.92
2048,32,4,16,200.533
2048,32,4,32,201.013
2048,32,4,64,201.098
2048,32,4,128,202.603
2048,32,4,256,205.504
2048,32,4,512,208.181
2048,32,4,1024,215.68
2048,32,4,2048,233.258
2048,32,4,4096,299.296
2048,32,4,8192,424.662
2048,32,4,16384,626.847
2048,32,4,32768,975.872
2048,32,4,65536,1688.46
2048,32,4,131055,3101.26
2048,32,8,16,211.68
2048,32,8,32,212.736
2048,32,8,64,212.874
2048,32,8,128,216.341
2048,32,8,256,220.266
2048,32,8,512,227.808
2048,32,8,1024,243.402
2048,32,8,2048,274.805
2048,32,8,4096,368.373
2048,32,8,8192,545.706
2048,32,8,16384,883.134
2048,32,8,32768,1594.27
2048,32,8,65536,3047.4
2048,32,8,131055,6040.66
2048,32,16,16,232.852
2048,32,16,32,234.784
2048,32,16,64,234.005
2048,32,16,128,241.088
2048,32,16,256,249.899
2048,32,16,512,265.099
2048,32,16,1024,293.696
2048,32,16,2048,357.45
2048,32,16,4096,506.228
2048,32,16,8192,809.973
2048,32,16,16384,1364.69
2048,32,16,32768,2480.29
2048,32,16,65536,4796.53
2048,32,16,131055,9411.83
2048,32,32,16,280.811
2048,32,32,32,279.531
2048,32,32,64,281.312
2048,32,32,128,295.445
2048,32,32,256,311.936
2048,32,32,512,340.959
2048,32,32,1024,399.455
2048,32,32,2048,525.024
2048,32,32,4096,800.467
2048,32,32,8192,1379.36
2048,32,32,16384,2899.66
2048,32,32,32768,5971.6
2048,32,32,65536,12131.5
2048,32,32,131055,24181.2
2048,32,64,16,367.914
2048,32,64,32,368.48
2048,32,64,64,369.61
2048,32,64,128,398.602
2048,32,64,256,428.906
2048,32,64,512,488.372
2048,32,64,1024,610.569
2048,32,64,2048,866.197
2048,32,64,4096,1595.92
2048,32,64,8192,3697.26
2048,32,64,16384,7720.08
2048,32,64,32768,15577
2048,32,64,65536,28143.2
2048,32,64,131055,59327.5
2048,64,0,0,190.73
2048,64,1,16,193.878
2048,64,1,32,193.674
2048,64,1,64,194.421
2048,64,1,128,194.453
2048,64,1,256,195.029
2048,64,1,512,196.875
2048,64,1,1024,197.589
2048,64,1,2048,201.909
2048,64,1,4096,248.683
2048,64,1,8192,340.405
2048,64,1,16384,514.838
2048,64,1,32768,858.655
2048,64,1,65536,1540.08
2048,64,1,131055,2959.97
2048,64,2,16,195.307
2048,64,2,32,196.32
2048,64,2,64,196.352
2048,64,2,128,197.173
2048,64,2,256,196.746
2048,64,2,512,201.12
2048,64,2,1024,203.712
2048,64,2,2048,212.234
2048,64,2,4096,266.485
2048,64,2,8192,366.538
2048,64,2,16384,539.787
2048,64,2,32768,885.386
2048,64,2,65536,1576.15
2048,64,2,131055,2968.47
2048,64,4,16,200.256
2048,64,4,32,201.205
2048,64,4,64,200.757
2048,64,4,128,201.696
2048,64,4,256,204.555
2048,64,4,512,209.312
2048,64,4,1024,215.317
2048,64,4,2048,232.939
2048,64,4,4096,300.127
2048,64,4,8192,423.317
2048,64,4,16384,624.662
2048,64,4,32768,976.479
2048,64,4,65536,1690.27
2048,64,4,131055,3098.99
2048,64,8,16,212.063
2048,64,8,32,211.904
2048,64,8,64,213.12
2048,64,8,128,215.829
2048,64,8,256,221.162
2048,64,8,512,228.544
2048,64,8,1024,242.57
2048,64,8,2048,274.901
2048,64,8,4096,368.949
2048,64,8,8192,545.386
2048,64,8,16384,884.404
2048,64,8,32768,1588.1
2048,64,8,65536,3053.38
2048,64,8,131055,6041.32
2048,64,16,16,234.208
2048,64,16,32,234.699
2048,64,16,64,234.677
2048,64,16,128,242.176
2048,64,16,256,250.591
2048,64,16,512,265.227
2048,64,16,1024,293.024
2048,64,16,2048,357.109
2048,64,16,4096,507.189
2048,64,16,8192,809.972
2048,64,16,16384,1356.66
2048,64,16,32768,2488.37
2048,64,16,65536,4775.97
2048,64,16,131055,9412.74
2048,64,32,16,279.659
2048,64,32,32,280.448
2048,64,32,64,279.434
2048,64,32,128,296.395
2048,64,32,256,312.447
2048,64,32,512,340.501
2048,64,32,1024,398.794
2048,64,32,2048,524.266
2048,64,32,4096,799.861
2048,64,32,8192,1380.46
2048,64,32,16384,2895.53
2048,64,32,32768,5994.97
2048,64,32,65536,11980.6
2048,64,32,131055,24419.2
2048,64,64,16,369.077
2048,64,64,32,368.511
2048,64,64,64,369.973
2048,64,64,128,398.197
2048,64,64,256,429.834
2048,64,64,512,489.93
2048,64,64,1024,610.399
2048,64,64,2048,864.297
2048,64,64,4096,1598.49
2048,64,64,8192,3741.31
2048,64,64,16384,7599.27
2048,64,64,32768,15974
2048,64,64,65536,27800.7
2048,64,64,131055,59658.6
2048,128,0,0,199.968
2048,128,1,16,203.477
2048,128,1,32,201.642
2048,128,1,64,200.992
2048,128,1,128,201.504
2048,128,1,256,202.837
2048,128,1,512,202.528
2048,128,1,1024,205.44
2048,128,1,2048,208.502
2048,128,1,4096,256.768
2048,128,1,8192,348.15
2048,128,1,16384,519.882
2048,128,1,32768,868.479
2048,128,1,65536,1551.38
2048,128,1,131055,2964.48
2048,128,2,16,204.213
2048,128,2,32,203.52
2048,128,2,64,204.202
2048,128,2,128,204.608
2048,128,2,256,205.333
2048,128,2,512,208.235
2048,128,2,1024,211.882
2048,128,2,2048,219.082
2048,128,2,4096,273.792
2048,128,2,8192,375.828
2048,128,2,16384,548.372
2048,128,2,32768,896.062
2048,128,2,65536,1600.09
2048,128,2,131055,2973.38
2048,128,4,16,208.554
2048,128,4,32,208.095
2048,128,4,64,209.183
2048,128,4,128,209.739
2048,128,4,256,212.736
2048,128,4,512,217.429
2048,128,4,1024,224.224
2048,128,4,2048,241.098
2048,128,4,4096,307.445
2048,128,4,8192,434.047
2048,128,4,16384,637.001
2048,128,4,32768,990.334
2048,128,4,65536,1695.16
2048,128,4,131055,3121.4
2048,128,8,16,220.414
2048,128,8,32,220.265
2048,128,8,64,219.199
2048,128,8,128,223.754
2048,128,8,256,227.68
2048,128,8,512,235.711
2048,128,8,1024,248.939
2048,128,8,2048,281.236
2048,128,8,4096,376.789
2048,128,8,8192,551.636
2048,128,8,16384,888.031
2048,128,8,32768,1597.01
2048,128,8,65536,3045.96
2048,128,8,131055,6045.78
2048,128,16,16,240.575
2048,128,16,32,241.333
2048,128,16,64,241.76
2048,128,16,128,249.813
2048,128,16,256,256.523
2048,128,16,512,271.647
2048,128,16,1024,300.779
2048,128,16,2048,365.162
2048,128,16,4096,515.2
2048,128,16,8192,812.202
2048,128,16,16384,1370.91
2048,128,16,32768,2495.59
2048,128,16,65536,4799.02
2048,128,16,131055,9410.33
2048,128,32,16,287.85
2048,128,32,32,288.331
2048,128,32,64,289.674
2048,128,32,128,302.837
2048,128,32,256,317.995
2048,128,32,512,347.872
2048,128,32,1024,407.765
2048,128,32,2048,532.202
2048,128,32,4096,806.452
2048,128,32,8192,1393.56
2048,128,32,16384,2909.23
2048,128,32,32768,6019.32
2048,128,32,65536,12140.8
2048,128,32,131055,24430.3
2048,128,64,16,377.311
2048,128,64,32,376.906
2048,128,64,64,377.482
2048,128,64,128,406.581
2048,128,64,256,437.739
2048,128,64,512,497.867
2048,128,64,1024,618.41
2048,128,64,2048,872.478
2048,128,64,4096,1591.69
2048,128,64,8192,3755.29
2048,128,64,16384,7784.58
2048,128,64,32768,16017.7
2048,128,64,65536,29106.3
2048,128,64,131055,61497.7
2048,256,0,0,215.573
2048,256,1,16,217.696
2048,256,1,32,216.405
2048,256,1,64,218.453
2048,256,1,128,219.147
2048,256,1,256,219.541
2048,256,1,512,220.127
2048,256,1,1024,222.624
2048,256,1,2048,225.354
2048,256,1,4096,270.133
2048,256,1,8192,362.624
2048,256,1,16384,536.831
2048,256,1,32768,884.351
2048,256,1,65536,1578.94
2048,256,1,131055,2965.96
2048,256,2,16,220.714
2048,256,2,32,219.168
2048,256,2,64,219.722
2048,256,2,128,221.77
2048,256,2,256,222.037
2048,256,2,512,224.128
2048,256,2,1024,227.648
2048,256,2,2048,234.666
2048,256,2,4096,288.01
2048,256,2,8192,388.287
2048,256,2,16384,567.359
2048,256,2,32768,912.958
2048,256,2,65536,1608.79
2048,256,2,131055,3008.87
2048,256,4,16,225.088
2048,256,4,32,224.746
2048,256,4,64,225.045
2048,256,4,128,227.2
2048,256,4,256,228.96
2048,256,4,512,233.418
2048,256,4,1024,240.597
2048,256,4,2048,254.613
2048,256,4,4096,321.375
2048,256,4,8192,447.978
2048,256,4,16384,660.49
2048,256,4,32768,1011.89
2048,256,4,65536,1732.84
2048,256,4,131055,3137.89
2048,256,8,16,235.691
2048,256,8,32,236.384
2048,256,8,64,236.287
2048,256,8,128,240.17
2048,256,8,256,243.893
2048,256,8,512,252.085
2048,256,8,1024,265.887
2048,256,8,2048,296.756
2048,256,8,4096,391.21
2048,256,8,8192,570.848
2048,256,8,16384,906.559
2048,256,8,32768,1615.52
2048,256,8,65536,3065.77
2048,256,8,131055,6053.3
2048,256,16,16,257.397
2048,256,16,32,257.333
2048,256,16,64,257.023
2048,256,16,128,265.642
2048,256,16,256,273.291
2048,256,16,512,288.767
2048,256,16,1024,316.767
2048,256,16,2048,379.86
2048,256,16,4096,532.405
2048,256,16,8192,832.212
2048,256,16,16384,1390.1
2048,256,16,32768,2507.32
2048,256,16,65536,4808.08
2048,256,16,131055,9440.83
2048,256,32,16,303.861
2048,256,32,32,304.214
2048,256,32,64,305.258
2048,256,32,128,319.701
2048,256,32,256,333.675
2048,256,32,512,363.785
2048,256,32,1024,424.405
2048,256,32,2048,548.639
2048,256,32,4096,823.423
2048,256,32,8192,1438.76
2048,256,32,16384,2926.03
2048,256,32,32768,6167.05
2048,256,32,65536,12361.4
2048,256,32,131055,24669
2048,256,64,16,393.033
2048,256,64,32,393.109
2048,256,64,64,392.778
2048,256,64,128,421.759
2048,256,64,256,451.381
2048,256,64,512,513.813
2048,256,64,1024,635.306
2048,256,64,2048,886.442
2048,256,64,4096,1588.93
2048,256,64,8192,3826.41
2048,256,64,16384,7878.85
2048,256,64,32768,16270.3
2048,256,64,65536,28941
2048,256,64,131055,63769.4
2048,512,0,0,248.223
2048,512,1,16,249.738
2048,512,1,32,249.824
2048,512,1,64,250.101
2048,512,1,128,250.293
2048,512,1,256,249.066
2048,512,1,512,250.4
2048,512,1,1024,253.909
2048,512,1,2048,256.917
2048,512,1,4096,297.407
2048,512,1,8192,392.159
2048,512,1,16384,565.386
2048,512,1,32768,910.215
2048,512,1,65536,1590.04
2048,512,1,131055,3000.26
2048,512,2,16,251.135
2048,512,2,32,251.903
2048,512,2,64,252.65
2048,512,2,128,253.685
2048,512,2,256,253.546
2048,512,2,512,256.064
2048,512,2,1024,260.351
2048,512,2,2048,266.74
2048,512,2,4096,316.34
2048,512,2,8192,420.478
2048,512,2,16384,596.297
2048,512,2,32768,946.385
2048,512,2,65536,1640.81
2048,512,2,131055,3041.59
2048,512,4,16,256.213
2048,512,4,32,256.554
2048,512,4,64,257.12
2048,512,4,128,260.287
2048,512,4,256,261.056
2048,512,4,512,264.298
2048,512,4,1024,271.978
2048,512,4,2048,287.52
2048,512,4,4096,349.385
2048,512,4,8192,478.996
2048,512,4,16384,710.837
2048,512,4,32768,1066.38
2048,512,4,65536,1778.43
2048,512,4,131055,3187.8
2048,512,8,16,267.839
2048,512,8,32,267.189
2048,512,8,64,268.213
2048,512,8,128,272.021
2048,512,8,256,276.042
2048,512,8,512,283.637
2048,512,8,1024,298.153
2048,512,8,2048,325.119
2048,512,8,4096,419.007
2048,512,8,8192,603.274
2048,512,8,16384,937.128
2048,512,8,32768,1625.45
2048,512,8,65536,3084.06
2048,512,8,131055,6090.58
2048,512,16,16,288.853
2048,512,16,32,289.3
2048,512,16,64,289.791
2048,512,16,128,296.81
2048,512,16,256,304.81
2048,512,16,512,320.79
2048,512,16,1024,347.967
2048,512,16,2048,407.465
2048,512,16,4096,559.508
2048,512,16,8192,859.4
2048,512,16,16384,1439.98
2048,512,16,32768,2598.71
2048,512,16,65536,5032.1
2048,512,16,131055,9881.2
2048,512,32,16,335.978
2048,512,32,32,336.97
2048,512,32,64,338.4
2048,512,32,128,351.7
2048,512,32,256,368.202
2048,512,32,512,397.962
2048,512,32,1024,456.565
2048,512,32,2048,576.489
2048,512,32,4096,843.231
2048,512,32,8192,1459.5
2048,512,32,16384,3026.37
2048,512,32,32768,6237.06
2048,512,32,65536,12660
2048,512,32,131055,25076
2048,512,64,16,424.863
2048,512,64,32,423.711
2048,512,64,64,426.196
2048,512,64,128,455.082
2048,512,64,256,484.596
2048,512,64,512,547.135
2048,512,64,1024,669.278
2048,512,64,2048,917.426
2048,512,64,4096,1602.56
2048,512,64,8192,3904.39
2048,512,64,16384,8318.57
2048,512,64,32768,17996.2
2048,512,64,65536,30806.4
2048,512,64,131055,63896.9
2048,1024,0,0,313.002
2048,1024,1,16,313.397
2048,1024,1,32,313.482
2048,1024,1,64,313.887
2048,1024,1,128,314.762
2048,1024,1,256,314.176
2048,1024,1,512,317.375
2048,1024,1,1024,318.143
2048,1024,1,2048,323.071
2048,1024,1,4096,351.017
2048,1024,1,8192,450.174
2048,1024,1,16384,625.662
2048,1024,1,32768,968.137
2048,1024,1,65536,1662.27
2048,1024,1,131055,3052.04
2048,1024,2,16,316.202
2048,1024,2,32,313.226
2048,1024,2,64,316.255
2048,1024,2,128,316.426
2048,1024,2,256,317.215
2048,1024,2,512,318.922
2048,1024,2,1024,323.839
2048,1024,2,2048,332.34
2048,1024,2,4096,370.047
2048,1024,2,8192,478.452
2048,1024,2,16384,670.237
2048,1024,2,32768,1015.77
2048,1024,2,65536,1704.34
2048,1024,2,131055,3118.55
2048,1024,4,16,320.532
2048,1024,4,32,320.618
2048,1024,4,64,321.172
2048,1024,4,128,322.602
2048,1024,4,256,325.866
2048,1024,4,512,328.991
2048,1024,4,1024,337.428
2048,1024,4,2048,350.741
2048,1024,4,4096,407.2
2048,1024,4,8192,539.56
2048,1024,4,16384,786.963
2048,1024,4,32768,1159.56
2048,1024,4,65536,1857.46
2048,1024,4,131055,3277.21
2048,1024,8,16,331.252
2048,1024,8,32,331.807
2048,1024,8,64,331.135
2048,1024,8,128,335.551
2048,1024,8,256,339.252
2048,1024,8,512,348.607
2048,1024,8,1024,362.133
2048,1024,8,2048,390.996
2048,1024,8,4096,476.937
2048,1024,8,8192,661.407
2048,1024,8,16384,997.897
2048,1024,8,32768,1683.49
2048,1024,8,65536,3136.68
2048,1024,8,131055,6122.28
2048,1024,16,16,352.992
2048,1024,16,32,352.842
2048,1024,16,64,354.185
2048,1024,16,128,359.988
2048,1024,16,256,368.021
2048,1024,16,512,385.749
2048,1024,16,1024,414.419
2048,1024,16,2048,472.01
2048,1024,16,4096,619.72
2048,1024,16,8192,918.547
2048,1024,16,16384,1559.64
2048,1024,16,32768,2890.01
2048,1024,16,65536,5471.74
2048,1024,16,131055,10445.2
2048,1024,32,16,400.127
2048,1024,32,32,402.282
2048,1024,32,64,402.143
2048,1024,32,128,415.882
2048,1024,32,256,431.306
2048,1024,32,512,463.187
2048,1024,32,1024,519.817
2048,1024,32,2048,635.123
2048,1024,32,4096,902.611
2048,1024,32,8192,1504.22
2048,1024,32,16384,3919.48
2048,1024,32,32768,7701.59
2048,1024,32,65536,15331.2
2048,1024,32,131055,30324.5
2048,1024,64,16,491.134
2048,1024,64,32,492.585
2048,1024,64,64,491.241
2048,1024,64,128,518.921
2048,1024,64,256,552.65
2048,1024,64,512,614.121
2048,1024,64,1024,736.563
2048,1024,64,2048,976.819
2048,1024,64,4096,1640.99
2048,1024,64,8192,3974.17
2048,1024,64,16384,9133.46
2048,1024,64,32768,17467.9
2048,1024,64,65536,33187.3
2048,1024,64,131055,66639.7
2048,2048,0,0,441.993
2048,2048,1,16,442.047
2048,2048,1,32,443.508
2048,2048,1,64,445.407
2048,2048,1,128,444.597
2048,2048,1,256,443.466
2048,2048,1,512,445.844
2048,2048,1,1024,446.751
2048,2048,1,2048,452.042
2048,2048,1,4096,462.004
2048,2048,1,8192,559.049
2048,2048,1,16384,737.512
2048,2048,1,32768,1096.26
2048,2048,1,65536,1776.1
2048,2048,1,131055,3157.64
2048,2048,2,16,446.506
2048,2048,2,32,445.834
2048,2048,2,64,445.524
2048,2048,2,128,448.361
2048,2048,2,256,447.179
2048,2048,2,512,448.266
2048,2048,2,1024,452.98
2048,2048,2,2048,460.137
2048,2048,2,4096,480.362
2048,2048,2,8192,593.141
2048,2048,2,16384,798.271
2048,2048,2,32768,1151.45
2048,2048,2,65536,1849.42
2048,2048,2,131055,3238.9
2048,2048,4,16,451.38
2048,2048,4,32,451.626
2048,2048,4,64,450.154
2048,2048,4,128,453.567
2048,2048,4,256,451.903
2048,2048,4,512,456.182
2048,2048,4,1024,465.141
2048,2048,4,2048,480.138
2048,2048,4,4096,517.546
2048,2048,4,8192,650.869
2048,2048,4,16384,906.536
2048,2048,4,32768,1350.72
2048,2048,4,65536,2053.47
2048,2048,4,131055,3466.92
2048,2048,8,16,462.208
2048,2048,8,32,459.487
2048,2048,8,64,461.247
2048,2048,8,128,466.228
2048,2048,8,256,468.244
2048,2048,8,512,474.655
2048,2048,8,1024,492.127
2048,2048,8,2048,520.469
2048,2048,8,4096,589.727
2048,2048,8,8192,779.317
2048,2048,8,16384,1132.4
2048,2048,8,32768,1797.79
2048,2048,8,65536,3252.04
2048,2048,8,131055,6330.09
2048,2048,16,16,479.871
2048,2048,16,32,480.267
2048,2048,16,64,480.768
2048,2048,16,128,486.73
2048,2048,16,256,495.391
2048,2048,16,512,509.876
2048,2048,16,1024,543.732
2048,2048,16,2048,598.89
2048,2048,16,4096,732.233
2048,2048,16,8192,1031.8
2048,2048,16,16384,1659.07
2048,2048,16,32768,3346.79
2048,2048,16,65536,6076.59
2048,2048,16,131055,11634.8
2048,2048,32,16,528.831
2048,2048,32,32,530.527
2048,2048,32,64,530.207
2048,2048,32,128,544.202
2048,2048,32,256,559.498
2048,2048,32,512,589.951
2048,2048,32,1024,651.679
2048,2048,32,2048,770.26
2048,2048,32,4096,1026.58
2048,2048,32,8192,1593.87
2048,2048,32,16384,4566.91
2048,2048,32,32768,8875.95
2048,2048,32,65536,17065.8
2048,2048,32,131055,33752.4
2048,2048,64,16,619.103
2048,2048,64,32,616.574
2048,2048,64,64,623.284
2048,2048,64,128,648.447
2048,2048,64,256,680.681
2048,2048,64,512,743.082
2048,2048,64,1024,866.196
2048,2048,64,2048,1101.82
2048,2048,64,4096,1620.27
2048,2048,64,8192,4772.27
2048,2048,64,16384,10558
2048,2048,64,32768,21050.1
2048,2048,64,65536,39534.8
2048,2048,64,131055,81492.4
2048,4096,0,0,702.953
2048,4096,1,16,703.039
2048,4096,1,32,701.556
2048,4096,1,64,702.026
2048,4096,1,128,701.546
2048,4096,1,256,706.346
2048,4096,1,512,705.973
2048,4096,1,1024,703.54
2048,4096,1,2048,707.412
2048,4096,1,4096,712.703
2048,4096,1,8192,768.607
2048,4096,1,16384,956.372
2048,4096,1,32768,1342.36
2048,4096,1,65536,2022.12
2048,4096,1,131055,3401.26
2048,4096,2,16,705.279
2048,4096,2,32,705.47
2048,4096,2,64,706.643
2048,4096,2,128,704.106
2048,4096,2,256,706.26
2048,4096,2,512,709.715
2048,4096,2,1024,708.319
2048,4096,2,2048,716.66
2048,4096,2,4096,723.807
2048,4096,2,8192,806.015
2048,4096,2,16384,1033.05
2048,4096,2,32768,1412.73
2048,4096,2,65536,2111.06
2048,4096,2,131055,3475.23
2048,4096,4,16,708.767
2048,4096,4,32,709.15
2048,4096,4,64,708.766
2048,4096,4,128,711.817
2048,4096,4,256,712.682
2048,4096,4,512,715.507
2048,4096,4,1024,725.8
2048,4096,4,2048,737.459
2048,4096,4,4096,773.278
2048,4096,4,8192,873.609
2048,4096,4,16384,1146.97
2048,4096,4,32768,1639.13
2048,4096,4,65536,2445.13
2048,4096,4,131055,3848.59
2048,4096,8,16,718.57
2048,4096,8,32,715.913
2048,4096,8,64,716.223
2048,4096,8,128,720.436
2048,4096,8,256,724.714
2048,4096,8,512,733.46
2048,4096,8,1024,747.539
2048,4096,8,2048,777.546
2048,4096,8,4096,833.833
2048,4096,8,8192,1004.35
2048,4096,8,16384,1380.47
2048,4096,8,32768,2069.6
2048,4096,8,65536,3780.41
2048,4096,8,131055,7286.2
2048,4096,16,16,738.985
2048,4096,16,32,733.557
2048,4096,16,64,740.564
2048,4096,16,128,740.575
2048,4096,16,256,752.938
2048,4096,16,512,766.836
2048,4096,16,1024,795.293
2048,4096,16,2048,859.667
2048,4096,16,4096,976.607
2048,4096,16,8192,1262.76
2048,4096,16,16384,1922.67
2048,4096,16,32768,4468.54
2048,4096,16,65536,8323.89
2048,4096,16,131055,15498.5
2048,4096,32,16,783.22
2048,4096,32,32,787.263
2048,4096,32,64,787.69
2048,4096,32,128,798.665
2048,4096,32,256,814.175
2048,4096,32,512,847.23
2048,4096,32,1024,905.076
2048,4096,32,2048,1029.98
2048,4096,32,4096,1262.71
2048,4096,32,8192,1830.18
2048,4096,32,16384,5060.27
2048,4096,32,32768,10501.8
2048,4096,32,65536,20912.7
2048,4096,32,131055,40575.8
2048,4096,64,16,874.931
2048,4096,64,32,874.345
2048,4096,64,64,875.783
2048,4096,64,128,904.35
2048,4096,64,256,938.153
2048,4096,64,512,997.577
2048,4096,64,1024,1123.07
2048,4096,64,2048,1361.5
2048,4096,64,4096,1949.38
2048,4096,64,8192,5367.86
2048,4096,64,16384,11048.3
2048,4096,64,32768,21966.7
2048,4096,64,65536,43544.7
2048,4096,64,131055,86736.2
2048,8192,0,0,1218.87
2048,8192,1,16,1219.59
2048,8192,1,32,1219.28
2048,8192,1,64,1223.15
2048,8192,1,128,1218.63
2048,8192,1,256,1221.94
2048,8192,1,512,1221.36
2048,8192,1,1024,1223.34
2048,8192,1,2048,1221.82
2048,8192,1,4096,1222.06
2048,8192,1,8192,1230.71
2048,8192,1,16384,1376.02
2048,8192,1,32768,1747.62
2048,8192,1,65536,2537.01
2048,8192,1,131055,3888.7
2048,8192,2,16,1216.17
2048,8192,2,32,1217.18
2048,8192,2,64,1222.26
2048,8192,2,128,1221.44
2048,8192,2,256,1224.77
2048,8192,2,512,1225.13
2048,8192,2,1024,1227.36
2048,8192,2,2048,1229.94
2048,8192,2,4096,1236
2048,8192,2,8192,1239.57
2048,8192,2,16384,1500.76
2048,8192,2,32768,1893.87
2048,8192,2,65536,2625.65
2048,8192,2,131055,3974.9
2048,8192,4,16,1225.02
2048,8192,4,32,1220.47
2048,8192,4,64,1224.71
2048,8192,4,128,1226.91
2048,8192,4,256,1225.23
2048,8192,4,512,1235.7
2048,8192,4,1024,1238.12
2048,8192,4,2048,1247.44
2048,8192,4,4096,1268.87
2048,8192,4,8192,1377.17
2048,8192,4,16384,1573.26
2048,8192,4,32768,2095.53
2048,8192,4,65536,3107.1
2048,8192,4,131055,4792.14
2048,8192,8,16,1234.61
2048,8192,8,32,1234.96
2048,8192,8,64,1230.67
2048,8192,8,128,1237.4
2048,8192,8,256,1241.83
2048,8192,8,512,1247.7
2048,8192,8,1024,1255.75
2048,8192,8,2048,1287.11
2048,8192,8,4096,1343.05
2048,8192,8,8192,1434.9
2048,8192,8,16384,1824.59
2048,8192,8,32768,2626.13
2048,8192,8,65536,4132.57
2048,8192,8,131055,8025.83
2048,8192,16,16,1247.12
2048,8192,16,32,1252.2
2048,8192,16,64,1253.11
2048,8192,16,128,1255.24
2048,8192,16,256,1264.38
2048,8192,16,512,1275.83
2048,8192,16,1024,1299.14
2048,8192,16,2048,1361.08
2048,8192,16,4096,1494.25
2048,8192,16,8192,1758.29
2048,8192,16,16384,2353.04
2048,8192,16,32768,4061.08
2048,8192,16,65536,9409.11
2048,8192,16,131055,19161.8
2048,8192,32,16,1303.9
2048,8192,32,32,1301.7
2048,8192,32,64,1301.88
2048,8192,32,128,1313.63
2048,8192,32,256,1322.09
2048,8192,32,512,1354.7
2048,8192,32,1024,1416.47
2048,8192,32,2048,1537.43
2048,8192,32,4096,1772.66
2048,8192,32,8192,2263.59
2048,8192,32,16384,3453.91
2048,8192,32,32768,10788.9
2048,8192,32,65536,21321.1
2048,8192,32,131055,42179.9
2048,8192,64,16,1390.43
2048,8192,64,32,1382.07
2048,8192,64,64,1386.91
2048,8192,64,128,1415.02
2048,8192,64,256,1435.57
2048,8192,64,512,1502.93
2048,8192,64,1024,1633.2
2048,8192,64,2048,1884.07
2048,8192,64,4096,2446.16
2048,8192,64,8192,3960.86
2048,8192,64,16384,10923.1
2048,8192,64,32768,21985.5
2048,8192,64,65536,43857.5
2048,8192,64,131055,87081.5
2048,16384,0,0,2252.13
2048,16384,1,16,2261.18
2048,16384,1,32,2249.62
2048,16384,1,64,2255.1
2048,16384,1,128,2255.51
2048,16384,1,256,2263.89
2048,16384,1,512,2271.16
2048,16384,1,1024,2263.1
2048,16384,1,2048,2268.45
2048,16384,1,4096,2259.23
2048,16384,1,8192,2268.63
2048,16384,1,16384,2271.68
2048,16384,1,32768,2586.43
2048,16384,1,65536,3322.41
2048,16384,1,131055,4899.23
2048,16384,2,16,2267.76
2048,16384,2,32,2267.77
2048,16384,2,64,2254.25
2048,16384,2,128,2255.09
2048,16384,2,256,2261.88
2048,16384,2,512,2250.95
2048,16384,2,1024,2253.08
2048,16384,2,2048,2267.08
2048,16384,2,4096,2277.81
2048,16384,2,8192,2269.03
2048,16384,2,16384,2284.13
2048,16384,2,32768,2887
2048,16384,2,65536,3619.91
2048,16384,2,131055,5036.68
2048,16384,4,16,2264.66
2048,16384,4,32,2261.93
2048,16384,4,64,2252.32
2048,16384,4,128,2267.12
2048,16384,4,256,2268.74
2048,16384,4,512,2268.19
2048,16384,4,1024,2273.19
2048,16384,4,2048,2290.07
2048,16384,4,4096,2298.25
2048,16384,4,8192,2300.69
2048,16384,4,16384,2589.69
2048,16384,4,32768,2972.46
2048,16384,4,65536,4031.03
2048,16384,4,131055,6217.09
2048,16384,8,16,2262.81
2048,16384,8,32,2267.89
2048,16384,8,64,2267.95
2048,16384,8,128,2269.36
2048,16384,8,256,2272.33
2048,16384,8,512,2286.24
2048,16384,8,1024,2305.4
2048,16384,8,2048,2325.4
2048,16384,8,4096,2367.17
2048,16384,8,8192,2476.04
2048,16384,8,16384,2663.64
2048,16384,8,32768,3393.22
2048,16384,8,65536,5189.92
2048,16384,8,131055,9129.91
2048,16384,16,16,2281.79
2048,16384,16,32,2285.11
2048,16384,16,64,2294.08
2048,16384,16,128,2295.16
2048,16384,16,256,2301.94
2048,16384,16,512,2310.43
2048,16384,16,1024,2325.58
2048,16384,16,2048,2399.58
2048,16384,16,4096,2497.12
2048,16384,16,8192,2788.21
2048,16384,16,16384,3392.11
2048,16384,16,32768,4553.53
2048,16384,16,65536,9464.37
2048,16384,16,131055,19216.6
2048,16384,32,16,2342.13
2048,16384,32,32,2333.57
2048,16384,32,64,2349.34
2048,16384,32,128,2346.4
2048,16384,32,256,2364.37
2048,16384,32,512,2390.49
2048,16384,32,1024,2456.5
2048,16384,32,2048,2569.59
2048,16384,32,4096,2807.64
2048,16384,32,8192,3315.47
2048,16384,32,16384,4259.27
2048,16384,32,32768,6730.69
2048,16384,32,65536,21770.4
2048,16384,32,131055,42616.7
2048,16384,64,16,2417.38
2048,16384,64,32,2422.56
2048,16384,64,64,2414.92
2048,16384,64,128,2439.26
2048,16384,64,256,2469.8
2048,16384,64,512,2528.6
2048,16384,64,1024,2638.51
2048,16384,64,2048,2889.99
2048,16384,64,4096,3493.19
2048,16384,64,8192,5677.42
2048,16384,64,16384,10029.4
2048,16384,64,32768,22115.3
2048,16384,64,65536,43879.4
2048,16384,64,131055,87564.6
2048,32768,0,0,4345.71
2048,32768,1,16,4332.43
2048,32768,1,32,4333.19
2048,32768,1,64,4330.31
2048,32768,1,128,4326.29
2048,32768,1,256,4328.92
2048,32768,1,512,4349.54
2048,32768,1,1024,4355.56
2048,32768,1,2048,4353.28
2048,32768,1,4096,4354.88
2048,32768,1,8192,4335.37
2048,32768,1,16384,4341.84
2048,32768,1,32768,4356.97
2048,32768,1,65536,5033.29
2048,32768,1,131055,6421.8
2048,32768,2,16,4347.02
2048,32768,2,32,4333.95
2048,32768,2,64,4333.68
2048,32768,2,128,4330.33
2048,32768,2,256,4353.57
2048,32768,2,512,4347.27
2048,32768,2,1024,4326.36
2048,32768,2,2048,4359.17
2048,32768,2,4096,4355.26
2048,32768,2,8192,4355.15
2048,32768,2,16384,4345.09
2048,32768,2,32768,4375.11
2048,32768,2,65536,5698.62
2048,32768,2,131055,7171.21
2048,32768,4,16,4335.37
2048,32768,4,32,4356.39
2048,32768,4,64,4355.23
2048,32768,4,128,4350.61
2048,32768,4,256,4343.54
2048,32768,4,512,4335.03
2048,32768,4,1024,4359.08
2048,32768,4,2048,4363.83
2048,32768,4,4096,4381.95
2048,32768,4,8192,4384.41
2048,32768,4,16384,4414.34
2048,32768,4,32768,5035.58
2048,32768,4,65536,5807.04
2048,32768,4,131055,7992.45
2048,32768,8,16,4345.54
2048,32768,8,32,4351.89
2048,32768,8,64,4345.1
2048,32768,8,128,4360.41
2048,32768,8,256,4361.32
2048,32768,8,512,4357.49
2048,32768,8,1024,4378.31
2048,32768,8,2048,4403.86
2048,32768,8,4096,4458.02
2048,32768,8,8192,4531.06
2048,32768,8,16384,4741.06
2048,32768,8,32768,5135.65
2048,32768,8,65536,6610.69
2048,32768,8,131055,10297.3
2048,32768,16,16,4362.66
2048,32768,16,32,4362.57
2048,32768,16,64,4359.83
2048,32768,16,128,4361.2
2048,32768,16,256,4386.62
2048,32768,16,512,4371.44
2048,32768,16,1024,4421.09
2048,32768,16,2048,4450.77
2048,32768,16,4096,4559.75
2048,32768,16,8192,4784.62
2048,32768,16,16384,5426.14
2048,32768,16,32768,6582.34
2048,32768,16,65536,8945.38
2048,32768,16,131055,20015.4
2048,32768,32,16,4432.52
2048,32768,32,32,4438.83
2048,32768,32,64,4437.98
2048,32768,32,128,4415.8
2048,32768,32,256,4447.9
2048,32768,32,512,4475.64
2048,32768,32,1024,4529.24
2048,32768,32,2048,4634.51
2048,32768,32,4096,4890.13
2048,32768,32,8192,5418.47
2048,32768,32,16384,6407.72
2048,32768,32,32768,9486.43
2048,32768,32,65536,20734.9
2048,32768,32,131055,43580.4
2048,32768,64,16,4512.57
2048,32768,64,32,4501.78
2048,32768,64,64,4495.69
2048,32768,64,128,4540.75
2048,32768,64,256,4560.86
2048,32768,64,512,4625.81
2048,32768,64,1024,4721.7
2048,32768,64,2048,4947.2
2048,32768,64,4096,5534.19
2048,32768,64,8192,6905.08
2048,32768,64,16384,11390.9
2048,32768,64,32768,21263.8
2048,32768,64,65536,44217.1
2048,32768,64,131055,87682.7
2048,65536,0,0,8573.6
2048,65536,1,16,8587.52
2048,65536,1,32,8573.48
2048,65536,1,64,8590.59
2048,65536,1,128,8582.55
2048,65536,1,256,8587.51
2048,65536,1,512,8591.21
2048,65536,1,1024,8589.9
2048,65536,1,2048,8587.85
2048,65536,1,4096,8605.31
2048,65536,1,8192,8595.91
2048,65536,1,16384,8607.02
2048,65536,1,32768,8596.94
2048,65536,1,65536,8633.68
2048,65536,1,131055,10079.8
2048,65536,2,16,8594.34
2048,65536,2,32,8600.15
2048,65536,2,64,8586.66
2048,65536,2,128,8596.69
2048,65536,2,256,8597.73
2048,65536,2,512,8595.62
2048,65536,2,1024,8603.93
2048,65536,2,2048,8613.42
2048,65536,2,4096,8601.01
2048,65536,2,8192,8608.79
2048,65536,2,16384,8625.26
2048,65536,2,32768,8622.19
2048,65536,2,65536,8695.24
2048,65536,2,131055,11477
2048,65536,4,16,8593.76
2048,65536,4,32,8599.49
2048,65536,4,64,8584.26
2048,65536,4,128,8594.35
2048,65536,4,256,8601.85
2048,65536,4,512,8597.21
2048,65536,4,1024,8605
2048,65536,4,2048,8610.64
2048,65536,4,4096,8632.94
2048,65536,4,8192,8639.19
2048,65536,4,16384,8639.78
2048,65536,4,32768,8745.96
2048,65536,4,65536,10090.3
2048,65536,4,131055,11570.4
2048,65536,8,16,8588.33
2048,65536,8,32,8590.41
2048,65536,8,64,8606.29
2048,65536,8,128,8613.58
2048,65536,8,256,8609.82
2048,65536,8,512,8610.61
2048,65536,8,1024,8637.69
2048,65536,8,2048,8635.29
2048,65536,8,4096,8686.92
2048,65536,8,8192,8789.45
2048,65536,8,16384,9002.51
2048,65536,8,32768,9428.61
2048,65536,8,65536,10184.4
2048,65536,8,131055,13109
2048,65536,16,16,8614.67
2048,65536,16,32,8620.73
2048,65536,16,64,8617.54
2048,65536,16,128,8614.17
2048,65536,16,256,8619.8
2048,65536,16,512,8637.17
2048,65536,16,1024,8659.73
2048,65536,16,2048,8717.3
2048,65536,16,4096,8790.88
2048,65536,16,8192,9016.26
2048,65536,16,16384,9443.47
2048,65536,16,32768,10790.4
2048,65536,16,65536,13097.6
2048,65536,16,131055,21816.4
2048,65536,32,16,8672.19
2048,65536,32,32,8667.31
2048,65536,32,64,8674.03
2048,65536,32,128,8674.38
2048,65536,32,256,8709.53
2048,65536,32,512,8718.66
2048,65536,32,1024,8759.64
2048,65536,32,2048,8893.04
2048,65536,32,4096,9121.33
2048,65536,32,8192,9642.1
2048,65536,32,16384,10686.6
2048,65536,32,32768,12623.4
2048,65536,32,65536,22575.6
2048,65536,32,131055,43704.6
2048,65536,64,16,8748.18
2048,65536,64,32,8750.11
2048,65536,64,64,8740.8
2048,65536,64,128,8772.85
2048,65536,64,256,8801.25
2048,65536,64,512,8851.26
2048,65536,64,1024,8963.92
2048,65536,64,2048,9202.54
2048,65536,64,4096,9741.54
2048,65536,64,8192,10901.8
2048,65536,64,16384,13881.2
2048,65536,64,32768,22968.7
2048,65536,64,65536,43785.3
2048,65536,64,131055,88501.5
4096,0,0,0,603.626
4096,0,1,16,606.879
4096,0,1,32,606.699
4096,0,1,64,606.805
4096,0,1,128,609.045
4096,0,1,256,610.527
4096,0,1,512,609.29
4096,0,1,1024,611.199
4096,0,1,2048,617.227
4096,0,1,4096,622.997
4096,0,1,8192,722.826
4096,0,1,16384,912.202
4096,0,1,32768,1264.4
4096,0,1,65536,1960.83
4096,0,1,131055,3322.24
4096,0,2,16,614.228
4096,0,2,32,611.892
4096,0,2,64,610.143
4096,0,2,128,613.535
4096,0,2,256,613.258
4096,0,2,512,615.904
4096,0,2,1024,618.133
4096,0,2,2048,628.384
4096,0,2,4096,648.062
4096,0,2,8192,755.103
4096,0,2,16384,971.646
4096,0,2,32768,1347.4
4096,0,2,65536,2037.92
4096,0,2,131055,3411.7
4096,0,4,16,620.128
4096,0,4,32,619.509
4096,0,4,64,620.149
4096,0,4,128,621.812
4096,0,4,256,625.183
4096,0,4,512,629.738
4096,0,4,1024,634.709
4096,0,4,2048,646.421
4096,0,4,4096,689.738
4096,0,4,8192,827.86
4096,0,4,16384,1083.37
4096,0,4,32768,1567.56
4096,0,4,65536,2303.52
4096,0,4,131055,3734
4096,0,8,16,639.69
4096,0,8,32,640.053
4096,0,8,64,638.73
4096,0,8,128,636.991
4096,0,8,256,640.821
4096,0,8,512,654.9
4096,0,8,1024,666.687
4096,0,8,2048,700.042
4096,0,8,4096,769.333
4096,0,8,8192,962.228
4096,0,8,16384,1326.57
4096,0,8,32768,2013.2
4096,0,8,65536,3537.64
4096,0,8,131055,6739.59
4096,0,16,16,674.996
4096,0,16,32,675.722
4096,0,16,64,675.914
4096,0,16,128,684.512
4096,0,16,256,694.356
4096,0,16,512,709.706
4096,0,16,1024,737.77
4096,0,16,2048,796.18
4096,0,16,4096,925.919
4096,0,16,8192,1235.38
4096,0,16,16384,1886.28
4096,0,16,32768,4159.65
4096,0,16,65536,7610.9
4096,0,16,131055,14476.3
4096,0,32,16,751.359
4096,0,32,32,749.322
4096,0,32,64,748.063
4096,0,32,128,764.767
4096,0,32,256,779.647
4096,0,32,512,812.106
4096,0,32,1024,873.098
4096,0,32,2048,990.292
4096,0,32,4096,1239.25
4096,0,32,8192,1802.11
4096,0,32,16384,5106.42
4096,0,32,32768,10116.6
4096,0,32,65536,19635
4096,0,32,131055,38932.7
4096,0,64,16,905.566
4096,0,64,32,907.146
4096,0,64,64,910.121
4096,0,64,128,932.65
4096,0,64,256,965.043
4096,0,64,512,1028.05
4096,0,64,1024,1151.12
4096,0,64,2048,1383.81
4096,0,64,4096,1934.17
4096,0,64,8192,5658.85
4096,0,64,16384,11096.8
4096,0,64,32768,21953.3
4096,0,64,65536,43502.7
4096,0,64,131055,86562.2
4096,16,0,0,619.455
4096,16,1,16,619.264
4096,16,1,32,624.062
4096,16,1,64,622.368
4096,16,1,128,623.103
4096,16,1,256,622.687
4096,16,1,512,625.056
4096,16,1,1024,628.084
4096,16,1,2048,627.989
4096,16,1,4096,638.122
4096,16,1,8192,734.421
4096,16,1,16384,930.112
4096,16,1,32768,1285.41
4096,16,1,65536,1979.37
4096,16,1,131055,3328.93
4096,16,2,16,629.333
4096,16,2,32,626.197
4096,16,2,64,627.956
4096,16,2,128,627.477
4096,16,2,256,628.02
4096,16,2,512,630.816
4096,16,2,1024,632.767
4096,16,2,2048,644.095
4096,16,2,4096,661.919
4096,16,2,8192,773.194
4096,16,2,16384,983.636
4096,16,2,32768,1370.27
4096,16,2,65536,2066.51
4096,16,2,131055,3436.91
4096,16,4,16,632.575
4096,16,4,32,635.659
4096,16,4,64,637.13
4096,16,4,128,637.536
4096,16,4,256,638.698
4096,16,4,512,641.3
4096,16,4,1024,651.37
4096,16,4,2048,666.708
4096,16,4,4096,703.968
4096,16,4,8192,839.946
4096,16,4,16384,1099.93
4096,16,4,32768,1591.42
4096,16,4,65536,2341.1
4096,16,4,131055,3751.55
4096,16,8,16,652.383
4096,16,8,32,654.217
4096,16,8,64,652.021
4096,16,8,128,656.34
4096,16,8,256,661.226
4096,16,8,512,668.927
4096,16,8,1024,682.836
4096,16,8,2048,714.623
4096,16,8,4096,783.476
4096,16,8,8192,975.658
4096,16,8,16384,1339.01
4096,16,8,32768,2023.73
4096,16,8,65536,3607.59
4096,16,8,131055,6851.03
4096,16,16,16,692.127
4096,16,16,32,691.476
4096,16,16,64,689.759
4096,16,16,128,701.44
4096,16,16,256,709.098
4096,16,16,512,724.042
4096,16,16,1024,755.242
4096,16,16,2048,813.482
4096,16,16,4096,944.256
4096,16,16,8192,1253.31
4096,16,16,16384,1902.78
4096,16,16,32768,4197.6
4096,16,16,65536,7701.57
4096,16,16,131055,14586.7
4096,16,32,16,764.596
4096,16,32,32,764.851
4096,16,32,64,767.551
4096,16,32,128,779.604
4096,16,32,256,790.046
4096,16,32,512,823.797
4096,16,32,1024,888.042
4096,16,32,2048,1003.57
4096,16,32,4096,1259.78
4096,16,32,8192,1822.94
4096,16,32,16384,5146.77
4096,16,32,32768,10160.5
4096,16,32,65536,19715
4096,16,32,131055,39103.2
4096,16,64,16,921.951
4096,16,64,32,922.197
4096,16,64,64,922.452
4096,16,64,128,958.335
4096,16,64,256,987.156
4096,16,64,512,1043.63
4096,16,64,1024,1166.39
4096,16,64,2048,1408.86
4096,16,64,4096,1943.27
4096,16,64,8192,5649.89
4096,16,64,16384,11103.9
4096,16,64,32768,21965.3
4096,16,64,65536,43467.4
4096,16,64,131055,86682
4096,32,0,0,619.999
4096,32,1,16,621.887
4096,32,1,32,622.228
4096,32,1,64,625.269
4096,32,1,128,623.06
4096,32,1,256,619.647
4096,32,1,512,625.792
4096,32,1,1024,627.924
4096,32,1,2048,631.071
4096,32,1,4096,640.34
4096,32,1,8192,738.474
4096,32,1,16384,929.716
4096,32,1,32768,1288.88
4096,32,1,65536,1970.24
4096,32,1,131055,3326.62
4096,32,2,16,628.629
4096,32,2,32,627.764
4096,32,2,64,628.661
4096,32,2,128,627.434
4096,32,2,256,628.17
4096,32,2,512,632.042
4096,32,2,1024,633.343
4096,32,2,2048,641.909
4096,32,2,4096,661.141
4096,32,2,8192,774.09
4096,32,2,16384,983.466
4096,32,2,32768,1363.53
4096,32,2,65536,2043.84
4096,32,2,131055,3431.67
4096,32,4,16,635.21
4096,32,4,32,635.049
4096,32,4,64,635.946
4096,32,4,128,637.738
4096,32,4,256,639.434
4096,32,4,512,644.692
4096,32,4,1024,651.732
4096,32,4,2048,666.56
4096,32,4,4096,700.959
4096,32,4,8192,836.895
4096,32,4,16384,1091.5
4096,32,4,32768,1585.31
4096,32,4,65536,2343.26
4096,32,4,131055,3749
4096,32,8,16,651.413
4096,32,8,32,655.029
4096,32,8,64,652.169
4096,32,8,128,657.108
4096,32,8,256,662.238
4096,32,8,512,668.661
4096,32,8,1024,684.052
4096,32,8,2048,714.281
4096,32,8,4096,781.482
4096,32,8,8192,976.831
4096,32,8,16384,1344.98
4096,32,8,32768,2033.03
4096,32,8,65536,3644.18
4096,32,8,131055,6791.51
4096,32,16,16,689.289
4096,32,16,32,692.16
4096,32,16,64,691.711
4096,32,16,128,698.421
4096,32,16,256,706.111
4096,32,16,512,725.002
4096,32,16,1024,753.94
4096,32,16,2048,815.274
4096,32,16,4096,943.391
4096,32,16,8192,1249.34
4096,32,16,16384,1903.34
4096,32,16,32768,4247.81
4096,32,16,65536,7802.84
4096,32,16,131055,15317.1
4096,32,32,16,766.08
4096,32,32,32,762.997
4096,32,32,64,764.042
4096,32,32,128,781.14
4096,32,32,256,797.93
4096,32,32,512,826.836
4096,32,32,1024,888.831
4096,32,32,2048,1003.31
4096,32,32,4096,1261.83
4096,32,32,8192,1819.24
4096,32,32,16384,5163.51
4096,32,32,32768,10164.9
4096,32,32,65536,19728.4
4096,32,32,131055,39056.8
4096,32,64,16,919.284
4096,32,64,32,919.188
4096,32,64,64,927.721
4096,32,64,128,951.262
4096,32,64,256,985.961
4096,32,64,512,1049
4096,32,64,1024,1166.72
4096,32,64,2048,1404.78
4096,32,64,4096,1957.77
4096,32,64,8192,5656.55
4096,32,64,16384,11108.4
4096,32,64,32768,21978.8
4096,32,64,65536,43471.8
4096,32,64,131055,86612.5
4096,64,0,0,619.562
4096,64,1,16,623.647
4096,64,1,32,620.34
4096,64,1,64,624.031
4096,64,1,128,625.567
4096,64,1,256,622.154
4096,64,1,512,623.497
4096,64,1,1024,626.751
4096,64,1,2048,628.799
4096,64,1,4096,638.645
4096,64,1,8192,736.66
4096,64,1,16384,924.873
4096,64,1,32768,1283.57
4096,64,1,65536,1960.08
4096,64,1,131055,3336.29
4096,64,2,16,626.1
4096,64,2,32,629.108
4096,64,2,64,626.421
4096,64,2,128,630.016
4096,64,2,256,628.735
4096,64,2,512,629.994
4096,64,2,1024,635.892
4096,64,2,2048,640.65
4096,64,2,4096,660.416
4096,64,2,8192,773.962
4096,64,2,16384,986.954
4096,64,2,32768,1368.38
4096,64,2,65536,2057.74
4096,64,2,131055,3423.91
4096,64,4,16,632.49
4096,64,4,32,635.242
4096,64,4,64,635.626
4096,64,4,128,638.271
4096,64,4,256,639.551
4096,64,4,512,644.032
4096,64,4,1024,650.335
4096,64,4,2048,669.471
4096,64,4,4096,701.716
4096,64,4,8192,841.546
4096,64,4,16384,1098.03
4096,64,4,32768,1586.11
4096,64,4,65536,2345.76
4096,64,4,131055,3779.35
4096,64,8,16,652.575
4096,64,8,32,653.333
4096,64,8,64,653.045
4096,64,8,128,658.431
4096,64,8,256,661.354
4096,64,8,512,670.164
4096,64,8,1024,682.826
4096,64,8,2048,716.106
4096,64,8,4096,784.287
4096,64,8,8192,971.999
4096,64,8,16384,1338.22
4096,64,8,32768,2041.91
4096,64,8,65536,3602.65
4096,64,8,131055,6798.38
4096,64,16,16,690.132
4096,64,16,32,690.986
4096,64,16,64,691.509
4096,64,16,128,699.146
4096,64,16,256,706.944
4096,64,16,512,725.535
4096,64,16,1024,753.962
4096,64,16,2048,813.428
4096,64,16,4096,942.953
4096,64,16,8192,1252.89
4096,64,16,16384,1903.21
4096,64,16,32768,4251.87
4096,64,16,65536,7827.31
4096,64,16,131055,15166.9
4096,64,32,16,767.668
4096,64,32,32,768.276
4096,64,32,64,764.415
4096,64,32,128,780.65
4096,64,32,256,794.431
4096,64,32,512,825.728
4096,64,32,1024,885.418
4096,64,32,2048,1004.17
4096,64,32,4096,1263.7
4096,64,32,8192,1822.34
4096,64,32,16384,5143.9
4096,64,32,32768,10152
4096,64,32,65536,19696.3
4096,64,32,131055,38964.2
4096,64,64,16,923.7
4096,64,64,32,924.692
4096,64,64,64,923.678
4096,64,64,128,954.879
4096,64,64,256,980.724
4096,64,64,512,1047.03
4096,64,64,1024,1165.58
4096,64,64,2048,1400.21
4096,64,64,4096,1950.79
4096,64,64,8192,5658.18
4096,64,64,16384,11091.5
4096,64,64,32768,21971.5
4096,64,64,65536,43464.9
4096,64,64,131055,86637.8
4096,128,0,0,634.24
4096,128,1,16,636.639
4096,128,1,32,635.018
4096,128,1,64,638.068
4096,128,1,128,639.498
4096,128,1,256,640.693
4096,128,1,512,638.132
4096,128,1,1024,640.352
4096,128,1,2048,646.239
4096,128,1,4096,653.983
4096,128,1,8192,753.694
4096,128,1,16384,943.156
4096,128,1,32768,1297.15
4096,128,1,65536,1990.3
4096,128,1,131055,3349.55
4096,128,2,16,643.029
4096,128,2,32,644.244
4096,128,2,64,643.807
4096,128,2,128,642.559
4096,128,2,256,646.282
4096,128,2,512,648.362
4096,128,2,1024,650.005
4096,128,2,2048,656.522
4096,128,2,4096,671.776
4096,128,2,8192,788.404
4096,128,2,16384,999.231
4096,128,2,32768,1383.55
4096,128,2,65536,2065.37
4096,128,2,131055,3438.53
4096,128,4,16,652.66
4096,128,4,32,648.948
4096,128,4,64,649.813
4096,128,4,128,653.215
4096,128,4,256,654.635
4096,128,4,512,657.962
4096,128,4,1024,664.756
4096,128,4,2048,677.504
4096,128,4,4096,715.006
4096,128,4,8192,853.899
4096,128,4,16384,1114.56
4096,128,4,32768,1611.22
4096,128,4,65536,2363.19
4096,128,4,131055,3789.8
4096,128,8,16,670.026
4096,128,8,32,667.552
4096,128,8,64,669.066
4096,128,8,128,671.339
4096,128,8,256,675.829
4096,128,8,512,684.288
4096,128,8,1024,697.129
4096,128,8,2048,729.589
4096,128,8,4096,799.21
4096,128,8,8192,991.881
4096,128,8,16384,1348.94
4096,128,8,32768,2051.9
4096,128,8,65536,3730.42
4096,128,8,131055,6866.96
4096,128,16,16,705.983
4096,128,16,32,708.49
4096,128,16,64,708.18
4096,128,16,128,712.746
4096,128,16,256,723.839
4096,128,16,512,739.541
4096,128,16,1024,770.196
4096,128,16,2048,827.892
4096,128,16,4096,957.951
4096,128,16,8192,1267.17
4096,128,16,16384,1918.66
4096,128,16,32768,4259.64
4096,128,16,65536,8155.32
4096,128,16,131055,15071.8
4096,128,32,16,780.842
4096,128,32,32,780.01
4096,128,32,64,781.344
4096,128,32,128,797.46
4096,128,32,256,810.762
4096,128,32,512,842.09
4096,128,32,1024,903.859
4096,128,32,2048,1018.61
4096,128,32,4096,1279.34
4096,128,32,8192,1835.64
4096,128,32,16384,5213.91
4096,128,32,32768,10218.9
4096,128,32,65536,19845.4
4096,128,32,131055,39049.7
4096,128,64,16,939.487
4096,128,64,32,938.047
4096,128,64,64,937.972
4096,128,64,128,967.987
4096,128,64,256,1000.93
4096,128,64,512,1063.04
4096,128,64,1024,1181.72
4096,128,64,2048,1421.57
4096,128,64,4096,1970.53
4096,128,64,8192,5658.13
4096,128,64,16384,11103.7
4096,128,64,32768,21998.3
4096,128,64,65536,43531.3
4096,128,64,131055,86648.4
4096,256,0,0,662.239
4096,256,1,16,670.751
4096,256,1,32,668.469
4096,256,1,64,669.514
4096,256,1,128,670.633
4096,256,1,256,665.215
4096,256,1,512,668.639
4096,256,1,1024,672.34
4096,256,1,2048,678.495
4096,256,1,4096,683.05
4096,256,1,8192,777.727
4096,256,1,16384,973.215
4096,256,1,32768,1324.63
4096,256,1,65536,2011.89
4096,256,1,131055,3404.54
4096,256,2,16,674.922
4096,256,2,32,672.874
4096,256,2,64,673.12
4096,256,2,128,673.589
4096,256,2,256,674.57
4096,256,2,512,675.839
4096,256,2,1024,682.772
4096,256,2,2048,690.228
4096,256,2,4096,704.863
4096,256,2,8192,814.656
4096,256,2,16384,1032.44
4096,256,2,32768,1417.89
4096,256,2,65536,2099.92
4096,256,2,131055,3492.7
4096,256,4,16,678.836
4096,256,4,32,680.223
4096,256,4,64,678.879
4096,256,4,128,681.578
4096,256,4,256,684.969
4096,256,4,512,690.495
4096,256,4,1024,698.186
4096,256,4,2048,713.769
4096,256,4,4096,744.319
4096,256,4,8192,882.25
4096,256,4,16384,1142.88
4096,256,4,32768,1631.45
4096,256,4,65536,2411.62
4096,256,4,131055,3826.47
4096,256,8,16,700.446
4096,256,8,32,698.335
4096,256,8,64,699.987
4096,256,8,128,702.208
4096,256,8,256,705.365
4096,256,8,512,716.255
4096,256,8,1024,732.436
4096,256,8,2048,759.551
4096,256,8,4096,823.924
4096,256,8,8192,1018.42
4096,256,8,16384,1388.48
4096,256,8,32768,2085.07
4096,256,8,65536,3738.34
4096,256,8,131055,7103.23
4096,256,16,16,737.077
4096,256,16,32,737.728
4096,256,16,64,737.674
4096,256,16,128,743.86
4096,256,16,256,755.55
4096,256,16,512,772.435
4096,256,16,1024,798.654
4096,256,16,2048,860.618
4096,256,16,4096,988.735
4096,256,16,8192,1294.57
4096,256,16,16384,1949.79
4096,256,16,32768,4160.45
4096,256,16,65536,8334.12
4096,256,16,131055,15989.7
4096,256,32,16,810.153
4096,256,32,32,811.839
4096,256,32,64,811.05
4096,256,32,128,823.764
4096,256,32,256,841.236
4096,256,32,512,874.516
4096,256,32,1024,934.474
4096,256,32,2048,1048.03
4096,256,32,4096,1309.07
4096,256,32,8192,1857.26
4096,256,32,16384,5213.58
4096,256,32,32768,10213.6
4096,256,32,65536,19993.7
4096,256,32,131055,39411
4096,256,64,16,966.313
4096,256,64,32,969.108
4096,256,64,64,972.596
4096,256,64,128,997.407
4096,256,64,256,1029.72
4096,256,64,512,1090.75
4096,256,64,1024,1210.27
4096,256,64,2048,1443
4096,256,64,4096,2002.95
4096,256,64,8192,5666.57
4096,256,64,16384,11115.9
4096,256,64,32768,22002
4096,256,64,65536,43529.3
4096,256,64,131055,86720.5
4096,512,0,0,726.24
4096,512,1,16,731.071
4096,512,1,32,729.898
4096,512,1,64,731.178
4096,512,1,128,728.682
4096,512,1,256,732.895
4096,512,1,512,733.823
4096,512,1,1024,733.962
4096,512,1,2048,738.474
4096,512,1,4096,747.168
4096,512,1,8192,839.21
4096,512,1,16384,1031.74
4096,512,1,32768,1389.78
4096,512,1,65536,2065.28
4096,512,1,131055,3442.02
4096,512,2,16,734.207
4096,512,2,32,734.975
4096,512,2,64,733.439
4096,512,2,128,733.056
4096,512,2,256,734.943
4096,512,2,512,737.024
4096,512,2,1024,746.346
4096,512,2,2048,749.546
4096,512,2,4096,761.673
4096,512,2,8192,873.704
4096,512,2,16384,1090.61
4096,512,2,32768,1487.43
4096,512,2,65536,2181.84
4096,512,2,131055,3571.63
4096,512,4,16,741.119
4096,512,4,32,744.084
4096,512,4,64,745.407
4096,512,4,128,744.586
4096,512,4,256,744.831
4096,512,4,512,749.141
4096,512,4,1024,757.363
4096,512,4,2048,773.823
4096,512,4,4096,803.21
4096,512,4,8192,936.596
4096,512,4,16384,1206.84
4096,512,4,32768,1696.46
4096,512,4,65536,2524.72
4096,512,4,131055,3934.06
4096,512,8,16,758.569
4096,512,8,32,759.508
4096,512,8,64,758.761
4096,512,8,128,765.417
4096,512,8,256,765.749
4096,512,8,512,777.534
4096,512,8,1024,792.554
4096,512,8,2048,820.873
4096,512,8,4096,882.44
4096,512,8,8192,1078.2
4096,512,8,16384,1450.05
4096,512,8,32768,2150.38
4096,512,8,65536,3798.82
4096,512,8,131055,7245.93
4096,512,16,16,796.063
4096,512,16,32,800.842
4096,512,16,64,801.609
4096,512,16,128,803.476
4096,512,16,256,814.474
4096,512,16,512,830.452
4096,512,16,1024,858.623
4096,512,16,2048,923.145
4096,512,16,4096,1050.14
4096,512,16,8192,1347.13
4096,512,16,16384,2020.9
4096,512,16,32768,4534.16
4096,512,16,65536,8777.43
4096,512,16,131055,16858.7
4096,512,32,16,866.185
4096,512,32,32,869.439
4096,512,32,64,872.041
4096,512,32,128,886.196
4096,512,32,256,901.535
4096,512,32,512,931.604
4096,512,32,1024,992.979
4096,512,32,2048,1110.6
4096,512,32,4096,1362.92
4096,512,32,8192,1937.81
4096,512,32,16384,5267.54
4096,512,32,32768,10260.6
4096,512,32,65536,20093.3
4096,512,32,131055,39675.8
4096,512,64,16,1029.14
4096,512,64,32,1030.88
4096,512,64,64,1032.6
4096,512,64,128,1059.1
4096,512,64,256,1089.69
4096,512,64,512,1148.68
4096,512,64,1024,1271.97
4096,512,64,2048,1509.3
4096,512,64,4096,2078.56
4096,512,64,8192,5681.85
4096,512,64,16384,11119.8
4096,512,64,32768,22024.4
4096,512,64,65536,43560.5
4096,512,64,131055,86774.3
4096,1024,0,0,850.751
4096,1024,1,16,853.044
4096,1024,1,32,851.423
4096,1024,1,64,854.985
4096,1024,1,128,854.43
4096,1024,1,256,851.849
4096,1024,1,512,856.148
4096,1024,1,1024,857.214
4096,1024,1,2048,863.518
4096,1024,1,4096,868.266
4096,1024,1,8192,952.244
4096,1024,1,16384,1146.4
4096,1024,1,32768,1510.26
4096,1024,1,65536,2202.26
4096,1024,1,131055,3584.12
4096,1024,2,16,860.533
4096,1024,2,32,859.647
4096,1024,2,64,858.026
4096,1024,2,128,860.201
4096,1024,2,256,856.638
4096,1024,2,512,864.115
4096,1024,2,1024,864.842
4096,1024,2,2048,872.181
4096,1024,2,4096,886.037
4096,1024,2,8192,988.638
4096,1024,2,16384,1203.91
4096,1024,2,32768,1606.93
4096,1024,2,65536,2312.69
4096,1024,2,131055,3685.92
4096,1024,4,16,867.253
4096,1024,4,32,867.156
4096,1024,4,64,865.578
4096,1024,4,128,865.035
4096,1024,4,256,869.375
4096,1024,4,512,868.372
4096,1024,4,1024,879.497
4096,1024,4,2048,898.698
4096,1024,4,4096,927.348
4096,1024,4,8192,1056.03
4096,1024,4,16384,1325.96
4096,1024,4,32768,1824.51
4096,1024,4,65536,2705.87
4096,1024,4,131055,4215.3
4096,1024,8,16,883.017
4096,1024,8,32,884.532
4096,1024,8,64,878.378
4096,1024,8,128,885.481
4096,1024,8,256,890.645
4096,1024,8,512,897.407
4096,1024,8,1024,915.327
4096,1024,8,2048,947.38
4096,1024,8,4096,1005.24
4096,1024,8,8192,1193.36
4096,1024,8,16384,1566.68
4096,1024,8,32768,2299.79
4096,1024,8,65536,4083.08
4096,1024,8,131055,7699.97
4096,1024,16,16,919.113
4096,1024,16,32,917.823
4096,1024,16,64,917.801
4096,1024,16,128,929.673
4096,1024,16,256,934.058
4096,1024,16,512,951.305
4096,1024,16,1024,984.372
4096,1024,16,2048,1046.13
4096,1024,16,4096,1161.13
4096,1024,16,8192,1474.03
4096,1024,16,16384,2113.94
4096,1024,16,32768,5003.05
4096,1024,16,65536,9551.1
4096,1024,16,131055,18160
4096,1024,32,16,993.813
4096,1024,32,32,990.357
4096,1024,32,64,991.125
4096,1024,32,128,1007.21
4096,1024,32,256,1024.14
4096,1024,32,512,1047.08
4096,1024,32,1024,1118.17
4096,1024,32,2048,1235.22
4096,1024,32,4096,1482.32
4096,1024,32,8192,2071.84
4096,1024,32,16384,5312.96
4096,1024,32,32768,10574.4
4096,1024,32,65536,20721.6
4096,1024,32,131055,41290.3
4096,1024,64,16,1157.18
4096,1024,64,32,1151.2
4096,1024,64,64,1150.56
4096,1024,64,128,1182.15
4096,1024,64,256,1216.16
4096,1024,64,512,1272.52
4096,1024,64,1024,1396.89
4096,1024,64,2048,1637.24
4096,1024,64,4096,2225.58
4096,1024,64,8192,5750.1
4096,1024,64,16384,11300.1
4096,1024,64,32768,22273.8
4096,1024,64,65536,43916.4
4096,1024,64,131055,87601.5
4096,2048,0,0,1092
4096,2048,1,16,1101.77
4096,2048,1,32,1102.08
4096,2048,1,64,1102.47
4096,2048,1,128,1095.63
4096,2048,1,256,1098.57
4096,2048,1,512,1102.31
4096,2048,1,1024,1099.52
4096,2048,1,2048,1108.27
4096,2048,1,4096,1112.53
4096,2048,1,8192,1177.6
4096,2048,1,16384,1368.15
4096,2048,1,32768,1746.43
4096,2048,1,65536,2456.01
4096,2048,1,131055,3822.13
4096,2048,2,16,1108.31
4096,2048,2,32,1102.66
4096,2048,2,64,1100
4096,2048,2,128,1106.37
4096,2048,2,256,1105.72
4096,2048,2,512,1108.77
4096,2048,2,1024,1111.52
4096,2048,2,2048,1121.26
4096,2048,2,4096,1136.61
4096,2048,2,8192,1215.44
4096,2048,2,16384,1427.7
4096,2048,2,32768,1860.09
4096,2048,2,65536,2583.72
4096,2048,2,131055,4004.86
4096,2048,4,16,1109.69
4096,2048,4,32,1108.01
4096,2048,4,64,1112.64
4096,2048,4,128,1117.02
4096,2048,4,256,1118.57
4096,2048,4,512,1121.1
4096,2048,4,1024,1124.92
4096,2048,4,2048,1142.42
4096,2048,4,4096,1173.66
4096,2048,4,8192,1286.06
4096,2048,4,16384,1549
4096,2048,4,32768,2063.22
4096,2048,4,65536,3030.79
4096,2048,4,131055,4562.03
4096,2048,8,16,1128.33
4096,2048,8,32,1128.56
4096,2048,8,64,1131.4
4096,2048,8,128,1130.96
4096,2048,8,256,1134.06
4096,2048,8,512,1140.4
4096,2048,8,1024,1160.94
4096,2048,8,2048,1188.92
4096,2048,8,4096,1249.2
4096,2048,8,8192,1420.5
4096,2048,8,16384,1802.57
4096,2048,8,32768,2540.66
4096,2048,8,65536,4455.62
4096,2048,8,131055,8670.24
4096,2048,16,16,1167.51
4096,2048,16,32,1162.04
4096,2048,16,64,1169.27
4096,2048,16,128,1178.16
4096,2048,16,256,1184.13
4096,2048,16,512,1195.76
4096,2048,16,1024,1229.68
4096,2048,16,2048,1291.32
4096,2048,16,4096,1408.22
4096,2048,16,8192,1705.11
4096,2048,16,16384,2344.41
4096,2048,16,32768,4858.1
4096,2048,16,65536,10114.6
4096,2048,16,131055,19792.8
4096,2048,32,16,1234.76
4096,2048,32,32,1236.96
4096,2048,32,64,1238.03
4096,2048,32,128,1250.08
4096,2048,32,256,1269.61
4096,2048,32,512,1302.08
4096,2048,32,1024,1361.89
4096,2048,32,2048,1484.8
4096,2048,32,4096,1710.92
4096,2048,32,8192,2347.22
4096,2048,32,16384,5691.87
4096,2048,32,32768,11144.3
4096,2048,32,65536,21867.6
4096,2048,32,131055,43391.7
4096,2048,64,16,1397.72
4096,2048,64,32,1397.11
4096,2048,64,64,1399.71
4096,2048,64,128,1429.73
4096,2048,64,256,1457.41
4096,2048,64,512,1517.4
4096,2048,64,1024,1638.24
4096,2048,64,2048,1885.22
4096,2048,64,4096,2434.15
4096,2048,64,8192,5801
4096,2048,64,16384,11430.3
4096,2048,64,32768,22597.3
4096,2048,64,65536,44800.3
4096,2048,64,131055,88999.8
4096,4096,0,0,1591.22
4096,4096,1,16,1595.71
4096,4096,1,32,1594.23
4096,4096,1,64,1595.6
4096,4096,1,128,1592.02
4096,4096,1,256,1590.97
4096,4096,1,512,1590.08
4096,4096,1,1024,1597.71
4096,4096,1,2048,1601.11
4096,4096,1,4096,1611.5
4096,4096,1,8192,1636.88
4096,4096,1,16384,1828.31
4096,4096,1,32768,2213.58
4096,4096,1,65536,2946.82
4096,4096,1,131055,4295.78
4096,4096,2,16,1599.26
4096,4096,2,32,1595.37
4096,4096,2,64,1599.18
4096,4096,2,128,1597.25
4096,4096,2,256,1593.63
4096,4096,2,512,1605.45
4096,4096,2,1024,1607.18
4096,4096,2,2048,1607.83
4096,4096,2,4096,1623.49
4096,4096,2,8192,1668.88
4096,4096,2,16384,1891.17
4096,4096,2,32768,2320.81
4096,4096,2,65536,3125.97
4096,4096,2,131055,4511.27
4096,4096,4,16,1603.68
4096,4096,4,32,1603.02
4096,4096,4,64,1602.81
4096,4096,4,128,1607.6
4096,4096,4,256,1603.49
4096,4096,4,512,1611.54
4096,4096,4,1024,1620.52
4096,4096,4,2048,1639.23
4096,4096,4,4096,1667.67
4096,4096,4,8192,1740.47
4096,4096,4,16384,2020.06
4096,4096,4,32768,2543.94
4096,4096,4,65536,3527.72
4096,4096,4,131055,5413.25
4096,4096,8,16,1618.27
4096,4096,8,32,1620.06
4096,4096,8,64,1623.21
4096,4096,8,128,1619.96
4096,4096,8,256,1624.58
4096,4096,8,512,1631.16
4096,4096,8,1024,1649.45
4096,4096,8,2048,1677.8
4096,4096,8,4096,1747.6
4096,4096,8,8192,1876.3
4096,4096,8,16384,2263.84
4096,4096,8,32768,3029.24
4096,4096,8,65536,5136.26
4096,4096,8,131055,10098.5
4096,4096,16,16,1659.89
4096,4096,16,32,1663.32
4096,4096,16,64,1660.37
4096,4096,16,128,1657.84
4096,4096,16,256,1673.02
4096,4096,16,512,1689.98
4096,4096,16,1024,1722.42
4096,4096,16,2048,1782.89
4096,4096,16,4096,1905.27
4096,4096,16,8192,2160.32
4096,4096,16,16384,2806.24
4096,4096,16,32768,5624.94
4096,4096,16,65536,10960.9
4096,4096,16,131055,21332.5
4096,4096,32,16,1713.85
4096,4096,32,32,1724.64
4096,4096,32,64,1716.77
4096,4096,32,128,1731.1
4096,4096,32,256,1757.97
4096,4096,32,512,1778.72
4096,4096,32,1024,1842.95
4096,4096,32,2048,1965.7
4096,4096,32,4096,2207.08
4096,4096,32,8192,2746.71
4096,4096,32,16384,5727.6
4096,4096,32,32768,11232.8
4096,4096,32,65536,22079.3
4096,4096,32,131055,43665.5
4096,4096,64,16,1878.77
4096,4096,64,32,1884.36
4096,4096,64,64,1885.36
4096,4096,64,128,1908.78
4096,4096,64,256,1948.13
4096,4096,64,512,1998.39
4096,4096,64,1024,2117
4096,4096,64,2048,2384.16
4096,4096,64,4096,2878.66
4096,4096,64,8192,5840.79
4096,4096,64,16384,11499.6
4096,4096,64,32768,22725.3
4096,4096,64,65536,45258.5
4096,4096,64,131055,89832.4
4096,8192,0,0,2558.26
4096,8192,1,16,2566.28
4096,8192,1,32,2550.01
4096,8192,1,64,2568.72
4096,8192,1,128,2568.14
4096,8192,1,256,2569.55
4096,8192,1,512,2562.61
4096,8192,1,1024,2573.92
4096,8192,1,2048,2571.39
4096,8192,1,4096,2587.36
4096,8192,1,8192,2594.59
4096,8192,1,16384,2724.02
4096,8192,1,32768,3125.19
4096,8192,1,65536,3872.48
4096,8192,1,131055,5302.22
4096,8192,2,16,2553.95
4096,8192,2,32,2560.07
4096,8192,2,64,2574.63
4096,8192,2,128,2567.07
4096,8192,2,256,2565.25
4096,8192,2,512,2564.09
4096,8192,2,1024,2577.93
4096,8192,2,2048,2583.5
4096,8192,2,4096,2597.46
4096,8192,2,8192,2637.22
4096,8192,2,16384,2800.03
4096,8192,2,32768,3238.66
4096,8192,2,65536,4076.72
4096,8192,2,131055,5638.59
4096,8192,4,16,2569.92
4096,8192,4,32,2564.43
4096,8192,4,64,2564.34
4096,8192,4,128,2569.34
4096,8192,4,256,2568.18
4096,8192,4,512,2571.98
4096,8192,4,1024,2585.86
4096,8192,4,2048,2612.85
4096,8192,4,4096,2641.03
4096,8192,4,8192,2703.81
4096,8192,4,16384,2927.14
4096,8192,4,32768,3463.32
4096,8192,4,65536,4510.19
4096,8192,4,131055,6555.57
4096,8192,8,16,2573.84
4096,8192,8,32,2568.24
4096,8192,8,64,2576.06
4096,8192,8,128,2573.22
4096,8192,8,256,2579.04
4096,8192,8,512,2590.19
4096,8192,8,1024,2618.41
4096,8192,8,2048,2657.75
4096,8192,8,4096,2714.07
4096,8192,8,8192,2839.86
4096,8192,8,16384,3179.02
4096,8192,8,32768,3986.72
4096,8192,8,65536,5986.16
4096,8192,8,131055,11388.3
4096,8192,16,16,2598.47
4096,8192,16,32,2618.86
4096,8192,16,64,2615.74
4096,8192,16,128,2621.67
4096,8192,16,256,2626.62
4096,8192,16,512,2642.46
4096,8192,16,1024,2689.61
4096,8192,16,2048,2755.22
4096,8192,16,4096,2877.2
4096,8192,16,8192,3122
4096,8192,16,16384,3725.44
4096,8192,16,32768,5845.11
4096,8192,16,65536,11155.3
4096,8192,16,131055,21407.7
4096,8192,32,16,2676.84
4096,8192,32,32,2674.8
4096,8192,32,64,2669.05
4096,8192,32,128,2692.97
4096,8192,32,256,2709.62
4096,8192,32,512,2743.14
4096,8192,32,1024,2804.67
4096,8192,32,2048,2928.85
4096,8192,32,4096,3187.79
4096,8192,32,8192,3718.32
4096,8192,32,16384,5454.55
4096,8192,32,32768,11424.3
4096,8192,32,65536,22379
4096,8192,32,131055,44074.4
4096,8192,64,16,2859.93
4096,8192,64,32,2852.48
4096,8192,64,64,2858.25
4096,8192,64,128,2880.4
4096,8192,64,256,2899.12
4096,8192,64,512,2974.67
4096,8192,64,1024,3109.87
4096,8192,64,2048,3350.42
4096,8192,64,4096,3911.03
4096,8192,64,8192,5630.02
4096,8192,64,16384,11742.9
4096,8192,64,32768,22859.9
4096,8192,64,65536,45386.4
4096,8192,64,131055,90580
4096,16384,0,0,4461
4096,16384,1,16,4461.68
4096,16384,1,32,4469.5
4096,16384,1,64,4468.49
4096,16384,1,128,4468.91
4096,16384,1,256,4466.51
4096,16384,1,512,4456.2
4096,16384,1,1024,4462.29
4096,16384,1,2048,4472.51
4096,16384,1,4096,4488.42
4096,16384,1,8192,4528.43
4096,16384,1,16384,4613.67
4096,16384,1,32768,4949.94
4096,16384,1,65536,5705.88
4096,16384,1,131055,7154.96
4096,16384,2,16,4473.96
4096,16384,2,32,4471.89
4096,16384,2,64,4480.07
4096,16384,2,128,4465.73
4096,16384,2,256,4472.42
4096,16384,2,512,4479.33
4096,16384,2,1024,4469.42
4096,16384,2,2048,4476.04
4096,16384,2,4096,4531.95
4096,16384,2,8192,4598.98
4096,16384,2,16384,4708.17
4096,16384,2,32768,5036.55
4096,16384,2,65536,5955.52
4096,16384,2,131055,7593.94
4096,16384,4,16,4468.83
4096,16384,4,32,4464.23
4096,16384,4,64,4467.76
4096,16384,4,128,4463.91
4096,16384,4,256,4472.08
4096,16384,4,512,4473.99
4096,16384,4,1024,4477.7
4096,16384,4,2048,4512.83
4096,16384,4,4096,4565.67
4096,16384,4,8192,4673.22
4096,16384,4,16384,4760.81
4096,16384,4,32768,5326.18
4096,16384,4,65536,6449.73
4096,16384,4,131055,8630.9
4096,16384,8,16,4464.48
4096,16384,8,32,4473.79
4096,16384,8,64,4464.41
4096,16384,8,128,4468.61
4096,16384,8,256,4472.38
4096,16384,8,512,4461.86
4096,16384,8,1024,4516.84
4096,16384,8,2048,4555.43
4096,16384,8,4096,4652.73
4096,16384,8,8192,4781.62
4096,16384,8,16384,5082.51
4096,16384,8,32768,5805.22
4096,16384,8,65536,7388.08
4096,16384,8,131055,12231.3
4096,16384,16,16,4508.64
4096,16384,16,32,4504.67
4096,16384,16,64,4510.9
4096,16384,16,128,4511.56
4096,16384,16,256,4530.06
4096,16384,16,512,4532.94
4096,16384,16,1024,4579.63
4096,16384,16,2048,4656.47
4096,16384,16,4096,4823.85
4096,16384,16,8192,5055.12
4096,16384,16,16384,5575.81
4096,16384,16,32768,6933.48
4096,16384,16,65536,11226.1
4096,16384,16,131055,22069.8
4096,16384,32,16,4554.64
4096,16384,32,32,4564.21
4096,16384,32,64,4579.6
4096,16384,32,128,4566
4096,16384,32,256,4595.36
4096,16384,32,512,4631.34
4096,16384,32,1024,4723.15
4096,16384,32,2048,4872.26
4096,16384,32,4096,5131.85
4096,16384,32,8192,5685.02
4096,16384,32,16384,6777.56
4096,16384,32,32768,11561.2
4096,16384,32,65536,22795.1
4096,16384,32,131055,44751
4096,16384,64,16,4765.6
4096,16384,64,32,4755.97
4096,16384,64,64,4769.64
4096,16384,64,128,4824.51
4096,16384,64,256,4858.63
4096,16384,64,512,4938.58
4096,16384,64,1024,5063.81
4096,16384,64,2048,5295.7
4096,16384,64,4096,5847.93
4096,16384,64,8192,7035.27
4096,16384,64,16384,11183
4096,16384,64,32768,23263.3
4096,16384,64,65536,45863.7
4096,16384,64,131055,90749.2
4096,32768,0,0,8276.64
4096,32768,1,16,8310.57
4096,32768,1,32,8305.09
4096,32768,1,64,8297.48
4096,32768,1,128,8304.46
4096,32768,1,256,8309.21
4096,32768,1,512,8298.25
4096,32768,1,1024,8310.9
4096,32768,1,2048,8307.46
4096,32768,1,4096,8335.28
4096,32768,1,8192,8347.94
4096,32768,1,16384,8481.92
4096,32768,1,32768,8779.89
4096,32768,1,65536,9481.41
4096,32768,1,131055,10898.2
4096,32768,2,16,8309.3
4096,32768,2,32,8298.14
4096,32768,2,64,8318.4
4096,32768,2,128,8296.21
4096,32768,2,256,8310.3
4096,32768,2,512,8314.92
4096,32768,2,1024,8320.62
4096,32768,2,2048,8327.21
4096,32768,2,4096,8347.39
4096,32768,2,8192,8414.35
4096,32768,2,16384,8575.22
4096,32768,2,32768,8867.15
4096,32768,2,65536,9557.11
4096,32768,2,131055,11657.1
4096,32768,4,16,8311.2
4096,32768,4,32,8292.65
4096,32768,4,64,8291.22
4096,32768,4,128,8306.62
4096,32768,4,256,8295.65
4096,32768,4,512,8303.07
4096,32768,4,1024,8309.07
4096,32768,4,2048,8328.04
4096,32768,4,4096,8377.86
4096,32768,4,8192,8519.91
4096,32768,4,16384,8799.7
4096,32768,4,32768,8949.18
4096,32768,4,65536,10307.7
4096,32768,4,131055,12548.1
4096,32768,8,16,8291.69
4096,32768,8,32,8293.06
4096,32768,8,64,8301.62
4096,32768,8,128,8298.75
4096,32768,8,256,8285.41
4096,32768,8,512,8311.69
4096,32768,8,1024,8339.44
4096,32768,8,2048,8371.64
4096,32768,8,4096,8456.38
4096,32768,8,8192,8693.4
4096,32768,8,16384,8965.26
4096,32768,8,32768,9652.37
4096,32768,8,65536,11103.5
4096,32768,8,131055,14390.8
4096,32768,16,16,8328
4096,32768,16,32,8331.48
4096,32768,16,64,8319.84
4096,32768,16,128,8345
4096,32768,16,256,8328.88
4096,32768,16,512,8364.22
4096,32768,16,1024,8274.01
4096,32768,16,2048,8491.64
4096,32768,16,4096,8661.22
4096,32768,16,8192,9012.69
4096,32768,16,16384,9486.31
4096,32768,16,32768,10509.7
4096,32768,16,65536,13458.2
4096,32768,16,131055,22770
4096,32768,32,16,8248.05
4096,32768,32,32,8374.26
4096,32768,32,64,8358.33
4096,32768,32,128,8373.69
4096,32768,32,256,8402.31
4096,32768,32,512,8463.59
4096,32768,32,1024,8411.77
4096,32768,32,2048,8722.72
4096,32768,32,4096,9072.46
4096,32768,32,8192,9613.26
4096,32768,32,16384,10523.7
4096,32768,32,32768,13118.8
4096,32768,32,65536,23443.1
4096,32768,32,131055,45674.8
4096,32768,64,16,8599.01
4096,32768,64,32,8616.22
4096,32768,64,64,8606.72
4096,32768,64,128,8664.7
4096,32768,64,256,8707.14
4096,32768,64,512,8788.56
4096,32768,64,1024,8991.71
4096,32768,64,2048,9269.5
4096,32768,64,4096,9831.01
4096,32768,64,8192,10936.3
4096,32768,64,16384,13308.3
4096,32768,64,32768,23059.3
4096,32768,64,65536,46736.7
4096,32768,64,131055,92008.4
4096,65536,0,0,16049
4096,65536,1,16,16060.6
4096,65536,1,32,16075.7
4096,65536,1,64,16071.3
4096,65536,1,128,16069.7
4096,65536,1,256,15853.6
4096,65536,1,512,16086.4
4096,65536,1,1024,16063.6
4096,65536,1,2048,16080.1
4096,65536,1,4096,16104.8
4096,65536,1,8192,16137.8
4096,65536,1,16384,16247.9
4096,65536,1,32768,16589.6
4096,65536,1,65536,17185.2
4096,65536,1,131055,18600.6
4096,65536,2,16,15839.2
4096,65536,2,32,16074.3
4096,65536,2,64,16060.5
4096,65536,2,128,16076.4
4096,65536,2,256,15529.3
4096,65536,2,512,16067.5
4096,65536,2,1024,16090.4
4096,65536,2,2048,16048.2
4096,65536,2,4096,16134.7
4096,65536,2,8192,15636
4096,65536,2,16384,16085.8
4096,65536,2,32768,16444
4096,65536,2,65536,17328.2
4096,65536,2,131055,18840
4096,65536,4,16,16066.1
4096,65536,4,32,15839.9
4096,65536,4,64,16055.8
4096,65536,4,128,16086.4
4096,65536,4,256,15881.3
4096,65536,4,512,15830.4
4096,65536,4,1024,15542.2
4096,65536,4,2048,15588.4
4096,65536,4,4096,15628.3
4096,65536,4,8192,15743.3
4096,65536,4,16384,16599.9
4096,65536,4,32768,17241.8
4096,65536,4,65536,17164.3
4096,65536,4,131055,19977.9
4096,65536,8,16,16041.7
4096,65536,8,32,15907.7
4096,65536,8,64,16083.4
4096,65536,8,128,15807.5
4096,65536,8,256,16023.9
4096,65536,8,512,15838.9
4096,65536,8,1024,16097
4096,65536,8,2048,16137
4096,65536,8,4096,16243.9
4096,65536,8,8192,15904.4
4096,65536,8,16384,16975.3
4096,65536,8,32768,17241.1
4096,65536,8,65536,18303.9
4096,65536,8,131055,21869
4096,65536,16,16,15579
4096,65536,16,32,16114.6
4096,65536,16,64,16097.2
4096,65536,16,128,16117.1
4096,65536,16,256,15555.9
4096,65536,16,512,16136.3
4096,65536,16,1024,16158.1
4096,65536,16,2048,15722.3
4096,65536,16,4096,16385.4
4096,65536,16,8192,16323
4096,65536,16,16384,17598.5
4096,65536,16,32768,18430.3
4096,65536,16,65536,20359.4
4096,65536,16,131055,26761.1
4096,65536,32,16,15911.2
4096,65536,32,32,15968.6
4096,65536,32,64,16144.6
4096,65536,32,128,15968.1
4096,65536,32,256,15960.8
4096,65536,32,512,16233.6
4096,65536,32,1024,16090.9
4096,65536,32,2048,16483.1
4096,65536,32,4096,16916.8
4096,65536,32,8192,17677.4
4096,65536,32,16384,18374.4
4096,65536,32,32768,20536.2
4096,65536,32,65536,26053
4096,65536,32,131055,46782.3
4096,65536,64,16,16378.6
4096,65536,64,32,16364
4096,65536,64,64,16363.3
4096,65536,64,128,16131.4
4096,65536,64,256,16455.8
4096,65536,64,512,16568.6
4096,65536,64,1024,16747
4096,65536,64,2048,17157.9
4096,65536,64,4096,17911.8
4096,65536,64,8192,18968.9
4096,65536,64,16384,21122.3
4096,65536,64,32768,26584.9
4096,65536,64,65536,46398.3
4096,65536,64,131055,93816.6
8192,0,0,0,2118.09
8192,0,1,16,2133.94
8192,0,1,32,2097.17
8192,0,1,64,2104.62
8192,0,1,128,2091.1
8192,0,1,256,2130.43
8192,0,1,512,2125.23
8192,0,1,1024,2125.8
8192,0,1,2048,2140.84
8192,0,1,4096,2146.11
8192,0,1,8192,2169.45
8192,0,1,16384,2334.9
8192,0,1,32768,2768.79
8192,0,1,65536,3493.64
8192,0,1,131055,4860.89
8192,0,2,16,2118.41
8192,0,2,32,2116.24
8192,0,2,64,2140.16
8192,0,2,128,2092.98
8192,0,2,256,2150.77
8192,0,2,512,2078.41
8192,0,2,1024,2148.06
8192,0,2,2048,2132.78
8192,0,2,4096,2165
8192,0,2,8192,2210.01
8192,0,2,16384,2408.68
8192,0,2,32768,2811.87
8192,0,2,65536,3639.89
8192,0,2,131055,5155.47
8192,0,4,16,2090.3
8192,0,4,32,2135.18
8192,0,4,64,2114.35
8192,0,4,128,2151.89
8192,0,4,256,2168.89
8192,0,4,512,2159.88
8192,0,4,1024,2184.59
8192,0,4,2048,2190.63
8192,0,4,4096,2188.11
8192,0,4,8192,2308.69
8192,0,4,16384,2540.05
8192,0,4,32768,3065.58
8192,0,4,65536,4126.29
8192,0,4,131055,6270.19
8192,0,8,16,2165.13
8192,0,8,32,2210.76
8192,0,8,64,2204.84
8192,0,8,128,2164.31
8192,0,8,256,2164.57
8192,0,8,512,2177.21
8192,0,8,1024,2215.97
8192,0,8,2048,2247.5
8192,0,8,4096,2315.64
8192,0,8,8192,2458.08
8192,0,8,16384,2818.31
8192,0,8,32768,3614.59
8192,0,8,65536,5971.4
8192,0,8,131055,11139.7
8192,0,16,16,2240.15
8192,0,16,32,2259.91
8192,0,16,64,2262.85
8192,0,16,128,2284.07
8192,0,16,256,2280.84
8192,0,16,512,2245.61
8192,0,16,1024,2323.39
8192,0,16,2048,2371.51
8192,0,16,4096,2507.04
8192,0,16,8192,2777.31
8192,0,16,16384,3412.77
8192,0,16,32768,6039.37
8192,0,16,65536,11600.9
8192,0,16,131055,22414.8
8192,0,32,16,2415.91
8192,0,32,32,2401.07
8192,0,32,64,2399.58
8192,0,32,128,2417.21
8192,0,32,256,2440.02
8192,0,32,512,2448.17
8192,0,32,1024,2509.76
8192,0,32,2048,2654.18
8192,0,32,4096,2885.02
8192,0,32,8192,3420.19
8192,0,32,16384,6026.83
8192,0,32,32768,11658.4
8192,0,32,65536,22828.5
8192,0,32,131055,44996.3
8192,0,64,16,2705.59
8192,0,64,32,2694.41
8192,0,64,64,2692.81
8192,0,64,128,2731.36
8192,0,64,256,2752.16
8192,0,64,512,2797.75
8192,0,64,1024,2928.59
8192,0,64,2048,3162.56
8192,0,64,4096,3719.39
8192,0,64,8192,5992.21
8192,0,64,16384,11650.1
8192,0,64,32768,22872.8
8192,0,64,65536,45366.5
8192,0,64,131055,90002.4
8192,16,0,0,2150.57
8192,16,1,16,2178.34
8192,16,1,32,2159.85
8192,16,1,64,2166.66
8192,16,1,128,2159.42
8192,16,1,256,2152.02
8192,16,1,512,2183.96
8192,16,1,1024,2167.92
8192,16,1,2048,2175.11
8192,16,1,4096,2183.03
8192,16,1,8192,2195.64
8192,16,1,16384,2399.59
8192,16,1,32768,2789.74
8192,16,1,65536,3522.68
8192,16,1,131055,4911.82
8192,16,2,16,2165.16
8192,16,2,32,2191.46
8192,16,2,64,2154.34
8192,16,2,128,2162.5
8192,16,2,256,2160.8
8192,16,2,512,2194.95
8192,16,2,1024,2166.63
8192,16,2,2048,2184.83
8192,16,2,4096,2200.07
8192,16,2,8192,2258.23
8192,16,2,16384,2479.06
8192,16,2,32768,2900.3
8192,16,2,65536,3735.82
8192,16,2,131055,5196.25
8192,16,4,16,2175.99
8192,16,4,32,2195.67
8192,16,4,64,2190.12
8192,16,4,128,2197.95
8192,16,4,256,2187.84
8192,16,4,512,2211.32
8192,16,4,1024,2215.26
8192,16,4,2048,2224.31
8192,16,4,4096,2241.56
8192,16,4,8192,2324.58
8192,16,4,16384,2585.23
8192,16,4,32768,3128.7
8192,16,4,65536,4167.35
8192,16,4,131055,6303.26
8192,16,8,16,2217.88
8192,16,8,32,2240.45
8192,16,8,64,2234.57
8192,16,8,128,2221.32
8192,16,8,256,2216.73
8192,16,8,512,2245.47
8192,16,8,1024,2262.02
8192,16,8,2048,2293.57
8192,16,8,4096,2332.11
8192,16,8,8192,2492.69
8192,16,8,16384,2879.37
8192,16,8,32768,3625.84
8192,16,8,65536,6034.9
8192,16,8,131055,11238.3
8192,16,16,16,2301.79
8192,16,16,32,2295.34
8192,16,16,64,2296.67
8192,16,16,128,2290.7
8192,16,16,256,2312.35
8192,16,16,512,2325.95
8192,16,16,1024,2346.17
8192,16,16,2048,2426.96
8192,16,16,4096,2526.66
8192,16,16,8192,2812.56
8192,16,16,16384,3453.85
8192,16,16,32768,6051.45
8192,16,16,65536,11583.2
8192,16,16,131055,22434.7
8192,16,32,16,2442.49
8192,16,32,32,2441.86
8192,16,32,64,2440.44
8192,16,32,128,2459.88
8192,16,32,256,2473.51
8192,16,32,512,2491.93
8192,16,32,1024,2534.2
8192,16,32,2048,2677.98
8192,16,32,4096,2906.4
8192,16,32,8192,3451.65
8192,16,32,16384,6027.24
8192,16,32,32768,11672.3
8192,16,32,65536,22837.1
8192,16,32,131055,45051.3
8192,16,64,16,2719.54
8192,16,64,32,2733.42
8192,16,64,64,2728.2
8192,16,64,128,2754.33
8192,16,64,256,2786.27
8192,16,64,512,2848.26
8192,16,64,1024,2953.97
8192,16,64,2048,3196.72
8192,16,64,4096,3734.31
8192,16,64,8192,5996.01
8192,16,64,16384,11648.5
8192,16,64,32768,22869.2
8192,16,64,65536,45364
8192,16,64,131055,90051.8
8192,32,0,0,2152.15
8192,32,1,16,2156.23
8192,32,1,32,2164.98
8192,32,1,64,2166.91
8192,32,1,128,2175.75
8192,32,1,256,2169.86
8192,32,1,512,2185.87
8192,32,1,1024,2168.64
8192,32,1,2048,2179.56
8192,32,1,4096,2186.48
8192,32,1,8192,2201.07
8192,32,1,16384,2379.44
8192,32,1,32768,2778.45
8192,32,1,65536,3544.24
8192,32,1,131055,4931.3
8192,32,2,16,2182.61
8192,32,2,32,2162.07
8192,32,2,64,2176.24
8192,32,2,128,2171.93
8192,32,2,256,2174.1
8192,32,2,512,2178.27
8192,32,2,1024,2186.92
8192,32,2,2048,2183.8
8192,32,2,4096,2203.32
8192,32,2,8192,2238.21
8192,32,2,16384,2477.98
8192,32,2,32768,2898.42
8192,32,2,65536,3730.73
8192,32,2,131055,5145.37
8192,32,4,16,2188.04
8192,32,4,32,2187.28
8192,32,4,64,2206.44
8192,32,4,128,2199.75
8192,32,4,256,2200.6
8192,32,4,512,2211.5
8192,32,4,1024,2213.48
8192,32,4,2048,2223.82
8192,32,4,4096,2256.95
8192,32,4,8192,2321.88
8192,32,4,16384,2589.87
8192,32,4,32768,3144.3
8192,32,4,65536,4150.32
8192,32,4,131055,6315.2
8192,32,8,16,2226.17
8192,32,8,32,2220.01
8192,32,8,64,2226.38
8192,32,8,128,2227.07
8192,32,8,256,2227.22
8192,32,8,512,2254.7
8192,32,8,1024,2258.19
8192,32,8,2048,2292.86
8192,32,8,4096,2302.73
8192,32,8,8192,2430.69
8192,32,8,16384,2881.64
8192,32,8,32768,3650.41
8192,32,8,65536,6051.57
8192,32,8,131055,11201.2
8192,32,16,16,2311.82
8192,32,16,32,2276.03
8192,32,16,64,2301.08
8192,32,16,128,2275.75
8192,32,16,256,2315.82
8192,32,16,512,2310.9
8192,32,16,1024,2364.51
8192,32,16,2048,2419.2
8192,32,16,4096,2487.41
8192,32,16,8192,2800.32
8192,32,16,16384,3469.77
8192,32,16,32768,6041.77
8192,32,16,65536,11569.8
8192,32,16,131055,22423.2
8192,32,32,16,2451.41
8192,32,32,32,2427.26
8192,32,32,64,2444.93
8192,32,32,128,2451.58
8192,32,32,256,2459.16
8192,32,32,512,2493.82
8192,32,32,1024,2563.52
8192,32,32,2048,2690.39
8192,32,32,4096,2922.52
8192,32,32,8192,3464.88
8192,32,32,16384,6023.93
8192,32,32,32768,11668.5
8192,32,32,65536,22841.5
8192,32,32,131055,45066.9
8192,32,64,16,2726.81
8192,32,64,32,2736.74
8192,32,64,64,2733.1
8192,32,64,128,2754.51
8192,32,64,256,2765.61
8192,32,64,512,2845.72
8192,32,64,1024,2964.51
8192,32,64,2048,3187.13
8192,32,64,4096,3746.32
8192,32,64,8192,5992.92
8192,32,64,16384,11645.7
8192,32,64,32768,22860.8
8192,32,64,65536,45367.9
8192,32,64,131055,90053.9
8192,64,0,0,2152.39
8192,64,1,16,2167.08
8192,64,1,32,2179.98
8192,64,1,64,2165.1
8192,64,1,128,2154.02
8192,64,1,256,2177.94
8192,64,1,512,2164.24
8192,64,1,1024,2176.58
8192,64,1,2048,2168.12
8192,64,1,4096,2186.93
8192,64,1,8192,2203.39
8192,64,1,16384,2408.26
8192,64,1,32768,2798.51
8192,64,1,65536,3535.81
8192,64,1,131055,4910.64
8192,64,2,16,2179.98
8192,64,2,32,2180.06
8192,64,2,64,2177.5
8192,64,2,128,2181.02
8192,64,2,256,2195.71
8192,64,2,512,2184.99
8192,64,2,1024,2179.73
8192,64,2,2048,2195.46
8192,64,2,4096,2215.19
8192,64,2,8192,2243.64
8192,64,2,16384,2467.87
8192,64,2,32768,2910.13
8192,64,2,65536,3728.02
8192,64,2,131055,5199.23
8192,64,4,16,2196.12
8192,64,4,32,2188.18
8192,64,4,64,2186.87
8192,64,4,128,2182.18
8192,64,4,256,2204.21
8192,64,4,512,2206.19
8192,64,4,1024,2203.44
8192,64,4,2048,2225.24
8192,64,4,4096,2237.13
8192,64,4,8192,2335.26
8192,64,4,16384,2602.96
8192,64,4,32768,3124.09
8192,64,4,65536,4162.34
8192,64,4,131055,6255.39
8192,64,8,16,2222.43
8192,64,8,32,2212.17
8192,64,8,64,2239
8192,64,8,128,2224.08
8192,64,8,256,2229.06
8192,64,8,512,2230.24
8192,64,8,1024,2262.57
8192,64,8,2048,2271.58
8192,64,8,4096,2343.94
8192,64,8,8192,2488.18
8192,64,8,16384,2853.94
8192,64,8,32768,3636.34
8192,64,8,65536,6072.15
8192,64,8,131055,11229.1
8192,64,16,16,2300.28
8192,64,16,32,2286.22
8192,64,16,64,2311.8
8192,64,16,128,2304.67
8192,64,16,256,2319.7
8192,64,16,512,2329.24
8192,64,16,1024,2360.9
8192,64,16,2048,2405.87
8192,64,16,4096,2552.04
8192,64,16,8192,2793.15
8192,64,16,16384,3440.66
8192,64,16,32768,6047.27
8192,64,16,65536,11597.3
8192,64,16,131055,22428.6
8192,64,32,16,2443.76
8192,64,32,32,2437.06
8192,64,32,64,2437.08
8192,64,32,128,2461.13
8192,64,32,256,2458.33
8192,64,32,512,2490.99
8192,64,32,1024,2551.65
8192,64,32,2048,2676.66
8192,64,32,4096,2918.32
8192,64,32,8192,3475.82
8192,64,32,16384,6017.44
8192,64,32,32768,11666
8192,64,32,65536,22842.8
8192,64,32,131055,45029.6
8192,64,64,16,2735.69
8192,64,64,32,2729
8192,64,64,64,2729.88
8192,64,64,128,2750.71
8192,64,64,256,2783.44
8192,64,64,512,2830.42
8192,64,64,1024,2939.4
8192,64,64,2048,3188.01
8192,64,64,4096,3762.2
8192,64,64,8192,5996.93
8192,64,64,16384,11645.1
8192,64,64,32768,22871.5
8192,64,64,65536,45373.8
8192,64,64,131055,90014.4
8192,128,0,0,2183.42
8192,128,1,16,2206.64
8192,128,1,32,2172.72
8192,128,1,64,2199.49
8192,128,1,128,2180.03
8192,128,1,256,2191.37
8192,128,1,512,2199.8
8192,128,1,1024,2200.83
8192,128,1,2048,2208.03
8192,128,1,4096,2211.44
8192,128,1,8192,2232.51
8192,128,1,16384,2431.47
8192,128,1,32768,2824.46
8192,128,1,65536,3560.26
8192,128,1,131055,4954.7
8192,128,2,16,2196.04
8192,128,2,32,2199.82
8192,128,2,64,2215.82
8192,128,2,128,2217.28
8192,128,2,256,2216.09
8192,128,2,512,2220.26
8192,128,2,1024,2228.74
8192,128,2,2048,2229.69
8192,128,2,4096,2228.14
8192,128,2,8192,2281.66
8192,128,2,16384,2480.32
8192,128,2,32768,2947.96
8192,128,2,65536,3754.1
8192,128,2,131055,5248.89
8192,128,4,16,2207.71
8192,128,4,32,2229.23
8192,128,4,64,2232.06
8192,128,4,128,2205.12
8192,128,4,256,2229.94
8192,128,4,512,2231.95
8192,128,4,1024,2248.7
8192,128,4,2048,2265.52
8192,128,4,4096,2264.95
8192,128,4,8192,2361.57
8192,128,4,16384,2624.57
8192,128,4,32768,3164.84
8192,128,4,65536,4212.24
8192,128,4,131055,6338.84
8192,128,8,16,2274.34
8192,128,8,32,2262.85
8192,128,8,64,2251.02
8192,128,8,128,2259.62
8192,128,8,256,2273.32
8192,128,8,512,2263.83
8192,128,8,1024,2280.17
8192,128,8,2048,2310.12
8192,128,8,4096,2368.57
8192,128,8,8192,2520.02
8192,128,8,16384,2915.38
8192,128,8,32768,3664.02
8192,128,8,65536,6047.73
8192,128,8,131055,11226.5
8192,128,16,16,2331.91
8192,128,16,32,2320.48
8192,128,16,64,2333.61
8192,128,16,128,2331.25
8192,128,16,256,2337.69
8192,128,16,512,2359.38
8192,128,16,1024,2387.38
8192,128,16,2048,2437.01
8192,128,16,4096,2552.72
8192,128,16,8192,2840.46
8192,128,16,16384,3455.81
8192,128,16,32768,6054.58
8192,128,16,65536,11587.6
8192,128,16,131055,22455.6
8192,128,32,16,2466.29
8192,128,32,32,2470.59
8192,128,32,64,2469.64
8192,128,32,128,2479.36
8192,128,32,256,2495.35
8192,128,32,512,2530.79
8192,128,32,1024,2599.33
8192,128,32,2048,2711.35
8192,128,32,4096,2939.38
8192,128,32,8192,3513.07
8192,128,32,16384,6032.09
8192,128,32,32768,11669.9
8192,128,32,65536,22838.6
8192,128,32,131055,45086
8192,128,64,16,2756.12
8192,128,64,32,2759.85
8192,128,64,64,2766.3
8192,128,64,128,2782.1
8192,128,64,256,2813.57
8192,128,64,512,2871.16
8192,128,64,1024,2965.86
8192,128,64,2048,3226.55
8192,128,64,4096,3795.33
8192,128,64,8192,5997.95
8192,128,64,16384,11651.1
8192,128,64,32768,22867.4
8192,128,64,65536,45357.9
8192,128,64,131055,90036.1
8192,256,0,0,2235.41
8192,256,1,16,2258.83
8192,256,1,32,2262.72
8192,256,1,64,2268.66
8192,256,1,128,2239.43
8192,256,1,256,2243.83
8192,256,1,512,2246.23
8192,256,1,1024,2274.19
8192,256,1,2048,2257.82
8192,256,1,4096,2250.44
8192,256,1,8192,2290.39
8192,256,1,16384,2500.13
8192,256,1,32768,2879.5
8192,256,1,65536,3625.9
8192,256,1,131055,5028.33
8192,256,2,16,2278.78
8192,256,2,32,2273.86
8192,256,2,64,2258.67
8192,256,2,128,2266.95
8192,256,2,256,2263.81
8192,256,2,512,2252.08
8192,256,2,1024,2246.06
8192,256,2,2048,2269.22
8192,256,2,4096,2307.37
8192,256,2,8192,2319.67
8192,256,2,16384,2560.9
8192,256,2,32768,3001.67
8192,256,2,65536,3815.48
8192,256,2,131055,5319.3
8192,256,4,16,2288.3
8192,256,4,32,2276.91
8192,256,4,64,2271.68
8192,256,4,128,2272.86
8192,256,4,256,2299.23
8192,256,4,512,2287.82
8192,256,4,1024,2307.77
8192,256,4,2048,2318.75
8192,256,4,4096,2347.16
8192,256,4,8192,2420.52
8192,256,4,16384,2665.89
8192,256,4,32768,3227.71
8192,256,4,65536,4248.92
8192,256,4,131055,6450.52
8192,256,8,16,2326.81
8192,256,8,32,2326.45
8192,256,8,64,2322.41
8192,256,8,128,2301.18
8192,256,8,256,2316.05
8192,256,8,512,2317.77
8192,256,8,1024,2358.39
8192,256,8,2048,2388.66
8192,256,8,4096,2435.98
8192,256,8,8192,2557.5
8192,256,8,16384,2967.2
8192,256,8,32768,3748.78
8192,256,8,65536,6116.42
8192,256,8,131055,11234.9
8192,256,16,16,2387.46
8192,256,16,32,2403.31
8192,256,16,64,2373.96
8192,256,16,128,2394.94
8192,256,16,256,2407.04
8192,256,16,512,2432.82
8192,256,16,1024,2442.87
8192,256,16,2048,2501.28
8192,256,16,4096,2602.87
8192,256,16,8192,2896.46
8192,256,16,16384,3514.68
8192,256,16,32768,6068.57
8192,256,16,65536,11631.7
8192,256,16,131055,22460.7
8192,256,32,16,2542.71
8192,256,32,32,2537.31
8192,256,32,64,2535.15
8192,256,32,128,2553.96
8192,256,32,256,2563.04
8192,256,32,512,2581.07
8192,256,32,1024,2646.11
8192,256,32,2048,2780.89
8192,256,32,4096,3022.06
8192,256,32,8192,3526.95
8192,256,32,16384,6040.24
8192,256,32,32768,11680.7
8192,256,32,65536,22881.2
8192,256,32,131055,45146.2
8192,256,64,16,2825.15
8192,256,64,32,2821.77
8192,256,64,64,2822.37
8192,256,64,128,2844.45
8192,256,64,256,2872.74
8192,256,64,512,2921.61
8192,256,64,1024,3047.41
8192,256,64,2048,3273.78
8192,256,64,4096,3848.32
8192,256,64,8192,5999.97
8192,256,64,16384,11644.3
8192,256,64,32768,22876.3
8192,256,64,65536,45359.5
8192,256,64,131055,90031.6
8192,512,0,0,2356.82
8192,512,1,16,2370.21
8192,512,1,32,2380.64
8192,512,1,64,2378.58
8192,512,1,128,2379.29
8192,512,1,256,2374
8192,512,1,512,2392.38
8192,512,1,1024,2383.58
8192,512,1,2048,2379.88
8192,512,1,4096,2385.52
8192,512,1,8192,2399.24
8192,512,1,16384,2577.09
8192,512,1,32768,2985.75
8192,512,1,65536,3744.49
8192,512,1,131055,5135.68
8192,512,2,16,2387.06
8192,512,2,32,2386.97
8192,512,2,64,2379.96
8192,512,2,128,2377.61
8192,512,2,256,2371.81
8192,512,2,512,2373.43
8192,512,2,1024,2369.92
8192,512,2,2048,2405.22
8192,512,2,4096,2410.58
8192,512,2,8192,2452.53
8192,512,2,16384,2676.67
8192,512,2,32768,3098.85
8192,512,2,65536,3947.46
8192,512,2,131055,5451.91
8192,512,4,16,2401.86
8192,512,4,32,2383.91
8192,512,4,64,2407.68
8192,512,4,128,2409.77
8192,512,4,256,2418.83
8192,512,4,512,2406.67
8192,512,4,1024,2407.82
8192,512,4,2048,2418.94
8192,512,4,4096,2459.06
8192,512,4,8192,2477.1
8192,512,4,16384,2792.61
8192,512,4,32768,3348.95
8192,512,4,65536,4327.76
8192,512,4,131055,6447.24
8192,512,8,16,2395.42
8192,512,8,32,2423.68
8192,512,8,64,2436.1
8192,512,8,128,2442
8192,512,8,256,2428.49
8192,512,8,512,2443.68
8192,512,8,1024,2461.49
8192,512,8,2048,2500.22
8192,512,8,4096,2553.33
8192,512,8,8192,2661.59
8192,512,8,16384,3079.77
8192,512,8,32768,3829.79
8192,512,8,65536,6163.57
8192,512,8,131055,11478.9
8192,512,16,16,2504.3
8192,512,16,32,2487.69
8192,512,16,64,2498.05
8192,512,16,128,2510.36
8192,512,16,256,2526.58
8192,512,16,512,2531.04
8192,512,16,1024,2568.19
8192,512,16,2048,2633.9
8192,512,16,4096,2756.25
8192,512,16,8192,2992.29
8192,512,16,16384,3661.35
8192,512,16,32768,6065.87
8192,512,16,65536,11630
8192,512,16,131055,22502.4
8192,512,32,16,2637.51
8192,512,32,32,2653.48
8192,512,32,64,2649.37
8192,512,32,128,2658.87
8192,512,32,256,2675.34
8192,512,32,512,2684.99
8192,512,32,1024,2763.86
8192,512,32,2048,2884.1
8192,512,32,4096,3140.74
8192,512,32,8192,3681.84
8192,512,32,16384,6048.46
8192,512,32,32768,11698.3
8192,512,32,65536,22903.7
8192,512,32,131055,45172.1
8192,512,64,16,2942.55
8192,512,64,32,2946.76
8192,512,64,64,2923.83
8192,512,64,128,2968.63
8192,512,64,256,2984.32
8192,512,64,512,3046.29
8192,512,64,1024,3163.11
8192,512,64,2048,3389.59
8192,512,64,4096,3961.03
8192,512,64,8192,6008.47
8192,512,64,16384,11646
8192,512,64,32768,22872.9
8192,512,64,65536,45390.8
8192,512,64,131055,90077.5
8192,1024,0,0,2601.78
8192,1024,1,16,2606.72
8192,1024,1,32,2614.68
8192,1024,1,64,2626.05
8192,1024,1,128,2613.66
8192,1024,1,256,2626.14
8192,1024,1,512,2601.59
8192,1024,1,1024,2616.4
8192,1024,1,2048,2605.56
8192,1024,1,4096,2651.41
8192,1024,1,8192,2645.65
8192,1024,1,16384,2832.59
8192,1024,1,32768,3207.42
8192,1024,1,65536,3981.16
8192,1024,1,131055,5376.25
8192,1024,2,16,2612.11
8192,1024,2,32,2629.93
8192,1024,2,64,2615.09
8192,1024,2,128,2605.86
8192,1024,2,256,2620.52
8192,1024,2,512,2635.99
8192,1024,2,1024,2647.31
8192,1024,2,2048,2618.54
8192,1024,2,4096,2658.51
8192,1024,2,8192,2672.23
8192,1024,2,16384,2900.18
8192,1024,2,32768,3336.21
8192,1024,2,65536,4187.24
8192,1024,2,131055,5736.69
8192,1024,4,16,2619.56
8192,1024,4,32,2645.08
8192,1024,4,64,2624.27
8192,1024,4,128,2631.3
8192,1024,4,256,2632.97
8192,1024,4,512,2644.48
8192,1024,4,1024,2661.31
8192,1024,4,2048,2631.61
8192,1024,4,4096,2700.27
8192,1024,4,8192,2728.78
8192,1024,4,16384,3034.28
8192,1024,4,32768,3499.66
8192,1024,4,65536,4586.28
8192,1024,4,131055,6726.61
8192,1024,8,16,2648.19
8192,1024,8,32,2655.76
8192,1024,8,64,2669.02
8192,1024,8,128,2682.88
8192,1024,8,256,2670.74
8192,1024,8,512,2671.64
8192,1024,8,1024,2704.07
8192,1024,8,2048,2655.99
8192,1024,8,4096,2712.71
8192,1024,8,8192,2827.99
8192,1024,8,16384,3266.45
8192,1024,8,32768,4019.17
8192,1024,8,65536,6284.09
8192,1024,8,131055,11732
8192,1024,16,16,2699.57
8192,1024,16,32,2734.45
8192,1024,16,64,2743.72
8192,1024,16,128,2686.84
8192,1024,16,256,2711.69
8192,1024,16,512,2771.82
8192,1024,16,1024,2773.67
8192,1024,16,2048,2830.5
8192,1024,16,4096,2914.59
8192,1024,16,8192,3114.07
8192,1024,16,16384,3847.93
8192,1024,16,32768,6162.27
8192,1024,16,65536,11700.5
8192,1024,16,131055,22667.3
8192,1024,32,16,2827.17
8192,1024,32,32,2868.03
8192,1024,32,64,2840.62
8192,1024,32,128,2870.28
8192,1024,32,256,2916.4
8192,1024,32,512,2920.19
8192,1024,32,1024,2938.47
8192,1024,32,2048,3118.48
8192,1024,32,4096,3288.7
8192,1024,32,8192,3847.02
8192,1024,32,16384,6061.38
8192,1024,32,32768,11734.9
8192,1024,32,65536,22949
8192,1024,32,131055,45261.2
8192,1024,64,16,3178.84
8192,1024,64,32,3186.19
8192,1024,64,64,3176.83
8192,1024,64,128,3175.14
8192,1024,64,256,3237.68
8192,1024,64,512,3282.55
8192,1024,64,1024,3403.99
8192,1024,64,2048,3631.31
8192,1024,64,4096,4207.4
8192,1024,64,8192,6039.71
8192,1024,64,16384,11655
8192,1024,64,32768,22874.3
8192,1024,64,65536,45378.5
8192,1024,64,131055,90117.9
8192,2048,0,0,3093.2
8192,2048,1,16,3097.17
8192,2048,1,32,3091.93
8192,2048,1,64,3070.28
8192,2048,1,128,3077.59
8192,2048,1,256,3087.97
8192,2048,1,512,3097.33
8192,2048,1,1024,3101.06
8192,2048,1,2048,3105.12
8192,2048,1,4096,3120.51
8192,2048,1,8192,3090.05
8192,2048,1,16384,3288.61
8192,2048,1,32768,3688.67
8192,2048,1,65536,4443.29
8192,2048,1,131055,5873.96
8192,2048,2,16,3069.86
8192,2048,2,32,3112.24
8192,2048,2,64,3083.51
8192,2048,2,128,3100.48
8192,2048,2,256,3077.59
8192,2048,2,512,3116.98
8192,2048,2,1024,3098.07
8192,2048,2,2048,3062.91
8192,2048,2,4096,3139.58
8192,2048,2,8192,3138.89
8192,2048,2,16384,3349.71
8192,2048,2,32768,3797.02
8192,2048,2,65536,4650.53
8192,2048,2,131055,6258.82
8192,2048,4,16,3109.23
8192,2048,4,32,3124.27
8192,2048,4,64,3110.64
8192,2048,4,128,3113.39
8192,2048,4,256,3116.13
8192,2048,4,512,3136.03
8192,2048,4,1024,3142.96
8192,2048,4,2048,3157.2
8192,2048,4,4096,3180.08
8192,2048,4,8192,3232.02
8192,2048,4,16384,3441.64
8192,2048,4,32768,3976.97
8192,2048,4,65536,5116.81
8192,2048,4,131055,7358.1
8192,2048,8,16,3123.77
8192,2048,8,32,3106.94
8192,2048,8,64,3151.12
8192,2048,8,128,3148.53
8192,2048,8,256,3143.31
8192,2048,8,512,3177.45
8192,2048,8,1024,3177.95
8192,2048,8,2048,3192.28
8192,2048,8,4096,3246.65
8192,2048,8,8192,3334.34
8192,2048,8,16384,3770.57
8192,2048,8,32768,4574.26
8192,2048,8,65536,6634.06
8192,2048,8,131055,12139.3
8192,2048,16,16,3218.18
8192,2048,16,32,3229.18
8192,2048,16,64,3221.59
8192,2048,16,128,3230.79
8192,2048,16,256,3237.16
8192,2048,16,512,3193.94
8192,2048,16,1024,3238.04
8192,2048,16,2048,3284.27
8192,2048,16,4096,3398.29
8192,2048,16,8192,3705.82
8192,2048,16,16384,4355.57
8192,2048,16,32768,6257.04
8192,2048,16,65536,11927.6
8192,2048,16,131055,23105.1
8192,2048,32,16,3344.63
8192,2048,32,32,3373.25
8192,2048,32,64,3359.22
8192,2048,32,128,3396.98
8192,2048,32,256,3398.03
8192,2048,32,512,3371.17
8192,2048,32,1024,3482.9
8192,2048,32,2048,3583.78
8192,2048,32,4096,3831.94
8192,2048,32,8192,4316.71
8192,2048,32,16384,6143.54
8192,2048,32,32768,11763.4
8192,2048,32,65536,23018.8
8192,2048,32,131055,45350.4
8192,2048,64,16,3597.7
8192,2048,64,32,3586.51
8192,2048,64,64,3638.34
8192,2048,64,128,3676.11
8192,2048,64,256,3712.03
8192,2048,64,512,3770.32
8192,2048,64,1024,3870.2
8192,2048,64,2048,4102.22
8192,2048,64,4096,4675.97
8192,2048,64,8192,6167.23
8192,2048,64,16384,11651.4
8192,2048,64,32768,22869.7
8192,2048,64,65536,45370.2
8192,2048,64,131055,90210.5
8192,4096,0,0,4044.2
8192,4096,1,16,4052.03
8192,4096,1,32,4061.79
8192,4096,1,64,4050.22
8192,4096,1,128,4053.87
8192,4096,1,256,3980.71
8192,4096,1,512,3997.2
8192,4096,1,1024,3919.45
8192,4096,1,2048,4061.8
8192,4096,1,4096,4068.48
8192,4096,1,8192,4015.35
8192,4096,1,16384,4134.83
8192,4096,1,32768,4603.66
8192,4096,1,65536,5365.44
8192,4096,1,131055,6860.81
8192,4096,2,16,4068.88
8192,4096,2,32,3905.11
8192,4096,2,64,3940.38
8192,4096,2,128,4060.03
8192,4096,2,256,3980.02
8192,4096,2,512,4003.1
8192,4096,2,1024,3964.31
8192,4096,2,2048,4064.95
8192,4096,2,4096,4088.21
8192,4096,2,8192,4114.94
8192,4096,2,16384,4275.22
8192,4096,2,32768,4589.19
8192,4096,2,65536,5580.02
8192,4096,2,131055,7021.73
8192,4096,4,16,4057.3
8192,4096,4,32,4051.22
8192,4096,4,64,4077.74
8192,4096,4,128,3941.9
8192,4096,4,256,3941.17
8192,4096,4,512,4069.03
8192,4096,4,1024,4036.68
8192,4096,4,2048,4030.38
8192,4096,4,4096,4051.62
8192,4096,4,8192,4129.23
8192,4096,4,16384,4398.26
8192,4096,4,32768,4838.84
8192,4096,4,65536,6082.28
8192,4096,4,131055,8165.44
8192,4096,8,16,4098.89
8192,4096,8,32,4043.24
8192,4096,8,64,4079.67
8192,4096,8,128,4117.17
8192,4096,8,256,4048.32
8192,4096,8,512,4031.64
8192,4096,8,1024,4064.74
8192,4096,8,2048,4061.26
8192,4096,8,4096,4164.94
8192,4096,8,8192,4365.24
8192,4096,8,16384,4704.08
8192,4096,8,32768,5532.1
8192,4096,8,65536,7255.16
8192,4096,8,131055,12481.7
8192,4096,16,16,4156.72
8192,4096,16,32,4107.59
8192,4096,16,64,4189.5
8192,4096,16,128,4039.83
8192,4096,16,256,4133.74
8192,4096,16,512,4209.54
8192,4096,16,1024,4126.04
8192,4096,16,2048,4305.9
8192,4096,16,4096,4431.12
8192,4096,16,8192,4577.51
8192,4096,16,16384,5315.42
8192,4096,16,32768,6802.13
8192,4096,16,65536,12084.5
8192,4096,16,131055,23477.7
8192,4096,32,16,4234.7
8192,4096,32,32,4239.64
8192,4096,32,64,4227.45
8192,4096,32,128,4257.12
8192,4096,32,256,4348.77
8192,4096,32,512,4377.21
8192,4096,32,1024,4397.4
8192,4096,32,2048,4473.68
8192,4096,32,4096,4828.48
8192,4096,32,8192,5327.12
8192,4096,32,16384,6627.19
8192,4096,32,32768,11822.3
8192,4096,32,65536,23110.9
8192,4096,32,131055,45514.8
8192,4096,64,16,4604.23
8192,4096,64,32,4601.76
8192,4096,64,64,4595.62
8192,4096,64,128,4634.38
8192,4096,64,256,4641.45
8192,4096,64,512,4715.18
8192,4096,64,1024,4746.2
8192,4096,64,2048,5068.52
8192,4096,64,4096,5614.01
8192,4096,64,8192,6783.42
8192,4096,64,16384,11676.3
8192,4096,64,32768,22909.9
8192,4096,64,65536,45362.9
8192,4096,64,131055,90375.4
8192,8192,0,0,5942.62
8192,8192,1,16,5985.23
8192,8192,1,32,5872.33
8192,8192,1,64,5869.8
8192,8192,1,128,5982.63
8192,8192,1,256,5765.31
8192,8192,1,512,5947.46
8192,8192,1,1024,5976.03
8192,8192,1,2048,5884.56
8192,8192,1,4096,5765.36
8192,8192,1,8192,5795.33
8192,8192,1,16384,5999.39
8192,8192,1,32768,6447.05
8192,8192,1,65536,7234.11
8192,8192,1,131055,8752.14
8192,8192,2,16,5957.1
8192,8192,2,32,5980.07
8192,8192,2,64,5985.33
8192,8192,2,128,5868.49
8192,8192,2,256,5754.86
8192,8192,2,512,5772.42
8192,8192,2,1024,5990.18
8192,8192,2,2048,5884.96
8192,8192,2,4096,5890.83
8192,8192,2,8192,5921.67
8192,8192,2,16384,6003
8192,8192,2,32768,6456.93
8192,8192,2,65536,7467.46
8192,8192,2,131055,9189.53
8192,8192,4,16,5903.7
8192,8192,4,32,5876.38
8192,8192,4,64,5892.66
8192,8192,4,128,5867.99
8192,8192,4,256,5900.44
8192,8192,4,512,6000.9
8192,8192,4,1024,5804.44
8192,8192,4,2048,5810.92
8192,8192,4,4096,5849.99
8192,8192,4,8192,6039.01
8192,8192,4,16384,6041.29
8192,8192,4,32768,6846.09
8192,8192,4,65536,7831.66
8192,8192,4,131055,9902.36
8192,8192,8,16,5995.88
8192,8192,8,32,5815.86
8192,8192,8,64,6030.19
8192,8192,8,128,5934.14
8192,8192,8,256,5861.16
8192,8192,8,512,5933.07
8192,8192,8,1024,5768.15
8192,8192,8,2048,5861.15
8192,8192,8,4096,6010.76
8192,8192,8,8192,6047.38
8192,8192,8,16384,6304.62
8192,8192,8,32768,7141.52
8192,8192,8,65536,8794.8
8192,8192,8,131055,13255.8
8192,8192,16,16,5866.91
8192,8192,16,32,5974.59
8192,8192,16,64,5959.01
8192,8192,16,128,5884.87
8192,8192,16,256,5881.69
8192,8192,16,512,5997.02
8192,8192,16,1024,5969.18
8192,8192,16,2048,5978.77
8192,8192,16,4096,6214.55
8192,8192,16,8192,6349.91
8192,8192,16,16384,7060.49
8192,8192,16,32768,8283.12
8192,8192,16,65536,12346.6
8192,8192,16,131055,24069.1
8192,8192,32,16,6113.68
8192,8192,32,32,6107.06
8192,8192,32,64,6094.9
8192,8192,32,128,6118.78
8192,8192,32,256,6132.53
8192,8192,32,512,6148.31
8192,8192,32,1024,6226.46
8192,8192,32,2048,6438.85
8192,8192,32,4096,6703.16
8192,8192,32,8192,7054.35
8192,8192,32,16384,8455.79
8192,8192,32,32768,11934.3
8192,8192,32,65536,23559.6
8192,8192,32,131055,46090.2
8192,8192,64,16,6492.59
8192,8192,64,32,6492.48
8192,8192,64,64,6363.9
8192,8192,64,128,6516.2
8192,8192,64,256,6542.81
8192,8192,64,512,6616.82
8192,8192,64,1024,6507.28
8192,8192,64,2048,6732.36
8192,8192,64,4096,7395
8192,8192,64,8192,8363.56
8192,8192,64,16384,12023.2
8192,8192,64,32768,23339.3
8192,8192,64,65536,45751.9
8192,8192,64,131055,90849.1
8192,16384,0,0,9767.62
8192,16384,1,16,9487.28
8192,16384,1,32,9550.33
8192,16384,1,64,9548.73
8192,16384,1,128,9545.16
8192,16384,1,256,9716.02
8192,16384,1,512,9395.96
8192,16384,1,1024,9446.81
8192,16384,1,2048,9286.23
8192,16384,1,4096,9311.42
8192,16384,1,8192,9332.93
8192,16384,1,16384,9383.46
8192,16384,1,32768,9776.31
8192,16384,1,65536,10538.8
8192,16384,1,131055,12249
8192,16384,2,16,9305.13
8192,16384,2,32,9293.82
8192,16384,2,64,9337.73
8192,16384,2,128,9373.03
8192,16384,2,256,9438.96
8192,16384,2,512,9301.64
8192,16384,2,1024,9290.54
8192,16384,2,2048,9308.31
8192,16384,2,4096,9666.44
8192,16384,2,8192,9489.14
8192,16384,2,16384,9530.72
8192,16384,2,32768,9808.88
8192,16384,2,65536,10578.7
8192,16384,2,131055,12438.2
8192,16384,4,16,9294.26
8192,16384,4,32,9300.31
8192,16384,4,64,9294.82
8192,16384,4,128,9297.38
8192,16384,4,256,9295.59
8192,16384,4,512,9408.08
8192,16384,4,1024,9503
8192,16384,4,2048,9325.17
8192,16384,4,4096,9352.53
8192,16384,4,8192,9411.23
8192,16384,4,16384,9660.74
8192,16384,4,32768,9980.08
8192,16384,4,65536,11173.8
8192,16384,4,131055,13350.8
8192,16384,8,16,9325.67
8192,16384,8,32,9324.26
8192,16384,8,64,9333.44
8192,16384,8,128,9325.38
8192,16384,8,256,9402.28
8192,16384,8,512,9337.03
8192,16384,8,1024,9414.49
8192,16384,8,2048,9378.29
8192,16384,8,4096,9484.31
8192,16384,8,8192,9555.26
8192,16384,8,16384,9788.42
8192,16384,8,32768,10534
8192,16384,8,65536,12172.1
8192,16384,8,131055,15570.4
8192,16384,16,16,9434.56
8192,16384,16,32,9400.53
8192,16384,16,64,9374.77
8192,16384,16,128,9384.24
8192,16384,16,256,9400.12
8192,16384,16,512,9397.23
8192,16384,16,1024,9439.28
8192,16384,16,2048,9482.11
8192,16384,16,4096,9609.62
8192,16384,16,8192,9832.83
8192,16384,16,16384,10358.4
8192,16384,16,32768,11649.6
8192,16384,16,65536,14277.4
8192,16384,16,131055,24486.1
8192,16384,32,16,9501.49
8192,16384,32,32,9495.13
8192,16384,32,64,9496
8192,16384,32,128,9506.42
8192,16384,32,256,9517.99
8192,16384,32,512,9552.07
8192,16384,32,1024,9604.88
8192,16384,32,2048,9720.59
8192,16384,32,4096,9953.53
8192,16384,32,8192,10471.7
8192,16384,32,16384,11503.1
8192,16384,32,32768,13840.1
8192,16384,32,65536,23759.2
8192,16384,32,131055,47287.1
8192,16384,64,16,9817.98
8192,16384,64,32,9758.2
8192,16384,64,64,9772.04
8192,16384,64,128,9838.11
8192,16384,64,256,9968.79
8192,16384,64,512,9915.89
8192,16384,64,1024,9986.65
8192,16384,64,2048,10256.6
8192,16384,64,4096,10734
8192,16384,64,8192,11730.1
8192,16384,64,16384,13915.1
8192,16384,64,32768,23531.9
8192,16384,64,65536,47164.6
8192,16384,64,131055,91646.9
8192,32768,0,0,16844.9
8192,32768,1,16,16549.1
8192,32768,1,32,16518.9
8192,32768,1,64,16524.8
8192,32768,1,128,16526.3
8192,32768,1,256,16534.7
8192,32768,1,512,16521.6
8192,32768,1,1024,16527.1
8192,32768,1,2048,16528.3
8192,32768,1,4096,16523.3
8192,32768,1,8192,16553.8
8192,32768,1,16384,16591.5
8192,32768,1,32768,16660.7
8192,32768,1,65536,17346.5
8192,32768,1,131055,18838.4
8192,32768,2,16,16521.7
8192,32768,2,32,16537.8
8192,32768,2,64,16522.4
8192,32768,2,128,16536.6
8192,32768,2,256,16530.8
8192,32768,2,512,16527.8
8192,32768,2,1024,16530.5
8192,32768,2,2048,16536.2
8192,32768,2,4096,16547.4
8192,32768,2,8192,16591.9
8192,32768,2,16384,16675.3
8192,32768,2,32768,16847.1
8192,32768,2,65536,17576.4
8192,32768,2,131055,19455.6
8192,32768,4,16,16535.4
8192,32768,4,32,16534.6
8192,32768,4,64,16533.3
8192,32768,4,128,16530.5
8192,32768,4,256,16534.2
8192,32768,4,512,16541.5
8192,32768,4,1024,16531.6
8192,32768,4,2048,16558
8192,32768,4,4096,16587.1
8192,32768,4,8192,16663.9
8192,32768,4,16384,16819
8192,32768,4,32768,17062.8
8192,32768,4,65536,18218.9
8192,32768,4,131055,20485
8192,32768,8,16,16544.7
8192,32768,8,32,16552
8192,32768,8,64,16544.9
8192,32768,8,128,16556.9
8192,32768,8,256,16563.6
8192,32768,8,512,16559.8
8192,32768,8,1024,16561.6
8192,32768,8,2048,16605.1
8192,32768,8,4096,16674.2
8192,32768,8,8192,16813.6
8192,32768,8,16384,17074.6
8192,32768,8,32768,17685
8192,32768,8,65536,19245.6
8192,32768,8,131055,22404.6
8192,32768,16,16,16596.2
8192,32768,16,32,16592.4
8192,32768,16,64,16591.5
8192,32768,16,128,16598.8
8192,32768,16,256,16600.5
8192,32768,16,512,16619.3
8192,32768,16,1024,16652.5
8192,32768,16,2048,16713.3
8192,32768,16,4096,16839.4
8192,32768,16,8192,17096.5
8192,32768,16,16384,17644.7
8192,32768,16,32768,18660.3
8192,32768,16,65536,21334.9
8192,32768,16,131055,26928.2
8192,32768,32,16,16716.9
8192,32768,32,32,16709.6
8192,32768,32,64,16712.1
8192,32768,32,128,16729.3
8192,32768,32,256,16741.6
8192,32768,32,512,16762.7
8192,32768,32,1024,16828.6
8192,32768,32,2048,16942.1
8192,32768,32,4096,17202.5
8192,32768,32,8192,17781.4
8192,32768,32,16384,18754.1
8192,32768,32,32768,20926.6
8192,32768,32,65536,25870.7
8192,32768,32,131055,47314.1
8192,32768,64,16,16980.7
8192,32768,64,32,16974.5
8192,32768,64,64,16980
8192,32768,64,128,17013.9
8192,32768,64,256,17037.5
8192,32768,64,512,17100.7
8192,32768,64,1024,17233.7
8192,32768,64,2048,17484.9
8192,32768,64,4096,18021.8
8192,32768,64,8192,19013.5
8192,32768,64,16384,21013.3
8192,32768,64,32768,26036.7
8192,32768,64,65536,47618.4
8192,32768,64,131055,92417.9
8192,65536,0,0,31104.1
8192,65536,1,16,31095.6
8192,65536,1,32,31106.3
8192,65536,1,64,31095.1
8192,65536,1,128,31095.5
8192,65536,1,256,31106.8
8192,65536,1,512,31104.4
8192,65536,1,1024,31100.3
8192,65536,1,2048,31104.3
8192,65536,1,4096,31116.3
8192,65536,1,8192,31131.1
8192,65536,1,16384,31161.3
8192,65536,1,32768,31201.8
8192,65536,1,65536,31243.6
8192,65536,1,131055,33215.7
8192,65536,2,16,31107
8192,65536,2,32,31098.8
8192,65536,2,64,31103.4
8192,65536,2,128,31110.7
8192,65536,2,256,31110.2
8192,65536,2,512,31108.8
8192,65536,2,1024,31107.7
8192,65536,2,2048,31111.7
8192,65536,2,4096,31129.5
8192,65536,2,8192,31176.2
8192,65536,2,16384,31268.9
8192,65536,2,32768,31512.3
8192,65536,2,65536,32063.3
8192,65536,2,131055,33710.4
8192,65536,4,16,31113.5
8192,65536,4,32,31112.3
8192,65536,4,64,31113.3
8192,65536,4,128,31110.7
8192,65536,4,256,31114.1
8192,65536,4,512,31120.9
8192,65536,4,1024,31123.8
8192,65536,4,2048,31137.6
8192,65536,4,4096,31158.8
8192,65536,4,8192,31250.6
8192,65536,4,16384,31412
8192,65536,4,32768,31762.4
8192,65536,4,65536,32406.8
8192,65536,4,131055,35011.4
8192,65536,8,16,31131
8192,65536,8,32,31125.5
8192,65536,8,64,31128.8
8192,65536,8,128,31129.9
8192,65536,8,256,31136.6
8192,65536,8,512,31150.6
8192,65536,8,1024,31153.8
8192,65536,8,2048,31181.4
8192,65536,8,4096,31244.9
8192,65536,8,8192,31396.5
8192,65536,8,16384,31711
8192,65536,8,32768,32369.5
8192,65536,8,65536,33692.4
8192,65536,8,131055,36736.6
8192,65536,16,16,31173.2
8192,65536,16,32,31174.3
8192,65536,16,64,31171.5
8192,65536,16,128,31177.5
8192,65536,16,256,31180.6
8192,65536,16,512,31196.4
8192,65536,16,1024,31223
8192,65536,16,2048,31288.9
8192,65536,16,4096,31418.1
8192,65536,16,8192,31695.8
8192,65536,16,16384,32382.7
8192,65536,16,32768,33359.2
8192,65536,16,65536,35496.2
8192,65536,16,131055,40831
8192,65536,32,16,31285.4
8192,65536,32,32,31288.8
8192,65536,32,64,31279.6
8192,65536,32,128,31303
8192,65536,32,256,31324.1
8192,65536,32,512,31346.3
8192,65536,32,1024,32046.3
8192,65536,32,2048,31528.1
8192,65536,32,4096,31812.5
8192,65536,32,8192,32493
8192,65536,32,16384,33521.6
8192,65536,32,32768,35538.1
8192,65536,32,65536,39947.6
8192,65536,32,131055,51785.4
8192,65536,64,16,31558.6
8192,65536,64,32,31561.8
8192,65536,64,64,31555.3
8192,65536,64,128,31577.1
8192,65536,64,256,31611.5
8192,65536,64,512,31680
8192,65536,64,1024,31809.8
8192,65536,64,2048,32094
8192,65536,64,4096,32774.5
8192,65536,64,8192,33795.1
8192,65536,64,16384,35763.5
8192,65536,64,32768,39905
8192,65536,64,65536,51331
8192,65536,64,131055,95319.9
16384,0,0,0,7574.07
16384,0,1,16,7589.65
16384,0,1,32,7588.79
16384,0,1,64,7588.46
16384,0,1,128,7588.04
16384,0,1,256,7586.5
16384,0,1,512,7587.34
16384,0,1,1024,7591.26
16384,0,1,2048,7598.27
16384,0,1,4096,7602.94
16384,0,1,8192,7615.86
16384,0,1,16384,7650.46
16384,0,1,32768,8025.04
16384,0,1,65536,8767.21
16384,0,1,131055,10247.3
16384,0,2,16,7600.17
16384,0,2,32,7602.25
16384,0,2,64,7601.68
16384,0,2,128,7602.1
16384,0,2,256,7605.87
16384,0,2,512,7606.28
16384,0,2,1024,7606.24
16384,0,2,2048,7615.59
16384,0,2,4096,7632.45
16384,0,2,8192,7657.62
16384,0,2,16384,7733.23
16384,0,2,32768,8163.23
16384,0,2,65536,9014.02
16384,0,2,131055,10704.7
16384,0,4,16,7629.35
16384,0,4,32,7631.93
16384,0,4,64,7630.56
16384,0,4,128,7634.68
16384,0,4,256,7632.86
16384,0,4,512,7639.12
16384,0,4,1024,7646.25
16384,0,4,2048,7657.89
16384,0,4,4096,7687.09
16384,0,4,8192,7741.2
16384,0,4,16384,7884.18
16384,0,4,32768,8420.08
16384,0,4,65536,9545.56
16384,0,4,131055,11733.9
16384,0,8,16,7688.86
16384,0,8,32,7693.13
16384,0,8,64,7695.13
16384,0,8,128,7696.37
16384,0,8,256,7701.1
16384,0,8,512,7706.95
16384,0,8,1024,7716.95
16384,0,8,2048,7749.05
16384,0,8,4096,7808.14
16384,0,8,8192,7914.03
16384,0,8,16384,8187.29
16384,0,8,32768,9020.55
16384,0,8,65536,10625.4
16384,0,8,131055,14078.8
16384,0,16,16,7823.28
16384,0,16,32,7821.59
16384,0,16,64,7824.96
16384,0,16,128,7829.71
16384,0,16,256,7834.75
16384,0,16,512,7848.62
16384,0,16,1024,7874.39
16384,0,16,2048,7934.44
16384,0,16,4096,8048.41
16384,0,16,8192,8268.06
16384,0,16,16384,8869.73
16384,0,16,32768,10177
16384,0,16,65536,13149.8
16384,0,16,131055,24122.3
16384,0,32,16,8082.98
16384,0,32,32,8081.74
16384,0,32,64,8083.7
16384,0,32,128,8098.13
16384,0,32,256,8106.61
16384,0,32,512,8136.25
16384,0,32,1024,8192.58
16384,0,32,2048,8298.67
16384,0,32,4096,8517.73
16384,0,32,8192,9023.63
16384,0,32,16384,10159.8
16384,0,32,32768,12776.2
16384,0,32,65536,23558.1
16384,0,32,131055,46103.2
16384,0,64,16,8583.91
16384,0,64,32,8581.05
16384,0,64,64,8583.21
16384,0,64,128,8608.33
16384,0,64,256,8649.42
16384,0,64,512,8685.32
16384,0,64,1024,8795.81
16384,0,64,2048,9011.9
16384,0,64,4096,9525.78
16384,0,64,8192,10565.8
16384,0,64,16384,12881.9
16384,0,64,32768,23300.4
16384,0,64,65536,45753.3
16384,0,64,131055,90709.8
16384,16,0,0,7629.25
16384,16,1,16,7643.35
16384,16,1,32,7644.35
16384,16,1,64,7642.97
16384,16,1,128,7645.3
16384,16,1,256,7644.79
16384,16,1,512,7642.59
16384,16,1,1024,7646.31
16384,16,1,2048,7649.28
16384,16,1,4096,7657.02
16384,16,1,8192,7670.57
16384,16,1,16384,7704.64
16384,16,1,32768,8081.38
16384,16,1,65536,8828.11
16384,16,1,131055,10305
16384,16,2,16,7658.35
16384,16,2,32,7659.17
16384,16,2,64,7657.01
16384,16,2,128,7660.6
16384,16,2,256,7659.8
16384,16,2,512,7661.97
16384,16,2,1024,7663.65
16384,16,2,2048,7672.91
16384,16,2,4096,7685.67
16384,16,2,8192,7710
16384,16,2,16384,7787.56
16384,16,2,32768,8215.09
16384,16,2,65536,9066.29
16384,16,2,131055,10766.1
16384,16,4,16,7686.5
16384,16,4,32,7685.52
16384,16,4,64,7689.37
16384,16,4,128,7689.6
16384,16,4,256,7691.39
16384,16,4,512,7691.36
16384,16,4,1024,7703
16384,16,4,2048,7716.21
16384,16,4,4096,7743.52
16384,16,4,8192,7794.68
16384,16,4,16384,7937.28
16384,16,4,32768,8473.61
16384,16,4,65536,9608.2
16384,16,4,131055,11783.3
16384,16,8,16,7749.4
16384,16,8,32,7749.84
16384,16,8,64,7748.69
16384,16,8,128,7748.78
16384,16,8,256,7760.25
16384,16,8,512,7763.18
16384,16,8,1024,7776.84
16384,16,8,2048,7802.07
16384,16,8,4096,7862.88
16384,16,8,8192,7968.59
16384,16,8,16384,8240.57
16384,16,8,32768,9074.26
16384,16,8,65536,10684.7
16384,16,8,131055,14119.1
16384,16,16,16,7879.92
16384,16,16,32,7882.42
16384,16,16,64,7881.56
16384,16,16,128,7886.23
16384,16,16,256,7891.6
16384,16,16,512,7904.22
16384,16,16,1024,7932.94
16384,16,16,2048,7989.24
16384,16,16,4096,8100.41
16384,16,16,8192,8318.75
16384,16,16,16384,8920.45
16384,16,16,32768,10227.9
16384,16,16,65536,13180.2
16384,16,16,131055,24139.3
16384,16,32,16,8143.27
16384,16,32,32,8135.86
16384,16,32,64,8139.37
16384,16,32,128,8150.48
16384,16,32,256,8163.87
16384,16,32,512,8194.2
16384,16,32,1024,8246.09
16384,16,32,2048,8354.15
16384,16,32,4096,8570.59
16384,16,32,8192,9081.98
16384,16,32,16384,10211.6
16384,16,32,32768,12801.4
16384,16,32,65536,23557.7
16384,16,32,131055,46091.7
16384,16,64,16,8637.43
16384,16,64,32,8637.51
16384,16,64,64,8638.14
16384,16,64,128,8664.12
16384,16,64,256,8692.87
16384,16,64,512,8742.4
16384,16,64,1024,8852.95
16384,16,64,2048,9065.38
16384,16,64,4096,9577.98
16384,16,64,8192,10621.7
16384,16,64,16384,12926.3
16384,16,64,32768,23304.6
16384,16,64,65536,45737
16384,16,64,131055,90761.9
16384,32,0,0,7627.61
16384,32,1,16,7641.28
16384,32,1,32,7642.72
16384,32,1,64,7642.26
16384,32,1,128,7647.21
16384,32,1,256,7645.82
16384,32,1,512,7645.44
16384,32,1,1024,7648.88
16384,32,1,2048,7651.09
16384,32,1,4096,7656.81
16384,32,1,8192,7669.62
16384,32,1,16384,7702.81
16384,32,1,32768,8083.66
16384,32,1,65536,8831.14
16384,32,1,131055,10299
16384,32,2,16,7657.6
16384,32,2,32,7657.73
16384,32,2,64,7659.09
16384,32,2,128,7657.74
16384,32,2,256,7658.6
16384,32,2,512,7667.06
16384,32,2,1024,7665.08
16384,32,2,2048,7672.84
16384,32,2,4096,7684.66
16384,32,2,8192,7708.01
16384,32,2,16384,7787.22
16384,32,2,32768,8217.01
16384,32,2,65536,9065.86
16384,32,2,131055,10766.1
16384,32,4,16,7686.62
16384,32,4,32,7685.41
16384,32,4,64,7686.83
16384,32,4,128,7687.24
16384,32,4,256,7689.45
16384,32,4,512,7698.69
16384,32,4,1024,7697.03
16384,32,4,2048,7718.33
16384,32,4,4096,7743.01
16384,32,4,8192,7793.91
16384,32,4,16384,7939.53
16384,32,4,32768,8476.2
16384,32,4,65536,9607.84
16384,32,4,131055,11793.9
16384,32,8,16,7748.07
16384,32,8,32,7748.56
16384,32,8,64,7752.05
16384,32,8,128,7751.92
16384,32,8,256,7754
16384,32,8,512,7761.03
16384,32,8,1024,7779.67
16384,32,8,2048,7803.03
16384,32,8,4096,7860.75
16384,32,8,8192,7968.18
16384,32,8,16384,8240.61
16384,32,8,32768,9067.01
16384,32,8,65536,10681.6
16384,32,8,131055,14118.1
16384,32,16,16,7882.17
16384,32,16,32,7876.59
16384,32,16,64,7880.68
16384,32,16,128,7887.82
16384,32,16,256,7896.14
16384,32,16,512,7904.5
16384,32,16,1024,7933.55
16384,32,16,2048,7989.45
16384,32,16,4096,8100.79
16384,32,16,8192,8321.72
16384,32,16,16384,8921.13
16384,32,16,32768,10229.8
16384,32,16,65536,13184.8
16384,32,16,131055,24132.4
16384,32,32,16,8141.45
16384,32,32,32,8137.43
16384,32,32,64,8140.44
16384,32,32,128,8155.73
16384,32,32,256,8166.17
16384,32,32,512,8193.04
16384,32,32,1024,8246.08
16384,32,32,2048,8355.75
16384,32,32,4096,8576.61
16384,32,32,8192,9080.64
16384,32,32,16384,10208.6
16384,32,32,32768,12802.9
16384,32,32,65536,23571.2
16384,32,32,131055,46129.8
16384,32,64,16,8638.92
16384,32,64,32,8638.33
16384,32,64,64,8638.73
16384,32,64,128,8664.39
16384,32,64,256,8689.75
16384,32,64,512,8744.04
16384,32,64,1024,8856.14
16384,32,64,2048,9065.92
16384,32,64,4096,9582.64
16384,32,64,8192,10626.4
16384,32,64,16384,12921.6
16384,32,64,32768,23307.5
16384,32,64,65536,45761.1
16384,32,64,131055,90758.5
16384,64,0,0,7628.74
16384,64,1,16,7644.21
16384,64,1,32,7644.21
16384,64,1,64,7641.71
16384,64,1,128,7641.94
16384,64,1,256,7644.06
16384,64,1,512,7645.88
16384,64,1,1024,7648.09
16384,64,1,2048,7649.44
16384,64,1,4096,7657.62
16384,64,1,8192,7669.43
16384,64,1,16384,7703.68
16384,64,1,32768,8080.91
16384,64,1,65536,8831.17
16384,64,1,131055,10305.8
16384,64,2,16,7659.29
16384,64,2,32,7660.42
16384,64,2,64,7656.77
16384,64,2,128,7657.9
16384,64,2,256,7659.48
16384,64,2,512,7662.9
16384,64,2,1024,7663.77
16384,64,2,2048,7674.03
16384,64,2,4096,7687.96
16384,64,2,8192,7709.83
16384,64,2,16384,7789.47
16384,64,2,32768,8217.69
16384,64,2,65536,9071.03
16384,64,2,131055,10779
16384,64,4,16,7689.41
16384,64,4,32,7689.52
16384,64,4,64,7685.51
16384,64,4,128,7690.75
16384,64,4,256,7689.22
16384,64,4,512,7696.96
16384,64,4,1024,7699.41
16384,64,4,2048,7714.86
16384,64,4,4096,7743.85
16384,64,4,8192,7795.01
16384,64,4,16384,7940.68
16384,64,4,32768,8471.74
16384,64,4,65536,9601.59
16384,64,4,131055,11788.9
16384,64,8,16,7748.25
16384,64,8,32,7749.31
16384,64,8,64,7751.99
16384,64,8,128,7749.78
16384,64,8,256,7755.63
16384,64,8,512,7765.41
16384,64,8,1024,7777.62
16384,64,8,2048,7800.9
16384,64,8,4096,7864.56
16384,64,8,8192,7968.09
16384,64,8,16384,8239.93
16384,64,8,32768,9069.01
16384,64,8,65536,10680
16384,64,8,131055,14118.3
16384,64,16,16,7885.68
16384,64,16,32,7880.78
16384,64,16,64,7878.55
16384,64,16,128,7883.7
16384,64,16,256,7894.29
16384,64,16,512,7906.68
16384,64,16,1024,7931.19
16384,64,16,2048,7989.15
16384,64,16,4096,8107.97
16384,64,16,8192,8319.87
16384,64,16,16384,8923.11
16384,64,16,32768,10226.1
16384,64,16,65536,13190.9
16384,64,16,131055,24125.1
16384,64,32,16,8138.58
16384,64,32,32,8139.31
16384,64,32,64,8142.33
16384,64,32,128,8155.49
16384,64,32,256,8165.09
16384,64,32,512,8190.15
16384,64,32,1024,8242.05
16384,64,32,2048,8359.7
16384,64,32,4096,8571.85
16384,64,32,8192,9082.35
16384,64,32,16384,10212.3
16384,64,32,32768,12805.3
16384,64,32,65536,23568.8
16384,64,32,131055,46108.3
16384,64,64,16,8640.65
16384,64,64,32,8636.52
16384,64,64,64,8639.55
16384,64,64,128,8663.85
16384,64,64,256,8690.43
16384,64,64,512,8740.18
16384,64,64,1024,8851.4
16384,64,64,2048,9067.98
16384,64,64,4096,9582.53
16384,64,64,8192,10623.6
16384,64,64,16384,12932.3
16384,64,64,32768,23307.6
16384,64,64,65536,45756.7
16384,64,64,131055,90766.1
16384,128,0,0,7684.46
16384,128,1,16,7699.91
16384,128,1,32,7698.53
16384,128,1,64,7699.02
16384,128,1,128,7697.83
16384,128,1,256,7699.54
16384,128,1,512,7701.66
16384,128,1,1024,7702.5
16384,128,1,2048,7706.58
16384,128,1,4096,7714.5
16384,128,1,8192,7724.32
16384,128,1,16384,7758.16
16384,128,1,32768,8139.84
16384,128,1,65536,8887.89
16384,128,1,131055,10352.1
16384,128,2,16,7715.92
16384,128,2,32,7715.48
16384,128,2,64,7709.34
16384,128,2,128,7711.81
16384,128,2,256,7714.22
16384,128,2,512,7717.61
16384,128,2,1024,7721.21
16384,128,2,2048,7725.14
16384,128,2,4096,7742.18
16384,128,2,8192,7768.26
16384,128,2,16384,7844.03
16384,128,2,32768,8277.91
16384,128,2,65536,9129.77
16384,128,2,131055,10824.4
16384,128,4,16,7743.12
16384,128,4,32,7744.35
16384,128,4,64,7743
16384,128,4,128,7743.45
16384,128,4,256,7745.8
16384,128,4,512,7749.49
16384,128,4,1024,7758.11
16384,128,4,2048,7770.28
16384,128,4,4096,7799.92
16384,128,4,8192,7853.01
16384,128,4,16384,7996.88
16384,128,4,32768,8529.6
16384,128,4,65536,9663.52
16384,128,4,131055,11844.3
16384,128,8,16,7806.36
16384,128,8,32,7803.84
16384,128,8,64,7806.87
16384,128,8,128,7808.56
16384,128,8,256,7808.71
16384,128,8,512,7820.99
16384,128,8,1024,7833.63
16384,128,8,2048,7855.61
16384,128,8,4096,7915.37
16384,128,8,8192,8025.47
16384,128,8,16384,8296.95
16384,128,8,32768,9130.24
16384,128,8,65536,10736.1
16384,128,8,131055,14169.7
16384,128,16,16,7936.77
16384,128,16,32,7934.73
16384,128,16,64,7937.46
16384,128,16,128,7942.12
16384,128,16,256,7946.81
16384,128,16,512,7960.26
16384,128,16,1024,7985.81
16384,128,16,2048,8043.47
16384,128,16,4096,8157.81
16384,128,16,8192,8371.71
16384,128,16,16384,8980.28
16384,128,16,32768,10287
16384,128,16,65536,13217.2
16384,128,16,131055,24149.9
16384,128,32,16,8194.55
16384,128,32,32,8194.85
16384,128,32,64,8199.79
16384,128,32,128,8209.67
16384,128,32,256,8221.71
16384,128,32,512,8246.52
16384,128,32,1024,8299.04
16384,128,32,2048,8407.69
16384,128,32,4096,8628.33
16384,128,32,8192,9128.54
16384,128,32,16384,10266.6
16384,128,32,32768,12839.8
16384,128,32,65536,23569.7
16384,128,32,131055,46117.2
16384,128,64,16,8690.12
16384,128,64,32,8693.28
16384,128,64,64,8693.34
16384,128,64,128,8720.19
16384,128,64,256,8746.4
16384,128,64,512,8801.17
16384,128,64,1024,8907.83
16384,128,64,2048,9123.65
16384,128,64,4096,9638.93
16384,128,64,8192,10677.2
16384,128,64,16384,12979.1
16384,128,64,32768,23308
16384,128,64,65536,45759.6
16384,128,64,131055,90748.1
16384,256,0,0,7793.47
16384,256,1,16,7815.02
16384,256,1,32,7811.27
16384,256,1,64,7812.32
16384,256,1,128,7814.84
16384,256,1,256,7814.16
16384,256,1,512,7813.62
16384,256,1,1024,7813.5
16384,256,1,2048,7817.94
16384,256,1,4096,7827.32
16384,256,1,8192,7838.96
16384,256,1,16384,7869.59
16384,256,1,32768,8248.33
16384,256,1,65536,8999.19
16384,256,1,131055,10459.9
16384,256,2,16,7828.51
16384,256,2,32,7827.67
16384,256,2,64,7827.47
16384,256,2,128,7824.89
16384,256,2,256,7829.42
16384,256,2,512,7830.75
16384,256,2,1024,7835.43
16384,256,2,2048,7838.1
16384,256,2,4096,7854.45
16384,256,2,8192,7877.29
16384,256,2,16384,7954.37
16384,256,2,32768,8383.4
16384,256,2,65536,9235.11
16384,256,2,131055,10943.9
16384,256,4,16,7854.03
16384,256,4,32,7853.89
16384,256,4,64,7856.35
16384,256,4,128,7856.27
16384,256,4,256,7858.4
16384,256,4,512,7860.92
16384,256,4,1024,7868.06
16384,256,4,2048,7881.14
16384,256,4,4096,7908.85
16384,256,4,8192,7963.6
16384,256,4,16384,8105.24
16384,256,4,32768,8638.39
16384,256,4,65536,9772.56
16384,256,4,131055,11959.5
16384,256,8,16,7912.84
16384,256,8,32,7915.96
16384,256,8,64,7915.39
16384,256,8,128,7918.86
16384,256,8,256,7924.56
16384,256,8,512,7928.45
16384,256,8,1024,7943.66
16384,256,8,2048,7969.85
16384,256,8,4096,8031.54
16384,256,8,8192,8135.29
16384,256,8,16384,8404.54
16384,256,8,32768,9235.36
16384,256,8,65536,10846.5
16384,256,8,131055,14249.5
16384,256,16,16,8047.22
16384,256,16,32,8045.55
16384,256,16,64,8045.05
16384,256,16,128,8052.29
16384,256,16,256,8058.59
16384,256,16,512,8072.86
16384,256,16,1024,8101.35
16384,256,16,2048,8160.54
16384,256,16,4096,8270.37
16384,256,16,8192,8486.68
16384,256,16,16384,9085.31
16384,256,16,32768,10394.8
16384,256,16,65536,13282.3
16384,256,16,131055,24149.7
16384,256,32,16,8308.34
16384,256,32,32,8308.7
16384,256,32,64,8306.22
16384,256,32,128,8320.08
16384,256,32,256,8332.14
16384,256,32,512,8357.53
16384,256,32,1024,8412.2
16384,256,32,2048,8524.4
16384,256,32,4096,8739.59
16384,256,32,8192,9243.69
16384,256,32,16384,10369.7
16384,256,32,32768,12899.4
16384,256,32,65536,23579.1
16384,256,32,131055,46140.2
16384,256,64,16,8806.84
16384,256,64,32,8802.09
16384,256,64,64,8805.64
16384,256,64,128,8831.3
16384,256,64,256,8856.56
16384,256,64,512,8910.57
16384,256,64,1024,9018.65
16384,256,64,2048,9233.64
16384,256,64,4096,9748.66
16384,256,64,8192,10788
16384,256,64,16384,13078.3
16384,256,64,32768,23316.1
16384,256,64,65536,45753.8
16384,256,64,131055,90744.3
16384,512,0,0,8019.76
16384,512,1,16,8036.31
16384,512,1,32,8029.26
16384,512,1,64,8032.99
16384,512,1,128,8032.1
16384,512,1,256,8034.45
16384,512,1,512,8036.11
16384,512,1,1024,8036.79
16384,512,1,2048,8042.39
16384,512,1,4096,8047.84
16384,512,1,8192,8060.11
16384,512,1,16384,8281.89
16384,512,1,32768,8464.09
16384,512,1,65536,9217.04
16384,512,1,131055,10682.7
16384,512,2,16,8049.7
16384,512,2,32,8052.42
16384,512,2,64,8048.66
16384,512,2,128,8048.17
16384,512,2,256,8052.62
16384,512,2,512,8049.6
16384,512,2,1024,8054.56
16384,512,2,2048,8062.13
16384,512,2,4096,8081.28
16384,512,2,8192,8105.64
16384,512,2,16384,8171.08
16384,512,2,32768,8603.73
16384,512,2,65536,9450.27
16384,512,2,131055,11162.4
16384,512,4,16,8073.65
16384,512,4,32,8073.9
16384,512,4,64,8075.23
16384,512,4,128,8078.15
16384,512,4,256,8077.93
16384,512,4,512,8083.28
16384,512,4,1024,8092.28
16384,512,4,2048,8106.95
16384,512,4,4096,8131.7
16384,512,4,8192,8186.39
16384,512,4,16384,8321.16
16384,512,4,32768,8861.55
16384,512,4,65536,9994.86
16384,512,4,131055,12190.2
16384,512,8,16,8139.09
16384,512,8,32,8138.26
16384,512,8,64,8137.15
16384,512,8,128,8142.95
16384,512,8,256,8148.55
16384,512,8,512,8151.14
16384,512,8,1024,8168.06
16384,512,8,2048,8192.89
16384,512,8,4096,8254.55
16384,512,8,8192,8358.93
16384,512,8,16384,8625.01
16384,512,8,32768,9458.83
16384,512,8,65536,11063
16384,512,8,131055,14426.9
16384,512,16,16,8270.98
16384,512,16,32,8270.15
16384,512,16,64,8271.67
16384,512,16,128,8279.27
16384,512,16,256,8281.71
16384,512,16,512,8298.21
16384,512,16,1024,8321.54
16384,512,16,2048,8379.76
16384,512,16,4096,8495.52
16384,512,16,8192,8708.42
16384,512,16,16384,9313.79
16384,512,16,32768,10610.9
16384,512,16,65536,13425.1
16384,512,16,131055,24187.7
16384,512,32,16,8529.33
16384,512,32,32,8529.32
16384,512,32,64,8532.11
16384,512,32,128,8541.35
16384,512,32,256,8558.08
16384,512,32,512,8586.82
16384,512,32,1024,8639.35
16384,512,32,2048,8742.79
16384,512,32,4096,8960.34
16384,512,32,8192,9468.16
16384,512,32,16384,10591.5
16384,512,32,32768,13063.4
16384,512,32,65536,23600.9
16384,512,32,131055,46141.5
16384,512,64,16,9025.7
16384,512,64,32,9025.25
16384,512,64,64,9027.64
16384,512,64,128,9049.38
16384,512,64,256,9079.09
16384,512,64,512,9131.46
16384,512,64,1024,9244.71
16384,512,64,2048,9460.57
16384,512,64,4096,9971.12
16384,512,64,8192,11003.2
16384,512,64,16384,13282.6
16384,512,64,32768,23324.8
16384,512,64,65536,45765.4
16384,512,64,131055,90763.3
16384,1024,0,0,8463.95
16384,1024,1,16,8478.39
16384,1024,1,32,8478.52
16384,1024,1,64,8481.41
16384,1024,1,128,8480.16
16384,1024,1,256,8478.26
16384,1024,1,512,8477.27
16384,1024,1,1024,8480.7
16384,1024,1,2048,8484.83
16384,1024,1,4096,8491.46
16384,1024,1,8192,8507.38
16384,1024,1,16384,8535.46
16384,1024,1,32768,8903.08
16384,1024,1,65536,9658.77
16384,1024,1,131055,11117.6
16384,1024,2,16,8494.19
16384,1024,2,32,8493.77
16384,1024,2,64,8493.24
16384,1024,2,128,8495.22
16384,1024,2,256,8494.95
16384,1024,2,512,8495.72
16384,1024,2,1024,8504.31
16384,1024,2,2048,8506.02
16384,1024,2,4096,8522.93
16384,1024,2,8192,8551.21
16384,1024,2,16384,8605.49
16384,1024,2,32768,9038.3
16384,1024,2,65536,9893.56
16384,1024,2,131055,11607.4
16384,1024,4,16,8522.36
16384,1024,4,32,8524.84
16384,1024,4,64,8524.64
16384,1024,4,128,8524.56
16384,1024,4,256,8525.8
16384,1024,4,512,8531.43
16384,1024,4,1024,8539.06
16384,1024,4,2048,8553.53
16384,1024,4,4096,8580.37
16384,1024,4,8192,8633.21
16384,1024,4,16384,8759.09
16384,1024,4,32768,9301.46
16384,1024,4,65536,10430.8
16384,1024,4,131055,12629.2
16384,1024,8,16,8589.91
16384,1024,8,32,8586.18
16384,1024,8,64,8586.29
16384,1024,8,128,8587.25
16384,1024,8,256,8592.99
16384,1024,8,512,8602.37
16384,1024,8,1024,8613.29
16384,1024,8,2048,8639.59
16384,1024,8,4096,8699.61
16384,1024,8,8192,8808.09
16384,1024,8,16384,9060.25
16384,1024,8,32768,9898.54
16384,1024,8,65536,11507
16384,1024,8,131055,14784.8
16384,1024,16,16,8720.57
16384,1024,16,32,8718.03
16384,1024,16,64,8719.11
16384,1024,16,128,8726.13
16384,1024,16,256,8730.59
16384,1024,16,512,8745.32
16384,1024,16,1024,8772.94
16384,1024,16,2048,8829.76
16384,1024,16,4096,8935.45
16384,1024,16,8192,9154.06
16384,1024,16,16384,9743.29
16384,1024,16,32768,11052.2
16384,1024,16,65536,13769.9
16384,1024,16,131055,24243.8
16384,1024,32,16,8979.37
16384,1024,32,32,8975.86
16384,1024,32,64,8978.66
16384,1024,32,128,8991
16384,1024,32,256,9005.16
16384,1024,32,512,9029.33
16384,1024,32,1024,9084.05
16384,1024,32,2048,9188.71
16384,1024,32,4096,9406.4
16384,1024,32,8192,9913.49
16384,1024,32,16384,11030
16384,1024,32,32768,13465.1
16384,1024,32,65536,23629.1
16384,1024,32,131055,46186.4
16384,1024,64,16,9469.13
16384,1024,64,32,9469.5
16384,1024,64,64,9470.66
16384,1024,64,128,9500.58
16384,1024,64,256,9523.07
16384,1024,64,512,9575.53
16384,1024,64,1024,9683.58
16384,1024,64,2048,9901.9
16384,1024,64,4096,10420.5
16384,1024,64,8192,11441.7
16384,1024,64,16384,13708
16384,1024,64,32768,23349.2
16384,1024,64,65536,45795.1
16384,1024,64,131055,90779.4
16384,2048,0,0,9357.24
16384,2048,1,16,9376.31
16384,2048,1,32,9371.02
16384,2048,1,64,9372.24
16384,2048,1,128,9375.78
16384,2048,1,256,9376
16384,2048,1,512,9374.36
16384,2048,1,1024,9376.26
16384,2048,1,2048,9382.56
16384,2048,1,4096,9389.65
16384,2048,1,8192,9403.09
16384,2048,1,16384,9427.93
16384,2048,1,32768,9775.75
16384,2048,1,65536,10530
16384,2048,1,131055,12008.7
16384,2048,2,16,9392.03
16384,2048,2,32,9391.74
16384,2048,2,64,9389.79
16384,2048,2,128,9387.38
16384,2048,2,256,9392.6
16384,2048,2,512,9392.92
16384,2048,2,1024,9398.15
16384,2048,2,2048,9403.31
16384,2048,2,4096,9416.32
16384,2048,2,8192,9449.62
16384,2048,2,16384,9501.91
16384,2048,2,32768,9916.54
16384,2048,2,65536,10772.2
16384,2048,2,131055,12497.9
16384,2048,4,16,9417.46
16384,2048,4,32,9418.94
16384,2048,4,64,9416.71
16384,2048,4,128,9419.43
16384,2048,4,256,9419.12
16384,2048,4,512,9423.07
16384,2048,4,1024,9430.66
16384,2048,4,2048,9448.05
16384,2048,4,4096,9474.07
16384,2048,4,8192,9529.72
16384,2048,4,16384,9642.3
16384,2048,4,32768,10176.8
16384,2048,4,65536,11315.1
16384,2048,4,131055,13532.7
16384,2048,8,16,9480.72
16384,2048,8,32,9484.75
16384,2048,8,64,9482.76
16384,2048,8,128,9485.89
16384,2048,8,256,9492.43
16384,2048,8,512,9492.23
16384,2048,8,1024,9733.97
16384,2048,8,2048,9538.26
16384,2048,8,4096,9593.72
16384,2048,8,8192,9706.51
16384,2048,8,16384,9936.49
16384,2048,8,32768,10778.7
16384,2048,8,65536,12399.3
16384,2048,8,131055,15609.5
16384,2048,16,16,9614.92
16384,2048,16,32,9613.71
16384,2048,16,64,9613.71
16384,2048,16,128,9618.54
16384,2048,16,256,9629.42
16384,2048,16,512,9643.06
16384,2048,16,1024,9882.72
16384,2048,16,2048,9721.03
16384,2048,16,4096,9834.49
16384,2048,16,8192,10052.6
16384,2048,16,16384,10622.1
16384,2048,16,32768,11931.7
16384,2048,16,65536,14615.5
16384,2048,16,131055,24361.6
16384,2048,32,16,9868.78
16384,2048,32,32,10264.8
16384,2048,32,64,9872.22
16384,2048,32,128,9883.86
16384,2048,32,256,10153.7
16384,2048,32,512,9925.38
16384,2048,32,1024,9972.46
16384,2048,32,2048,10080.8
16384,2048,32,4096,10301
16384,2048,32,8192,10811
16384,2048,32,16384,11901.3
16384,2048,32,32768,14319.8
16384,2048,32,65536,23692.1
16384,2048,32,131055,46283.3
16384,2048,64,16,10355.3
16384,2048,64,32,10355.3
16384,2048,64,64,10353.4
16384,2048,64,128,10381.6
16384,2048,64,256,10407.4
16384,2048,64,512,10459.8
16384,2048,64,1024,10571.6
16384,2048,64,2048,10792
16384,2048,64,4096,11312.8
16384,2048,64,8192,12326.1
16384,2048,64,16384,14567.5
16384,2048,64,32768,23460.7
16384,2048,64,65536,45835.9
16384,2048,64,131055,90771.1
16384,4096,0,0,11148.5
16384,4096,1,16,11165.5
16384,4096,1,32,11161.8
16384,4096,1,64,11162.7
16384,4096,1,128,11165
16384,4096,1,256,11160.4
16384,4096,1,512,11167.1
16384,4096,1,1024,11164.1
16384,4096,1,2048,11170.9
16384,4096,1,4096,11178.4
16384,4096,1,8192,11190
16384,4096,1,16384,11221.1
16384,4096,1,32768,11523.2
16384,4096,1,65536,12279.9
16384,4096,1,131055,13759.3
16384,4096,2,16,11181.6
16384,4096,2,32,11177.8
16384,4096,2,64,11184.1
16384,4096,2,128,11179.3
16384,4096,2,256,11181.1
16384,4096,2,512,11186.1
16384,4096,2,1024,11186.7
16384,4096,2,2048,11195.4
16384,4096,2,4096,11206.3
16384,4096,2,8192,11238.3
16384,4096,2,16384,11289.9
16384,4096,2,32768,11662.1
16384,4096,2,65536,12521.2
16384,4096,2,131055,14270.8
16384,4096,4,16,11212.7
16384,4096,4,32,11210.2
16384,4096,4,64,11210.7
16384,4096,4,128,11219.8
16384,4096,4,256,11215
16384,4096,4,512,11216.1
16384,4096,4,1024,11225.7
16384,4096,4,2048,11238.2
16384,4096,4,4096,11267.3
16384,4096,4,8192,11323
16384,4096,4,16384,11433.7
16384,4096,4,32768,11919.8
16384,4096,4,65536,13078.1
16384,4096,4,131055,15309
16384,4096,8,16,11275.6
16384,4096,8,32,11277.6
16384,4096,8,64,11275.8
16384,4096,8,128,11279.6
16384,4096,8,256,11280.8
16384,4096,8,512,11292.4
16384,4096,8,1024,11303.8
16384,4096,8,2048,11332.5
16384,4096,8,4096,11385.8
16384,4096,8,8192,11499.9
16384,4096,8,16384,11719.9
16384,4096,8,32768,12531.4
16384,4096,8,65536,14162.1
16384,4096,8,131055,17358.5
16384,4096,16,16,11405.2
16384,4096,16,32,11406.4
16384,4096,16,64,11402.5
16384,4096,16,128,11412.7
16384,4096,16,256,11420.3
16384,4096,16,512,11431.4
16384,4096,16,1024,11459.7
16384,4096,16,2048,11513.9
16384,4096,16,4096,11626.7
16384,4096,16,8192,11845.3
16384,4096,16,16384,12378.3
16384,4096,16,32768,13674.4
16384,4096,16,65536,16329
16384,4096,16,131055,24607.3
16384,4096,32,16,11649.6
16384,4096,32,32,11649.2
16384,4096,32,64,11647.8
16384,4096,32,128,11661.2
16384,4096,32,256,11672.7
16384,4096,32,512,11697.2
16384,4096,32,1024,11748.7
16384,4096,32,2048,11856
16384,4096,32,4096,12072.1
16384,4096,32,8192,12601.8
16384,4096,32,16384,13630.1
16384,4096,32,32768,16056.2
16384,4096,32,65536,23814.2
16384,4096,32,131055,46361.3
16384,4096,64,16,12123.6
16384,4096,64,32,12125.4
16384,4096,64,64,12128.1
16384,4096,64,128,12153.5
16384,4096,64,256,12179.5
16384,4096,64,512,12234
16384,4096,64,1024,12338
16384,4096,64,2048,12565.8
16384,4096,64,4096,13088.8
16384,4096,64,8192,14096.6
16384,4096,64,16384,16316
16384,4096,64,32768,23876.9
16384,4096,64,65536,45993.5
16384,4096,64,131055,90842.6
16384,8192,0,0,14723.1
16384,8192,1,16,14746
16384,8192,1,32,14746.1
16384,8192,1,64,14739.4
16384,8192,1,128,14746.3
16384,8192,1,256,14742.5
16384,8192,1,512,14744
16384,8192,1,1024,14745.3
16384,8192,1,2048,14751.9
16384,8192,1,4096,14752.4
16384,8192,1,8192,14771
16384,8192,1,16384,14796.7
16384,8192,1,32768,15026.3
16384,8192,1,65536,15786.2
16384,8192,1,131055,17272.9
16384,8192,2,16,14753.3
16384,8192,2,32,14756.5
16384,8192,2,64,14755.1
16384,8192,2,128,14756.1
16384,8192,2,256,14760.3
16384,8192,2,512,14766.5
16384,8192,2,1024,14762.9
16384,8192,2,2048,14775.1
16384,8192,2,4096,14786.3
16384,8192,2,8192,14814.4
16384,8192,2,16384,14863.5
16384,8192,2,32768,15170.9
16384,8192,2,65536,16024.5
16384,8192,2,131055,17824.8
16384,8192,4,16,14786.4
16384,8192,4,32,14786.1
16384,8192,4,64,14782.3
16384,8192,4,128,14788.2
16384,8192,4,256,14787.9
16384,8192,4,512,14792.7
16384,8192,4,1024,14796.5
16384,8192,4,2048,14813.6
16384,8192,4,4096,14840.6
16384,8192,4,8192,14898.2
16384,8192,4,16384,15004.6
16384,8192,4,32768,15431.2
16384,8192,4,65536,16612.1
16384,8192,4,131055,18869
16384,8192,8,16,14842.6
16384,8192,8,32,14843.3
16384,8192,8,64,14842.9
16384,8192,8,128,14846.1
16384,8192,8,256,14846.8
16384,8192,8,512,14850.4
16384,8192,8,1024,14863.5
16384,8192,8,2048,14898.4
16384,8192,8,4096,14950.2
16384,8192,8,8192,15068.3
16384,8192,8,16384,15283.2
16384,8192,8,32768,16071.9
16384,8192,8,65536,17697.5
16384,8192,8,131055,20909.6
16384,8192,16,16,14962.7
16384,8192,16,32,14957.2
16384,8192,16,64,14958
16384,8192,16,128,14965.5
16384,8192,16,256,14969.1
16384,8192,16,512,14983.8
16384,8192,16,1024,15007.5
16384,8192,16,2048,15064.9
16384,8192,16,4096,15171.9
16384,8192,16,8192,15400.3
16384,8192,16,16384,15912.4
16384,8192,16,32768,17225.8
16384,8192,16,65536,19819.8
16384,8192,16,131055,25791
16384,8192,32,16,15195.7
16384,8192,32,32,15199.1
16384,8192,32,64,15196.7
16384,8192,32,128,15208.6
16384,8192,32,256,15228.3
16384,8192,32,512,15249.2
16384,8192,32,1024,15303.6
16384,8192,32,2048,15406.2
16384,8192,32,4096,15631.9
16384,8192,32,8192,16160
16384,8192,32,16384,17185.9
16384,8192,32,32768,19530.7
16384,8192,32,65536,24999.8
16384,8192,32,131055,46677.2
16384,8192,64,16,15680.8
16384,8192,64,32,15684
16384,8192,64,64,15684
16384,8192,64,128,15710.1
16384,8192,64,256,15737.4
16384,8192,64,512,15787
16384,8192,64,1024,15893.1
16384,8192,64,2048,16121.6
16384,8192,64,4096,16662.5
16384,8192,64,8192,17671
16384,8192,64,16384,19839.6
16384,8192,64,32768,24706.6
16384,8192,64,65536,46305.9
16384,8192,64,131055,92492.4
16384,16384,0,0,21883.5
16384,16384,1,16,21900
16384,16384,1,32,21896
16384,16384,1,64,21892.5
16384,16384,1,128,21901.6
16384,16384,1,256,21900.6
16384,16384,1,512,21896.5
16384,16384,1,1024,21900.9
16384,16384,1,2048,21900.2
16384,16384,1,4096,21910.2
16384,16384,1,8192,21924.5
16384,16384,1,16384,21952.4
16384,16384,1,32768,22034.2
16384,16384,1,65536,22769.3
16384,16384,1,131055,24304.9
16384,16384,2,16,21905.5
16384,16384,2,32,21909.6
16384,16384,2,64,21912.5
16384,16384,2,128,21914.7
16384,16384,2,256,21914.7
16384,16384,2,512,21919
16384,16384,2,1024,21918.4
16384,16384,2,2048,21921.9
16384,16384,2,4096,21947.5
16384,16384,2,8192,21970.1
16384,16384,2,16384,22031.6
16384,16384,2,32768,22182
16384,16384,2,65536,23063.7
16384,16384,2,131055,24930.7
16384,16384,4,16,21939.4
16384,16384,4,32,21936
16384,16384,4,64,21931.1
16384,16384,4,128,21933.2
16384,16384,4,256,21938.8
16384,16384,4,512,21942
16384,16384,4,1024,21949.8
16384,16384,4,2048,21968.6
16384,16384,4,4096,21995
16384,16384,4,8192,22049.2
16384,16384,4,16384,22162
16384,16384,4,32768,22457.3
16384,16384,4,65536,23704.1
16384,16384,4,131055,25981
16384,16384,8,16,22001.9
16384,16384,8,32,21993.4
16384,16384,8,64,21987.2
16384,16384,8,128,21998.3
16384,16384,8,256,22001
16384,16384,8,512,22002.2
16384,16384,8,1024,22024.6
16384,16384,8,2048,22056
16384,16384,8,4096,22101.8
16384,16384,8,8192,22218.7
16384,16384,8,16384,22451.2
16384,16384,8,32768,23135.5
16384,16384,8,65536,24784.7
16384,16384,8,131055,28043.2
16384,16384,16,16,22137.4
16384,16384,16,32,22129.8
16384,16384,16,64,22125.4
16384,16384,16,128,22134.7
16384,16384,16,256,22142.4
16384,16384,16,512,22164.8
16384,16384,16,1024,22183.6
16384,16384,16,2048,22245.1
16384,16384,16,4096,22347.9
16384,16384,16,8192,22566.4
16384,16384,16,16384,23104.1
16384,16384,16,32768,24264
16384,16384,16,65536,26885.1
16384,16384,16,131055,32127.3
16384,16384,32,16,22357
16384,16384,32,32,22360.7
16384,16384,32,64,22358.3
16384,16384,32,128,22379.3
16384,16384,32,256,22389.7
16384,16384,32,512,22411.7
16384,16384,32,1024,22472.4
16384,16384,32,2048,22589
16384,16384,32,4096,22803.4
16384,16384,32,8192,23363.6
16384,16384,32,16384,24341.3
16384,16384,32,32768,26517.1
16384,16384,32,65536,31334.3
16384,16384,32,131055,47238.7
16384,16384,64,16,22843.4
16384,16384,64,32,22842
16384,16384,64,64,22843.5
16384,16384,64,128,22876.4
16384,16384,64,256,22905.8
16384,16384,64,512,22957.9
16384,16384,64,1024,23063.7
16384,16384,64,2048,23292.5
16384,16384,64,4096,23845.3
16384,16384,64,8192,24868.7
16384,16384,64,16384,26890.5
16384,16384,64,32768,31309.9
16384,16384,64,65536,47400.6
16384,16384,64,131055,94794.3
16384,32768,0,0,36380.9
16384,32768,1,16,36392.9
16384,32768,1,32,36398.8
16384,32768,1,64,36386
16384,32768,1,128,36387.7
16384,32768,1,256,36385.4
16384,32768,1,512,36384.9
16384,32768,1,1024,36399.4
16384,32768,1,2048,36404.3
16384,32768,1,4096,36388.5
16384,32768,1,8192,36414.4
16384,32768,1,16384,36437.6
16384,32768,1,32768,36511.6
16384,32768,1,65536,36957.6
16384,32768,1,131055,38502.8
16384,32768,2,16,36403.4
16384,32768,2,32,36388.3
16384,32768,2,64,36406
16384,32768,2,128,36384.4
16384,32768,2,256,36387.2
16384,32768,2,512,36392.4
16384,32768,2,1024,36410.5
16384,32768,2,2048,36417.3
16384,32768,2,4096,36426.7
16384,32768,2,8192,36449.1
16384,32768,2,16384,36522.3
16384,32768,2,32768,36630.2
16384,32768,2,65536,37245.1
16384,32768,2,131055,39161.2
16384,32768,4,16,36421.8
16384,32768,4,32,36415
16384,32768,4,64,36419.7
16384,32768,4,128,36420.2
16384,32768,4,256,36418.4
16384,32768,4,512,36424.7
16384,32768,4,1024,36429.2
16384,32768,4,2048,36445.1
16384,32768,4,4096,36472.7
16384,32768,4,8192,36529.6
16384,32768,4,16384,36655.8
16384,32768,4,32768,36874.1
16384,32768,4,65536,37925.3
16384,32768,4,131055,40239.1
16384,32768,8,16,36486.4
16384,32768,8,32,36484.8
16384,32768,8,64,36474.8
16384,32768,8,128,36485.1
16384,32768,8,256,36482.7
16384,32768,8,512,36491.6
16384,32768,8,1024,36506.3
16384,32768,8,2048,36532.9
16384,32768,8,4096,36587.2
16384,32768,8,8192,36692.8
16384,32768,8,16384,36936.3
16384,32768,8,32768,37474.6
16384,32768,8,65536,38985.9
16384,32768,8,131055,42257.2
16384,32768,16,16,36588.1
16384,32768,16,32,36575.2
16384,32768,16,64,36597.5
16384,32768,16,128,36591.1
16384,32768,16,256,36591.9
16384,32768,16,512,36621.7
16384,32768,16,1024,36647.6
16384,32768,16,2048,36693.7
16384,32768,16,4096,36813.9
16384,32768,16,8192,37013.6
16384,32768,16,16384,37593.9
16384,32768,16,32768,38587.1
16384,32768,16,65536,41110.1
16384,32768,16,131055,46325.3
16384,32768,32,16,36799.8
16384,32768,32,32,36798.3
16384,32768,32,64,36809.2
16384,32768,32,128,36821.6
16384,32768,32,256,36823.6
16384,32768,32,512,36863.2
16384,32768,32,1024,36927.3
16384,32768,32,2048,37031.8
16384,32768,32,4096,37247
16384,32768,32,8192,37792.7
16384,32768,32,16384,38820.7
16384,32768,32,32768,40753.3
16384,32768,32,65536,45389.5
16384,32768,32,131055,54884.4
16384,32768,64,16,37293.4
16384,32768,64,32,37294.5
16384,32768,64,64,37288.7
16384,32768,64,128,37319.3
16384,32768,64,256,37355.5
16384,32768,64,512,37405.9
16384,32768,64,1024,37507.6
16384,32768,64,2048,37733.1
16384,32768,64,4096,38256.8
16384,32768,64,8192,39279.1
16384,32768,64,16384,41346.6
16384,32768,64,32768,45566.3
16384,32768,64,65536,54331.1
16384,32768,64,131055,95112
16384,65536,0,0,65473.7
16384,65536,1,16,65493.5
16384,65536,1,32,65500.1
16384,65536,1,64,65493.4
16384,65536,1,128,65491.7
16384,65536,1,256,65500.1
16384,65536,1,512,65483.3
16384,65536,1,1024,65497.7
16384,65536,1,2048,65490.1
16384,65536,1,4096,65505.8
16384,65536,1,8192,65515.2
16384,65536,1,16384,65544.4
16384,65536,1,32768,65604
16384,65536,1,65536,65679.4
16384,65536,1,131055,66951.8
16384,65536,2,16,65517.8
16384,65536,2,32,65504.1
16384,65536,2,64,65500
16384,65536,2,128,65506.1
16384,65536,2,256,65504
16384,65536,2,512,65513.3
16384,65536,2,1024,65509.9
16384,65536,2,2048,65514.5
16384,65536,2,4096,65533.2
16384,65536,2,8192,65550.3
16384,65536,2,16384,65610
16384,65536,2,32768,65720.8
16384,65536,2,65536,65936.1
16384,65536,2,131055,67840
16384,65536,4,16,65533.6
16384,65536,4,32,65523.5
16384,65536,4,64,65524.1
16384,65536,4,128,65520.8
16384,65536,4,256,65527.5
16384,65536,4,512,65531.2
16384,65536,4,1024,65541.9
16384,65536,4,2048,65579.7
16384,65536,4,4096,65583.2
16384,65536,4,8192,65656.5
16384,65536,4,16384,65758.6
16384,65536,4,32768,66000.6
16384,65536,4,65536,66598.7
16384,65536,4,131055,68796.8
16384,65536,8,16,65576.7
16384,65536,8,32,65579.9
16384,65536,8,64,65573.5
16384,65536,8,128,65592.2
16384,65536,8,256,65582
16384,65536,8,512,65603.3
16384,65536,8,1024,65611.6
16384,65536,8,2048,65631.9
16384,65536,8,4096,65694.3
16384,65536,8,8192,65789.8
16384,65536,8,16384,66009.8
16384,65536,8,32768,66616.7
16384,65536,8,65536,67465.9
16384,65536,8,131055,71045.4
16384,65536,16,16,65689.3
16384,65536,16,32,65686.6
16384,65536,16,64,65689.2
16384,65536,16,128,65691.5
16384,65536,16,256,65697.9
16384,65536,16,512,65706.1
16384,65536,16,1024,65726
16384,65536,16,2048,65779.5
16384,65536,16,4096,65900.2
16384,65536,16,8192,66145
16384,65536,16,16384,66664
16384,65536,16,32768,67728.1
16384,65536,16,65536,69857.7
16384,65536,16,131055,74933
16384,65536,32,16,65898.3
16384,65536,32,32,65907.3
16384,65536,32,64,65907.7
16384,65536,32,128,65907.1
16384,65536,32,256,65943
16384,65536,32,512,65961
16384,65536,32,1024,66019.4
16384,65536,32,2048,66119.9
16384,65536,32,4096,66366
16384,65536,32,8192,66875.4
16384,65536,32,16384,67916.1
16384,65536,32,32768,69964.2
16384,65536,32,65536,74143.9
16384,65536,32,131055,83505.1
16384,65536,64,16,66376.9
16384,65536,64,32,66382.6
16384,65536,64,64,66383.6
16384,65536,64,128,66408.3
16384,65536,64,256,66454
16384,65536,64,512,66500.5
16384,65536,64,1024,66609.8
16384,65536,64,2048,66859.8
16384,65536,64,4096,67400.5
16384,65536,64,8192,68379.7
16384,65536,64,16384,70423
16384,65536,64,32768,74668
16384,65536,64,65536,83335.4
16384,65536,64,131055,101431
