pc,n_label,skew_rate_label,kv_big_label,kp_label,alpha,n_samples
0,n<=128,sr<=15%,kvB<=16k,kp=0,0.0871,4
0,n<=128,sr<=15%,kvB<=1k,kp=0,0.0748,4
0,n<=128,sr<=15%,kvB<=4k,kp=0,0.0213,4
0,n<=128,sr<=15%,kvB<=64k,kp=0,0.0267,4
0,n<=128,sr<=40%,kvB<=16k,kp=0,0.1561,2
0,n<=128,sr<=40%,kvB<=1k,kp=0,0.1041,2
0,n<=128,sr<=40%,kvB<=4k,kp=0,-0.0291,2
0,n<=128,sr<=40%,kvB<=64k,kp=0,0.0157,2
0,n<=128,sr<=5%,kvB<=16k,kp=0,0.0261,8
0,n<=128,sr<=5%,kvB<=1k,kp=0,0.0193,8
0,n<=128,sr<=5%,kvB<=4k,kp=0,0.0155,8
0,n<=128,sr<=5%,kvB<=64k,kp=0,0.0223,8
0,n<=128,sr<=70%,kvB<=16k,kp=0,0.2909,2
0,n<=128,sr<=70%,kvB<=1k,kp=0,0.0116,2
0,n<=128,sr<=70%,kvB<=4k,kp=0,-0.1578,2
0,n<=128,sr<=70%,kvB<=64k,kp=0,0.0141,2
0,n<=128,sr>70%,kvB<=16k,kp=0,0.2889,4
0,n<=128,sr>70%,kvB<=1k,kp=0,0.3468,4
0,n<=128,sr>70%,kvB<=4k,kp=0,-0.6218,4
0,n<=128,sr>70%,kvB<=64k,kp=0,0.1212,4
0,n<=16,sr<=15%,kvB<=16k,kp=0,0.285,4
0,n<=16,sr<=15%,kvB<=1k,kp=0,0.349,4
0,n<=16,sr<=15%,kvB<=4k,kp=0,0.3157,4
0,n<=16,sr<=15%,kvB<=64k,kp=0,0.2856,4
0,n<=16,sr<=40%,kvB<=16k,kp=0,0.2502,4
0,n<=16,sr<=40%,kvB<=1k,kp=0,0.4237,4
0,n<=16,sr<=40%,kvB<=4k,kp=0,0.299,4
0,n<=16,sr<=40%,kvB<=64k,kp=0,0.256,4
0,n<=16,sr<=70%,kvB<=16k,kp=0,0.2589,2
0,n<=16,sr<=70%,kvB<=1k,kp=0,0.352,2
0,n<=16,sr<=70%,kvB<=4k,kp=0,0.3104,2
0,n<=16,sr<=70%,kvB<=64k,kp=0,0.3599,2
0,n<=16,sr>70%,kvB<=16k,kp=0,0.8922,4
0,n<=16,sr>70%,kvB<=1k,kp=0,0.8571,4
0,n<=16,sr>70%,kvB<=4k,kp=0,0.9252,4
0,n<=16,sr>70%,kvB<=64k,kp=0,1.3132,4
0,n<=2,sr<=70%,kvB<=16k,kp=0,0.9966,2
0,n<=2,sr<=70%,kvB<=1k,kp=0,0.9431,2
0,n<=2,sr<=70%,kvB<=4k,kp=0,0.9835,2
0,n<=2,sr<=70%,kvB<=64k,kp=0,0.9941,2
0,n<=32,sr<=15%,kvB<=16k,kp=0,0.0938,6
0,n<=32,sr<=15%,kvB<=1k,kp=0,0.1749,6
0,n<=32,sr<=15%,kvB<=4k,kp=0,0.127,6
0,n<=32,sr<=15%,kvB<=64k,kp=0,0.1096,6
0,n<=32,sr<=40%,kvB<=16k,kp=0,0.1321,2
0,n<=32,sr<=40%,kvB<=1k,kp=0,0.1969,2
0,n<=32,sr<=40%,kvB<=4k,kp=0,0.0996,2
0,n<=32,sr<=40%,kvB<=64k,kp=0,0.2744,2
0,n<=32,sr<=5%,kvB<=16k,kp=0,0.1205,2
0,n<=32,sr<=5%,kvB<=1k,kp=0,0.1465,2
0,n<=32,sr<=5%,kvB<=4k,kp=0,0.1468,2
0,n<=32,sr<=5%,kvB<=64k,kp=0,0.1192,2
0,n<=32,sr<=70%,kvB<=16k,kp=0,0.3787,2
0,n<=32,sr<=70%,kvB<=1k,kp=0,0.1429,2
0,n<=32,sr<=70%,kvB<=4k,kp=0,0.0766,2
0,n<=32,sr<=70%,kvB<=64k,kp=0,0.8291,2
0,n<=32,sr>70%,kvB<=16k,kp=0,1.3383,4
0,n<=32,sr>70%,kvB<=1k,kp=0,0.3067,4
0,n<=32,sr>70%,kvB<=4k,kp=0,0.0664,4
0,n<=32,sr>70%,kvB<=64k,kp=0,2.1899,4
0,n<=4,sr<=40%,kvB<=16k,kp=0,0.9574,2
0,n<=4,sr<=40%,kvB<=1k,kp=0,0.9131,4
0,n<=4,sr<=40%,kvB<=4k,kp=0,0.9357,3
0,n<=4,sr<=40%,kvB<=64k,kp=0,0.9764,2
0,n<=4,sr<=70%,kvB<=16k,kp=0,0.9599,2
0,n<=4,sr<=70%,kvB<=1k,kp=0,0.9026,2
0,n<=4,sr<=70%,kvB<=4k,kp=0,0.9318,2
0,n<=4,sr<=70%,kvB<=64k,kp=0,0.9796,2
0,n<=4,sr>70%,kvB<=16k,kp=0,0.9706,2
0,n<=4,sr>70%,kvB<=1k,kp=0,0.8823,2
0,n<=4,sr>70%,kvB<=4k,kp=0,0.9137,2
0,n<=4,sr>70%,kvB<=64k,kp=0,0.9507,2
0,n<=64,sr<=15%,kvB<=16k,kp=0,0.0602,4
0,n<=64,sr<=15%,kvB<=1k,kp=0,0.137,4
0,n<=64,sr<=15%,kvB<=4k,kp=0,0.0639,4
0,n<=64,sr<=15%,kvB<=64k,kp=0,0.14,4
0,n<=64,sr<=40%,kvB<=16k,kp=0,0.1791,2
0,n<=64,sr<=40%,kvB<=1k,kp=0,0.1681,2
0,n<=64,sr<=40%,kvB<=4k,kp=0,0.0566,2
0,n<=64,sr<=40%,kvB<=64k,kp=0,0.335,2
0,n<=64,sr<=5%,kvB<=16k,kp=0,0.0532,6
0,n<=64,sr<=5%,kvB<=1k,kp=0,0.0901,6
0,n<=64,sr<=5%,kvB<=4k,kp=0,0.0635,6
0,n<=64,sr<=5%,kvB<=64k,kp=0,0.079,6
0,n<=64,sr<=70%,kvB<=16k,kp=0,1.0045,2
0,n<=64,sr<=70%,kvB<=1k,kp=0,0.1332,2
0,n<=64,sr<=70%,kvB<=4k,kp=0,-0.0213,2
0,n<=64,sr<=70%,kvB<=64k,kp=0,0.9843,2
0,n<=64,sr>70%,kvB<=16k,kp=0,2.9023,4
0,n<=64,sr>70%,kvB<=1k,kp=0,0.423,4
0,n<=64,sr>70%,kvB<=4k,kp=0,-0.407,4
0,n<=64,sr>70%,kvB<=64k,kp=0,2.2663,4
0,n<=8,sr<=15%,kvB<=16k,kp=0,0.3814,2
0,n<=8,sr<=15%,kvB<=1k,kp=0,0.4429,2
0,n<=8,sr<=15%,kvB<=4k,kp=0,0.3978,2
0,n<=8,sr<=15%,kvB<=64k,kp=0,0.3879,2
0,n<=8,sr<=40%,kvB<=16k,kp=0,0.2268,4
0,n<=8,sr<=40%,kvB<=1k,kp=0,0.3227,4
0,n<=8,sr<=40%,kvB<=4k,kp=0,0.252,4
0,n<=8,sr<=40%,kvB<=64k,kp=0,0.2462,4
0,n<=8,sr<=70%,kvB<=16k,kp=0,-0.061,2
0,n<=8,sr<=70%,kvB<=1k,kp=0,0.0648,2
0,n<=8,sr<=70%,kvB<=4k,kp=0,-0.0103,2
0,n<=8,sr<=70%,kvB<=64k,kp=0,-0.0206,2
0,n<=8,sr>70%,kvB<=16k,kp=0,0.8436,4
0,n<=8,sr>70%,kvB<=1k,kp=0,0.8345,4
0,n<=8,sr>70%,kvB<=4k,kp=0,0.8999,4
0,n<=8,sr>70%,kvB<=64k,kp=0,1.0193,4
16,n<=16,sr<=15%,kvB<=16k,kp<=16k,0.0497,4
16,n<=16,sr<=15%,kvB<=16k,kp<=1k,0.287,4
16,n<=16,sr<=15%,kvB<=16k,kp<=2k,0.2857,4
16,n<=16,sr<=15%,kvB<=16k,kp<=32k,0.0417,4
16,n<=16,sr<=15%,kvB<=16k,kp<=4k,0.2897,4
16,n<=16,sr<=15%,kvB<=16k,kp<=512,0.2839,4
16,n<=16,sr<=15%,kvB<=16k,kp<=64k,0.0296,4
16,n<=16,sr<=15%,kvB<=16k,kp<=8k,0.2427,4
16,n<=16,sr<=15%,kvB<=16k,kp=0,0.2867,4
16,n<=16,sr<=15%,kvB<=1k,kp<=16k,0.1238,4
16,n<=16,sr<=15%,kvB<=1k,kp<=1k,0.2312,4
16,n<=16,sr<=15%,kvB<=1k,kp<=2k,0.2259,4
16,n<=16,sr<=15%,kvB<=1k,kp<=32k,0.0815,4
16,n<=16,sr<=15%,kvB<=1k,kp<=4k,0.2137,4
16,n<=16,sr<=15%,kvB<=1k,kp<=512,0.358,4
16,n<=16,sr<=15%,kvB<=1k,kp<=64k,0.4745,3
16,n<=16,sr<=15%,kvB<=1k,kp<=8k,0.209,4
16,n<=16,sr<=15%,kvB<=1k,kp=0,0.3549,4
16,n<=16,sr<=15%,kvB<=4k,kp<=16k,0.0998,4
16,n<=16,sr<=15%,kvB<=4k,kp<=1k,0.3166,4
16,n<=16,sr<=15%,kvB<=4k,kp<=2k,0.2875,4
16,n<=16,sr<=15%,kvB<=4k,kp<=32k,0.1101,4
16,n<=16,sr<=15%,kvB<=4k,kp<=4k,0.1079,4
16,n<=16,sr<=15%,kvB<=4k,kp<=512,0.3139,4
16,n<=16,sr<=15%,kvB<=4k,kp<=64k,0.0264,4
16,n<=16,sr<=15%,kvB<=4k,kp<=8k,0.1007,4
16,n<=16,sr<=15%,kvB<=4k,kp=0,0.3125,4
16,n<=16,sr<=15%,kvB<=64k,kp<=16k,0.286,4
16,n<=16,sr<=15%,kvB<=64k,kp<=1k,0.2893,4
16,n<=16,sr<=15%,kvB<=64k,kp<=2k,0.29,4
16,n<=16,sr<=15%,kvB<=64k,kp<=32k,0.2342,4
16,n<=16,sr<=15%,kvB<=64k,kp<=4k,0.2895,4
16,n<=16,sr<=15%,kvB<=64k,kp<=512,0.2886,4
16,n<=16,sr<=15%,kvB<=64k,kp<=64k,0.0528,4
16,n<=16,sr<=15%,kvB<=64k,kp<=8k,0.287,4
16,n<=16,sr<=15%,kvB<=64k,kp=0,0.2883,4
16,n<=16,sr<=40%,kvB<=16k,kp<=16k,0.0863,4
16,n<=16,sr<=40%,kvB<=16k,kp<=1k,0.2713,4
16,n<=16,sr<=40%,kvB<=16k,kp<=2k,0.2906,4
16,n<=16,sr<=40%,kvB<=16k,kp<=32k,0.0748,4
16,n<=16,sr<=40%,kvB<=16k,kp<=4k,0.3083,4
16,n<=16,sr<=40%,kvB<=16k,kp<=512,0.2623,4
16,n<=16,sr<=40%,kvB<=16k,kp<=64k,0.0683,4
16,n<=16,sr<=40%,kvB<=16k,kp<=8k,0.2491,4
16,n<=16,sr<=40%,kvB<=16k,kp=0,0.2528,4
16,n<=16,sr<=40%,kvB<=1k,kp<=16k,0.1773,4
16,n<=16,sr<=40%,kvB<=1k,kp<=1k,0.1804,4
16,n<=16,sr<=40%,kvB<=1k,kp<=2k,0.2262,4
16,n<=16,sr<=40%,kvB<=1k,kp<=32k,0.0485,3
16,n<=16,sr<=40%,kvB<=1k,kp<=4k,0.2286,4
16,n<=16,sr<=40%,kvB<=1k,kp<=512,0.364,4
16,n<=16,sr<=40%,kvB<=1k,kp<=64k,0.3426,4
16,n<=16,sr<=40%,kvB<=1k,kp<=8k,0.2031,4
16,n<=16,sr<=40%,kvB<=1k,kp=0,0.408,4
16,n<=16,sr<=40%,kvB<=4k,kp<=16k,0.1359,4
16,n<=16,sr<=40%,kvB<=4k,kp<=1k,0.3311,4
16,n<=16,sr<=40%,kvB<=4k,kp<=2k,0.2811,4
16,n<=16,sr<=40%,kvB<=4k,kp<=32k,0.1322,4
16,n<=16,sr<=40%,kvB<=4k,kp<=4k,0.1276,4
16,n<=16,sr<=40%,kvB<=4k,kp<=512,0.3336,4
16,n<=16,sr<=40%,kvB<=4k,kp<=64k,0.0855,4
16,n<=16,sr<=40%,kvB<=4k,kp<=8k,0.1468,4
16,n<=16,sr<=40%,kvB<=4k,kp=0,0.3057,4
16,n<=16,sr<=40%,kvB<=64k,kp<=16k,0.2952,4
16,n<=16,sr<=40%,kvB<=64k,kp<=1k,0.2573,4
16,n<=16,sr<=40%,kvB<=64k,kp<=2k,0.261,4
16,n<=16,sr<=40%,kvB<=64k,kp<=32k,0.2474,4
16,n<=16,sr<=40%,kvB<=64k,kp<=4k,0.2659,4
16,n<=16,sr<=40%,kvB<=64k,kp<=512,0.2619,4
16,n<=16,sr<=40%,kvB<=64k,kp<=64k,0.0814,4
16,n<=16,sr<=40%,kvB<=64k,kp<=8k,0.2906,4
16,n<=16,sr<=40%,kvB<=64k,kp=0,0.2606,4
16,n<=16,sr<=70%,kvB<=16k,kp<=16k,-0.0378,2
16,n<=16,sr<=70%,kvB<=16k,kp<=1k,0.2735,2
16,n<=16,sr<=70%,kvB<=16k,kp<=2k,0.2729,2
16,n<=16,sr<=70%,kvB<=16k,kp<=32k,0.1619,2
16,n<=16,sr<=70%,kvB<=16k,kp<=4k,0.2887,2
16,n<=16,sr<=70%,kvB<=16k,kp<=512,0.2656,2
16,n<=16,sr<=70%,kvB<=16k,kp<=64k,0.1104,2
16,n<=16,sr<=70%,kvB<=16k,kp<=8k,0.2559,2
16,n<=16,sr<=70%,kvB<=16k,kp=0,0.2605,2
16,n<=16,sr<=70%,kvB<=1k,kp<=16k,0.4373,2
16,n<=16,sr<=70%,kvB<=1k,kp<=1k,0.2726,2
16,n<=16,sr<=70%,kvB<=1k,kp<=2k,0.5252,2
16,n<=16,sr<=70%,kvB<=1k,kp<=32k,0.2631,2
16,n<=16,sr<=70%,kvB<=1k,kp<=4k,0.5105,2
16,n<=16,sr<=70%,kvB<=1k,kp<=512,0.3766,2
16,n<=16,sr<=70%,kvB<=1k,kp<=64k,-0.0962,2
16,n<=16,sr<=70%,kvB<=1k,kp<=8k,0.4054,2
16,n<=16,sr<=70%,kvB<=1k,kp=0,0.3526,2
16,n<=16,sr<=70%,kvB<=4k,kp<=16k,0.2667,2
16,n<=16,sr<=70%,kvB<=4k,kp<=1k,0.3245,2
16,n<=16,sr<=70%,kvB<=4k,kp<=2k,0.2911,2
16,n<=16,sr<=70%,kvB<=4k,kp<=32k,0.2362,2
16,n<=16,sr<=70%,kvB<=4k,kp<=4k,0.0891,2
16,n<=16,sr<=70%,kvB<=4k,kp<=512,0.3213,2
16,n<=16,sr<=70%,kvB<=4k,kp<=64k,0.2317,2
16,n<=16,sr<=70%,kvB<=4k,kp<=8k,0.2802,2
16,n<=16,sr<=70%,kvB<=4k,kp=0,0.3168,2
16,n<=16,sr<=70%,kvB<=64k,kp<=16k,0.3278,2
16,n<=16,sr<=70%,kvB<=64k,kp<=1k,0.3705,2
16,n<=16,sr<=70%,kvB<=64k,kp<=2k,0.3545,2
16,n<=16,sr<=70%,kvB<=64k,kp<=32k,0.3242,2
16,n<=16,sr<=70%,kvB<=64k,kp<=4k,0.3549,2
16,n<=16,sr<=70%,kvB<=64k,kp<=512,0.3598,2
16,n<=16,sr<=70%,kvB<=64k,kp<=64k,0.0101,2
16,n<=16,sr<=70%,kvB<=64k,kp<=8k,0.3967,2
16,n<=16,sr<=70%,kvB<=64k,kp=0,0.3615,2
16,n<=16,sr>70%,kvB<=16k,kp<=16k,0.9714,4
16,n<=16,sr>70%,kvB<=16k,kp<=1k,0.8734,4
16,n<=16,sr>70%,kvB<=16k,kp<=2k,0.8885,4
16,n<=16,sr>70%,kvB<=16k,kp<=32k,0.7897,4
16,n<=16,sr>70%,kvB<=16k,kp<=4k,0.9884,4
16,n<=16,sr>70%,kvB<=16k,kp<=512,0.8894,4
16,n<=16,sr>70%,kvB<=16k,kp<=64k,0.808,4
16,n<=16,sr>70%,kvB<=16k,kp<=8k,1.0606,4
16,n<=16,sr>70%,kvB<=16k,kp=0,0.8952,4
16,n<=16,sr>70%,kvB<=1k,kp<=16k,0.755,4
16,n<=16,sr>70%,kvB<=1k,kp<=1k,0.8088,4
16,n<=16,sr>70%,kvB<=1k,kp<=2k,0.8019,4
16,n<=16,sr>70%,kvB<=1k,kp<=32k,0.6773,4
16,n<=16,sr>70%,kvB<=1k,kp<=4k,0.7795,4
16,n<=16,sr>70%,kvB<=1k,kp<=512,0.8816,4
16,n<=16,sr>70%,kvB<=1k,kp<=64k,1.0872,3
16,n<=16,sr>70%,kvB<=1k,kp<=8k,0.7697,4
16,n<=16,sr>70%,kvB<=1k,kp=0,0.8971,4
16,n<=16,sr>70%,kvB<=4k,kp<=16k,0.8613,4
16,n<=16,sr>70%,kvB<=4k,kp<=1k,0.9059,4
16,n<=16,sr>70%,kvB<=4k,kp<=2k,0.9276,4
16,n<=16,sr>70%,kvB<=4k,kp<=32k,0.7657,4
16,n<=16,sr>70%,kvB<=4k,kp<=4k,0.8593,4
16,n<=16,sr>70%,kvB<=4k,kp<=512,0.9252,4
16,n<=16,sr>70%,kvB<=4k,kp<=64k,0.6404,4
16,n<=16,sr>70%,kvB<=4k,kp<=8k,0.8567,4
16,n<=16,sr>70%,kvB<=4k,kp=0,0.921,4
16,n<=16,sr>70%,kvB<=64k,kp<=16k,1.3069,4
16,n<=16,sr>70%,kvB<=64k,kp<=1k,1.3571,4
16,n<=16,sr>70%,kvB<=64k,kp<=2k,1.3165,4
16,n<=16,sr>70%,kvB<=64k,kp<=32k,1.5457,4
16,n<=16,sr>70%,kvB<=64k,kp<=4k,1.3886,4
16,n<=16,sr>70%,kvB<=64k,kp<=512,1.2818,4
16,n<=16,sr>70%,kvB<=64k,kp<=64k,1.5649,4
16,n<=16,sr>70%,kvB<=64k,kp<=8k,1.3347,4
16,n<=16,sr>70%,kvB<=64k,kp=0,1.305,4
16,n<=2,sr<=70%,kvB<=16k,kp<=16k,0.4973,2
16,n<=2,sr<=70%,kvB<=16k,kp<=1k,0.9772,2
16,n<=2,sr<=70%,kvB<=16k,kp<=2k,0.9736,2
16,n<=2,sr<=70%,kvB<=16k,kp<=32k,0.41,2
16,n<=2,sr<=70%,kvB<=16k,kp<=4k,0.9724,2
16,n<=2,sr<=70%,kvB<=16k,kp<=512,0.9638,2
16,n<=2,sr<=70%,kvB<=16k,kp<=64k,-1.1374,1
16,n<=2,sr<=70%,kvB<=16k,kp<=8k,0.9593,2
16,n<=2,sr<=70%,kvB<=16k,kp=0,0.9763,2
16,n<=2,sr<=70%,kvB<=1k,kp<=16k,1.0468,1
16,n<=2,sr<=70%,kvB<=1k,kp<=1k,0.155,2
16,n<=2,sr<=70%,kvB<=1k,kp<=2k,-0.0618,2
16,n<=2,sr<=70%,kvB<=1k,kp<=4k,-1.9374,1
16,n<=2,sr<=70%,kvB<=1k,kp<=512,0.9776,2
16,n<=2,sr<=70%,kvB<=1k,kp<=64k,-5.0646,1
16,n<=2,sr<=70%,kvB<=1k,kp<=8k,1.5476,2
16,n<=2,sr<=70%,kvB<=1k,kp=0,0.9661,2
16,n<=2,sr<=70%,kvB<=4k,kp<=16k,-0.1743,2
16,n<=2,sr<=70%,kvB<=4k,kp<=1k,0.9835,2
16,n<=2,sr<=70%,kvB<=4k,kp<=2k,0.9566,2
16,n<=2,sr<=70%,kvB<=4k,kp<=32k,-0.2338,2
16,n<=2,sr<=70%,kvB<=4k,kp<=4k,-0.4063,2
16,n<=2,sr<=70%,kvB<=4k,kp<=512,0.9541,2
16,n<=2,sr<=70%,kvB<=4k,kp<=64k,-15.7246,1
16,n<=2,sr<=70%,kvB<=4k,kp=0,0.9774,2
16,n<=2,sr<=70%,kvB<=64k,kp<=16k,0.9816,2
16,n<=2,sr<=70%,kvB<=64k,kp<=1k,0.9886,2
16,n<=2,sr<=70%,kvB<=64k,kp<=2k,0.9911,2
16,n<=2,sr<=70%,kvB<=64k,kp<=32k,0.982,2
16,n<=2,sr<=70%,kvB<=64k,kp<=4k,0.9879,2
16,n<=2,sr<=70%,kvB<=64k,kp<=512,0.9835,2
16,n<=2,sr<=70%,kvB<=64k,kp<=64k,-3.0963,2
16,n<=2,sr<=70%,kvB<=64k,kp<=8k,0.9892,2
16,n<=2,sr<=70%,kvB<=64k,kp=0,0.9811,2
16,n<=32,sr<=15%,kvB<=16k,kp<=16k,0.0145,6
16,n<=32,sr<=15%,kvB<=16k,kp<=1k,0.0978,6
16,n<=32,sr<=15%,kvB<=16k,kp<=2k,0.1059,6
16,n<=32,sr<=15%,kvB<=16k,kp<=32k,0.0236,6
16,n<=32,sr<=15%,kvB<=16k,kp<=4k,0.1038,6
16,n<=32,sr<=15%,kvB<=16k,kp<=512,0.0948,6
16,n<=32,sr<=15%,kvB<=16k,kp<=64k,0.0189,6
16,n<=32,sr<=15%,kvB<=16k,kp<=8k,0.0817,6
16,n<=32,sr<=15%,kvB<=16k,kp=0,0.0928,6
16,n<=32,sr<=15%,kvB<=1k,kp<=16k,0.0893,6
16,n<=32,sr<=15%,kvB<=1k,kp<=1k,0.0758,6
16,n<=32,sr<=15%,kvB<=1k,kp<=2k,0.0887,6
16,n<=32,sr<=15%,kvB<=1k,kp<=32k,0.0867,6
16,n<=32,sr<=15%,kvB<=1k,kp<=4k,0.1013,6
16,n<=32,sr<=15%,kvB<=1k,kp<=512,0.1524,6
16,n<=32,sr<=15%,kvB<=1k,kp<=64k,-0.066,6
16,n<=32,sr<=15%,kvB<=1k,kp<=8k,0.1015,6
16,n<=32,sr<=15%,kvB<=1k,kp=0,0.1818,6
16,n<=32,sr<=15%,kvB<=4k,kp<=16k,0.029,6
16,n<=32,sr<=15%,kvB<=4k,kp<=1k,0.1386,6
16,n<=32,sr<=15%,kvB<=4k,kp<=2k,0.1027,6
16,n<=32,sr<=15%,kvB<=4k,kp<=32k,0.0195,6
16,n<=32,sr<=15%,kvB<=4k,kp<=4k,0.0154,6
16,n<=32,sr<=15%,kvB<=4k,kp<=512,0.1402,6
16,n<=32,sr<=15%,kvB<=4k,kp<=64k,0.0211,6
16,n<=32,sr<=15%,kvB<=4k,kp<=8k,0.0278,6
16,n<=32,sr<=15%,kvB<=4k,kp=0,0.1328,6
16,n<=32,sr<=15%,kvB<=64k,kp<=16k,0.1108,6
16,n<=32,sr<=15%,kvB<=64k,kp<=1k,0.1081,6
16,n<=32,sr<=15%,kvB<=64k,kp<=2k,0.1101,6
16,n<=32,sr<=15%,kvB<=64k,kp<=32k,0.0891,6
16,n<=32,sr<=15%,kvB<=64k,kp<=4k,0.1329,6
16,n<=32,sr<=15%,kvB<=64k,kp<=512,0.109,6
16,n<=32,sr<=15%,kvB<=64k,kp<=64k,0.0564,6
16,n<=32,sr<=15%,kvB<=64k,kp<=8k,0.1182,6
16,n<=32,sr<=15%,kvB<=64k,kp=0,0.1087,6
16,n<=32,sr<=40%,kvB<=16k,kp<=16k,0.103,2
16,n<=32,sr<=40%,kvB<=16k,kp<=1k,0.1324,2
16,n<=32,sr<=40%,kvB<=16k,kp<=2k,0.1307,2
16,n<=32,sr<=40%,kvB<=16k,kp<=32k,0.1314,2
16,n<=32,sr<=40%,kvB<=16k,kp<=4k,0.1317,2
16,n<=32,sr<=40%,kvB<=16k,kp<=512,0.1297,2
16,n<=32,sr<=40%,kvB<=16k,kp<=64k,0.1392,2
16,n<=32,sr<=40%,kvB<=16k,kp<=8k,0.1086,2
16,n<=32,sr<=40%,kvB<=16k,kp=0,0.1346,2
16,n<=32,sr<=40%,kvB<=1k,kp<=16k,0.1642,2
16,n<=32,sr<=40%,kvB<=1k,kp<=1k,0.0956,2
16,n<=32,sr<=40%,kvB<=1k,kp<=2k,0.1509,2
16,n<=32,sr<=40%,kvB<=1k,kp<=32k,0.1403,2
16,n<=32,sr<=40%,kvB<=1k,kp<=4k,0.1552,2
16,n<=32,sr<=40%,kvB<=1k,kp<=512,0.168,2
16,n<=32,sr<=40%,kvB<=1k,kp<=64k,0.0721,2
16,n<=32,sr<=40%,kvB<=1k,kp<=8k,0.1629,2
16,n<=32,sr<=40%,kvB<=1k,kp=0,0.2111,2
16,n<=32,sr<=40%,kvB<=4k,kp<=16k,0.03,2
16,n<=32,sr<=40%,kvB<=4k,kp<=1k,0.1071,2
16,n<=32,sr<=40%,kvB<=4k,kp<=2k,0.0878,2
16,n<=32,sr<=40%,kvB<=4k,kp<=32k,0.0043,2
16,n<=32,sr<=40%,kvB<=4k,kp<=4k,-0.0021,2
16,n<=32,sr<=40%,kvB<=4k,kp<=512,0.1077,2
16,n<=32,sr<=40%,kvB<=4k,kp<=64k,0.0117,2
16,n<=32,sr<=40%,kvB<=4k,kp<=8k,0.024,2
16,n<=32,sr<=40%,kvB<=4k,kp=0,0.1037,2
16,n<=32,sr<=40%,kvB<=64k,kp<=16k,0.2152,2
16,n<=32,sr<=40%,kvB<=64k,kp<=1k,0.2832,2
16,n<=32,sr<=40%,kvB<=64k,kp<=2k,0.2981,2
16,n<=32,sr<=40%,kvB<=64k,kp<=32k,0.188,2
16,n<=32,sr<=40%,kvB<=64k,kp<=4k,0.3066,2
16,n<=32,sr<=40%,kvB<=64k,kp<=512,0.3164,2
16,n<=32,sr<=40%,kvB<=64k,kp<=64k,0.178,2
16,n<=32,sr<=40%,kvB<=64k,kp<=8k,0.2578,2
16,n<=32,sr<=40%,kvB<=64k,kp=0,0.2809,2
16,n<=32,sr<=5%,kvB<=16k,kp<=16k,0.0194,2
16,n<=32,sr<=5%,kvB<=16k,kp<=1k,0.1182,2
16,n<=32,sr<=5%,kvB<=16k,kp<=2k,0.1212,2
16,n<=32,sr<=5%,kvB<=16k,kp<=32k,0.0192,2
16,n<=32,sr<=5%,kvB<=16k,kp<=4k,0.0959,2
16,n<=32,sr<=5%,kvB<=16k,kp<=512,0.1199,2
16,n<=32,sr<=5%,kvB<=16k,kp<=64k,0.0195,2
16,n<=32,sr<=5%,kvB<=16k,kp<=8k,0.061,2
16,n<=32,sr<=5%,kvB<=16k,kp=0,0.1214,2
16,n<=32,sr<=5%,kvB<=1k,kp<=16k,0.0586,2
16,n<=32,sr<=5%,kvB<=1k,kp<=1k,-0.0058,2
16,n<=32,sr<=5%,kvB<=1k,kp<=2k,0.0828,2
16,n<=32,sr<=5%,kvB<=1k,kp<=32k,0.0546,2
16,n<=32,sr<=5%,kvB<=1k,kp<=4k,0.0725,2
16,n<=32,sr<=5%,kvB<=1k,kp<=512,0.0837,2
16,n<=32,sr<=5%,kvB<=1k,kp<=64k,-0.131,1
16,n<=32,sr<=5%,kvB<=1k,kp<=8k,0.0536,2
16,n<=32,sr<=5%,kvB<=1k,kp=0,0.1429,2
16,n<=32,sr<=5%,kvB<=4k,kp<=16k,0.0555,2
16,n<=32,sr<=5%,kvB<=4k,kp<=1k,0.1397,2
16,n<=32,sr<=5%,kvB<=4k,kp<=2k,0.0896,2
16,n<=32,sr<=5%,kvB<=4k,kp<=32k,0.0491,2
16,n<=32,sr<=5%,kvB<=4k,kp<=4k,0.05,2
16,n<=32,sr<=5%,kvB<=4k,kp<=512,0.1483,2
16,n<=32,sr<=5%,kvB<=4k,kp<=64k,0.0269,2
16,n<=32,sr<=5%,kvB<=4k,kp<=8k,0.0582,2
16,n<=32,sr<=5%,kvB<=4k,kp=0,0.1469,2
16,n<=32,sr<=5%,kvB<=64k,kp<=16k,0.0883,2
16,n<=32,sr<=5%,kvB<=64k,kp<=1k,0.1182,2
16,n<=32,sr<=5%,kvB<=64k,kp<=2k,0.1194,2
16,n<=32,sr<=5%,kvB<=64k,kp<=32k,0.0646,2
16,n<=32,sr<=5%,kvB<=64k,kp<=4k,0.1015,2
16,n<=32,sr<=5%,kvB<=64k,kp<=512,0.1166,2
16,n<=32,sr<=5%,kvB<=64k,kp<=64k,0.027,2
16,n<=32,sr<=5%,kvB<=64k,kp<=8k,0.0934,2
16,n<=32,sr<=5%,kvB<=64k,kp=0,0.1181,2
16,n<=32,sr<=70%,kvB<=16k,kp<=16k,0.3764,2
16,n<=32,sr<=70%,kvB<=16k,kp<=1k,0.3665,2
16,n<=32,sr<=70%,kvB<=16k,kp<=2k,0.3663,2
16,n<=32,sr<=70%,kvB<=16k,kp<=32k,0.4764,2
16,n<=32,sr<=70%,kvB<=16k,kp<=4k,0.351,2
16,n<=32,sr<=70%,kvB<=16k,kp<=512,0.3604,2
16,n<=32,sr<=70%,kvB<=16k,kp<=64k,0.4437,2
16,n<=32,sr<=70%,kvB<=16k,kp<=8k,0.4755,2
16,n<=32,sr<=70%,kvB<=16k,kp=0,0.3472,2
16,n<=32,sr<=70%,kvB<=1k,kp<=16k,0.187,2
16,n<=32,sr<=70%,kvB<=1k,kp<=1k,0.0638,2
16,n<=32,sr<=70%,kvB<=1k,kp<=2k,0.1058,2
16,n<=32,sr<=70%,kvB<=1k,kp<=32k,0.0949,2
16,n<=32,sr<=70%,kvB<=1k,kp<=4k,0.2088,2
16,n<=32,sr<=70%,kvB<=1k,kp<=512,0.1706,2
16,n<=32,sr<=70%,kvB<=1k,kp<=64k,-0.1379,1
16,n<=32,sr<=70%,kvB<=1k,kp<=8k,0.178,2
16,n<=32,sr<=70%,kvB<=1k,kp=0,0.1467,2
16,n<=32,sr<=70%,kvB<=4k,kp<=16k,0.0611,2
16,n<=32,sr<=70%,kvB<=4k,kp<=1k,0.105,2
16,n<=32,sr<=70%,kvB<=4k,kp<=2k,0.0912,2
16,n<=32,sr<=70%,kvB<=4k,kp<=32k,0.0503,2
16,n<=32,sr<=70%,kvB<=4k,kp<=4k,-0.005,2
16,n<=32,sr<=70%,kvB<=4k,kp<=512,0.0909,2
16,n<=32,sr<=70%,kvB<=4k,kp<=64k,0.0834,2
16,n<=32,sr<=70%,kvB<=4k,kp<=8k,0.0291,2
16,n<=32,sr<=70%,kvB<=4k,kp=0,0.0824,2
16,n<=32,sr<=70%,kvB<=64k,kp<=16k,0.529,2
16,n<=32,sr<=70%,kvB<=64k,kp<=1k,0.8171,2
16,n<=32,sr<=70%,kvB<=64k,kp<=2k,0.8915,2
16,n<=32,sr<=70%,kvB<=64k,kp<=32k,0.5494,2
16,n<=32,sr<=70%,kvB<=64k,kp<=4k,0.8886,2
16,n<=32,sr<=70%,kvB<=64k,kp<=512,0.8591,2
16,n<=32,sr<=70%,kvB<=64k,kp<=64k,0.6026,2
16,n<=32,sr<=70%,kvB<=64k,kp<=8k,0.5993,2
16,n<=32,sr<=70%,kvB<=64k,kp=0,0.7976,2
16,n<=32,sr>70%,kvB<=16k,kp<=16k,1.524,4
16,n<=32,sr>70%,kvB<=16k,kp<=1k,1.3157,4
16,n<=32,sr>70%,kvB<=16k,kp<=2k,1.274,4
16,n<=32,sr>70%,kvB<=16k,kp<=32k,1.704,4
16,n<=32,sr>70%,kvB<=16k,kp<=4k,0.9826,4
16,n<=32,sr>70%,kvB<=16k,kp<=512,1.303,4
16,n<=32,sr>70%,kvB<=16k,kp<=64k,1.6636,4
16,n<=32,sr>70%,kvB<=16k,kp<=8k,1.2752,4
16,n<=32,sr>70%,kvB<=16k,kp=0,1.3573,4
16,n<=32,sr>70%,kvB<=1k,kp<=16k,0.47,4
16,n<=32,sr>70%,kvB<=1k,kp<=1k,0.3953,4
16,n<=32,sr>70%,kvB<=1k,kp<=2k,0.4327,4
16,n<=32,sr>70%,kvB<=1k,kp<=32k,0.431,4
16,n<=32,sr>70%,kvB<=1k,kp<=4k,0.4696,4
16,n<=32,sr>70%,kvB<=1k,kp<=512,0.3981,4
16,n<=32,sr>70%,kvB<=1k,kp<=64k,0.6175,4
16,n<=32,sr>70%,kvB<=1k,kp<=8k,0.4465,4
16,n<=32,sr>70%,kvB<=1k,kp=0,0.3545,4
16,n<=32,sr>70%,kvB<=4k,kp<=16k,0.2338,4
16,n<=32,sr>70%,kvB<=4k,kp<=1k,0.0975,4
16,n<=32,sr>70%,kvB<=4k,kp<=2k,0.1585,4
16,n<=32,sr>70%,kvB<=4k,kp<=32k,0.1702,4
16,n<=32,sr>70%,kvB<=4k,kp<=4k,0.0891,4
16,n<=32,sr>70%,kvB<=4k,kp<=512,0.0608,4
16,n<=32,sr>70%,kvB<=4k,kp<=64k,0.2272,4
16,n<=32,sr>70%,kvB<=4k,kp<=8k,0.1282,4
16,n<=32,sr>70%,kvB<=4k,kp=0,0.0599,4
16,n<=32,sr>70%,kvB<=64k,kp<=16k,1.539,4
16,n<=32,sr>70%,kvB<=64k,kp<=1k,2.0662,4
16,n<=32,sr>70%,kvB<=64k,kp<=2k,2.09,4
16,n<=32,sr>70%,kvB<=64k,kp<=32k,1.758,4
16,n<=32,sr>70%,kvB<=64k,kp<=4k,1.8928,4
16,n<=32,sr>70%,kvB<=64k,kp<=512,2.1188,4
16,n<=32,sr>70%,kvB<=64k,kp<=64k,2.7193,4
16,n<=32,sr>70%,kvB<=64k,kp<=8k,1.7141,4
16,n<=32,sr>70%,kvB<=64k,kp=0,1.98,4
16,n<=4,sr<=40%,kvB<=16k,kp<=16k,-0.0419,2
16,n<=4,sr<=40%,kvB<=16k,kp<=1k,0.9598,2
16,n<=4,sr<=40%,kvB<=16k,kp<=2k,0.9589,2
16,n<=4,sr<=40%,kvB<=16k,kp<=32k,-0.2015,1
16,n<=4,sr<=40%,kvB<=16k,kp<=4k,0.9567,2
16,n<=4,sr<=40%,kvB<=16k,kp<=512,0.9724,2
16,n<=4,sr<=40%,kvB<=16k,kp<=64k,-0.3443,2
16,n<=4,sr<=40%,kvB<=16k,kp<=8k,0.9652,2
16,n<=4,sr<=40%,kvB<=16k,kp=0,0.9599,2
16,n<=4,sr<=40%,kvB<=1k,kp<=16k,0.0692,2
16,n<=4,sr<=40%,kvB<=1k,kp<=1k,0.2187,2
16,n<=4,sr<=40%,kvB<=1k,kp<=2k,0.0523,2
16,n<=4,sr<=40%,kvB<=1k,kp<=32k,0.8968,1
16,n<=4,sr<=40%,kvB<=1k,kp<=4k,0.0552,2
16,n<=4,sr<=40%,kvB<=1k,kp<=512,0.9162,2
16,n<=4,sr<=40%,kvB<=1k,kp<=8k,0.1235,2
16,n<=4,sr<=40%,kvB<=1k,kp=0,0.9279,5
16,n<=4,sr<=40%,kvB<=4k,kp<=16k,-0.3165,2
16,n<=4,sr<=40%,kvB<=4k,kp<=1k,0.9366,2
16,n<=4,sr<=40%,kvB<=4k,kp<=2k,0.9287,2
16,n<=4,sr<=40%,kvB<=4k,kp<=32k,0.2159,2
16,n<=4,sr<=40%,kvB<=4k,kp<=4k,-0.1425,2
16,n<=4,sr<=40%,kvB<=4k,kp<=512,0.9459,2
16,n<=4,sr<=40%,kvB<=4k,kp<=64k,0.4346,1
16,n<=4,sr<=40%,kvB<=4k,kp<=8k,0.1306,2
16,n<=4,sr<=40%,kvB<=4k,kp=0,0.9487,3
16,n<=4,sr<=40%,kvB<=64k,kp<=16k,0.9848,2
16,n<=4,sr<=40%,kvB<=64k,kp<=1k,0.9818,2
16,n<=4,sr<=40%,kvB<=64k,kp<=2k,0.9807,2
16,n<=4,sr<=40%,kvB<=64k,kp<=32k,0.9798,2
16,n<=4,sr<=40%,kvB<=64k,kp<=4k,0.9852,2
16,n<=4,sr<=40%,kvB<=64k,kp<=512,0.98,2
16,n<=4,sr<=40%,kvB<=64k,kp<=64k,-0.8082,2
16,n<=4,sr<=40%,kvB<=64k,kp<=8k,0.9893,2
16,n<=4,sr<=40%,kvB<=64k,kp=0,0.9848,2
16,n<=4,sr<=70%,kvB<=16k,kp<=16k,-0.3196,2
16,n<=4,sr<=70%,kvB<=16k,kp<=1k,0.9649,2
16,n<=4,sr<=70%,kvB<=16k,kp<=2k,0.9822,2
16,n<=4,sr<=70%,kvB<=16k,kp<=32k,-1.96,2
16,n<=4,sr<=70%,kvB<=16k,kp<=4k,0.9695,2
16,n<=4,sr<=70%,kvB<=16k,kp<=512,0.9726,2
16,n<=4,sr<=70%,kvB<=16k,kp<=64k,-2.2809,2
16,n<=4,sr<=70%,kvB<=16k,kp<=8k,0.9617,2
16,n<=4,sr<=70%,kvB<=16k,kp=0,0.9807,2
16,n<=4,sr<=70%,kvB<=1k,kp<=16k,-4.9249,1
16,n<=4,sr<=70%,kvB<=1k,kp<=1k,0.0559,2
16,n<=4,sr<=70%,kvB<=1k,kp<=2k,-0.3612,2
16,n<=4,sr<=70%,kvB<=1k,kp<=32k,-0.2296,2
16,n<=4,sr<=70%,kvB<=1k,kp<=4k,-0.0831,2
16,n<=4,sr<=70%,kvB<=1k,kp<=512,0.9124,2
16,n<=4,sr<=70%,kvB<=1k,kp<=64k,1.3307,1
16,n<=4,sr<=70%,kvB<=1k,kp<=8k,0.5127,1
16,n<=4,sr<=70%,kvB<=1k,kp=0,0.9095,4
16,n<=4,sr<=70%,kvB<=4k,kp<=16k,-5.0902,1
16,n<=4,sr<=70%,kvB<=4k,kp<=1k,0.9277,2
16,n<=4,sr<=70%,kvB<=4k,kp<=2k,0.929,2
16,n<=4,sr<=70%,kvB<=4k,kp<=32k,0.0461,1
16,n<=4,sr<=70%,kvB<=4k,kp<=4k,-0.3507,2
16,n<=4,sr<=70%,kvB<=4k,kp<=512,0.9515,2
16,n<=4,sr<=70%,kvB<=4k,kp<=64k,1.4728,2
16,n<=4,sr<=70%,kvB<=4k,kp<=8k,-0.0895,2
16,n<=4,sr<=70%,kvB<=4k,kp=0,0.9372,2
16,n<=4,sr<=70%,kvB<=64k,kp<=16k,0.9754,2
16,n<=4,sr<=70%,kvB<=64k,kp<=1k,0.9772,2
16,n<=4,sr<=70%,kvB<=64k,kp<=2k,0.9807,2
16,n<=4,sr<=70%,kvB<=64k,kp<=32k,0.9768,2
16,n<=4,sr<=70%,kvB<=64k,kp<=4k,0.9729,2
16,n<=4,sr<=70%,kvB<=64k,kp<=512,0.9768,2
16,n<=4,sr<=70%,kvB<=64k,kp<=64k,-2.0535,2
16,n<=4,sr<=70%,kvB<=64k,kp<=8k,0.9791,2
16,n<=4,sr<=70%,kvB<=64k,kp=0,0.9853,2
16,n<=4,sr>70%,kvB<=16k,kp<=16k,-0.3616,2
16,n<=4,sr>70%,kvB<=16k,kp<=1k,0.9459,2
16,n<=4,sr>70%,kvB<=16k,kp<=2k,0.9581,2
16,n<=4,sr>70%,kvB<=16k,kp<=32k,-1.016,2
16,n<=4,sr>70%,kvB<=16k,kp<=4k,0.955,2
16,n<=4,sr>70%,kvB<=16k,kp<=512,0.9803,2
16,n<=4,sr>70%,kvB<=16k,kp<=64k,-0.2307,1
16,n<=4,sr>70%,kvB<=16k,kp<=8k,0.9503,2
16,n<=4,sr>70%,kvB<=16k,kp=0,0.97,2
16,n<=4,sr>70%,kvB<=1k,kp<=16k,-2.355,1
16,n<=4,sr>70%,kvB<=1k,kp<=1k,0.4124,2
16,n<=4,sr>70%,kvB<=1k,kp<=2k,0.2763,2
16,n<=4,sr>70%,kvB<=1k,kp<=32k,0.302,1
16,n<=4,sr>70%,kvB<=1k,kp<=4k,0.0588,1
16,n<=4,sr>70%,kvB<=1k,kp<=512,0.8951,2
16,n<=4,sr>70%,kvB<=1k,kp<=64k,1.0947,1
16,n<=4,sr>70%,kvB<=1k,kp<=8k,0.0333,1
16,n<=4,sr>70%,kvB<=1k,kp=0,0.8832,2
16,n<=4,sr>70%,kvB<=4k,kp<=16k,-2.8636,1
16,n<=4,sr>70%,kvB<=4k,kp<=1k,0.9181,2
16,n<=4,sr>70%,kvB<=4k,kp<=2k,0.9077,2
16,n<=4,sr>70%,kvB<=4k,kp<=4k,-0.3764,2
16,n<=4,sr>70%,kvB<=4k,kp<=512,0.9419,2
16,n<=4,sr>70%,kvB<=4k,kp<=64k,0.2567,2
16,n<=4,sr>70%,kvB<=4k,kp<=8k,-0.6502,1
16,n<=4,sr>70%,kvB<=4k,kp=0,0.9066,2
16,n<=4,sr>70%,kvB<=64k,kp<=16k,0.9791,2
16,n<=4,sr>70%,kvB<=64k,kp<=1k,0.9921,2
16,n<=4,sr>70%,kvB<=64k,kp<=2k,0.9872,2
16,n<=4,sr>70%,kvB<=64k,kp<=32k,0.9479,2
16,n<=4,sr>70%,kvB<=64k,kp<=4k,0.9866,2
16,n<=4,sr>70%,kvB<=64k,kp<=512,0.9677,2
16,n<=4,sr>70%,kvB<=64k,kp<=64k,-0.4303,2
16,n<=4,sr>70%,kvB<=64k,kp<=8k,0.9824,2
16,n<=4,sr>70%,kvB<=64k,kp=0,0.9791,2
16,n<=64,sr<=15%,kvB<=16k,kp<=16k,0.0137,4
16,n<=64,sr<=15%,kvB<=16k,kp<=1k,0.0655,4
16,n<=64,sr<=15%,kvB<=16k,kp<=2k,0.0613,4
16,n<=64,sr<=15%,kvB<=16k,kp<=32k,0.0298,4
16,n<=64,sr<=15%,kvB<=16k,kp<=4k,0.0374,4
16,n<=64,sr<=15%,kvB<=16k,kp<=512,0.0652,4
16,n<=64,sr<=15%,kvB<=16k,kp<=64k,0.031,4
16,n<=64,sr<=15%,kvB<=16k,kp<=8k,0.0291,4
16,n<=64,sr<=15%,kvB<=16k,kp=0,0.0648,4
16,n<=64,sr<=15%,kvB<=1k,kp<=16k,0.0745,4
16,n<=64,sr<=15%,kvB<=1k,kp<=1k,0.0689,4
16,n<=64,sr<=15%,kvB<=1k,kp<=2k,0.0569,4
16,n<=64,sr<=15%,kvB<=1k,kp<=32k,0.0871,4
16,n<=64,sr<=15%,kvB<=1k,kp<=4k,0.0658,4
16,n<=64,sr<=15%,kvB<=1k,kp<=512,0.1104,4
16,n<=64,sr<=15%,kvB<=1k,kp<=64k,0.062,4
16,n<=64,sr<=15%,kvB<=1k,kp<=8k,0.0676,4
16,n<=64,sr<=15%,kvB<=1k,kp=0,0.1289,4
16,n<=64,sr<=15%,kvB<=4k,kp<=16k,0.0124,4
16,n<=64,sr<=15%,kvB<=4k,kp<=1k,0.0522,4
16,n<=64,sr<=15%,kvB<=4k,kp<=2k,0.0491,4
16,n<=64,sr<=15%,kvB<=4k,kp<=32k,0.0109,4
16,n<=64,sr<=15%,kvB<=4k,kp<=4k,0.0092,4
16,n<=64,sr<=15%,kvB<=4k,kp<=512,0.0565,4
16,n<=64,sr<=15%,kvB<=4k,kp<=64k,0.0105,4
16,n<=64,sr<=15%,kvB<=4k,kp<=8k,0.0057,4
16,n<=64,sr<=15%,kvB<=4k,kp=0,0.0621,4
16,n<=64,sr<=15%,kvB<=64k,kp<=16k,0.0747,4
16,n<=64,sr<=15%,kvB<=64k,kp<=1k,0.1572,4
16,n<=64,sr<=15%,kvB<=64k,kp<=2k,0.1454,4
16,n<=64,sr<=15%,kvB<=64k,kp<=32k,0.0474,4
16,n<=64,sr<=15%,kvB<=64k,kp<=4k,0.112,4
16,n<=64,sr<=15%,kvB<=64k,kp<=512,0.1522,4
16,n<=64,sr<=15%,kvB<=64k,kp<=64k,0.0873,4
16,n<=64,sr<=15%,kvB<=64k,kp<=8k,0.0813,4
16,n<=64,sr<=15%,kvB<=64k,kp=0,0.1431,4
16,n<=64,sr<=40%,kvB<=16k,kp<=16k,0.1819,2
16,n<=64,sr<=40%,kvB<=16k,kp<=1k,0.1718,2
16,n<=64,sr<=40%,kvB<=16k,kp<=2k,0.1681,2
16,n<=64,sr<=40%,kvB<=16k,kp<=32k,0.1724,2
16,n<=64,sr<=40%,kvB<=16k,kp<=4k,0.1351,2
16,n<=64,sr<=40%,kvB<=16k,kp<=512,0.1788,2
16,n<=64,sr<=40%,kvB<=16k,kp<=64k,0.1693,2
16,n<=64,sr<=40%,kvB<=16k,kp<=8k,0.1643,2
16,n<=64,sr<=40%,kvB<=16k,kp=0,0.1727,2
16,n<=64,sr<=40%,kvB<=1k,kp<=16k,0.1129,2
16,n<=64,sr<=40%,kvB<=1k,kp<=1k,0.1104,2
16,n<=64,sr<=40%,kvB<=1k,kp<=2k,0.0797,2
16,n<=64,sr<=40%,kvB<=1k,kp<=32k,0.0742,2
16,n<=64,sr<=40%,kvB<=1k,kp<=4k,0.0904,2
16,n<=64,sr<=40%,kvB<=1k,kp<=512,0.1287,2
16,n<=64,sr<=40%,kvB<=1k,kp<=64k,0.085,2
16,n<=64,sr<=40%,kvB<=1k,kp<=8k,0.1026,2
16,n<=64,sr<=40%,kvB<=1k,kp=0,0.1644,2
16,n<=64,sr<=40%,kvB<=4k,kp<=16k,0.0003,2
16,n<=64,sr<=40%,kvB<=4k,kp<=1k,0.0408,2
16,n<=64,sr<=40%,kvB<=4k,kp<=2k,0.0348,2
16,n<=64,sr<=40%,kvB<=4k,kp<=32k,0.0039,2
16,n<=64,sr<=40%,kvB<=4k,kp<=4k,0.0137,2
16,n<=64,sr<=40%,kvB<=4k,kp<=512,0.0482,2
16,n<=64,sr<=40%,kvB<=4k,kp<=64k,0.0175,2
16,n<=64,sr<=40%,kvB<=4k,kp<=8k,-0.0047,2
16,n<=64,sr<=40%,kvB<=4k,kp=0,0.0548,2
16,n<=64,sr<=40%,kvB<=64k,kp<=16k,0.2273,2
16,n<=64,sr<=40%,kvB<=64k,kp<=1k,0.3317,2
16,n<=64,sr<=40%,kvB<=64k,kp<=2k,0.3539,2
16,n<=64,sr<=40%,kvB<=64k,kp<=32k,0.2289,2
16,n<=64,sr<=40%,kvB<=64k,kp<=4k,0.2702,2
16,n<=64,sr<=40%,kvB<=64k,kp<=512,0.3372,2
16,n<=64,sr<=40%,kvB<=64k,kp<=64k,0.2803,2
16,n<=64,sr<=40%,kvB<=64k,kp<=8k,0.2561,2
16,n<=64,sr<=40%,kvB<=64k,kp=0,0.3191,2
16,n<=64,sr<=5%,kvB<=16k,kp<=16k,0.0078,6
16,n<=64,sr<=5%,kvB<=16k,kp<=1k,0.0522,6
16,n<=64,sr<=5%,kvB<=16k,kp<=2k,0.0492,6
16,n<=64,sr<=5%,kvB<=16k,kp<=32k,0.0006,6
16,n<=64,sr<=5%,kvB<=16k,kp<=4k,0.0349,6
16,n<=64,sr<=5%,kvB<=16k,kp<=512,0.0526,6
16,n<=64,sr<=5%,kvB<=16k,kp<=64k,0.0048,6
16,n<=64,sr<=5%,kvB<=16k,kp<=8k,0.0319,6
16,n<=64,sr<=5%,kvB<=16k,kp=0,0.0532,6
16,n<=64,sr<=5%,kvB<=1k,kp<=16k,0.0209,6
16,n<=64,sr<=5%,kvB<=1k,kp<=1k,0.0204,6
16,n<=64,sr<=5%,kvB<=1k,kp<=2k,0.008,6
16,n<=64,sr<=5%,kvB<=1k,kp<=32k,0.0095,6
16,n<=64,sr<=5%,kvB<=1k,kp<=4k,0.0118,6
16,n<=64,sr<=5%,kvB<=1k,kp<=512,0.0673,6
16,n<=64,sr<=5%,kvB<=1k,kp<=64k,0.0859,6
16,n<=64,sr<=5%,kvB<=1k,kp<=8k,0.0168,6
16,n<=64,sr<=5%,kvB<=1k,kp=0,0.082,6
16,n<=64,sr<=5%,kvB<=4k,kp<=16k,0.0092,6
16,n<=64,sr<=5%,kvB<=4k,kp<=1k,0.0546,6
16,n<=64,sr<=5%,kvB<=4k,kp<=2k,0.047,6
16,n<=64,sr<=5%,kvB<=4k,kp<=32k,0.0077,6
16,n<=64,sr<=5%,kvB<=4k,kp<=4k,0.0058,6
16,n<=64,sr<=5%,kvB<=4k,kp<=512,0.0571,6
16,n<=64,sr<=5%,kvB<=4k,kp<=64k,0.0091,6
16,n<=64,sr<=5%,kvB<=4k,kp<=8k,0.0054,6
16,n<=64,sr<=5%,kvB<=4k,kp=0,0.0625,6
16,n<=64,sr<=5%,kvB<=64k,kp<=16k,0.065,6
16,n<=64,sr<=5%,kvB<=64k,kp<=1k,0.0943,6
16,n<=64,sr<=5%,kvB<=64k,kp<=2k,0.0966,6
16,n<=64,sr<=5%,kvB<=64k,kp<=32k,0.059,6
16,n<=64,sr<=5%,kvB<=64k,kp<=4k,0.0814,6
16,n<=64,sr<=5%,kvB<=64k,kp<=512,0.0911,6
16,n<=64,sr<=5%,kvB<=64k,kp<=64k,0.0392,6
16,n<=64,sr<=5%,kvB<=64k,kp<=8k,0.0675,6
16,n<=64,sr<=5%,kvB<=64k,kp=0,0.1005,6
16,n<=64,sr<=70%,kvB<=16k,kp<=16k,0.9628,2
16,n<=64,sr<=70%,kvB<=16k,kp<=1k,1.0184,2
16,n<=64,sr<=70%,kvB<=16k,kp<=2k,1.0037,2
16,n<=64,sr<=70%,kvB<=16k,kp<=32k,0.9889,2
16,n<=64,sr<=70%,kvB<=16k,kp<=4k,0.7106,2
16,n<=64,sr<=70%,kvB<=16k,kp<=512,1.0607,2
16,n<=64,sr<=70%,kvB<=16k,kp<=64k,0.8437,2
16,n<=64,sr<=70%,kvB<=16k,kp<=8k,0.7135,2
16,n<=64,sr<=70%,kvB<=16k,kp=0,1.0413,2
16,n<=64,sr<=70%,kvB<=1k,kp<=16k,0.0412,2
16,n<=64,sr<=70%,kvB<=1k,kp<=1k,0.0433,2
16,n<=64,sr<=70%,kvB<=1k,kp<=2k,0.0588,2
16,n<=64,sr<=70%,kvB<=1k,kp<=32k,0.0201,2
16,n<=64,sr<=70%,kvB<=1k,kp<=4k,0.0258,2
16,n<=64,sr<=70%,kvB<=1k,kp<=512,0.0524,2
16,n<=64,sr<=70%,kvB<=1k,kp<=64k,-0.0285,2
16,n<=64,sr<=70%,kvB<=1k,kp<=8k,0.0442,2
16,n<=64,sr<=70%,kvB<=1k,kp=0,0.1209,2
16,n<=64,sr<=70%,kvB<=4k,kp<=16k,-0.0705,2
16,n<=64,sr<=70%,kvB<=4k,kp<=1k,-0.0051,2
16,n<=64,sr<=70%,kvB<=4k,kp<=2k,-0.0361,2
16,n<=64,sr<=70%,kvB<=4k,kp<=32k,-0.079,2
16,n<=64,sr<=70%,kvB<=4k,kp<=4k,-0.0373,2
16,n<=64,sr<=70%,kvB<=4k,kp<=512,-0.0158,2
16,n<=64,sr<=70%,kvB<=4k,kp<=64k,-0.0918,2
16,n<=64,sr<=70%,kvB<=4k,kp<=8k,-0.0733,2
16,n<=64,sr<=70%,kvB<=4k,kp=0,-0.0182,2
16,n<=64,sr<=70%,kvB<=64k,kp<=16k,0.6474,2
16,n<=64,sr<=70%,kvB<=64k,kp<=1k,1.0361,2
16,n<=64,sr<=70%,kvB<=64k,kp<=2k,0.9273,2
16,n<=64,sr<=70%,kvB<=64k,kp<=32k,0.7036,2
16,n<=64,sr<=70%,kvB<=64k,kp<=4k,0.7402,2
16,n<=64,sr<=70%,kvB<=64k,kp<=512,0.9796,2
16,n<=64,sr<=70%,kvB<=64k,kp<=64k,0.79,2
16,n<=64,sr<=70%,kvB<=64k,kp<=8k,0.7076,2
16,n<=64,sr<=70%,kvB<=64k,kp=0,0.8991,2
16,n<=64,sr>70%,kvB<=16k,kp<=16k,2.71,4
16,n<=64,sr>70%,kvB<=16k,kp<=1k,2.5234,4
16,n<=64,sr>70%,kvB<=16k,kp<=2k,2.8842,4
16,n<=64,sr>70%,kvB<=16k,kp<=32k,3.699,4
16,n<=64,sr>70%,kvB<=16k,kp<=4k,1.8184,4
16,n<=64,sr>70%,kvB<=16k,kp<=512,2.7307,4
16,n<=64,sr>70%,kvB<=16k,kp<=64k,2.0954,4
16,n<=64,sr>70%,kvB<=16k,kp<=8k,1.6457,4
16,n<=64,sr>70%,kvB<=16k,kp=0,3.0091,4
16,n<=64,sr>70%,kvB<=1k,kp<=16k,0.2742,4
16,n<=64,sr>70%,kvB<=1k,kp<=1k,0.2097,4
16,n<=64,sr>70%,kvB<=1k,kp<=2k,0.3016,4
16,n<=64,sr>70%,kvB<=1k,kp<=32k,0.2582,4
16,n<=64,sr>70%,kvB<=1k,kp<=4k,0.1527,4
16,n<=64,sr>70%,kvB<=1k,kp<=512,0.2213,4
16,n<=64,sr>70%,kvB<=1k,kp<=64k,0.0244,4
16,n<=64,sr>70%,kvB<=1k,kp<=8k,0.2639,4
16,n<=64,sr>70%,kvB<=1k,kp=0,0.3784,4
16,n<=64,sr>70%,kvB<=4k,kp<=16k,-0.2366,4
16,n<=64,sr>70%,kvB<=4k,kp<=1k,-0.4002,4
16,n<=64,sr>70%,kvB<=4k,kp<=2k,-0.2416,4
16,n<=64,sr>70%,kvB<=4k,kp<=32k,-0.3556,4
16,n<=64,sr>70%,kvB<=4k,kp<=4k,-0.1662,4
16,n<=64,sr>70%,kvB<=4k,kp<=512,-0.3944,4
16,n<=64,sr>70%,kvB<=4k,kp<=64k,-0.2796,4
16,n<=64,sr>70%,kvB<=4k,kp<=8k,-0.2428,4
16,n<=64,sr>70%,kvB<=4k,kp=0,-0.4264,4
16,n<=64,sr>70%,kvB<=64k,kp<=16k,1.4438,4
16,n<=64,sr>70%,kvB<=64k,kp<=1k,1.9438,3
16,n<=64,sr>70%,kvB<=64k,kp<=2k,1.9961,4
16,n<=64,sr>70%,kvB<=64k,kp<=32k,1.6856,4
16,n<=64,sr>70%,kvB<=64k,kp<=4k,1.699,4
16,n<=64,sr>70%,kvB<=64k,kp<=512,1.9883,4
16,n<=64,sr>70%,kvB<=64k,kp<=64k,2.9726,3
16,n<=64,sr>70%,kvB<=64k,kp<=8k,1.4818,4
16,n<=64,sr>70%,kvB<=64k,kp=0,2.3701,4
16,n<=8,sr<=15%,kvB<=16k,kp<=16k,-0.1276,2
16,n<=8,sr<=15%,kvB<=16k,kp<=1k,0.3797,2
16,n<=8,sr<=15%,kvB<=16k,kp<=2k,0.3804,2
16,n<=8,sr<=15%,kvB<=16k,kp<=32k,-0.1434,2
16,n<=8,sr<=15%,kvB<=16k,kp<=4k,0.375,2
16,n<=8,sr<=15%,kvB<=16k,kp<=512,0.3818,2
16,n<=8,sr<=15%,kvB<=16k,kp<=64k,-0.1289,2
16,n<=8,sr<=15%,kvB<=16k,kp<=8k,0.269,2
16,n<=8,sr<=15%,kvB<=16k,kp=0,0.3787,2
16,n<=8,sr<=15%,kvB<=1k,kp<=16k,0.013,2
16,n<=8,sr<=15%,kvB<=1k,kp<=1k,-0.0267,2
16,n<=8,sr<=15%,kvB<=1k,kp<=2k,-0.0186,2
16,n<=8,sr<=15%,kvB<=1k,kp<=32k,-0.0771,1
16,n<=8,sr<=15%,kvB<=1k,kp<=4k,-0.0153,2
16,n<=8,sr<=15%,kvB<=1k,kp<=512,0.3301,2
16,n<=8,sr<=15%,kvB<=1k,kp<=64k,-0.5005,2
16,n<=8,sr<=15%,kvB<=1k,kp<=8k,0.0107,2
16,n<=8,sr<=15%,kvB<=1k,kp=0,0.4265,5
16,n<=8,sr<=15%,kvB<=4k,kp<=16k,-0.087,2
16,n<=8,sr<=15%,kvB<=4k,kp<=1k,0.3765,2
16,n<=8,sr<=15%,kvB<=4k,kp<=2k,0.2794,2
16,n<=8,sr<=15%,kvB<=4k,kp<=32k,-0.0431,2
16,n<=8,sr<=15%,kvB<=4k,kp<=4k,-0.1173,2
16,n<=8,sr<=15%,kvB<=4k,kp<=512,0.3941,2
16,n<=8,sr<=15%,kvB<=4k,kp<=64k,-0.1726,1
16,n<=8,sr<=15%,kvB<=4k,kp<=8k,-0.1034,2
16,n<=8,sr<=15%,kvB<=4k,kp=0,0.3974,3
16,n<=8,sr<=15%,kvB<=64k,kp<=16k,0.3824,2
16,n<=8,sr<=15%,kvB<=64k,kp<=1k,0.3974,2
16,n<=8,sr<=15%,kvB<=64k,kp<=2k,0.3839,2
16,n<=8,sr<=15%,kvB<=64k,kp<=32k,0.275,2
16,n<=8,sr<=15%,kvB<=64k,kp<=4k,0.3847,2
16,n<=8,sr<=15%,kvB<=64k,kp<=512,0.3848,2
16,n<=8,sr<=15%,kvB<=64k,kp<=64k,-0.1206,2
16,n<=8,sr<=15%,kvB<=64k,kp<=8k,0.382,2
16,n<=8,sr<=15%,kvB<=64k,kp=0,0.3922,2
16,n<=8,sr<=40%,kvB<=16k,kp<=16k,-0.4191,4
16,n<=8,sr<=40%,kvB<=16k,kp<=1k,0.2215,4
16,n<=8,sr<=40%,kvB<=16k,kp<=2k,0.2302,4
16,n<=8,sr<=40%,kvB<=16k,kp<=32k,-0.4102,4
16,n<=8,sr<=40%,kvB<=16k,kp<=4k,0.2315,4
16,n<=8,sr<=40%,kvB<=16k,kp<=512,0.226,4
16,n<=8,sr<=40%,kvB<=16k,kp<=64k,-0.3264,4
16,n<=8,sr<=40%,kvB<=16k,kp<=8k,0.1598,4
16,n<=8,sr<=40%,kvB<=16k,kp=0,0.2189,4
16,n<=8,sr<=40%,kvB<=1k,kp<=16k,0.0479,4
16,n<=8,sr<=40%,kvB<=1k,kp<=1k,-0.2536,4
16,n<=8,sr<=40%,kvB<=1k,kp<=2k,-0.2395,4
16,n<=8,sr<=40%,kvB<=1k,kp<=32k,0.5152,3
16,n<=8,sr<=40%,kvB<=1k,kp<=4k,-0.2263,4
16,n<=8,sr<=40%,kvB<=1k,kp<=512,0.2527,4
16,n<=8,sr<=40%,kvB<=1k,kp<=64k,-0.1523,4
16,n<=8,sr<=40%,kvB<=1k,kp<=8k,-0.1178,4
16,n<=8,sr<=40%,kvB<=1k,kp=0,0.3004,4
16,n<=8,sr<=40%,kvB<=4k,kp<=16k,-0.3317,4
16,n<=8,sr<=40%,kvB<=4k,kp<=1k,0.2482,4
16,n<=8,sr<=40%,kvB<=4k,kp<=2k,0.1824,4
16,n<=8,sr<=40%,kvB<=4k,kp<=32k,-0.1134,4
16,n<=8,sr<=40%,kvB<=4k,kp<=4k,-0.3662,4
16,n<=8,sr<=40%,kvB<=4k,kp<=512,0.2486,4
16,n<=8,sr<=40%,kvB<=4k,kp<=64k,0.0472,4
16,n<=8,sr<=40%,kvB<=4k,kp<=8k,-0.3679,4
16,n<=8,sr<=40%,kvB<=4k,kp=0,0.2499,4
16,n<=8,sr<=40%,kvB<=64k,kp<=16k,0.249,4
16,n<=8,sr<=40%,kvB<=64k,kp<=1k,0.2441,4
16,n<=8,sr<=40%,kvB<=64k,kp<=2k,0.2483,4
16,n<=8,sr<=40%,kvB<=64k,kp<=32k,0.1993,4
16,n<=8,sr<=40%,kvB<=64k,kp<=4k,0.2449,4
16,n<=8,sr<=40%,kvB<=64k,kp<=512,0.2474,4
16,n<=8,sr<=40%,kvB<=64k,kp<=64k,-0.4081,4
16,n<=8,sr<=40%,kvB<=64k,kp<=8k,0.2319,4
16,n<=8,sr<=40%,kvB<=64k,kp=0,0.2508,4
16,n<=8,sr<=70%,kvB<=16k,kp<=16k,-0.3782,2
16,n<=8,sr<=70%,kvB<=16k,kp<=1k,-0.0609,2
16,n<=8,sr<=70%,kvB<=16k,kp<=2k,-0.04,2
16,n<=8,sr<=70%,kvB<=16k,kp<=32k,-0.3907,2
16,n<=8,sr<=70%,kvB<=16k,kp<=4k,0.0349,2
16,n<=8,sr<=70%,kvB<=16k,kp<=512,-0.0564,2
16,n<=8,sr<=70%,kvB<=16k,kp<=64k,-0.369,2
16,n<=8,sr<=70%,kvB<=16k,kp<=8k,0.2278,2
16,n<=8,sr<=70%,kvB<=16k,kp=0,-0.0614,2
16,n<=8,sr<=70%,kvB<=1k,kp<=16k,-0.0412,2
16,n<=8,sr<=70%,kvB<=1k,kp<=1k,0.337,2
16,n<=8,sr<=70%,kvB<=1k,kp<=2k,0.2684,2
16,n<=8,sr<=70%,kvB<=1k,kp<=32k,2.1336,1
16,n<=8,sr<=70%,kvB<=1k,kp<=4k,0.2133,2
16,n<=8,sr<=70%,kvB<=1k,kp<=512,0.3367,2
16,n<=8,sr<=70%,kvB<=1k,kp<=64k,0.3917,1
16,n<=8,sr<=70%,kvB<=1k,kp<=8k,0.0189,2
16,n<=8,sr<=70%,kvB<=1k,kp=0,0.0765,2
16,n<=8,sr<=70%,kvB<=4k,kp<=16k,-0.3181,2
16,n<=8,sr<=70%,kvB<=4k,kp<=1k,0.0495,2
16,n<=8,sr<=70%,kvB<=4k,kp<=2k,0.2821,2
16,n<=8,sr<=70%,kvB<=4k,kp<=32k,-0.3836,2
16,n<=8,sr<=70%,kvB<=4k,kp<=4k,-0.1908,2
16,n<=8,sr<=70%,kvB<=4k,kp<=512,-0.0234,2
16,n<=8,sr<=70%,kvB<=4k,kp<=64k,0.453,2
16,n<=8,sr<=70%,kvB<=4k,kp<=8k,-0.2214,2
16,n<=8,sr<=70%,kvB<=4k,kp=0,-0.0065,2
16,n<=8,sr<=70%,kvB<=64k,kp<=16k,0.0581,2
16,n<=8,sr<=70%,kvB<=64k,kp<=1k,-0.0307,2
16,n<=8,sr<=70%,kvB<=64k,kp<=2k,-0.0232,2
16,n<=8,sr<=70%,kvB<=64k,kp<=32k,0.2501,2
16,n<=8,sr<=70%,kvB<=64k,kp<=4k,-0.0227,2
16,n<=8,sr<=70%,kvB<=64k,kp<=512,-0.0209,2
16,n<=8,sr<=70%,kvB<=64k,kp<=64k,-0.3355,2
16,n<=8,sr<=70%,kvB<=64k,kp<=8k,-0.028,2
16,n<=8,sr<=70%,kvB<=64k,kp=0,-0.02,2
16,n<=8,sr>70%,kvB<=16k,kp<=16k,0.7731,4
16,n<=8,sr>70%,kvB<=16k,kp<=1k,0.8885,4
16,n<=8,sr>70%,kvB<=16k,kp<=2k,0.8772,4
16,n<=8,sr>70%,kvB<=16k,kp<=32k,0.7215,4
16,n<=8,sr>70%,kvB<=16k,kp<=4k,0.871,4
16,n<=8,sr>70%,kvB<=16k,kp<=512,0.8849,4
16,n<=8,sr>70%,kvB<=16k,kp<=64k,0.6087,4
16,n<=8,sr>70%,kvB<=16k,kp<=8k,0.8922,4
16,n<=8,sr>70%,kvB<=16k,kp=0,0.8663,4
16,n<=8,sr>70%,kvB<=1k,kp<=16k,0.7913,4
16,n<=8,sr>70%,kvB<=1k,kp<=1k,0.819,4
16,n<=8,sr>70%,kvB<=1k,kp<=2k,0.752,4
16,n<=8,sr>70%,kvB<=1k,kp<=32k,0.3318,1
16,n<=8,sr>70%,kvB<=1k,kp<=4k,0.7859,4
16,n<=8,sr>70%,kvB<=1k,kp<=512,0.9089,4
16,n<=8,sr>70%,kvB<=1k,kp<=64k,-1.0957,2
16,n<=8,sr>70%,kvB<=1k,kp<=8k,0.7103,4
16,n<=8,sr>70%,kvB<=1k,kp=0,0.8517,4
16,n<=8,sr>70%,kvB<=4k,kp<=16k,0.8444,4
16,n<=8,sr>70%,kvB<=4k,kp<=1k,0.9389,4
16,n<=8,sr>70%,kvB<=4k,kp<=2k,0.9445,4
16,n<=8,sr>70%,kvB<=4k,kp<=32k,0.8913,4
16,n<=8,sr>70%,kvB<=4k,kp<=4k,0.8854,4
16,n<=8,sr>70%,kvB<=4k,kp<=512,0.9263,4
16,n<=8,sr>70%,kvB<=4k,kp<=64k,0.9064,2
16,n<=8,sr>70%,kvB<=4k,kp<=8k,0.9162,4
16,n<=8,sr>70%,kvB<=4k,kp=0,0.9308,4
16,n<=8,sr>70%,kvB<=64k,kp<=16k,0.9446,4
16,n<=8,sr>70%,kvB<=64k,kp<=1k,0.9745,4
16,n<=8,sr>70%,kvB<=64k,kp<=2k,1.0149,4
16,n<=8,sr>70%,kvB<=64k,kp<=32k,0.95,4
16,n<=8,sr>70%,kvB<=64k,kp<=4k,1.0192,4
16,n<=8,sr>70%,kvB<=64k,kp<=512,0.9837,4
16,n<=8,sr>70%,kvB<=64k,kp<=64k,0.9663,4
16,n<=8,sr>70%,kvB<=64k,kp<=8k,1.0179,4
16,n<=8,sr>70%,kvB<=64k,kp=0,0.9859,4
32,n<=16,sr<=15%,kvB<=16k,kp<=16k,0.0515,4
32,n<=16,sr<=15%,kvB<=16k,kp<=1k,0.2869,4
32,n<=16,sr<=15%,kvB<=16k,kp<=2k,0.2863,4
32,n<=16,sr<=15%,kvB<=16k,kp<=32k,0.0489,4
32,n<=16,sr<=15%,kvB<=16k,kp<=4k,0.2892,4
32,n<=16,sr<=15%,kvB<=16k,kp<=512,0.2862,4
32,n<=16,sr<=15%,kvB<=16k,kp<=64k,0.0475,4
32,n<=16,sr<=15%,kvB<=16k,kp<=8k,0.2442,4
32,n<=16,sr<=15%,kvB<=16k,kp=0,0.2861,4
32,n<=16,sr<=15%,kvB<=1k,kp<=16k,0.1194,4
32,n<=16,sr<=15%,kvB<=1k,kp<=1k,0.2393,4
32,n<=16,sr<=15%,kvB<=1k,kp<=2k,0.225,4
32,n<=16,sr<=15%,kvB<=1k,kp<=32k,-0.1505,4
32,n<=16,sr<=15%,kvB<=1k,kp<=4k,0.2207,4
32,n<=16,sr<=15%,kvB<=1k,kp<=512,0.358,4
32,n<=16,sr<=15%,kvB<=1k,kp<=64k,0.0438,3
32,n<=16,sr<=15%,kvB<=1k,kp<=8k,0.2106,4
32,n<=16,sr<=15%,kvB<=1k,kp=0,0.3564,4
32,n<=16,sr<=15%,kvB<=4k,kp<=16k,0.0896,4
32,n<=16,sr<=15%,kvB<=4k,kp<=1k,0.3148,4
32,n<=16,sr<=15%,kvB<=4k,kp<=2k,0.2904,4
32,n<=16,sr<=15%,kvB<=4k,kp<=32k,0.054,4
32,n<=16,sr<=15%,kvB<=4k,kp<=4k,0.1024,4
32,n<=16,sr<=15%,kvB<=4k,kp<=512,0.3126,4
32,n<=16,sr<=15%,kvB<=4k,kp<=64k,0.0707,4
32,n<=16,sr<=15%,kvB<=4k,kp<=8k,0.1016,4
32,n<=16,sr<=15%,kvB<=4k,kp=0,0.3141,4
32,n<=16,sr<=15%,kvB<=64k,kp<=16k,0.2841,4
32,n<=16,sr<=15%,kvB<=64k,kp<=1k,0.2888,4
32,n<=16,sr<=15%,kvB<=64k,kp<=2k,0.2902,4
32,n<=16,sr<=15%,kvB<=64k,kp<=32k,0.2357,4
32,n<=16,sr<=15%,kvB<=64k,kp<=4k,0.2904,4
32,n<=16,sr<=15%,kvB<=64k,kp<=512,0.2879,4
32,n<=16,sr<=15%,kvB<=64k,kp<=64k,0.0482,4
32,n<=16,sr<=15%,kvB<=64k,kp<=8k,0.2877,4
32,n<=16,sr<=15%,kvB<=64k,kp=0,0.2918,4
32,n<=16,sr<=40%,kvB<=16k,kp<=16k,0.0863,4
32,n<=16,sr<=40%,kvB<=16k,kp<=1k,0.2672,4
32,n<=16,sr<=40%,kvB<=16k,kp<=2k,0.287,4
32,n<=16,sr<=40%,kvB<=16k,kp<=32k,0.0777,4
32,n<=16,sr<=40%,kvB<=16k,kp<=4k,0.3054,4
32,n<=16,sr<=40%,kvB<=16k,kp<=512,0.2607,4
32,n<=16,sr<=40%,kvB<=16k,kp<=64k,0.076,4
32,n<=16,sr<=40%,kvB<=16k,kp<=8k,0.245,4
32,n<=16,sr<=40%,kvB<=16k,kp=0,0.2515,4
32,n<=16,sr<=40%,kvB<=1k,kp<=16k,0.157,4
32,n<=16,sr<=40%,kvB<=1k,kp<=1k,0.1779,4
32,n<=16,sr<=40%,kvB<=1k,kp<=2k,0.2298,4
32,n<=16,sr<=40%,kvB<=1k,kp<=32k,-0.2457,3
32,n<=16,sr<=40%,kvB<=1k,kp<=4k,0.2069,4
32,n<=16,sr<=40%,kvB<=1k,kp<=512,0.3638,4
32,n<=16,sr<=40%,kvB<=1k,kp<=64k,-0.1815,3
32,n<=16,sr<=40%,kvB<=1k,kp<=8k,0.1713,4
32,n<=16,sr<=40%,kvB<=1k,kp=0,0.4079,4
32,n<=16,sr<=40%,kvB<=4k,kp<=16k,0.123,4
32,n<=16,sr<=40%,kvB<=4k,kp<=1k,0.33,4
32,n<=16,sr<=40%,kvB<=4k,kp<=2k,0.277,4
32,n<=16,sr<=40%,kvB<=4k,kp<=32k,0.1382,4
32,n<=16,sr<=40%,kvB<=4k,kp<=4k,0.1271,4
32,n<=16,sr<=40%,kvB<=4k,kp<=512,0.3311,4
32,n<=16,sr<=40%,kvB<=4k,kp<=64k,0.117,4
32,n<=16,sr<=40%,kvB<=4k,kp<=8k,0.139,4
32,n<=16,sr<=40%,kvB<=4k,kp=0,0.3051,4
32,n<=16,sr<=40%,kvB<=64k,kp<=16k,0.2953,4
32,n<=16,sr<=40%,kvB<=64k,kp<=1k,0.2583,4
32,n<=16,sr<=40%,kvB<=64k,kp<=2k,0.2606,4
32,n<=16,sr<=40%,kvB<=64k,kp<=32k,0.2485,4
32,n<=16,sr<=40%,kvB<=64k,kp<=4k,0.2675,4
32,n<=16,sr<=40%,kvB<=64k,kp<=512,0.2599,4
32,n<=16,sr<=40%,kvB<=64k,kp<=64k,0.0832,4
32,n<=16,sr<=40%,kvB<=64k,kp<=8k,0.2855,4
32,n<=16,sr<=40%,kvB<=64k,kp=0,0.2605,4
32,n<=16,sr<=70%,kvB<=16k,kp<=16k,-0.0298,2
32,n<=16,sr<=70%,kvB<=16k,kp<=1k,0.278,2
32,n<=16,sr<=70%,kvB<=16k,kp<=2k,0.2764,2
32,n<=16,sr<=70%,kvB<=16k,kp<=32k,0.1603,2
32,n<=16,sr<=70%,kvB<=16k,kp<=4k,0.2859,2
32,n<=16,sr<=70%,kvB<=16k,kp<=512,0.2556,2
32,n<=16,sr<=70%,kvB<=16k,kp<=64k,0.1305,2
32,n<=16,sr<=70%,kvB<=16k,kp<=8k,0.2477,2
32,n<=16,sr<=70%,kvB<=16k,kp=0,0.2567,2
32,n<=16,sr<=70%,kvB<=1k,kp<=16k,0.4562,2
32,n<=16,sr<=70%,kvB<=1k,kp<=1k,0.3026,2
32,n<=16,sr<=70%,kvB<=1k,kp<=2k,0.5021,2
32,n<=16,sr<=70%,kvB<=1k,kp<=32k,-0.0018,2
32,n<=16,sr<=70%,kvB<=1k,kp<=4k,0.4878,2
32,n<=16,sr<=70%,kvB<=1k,kp<=512,0.3794,2
32,n<=16,sr<=70%,kvB<=1k,kp<=64k,0.3371,1
32,n<=16,sr<=70%,kvB<=1k,kp<=8k,0.4807,2
32,n<=16,sr<=70%,kvB<=1k,kp=0,0.3516,2
32,n<=16,sr<=70%,kvB<=4k,kp<=16k,0.2756,2
32,n<=16,sr<=70%,kvB<=4k,kp<=1k,0.3264,2
32,n<=16,sr<=70%,kvB<=4k,kp<=2k,0.2922,2
32,n<=16,sr<=70%,kvB<=4k,kp<=32k,0.2477,2
32,n<=16,sr<=70%,kvB<=4k,kp<=4k,0.0957,2
32,n<=16,sr<=70%,kvB<=4k,kp<=512,0.3215,2
32,n<=16,sr<=70%,kvB<=4k,kp<=64k,0.3105,2
32,n<=16,sr<=70%,kvB<=4k,kp<=8k,0.2914,2
32,n<=16,sr<=70%,kvB<=4k,kp=0,0.3233,2
32,n<=16,sr<=70%,kvB<=64k,kp<=16k,0.3303,2
32,n<=16,sr<=70%,kvB<=64k,kp<=1k,0.3573,2
32,n<=16,sr<=70%,kvB<=64k,kp<=2k,0.3643,2
32,n<=16,sr<=70%,kvB<=64k,kp<=32k,0.3213,2
32,n<=16,sr<=70%,kvB<=64k,kp<=4k,0.3659,2
32,n<=16,sr<=70%,kvB<=64k,kp<=512,0.3516,2
32,n<=16,sr<=70%,kvB<=64k,kp<=64k,0.0345,2
32,n<=16,sr<=70%,kvB<=64k,kp<=8k,0.4003,2
32,n<=16,sr<=70%,kvB<=64k,kp=0,0.3697,2
32,n<=16,sr>70%,kvB<=16k,kp<=16k,0.9679,4
32,n<=16,sr>70%,kvB<=16k,kp<=1k,0.9006,4
32,n<=16,sr>70%,kvB<=16k,kp<=2k,0.8722,4
32,n<=16,sr>70%,kvB<=16k,kp<=32k,0.8868,4
32,n<=16,sr>70%,kvB<=16k,kp<=4k,0.9755,4
32,n<=16,sr>70%,kvB<=16k,kp<=512,0.8853,4
32,n<=16,sr>70%,kvB<=16k,kp<=64k,0.7388,4
32,n<=16,sr>70%,kvB<=16k,kp<=8k,1.0493,4
32,n<=16,sr>70%,kvB<=16k,kp=0,0.8868,4
32,n<=16,sr>70%,kvB<=1k,kp<=16k,0.7713,4
32,n<=16,sr>70%,kvB<=1k,kp<=1k,0.8308,4
32,n<=16,sr>70%,kvB<=1k,kp<=2k,0.8328,4
32,n<=16,sr>70%,kvB<=1k,kp<=32k,0.8737,4
32,n<=16,sr>70%,kvB<=1k,kp<=4k,0.8226,4
32,n<=16,sr>70%,kvB<=1k,kp<=512,0.902,4
32,n<=16,sr>70%,kvB<=1k,kp<=64k,0.5993,4
32,n<=16,sr>70%,kvB<=1k,kp<=8k,0.7699,4
32,n<=16,sr>70%,kvB<=1k,kp=0,0.8983,4
32,n<=16,sr>70%,kvB<=4k,kp<=16k,0.8203,4
32,n<=16,sr>70%,kvB<=4k,kp<=1k,0.9234,4
32,n<=16,sr>70%,kvB<=4k,kp<=2k,0.9085,4
32,n<=16,sr>70%,kvB<=4k,kp<=32k,0.7997,4
32,n<=16,sr>70%,kvB<=4k,kp<=4k,0.8879,4
32,n<=16,sr>70%,kvB<=4k,kp<=512,0.9016,4
32,n<=16,sr>70%,kvB<=4k,kp<=64k,0.7951,4
32,n<=16,sr>70%,kvB<=4k,kp<=8k,0.8434,4
32,n<=16,sr>70%,kvB<=4k,kp=0,0.9258,4
32,n<=16,sr>70%,kvB<=64k,kp<=16k,1.2812,4
32,n<=16,sr>70%,kvB<=64k,kp<=1k,1.311,4
32,n<=16,sr>70%,kvB<=64k,kp<=2k,1.2831,4
32,n<=16,sr>70%,kvB<=64k,kp<=32k,1.4786,4
32,n<=16,sr>70%,kvB<=64k,kp<=4k,1.3764,4
32,n<=16,sr>70%,kvB<=64k,kp<=512,1.2603,4
32,n<=16,sr>70%,kvB<=64k,kp<=64k,1.6173,4
32,n<=16,sr>70%,kvB<=64k,kp<=8k,1.4273,4
32,n<=16,sr>70%,kvB<=64k,kp=0,1.3065,4
32,n<=2,sr<=70%,kvB<=16k,kp<=16k,0.0388,2
32,n<=2,sr<=70%,kvB<=16k,kp<=1k,0.9846,2
32,n<=2,sr<=70%,kvB<=16k,kp<=2k,0.979,2
32,n<=2,sr<=70%,kvB<=16k,kp<=32k,2.9032,1
32,n<=2,sr<=70%,kvB<=16k,kp<=4k,0.9725,2
32,n<=2,sr<=70%,kvB<=16k,kp<=512,0.9741,2
32,n<=2,sr<=70%,kvB<=16k,kp<=64k,-0.1316,1
32,n<=2,sr<=70%,kvB<=16k,kp<=8k,0.973,2
32,n<=2,sr<=70%,kvB<=16k,kp=0,0.971,2
32,n<=2,sr<=70%,kvB<=1k,kp<=1k,-0.6639,2
32,n<=2,sr<=70%,kvB<=1k,kp<=2k,0.2442,2
32,n<=2,sr<=70%,kvB<=1k,kp<=32k,0.8453,1
32,n<=2,sr<=70%,kvB<=1k,kp<=4k,0.4762,2
32,n<=2,sr<=70%,kvB<=1k,kp<=512,0.953,2
32,n<=2,sr<=70%,kvB<=1k,kp<=64k,-0.1598,2
32,n<=2,sr<=70%,kvB<=1k,kp<=8k,0.3068,2
32,n<=2,sr<=70%,kvB<=1k,kp=0,0.9525,2
32,n<=2,sr<=70%,kvB<=4k,kp<=16k,-1.1442,2
32,n<=2,sr<=70%,kvB<=4k,kp<=1k,0.9675,2
32,n<=2,sr<=70%,kvB<=4k,kp<=2k,0.977,2
32,n<=2,sr<=70%,kvB<=4k,kp<=32k,-0.3587,1
32,n<=2,sr<=70%,kvB<=4k,kp<=4k,-0.2807,2
32,n<=2,sr<=70%,kvB<=4k,kp<=512,0.96,2
32,n<=2,sr<=70%,kvB<=4k,kp<=64k,-1.3715,1
32,n<=2,sr<=70%,kvB<=4k,kp<=8k,0.1687,2
32,n<=2,sr<=70%,kvB<=4k,kp=0,0.9747,2
32,n<=2,sr<=70%,kvB<=64k,kp<=16k,0.9966,2
32,n<=2,sr<=70%,kvB<=64k,kp<=1k,0.991,2
32,n<=2,sr<=70%,kvB<=64k,kp<=2k,0.9964,2
32,n<=2,sr<=70%,kvB<=64k,kp<=32k,0.9833,2
32,n<=2,sr<=70%,kvB<=64k,kp<=4k,0.9826,2
32,n<=2,sr<=70%,kvB<=64k,kp<=512,0.9883,2
32,n<=2,sr<=70%,kvB<=64k,kp<=8k,0.9903,2
32,n<=2,sr<=70%,kvB<=64k,kp=0,0.9949,2
32,n<=32,sr<=15%,kvB<=16k,kp<=16k,0.0118,6
32,n<=32,sr<=15%,kvB<=16k,kp<=1k,0.0983,6
32,n<=32,sr<=15%,kvB<=16k,kp<=2k,0.1075,6
32,n<=32,sr<=15%,kvB<=16k,kp<=32k,0.0214,6
32,n<=32,sr<=15%,kvB<=16k,kp<=4k,0.1061,6
32,n<=32,sr<=15%,kvB<=16k,kp<=512,0.0942,6
32,n<=32,sr<=15%,kvB<=16k,kp<=64k,0.0169,6
32,n<=32,sr<=15%,kvB<=16k,kp<=8k,0.0794,6
32,n<=32,sr<=15%,kvB<=16k,kp=0,0.0932,6
32,n<=32,sr<=15%,kvB<=1k,kp<=16k,0.0946,6
32,n<=32,sr<=15%,kvB<=1k,kp<=1k,0.0781,6
32,n<=32,sr<=15%,kvB<=1k,kp<=2k,0.0883,6
32,n<=32,sr<=15%,kvB<=1k,kp<=32k,0.074,6
32,n<=32,sr<=15%,kvB<=1k,kp<=4k,0.104,6
32,n<=32,sr<=15%,kvB<=1k,kp<=512,0.1517,6
32,n<=32,sr<=15%,kvB<=1k,kp<=64k,0.0261,5
32,n<=32,sr<=15%,kvB<=1k,kp<=8k,0.1022,6
32,n<=32,sr<=15%,kvB<=1k,kp=0,0.1795,6
32,n<=32,sr<=15%,kvB<=4k,kp<=16k,0.0267,6
32,n<=32,sr<=15%,kvB<=4k,kp<=1k,0.1386,6
32,n<=32,sr<=15%,kvB<=4k,kp<=2k,0.1046,6
32,n<=32,sr<=15%,kvB<=4k,kp<=32k,0.025,6
32,n<=32,sr<=15%,kvB<=4k,kp<=4k,0.0136,6
32,n<=32,sr<=15%,kvB<=4k,kp<=512,0.1385,6
32,n<=32,sr<=15%,kvB<=4k,kp<=64k,-0.0074,6
32,n<=32,sr<=15%,kvB<=4k,kp<=8k,0.03,6
32,n<=32,sr<=15%,kvB<=4k,kp=0,0.1323,6
32,n<=32,sr<=15%,kvB<=64k,kp<=16k,0.1206,6
32,n<=32,sr<=15%,kvB<=64k,kp<=1k,0.1085,6
32,n<=32,sr<=15%,kvB<=64k,kp<=2k,0.1108,6
32,n<=32,sr<=15%,kvB<=64k,kp<=32k,0.0979,6
32,n<=32,sr<=15%,kvB<=64k,kp<=4k,0.1247,6
32,n<=32,sr<=15%,kvB<=64k,kp<=512,0.1083,6
32,n<=32,sr<=15%,kvB<=64k,kp<=64k,0.0662,6
32,n<=32,sr<=15%,kvB<=64k,kp<=8k,0.1057,6
32,n<=32,sr<=15%,kvB<=64k,kp=0,0.1089,6
32,n<=32,sr<=40%,kvB<=16k,kp<=16k,0.1031,2
32,n<=32,sr<=40%,kvB<=16k,kp<=1k,0.1344,2
32,n<=32,sr<=40%,kvB<=16k,kp<=2k,0.1309,2
32,n<=32,sr<=40%,kvB<=16k,kp<=32k,0.1341,2
32,n<=32,sr<=40%,kvB<=16k,kp<=4k,0.1332,2
32,n<=32,sr<=40%,kvB<=16k,kp<=512,0.1281,2
32,n<=32,sr<=40%,kvB<=16k,kp<=64k,0.1242,2
32,n<=32,sr<=40%,kvB<=16k,kp<=8k,0.1102,2
32,n<=32,sr<=40%,kvB<=16k,kp=0,0.1364,2
32,n<=32,sr<=40%,kvB<=1k,kp<=16k,0.1512,2
32,n<=32,sr<=40%,kvB<=1k,kp<=1k,0.0934,2
32,n<=32,sr<=40%,kvB<=1k,kp<=2k,0.1355,2
32,n<=32,sr<=40%,kvB<=1k,kp<=32k,0.0203,2
32,n<=32,sr<=40%,kvB<=1k,kp<=4k,0.1603,2
32,n<=32,sr<=40%,kvB<=1k,kp<=512,0.1712,2
32,n<=32,sr<=40%,kvB<=1k,kp<=64k,0.1607,1
32,n<=32,sr<=40%,kvB<=1k,kp<=8k,0.1588,2
32,n<=32,sr<=40%,kvB<=1k,kp=0,0.1984,2
32,n<=32,sr<=40%,kvB<=4k,kp<=16k,0.0333,2
32,n<=32,sr<=40%,kvB<=4k,kp<=1k,0.1055,2
32,n<=32,sr<=40%,kvB<=4k,kp<=2k,0.0873,2
32,n<=32,sr<=40%,kvB<=4k,kp<=32k,0.0056,2
32,n<=32,sr<=40%,kvB<=4k,kp<=4k,0.0039,2
32,n<=32,sr<=40%,kvB<=4k,kp<=512,0.1024,2
32,n<=32,sr<=40%,kvB<=4k,kp<=64k,0.0322,2
32,n<=32,sr<=40%,kvB<=4k,kp<=8k,0.018,2
32,n<=32,sr<=40%,kvB<=4k,kp=0,0.1041,2
32,n<=32,sr<=40%,kvB<=64k,kp<=16k,0.2117,2
32,n<=32,sr<=40%,kvB<=64k,kp<=1k,0.2747,2
32,n<=32,sr<=40%,kvB<=64k,kp<=2k,0.2927,2
32,n<=32,sr<=40%,kvB<=64k,kp<=32k,0.216,2
32,n<=32,sr<=40%,kvB<=64k,kp<=4k,0.331,2
32,n<=32,sr<=40%,kvB<=64k,kp<=512,0.3029,2
32,n<=32,sr<=40%,kvB<=64k,kp<=64k,0.1889,2
32,n<=32,sr<=40%,kvB<=64k,kp<=8k,0.2289,2
32,n<=32,sr<=40%,kvB<=64k,kp=0,0.2885,2
32,n<=32,sr<=5%,kvB<=16k,kp<=16k,0.0221,2
32,n<=32,sr<=5%,kvB<=16k,kp<=1k,0.1195,2
32,n<=32,sr<=5%,kvB<=16k,kp<=2k,0.1199,2
32,n<=32,sr<=5%,kvB<=16k,kp<=32k,0.0222,2
32,n<=32,sr<=5%,kvB<=16k,kp<=4k,0.0977,2
32,n<=32,sr<=5%,kvB<=16k,kp<=512,0.1202,2
32,n<=32,sr<=5%,kvB<=16k,kp<=64k,0.0188,2
32,n<=32,sr<=5%,kvB<=16k,kp<=8k,0.0597,2
32,n<=32,sr<=5%,kvB<=16k,kp=0,0.1192,2
32,n<=32,sr<=5%,kvB<=1k,kp<=16k,0.0632,2
32,n<=32,sr<=5%,kvB<=1k,kp<=1k,0.0009,2
32,n<=32,sr<=5%,kvB<=1k,kp<=2k,0.0757,2
32,n<=32,sr<=5%,kvB<=1k,kp<=32k,0.061,2
32,n<=32,sr<=5%,kvB<=1k,kp<=4k,0.0736,2
32,n<=32,sr<=5%,kvB<=1k,kp<=512,0.0785,2
32,n<=32,sr<=5%,kvB<=1k,kp<=64k,0.1253,2
32,n<=32,sr<=5%,kvB<=1k,kp<=8k,0.068,2
32,n<=32,sr<=5%,kvB<=1k,kp=0,0.1443,2
32,n<=32,sr<=5%,kvB<=4k,kp<=16k,0.053,2
32,n<=32,sr<=5%,kvB<=4k,kp<=1k,0.1371,2
32,n<=32,sr<=5%,kvB<=4k,kp<=2k,0.0911,2
32,n<=32,sr<=5%,kvB<=4k,kp<=32k,0.0441,2
32,n<=32,sr<=5%,kvB<=4k,kp<=4k,0.0429,2
32,n<=32,sr<=5%,kvB<=4k,kp<=512,0.1491,2
32,n<=32,sr<=5%,kvB<=4k,kp<=64k,0.028,2
32,n<=32,sr<=5%,kvB<=4k,kp<=8k,0.0536,2
32,n<=32,sr<=5%,kvB<=4k,kp=0,0.1486,2
32,n<=32,sr<=5%,kvB<=64k,kp<=16k,0.0855,2
32,n<=32,sr<=5%,kvB<=64k,kp<=1k,0.1184,2
32,n<=32,sr<=5%,kvB<=64k,kp<=2k,0.121,2
32,n<=32,sr<=5%,kvB<=64k,kp<=32k,0.0645,2
32,n<=32,sr<=5%,kvB<=64k,kp<=4k,0.1049,2
32,n<=32,sr<=5%,kvB<=64k,kp<=512,0.1162,2
32,n<=32,sr<=5%,kvB<=64k,kp<=64k,0.0275,2
32,n<=32,sr<=5%,kvB<=64k,kp<=8k,0.0926,2
32,n<=32,sr<=5%,kvB<=64k,kp=0,0.1163,2
32,n<=32,sr<=70%,kvB<=16k,kp<=16k,0.3756,2
32,n<=32,sr<=70%,kvB<=16k,kp<=1k,0.403,2
32,n<=32,sr<=70%,kvB<=16k,kp<=2k,0.3663,2
32,n<=32,sr<=70%,kvB<=16k,kp<=32k,0.497,2
32,n<=32,sr<=70%,kvB<=16k,kp<=4k,0.4006,2
32,n<=32,sr<=70%,kvB<=16k,kp<=512,0.3769,2
32,n<=32,sr<=70%,kvB<=16k,kp<=64k,0.4313,2
32,n<=32,sr<=70%,kvB<=16k,kp<=8k,0.4767,2
32,n<=32,sr<=70%,kvB<=16k,kp=0,0.3614,2
32,n<=32,sr<=70%,kvB<=1k,kp<=16k,0.1582,2
32,n<=32,sr<=70%,kvB<=1k,kp<=1k,0.0668,2
32,n<=32,sr<=70%,kvB<=1k,kp<=2k,0.1149,2
32,n<=32,sr<=70%,kvB<=1k,kp<=32k,0.1492,2
32,n<=32,sr<=70%,kvB<=1k,kp<=4k,0.1299,2
32,n<=32,sr<=70%,kvB<=1k,kp<=512,0.1739,2
32,n<=32,sr<=70%,kvB<=1k,kp<=64k,-0.1716,1
32,n<=32,sr<=70%,kvB<=1k,kp<=8k,0.1919,2
32,n<=32,sr<=70%,kvB<=1k,kp=0,0.1416,2
32,n<=32,sr<=70%,kvB<=4k,kp<=16k,0.0692,2
32,n<=32,sr<=70%,kvB<=4k,kp<=1k,0.103,2
32,n<=32,sr<=70%,kvB<=4k,kp<=2k,0.0916,2
32,n<=32,sr<=70%,kvB<=4k,kp<=32k,0.0574,2
32,n<=32,sr<=70%,kvB<=4k,kp<=4k,0.0045,2
32,n<=32,sr<=70%,kvB<=4k,kp<=512,0.0886,2
32,n<=32,sr<=70%,kvB<=4k,kp<=64k,0.0519,2
32,n<=32,sr<=70%,kvB<=4k,kp<=8k,0.022,2
32,n<=32,sr<=70%,kvB<=4k,kp=0,0.0806,2
32,n<=32,sr<=70%,kvB<=64k,kp<=16k,0.5001,2
32,n<=32,sr<=70%,kvB<=64k,kp<=1k,0.8045,2
32,n<=32,sr<=70%,kvB<=64k,kp<=2k,0.8441,2
32,n<=32,sr<=70%,kvB<=64k,kp<=32k,0.5512,2
32,n<=32,sr<=70%,kvB<=64k,kp<=4k,0.859,2
32,n<=32,sr<=70%,kvB<=64k,kp<=512,0.8607,2
32,n<=32,sr<=70%,kvB<=64k,kp<=64k,0.667,2
32,n<=32,sr<=70%,kvB<=64k,kp<=8k,0.624,2
32,n<=32,sr<=70%,kvB<=64k,kp=0,0.8304,2
32,n<=32,sr>70%,kvB<=16k,kp<=16k,1.517,4
32,n<=32,sr>70%,kvB<=16k,kp<=1k,1.2768,4
32,n<=32,sr>70%,kvB<=16k,kp<=2k,1.2402,4
32,n<=32,sr>70%,kvB<=16k,kp<=32k,1.7172,4
32,n<=32,sr>70%,kvB<=16k,kp<=4k,1.0124,4
32,n<=32,sr>70%,kvB<=16k,kp<=512,1.3271,4
32,n<=32,sr>70%,kvB<=16k,kp<=64k,1.5889,4
32,n<=32,sr>70%,kvB<=16k,kp<=8k,1.2891,4
32,n<=32,sr>70%,kvB<=16k,kp=0,1.366,4
32,n<=32,sr>70%,kvB<=1k,kp<=16k,0.443,4
32,n<=32,sr>70%,kvB<=1k,kp<=1k,0.3995,4
32,n<=32,sr>70%,kvB<=1k,kp<=2k,0.4151,4
32,n<=32,sr>70%,kvB<=1k,kp<=32k,0.3579,4
32,n<=32,sr>70%,kvB<=1k,kp<=4k,0.5064,4
32,n<=32,sr>70%,kvB<=1k,kp<=512,0.4057,4
32,n<=32,sr>70%,kvB<=1k,kp<=64k,0.2205,3
32,n<=32,sr>70%,kvB<=1k,kp<=8k,0.4586,4
32,n<=32,sr>70%,kvB<=1k,kp=0,0.3362,4
32,n<=32,sr>70%,kvB<=4k,kp<=16k,0.224,4
32,n<=32,sr>70%,kvB<=4k,kp<=1k,0.0968,4
32,n<=32,sr>70%,kvB<=4k,kp<=2k,0.1453,4
32,n<=32,sr>70%,kvB<=4k,kp<=32k,0.2055,4
32,n<=32,sr>70%,kvB<=4k,kp<=4k,0.1067,4
32,n<=32,sr>70%,kvB<=4k,kp<=512,0.0747,4
32,n<=32,sr>70%,kvB<=4k,kp<=64k,0.1619,4
32,n<=32,sr>70%,kvB<=4k,kp<=8k,0.1605,4
32,n<=32,sr>70%,kvB<=4k,kp=0,0.0397,4
32,n<=32,sr>70%,kvB<=64k,kp<=16k,1.5572,4
32,n<=32,sr>70%,kvB<=64k,kp<=1k,2.1824,4
32,n<=32,sr>70%,kvB<=64k,kp<=2k,2.1409,4
32,n<=32,sr>70%,kvB<=64k,kp<=32k,1.8002,4
32,n<=32,sr>70%,kvB<=64k,kp<=4k,2.0405,4
32,n<=32,sr>70%,kvB<=64k,kp<=512,2.2012,4
32,n<=32,sr>70%,kvB<=64k,kp<=64k,2.7283,3
32,n<=32,sr>70%,kvB<=64k,kp<=8k,1.7527,4
32,n<=32,sr>70%,kvB<=64k,kp=0,1.8938,4
32,n<=4,sr<=40%,kvB<=16k,kp<=16k,-0.3037,2
32,n<=4,sr<=40%,kvB<=16k,kp<=1k,0.9655,2
32,n<=4,sr<=40%,kvB<=16k,kp<=2k,0.9596,2
32,n<=4,sr<=40%,kvB<=16k,kp<=32k,-0.3506,2
32,n<=4,sr<=40%,kvB<=16k,kp<=4k,0.963,2
32,n<=4,sr<=40%,kvB<=16k,kp<=512,0.9674,2
32,n<=4,sr<=40%,kvB<=16k,kp<=64k,-0.101,1
32,n<=4,sr<=40%,kvB<=16k,kp<=8k,0.9556,2
32,n<=4,sr<=40%,kvB<=16k,kp=0,0.9629,2
32,n<=4,sr<=40%,kvB<=1k,kp<=16k,0.224,2
32,n<=4,sr<=40%,kvB<=1k,kp<=1k,0.1883,2
32,n<=4,sr<=40%,kvB<=1k,kp<=2k,-0.0949,2
32,n<=4,sr<=40%,kvB<=1k,kp<=32k,0.257,2
32,n<=4,sr<=40%,kvB<=1k,kp<=4k,0.2673,2
32,n<=4,sr<=40%,kvB<=1k,kp<=512,0.8943,2
32,n<=4,sr<=40%,kvB<=1k,kp<=64k,0.2052,2
32,n<=4,sr<=40%,kvB<=1k,kp<=8k,-0.2611,2
32,n<=4,sr<=40%,kvB<=1k,kp=0,0.9243,2
32,n<=4,sr<=40%,kvB<=4k,kp<=16k,-0.4425,2
32,n<=4,sr<=40%,kvB<=4k,kp<=1k,0.9259,2
32,n<=4,sr<=40%,kvB<=4k,kp<=2k,0.921,2
32,n<=4,sr<=40%,kvB<=4k,kp<=32k,0.5347,2
32,n<=4,sr<=40%,kvB<=4k,kp<=4k,-0.2855,2
32,n<=4,sr<=40%,kvB<=4k,kp<=512,0.9403,2
32,n<=4,sr<=40%,kvB<=4k,kp<=64k,-0.2387,2
32,n<=4,sr<=40%,kvB<=4k,kp<=8k,-0.1522,2
32,n<=4,sr<=40%,kvB<=4k,kp=0,0.9531,2
32,n<=4,sr<=40%,kvB<=64k,kp<=16k,0.9885,2
32,n<=4,sr<=40%,kvB<=64k,kp<=1k,0.9873,2
32,n<=4,sr<=40%,kvB<=64k,kp<=2k,0.9871,2
32,n<=4,sr<=40%,kvB<=64k,kp<=32k,0.9674,2
32,n<=4,sr<=40%,kvB<=64k,kp<=4k,0.9863,2
32,n<=4,sr<=40%,kvB<=64k,kp<=512,0.9803,2
32,n<=4,sr<=40%,kvB<=64k,kp<=64k,-0.2429,2
32,n<=4,sr<=40%,kvB<=64k,kp<=8k,0.9838,2
32,n<=4,sr<=40%,kvB<=64k,kp=0,0.9828,2
32,n<=4,sr<=70%,kvB<=16k,kp<=16k,-0.3673,2
32,n<=4,sr<=70%,kvB<=16k,kp<=1k,0.9869,2
32,n<=4,sr<=70%,kvB<=16k,kp<=2k,0.9731,2
32,n<=4,sr<=70%,kvB<=16k,kp<=32k,-1.4554,2
32,n<=4,sr<=70%,kvB<=16k,kp<=4k,0.9691,2
32,n<=4,sr<=70%,kvB<=16k,kp<=512,0.9625,2
32,n<=4,sr<=70%,kvB<=16k,kp<=64k,-1.8698,2
32,n<=4,sr<=70%,kvB<=16k,kp<=8k,0.9694,2
32,n<=4,sr<=70%,kvB<=16k,kp=0,0.9738,2
32,n<=4,sr<=70%,kvB<=1k,kp<=16k,-0.6617,2
32,n<=4,sr<=70%,kvB<=1k,kp<=1k,-0.1774,2
32,n<=4,sr<=70%,kvB<=1k,kp<=2k,-0.1678,2
32,n<=4,sr<=70%,kvB<=1k,kp<=32k,0.3891,1
32,n<=4,sr<=70%,kvB<=1k,kp<=4k,-0.1254,2
32,n<=4,sr<=70%,kvB<=1k,kp<=512,0.8921,2
32,n<=4,sr<=70%,kvB<=1k,kp<=8k,-0.2543,2
32,n<=4,sr<=70%,kvB<=1k,kp=0,0.909,2
32,n<=4,sr<=70%,kvB<=4k,kp<=16k,-1.527,2
32,n<=4,sr<=70%,kvB<=4k,kp<=1k,0.9299,2
32,n<=4,sr<=70%,kvB<=4k,kp<=2k,0.9494,2
32,n<=4,sr<=70%,kvB<=4k,kp<=32k,0.7115,2
32,n<=4,sr<=70%,kvB<=4k,kp<=4k,-0.5893,2
32,n<=4,sr<=70%,kvB<=4k,kp<=512,0.9405,2
32,n<=4,sr<=70%,kvB<=4k,kp<=64k,-0.0932,2
32,n<=4,sr<=70%,kvB<=4k,kp<=8k,-0.1888,2
32,n<=4,sr<=70%,kvB<=4k,kp=0,0.9319,2
32,n<=4,sr<=70%,kvB<=64k,kp<=16k,0.9923,2
32,n<=4,sr<=70%,kvB<=64k,kp<=1k,0.9817,2
32,n<=4,sr<=70%,kvB<=64k,kp<=2k,0.9866,2
32,n<=4,sr<=70%,kvB<=64k,kp<=32k,0.9772,2
32,n<=4,sr<=70%,kvB<=64k,kp<=4k,0.9938,2
32,n<=4,sr<=70%,kvB<=64k,kp<=512,0.9762,2
32,n<=4,sr<=70%,kvB<=64k,kp<=64k,-0.473,2
32,n<=4,sr<=70%,kvB<=64k,kp<=8k,0.9817,2
32,n<=4,sr<=70%,kvB<=64k,kp=0,0.9813,2
32,n<=4,sr>70%,kvB<=16k,kp<=16k,-0.1051,2
32,n<=4,sr>70%,kvB<=16k,kp<=1k,0.9869,2
32,n<=4,sr>70%,kvB<=16k,kp<=2k,0.9589,2
32,n<=4,sr>70%,kvB<=16k,kp<=32k,0.3042,1
32,n<=4,sr>70%,kvB<=16k,kp<=4k,0.9469,2
32,n<=4,sr>70%,kvB<=16k,kp<=512,0.964,2
32,n<=4,sr>70%,kvB<=16k,kp<=64k,0.5573,2
32,n<=4,sr>70%,kvB<=16k,kp<=8k,0.9348,2
32,n<=4,sr>70%,kvB<=16k,kp=0,0.9317,2
32,n<=4,sr>70%,kvB<=1k,kp<=16k,0.6471,2
32,n<=4,sr>70%,kvB<=1k,kp<=1k,0.5174,2
32,n<=4,sr>70%,kvB<=1k,kp<=2k,0.2054,2
32,n<=4,sr>70%,kvB<=1k,kp<=32k,-0.9492,2
32,n<=4,sr>70%,kvB<=1k,kp<=4k,0.22,2
32,n<=4,sr>70%,kvB<=1k,kp<=512,0.9232,2
32,n<=4,sr>70%,kvB<=1k,kp<=64k,1.6582,2
32,n<=4,sr>70%,kvB<=1k,kp<=8k,-0.2859,2
32,n<=4,sr>70%,kvB<=1k,kp=0,0.8454,2
32,n<=4,sr>70%,kvB<=4k,kp<=16k,0.5255,2
32,n<=4,sr>70%,kvB<=4k,kp<=1k,0.9016,2
32,n<=4,sr>70%,kvB<=4k,kp<=2k,0.9307,2
32,n<=4,sr>70%,kvB<=4k,kp<=32k,0.2978,1
32,n<=4,sr>70%,kvB<=4k,kp<=4k,-0.1614,2
32,n<=4,sr>70%,kvB<=4k,kp<=512,0.917,2
32,n<=4,sr>70%,kvB<=4k,kp<=8k,-0.2472,2
32,n<=4,sr>70%,kvB<=4k,kp=0,0.9098,2
32,n<=4,sr>70%,kvB<=64k,kp<=16k,0.9784,2
32,n<=4,sr>70%,kvB<=64k,kp<=1k,0.991,2
32,n<=4,sr>70%,kvB<=64k,kp<=2k,0.9724,2
32,n<=4,sr>70%,kvB<=64k,kp<=32k,0.9377,2
32,n<=4,sr>70%,kvB<=64k,kp<=4k,0.9683,2
32,n<=4,sr>70%,kvB<=64k,kp<=512,0.9808,2
32,n<=4,sr>70%,kvB<=64k,kp<=64k,-0.9304,2
32,n<=4,sr>70%,kvB<=64k,kp<=8k,0.9742,2
32,n<=4,sr>70%,kvB<=64k,kp=0,0.9573,2
32,n<=64,sr<=15%,kvB<=16k,kp<=16k,0.0167,4
32,n<=64,sr<=15%,kvB<=16k,kp<=1k,0.0639,4
32,n<=64,sr<=15%,kvB<=16k,kp<=2k,0.0613,4
32,n<=64,sr<=15%,kvB<=16k,kp<=32k,0.0403,4
32,n<=64,sr<=15%,kvB<=16k,kp<=4k,0.0376,4
32,n<=64,sr<=15%,kvB<=16k,kp<=512,0.0623,4
32,n<=64,sr<=15%,kvB<=16k,kp<=64k,0.0298,4
32,n<=64,sr<=15%,kvB<=16k,kp<=8k,0.0302,4
32,n<=64,sr<=15%,kvB<=16k,kp=0,0.0645,4
32,n<=64,sr<=15%,kvB<=1k,kp<=16k,0.0554,4
32,n<=64,sr<=15%,kvB<=1k,kp<=1k,0.0676,4
32,n<=64,sr<=15%,kvB<=1k,kp<=2k,0.0644,4
32,n<=64,sr<=15%,kvB<=1k,kp<=32k,0.0827,4
32,n<=64,sr<=15%,kvB<=1k,kp<=4k,0.0609,4
32,n<=64,sr<=15%,kvB<=1k,kp<=512,0.1123,4
32,n<=64,sr<=15%,kvB<=1k,kp<=64k,0.0919,4
32,n<=64,sr<=15%,kvB<=1k,kp<=8k,0.064,4
32,n<=64,sr<=15%,kvB<=1k,kp=0,0.128,4
32,n<=64,sr<=15%,kvB<=4k,kp<=16k,0.0126,4
32,n<=64,sr<=15%,kvB<=4k,kp<=1k,0.0528,4
32,n<=64,sr<=15%,kvB<=4k,kp<=2k,0.048,4
32,n<=64,sr<=15%,kvB<=4k,kp<=32k,0.0141,4
32,n<=64,sr<=15%,kvB<=4k,kp<=4k,0.0089,4
32,n<=64,sr<=15%,kvB<=4k,kp<=512,0.0564,4
32,n<=64,sr<=15%,kvB<=4k,kp<=64k,0.0034,4
32,n<=64,sr<=15%,kvB<=4k,kp<=8k,0.0055,4
32,n<=64,sr<=15%,kvB<=4k,kp=0,0.0628,4
32,n<=64,sr<=15%,kvB<=64k,kp<=16k,0.053,4
32,n<=64,sr<=15%,kvB<=64k,kp<=1k,0.1284,4
32,n<=64,sr<=15%,kvB<=64k,kp<=2k,0.1277,4
32,n<=64,sr<=15%,kvB<=64k,kp<=32k,0.0486,4
32,n<=64,sr<=15%,kvB<=64k,kp<=4k,0.0927,4
32,n<=64,sr<=15%,kvB<=64k,kp<=512,0.1189,4
32,n<=64,sr<=15%,kvB<=64k,kp<=64k,0.0728,4
32,n<=64,sr<=15%,kvB<=64k,kp<=8k,0.0783,4
32,n<=64,sr<=15%,kvB<=64k,kp=0,0.1164,4
32,n<=64,sr<=40%,kvB<=16k,kp<=16k,0.1983,2
32,n<=64,sr<=40%,kvB<=16k,kp<=1k,0.1758,2
32,n<=64,sr<=40%,kvB<=16k,kp<=2k,0.1694,2
32,n<=64,sr<=40%,kvB<=16k,kp<=32k,0.1676,2
32,n<=64,sr<=40%,kvB<=16k,kp<=4k,0.1294,2
32,n<=64,sr<=40%,kvB<=16k,kp<=512,0.1798,2
32,n<=64,sr<=40%,kvB<=16k,kp<=64k,0.1588,2
32,n<=64,sr<=40%,kvB<=16k,kp<=8k,0.1561,2
32,n<=64,sr<=40%,kvB<=16k,kp=0,0.1777,2
32,n<=64,sr<=40%,kvB<=1k,kp<=16k,0.0827,2
32,n<=64,sr<=40%,kvB<=1k,kp<=1k,0.1028,2
32,n<=64,sr<=40%,kvB<=1k,kp<=2k,0.0993,2
32,n<=64,sr<=40%,kvB<=1k,kp<=32k,0.1037,2
32,n<=64,sr<=40%,kvB<=1k,kp<=4k,0.0935,2
32,n<=64,sr<=40%,kvB<=1k,kp<=512,0.1306,2
32,n<=64,sr<=40%,kvB<=1k,kp<=64k,0.0505,2
32,n<=64,sr<=40%,kvB<=1k,kp<=8k,0.0952,2
32,n<=64,sr<=40%,kvB<=1k,kp=0,0.1625,2
32,n<=64,sr<=40%,kvB<=4k,kp<=16k,-0.0006,2
32,n<=64,sr<=40%,kvB<=4k,kp<=1k,0.0394,2
32,n<=64,sr<=40%,kvB<=4k,kp<=2k,0.0365,2
32,n<=64,sr<=40%,kvB<=4k,kp<=32k,0.0102,2
32,n<=64,sr<=40%,kvB<=4k,kp<=4k,0.0117,2
32,n<=64,sr<=40%,kvB<=4k,kp<=512,0.0507,2
32,n<=64,sr<=40%,kvB<=4k,kp<=64k,-0.0021,2
32,n<=64,sr<=40%,kvB<=4k,kp<=8k,-0.01,2
32,n<=64,sr<=40%,kvB<=4k,kp=0,0.0557,2
32,n<=64,sr<=40%,kvB<=64k,kp<=16k,0.2241,2
32,n<=64,sr<=40%,kvB<=64k,kp<=1k,0.3783,2
32,n<=64,sr<=40%,kvB<=64k,kp<=2k,0.3165,2
32,n<=64,sr<=40%,kvB<=64k,kp<=32k,0.2169,2
32,n<=64,sr<=40%,kvB<=64k,kp<=4k,0.2804,2
32,n<=64,sr<=40%,kvB<=64k,kp<=512,0.379,2
32,n<=64,sr<=40%,kvB<=64k,kp<=64k,0.3141,2
32,n<=64,sr<=40%,kvB<=64k,kp<=8k,0.2521,2
32,n<=64,sr<=40%,kvB<=64k,kp=0,0.3536,2
32,n<=64,sr<=5%,kvB<=16k,kp<=16k,0.0061,6
32,n<=64,sr<=5%,kvB<=16k,kp<=1k,0.0517,6
32,n<=64,sr<=5%,kvB<=16k,kp<=2k,0.0488,6
32,n<=64,sr<=5%,kvB<=16k,kp<=32k,0.0002,6
32,n<=64,sr<=5%,kvB<=16k,kp<=4k,0.0376,6
32,n<=64,sr<=5%,kvB<=16k,kp<=512,0.0528,6
32,n<=64,sr<=5%,kvB<=16k,kp<=64k,0.0061,6
32,n<=64,sr<=5%,kvB<=16k,kp<=8k,0.0318,6
32,n<=64,sr<=5%,kvB<=16k,kp=0,0.0538,6
32,n<=64,sr<=5%,kvB<=1k,kp<=16k,0.0258,6
32,n<=64,sr<=5%,kvB<=1k,kp<=1k,0.0181,6
32,n<=64,sr<=5%,kvB<=1k,kp<=2k,0.0106,6
32,n<=64,sr<=5%,kvB<=1k,kp<=32k,0.0229,6
32,n<=64,sr<=5%,kvB<=1k,kp<=4k,0.0145,6
32,n<=64,sr<=5%,kvB<=1k,kp<=512,0.0669,6
32,n<=64,sr<=5%,kvB<=1k,kp<=64k,-0.0039,6
32,n<=64,sr<=5%,kvB<=1k,kp<=8k,0.0139,6
32,n<=64,sr<=5%,kvB<=1k,kp=0,0.0806,6
32,n<=64,sr<=5%,kvB<=4k,kp<=16k,0.011,6
32,n<=64,sr<=5%,kvB<=4k,kp<=1k,0.0557,6
32,n<=64,sr<=5%,kvB<=4k,kp<=2k,0.0486,6
32,n<=64,sr<=5%,kvB<=4k,kp<=32k,0.0129,6
32,n<=64,sr<=5%,kvB<=4k,kp<=4k,0.0071,6
32,n<=64,sr<=5%,kvB<=4k,kp<=512,0.0571,6
32,n<=64,sr<=5%,kvB<=4k,kp<=64k,0.0038,6
32,n<=64,sr<=5%,kvB<=4k,kp<=8k,0.0071,6
32,n<=64,sr<=5%,kvB<=4k,kp=0,0.0637,6
32,n<=64,sr<=5%,kvB<=64k,kp<=16k,0.0599,6
32,n<=64,sr<=5%,kvB<=64k,kp<=1k,0.0872,6
32,n<=64,sr<=5%,kvB<=64k,kp<=2k,0.0959,6
32,n<=64,sr<=5%,kvB<=64k,kp<=32k,0.0636,6
32,n<=64,sr<=5%,kvB<=64k,kp<=4k,0.0674,6
32,n<=64,sr<=5%,kvB<=64k,kp<=512,0.0912,6
32,n<=64,sr<=5%,kvB<=64k,kp<=64k,0.0428,6
32,n<=64,sr<=5%,kvB<=64k,kp<=8k,0.0651,6
32,n<=64,sr<=5%,kvB<=64k,kp=0,0.0788,6
32,n<=64,sr<=70%,kvB<=16k,kp<=16k,0.9565,2
32,n<=64,sr<=70%,kvB<=16k,kp<=1k,0.9579,2
32,n<=64,sr<=70%,kvB<=16k,kp<=2k,1.0236,2
32,n<=64,sr<=70%,kvB<=16k,kp<=32k,0.9198,2
32,n<=64,sr<=70%,kvB<=16k,kp<=4k,0.7152,2
32,n<=64,sr<=70%,kvB<=16k,kp<=512,1.0453,2
32,n<=64,sr<=70%,kvB<=16k,kp<=64k,0.7893,2
32,n<=64,sr<=70%,kvB<=16k,kp<=8k,0.7035,2
32,n<=64,sr<=70%,kvB<=16k,kp=0,1.044,2
32,n<=64,sr<=70%,kvB<=1k,kp<=16k,0.0475,2
32,n<=64,sr<=70%,kvB<=1k,kp<=1k,0.0364,2
32,n<=64,sr<=70%,kvB<=1k,kp<=2k,0.054,2
32,n<=64,sr<=70%,kvB<=1k,kp<=32k,0.1216,2
32,n<=64,sr<=70%,kvB<=1k,kp<=4k,0.0156,2
32,n<=64,sr<=70%,kvB<=1k,kp<=512,0.0506,2
32,n<=64,sr<=70%,kvB<=1k,kp<=64k,0.0393,2
32,n<=64,sr<=70%,kvB<=1k,kp<=8k,0.054,2
32,n<=64,sr<=70%,kvB<=1k,kp=0,0.1194,2
32,n<=64,sr<=70%,kvB<=4k,kp<=16k,-0.0658,2
32,n<=64,sr<=70%,kvB<=4k,kp<=1k,0.0007,2
32,n<=64,sr<=70%,kvB<=4k,kp<=2k,-0.0386,2
32,n<=64,sr<=70%,kvB<=4k,kp<=32k,-0.0702,2
32,n<=64,sr<=70%,kvB<=4k,kp<=4k,-0.0421,2
32,n<=64,sr<=70%,kvB<=4k,kp<=512,-0.0135,2
32,n<=64,sr<=70%,kvB<=4k,kp<=64k,-0.0593,2
32,n<=64,sr<=70%,kvB<=4k,kp<=8k,-0.0754,2
32,n<=64,sr<=70%,kvB<=4k,kp=0,-0.0245,2
32,n<=64,sr<=70%,kvB<=64k,kp<=16k,0.6654,2
32,n<=64,sr<=70%,kvB<=64k,kp<=1k,1.0488,2
32,n<=64,sr<=70%,kvB<=64k,kp<=2k,0.924,2
32,n<=64,sr<=70%,kvB<=64k,kp<=32k,0.6459,2
32,n<=64,sr<=70%,kvB<=64k,kp<=4k,0.7344,2
32,n<=64,sr<=70%,kvB<=64k,kp<=512,0.8898,2
32,n<=64,sr<=70%,kvB<=64k,kp<=64k,0.7595,2
32,n<=64,sr<=70%,kvB<=64k,kp<=8k,0.6664,2
32,n<=64,sr<=70%,kvB<=64k,kp=0,0.9155,2
32,n<=64,sr>70%,kvB<=16k,kp<=16k,2.8736,4
32,n<=64,sr>70%,kvB<=16k,kp<=1k,2.8225,4
32,n<=64,sr>70%,kvB<=16k,kp<=2k,2.9904,4
32,n<=64,sr>70%,kvB<=16k,kp<=32k,3.7702,4
32,n<=64,sr>70%,kvB<=16k,kp<=4k,1.6996,4
32,n<=64,sr>70%,kvB<=16k,kp<=512,2.8189,4
32,n<=64,sr>70%,kvB<=16k,kp<=64k,2.0646,4
32,n<=64,sr>70%,kvB<=16k,kp<=8k,1.5709,4
32,n<=64,sr>70%,kvB<=16k,kp=0,2.9077,4
32,n<=64,sr>70%,kvB<=1k,kp<=16k,0.2826,4
32,n<=64,sr>70%,kvB<=1k,kp<=1k,0.2219,4
32,n<=64,sr>70%,kvB<=1k,kp<=2k,0.3096,4
32,n<=64,sr>70%,kvB<=1k,kp<=32k,0.3096,4
32,n<=64,sr>70%,kvB<=1k,kp<=4k,0.1352,4
32,n<=64,sr>70%,kvB<=1k,kp<=512,0.2044,4
32,n<=64,sr>70%,kvB<=1k,kp<=64k,0.2441,4
32,n<=64,sr>70%,kvB<=1k,kp<=8k,0.2126,4
32,n<=64,sr>70%,kvB<=1k,kp=0,0.3892,4
32,n<=64,sr>70%,kvB<=4k,kp<=16k,-0.2544,4
32,n<=64,sr>70%,kvB<=4k,kp<=1k,-0.3806,4
32,n<=64,sr>70%,kvB<=4k,kp<=2k,-0.2529,4
32,n<=64,sr>70%,kvB<=4k,kp<=32k,-0.3497,4
32,n<=64,sr>70%,kvB<=4k,kp<=4k,-0.133,4
32,n<=64,sr>70%,kvB<=4k,kp<=512,-0.4132,4
32,n<=64,sr>70%,kvB<=4k,kp<=64k,-0.2443,4
32,n<=64,sr>70%,kvB<=4k,kp<=8k,-0.2086,4
32,n<=64,sr>70%,kvB<=4k,kp=0,-0.4461,4
32,n<=64,sr>70%,kvB<=64k,kp<=16k,1.7063,4
32,n<=64,sr>70%,kvB<=64k,kp<=1k,2.5202,4
32,n<=64,sr>70%,kvB<=64k,kp<=2k,2.1418,4
32,n<=64,sr>70%,kvB<=64k,kp<=32k,1.5886,4
32,n<=64,sr>70%,kvB<=64k,kp<=4k,1.9052,4
32,n<=64,sr>70%,kvB<=64k,kp<=512,2.1759,4
32,n<=64,sr>70%,kvB<=64k,kp<=64k,2.266,3
32,n<=64,sr>70%,kvB<=64k,kp<=8k,1.5398,4
32,n<=64,sr>70%,kvB<=64k,kp=0,1.9313,4
32,n<=8,sr<=15%,kvB<=16k,kp<=16k,-0.1336,2
32,n<=8,sr<=15%,kvB<=16k,kp<=1k,0.3779,2
32,n<=8,sr<=15%,kvB<=16k,kp<=2k,0.3801,2
32,n<=8,sr<=15%,kvB<=16k,kp<=32k,-0.1404,2
32,n<=8,sr<=15%,kvB<=16k,kp<=4k,0.3694,2
32,n<=8,sr<=15%,kvB<=16k,kp<=512,0.382,2
32,n<=8,sr<=15%,kvB<=16k,kp<=64k,-0.1208,2
32,n<=8,sr<=15%,kvB<=16k,kp<=8k,0.2678,2
32,n<=8,sr<=15%,kvB<=16k,kp=0,0.379,2
32,n<=8,sr<=15%,kvB<=1k,kp<=16k,0.0434,2
32,n<=8,sr<=15%,kvB<=1k,kp<=1k,-0.0183,2
32,n<=8,sr<=15%,kvB<=1k,kp<=2k,-0.0278,2
32,n<=8,sr<=15%,kvB<=1k,kp<=32k,0.3256,2
32,n<=8,sr<=15%,kvB<=1k,kp<=4k,-0.0118,2
32,n<=8,sr<=15%,kvB<=1k,kp<=512,0.3218,2
32,n<=8,sr<=15%,kvB<=1k,kp<=64k,0.6627,1
32,n<=8,sr<=15%,kvB<=1k,kp<=8k,0.0032,2
32,n<=8,sr<=15%,kvB<=1k,kp=0,0.4292,2
32,n<=8,sr<=15%,kvB<=4k,kp<=16k,-0.0892,2
32,n<=8,sr<=15%,kvB<=4k,kp<=1k,0.3804,2
32,n<=8,sr<=15%,kvB<=4k,kp<=2k,0.2726,2
32,n<=8,sr<=15%,kvB<=4k,kp<=32k,0.0323,2
32,n<=8,sr<=15%,kvB<=4k,kp<=4k,-0.1082,2
32,n<=8,sr<=15%,kvB<=4k,kp<=512,0.3969,2
32,n<=8,sr<=15%,kvB<=4k,kp<=64k,-0.1651,2
32,n<=8,sr<=15%,kvB<=4k,kp<=8k,-0.1163,2
32,n<=8,sr<=15%,kvB<=4k,kp=0,0.3926,2
32,n<=8,sr<=15%,kvB<=64k,kp<=16k,0.3803,2
32,n<=8,sr<=15%,kvB<=64k,kp<=1k,0.39,2
32,n<=8,sr<=15%,kvB<=64k,kp<=2k,0.3899,2
32,n<=8,sr<=15%,kvB<=64k,kp<=32k,0.2741,2
32,n<=8,sr<=15%,kvB<=64k,kp<=4k,0.3851,2
32,n<=8,sr<=15%,kvB<=64k,kp<=512,0.3939,2
32,n<=8,sr<=15%,kvB<=64k,kp<=64k,-0.1271,2
32,n<=8,sr<=15%,kvB<=64k,kp<=8k,0.3804,2
32,n<=8,sr<=15%,kvB<=64k,kp=0,0.3882,2
32,n<=8,sr<=40%,kvB<=16k,kp<=16k,-0.4305,4
32,n<=8,sr<=40%,kvB<=16k,kp<=1k,0.2269,4
32,n<=8,sr<=40%,kvB<=16k,kp<=2k,0.2309,4
32,n<=8,sr<=40%,kvB<=16k,kp<=32k,-0.4012,4
32,n<=8,sr<=40%,kvB<=16k,kp<=4k,0.2302,4
32,n<=8,sr<=40%,kvB<=16k,kp<=512,0.2227,4
32,n<=8,sr<=40%,kvB<=16k,kp<=64k,-0.3143,4
32,n<=8,sr<=40%,kvB<=16k,kp<=8k,0.162,4
32,n<=8,sr<=40%,kvB<=16k,kp=0,0.2173,4
32,n<=8,sr<=40%,kvB<=1k,kp<=16k,0.1886,4
32,n<=8,sr<=40%,kvB<=1k,kp<=1k,-0.254,4
32,n<=8,sr<=40%,kvB<=1k,kp<=2k,-0.2442,4
32,n<=8,sr<=40%,kvB<=1k,kp<=32k,1.3521,4
32,n<=8,sr<=40%,kvB<=1k,kp<=4k,-0.226,4
32,n<=8,sr<=40%,kvB<=1k,kp<=512,0.2522,4
32,n<=8,sr<=40%,kvB<=1k,kp<=64k,0.3187,4
32,n<=8,sr<=40%,kvB<=1k,kp<=8k,-0.2362,4
32,n<=8,sr<=40%,kvB<=1k,kp=0,0.3087,4
32,n<=8,sr<=40%,kvB<=4k,kp<=16k,-0.3106,4
32,n<=8,sr<=40%,kvB<=4k,kp<=1k,0.244,4
32,n<=8,sr<=40%,kvB<=4k,kp<=2k,0.1768,4
32,n<=8,sr<=40%,kvB<=4k,kp<=32k,-0.0996,4
32,n<=8,sr<=40%,kvB<=4k,kp<=4k,-0.3702,4
32,n<=8,sr<=40%,kvB<=4k,kp<=512,0.2532,4
32,n<=8,sr<=40%,kvB<=4k,kp<=64k,0.4051,3
32,n<=8,sr<=40%,kvB<=4k,kp<=8k,-0.382,4
32,n<=8,sr<=40%,kvB<=4k,kp=0,0.2456,4
32,n<=8,sr<=40%,kvB<=64k,kp<=16k,0.2529,4
32,n<=8,sr<=40%,kvB<=64k,kp<=1k,0.2468,4
32,n<=8,sr<=40%,kvB<=64k,kp<=2k,0.2446,4
32,n<=8,sr<=40%,kvB<=64k,kp<=32k,0.1954,4
32,n<=8,sr<=40%,kvB<=64k,kp<=4k,0.2394,4
32,n<=8,sr<=40%,kvB<=64k,kp<=512,0.2478,4
32,n<=8,sr<=40%,kvB<=64k,kp<=64k,-0.4137,4
32,n<=8,sr<=40%,kvB<=64k,kp<=8k,0.2329,4
32,n<=8,sr<=40%,kvB<=64k,kp=0,0.2477,4
32,n<=8,sr<=70%,kvB<=16k,kp<=16k,-0.3789,2
32,n<=8,sr<=70%,kvB<=16k,kp<=1k,-0.0495,2
32,n<=8,sr<=70%,kvB<=16k,kp<=2k,-0.0374,2
32,n<=8,sr<=70%,kvB<=16k,kp<=32k,-0.4141,2
32,n<=8,sr<=70%,kvB<=16k,kp<=4k,0.0277,2
32,n<=8,sr<=70%,kvB<=16k,kp<=512,-0.0623,2
32,n<=8,sr<=70%,kvB<=16k,kp<=64k,-0.4967,2
32,n<=8,sr<=70%,kvB<=16k,kp<=8k,0.232,2
32,n<=8,sr<=70%,kvB<=16k,kp=0,-0.0585,2
32,n<=8,sr<=70%,kvB<=1k,kp<=16k,0.069,2
32,n<=8,sr<=70%,kvB<=1k,kp<=1k,0.2912,2
32,n<=8,sr<=70%,kvB<=1k,kp<=2k,0.2429,2
32,n<=8,sr<=70%,kvB<=1k,kp<=32k,1.2461,1
32,n<=8,sr<=70%,kvB<=1k,kp<=4k,0.211,2
32,n<=8,sr<=70%,kvB<=1k,kp<=512,0.3479,2
32,n<=8,sr<=70%,kvB<=1k,kp<=64k,-1.3608,1
32,n<=8,sr<=70%,kvB<=1k,kp<=8k,0.244,2
32,n<=8,sr<=70%,kvB<=1k,kp=0,0.0719,2
32,n<=8,sr<=70%,kvB<=4k,kp<=16k,-0.2477,2
32,n<=8,sr<=70%,kvB<=4k,kp<=1k,0.0546,2
32,n<=8,sr<=70%,kvB<=4k,kp<=2k,0.2896,2
32,n<=8,sr<=70%,kvB<=4k,kp<=32k,-0.4643,2
32,n<=8,sr<=70%,kvB<=4k,kp<=4k,-0.2217,2
32,n<=8,sr<=70%,kvB<=4k,kp<=512,-0.0093,2
32,n<=8,sr<=70%,kvB<=4k,kp<=64k,0.1267,1
32,n<=8,sr<=70%,kvB<=4k,kp<=8k,-0.2538,2
32,n<=8,sr<=70%,kvB<=4k,kp=0,-0.0111,2
32,n<=8,sr<=70%,kvB<=64k,kp<=16k,0.0585,2
32,n<=8,sr<=70%,kvB<=64k,kp<=1k,-0.0222,2
32,n<=8,sr<=70%,kvB<=64k,kp<=2k,-0.028,2
32,n<=8,sr<=70%,kvB<=64k,kp<=32k,0.2561,2
32,n<=8,sr<=70%,kvB<=64k,kp<=4k,-0.0227,2
32,n<=8,sr<=70%,kvB<=64k,kp<=512,-0.0215,2
32,n<=8,sr<=70%,kvB<=64k,kp<=64k,-0.3596,2
32,n<=8,sr<=70%,kvB<=64k,kp<=8k,-0.0365,2
32,n<=8,sr<=70%,kvB<=64k,kp=0,-0.0161,2
32,n<=8,sr>70%,kvB<=16k,kp<=16k,0.8206,4
32,n<=8,sr>70%,kvB<=16k,kp<=1k,0.8791,4
32,n<=8,sr>70%,kvB<=16k,kp<=2k,0.8763,4
32,n<=8,sr>70%,kvB<=16k,kp<=32k,0.6792,4
32,n<=8,sr>70%,kvB<=16k,kp<=4k,0.8677,4
32,n<=8,sr>70%,kvB<=16k,kp<=512,0.8656,4
32,n<=8,sr>70%,kvB<=16k,kp<=64k,0.6814,4
32,n<=8,sr>70%,kvB<=16k,kp<=8k,0.8995,4
32,n<=8,sr>70%,kvB<=16k,kp=0,0.8804,4
32,n<=8,sr>70%,kvB<=1k,kp<=16k,0.6894,3
32,n<=8,sr>70%,kvB<=1k,kp<=1k,0.7935,4
32,n<=8,sr>70%,kvB<=1k,kp<=2k,0.726,4
32,n<=8,sr>70%,kvB<=1k,kp<=32k,0.2167,4
32,n<=8,sr>70%,kvB<=1k,kp<=4k,0.7179,4
32,n<=8,sr>70%,kvB<=1k,kp<=512,0.8964,4
32,n<=8,sr>70%,kvB<=1k,kp<=64k,-0.8284,3
32,n<=8,sr>70%,kvB<=1k,kp<=8k,0.7872,4
32,n<=8,sr>70%,kvB<=1k,kp=0,0.896,4
32,n<=8,sr>70%,kvB<=4k,kp<=16k,0.8278,4
32,n<=8,sr>70%,kvB<=4k,kp<=1k,0.9453,4
32,n<=8,sr>70%,kvB<=4k,kp<=2k,0.943,4
32,n<=8,sr>70%,kvB<=4k,kp<=32k,0.7127,4
32,n<=8,sr>70%,kvB<=4k,kp<=4k,0.8429,4
32,n<=8,sr>70%,kvB<=4k,kp<=512,0.9318,4
32,n<=8,sr>70%,kvB<=4k,kp<=64k,0.7535,3
32,n<=8,sr>70%,kvB<=4k,kp<=8k,0.8365,4
32,n<=8,sr>70%,kvB<=4k,kp=0,0.9254,4
32,n<=8,sr>70%,kvB<=64k,kp<=16k,0.949,4
32,n<=8,sr>70%,kvB<=64k,kp<=1k,1.0021,4
32,n<=8,sr>70%,kvB<=64k,kp<=2k,0.9998,4
32,n<=8,sr>70%,kvB<=64k,kp<=32k,0.9961,4
32,n<=8,sr>70%,kvB<=64k,kp<=4k,1.0002,4
32,n<=8,sr>70%,kvB<=64k,kp<=512,1.001,4
32,n<=8,sr>70%,kvB<=64k,kp<=64k,0.984,4
32,n<=8,sr>70%,kvB<=64k,kp<=8k,1.0312,4
32,n<=8,sr>70%,kvB<=64k,kp=0,0.9979,4
64,n<=16,sr<=15%,kvB<=16k,kp<=16k,0.0466,4
64,n<=16,sr<=15%,kvB<=16k,kp<=1k,0.287,4
64,n<=16,sr<=15%,kvB<=16k,kp<=2k,0.2865,4
64,n<=16,sr<=15%,kvB<=16k,kp<=32k,0.0403,4
64,n<=16,sr<=15%,kvB<=16k,kp<=4k,0.2876,4
64,n<=16,sr<=15%,kvB<=16k,kp<=512,0.2867,4
64,n<=16,sr<=15%,kvB<=16k,kp<=64k,0.0402,4
64,n<=16,sr<=15%,kvB<=16k,kp<=8k,0.2443,4
64,n<=16,sr<=15%,kvB<=16k,kp=0,0.2855,4
64,n<=16,sr<=15%,kvB<=1k,kp<=16k,0.1739,4
64,n<=16,sr<=15%,kvB<=1k,kp<=1k,0.234,4
64,n<=16,sr<=15%,kvB<=1k,kp<=2k,0.2253,4
64,n<=16,sr<=15%,kvB<=1k,kp<=32k,0.0308,3
64,n<=16,sr<=15%,kvB<=1k,kp<=4k,0.2069,4
64,n<=16,sr<=15%,kvB<=1k,kp<=512,0.3579,4
64,n<=16,sr<=15%,kvB<=1k,kp<=64k,-0.1777,2
64,n<=16,sr<=15%,kvB<=1k,kp<=8k,0.2018,4
64,n<=16,sr<=15%,kvB<=1k,kp=0,0.3589,4
64,n<=16,sr<=15%,kvB<=4k,kp<=16k,0.0922,4
64,n<=16,sr<=15%,kvB<=4k,kp<=1k,0.3142,4
64,n<=16,sr<=15%,kvB<=4k,kp<=2k,0.2859,4
64,n<=16,sr<=15%,kvB<=4k,kp<=32k,0.084,4
64,n<=16,sr<=15%,kvB<=4k,kp<=4k,0.1032,4
64,n<=16,sr<=15%,kvB<=4k,kp<=512,0.313,4
64,n<=16,sr<=15%,kvB<=4k,kp<=64k,0.0563,4
64,n<=16,sr<=15%,kvB<=4k,kp<=8k,0.1058,4
64,n<=16,sr<=15%,kvB<=4k,kp=0,0.3125,4
64,n<=16,sr<=15%,kvB<=64k,kp<=16k,0.2881,4
64,n<=16,sr<=15%,kvB<=64k,kp<=1k,0.2903,4
64,n<=16,sr<=15%,kvB<=64k,kp<=2k,0.2916,4
64,n<=16,sr<=15%,kvB<=64k,kp<=32k,0.2311,4
64,n<=16,sr<=15%,kvB<=64k,kp<=4k,0.2909,4
64,n<=16,sr<=15%,kvB<=64k,kp<=512,0.2903,4
64,n<=16,sr<=15%,kvB<=64k,kp<=64k,0.0484,4
64,n<=16,sr<=15%,kvB<=64k,kp<=8k,0.2866,4
64,n<=16,sr<=15%,kvB<=64k,kp=0,0.2909,4
64,n<=16,sr<=40%,kvB<=16k,kp<=16k,0.0854,4
64,n<=16,sr<=40%,kvB<=16k,kp<=1k,0.2682,4
64,n<=16,sr<=40%,kvB<=16k,kp<=2k,0.2907,4
64,n<=16,sr<=40%,kvB<=16k,kp<=32k,0.0791,4
64,n<=16,sr<=40%,kvB<=16k,kp<=4k,0.3066,4
64,n<=16,sr<=40%,kvB<=16k,kp<=512,0.2589,4
64,n<=16,sr<=40%,kvB<=16k,kp<=64k,0.0768,4
64,n<=16,sr<=40%,kvB<=16k,kp<=8k,0.2417,4
64,n<=16,sr<=40%,kvB<=16k,kp=0,0.2534,4
64,n<=16,sr<=40%,kvB<=1k,kp<=16k,0.1145,4
64,n<=16,sr<=40%,kvB<=1k,kp<=1k,0.1757,4
64,n<=16,sr<=40%,kvB<=1k,kp<=2k,0.2179,4
64,n<=16,sr<=40%,kvB<=1k,kp<=32k,0.0428,3
64,n<=16,sr<=40%,kvB<=1k,kp<=4k,0.2236,4
64,n<=16,sr<=40%,kvB<=1k,kp<=512,0.3524,4
64,n<=16,sr<=40%,kvB<=1k,kp<=64k,-0.1412,1
64,n<=16,sr<=40%,kvB<=1k,kp<=8k,0.2124,4
64,n<=16,sr<=40%,kvB<=1k,kp=0,0.4085,4
64,n<=16,sr<=40%,kvB<=4k,kp<=16k,0.1271,4
64,n<=16,sr<=40%,kvB<=4k,kp<=1k,0.3336,4
64,n<=16,sr<=40%,kvB<=4k,kp<=2k,0.2761,4
64,n<=16,sr<=40%,kvB<=4k,kp<=32k,0.1282,4
64,n<=16,sr<=40%,kvB<=4k,kp<=4k,0.1268,4
64,n<=16,sr<=40%,kvB<=4k,kp<=512,0.3318,4
64,n<=16,sr<=40%,kvB<=4k,kp<=64k,0.0358,4
64,n<=16,sr<=40%,kvB<=4k,kp<=8k,0.1408,4
64,n<=16,sr<=40%,kvB<=4k,kp=0,0.3099,4
64,n<=16,sr<=40%,kvB<=64k,kp<=16k,0.3008,4
64,n<=16,sr<=40%,kvB<=64k,kp<=1k,0.2595,4
64,n<=16,sr<=40%,kvB<=64k,kp<=2k,0.2604,4
64,n<=16,sr<=40%,kvB<=64k,kp<=32k,0.2465,4
64,n<=16,sr<=40%,kvB<=64k,kp<=4k,0.2679,4
64,n<=16,sr<=40%,kvB<=64k,kp<=512,0.2603,4
64,n<=16,sr<=40%,kvB<=64k,kp<=64k,0.0819,4
64,n<=16,sr<=40%,kvB<=64k,kp<=8k,0.2951,4
64,n<=16,sr<=40%,kvB<=64k,kp=0,0.2579,4
64,n<=16,sr<=70%,kvB<=16k,kp<=16k,-0.0511,2
64,n<=16,sr<=70%,kvB<=16k,kp<=1k,0.2738,2
64,n<=16,sr<=70%,kvB<=16k,kp<=2k,0.273,2
64,n<=16,sr<=70%,kvB<=16k,kp<=32k,0.1704,2
64,n<=16,sr<=70%,kvB<=16k,kp<=4k,0.278,2
64,n<=16,sr<=70%,kvB<=16k,kp<=512,0.2684,2
64,n<=16,sr<=70%,kvB<=16k,kp<=64k,0.1325,2
64,n<=16,sr<=70%,kvB<=16k,kp<=8k,0.2536,2
64,n<=16,sr<=70%,kvB<=16k,kp=0,0.2648,2
64,n<=16,sr<=70%,kvB<=1k,kp<=16k,0.4415,2
64,n<=16,sr<=70%,kvB<=1k,kp<=1k,0.2807,2
64,n<=16,sr<=70%,kvB<=1k,kp<=2k,0.5235,2
64,n<=16,sr<=70%,kvB<=1k,kp<=32k,0.2147,2
64,n<=16,sr<=70%,kvB<=1k,kp<=4k,0.5268,2
64,n<=16,sr<=70%,kvB<=1k,kp<=512,0.3673,2
64,n<=16,sr<=70%,kvB<=1k,kp<=64k,0.8037,1
64,n<=16,sr<=70%,kvB<=1k,kp<=8k,0.4154,2
64,n<=16,sr<=70%,kvB<=1k,kp=0,0.344,2
64,n<=16,sr<=70%,kvB<=4k,kp<=16k,0.2667,2
64,n<=16,sr<=70%,kvB<=4k,kp<=1k,0.3184,2
64,n<=16,sr<=70%,kvB<=4k,kp<=2k,0.2981,2
64,n<=16,sr<=70%,kvB<=4k,kp<=32k,0.287,2
64,n<=16,sr<=70%,kvB<=4k,kp<=4k,0.0928,2
64,n<=16,sr<=70%,kvB<=4k,kp<=512,0.3185,2
64,n<=16,sr<=70%,kvB<=4k,kp<=64k,0.179,2
64,n<=16,sr<=70%,kvB<=4k,kp<=8k,0.2852,2
64,n<=16,sr<=70%,kvB<=4k,kp=0,0.322,2
64,n<=16,sr<=70%,kvB<=64k,kp<=16k,0.3257,2
64,n<=16,sr<=70%,kvB<=64k,kp<=1k,0.3601,2
64,n<=16,sr<=70%,kvB<=64k,kp<=2k,0.3583,2
64,n<=16,sr<=70%,kvB<=64k,kp<=32k,0.3235,2
64,n<=16,sr<=70%,kvB<=64k,kp<=4k,0.3643,2
64,n<=16,sr<=70%,kvB<=64k,kp<=512,0.3641,2
64,n<=16,sr<=70%,kvB<=64k,kp<=64k,0.0593,2
64,n<=16,sr<=70%,kvB<=64k,kp<=8k,0.401,2
64,n<=16,sr<=70%,kvB<=64k,kp=0,0.3656,2
64,n<=16,sr>70%,kvB<=16k,kp<=16k,0.9414,4
64,n<=16,sr>70%,kvB<=16k,kp<=1k,0.9361,4
64,n<=16,sr>70%,kvB<=16k,kp<=2k,0.8946,4
64,n<=16,sr>70%,kvB<=16k,kp<=32k,0.7926,4
64,n<=16,sr>70%,kvB<=16k,kp<=4k,0.9956,4
64,n<=16,sr>70%,kvB<=16k,kp<=512,0.9038,4
64,n<=16,sr>70%,kvB<=16k,kp<=64k,0.7179,4
64,n<=16,sr>70%,kvB<=16k,kp<=8k,1.0912,4
64,n<=16,sr>70%,kvB<=16k,kp=0,0.8948,4
64,n<=16,sr>70%,kvB<=1k,kp<=16k,0.7961,4
64,n<=16,sr>70%,kvB<=1k,kp<=1k,0.874,4
64,n<=16,sr>70%,kvB<=1k,kp<=2k,0.7783,4
64,n<=16,sr>70%,kvB<=1k,kp<=32k,0.3673,2
64,n<=16,sr>70%,kvB<=1k,kp<=4k,0.7968,4
64,n<=16,sr>70%,kvB<=1k,kp<=512,0.8635,4
64,n<=16,sr>70%,kvB<=1k,kp<=64k,1.4368,1
64,n<=16,sr>70%,kvB<=1k,kp<=8k,0.7531,4
64,n<=16,sr>70%,kvB<=1k,kp=0,0.8805,4
64,n<=16,sr>70%,kvB<=4k,kp<=16k,0.8081,4
64,n<=16,sr>70%,kvB<=4k,kp<=1k,0.911,4
64,n<=16,sr>70%,kvB<=4k,kp<=2k,0.9379,4
64,n<=16,sr>70%,kvB<=4k,kp<=32k,0.8719,4
64,n<=16,sr>70%,kvB<=4k,kp<=4k,0.8866,4
64,n<=16,sr>70%,kvB<=4k,kp<=512,0.9041,4
64,n<=16,sr>70%,kvB<=4k,kp<=64k,0.8645,4
64,n<=16,sr>70%,kvB<=4k,kp<=8k,0.854,4
64,n<=16,sr>70%,kvB<=4k,kp=0,0.9132,4
64,n<=16,sr>70%,kvB<=64k,kp<=16k,1.2989,4
64,n<=16,sr>70%,kvB<=64k,kp<=1k,1.279,4
64,n<=16,sr>70%,kvB<=64k,kp<=2k,1.2936,4
64,n<=16,sr>70%,kvB<=64k,kp<=32k,1.4434,4
64,n<=16,sr>70%,kvB<=64k,kp<=4k,1.3734,4
64,n<=16,sr>70%,kvB<=64k,kp<=512,1.3097,4
64,n<=16,sr>70%,kvB<=64k,kp<=64k,1.5273,4
64,n<=16,sr>70%,kvB<=64k,kp<=8k,1.363,4
64,n<=16,sr>70%,kvB<=64k,kp=0,1.3249,4
64,n<=2,sr<=70%,kvB<=16k,kp<=16k,0.2443,1
64,n<=2,sr<=70%,kvB<=16k,kp<=1k,0.9793,2
64,n<=2,sr<=70%,kvB<=16k,kp<=2k,0.9797,2
64,n<=2,sr<=70%,kvB<=16k,kp<=32k,0.324,2
64,n<=2,sr<=70%,kvB<=16k,kp<=4k,0.9788,2
64,n<=2,sr<=70%,kvB<=16k,kp<=512,0.9778,2
64,n<=2,sr<=70%,kvB<=16k,kp<=64k,-1.9756,1
64,n<=2,sr<=70%,kvB<=16k,kp<=8k,0.9717,2
64,n<=2,sr<=70%,kvB<=16k,kp=0,0.9658,2
64,n<=2,sr<=70%,kvB<=1k,kp<=16k,1.0887,2
64,n<=2,sr<=70%,kvB<=1k,kp<=1k,0.4699,2
64,n<=2,sr<=70%,kvB<=1k,kp<=2k,-0.0763,2
64,n<=2,sr<=70%,kvB<=1k,kp<=32k,0.6922,2
64,n<=2,sr<=70%,kvB<=1k,kp<=4k,-0.0745,1
64,n<=2,sr<=70%,kvB<=1k,kp<=512,0.9881,2
64,n<=2,sr<=70%,kvB<=1k,kp<=64k,-0.388,2
64,n<=2,sr<=70%,kvB<=1k,kp<=8k,-1.6093,1
64,n<=2,sr<=70%,kvB<=1k,kp=0,0.9764,2
64,n<=2,sr<=70%,kvB<=4k,kp<=16k,-0.6317,2
64,n<=2,sr<=70%,kvB<=4k,kp<=1k,0.9734,2
64,n<=2,sr<=70%,kvB<=4k,kp<=2k,0.9664,2
64,n<=2,sr<=70%,kvB<=4k,kp<=32k,0.9988,1
64,n<=2,sr<=70%,kvB<=4k,kp<=4k,-0.8897,2
64,n<=2,sr<=70%,kvB<=4k,kp<=512,0.9745,2
64,n<=2,sr<=70%,kvB<=4k,kp<=64k,0.7499,1
64,n<=2,sr<=70%,kvB<=4k,kp<=8k,-2.3032,1
64,n<=2,sr<=70%,kvB<=4k,kp=0,0.977,2
64,n<=2,sr<=70%,kvB<=64k,kp<=16k,0.9983,2
64,n<=2,sr<=70%,kvB<=64k,kp<=1k,0.9924,2
64,n<=2,sr<=70%,kvB<=64k,kp<=2k,0.9987,2
64,n<=2,sr<=70%,kvB<=64k,kp<=32k,0.9898,2
64,n<=2,sr<=70%,kvB<=64k,kp<=4k,0.9843,2
64,n<=2,sr<=70%,kvB<=64k,kp<=512,0.9963,2
64,n<=2,sr<=70%,kvB<=64k,kp<=64k,0.5787,2
64,n<=2,sr<=70%,kvB<=64k,kp<=8k,0.9939,2
64,n<=2,sr<=70%,kvB<=64k,kp=0,0.9917,2
64,n<=32,sr<=15%,kvB<=16k,kp<=16k,0.0144,6
64,n<=32,sr<=15%,kvB<=16k,kp<=1k,0.0986,6
64,n<=32,sr<=15%,kvB<=16k,kp<=2k,0.1064,6
64,n<=32,sr<=15%,kvB<=16k,kp<=32k,0.028,6
64,n<=32,sr<=15%,kvB<=16k,kp<=4k,0.1046,6
64,n<=32,sr<=15%,kvB<=16k,kp<=512,0.0939,6
64,n<=32,sr<=15%,kvB<=16k,kp<=64k,0.0141,6
64,n<=32,sr<=15%,kvB<=16k,kp<=8k,0.0814,6
64,n<=32,sr<=15%,kvB<=16k,kp=0,0.0924,6
64,n<=32,sr<=15%,kvB<=1k,kp<=16k,0.0798,6
64,n<=32,sr<=15%,kvB<=1k,kp<=1k,0.0788,6
64,n<=32,sr<=15%,kvB<=1k,kp<=2k,0.0911,6
64,n<=32,sr<=15%,kvB<=1k,kp<=32k,0.0418,6
64,n<=32,sr<=15%,kvB<=1k,kp<=4k,0.1017,6
64,n<=32,sr<=15%,kvB<=1k,kp<=512,0.1475,6
64,n<=32,sr<=15%,kvB<=1k,kp<=64k,-0.086,6
64,n<=32,sr<=15%,kvB<=1k,kp<=8k,0.102,6
64,n<=32,sr<=15%,kvB<=1k,kp=0,0.1806,6
64,n<=32,sr<=15%,kvB<=4k,kp<=16k,0.0267,6
64,n<=32,sr<=15%,kvB<=4k,kp<=1k,0.1392,6
64,n<=32,sr<=15%,kvB<=4k,kp<=2k,0.102,6
64,n<=32,sr<=15%,kvB<=4k,kp<=32k,0.0146,6
64,n<=32,sr<=15%,kvB<=4k,kp<=4k,0.0143,6
64,n<=32,sr<=15%,kvB<=4k,kp<=512,0.1372,6
64,n<=32,sr<=15%,kvB<=4k,kp<=64k,0.0242,6
64,n<=32,sr<=15%,kvB<=4k,kp<=8k,0.0269,6
64,n<=32,sr<=15%,kvB<=4k,kp=0,0.1339,6
64,n<=32,sr<=15%,kvB<=64k,kp<=16k,0.1096,6
64,n<=32,sr<=15%,kvB<=64k,kp<=1k,0.1124,6
64,n<=32,sr<=15%,kvB<=64k,kp<=2k,0.1105,6
64,n<=32,sr<=15%,kvB<=64k,kp<=32k,0.0877,6
64,n<=32,sr<=15%,kvB<=64k,kp<=4k,0.1292,6
64,n<=32,sr<=15%,kvB<=64k,kp<=512,0.1107,6
64,n<=32,sr<=15%,kvB<=64k,kp<=64k,0.0566,6
64,n<=32,sr<=15%,kvB<=64k,kp<=8k,0.1147,6
64,n<=32,sr<=15%,kvB<=64k,kp=0,0.1108,6
64,n<=32,sr<=40%,kvB<=16k,kp<=16k,0.1082,2
64,n<=32,sr<=40%,kvB<=16k,kp<=1k,0.1363,2
64,n<=32,sr<=40%,kvB<=16k,kp<=2k,0.1274,2
64,n<=32,sr<=40%,kvB<=16k,kp<=32k,0.129,2
64,n<=32,sr<=40%,kvB<=16k,kp<=4k,0.1357,2
64,n<=32,sr<=40%,kvB<=16k,kp<=512,0.1345,2
64,n<=32,sr<=40%,kvB<=16k,kp<=64k,0.123,2
64,n<=32,sr<=40%,kvB<=16k,kp<=8k,0.1112,2
64,n<=32,sr<=40%,kvB<=16k,kp=0,0.1347,2
64,n<=32,sr<=40%,kvB<=1k,kp<=16k,0.1374,2
64,n<=32,sr<=40%,kvB<=1k,kp<=1k,0.092,2
64,n<=32,sr<=40%,kvB<=1k,kp<=2k,0.1383,2
64,n<=32,sr<=40%,kvB<=1k,kp<=32k,0.1214,2
64,n<=32,sr<=40%,kvB<=1k,kp<=4k,0.1627,2
64,n<=32,sr<=40%,kvB<=1k,kp<=512,0.1693,2
64,n<=32,sr<=40%,kvB<=1k,kp<=64k,-0.0154,2
64,n<=32,sr<=40%,kvB<=1k,kp<=8k,0.1461,2
64,n<=32,sr<=40%,kvB<=1k,kp=0,0.1967,2
64,n<=32,sr<=40%,kvB<=4k,kp<=16k,0.0309,2
64,n<=32,sr<=40%,kvB<=4k,kp<=1k,0.1065,2
64,n<=32,sr<=40%,kvB<=4k,kp<=2k,0.083,2
64,n<=32,sr<=40%,kvB<=4k,kp<=32k,0.0147,2
64,n<=32,sr<=40%,kvB<=4k,kp<=4k,0.0003,2
64,n<=32,sr<=40%,kvB<=4k,kp<=512,0.1022,2
64,n<=32,sr<=40%,kvB<=4k,kp<=64k,0.0264,2
64,n<=32,sr<=40%,kvB<=4k,kp<=8k,0.023,2
64,n<=32,sr<=40%,kvB<=4k,kp=0,0.0988,2
64,n<=32,sr<=40%,kvB<=64k,kp<=16k,0.1782,2
64,n<=32,sr<=40%,kvB<=64k,kp<=1k,0.2801,2
64,n<=32,sr<=40%,kvB<=64k,kp<=2k,0.279,2
64,n<=32,sr<=40%,kvB<=64k,kp<=32k,0.1787,2
64,n<=32,sr<=40%,kvB<=64k,kp<=4k,0.3131,2
64,n<=32,sr<=40%,kvB<=64k,kp<=512,0.305,2
64,n<=32,sr<=40%,kvB<=64k,kp<=64k,0.1861,2
64,n<=32,sr<=40%,kvB<=64k,kp<=8k,0.2469,2
64,n<=32,sr<=40%,kvB<=64k,kp=0,0.286,2
64,n<=32,sr<=5%,kvB<=16k,kp<=16k,0.0223,2
64,n<=32,sr<=5%,kvB<=16k,kp<=1k,0.1204,2
64,n<=32,sr<=5%,kvB<=16k,kp<=2k,0.1203,2
64,n<=32,sr<=5%,kvB<=16k,kp<=32k,0.0206,2
64,n<=32,sr<=5%,kvB<=16k,kp<=4k,0.0957,2
64,n<=32,sr<=5%,kvB<=16k,kp<=512,0.1201,2
64,n<=32,sr<=5%,kvB<=16k,kp<=64k,0.0197,2
64,n<=32,sr<=5%,kvB<=16k,kp<=8k,0.0632,2
64,n<=32,sr<=5%,kvB<=16k,kp=0,0.1219,2
64,n<=32,sr<=5%,kvB<=1k,kp<=16k,0.0764,2
64,n<=32,sr<=5%,kvB<=1k,kp<=1k,0.004,2
64,n<=32,sr<=5%,kvB<=1k,kp<=2k,0.0795,2
64,n<=32,sr<=5%,kvB<=1k,kp<=32k,0.0204,2
64,n<=32,sr<=5%,kvB<=1k,kp<=4k,0.0748,2
64,n<=32,sr<=5%,kvB<=1k,kp<=512,0.0788,2
64,n<=32,sr<=5%,kvB<=1k,kp<=64k,-0.1149,2
64,n<=32,sr<=5%,kvB<=1k,kp<=8k,0.0725,2
64,n<=32,sr<=5%,kvB<=1k,kp=0,0.1447,2
64,n<=32,sr<=5%,kvB<=4k,kp<=16k,0.0574,2
64,n<=32,sr<=5%,kvB<=4k,kp<=1k,0.1353,2
64,n<=32,sr<=5%,kvB<=4k,kp<=2k,0.0901,2
64,n<=32,sr<=5%,kvB<=4k,kp<=32k,0.045,2
64,n<=32,sr<=5%,kvB<=4k,kp<=4k,0.0461,2
64,n<=32,sr<=5%,kvB<=4k,kp<=512,0.1461,2
64,n<=32,sr<=5%,kvB<=4k,kp<=64k,0.0342,2
64,n<=32,sr<=5%,kvB<=4k,kp<=8k,0.0548,2
64,n<=32,sr<=5%,kvB<=4k,kp=0,0.1471,2
64,n<=32,sr<=5%,kvB<=64k,kp<=16k,0.0852,2
64,n<=32,sr<=5%,kvB<=64k,kp<=1k,0.1151,2
64,n<=32,sr<=5%,kvB<=64k,kp<=2k,0.1204,2
64,n<=32,sr<=5%,kvB<=64k,kp<=32k,0.0657,2
64,n<=32,sr<=5%,kvB<=64k,kp<=4k,0.1051,2
64,n<=32,sr<=5%,kvB<=64k,kp<=512,0.1191,2
64,n<=32,sr<=5%,kvB<=64k,kp<=64k,0.028,2
64,n<=32,sr<=5%,kvB<=64k,kp<=8k,0.0946,2
64,n<=32,sr<=5%,kvB<=64k,kp=0,0.1204,2
64,n<=32,sr<=70%,kvB<=16k,kp<=16k,0.3913,2
64,n<=32,sr<=70%,kvB<=16k,kp<=1k,0.3779,2
64,n<=32,sr<=70%,kvB<=16k,kp<=2k,0.3553,2
64,n<=32,sr<=70%,kvB<=16k,kp<=32k,0.4517,2
64,n<=32,sr<=70%,kvB<=16k,kp<=4k,0.3793,2
64,n<=32,sr<=70%,kvB<=16k,kp<=512,0.3759,2
64,n<=32,sr<=70%,kvB<=16k,kp<=64k,0.4505,2
64,n<=32,sr<=70%,kvB<=16k,kp<=8k,0.4623,2
64,n<=32,sr<=70%,kvB<=16k,kp=0,0.3509,2
64,n<=32,sr<=70%,kvB<=1k,kp<=16k,0.1755,2
64,n<=32,sr<=70%,kvB<=1k,kp<=1k,0.0796,2
64,n<=32,sr<=70%,kvB<=1k,kp<=2k,0.1226,2
64,n<=32,sr<=70%,kvB<=1k,kp<=32k,0.1222,2
64,n<=32,sr<=70%,kvB<=1k,kp<=4k,0.1499,2
64,n<=32,sr<=70%,kvB<=1k,kp<=512,0.1632,2
64,n<=32,sr<=70%,kvB<=1k,kp<=64k,-0.0449,2
64,n<=32,sr<=70%,kvB<=1k,kp<=8k,0.1805,2
64,n<=32,sr<=70%,kvB<=1k,kp=0,0.1314,2
64,n<=32,sr<=70%,kvB<=4k,kp<=16k,0.0767,2
64,n<=32,sr<=70%,kvB<=4k,kp<=1k,0.1049,2
64,n<=32,sr<=70%,kvB<=4k,kp<=2k,0.0898,2
64,n<=32,sr<=70%,kvB<=4k,kp<=32k,0.0658,2
64,n<=32,sr<=70%,kvB<=4k,kp<=4k,-0.0006,2
64,n<=32,sr<=70%,kvB<=4k,kp<=512,0.0865,2
64,n<=32,sr<=70%,kvB<=4k,kp<=64k,0.0024,2
64,n<=32,sr<=70%,kvB<=4k,kp<=8k,0.0256,2
64,n<=32,sr<=70%,kvB<=4k,kp=0,0.0814,2
64,n<=32,sr<=70%,kvB<=64k,kp<=16k,0.5414,2
64,n<=32,sr<=70%,kvB<=64k,kp<=1k,0.8224,2
64,n<=32,sr<=70%,kvB<=64k,kp<=2k,0.9082,2
64,n<=32,sr<=70%,kvB<=64k,kp<=32k,0.5072,2
64,n<=32,sr<=70%,kvB<=64k,kp<=4k,0.8247,2
64,n<=32,sr<=70%,kvB<=64k,kp<=512,0.8207,2
64,n<=32,sr<=70%,kvB<=64k,kp<=64k,0.6578,2
64,n<=32,sr<=70%,kvB<=64k,kp<=8k,0.6354,2
64,n<=32,sr<=70%,kvB<=64k,kp=0,0.8528,2
64,n<=32,sr>70%,kvB<=16k,kp<=16k,1.523,4
64,n<=32,sr>70%,kvB<=16k,kp<=1k,1.338,4
64,n<=32,sr>70%,kvB<=16k,kp<=2k,1.3009,4
64,n<=32,sr>70%,kvB<=16k,kp<=32k,1.7673,4
64,n<=32,sr>70%,kvB<=16k,kp<=4k,1.0499,4
64,n<=32,sr>70%,kvB<=16k,kp<=512,1.3077,4
64,n<=32,sr>70%,kvB<=16k,kp<=64k,1.5492,4
64,n<=32,sr>70%,kvB<=16k,kp<=8k,1.3048,4
64,n<=32,sr>70%,kvB<=16k,kp=0,1.3736,4
64,n<=32,sr>70%,kvB<=1k,kp<=16k,0.4763,4
64,n<=32,sr>70%,kvB<=1k,kp<=1k,0.382,4
64,n<=32,sr>70%,kvB<=1k,kp<=2k,0.4251,4
64,n<=32,sr>70%,kvB<=1k,kp<=32k,0.3512,4
64,n<=32,sr>70%,kvB<=1k,kp<=4k,0.4929,4
64,n<=32,sr>70%,kvB<=1k,kp<=512,0.3808,4
64,n<=32,sr>70%,kvB<=1k,kp<=64k,0.0268,3
64,n<=32,sr>70%,kvB<=1k,kp<=8k,0.4581,4
64,n<=32,sr>70%,kvB<=1k,kp=0,0.3379,4
64,n<=32,sr>70%,kvB<=4k,kp<=16k,0.2136,4
64,n<=32,sr>70%,kvB<=4k,kp<=1k,0.104,4
64,n<=32,sr>70%,kvB<=4k,kp<=2k,0.1418,4
64,n<=32,sr>70%,kvB<=4k,kp<=32k,0.1912,4
64,n<=32,sr>70%,kvB<=4k,kp<=4k,0.0878,4
64,n<=32,sr>70%,kvB<=4k,kp<=512,0.0646,4
64,n<=32,sr>70%,kvB<=4k,kp<=64k,0.2511,4
64,n<=32,sr>70%,kvB<=4k,kp<=8k,0.1055,4
64,n<=32,sr>70%,kvB<=4k,kp=0,0.0516,4
64,n<=32,sr>70%,kvB<=64k,kp<=16k,1.4713,4
64,n<=32,sr>70%,kvB<=64k,kp<=1k,2.1058,4
64,n<=32,sr>70%,kvB<=64k,kp<=2k,2.2065,4
64,n<=32,sr>70%,kvB<=64k,kp<=32k,1.5102,4
64,n<=32,sr>70%,kvB<=64k,kp<=4k,1.8985,4
64,n<=32,sr>70%,kvB<=64k,kp<=512,2.1233,4
64,n<=32,sr>70%,kvB<=64k,kp<=64k,3.2151,4
64,n<=32,sr>70%,kvB<=64k,kp<=8k,1.6141,4
64,n<=32,sr>70%,kvB<=64k,kp=0,2.1124,4
64,n<=4,sr<=40%,kvB<=16k,kp<=16k,-0.3248,2
64,n<=4,sr<=40%,kvB<=16k,kp<=1k,0.9622,2
64,n<=4,sr<=40%,kvB<=16k,kp<=2k,0.9663,2
64,n<=4,sr<=40%,kvB<=16k,kp<=32k,-0.228,2
64,n<=4,sr<=40%,kvB<=16k,kp<=4k,0.9579,2
64,n<=4,sr<=40%,kvB<=16k,kp<=512,0.9643,2
64,n<=4,sr<=40%,kvB<=16k,kp<=64k,-1.4312,2
64,n<=4,sr<=40%,kvB<=16k,kp<=8k,0.9464,2
64,n<=4,sr<=40%,kvB<=16k,kp=0,0.9524,2
64,n<=4,sr<=40%,kvB<=1k,kp<=16k,0.135,2
64,n<=4,sr<=40%,kvB<=1k,kp<=1k,0.2336,2
64,n<=4,sr<=40%,kvB<=1k,kp<=2k,0.1491,2
64,n<=4,sr<=40%,kvB<=1k,kp<=32k,-0.7022,2
64,n<=4,sr<=40%,kvB<=1k,kp<=4k,0.1958,2
64,n<=4,sr<=40%,kvB<=1k,kp<=512,0.8922,2
64,n<=4,sr<=40%,kvB<=1k,kp<=64k,0.3811,2
64,n<=4,sr<=40%,kvB<=1k,kp<=8k,0.1729,2
64,n<=4,sr<=40%,kvB<=1k,kp=0,0.9229,2
64,n<=4,sr<=40%,kvB<=4k,kp<=16k,-0.183,2
64,n<=4,sr<=40%,kvB<=4k,kp<=1k,0.9438,2
64,n<=4,sr<=40%,kvB<=4k,kp<=2k,0.9249,2
64,n<=4,sr<=40%,kvB<=4k,kp<=32k,-0.4985,2
64,n<=4,sr<=40%,kvB<=4k,kp<=4k,-0.0149,2
64,n<=4,sr<=40%,kvB<=4k,kp<=512,0.9402,2
64,n<=4,sr<=40%,kvB<=4k,kp<=64k,-1.5603,2
64,n<=4,sr<=40%,kvB<=4k,kp<=8k,-0.1186,2
64,n<=4,sr<=40%,kvB<=4k,kp=0,0.9378,2
64,n<=4,sr<=40%,kvB<=64k,kp<=16k,0.9878,2
64,n<=4,sr<=40%,kvB<=64k,kp<=1k,0.9825,2
64,n<=4,sr<=40%,kvB<=64k,kp<=2k,0.9845,2
64,n<=4,sr<=40%,kvB<=64k,kp<=32k,0.9793,2
64,n<=4,sr<=40%,kvB<=64k,kp<=4k,0.9911,2
64,n<=4,sr<=40%,kvB<=64k,kp<=512,0.9838,2
64,n<=4,sr<=40%,kvB<=64k,kp<=64k,-0.3064,2
64,n<=4,sr<=40%,kvB<=64k,kp<=8k,0.9938,2
64,n<=4,sr<=40%,kvB<=64k,kp=0,0.9858,2
64,n<=4,sr<=70%,kvB<=16k,kp<=16k,-0.4861,2
64,n<=4,sr<=70%,kvB<=16k,kp<=1k,0.9756,2
64,n<=4,sr<=70%,kvB<=16k,kp<=2k,0.9777,2
64,n<=4,sr<=70%,kvB<=16k,kp<=32k,-0.2231,2
64,n<=4,sr<=70%,kvB<=16k,kp<=4k,0.973,2
64,n<=4,sr<=70%,kvB<=16k,kp<=512,0.9821,2
64,n<=4,sr<=70%,kvB<=16k,kp<=64k,-0.2484,2
64,n<=4,sr<=70%,kvB<=16k,kp<=8k,0.9669,2
64,n<=4,sr<=70%,kvB<=16k,kp=0,0.9674,2
64,n<=4,sr<=70%,kvB<=1k,kp<=16k,-0.3958,2
64,n<=4,sr<=70%,kvB<=1k,kp<=1k,0.1843,2
64,n<=4,sr<=70%,kvB<=1k,kp<=2k,-0.1669,2
64,n<=4,sr<=70%,kvB<=1k,kp<=32k,-0.1334,2
64,n<=4,sr<=70%,kvB<=1k,kp<=4k,0.2233,2
64,n<=4,sr<=70%,kvB<=1k,kp<=512,0.8812,2
64,n<=4,sr<=70%,kvB<=1k,kp<=8k,0.3591,2
64,n<=4,sr<=70%,kvB<=1k,kp=0,0.8921,2
64,n<=4,sr<=70%,kvB<=4k,kp<=16k,-0.0733,2
64,n<=4,sr<=70%,kvB<=4k,kp<=1k,0.9447,2
64,n<=4,sr<=70%,kvB<=4k,kp<=2k,0.9521,2
64,n<=4,sr<=70%,kvB<=4k,kp<=32k,0.2302,2
64,n<=4,sr<=70%,kvB<=4k,kp<=4k,-0.328,2
64,n<=4,sr<=70%,kvB<=4k,kp<=512,0.9406,2
64,n<=4,sr<=70%,kvB<=4k,kp<=64k,0.4482,2
64,n<=4,sr<=70%,kvB<=4k,kp<=8k,-0.4894,2
64,n<=4,sr<=70%,kvB<=4k,kp=0,0.9462,2
64,n<=4,sr<=70%,kvB<=64k,kp<=16k,0.9976,2
64,n<=4,sr<=70%,kvB<=64k,kp<=1k,0.9884,2
64,n<=4,sr<=70%,kvB<=64k,kp<=2k,0.98,2
64,n<=4,sr<=70%,kvB<=64k,kp<=32k,0.9866,2
64,n<=4,sr<=70%,kvB<=64k,kp<=4k,0.9805,2
64,n<=4,sr<=70%,kvB<=64k,kp<=512,0.9749,2
64,n<=4,sr<=70%,kvB<=64k,kp<=64k,-0.2572,2
64,n<=4,sr<=70%,kvB<=64k,kp<=8k,0.9747,2
64,n<=4,sr<=70%,kvB<=64k,kp=0,0.9877,2
64,n<=4,sr>70%,kvB<=16k,kp<=16k,-0.5163,2
64,n<=4,sr>70%,kvB<=16k,kp<=1k,0.9576,2
64,n<=4,sr>70%,kvB<=16k,kp<=2k,0.9625,2
64,n<=4,sr>70%,kvB<=16k,kp<=32k,-0.452,2
64,n<=4,sr>70%,kvB<=16k,kp<=4k,0.9599,2
64,n<=4,sr>70%,kvB<=16k,kp<=512,0.9297,2
64,n<=4,sr>70%,kvB<=16k,kp<=64k,-14.5458,1
64,n<=4,sr>70%,kvB<=16k,kp<=8k,0.9541,2
64,n<=4,sr>70%,kvB<=16k,kp=0,0.9463,2
64,n<=4,sr>70%,kvB<=1k,kp<=16k,0.312,1
64,n<=4,sr>70%,kvB<=1k,kp<=1k,0.3395,2
64,n<=4,sr>70%,kvB<=1k,kp<=2k,0.1366,2
64,n<=4,sr>70%,kvB<=1k,kp<=32k,0.1755,1
64,n<=4,sr>70%,kvB<=1k,kp<=4k,0.6286,2
64,n<=4,sr>70%,kvB<=1k,kp<=512,0.917,1
64,n<=4,sr>70%,kvB<=1k,kp<=64k,-0.1713,1
64,n<=4,sr>70%,kvB<=1k,kp<=8k,0.3905,2
64,n<=4,sr>70%,kvB<=1k,kp=0,0.9001,2
64,n<=4,sr>70%,kvB<=4k,kp<=16k,0.0526,2
64,n<=4,sr>70%,kvB<=4k,kp<=1k,0.9605,2
64,n<=4,sr>70%,kvB<=4k,kp<=2k,0.922,2
64,n<=4,sr>70%,kvB<=4k,kp<=32k,-1.2393,2
64,n<=4,sr>70%,kvB<=4k,kp<=4k,-0.2301,2
64,n<=4,sr>70%,kvB<=4k,kp<=512,0.9427,2
64,n<=4,sr>70%,kvB<=4k,kp<=64k,-0.2384,1
64,n<=4,sr>70%,kvB<=4k,kp<=8k,-0.0065,2
64,n<=4,sr>70%,kvB<=4k,kp=0,0.944,2
64,n<=4,sr>70%,kvB<=64k,kp<=16k,0.9769,2
64,n<=4,sr>70%,kvB<=64k,kp<=1k,0.9688,2
64,n<=4,sr>70%,kvB<=64k,kp<=2k,0.9818,2
64,n<=4,sr>70%,kvB<=64k,kp<=32k,0.9417,2
64,n<=4,sr>70%,kvB<=64k,kp<=4k,0.9735,2
64,n<=4,sr>70%,kvB<=64k,kp<=512,0.9667,2
64,n<=4,sr>70%,kvB<=64k,kp<=64k,-0.6183,2
64,n<=4,sr>70%,kvB<=64k,kp<=8k,0.9904,2
64,n<=4,sr>70%,kvB<=64k,kp=0,0.9684,2
64,n<=64,sr<=15%,kvB<=16k,kp<=16k,0.011,4
64,n<=64,sr<=15%,kvB<=16k,kp<=1k,0.0627,4
64,n<=64,sr<=15%,kvB<=16k,kp<=2k,0.0625,4
64,n<=64,sr<=15%,kvB<=16k,kp<=32k,0.0369,4
64,n<=64,sr<=15%,kvB<=16k,kp<=4k,0.0349,4
64,n<=64,sr<=15%,kvB<=16k,kp<=512,0.0645,4
64,n<=64,sr<=15%,kvB<=16k,kp<=64k,0.0325,4
64,n<=64,sr<=15%,kvB<=16k,kp<=8k,0.0297,4
64,n<=64,sr<=15%,kvB<=16k,kp=0,0.0637,4
64,n<=64,sr<=15%,kvB<=1k,kp<=16k,0.0701,4
64,n<=64,sr<=15%,kvB<=1k,kp<=1k,0.0647,4
64,n<=64,sr<=15%,kvB<=1k,kp<=2k,0.0654,4
64,n<=64,sr<=15%,kvB<=1k,kp<=32k,0.0597,4
64,n<=64,sr<=15%,kvB<=1k,kp<=4k,0.0628,4
64,n<=64,sr<=15%,kvB<=1k,kp<=512,0.1119,4
64,n<=64,sr<=15%,kvB<=1k,kp<=64k,0.0356,4
64,n<=64,sr<=15%,kvB<=1k,kp<=8k,0.063,4
64,n<=64,sr<=15%,kvB<=1k,kp=0,0.1231,4
64,n<=64,sr<=15%,kvB<=4k,kp<=16k,0.0144,4
64,n<=64,sr<=15%,kvB<=4k,kp<=1k,0.0526,4
64,n<=64,sr<=15%,kvB<=4k,kp<=2k,0.0473,4
64,n<=64,sr<=15%,kvB<=4k,kp<=32k,0.0132,4
64,n<=64,sr<=15%,kvB<=4k,kp<=4k,0.008,4
64,n<=64,sr<=15%,kvB<=4k,kp<=512,0.0575,4
64,n<=64,sr<=15%,kvB<=4k,kp<=64k,0.0226,4
64,n<=64,sr<=15%,kvB<=4k,kp<=8k,0.0069,4
64,n<=64,sr<=15%,kvB<=4k,kp=0,0.0625,4
64,n<=64,sr<=15%,kvB<=64k,kp<=16k,0.0509,4
64,n<=64,sr<=15%,kvB<=64k,kp<=1k,0.1263,4
64,n<=64,sr<=15%,kvB<=64k,kp<=2k,0.1414,4
64,n<=64,sr<=15%,kvB<=64k,kp<=32k,0.0483,4
64,n<=64,sr<=15%,kvB<=64k,kp<=4k,0.1,4
64,n<=64,sr<=15%,kvB<=64k,kp<=512,0.1373,4
64,n<=64,sr<=15%,kvB<=64k,kp<=64k,0.0954,4
64,n<=64,sr<=15%,kvB<=64k,kp<=8k,0.0656,4
64,n<=64,sr<=15%,kvB<=64k,kp=0,0.1261,4
64,n<=64,sr<=40%,kvB<=16k,kp<=16k,0.1935,2
64,n<=64,sr<=40%,kvB<=16k,kp<=1k,0.1698,2
64,n<=64,sr<=40%,kvB<=16k,kp<=2k,0.1734,2
64,n<=64,sr<=40%,kvB<=16k,kp<=32k,0.1656,2
64,n<=64,sr<=40%,kvB<=16k,kp<=4k,0.1283,2
64,n<=64,sr<=40%,kvB<=16k,kp<=512,0.1812,2
64,n<=64,sr<=40%,kvB<=16k,kp<=64k,0.1671,2
64,n<=64,sr<=40%,kvB<=16k,kp<=8k,0.1537,2
64,n<=64,sr<=40%,kvB<=16k,kp=0,0.1763,2
64,n<=64,sr<=40%,kvB<=1k,kp<=16k,0.1019,2
64,n<=64,sr<=40%,kvB<=1k,kp<=1k,0.0961,2
64,n<=64,sr<=40%,kvB<=1k,kp<=2k,0.0806,2
64,n<=64,sr<=40%,kvB<=1k,kp<=32k,0.1447,2
64,n<=64,sr<=40%,kvB<=1k,kp<=4k,0.0994,2
64,n<=64,sr<=40%,kvB<=1k,kp<=512,0.1307,2
64,n<=64,sr<=40%,kvB<=1k,kp<=64k,0.0727,2
64,n<=64,sr<=40%,kvB<=1k,kp<=8k,0.104,2
64,n<=64,sr<=40%,kvB<=1k,kp=0,0.1598,2
64,n<=64,sr<=40%,kvB<=4k,kp<=16k,0.0031,2
64,n<=64,sr<=40%,kvB<=4k,kp<=1k,0.0379,2
64,n<=64,sr<=40%,kvB<=4k,kp<=2k,0.0349,2
64,n<=64,sr<=40%,kvB<=4k,kp<=32k,0.0119,2
64,n<=64,sr<=40%,kvB<=4k,kp<=4k,0.0145,2
64,n<=64,sr<=40%,kvB<=4k,kp<=512,0.0492,2
64,n<=64,sr<=40%,kvB<=4k,kp<=64k,0.0075,2
64,n<=64,sr<=40%,kvB<=4k,kp<=8k,-0.0077,2
64,n<=64,sr<=40%,kvB<=4k,kp=0,0.0557,2
64,n<=64,sr<=40%,kvB<=64k,kp<=16k,0.1909,2
64,n<=64,sr<=40%,kvB<=64k,kp<=1k,0.3415,2
64,n<=64,sr<=40%,kvB<=64k,kp<=2k,0.3613,2
64,n<=64,sr<=40%,kvB<=64k,kp<=32k,0.2002,2
64,n<=64,sr<=40%,kvB<=64k,kp<=4k,0.2761,2
64,n<=64,sr<=40%,kvB<=64k,kp<=512,0.359,2
64,n<=64,sr<=40%,kvB<=64k,kp<=64k,0.303,2
64,n<=64,sr<=40%,kvB<=64k,kp<=8k,0.2184,2
64,n<=64,sr<=40%,kvB<=64k,kp=0,0.3488,2
64,n<=64,sr<=5%,kvB<=16k,kp<=16k,0.0048,6
64,n<=64,sr<=5%,kvB<=16k,kp<=1k,0.0519,6
64,n<=64,sr<=5%,kvB<=16k,kp<=2k,0.0487,6
64,n<=64,sr<=5%,kvB<=16k,kp<=32k,0.0016,6
64,n<=64,sr<=5%,kvB<=16k,kp<=4k,0.035,6
64,n<=64,sr<=5%,kvB<=16k,kp<=512,0.0528,6
64,n<=64,sr<=5%,kvB<=16k,kp<=64k,0.0063,6
64,n<=64,sr<=5%,kvB<=16k,kp<=8k,0.0315,6
64,n<=64,sr<=5%,kvB<=16k,kp=0,0.0534,6
64,n<=64,sr<=5%,kvB<=1k,kp<=16k,0.0278,6
64,n<=64,sr<=5%,kvB<=1k,kp<=1k,0.014,6
64,n<=64,sr<=5%,kvB<=1k,kp<=2k,0.0092,6
64,n<=64,sr<=5%,kvB<=1k,kp<=32k,0.0079,6
64,n<=64,sr<=5%,kvB<=1k,kp<=4k,0.0165,6
64,n<=64,sr<=5%,kvB<=1k,kp<=512,0.0657,6
64,n<=64,sr<=5%,kvB<=1k,kp<=64k,0.0665,6
64,n<=64,sr<=5%,kvB<=1k,kp<=8k,0.0154,6
64,n<=64,sr<=5%,kvB<=1k,kp=0,0.081,6
64,n<=64,sr<=5%,kvB<=4k,kp<=16k,0.0082,6
64,n<=64,sr<=5%,kvB<=4k,kp<=1k,0.0559,6
64,n<=64,sr<=5%,kvB<=4k,kp<=2k,0.0471,6
64,n<=64,sr<=5%,kvB<=4k,kp<=32k,0.0089,6
64,n<=64,sr<=5%,kvB<=4k,kp<=4k,0.0066,6
64,n<=64,sr<=5%,kvB<=4k,kp<=512,0.058,6
64,n<=64,sr<=5%,kvB<=4k,kp<=64k,0.007,6
64,n<=64,sr<=5%,kvB<=4k,kp<=8k,0.0035,6
64,n<=64,sr<=5%,kvB<=4k,kp=0,0.062,6
64,n<=64,sr<=5%,kvB<=64k,kp<=16k,0.0636,6
64,n<=64,sr<=5%,kvB<=64k,kp<=1k,0.0845,6
64,n<=64,sr<=5%,kvB<=64k,kp<=2k,0.0905,6
64,n<=64,sr<=5%,kvB<=64k,kp<=32k,0.0517,6
64,n<=64,sr<=5%,kvB<=64k,kp<=4k,0.0734,6
64,n<=64,sr<=5%,kvB<=64k,kp<=512,0.0874,6
64,n<=64,sr<=5%,kvB<=64k,kp<=64k,0.0368,6
64,n<=64,sr<=5%,kvB<=64k,kp<=8k,0.0568,6
64,n<=64,sr<=5%,kvB<=64k,kp=0,0.0943,6
64,n<=64,sr<=70%,kvB<=16k,kp<=16k,0.9714,2
64,n<=64,sr<=70%,kvB<=16k,kp<=1k,1.0356,2
64,n<=64,sr<=70%,kvB<=16k,kp<=2k,1.0311,2
64,n<=64,sr<=70%,kvB<=16k,kp<=32k,1.0067,2
64,n<=64,sr<=70%,kvB<=16k,kp<=4k,0.6832,2
64,n<=64,sr<=70%,kvB<=16k,kp<=512,1.0475,2
64,n<=64,sr<=70%,kvB<=16k,kp<=64k,0.8017,2
64,n<=64,sr<=70%,kvB<=16k,kp<=8k,0.7012,2
64,n<=64,sr<=70%,kvB<=16k,kp=0,1.0482,2
64,n<=64,sr<=70%,kvB<=1k,kp<=16k,0.0373,2
64,n<=64,sr<=70%,kvB<=1k,kp<=1k,0.0337,2
64,n<=64,sr<=70%,kvB<=1k,kp<=2k,0.0523,2
64,n<=64,sr<=70%,kvB<=1k,kp<=32k,0.0807,2
64,n<=64,sr<=70%,kvB<=1k,kp<=4k,-0.0001,2
64,n<=64,sr<=70%,kvB<=1k,kp<=512,0.0594,2
64,n<=64,sr<=70%,kvB<=1k,kp<=64k,0.0929,2
64,n<=64,sr<=70%,kvB<=1k,kp<=8k,0.0408,2
64,n<=64,sr<=70%,kvB<=1k,kp=0,0.1237,2
64,n<=64,sr<=70%,kvB<=4k,kp<=16k,-0.0669,2
64,n<=64,sr<=70%,kvB<=4k,kp<=1k,-0.0025,2
64,n<=64,sr<=70%,kvB<=4k,kp<=2k,-0.0364,2
64,n<=64,sr<=70%,kvB<=4k,kp<=32k,-0.0742,2
64,n<=64,sr<=70%,kvB<=4k,kp<=4k,-0.0396,2
64,n<=64,sr<=70%,kvB<=4k,kp<=512,-0.0148,2
64,n<=64,sr<=70%,kvB<=4k,kp<=64k,-0.0682,2
64,n<=64,sr<=70%,kvB<=4k,kp<=8k,-0.0744,2
64,n<=64,sr<=70%,kvB<=4k,kp=0,-0.0135,2
64,n<=64,sr<=70%,kvB<=64k,kp<=16k,0.6379,2
64,n<=64,sr<=70%,kvB<=64k,kp<=1k,1.0488,2
64,n<=64,sr<=70%,kvB<=64k,kp<=2k,0.8919,2
64,n<=64,sr<=70%,kvB<=64k,kp<=32k,0.6487,2
64,n<=64,sr<=70%,kvB<=64k,kp<=4k,0.6854,2
64,n<=64,sr<=70%,kvB<=64k,kp<=512,0.8997,2
64,n<=64,sr<=70%,kvB<=64k,kp<=64k,0.6887,2
64,n<=64,sr<=70%,kvB<=64k,kp<=8k,0.6765,2
64,n<=64,sr<=70%,kvB<=64k,kp=0,1.0055,2
64,n<=64,sr>70%,kvB<=16k,kp<=16k,2.7844,4
64,n<=64,sr>70%,kvB<=16k,kp<=1k,2.7567,4
64,n<=64,sr>70%,kvB<=16k,kp<=2k,2.9274,4
64,n<=64,sr>70%,kvB<=16k,kp<=32k,1.6433,4
64,n<=64,sr>70%,kvB<=16k,kp<=4k,1.7159,4
64,n<=64,sr>70%,kvB<=16k,kp<=512,3.017,4
64,n<=64,sr>70%,kvB<=16k,kp<=64k,2.2599,4
64,n<=64,sr>70%,kvB<=16k,kp<=8k,1.5809,4
64,n<=64,sr>70%,kvB<=16k,kp=0,2.9996,4
64,n<=64,sr>70%,kvB<=1k,kp<=16k,0.2997,4
64,n<=64,sr>70%,kvB<=1k,kp<=1k,0.2269,4
64,n<=64,sr>70%,kvB<=1k,kp<=2k,0.2993,4
64,n<=64,sr>70%,kvB<=1k,kp<=32k,0.2277,4
64,n<=64,sr>70%,kvB<=1k,kp<=4k,0.1578,4
64,n<=64,sr>70%,kvB<=1k,kp<=512,0.2255,4
64,n<=64,sr>70%,kvB<=1k,kp<=64k,0.2098,4
64,n<=64,sr>70%,kvB<=1k,kp<=8k,0.1711,4
64,n<=64,sr>70%,kvB<=1k,kp=0,0.3742,4
64,n<=64,sr>70%,kvB<=4k,kp<=16k,-0.2246,4
64,n<=64,sr>70%,kvB<=4k,kp<=1k,-0.3712,4
64,n<=64,sr>70%,kvB<=4k,kp<=2k,-0.2245,4
64,n<=64,sr>70%,kvB<=4k,kp<=32k,-0.3352,4
64,n<=64,sr>70%,kvB<=4k,kp<=4k,-0.1953,4
64,n<=64,sr>70%,kvB<=4k,kp<=512,-0.4172,4
64,n<=64,sr>70%,kvB<=4k,kp<=64k,-0.297,4
64,n<=64,sr>70%,kvB<=4k,kp<=8k,-0.2419,4
64,n<=64,sr>70%,kvB<=4k,kp=0,-0.4164,4
64,n<=64,sr>70%,kvB<=64k,kp<=16k,1.6187,4
64,n<=64,sr>70%,kvB<=64k,kp<=1k,2.1284,4
64,n<=64,sr>70%,kvB<=64k,kp<=2k,2.0454,4
64,n<=64,sr>70%,kvB<=64k,kp<=32k,1.742,4
64,n<=64,sr>70%,kvB<=64k,kp<=4k,1.4515,4
64,n<=64,sr>70%,kvB<=64k,kp<=512,2.5371,4
64,n<=64,sr>70%,kvB<=64k,kp<=64k,3.0448,4
64,n<=64,sr>70%,kvB<=64k,kp<=8k,1.5543,4
64,n<=64,sr>70%,kvB<=64k,kp=0,2.4897,4
64,n<=8,sr<=15%,kvB<=16k,kp<=16k,-0.1358,2
64,n<=8,sr<=15%,kvB<=16k,kp<=1k,0.3779,2
64,n<=8,sr<=15%,kvB<=16k,kp<=2k,0.3802,2
64,n<=8,sr<=15%,kvB<=16k,kp<=32k,-0.1323,2
64,n<=8,sr<=15%,kvB<=16k,kp<=4k,0.3757,2
64,n<=8,sr<=15%,kvB<=16k,kp<=512,0.3808,2
64,n<=8,sr<=15%,kvB<=16k,kp<=64k,-0.1218,2
64,n<=8,sr<=15%,kvB<=16k,kp<=8k,0.2708,2
64,n<=8,sr<=15%,kvB<=16k,kp=0,0.3852,2
64,n<=8,sr<=15%,kvB<=1k,kp<=16k,0.0932,2
64,n<=8,sr<=15%,kvB<=1k,kp<=1k,-0.0231,2
64,n<=8,sr<=15%,kvB<=1k,kp<=2k,-0.0161,2
64,n<=8,sr<=15%,kvB<=1k,kp<=32k,-0.122,2
64,n<=8,sr<=15%,kvB<=1k,kp<=4k,-0.0255,2
64,n<=8,sr<=15%,kvB<=1k,kp<=512,0.3123,2
64,n<=8,sr<=15%,kvB<=1k,kp<=64k,0.3742,2
64,n<=8,sr<=15%,kvB<=1k,kp<=8k,0.0199,2
64,n<=8,sr<=15%,kvB<=1k,kp=0,0.4352,2
64,n<=8,sr<=15%,kvB<=4k,kp<=16k,-0.1156,2
64,n<=8,sr<=15%,kvB<=4k,kp<=1k,0.3775,2
64,n<=8,sr<=15%,kvB<=4k,kp<=2k,0.275,2
64,n<=8,sr<=15%,kvB<=4k,kp<=32k,-0.0106,2
64,n<=8,sr<=15%,kvB<=4k,kp<=4k,-0.1241,2
64,n<=8,sr<=15%,kvB<=4k,kp<=512,0.3934,2
64,n<=8,sr<=15%,kvB<=4k,kp<=64k,0.0036,2
64,n<=8,sr<=15%,kvB<=4k,kp<=8k,-0.1032,2
64,n<=8,sr<=15%,kvB<=4k,kp=0,0.3904,2
64,n<=8,sr<=15%,kvB<=64k,kp<=16k,0.3806,2
64,n<=8,sr<=15%,kvB<=64k,kp<=1k,0.3894,2
64,n<=8,sr<=15%,kvB<=64k,kp<=2k,0.3885,2
64,n<=8,sr<=15%,kvB<=64k,kp<=32k,0.27,2
64,n<=8,sr<=15%,kvB<=64k,kp<=4k,0.3887,2
64,n<=8,sr<=15%,kvB<=64k,kp<=512,0.3824,2
64,n<=8,sr<=15%,kvB<=64k,kp<=64k,-0.1203,2
64,n<=8,sr<=15%,kvB<=64k,kp<=8k,0.3812,2
64,n<=8,sr<=15%,kvB<=64k,kp=0,0.387,2
64,n<=8,sr<=40%,kvB<=16k,kp<=16k,-0.431,4
64,n<=8,sr<=40%,kvB<=16k,kp<=1k,0.2245,4
64,n<=8,sr<=40%,kvB<=16k,kp<=2k,0.2326,4
64,n<=8,sr<=40%,kvB<=16k,kp<=32k,-0.4062,4
64,n<=8,sr<=40%,kvB<=16k,kp<=4k,0.2302,4
64,n<=8,sr<=40%,kvB<=16k,kp<=512,0.221,4
64,n<=8,sr<=40%,kvB<=16k,kp<=64k,-0.3528,4
64,n<=8,sr<=40%,kvB<=16k,kp<=8k,0.1563,4
64,n<=8,sr<=40%,kvB<=16k,kp=0,0.2244,4
64,n<=8,sr<=40%,kvB<=1k,kp<=16k,0.0944,4
64,n<=8,sr<=40%,kvB<=1k,kp<=1k,-0.2895,4
64,n<=8,sr<=40%,kvB<=1k,kp<=2k,-0.2462,4
64,n<=8,sr<=40%,kvB<=1k,kp<=32k,0.6457,3
64,n<=8,sr<=40%,kvB<=1k,kp<=4k,-0.2612,4
64,n<=8,sr<=40%,kvB<=1k,kp<=512,0.2329,4
64,n<=8,sr<=40%,kvB<=1k,kp<=64k,-1.0127,4
64,n<=8,sr<=40%,kvB<=1k,kp<=8k,-0.1441,4
64,n<=8,sr<=40%,kvB<=1k,kp=0,0.3031,4
64,n<=8,sr<=40%,kvB<=4k,kp<=16k,-0.2986,4
64,n<=8,sr<=40%,kvB<=4k,kp<=1k,0.2456,4
64,n<=8,sr<=40%,kvB<=4k,kp<=2k,0.1734,4
64,n<=8,sr<=40%,kvB<=4k,kp<=32k,-0.0782,4
64,n<=8,sr<=40%,kvB<=4k,kp<=4k,-0.3711,4
64,n<=8,sr<=40%,kvB<=4k,kp<=512,0.246,4
64,n<=8,sr<=40%,kvB<=4k,kp<=64k,0.2028,4
64,n<=8,sr<=40%,kvB<=4k,kp<=8k,-0.3889,4
64,n<=8,sr<=40%,kvB<=4k,kp=0,0.2423,4
64,n<=8,sr<=40%,kvB<=64k,kp<=16k,0.2518,4
64,n<=8,sr<=40%,kvB<=64k,kp<=1k,0.2487,4
64,n<=8,sr<=40%,kvB<=64k,kp<=2k,0.242,4
64,n<=8,sr<=40%,kvB<=64k,kp<=32k,0.1979,4
64,n<=8,sr<=40%,kvB<=64k,kp<=4k,0.2405,4
64,n<=8,sr<=40%,kvB<=64k,kp<=512,0.248,4
64,n<=8,sr<=40%,kvB<=64k,kp<=64k,-0.4199,4
64,n<=8,sr<=40%,kvB<=64k,kp<=8k,0.2325,4
64,n<=8,sr<=40%,kvB<=64k,kp=0,0.2479,4
64,n<=8,sr<=70%,kvB<=16k,kp<=16k,-0.3958,2
64,n<=8,sr<=70%,kvB<=16k,kp<=1k,-0.0529,2
64,n<=8,sr<=70%,kvB<=16k,kp<=2k,-0.0362,2
64,n<=8,sr<=70%,kvB<=16k,kp<=32k,-0.4294,2
64,n<=8,sr<=70%,kvB<=16k,kp<=4k,0.0367,2
64,n<=8,sr<=70%,kvB<=16k,kp<=512,-0.0521,2
64,n<=8,sr<=70%,kvB<=16k,kp<=64k,-0.4222,2
64,n<=8,sr<=70%,kvB<=16k,kp<=8k,0.2254,2
64,n<=8,sr<=70%,kvB<=16k,kp=0,-0.062,2
64,n<=8,sr<=70%,kvB<=1k,kp<=16k,0.0313,2
64,n<=8,sr<=70%,kvB<=1k,kp<=1k,0.2492,2
64,n<=8,sr<=70%,kvB<=1k,kp<=2k,0.2304,2
64,n<=8,sr<=70%,kvB<=1k,kp<=32k,1.4789,2
64,n<=8,sr<=70%,kvB<=1k,kp<=4k,0.1928,2
64,n<=8,sr<=70%,kvB<=1k,kp<=512,0.3672,2
64,n<=8,sr<=70%,kvB<=1k,kp<=64k,0.8241,2
64,n<=8,sr<=70%,kvB<=1k,kp<=8k,0.1669,2
64,n<=8,sr<=70%,kvB<=1k,kp=0,0.0593,2
64,n<=8,sr<=70%,kvB<=4k,kp<=16k,-0.2989,2
64,n<=8,sr<=70%,kvB<=4k,kp<=1k,0.0564,2
64,n<=8,sr<=70%,kvB<=4k,kp<=2k,0.2877,2
64,n<=8,sr<=70%,kvB<=4k,kp<=32k,-0.3451,2
64,n<=8,sr<=70%,kvB<=4k,kp<=4k,-0.2375,2
64,n<=8,sr<=70%,kvB<=4k,kp<=512,-0.0122,2
64,n<=8,sr<=70%,kvB<=4k,kp<=64k,-0.3474,1
64,n<=8,sr<=70%,kvB<=4k,kp<=8k,-0.2321,2
64,n<=8,sr<=70%,kvB<=4k,kp=0,-0.0137,2
64,n<=8,sr<=70%,kvB<=64k,kp<=16k,0.0548,2
64,n<=8,sr<=70%,kvB<=64k,kp<=1k,-0.0224,2
64,n<=8,sr<=70%,kvB<=64k,kp<=2k,-0.0237,2
64,n<=8,sr<=70%,kvB<=64k,kp<=32k,0.2516,2
64,n<=8,sr<=70%,kvB<=64k,kp<=4k,-0.0219,2
64,n<=8,sr<=70%,kvB<=64k,kp<=512,-0.0232,2
64,n<=8,sr<=70%,kvB<=64k,kp<=64k,-0.3605,2
64,n<=8,sr<=70%,kvB<=64k,kp<=8k,-0.0338,2
64,n<=8,sr<=70%,kvB<=64k,kp=0,-0.0218,2
64,n<=8,sr>70%,kvB<=16k,kp<=16k,0.7869,4
64,n<=8,sr>70%,kvB<=16k,kp<=1k,0.8769,4
64,n<=8,sr>70%,kvB<=16k,kp<=2k,0.906,4
64,n<=8,sr>70%,kvB<=16k,kp<=32k,0.7485,4
64,n<=8,sr>70%,kvB<=16k,kp<=4k,0.8584,4
64,n<=8,sr>70%,kvB<=16k,kp<=512,0.8866,4
64,n<=8,sr>70%,kvB<=16k,kp<=64k,0.5101,4
64,n<=8,sr>70%,kvB<=16k,kp<=8k,0.8977,4
64,n<=8,sr>70%,kvB<=16k,kp=0,0.8829,4
64,n<=8,sr>70%,kvB<=1k,kp<=16k,0.7811,3
64,n<=8,sr>70%,kvB<=1k,kp<=1k,0.7698,4
64,n<=8,sr>70%,kvB<=1k,kp<=2k,0.7401,4
64,n<=8,sr>70%,kvB<=1k,kp<=32k,0.4245,4
64,n<=8,sr>70%,kvB<=1k,kp<=4k,0.7648,4
64,n<=8,sr>70%,kvB<=1k,kp<=512,0.9052,4
64,n<=8,sr>70%,kvB<=1k,kp<=64k,0.131,3
64,n<=8,sr>70%,kvB<=1k,kp<=8k,0.768,4
64,n<=8,sr>70%,kvB<=1k,kp=0,0.8935,4
64,n<=8,sr>70%,kvB<=4k,kp<=16k,0.8344,4
64,n<=8,sr>70%,kvB<=4k,kp<=1k,0.9323,4
64,n<=8,sr>70%,kvB<=4k,kp<=2k,0.9367,4
64,n<=8,sr>70%,kvB<=4k,kp<=32k,0.9093,4
64,n<=8,sr>70%,kvB<=4k,kp<=4k,0.8735,4
64,n<=8,sr>70%,kvB<=4k,kp<=512,0.9491,4
64,n<=8,sr>70%,kvB<=4k,kp<=64k,1.1534,3
64,n<=8,sr>70%,kvB<=4k,kp<=8k,0.8395,4
64,n<=8,sr>70%,kvB<=4k,kp=0,0.964,4
64,n<=8,sr>70%,kvB<=64k,kp<=16k,0.9501,4
64,n<=8,sr>70%,kvB<=64k,kp<=1k,1.0028,4
64,n<=8,sr>70%,kvB<=64k,kp<=2k,1.0041,4
64,n<=8,sr>70%,kvB<=64k,kp<=32k,0.953,4
64,n<=8,sr>70%,kvB<=64k,kp<=4k,1.0118,4
64,n<=8,sr>70%,kvB<=64k,kp<=512,1.0041,4
64,n<=8,sr>70%,kvB<=64k,kp<=64k,0.9777,4
64,n<=8,sr>70%,kvB<=64k,kp<=8k,1.0337,4
64,n<=8,sr>70%,kvB<=64k,kp=0,1.0037,4
128,n<=16,sr<=15%,kvB<=16k,kp<=16k,-0.0467,4
128,n<=16,sr<=15%,kvB<=16k,kp<=1k,0.2854,4
128,n<=16,sr<=15%,kvB<=16k,kp<=2k,0.2751,4
128,n<=16,sr<=15%,kvB<=16k,kp<=32k,-0.0483,4
128,n<=16,sr<=15%,kvB<=16k,kp<=4k,0.2341,4
128,n<=16,sr<=15%,kvB<=16k,kp<=512,0.2894,4
128,n<=16,sr<=15%,kvB<=16k,kp<=64k,-0.0499,4
128,n<=16,sr<=15%,kvB<=16k,kp<=8k,0.1351,4
128,n<=16,sr<=15%,kvB<=16k,kp=0,0.2864,4
128,n<=16,sr<=15%,kvB<=1k,kp<=16k,0.0596,4
128,n<=16,sr<=15%,kvB<=1k,kp<=1k,-0.0005,4
128,n<=16,sr<=15%,kvB<=1k,kp<=2k,0.0371,4
128,n<=16,sr<=15%,kvB<=1k,kp<=32k,0.027,4
128,n<=16,sr<=15%,kvB<=1k,kp<=4k,0.0373,4
128,n<=16,sr<=15%,kvB<=1k,kp<=512,0.1893,4
128,n<=16,sr<=15%,kvB<=1k,kp<=64k,-0.5953,4
128,n<=16,sr<=15%,kvB<=1k,kp<=8k,0.0438,4
128,n<=16,sr<=15%,kvB<=1k,kp=0,0.3345,4
128,n<=16,sr<=15%,kvB<=4k,kp<=16k,-0.0138,4
128,n<=16,sr<=15%,kvB<=4k,kp<=1k,0.2437,4
128,n<=16,sr<=15%,kvB<=4k,kp<=2k,0.1475,4
128,n<=16,sr<=15%,kvB<=4k,kp<=32k,-0.0139,4
128,n<=16,sr<=15%,kvB<=4k,kp<=4k,-0.0273,4
128,n<=16,sr<=15%,kvB<=4k,kp<=512,0.2815,4
128,n<=16,sr<=15%,kvB<=4k,kp<=64k,-0.0102,4
128,n<=16,sr<=15%,kvB<=4k,kp<=8k,-0.0187,4
128,n<=16,sr<=15%,kvB<=4k,kp=0,0.3105,4
128,n<=16,sr<=15%,kvB<=64k,kp<=16k,0.204,4
128,n<=16,sr<=15%,kvB<=64k,kp<=1k,0.2938,4
128,n<=16,sr<=15%,kvB<=64k,kp<=2k,0.2921,4
128,n<=16,sr<=15%,kvB<=64k,kp<=32k,0.1227,4
128,n<=16,sr<=15%,kvB<=64k,kp<=4k,0.2855,4
128,n<=16,sr<=15%,kvB<=64k,kp<=512,0.2932,4
128,n<=16,sr<=15%,kvB<=64k,kp<=64k,-0.0303,4
128,n<=16,sr<=15%,kvB<=64k,kp<=8k,0.242,4
128,n<=16,sr<=15%,kvB<=64k,kp=0,0.294,4
128,n<=16,sr<=40%,kvB<=16k,kp<=16k,-0.0694,4
128,n<=16,sr<=40%,kvB<=16k,kp<=1k,0.2607,4
128,n<=16,sr<=40%,kvB<=16k,kp<=2k,0.247,4
128,n<=16,sr<=40%,kvB<=16k,kp<=32k,-0.0628,4
128,n<=16,sr<=40%,kvB<=16k,kp<=4k,0.1947,4
128,n<=16,sr<=40%,kvB<=16k,kp<=512,0.2618,4
128,n<=16,sr<=40%,kvB<=16k,kp<=64k,-0.0839,4
128,n<=16,sr<=40%,kvB<=16k,kp<=8k,0.1157,4
128,n<=16,sr<=40%,kvB<=16k,kp=0,0.2546,4
128,n<=16,sr<=40%,kvB<=1k,kp<=16k,0.0803,4
128,n<=16,sr<=40%,kvB<=1k,kp<=1k,-0.0109,4
128,n<=16,sr<=40%,kvB<=1k,kp<=2k,0.0347,4
128,n<=16,sr<=40%,kvB<=1k,kp<=32k,0.0752,4
128,n<=16,sr<=40%,kvB<=1k,kp<=4k,0.0241,4
128,n<=16,sr<=40%,kvB<=1k,kp<=512,0.1591,4
128,n<=16,sr<=40%,kvB<=1k,kp<=64k,-0.562,2
128,n<=16,sr<=40%,kvB<=1k,kp<=8k,-0.0094,4
128,n<=16,sr<=40%,kvB<=1k,kp=0,0.3283,4
128,n<=16,sr<=40%,kvB<=4k,kp<=16k,-0.0373,4
128,n<=16,sr<=40%,kvB<=4k,kp<=1k,0.1913,4
128,n<=16,sr<=40%,kvB<=4k,kp<=2k,0.1392,4
128,n<=16,sr<=40%,kvB<=4k,kp<=32k,-0.0491,4
128,n<=16,sr<=40%,kvB<=4k,kp<=4k,-0.0503,4
128,n<=16,sr<=40%,kvB<=4k,kp<=512,0.242,4
128,n<=16,sr<=40%,kvB<=4k,kp<=64k,0.0063,4
128,n<=16,sr<=40%,kvB<=4k,kp<=8k,-0.0369,4
128,n<=16,sr<=40%,kvB<=4k,kp=0,0.3038,4
128,n<=16,sr<=40%,kvB<=64k,kp<=16k,0.1628,4
128,n<=16,sr<=40%,kvB<=64k,kp<=1k,0.2626,4
128,n<=16,sr<=40%,kvB<=64k,kp<=2k,0.2635,4
128,n<=16,sr<=40%,kvB<=64k,kp<=32k,0.1205,4
128,n<=16,sr<=40%,kvB<=64k,kp<=4k,0.2818,4
128,n<=16,sr<=40%,kvB<=64k,kp<=512,0.2631,4
128,n<=16,sr<=40%,kvB<=64k,kp<=64k,-0.04,4
128,n<=16,sr<=40%,kvB<=64k,kp<=8k,0.2263,4
128,n<=16,sr<=40%,kvB<=64k,kp=0,0.2609,4
128,n<=16,sr<=70%,kvB<=16k,kp<=16k,-0.0461,2
128,n<=16,sr<=70%,kvB<=16k,kp<=1k,0.2605,2
128,n<=16,sr<=70%,kvB<=16k,kp<=2k,0.2453,2
128,n<=16,sr<=70%,kvB<=16k,kp<=32k,-0.055,2
128,n<=16,sr<=70%,kvB<=16k,kp<=4k,0.1123,2
128,n<=16,sr<=70%,kvB<=16k,kp<=512,0.2659,2
128,n<=16,sr<=70%,kvB<=16k,kp<=64k,-0.0527,2
128,n<=16,sr<=70%,kvB<=16k,kp<=8k,0.0624,2
128,n<=16,sr<=70%,kvB<=16k,kp=0,0.269,2
128,n<=16,sr<=70%,kvB<=1k,kp<=16k,0.0086,2
128,n<=16,sr<=70%,kvB<=1k,kp<=1k,0.0342,2
128,n<=16,sr<=70%,kvB<=1k,kp<=2k,-0.1159,2
128,n<=16,sr<=70%,kvB<=1k,kp<=32k,-0.1369,2
128,n<=16,sr<=70%,kvB<=1k,kp<=4k,-0.0547,2
128,n<=16,sr<=70%,kvB<=1k,kp<=512,0.1043,2
128,n<=16,sr<=70%,kvB<=1k,kp<=64k,0.4926,1
128,n<=16,sr<=70%,kvB<=1k,kp<=8k,-0.0538,2
128,n<=16,sr<=70%,kvB<=1k,kp=0,0.2773,2
128,n<=16,sr<=70%,kvB<=4k,kp<=16k,-0.0331,2
128,n<=16,sr<=70%,kvB<=4k,kp<=1k,0.094,2
128,n<=16,sr<=70%,kvB<=4k,kp<=2k,0.0439,2
128,n<=16,sr<=70%,kvB<=4k,kp<=32k,-0.0256,2
128,n<=16,sr<=70%,kvB<=4k,kp<=4k,-0.0561,2
128,n<=16,sr<=70%,kvB<=4k,kp<=512,0.1894,2
128,n<=16,sr<=70%,kvB<=4k,kp<=64k,-0.0451,2
128,n<=16,sr<=70%,kvB<=4k,kp<=8k,-0.0414,2
128,n<=16,sr<=70%,kvB<=4k,kp=0,0.3047,2
128,n<=16,sr<=70%,kvB<=64k,kp<=16k,0.1065,2
128,n<=16,sr<=70%,kvB<=64k,kp<=1k,0.3674,2
128,n<=16,sr<=70%,kvB<=64k,kp<=2k,0.3622,2
128,n<=16,sr<=70%,kvB<=64k,kp<=32k,0.1124,2
128,n<=16,sr<=70%,kvB<=64k,kp<=4k,0.3907,2
128,n<=16,sr<=70%,kvB<=64k,kp<=512,0.3684,2
128,n<=16,sr<=70%,kvB<=64k,kp<=64k,0.0322,2
128,n<=16,sr<=70%,kvB<=64k,kp<=8k,0.2558,2
128,n<=16,sr<=70%,kvB<=64k,kp=0,0.3706,2
128,n<=16,sr>70%,kvB<=16k,kp<=16k,-0.3684,4
128,n<=16,sr>70%,kvB<=16k,kp<=1k,0.8939,4
128,n<=16,sr>70%,kvB<=16k,kp<=2k,0.8496,4
128,n<=16,sr>70%,kvB<=16k,kp<=32k,-0.6303,4
128,n<=16,sr>70%,kvB<=16k,kp<=4k,0.6828,4
128,n<=16,sr>70%,kvB<=16k,kp<=512,0.895,4
128,n<=16,sr>70%,kvB<=16k,kp<=64k,-0.1703,4
128,n<=16,sr>70%,kvB<=16k,kp<=8k,-0.0261,4
128,n<=16,sr>70%,kvB<=16k,kp=0,0.9441,4
128,n<=16,sr>70%,kvB<=1k,kp<=16k,0.1003,4
128,n<=16,sr>70%,kvB<=1k,kp<=1k,-0.1882,4
128,n<=16,sr>70%,kvB<=1k,kp<=2k,-0.1323,4
128,n<=16,sr>70%,kvB<=1k,kp<=32k,0.0125,4
128,n<=16,sr>70%,kvB<=1k,kp<=4k,0.1765,4
128,n<=16,sr>70%,kvB<=1k,kp<=512,-0.11,4
128,n<=16,sr>70%,kvB<=1k,kp<=8k,0.035,4
128,n<=16,sr>70%,kvB<=1k,kp=0,0.6175,4
128,n<=16,sr>70%,kvB<=4k,kp<=16k,-0.0995,4
128,n<=16,sr>70%,kvB<=4k,kp<=1k,0.3041,4
128,n<=16,sr>70%,kvB<=4k,kp<=2k,-0.1637,4
128,n<=16,sr>70%,kvB<=4k,kp<=32k,-0.0272,4
128,n<=16,sr>70%,kvB<=4k,kp<=4k,-0.4469,4
128,n<=16,sr>70%,kvB<=4k,kp<=512,0.6403,4
128,n<=16,sr>70%,kvB<=4k,kp<=64k,-0.0484,4
128,n<=16,sr>70%,kvB<=4k,kp<=8k,-0.4583,4
128,n<=16,sr>70%,kvB<=4k,kp=0,0.8858,4
128,n<=16,sr>70%,kvB<=64k,kp<=16k,1.0269,4
128,n<=16,sr>70%,kvB<=64k,kp<=1k,1.2949,4
128,n<=16,sr>70%,kvB<=64k,kp<=2k,1.2816,4
128,n<=16,sr>70%,kvB<=64k,kp<=32k,0.3074,4
128,n<=16,sr>70%,kvB<=64k,kp<=4k,1.4814,4
128,n<=16,sr>70%,kvB<=64k,kp<=512,1.352,4
128,n<=16,sr>70%,kvB<=64k,kp<=64k,-0.2372,4
128,n<=16,sr>70%,kvB<=64k,kp<=8k,1.2055,4
128,n<=16,sr>70%,kvB<=64k,kp=0,1.2379,4
128,n<=2,sr<=70%,kvB<=16k,kp<=16k,0.2641,2
128,n<=2,sr<=70%,kvB<=16k,kp<=1k,0.9462,2
128,n<=2,sr<=70%,kvB<=16k,kp<=2k,0.9551,2
128,n<=2,sr<=70%,kvB<=16k,kp<=32k,0.5859,1
128,n<=2,sr<=70%,kvB<=16k,kp<=4k,0.9759,2
128,n<=2,sr<=70%,kvB<=16k,kp<=512,0.983,2
128,n<=2,sr<=70%,kvB<=16k,kp<=64k,0.0989,2
128,n<=2,sr<=70%,kvB<=16k,kp<=8k,0.966,2
128,n<=2,sr<=70%,kvB<=16k,kp=0,0.9663,2
128,n<=2,sr<=70%,kvB<=1k,kp<=16k,-0.1376,2
128,n<=2,sr<=70%,kvB<=1k,kp<=1k,0.2037,2
128,n<=2,sr<=70%,kvB<=1k,kp<=2k,-0.4402,2
128,n<=2,sr<=70%,kvB<=1k,kp<=32k,0.361,2
128,n<=2,sr<=70%,kvB<=1k,kp<=4k,-0.122,1
128,n<=2,sr<=70%,kvB<=1k,kp<=512,0.959,1
128,n<=2,sr<=70%,kvB<=1k,kp<=8k,-0.1544,1
128,n<=2,sr<=70%,kvB<=1k,kp=0,0.961,2
128,n<=2,sr<=70%,kvB<=4k,kp<=16k,-0.1866,2
128,n<=2,sr<=70%,kvB<=4k,kp<=1k,0.9709,2
128,n<=2,sr<=70%,kvB<=4k,kp<=2k,0.9753,2
128,n<=2,sr<=70%,kvB<=4k,kp<=4k,-1.3035,2
128,n<=2,sr<=70%,kvB<=4k,kp<=512,0.9553,2
128,n<=2,sr<=70%,kvB<=4k,kp<=64k,1.1774,1
128,n<=2,sr<=70%,kvB<=4k,kp<=8k,-0.7249,2
128,n<=2,sr<=70%,kvB<=4k,kp=0,0.967,2
128,n<=2,sr<=70%,kvB<=64k,kp<=16k,0.9859,2
128,n<=2,sr<=70%,kvB<=64k,kp<=1k,0.9966,2
128,n<=2,sr<=70%,kvB<=64k,kp<=2k,0.9969,2
128,n<=2,sr<=70%,kvB<=64k,kp<=32k,0.9881,2
128,n<=2,sr<=70%,kvB<=64k,kp<=4k,1.0004,2
128,n<=2,sr<=70%,kvB<=64k,kp<=512,0.9876,2
128,n<=2,sr<=70%,kvB<=64k,kp<=64k,-0.252,1
128,n<=2,sr<=70%,kvB<=64k,kp<=8k,0.9891,2
128,n<=2,sr<=70%,kvB<=64k,kp=0,0.9851,2
128,n<=32,sr<=15%,kvB<=16k,kp<=16k,-0.0176,6
128,n<=32,sr<=15%,kvB<=16k,kp<=1k,0.1039,6
128,n<=32,sr<=15%,kvB<=16k,kp<=2k,0.1222,6
128,n<=32,sr<=15%,kvB<=16k,kp<=32k,0.0235,6
128,n<=32,sr<=15%,kvB<=16k,kp<=4k,0.1184,6
128,n<=32,sr<=15%,kvB<=16k,kp<=512,0.0983,6
128,n<=32,sr<=15%,kvB<=16k,kp<=64k,0.0206,6
128,n<=32,sr<=15%,kvB<=16k,kp<=8k,0.1014,6
128,n<=32,sr<=15%,kvB<=16k,kp=0,0.0931,6
128,n<=32,sr<=15%,kvB<=1k,kp<=16k,0.0755,6
128,n<=32,sr<=15%,kvB<=1k,kp<=1k,0.056,6
128,n<=32,sr<=15%,kvB<=1k,kp<=2k,0.0778,6
128,n<=32,sr<=15%,kvB<=1k,kp<=32k,0.0455,6
128,n<=32,sr<=15%,kvB<=1k,kp<=4k,0.0801,6
128,n<=32,sr<=15%,kvB<=1k,kp<=512,0.16,6
128,n<=32,sr<=15%,kvB<=1k,kp<=64k,-0.024,6
128,n<=32,sr<=15%,kvB<=1k,kp<=8k,0.0804,6
128,n<=32,sr<=15%,kvB<=1k,kp=0,0.1987,6
128,n<=32,sr<=15%,kvB<=4k,kp<=16k,0.0162,6
128,n<=32,sr<=15%,kvB<=4k,kp<=1k,0.155,6
128,n<=32,sr<=15%,kvB<=4k,kp<=2k,0.1129,6
128,n<=32,sr<=15%,kvB<=4k,kp<=32k,0.0086,6
128,n<=32,sr<=15%,kvB<=4k,kp<=4k,-0.0106,6
128,n<=32,sr<=15%,kvB<=4k,kp<=512,0.1535,6
128,n<=32,sr<=15%,kvB<=4k,kp<=64k,0.0021,6
128,n<=32,sr<=15%,kvB<=4k,kp<=8k,0.0168,6
128,n<=32,sr<=15%,kvB<=4k,kp=0,0.1344,6
128,n<=32,sr<=15%,kvB<=64k,kp<=16k,0.1118,6
128,n<=32,sr<=15%,kvB<=64k,kp<=1k,0.1106,6
128,n<=32,sr<=15%,kvB<=64k,kp<=2k,0.1142,6
128,n<=32,sr<=15%,kvB<=64k,kp<=32k,0.0802,6
128,n<=32,sr<=15%,kvB<=64k,kp<=4k,0.1269,6
128,n<=32,sr<=15%,kvB<=64k,kp<=512,0.1087,6
128,n<=32,sr<=15%,kvB<=64k,kp<=64k,0.0142,6
128,n<=32,sr<=15%,kvB<=64k,kp<=8k,0.1197,6
128,n<=32,sr<=15%,kvB<=64k,kp=0,0.1095,6
128,n<=32,sr<=40%,kvB<=16k,kp<=16k,0.0566,2
128,n<=32,sr<=40%,kvB<=16k,kp<=1k,0.127,2
128,n<=32,sr<=40%,kvB<=16k,kp<=2k,0.1234,2
128,n<=32,sr<=40%,kvB<=16k,kp<=32k,0.0279,2
128,n<=32,sr<=40%,kvB<=16k,kp<=4k,0.1418,2
128,n<=32,sr<=40%,kvB<=16k,kp<=512,0.1346,2
128,n<=32,sr<=40%,kvB<=16k,kp<=64k,0.0441,2
128,n<=32,sr<=40%,kvB<=16k,kp<=8k,0.1462,2
128,n<=32,sr<=40%,kvB<=16k,kp=0,0.1367,2
128,n<=32,sr<=40%,kvB<=1k,kp<=16k,0.1043,2
128,n<=32,sr<=40%,kvB<=1k,kp<=1k,0.1342,2
128,n<=32,sr<=40%,kvB<=1k,kp<=2k,0.1034,2
128,n<=32,sr<=40%,kvB<=1k,kp<=32k,0.1178,2
128,n<=32,sr<=40%,kvB<=1k,kp<=4k,0.1269,2
128,n<=32,sr<=40%,kvB<=1k,kp<=512,0.2021,2
128,n<=32,sr<=40%,kvB<=1k,kp<=64k,-0.0697,2
128,n<=32,sr<=40%,kvB<=1k,kp<=8k,0.1226,2
128,n<=32,sr<=40%,kvB<=1k,kp=0,0.2097,2
128,n<=32,sr<=40%,kvB<=4k,kp<=16k,0.0104,2
128,n<=32,sr<=40%,kvB<=4k,kp<=1k,0.1342,2
128,n<=32,sr<=40%,kvB<=4k,kp<=2k,0.1309,2
128,n<=32,sr<=40%,kvB<=4k,kp<=32k,-0.0137,2
128,n<=32,sr<=40%,kvB<=4k,kp<=4k,0.0193,2
128,n<=32,sr<=40%,kvB<=4k,kp<=512,0.1141,2
128,n<=32,sr<=40%,kvB<=4k,kp<=64k,-0.0298,2
128,n<=32,sr<=40%,kvB<=4k,kp<=8k,-0.0282,2
128,n<=32,sr<=40%,kvB<=4k,kp=0,0.1019,2
128,n<=32,sr<=40%,kvB<=64k,kp<=16k,0.1116,2
128,n<=32,sr<=40%,kvB<=64k,kp<=1k,0.2687,2
128,n<=32,sr<=40%,kvB<=64k,kp<=2k,0.3071,2
128,n<=32,sr<=40%,kvB<=64k,kp<=32k,0.2104,2
128,n<=32,sr<=40%,kvB<=64k,kp<=4k,0.2775,2
128,n<=32,sr<=40%,kvB<=64k,kp<=512,0.2777,2
128,n<=32,sr<=40%,kvB<=64k,kp<=64k,-0.0172,2
128,n<=32,sr<=40%,kvB<=64k,kp<=8k,0.2119,2
128,n<=32,sr<=40%,kvB<=64k,kp=0,0.2822,2
128,n<=32,sr<=5%,kvB<=16k,kp<=16k,-0.0198,2
128,n<=32,sr<=5%,kvB<=16k,kp<=1k,0.1202,2
128,n<=32,sr<=5%,kvB<=16k,kp<=2k,0.1226,2
128,n<=32,sr<=5%,kvB<=16k,kp<=32k,0.0226,2
128,n<=32,sr<=5%,kvB<=16k,kp<=4k,0.0993,2
128,n<=32,sr<=5%,kvB<=16k,kp<=512,0.1212,2
128,n<=32,sr<=5%,kvB<=16k,kp<=64k,0.0278,2
128,n<=32,sr<=5%,kvB<=16k,kp<=8k,0.0912,2
128,n<=32,sr<=5%,kvB<=16k,kp=0,0.1194,2
128,n<=32,sr<=5%,kvB<=1k,kp<=16k,0.0221,2
128,n<=32,sr<=5%,kvB<=1k,kp<=1k,0.005,2
128,n<=32,sr<=5%,kvB<=1k,kp<=2k,0.0002,2
128,n<=32,sr<=5%,kvB<=1k,kp<=32k,-0.012,2
128,n<=32,sr<=5%,kvB<=1k,kp<=4k,0.031,2
128,n<=32,sr<=5%,kvB<=1k,kp<=512,0.1228,2
128,n<=32,sr<=5%,kvB<=1k,kp<=64k,0.0173,2
128,n<=32,sr<=5%,kvB<=1k,kp<=8k,0.0334,2
128,n<=32,sr<=5%,kvB<=1k,kp=0,0.1511,2
128,n<=32,sr<=5%,kvB<=4k,kp<=16k,0.0407,2
128,n<=32,sr<=5%,kvB<=4k,kp<=1k,0.1574,2
128,n<=32,sr<=5%,kvB<=4k,kp<=2k,0.1297,2
128,n<=32,sr<=5%,kvB<=4k,kp<=32k,0.0292,2
128,n<=32,sr<=5%,kvB<=4k,kp<=4k,-0.0026,2
128,n<=32,sr<=5%,kvB<=4k,kp<=512,0.1528,2
128,n<=32,sr<=5%,kvB<=4k,kp<=64k,0.0273,2
128,n<=32,sr<=5%,kvB<=4k,kp<=8k,0.0485,2
128,n<=32,sr<=5%,kvB<=4k,kp=0,0.1477,2
128,n<=32,sr<=5%,kvB<=64k,kp<=16k,0.0901,2
128,n<=32,sr<=5%,kvB<=64k,kp<=1k,0.1202,2
128,n<=32,sr<=5%,kvB<=64k,kp<=2k,0.1244,2
128,n<=32,sr<=5%,kvB<=64k,kp<=32k,0.0799,2
128,n<=32,sr<=5%,kvB<=64k,kp<=4k,0.1116,2
128,n<=32,sr<=5%,kvB<=64k,kp<=512,0.119,2
128,n<=32,sr<=5%,kvB<=64k,kp<=64k,-0.0153,2
128,n<=32,sr<=5%,kvB<=64k,kp<=8k,0.1189,2
128,n<=32,sr<=5%,kvB<=64k,kp=0,0.1195,2
128,n<=32,sr<=70%,kvB<=16k,kp<=16k,0.4076,2
128,n<=32,sr<=70%,kvB<=16k,kp<=1k,0.3405,2
128,n<=32,sr<=70%,kvB<=16k,kp<=2k,0.3235,2
128,n<=32,sr<=70%,kvB<=16k,kp<=32k,0.5934,2
128,n<=32,sr<=70%,kvB<=16k,kp<=4k,0.3101,2
128,n<=32,sr<=70%,kvB<=16k,kp<=512,0.3811,2
128,n<=32,sr<=70%,kvB<=16k,kp<=64k,0.4757,2
128,n<=32,sr<=70%,kvB<=16k,kp<=8k,0.2793,2
128,n<=32,sr<=70%,kvB<=16k,kp=0,0.3582,2
128,n<=32,sr<=70%,kvB<=1k,kp<=16k,0.0724,2
128,n<=32,sr<=70%,kvB<=1k,kp<=1k,0.1175,2
128,n<=32,sr<=70%,kvB<=1k,kp<=2k,0.0534,2
128,n<=32,sr<=70%,kvB<=1k,kp<=32k,0.0239,2
128,n<=32,sr<=70%,kvB<=1k,kp<=4k,0.0692,2
128,n<=32,sr<=70%,kvB<=1k,kp<=512,0.1967,2
128,n<=32,sr<=70%,kvB<=1k,kp<=64k,-0.0846,2
128,n<=32,sr<=70%,kvB<=1k,kp<=8k,0.0754,2
128,n<=32,sr<=70%,kvB<=1k,kp=0,0.1788,2
128,n<=32,sr<=70%,kvB<=4k,kp<=16k,0.0216,2
128,n<=32,sr<=70%,kvB<=4k,kp<=1k,0.1293,2
128,n<=32,sr<=70%,kvB<=4k,kp<=2k,0.119,2
128,n<=32,sr<=70%,kvB<=4k,kp<=32k,0.0042,2
128,n<=32,sr<=70%,kvB<=4k,kp<=4k,0.0216,2
128,n<=32,sr<=70%,kvB<=4k,kp<=512,0.1061,2
128,n<=32,sr<=70%,kvB<=4k,kp<=64k,-0.0251,2
128,n<=32,sr<=70%,kvB<=4k,kp<=8k,-0.1276,2
128,n<=32,sr<=70%,kvB<=4k,kp=0,0.0797,2
128,n<=32,sr<=70%,kvB<=64k,kp<=16k,0.3305,2
128,n<=32,sr<=70%,kvB<=64k,kp<=1k,0.8495,2
128,n<=32,sr<=70%,kvB<=64k,kp<=2k,0.8688,2
128,n<=32,sr<=70%,kvB<=64k,kp<=32k,0.3968,2
128,n<=32,sr<=70%,kvB<=64k,kp<=4k,0.6564,2
128,n<=32,sr<=70%,kvB<=64k,kp<=512,0.8361,2
128,n<=32,sr<=70%,kvB<=64k,kp<=64k,0.5961,2
128,n<=32,sr<=70%,kvB<=64k,kp<=8k,0.4602,2
128,n<=32,sr<=70%,kvB<=64k,kp=0,0.8333,2
128,n<=32,sr>70%,kvB<=16k,kp<=16k,1.8859,4
128,n<=32,sr>70%,kvB<=16k,kp<=1k,1.2159,4
128,n<=32,sr>70%,kvB<=16k,kp<=2k,1.1585,4
128,n<=32,sr>70%,kvB<=16k,kp<=32k,0.7726,3
128,n<=32,sr>70%,kvB<=16k,kp<=4k,0.9525,4
128,n<=32,sr>70%,kvB<=16k,kp<=512,1.341,4
128,n<=32,sr>70%,kvB<=16k,kp<=64k,1.6211,4
128,n<=32,sr>70%,kvB<=16k,kp<=8k,1.1791,4
128,n<=32,sr>70%,kvB<=16k,kp=0,1.388,4
128,n<=32,sr>70%,kvB<=1k,kp<=16k,0.4935,4
128,n<=32,sr>70%,kvB<=1k,kp<=1k,0.4429,4
128,n<=32,sr>70%,kvB<=1k,kp<=2k,0.3514,4
128,n<=32,sr>70%,kvB<=1k,kp<=32k,0.2326,4
128,n<=32,sr>70%,kvB<=1k,kp<=4k,0.2128,4
128,n<=32,sr>70%,kvB<=1k,kp<=512,0.4851,4
128,n<=32,sr>70%,kvB<=1k,kp<=64k,0.4331,3
128,n<=32,sr>70%,kvB<=1k,kp<=8k,0.3989,4
128,n<=32,sr>70%,kvB<=1k,kp=0,0.3686,4
128,n<=32,sr>70%,kvB<=4k,kp<=16k,-0.023,4
128,n<=32,sr>70%,kvB<=4k,kp<=1k,0.1726,4
128,n<=32,sr>70%,kvB<=4k,kp<=2k,0.3004,4
128,n<=32,sr>70%,kvB<=4k,kp<=32k,0.2327,4
128,n<=32,sr>70%,kvB<=4k,kp<=4k,0.2099,4
128,n<=32,sr>70%,kvB<=4k,kp<=512,0.0951,4
128,n<=32,sr>70%,kvB<=4k,kp<=64k,0.0913,4
128,n<=32,sr>70%,kvB<=4k,kp<=8k,0.1213,4
128,n<=32,sr>70%,kvB<=4k,kp=0,0.0519,4
128,n<=32,sr>70%,kvB<=64k,kp<=16k,1.3726,4
128,n<=32,sr>70%,kvB<=64k,kp<=1k,2.0902,4
128,n<=32,sr>70%,kvB<=64k,kp<=2k,2.1656,4
128,n<=32,sr>70%,kvB<=64k,kp<=32k,1.6893,4
128,n<=32,sr>70%,kvB<=64k,kp<=4k,1.64,4
128,n<=32,sr>70%,kvB<=64k,kp<=512,2.1917,4
128,n<=32,sr>70%,kvB<=64k,kp<=64k,30.4838,1
128,n<=32,sr>70%,kvB<=64k,kp<=8k,1.2475,4
128,n<=32,sr>70%,kvB<=64k,kp=0,2.2599,4
128,n<=4,sr<=40%,kvB<=16k,kp<=16k,0.185,2
128,n<=4,sr<=40%,kvB<=16k,kp<=1k,0.9718,2
128,n<=4,sr<=40%,kvB<=16k,kp<=2k,0.9714,2
128,n<=4,sr<=40%,kvB<=16k,kp<=32k,-0.3818,2
128,n<=4,sr<=40%,kvB<=16k,kp<=4k,0.8626,2
128,n<=4,sr<=40%,kvB<=16k,kp<=512,0.9647,2
128,n<=4,sr<=40%,kvB<=16k,kp<=64k,-0.4979,2
128,n<=4,sr<=40%,kvB<=16k,kp<=8k,0.3866,2
128,n<=4,sr<=40%,kvB<=16k,kp=0,0.9508,2
128,n<=4,sr<=40%,kvB<=1k,kp<=16k,-0.1658,2
128,n<=4,sr<=40%,kvB<=1k,kp<=1k,0.2816,2
128,n<=4,sr<=40%,kvB<=1k,kp<=2k,0.0305,2
128,n<=4,sr<=40%,kvB<=1k,kp<=32k,0.5578,2
128,n<=4,sr<=40%,kvB<=1k,kp<=4k,0.1587,2
128,n<=4,sr<=40%,kvB<=1k,kp<=512,0.4782,2
128,n<=4,sr<=40%,kvB<=1k,kp<=64k,-0.4444,1
128,n<=4,sr<=40%,kvB<=1k,kp<=8k,-0.4995,2
128,n<=4,sr<=40%,kvB<=1k,kp=0,0.9373,2
128,n<=4,sr<=40%,kvB<=4k,kp<=16k,0.0455,2
128,n<=4,sr<=40%,kvB<=4k,kp<=1k,0.7896,2
128,n<=4,sr<=40%,kvB<=4k,kp<=2k,0.4167,2
128,n<=4,sr<=40%,kvB<=4k,kp<=32k,0.4124,2
128,n<=4,sr<=40%,kvB<=4k,kp<=4k,0.2149,2
128,n<=4,sr<=40%,kvB<=4k,kp<=512,0.9165,2
128,n<=4,sr<=40%,kvB<=4k,kp<=64k,-0.1411,2
128,n<=4,sr<=40%,kvB<=4k,kp<=8k,-0.1211,2
128,n<=4,sr<=40%,kvB<=4k,kp=0,0.9226,2
128,n<=4,sr<=40%,kvB<=64k,kp<=16k,0.7899,2
128,n<=4,sr<=40%,kvB<=64k,kp<=1k,0.9865,2
128,n<=4,sr<=40%,kvB<=64k,kp<=2k,0.9846,2
128,n<=4,sr<=40%,kvB<=64k,kp<=32k,0.3916,2
128,n<=4,sr<=40%,kvB<=64k,kp<=4k,0.9918,2
128,n<=4,sr<=40%,kvB<=64k,kp<=512,0.9879,2
128,n<=4,sr<=40%,kvB<=64k,kp<=64k,0.2284,2
128,n<=4,sr<=40%,kvB<=64k,kp<=8k,0.8793,2
128,n<=4,sr<=40%,kvB<=64k,kp=0,0.9865,2
128,n<=4,sr<=70%,kvB<=16k,kp<=16k,-0.0806,2
128,n<=4,sr<=70%,kvB<=16k,kp<=1k,0.9661,2
128,n<=4,sr<=70%,kvB<=16k,kp<=2k,0.9733,2
128,n<=4,sr<=70%,kvB<=16k,kp<=32k,-0.4685,2
128,n<=4,sr<=70%,kvB<=16k,kp<=4k,0.8074,2
128,n<=4,sr<=70%,kvB<=16k,kp<=512,0.9733,2
128,n<=4,sr<=70%,kvB<=16k,kp<=64k,-1.4124,1
128,n<=4,sr<=70%,kvB<=16k,kp<=8k,0.0556,2
128,n<=4,sr<=70%,kvB<=16k,kp=0,0.9652,2
128,n<=4,sr<=70%,kvB<=1k,kp<=16k,0.5488,1
128,n<=4,sr<=70%,kvB<=1k,kp<=1k,0.02,2
128,n<=4,sr<=70%,kvB<=1k,kp<=2k,-0.3547,2
128,n<=4,sr<=70%,kvB<=1k,kp<=32k,0.5285,2
128,n<=4,sr<=70%,kvB<=1k,kp<=4k,-0.154,2
128,n<=4,sr<=70%,kvB<=1k,kp<=512,0.1877,2
128,n<=4,sr<=70%,kvB<=1k,kp<=64k,0.4529,1
128,n<=4,sr<=70%,kvB<=1k,kp<=8k,-0.4644,2
128,n<=4,sr<=70%,kvB<=1k,kp=0,0.9236,2
128,n<=4,sr<=70%,kvB<=4k,kp<=16k,0.2657,2
128,n<=4,sr<=70%,kvB<=4k,kp<=1k,0.7403,2
128,n<=4,sr<=70%,kvB<=4k,kp<=2k,0.0852,2
128,n<=4,sr<=70%,kvB<=4k,kp<=32k,-0.4634,2
128,n<=4,sr<=70%,kvB<=4k,kp<=4k,-0.036,2
128,n<=4,sr<=70%,kvB<=4k,kp<=512,0.9073,2
128,n<=4,sr<=70%,kvB<=4k,kp<=64k,0.1293,2
128,n<=4,sr<=70%,kvB<=4k,kp<=8k,-0.2932,2
128,n<=4,sr<=70%,kvB<=4k,kp=0,0.9256,2
128,n<=4,sr<=70%,kvB<=64k,kp<=16k,0.7963,2
128,n<=4,sr<=70%,kvB<=64k,kp<=1k,0.9963,2
128,n<=4,sr<=70%,kvB<=64k,kp<=2k,0.9919,2
128,n<=4,sr<=70%,kvB<=64k,kp<=32k,0.1181,2
128,n<=4,sr<=70%,kvB<=64k,kp<=4k,0.9783,2
128,n<=4,sr<=70%,kvB<=64k,kp<=512,0.9847,2
128,n<=4,sr<=70%,kvB<=64k,kp<=64k,-0.01,2
128,n<=4,sr<=70%,kvB<=64k,kp<=8k,0.8369,2
128,n<=4,sr<=70%,kvB<=64k,kp=0,0.979,2
128,n<=4,sr>70%,kvB<=16k,kp<=16k,-1.1479,2
128,n<=4,sr>70%,kvB<=16k,kp<=1k,0.9693,2
128,n<=4,sr>70%,kvB<=16k,kp<=2k,0.9536,2
128,n<=4,sr>70%,kvB<=16k,kp<=32k,-0.0517,2
128,n<=4,sr>70%,kvB<=16k,kp<=4k,0.6892,2
128,n<=4,sr>70%,kvB<=16k,kp<=512,0.9529,2
128,n<=4,sr>70%,kvB<=16k,kp<=64k,-14.0144,1
128,n<=4,sr>70%,kvB<=16k,kp<=8k,-0.8923,2
128,n<=4,sr>70%,kvB<=16k,kp=0,0.9406,2
128,n<=4,sr>70%,kvB<=1k,kp<=16k,0.3749,2
128,n<=4,sr>70%,kvB<=1k,kp<=1k,-0.472,2
128,n<=4,sr>70%,kvB<=1k,kp<=2k,0.0196,1
128,n<=4,sr>70%,kvB<=1k,kp<=32k,-2.3096,2
128,n<=4,sr>70%,kvB<=1k,kp<=4k,-0.038,1
128,n<=4,sr>70%,kvB<=1k,kp<=512,-0.331,2
128,n<=4,sr>70%,kvB<=1k,kp<=64k,0.8335,1
128,n<=4,sr>70%,kvB<=1k,kp=0,0.9616,2
128,n<=4,sr>70%,kvB<=4k,kp<=16k,-0.5601,2
128,n<=4,sr>70%,kvB<=4k,kp<=1k,0.5958,2
128,n<=4,sr>70%,kvB<=4k,kp<=2k,-0.7445,2
128,n<=4,sr>70%,kvB<=4k,kp<=32k,-0.6577,2
128,n<=4,sr>70%,kvB<=4k,kp<=4k,-0.9144,2
128,n<=4,sr>70%,kvB<=4k,kp<=512,0.9076,2
128,n<=4,sr>70%,kvB<=4k,kp<=64k,-3.0294,1
128,n<=4,sr>70%,kvB<=4k,kp<=8k,-0.4439,2
128,n<=4,sr>70%,kvB<=4k,kp=0,0.9783,2
128,n<=4,sr>70%,kvB<=64k,kp<=16k,0.6648,2
128,n<=4,sr>70%,kvB<=64k,kp<=1k,0.9752,2
128,n<=4,sr>70%,kvB<=64k,kp<=2k,0.9886,2
128,n<=4,sr>70%,kvB<=64k,kp<=32k,-0.6749,2
128,n<=4,sr>70%,kvB<=64k,kp<=4k,0.9532,2
128,n<=4,sr>70%,kvB<=64k,kp<=512,1.0031,2
128,n<=4,sr>70%,kvB<=64k,kp<=64k,-0.993,2
128,n<=4,sr>70%,kvB<=64k,kp<=8k,0.7128,2
128,n<=4,sr>70%,kvB<=64k,kp=0,0.9835,2
128,n<=64,sr<=15%,kvB<=16k,kp<=16k,0.0404,4
128,n<=64,sr<=15%,kvB<=16k,kp<=1k,0.0629,4
128,n<=64,sr<=15%,kvB<=16k,kp<=2k,0.0533,4
128,n<=64,sr<=15%,kvB<=16k,kp<=32k,0.0136,4
128,n<=64,sr<=15%,kvB<=16k,kp<=4k,0.0297,4
128,n<=64,sr<=15%,kvB<=16k,kp<=512,0.0606,4
128,n<=64,sr<=15%,kvB<=16k,kp<=64k,-0.0014,4
128,n<=64,sr<=15%,kvB<=16k,kp<=8k,0.0357,4
128,n<=64,sr<=15%,kvB<=16k,kp=0,0.0614,4
128,n<=64,sr<=15%,kvB<=1k,kp<=16k,0.0711,4
128,n<=64,sr<=15%,kvB<=1k,kp<=1k,0.061,4
128,n<=64,sr<=15%,kvB<=1k,kp<=2k,0.0697,4
128,n<=64,sr<=15%,kvB<=1k,kp<=32k,0.0525,4
128,n<=64,sr<=15%,kvB<=1k,kp<=4k,0.0669,4
128,n<=64,sr<=15%,kvB<=1k,kp<=512,0.1016,4
128,n<=64,sr<=15%,kvB<=1k,kp<=64k,0.0662,4
128,n<=64,sr<=15%,kvB<=1k,kp<=8k,0.0685,4
128,n<=64,sr<=15%,kvB<=1k,kp=0,0.1218,4
128,n<=64,sr<=15%,kvB<=4k,kp<=16k,0.0114,4
128,n<=64,sr<=15%,kvB<=4k,kp<=1k,0.0541,4
128,n<=64,sr<=15%,kvB<=4k,kp<=2k,0.0449,4
128,n<=64,sr<=15%,kvB<=4k,kp<=32k,0.005,4
128,n<=64,sr<=15%,kvB<=4k,kp<=4k,0.0106,4
128,n<=64,sr<=15%,kvB<=4k,kp<=512,0.0569,4
128,n<=64,sr<=15%,kvB<=4k,kp<=64k,0.01,4
128,n<=64,sr<=15%,kvB<=4k,kp<=8k,0.0144,4
128,n<=64,sr<=15%,kvB<=4k,kp=0,0.0624,4
128,n<=64,sr<=15%,kvB<=64k,kp<=16k,0.0564,4
128,n<=64,sr<=15%,kvB<=64k,kp<=1k,0.138,4
128,n<=64,sr<=15%,kvB<=64k,kp<=2k,0.1415,4
128,n<=64,sr<=15%,kvB<=64k,kp<=32k,0.0568,4
128,n<=64,sr<=15%,kvB<=64k,kp<=4k,0.0866,4
128,n<=64,sr<=15%,kvB<=64k,kp<=512,0.1378,4
128,n<=64,sr<=15%,kvB<=64k,kp<=64k,0.0454,4
128,n<=64,sr<=15%,kvB<=64k,kp<=8k,0.0705,4
128,n<=64,sr<=15%,kvB<=64k,kp=0,0.1342,4
128,n<=64,sr<=40%,kvB<=16k,kp<=16k,0.1619,2
128,n<=64,sr<=40%,kvB<=16k,kp<=1k,0.1778,2
128,n<=64,sr<=40%,kvB<=16k,kp<=2k,0.1702,2
128,n<=64,sr<=40%,kvB<=16k,kp<=32k,0.1995,2
128,n<=64,sr<=40%,kvB<=16k,kp<=4k,0.1343,2
128,n<=64,sr<=40%,kvB<=16k,kp<=512,0.1825,2
128,n<=64,sr<=40%,kvB<=16k,kp<=64k,0.1828,2
128,n<=64,sr<=40%,kvB<=16k,kp<=8k,0.1748,2
128,n<=64,sr<=40%,kvB<=16k,kp=0,0.1799,2
128,n<=64,sr<=40%,kvB<=1k,kp<=16k,0.0888,2
128,n<=64,sr<=40%,kvB<=1k,kp<=1k,0.0846,2
128,n<=64,sr<=40%,kvB<=1k,kp<=2k,0.0901,2
128,n<=64,sr<=40%,kvB<=1k,kp<=32k,0.1024,2
128,n<=64,sr<=40%,kvB<=1k,kp<=4k,0.088,2
128,n<=64,sr<=40%,kvB<=1k,kp<=512,0.1305,2
128,n<=64,sr<=40%,kvB<=1k,kp<=64k,0.2034,2
128,n<=64,sr<=40%,kvB<=1k,kp<=8k,0.1066,2
128,n<=64,sr<=40%,kvB<=1k,kp=0,0.1534,2
128,n<=64,sr<=40%,kvB<=4k,kp<=16k,-0.0058,2
128,n<=64,sr<=40%,kvB<=4k,kp<=1k,0.0408,2
128,n<=64,sr<=40%,kvB<=4k,kp<=2k,0.0305,2
128,n<=64,sr<=40%,kvB<=4k,kp<=32k,-0.0048,2
128,n<=64,sr<=40%,kvB<=4k,kp<=4k,-0.003,2
128,n<=64,sr<=40%,kvB<=4k,kp<=512,0.0457,2
128,n<=64,sr<=40%,kvB<=4k,kp<=64k,0.0012,2
128,n<=64,sr<=40%,kvB<=4k,kp<=8k,0.0002,2
128,n<=64,sr<=40%,kvB<=4k,kp=0,0.0537,2
128,n<=64,sr<=40%,kvB<=64k,kp<=16k,0.1782,2
128,n<=64,sr<=40%,kvB<=64k,kp<=1k,0.3574,2
128,n<=64,sr<=40%,kvB<=64k,kp<=2k,0.3181,2
128,n<=64,sr<=40%,kvB<=64k,kp<=32k,0.2004,2
128,n<=64,sr<=40%,kvB<=64k,kp<=4k,0.2459,2
128,n<=64,sr<=40%,kvB<=64k,kp<=512,0.3102,2
128,n<=64,sr<=40%,kvB<=64k,kp<=64k,0.2689,2
128,n<=64,sr<=40%,kvB<=64k,kp<=8k,0.1637,2
128,n<=64,sr<=40%,kvB<=64k,kp=0,0.3667,2
128,n<=64,sr<=5%,kvB<=16k,kp<=16k,0.004,6
128,n<=64,sr<=5%,kvB<=16k,kp<=1k,0.0523,6
128,n<=64,sr<=5%,kvB<=16k,kp<=2k,0.0482,6
128,n<=64,sr<=5%,kvB<=16k,kp<=32k,0.0012,6
128,n<=64,sr<=5%,kvB<=16k,kp<=4k,0.0337,6
128,n<=64,sr<=5%,kvB<=16k,kp<=512,0.0521,6
128,n<=64,sr<=5%,kvB<=16k,kp<=64k,-0.0133,6
128,n<=64,sr<=5%,kvB<=16k,kp<=8k,0.0238,6
128,n<=64,sr<=5%,kvB<=16k,kp=0,0.0529,6
128,n<=64,sr<=5%,kvB<=1k,kp<=16k,0.0255,6
128,n<=64,sr<=5%,kvB<=1k,kp<=1k,0.0135,6
128,n<=64,sr<=5%,kvB<=1k,kp<=2k,0.0201,6
128,n<=64,sr<=5%,kvB<=1k,kp<=32k,0.0429,6
128,n<=64,sr<=5%,kvB<=1k,kp<=4k,0.0222,6
128,n<=64,sr<=5%,kvB<=1k,kp<=512,0.0522,6
128,n<=64,sr<=5%,kvB<=1k,kp<=64k,0.0113,6
128,n<=64,sr<=5%,kvB<=1k,kp<=8k,0.0151,6
128,n<=64,sr<=5%,kvB<=1k,kp=0,0.0771,6
128,n<=64,sr<=5%,kvB<=4k,kp<=16k,0.0093,6
128,n<=64,sr<=5%,kvB<=4k,kp<=1k,0.0545,6
128,n<=64,sr<=5%,kvB<=4k,kp<=2k,0.0417,6
128,n<=64,sr<=5%,kvB<=4k,kp<=32k,0.0115,6
128,n<=64,sr<=5%,kvB<=4k,kp<=4k,0.0079,6
128,n<=64,sr<=5%,kvB<=4k,kp<=512,0.0575,6
128,n<=64,sr<=5%,kvB<=4k,kp<=64k,0.0093,6
128,n<=64,sr<=5%,kvB<=4k,kp<=8k,0.0096,6
128,n<=64,sr<=5%,kvB<=4k,kp=0,0.0621,6
128,n<=64,sr<=5%,kvB<=64k,kp<=16k,0.0478,6
128,n<=64,sr<=5%,kvB<=64k,kp<=1k,0.0786,6
128,n<=64,sr<=5%,kvB<=64k,kp<=2k,0.0898,6
128,n<=64,sr<=5%,kvB<=64k,kp<=32k,0.0323,6
128,n<=64,sr<=5%,kvB<=64k,kp<=4k,0.0515,6
128,n<=64,sr<=5%,kvB<=64k,kp<=512,0.0822,6
128,n<=64,sr<=5%,kvB<=64k,kp<=64k,0.0219,6
128,n<=64,sr<=5%,kvB<=64k,kp<=8k,0.0393,6
128,n<=64,sr<=5%,kvB<=64k,kp=0,0.0807,6
128,n<=64,sr<=70%,kvB<=16k,kp<=16k,0.9323,2
128,n<=64,sr<=70%,kvB<=16k,kp<=1k,1.0115,2
128,n<=64,sr<=70%,kvB<=16k,kp<=2k,1.0227,2
128,n<=64,sr<=70%,kvB<=16k,kp<=32k,0.8822,2
128,n<=64,sr<=70%,kvB<=16k,kp<=4k,0.5679,2
128,n<=64,sr<=70%,kvB<=16k,kp<=512,1.0332,2
128,n<=64,sr<=70%,kvB<=16k,kp<=64k,0.8619,2
128,n<=64,sr<=70%,kvB<=16k,kp<=8k,0.6497,2
128,n<=64,sr<=70%,kvB<=16k,kp=0,1.0283,2
128,n<=64,sr<=70%,kvB<=1k,kp<=16k,0.049,2
128,n<=64,sr<=70%,kvB<=1k,kp<=1k,0.0374,2
128,n<=64,sr<=70%,kvB<=1k,kp<=2k,0.0228,2
128,n<=64,sr<=70%,kvB<=1k,kp<=32k,0.0614,2
128,n<=64,sr<=70%,kvB<=1k,kp<=4k,0.0771,2
128,n<=64,sr<=70%,kvB<=1k,kp<=512,0.0453,2
128,n<=64,sr<=70%,kvB<=1k,kp<=64k,0.0635,2
128,n<=64,sr<=70%,kvB<=1k,kp<=8k,0.0578,2
128,n<=64,sr<=70%,kvB<=1k,kp=0,0.096,2
128,n<=64,sr<=70%,kvB<=4k,kp<=16k,-0.0845,2
128,n<=64,sr<=70%,kvB<=4k,kp<=1k,-0.0028,2
128,n<=64,sr<=70%,kvB<=4k,kp<=2k,-0.0267,2
128,n<=64,sr<=70%,kvB<=4k,kp<=32k,-0.098,2
128,n<=64,sr<=70%,kvB<=4k,kp<=4k,-0.0319,2
128,n<=64,sr<=70%,kvB<=4k,kp<=512,-0.0006,2
128,n<=64,sr<=70%,kvB<=4k,kp<=64k,-0.0849,2
128,n<=64,sr<=70%,kvB<=4k,kp<=8k,-0.1016,2
128,n<=64,sr<=70%,kvB<=4k,kp=0,-0.0096,2
128,n<=64,sr<=70%,kvB<=64k,kp<=16k,0.498,2
128,n<=64,sr<=70%,kvB<=64k,kp<=1k,0.9276,2
128,n<=64,sr<=70%,kvB<=64k,kp<=2k,0.9897,2
128,n<=64,sr<=70%,kvB<=64k,kp<=32k,0.5124,2
128,n<=64,sr<=70%,kvB<=64k,kp<=4k,0.6129,2
128,n<=64,sr<=70%,kvB<=64k,kp<=512,0.9058,2
128,n<=64,sr<=70%,kvB<=64k,kp<=64k,0.6984,2
128,n<=64,sr<=70%,kvB<=64k,kp<=8k,0.4394,2
128,n<=64,sr<=70%,kvB<=64k,kp=0,1.012,2
128,n<=64,sr>70%,kvB<=16k,kp<=16k,3.2232,4
128,n<=64,sr>70%,kvB<=16k,kp<=1k,2.7885,4
128,n<=64,sr>70%,kvB<=16k,kp<=2k,2.4873,4
128,n<=64,sr>70%,kvB<=16k,kp<=32k,2.9801,3
128,n<=64,sr>70%,kvB<=16k,kp<=4k,1.3042,4
128,n<=64,sr>70%,kvB<=16k,kp<=512,2.3081,4
128,n<=64,sr>70%,kvB<=16k,kp<=64k,2.2466,4
128,n<=64,sr>70%,kvB<=16k,kp<=8k,1.4098,4
128,n<=64,sr>70%,kvB<=16k,kp=0,2.8617,4
128,n<=64,sr>70%,kvB<=1k,kp<=16k,0.1939,4
128,n<=64,sr>70%,kvB<=1k,kp<=1k,0.2037,4
128,n<=64,sr>70%,kvB<=1k,kp<=2k,0.1803,4
128,n<=64,sr>70%,kvB<=1k,kp<=32k,0.1817,4
128,n<=64,sr>70%,kvB<=1k,kp<=4k,0.265,4
128,n<=64,sr>70%,kvB<=1k,kp<=512,0.2358,4
128,n<=64,sr>70%,kvB<=1k,kp<=64k,0.3396,4
128,n<=64,sr>70%,kvB<=1k,kp<=8k,0.2363,4
128,n<=64,sr>70%,kvB<=1k,kp=0,0.3465,4
128,n<=64,sr>70%,kvB<=4k,kp<=16k,-0.1727,4
128,n<=64,sr>70%,kvB<=4k,kp<=1k,-0.4017,4
128,n<=64,sr>70%,kvB<=4k,kp<=2k,-0.1158,4
128,n<=64,sr>70%,kvB<=4k,kp<=32k,-0.2743,4
128,n<=64,sr>70%,kvB<=4k,kp<=4k,-0.1804,4
128,n<=64,sr>70%,kvB<=4k,kp<=512,-0.3505,4
128,n<=64,sr>70%,kvB<=4k,kp<=64k,-0.3188,4
128,n<=64,sr>70%,kvB<=4k,kp<=8k,-0.2204,4
128,n<=64,sr>70%,kvB<=4k,kp=0,-0.4103,4
128,n<=64,sr>70%,kvB<=64k,kp<=16k,1.0567,4
128,n<=64,sr>70%,kvB<=64k,kp<=1k,2.0522,4
128,n<=64,sr>70%,kvB<=64k,kp<=2k,2.276,4
128,n<=64,sr>70%,kvB<=64k,kp<=32k,1.3674,4
128,n<=64,sr>70%,kvB<=64k,kp<=4k,1.6107,4
128,n<=64,sr>70%,kvB<=64k,kp<=512,2.3617,4
128,n<=64,sr>70%,kvB<=64k,kp<=64k,2.5875,2
128,n<=64,sr>70%,kvB<=64k,kp<=8k,1.0986,4
128,n<=64,sr>70%,kvB<=64k,kp=0,1.6805,4
128,n<=8,sr<=15%,kvB<=16k,kp<=16k,-0.1279,2
128,n<=8,sr<=15%,kvB<=16k,kp<=1k,0.3837,2
128,n<=8,sr<=15%,kvB<=16k,kp<=2k,0.3866,2
128,n<=8,sr<=15%,kvB<=16k,kp<=32k,-0.1326,2
128,n<=8,sr<=15%,kvB<=16k,kp<=4k,0.3768,2
128,n<=8,sr<=15%,kvB<=16k,kp<=512,0.3815,2
128,n<=8,sr<=15%,kvB<=16k,kp<=64k,-0.1494,2
128,n<=8,sr<=15%,kvB<=16k,kp<=8k,0.2724,2
128,n<=8,sr<=15%,kvB<=16k,kp=0,0.3753,2
128,n<=8,sr<=15%,kvB<=1k,kp<=16k,0.0372,2
128,n<=8,sr<=15%,kvB<=1k,kp<=1k,0.0009,2
128,n<=8,sr<=15%,kvB<=1k,kp<=2k,-0.0188,2
128,n<=8,sr<=15%,kvB<=1k,kp<=32k,-2.0565,2
128,n<=8,sr<=15%,kvB<=1k,kp<=4k,0.0217,2
128,n<=8,sr<=15%,kvB<=1k,kp<=512,0.3302,2
128,n<=8,sr<=15%,kvB<=1k,kp<=64k,0.1461,2
128,n<=8,sr<=15%,kvB<=1k,kp<=8k,-0.0699,2
128,n<=8,sr<=15%,kvB<=1k,kp=0,0.4328,2
128,n<=8,sr<=15%,kvB<=4k,kp<=16k,-0.1583,2
128,n<=8,sr<=15%,kvB<=4k,kp<=1k,0.3844,2
128,n<=8,sr<=15%,kvB<=4k,kp<=2k,0.2841,2
128,n<=8,sr<=15%,kvB<=4k,kp<=32k,-0.1035,2
128,n<=8,sr<=15%,kvB<=4k,kp<=4k,-0.1038,2
128,n<=8,sr<=15%,kvB<=4k,kp<=512,0.3929,2
128,n<=8,sr<=15%,kvB<=4k,kp<=64k,0.1937,2
128,n<=8,sr<=15%,kvB<=4k,kp<=8k,-0.1317,2
128,n<=8,sr<=15%,kvB<=4k,kp=0,0.3973,2
128,n<=8,sr<=15%,kvB<=64k,kp<=16k,0.3813,2
128,n<=8,sr<=15%,kvB<=64k,kp<=1k,0.3878,2
128,n<=8,sr<=15%,kvB<=64k,kp<=2k,0.3897,2
128,n<=8,sr<=15%,kvB<=64k,kp<=32k,0.2781,2
128,n<=8,sr<=15%,kvB<=64k,kp<=4k,0.3876,2
128,n<=8,sr<=15%,kvB<=64k,kp<=512,0.395,2
128,n<=8,sr<=15%,kvB<=64k,kp<=64k,-0.1102,2
128,n<=8,sr<=15%,kvB<=64k,kp<=8k,0.3773,2
128,n<=8,sr<=15%,kvB<=64k,kp=0,0.392,2
128,n<=8,sr<=40%,kvB<=16k,kp<=16k,-0.0307,4
128,n<=8,sr<=40%,kvB<=16k,kp<=1k,0.2307,4
128,n<=8,sr<=40%,kvB<=16k,kp<=2k,0.2388,4
128,n<=8,sr<=40%,kvB<=16k,kp<=32k,-0.055,4
128,n<=8,sr<=40%,kvB<=16k,kp<=4k,0.282,4
128,n<=8,sr<=40%,kvB<=16k,kp<=512,0.2309,4
128,n<=8,sr<=40%,kvB<=16k,kp<=64k,-0.0742,4
128,n<=8,sr<=40%,kvB<=16k,kp<=8k,0.4071,4
128,n<=8,sr<=40%,kvB<=16k,kp=0,0.2229,4
128,n<=8,sr<=40%,kvB<=1k,kp<=16k,0.0197,4
128,n<=8,sr<=40%,kvB<=1k,kp<=1k,0.4451,4
128,n<=8,sr<=40%,kvB<=1k,kp<=2k,0.3888,4
128,n<=8,sr<=40%,kvB<=1k,kp<=32k,1.1461,3
128,n<=8,sr<=40%,kvB<=1k,kp<=4k,0.3498,4
128,n<=8,sr<=40%,kvB<=1k,kp<=512,0.5118,4
128,n<=8,sr<=40%,kvB<=1k,kp<=64k,1.6129,1
128,n<=8,sr<=40%,kvB<=1k,kp<=8k,0.3161,4
128,n<=8,sr<=40%,kvB<=1k,kp=0,0.3368,4
128,n<=8,sr<=40%,kvB<=4k,kp<=16k,0.0271,4
128,n<=8,sr<=40%,kvB<=4k,kp<=1k,0.2972,4
128,n<=8,sr<=40%,kvB<=4k,kp<=2k,0.4429,4
128,n<=8,sr<=40%,kvB<=4k,kp<=32k,-0.0188,4
128,n<=8,sr<=40%,kvB<=4k,kp<=4k,0.1021,4
128,n<=8,sr<=40%,kvB<=4k,kp<=512,0.255,4
128,n<=8,sr<=40%,kvB<=4k,kp<=64k,0.0579,3
128,n<=8,sr<=40%,kvB<=4k,kp<=8k,0.0713,4
128,n<=8,sr<=40%,kvB<=4k,kp=0,0.2476,4
128,n<=8,sr<=40%,kvB<=64k,kp<=16k,0.2933,4
128,n<=8,sr<=40%,kvB<=64k,kp<=1k,0.2493,4
128,n<=8,sr<=40%,kvB<=64k,kp<=2k,0.2439,4
128,n<=8,sr<=40%,kvB<=64k,kp<=32k,0.4143,4
128,n<=8,sr<=40%,kvB<=64k,kp<=4k,0.2374,4
128,n<=8,sr<=40%,kvB<=64k,kp<=512,0.2458,4
128,n<=8,sr<=40%,kvB<=64k,kp<=64k,-0.0393,4
128,n<=8,sr<=40%,kvB<=64k,kp<=8k,0.2306,4
128,n<=8,sr<=40%,kvB<=64k,kp=0,0.2468,4
128,n<=8,sr<=70%,kvB<=16k,kp<=16k,0.8043,2
128,n<=8,sr<=70%,kvB<=16k,kp<=1k,0.052,2
128,n<=8,sr<=70%,kvB<=16k,kp<=2k,0.1493,2
128,n<=8,sr<=70%,kvB<=16k,kp<=32k,0.7422,2
128,n<=8,sr<=70%,kvB<=16k,kp<=4k,0.276,2
128,n<=8,sr<=70%,kvB<=16k,kp<=512,-0.0093,2
128,n<=8,sr<=70%,kvB<=16k,kp<=64k,0.6313,2
128,n<=8,sr<=70%,kvB<=16k,kp<=8k,0.3362,2
128,n<=8,sr<=70%,kvB<=16k,kp=0,-0.0629,2
128,n<=8,sr<=70%,kvB<=1k,kp<=16k,0.5817,2
128,n<=8,sr<=70%,kvB<=1k,kp<=1k,0.7791,2
128,n<=8,sr<=70%,kvB<=1k,kp<=2k,0.7257,2
128,n<=8,sr<=70%,kvB<=1k,kp<=4k,0.6482,2
128,n<=8,sr<=70%,kvB<=1k,kp<=512,0.6049,2
128,n<=8,sr<=70%,kvB<=1k,kp<=64k,0.0096,2
128,n<=8,sr<=70%,kvB<=1k,kp<=8k,0.5749,2
128,n<=8,sr<=70%,kvB<=1k,kp=0,0.3724,2
128,n<=8,sr<=70%,kvB<=4k,kp<=16k,0.7719,2
128,n<=8,sr<=70%,kvB<=4k,kp<=1k,0.3587,2
128,n<=8,sr<=70%,kvB<=4k,kp<=2k,0.375,2
128,n<=8,sr<=70%,kvB<=4k,kp<=32k,0.7808,2
128,n<=8,sr<=70%,kvB<=4k,kp<=4k,0.8635,2
128,n<=8,sr<=70%,kvB<=4k,kp<=512,0.2363,2
128,n<=8,sr<=70%,kvB<=4k,kp<=64k,0.3756,2
128,n<=8,sr<=70%,kvB<=4k,kp<=8k,0.8211,2
128,n<=8,sr<=70%,kvB<=4k,kp=0,0.0505,2
128,n<=8,sr<=70%,kvB<=64k,kp<=16k,0.2806,2
128,n<=8,sr<=70%,kvB<=64k,kp<=1k,-0.0222,2
128,n<=8,sr<=70%,kvB<=64k,kp<=2k,-0.019,2
128,n<=8,sr<=70%,kvB<=64k,kp<=32k,0.3192,2
128,n<=8,sr<=70%,kvB<=64k,kp<=4k,0.0127,2
128,n<=8,sr<=70%,kvB<=64k,kp<=512,-0.0213,2
128,n<=8,sr<=70%,kvB<=64k,kp<=64k,0.9157,2
128,n<=8,sr<=70%,kvB<=64k,kp<=8k,0.1675,2
128,n<=8,sr<=70%,kvB<=64k,kp=0,-0.0169,2
128,n<=8,sr>70%,kvB<=16k,kp<=16k,0.8358,4
128,n<=8,sr>70%,kvB<=16k,kp<=1k,0.8708,4
128,n<=8,sr>70%,kvB<=16k,kp<=2k,0.8659,4
128,n<=8,sr>70%,kvB<=16k,kp<=32k,0.6682,4
128,n<=8,sr>70%,kvB<=16k,kp<=4k,0.9361,4
128,n<=8,sr>70%,kvB<=16k,kp<=512,0.8794,4
128,n<=8,sr>70%,kvB<=16k,kp<=64k,0.6239,4
128,n<=8,sr>70%,kvB<=16k,kp<=8k,0.8606,4
128,n<=8,sr>70%,kvB<=16k,kp=0,0.8789,4
128,n<=8,sr>70%,kvB<=1k,kp<=16k,0.6965,3
128,n<=8,sr>70%,kvB<=1k,kp<=1k,0.912,4
128,n<=8,sr>70%,kvB<=1k,kp<=2k,0.8522,4
128,n<=8,sr>70%,kvB<=1k,kp<=32k,4.2821,1
128,n<=8,sr>70%,kvB<=1k,kp<=4k,0.618,4
128,n<=8,sr>70%,kvB<=1k,kp<=512,0.9105,4
128,n<=8,sr>70%,kvB<=1k,kp<=64k,0.0729,3
128,n<=8,sr>70%,kvB<=1k,kp<=8k,0.5715,4
128,n<=8,sr>70%,kvB<=1k,kp=0,0.8649,4
128,n<=8,sr>70%,kvB<=4k,kp<=16k,0.8681,4
128,n<=8,sr>70%,kvB<=4k,kp<=1k,0.9207,4
128,n<=8,sr>70%,kvB<=4k,kp<=2k,0.9281,4
128,n<=8,sr>70%,kvB<=4k,kp<=32k,0.8378,4
128,n<=8,sr>70%,kvB<=4k,kp<=4k,0.8803,4
128,n<=8,sr>70%,kvB<=4k,kp<=512,0.9251,4
128,n<=8,sr>70%,kvB<=4k,kp<=64k,0.5648,3
128,n<=8,sr>70%,kvB<=4k,kp<=8k,0.8697,4
128,n<=8,sr>70%,kvB<=4k,kp=0,0.9409,4
128,n<=8,sr>70%,kvB<=64k,kp<=16k,0.9523,4
128,n<=8,sr>70%,kvB<=64k,kp<=1k,1.007,4
128,n<=8,sr>70%,kvB<=64k,kp<=2k,0.9851,4
128,n<=8,sr>70%,kvB<=64k,kp<=32k,0.9785,4
128,n<=8,sr>70%,kvB<=64k,kp<=4k,1.045,4
128,n<=8,sr>70%,kvB<=64k,kp<=512,1.0139,4
128,n<=8,sr>70%,kvB<=64k,kp<=64k,0.9845,4
128,n<=8,sr>70%,kvB<=64k,kp<=8k,1.1042,4
128,n<=8,sr>70%,kvB<=64k,kp=0,0.9925,4
256,n<=16,sr<=15%,kvB<=16k,kp<=16k,-0.0081,4
256,n<=16,sr<=15%,kvB<=16k,kp<=1k,0.2885,4
256,n<=16,sr<=15%,kvB<=16k,kp<=2k,0.2791,4
256,n<=16,sr<=15%,kvB<=16k,kp<=32k,0.0421,4
256,n<=16,sr<=15%,kvB<=16k,kp<=4k,0.2252,4
256,n<=16,sr<=15%,kvB<=16k,kp<=512,0.2855,4
256,n<=16,sr<=15%,kvB<=16k,kp<=64k,0.0261,4
256,n<=16,sr<=15%,kvB<=16k,kp<=8k,0.1741,4
256,n<=16,sr<=15%,kvB<=16k,kp=0,0.2871,4
256,n<=16,sr<=15%,kvB<=1k,kp<=16k,0.0853,4
256,n<=16,sr<=15%,kvB<=1k,kp<=1k,0.0507,4
256,n<=16,sr<=15%,kvB<=1k,kp<=2k,0.0772,4
256,n<=16,sr<=15%,kvB<=1k,kp<=32k,0.0138,4
256,n<=16,sr<=15%,kvB<=1k,kp<=4k,0.0935,4
256,n<=16,sr<=15%,kvB<=1k,kp<=512,0.1893,4
256,n<=16,sr<=15%,kvB<=1k,kp<=64k,-0.0277,4
256,n<=16,sr<=15%,kvB<=1k,kp<=8k,0.0968,4
256,n<=16,sr<=15%,kvB<=1k,kp=0,0.3126,4
256,n<=16,sr<=15%,kvB<=4k,kp<=16k,0.0522,4
256,n<=16,sr<=15%,kvB<=4k,kp<=1k,0.2468,4
256,n<=16,sr<=15%,kvB<=4k,kp<=2k,0.1938,4
256,n<=16,sr<=15%,kvB<=4k,kp<=32k,0.042,4
256,n<=16,sr<=15%,kvB<=4k,kp<=4k,0.0194,4
256,n<=16,sr<=15%,kvB<=4k,kp<=512,0.2742,4
256,n<=16,sr<=15%,kvB<=4k,kp<=64k,0.0729,4
256,n<=16,sr<=15%,kvB<=4k,kp<=8k,0.0781,4
256,n<=16,sr<=15%,kvB<=4k,kp=0,0.3066,4
256,n<=16,sr<=15%,kvB<=64k,kp<=16k,0.1852,4
256,n<=16,sr<=15%,kvB<=64k,kp<=1k,0.2972,4
256,n<=16,sr<=15%,kvB<=64k,kp<=2k,0.2952,4
256,n<=16,sr<=15%,kvB<=64k,kp<=32k,0.1648,4
256,n<=16,sr<=15%,kvB<=64k,kp<=4k,0.2892,4
256,n<=16,sr<=15%,kvB<=64k,kp<=512,0.2968,4
256,n<=16,sr<=15%,kvB<=64k,kp<=64k,0.0042,4
256,n<=16,sr<=15%,kvB<=64k,kp<=8k,0.2206,4
256,n<=16,sr<=15%,kvB<=64k,kp=0,0.2924,4
256,n<=16,sr<=40%,kvB<=16k,kp<=16k,-0.0046,4
256,n<=16,sr<=40%,kvB<=16k,kp<=1k,0.2702,4
256,n<=16,sr<=40%,kvB<=16k,kp<=2k,0.2856,4
256,n<=16,sr<=40%,kvB<=16k,kp<=32k,0.09,4
256,n<=16,sr<=40%,kvB<=16k,kp<=4k,0.2318,4
256,n<=16,sr<=40%,kvB<=16k,kp<=512,0.2686,4
256,n<=16,sr<=40%,kvB<=16k,kp<=64k,0.0538,4
256,n<=16,sr<=40%,kvB<=16k,kp<=8k,0.1278,4
256,n<=16,sr<=40%,kvB<=16k,kp=0,0.261,4
256,n<=16,sr<=40%,kvB<=1k,kp<=16k,0.076,4
256,n<=16,sr<=40%,kvB<=1k,kp<=1k,0.1037,4
256,n<=16,sr<=40%,kvB<=1k,kp<=2k,0.1341,4
256,n<=16,sr<=40%,kvB<=1k,kp<=32k,0.1365,4
256,n<=16,sr<=40%,kvB<=1k,kp<=4k,0.1318,4
256,n<=16,sr<=40%,kvB<=1k,kp<=512,0.1759,4
256,n<=16,sr<=40%,kvB<=1k,kp<=64k,-0.0194,4
256,n<=16,sr<=40%,kvB<=1k,kp<=8k,0.1278,4
256,n<=16,sr<=40%,kvB<=1k,kp=0,0.3073,4
256,n<=16,sr<=40%,kvB<=4k,kp<=16k,0.0747,4
256,n<=16,sr<=40%,kvB<=4k,kp<=1k,0.2405,4
256,n<=16,sr<=40%,kvB<=4k,kp<=2k,0.1666,4
256,n<=16,sr<=40%,kvB<=4k,kp<=32k,0.0676,4
256,n<=16,sr<=40%,kvB<=4k,kp<=4k,0.0328,4
256,n<=16,sr<=40%,kvB<=4k,kp<=512,0.2784,4
256,n<=16,sr<=40%,kvB<=4k,kp<=64k,0.0968,4
256,n<=16,sr<=40%,kvB<=4k,kp<=8k,0.0786,4
256,n<=16,sr<=40%,kvB<=4k,kp=0,0.2975,4
256,n<=16,sr<=40%,kvB<=64k,kp<=16k,0.1593,4
256,n<=16,sr<=40%,kvB<=64k,kp<=1k,0.2696,4
256,n<=16,sr<=40%,kvB<=64k,kp<=2k,0.273,4
256,n<=16,sr<=40%,kvB<=64k,kp<=32k,0.134,4
256,n<=16,sr<=40%,kvB<=64k,kp<=4k,0.2854,4
256,n<=16,sr<=40%,kvB<=64k,kp<=512,0.266,4
256,n<=16,sr<=40%,kvB<=64k,kp<=64k,0.008,4
256,n<=16,sr<=40%,kvB<=64k,kp<=8k,0.1992,4
256,n<=16,sr<=40%,kvB<=64k,kp=0,0.2664,4
256,n<=16,sr<=70%,kvB<=16k,kp<=16k,0.0768,2
256,n<=16,sr<=70%,kvB<=16k,kp<=1k,0.2539,2
256,n<=16,sr<=70%,kvB<=16k,kp<=2k,0.2452,2
256,n<=16,sr<=70%,kvB<=16k,kp<=32k,-0.0783,2
256,n<=16,sr<=70%,kvB<=16k,kp<=4k,0.2289,2
256,n<=16,sr<=70%,kvB<=16k,kp<=512,0.2764,2
256,n<=16,sr<=70%,kvB<=16k,kp<=64k,0.1134,2
256,n<=16,sr<=70%,kvB<=16k,kp<=8k,0.0656,2
256,n<=16,sr<=70%,kvB<=16k,kp=0,0.271,2
256,n<=16,sr<=70%,kvB<=1k,kp<=16k,0.1593,2
256,n<=16,sr<=70%,kvB<=1k,kp<=1k,0.0273,2
256,n<=16,sr<=70%,kvB<=1k,kp<=2k,-0.041,2
256,n<=16,sr<=70%,kvB<=1k,kp<=32k,0.0315,2
256,n<=16,sr<=70%,kvB<=1k,kp<=4k,0.217,2
256,n<=16,sr<=70%,kvB<=1k,kp<=512,0.1823,2
256,n<=16,sr<=70%,kvB<=1k,kp<=64k,-0.0087,2
256,n<=16,sr<=70%,kvB<=1k,kp<=8k,0.176,2
256,n<=16,sr<=70%,kvB<=1k,kp=0,0.3029,2
256,n<=16,sr<=70%,kvB<=4k,kp<=16k,0.1712,2
256,n<=16,sr<=70%,kvB<=4k,kp<=1k,0.2486,2
256,n<=16,sr<=70%,kvB<=4k,kp<=2k,0.1002,2
256,n<=16,sr<=70%,kvB<=4k,kp<=32k,0.2055,2
256,n<=16,sr<=70%,kvB<=4k,kp<=4k,0.0325,2
256,n<=16,sr<=70%,kvB<=4k,kp<=512,0.2675,2
256,n<=16,sr<=70%,kvB<=4k,kp<=64k,0.1523,2
256,n<=16,sr<=70%,kvB<=4k,kp<=8k,-0.0739,2
256,n<=16,sr<=70%,kvB<=4k,kp=0,0.2779,2
256,n<=16,sr<=70%,kvB<=64k,kp<=16k,0.1712,2
256,n<=16,sr<=70%,kvB<=64k,kp<=1k,0.3687,2
256,n<=16,sr<=70%,kvB<=64k,kp<=2k,0.3683,2
256,n<=16,sr<=70%,kvB<=64k,kp<=32k,0.0588,2
256,n<=16,sr<=70%,kvB<=64k,kp<=4k,0.4551,2
256,n<=16,sr<=70%,kvB<=64k,kp<=512,0.3756,2
256,n<=16,sr<=70%,kvB<=64k,kp<=64k,0.2084,2
256,n<=16,sr<=70%,kvB<=64k,kp<=8k,0.3618,2
256,n<=16,sr<=70%,kvB<=64k,kp=0,0.3773,2
256,n<=16,sr>70%,kvB<=16k,kp<=16k,-0.1121,4
256,n<=16,sr>70%,kvB<=16k,kp<=1k,0.9045,4
256,n<=16,sr>70%,kvB<=16k,kp<=2k,0.7666,4
256,n<=16,sr>70%,kvB<=16k,kp<=32k,0.5089,4
256,n<=16,sr>70%,kvB<=16k,kp<=4k,0.5017,4
256,n<=16,sr>70%,kvB<=16k,kp<=512,0.9024,4
256,n<=16,sr>70%,kvB<=16k,kp<=64k,0.3939,4
256,n<=16,sr>70%,kvB<=16k,kp<=8k,-0.018,4
256,n<=16,sr>70%,kvB<=16k,kp=0,0.9163,4
256,n<=16,sr>70%,kvB<=1k,kp<=16k,0.613,4
256,n<=16,sr>70%,kvB<=1k,kp<=1k,0.2005,4
256,n<=16,sr>70%,kvB<=1k,kp<=2k,0.4851,4
256,n<=16,sr>70%,kvB<=1k,kp<=32k,0.4725,4
256,n<=16,sr>70%,kvB<=1k,kp<=4k,0.3824,4
256,n<=16,sr>70%,kvB<=1k,kp<=512,0.3004,4
256,n<=16,sr>70%,kvB<=1k,kp<=64k,0.5573,4
256,n<=16,sr>70%,kvB<=1k,kp<=8k,0.5456,4
256,n<=16,sr>70%,kvB<=1k,kp=0,0.4697,4
256,n<=16,sr>70%,kvB<=4k,kp<=16k,0.5055,4
256,n<=16,sr>70%,kvB<=4k,kp<=1k,0.4183,4
256,n<=16,sr>70%,kvB<=4k,kp<=2k,0.0591,4
256,n<=16,sr>70%,kvB<=4k,kp<=32k,0.4699,4
256,n<=16,sr>70%,kvB<=4k,kp<=4k,-0.0119,4
256,n<=16,sr>70%,kvB<=4k,kp<=512,0.5707,4
256,n<=16,sr>70%,kvB<=4k,kp<=64k,0.4348,4
256,n<=16,sr>70%,kvB<=4k,kp<=8k,0.6561,4
256,n<=16,sr>70%,kvB<=4k,kp=0,0.7984,4
256,n<=16,sr>70%,kvB<=64k,kp<=16k,0.4529,4
256,n<=16,sr>70%,kvB<=64k,kp<=1k,1.2904,4
256,n<=16,sr>70%,kvB<=64k,kp<=2k,1.3,4
256,n<=16,sr>70%,kvB<=64k,kp<=32k,0.4174,4
256,n<=16,sr>70%,kvB<=64k,kp<=4k,1.5426,4
256,n<=16,sr>70%,kvB<=64k,kp<=512,1.2426,4
256,n<=16,sr>70%,kvB<=64k,kp<=64k,0.7129,4
256,n<=16,sr>70%,kvB<=64k,kp<=8k,1.0846,4
256,n<=16,sr>70%,kvB<=64k,kp=0,1.2329,4
256,n<=2,sr<=70%,kvB<=16k,kp<=16k,-0.9114,2
256,n<=2,sr<=70%,kvB<=16k,kp<=1k,0.9923,2
256,n<=2,sr<=70%,kvB<=16k,kp<=2k,0.9829,2
256,n<=2,sr<=70%,kvB<=16k,kp<=32k,-0.9003,2
256,n<=2,sr<=70%,kvB<=16k,kp<=4k,0.8415,2
256,n<=2,sr<=70%,kvB<=16k,kp<=512,1.0016,2
256,n<=2,sr<=70%,kvB<=16k,kp<=64k,-0.8678,2
256,n<=2,sr<=70%,kvB<=16k,kp<=8k,-0.0133,2
256,n<=2,sr<=70%,kvB<=16k,kp=0,0.962,2
256,n<=2,sr<=70%,kvB<=1k,kp<=16k,-0.4233,2
256,n<=2,sr<=70%,kvB<=1k,kp<=1k,-0.8371,2
256,n<=2,sr<=70%,kvB<=1k,kp<=2k,-0.8297,2
256,n<=2,sr<=70%,kvB<=1k,kp<=4k,-0.68,2
256,n<=2,sr<=70%,kvB<=1k,kp<=512,-0.006,2
256,n<=2,sr<=70%,kvB<=1k,kp<=64k,0.1573,2
256,n<=2,sr<=70%,kvB<=1k,kp<=8k,-0.7175,2
256,n<=2,sr<=70%,kvB<=1k,kp=0,0.9567,2
256,n<=2,sr<=70%,kvB<=4k,kp<=16k,-0.9839,2
256,n<=2,sr<=70%,kvB<=4k,kp<=1k,0.8126,2
256,n<=2,sr<=70%,kvB<=4k,kp<=2k,-0.0133,2
256,n<=2,sr<=70%,kvB<=4k,kp<=32k,-0.5673,2
256,n<=2,sr<=70%,kvB<=4k,kp<=4k,-0.9422,2
256,n<=2,sr<=70%,kvB<=4k,kp<=512,0.9606,2
256,n<=2,sr<=70%,kvB<=4k,kp<=64k,0.0796,1
256,n<=2,sr<=70%,kvB<=4k,kp<=8k,-0.9275,2
256,n<=2,sr<=70%,kvB<=4k,kp=0,0.9649,2
256,n<=2,sr<=70%,kvB<=64k,kp<=16k,0.745,2
256,n<=2,sr<=70%,kvB<=64k,kp<=1k,0.9804,2
256,n<=2,sr<=70%,kvB<=64k,kp<=2k,1.0038,2
256,n<=2,sr<=70%,kvB<=64k,kp<=32k,-0.0439,2
256,n<=2,sr<=70%,kvB<=64k,kp<=4k,0.9884,2
256,n<=2,sr<=70%,kvB<=64k,kp<=512,1.0175,2
256,n<=2,sr<=70%,kvB<=64k,kp<=64k,-0.9224,2
256,n<=2,sr<=70%,kvB<=64k,kp<=8k,0.9841,2
256,n<=2,sr<=70%,kvB<=64k,kp=0,1.0007,2
256,n<=32,sr<=15%,kvB<=16k,kp<=16k,-0.0172,6
256,n<=32,sr<=15%,kvB<=16k,kp<=1k,0.1111,6
256,n<=32,sr<=15%,kvB<=16k,kp<=2k,0.1182,6
256,n<=32,sr<=15%,kvB<=16k,kp<=32k,-0.0365,6
256,n<=32,sr<=15%,kvB<=16k,kp<=4k,0.091,6
256,n<=32,sr<=15%,kvB<=16k,kp<=512,0.1045,6
256,n<=32,sr<=15%,kvB<=16k,kp<=64k,-0.0241,6
256,n<=32,sr<=15%,kvB<=16k,kp<=8k,0.0668,6
256,n<=32,sr<=15%,kvB<=16k,kp=0,0.0945,6
256,n<=32,sr<=15%,kvB<=1k,kp<=16k,0.0654,6
256,n<=32,sr<=15%,kvB<=1k,kp<=1k,0.0626,6
256,n<=32,sr<=15%,kvB<=1k,kp<=2k,0.058,6
256,n<=32,sr<=15%,kvB<=1k,kp<=32k,0.0963,6
256,n<=32,sr<=15%,kvB<=1k,kp<=4k,0.0764,6
256,n<=32,sr<=15%,kvB<=1k,kp<=512,0.1219,6
256,n<=32,sr<=15%,kvB<=1k,kp<=64k,0.092,6
256,n<=32,sr<=15%,kvB<=1k,kp<=8k,0.08,6
256,n<=32,sr<=15%,kvB<=1k,kp=0,0.185,6
256,n<=32,sr<=15%,kvB<=4k,kp<=16k,0.0169,6
256,n<=32,sr<=15%,kvB<=4k,kp<=1k,0.1201,6
256,n<=32,sr<=15%,kvB<=4k,kp<=2k,0.0873,6
256,n<=32,sr<=15%,kvB<=4k,kp<=32k,0.0053,6
256,n<=32,sr<=15%,kvB<=4k,kp<=4k,-0.0016,6
256,n<=32,sr<=15%,kvB<=4k,kp<=512,0.1398,6
256,n<=32,sr<=15%,kvB<=4k,kp<=64k,0.0161,6
256,n<=32,sr<=15%,kvB<=4k,kp<=8k,0.0147,6
256,n<=32,sr<=15%,kvB<=4k,kp=0,0.1371,6
256,n<=32,sr<=15%,kvB<=64k,kp<=16k,0.0568,6
256,n<=32,sr<=15%,kvB<=64k,kp<=1k,0.1125,6
256,n<=32,sr<=15%,kvB<=64k,kp<=2k,0.1228,6
256,n<=32,sr<=15%,kvB<=64k,kp<=32k,0.0215,6
256,n<=32,sr<=15%,kvB<=64k,kp<=4k,0.1446,6
256,n<=32,sr<=15%,kvB<=64k,kp<=512,0.112,6
256,n<=32,sr<=15%,kvB<=64k,kp<=64k,-0.0596,6
256,n<=32,sr<=15%,kvB<=64k,kp<=8k,0.1003,6
256,n<=32,sr<=15%,kvB<=64k,kp=0,0.1106,6
256,n<=32,sr<=40%,kvB<=16k,kp<=16k,0.0395,2
256,n<=32,sr<=40%,kvB<=16k,kp<=1k,0.1273,2
256,n<=32,sr<=40%,kvB<=16k,kp<=2k,0.1252,2
256,n<=32,sr<=40%,kvB<=16k,kp<=32k,0.0564,2
256,n<=32,sr<=40%,kvB<=16k,kp<=4k,0.1185,2
256,n<=32,sr<=40%,kvB<=16k,kp<=512,0.136,2
256,n<=32,sr<=40%,kvB<=16k,kp<=64k,0.0193,2
256,n<=32,sr<=40%,kvB<=16k,kp<=8k,0.0577,2
256,n<=32,sr<=40%,kvB<=16k,kp=0,0.1316,2
256,n<=32,sr<=40%,kvB<=1k,kp<=16k,0.0948,2
256,n<=32,sr<=40%,kvB<=1k,kp<=1k,0.0969,2
256,n<=32,sr<=40%,kvB<=1k,kp<=2k,0.1063,2
256,n<=32,sr<=40%,kvB<=1k,kp<=32k,0.125,2
256,n<=32,sr<=40%,kvB<=1k,kp<=4k,0.1384,2
256,n<=32,sr<=40%,kvB<=1k,kp<=512,0.15,2
256,n<=32,sr<=40%,kvB<=1k,kp<=64k,0.0392,2
256,n<=32,sr<=40%,kvB<=1k,kp<=8k,0.1335,2
256,n<=32,sr<=40%,kvB<=1k,kp=0,0.2086,2
256,n<=32,sr<=40%,kvB<=4k,kp<=16k,0.0259,2
256,n<=32,sr<=40%,kvB<=4k,kp<=1k,0.1106,2
256,n<=32,sr<=40%,kvB<=4k,kp<=2k,0.0693,2
256,n<=32,sr<=40%,kvB<=4k,kp<=32k,-0.0213,2
256,n<=32,sr<=40%,kvB<=4k,kp<=4k,-0.0156,2
256,n<=32,sr<=40%,kvB<=4k,kp<=512,0.116,2
256,n<=32,sr<=40%,kvB<=4k,kp<=64k,0.0012,2
256,n<=32,sr<=40%,kvB<=4k,kp<=8k,-0.0195,2
256,n<=32,sr<=40%,kvB<=4k,kp=0,0.1002,2
256,n<=32,sr<=40%,kvB<=64k,kp<=16k,0.0431,2
256,n<=32,sr<=40%,kvB<=64k,kp<=1k,0.287,2
256,n<=32,sr<=40%,kvB<=64k,kp<=2k,0.3292,2
256,n<=32,sr<=40%,kvB<=64k,kp<=32k,0.1253,2
256,n<=32,sr<=40%,kvB<=64k,kp<=4k,0.3201,2
256,n<=32,sr<=40%,kvB<=64k,kp<=512,0.2709,2
256,n<=32,sr<=40%,kvB<=64k,kp<=64k,0.0322,2
256,n<=32,sr<=40%,kvB<=64k,kp<=8k,0.1672,2
256,n<=32,sr<=40%,kvB<=64k,kp=0,0.2974,2
256,n<=32,sr<=5%,kvB<=16k,kp<=16k,-0.0216,2
256,n<=32,sr<=5%,kvB<=16k,kp<=1k,0.1316,2
256,n<=32,sr<=5%,kvB<=16k,kp<=2k,0.1333,2
256,n<=32,sr<=5%,kvB<=16k,kp<=32k,0.0014,2
256,n<=32,sr<=5%,kvB<=16k,kp<=4k,0.0861,2
256,n<=32,sr<=5%,kvB<=16k,kp<=512,0.125,2
256,n<=32,sr<=5%,kvB<=16k,kp<=64k,0.0039,2
256,n<=32,sr<=5%,kvB<=16k,kp<=8k,0.0504,2
256,n<=32,sr<=5%,kvB<=16k,kp=0,0.1214,2
256,n<=32,sr<=5%,kvB<=1k,kp<=16k,0.0264,2
256,n<=32,sr<=5%,kvB<=1k,kp<=1k,0.0126,2
256,n<=32,sr<=5%,kvB<=1k,kp<=2k,0.0102,2
256,n<=32,sr<=5%,kvB<=1k,kp<=32k,0.048,2
256,n<=32,sr<=5%,kvB<=1k,kp<=4k,0.0071,2
256,n<=32,sr<=5%,kvB<=1k,kp<=512,0.0616,2
256,n<=32,sr<=5%,kvB<=1k,kp<=64k,-0.0118,2
256,n<=32,sr<=5%,kvB<=1k,kp<=8k,0.0185,2
256,n<=32,sr<=5%,kvB<=1k,kp=0,0.1455,2
256,n<=32,sr<=5%,kvB<=4k,kp<=16k,0.0308,2
256,n<=32,sr<=5%,kvB<=4k,kp<=1k,0.1479,2
256,n<=32,sr<=5%,kvB<=4k,kp<=2k,0.0925,2
256,n<=32,sr<=5%,kvB<=4k,kp<=32k,0.0146,2
256,n<=32,sr<=5%,kvB<=4k,kp<=4k,0.0081,2
256,n<=32,sr<=5%,kvB<=4k,kp<=512,0.1613,2
256,n<=32,sr<=5%,kvB<=4k,kp<=64k,0.0362,2
256,n<=32,sr<=5%,kvB<=4k,kp<=8k,0.0311,2
256,n<=32,sr<=5%,kvB<=4k,kp=0,0.1539,2
256,n<=32,sr<=5%,kvB<=64k,kp<=16k,0.068,2
256,n<=32,sr<=5%,kvB<=64k,kp<=1k,0.1221,2
256,n<=32,sr<=5%,kvB<=64k,kp<=2k,0.1178,2
256,n<=32,sr<=5%,kvB<=64k,kp<=32k,0.0477,2
256,n<=32,sr<=5%,kvB<=64k,kp<=4k,0.1121,2
256,n<=32,sr<=5%,kvB<=64k,kp<=512,0.1186,2
256,n<=32,sr<=5%,kvB<=64k,kp<=64k,-0.0527,2
256,n<=32,sr<=5%,kvB<=64k,kp<=8k,0.0773,2
256,n<=32,sr<=5%,kvB<=64k,kp=0,0.1203,2
256,n<=32,sr<=70%,kvB<=16k,kp<=16k,0.0097,2
256,n<=32,sr<=70%,kvB<=16k,kp<=1k,0.3371,2
256,n<=32,sr<=70%,kvB<=16k,kp<=2k,0.2727,2
256,n<=32,sr<=70%,kvB<=16k,kp<=32k,0.1948,2
256,n<=32,sr<=70%,kvB<=16k,kp<=4k,0.0476,2
256,n<=32,sr<=70%,kvB<=16k,kp<=512,0.3604,2
256,n<=32,sr<=70%,kvB<=16k,kp<=64k,0.06,2
256,n<=32,sr<=70%,kvB<=16k,kp<=8k,0.195,2
256,n<=32,sr<=70%,kvB<=16k,kp=0,0.3712,2
256,n<=32,sr<=70%,kvB<=1k,kp<=16k,0.0693,2
256,n<=32,sr<=70%,kvB<=1k,kp<=1k,0.0032,2
256,n<=32,sr<=70%,kvB<=1k,kp<=2k,0.0224,2
256,n<=32,sr<=70%,kvB<=1k,kp<=32k,0.0852,2
256,n<=32,sr<=70%,kvB<=1k,kp<=4k,0.0908,2
256,n<=32,sr<=70%,kvB<=1k,kp<=512,0.069,2
256,n<=32,sr<=70%,kvB<=1k,kp<=64k,-0.034,2
256,n<=32,sr<=70%,kvB<=1k,kp<=8k,0.0766,2
256,n<=32,sr<=70%,kvB<=1k,kp=0,0.1623,2
256,n<=32,sr<=70%,kvB<=4k,kp<=16k,-0.0625,2
256,n<=32,sr<=70%,kvB<=4k,kp<=1k,0.1116,2
256,n<=32,sr<=70%,kvB<=4k,kp<=2k,0.0166,2
256,n<=32,sr<=70%,kvB<=4k,kp<=32k,-0.0299,2
256,n<=32,sr<=70%,kvB<=4k,kp<=4k,-0.0714,2
256,n<=32,sr<=70%,kvB<=4k,kp<=512,0.1076,2
256,n<=32,sr<=70%,kvB<=4k,kp<=64k,-0.0243,2
256,n<=32,sr<=70%,kvB<=4k,kp<=8k,-0.0969,2
256,n<=32,sr<=70%,kvB<=4k,kp=0,0.087,2
256,n<=32,sr<=70%,kvB<=64k,kp<=16k,0.0844,2
256,n<=32,sr<=70%,kvB<=64k,kp<=1k,0.8501,2
256,n<=32,sr<=70%,kvB<=64k,kp<=2k,0.9642,2
256,n<=32,sr<=70%,kvB<=64k,kp<=32k,0.2178,2
256,n<=32,sr<=70%,kvB<=64k,kp<=4k,0.6461,2
256,n<=32,sr<=70%,kvB<=64k,kp<=512,0.8748,2
256,n<=32,sr<=70%,kvB<=64k,kp<=64k,0.0055,2
256,n<=32,sr<=70%,kvB<=64k,kp<=8k,0.4108,2
256,n<=32,sr<=70%,kvB<=64k,kp=0,0.8517,2
256,n<=32,sr>70%,kvB<=16k,kp<=16k,1.4836,4
256,n<=32,sr>70%,kvB<=16k,kp<=1k,1.3105,4
256,n<=32,sr>70%,kvB<=16k,kp<=2k,1.0036,4
256,n<=32,sr>70%,kvB<=16k,kp<=32k,0.7889,4
256,n<=32,sr>70%,kvB<=16k,kp<=4k,0.6905,4
256,n<=32,sr>70%,kvB<=16k,kp<=512,1.2991,4
256,n<=32,sr>70%,kvB<=16k,kp<=64k,1.3679,4
256,n<=32,sr>70%,kvB<=16k,kp<=8k,0.9759,4
256,n<=32,sr>70%,kvB<=16k,kp=0,1.4133,4
256,n<=32,sr>70%,kvB<=1k,kp<=16k,0.3029,4
256,n<=32,sr>70%,kvB<=1k,kp<=1k,0.196,4
256,n<=32,sr>70%,kvB<=1k,kp<=2k,0.276,4
256,n<=32,sr>70%,kvB<=1k,kp<=32k,0.0717,4
256,n<=32,sr>70%,kvB<=1k,kp<=4k,0.2249,4
256,n<=32,sr>70%,kvB<=1k,kp<=512,0.2108,4
256,n<=32,sr>70%,kvB<=1k,kp<=64k,0.4005,4
256,n<=32,sr>70%,kvB<=1k,kp<=8k,0.3313,4
256,n<=32,sr>70%,kvB<=1k,kp=0,0.374,4
256,n<=32,sr>70%,kvB<=4k,kp<=16k,0.1,4
256,n<=32,sr>70%,kvB<=4k,kp<=1k,0.2411,4
256,n<=32,sr>70%,kvB<=4k,kp<=2k,0.0889,4
256,n<=32,sr>70%,kvB<=4k,kp<=32k,0.0201,4
256,n<=32,sr>70%,kvB<=4k,kp<=4k,-0.1213,4
256,n<=32,sr>70%,kvB<=4k,kp<=512,0.1759,4
256,n<=32,sr>70%,kvB<=4k,kp<=64k,-0.0414,4
256,n<=32,sr>70%,kvB<=4k,kp<=8k,0.1201,4
256,n<=32,sr>70%,kvB<=4k,kp=0,0.045,4
256,n<=32,sr>70%,kvB<=64k,kp<=16k,0.4127,4
256,n<=32,sr>70%,kvB<=64k,kp<=1k,2.2639,4
256,n<=32,sr>70%,kvB<=64k,kp<=2k,2.089,4
256,n<=32,sr>70%,kvB<=64k,kp<=32k,1.607,3
256,n<=32,sr>70%,kvB<=64k,kp<=4k,1.1399,4
256,n<=32,sr>70%,kvB<=64k,kp<=512,2.193,4
256,n<=32,sr>70%,kvB<=64k,kp<=64k,23.842,2
256,n<=32,sr>70%,kvB<=64k,kp<=8k,1.0028,4
256,n<=32,sr>70%,kvB<=64k,kp=0,2.1786,4
256,n<=4,sr<=40%,kvB<=16k,kp<=16k,-0.2929,2
256,n<=4,sr<=40%,kvB<=16k,kp<=1k,0.9653,2
256,n<=4,sr<=40%,kvB<=16k,kp<=2k,0.9591,2
256,n<=4,sr<=40%,kvB<=16k,kp<=32k,-0.296,2
256,n<=4,sr<=40%,kvB<=16k,kp<=4k,0.8644,2
256,n<=4,sr<=40%,kvB<=16k,kp<=512,0.9697,2
256,n<=4,sr<=40%,kvB<=16k,kp<=64k,-0.2903,2
256,n<=4,sr<=40%,kvB<=16k,kp<=8k,0.3173,2
256,n<=4,sr<=40%,kvB<=16k,kp=0,0.9676,2
256,n<=4,sr<=40%,kvB<=1k,kp<=16k,-0.2621,2
256,n<=4,sr<=40%,kvB<=1k,kp<=1k,-0.1145,2
256,n<=4,sr<=40%,kvB<=1k,kp<=2k,-0.1063,2
256,n<=4,sr<=40%,kvB<=1k,kp<=32k,-412.7241,1
256,n<=4,sr<=40%,kvB<=1k,kp<=4k,-0.1406,2
256,n<=4,sr<=40%,kvB<=1k,kp<=512,0.32,2
256,n<=4,sr<=40%,kvB<=1k,kp<=64k,1.1708,2
256,n<=4,sr<=40%,kvB<=1k,kp<=8k,-0.1244,2
256,n<=4,sr<=40%,kvB<=1k,kp=0,0.8777,2
256,n<=4,sr<=40%,kvB<=4k,kp<=16k,-0.2849,2
256,n<=4,sr<=40%,kvB<=4k,kp<=1k,0.7933,2
256,n<=4,sr<=40%,kvB<=4k,kp<=2k,0.3155,2
256,n<=4,sr<=40%,kvB<=4k,kp<=32k,-0.1208,2
256,n<=4,sr<=40%,kvB<=4k,kp<=4k,-0.2732,2
256,n<=4,sr<=40%,kvB<=4k,kp<=512,0.9064,2
256,n<=4,sr<=40%,kvB<=4k,kp<=64k,0.0005,2
256,n<=4,sr<=40%,kvB<=4k,kp<=8k,-0.3093,2
256,n<=4,sr<=40%,kvB<=4k,kp=0,0.932,2
256,n<=4,sr<=40%,kvB<=64k,kp<=16k,0.8214,2
256,n<=4,sr<=40%,kvB<=64k,kp<=1k,0.9873,2
256,n<=4,sr<=40%,kvB<=64k,kp<=2k,0.988,2
256,n<=4,sr<=40%,kvB<=64k,kp<=32k,0.3062,2
256,n<=4,sr<=40%,kvB<=64k,kp<=4k,0.9623,2
256,n<=4,sr<=40%,kvB<=64k,kp<=512,0.9886,2
256,n<=4,sr<=40%,kvB<=64k,kp<=64k,-0.3072,2
256,n<=4,sr<=40%,kvB<=64k,kp<=8k,0.9449,2
256,n<=4,sr<=40%,kvB<=64k,kp=0,0.9764,2
256,n<=4,sr<=70%,kvB<=16k,kp<=16k,0.8234,2
256,n<=4,sr<=70%,kvB<=16k,kp<=1k,0.9658,2
256,n<=4,sr<=70%,kvB<=16k,kp<=2k,0.962,2
256,n<=4,sr<=70%,kvB<=16k,kp<=32k,0.801,2
256,n<=4,sr<=70%,kvB<=16k,kp<=4k,0.9587,2
256,n<=4,sr<=70%,kvB<=16k,kp<=512,0.9823,2
256,n<=4,sr<=70%,kvB<=16k,kp<=64k,0.7969,2
256,n<=4,sr<=70%,kvB<=16k,kp<=8k,0.871,2
256,n<=4,sr<=70%,kvB<=16k,kp=0,0.9624,2
256,n<=4,sr<=70%,kvB<=1k,kp<=16k,0.3809,2
256,n<=4,sr<=70%,kvB<=1k,kp<=1k,0.7736,2
256,n<=4,sr<=70%,kvB<=1k,kp<=2k,0.7217,2
256,n<=4,sr<=70%,kvB<=1k,kp<=32k,1.3188,2
256,n<=4,sr<=70%,kvB<=1k,kp<=4k,0.688,2
256,n<=4,sr<=70%,kvB<=1k,kp<=512,0.6241,2
256,n<=4,sr<=70%,kvB<=1k,kp<=64k,-0.3045,1
256,n<=4,sr<=70%,kvB<=1k,kp<=8k,0.4892,2
256,n<=4,sr<=70%,kvB<=1k,kp=0,0.8999,2
256,n<=4,sr<=70%,kvB<=4k,kp<=16k,0.757,2
256,n<=4,sr<=70%,kvB<=4k,kp<=1k,0.8513,2
256,n<=4,sr<=70%,kvB<=4k,kp<=2k,0.8699,2
256,n<=4,sr<=70%,kvB<=4k,kp<=32k,0.6519,2
256,n<=4,sr<=70%,kvB<=4k,kp<=4k,0.9141,2
256,n<=4,sr<=70%,kvB<=4k,kp<=512,0.868,2
256,n<=4,sr<=70%,kvB<=4k,kp<=64k,0.4617,1
256,n<=4,sr<=70%,kvB<=4k,kp<=8k,0.8902,2
256,n<=4,sr<=70%,kvB<=4k,kp=0,0.9105,2
256,n<=4,sr<=70%,kvB<=64k,kp<=16k,0.9237,2
256,n<=4,sr<=70%,kvB<=64k,kp<=1k,0.9943,2
256,n<=4,sr<=70%,kvB<=64k,kp<=2k,0.9722,2
256,n<=4,sr<=70%,kvB<=64k,kp<=32k,0.8615,2
256,n<=4,sr<=70%,kvB<=64k,kp<=4k,0.9723,2
256,n<=4,sr<=70%,kvB<=64k,kp<=512,0.9858,2
256,n<=4,sr<=70%,kvB<=64k,kp<=64k,0.8988,2
256,n<=4,sr<=70%,kvB<=64k,kp<=8k,0.9307,2
256,n<=4,sr<=70%,kvB<=64k,kp=0,0.986,2
256,n<=4,sr>70%,kvB<=16k,kp<=16k,0.8154,2
256,n<=4,sr>70%,kvB<=16k,kp<=1k,0.929,2
256,n<=4,sr>70%,kvB<=16k,kp<=2k,0.9555,2
256,n<=4,sr>70%,kvB<=16k,kp<=32k,0.7914,2
256,n<=4,sr>70%,kvB<=16k,kp<=4k,0.9573,2
256,n<=4,sr>70%,kvB<=16k,kp<=512,0.9586,2
256,n<=4,sr>70%,kvB<=16k,kp<=64k,0.818,2
256,n<=4,sr>70%,kvB<=16k,kp<=8k,0.8183,2
256,n<=4,sr>70%,kvB<=16k,kp=0,0.9458,2
256,n<=4,sr>70%,kvB<=1k,kp<=16k,0.21,2
256,n<=4,sr>70%,kvB<=1k,kp<=1k,0.7711,2
256,n<=4,sr>70%,kvB<=1k,kp<=2k,0.8079,2
256,n<=4,sr>70%,kvB<=1k,kp<=32k,2.4922,1
256,n<=4,sr>70%,kvB<=1k,kp<=4k,0.8293,2
256,n<=4,sr>70%,kvB<=1k,kp<=512,0.7308,2
256,n<=4,sr>70%,kvB<=1k,kp<=64k,10.2297,1
256,n<=4,sr>70%,kvB<=1k,kp<=8k,0.713,2
256,n<=4,sr>70%,kvB<=1k,kp=0,0.9304,2
256,n<=4,sr>70%,kvB<=4k,kp<=16k,0.9778,2
256,n<=4,sr>70%,kvB<=4k,kp<=1k,0.8567,2
256,n<=4,sr>70%,kvB<=4k,kp<=2k,0.8331,2
256,n<=4,sr>70%,kvB<=4k,kp<=32k,1.3548,2
256,n<=4,sr>70%,kvB<=4k,kp<=4k,0.9032,2
256,n<=4,sr>70%,kvB<=4k,kp<=512,0.8921,2
256,n<=4,sr>70%,kvB<=4k,kp<=64k,1.0357,2
256,n<=4,sr>70%,kvB<=4k,kp<=8k,0.8499,2
256,n<=4,sr>70%,kvB<=4k,kp=0,0.9294,2
256,n<=4,sr>70%,kvB<=64k,kp<=16k,0.9151,2
256,n<=4,sr>70%,kvB<=64k,kp<=1k,0.9845,2
256,n<=4,sr>70%,kvB<=64k,kp<=2k,0.975,2
256,n<=4,sr>70%,kvB<=64k,kp<=32k,0.874,2
256,n<=4,sr>70%,kvB<=64k,kp<=4k,0.9652,2
256,n<=4,sr>70%,kvB<=64k,kp<=512,0.988,2
256,n<=4,sr>70%,kvB<=64k,kp<=64k,0.9754,2
256,n<=4,sr>70%,kvB<=64k,kp<=8k,0.8578,2
256,n<=4,sr>70%,kvB<=64k,kp=0,0.9757,2
256,n<=64,sr<=15%,kvB<=16k,kp<=16k,0.0294,4
256,n<=64,sr<=15%,kvB<=16k,kp<=1k,0.0657,4
256,n<=64,sr<=15%,kvB<=16k,kp<=2k,0.0438,4
256,n<=64,sr<=15%,kvB<=16k,kp<=32k,0.064,4
256,n<=64,sr<=15%,kvB<=16k,kp<=4k,0.0366,4
256,n<=64,sr<=15%,kvB<=16k,kp<=512,0.0648,4
256,n<=64,sr<=15%,kvB<=16k,kp<=64k,0.0826,4
256,n<=64,sr<=15%,kvB<=16k,kp<=8k,0.0516,4
256,n<=64,sr<=15%,kvB<=16k,kp=0,0.0619,4
256,n<=64,sr<=15%,kvB<=1k,kp<=16k,0.0777,4
256,n<=64,sr<=15%,kvB<=1k,kp<=1k,0.064,4
256,n<=64,sr<=15%,kvB<=1k,kp<=2k,0.0659,4
256,n<=64,sr<=15%,kvB<=1k,kp<=32k,0.0798,4
256,n<=64,sr<=15%,kvB<=1k,kp<=4k,0.0767,4
256,n<=64,sr<=15%,kvB<=1k,kp<=512,0.094,4
256,n<=64,sr<=15%,kvB<=1k,kp<=64k,0.0674,4
256,n<=64,sr<=15%,kvB<=1k,kp<=8k,0.0792,4
256,n<=64,sr<=15%,kvB<=1k,kp=0,0.1216,4
256,n<=64,sr<=15%,kvB<=4k,kp<=16k,0.0103,4
256,n<=64,sr<=15%,kvB<=4k,kp<=1k,0.0572,4
256,n<=64,sr<=15%,kvB<=4k,kp<=2k,0.0426,4
256,n<=64,sr<=15%,kvB<=4k,kp<=32k,0.0107,4
256,n<=64,sr<=15%,kvB<=4k,kp<=4k,0.0062,4
256,n<=64,sr<=15%,kvB<=4k,kp<=512,0.0575,4
256,n<=64,sr<=15%,kvB<=4k,kp<=64k,0.0116,4
256,n<=64,sr<=15%,kvB<=4k,kp<=8k,0.0094,4
256,n<=64,sr<=15%,kvB<=4k,kp=0,0.0592,4
256,n<=64,sr<=15%,kvB<=64k,kp<=16k,0.0408,4
256,n<=64,sr<=15%,kvB<=64k,kp<=1k,0.1269,4
256,n<=64,sr<=15%,kvB<=64k,kp<=2k,0.1309,4
256,n<=64,sr<=15%,kvB<=64k,kp<=32k,0.0327,4
256,n<=64,sr<=15%,kvB<=64k,kp<=4k,0.0847,4
256,n<=64,sr<=15%,kvB<=64k,kp<=512,0.1282,4
256,n<=64,sr<=15%,kvB<=64k,kp<=64k,0.0577,4
256,n<=64,sr<=15%,kvB<=64k,kp<=8k,0.0563,4
256,n<=64,sr<=15%,kvB<=64k,kp=0,0.1188,4
256,n<=64,sr<=40%,kvB<=16k,kp<=16k,0.2318,2
256,n<=64,sr<=40%,kvB<=16k,kp<=1k,0.1719,2
256,n<=64,sr<=40%,kvB<=16k,kp<=2k,0.1672,2
256,n<=64,sr<=40%,kvB<=16k,kp<=32k,0.2219,2
256,n<=64,sr<=40%,kvB<=16k,kp<=4k,0.1128,2
256,n<=64,sr<=40%,kvB<=16k,kp<=512,0.1766,2
256,n<=64,sr<=40%,kvB<=16k,kp<=64k,0.2872,2
256,n<=64,sr<=40%,kvB<=16k,kp<=8k,0.1026,2
256,n<=64,sr<=40%,kvB<=16k,kp=0,0.1779,2
256,n<=64,sr<=40%,kvB<=1k,kp<=16k,0.1267,2
256,n<=64,sr<=40%,kvB<=1k,kp<=1k,0.0932,2
256,n<=64,sr<=40%,kvB<=1k,kp<=2k,0.0956,2
256,n<=64,sr<=40%,kvB<=1k,kp<=32k,0.1219,2
256,n<=64,sr<=40%,kvB<=1k,kp<=4k,0.1014,2
256,n<=64,sr<=40%,kvB<=1k,kp<=512,0.1207,2
256,n<=64,sr<=40%,kvB<=1k,kp<=64k,0.1026,2
256,n<=64,sr<=40%,kvB<=1k,kp<=8k,0.1449,2
256,n<=64,sr<=40%,kvB<=1k,kp=0,0.1472,2
256,n<=64,sr<=40%,kvB<=4k,kp<=16k,-0.0053,2
256,n<=64,sr<=40%,kvB<=4k,kp<=1k,0.0416,2
256,n<=64,sr<=40%,kvB<=4k,kp<=2k,0.0363,2
256,n<=64,sr<=40%,kvB<=4k,kp<=32k,0.0131,2
256,n<=64,sr<=40%,kvB<=4k,kp<=4k,0.0058,2
256,n<=64,sr<=40%,kvB<=4k,kp<=512,0.0408,2
256,n<=64,sr<=40%,kvB<=4k,kp<=64k,-0.0182,2
256,n<=64,sr<=40%,kvB<=4k,kp<=8k,-0.0042,2
256,n<=64,sr<=40%,kvB<=4k,kp=0,0.0472,2
256,n<=64,sr<=40%,kvB<=64k,kp<=16k,0.1108,2
256,n<=64,sr<=40%,kvB<=64k,kp<=1k,0.2916,2
256,n<=64,sr<=40%,kvB<=64k,kp<=2k,0.3688,2
256,n<=64,sr<=40%,kvB<=64k,kp<=32k,0.1613,2
256,n<=64,sr<=40%,kvB<=64k,kp<=4k,0.1393,2
256,n<=64,sr<=40%,kvB<=64k,kp<=512,0.3008,2
256,n<=64,sr<=40%,kvB<=64k,kp<=64k,0.2325,2
256,n<=64,sr<=40%,kvB<=64k,kp<=8k,0.0949,2
256,n<=64,sr<=40%,kvB<=64k,kp=0,0.3323,2
256,n<=64,sr<=5%,kvB<=16k,kp<=16k,0.0011,6
256,n<=64,sr<=5%,kvB<=16k,kp<=1k,0.0519,6
256,n<=64,sr<=5%,kvB<=16k,kp<=2k,0.0436,6
256,n<=64,sr<=5%,kvB<=16k,kp<=32k,0.0384,6
256,n<=64,sr<=5%,kvB<=16k,kp<=4k,0.0241,6
256,n<=64,sr<=5%,kvB<=16k,kp<=512,0.0525,6
256,n<=64,sr<=5%,kvB<=16k,kp<=64k,0.024,6
256,n<=64,sr<=5%,kvB<=16k,kp<=8k,0.0268,6
256,n<=64,sr<=5%,kvB<=16k,kp=0,0.0538,6
256,n<=64,sr<=5%,kvB<=1k,kp<=16k,0.0198,6
256,n<=64,sr<=5%,kvB<=1k,kp<=1k,0.0146,6
256,n<=64,sr<=5%,kvB<=1k,kp<=2k,0.014,6
256,n<=64,sr<=5%,kvB<=1k,kp<=32k,0.0073,6
256,n<=64,sr<=5%,kvB<=1k,kp<=4k,0.0178,6
256,n<=64,sr<=5%,kvB<=1k,kp<=512,0.0463,6
256,n<=64,sr<=5%,kvB<=1k,kp<=64k,0.0051,6
256,n<=64,sr<=5%,kvB<=1k,kp<=8k,0.022,6
256,n<=64,sr<=5%,kvB<=1k,kp=0,0.0748,6
256,n<=64,sr<=5%,kvB<=4k,kp<=16k,0.0158,6
256,n<=64,sr<=5%,kvB<=4k,kp<=1k,0.0587,6
256,n<=64,sr<=5%,kvB<=4k,kp<=2k,0.0407,6
256,n<=64,sr<=5%,kvB<=4k,kp<=32k,0.0182,6
256,n<=64,sr<=5%,kvB<=4k,kp<=4k,0.0102,6
256,n<=64,sr<=5%,kvB<=4k,kp<=512,0.0587,6
256,n<=64,sr<=5%,kvB<=4k,kp<=64k,0.0158,6
256,n<=64,sr<=5%,kvB<=4k,kp<=8k,0.0125,6
256,n<=64,sr<=5%,kvB<=4k,kp=0,0.0606,6
256,n<=64,sr<=5%,kvB<=64k,kp<=16k,0.0371,6
256,n<=64,sr<=5%,kvB<=64k,kp<=1k,0.0742,6
256,n<=64,sr<=5%,kvB<=64k,kp<=2k,0.097,6
256,n<=64,sr<=5%,kvB<=64k,kp<=32k,0.0236,6
256,n<=64,sr<=5%,kvB<=64k,kp<=4k,0.0365,6
256,n<=64,sr<=5%,kvB<=64k,kp<=512,0.0795,6
256,n<=64,sr<=5%,kvB<=64k,kp<=64k,-0.0062,6
256,n<=64,sr<=5%,kvB<=64k,kp<=8k,0.0291,6
256,n<=64,sr<=5%,kvB<=64k,kp=0,0.0721,6
256,n<=64,sr<=70%,kvB<=16k,kp<=16k,0.9455,2
256,n<=64,sr<=70%,kvB<=16k,kp<=1k,1.0318,2
256,n<=64,sr<=70%,kvB<=16k,kp<=2k,0.9787,2
256,n<=64,sr<=70%,kvB<=16k,kp<=32k,0.8586,2
256,n<=64,sr<=70%,kvB<=16k,kp<=4k,0.3225,2
256,n<=64,sr<=70%,kvB<=16k,kp<=512,1.0444,2
256,n<=64,sr<=70%,kvB<=16k,kp<=64k,0.9709,2
256,n<=64,sr<=70%,kvB<=16k,kp<=8k,0.4618,2
256,n<=64,sr<=70%,kvB<=16k,kp=0,1.0156,2
256,n<=64,sr<=70%,kvB<=1k,kp<=16k,0.0749,2
256,n<=64,sr<=70%,kvB<=1k,kp<=1k,0.0311,2
256,n<=64,sr<=70%,kvB<=1k,kp<=2k,0.0402,2
256,n<=64,sr<=70%,kvB<=1k,kp<=32k,0.0931,2
256,n<=64,sr<=70%,kvB<=1k,kp<=4k,0.0448,2
256,n<=64,sr<=70%,kvB<=1k,kp<=512,0.0632,2
256,n<=64,sr<=70%,kvB<=1k,kp<=64k,0.0927,2
256,n<=64,sr<=70%,kvB<=1k,kp<=8k,0.0073,2
256,n<=64,sr<=70%,kvB<=1k,kp=0,0.0773,2
256,n<=64,sr<=70%,kvB<=4k,kp<=16k,-0.0579,2
256,n<=64,sr<=70%,kvB<=4k,kp<=1k,0.0019,2
256,n<=64,sr<=70%,kvB<=4k,kp<=2k,-0.0118,2
256,n<=64,sr<=70%,kvB<=4k,kp<=32k,-0.065,2
256,n<=64,sr<=70%,kvB<=4k,kp<=4k,-0.0436,2
256,n<=64,sr<=70%,kvB<=4k,kp<=512,0.0048,2
256,n<=64,sr<=70%,kvB<=4k,kp<=64k,-0.07,2
256,n<=64,sr<=70%,kvB<=4k,kp<=8k,-0.0709,2
256,n<=64,sr<=70%,kvB<=4k,kp=0,0.0046,2
256,n<=64,sr<=70%,kvB<=64k,kp<=16k,0.2336,2
256,n<=64,sr<=70%,kvB<=64k,kp<=1k,0.9529,2
256,n<=64,sr<=70%,kvB<=64k,kp<=2k,0.7882,2
256,n<=64,sr<=70%,kvB<=64k,kp<=32k,0.2315,2
256,n<=64,sr<=70%,kvB<=64k,kp<=4k,0.3425,2
256,n<=64,sr<=70%,kvB<=64k,kp<=512,0.9069,2
256,n<=64,sr<=70%,kvB<=64k,kp<=64k,0.5141,2
256,n<=64,sr<=70%,kvB<=64k,kp<=8k,0.214,2
256,n<=64,sr<=70%,kvB<=64k,kp=0,0.9441,2
256,n<=64,sr>70%,kvB<=16k,kp<=16k,3.6428,4
256,n<=64,sr>70%,kvB<=16k,kp<=1k,2.6114,4
256,n<=64,sr>70%,kvB<=16k,kp<=2k,2.7534,4
256,n<=64,sr>70%,kvB<=16k,kp<=32k,3.2474,3
256,n<=64,sr>70%,kvB<=16k,kp<=4k,0.6432,4
256,n<=64,sr>70%,kvB<=16k,kp<=512,2.9731,4
256,n<=64,sr>70%,kvB<=16k,kp<=64k,2.4546,2
256,n<=64,sr>70%,kvB<=16k,kp<=8k,0.7854,4
256,n<=64,sr>70%,kvB<=16k,kp=0,2.7689,4
256,n<=64,sr>70%,kvB<=1k,kp<=16k,0.3539,4
256,n<=64,sr>70%,kvB<=1k,kp<=1k,0.2561,4
256,n<=64,sr>70%,kvB<=1k,kp<=2k,0.2644,4
256,n<=64,sr>70%,kvB<=1k,kp<=32k,0.217,4
256,n<=64,sr>70%,kvB<=1k,kp<=4k,0.2776,4
256,n<=64,sr>70%,kvB<=1k,kp<=512,0.264,4
256,n<=64,sr>70%,kvB<=1k,kp<=64k,0.3565,4
256,n<=64,sr>70%,kvB<=1k,kp<=8k,0.2684,4
256,n<=64,sr>70%,kvB<=1k,kp=0,0.2869,4
256,n<=64,sr>70%,kvB<=4k,kp<=16k,-0.1505,4
256,n<=64,sr>70%,kvB<=4k,kp<=1k,-0.2989,4
256,n<=64,sr>70%,kvB<=4k,kp<=2k,-0.2702,4
256,n<=64,sr>70%,kvB<=4k,kp<=32k,-0.0488,4
256,n<=64,sr>70%,kvB<=4k,kp<=4k,-0.0821,4
256,n<=64,sr>70%,kvB<=4k,kp<=512,-0.3602,4
256,n<=64,sr>70%,kvB<=4k,kp<=64k,0.0918,4
256,n<=64,sr>70%,kvB<=4k,kp<=8k,-0.1707,4
256,n<=64,sr>70%,kvB<=4k,kp=0,-0.4191,4
256,n<=64,sr>70%,kvB<=64k,kp<=16k,0.5101,4
256,n<=64,sr>70%,kvB<=64k,kp<=1k,2.3077,4
256,n<=64,sr>70%,kvB<=64k,kp<=2k,2.0119,4
256,n<=64,sr>70%,kvB<=64k,kp<=32k,0.6112,3
256,n<=64,sr>70%,kvB<=64k,kp<=4k,0.9082,4
256,n<=64,sr>70%,kvB<=64k,kp<=512,2.4794,4
256,n<=64,sr>70%,kvB<=64k,kp<=8k,0.5329,4
256,n<=64,sr>70%,kvB<=64k,kp=0,1.944,4
256,n<=8,sr<=15%,kvB<=16k,kp<=16k,0.0385,2
256,n<=8,sr<=15%,kvB<=16k,kp<=1k,0.3895,2
256,n<=8,sr<=15%,kvB<=16k,kp<=2k,0.4089,2
256,n<=8,sr<=15%,kvB<=16k,kp<=32k,0.0304,2
256,n<=8,sr<=15%,kvB<=16k,kp<=4k,0.5048,2
256,n<=8,sr<=15%,kvB<=16k,kp<=512,0.3828,2
256,n<=8,sr<=15%,kvB<=16k,kp<=64k,0.0262,2
256,n<=8,sr<=15%,kvB<=16k,kp<=8k,0.3366,2
256,n<=8,sr<=15%,kvB<=16k,kp=0,0.3787,2
256,n<=8,sr<=15%,kvB<=1k,kp<=16k,0.128,2
256,n<=8,sr<=15%,kvB<=1k,kp<=1k,0.1428,2
256,n<=8,sr<=15%,kvB<=1k,kp<=2k,0.2267,2
256,n<=8,sr<=15%,kvB<=1k,kp<=32k,0.222,2
256,n<=8,sr<=15%,kvB<=1k,kp<=4k,0.157,2
256,n<=8,sr<=15%,kvB<=1k,kp<=512,0.2706,2
256,n<=8,sr<=15%,kvB<=1k,kp<=64k,1.3634,1
256,n<=8,sr<=15%,kvB<=1k,kp<=8k,0.1378,2
256,n<=8,sr<=15%,kvB<=1k,kp=0,0.5155,2
256,n<=8,sr<=15%,kvB<=4k,kp<=16k,0.1054,2
256,n<=8,sr<=15%,kvB<=4k,kp<=1k,0.4868,2
256,n<=8,sr<=15%,kvB<=4k,kp<=2k,0.3556,2
256,n<=8,sr<=15%,kvB<=4k,kp<=32k,0.0525,2
256,n<=8,sr<=15%,kvB<=4k,kp<=4k,0.0808,2
256,n<=8,sr<=15%,kvB<=4k,kp<=512,0.4654,2
256,n<=8,sr<=15%,kvB<=4k,kp<=64k,0.0294,2
256,n<=8,sr<=15%,kvB<=4k,kp<=8k,0.0769,2
256,n<=8,sr<=15%,kvB<=4k,kp=0,0.4,2
256,n<=8,sr<=15%,kvB<=64k,kp<=16k,0.4849,2
256,n<=8,sr<=15%,kvB<=64k,kp<=1k,0.3907,2
256,n<=8,sr<=15%,kvB<=64k,kp<=2k,0.3852,2
256,n<=8,sr<=15%,kvB<=64k,kp<=32k,0.3403,2
256,n<=8,sr<=15%,kvB<=64k,kp<=4k,0.3827,2
256,n<=8,sr<=15%,kvB<=64k,kp<=512,0.3917,2
256,n<=8,sr<=15%,kvB<=64k,kp<=64k,0.0293,2
256,n<=8,sr<=15%,kvB<=64k,kp<=8k,0.3993,2
256,n<=8,sr<=15%,kvB<=64k,kp=0,0.393,2
256,n<=8,sr<=40%,kvB<=16k,kp<=16k,0.0692,4
256,n<=8,sr<=40%,kvB<=16k,kp<=1k,0.2992,4
256,n<=8,sr<=40%,kvB<=16k,kp<=2k,0.3661,4
256,n<=8,sr<=40%,kvB<=16k,kp<=32k,0.1193,4
256,n<=8,sr<=40%,kvB<=16k,kp<=4k,0.4353,4
256,n<=8,sr<=40%,kvB<=16k,kp<=512,0.2592,4
256,n<=8,sr<=40%,kvB<=16k,kp<=64k,0.1023,4
256,n<=8,sr<=40%,kvB<=16k,kp<=8k,0.2107,4
256,n<=8,sr<=40%,kvB<=16k,kp=0,0.2268,4
256,n<=8,sr<=40%,kvB<=1k,kp<=16k,0.2715,4
256,n<=8,sr<=40%,kvB<=1k,kp<=1k,0.0318,4
256,n<=8,sr<=40%,kvB<=1k,kp<=2k,0.203,4
256,n<=8,sr<=40%,kvB<=1k,kp<=32k,0.0415,4
256,n<=8,sr<=40%,kvB<=1k,kp<=4k,0.1691,4
256,n<=8,sr<=40%,kvB<=1k,kp<=512,0.2871,4
256,n<=8,sr<=40%,kvB<=1k,kp<=64k,0.2425,2
256,n<=8,sr<=40%,kvB<=1k,kp<=8k,0.1734,4
256,n<=8,sr<=40%,kvB<=1k,kp=0,0.5231,4
256,n<=8,sr<=40%,kvB<=4k,kp<=16k,0.1048,4
256,n<=8,sr<=40%,kvB<=4k,kp<=1k,0.4587,4
256,n<=8,sr<=40%,kvB<=4k,kp<=2k,0.188,4
256,n<=8,sr<=40%,kvB<=4k,kp<=32k,0.1186,4
256,n<=8,sr<=40%,kvB<=4k,kp<=4k,0.0419,4
256,n<=8,sr<=40%,kvB<=4k,kp<=512,0.415,4
256,n<=8,sr<=40%,kvB<=4k,kp<=64k,0.0847,4
256,n<=8,sr<=40%,kvB<=4k,kp<=8k,0.1218,4
256,n<=8,sr<=40%,kvB<=4k,kp=0,0.2997,4
256,n<=8,sr<=40%,kvB<=64k,kp<=16k,0.4412,4
256,n<=8,sr<=40%,kvB<=64k,kp<=1k,0.2455,4
256,n<=8,sr<=40%,kvB<=64k,kp<=2k,0.2422,4
256,n<=8,sr<=40%,kvB<=64k,kp<=32k,0.2084,4
256,n<=8,sr<=40%,kvB<=64k,kp<=4k,0.2738,4
256,n<=8,sr<=40%,kvB<=64k,kp<=512,0.2437,4
256,n<=8,sr<=40%,kvB<=64k,kp<=64k,0.0821,4
256,n<=8,sr<=40%,kvB<=64k,kp<=8k,0.3513,4
256,n<=8,sr<=40%,kvB<=64k,kp=0,0.2491,4
256,n<=8,sr<=70%,kvB<=16k,kp<=16k,0.047,2
256,n<=8,sr<=70%,kvB<=16k,kp<=1k,0.0784,2
256,n<=8,sr<=70%,kvB<=16k,kp<=2k,0.1811,2
256,n<=8,sr<=70%,kvB<=16k,kp<=32k,-0.0094,2
256,n<=8,sr<=70%,kvB<=16k,kp<=4k,0.287,2
256,n<=8,sr<=70%,kvB<=16k,kp<=512,0.0207,2
256,n<=8,sr<=70%,kvB<=16k,kp<=64k,-0.0365,2
256,n<=8,sr<=70%,kvB<=16k,kp<=8k,0.189,2
256,n<=8,sr<=70%,kvB<=16k,kp=0,-0.0455,2
256,n<=8,sr<=70%,kvB<=1k,kp<=16k,0.1804,2
256,n<=8,sr<=70%,kvB<=1k,kp<=1k,-0.0431,2
256,n<=8,sr<=70%,kvB<=1k,kp<=2k,0.1584,2
256,n<=8,sr<=70%,kvB<=1k,kp<=32k,0.1927,2
256,n<=8,sr<=70%,kvB<=1k,kp<=4k,0.1609,2
256,n<=8,sr<=70%,kvB<=1k,kp<=512,-0.0023,2
256,n<=8,sr<=70%,kvB<=1k,kp<=64k,0.5255,2
256,n<=8,sr<=70%,kvB<=1k,kp<=8k,0.0756,2
256,n<=8,sr<=70%,kvB<=1k,kp=0,0.5074,2
256,n<=8,sr<=70%,kvB<=4k,kp<=16k,0.006,2
256,n<=8,sr<=70%,kvB<=4k,kp<=1k,0.4081,2
256,n<=8,sr<=70%,kvB<=4k,kp<=2k,0.1922,2
256,n<=8,sr<=70%,kvB<=4k,kp<=32k,0.0276,2
256,n<=8,sr<=70%,kvB<=4k,kp<=4k,0.0266,2
256,n<=8,sr<=70%,kvB<=4k,kp<=512,0.3438,2
256,n<=8,sr<=70%,kvB<=4k,kp<=64k,-0.2129,2
256,n<=8,sr<=70%,kvB<=4k,kp<=8k,0.0098,2
256,n<=8,sr<=70%,kvB<=4k,kp=0,0.125,2
256,n<=8,sr<=70%,kvB<=64k,kp<=16k,0.2724,2
256,n<=8,sr<=70%,kvB<=64k,kp<=1k,-0.0134,2
256,n<=8,sr<=70%,kvB<=64k,kp<=2k,-0.0161,2
256,n<=8,sr<=70%,kvB<=64k,kp<=32k,0.1825,2
256,n<=8,sr<=70%,kvB<=64k,kp<=4k,0.027,2
256,n<=8,sr<=70%,kvB<=64k,kp<=512,-0.019,2
256,n<=8,sr<=70%,kvB<=64k,kp<=64k,0.0496,2
256,n<=8,sr<=70%,kvB<=64k,kp<=8k,0.1459,2
256,n<=8,sr<=70%,kvB<=64k,kp=0,-0.02,2
256,n<=8,sr>70%,kvB<=16k,kp<=16k,-0.7539,4
256,n<=8,sr>70%,kvB<=16k,kp<=1k,0.8614,4
256,n<=8,sr>70%,kvB<=16k,kp<=2k,0.876,4
256,n<=8,sr>70%,kvB<=16k,kp<=32k,0.8767,4
256,n<=8,sr>70%,kvB<=16k,kp<=4k,0.8545,4
256,n<=8,sr>70%,kvB<=16k,kp<=512,0.8799,4
256,n<=8,sr>70%,kvB<=16k,kp<=64k,0.909,4
256,n<=8,sr>70%,kvB<=16k,kp<=8k,-0.0673,4
256,n<=8,sr>70%,kvB<=16k,kp=0,0.8598,4
256,n<=8,sr>70%,kvB<=1k,kp<=16k,0.4306,4
256,n<=8,sr>70%,kvB<=1k,kp<=1k,-0.2318,4
256,n<=8,sr>70%,kvB<=1k,kp<=2k,0.5191,4
256,n<=8,sr>70%,kvB<=1k,kp<=32k,0.3765,3
256,n<=8,sr>70%,kvB<=1k,kp<=4k,0.7986,4
256,n<=8,sr>70%,kvB<=1k,kp<=512,-0.1427,4
256,n<=8,sr>70%,kvB<=1k,kp<=64k,0.2388,4
256,n<=8,sr>70%,kvB<=1k,kp<=8k,0.6665,4
256,n<=8,sr>70%,kvB<=1k,kp=0,0.7914,4
256,n<=8,sr>70%,kvB<=4k,kp<=16k,0.9099,4
256,n<=8,sr>70%,kvB<=4k,kp<=1k,0.853,4
256,n<=8,sr>70%,kvB<=4k,kp<=2k,-0.2378,4
256,n<=8,sr>70%,kvB<=4k,kp<=32k,0.849,4
256,n<=8,sr>70%,kvB<=4k,kp<=4k,-0.7189,4
256,n<=8,sr>70%,kvB<=4k,kp<=512,0.9053,4
256,n<=8,sr>70%,kvB<=4k,kp<=64k,0.8441,3
256,n<=8,sr>70%,kvB<=4k,kp<=8k,0.8621,4
256,n<=8,sr>70%,kvB<=4k,kp=0,0.8973,4
256,n<=8,sr>70%,kvB<=64k,kp<=16k,0.895,4
256,n<=8,sr>70%,kvB<=64k,kp<=1k,1.0089,4
256,n<=8,sr>70%,kvB<=64k,kp<=2k,1.0043,4
256,n<=8,sr>70%,kvB<=64k,kp<=32k,-0.0621,4
256,n<=8,sr>70%,kvB<=64k,kp<=4k,1.1126,4
256,n<=8,sr>70%,kvB<=64k,kp<=512,1.023,4
256,n<=8,sr>70%,kvB<=64k,kp<=64k,-0.7258,4
256,n<=8,sr>70%,kvB<=64k,kp<=8k,1.0293,4
256,n<=8,sr>70%,kvB<=64k,kp=0,1.0064,4
512,n<=16,sr<=15%,kvB<=16k,kp<=16k,-0.0277,4
512,n<=16,sr<=15%,kvB<=16k,kp<=1k,0.2765,4
512,n<=16,sr<=15%,kvB<=16k,kp<=2k,0.2641,4
512,n<=16,sr<=15%,kvB<=16k,kp<=32k,-0.0183,4
512,n<=16,sr<=15%,kvB<=16k,kp<=4k,0.2377,4
512,n<=16,sr<=15%,kvB<=16k,kp<=512,0.2819,4
512,n<=16,sr<=15%,kvB<=16k,kp<=64k,0.0018,4
512,n<=16,sr<=15%,kvB<=16k,kp<=8k,0.1392,4
512,n<=16,sr<=15%,kvB<=16k,kp=0,0.286,4
512,n<=16,sr<=15%,kvB<=1k,kp<=16k,0.0374,4
512,n<=16,sr<=15%,kvB<=1k,kp<=1k,0.0815,4
512,n<=16,sr<=15%,kvB<=1k,kp<=2k,0.0583,4
512,n<=16,sr<=15%,kvB<=1k,kp<=32k,0.0545,4
512,n<=16,sr<=15%,kvB<=1k,kp<=4k,0.0508,4
512,n<=16,sr<=15%,kvB<=1k,kp<=512,0.0967,4
512,n<=16,sr<=15%,kvB<=1k,kp<=64k,0.3224,4
512,n<=16,sr<=15%,kvB<=1k,kp<=8k,0.0401,4
512,n<=16,sr<=15%,kvB<=1k,kp=0,0.2506,4
512,n<=16,sr<=15%,kvB<=4k,kp<=16k,-0.0432,4
512,n<=16,sr<=15%,kvB<=4k,kp<=1k,0.233,4
512,n<=16,sr<=15%,kvB<=4k,kp<=2k,0.1445,4
512,n<=16,sr<=15%,kvB<=4k,kp<=32k,0.0407,4
512,n<=16,sr<=15%,kvB<=4k,kp<=4k,-0.0075,4
512,n<=16,sr<=15%,kvB<=4k,kp<=512,0.2684,4
512,n<=16,sr<=15%,kvB<=4k,kp<=64k,0.0178,4
512,n<=16,sr<=15%,kvB<=4k,kp<=8k,0.0228,4
512,n<=16,sr<=15%,kvB<=4k,kp=0,0.2803,4
512,n<=16,sr<=15%,kvB<=64k,kp<=16k,0.2034,4
512,n<=16,sr<=15%,kvB<=64k,kp<=1k,0.2997,4
512,n<=16,sr<=15%,kvB<=64k,kp<=2k,0.2978,4
512,n<=16,sr<=15%,kvB<=64k,kp<=32k,0.133,4
512,n<=16,sr<=15%,kvB<=64k,kp<=4k,0.2443,4
512,n<=16,sr<=15%,kvB<=64k,kp<=512,0.3009,4
512,n<=16,sr<=15%,kvB<=64k,kp<=64k,-0.0417,4
512,n<=16,sr<=15%,kvB<=64k,kp<=8k,0.1966,4
512,n<=16,sr<=15%,kvB<=64k,kp=0,0.3016,4
512,n<=16,sr<=40%,kvB<=16k,kp<=16k,-0.0039,4
512,n<=16,sr<=40%,kvB<=16k,kp<=1k,0.2685,4
512,n<=16,sr<=40%,kvB<=16k,kp<=2k,0.2607,4
512,n<=16,sr<=40%,kvB<=16k,kp<=32k,0.0133,4
512,n<=16,sr<=40%,kvB<=16k,kp<=4k,0.2466,4
512,n<=16,sr<=40%,kvB<=16k,kp<=512,0.2841,4
512,n<=16,sr<=40%,kvB<=16k,kp<=64k,-0.0404,4
512,n<=16,sr<=40%,kvB<=16k,kp<=8k,0.1511,4
512,n<=16,sr<=40%,kvB<=16k,kp=0,0.2746,4
512,n<=16,sr<=40%,kvB<=1k,kp<=16k,0.0729,4
512,n<=16,sr<=40%,kvB<=1k,kp<=1k,0.0777,4
512,n<=16,sr<=40%,kvB<=1k,kp<=2k,0.0793,4
512,n<=16,sr<=40%,kvB<=1k,kp<=32k,0.2481,4
512,n<=16,sr<=40%,kvB<=1k,kp<=4k,0.0579,4
512,n<=16,sr<=40%,kvB<=1k,kp<=512,0.1071,4
512,n<=16,sr<=40%,kvB<=1k,kp<=64k,0.2629,4
512,n<=16,sr<=40%,kvB<=1k,kp<=8k,0.0393,4
512,n<=16,sr<=40%,kvB<=1k,kp=0,0.2605,4
512,n<=16,sr<=40%,kvB<=4k,kp<=16k,0.0276,4
512,n<=16,sr<=40%,kvB<=4k,kp<=1k,0.2216,4
512,n<=16,sr<=40%,kvB<=4k,kp<=2k,0.1515,4
512,n<=16,sr<=40%,kvB<=4k,kp<=32k,-0.0251,4
512,n<=16,sr<=40%,kvB<=4k,kp<=4k,-0.0006,4
512,n<=16,sr<=40%,kvB<=4k,kp<=512,0.2527,4
512,n<=16,sr<=40%,kvB<=4k,kp<=64k,-0.089,4
512,n<=16,sr<=40%,kvB<=4k,kp<=8k,0.0609,4
512,n<=16,sr<=40%,kvB<=4k,kp=0,0.2701,4
512,n<=16,sr<=40%,kvB<=64k,kp<=16k,0.1925,4
512,n<=16,sr<=40%,kvB<=64k,kp<=1k,0.2778,4
512,n<=16,sr<=40%,kvB<=64k,kp<=2k,0.3002,4
512,n<=16,sr<=40%,kvB<=64k,kp<=32k,0.1424,4
512,n<=16,sr<=40%,kvB<=64k,kp<=4k,0.2563,4
512,n<=16,sr<=40%,kvB<=64k,kp<=512,0.2755,4
512,n<=16,sr<=40%,kvB<=64k,kp<=64k,-0.0018,4
512,n<=16,sr<=40%,kvB<=64k,kp<=8k,0.189,4
512,n<=16,sr<=40%,kvB<=64k,kp=0,0.2687,4
512,n<=16,sr<=70%,kvB<=16k,kp<=16k,-0.0656,2
512,n<=16,sr<=70%,kvB<=16k,kp<=1k,0.2604,2
512,n<=16,sr<=70%,kvB<=16k,kp<=2k,0.2393,2
512,n<=16,sr<=70%,kvB<=16k,kp<=32k,-0.2559,2
512,n<=16,sr<=70%,kvB<=16k,kp<=4k,0.1287,2
512,n<=16,sr<=70%,kvB<=16k,kp<=512,0.2582,2
512,n<=16,sr<=70%,kvB<=16k,kp<=64k,-0.0468,2
512,n<=16,sr<=70%,kvB<=16k,kp<=8k,0.1219,2
512,n<=16,sr<=70%,kvB<=16k,kp=0,0.2779,2
512,n<=16,sr<=70%,kvB<=1k,kp<=16k,0.0757,2
512,n<=16,sr<=70%,kvB<=1k,kp<=1k,0.0515,2
512,n<=16,sr<=70%,kvB<=1k,kp<=2k,0.0334,2
512,n<=16,sr<=70%,kvB<=1k,kp<=32k,0.357,2
512,n<=16,sr<=70%,kvB<=1k,kp<=4k,0.0705,2
512,n<=16,sr<=70%,kvB<=1k,kp<=512,0.1102,2
512,n<=16,sr<=70%,kvB<=1k,kp<=64k,0.1742,2
512,n<=16,sr<=70%,kvB<=1k,kp<=8k,0.0802,2
512,n<=16,sr<=70%,kvB<=1k,kp=0,0.2237,2
512,n<=16,sr<=70%,kvB<=4k,kp<=16k,-0.0493,2
512,n<=16,sr<=70%,kvB<=4k,kp<=1k,0.2184,2
512,n<=16,sr<=70%,kvB<=4k,kp<=2k,0.0834,2
512,n<=16,sr<=70%,kvB<=4k,kp<=32k,-0.0657,2
512,n<=16,sr<=70%,kvB<=4k,kp<=4k,-0.0523,2
512,n<=16,sr<=70%,kvB<=4k,kp<=512,0.1943,2
512,n<=16,sr<=70%,kvB<=4k,kp<=64k,0.2317,2
512,n<=16,sr<=70%,kvB<=4k,kp<=8k,-0.1561,2
512,n<=16,sr<=70%,kvB<=4k,kp=0,0.24,2
512,n<=16,sr<=70%,kvB<=64k,kp<=16k,-0.0511,2
512,n<=16,sr<=70%,kvB<=64k,kp<=1k,0.3684,2
512,n<=16,sr<=70%,kvB<=64k,kp<=2k,0.4321,2
512,n<=16,sr<=70%,kvB<=64k,kp<=32k,0.1434,2
512,n<=16,sr<=70%,kvB<=64k,kp<=4k,0.3611,2
512,n<=16,sr<=70%,kvB<=64k,kp<=512,0.3695,2
512,n<=16,sr<=70%,kvB<=64k,kp<=64k,0.073,2
512,n<=16,sr<=70%,kvB<=64k,kp<=8k,0.1703,2
512,n<=16,sr<=70%,kvB<=64k,kp=0,0.3711,2
512,n<=16,sr>70%,kvB<=16k,kp<=16k,-0.2877,4
512,n<=16,sr>70%,kvB<=16k,kp<=1k,0.7797,4
512,n<=16,sr>70%,kvB<=16k,kp<=2k,0.5929,4
512,n<=16,sr>70%,kvB<=16k,kp<=32k,-0.3184,4
512,n<=16,sr>70%,kvB<=16k,kp<=4k,0.3532,4
512,n<=16,sr>70%,kvB<=16k,kp<=512,0.8616,4
512,n<=16,sr>70%,kvB<=16k,kp<=64k,0.7164,4
512,n<=16,sr>70%,kvB<=16k,kp<=8k,0.1585,4
512,n<=16,sr>70%,kvB<=16k,kp=0,0.9277,4
512,n<=16,sr>70%,kvB<=1k,kp<=16k,0.2184,4
512,n<=16,sr>70%,kvB<=1k,kp<=1k,0.1034,4
512,n<=16,sr>70%,kvB<=1k,kp<=2k,-0.0146,4
512,n<=16,sr>70%,kvB<=1k,kp<=32k,0.6782,4
512,n<=16,sr>70%,kvB<=1k,kp<=4k,0.3684,4
512,n<=16,sr>70%,kvB<=1k,kp<=512,0.2363,4
512,n<=16,sr>70%,kvB<=1k,kp<=64k,1.239,4
512,n<=16,sr>70%,kvB<=1k,kp<=8k,0.5063,4
512,n<=16,sr>70%,kvB<=1k,kp=0,0.3626,4
512,n<=16,sr>70%,kvB<=4k,kp<=16k,0.55,4
512,n<=16,sr>70%,kvB<=4k,kp<=1k,0.2017,4
512,n<=16,sr>70%,kvB<=4k,kp<=2k,0.2184,4
512,n<=16,sr>70%,kvB<=4k,kp<=32k,0.3939,4
512,n<=16,sr>70%,kvB<=4k,kp<=4k,-0.2423,4
512,n<=16,sr>70%,kvB<=4k,kp<=512,0.3203,4
512,n<=16,sr>70%,kvB<=4k,kp<=64k,0.3078,2
512,n<=16,sr>70%,kvB<=4k,kp<=8k,-0.1341,4
512,n<=16,sr>70%,kvB<=4k,kp=0,0.5362,4
512,n<=16,sr>70%,kvB<=64k,kp<=16k,0.5709,4
512,n<=16,sr>70%,kvB<=64k,kp<=1k,1.2692,4
512,n<=16,sr>70%,kvB<=64k,kp<=2k,1.3914,4
512,n<=16,sr>70%,kvB<=64k,kp<=32k,0.9108,4
512,n<=16,sr>70%,kvB<=64k,kp<=4k,1.432,4
512,n<=16,sr>70%,kvB<=64k,kp<=512,1.2665,4
512,n<=16,sr>70%,kvB<=64k,kp<=64k,-0.6339,4
512,n<=16,sr>70%,kvB<=64k,kp<=8k,0.9155,4
512,n<=16,sr>70%,kvB<=64k,kp=0,1.2579,4
512,n<=2,sr<=70%,kvB<=16k,kp<=16k,0.9783,2
512,n<=2,sr<=70%,kvB<=16k,kp<=1k,0.9818,2
512,n<=2,sr<=70%,kvB<=16k,kp<=2k,0.9802,2
512,n<=2,sr<=70%,kvB<=16k,kp<=32k,-0.3119,2
512,n<=2,sr<=70%,kvB<=16k,kp<=4k,0.9839,2
512,n<=2,sr<=70%,kvB<=16k,kp<=512,0.9798,2
512,n<=2,sr<=70%,kvB<=16k,kp<=64k,-267.0851,1
512,n<=2,sr<=70%,kvB<=16k,kp<=8k,0.9842,2
512,n<=2,sr<=70%,kvB<=16k,kp=0,0.9714,2
512,n<=2,sr<=70%,kvB<=1k,kp<=16k,-0.3352,1
512,n<=2,sr<=70%,kvB<=1k,kp<=1k,0.2349,1
512,n<=2,sr<=70%,kvB<=1k,kp<=2k,-0.404,1
512,n<=2,sr<=70%,kvB<=1k,kp<=32k,1.1627,1
512,n<=2,sr<=70%,kvB<=1k,kp<=4k,-0.1305,1
512,n<=2,sr<=70%,kvB<=1k,kp<=512,0.6739,1
512,n<=2,sr<=70%,kvB<=1k,kp<=64k,0.1864,2
512,n<=2,sr<=70%,kvB<=1k,kp<=8k,0.7855,2
512,n<=2,sr<=70%,kvB<=1k,kp=0,0.7749,2
512,n<=2,sr<=70%,kvB<=4k,kp<=16k,5.9313,1
512,n<=2,sr<=70%,kvB<=4k,kp<=1k,0.8929,2
512,n<=2,sr<=70%,kvB<=4k,kp<=2k,0.8815,1
512,n<=2,sr<=70%,kvB<=4k,kp<=32k,0.6465,1
512,n<=2,sr<=70%,kvB<=4k,kp<=4k,0.217,2
512,n<=2,sr<=70%,kvB<=4k,kp<=512,0.9653,2
512,n<=2,sr<=70%,kvB<=4k,kp<=64k,-1.1334,2
512,n<=2,sr<=70%,kvB<=4k,kp<=8k,0.1313,2
512,n<=2,sr<=70%,kvB<=4k,kp=0,0.961,2
512,n<=2,sr<=70%,kvB<=64k,kp<=16k,0.8973,2
512,n<=2,sr<=70%,kvB<=64k,kp<=1k,0.9948,2
512,n<=2,sr<=70%,kvB<=64k,kp<=2k,0.9933,2
512,n<=2,sr<=70%,kvB<=64k,kp<=32k,0.857,2
512,n<=2,sr<=70%,kvB<=64k,kp<=4k,0.9846,2
512,n<=2,sr<=70%,kvB<=64k,kp<=512,0.9828,2
512,n<=2,sr<=70%,kvB<=64k,kp<=64k,0.9352,2
512,n<=2,sr<=70%,kvB<=64k,kp<=8k,1.0057,2
512,n<=2,sr<=70%,kvB<=64k,kp=0,1.0078,2
512,n<=32,sr<=15%,kvB<=16k,kp<=16k,0.0057,6
512,n<=32,sr<=15%,kvB<=16k,kp<=1k,0.1179,6
512,n<=32,sr<=15%,kvB<=16k,kp<=2k,0.1179,6
512,n<=32,sr<=15%,kvB<=16k,kp<=32k,0.0025,6
512,n<=32,sr<=15%,kvB<=16k,kp<=4k,0.0776,6
512,n<=32,sr<=15%,kvB<=16k,kp<=512,0.1107,6
512,n<=32,sr<=15%,kvB<=16k,kp<=64k,-0.0332,6
512,n<=32,sr<=15%,kvB<=16k,kp<=8k,0.0712,6
512,n<=32,sr<=15%,kvB<=16k,kp=0,0.1035,6
512,n<=32,sr<=15%,kvB<=1k,kp<=16k,0.0567,6
512,n<=32,sr<=15%,kvB<=1k,kp<=1k,0.0723,6
512,n<=32,sr<=15%,kvB<=1k,kp<=2k,0.0625,6
512,n<=32,sr<=15%,kvB<=1k,kp<=32k,0.0608,6
512,n<=32,sr<=15%,kvB<=1k,kp<=4k,0.0536,6
512,n<=32,sr<=15%,kvB<=1k,kp<=512,0.0874,6
512,n<=32,sr<=15%,kvB<=1k,kp<=64k,0.0566,6
512,n<=32,sr<=15%,kvB<=1k,kp<=8k,0.0676,6
512,n<=32,sr<=15%,kvB<=1k,kp=0,0.1695,6
512,n<=32,sr<=15%,kvB<=4k,kp<=16k,-0.0136,6
512,n<=32,sr<=15%,kvB<=4k,kp<=1k,0.1383,6
512,n<=32,sr<=15%,kvB<=4k,kp<=2k,0.0897,6
512,n<=32,sr<=15%,kvB<=4k,kp<=32k,-0.0075,6
512,n<=32,sr<=15%,kvB<=4k,kp<=4k,0.0118,6
512,n<=32,sr<=15%,kvB<=4k,kp<=512,0.1405,6
512,n<=32,sr<=15%,kvB<=4k,kp<=64k,0.0033,6
512,n<=32,sr<=15%,kvB<=4k,kp<=8k,0.02,6
512,n<=32,sr<=15%,kvB<=4k,kp=0,0.139,6
512,n<=32,sr<=15%,kvB<=64k,kp<=16k,0.0214,6
512,n<=32,sr<=15%,kvB<=64k,kp<=1k,0.1195,6
512,n<=32,sr<=15%,kvB<=64k,kp<=2k,0.1278,6
512,n<=32,sr<=15%,kvB<=64k,kp<=32k,0.0007,6
512,n<=32,sr<=15%,kvB<=64k,kp<=4k,0.1227,6
512,n<=32,sr<=15%,kvB<=64k,kp<=512,0.1126,6
512,n<=32,sr<=15%,kvB<=64k,kp<=64k,0.0239,6
512,n<=32,sr<=15%,kvB<=64k,kp<=8k,0.0721,6
512,n<=32,sr<=15%,kvB<=64k,kp=0,0.1097,6
512,n<=32,sr<=40%,kvB<=16k,kp<=16k,0.0394,2
512,n<=32,sr<=40%,kvB<=16k,kp<=1k,0.1202,2
512,n<=32,sr<=40%,kvB<=16k,kp<=2k,0.1116,2
512,n<=32,sr<=40%,kvB<=16k,kp<=32k,0.0267,2
512,n<=32,sr<=40%,kvB<=16k,kp<=4k,0.0631,2
512,n<=32,sr<=40%,kvB<=16k,kp<=512,0.1264,2
512,n<=32,sr<=40%,kvB<=16k,kp<=64k,-0.0568,2
512,n<=32,sr<=40%,kvB<=16k,kp<=8k,0.0884,2
512,n<=32,sr<=40%,kvB<=16k,kp=0,0.1322,2
512,n<=32,sr<=40%,kvB<=1k,kp<=16k,0.0999,2
512,n<=32,sr<=40%,kvB<=1k,kp<=1k,0.0974,2
512,n<=32,sr<=40%,kvB<=1k,kp<=2k,0.1175,2
512,n<=32,sr<=40%,kvB<=1k,kp<=32k,0.09,2
512,n<=32,sr<=40%,kvB<=1k,kp<=4k,0.1445,2
512,n<=32,sr<=40%,kvB<=1k,kp<=512,0.1246,2
512,n<=32,sr<=40%,kvB<=1k,kp<=64k,0.2045,2
512,n<=32,sr<=40%,kvB<=1k,kp<=8k,0.0603,2
512,n<=32,sr<=40%,kvB<=1k,kp=0,0.1972,2
512,n<=32,sr<=40%,kvB<=4k,kp<=16k,-0.0241,2
512,n<=32,sr<=40%,kvB<=4k,kp<=1k,0.1118,2
512,n<=32,sr<=40%,kvB<=4k,kp<=2k,0.101,2
512,n<=32,sr<=40%,kvB<=4k,kp<=32k,-0.0561,2
512,n<=32,sr<=40%,kvB<=4k,kp<=4k,0.0251,2
512,n<=32,sr<=40%,kvB<=4k,kp<=512,0.1178,2
512,n<=32,sr<=40%,kvB<=4k,kp<=64k,-0.0165,2
512,n<=32,sr<=40%,kvB<=4k,kp<=8k,0.0334,2
512,n<=32,sr<=40%,kvB<=4k,kp=0,0.1142,2
512,n<=32,sr<=40%,kvB<=64k,kp<=16k,0.0489,2
512,n<=32,sr<=40%,kvB<=64k,kp<=1k,0.2842,2
512,n<=32,sr<=40%,kvB<=64k,kp<=2k,0.3064,2
512,n<=32,sr<=40%,kvB<=64k,kp<=32k,0.2141,2
512,n<=32,sr<=40%,kvB<=64k,kp<=4k,0.2479,2
512,n<=32,sr<=40%,kvB<=64k,kp<=512,0.2638,2
512,n<=32,sr<=40%,kvB<=64k,kp<=64k,0.2291,2
512,n<=32,sr<=40%,kvB<=64k,kp<=8k,0.0691,2
512,n<=32,sr<=40%,kvB<=64k,kp=0,0.2576,2
512,n<=32,sr<=5%,kvB<=16k,kp<=16k,0.0124,2
512,n<=32,sr<=5%,kvB<=16k,kp<=1k,0.1315,2
512,n<=32,sr<=5%,kvB<=16k,kp<=2k,0.1272,2
512,n<=32,sr<=5%,kvB<=16k,kp<=32k,0.009,2
512,n<=32,sr<=5%,kvB<=16k,kp<=4k,0.0913,2
512,n<=32,sr<=5%,kvB<=16k,kp<=512,0.1253,2
512,n<=32,sr<=5%,kvB<=16k,kp<=64k,-0.0145,2
512,n<=32,sr<=5%,kvB<=16k,kp<=8k,0.071,2
512,n<=32,sr<=5%,kvB<=16k,kp=0,0.1226,2
512,n<=32,sr<=5%,kvB<=1k,kp<=16k,0.0301,2
512,n<=32,sr<=5%,kvB<=1k,kp<=1k,0.016,2
512,n<=32,sr<=5%,kvB<=1k,kp<=2k,0.014,2
512,n<=32,sr<=5%,kvB<=1k,kp<=32k,0.0631,2
512,n<=32,sr<=5%,kvB<=1k,kp<=4k,0.0219,2
512,n<=32,sr<=5%,kvB<=1k,kp<=512,0.0279,2
512,n<=32,sr<=5%,kvB<=1k,kp<=64k,0.1009,2
512,n<=32,sr<=5%,kvB<=1k,kp<=8k,-0.0177,2
512,n<=32,sr<=5%,kvB<=1k,kp=0,0.1256,2
512,n<=32,sr<=5%,kvB<=4k,kp<=16k,0.036,2
512,n<=32,sr<=5%,kvB<=4k,kp<=1k,0.1368,2
512,n<=32,sr<=5%,kvB<=4k,kp<=2k,0.1053,2
512,n<=32,sr<=5%,kvB<=4k,kp<=32k,0.0068,2
512,n<=32,sr<=5%,kvB<=4k,kp<=4k,0.0258,2
512,n<=32,sr<=5%,kvB<=4k,kp<=512,0.1555,2
512,n<=32,sr<=5%,kvB<=4k,kp<=64k,0.0054,2
512,n<=32,sr<=5%,kvB<=4k,kp<=8k,0.01,2
512,n<=32,sr<=5%,kvB<=4k,kp=0,0.1509,2
512,n<=32,sr<=5%,kvB<=64k,kp<=16k,0.0874,2
512,n<=32,sr<=5%,kvB<=64k,kp<=1k,0.1229,2
512,n<=32,sr<=5%,kvB<=64k,kp<=2k,0.1127,2
512,n<=32,sr<=5%,kvB<=64k,kp<=32k,0.0694,2
512,n<=32,sr<=5%,kvB<=64k,kp<=4k,0.0991,2
512,n<=32,sr<=5%,kvB<=64k,kp<=512,0.1222,2
512,n<=32,sr<=5%,kvB<=64k,kp<=64k,-0.0155,2
512,n<=32,sr<=5%,kvB<=64k,kp<=8k,0.0543,2
512,n<=32,sr<=5%,kvB<=64k,kp=0,0.1208,2
512,n<=32,sr<=70%,kvB<=16k,kp<=16k,0.3453,2
512,n<=32,sr<=70%,kvB<=16k,kp<=1k,0.3698,2
512,n<=32,sr<=70%,kvB<=16k,kp<=2k,0.2274,2
512,n<=32,sr<=70%,kvB<=16k,kp<=32k,0.1903,2
512,n<=32,sr<=70%,kvB<=16k,kp<=4k,0.1055,2
512,n<=32,sr<=70%,kvB<=16k,kp<=512,0.3672,2
512,n<=32,sr<=70%,kvB<=16k,kp<=64k,0.0634,2
512,n<=32,sr<=70%,kvB<=16k,kp<=8k,0.0956,2
512,n<=32,sr<=70%,kvB<=16k,kp=0,0.3946,2
512,n<=32,sr<=70%,kvB<=1k,kp<=16k,0.0439,2
512,n<=32,sr<=70%,kvB<=1k,kp<=1k,0.0578,2
512,n<=32,sr<=70%,kvB<=1k,kp<=2k,0.0145,2
512,n<=32,sr<=70%,kvB<=1k,kp<=32k,0.1789,2
512,n<=32,sr<=70%,kvB<=1k,kp<=4k,0.0414,2
512,n<=32,sr<=70%,kvB<=1k,kp<=512,0.109,2
512,n<=32,sr<=70%,kvB<=1k,kp<=64k,-0.1344,2
512,n<=32,sr<=70%,kvB<=1k,kp<=8k,0.047,2
512,n<=32,sr<=70%,kvB<=1k,kp=0,0.1446,2
512,n<=32,sr<=70%,kvB<=4k,kp<=16k,0.0123,2
512,n<=32,sr<=70%,kvB<=4k,kp<=1k,0.1197,2
512,n<=32,sr<=70%,kvB<=4k,kp<=2k,0.1313,2
512,n<=32,sr<=70%,kvB<=4k,kp<=32k,-0.0716,2
512,n<=32,sr<=70%,kvB<=4k,kp<=4k,-0.0062,2
512,n<=32,sr<=70%,kvB<=4k,kp<=512,0.1118,2
512,n<=32,sr<=70%,kvB<=4k,kp<=64k,0.0331,2
512,n<=32,sr<=70%,kvB<=4k,kp<=8k,0.049,2
512,n<=32,sr<=70%,kvB<=4k,kp=0,0.0975,2
512,n<=32,sr<=70%,kvB<=64k,kp<=16k,0.0796,2
512,n<=32,sr<=70%,kvB<=64k,kp<=1k,0.8864,2
512,n<=32,sr<=70%,kvB<=64k,kp<=2k,1.0669,2
512,n<=32,sr<=70%,kvB<=64k,kp<=32k,0.0859,2
512,n<=32,sr<=70%,kvB<=64k,kp<=4k,0.6627,2
512,n<=32,sr<=70%,kvB<=64k,kp<=512,0.8732,2
512,n<=32,sr<=70%,kvB<=64k,kp<=64k,0.4679,2
512,n<=32,sr<=70%,kvB<=64k,kp<=8k,0.2451,2
512,n<=32,sr<=70%,kvB<=64k,kp=0,0.8569,2
512,n<=32,sr>70%,kvB<=16k,kp<=16k,1.6341,4
512,n<=32,sr>70%,kvB<=16k,kp<=1k,1.3391,4
512,n<=32,sr>70%,kvB<=16k,kp<=2k,1.0912,4
512,n<=32,sr>70%,kvB<=16k,kp<=32k,1.7196,4
512,n<=32,sr>70%,kvB<=16k,kp<=4k,0.3616,4
512,n<=32,sr>70%,kvB<=16k,kp<=512,1.3092,4
512,n<=32,sr>70%,kvB<=16k,kp<=64k,0.7462,3
512,n<=32,sr>70%,kvB<=16k,kp<=8k,0.6739,4
512,n<=32,sr>70%,kvB<=16k,kp=0,1.3741,4
512,n<=32,sr>70%,kvB<=1k,kp<=16k,0.3126,4
512,n<=32,sr>70%,kvB<=1k,kp<=1k,0.2845,4
512,n<=32,sr>70%,kvB<=1k,kp<=2k,0.3531,4
512,n<=32,sr>70%,kvB<=1k,kp<=32k,0.2439,4
512,n<=32,sr>70%,kvB<=1k,kp<=4k,0.3186,4
512,n<=32,sr>70%,kvB<=1k,kp<=512,0.3484,4
512,n<=32,sr>70%,kvB<=1k,kp<=64k,-0.2065,3
512,n<=32,sr>70%,kvB<=1k,kp<=8k,0.4281,4
512,n<=32,sr>70%,kvB<=1k,kp=0,0.3313,4
512,n<=32,sr>70%,kvB<=4k,kp<=16k,0.2346,4
512,n<=32,sr>70%,kvB<=4k,kp<=1k,0.1537,4
512,n<=32,sr>70%,kvB<=4k,kp<=2k,0.1424,4
512,n<=32,sr>70%,kvB<=4k,kp<=32k,0.1641,4
512,n<=32,sr>70%,kvB<=4k,kp<=4k,0.2448,4
512,n<=32,sr>70%,kvB<=4k,kp<=512,0.1444,4
512,n<=32,sr>70%,kvB<=4k,kp<=64k,-0.0595,4
512,n<=32,sr>70%,kvB<=4k,kp<=8k,0.2048,4
512,n<=32,sr>70%,kvB<=4k,kp=0,0.0983,4
512,n<=32,sr>70%,kvB<=64k,kp<=16k,0.5508,4
512,n<=32,sr>70%,kvB<=64k,kp<=1k,2.2852,4
512,n<=32,sr>70%,kvB<=64k,kp<=2k,2.0797,4
512,n<=32,sr>70%,kvB<=64k,kp<=32k,0.8744,4
512,n<=32,sr>70%,kvB<=64k,kp<=4k,1.5057,4
512,n<=32,sr>70%,kvB<=64k,kp<=512,2.2853,4
512,n<=32,sr>70%,kvB<=64k,kp<=64k,1.3415,3
512,n<=32,sr>70%,kvB<=64k,kp<=8k,0.9046,4
512,n<=32,sr>70%,kvB<=64k,kp=0,2.28,4
512,n<=4,sr<=40%,kvB<=16k,kp<=16k,0.0641,2
512,n<=4,sr<=40%,kvB<=16k,kp<=1k,0.9533,2
512,n<=4,sr<=40%,kvB<=16k,kp<=2k,0.9118,2
512,n<=4,sr<=40%,kvB<=16k,kp<=32k,0.2915,2
512,n<=4,sr<=40%,kvB<=16k,kp<=4k,0.8485,2
512,n<=4,sr<=40%,kvB<=16k,kp<=512,0.9567,2
512,n<=4,sr<=40%,kvB<=16k,kp<=64k,0.2195,2
512,n<=4,sr<=40%,kvB<=16k,kp<=8k,0.3711,2
512,n<=4,sr<=40%,kvB<=16k,kp=0,0.9618,2
512,n<=4,sr<=40%,kvB<=1k,kp<=1k,0.0366,2
512,n<=4,sr<=40%,kvB<=1k,kp<=2k,-0.2959,2
512,n<=4,sr<=40%,kvB<=1k,kp<=32k,1.1377,2
512,n<=4,sr<=40%,kvB<=1k,kp<=4k,0.2812,1
512,n<=4,sr<=40%,kvB<=1k,kp<=512,0.0974,2
512,n<=4,sr<=40%,kvB<=1k,kp<=64k,3.2656,1
512,n<=4,sr<=40%,kvB<=1k,kp<=8k,1.5405,1
512,n<=4,sr<=40%,kvB<=1k,kp=0,0.6021,2
512,n<=4,sr<=40%,kvB<=4k,kp<=16k,0.1081,1
512,n<=4,sr<=40%,kvB<=4k,kp<=1k,0.6967,2
512,n<=4,sr<=40%,kvB<=4k,kp<=2k,0.304,2
512,n<=4,sr<=40%,kvB<=4k,kp<=32k,2.3092,1
512,n<=4,sr<=40%,kvB<=4k,kp<=4k,0.0152,2
512,n<=4,sr<=40%,kvB<=4k,kp<=512,0.7326,2
512,n<=4,sr<=40%,kvB<=4k,kp<=64k,-0.0445,2
512,n<=4,sr<=40%,kvB<=4k,kp<=8k,-0.0227,2
512,n<=4,sr<=40%,kvB<=4k,kp=0,0.8753,2
512,n<=4,sr<=40%,kvB<=64k,kp<=16k,0.8267,2
512,n<=4,sr<=40%,kvB<=64k,kp<=1k,0.99,2
512,n<=4,sr<=40%,kvB<=64k,kp<=2k,0.9624,2
512,n<=4,sr<=40%,kvB<=64k,kp<=32k,0.3888,2
512,n<=4,sr<=40%,kvB<=64k,kp<=4k,0.9553,2
512,n<=4,sr<=40%,kvB<=64k,kp<=512,0.9884,2
512,n<=4,sr<=40%,kvB<=64k,kp<=64k,0.0437,2
512,n<=4,sr<=40%,kvB<=64k,kp<=8k,0.9299,2
512,n<=4,sr<=40%,kvB<=64k,kp=0,0.9847,2
512,n<=4,sr<=70%,kvB<=16k,kp<=16k,-0.2401,2
512,n<=4,sr<=70%,kvB<=16k,kp<=1k,0.9518,2
512,n<=4,sr<=70%,kvB<=16k,kp<=2k,0.9314,2
512,n<=4,sr<=70%,kvB<=16k,kp<=32k,0.5272,2
512,n<=4,sr<=70%,kvB<=16k,kp<=4k,0.8291,2
512,n<=4,sr<=70%,kvB<=16k,kp<=512,0.9599,2
512,n<=4,sr<=70%,kvB<=16k,kp<=64k,0.48,1
512,n<=4,sr<=70%,kvB<=16k,kp<=8k,0.1026,2
512,n<=4,sr<=70%,kvB<=16k,kp=0,0.9912,2
512,n<=4,sr<=70%,kvB<=1k,kp<=16k,-0.3363,1
512,n<=4,sr<=70%,kvB<=1k,kp<=1k,-0.0836,2
512,n<=4,sr<=70%,kvB<=1k,kp<=2k,-0.0459,2
512,n<=4,sr<=70%,kvB<=1k,kp<=4k,-1.6667,1
512,n<=4,sr<=70%,kvB<=1k,kp<=512,-0.0973,2
512,n<=4,sr<=70%,kvB<=1k,kp<=64k,1.357,1
512,n<=4,sr<=70%,kvB<=1k,kp=0,0.5518,2
512,n<=4,sr<=70%,kvB<=4k,kp<=16k,0.1801,2
512,n<=4,sr<=70%,kvB<=4k,kp<=1k,0.6846,2
512,n<=4,sr<=70%,kvB<=4k,kp<=2k,0.1571,2
512,n<=4,sr<=70%,kvB<=4k,kp<=32k,0.4102,1
512,n<=4,sr<=70%,kvB<=4k,kp<=4k,-0.295,2
512,n<=4,sr<=70%,kvB<=4k,kp<=512,0.7221,2
512,n<=4,sr<=70%,kvB<=4k,kp<=64k,0.4256,1
512,n<=4,sr<=70%,kvB<=4k,kp<=8k,0.5875,2
512,n<=4,sr<=70%,kvB<=4k,kp=0,0.8583,2
512,n<=4,sr<=70%,kvB<=64k,kp<=16k,0.8044,2
512,n<=4,sr<=70%,kvB<=64k,kp<=1k,0.9773,2
512,n<=4,sr<=70%,kvB<=64k,kp<=2k,0.9646,2
512,n<=4,sr<=70%,kvB<=64k,kp<=32k,0.0848,2
512,n<=4,sr<=70%,kvB<=64k,kp<=4k,0.9723,2
512,n<=4,sr<=70%,kvB<=64k,kp<=512,0.9805,2
512,n<=4,sr<=70%,kvB<=64k,kp<=64k,-0.2213,2
512,n<=4,sr<=70%,kvB<=64k,kp<=8k,0.9248,2
512,n<=4,sr<=70%,kvB<=64k,kp=0,0.9915,2
512,n<=4,sr>70%,kvB<=16k,kp<=16k,-1.1685,2
512,n<=4,sr>70%,kvB<=16k,kp<=1k,0.9199,2
512,n<=4,sr>70%,kvB<=16k,kp<=2k,0.9119,2
512,n<=4,sr>70%,kvB<=16k,kp<=32k,0.282,2
512,n<=4,sr>70%,kvB<=16k,kp<=4k,0.9296,2
512,n<=4,sr>70%,kvB<=16k,kp<=512,0.9591,2
512,n<=4,sr>70%,kvB<=16k,kp<=64k,0.6249,1
512,n<=4,sr>70%,kvB<=16k,kp<=8k,0.0524,2
512,n<=4,sr>70%,kvB<=16k,kp=0,0.9681,2
512,n<=4,sr>70%,kvB<=1k,kp<=16k,2.1035,2
512,n<=4,sr>70%,kvB<=1k,kp<=1k,-0.5579,1
512,n<=4,sr>70%,kvB<=1k,kp<=2k,0.452,1
512,n<=4,sr>70%,kvB<=1k,kp<=32k,4.0439,1
512,n<=4,sr>70%,kvB<=1k,kp<=4k,0.084,1
512,n<=4,sr>70%,kvB<=1k,kp<=512,-0.1791,2
512,n<=4,sr>70%,kvB<=1k,kp=0,0.5567,2
512,n<=4,sr>70%,kvB<=4k,kp<=16k,0.552,1
512,n<=4,sr>70%,kvB<=4k,kp<=1k,0.5542,2
512,n<=4,sr>70%,kvB<=4k,kp<=2k,-0.0617,2
512,n<=4,sr>70%,kvB<=4k,kp<=4k,-0.8109,2
512,n<=4,sr>70%,kvB<=4k,kp<=512,0.6998,2
512,n<=4,sr>70%,kvB<=4k,kp<=64k,-3.1454,1
512,n<=4,sr>70%,kvB<=4k,kp<=8k,0.4426,2
512,n<=4,sr>70%,kvB<=4k,kp=0,0.8874,2
512,n<=4,sr>70%,kvB<=64k,kp<=16k,0.8904,2
512,n<=4,sr>70%,kvB<=64k,kp<=1k,0.9646,2
512,n<=4,sr>70%,kvB<=64k,kp<=2k,0.9699,2
512,n<=4,sr>70%,kvB<=64k,kp<=32k,0.0415,2
512,n<=4,sr>70%,kvB<=64k,kp<=4k,0.9509,2
512,n<=4,sr>70%,kvB<=64k,kp<=512,0.9763,2
512,n<=4,sr>70%,kvB<=64k,kp<=64k,-0.6557,2
512,n<=4,sr>70%,kvB<=64k,kp<=8k,0.8961,2
512,n<=4,sr>70%,kvB<=64k,kp=0,0.9852,2
512,n<=64,sr<=15%,kvB<=16k,kp<=16k,0.0211,4
512,n<=64,sr<=15%,kvB<=16k,kp<=1k,0.0551,4
512,n<=64,sr<=15%,kvB<=16k,kp<=2k,0.0238,4
512,n<=64,sr<=15%,kvB<=16k,kp<=32k,0.0071,4
512,n<=64,sr<=15%,kvB<=16k,kp<=4k,0.0317,4
512,n<=64,sr<=15%,kvB<=16k,kp<=512,0.0645,4
512,n<=64,sr<=15%,kvB<=16k,kp<=64k,0.0133,4
512,n<=64,sr<=15%,kvB<=16k,kp<=8k,0.0269,4
512,n<=64,sr<=15%,kvB<=16k,kp=0,0.0629,4
512,n<=64,sr<=15%,kvB<=1k,kp<=16k,0.0627,4
512,n<=64,sr<=15%,kvB<=1k,kp<=1k,0.0648,4
512,n<=64,sr<=15%,kvB<=1k,kp<=2k,0.0669,4
512,n<=64,sr<=15%,kvB<=1k,kp<=32k,0.0665,4
512,n<=64,sr<=15%,kvB<=1k,kp<=4k,0.0619,4
512,n<=64,sr<=15%,kvB<=1k,kp<=512,0.0739,4
512,n<=64,sr<=15%,kvB<=1k,kp<=64k,0.0721,4
512,n<=64,sr<=15%,kvB<=1k,kp<=8k,0.072,4
512,n<=64,sr<=15%,kvB<=1k,kp=0,0.1115,4
512,n<=64,sr<=15%,kvB<=4k,kp<=16k,0.0113,4
512,n<=64,sr<=15%,kvB<=4k,kp<=1k,0.0499,4
512,n<=64,sr<=15%,kvB<=4k,kp<=2k,0.0377,4
512,n<=64,sr<=15%,kvB<=4k,kp<=32k,0.0122,4
512,n<=64,sr<=15%,kvB<=4k,kp<=4k,0.0057,4
512,n<=64,sr<=15%,kvB<=4k,kp<=512,0.0554,4
512,n<=64,sr<=15%,kvB<=4k,kp<=64k,0.0115,4
512,n<=64,sr<=15%,kvB<=4k,kp<=8k,0.007,4
512,n<=64,sr<=15%,kvB<=4k,kp=0,0.0576,4
512,n<=64,sr<=15%,kvB<=64k,kp<=16k,-0.0151,4
512,n<=64,sr<=15%,kvB<=64k,kp<=1k,0.1312,4
512,n<=64,sr<=15%,kvB<=64k,kp<=2k,0.116,4
512,n<=64,sr<=15%,kvB<=64k,kp<=32k,-0.0049,4
512,n<=64,sr<=15%,kvB<=64k,kp<=4k,0.0424,4
512,n<=64,sr<=15%,kvB<=64k,kp<=512,0.1267,4
512,n<=64,sr<=15%,kvB<=64k,kp<=64k,0.0109,4
512,n<=64,sr<=15%,kvB<=64k,kp<=8k,0.019,4
512,n<=64,sr<=15%,kvB<=64k,kp=0,0.1307,4
512,n<=64,sr<=40%,kvB<=16k,kp<=16k,0.1854,2
512,n<=64,sr<=40%,kvB<=16k,kp<=1k,0.1681,2
512,n<=64,sr<=40%,kvB<=16k,kp<=2k,0.1658,2
512,n<=64,sr<=40%,kvB<=16k,kp<=32k,0.0722,2
512,n<=64,sr<=40%,kvB<=16k,kp<=4k,0.0531,2
512,n<=64,sr<=40%,kvB<=16k,kp<=512,0.1717,2
512,n<=64,sr<=40%,kvB<=16k,kp<=64k,0.1037,2
512,n<=64,sr<=40%,kvB<=16k,kp<=8k,0.1083,2
512,n<=64,sr<=40%,kvB<=16k,kp=0,0.1778,2
512,n<=64,sr<=40%,kvB<=1k,kp<=16k,0.0887,2
512,n<=64,sr<=40%,kvB<=1k,kp<=1k,0.0952,2
512,n<=64,sr<=40%,kvB<=1k,kp<=2k,0.0931,2
512,n<=64,sr<=40%,kvB<=1k,kp<=32k,0.1491,2
512,n<=64,sr<=40%,kvB<=1k,kp<=4k,0.1029,2
512,n<=64,sr<=40%,kvB<=1k,kp<=512,0.0942,2
512,n<=64,sr<=40%,kvB<=1k,kp<=64k,0.0261,2
512,n<=64,sr<=40%,kvB<=1k,kp<=8k,0.1326,2
512,n<=64,sr<=40%,kvB<=1k,kp=0,0.1343,2
512,n<=64,sr<=40%,kvB<=4k,kp<=16k,0.0009,2
512,n<=64,sr<=40%,kvB<=4k,kp<=1k,0.0371,2
512,n<=64,sr<=40%,kvB<=4k,kp<=2k,0.0271,2
512,n<=64,sr<=40%,kvB<=4k,kp<=32k,0.0107,2
512,n<=64,sr<=40%,kvB<=4k,kp<=4k,-0.0102,2
512,n<=64,sr<=40%,kvB<=4k,kp<=512,0.041,2
512,n<=64,sr<=40%,kvB<=4k,kp<=64k,-0.0064,2
512,n<=64,sr<=40%,kvB<=4k,kp<=8k,-0.0035,2
512,n<=64,sr<=40%,kvB<=4k,kp=0,0.0404,2
512,n<=64,sr<=40%,kvB<=64k,kp<=16k,0.0859,2
512,n<=64,sr<=40%,kvB<=64k,kp<=1k,0.3426,2
512,n<=64,sr<=40%,kvB<=64k,kp<=2k,0.3713,2
512,n<=64,sr<=40%,kvB<=64k,kp<=32k,0.1924,2
512,n<=64,sr<=40%,kvB<=64k,kp<=4k,0.0382,2
512,n<=64,sr<=40%,kvB<=64k,kp<=512,0.343,2
512,n<=64,sr<=40%,kvB<=64k,kp<=64k,0.0071,2
512,n<=64,sr<=40%,kvB<=64k,kp<=8k,0.0137,2
512,n<=64,sr<=40%,kvB<=64k,kp=0,0.3354,2
512,n<=64,sr<=5%,kvB<=16k,kp<=16k,-0.0241,6
512,n<=64,sr<=5%,kvB<=16k,kp<=1k,0.0514,6
512,n<=64,sr<=5%,kvB<=16k,kp<=2k,0.0406,6
512,n<=64,sr<=5%,kvB<=16k,kp<=32k,-0.0027,6
512,n<=64,sr<=5%,kvB<=16k,kp<=4k,0.024,6
512,n<=64,sr<=5%,kvB<=16k,kp<=512,0.0525,6
512,n<=64,sr<=5%,kvB<=16k,kp<=64k,-0.0033,6
512,n<=64,sr<=5%,kvB<=16k,kp<=8k,0.0202,6
512,n<=64,sr<=5%,kvB<=16k,kp=0,0.0519,6
512,n<=64,sr<=5%,kvB<=1k,kp<=16k,0.0139,6
512,n<=64,sr<=5%,kvB<=1k,kp<=1k,0.0148,6
512,n<=64,sr<=5%,kvB<=1k,kp<=2k,0.0186,6
512,n<=64,sr<=5%,kvB<=1k,kp<=32k,0.0303,6
512,n<=64,sr<=5%,kvB<=1k,kp<=4k,0.0133,6
512,n<=64,sr<=5%,kvB<=1k,kp<=512,0.0243,6
512,n<=64,sr<=5%,kvB<=1k,kp<=64k,0.095,6
512,n<=64,sr<=5%,kvB<=1k,kp<=8k,0.0213,6
512,n<=64,sr<=5%,kvB<=1k,kp=0,0.066,6
512,n<=64,sr<=5%,kvB<=4k,kp<=16k,0.0053,6
512,n<=64,sr<=5%,kvB<=4k,kp<=1k,0.0549,6
512,n<=64,sr<=5%,kvB<=4k,kp<=2k,0.038,6
512,n<=64,sr<=5%,kvB<=4k,kp<=32k,0.0084,6
512,n<=64,sr<=5%,kvB<=4k,kp<=4k,0.0094,6
512,n<=64,sr<=5%,kvB<=4k,kp<=512,0.0574,6
512,n<=64,sr<=5%,kvB<=4k,kp<=64k,0.0086,6
512,n<=64,sr<=5%,kvB<=4k,kp<=8k,0.01,6
512,n<=64,sr<=5%,kvB<=4k,kp=0,0.0587,6
512,n<=64,sr<=5%,kvB<=64k,kp<=16k,0.0158,6
512,n<=64,sr<=5%,kvB<=64k,kp<=1k,0.0838,6
512,n<=64,sr<=5%,kvB<=64k,kp<=2k,0.0852,6
512,n<=64,sr<=5%,kvB<=64k,kp<=32k,0.0066,6
512,n<=64,sr<=5%,kvB<=64k,kp<=4k,0.0373,6
512,n<=64,sr<=5%,kvB<=64k,kp<=512,0.0775,6
512,n<=64,sr<=5%,kvB<=64k,kp<=64k,-0.0545,6
512,n<=64,sr<=5%,kvB<=64k,kp<=8k,0.0271,6
512,n<=64,sr<=5%,kvB<=64k,kp=0,0.0763,6
512,n<=64,sr<=70%,kvB<=16k,kp<=16k,0.5545,2
512,n<=64,sr<=70%,kvB<=16k,kp<=1k,1.0353,2
512,n<=64,sr<=70%,kvB<=16k,kp<=2k,0.7443,2
512,n<=64,sr<=70%,kvB<=16k,kp<=32k,0.4501,2
512,n<=64,sr<=70%,kvB<=16k,kp<=4k,0.1215,2
512,n<=64,sr<=70%,kvB<=16k,kp<=512,1.0474,2
512,n<=64,sr<=70%,kvB<=16k,kp<=64k,0.1097,2
512,n<=64,sr<=70%,kvB<=16k,kp<=8k,0.325,2
512,n<=64,sr<=70%,kvB<=16k,kp=0,1.0363,2
512,n<=64,sr<=70%,kvB<=1k,kp<=16k,-0.0108,2
512,n<=64,sr<=70%,kvB<=1k,kp<=1k,0.0298,2
512,n<=64,sr<=70%,kvB<=1k,kp<=2k,0.0565,2
512,n<=64,sr<=70%,kvB<=1k,kp<=32k,0.1496,2
512,n<=64,sr<=70%,kvB<=1k,kp<=4k,0.0433,2
512,n<=64,sr<=70%,kvB<=1k,kp<=512,0.0612,2
512,n<=64,sr<=70%,kvB<=1k,kp<=64k,0.0777,2
512,n<=64,sr<=70%,kvB<=1k,kp<=8k,0.0621,2
512,n<=64,sr<=70%,kvB<=1k,kp=0,0.0665,2
512,n<=64,sr<=70%,kvB<=4k,kp<=16k,-0.048,2
512,n<=64,sr<=70%,kvB<=4k,kp<=1k,0.0013,2
512,n<=64,sr<=70%,kvB<=4k,kp<=2k,-0.0411,2
512,n<=64,sr<=70%,kvB<=4k,kp<=32k,-0.0429,2
512,n<=64,sr<=70%,kvB<=4k,kp<=4k,-0.0346,2
512,n<=64,sr<=70%,kvB<=4k,kp<=512,-0.0034,2
512,n<=64,sr<=70%,kvB<=4k,kp<=64k,-0.0509,2
512,n<=64,sr<=70%,kvB<=4k,kp<=8k,-0.0831,2
512,n<=64,sr<=70%,kvB<=4k,kp=0,-0.0101,2
512,n<=64,sr<=70%,kvB<=64k,kp<=16k,0.0079,2
512,n<=64,sr<=70%,kvB<=64k,kp<=1k,1.0723,2
512,n<=64,sr<=70%,kvB<=64k,kp<=2k,0.8232,2
512,n<=64,sr<=70%,kvB<=64k,kp<=32k,-0.0212,2
512,n<=64,sr<=70%,kvB<=64k,kp<=4k,0.094,2
512,n<=64,sr<=70%,kvB<=64k,kp<=512,0.9675,2
512,n<=64,sr<=70%,kvB<=64k,kp<=64k,0.2198,2
512,n<=64,sr<=70%,kvB<=64k,kp<=8k,-0.0054,2
512,n<=64,sr<=70%,kvB<=64k,kp=0,0.9493,2
512,n<=64,sr>70%,kvB<=16k,kp<=16k,2.1933,4
512,n<=64,sr>70%,kvB<=16k,kp<=1k,2.8415,4
512,n<=64,sr>70%,kvB<=16k,kp<=2k,2.4175,4
512,n<=64,sr>70%,kvB<=16k,kp<=32k,1.0352,4
512,n<=64,sr>70%,kvB<=16k,kp<=4k,0.3157,4
512,n<=64,sr>70%,kvB<=16k,kp<=512,3.0141,4
512,n<=64,sr>70%,kvB<=16k,kp<=64k,0.7585,2
512,n<=64,sr>70%,kvB<=16k,kp<=8k,0.2245,4
512,n<=64,sr>70%,kvB<=16k,kp=0,2.8859,4
512,n<=64,sr>70%,kvB<=1k,kp<=16k,0.3112,4
512,n<=64,sr>70%,kvB<=1k,kp<=1k,0.2464,4
512,n<=64,sr>70%,kvB<=1k,kp<=2k,0.2345,4
512,n<=64,sr>70%,kvB<=1k,kp<=32k,0.35,4
512,n<=64,sr>70%,kvB<=1k,kp<=4k,0.2378,4
512,n<=64,sr>70%,kvB<=1k,kp<=512,0.2633,4
512,n<=64,sr>70%,kvB<=1k,kp<=64k,0.64,4
512,n<=64,sr>70%,kvB<=1k,kp<=8k,0.315,4
512,n<=64,sr>70%,kvB<=1k,kp=0,0.2789,4
512,n<=64,sr>70%,kvB<=4k,kp<=16k,-0.0849,4
512,n<=64,sr>70%,kvB<=4k,kp<=1k,-0.246,4
512,n<=64,sr>70%,kvB<=4k,kp<=2k,-0.0814,4
512,n<=64,sr>70%,kvB<=4k,kp<=32k,-0.2022,4
512,n<=64,sr>70%,kvB<=4k,kp<=4k,-0.1583,4
512,n<=64,sr>70%,kvB<=4k,kp<=512,-0.283,4
512,n<=64,sr>70%,kvB<=4k,kp<=64k,-0.107,4
512,n<=64,sr>70%,kvB<=4k,kp<=8k,-0.1345,4
512,n<=64,sr>70%,kvB<=4k,kp=0,-0.3842,4
512,n<=64,sr>70%,kvB<=64k,kp<=16k,0.1562,4
512,n<=64,sr>70%,kvB<=64k,kp<=1k,2.3532,4
512,n<=64,sr>70%,kvB<=64k,kp<=2k,2.3668,4
512,n<=64,sr>70%,kvB<=64k,kp<=32k,0.3802,4
512,n<=64,sr>70%,kvB<=64k,kp<=4k,0.3488,4
512,n<=64,sr>70%,kvB<=64k,kp<=512,2.3451,4
512,n<=64,sr>70%,kvB<=64k,kp<=64k,1.3719,4
512,n<=64,sr>70%,kvB<=64k,kp<=8k,0.1602,4
512,n<=64,sr>70%,kvB<=64k,kp=0,2.4365,4
512,n<=8,sr<=15%,kvB<=16k,kp<=16k,-0.0926,2
512,n<=8,sr<=15%,kvB<=16k,kp<=1k,0.4103,2
512,n<=8,sr<=15%,kvB<=16k,kp<=2k,0.426,2
512,n<=8,sr<=15%,kvB<=16k,kp<=32k,-0.0411,2
512,n<=8,sr<=15%,kvB<=16k,kp<=4k,0.4114,2
512,n<=8,sr<=15%,kvB<=16k,kp<=512,0.3944,2
512,n<=8,sr<=15%,kvB<=16k,kp<=64k,-0.0833,2
512,n<=8,sr<=15%,kvB<=16k,kp<=8k,0.4367,2
512,n<=8,sr<=15%,kvB<=16k,kp=0,0.376,2
512,n<=8,sr<=15%,kvB<=1k,kp<=16k,-0.0214,2
512,n<=8,sr<=15%,kvB<=1k,kp<=1k,0.0431,2
512,n<=8,sr<=15%,kvB<=1k,kp<=2k,0.0277,2
512,n<=8,sr<=15%,kvB<=1k,kp<=32k,-0.3855,1
512,n<=8,sr<=15%,kvB<=1k,kp<=4k,0.0253,2
512,n<=8,sr<=15%,kvB<=1k,kp<=512,0.1595,2
512,n<=8,sr<=15%,kvB<=1k,kp<=64k,-1.3988,1
512,n<=8,sr<=15%,kvB<=1k,kp<=8k,-0.0108,2
512,n<=8,sr<=15%,kvB<=1k,kp=0,0.4284,2
512,n<=8,sr<=15%,kvB<=4k,kp<=16k,-0.055,2
512,n<=8,sr<=15%,kvB<=4k,kp<=1k,0.4008,2
512,n<=8,sr<=15%,kvB<=4k,kp<=2k,0.2741,2
512,n<=8,sr<=15%,kvB<=4k,kp<=32k,-0.0338,2
512,n<=8,sr<=15%,kvB<=4k,kp<=4k,-0.1049,2
512,n<=8,sr<=15%,kvB<=4k,kp<=512,0.4177,2
512,n<=8,sr<=15%,kvB<=4k,kp<=64k,0.0354,2
512,n<=8,sr<=15%,kvB<=4k,kp<=8k,-0.1036,2
512,n<=8,sr<=15%,kvB<=4k,kp=0,0.4194,2
512,n<=8,sr<=15%,kvB<=64k,kp<=16k,0.3951,2
512,n<=8,sr<=15%,kvB<=64k,kp<=1k,0.3905,2
512,n<=8,sr<=15%,kvB<=64k,kp<=2k,0.4003,2
512,n<=8,sr<=15%,kvB<=64k,kp<=32k,0.4507,2
512,n<=8,sr<=15%,kvB<=64k,kp<=4k,0.4021,2
512,n<=8,sr<=15%,kvB<=64k,kp<=512,0.3894,2
512,n<=8,sr<=15%,kvB<=64k,kp<=64k,-0.0977,2
512,n<=8,sr<=15%,kvB<=64k,kp<=8k,0.375,2
512,n<=8,sr<=15%,kvB<=64k,kp=0,0.3891,2
512,n<=8,sr<=40%,kvB<=16k,kp<=16k,-0.0586,4
512,n<=8,sr<=40%,kvB<=16k,kp<=1k,0.3097,4
512,n<=8,sr<=40%,kvB<=16k,kp<=2k,0.3895,4
512,n<=8,sr<=40%,kvB<=16k,kp<=32k,-0.2803,4
512,n<=8,sr<=40%,kvB<=16k,kp<=4k,0.4628,4
512,n<=8,sr<=40%,kvB<=16k,kp<=512,0.283,4
512,n<=8,sr<=40%,kvB<=16k,kp<=64k,-0.1516,4
512,n<=8,sr<=40%,kvB<=16k,kp<=8k,0.4146,4
512,n<=8,sr<=40%,kvB<=16k,kp=0,0.2442,4
512,n<=8,sr<=40%,kvB<=1k,kp<=16k,-0.0128,4
512,n<=8,sr<=40%,kvB<=1k,kp<=1k,0.1315,4
512,n<=8,sr<=40%,kvB<=1k,kp<=2k,-0.0137,4
512,n<=8,sr<=40%,kvB<=1k,kp<=32k,-0.3425,4
512,n<=8,sr<=40%,kvB<=1k,kp<=4k,-0.1748,4
512,n<=8,sr<=40%,kvB<=1k,kp<=512,0.2034,4
512,n<=8,sr<=40%,kvB<=1k,kp<=64k,0.4878,4
512,n<=8,sr<=40%,kvB<=1k,kp<=8k,-0.1927,4
512,n<=8,sr<=40%,kvB<=1k,kp=0,0.4185,4
512,n<=8,sr<=40%,kvB<=4k,kp<=16k,-0.2525,4
512,n<=8,sr<=40%,kvB<=4k,kp<=1k,0.4534,4
512,n<=8,sr<=40%,kvB<=4k,kp<=2k,0.3837,4
512,n<=8,sr<=40%,kvB<=4k,kp<=32k,-0.0494,4
512,n<=8,sr<=40%,kvB<=4k,kp<=4k,-0.0427,4
512,n<=8,sr<=40%,kvB<=4k,kp<=512,0.4083,4
512,n<=8,sr<=40%,kvB<=4k,kp<=64k,0.0801,3
512,n<=8,sr<=40%,kvB<=4k,kp<=8k,-0.2057,4
512,n<=8,sr<=40%,kvB<=4k,kp=0,0.3477,4
512,n<=8,sr<=40%,kvB<=64k,kp<=16k,0.4444,4
512,n<=8,sr<=40%,kvB<=64k,kp<=1k,0.2492,4
512,n<=8,sr<=40%,kvB<=64k,kp<=2k,0.2717,4
512,n<=8,sr<=40%,kvB<=64k,kp<=32k,0.4187,4
512,n<=8,sr<=40%,kvB<=64k,kp<=4k,0.3029,4
512,n<=8,sr<=40%,kvB<=64k,kp<=512,0.2516,4
512,n<=8,sr<=40%,kvB<=64k,kp<=64k,-0.0244,4
512,n<=8,sr<=40%,kvB<=64k,kp<=8k,0.342,4
512,n<=8,sr<=40%,kvB<=64k,kp=0,0.2497,4
512,n<=8,sr<=70%,kvB<=16k,kp<=16k,0.4791,2
512,n<=8,sr<=70%,kvB<=16k,kp<=1k,0.2091,2
512,n<=8,sr<=70%,kvB<=16k,kp<=2k,0.2995,2
512,n<=8,sr<=70%,kvB<=16k,kp<=32k,-0.3542,2
512,n<=8,sr<=70%,kvB<=16k,kp<=4k,0.3569,2
512,n<=8,sr<=70%,kvB<=16k,kp<=512,0.1099,2
512,n<=8,sr<=70%,kvB<=16k,kp<=64k,-0.4319,2
512,n<=8,sr<=70%,kvB<=16k,kp<=8k,0.5549,2
512,n<=8,sr<=70%,kvB<=16k,kp=0,0.0209,2
512,n<=8,sr<=70%,kvB<=1k,kp<=16k,-0.5118,2
512,n<=8,sr<=70%,kvB<=1k,kp<=1k,0.1567,2
512,n<=8,sr<=70%,kvB<=1k,kp<=2k,0.0109,2
512,n<=8,sr<=70%,kvB<=1k,kp<=32k,0.5818,1
512,n<=8,sr<=70%,kvB<=1k,kp<=4k,-0.2751,2
512,n<=8,sr<=70%,kvB<=1k,kp<=512,0.3815,2
512,n<=8,sr<=70%,kvB<=1k,kp<=64k,1.7339,2
512,n<=8,sr<=70%,kvB<=1k,kp<=8k,-0.3291,2
512,n<=8,sr<=70%,kvB<=1k,kp=0,0.3893,2
512,n<=8,sr<=70%,kvB<=4k,kp<=16k,-0.6521,2
512,n<=8,sr<=70%,kvB<=4k,kp<=1k,0.4432,2
512,n<=8,sr<=70%,kvB<=4k,kp<=2k,0.5043,2
512,n<=8,sr<=70%,kvB<=4k,kp<=32k,-0.2577,2
512,n<=8,sr<=70%,kvB<=4k,kp<=4k,0.4942,2
512,n<=8,sr<=70%,kvB<=4k,kp<=512,0.3967,2
512,n<=8,sr<=70%,kvB<=4k,kp<=64k,0.1919,1
512,n<=8,sr<=70%,kvB<=4k,kp<=8k,-0.4027,2
512,n<=8,sr<=70%,kvB<=4k,kp=0,0.2532,2
512,n<=8,sr<=70%,kvB<=64k,kp<=16k,0.3137,2
512,n<=8,sr<=70%,kvB<=64k,kp<=1k,0.0001,2
512,n<=8,sr<=70%,kvB<=64k,kp<=2k,0.0525,2
512,n<=8,sr<=70%,kvB<=64k,kp<=32k,0.6159,2
512,n<=8,sr<=70%,kvB<=64k,kp<=4k,0.1828,2
512,n<=8,sr<=70%,kvB<=64k,kp<=512,-0.0183,2
512,n<=8,sr<=70%,kvB<=64k,kp<=64k,0.5867,2
512,n<=8,sr<=70%,kvB<=64k,kp<=8k,0.2326,2
512,n<=8,sr<=70%,kvB<=64k,kp=0,-0.0159,2
512,n<=8,sr>70%,kvB<=16k,kp<=16k,0.8829,4
512,n<=8,sr>70%,kvB<=16k,kp<=1k,0.8067,4
512,n<=8,sr>70%,kvB<=16k,kp<=2k,0.6465,4
512,n<=8,sr>70%,kvB<=16k,kp<=32k,0.6667,4
512,n<=8,sr>70%,kvB<=16k,kp<=4k,0.4718,4
512,n<=8,sr>70%,kvB<=16k,kp<=512,0.8225,4
512,n<=8,sr>70%,kvB<=16k,kp<=64k,0.387,4
512,n<=8,sr>70%,kvB<=16k,kp<=8k,0.8149,4
512,n<=8,sr>70%,kvB<=16k,kp=0,0.8579,4
512,n<=8,sr>70%,kvB<=1k,kp<=16k,0.5273,4
512,n<=8,sr>70%,kvB<=1k,kp<=1k,0.5659,4
512,n<=8,sr>70%,kvB<=1k,kp<=2k,0.4495,4
512,n<=8,sr>70%,kvB<=1k,kp<=32k,1.1316,4
512,n<=8,sr>70%,kvB<=1k,kp<=4k,0.7719,4
512,n<=8,sr>70%,kvB<=1k,kp<=512,0.6248,4
512,n<=8,sr>70%,kvB<=1k,kp<=64k,-0.0761,4
512,n<=8,sr>70%,kvB<=1k,kp<=8k,0.3012,4
512,n<=8,sr>70%,kvB<=1k,kp=0,0.5735,4
512,n<=8,sr>70%,kvB<=4k,kp<=16k,0.4082,4
512,n<=8,sr>70%,kvB<=4k,kp<=1k,0.6669,4
512,n<=8,sr>70%,kvB<=4k,kp<=2k,0.7019,4
512,n<=8,sr>70%,kvB<=4k,kp<=32k,0.2412,4
512,n<=8,sr>70%,kvB<=4k,kp<=4k,0.8273,4
512,n<=8,sr>70%,kvB<=4k,kp<=512,0.5099,4
512,n<=8,sr>70%,kvB<=4k,kp<=64k,0.4887,2
512,n<=8,sr>70%,kvB<=4k,kp<=8k,0.8223,4
512,n<=8,sr>70%,kvB<=4k,kp=0,0.6677,4
512,n<=8,sr>70%,kvB<=64k,kp<=16k,0.4222,4
512,n<=8,sr>70%,kvB<=64k,kp<=1k,1.0189,4
512,n<=8,sr>70%,kvB<=64k,kp<=2k,1.0265,4
512,n<=8,sr>70%,kvB<=64k,kp<=32k,0.8296,4
512,n<=8,sr>70%,kvB<=64k,kp<=4k,1.1455,4
512,n<=8,sr>70%,kvB<=64k,kp<=512,0.999,4
512,n<=8,sr>70%,kvB<=64k,kp<=64k,0.9345,4
512,n<=8,sr>70%,kvB<=64k,kp<=8k,0.6226,4
512,n<=8,sr>70%,kvB<=64k,kp=0,1.005,4
1024,n<=16,sr<=15%,kvB<=16k,kp<=16k,-0.0397,4
1024,n<=16,sr<=15%,kvB<=16k,kp<=1k,0.2704,4
1024,n<=16,sr<=15%,kvB<=16k,kp<=2k,0.2611,4
1024,n<=16,sr<=15%,kvB<=16k,kp<=32k,0.0151,4
1024,n<=16,sr<=15%,kvB<=16k,kp<=4k,0.2139,4
1024,n<=16,sr<=15%,kvB<=16k,kp<=512,0.2726,4
1024,n<=16,sr<=15%,kvB<=16k,kp<=64k,0.0036,4
1024,n<=16,sr<=15%,kvB<=16k,kp<=8k,0.1688,4
1024,n<=16,sr<=15%,kvB<=16k,kp=0,0.2815,4
1024,n<=16,sr<=15%,kvB<=1k,kp<=16k,0.0742,4
1024,n<=16,sr<=15%,kvB<=1k,kp<=1k,0.0922,4
1024,n<=16,sr<=15%,kvB<=1k,kp<=2k,0.0693,4
1024,n<=16,sr<=15%,kvB<=1k,kp<=32k,0.1451,4
1024,n<=16,sr<=15%,kvB<=1k,kp<=4k,0.0538,4
1024,n<=16,sr<=15%,kvB<=1k,kp<=512,0.0769,4
1024,n<=16,sr<=15%,kvB<=1k,kp<=64k,0.2338,4
1024,n<=16,sr<=15%,kvB<=1k,kp<=8k,0.0569,4
1024,n<=16,sr<=15%,kvB<=1k,kp=0,0.1042,4
1024,n<=16,sr<=15%,kvB<=4k,kp<=16k,0.0133,4
1024,n<=16,sr<=15%,kvB<=4k,kp<=1k,0.1932,4
1024,n<=16,sr<=15%,kvB<=4k,kp<=2k,0.1203,4
1024,n<=16,sr<=15%,kvB<=4k,kp<=32k,0.0254,4
1024,n<=16,sr<=15%,kvB<=4k,kp<=4k,0.0204,4
1024,n<=16,sr<=15%,kvB<=4k,kp<=512,0.2344,4
1024,n<=16,sr<=15%,kvB<=4k,kp<=64k,-0.0051,4
1024,n<=16,sr<=15%,kvB<=4k,kp<=8k,0.0312,4
1024,n<=16,sr<=15%,kvB<=4k,kp=0,0.2606,4
1024,n<=16,sr<=15%,kvB<=64k,kp<=16k,0.1492,4
1024,n<=16,sr<=15%,kvB<=64k,kp<=1k,0.3028,4
1024,n<=16,sr<=15%,kvB<=64k,kp<=2k,0.2804,4
1024,n<=16,sr<=15%,kvB<=64k,kp<=32k,0.1413,4
1024,n<=16,sr<=15%,kvB<=64k,kp<=4k,0.1979,4
1024,n<=16,sr<=15%,kvB<=64k,kp<=512,0.2997,4
1024,n<=16,sr<=15%,kvB<=64k,kp<=64k,-0.0422,4
1024,n<=16,sr<=15%,kvB<=64k,kp<=8k,0.1392,4
1024,n<=16,sr<=15%,kvB<=64k,kp=0,0.301,4
1024,n<=16,sr<=40%,kvB<=16k,kp<=16k,0.0106,4
1024,n<=16,sr<=40%,kvB<=16k,kp<=1k,0.251,4
1024,n<=16,sr<=40%,kvB<=16k,kp<=2k,0.2382,4
1024,n<=16,sr<=40%,kvB<=16k,kp<=32k,0.0012,4
1024,n<=16,sr<=40%,kvB<=16k,kp<=4k,0.2044,4
1024,n<=16,sr<=40%,kvB<=16k,kp<=512,0.2654,4
1024,n<=16,sr<=40%,kvB<=16k,kp<=64k,-0.005,4
1024,n<=16,sr<=40%,kvB<=16k,kp<=8k,0.1668,4
1024,n<=16,sr<=40%,kvB<=16k,kp=0,0.2734,4
1024,n<=16,sr<=40%,kvB<=1k,kp<=16k,0.0676,4
1024,n<=16,sr<=40%,kvB<=1k,kp<=1k,0.0721,4
1024,n<=16,sr<=40%,kvB<=1k,kp<=2k,0.1015,4
1024,n<=16,sr<=40%,kvB<=1k,kp<=32k,0.1468,4
1024,n<=16,sr<=40%,kvB<=1k,kp<=4k,0.1148,4
1024,n<=16,sr<=40%,kvB<=1k,kp<=512,0.0691,4
1024,n<=16,sr<=40%,kvB<=1k,kp<=64k,0.1925,4
1024,n<=16,sr<=40%,kvB<=1k,kp<=8k,0.1029,4
1024,n<=16,sr<=40%,kvB<=1k,kp=0,0.1196,4
1024,n<=16,sr<=40%,kvB<=4k,kp<=16k,0.031,4
1024,n<=16,sr<=40%,kvB<=4k,kp<=1k,0.2025,4
1024,n<=16,sr<=40%,kvB<=4k,kp<=2k,0.1231,4
1024,n<=16,sr<=40%,kvB<=4k,kp<=32k,0.0306,4
1024,n<=16,sr<=40%,kvB<=4k,kp<=4k,0.0051,4
1024,n<=16,sr<=40%,kvB<=4k,kp<=512,0.2312,4
1024,n<=16,sr<=40%,kvB<=4k,kp<=64k,0.0383,4
1024,n<=16,sr<=40%,kvB<=4k,kp<=8k,0.0358,4
1024,n<=16,sr<=40%,kvB<=4k,kp=0,0.2505,4
1024,n<=16,sr<=40%,kvB<=64k,kp<=16k,0.1207,4
1024,n<=16,sr<=40%,kvB<=64k,kp<=1k,0.3201,4
1024,n<=16,sr<=40%,kvB<=64k,kp<=2k,0.3149,4
1024,n<=16,sr<=40%,kvB<=64k,kp<=32k,0.1589,4
1024,n<=16,sr<=40%,kvB<=64k,kp<=4k,0.2327,4
1024,n<=16,sr<=40%,kvB<=64k,kp<=512,0.2964,4
1024,n<=16,sr<=40%,kvB<=64k,kp<=64k,0.0104,4
1024,n<=16,sr<=40%,kvB<=64k,kp<=8k,0.0857,4
1024,n<=16,sr<=40%,kvB<=64k,kp=0,0.2791,4
1024,n<=16,sr<=70%,kvB<=16k,kp<=16k,0.003,2
1024,n<=16,sr<=70%,kvB<=16k,kp<=1k,0.234,2
1024,n<=16,sr<=70%,kvB<=16k,kp<=2k,0.2011,2
1024,n<=16,sr<=70%,kvB<=16k,kp<=32k,-0.2525,2
1024,n<=16,sr<=70%,kvB<=16k,kp<=4k,0.186,2
1024,n<=16,sr<=70%,kvB<=16k,kp<=512,0.247,2
1024,n<=16,sr<=70%,kvB<=16k,kp<=64k,-0.0578,2
1024,n<=16,sr<=70%,kvB<=16k,kp<=8k,0.2067,2
1024,n<=16,sr<=70%,kvB<=16k,kp=0,0.2519,2
1024,n<=16,sr<=70%,kvB<=1k,kp<=16k,0.0821,2
1024,n<=16,sr<=70%,kvB<=1k,kp<=1k,0.0653,2
1024,n<=16,sr<=70%,kvB<=1k,kp<=2k,0.0638,2
1024,n<=16,sr<=70%,kvB<=1k,kp<=32k,0.1108,2
1024,n<=16,sr<=70%,kvB<=1k,kp<=4k,0.1164,2
1024,n<=16,sr<=70%,kvB<=1k,kp<=512,0.0256,2
1024,n<=16,sr<=70%,kvB<=1k,kp<=64k,0.3575,2
1024,n<=16,sr<=70%,kvB<=1k,kp<=8k,0.0499,2
1024,n<=16,sr<=70%,kvB<=1k,kp=0,0.1233,2
1024,n<=16,sr<=70%,kvB<=4k,kp<=16k,0.0124,2
1024,n<=16,sr<=70%,kvB<=4k,kp<=1k,0.1886,2
1024,n<=16,sr<=70%,kvB<=4k,kp<=2k,0.1672,2
1024,n<=16,sr<=70%,kvB<=4k,kp<=32k,0.0473,2
1024,n<=16,sr<=70%,kvB<=4k,kp<=4k,0.0132,2
1024,n<=16,sr<=70%,kvB<=4k,kp<=512,0.2286,2
1024,n<=16,sr<=70%,kvB<=4k,kp<=64k,0.0406,2
1024,n<=16,sr<=70%,kvB<=4k,kp<=8k,-0.1222,2
1024,n<=16,sr<=70%,kvB<=4k,kp=0,0.2166,2
1024,n<=16,sr<=70%,kvB<=64k,kp<=16k,-0.0493,2
1024,n<=16,sr<=70%,kvB<=64k,kp<=1k,0.487,2
1024,n<=16,sr<=70%,kvB<=64k,kp<=2k,0.4397,2
1024,n<=16,sr<=70%,kvB<=64k,kp<=32k,0.1171,2
1024,n<=16,sr<=70%,kvB<=64k,kp<=4k,0.4837,2
1024,n<=16,sr<=70%,kvB<=64k,kp<=512,0.4016,2
1024,n<=16,sr<=70%,kvB<=64k,kp<=64k,0.0555,2
1024,n<=16,sr<=70%,kvB<=64k,kp<=8k,0.0398,2
1024,n<=16,sr<=70%,kvB<=64k,kp=0,0.363,2
1024,n<=16,sr>70%,kvB<=16k,kp<=16k,-0.0082,4
1024,n<=16,sr>70%,kvB<=16k,kp<=1k,0.5223,4
1024,n<=16,sr>70%,kvB<=16k,kp<=2k,0.2608,4
1024,n<=16,sr>70%,kvB<=16k,kp<=32k,0.4693,4
1024,n<=16,sr>70%,kvB<=16k,kp<=4k,0.1094,4
1024,n<=16,sr>70%,kvB<=16k,kp<=512,0.6273,4
1024,n<=16,sr>70%,kvB<=16k,kp<=64k,-0.3611,4
1024,n<=16,sr>70%,kvB<=16k,kp<=8k,0.2625,4
1024,n<=16,sr>70%,kvB<=16k,kp=0,0.7718,4
1024,n<=16,sr>70%,kvB<=1k,kp<=16k,0.4068,4
1024,n<=16,sr>70%,kvB<=1k,kp<=1k,0.1645,4
1024,n<=16,sr>70%,kvB<=1k,kp<=2k,0.2265,4
1024,n<=16,sr>70%,kvB<=1k,kp<=32k,0.5359,4
1024,n<=16,sr>70%,kvB<=1k,kp<=4k,0.2808,4
1024,n<=16,sr>70%,kvB<=1k,kp<=512,0.098,4
1024,n<=16,sr>70%,kvB<=1k,kp<=64k,0.7612,3
1024,n<=16,sr>70%,kvB<=1k,kp<=8k,0.2519,4
1024,n<=16,sr>70%,kvB<=1k,kp=0,0.4096,4
1024,n<=16,sr>70%,kvB<=4k,kp<=16k,-0.0933,4
1024,n<=16,sr>70%,kvB<=4k,kp<=1k,0.1996,4
1024,n<=16,sr>70%,kvB<=4k,kp<=2k,0.1807,4
1024,n<=16,sr>70%,kvB<=4k,kp<=32k,-0.1574,4
1024,n<=16,sr>70%,kvB<=4k,kp<=4k,-0.0177,4
1024,n<=16,sr>70%,kvB<=4k,kp<=512,0.2016,4
1024,n<=16,sr>70%,kvB<=4k,kp<=64k,0.0999,4
1024,n<=16,sr>70%,kvB<=4k,kp<=8k,0.3625,4
1024,n<=16,sr>70%,kvB<=4k,kp=0,0.2072,4
1024,n<=16,sr>70%,kvB<=64k,kp<=16k,0.0255,4
1024,n<=16,sr>70%,kvB<=64k,kp<=1k,1.5583,4
1024,n<=16,sr>70%,kvB<=64k,kp<=2k,1.7981,4
1024,n<=16,sr>70%,kvB<=64k,kp<=32k,0.8662,4
1024,n<=16,sr>70%,kvB<=64k,kp<=4k,2.235,4
1024,n<=16,sr>70%,kvB<=64k,kp<=512,1.2431,4
1024,n<=16,sr>70%,kvB<=64k,kp<=64k,0.1036,4
1024,n<=16,sr>70%,kvB<=64k,kp<=8k,-0.1296,4
1024,n<=16,sr>70%,kvB<=64k,kp=0,1.2431,4
1024,n<=2,sr<=70%,kvB<=16k,kp<=16k,-1.0309,2
1024,n<=2,sr<=70%,kvB<=16k,kp<=1k,0.9569,2
1024,n<=2,sr<=70%,kvB<=16k,kp<=2k,0.9061,2
1024,n<=2,sr<=70%,kvB<=16k,kp<=32k,-1.0478,2
1024,n<=2,sr<=70%,kvB<=16k,kp<=4k,0.859,2
1024,n<=2,sr<=70%,kvB<=16k,kp<=512,0.9671,2
1024,n<=2,sr<=70%,kvB<=16k,kp<=64k,-0.9624,2
1024,n<=2,sr<=70%,kvB<=16k,kp<=8k,0.5703,2
1024,n<=2,sr<=70%,kvB<=16k,kp=0,0.993,2
1024,n<=2,sr<=70%,kvB<=1k,kp<=16k,0.22,2
1024,n<=2,sr<=70%,kvB<=1k,kp<=1k,-0.0492,2
1024,n<=2,sr<=70%,kvB<=1k,kp<=2k,-0.0072,2
1024,n<=2,sr<=70%,kvB<=1k,kp<=32k,0.9771,1
1024,n<=2,sr<=70%,kvB<=1k,kp<=4k,-0.2398,2
1024,n<=2,sr<=70%,kvB<=1k,kp<=512,0.1238,2
1024,n<=2,sr<=70%,kvB<=1k,kp<=64k,1.2624,2
1024,n<=2,sr<=70%,kvB<=1k,kp<=8k,0.4047,2
1024,n<=2,sr<=70%,kvB<=1k,kp=0,0.3172,2
1024,n<=2,sr<=70%,kvB<=4k,kp<=16k,-0.6781,2
1024,n<=2,sr<=70%,kvB<=4k,kp<=1k,0.72,2
1024,n<=2,sr<=70%,kvB<=4k,kp<=2k,0.3826,2
1024,n<=2,sr<=70%,kvB<=4k,kp<=32k,-0.6899,2
1024,n<=2,sr<=70%,kvB<=4k,kp<=4k,-0.6107,2
1024,n<=2,sr<=70%,kvB<=4k,kp<=512,0.7204,2
1024,n<=2,sr<=70%,kvB<=4k,kp<=64k,-0.0886,1
1024,n<=2,sr<=70%,kvB<=4k,kp<=8k,-0.7961,2
1024,n<=2,sr<=70%,kvB<=4k,kp=0,0.8387,2
1024,n<=2,sr<=70%,kvB<=64k,kp<=16k,0.9306,2
1024,n<=2,sr<=70%,kvB<=64k,kp<=1k,0.9827,2
1024,n<=2,sr<=70%,kvB<=64k,kp<=2k,0.9734,2
1024,n<=2,sr<=70%,kvB<=64k,kp<=32k,0.5589,2
1024,n<=2,sr<=70%,kvB<=64k,kp<=4k,0.9825,2
1024,n<=2,sr<=70%,kvB<=64k,kp<=512,0.9959,2
1024,n<=2,sr<=70%,kvB<=64k,kp<=64k,-0.8854,2
1024,n<=2,sr<=70%,kvB<=64k,kp<=8k,0.9629,2
1024,n<=2,sr<=70%,kvB<=64k,kp=0,0.9771,2
1024,n<=32,sr<=15%,kvB<=16k,kp<=16k,0.0051,6
1024,n<=32,sr<=15%,kvB<=16k,kp<=1k,0.1107,6
1024,n<=32,sr<=15%,kvB<=16k,kp<=2k,0.0946,6
1024,n<=32,sr<=15%,kvB<=16k,kp<=32k,-0.0064,6
1024,n<=32,sr<=15%,kvB<=16k,kp<=4k,0.0637,6
1024,n<=32,sr<=15%,kvB<=16k,kp<=512,0.1167,6
1024,n<=32,sr<=15%,kvB<=16k,kp<=64k,-0.0042,6
1024,n<=32,sr<=15%,kvB<=16k,kp<=8k,0.065,6
1024,n<=32,sr<=15%,kvB<=16k,kp=0,0.1146,6
1024,n<=32,sr<=15%,kvB<=1k,kp<=16k,0.0602,6
1024,n<=32,sr<=15%,kvB<=1k,kp<=1k,0.0758,6
1024,n<=32,sr<=15%,kvB<=1k,kp<=2k,0.0642,6
1024,n<=32,sr<=15%,kvB<=1k,kp<=32k,0.1371,6
1024,n<=32,sr<=15%,kvB<=1k,kp<=4k,0.0986,6
1024,n<=32,sr<=15%,kvB<=1k,kp<=512,0.0636,6
1024,n<=32,sr<=15%,kvB<=1k,kp<=64k,0.1171,6
1024,n<=32,sr<=15%,kvB<=1k,kp<=8k,0.0668,6
1024,n<=32,sr<=15%,kvB<=1k,kp=0,0.088,6
1024,n<=32,sr<=15%,kvB<=4k,kp<=16k,0.0167,6
1024,n<=32,sr<=15%,kvB<=4k,kp<=1k,0.1068,6
1024,n<=32,sr<=15%,kvB<=4k,kp<=2k,0.065,6
1024,n<=32,sr<=15%,kvB<=4k,kp<=32k,0.0258,6
1024,n<=32,sr<=15%,kvB<=4k,kp<=4k,0.0139,6
1024,n<=32,sr<=15%,kvB<=4k,kp<=512,0.1324,6
1024,n<=32,sr<=15%,kvB<=4k,kp<=64k,0.0263,6
1024,n<=32,sr<=15%,kvB<=4k,kp<=8k,0.015,6
1024,n<=32,sr<=15%,kvB<=4k,kp=0,0.1394,6
1024,n<=32,sr<=15%,kvB<=64k,kp<=16k,0.0206,6
1024,n<=32,sr<=15%,kvB<=64k,kp<=1k,0.1266,6
1024,n<=32,sr<=15%,kvB<=64k,kp<=2k,0.1227,6
1024,n<=32,sr<=15%,kvB<=64k,kp<=32k,0.0589,6
1024,n<=32,sr<=15%,kvB<=64k,kp<=4k,0.0666,6
1024,n<=32,sr<=15%,kvB<=64k,kp<=512,0.1283,6
1024,n<=32,sr<=15%,kvB<=64k,kp<=64k,0.0511,6
1024,n<=32,sr<=15%,kvB<=64k,kp<=8k,0.0228,6
1024,n<=32,sr<=15%,kvB<=64k,kp=0,0.1175,6
1024,n<=32,sr<=40%,kvB<=16k,kp<=16k,-0.0045,2
1024,n<=32,sr<=40%,kvB<=16k,kp<=1k,0.1275,2
1024,n<=32,sr<=40%,kvB<=16k,kp<=2k,0.1075,2
1024,n<=32,sr<=40%,kvB<=16k,kp<=32k,-0.0519,2
1024,n<=32,sr<=40%,kvB<=16k,kp<=4k,0.0635,2
1024,n<=32,sr<=40%,kvB<=16k,kp<=512,0.1259,2
1024,n<=32,sr<=40%,kvB<=16k,kp<=64k,-0.0201,2
1024,n<=32,sr<=40%,kvB<=16k,kp<=8k,0.0583,2
1024,n<=32,sr<=40%,kvB<=16k,kp=0,0.1136,2
1024,n<=32,sr<=40%,kvB<=1k,kp<=16k,0.0819,2
1024,n<=32,sr<=40%,kvB<=1k,kp<=1k,0.1008,2
1024,n<=32,sr<=40%,kvB<=1k,kp<=2k,0.1169,2
1024,n<=32,sr<=40%,kvB<=1k,kp<=32k,0.1408,2
1024,n<=32,sr<=40%,kvB<=1k,kp<=4k,0.1341,2
1024,n<=32,sr<=40%,kvB<=1k,kp<=512,0.0949,2
1024,n<=32,sr<=40%,kvB<=1k,kp<=64k,0.0921,2
1024,n<=32,sr<=40%,kvB<=1k,kp<=8k,0.1145,2
1024,n<=32,sr<=40%,kvB<=1k,kp=0,0.1304,2
1024,n<=32,sr<=40%,kvB<=4k,kp<=16k,0.0017,2
1024,n<=32,sr<=40%,kvB<=4k,kp<=1k,0.1063,2
1024,n<=32,sr<=40%,kvB<=4k,kp<=2k,0.0711,2
1024,n<=32,sr<=40%,kvB<=4k,kp<=32k,-0.0302,2
1024,n<=32,sr<=40%,kvB<=4k,kp<=4k,-0.0176,2
1024,n<=32,sr<=40%,kvB<=4k,kp<=512,0.1123,2
1024,n<=32,sr<=40%,kvB<=4k,kp<=64k,-0.0262,2
1024,n<=32,sr<=40%,kvB<=4k,kp<=8k,-0.0179,2
1024,n<=32,sr<=40%,kvB<=4k,kp=0,0.1185,2
1024,n<=32,sr<=40%,kvB<=64k,kp<=16k,0.0998,2
1024,n<=32,sr<=40%,kvB<=64k,kp<=1k,0.2634,2
1024,n<=32,sr<=40%,kvB<=64k,kp<=2k,0.2343,2
1024,n<=32,sr<=40%,kvB<=64k,kp<=32k,0.1978,2
1024,n<=32,sr<=40%,kvB<=64k,kp<=4k,0.1181,2
1024,n<=32,sr<=40%,kvB<=64k,kp<=512,0.309,2
1024,n<=32,sr<=40%,kvB<=64k,kp<=64k,0.209,2
1024,n<=32,sr<=40%,kvB<=64k,kp<=8k,0.0224,2
1024,n<=32,sr<=40%,kvB<=64k,kp=0,0.2793,2
1024,n<=32,sr<=5%,kvB<=16k,kp<=16k,0.0011,2
1024,n<=32,sr<=5%,kvB<=16k,kp<=1k,0.12,2
1024,n<=32,sr<=5%,kvB<=16k,kp<=2k,0.1079,2
1024,n<=32,sr<=5%,kvB<=16k,kp<=32k,0.0135,2
1024,n<=32,sr<=5%,kvB<=16k,kp<=4k,0.0646,2
1024,n<=32,sr<=5%,kvB<=16k,kp<=512,0.1296,2
1024,n<=32,sr<=5%,kvB<=16k,kp<=64k,0.0004,2
1024,n<=32,sr<=5%,kvB<=16k,kp<=8k,0.0557,2
1024,n<=32,sr<=5%,kvB<=16k,kp=0,0.1277,2
1024,n<=32,sr<=5%,kvB<=1k,kp<=16k,0.0357,2
1024,n<=32,sr<=5%,kvB<=1k,kp<=1k,0.0269,2
1024,n<=32,sr<=5%,kvB<=1k,kp<=2k,0.0245,2
1024,n<=32,sr<=5%,kvB<=1k,kp<=32k,0.0849,2
1024,n<=32,sr<=5%,kvB<=1k,kp<=4k,0.0121,2
1024,n<=32,sr<=5%,kvB<=1k,kp<=512,0.0057,2
1024,n<=32,sr<=5%,kvB<=1k,kp<=64k,0.0591,2
1024,n<=32,sr<=5%,kvB<=1k,kp<=8k,0.0065,2
1024,n<=32,sr<=5%,kvB<=1k,kp=0,0.0347,2
1024,n<=32,sr<=5%,kvB<=4k,kp<=16k,0.0172,2
1024,n<=32,sr<=5%,kvB<=4k,kp<=1k,0.1138,2
1024,n<=32,sr<=5%,kvB<=4k,kp<=2k,0.0702,2
1024,n<=32,sr<=5%,kvB<=4k,kp<=32k,0.0199,2
1024,n<=32,sr<=5%,kvB<=4k,kp<=4k,0.0179,2
1024,n<=32,sr<=5%,kvB<=4k,kp<=512,0.1373,2
1024,n<=32,sr<=5%,kvB<=4k,kp<=64k,0.015,2
1024,n<=32,sr<=5%,kvB<=4k,kp<=8k,0.0275,2
1024,n<=32,sr<=5%,kvB<=4k,kp=0,0.1526,2
1024,n<=32,sr<=5%,kvB<=64k,kp<=16k,0.0596,2
1024,n<=32,sr<=5%,kvB<=64k,kp<=1k,0.1089,2
1024,n<=32,sr<=5%,kvB<=64k,kp<=2k,0.1122,2
1024,n<=32,sr<=5%,kvB<=64k,kp<=32k,0.0292,2
1024,n<=32,sr<=5%,kvB<=64k,kp<=4k,0.0715,2
1024,n<=32,sr<=5%,kvB<=64k,kp<=512,0.1235,2
1024,n<=32,sr<=5%,kvB<=64k,kp<=64k,0.006,2
1024,n<=32,sr<=5%,kvB<=64k,kp<=8k,0.0509,2
1024,n<=32,sr<=5%,kvB<=64k,kp=0,0.1229,2
1024,n<=32,sr<=70%,kvB<=16k,kp<=16k,0.0266,2
1024,n<=32,sr<=70%,kvB<=16k,kp<=1k,0.2063,2
1024,n<=32,sr<=70%,kvB<=16k,kp<=2k,0.2138,2
1024,n<=32,sr<=70%,kvB<=16k,kp<=32k,0.0614,2
1024,n<=32,sr<=70%,kvB<=16k,kp<=4k,0.0361,2
1024,n<=32,sr<=70%,kvB<=16k,kp<=512,0.3141,2
1024,n<=32,sr<=70%,kvB<=16k,kp<=64k,0.0427,2
1024,n<=32,sr<=70%,kvB<=16k,kp<=8k,0.1363,2
1024,n<=32,sr<=70%,kvB<=16k,kp=0,0.4556,2
1024,n<=32,sr<=70%,kvB<=1k,kp<=16k,0.0549,2
1024,n<=32,sr<=70%,kvB<=1k,kp<=1k,0.0537,2
1024,n<=32,sr<=70%,kvB<=1k,kp<=2k,0.0661,2
1024,n<=32,sr<=70%,kvB<=1k,kp<=32k,0.148,2
1024,n<=32,sr<=70%,kvB<=1k,kp<=4k,0.0495,2
1024,n<=32,sr<=70%,kvB<=1k,kp<=512,0.0613,2
1024,n<=32,sr<=70%,kvB<=1k,kp<=64k,0.1432,2
1024,n<=32,sr<=70%,kvB<=1k,kp<=8k,0.1058,2
1024,n<=32,sr<=70%,kvB<=1k,kp=0,0.1059,2
1024,n<=32,sr<=70%,kvB<=4k,kp<=16k,-0.002,2
1024,n<=32,sr<=70%,kvB<=4k,kp<=1k,0.1098,2
1024,n<=32,sr<=70%,kvB<=4k,kp<=2k,0.0724,2
1024,n<=32,sr<=70%,kvB<=4k,kp<=32k,-0.0734,2
1024,n<=32,sr<=70%,kvB<=4k,kp<=4k,-0.0203,2
1024,n<=32,sr<=70%,kvB<=4k,kp<=512,0.1057,2
1024,n<=32,sr<=70%,kvB<=4k,kp<=64k,-0.03,2
1024,n<=32,sr<=70%,kvB<=4k,kp<=8k,-0.0039,2
1024,n<=32,sr<=70%,kvB<=4k,kp=0,0.1155,2
1024,n<=32,sr<=70%,kvB<=64k,kp<=16k,0.0846,2
1024,n<=32,sr<=70%,kvB<=64k,kp<=1k,0.9092,2
1024,n<=32,sr<=70%,kvB<=64k,kp<=2k,0.6539,2
1024,n<=32,sr<=70%,kvB<=64k,kp<=32k,0.3078,2
1024,n<=32,sr<=70%,kvB<=64k,kp<=4k,0.4452,2
1024,n<=32,sr<=70%,kvB<=64k,kp<=512,0.9609,2
1024,n<=32,sr<=70%,kvB<=64k,kp<=64k,0.5436,2
1024,n<=32,sr<=70%,kvB<=64k,kp<=8k,0.0792,2
1024,n<=32,sr<=70%,kvB<=64k,kp=0,0.9421,2
1024,n<=32,sr>70%,kvB<=16k,kp<=16k,0.3322,4
1024,n<=32,sr>70%,kvB<=16k,kp<=1k,1.0476,4
1024,n<=32,sr>70%,kvB<=16k,kp<=2k,0.6009,4
1024,n<=32,sr>70%,kvB<=16k,kp<=32k,0.5365,4
1024,n<=32,sr>70%,kvB<=16k,kp<=4k,-0.1679,4
1024,n<=32,sr>70%,kvB<=16k,kp<=512,1.3178,4
1024,n<=32,sr>70%,kvB<=16k,kp<=64k,0.0192,4
1024,n<=32,sr>70%,kvB<=16k,kp<=8k,0.4502,4
1024,n<=32,sr>70%,kvB<=16k,kp=0,1.2334,4
1024,n<=32,sr>70%,kvB<=1k,kp<=16k,0.2877,4
1024,n<=32,sr>70%,kvB<=1k,kp<=1k,0.2656,4
1024,n<=32,sr>70%,kvB<=1k,kp<=2k,0.2424,4
1024,n<=32,sr>70%,kvB<=1k,kp<=32k,0.2407,4
1024,n<=32,sr>70%,kvB<=1k,kp<=4k,0.3146,4
1024,n<=32,sr>70%,kvB<=1k,kp<=512,0.237,4
1024,n<=32,sr>70%,kvB<=1k,kp<=64k,0.3118,3
1024,n<=32,sr>70%,kvB<=1k,kp<=8k,0.316,4
1024,n<=32,sr>70%,kvB<=1k,kp=0,0.3214,4
1024,n<=32,sr>70%,kvB<=4k,kp<=16k,0.0123,4
1024,n<=32,sr>70%,kvB<=4k,kp<=1k,0.1412,4
1024,n<=32,sr>70%,kvB<=4k,kp<=2k,0.1685,4
1024,n<=32,sr>70%,kvB<=4k,kp<=32k,-0.2161,4
1024,n<=32,sr>70%,kvB<=4k,kp<=4k,0.0207,4
1024,n<=32,sr>70%,kvB<=4k,kp<=512,0.1509,4
1024,n<=32,sr>70%,kvB<=4k,kp<=64k,-0.0039,4
1024,n<=32,sr>70%,kvB<=4k,kp<=8k,0.0302,4
1024,n<=32,sr>70%,kvB<=4k,kp=0,0.1488,4
1024,n<=32,sr>70%,kvB<=64k,kp<=16k,0.5402,4
1024,n<=32,sr>70%,kvB<=64k,kp<=1k,1.9833,4
1024,n<=32,sr>70%,kvB<=64k,kp<=2k,1.7221,4
1024,n<=32,sr>70%,kvB<=64k,kp<=32k,0.655,4
1024,n<=32,sr>70%,kvB<=64k,kp<=4k,1.1677,4
1024,n<=32,sr>70%,kvB<=64k,kp<=512,2.1591,4
1024,n<=32,sr>70%,kvB<=64k,kp<=64k,1.2106,4
1024,n<=32,sr>70%,kvB<=64k,kp<=8k,0.4706,4
1024,n<=32,sr>70%,kvB<=64k,kp=0,2.3281,4
1024,n<=4,sr<=40%,kvB<=16k,kp<=16k,-0.3152,2
1024,n<=4,sr<=40%,kvB<=16k,kp<=1k,0.7561,2
1024,n<=4,sr<=40%,kvB<=16k,kp<=2k,0.6594,2
1024,n<=4,sr<=40%,kvB<=16k,kp<=32k,-0.2522,2
1024,n<=4,sr<=40%,kvB<=16k,kp<=4k,0.6327,2
1024,n<=4,sr<=40%,kvB<=16k,kp<=512,0.8639,2
1024,n<=4,sr<=40%,kvB<=16k,kp<=64k,-0.3001,2
1024,n<=4,sr<=40%,kvB<=16k,kp<=8k,0.6378,2
1024,n<=4,sr<=40%,kvB<=16k,kp=0,0.9434,2
1024,n<=4,sr<=40%,kvB<=1k,kp<=16k,-0.6499,2
1024,n<=4,sr<=40%,kvB<=1k,kp<=1k,0.0181,2
1024,n<=4,sr<=40%,kvB<=1k,kp<=2k,0.0565,2
1024,n<=4,sr<=40%,kvB<=1k,kp<=32k,-0.5784,2
1024,n<=4,sr<=40%,kvB<=1k,kp<=4k,0.1116,2
1024,n<=4,sr<=40%,kvB<=1k,kp<=512,0.0209,2
1024,n<=4,sr<=40%,kvB<=1k,kp<=64k,0.127,2
1024,n<=4,sr<=40%,kvB<=1k,kp<=8k,0.0817,2
1024,n<=4,sr<=40%,kvB<=1k,kp=0,0.1527,2
1024,n<=4,sr<=40%,kvB<=4k,kp<=16k,-0.1422,2
1024,n<=4,sr<=40%,kvB<=4k,kp<=1k,0.5249,2
1024,n<=4,sr<=40%,kvB<=4k,kp<=2k,0.2877,2
1024,n<=4,sr<=40%,kvB<=4k,kp<=32k,-0.0095,2
1024,n<=4,sr<=40%,kvB<=4k,kp<=4k,-0.2002,2
1024,n<=4,sr<=40%,kvB<=4k,kp<=512,0.5732,2
1024,n<=4,sr<=40%,kvB<=4k,kp<=64k,-0.1294,2
1024,n<=4,sr<=40%,kvB<=4k,kp<=8k,-0.1825,2
1024,n<=4,sr<=40%,kvB<=4k,kp=0,0.6346,2
1024,n<=4,sr<=40%,kvB<=64k,kp<=16k,0.668,2
1024,n<=4,sr<=40%,kvB<=64k,kp<=1k,0.9657,2
1024,n<=4,sr<=40%,kvB<=64k,kp<=2k,0.9471,2
1024,n<=4,sr<=40%,kvB<=64k,kp<=32k,0.6363,2
1024,n<=4,sr<=40%,kvB<=64k,kp<=4k,0.8467,2
1024,n<=4,sr<=40%,kvB<=64k,kp<=512,0.9678,2
1024,n<=4,sr<=40%,kvB<=64k,kp<=64k,-0.2833,2
1024,n<=4,sr<=40%,kvB<=64k,kp<=8k,0.723,2
1024,n<=4,sr<=40%,kvB<=64k,kp=0,0.9858,2
1024,n<=4,sr<=70%,kvB<=16k,kp<=16k,0.7736,2
1024,n<=4,sr<=70%,kvB<=16k,kp<=1k,0.7127,2
1024,n<=4,sr<=70%,kvB<=16k,kp<=2k,0.6281,2
1024,n<=4,sr<=70%,kvB<=16k,kp<=32k,0.7623,2
1024,n<=4,sr<=70%,kvB<=16k,kp<=4k,0.5484,2
1024,n<=4,sr<=70%,kvB<=16k,kp<=512,0.8506,2
1024,n<=4,sr<=70%,kvB<=16k,kp<=64k,0.7903,2
1024,n<=4,sr<=70%,kvB<=16k,kp<=8k,0.8458,2
1024,n<=4,sr<=70%,kvB<=16k,kp=0,0.9279,2
1024,n<=4,sr<=70%,kvB<=1k,kp<=16k,-0.0408,2
1024,n<=4,sr<=70%,kvB<=1k,kp<=1k,-0.0275,2
1024,n<=4,sr<=70%,kvB<=1k,kp<=2k,0.1671,2
1024,n<=4,sr<=70%,kvB<=1k,kp<=32k,0.2491,2
1024,n<=4,sr<=70%,kvB<=1k,kp<=4k,0.2414,2
1024,n<=4,sr<=70%,kvB<=1k,kp<=512,-0.03,2
1024,n<=4,sr<=70%,kvB<=1k,kp<=64k,0.2852,2
1024,n<=4,sr<=70%,kvB<=1k,kp<=8k,0.3715,2
1024,n<=4,sr<=70%,kvB<=1k,kp=0,0.1795,2
1024,n<=4,sr<=70%,kvB<=4k,kp<=16k,0.5616,2
1024,n<=4,sr<=70%,kvB<=4k,kp<=1k,0.535,2
1024,n<=4,sr<=70%,kvB<=4k,kp<=2k,0.5181,2
1024,n<=4,sr<=70%,kvB<=4k,kp<=32k,0.4905,2
1024,n<=4,sr<=70%,kvB<=4k,kp<=4k,0.4499,2
1024,n<=4,sr<=70%,kvB<=4k,kp<=512,0.5655,2
1024,n<=4,sr<=70%,kvB<=4k,kp<=64k,0.2182,2
1024,n<=4,sr<=70%,kvB<=4k,kp<=8k,0.4305,2
1024,n<=4,sr<=70%,kvB<=4k,kp=0,0.5592,2
1024,n<=4,sr<=70%,kvB<=64k,kp<=16k,0.5007,2
1024,n<=4,sr<=70%,kvB<=64k,kp<=1k,0.9505,2
1024,n<=4,sr<=70%,kvB<=64k,kp<=2k,0.9594,2
1024,n<=4,sr<=70%,kvB<=64k,kp<=32k,0.7964,2
1024,n<=4,sr<=70%,kvB<=64k,kp<=4k,0.7966,2
1024,n<=4,sr<=70%,kvB<=64k,kp<=512,0.9694,2
1024,n<=4,sr<=70%,kvB<=64k,kp<=64k,0.836,2
1024,n<=4,sr<=70%,kvB<=64k,kp<=8k,0.5507,2
1024,n<=4,sr<=70%,kvB<=64k,kp=0,0.9759,2
1024,n<=4,sr>70%,kvB<=16k,kp<=16k,0.8215,2
1024,n<=4,sr>70%,kvB<=16k,kp<=1k,0.6816,2
1024,n<=4,sr>70%,kvB<=16k,kp<=2k,0.5271,2
1024,n<=4,sr>70%,kvB<=16k,kp<=32k,0.7597,2
1024,n<=4,sr>70%,kvB<=16k,kp<=4k,0.7546,2
1024,n<=4,sr>70%,kvB<=16k,kp<=512,0.8345,2
1024,n<=4,sr>70%,kvB<=16k,kp<=64k,0.6359,2
1024,n<=4,sr>70%,kvB<=16k,kp<=8k,0.8334,2
1024,n<=4,sr>70%,kvB<=16k,kp=0,0.918,2
1024,n<=4,sr>70%,kvB<=1k,kp<=16k,-130.9753,1
1024,n<=4,sr>70%,kvB<=1k,kp<=1k,0.4836,2
1024,n<=4,sr>70%,kvB<=1k,kp<=2k,0.166,2
1024,n<=4,sr>70%,kvB<=1k,kp<=32k,0.735,2
1024,n<=4,sr>70%,kvB<=1k,kp<=4k,0.0951,2
1024,n<=4,sr>70%,kvB<=1k,kp<=512,0.3562,2
1024,n<=4,sr>70%,kvB<=1k,kp<=64k,0.8125,1
1024,n<=4,sr>70%,kvB<=1k,kp<=8k,-0.2423,1
1024,n<=4,sr>70%,kvB<=1k,kp=0,0.5579,2
1024,n<=4,sr>70%,kvB<=4k,kp<=16k,0.3612,2
1024,n<=4,sr>70%,kvB<=4k,kp<=1k,0.58,2
1024,n<=4,sr>70%,kvB<=4k,kp<=2k,0.5734,2
1024,n<=4,sr>70%,kvB<=4k,kp<=32k,0.5923,2
1024,n<=4,sr>70%,kvB<=4k,kp<=4k,0.4972,2
1024,n<=4,sr>70%,kvB<=4k,kp<=512,0.5393,2
1024,n<=4,sr>70%,kvB<=4k,kp<=64k,0.1729,1
1024,n<=4,sr>70%,kvB<=4k,kp<=8k,0.6955,2
1024,n<=4,sr>70%,kvB<=4k,kp=0,0.4749,2
1024,n<=4,sr>70%,kvB<=64k,kp<=16k,0.9012,2
1024,n<=4,sr>70%,kvB<=64k,kp<=1k,0.985,2
1024,n<=4,sr>70%,kvB<=64k,kp<=2k,0.9817,2
1024,n<=4,sr>70%,kvB<=64k,kp<=32k,0.8615,2
1024,n<=4,sr>70%,kvB<=64k,kp<=4k,0.6796,2
1024,n<=4,sr>70%,kvB<=64k,kp<=512,0.9753,2
1024,n<=4,sr>70%,kvB<=64k,kp<=64k,0.8197,2
1024,n<=4,sr>70%,kvB<=64k,kp<=8k,0.4068,2
1024,n<=4,sr>70%,kvB<=64k,kp=0,0.9712,2
1024,n<=64,sr<=15%,kvB<=16k,kp<=16k,-0.0069,4
1024,n<=64,sr<=15%,kvB<=16k,kp<=1k,0.0163,4
1024,n<=64,sr<=15%,kvB<=16k,kp<=2k,-0.0124,4
1024,n<=64,sr<=15%,kvB<=16k,kp<=32k,0.0184,4
1024,n<=64,sr<=15%,kvB<=16k,kp<=4k,0.0372,4
1024,n<=64,sr<=15%,kvB<=16k,kp<=512,0.0449,4
1024,n<=64,sr<=15%,kvB<=16k,kp<=64k,0.0004,4
1024,n<=64,sr<=15%,kvB<=16k,kp<=8k,0.0337,4
1024,n<=64,sr<=15%,kvB<=16k,kp=0,0.0623,4
1024,n<=64,sr<=15%,kvB<=1k,kp<=16k,0.0854,4
1024,n<=64,sr<=15%,kvB<=1k,kp<=1k,0.0601,4
1024,n<=64,sr<=15%,kvB<=1k,kp<=2k,0.0733,4
1024,n<=64,sr<=15%,kvB<=1k,kp<=32k,0.0807,4
1024,n<=64,sr<=15%,kvB<=1k,kp<=4k,0.0718,4
1024,n<=64,sr<=15%,kvB<=1k,kp<=512,0.0647,4
1024,n<=64,sr<=15%,kvB<=1k,kp<=64k,0.109,4
1024,n<=64,sr<=15%,kvB<=1k,kp<=8k,0.0711,4
1024,n<=64,sr<=15%,kvB<=1k,kp=0,0.071,4
1024,n<=64,sr<=15%,kvB<=4k,kp<=16k,0.0199,4
1024,n<=64,sr<=15%,kvB<=4k,kp<=1k,0.0518,4
1024,n<=64,sr<=15%,kvB<=4k,kp<=2k,0.0313,4
1024,n<=64,sr<=15%,kvB<=4k,kp<=32k,0.0214,4
1024,n<=64,sr<=15%,kvB<=4k,kp<=4k,0.0059,4
1024,n<=64,sr<=15%,kvB<=4k,kp<=512,0.0528,4
1024,n<=64,sr<=15%,kvB<=4k,kp<=64k,0.0083,4
1024,n<=64,sr<=15%,kvB<=4k,kp<=8k,0.0137,4
1024,n<=64,sr<=15%,kvB<=4k,kp=0,0.0554,4
1024,n<=64,sr<=15%,kvB<=64k,kp<=16k,-0.0076,4
1024,n<=64,sr<=15%,kvB<=64k,kp<=1k,0.1137,4
1024,n<=64,sr<=15%,kvB<=64k,kp<=2k,0.0963,4
1024,n<=64,sr<=15%,kvB<=64k,kp<=32k,0.0059,4
1024,n<=64,sr<=15%,kvB<=64k,kp<=4k,0.0166,4
1024,n<=64,sr<=15%,kvB<=64k,kp<=512,0.1247,4
1024,n<=64,sr<=15%,kvB<=64k,kp<=64k,0.0005,4
1024,n<=64,sr<=15%,kvB<=64k,kp<=8k,0.0142,4
1024,n<=64,sr<=15%,kvB<=64k,kp=0,0.1087,4
1024,n<=64,sr<=40%,kvB<=16k,kp<=16k,0.3136,2
1024,n<=64,sr<=40%,kvB<=16k,kp<=1k,0.1329,2
1024,n<=64,sr<=40%,kvB<=16k,kp<=2k,0.1486,2
1024,n<=64,sr<=40%,kvB<=16k,kp<=32k,0.1073,2
1024,n<=64,sr<=40%,kvB<=16k,kp<=4k,-0.0635,2
1024,n<=64,sr<=40%,kvB<=16k,kp<=512,0.171,2
1024,n<=64,sr<=40%,kvB<=16k,kp<=64k,0.0075,2
1024,n<=64,sr<=40%,kvB<=16k,kp<=8k,0.1603,2
1024,n<=64,sr<=40%,kvB<=16k,kp=0,0.1787,2
1024,n<=64,sr<=40%,kvB<=1k,kp<=16k,0.119,2
1024,n<=64,sr<=40%,kvB<=1k,kp<=1k,0.0988,2
1024,n<=64,sr<=40%,kvB<=1k,kp<=2k,0.1053,2
1024,n<=64,sr<=40%,kvB<=1k,kp<=32k,0.1564,2
1024,n<=64,sr<=40%,kvB<=1k,kp<=4k,0.104,2
1024,n<=64,sr<=40%,kvB<=1k,kp<=512,0.0908,2
1024,n<=64,sr<=40%,kvB<=1k,kp<=64k,0.1658,2
1024,n<=64,sr<=40%,kvB<=1k,kp<=8k,0.1318,2
1024,n<=64,sr<=40%,kvB<=1k,kp=0,0.105,2
1024,n<=64,sr<=40%,kvB<=4k,kp<=16k,-0.0185,2
1024,n<=64,sr<=40%,kvB<=4k,kp<=1k,0.0331,2
1024,n<=64,sr<=40%,kvB<=4k,kp<=2k,0.0203,2
1024,n<=64,sr<=40%,kvB<=4k,kp<=32k,0.0139,2
1024,n<=64,sr<=40%,kvB<=4k,kp<=4k,-0.0112,2
1024,n<=64,sr<=40%,kvB<=4k,kp<=512,0.0333,2
1024,n<=64,sr<=40%,kvB<=4k,kp<=64k,-0.002,2
1024,n<=64,sr<=40%,kvB<=4k,kp<=8k,0.0001,2
1024,n<=64,sr<=40%,kvB<=4k,kp=0,0.0369,2
1024,n<=64,sr<=40%,kvB<=64k,kp<=16k,0.0524,2
1024,n<=64,sr<=40%,kvB<=64k,kp<=1k,0.375,2
1024,n<=64,sr<=40%,kvB<=64k,kp<=2k,0.2517,2
1024,n<=64,sr<=40%,kvB<=64k,kp<=32k,0.1915,2
1024,n<=64,sr<=40%,kvB<=64k,kp<=4k,0.0061,2
1024,n<=64,sr<=40%,kvB<=64k,kp<=512,0.3528,2
1024,n<=64,sr<=40%,kvB<=64k,kp<=64k,0.0065,2
1024,n<=64,sr<=40%,kvB<=64k,kp<=8k,-0.0102,2
1024,n<=64,sr<=40%,kvB<=64k,kp=0,0.3681,2
1024,n<=64,sr<=5%,kvB<=16k,kp<=16k,-0.0089,6
1024,n<=64,sr<=5%,kvB<=16k,kp<=1k,0.0404,6
1024,n<=64,sr<=5%,kvB<=16k,kp<=2k,0.023,6
1024,n<=64,sr<=5%,kvB<=16k,kp<=32k,0.0017,6
1024,n<=64,sr<=5%,kvB<=16k,kp<=4k,0.0253,6
1024,n<=64,sr<=5%,kvB<=16k,kp<=512,0.0444,6
1024,n<=64,sr<=5%,kvB<=16k,kp<=64k,0.0001,6
1024,n<=64,sr<=5%,kvB<=16k,kp<=8k,0.0396,6
1024,n<=64,sr<=5%,kvB<=16k,kp=0,0.0505,6
1024,n<=64,sr<=5%,kvB<=1k,kp<=16k,0.0222,6
1024,n<=64,sr<=5%,kvB<=1k,kp<=1k,0.0167,6
1024,n<=64,sr<=5%,kvB<=1k,kp<=2k,0.0181,6
1024,n<=64,sr<=5%,kvB<=1k,kp<=32k,0.0187,6
1024,n<=64,sr<=5%,kvB<=1k,kp<=4k,0.0197,6
1024,n<=64,sr<=5%,kvB<=1k,kp<=512,0.0218,6
1024,n<=64,sr<=5%,kvB<=1k,kp<=64k,0.0354,6
1024,n<=64,sr<=5%,kvB<=1k,kp<=8k,0.0138,6
1024,n<=64,sr<=5%,kvB<=1k,kp=0,0.0245,6
1024,n<=64,sr<=5%,kvB<=4k,kp<=16k,0.0155,6
1024,n<=64,sr<=5%,kvB<=4k,kp<=1k,0.0496,6
1024,n<=64,sr<=5%,kvB<=4k,kp<=2k,0.0336,6
1024,n<=64,sr<=5%,kvB<=4k,kp<=32k,0.0182,6
1024,n<=64,sr<=5%,kvB<=4k,kp<=4k,0.0095,6
1024,n<=64,sr<=5%,kvB<=4k,kp<=512,0.0539,6
1024,n<=64,sr<=5%,kvB<=4k,kp<=64k,0.021,6
1024,n<=64,sr<=5%,kvB<=4k,kp<=8k,0.015,6
1024,n<=64,sr<=5%,kvB<=4k,kp=0,0.0589,6
1024,n<=64,sr<=5%,kvB<=64k,kp<=16k,0.0163,6
1024,n<=64,sr<=5%,kvB<=64k,kp<=1k,0.0806,6
1024,n<=64,sr<=5%,kvB<=64k,kp<=2k,0.058,6
1024,n<=64,sr<=5%,kvB<=64k,kp<=32k,0.0059,6
1024,n<=64,sr<=5%,kvB<=64k,kp<=4k,0.0193,6
1024,n<=64,sr<=5%,kvB<=64k,kp<=512,0.0793,6
1024,n<=64,sr<=5%,kvB<=64k,kp<=64k,-0.0064,6
1024,n<=64,sr<=5%,kvB<=64k,kp<=8k,0.0232,6
1024,n<=64,sr<=5%,kvB<=64k,kp=0,0.0665,6
1024,n<=64,sr<=70%,kvB<=16k,kp<=16k,0.1873,2
1024,n<=64,sr<=70%,kvB<=16k,kp<=1k,0.7896,2
1024,n<=64,sr<=70%,kvB<=16k,kp<=2k,0.3635,2
1024,n<=64,sr<=70%,kvB<=16k,kp<=32k,0.2653,2
1024,n<=64,sr<=70%,kvB<=16k,kp<=4k,-0.0957,2
1024,n<=64,sr<=70%,kvB<=16k,kp<=512,1.0018,2
1024,n<=64,sr<=70%,kvB<=16k,kp<=64k,0.1215,2
1024,n<=64,sr<=70%,kvB<=16k,kp<=8k,0.1755,2
1024,n<=64,sr<=70%,kvB<=16k,kp=0,1.0201,2
1024,n<=64,sr<=70%,kvB<=1k,kp<=16k,0.0583,2
1024,n<=64,sr<=70%,kvB<=1k,kp<=1k,0.0388,2
1024,n<=64,sr<=70%,kvB<=1k,kp<=2k,0.0355,2
1024,n<=64,sr<=70%,kvB<=1k,kp<=32k,0.0354,2
1024,n<=64,sr<=70%,kvB<=1k,kp<=4k,0.055,2
1024,n<=64,sr<=70%,kvB<=1k,kp<=512,0.0308,2
1024,n<=64,sr<=70%,kvB<=1k,kp<=64k,0.1231,2
1024,n<=64,sr<=70%,kvB<=1k,kp<=8k,0.0672,2
1024,n<=64,sr<=70%,kvB<=1k,kp=0,0.0486,2
1024,n<=64,sr<=70%,kvB<=4k,kp<=16k,-0.0025,2
1024,n<=64,sr<=70%,kvB<=4k,kp<=1k,0.008,2
1024,n<=64,sr<=70%,kvB<=4k,kp<=2k,0.0123,2
1024,n<=64,sr<=70%,kvB<=4k,kp<=32k,-0.0305,2
1024,n<=64,sr<=70%,kvB<=4k,kp<=4k,-0.0128,2
1024,n<=64,sr<=70%,kvB<=4k,kp<=512,-0.0025,2
1024,n<=64,sr<=70%,kvB<=4k,kp<=64k,-0.0038,2
1024,n<=64,sr<=70%,kvB<=4k,kp<=8k,-0.0469,2
1024,n<=64,sr<=70%,kvB<=4k,kp=0,-0.0186,2
1024,n<=64,sr<=70%,kvB<=64k,kp<=16k,-0.023,2
1024,n<=64,sr<=70%,kvB<=64k,kp<=1k,1.0665,2
1024,n<=64,sr<=70%,kvB<=64k,kp<=2k,0.5296,2
1024,n<=64,sr<=70%,kvB<=64k,kp<=32k,0.0417,2
1024,n<=64,sr<=70%,kvB<=64k,kp<=4k,0.0101,2
1024,n<=64,sr<=70%,kvB<=64k,kp<=512,0.9591,2
1024,n<=64,sr<=70%,kvB<=64k,kp<=64k,0.0771,2
1024,n<=64,sr<=70%,kvB<=64k,kp<=8k,-0.0139,2
1024,n<=64,sr<=70%,kvB<=64k,kp=0,1.0003,2
1024,n<=64,sr>70%,kvB<=16k,kp<=16k,1.4188,4
1024,n<=64,sr>70%,kvB<=16k,kp<=1k,2.2524,4
1024,n<=64,sr>70%,kvB<=16k,kp<=2k,0.9838,4
1024,n<=64,sr>70%,kvB<=16k,kp<=32k,1.1371,4
1024,n<=64,sr>70%,kvB<=16k,kp<=4k,0.0563,4
1024,n<=64,sr>70%,kvB<=16k,kp<=512,2.9558,4
1024,n<=64,sr>70%,kvB<=16k,kp<=64k,0.5018,4
1024,n<=64,sr>70%,kvB<=16k,kp<=8k,0.1286,4
1024,n<=64,sr>70%,kvB<=16k,kp=0,3.0336,4
1024,n<=64,sr>70%,kvB<=1k,kp<=16k,0.3448,4
1024,n<=64,sr>70%,kvB<=1k,kp<=1k,0.2535,4
1024,n<=64,sr>70%,kvB<=1k,kp<=2k,0.2478,4
1024,n<=64,sr>70%,kvB<=1k,kp<=32k,0.3169,4
1024,n<=64,sr>70%,kvB<=1k,kp<=4k,0.253,4
1024,n<=64,sr>70%,kvB<=1k,kp<=512,0.2651,4
1024,n<=64,sr>70%,kvB<=1k,kp<=64k,0.3239,4
1024,n<=64,sr>70%,kvB<=1k,kp<=8k,0.3138,4
1024,n<=64,sr>70%,kvB<=1k,kp=0,0.2574,4
1024,n<=64,sr>70%,kvB<=4k,kp<=16k,0.0809,4
1024,n<=64,sr>70%,kvB<=4k,kp<=1k,-0.0078,4
1024,n<=64,sr>70%,kvB<=4k,kp<=2k,-0.0033,4
1024,n<=64,sr>70%,kvB<=4k,kp<=32k,0.0684,4
1024,n<=64,sr>70%,kvB<=4k,kp<=4k,-0.0519,4
1024,n<=64,sr>70%,kvB<=4k,kp<=512,-0.163,4
1024,n<=64,sr>70%,kvB<=4k,kp<=64k,0.1518,4
1024,n<=64,sr>70%,kvB<=4k,kp<=8k,0.2825,4
1024,n<=64,sr>70%,kvB<=4k,kp=0,-0.2525,4
1024,n<=64,sr>70%,kvB<=64k,kp<=16k,-0.0058,4
1024,n<=64,sr>70%,kvB<=64k,kp<=1k,2.3285,4
1024,n<=64,sr>70%,kvB<=64k,kp<=2k,1.5989,4
1024,n<=64,sr>70%,kvB<=64k,kp<=32k,0.345,4
1024,n<=64,sr>70%,kvB<=64k,kp<=4k,0.0252,4
1024,n<=64,sr>70%,kvB<=64k,kp<=512,2.3198,4
1024,n<=64,sr>70%,kvB<=64k,kp<=64k,0.1949,4
1024,n<=64,sr>70%,kvB<=64k,kp<=8k,0.0087,4
1024,n<=64,sr>70%,kvB<=64k,kp=0,2.463,4
1024,n<=8,sr<=15%,kvB<=16k,kp<=16k,0.0376,2
1024,n<=8,sr<=15%,kvB<=16k,kp<=1k,0.4335,2
1024,n<=8,sr<=15%,kvB<=16k,kp<=2k,0.4321,2
1024,n<=8,sr<=15%,kvB<=16k,kp<=32k,-0.027,2
1024,n<=8,sr<=15%,kvB<=16k,kp<=4k,0.3964,2
1024,n<=8,sr<=15%,kvB<=16k,kp<=512,0.4341,2
1024,n<=8,sr<=15%,kvB<=16k,kp<=64k,-0.0661,2
1024,n<=8,sr<=15%,kvB<=16k,kp<=8k,0.2554,2
1024,n<=8,sr<=15%,kvB<=16k,kp=0,0.4067,2
1024,n<=8,sr<=15%,kvB<=1k,kp<=16k,0.1239,2
1024,n<=8,sr<=15%,kvB<=1k,kp<=1k,0.1395,2
1024,n<=8,sr<=15%,kvB<=1k,kp<=2k,0.1125,2
1024,n<=8,sr<=15%,kvB<=1k,kp<=32k,0.0371,2
1024,n<=8,sr<=15%,kvB<=1k,kp<=4k,0.0835,2
1024,n<=8,sr<=15%,kvB<=1k,kp<=512,0.0706,2
1024,n<=8,sr<=15%,kvB<=1k,kp<=64k,0.3035,2
1024,n<=8,sr<=15%,kvB<=1k,kp<=8k,0.0677,2
1024,n<=8,sr<=15%,kvB<=1k,kp=0,0.1386,2
1024,n<=8,sr<=15%,kvB<=4k,kp<=16k,0.0149,2
1024,n<=8,sr<=15%,kvB<=4k,kp<=1k,0.3351,2
1024,n<=8,sr<=15%,kvB<=4k,kp<=2k,0.1935,2
1024,n<=8,sr<=15%,kvB<=4k,kp<=32k,-0.0029,2
1024,n<=8,sr<=15%,kvB<=4k,kp<=4k,0.0046,2
1024,n<=8,sr<=15%,kvB<=4k,kp<=512,0.3981,2
1024,n<=8,sr<=15%,kvB<=4k,kp<=64k,-0.0399,2
1024,n<=8,sr<=15%,kvB<=4k,kp<=8k,-0.0003,2
1024,n<=8,sr<=15%,kvB<=4k,kp=0,0.427,2
1024,n<=8,sr<=15%,kvB<=64k,kp<=16k,0.409,2
1024,n<=8,sr<=15%,kvB<=64k,kp<=1k,0.4083,2
1024,n<=8,sr<=15%,kvB<=64k,kp<=2k,0.4205,2
1024,n<=8,sr<=15%,kvB<=64k,kp<=32k,0.264,2
1024,n<=8,sr<=15%,kvB<=64k,kp<=4k,0.4345,2
1024,n<=8,sr<=15%,kvB<=64k,kp<=512,0.3984,2
1024,n<=8,sr<=15%,kvB<=64k,kp<=64k,0.039,2
1024,n<=8,sr<=15%,kvB<=64k,kp<=8k,0.411,2
1024,n<=8,sr<=15%,kvB<=64k,kp=0,0.3939,2
1024,n<=8,sr<=40%,kvB<=16k,kp<=16k,0.0505,4
1024,n<=8,sr<=40%,kvB<=16k,kp<=1k,0.3814,4
1024,n<=8,sr<=40%,kvB<=16k,kp<=2k,0.3979,4
1024,n<=8,sr<=40%,kvB<=16k,kp<=32k,0.108,4
1024,n<=8,sr<=40%,kvB<=16k,kp<=4k,0.3633,4
1024,n<=8,sr<=40%,kvB<=16k,kp<=512,0.3507,4
1024,n<=8,sr<=40%,kvB<=16k,kp<=64k,0.0673,4
1024,n<=8,sr<=40%,kvB<=16k,kp<=8k,0.2381,4
1024,n<=8,sr<=40%,kvB<=16k,kp=0,0.299,4
1024,n<=8,sr<=40%,kvB<=1k,kp<=16k,0.1551,4
1024,n<=8,sr<=40%,kvB<=1k,kp<=1k,0.108,4
1024,n<=8,sr<=40%,kvB<=1k,kp<=2k,0.0892,4
1024,n<=8,sr<=40%,kvB<=1k,kp<=32k,0.0525,4
1024,n<=8,sr<=40%,kvB<=1k,kp<=4k,0.0906,4
1024,n<=8,sr<=40%,kvB<=1k,kp<=512,0.062,4
1024,n<=8,sr<=40%,kvB<=1k,kp<=64k,0.5807,4
1024,n<=8,sr<=40%,kvB<=1k,kp<=8k,0.0721,4
1024,n<=8,sr<=40%,kvB<=1k,kp=0,0.1595,4
1024,n<=8,sr<=40%,kvB<=4k,kp<=16k,-0.0194,4
1024,n<=8,sr<=40%,kvB<=4k,kp<=1k,0.361,4
1024,n<=8,sr<=40%,kvB<=4k,kp<=2k,0.2109,4
1024,n<=8,sr<=40%,kvB<=4k,kp<=32k,-0.0114,4
1024,n<=8,sr<=40%,kvB<=4k,kp<=4k,0.0113,4
1024,n<=8,sr<=40%,kvB<=4k,kp<=512,0.3899,4
1024,n<=8,sr<=40%,kvB<=4k,kp<=64k,0.0083,4
1024,n<=8,sr<=40%,kvB<=4k,kp<=8k,0.0332,4
1024,n<=8,sr<=40%,kvB<=4k,kp=0,0.4154,4
1024,n<=8,sr<=40%,kvB<=64k,kp<=16k,0.348,4
1024,n<=8,sr<=40%,kvB<=64k,kp<=1k,0.2801,4
1024,n<=8,sr<=40%,kvB<=64k,kp<=2k,0.3119,4
1024,n<=8,sr<=40%,kvB<=64k,kp<=32k,0.2368,4
1024,n<=8,sr<=40%,kvB<=64k,kp<=4k,0.3395,4
1024,n<=8,sr<=40%,kvB<=64k,kp<=512,0.2594,4
1024,n<=8,sr<=40%,kvB<=64k,kp<=64k,0.0569,4
1024,n<=8,sr<=40%,kvB<=64k,kp<=8k,0.3194,4
1024,n<=8,sr<=40%,kvB<=64k,kp=0,0.2515,4
1024,n<=8,sr<=70%,kvB<=16k,kp<=16k,0.0196,2
1024,n<=8,sr<=70%,kvB<=16k,kp<=1k,0.3401,2
1024,n<=8,sr<=70%,kvB<=16k,kp<=2k,0.4341,2
1024,n<=8,sr<=70%,kvB<=16k,kp<=32k,0.0459,2
1024,n<=8,sr<=70%,kvB<=16k,kp<=4k,0.3467,2
1024,n<=8,sr<=70%,kvB<=16k,kp<=512,0.2783,2
1024,n<=8,sr<=70%,kvB<=16k,kp<=64k,-0.0321,2
1024,n<=8,sr<=70%,kvB<=16k,kp<=8k,0.2869,2
1024,n<=8,sr<=70%,kvB<=16k,kp=0,0.1617,2
1024,n<=8,sr<=70%,kvB<=1k,kp<=16k,-0.1629,2
1024,n<=8,sr<=70%,kvB<=1k,kp<=1k,0.0646,2
1024,n<=8,sr<=70%,kvB<=1k,kp<=2k,0.0662,2
1024,n<=8,sr<=70%,kvB<=1k,kp<=32k,0.3656,2
1024,n<=8,sr<=70%,kvB<=1k,kp<=4k,-0.0268,2
1024,n<=8,sr<=70%,kvB<=1k,kp<=512,-0.0259,2
1024,n<=8,sr<=70%,kvB<=1k,kp<=64k,0.8449,2
1024,n<=8,sr<=70%,kvB<=1k,kp<=8k,-0.0002,2
1024,n<=8,sr<=70%,kvB<=1k,kp=0,0.1733,2
1024,n<=8,sr<=70%,kvB<=4k,kp<=16k,-0.1215,2
1024,n<=8,sr<=70%,kvB<=4k,kp<=1k,0.346,2
1024,n<=8,sr<=70%,kvB<=4k,kp<=2k,0.2263,2
1024,n<=8,sr<=70%,kvB<=4k,kp<=32k,0.0477,2
1024,n<=8,sr<=70%,kvB<=4k,kp<=4k,-0.0268,2
1024,n<=8,sr<=70%,kvB<=4k,kp<=512,0.3909,2
1024,n<=8,sr<=70%,kvB<=4k,kp<=64k,-0.0004,2
1024,n<=8,sr<=70%,kvB<=4k,kp<=8k,0.0049,2
1024,n<=8,sr<=70%,kvB<=4k,kp=0,0.4121,2
1024,n<=8,sr<=70%,kvB<=64k,kp<=16k,0.342,2
1024,n<=8,sr<=70%,kvB<=64k,kp<=1k,0.0936,2
1024,n<=8,sr<=70%,kvB<=64k,kp<=2k,0.1779,2
1024,n<=8,sr<=70%,kvB<=64k,kp<=32k,0.2996,2
1024,n<=8,sr<=70%,kvB<=64k,kp<=4k,0.2459,2
1024,n<=8,sr<=70%,kvB<=64k,kp<=512,0.0449,2
1024,n<=8,sr<=70%,kvB<=64k,kp<=64k,0.0489,2
1024,n<=8,sr<=70%,kvB<=64k,kp<=8k,0.4125,2
1024,n<=8,sr<=70%,kvB<=64k,kp=0,0.0043,2
1024,n<=8,sr>70%,kvB<=16k,kp<=16k,-0.5945,4
1024,n<=8,sr>70%,kvB<=16k,kp<=1k,0.5411,4
1024,n<=8,sr>70%,kvB<=16k,kp<=2k,0.4852,4
1024,n<=8,sr>70%,kvB<=16k,kp<=32k,0.5142,4
1024,n<=8,sr>70%,kvB<=16k,kp<=4k,0.1994,4
1024,n<=8,sr>70%,kvB<=16k,kp<=512,0.6548,4
1024,n<=8,sr>70%,kvB<=16k,kp<=64k,-0.0216,4
1024,n<=8,sr>70%,kvB<=16k,kp<=8k,-0.1037,4
1024,n<=8,sr>70%,kvB<=16k,kp=0,0.7446,4
1024,n<=8,sr>70%,kvB<=1k,kp<=16k,-0.0403,4
1024,n<=8,sr>70%,kvB<=1k,kp<=1k,0.1448,4
1024,n<=8,sr>70%,kvB<=1k,kp<=2k,0.3275,4
1024,n<=8,sr>70%,kvB<=1k,kp<=32k,0.6745,4
1024,n<=8,sr>70%,kvB<=1k,kp<=4k,0.0372,4
1024,n<=8,sr>70%,kvB<=1k,kp<=512,0.1882,4
1024,n<=8,sr>70%,kvB<=1k,kp<=64k,0.5651,4
1024,n<=8,sr>70%,kvB<=1k,kp<=8k,-0.0401,4
1024,n<=8,sr>70%,kvB<=1k,kp=0,0.3905,4
1024,n<=8,sr>70%,kvB<=4k,kp<=16k,0.1557,4
1024,n<=8,sr>70%,kvB<=4k,kp<=1k,0.2907,4
1024,n<=8,sr>70%,kvB<=4k,kp<=2k,0.2308,4
1024,n<=8,sr>70%,kvB<=4k,kp<=32k,0.2029,4
1024,n<=8,sr>70%,kvB<=4k,kp<=4k,-0.4133,4
1024,n<=8,sr>70%,kvB<=4k,kp<=512,0.3735,4
1024,n<=8,sr>70%,kvB<=4k,kp<=64k,-0.6387,3
1024,n<=8,sr>70%,kvB<=4k,kp<=8k,0.4141,4
1024,n<=8,sr>70%,kvB<=4k,kp=0,0.4829,4
1024,n<=8,sr>70%,kvB<=64k,kp<=16k,0.077,4
1024,n<=8,sr>70%,kvB<=64k,kp<=1k,1.0578,4
1024,n<=8,sr>70%,kvB<=64k,kp<=2k,0.9787,4
1024,n<=8,sr>70%,kvB<=64k,kp<=32k,-0.3532,4
1024,n<=8,sr>70%,kvB<=64k,kp<=4k,0.9928,4
1024,n<=8,sr>70%,kvB<=64k,kp<=512,1.0116,4
1024,n<=8,sr>70%,kvB<=64k,kp<=64k,-0.4834,4
1024,n<=8,sr>70%,kvB<=64k,kp<=8k,0.5956,4
1024,n<=8,sr>70%,kvB<=64k,kp=0,1.0244,4
2048,n<=16,sr<=15%,kvB<=16k,kp<=16k,0.0174,4
2048,n<=16,sr<=15%,kvB<=16k,kp<=1k,0.247,4
2048,n<=16,sr<=15%,kvB<=16k,kp<=2k,0.2473,4
2048,n<=16,sr<=15%,kvB<=16k,kp<=32k,0.0076,4
2048,n<=16,sr<=15%,kvB<=16k,kp<=4k,0.2135,4
2048,n<=16,sr<=15%,kvB<=16k,kp<=512,0.2619,4
2048,n<=16,sr<=15%,kvB<=16k,kp<=64k,0.0083,4
2048,n<=16,sr<=15%,kvB<=16k,kp<=8k,0.1427,4
2048,n<=16,sr<=15%,kvB<=16k,kp=0,0.2664,4
2048,n<=16,sr<=15%,kvB<=1k,kp<=16k,0.0982,4
2048,n<=16,sr<=15%,kvB<=1k,kp<=1k,0.105,4
2048,n<=16,sr<=15%,kvB<=1k,kp<=2k,0.0786,4
2048,n<=16,sr<=15%,kvB<=1k,kp<=32k,0.4235,4
2048,n<=16,sr<=15%,kvB<=1k,kp<=4k,0.058,4
2048,n<=16,sr<=15%,kvB<=1k,kp<=512,0.0808,4
2048,n<=16,sr<=15%,kvB<=1k,kp<=64k,0.298,4
2048,n<=16,sr<=15%,kvB<=1k,kp<=8k,0.061,4
2048,n<=16,sr<=15%,kvB<=1k,kp=0,0.0591,4
2048,n<=16,sr<=15%,kvB<=4k,kp<=16k,-0.043,4
2048,n<=16,sr<=15%,kvB<=4k,kp<=1k,0.1205,4
2048,n<=16,sr<=15%,kvB<=4k,kp<=2k,0.0269,4
2048,n<=16,sr<=15%,kvB<=4k,kp<=32k,-0.0566,4
2048,n<=16,sr<=15%,kvB<=4k,kp<=4k,0.0328,4
2048,n<=16,sr<=15%,kvB<=4k,kp<=512,0.1601,4
2048,n<=16,sr<=15%,kvB<=4k,kp<=64k,0.044,4
2048,n<=16,sr<=15%,kvB<=4k,kp<=8k,0.0164,4
2048,n<=16,sr<=15%,kvB<=4k,kp=0,0.2005,4
2048,n<=16,sr<=15%,kvB<=64k,kp<=16k,0.1354,4
2048,n<=16,sr<=15%,kvB<=64k,kp<=1k,0.2271,4
2048,n<=16,sr<=15%,kvB<=64k,kp<=2k,0.1933,4
2048,n<=16,sr<=15%,kvB<=64k,kp<=32k,0.1701,4
2048,n<=16,sr<=15%,kvB<=64k,kp<=4k,0.1446,4
2048,n<=16,sr<=15%,kvB<=64k,kp<=512,0.2738,4
2048,n<=16,sr<=15%,kvB<=64k,kp<=64k,0.0483,4
2048,n<=16,sr<=15%,kvB<=64k,kp<=8k,0.1309,4
2048,n<=16,sr<=15%,kvB<=64k,kp=0,0.3002,4
2048,n<=16,sr<=40%,kvB<=16k,kp<=16k,-0.0114,4
2048,n<=16,sr<=40%,kvB<=16k,kp<=1k,0.2289,4
2048,n<=16,sr<=40%,kvB<=16k,kp<=2k,0.2364,4
2048,n<=16,sr<=40%,kvB<=16k,kp<=32k,0.0319,4
2048,n<=16,sr<=40%,kvB<=16k,kp<=4k,0.2173,4
2048,n<=16,sr<=40%,kvB<=16k,kp<=512,0.2358,4
2048,n<=16,sr<=40%,kvB<=16k,kp<=64k,-0.0049,4
2048,n<=16,sr<=40%,kvB<=16k,kp<=8k,0.1623,4
2048,n<=16,sr<=40%,kvB<=16k,kp=0,0.2487,4
2048,n<=16,sr<=40%,kvB<=1k,kp<=16k,0.1854,4
2048,n<=16,sr<=40%,kvB<=1k,kp<=1k,0.0663,4
2048,n<=16,sr<=40%,kvB<=1k,kp<=2k,0.1059,4
2048,n<=16,sr<=40%,kvB<=1k,kp<=32k,0.1145,4
2048,n<=16,sr<=40%,kvB<=1k,kp<=4k,0.0324,4
2048,n<=16,sr<=40%,kvB<=1k,kp<=512,0.0944,4
2048,n<=16,sr<=40%,kvB<=1k,kp<=64k,0.2565,3
2048,n<=16,sr<=40%,kvB<=1k,kp<=8k,0.1043,4
2048,n<=16,sr<=40%,kvB<=1k,kp=0,0.0891,4
2048,n<=16,sr<=40%,kvB<=4k,kp<=16k,-0.0332,4
2048,n<=16,sr<=40%,kvB<=4k,kp<=1k,0.1332,4
2048,n<=16,sr<=40%,kvB<=4k,kp<=2k,0.0377,4
2048,n<=16,sr<=40%,kvB<=4k,kp<=32k,-0.0328,4
2048,n<=16,sr<=40%,kvB<=4k,kp<=4k,0.003,4
2048,n<=16,sr<=40%,kvB<=4k,kp<=512,0.1783,4
2048,n<=16,sr<=40%,kvB<=4k,kp<=64k,-0.1442,4
2048,n<=16,sr<=40%,kvB<=4k,kp<=8k,0.0335,4
2048,n<=16,sr<=40%,kvB<=4k,kp=0,0.2139,4
2048,n<=16,sr<=40%,kvB<=64k,kp<=16k,0.1207,4
2048,n<=16,sr<=40%,kvB<=64k,kp<=1k,0.2561,4
2048,n<=16,sr<=40%,kvB<=64k,kp<=2k,0.1714,4
2048,n<=16,sr<=40%,kvB<=64k,kp<=32k,0.1352,4
2048,n<=16,sr<=40%,kvB<=64k,kp<=4k,0.0871,4
2048,n<=16,sr<=40%,kvB<=64k,kp<=512,0.3073,4
2048,n<=16,sr<=40%,kvB<=64k,kp<=64k,-0.0015,4
2048,n<=16,sr<=40%,kvB<=64k,kp<=8k,0.0987,4
2048,n<=16,sr<=40%,kvB<=64k,kp=0,0.3247,4
2048,n<=16,sr<=70%,kvB<=16k,kp<=16k,-0.0338,2
2048,n<=16,sr<=70%,kvB<=16k,kp<=1k,0.2075,2
2048,n<=16,sr<=70%,kvB<=16k,kp<=2k,0.2193,2
2048,n<=16,sr<=70%,kvB<=16k,kp<=32k,0.1176,2
2048,n<=16,sr<=70%,kvB<=16k,kp<=4k,0.2216,2
2048,n<=16,sr<=70%,kvB<=16k,kp<=512,0.2114,2
2048,n<=16,sr<=70%,kvB<=16k,kp<=64k,0.0009,2
2048,n<=16,sr<=70%,kvB<=16k,kp<=8k,0.1338,2
2048,n<=16,sr<=70%,kvB<=16k,kp=0,0.2071,2
2048,n<=16,sr<=70%,kvB<=1k,kp<=16k,0.0978,2
2048,n<=16,sr<=70%,kvB<=1k,kp<=1k,0.0894,2
2048,n<=16,sr<=70%,kvB<=1k,kp<=2k,0.0966,2
2048,n<=16,sr<=70%,kvB<=1k,kp<=32k,0.2376,2
2048,n<=16,sr<=70%,kvB<=1k,kp<=4k,0.0788,2
2048,n<=16,sr<=70%,kvB<=1k,kp<=512,0.0515,2
2048,n<=16,sr<=70%,kvB<=1k,kp<=64k,-0.1584,2
2048,n<=16,sr<=70%,kvB<=1k,kp<=8k,0.2485,2
2048,n<=16,sr<=70%,kvB<=1k,kp=0,0.0613,2
2048,n<=16,sr<=70%,kvB<=4k,kp<=16k,-0.1563,2
2048,n<=16,sr<=70%,kvB<=4k,kp<=1k,0.1877,2
2048,n<=16,sr<=70%,kvB<=4k,kp<=2k,0.0953,2
2048,n<=16,sr<=70%,kvB<=4k,kp<=32k,-0.0514,2
2048,n<=16,sr<=70%,kvB<=4k,kp<=4k,-0.0193,2
2048,n<=16,sr<=70%,kvB<=4k,kp<=512,0.1872,2
2048,n<=16,sr<=70%,kvB<=4k,kp<=64k,0.0325,2
2048,n<=16,sr<=70%,kvB<=4k,kp<=8k,0.0159,2
2048,n<=16,sr<=70%,kvB<=4k,kp=0,0.1989,2
2048,n<=16,sr<=70%,kvB<=64k,kp<=16k,0.0092,2
2048,n<=16,sr<=70%,kvB<=64k,kp<=1k,0.4821,2
2048,n<=16,sr<=70%,kvB<=64k,kp<=2k,0.3193,2
2048,n<=16,sr<=70%,kvB<=64k,kp<=32k,0.1676,2
2048,n<=16,sr<=70%,kvB<=64k,kp<=4k,0.0559,2
2048,n<=16,sr<=70%,kvB<=64k,kp<=512,0.4915,2
2048,n<=16,sr<=70%,kvB<=64k,kp<=64k,0.1029,2
2048,n<=16,sr<=70%,kvB<=64k,kp<=8k,0.186,2
2048,n<=16,sr<=70%,kvB<=64k,kp=0,0.4154,2
2048,n<=16,sr>70%,kvB<=16k,kp<=16k,-0.2164,4
2048,n<=16,sr>70%,kvB<=16k,kp<=1k,0.2027,4
2048,n<=16,sr>70%,kvB<=16k,kp<=2k,0.2945,4
2048,n<=16,sr>70%,kvB<=16k,kp<=32k,-0.3469,4
2048,n<=16,sr>70%,kvB<=16k,kp<=4k,0.1975,4
2048,n<=16,sr>70%,kvB<=16k,kp<=512,0.2564,4
2048,n<=16,sr>70%,kvB<=16k,kp<=64k,0.5281,4
2048,n<=16,sr>70%,kvB<=16k,kp<=8k,0.1642,4
2048,n<=16,sr>70%,kvB<=16k,kp=0,0.3451,4
2048,n<=16,sr>70%,kvB<=1k,kp<=16k,0.2758,4
2048,n<=16,sr>70%,kvB<=1k,kp<=1k,0.2697,4
2048,n<=16,sr>70%,kvB<=1k,kp<=2k,0.3493,4
2048,n<=16,sr>70%,kvB<=1k,kp<=32k,0.5135,3
2048,n<=16,sr>70%,kvB<=1k,kp<=4k,0.2843,4
2048,n<=16,sr>70%,kvB<=1k,kp<=512,0.1579,4
2048,n<=16,sr>70%,kvB<=1k,kp<=64k,0.4494,4
2048,n<=16,sr>70%,kvB<=1k,kp<=8k,0.2226,4
2048,n<=16,sr>70%,kvB<=1k,kp=0,0.289,4
2048,n<=16,sr>70%,kvB<=4k,kp<=16k,0.1541,4
2048,n<=16,sr>70%,kvB<=4k,kp<=1k,0.1703,4
2048,n<=16,sr>70%,kvB<=4k,kp<=2k,0.1403,4
2048,n<=16,sr>70%,kvB<=4k,kp<=32k,0.1809,3
2048,n<=16,sr>70%,kvB<=4k,kp<=4k,-0.1494,4
2048,n<=16,sr>70%,kvB<=4k,kp<=512,0.1836,4
2048,n<=16,sr>70%,kvB<=4k,kp<=64k,0.2358,4
2048,n<=16,sr>70%,kvB<=4k,kp<=8k,-0.1474,4
2048,n<=16,sr>70%,kvB<=4k,kp=0,0.2092,4
2048,n<=16,sr>70%,kvB<=64k,kp<=16k,0.0348,4
2048,n<=16,sr>70%,kvB<=64k,kp<=1k,1.8045,4
2048,n<=16,sr>70%,kvB<=64k,kp<=2k,1.4614,4
2048,n<=16,sr>70%,kvB<=64k,kp<=32k,0.2973,4
2048,n<=16,sr>70%,kvB<=64k,kp<=4k,0.1727,4
2048,n<=16,sr>70%,kvB<=64k,kp<=512,1.8466,4
2048,n<=16,sr>70%,kvB<=64k,kp<=64k,-0.4777,4
2048,n<=16,sr>70%,kvB<=64k,kp<=8k,0.184,4
2048,n<=16,sr>70%,kvB<=64k,kp=0,1.7373,4
2048,n<=2,sr<=70%,kvB<=16k,kp<=16k,-0.0662,2
2048,n<=2,sr<=70%,kvB<=16k,kp<=1k,0.8123,2
2048,n<=2,sr<=70%,kvB<=16k,kp<=2k,0.7529,2
2048,n<=2,sr<=70%,kvB<=16k,kp<=32k,0.4992,1
2048,n<=2,sr<=70%,kvB<=16k,kp<=4k,0.6866,2
2048,n<=2,sr<=70%,kvB<=16k,kp<=512,0.826,2
2048,n<=2,sr<=70%,kvB<=16k,kp<=64k,0.5977,2
2048,n<=2,sr<=70%,kvB<=16k,kp<=8k,0.5195,2
2048,n<=2,sr<=70%,kvB<=16k,kp=0,0.9155,2
2048,n<=2,sr<=70%,kvB<=1k,kp<=16k,0.6283,1
2048,n<=2,sr<=70%,kvB<=1k,kp<=1k,0.0896,2
2048,n<=2,sr<=70%,kvB<=1k,kp<=2k,0.5624,2
2048,n<=2,sr<=70%,kvB<=1k,kp<=32k,0.9332,2
2048,n<=2,sr<=70%,kvB<=1k,kp<=4k,-6.7175,1
2048,n<=2,sr<=70%,kvB<=1k,kp<=512,0.2956,2
2048,n<=2,sr<=70%,kvB<=1k,kp<=64k,1.5218,2
2048,n<=2,sr<=70%,kvB<=1k,kp<=8k,0.1433,1
2048,n<=2,sr<=70%,kvB<=1k,kp=0,0.1136,2
2048,n<=2,sr<=70%,kvB<=4k,kp<=1k,0.6065,2
2048,n<=2,sr<=70%,kvB<=4k,kp<=2k,0.24,2
2048,n<=2,sr<=70%,kvB<=4k,kp<=32k,-0.2016,1
2048,n<=2,sr<=70%,kvB<=4k,kp<=4k,-0.4264,2
2048,n<=2,sr<=70%,kvB<=4k,kp<=512,0.7313,2
2048,n<=2,sr<=70%,kvB<=4k,kp<=64k,0.5843,2
2048,n<=2,sr<=70%,kvB<=4k,kp<=8k,0.0021,2
2048,n<=2,sr<=70%,kvB<=4k,kp=0,0.7432,2
2048,n<=2,sr<=70%,kvB<=64k,kp<=16k,0.7025,2
2048,n<=2,sr<=70%,kvB<=64k,kp<=1k,0.9836,2
2048,n<=2,sr<=70%,kvB<=64k,kp<=2k,0.9644,2
2048,n<=2,sr<=70%,kvB<=64k,kp<=32k,0.3861,1
2048,n<=2,sr<=70%,kvB<=64k,kp<=4k,0.9317,2
2048,n<=2,sr<=70%,kvB<=64k,kp<=512,0.9719,2
2048,n<=2,sr<=70%,kvB<=64k,kp<=64k,0.2071,2
2048,n<=2,sr<=70%,kvB<=64k,kp<=8k,0.8867,2
2048,n<=2,sr<=70%,kvB<=64k,kp=0,0.9712,2
2048,n<=32,sr<=15%,kvB<=16k,kp<=16k,-0.0017,6
2048,n<=32,sr<=15%,kvB<=16k,kp<=1k,0.0711,6
2048,n<=32,sr<=15%,kvB<=16k,kp<=2k,0.0637,6
2048,n<=32,sr<=15%,kvB<=16k,kp<=32k,-0.0279,6
2048,n<=32,sr<=15%,kvB<=16k,kp<=4k,0.0585,6
2048,n<=32,sr<=15%,kvB<=16k,kp<=512,0.0963,6
2048,n<=32,sr<=15%,kvB<=16k,kp<=64k,-0.0206,6
2048,n<=32,sr<=15%,kvB<=16k,kp<=8k,0.0714,6
2048,n<=32,sr<=15%,kvB<=16k,kp=0,0.1032,6
2048,n<=32,sr<=15%,kvB<=1k,kp<=16k,0.0202,6
2048,n<=32,sr<=15%,kvB<=1k,kp<=1k,0.0728,6
2048,n<=32,sr<=15%,kvB<=1k,kp<=2k,0.0753,6
2048,n<=32,sr<=15%,kvB<=1k,kp<=32k,0.0867,6
2048,n<=32,sr<=15%,kvB<=1k,kp<=4k,0.0862,6
2048,n<=32,sr<=15%,kvB<=1k,kp<=512,0.0733,6
2048,n<=32,sr<=15%,kvB<=1k,kp<=64k,0.1601,6
2048,n<=32,sr<=15%,kvB<=1k,kp<=8k,0.0846,6
2048,n<=32,sr<=15%,kvB<=1k,kp=0,0.0685,6
2048,n<=32,sr<=15%,kvB<=4k,kp<=16k,0.0185,6
2048,n<=32,sr<=15%,kvB<=4k,kp<=1k,0.0667,6
2048,n<=32,sr<=15%,kvB<=4k,kp<=2k,0.0215,6
2048,n<=32,sr<=15%,kvB<=4k,kp<=32k,0.0049,6
2048,n<=32,sr<=15%,kvB<=4k,kp<=4k,0.0117,6
2048,n<=32,sr<=15%,kvB<=4k,kp<=512,0.0892,6
2048,n<=32,sr<=15%,kvB<=4k,kp<=64k,-0.0047,6
2048,n<=32,sr<=15%,kvB<=4k,kp<=8k,0.0047,6
2048,n<=32,sr<=15%,kvB<=4k,kp=0,0.1117,6
2048,n<=32,sr<=15%,kvB<=64k,kp<=16k,-0.0395,6
2048,n<=32,sr<=15%,kvB<=64k,kp<=1k,0.0643,6
2048,n<=32,sr<=15%,kvB<=64k,kp<=2k,0.0687,6
2048,n<=32,sr<=15%,kvB<=64k,kp<=32k,0.0476,6
2048,n<=32,sr<=15%,kvB<=64k,kp<=4k,0.0512,6
2048,n<=32,sr<=15%,kvB<=64k,kp<=512,0.1119,6
2048,n<=32,sr<=15%,kvB<=64k,kp<=64k,0.0084,6
2048,n<=32,sr<=15%,kvB<=64k,kp<=8k,0.016,6
2048,n<=32,sr<=15%,kvB<=64k,kp=0,0.0917,6
2048,n<=32,sr<=40%,kvB<=16k,kp<=16k,-0.0041,2
2048,n<=32,sr<=40%,kvB<=16k,kp<=1k,0.0719,2
2048,n<=32,sr<=40%,kvB<=16k,kp<=2k,0.0672,2
2048,n<=32,sr<=40%,kvB<=16k,kp<=32k,-0.0198,2
2048,n<=32,sr<=40%,kvB<=16k,kp<=4k,0.0457,2
2048,n<=32,sr<=40%,kvB<=16k,kp<=512,0.1038,2
2048,n<=32,sr<=40%,kvB<=16k,kp<=64k,-0.0176,2
2048,n<=32,sr<=40%,kvB<=16k,kp<=8k,0.0896,2
2048,n<=32,sr<=40%,kvB<=16k,kp=0,0.1041,2
2048,n<=32,sr<=40%,kvB<=1k,kp<=16k,0.0085,2
2048,n<=32,sr<=40%,kvB<=1k,kp<=1k,0.0971,2
2048,n<=32,sr<=40%,kvB<=1k,kp<=2k,0.0948,2
2048,n<=32,sr<=40%,kvB<=1k,kp<=32k,0.2721,2
2048,n<=32,sr<=40%,kvB<=1k,kp<=4k,0.1022,2
2048,n<=32,sr<=40%,kvB<=1k,kp<=512,0.1082,2
2048,n<=32,sr<=40%,kvB<=1k,kp<=64k,0.1004,2
2048,n<=32,sr<=40%,kvB<=1k,kp<=8k,0.0678,2
2048,n<=32,sr<=40%,kvB<=1k,kp=0,0.0959,2
2048,n<=32,sr<=40%,kvB<=4k,kp<=16k,-0.005,2
2048,n<=32,sr<=40%,kvB<=4k,kp<=1k,0.0715,2
2048,n<=32,sr<=40%,kvB<=4k,kp<=2k,0.0232,2
2048,n<=32,sr<=40%,kvB<=4k,kp<=32k,-0.0268,2
2048,n<=32,sr<=40%,kvB<=4k,kp<=4k,-0.0139,2
2048,n<=32,sr<=40%,kvB<=4k,kp<=512,0.0988,2
2048,n<=32,sr<=40%,kvB<=4k,kp<=64k,0.0168,2
2048,n<=32,sr<=40%,kvB<=4k,kp<=8k,-0.0014,2
2048,n<=32,sr<=40%,kvB<=4k,kp=0,0.1033,2
2048,n<=32,sr<=40%,kvB<=64k,kp<=16k,0.158,2
2048,n<=32,sr<=40%,kvB<=64k,kp<=1k,0.1389,2
2048,n<=32,sr<=40%,kvB<=64k,kp<=2k,0.1015,2
2048,n<=32,sr<=40%,kvB<=64k,kp<=32k,0.1884,2
2048,n<=32,sr<=40%,kvB<=64k,kp<=4k,0.0272,2
2048,n<=32,sr<=40%,kvB<=64k,kp<=512,0.2602,2
2048,n<=32,sr<=40%,kvB<=64k,kp<=64k,0.0477,2
2048,n<=32,sr<=40%,kvB<=64k,kp<=8k,0.0001,2
2048,n<=32,sr<=40%,kvB<=64k,kp=0,0.219,2
2048,n<=32,sr<=5%,kvB<=16k,kp<=16k,0.0017,2
2048,n<=32,sr<=5%,kvB<=16k,kp<=1k,0.0783,2
2048,n<=32,sr<=5%,kvB<=16k,kp<=2k,0.0654,2
2048,n<=32,sr<=5%,kvB<=16k,kp<=32k,-0.015,2
2048,n<=32,sr<=5%,kvB<=16k,kp<=4k,0.0605,2
2048,n<=32,sr<=5%,kvB<=16k,kp<=512,0.1076,2
2048,n<=32,sr<=5%,kvB<=16k,kp<=64k,-0.0131,2
2048,n<=32,sr<=5%,kvB<=16k,kp<=8k,0.0764,2
2048,n<=32,sr<=5%,kvB<=16k,kp=0,0.1113,2
2048,n<=32,sr<=5%,kvB<=1k,kp<=16k,-0.0536,2
2048,n<=32,sr<=5%,kvB<=1k,kp<=1k,0.0164,2
2048,n<=32,sr<=5%,kvB<=1k,kp<=2k,0.0224,2
2048,n<=32,sr<=5%,kvB<=1k,kp<=32k,0.0727,2
2048,n<=32,sr<=5%,kvB<=1k,kp<=4k,0.0098,2
2048,n<=32,sr<=5%,kvB<=1k,kp<=512,0.0299,2
2048,n<=32,sr<=5%,kvB<=1k,kp<=64k,0.4682,2
2048,n<=32,sr<=5%,kvB<=1k,kp<=8k,-0.052,2
2048,n<=32,sr<=5%,kvB<=1k,kp=0,0.0264,2
2048,n<=32,sr<=5%,kvB<=4k,kp<=16k,0.0175,2
2048,n<=32,sr<=5%,kvB<=4k,kp<=1k,0.0709,2
2048,n<=32,sr<=5%,kvB<=4k,kp<=2k,0.0293,2
2048,n<=32,sr<=5%,kvB<=4k,kp<=32k,0.0367,2
2048,n<=32,sr<=5%,kvB<=4k,kp<=4k,0.025,2
2048,n<=32,sr<=5%,kvB<=4k,kp<=512,0.0969,2
2048,n<=32,sr<=5%,kvB<=4k,kp<=64k,0.067,2
2048,n<=32,sr<=5%,kvB<=4k,kp<=8k,0.0447,2
2048,n<=32,sr<=5%,kvB<=4k,kp=0,0.1163,2
2048,n<=32,sr<=5%,kvB<=64k,kp<=16k,0.0371,2
2048,n<=32,sr<=5%,kvB<=64k,kp<=1k,0.0745,2
2048,n<=32,sr<=5%,kvB<=64k,kp<=2k,0.072,2
2048,n<=32,sr<=5%,kvB<=64k,kp<=32k,0.0379,2
2048,n<=32,sr<=5%,kvB<=64k,kp<=4k,0.0712,2
2048,n<=32,sr<=5%,kvB<=64k,kp<=512,0.1012,2
2048,n<=32,sr<=5%,kvB<=64k,kp<=64k,0.0167,2
2048,n<=32,sr<=5%,kvB<=64k,kp<=8k,0.0869,2
2048,n<=32,sr<=5%,kvB<=64k,kp=0,0.1196,2
2048,n<=32,sr<=70%,kvB<=16k,kp<=16k,-0.0141,2
2048,n<=32,sr<=70%,kvB<=16k,kp<=1k,0.0333,2
2048,n<=32,sr<=70%,kvB<=16k,kp<=2k,0.0297,2
2048,n<=32,sr<=70%,kvB<=16k,kp<=32k,0.0463,2
2048,n<=32,sr<=70%,kvB<=16k,kp<=4k,0.1072,2
2048,n<=32,sr<=70%,kvB<=16k,kp<=512,0.112,2
2048,n<=32,sr<=70%,kvB<=16k,kp<=64k,-0.0558,2
2048,n<=32,sr<=70%,kvB<=16k,kp<=8k,0.0032,2
2048,n<=32,sr<=70%,kvB<=16k,kp=0,0.1846,2
2048,n<=32,sr<=70%,kvB<=1k,kp<=16k,-0.0432,2
2048,n<=32,sr<=70%,kvB<=1k,kp<=1k,0.0235,2
2048,n<=32,sr<=70%,kvB<=1k,kp<=2k,0.0184,2
2048,n<=32,sr<=70%,kvB<=1k,kp<=32k,0.4212,2
2048,n<=32,sr<=70%,kvB<=1k,kp<=4k,0.0978,2
2048,n<=32,sr<=70%,kvB<=1k,kp<=512,0.0461,2
2048,n<=32,sr<=70%,kvB<=1k,kp<=64k,0.2461,2
2048,n<=32,sr<=70%,kvB<=1k,kp<=8k,-0.0398,2
2048,n<=32,sr<=70%,kvB<=1k,kp=0,0.0532,2
2048,n<=32,sr<=70%,kvB<=4k,kp<=16k,0.0193,2
2048,n<=32,sr<=70%,kvB<=4k,kp<=1k,0.0814,2
2048,n<=32,sr<=70%,kvB<=4k,kp<=2k,0.0531,2
2048,n<=32,sr<=70%,kvB<=4k,kp<=32k,-0.1419,2
2048,n<=32,sr<=70%,kvB<=4k,kp<=4k,0.0012,2
2048,n<=32,sr<=70%,kvB<=4k,kp<=512,0.082,2
2048,n<=32,sr<=70%,kvB<=4k,kp<=64k,-0.1218,2
2048,n<=32,sr<=70%,kvB<=4k,kp<=8k,0.03,2
2048,n<=32,sr<=70%,kvB<=4k,kp=0,0.1024,2
2048,n<=32,sr<=70%,kvB<=64k,kp<=16k,0.1488,2
2048,n<=32,sr<=70%,kvB<=64k,kp<=1k,0.4989,2
2048,n<=32,sr<=70%,kvB<=64k,kp<=2k,0.303,2
2048,n<=32,sr<=70%,kvB<=64k,kp<=32k,0.1232,2
2048,n<=32,sr<=70%,kvB<=64k,kp<=4k,0.0517,2
2048,n<=32,sr<=70%,kvB<=64k,kp<=512,0.6852,2
2048,n<=32,sr<=70%,kvB<=64k,kp<=64k,0.1046,2
2048,n<=32,sr<=70%,kvB<=64k,kp<=8k,-0.0001,2
2048,n<=32,sr<=70%,kvB<=64k,kp=0,0.7285,2
2048,n<=32,sr>70%,kvB<=16k,kp<=16k,0.4622,4
2048,n<=32,sr>70%,kvB<=16k,kp<=1k,0.0911,4
2048,n<=32,sr>70%,kvB<=16k,kp<=2k,-0.255,4
2048,n<=32,sr>70%,kvB<=16k,kp<=32k,0.2391,4
2048,n<=32,sr>70%,kvB<=16k,kp<=4k,0.1325,4
2048,n<=32,sr>70%,kvB<=16k,kp<=512,0.6393,4
2048,n<=32,sr>70%,kvB<=16k,kp<=64k,0.0196,4
2048,n<=32,sr>70%,kvB<=16k,kp<=8k,1.4146,4
2048,n<=32,sr>70%,kvB<=16k,kp=0,0.7455,4
2048,n<=32,sr>70%,kvB<=1k,kp<=16k,0.3537,4
2048,n<=32,sr>70%,kvB<=1k,kp<=1k,0.2688,4
2048,n<=32,sr>70%,kvB<=1k,kp<=2k,0.2819,4
2048,n<=32,sr>70%,kvB<=1k,kp<=32k,0.8394,3
2048,n<=32,sr>70%,kvB<=1k,kp<=4k,0.2907,4
2048,n<=32,sr>70%,kvB<=1k,kp<=512,0.284,4
2048,n<=32,sr>70%,kvB<=1k,kp<=64k,0.1852,4
2048,n<=32,sr>70%,kvB<=1k,kp<=8k,0.2835,4
2048,n<=32,sr>70%,kvB<=1k,kp=0,0.2248,4
2048,n<=32,sr>70%,kvB<=4k,kp<=16k,0.0323,4
2048,n<=32,sr>70%,kvB<=4k,kp<=1k,0.1305,4
2048,n<=32,sr>70%,kvB<=4k,kp<=2k,0.1221,4
2048,n<=32,sr>70%,kvB<=4k,kp<=32k,-0.0151,4
2048,n<=32,sr>70%,kvB<=4k,kp<=4k,0.0684,4
2048,n<=32,sr>70%,kvB<=4k,kp<=512,0.1658,4
2048,n<=32,sr>70%,kvB<=4k,kp<=64k,-0.0661,4
2048,n<=32,sr>70%,kvB<=4k,kp<=8k,0.1336,4
2048,n<=32,sr>70%,kvB<=4k,kp=0,0.1671,4
2048,n<=32,sr>70%,kvB<=64k,kp<=16k,0.0199,3
2048,n<=32,sr>70%,kvB<=64k,kp<=1k,0.8746,4
2048,n<=32,sr>70%,kvB<=64k,kp<=2k,0.8184,4
2048,n<=32,sr>70%,kvB<=64k,kp<=32k,0.6606,4
2048,n<=32,sr>70%,kvB<=64k,kp<=4k,0.1256,4
2048,n<=32,sr>70%,kvB<=64k,kp<=512,1.8686,4
2048,n<=32,sr>70%,kvB<=64k,kp<=64k,0.6064,4
2048,n<=32,sr>70%,kvB<=64k,kp<=8k,-0.0405,4
2048,n<=32,sr>70%,kvB<=64k,kp=0,1.6971,4
2048,n<=4,sr<=40%,kvB<=16k,kp<=16k,0.0349,2
2048,n<=4,sr<=40%,kvB<=16k,kp<=1k,0.6305,2
2048,n<=4,sr<=40%,kvB<=16k,kp<=2k,0.5993,2
2048,n<=4,sr<=40%,kvB<=16k,kp<=32k,0.1765,1
2048,n<=4,sr<=40%,kvB<=16k,kp<=4k,0.5775,2
2048,n<=4,sr<=40%,kvB<=16k,kp<=512,0.6454,2
2048,n<=4,sr<=40%,kvB<=16k,kp<=64k,0.258,2
2048,n<=4,sr<=40%,kvB<=16k,kp<=8k,0.3901,2
2048,n<=4,sr<=40%,kvB<=16k,kp=0,0.722,2
2048,n<=4,sr<=40%,kvB<=1k,kp<=16k,0.2185,2
2048,n<=4,sr<=40%,kvB<=1k,kp<=1k,0.1865,2
2048,n<=4,sr<=40%,kvB<=1k,kp<=2k,-0.064,2
2048,n<=4,sr<=40%,kvB<=1k,kp<=32k,0.3077,2
2048,n<=4,sr<=40%,kvB<=1k,kp<=4k,0.1842,2
2048,n<=4,sr<=40%,kvB<=1k,kp<=512,0.1543,2
2048,n<=4,sr<=40%,kvB<=1k,kp<=8k,0.3297,2
2048,n<=4,sr<=40%,kvB<=1k,kp=0,0.1995,2
2048,n<=4,sr<=40%,kvB<=4k,kp<=16k,0.243,2
2048,n<=4,sr<=40%,kvB<=4k,kp<=1k,0.3617,2
2048,n<=4,sr<=40%,kvB<=4k,kp<=2k,0.0329,2
2048,n<=4,sr<=40%,kvB<=4k,kp<=32k,1.3331,2
2048,n<=4,sr<=40%,kvB<=4k,kp<=4k,-0.0357,2
2048,n<=4,sr<=40%,kvB<=4k,kp<=512,0.4737,2
2048,n<=4,sr<=40%,kvB<=4k,kp<=64k,0.8484,2
2048,n<=4,sr<=40%,kvB<=4k,kp<=8k,-0.1168,2
2048,n<=4,sr<=40%,kvB<=4k,kp=0,0.5395,2
2048,n<=4,sr<=40%,kvB<=64k,kp<=16k,0.6364,2
2048,n<=4,sr<=40%,kvB<=64k,kp<=1k,0.9105,2
2048,n<=4,sr<=40%,kvB<=64k,kp<=2k,0.8131,2
2048,n<=4,sr<=40%,kvB<=64k,kp<=32k,0.3829,2
2048,n<=4,sr<=40%,kvB<=64k,kp<=4k,0.7089,2
2048,n<=4,sr<=40%,kvB<=64k,kp<=512,0.9338,2
2048,n<=4,sr<=40%,kvB<=64k,kp<=64k,0.2041,2
2048,n<=4,sr<=40%,kvB<=64k,kp<=8k,0.6495,2
2048,n<=4,sr<=40%,kvB<=64k,kp=0,0.9497,2
2048,n<=4,sr<=70%,kvB<=16k,kp<=16k,-0.1372,2
2048,n<=4,sr<=70%,kvB<=16k,kp<=1k,0.5981,2
2048,n<=4,sr<=70%,kvB<=16k,kp<=2k,0.5928,2
2048,n<=4,sr<=70%,kvB<=16k,kp<=32k,0.5082,1
2048,n<=4,sr<=70%,kvB<=16k,kp<=4k,0.5508,2
2048,n<=4,sr<=70%,kvB<=16k,kp<=512,0.6084,2
2048,n<=4,sr<=70%,kvB<=16k,kp<=64k,0.1464,2
2048,n<=4,sr<=70%,kvB<=16k,kp<=8k,0.4296,2
2048,n<=4,sr<=70%,kvB<=16k,kp=0,0.6553,2
2048,n<=4,sr<=70%,kvB<=1k,kp<=16k,0.8747,2
2048,n<=4,sr<=70%,kvB<=1k,kp<=1k,-0.2228,2
2048,n<=4,sr<=70%,kvB<=1k,kp<=2k,0.4792,2
2048,n<=4,sr<=70%,kvB<=1k,kp<=32k,1.3414,2
2048,n<=4,sr<=70%,kvB<=1k,kp<=4k,0.4178,2
2048,n<=4,sr<=70%,kvB<=1k,kp<=512,0.0842,2
2048,n<=4,sr<=70%,kvB<=1k,kp<=64k,0.4638,1
2048,n<=4,sr<=70%,kvB<=1k,kp=0,-0.0641,2
2048,n<=4,sr<=70%,kvB<=4k,kp<=16k,-0.05,2
2048,n<=4,sr<=70%,kvB<=4k,kp<=1k,0.5026,2
2048,n<=4,sr<=70%,kvB<=4k,kp<=2k,0.1466,2
2048,n<=4,sr<=70%,kvB<=4k,kp<=32k,-0.8048,2
2048,n<=4,sr<=70%,kvB<=4k,kp<=4k,-0.1938,2
2048,n<=4,sr<=70%,kvB<=4k,kp<=512,0.5262,2
2048,n<=4,sr<=70%,kvB<=4k,kp<=64k,-2.1339,2
2048,n<=4,sr<=70%,kvB<=4k,kp<=8k,-0.0287,2
2048,n<=4,sr<=70%,kvB<=4k,kp=0,0.5484,2
2048,n<=4,sr<=70%,kvB<=64k,kp<=16k,0.5524,2
2048,n<=4,sr<=70%,kvB<=64k,kp<=1k,0.8915,2
2048,n<=4,sr<=70%,kvB<=64k,kp<=2k,0.7817,2
2048,n<=4,sr<=70%,kvB<=64k,kp<=32k,0.4566,2
2048,n<=4,sr<=70%,kvB<=64k,kp<=4k,0.6582,2
2048,n<=4,sr<=70%,kvB<=64k,kp<=512,0.9561,2
2048,n<=4,sr<=70%,kvB<=64k,kp<=64k,-0.1554,2
2048,n<=4,sr<=70%,kvB<=64k,kp<=8k,0.5656,2
2048,n<=4,sr<=70%,kvB<=64k,kp=0,0.9259,2
2048,n<=4,sr>70%,kvB<=16k,kp<=16k,-1.5945,2
2048,n<=4,sr>70%,kvB<=16k,kp<=1k,0.5718,2
2048,n<=4,sr>70%,kvB<=16k,kp<=2k,0.5828,2
2048,n<=4,sr>70%,kvB<=16k,kp<=32k,0.8778,2
2048,n<=4,sr>70%,kvB<=16k,kp<=4k,0.5086,2
2048,n<=4,sr>70%,kvB<=16k,kp<=512,0.5191,2
2048,n<=4,sr>70%,kvB<=16k,kp<=64k,0.4307,2
2048,n<=4,sr>70%,kvB<=16k,kp<=8k,0.3317,2
2048,n<=4,sr>70%,kvB<=16k,kp=0,0.5912,2
2048,n<=4,sr>70%,kvB<=1k,kp<=16k,0.5661,1
2048,n<=4,sr>70%,kvB<=1k,kp<=1k,0.2703,2
2048,n<=4,sr>70%,kvB<=1k,kp<=2k,0.3,1
2048,n<=4,sr>70%,kvB<=1k,kp<=4k,-0.287,2
2048,n<=4,sr>70%,kvB<=1k,kp<=512,-0.0083,1
2048,n<=4,sr>70%,kvB<=1k,kp<=8k,-0.0602,2
2048,n<=4,sr>70%,kvB<=1k,kp=0,-0.2399,2
2048,n<=4,sr>70%,kvB<=4k,kp<=16k,0.3451,1
2048,n<=4,sr>70%,kvB<=4k,kp<=1k,0.5794,2
2048,n<=4,sr>70%,kvB<=4k,kp<=2k,0.2518,2
2048,n<=4,sr>70%,kvB<=4k,kp<=32k,-0.3952,2
2048,n<=4,sr>70%,kvB<=4k,kp<=4k,-0.3483,2
2048,n<=4,sr>70%,kvB<=4k,kp<=512,0.5417,2
2048,n<=4,sr>70%,kvB<=4k,kp<=64k,1.1214,2
2048,n<=4,sr>70%,kvB<=4k,kp<=8k,0.2512,1
2048,n<=4,sr>70%,kvB<=4k,kp=0,0.5286,2
2048,n<=4,sr>70%,kvB<=64k,kp<=16k,0.9362,2
2048,n<=4,sr>70%,kvB<=64k,kp<=1k,0.8758,2
2048,n<=4,sr>70%,kvB<=64k,kp<=2k,0.7489,2
2048,n<=4,sr>70%,kvB<=64k,kp<=32k,0.2898,2
2048,n<=4,sr>70%,kvB<=64k,kp<=4k,0.5789,2
2048,n<=4,sr>70%,kvB<=64k,kp<=512,0.926,2
2048,n<=4,sr>70%,kvB<=64k,kp<=64k,-1.3472,2
2048,n<=4,sr>70%,kvB<=64k,kp<=8k,0.6091,2
2048,n<=4,sr>70%,kvB<=64k,kp=0,0.95,2
2048,n<=64,sr<=15%,kvB<=16k,kp<=16k,-0.0014,4
2048,n<=64,sr<=15%,kvB<=16k,kp<=1k,-0.0355,4
2048,n<=64,sr<=15%,kvB<=16k,kp<=2k,-0.0038,4
2048,n<=64,sr<=15%,kvB<=16k,kp<=32k,-0.0032,4
2048,n<=64,sr<=15%,kvB<=16k,kp<=4k,0.0555,4
2048,n<=64,sr<=15%,kvB<=16k,kp<=512,-0.0018,4
2048,n<=64,sr<=15%,kvB<=16k,kp<=64k,-0.0075,4
2048,n<=64,sr<=15%,kvB<=16k,kp<=8k,0.0406,4
2048,n<=64,sr<=15%,kvB<=16k,kp=0,0.027,4
2048,n<=64,sr<=15%,kvB<=1k,kp<=16k,0.0803,4
2048,n<=64,sr<=15%,kvB<=1k,kp<=1k,0.0749,4
2048,n<=64,sr<=15%,kvB<=1k,kp<=2k,0.0692,4
2048,n<=64,sr<=15%,kvB<=1k,kp<=32k,0.1163,4
2048,n<=64,sr<=15%,kvB<=1k,kp<=4k,0.0746,4
2048,n<=64,sr<=15%,kvB<=1k,kp<=512,0.072,4
2048,n<=64,sr<=15%,kvB<=1k,kp<=64k,0.0161,4
2048,n<=64,sr<=15%,kvB<=1k,kp<=8k,0.0691,4
2048,n<=64,sr<=15%,kvB<=1k,kp=0,0.074,4
2048,n<=64,sr<=15%,kvB<=4k,kp<=16k,0.0118,4
2048,n<=64,sr<=15%,kvB<=4k,kp<=1k,0.0302,4
2048,n<=64,sr<=15%,kvB<=4k,kp<=2k,0.0166,4
2048,n<=64,sr<=15%,kvB<=4k,kp<=32k,0.002,4
2048,n<=64,sr<=15%,kvB<=4k,kp<=4k,0.0152,4
2048,n<=64,sr<=15%,kvB<=4k,kp<=512,0.043,4
2048,n<=64,sr<=15%,kvB<=4k,kp<=64k,0.0251,4
2048,n<=64,sr<=15%,kvB<=4k,kp<=8k,0.0152,4
2048,n<=64,sr<=15%,kvB<=4k,kp=0,0.0463,4
2048,n<=64,sr<=15%,kvB<=64k,kp<=16k,0.0284,4
2048,n<=64,sr<=15%,kvB<=64k,kp<=1k,0.1196,4
2048,n<=64,sr<=15%,kvB<=64k,kp<=2k,0.0537,4
2048,n<=64,sr<=15%,kvB<=64k,kp<=32k,0.0354,4
2048,n<=64,sr<=15%,kvB<=64k,kp<=4k,0.0183,4
2048,n<=64,sr<=15%,kvB<=64k,kp<=512,0.0612,4
2048,n<=64,sr<=15%,kvB<=64k,kp<=64k,0.0089,4
2048,n<=64,sr<=15%,kvB<=64k,kp<=8k,0.0227,4
2048,n<=64,sr<=15%,kvB<=64k,kp=0,0.0817,4
2048,n<=64,sr<=40%,kvB<=16k,kp<=16k,0.0656,2
2048,n<=64,sr<=40%,kvB<=16k,kp<=1k,0.0711,2
2048,n<=64,sr<=40%,kvB<=16k,kp<=2k,0.0059,2
2048,n<=64,sr<=40%,kvB<=16k,kp<=32k,-0.0001,2
2048,n<=64,sr<=40%,kvB<=16k,kp<=4k,0.0257,2
2048,n<=64,sr<=40%,kvB<=16k,kp<=512,0.1149,2
2048,n<=64,sr<=40%,kvB<=16k,kp<=64k,-0.0066,2
2048,n<=64,sr<=40%,kvB<=16k,kp<=8k,0.1786,2
2048,n<=64,sr<=40%,kvB<=16k,kp=0,0.1607,2
2048,n<=64,sr<=40%,kvB<=1k,kp<=16k,0.0438,2
2048,n<=64,sr<=40%,kvB<=1k,kp<=1k,0.1084,2
2048,n<=64,sr<=40%,kvB<=1k,kp<=2k,0.1139,2
2048,n<=64,sr<=40%,kvB<=1k,kp<=32k,0.0853,2
2048,n<=64,sr<=40%,kvB<=1k,kp<=4k,0.1045,2
2048,n<=64,sr<=40%,kvB<=1k,kp<=512,0.1133,2
2048,n<=64,sr<=40%,kvB<=1k,kp<=64k,0.2492,2
2048,n<=64,sr<=40%,kvB<=1k,kp<=8k,0.1128,2
2048,n<=64,sr<=40%,kvB<=1k,kp=0,0.1031,2
2048,n<=64,sr<=40%,kvB<=4k,kp<=16k,0.0138,2
2048,n<=64,sr<=40%,kvB<=4k,kp<=1k,0.0271,2
2048,n<=64,sr<=40%,kvB<=4k,kp<=2k,0.0124,2
2048,n<=64,sr<=40%,kvB<=4k,kp<=32k,0.0118,2
2048,n<=64,sr<=40%,kvB<=4k,kp<=4k,-0.0034,2
2048,n<=64,sr<=40%,kvB<=4k,kp<=512,0.0269,2
2048,n<=64,sr<=40%,kvB<=4k,kp<=64k,0.007,2
2048,n<=64,sr<=40%,kvB<=4k,kp<=8k,-0.0149,2
2048,n<=64,sr<=40%,kvB<=4k,kp=0,0.0272,2
2048,n<=64,sr<=40%,kvB<=64k,kp<=16k,0.0678,2
2048,n<=64,sr<=40%,kvB<=64k,kp<=1k,0.2153,2
2048,n<=64,sr<=40%,kvB<=64k,kp<=2k,0.0733,2
2048,n<=64,sr<=40%,kvB<=64k,kp<=32k,0.1843,2
2048,n<=64,sr<=40%,kvB<=64k,kp<=4k,0.0071,2
2048,n<=64,sr<=40%,kvB<=64k,kp<=512,0.2526,2
2048,n<=64,sr<=40%,kvB<=64k,kp<=64k,0.0181,2
2048,n<=64,sr<=40%,kvB<=64k,kp<=8k,0.0052,2
2048,n<=64,sr<=40%,kvB<=64k,kp=0,0.3341,2
2048,n<=64,sr<=5%,kvB<=16k,kp<=16k,-0.0022,6
2048,n<=64,sr<=5%,kvB<=16k,kp<=1k,0.0044,6
2048,n<=64,sr<=5%,kvB<=16k,kp<=2k,0.0225,6
2048,n<=64,sr<=5%,kvB<=16k,kp<=32k,0.001,6
2048,n<=64,sr<=5%,kvB<=16k,kp<=4k,0.0448,6
2048,n<=64,sr<=5%,kvB<=16k,kp<=512,0.0205,6
2048,n<=64,sr<=5%,kvB<=16k,kp<=64k,-0.0007,6
2048,n<=64,sr<=5%,kvB<=16k,kp<=8k,0.0144,6
2048,n<=64,sr<=5%,kvB<=16k,kp=0,0.0313,6
2048,n<=64,sr<=5%,kvB<=1k,kp<=16k,0.0319,6
2048,n<=64,sr<=5%,kvB<=1k,kp<=1k,0.0115,6
2048,n<=64,sr<=5%,kvB<=1k,kp<=2k,0.0251,6
2048,n<=64,sr<=5%,kvB<=1k,kp<=32k,-0.0246,6
2048,n<=64,sr<=5%,kvB<=1k,kp<=4k,0.023,6
2048,n<=64,sr<=5%,kvB<=1k,kp<=512,0.0183,6
2048,n<=64,sr<=5%,kvB<=1k,kp<=64k,0.0873,6
2048,n<=64,sr<=5%,kvB<=1k,kp<=8k,0.0227,6
2048,n<=64,sr<=5%,kvB<=1k,kp=0,0.0138,6
2048,n<=64,sr<=5%,kvB<=4k,kp<=16k,0.013,6
2048,n<=64,sr<=5%,kvB<=4k,kp<=1k,0.0321,6
2048,n<=64,sr<=5%,kvB<=4k,kp<=2k,0.016,6
2048,n<=64,sr<=5%,kvB<=4k,kp<=32k,0.0201,6
2048,n<=64,sr<=5%,kvB<=4k,kp<=4k,0.0141,6
2048,n<=64,sr<=5%,kvB<=4k,kp<=512,0.0424,6
2048,n<=64,sr<=5%,kvB<=4k,kp<=64k,0.0232,6
2048,n<=64,sr<=5%,kvB<=4k,kp<=8k,0.0188,6
2048,n<=64,sr<=5%,kvB<=4k,kp=0,0.0493,6
2048,n<=64,sr<=5%,kvB<=64k,kp<=16k,0.0299,6
2048,n<=64,sr<=5%,kvB<=64k,kp<=1k,0.0617,6
2048,n<=64,sr<=5%,kvB<=64k,kp<=2k,0.0452,6
2048,n<=64,sr<=5%,kvB<=64k,kp<=32k,0.0175,6
2048,n<=64,sr<=5%,kvB<=64k,kp<=4k,0.0243,6
2048,n<=64,sr<=5%,kvB<=64k,kp<=512,0.0381,6
2048,n<=64,sr<=5%,kvB<=64k,kp<=64k,-0.0004,6
2048,n<=64,sr<=5%,kvB<=64k,kp<=8k,0.0223,6
2048,n<=64,sr<=5%,kvB<=64k,kp=0,0.0633,6
2048,n<=64,sr<=70%,kvB<=16k,kp<=16k,0.2287,2
2048,n<=64,sr<=70%,kvB<=16k,kp<=1k,0.2521,2
2048,n<=64,sr<=70%,kvB<=16k,kp<=2k,0.0066,2
2048,n<=64,sr<=70%,kvB<=16k,kp<=32k,0.011,2
2048,n<=64,sr<=70%,kvB<=16k,kp<=4k,0.0577,2
2048,n<=64,sr<=70%,kvB<=16k,kp<=512,0.3588,2
2048,n<=64,sr<=70%,kvB<=16k,kp<=64k,-0.0215,2
2048,n<=64,sr<=70%,kvB<=16k,kp<=8k,0.4148,2
2048,n<=64,sr<=70%,kvB<=16k,kp=0,0.4951,2
2048,n<=64,sr<=70%,kvB<=1k,kp<=16k,0.044,2
2048,n<=64,sr<=70%,kvB<=1k,kp<=1k,0.0336,2
2048,n<=64,sr<=70%,kvB<=1k,kp<=2k,0.0464,2
2048,n<=64,sr<=70%,kvB<=1k,kp<=32k,0.0487,2
2048,n<=64,sr<=70%,kvB<=1k,kp<=4k,0.0486,2
2048,n<=64,sr<=70%,kvB<=1k,kp<=512,0.0438,2
2048,n<=64,sr<=70%,kvB<=1k,kp<=64k,0.2828,2
2048,n<=64,sr<=70%,kvB<=1k,kp<=8k,0.125,2
2048,n<=64,sr<=70%,kvB<=1k,kp=0,0.0588,2
2048,n<=64,sr<=70%,kvB<=4k,kp<=16k,0.0313,2
2048,n<=64,sr<=70%,kvB<=4k,kp<=1k,0.0234,2
2048,n<=64,sr<=70%,kvB<=4k,kp<=2k,0.0252,2
2048,n<=64,sr<=70%,kvB<=4k,kp<=32k,-0.0004,2
2048,n<=64,sr<=70%,kvB<=4k,kp<=4k,-0.0075,2
2048,n<=64,sr<=70%,kvB<=4k,kp<=512,0.0215,2
2048,n<=64,sr<=70%,kvB<=4k,kp<=64k,0.0442,2
2048,n<=64,sr<=70%,kvB<=4k,kp<=8k,-0.0154,2
2048,n<=64,sr<=70%,kvB<=4k,kp=0,0.0156,2
2048,n<=64,sr<=70%,kvB<=64k,kp<=16k,0.0212,2
2048,n<=64,sr<=70%,kvB<=64k,kp<=1k,0.4388,2
2048,n<=64,sr<=70%,kvB<=64k,kp<=2k,0.1535,2
2048,n<=64,sr<=70%,kvB<=64k,kp<=32k,0.0271,2
2048,n<=64,sr<=70%,kvB<=64k,kp<=4k,0.0082,2
2048,n<=64,sr<=70%,kvB<=64k,kp<=512,0.6008,2
2048,n<=64,sr<=70%,kvB<=64k,kp<=64k,-0.0171,2
2048,n<=64,sr<=70%,kvB<=64k,kp<=8k,0.0112,2
2048,n<=64,sr<=70%,kvB<=64k,kp=0,0.778,2
2048,n<=64,sr>70%,kvB<=16k,kp<=16k,0.5282,4
2048,n<=64,sr>70%,kvB<=16k,kp<=1k,0.8172,4
2048,n<=64,sr>70%,kvB<=16k,kp<=2k,0.2773,4
2048,n<=64,sr>70%,kvB<=16k,kp<=32k,0.3297,4
2048,n<=64,sr>70%,kvB<=16k,kp<=4k,0.4409,4
2048,n<=64,sr>70%,kvB<=16k,kp<=512,1.0198,4
2048,n<=64,sr>70%,kvB<=16k,kp<=64k,-0.074,4
2048,n<=64,sr>70%,kvB<=16k,kp<=8k,0.1427,4
2048,n<=64,sr>70%,kvB<=16k,kp=0,1.6808,4
2048,n<=64,sr>70%,kvB<=1k,kp<=16k,0.251,4
2048,n<=64,sr>70%,kvB<=1k,kp<=1k,0.2946,4
2048,n<=64,sr>70%,kvB<=1k,kp<=2k,0.2827,4
2048,n<=64,sr>70%,kvB<=1k,kp<=32k,0.2591,4
2048,n<=64,sr>70%,kvB<=1k,kp<=4k,0.3219,4
2048,n<=64,sr>70%,kvB<=1k,kp<=512,0.2875,4
2048,n<=64,sr>70%,kvB<=1k,kp<=64k,0.3377,4
2048,n<=64,sr>70%,kvB<=1k,kp<=8k,0.3525,4
2048,n<=64,sr>70%,kvB<=1k,kp=0,0.2846,4
2048,n<=64,sr>70%,kvB<=4k,kp<=16k,0.016,4
2048,n<=64,sr>70%,kvB<=4k,kp<=1k,0.055,4
2048,n<=64,sr>70%,kvB<=4k,kp<=2k,0.1186,4
2048,n<=64,sr>70%,kvB<=4k,kp<=32k,0.0125,4
2048,n<=64,sr>70%,kvB<=4k,kp<=4k,0.0021,4
2048,n<=64,sr>70%,kvB<=4k,kp<=512,0.0071,4
2048,n<=64,sr>70%,kvB<=4k,kp<=64k,0.1065,4
2048,n<=64,sr>70%,kvB<=4k,kp<=8k,0.0498,4
2048,n<=64,sr>70%,kvB<=4k,kp=0,0.0439,4
2048,n<=64,sr>70%,kvB<=64k,kp<=16k,0.0474,4
2048,n<=64,sr>70%,kvB<=64k,kp<=1k,1.0449,4
2048,n<=64,sr>70%,kvB<=64k,kp<=2k,0.5134,4
2048,n<=64,sr>70%,kvB<=64k,kp<=32k,0.119,4
2048,n<=64,sr>70%,kvB<=64k,kp<=4k,0.0095,4
2048,n<=64,sr>70%,kvB<=64k,kp<=512,1.3573,4
2048,n<=64,sr>70%,kvB<=64k,kp<=64k,0.0046,4
2048,n<=64,sr>70%,kvB<=64k,kp<=8k,0.0055,4
2048,n<=64,sr>70%,kvB<=64k,kp=0,1.9578,4
2048,n<=8,sr<=15%,kvB<=16k,kp<=16k,-0.0356,2
2048,n<=8,sr<=15%,kvB<=16k,kp<=1k,0.4496,2
2048,n<=8,sr<=15%,kvB<=16k,kp<=2k,0.414,2
2048,n<=8,sr<=15%,kvB<=16k,kp<=32k,-0.09,2
2048,n<=8,sr<=15%,kvB<=16k,kp<=4k,0.4022,2
2048,n<=8,sr<=15%,kvB<=16k,kp<=512,0.4529,2
2048,n<=8,sr<=15%,kvB<=16k,kp<=64k,-0.0102,2
2048,n<=8,sr<=15%,kvB<=16k,kp<=8k,0.3073,2
2048,n<=8,sr<=15%,kvB<=16k,kp=0,0.4524,2
2048,n<=8,sr<=15%,kvB<=1k,kp<=16k,0.5508,2
2048,n<=8,sr<=15%,kvB<=1k,kp<=1k,0.0503,2
2048,n<=8,sr<=15%,kvB<=1k,kp<=2k,0.1326,2
2048,n<=8,sr<=15%,kvB<=1k,kp<=32k,-0.2725,2
2048,n<=8,sr<=15%,kvB<=1k,kp<=4k,0.1011,2
2048,n<=8,sr<=15%,kvB<=1k,kp<=512,0.0997,2
2048,n<=8,sr<=15%,kvB<=1k,kp<=64k,0.372,2
2048,n<=8,sr<=15%,kvB<=1k,kp<=8k,-0.2289,2
2048,n<=8,sr<=15%,kvB<=1k,kp=0,0.1267,2
2048,n<=8,sr<=15%,kvB<=4k,kp<=16k,0.0016,2
2048,n<=8,sr<=15%,kvB<=4k,kp<=1k,0.1937,2
2048,n<=8,sr<=15%,kvB<=4k,kp<=2k,0.0197,2
2048,n<=8,sr<=15%,kvB<=4k,kp<=32k,0.0721,2
2048,n<=8,sr<=15%,kvB<=4k,kp<=4k,-0.0155,2
2048,n<=8,sr<=15%,kvB<=4k,kp<=512,0.268,2
2048,n<=8,sr<=15%,kvB<=4k,kp<=64k,0.3999,2
2048,n<=8,sr<=15%,kvB<=4k,kp<=8k,-0.062,2
2048,n<=8,sr<=15%,kvB<=4k,kp=0,0.3384,2
2048,n<=8,sr<=15%,kvB<=64k,kp<=16k,0.4397,2
2048,n<=8,sr<=15%,kvB<=64k,kp<=1k,0.4321,2
2048,n<=8,sr<=15%,kvB<=64k,kp<=2k,0.4374,2
2048,n<=8,sr<=15%,kvB<=64k,kp<=32k,0.3784,2
2048,n<=8,sr<=15%,kvB<=64k,kp<=4k,0.3944,2
2048,n<=8,sr<=15%,kvB<=64k,kp<=512,0.4198,2
2048,n<=8,sr<=15%,kvB<=64k,kp<=64k,-0.083,2
2048,n<=8,sr<=15%,kvB<=64k,kp<=8k,0.4273,2
2048,n<=8,sr<=15%,kvB<=64k,kp=0,0.4158,2
2048,n<=8,sr<=40%,kvB<=16k,kp<=16k,0.0161,4
2048,n<=8,sr<=40%,kvB<=16k,kp<=1k,0.436,4
2048,n<=8,sr<=40%,kvB<=16k,kp<=2k,0.4243,4
2048,n<=8,sr<=40%,kvB<=16k,kp<=32k,-0.2259,4
2048,n<=8,sr<=40%,kvB<=16k,kp<=4k,0.4044,4
2048,n<=8,sr<=40%,kvB<=16k,kp<=512,0.4334,4
2048,n<=8,sr<=40%,kvB<=16k,kp<=64k,-0.2239,4
2048,n<=8,sr<=40%,kvB<=16k,kp<=8k,0.3663,4
2048,n<=8,sr<=40%,kvB<=16k,kp=0,0.4132,4
2048,n<=8,sr<=40%,kvB<=1k,kp<=16k,-0.1628,4
2048,n<=8,sr<=40%,kvB<=1k,kp<=1k,0.0885,4
2048,n<=8,sr<=40%,kvB<=1k,kp<=2k,0.093,4
2048,n<=8,sr<=40%,kvB<=1k,kp<=32k,0.5469,4
2048,n<=8,sr<=40%,kvB<=1k,kp<=4k,0.035,4
2048,n<=8,sr<=40%,kvB<=1k,kp<=512,0.1212,4
2048,n<=8,sr<=40%,kvB<=1k,kp<=64k,0.4653,4
2048,n<=8,sr<=40%,kvB<=1k,kp<=8k,-0.139,4
2048,n<=8,sr<=40%,kvB<=1k,kp=0,0.1185,4
2048,n<=8,sr<=40%,kvB<=4k,kp<=16k,-0.088,4
2048,n<=8,sr<=40%,kvB<=4k,kp<=1k,0.2668,4
2048,n<=8,sr<=40%,kvB<=4k,kp<=2k,0.074,4
2048,n<=8,sr<=40%,kvB<=4k,kp<=32k,-0.0857,4
2048,n<=8,sr<=40%,kvB<=4k,kp<=4k,-0.025,4
2048,n<=8,sr<=40%,kvB<=4k,kp<=512,0.3228,4
2048,n<=8,sr<=40%,kvB<=4k,kp<=64k,0.0981,4
2048,n<=8,sr<=40%,kvB<=4k,kp<=8k,-0.0471,4
2048,n<=8,sr<=40%,kvB<=4k,kp=0,0.3644,4
2048,n<=8,sr<=40%,kvB<=64k,kp<=16k,0.3677,4
2048,n<=8,sr<=40%,kvB<=64k,kp<=1k,0.3463,4
2048,n<=8,sr<=40%,kvB<=64k,kp<=2k,0.377,4
2048,n<=8,sr<=40%,kvB<=64k,kp<=32k,0.4563,4
2048,n<=8,sr<=40%,kvB<=64k,kp<=4k,0.3644,4
2048,n<=8,sr<=40%,kvB<=64k,kp<=512,0.3308,4
2048,n<=8,sr<=40%,kvB<=64k,kp<=64k,0.1265,4
2048,n<=8,sr<=40%,kvB<=64k,kp<=8k,0.3631,4
2048,n<=8,sr<=40%,kvB<=64k,kp=0,0.3023,4
2048,n<=8,sr<=70%,kvB<=16k,kp<=16k,0.2278,2
2048,n<=8,sr<=70%,kvB<=16k,kp<=1k,0.4294,2
2048,n<=8,sr<=70%,kvB<=16k,kp<=2k,0.3999,2
2048,n<=8,sr<=70%,kvB<=16k,kp<=32k,-0.0372,2
2048,n<=8,sr<=70%,kvB<=16k,kp<=4k,0.4051,2
2048,n<=8,sr<=70%,kvB<=16k,kp<=512,0.4316,2
2048,n<=8,sr<=70%,kvB<=16k,kp<=64k,-0.3607,2
2048,n<=8,sr<=70%,kvB<=16k,kp<=8k,0.44,2
2048,n<=8,sr<=70%,kvB<=16k,kp=0,0.415,2
2048,n<=8,sr<=70%,kvB<=1k,kp<=16k,-0.1958,2
2048,n<=8,sr<=70%,kvB<=1k,kp<=1k,0.1192,2
2048,n<=8,sr<=70%,kvB<=1k,kp<=2k,0.2297,2
2048,n<=8,sr<=70%,kvB<=1k,kp<=32k,1.2036,2
2048,n<=8,sr<=70%,kvB<=1k,kp<=4k,-0.2134,2
2048,n<=8,sr<=70%,kvB<=1k,kp<=512,0.004,2
2048,n<=8,sr<=70%,kvB<=1k,kp<=64k,0.093,1
2048,n<=8,sr<=70%,kvB<=1k,kp<=8k,-13.5999,1
2048,n<=8,sr<=70%,kvB<=1k,kp=0,0.0388,2
2048,n<=8,sr<=70%,kvB<=4k,kp<=16k,-0.0036,2
2048,n<=8,sr<=70%,kvB<=4k,kp<=1k,0.3384,2
2048,n<=8,sr<=70%,kvB<=4k,kp<=2k,0.1531,2
2048,n<=8,sr<=70%,kvB<=4k,kp<=32k,0.1087,2
2048,n<=8,sr<=70%,kvB<=4k,kp<=4k,0.0211,2
2048,n<=8,sr<=70%,kvB<=4k,kp<=512,0.3538,2
2048,n<=8,sr<=70%,kvB<=4k,kp<=64k,-0.1038,2
2048,n<=8,sr<=70%,kvB<=4k,kp<=8k,0.0765,2
2048,n<=8,sr<=70%,kvB<=4k,kp=0,0.3599,2
2048,n<=8,sr<=70%,kvB<=64k,kp<=16k,0.3971,2
2048,n<=8,sr<=70%,kvB<=64k,kp<=1k,0.2495,2
2048,n<=8,sr<=70%,kvB<=64k,kp<=2k,0.3199,2
2048,n<=8,sr<=70%,kvB<=64k,kp<=32k,0.512,2
2048,n<=8,sr<=70%,kvB<=64k,kp<=4k,0.3685,2
2048,n<=8,sr<=70%,kvB<=64k,kp<=512,0.2073,2
2048,n<=8,sr<=70%,kvB<=64k,kp<=64k,0.0634,2
2048,n<=8,sr<=70%,kvB<=64k,kp<=8k,0.3191,2
2048,n<=8,sr<=70%,kvB<=64k,kp=0,0.1364,2
2048,n<=8,sr>70%,kvB<=16k,kp<=16k,0.7885,4
2048,n<=8,sr>70%,kvB<=16k,kp<=1k,0.4113,4
2048,n<=8,sr>70%,kvB<=16k,kp<=2k,0.3919,4
2048,n<=8,sr>70%,kvB<=16k,kp<=32k,0.7882,4
2048,n<=8,sr>70%,kvB<=16k,kp<=4k,0.3577,4
2048,n<=8,sr>70%,kvB<=16k,kp<=512,0.4488,4
2048,n<=8,sr>70%,kvB<=16k,kp<=64k,0.4926,4
2048,n<=8,sr>70%,kvB<=16k,kp<=8k,0.3338,4
2048,n<=8,sr>70%,kvB<=16k,kp=0,0.5156,4
2048,n<=8,sr>70%,kvB<=1k,kp<=16k,-1.3119,3
2048,n<=8,sr>70%,kvB<=1k,kp<=1k,0.2448,4
2048,n<=8,sr>70%,kvB<=1k,kp<=2k,0.3094,4
2048,n<=8,sr>70%,kvB<=1k,kp<=32k,0.5745,3
2048,n<=8,sr>70%,kvB<=1k,kp<=4k,0.5631,4
2048,n<=8,sr>70%,kvB<=1k,kp<=512,0.1589,4
2048,n<=8,sr>70%,kvB<=1k,kp<=64k,0.7268,4
2048,n<=8,sr>70%,kvB<=1k,kp<=8k,0.0351,1
2048,n<=8,sr>70%,kvB<=1k,kp=0,0.2604,4
2048,n<=8,sr>70%,kvB<=4k,kp<=16k,0.2343,4
2048,n<=8,sr>70%,kvB<=4k,kp<=1k,0.3635,4
2048,n<=8,sr>70%,kvB<=4k,kp<=2k,0.3417,4
2048,n<=8,sr>70%,kvB<=4k,kp<=32k,1.5168,2
2048,n<=8,sr>70%,kvB<=4k,kp<=4k,-0.0892,4
2048,n<=8,sr>70%,kvB<=4k,kp<=512,0.3692,4
2048,n<=8,sr>70%,kvB<=4k,kp<=64k,0.0457,4
2048,n<=8,sr>70%,kvB<=4k,kp<=8k,0.3047,4
2048,n<=8,sr>70%,kvB<=4k,kp=0,0.3902,4
2048,n<=8,sr>70%,kvB<=64k,kp<=16k,0.3142,4
2048,n<=8,sr>70%,kvB<=64k,kp<=1k,0.874,4
2048,n<=8,sr>70%,kvB<=64k,kp<=2k,0.7105,4
2048,n<=8,sr>70%,kvB<=64k,kp<=32k,0.724,4
2048,n<=8,sr>70%,kvB<=64k,kp<=4k,0.4786,4
2048,n<=8,sr>70%,kvB<=64k,kp<=512,0.88,4
2048,n<=8,sr>70%,kvB<=64k,kp<=64k,0.8375,4
2048,n<=8,sr>70%,kvB<=64k,kp<=8k,0.4055,4
2048,n<=8,sr>70%,kvB<=64k,kp=0,1.0186,4
4096,n<=16,sr<=15%,kvB<=16k,kp<=16k,0.0014,4
4096,n<=16,sr<=15%,kvB<=16k,kp<=1k,0.233,4
4096,n<=16,sr<=15%,kvB<=16k,kp<=2k,0.2182,4
4096,n<=16,sr<=15%,kvB<=16k,kp<=32k,0.1242,4
4096,n<=16,sr<=15%,kvB<=16k,kp<=4k,0.181,4
4096,n<=16,sr<=15%,kvB<=16k,kp<=512,0.2355,4
4096,n<=16,sr<=15%,kvB<=16k,kp<=64k,-0.0105,4
4096,n<=16,sr<=15%,kvB<=16k,kp<=8k,0.1135,4
4096,n<=16,sr<=15%,kvB<=16k,kp=0,0.2367,4
4096,n<=16,sr<=15%,kvB<=1k,kp<=16k,0.0105,4
4096,n<=16,sr<=15%,kvB<=1k,kp<=1k,0.0198,4
4096,n<=16,sr<=15%,kvB<=1k,kp<=2k,0.0686,4
4096,n<=16,sr<=15%,kvB<=1k,kp<=32k,0.1721,4
4096,n<=16,sr<=15%,kvB<=1k,kp<=4k,0.0103,4
4096,n<=16,sr<=15%,kvB<=1k,kp<=512,0.1063,4
4096,n<=16,sr<=15%,kvB<=1k,kp<=64k,0.4455,3
4096,n<=16,sr<=15%,kvB<=1k,kp<=8k,0.1205,4
4096,n<=16,sr<=15%,kvB<=1k,kp=0,0.0183,4
4096,n<=16,sr<=15%,kvB<=4k,kp<=16k,0.0269,4
4096,n<=16,sr<=15%,kvB<=4k,kp<=1k,0.0066,4
4096,n<=16,sr<=15%,kvB<=4k,kp<=2k,0.0069,4
4096,n<=16,sr<=15%,kvB<=4k,kp<=32k,0.0457,4
4096,n<=16,sr<=15%,kvB<=4k,kp<=4k,-0.0032,4
4096,n<=16,sr<=15%,kvB<=4k,kp<=512,0.0341,4
4096,n<=16,sr<=15%,kvB<=4k,kp<=64k,0.0027,2
4096,n<=16,sr<=15%,kvB<=4k,kp<=8k,0.0937,4
4096,n<=16,sr<=15%,kvB<=4k,kp=0,0.0349,4
4096,n<=16,sr<=15%,kvB<=64k,kp<=16k,0.1536,4
4096,n<=16,sr<=15%,kvB<=64k,kp<=1k,0.1089,4
4096,n<=16,sr<=15%,kvB<=64k,kp<=2k,0.1126,4
4096,n<=16,sr<=15%,kvB<=64k,kp<=32k,0.1589,4
4096,n<=16,sr<=15%,kvB<=64k,kp<=4k,0.1116,4
4096,n<=16,sr<=15%,kvB<=64k,kp<=512,0.1206,4
4096,n<=16,sr<=15%,kvB<=64k,kp<=64k,0.0215,4
4096,n<=16,sr<=15%,kvB<=64k,kp<=8k,0.1348,4
4096,n<=16,sr<=15%,kvB<=64k,kp=0,0.1555,4
4096,n<=16,sr<=40%,kvB<=16k,kp<=16k,-0.008,4
4096,n<=16,sr<=40%,kvB<=16k,kp<=1k,0.2336,4
4096,n<=16,sr<=40%,kvB<=16k,kp<=2k,0.2202,4
4096,n<=16,sr<=40%,kvB<=16k,kp<=32k,0.0045,4
4096,n<=16,sr<=40%,kvB<=16k,kp<=4k,0.1992,4
4096,n<=16,sr<=40%,kvB<=16k,kp<=512,0.2218,4
4096,n<=16,sr<=40%,kvB<=16k,kp<=64k,0.2244,4
4096,n<=16,sr<=40%,kvB<=16k,kp<=8k,0.1286,4
4096,n<=16,sr<=40%,kvB<=16k,kp=0,0.2343,4
4096,n<=16,sr<=40%,kvB<=1k,kp<=16k,0.1071,4
4096,n<=16,sr<=40%,kvB<=1k,kp<=1k,0.066,4
4096,n<=16,sr<=40%,kvB<=1k,kp<=2k,0.0313,4
4096,n<=16,sr<=40%,kvB<=1k,kp<=32k,0.3639,4
4096,n<=16,sr<=40%,kvB<=1k,kp<=4k,0.0713,4
4096,n<=16,sr<=40%,kvB<=1k,kp<=512,0.0655,4
4096,n<=16,sr<=40%,kvB<=1k,kp<=64k,1.1689,4
4096,n<=16,sr<=40%,kvB<=1k,kp<=8k,-0.0049,4
4096,n<=16,sr<=40%,kvB<=1k,kp=0,0.1215,4
4096,n<=16,sr<=40%,kvB<=4k,kp<=16k,0.1084,4
4096,n<=16,sr<=40%,kvB<=4k,kp<=1k,0.0248,4
4096,n<=16,sr<=40%,kvB<=4k,kp<=2k,0.0009,4
4096,n<=16,sr<=40%,kvB<=4k,kp<=32k,0.0972,4
4096,n<=16,sr<=40%,kvB<=4k,kp<=4k,0.0162,4
4096,n<=16,sr<=40%,kvB<=4k,kp<=512,-0.0146,4
4096,n<=16,sr<=40%,kvB<=4k,kp<=64k,0.6521,2
4096,n<=16,sr<=40%,kvB<=4k,kp<=8k,0.0436,4
4096,n<=16,sr<=40%,kvB<=4k,kp=0,0.0452,4
4096,n<=16,sr<=40%,kvB<=64k,kp<=16k,0.1502,4
4096,n<=16,sr<=40%,kvB<=64k,kp<=1k,0.068,4
4096,n<=16,sr<=40%,kvB<=64k,kp<=2k,0.0918,4
4096,n<=16,sr<=40%,kvB<=64k,kp<=32k,0.1823,4
4096,n<=16,sr<=40%,kvB<=64k,kp<=4k,0.0885,4
4096,n<=16,sr<=40%,kvB<=64k,kp<=512,0.0757,4
4096,n<=16,sr<=40%,kvB<=64k,kp<=64k,-0.0806,4
4096,n<=16,sr<=40%,kvB<=64k,kp<=8k,0.1239,4
4096,n<=16,sr<=40%,kvB<=64k,kp=0,0.0877,4
4096,n<=16,sr<=70%,kvB<=16k,kp<=16k,0.042,2
4096,n<=16,sr<=70%,kvB<=16k,kp<=1k,0.2325,2
4096,n<=16,sr<=70%,kvB<=16k,kp<=2k,0.2341,2
4096,n<=16,sr<=70%,kvB<=16k,kp<=32k,0.0343,2
4096,n<=16,sr<=70%,kvB<=16k,kp<=4k,0.2061,2
4096,n<=16,sr<=70%,kvB<=16k,kp<=512,0.2194,2
4096,n<=16,sr<=70%,kvB<=16k,kp<=64k,0.263,1
4096,n<=16,sr<=70%,kvB<=16k,kp<=8k,0.1952,2
4096,n<=16,sr<=70%,kvB<=16k,kp=0,0.2162,2
4096,n<=16,sr<=70%,kvB<=1k,kp<=16k,0.3425,2
4096,n<=16,sr<=70%,kvB<=1k,kp<=1k,-0.0715,2
4096,n<=16,sr<=70%,kvB<=1k,kp<=2k,0.0608,2
4096,n<=16,sr<=70%,kvB<=1k,kp<=32k,-0.1742,2
4096,n<=16,sr<=70%,kvB<=1k,kp<=4k,0.1024,2
4096,n<=16,sr<=70%,kvB<=1k,kp<=512,-0.057,2
4096,n<=16,sr<=70%,kvB<=1k,kp<=8k,0.1636,2
4096,n<=16,sr<=70%,kvB<=1k,kp=0,0.0846,2
4096,n<=16,sr<=70%,kvB<=4k,kp<=16k,0.0915,2
4096,n<=16,sr<=70%,kvB<=4k,kp<=1k,0.0478,2
4096,n<=16,sr<=70%,kvB<=4k,kp<=2k,0.0191,2
4096,n<=16,sr<=70%,kvB<=4k,kp<=32k,-0.0005,2
4096,n<=16,sr<=70%,kvB<=4k,kp<=4k,-0.1589,2
4096,n<=16,sr<=70%,kvB<=4k,kp<=512,0.0502,2
4096,n<=16,sr<=70%,kvB<=4k,kp<=64k,0.6244,1
4096,n<=16,sr<=70%,kvB<=4k,kp<=8k,-0.0227,2
4096,n<=16,sr<=70%,kvB<=4k,kp=0,0.1206,2
4096,n<=16,sr<=70%,kvB<=64k,kp<=16k,0.0843,2
4096,n<=16,sr<=70%,kvB<=64k,kp<=1k,-0.0118,2
4096,n<=16,sr<=70%,kvB<=64k,kp<=2k,0.0271,2
4096,n<=16,sr<=70%,kvB<=64k,kp<=32k,0.1768,2
4096,n<=16,sr<=70%,kvB<=64k,kp<=4k,0.0137,2
4096,n<=16,sr<=70%,kvB<=64k,kp<=512,0.0242,2
4096,n<=16,sr<=70%,kvB<=64k,kp<=64k,0.012,2
4096,n<=16,sr<=70%,kvB<=64k,kp<=8k,0.081,2
4096,n<=16,sr<=70%,kvB<=64k,kp=0,0.0995,2
4096,n<=16,sr>70%,kvB<=16k,kp<=16k,-0.0002,4
4096,n<=16,sr>70%,kvB<=16k,kp<=1k,0.2465,4
4096,n<=16,sr>70%,kvB<=16k,kp<=2k,0.2401,4
4096,n<=16,sr>70%,kvB<=16k,kp<=32k,0.1805,4
4096,n<=16,sr>70%,kvB<=16k,kp<=4k,0.276,4
4096,n<=16,sr>70%,kvB<=16k,kp<=512,0.2229,4
4096,n<=16,sr>70%,kvB<=16k,kp<=64k,-1.4123,1
4096,n<=16,sr>70%,kvB<=16k,kp<=8k,0.1741,4
4096,n<=16,sr>70%,kvB<=16k,kp=0,0.2525,4
4096,n<=16,sr>70%,kvB<=1k,kp<=16k,0.8086,4
4096,n<=16,sr>70%,kvB<=1k,kp<=1k,0.329,4
4096,n<=16,sr>70%,kvB<=1k,kp<=2k,0.0664,4
4096,n<=16,sr>70%,kvB<=1k,kp<=32k,0.4124,4
4096,n<=16,sr>70%,kvB<=1k,kp<=4k,0.6222,4
4096,n<=16,sr>70%,kvB<=1k,kp<=512,0.2976,4
4096,n<=16,sr>70%,kvB<=1k,kp<=64k,-1.8696,4
4096,n<=16,sr>70%,kvB<=1k,kp<=8k,0.6292,4
4096,n<=16,sr>70%,kvB<=1k,kp=0,0.1924,4
4096,n<=16,sr>70%,kvB<=4k,kp<=16k,0.3917,4
4096,n<=16,sr>70%,kvB<=4k,kp<=1k,0.109,4
4096,n<=16,sr>70%,kvB<=4k,kp<=2k,0.1061,4
4096,n<=16,sr>70%,kvB<=4k,kp<=32k,0.1164,4
4096,n<=16,sr>70%,kvB<=4k,kp<=4k,-0.0608,4
4096,n<=16,sr>70%,kvB<=4k,kp<=512,0.1146,4
4096,n<=16,sr>70%,kvB<=4k,kp<=64k,0.6774,2
4096,n<=16,sr>70%,kvB<=4k,kp<=8k,0.157,4
4096,n<=16,sr>70%,kvB<=4k,kp=0,0.2295,4
4096,n<=16,sr>70%,kvB<=64k,kp<=16k,-0.2485,4
4096,n<=16,sr>70%,kvB<=64k,kp<=1k,0.1283,4
4096,n<=16,sr>70%,kvB<=64k,kp<=2k,0.1324,4
4096,n<=16,sr>70%,kvB<=64k,kp<=32k,0.0754,4
4096,n<=16,sr>70%,kvB<=64k,kp<=4k,-0.0864,4
4096,n<=16,sr>70%,kvB<=64k,kp<=512,0.4984,4
4096,n<=16,sr>70%,kvB<=64k,kp<=64k,0.8589,3
4096,n<=16,sr>70%,kvB<=64k,kp<=8k,0.1379,4
4096,n<=16,sr>70%,kvB<=64k,kp=0,0.7322,4
4096,n<=2,sr<=70%,kvB<=16k,kp<=16k,0.0633,2
4096,n<=2,sr<=70%,kvB<=16k,kp<=1k,0.7822,2
4096,n<=2,sr<=70%,kvB<=16k,kp<=2k,0.748,2
4096,n<=2,sr<=70%,kvB<=16k,kp<=32k,0.3428,2
4096,n<=2,sr<=70%,kvB<=16k,kp<=4k,0.736,2
4096,n<=2,sr<=70%,kvB<=16k,kp<=512,0.7504,2
4096,n<=2,sr<=70%,kvB<=16k,kp<=64k,0.7575,2
4096,n<=2,sr<=70%,kvB<=16k,kp<=8k,0.6587,2
4096,n<=2,sr<=70%,kvB<=16k,kp=0,0.7683,2
4096,n<=2,sr<=70%,kvB<=1k,kp<=16k,-1.9196,1
4096,n<=2,sr<=70%,kvB<=1k,kp<=1k,-0.0415,2
4096,n<=2,sr<=70%,kvB<=1k,kp<=2k,0.5678,2
4096,n<=2,sr<=70%,kvB<=1k,kp<=32k,-0.3681,1
4096,n<=2,sr<=70%,kvB<=1k,kp<=4k,0.4261,2
4096,n<=2,sr<=70%,kvB<=1k,kp<=512,0.3236,2
4096,n<=2,sr<=70%,kvB<=1k,kp<=64k,1.3271,1
4096,n<=2,sr<=70%,kvB<=1k,kp=0,0.0055,2
4096,n<=2,sr<=70%,kvB<=4k,kp<=16k,-0.0656,2
4096,n<=2,sr<=70%,kvB<=4k,kp<=1k,0.2057,2
4096,n<=2,sr<=70%,kvB<=4k,kp<=2k,0.3349,2
4096,n<=2,sr<=70%,kvB<=4k,kp<=32k,0.8815,1
4096,n<=2,sr<=70%,kvB<=4k,kp<=4k,0.2089,2
4096,n<=2,sr<=70%,kvB<=4k,kp<=512,0.1545,2
4096,n<=2,sr<=70%,kvB<=4k,kp<=64k,0.094,1
4096,n<=2,sr<=70%,kvB<=4k,kp<=8k,-0.3775,2
4096,n<=2,sr<=70%,kvB<=4k,kp=0,0.0252,2
4096,n<=2,sr<=70%,kvB<=64k,kp<=16k,0.7013,2
4096,n<=2,sr<=70%,kvB<=64k,kp<=1k,0.8668,2
4096,n<=2,sr<=70%,kvB<=64k,kp<=2k,0.8318,2
4096,n<=2,sr<=70%,kvB<=64k,kp<=32k,0.8508,2
4096,n<=2,sr<=70%,kvB<=64k,kp<=4k,0.7777,2
4096,n<=2,sr<=70%,kvB<=64k,kp<=512,0.8883,2
4096,n<=2,sr<=70%,kvB<=64k,kp<=64k,0.6642,2
4096,n<=2,sr<=70%,kvB<=64k,kp<=8k,0.7685,2
4096,n<=2,sr<=70%,kvB<=64k,kp=0,0.9352,2
4096,n<=32,sr<=15%,kvB<=16k,kp<=16k,-0.0022,6
4096,n<=32,sr<=15%,kvB<=16k,kp<=1k,0.058,6
4096,n<=32,sr<=15%,kvB<=16k,kp<=2k,0.0524,6
4096,n<=32,sr<=15%,kvB<=16k,kp<=32k,0.0127,6
4096,n<=32,sr<=15%,kvB<=16k,kp<=4k,0.0531,6
4096,n<=32,sr<=15%,kvB<=16k,kp<=512,0.0551,6
4096,n<=32,sr<=15%,kvB<=16k,kp<=64k,0.0539,6
4096,n<=32,sr<=15%,kvB<=16k,kp<=8k,0.0482,6
4096,n<=32,sr<=15%,kvB<=16k,kp=0,0.0573,6
4096,n<=32,sr<=15%,kvB<=1k,kp<=16k,0.097,6
4096,n<=32,sr<=15%,kvB<=1k,kp<=1k,0.1037,6
4096,n<=32,sr<=15%,kvB<=1k,kp<=2k,0.1057,6
4096,n<=32,sr<=15%,kvB<=1k,kp<=32k,0.1124,6
4096,n<=32,sr<=15%,kvB<=1k,kp<=4k,0.0478,6
4096,n<=32,sr<=15%,kvB<=1k,kp<=512,0.0927,6
4096,n<=32,sr<=15%,kvB<=1k,kp<=64k,0.1899,5
4096,n<=32,sr<=15%,kvB<=1k,kp<=8k,0.0607,6
4096,n<=32,sr<=15%,kvB<=1k,kp=0,0.0876,6
4096,n<=32,sr<=15%,kvB<=4k,kp<=16k,0.0554,6
4096,n<=32,sr<=15%,kvB<=4k,kp<=1k,0.0206,6
4096,n<=32,sr<=15%,kvB<=4k,kp<=2k,0.0173,6
4096,n<=32,sr<=15%,kvB<=4k,kp<=32k,0.0161,6
4096,n<=32,sr<=15%,kvB<=4k,kp<=4k,0.0087,6
4096,n<=32,sr<=15%,kvB<=4k,kp<=512,0.0122,6
4096,n<=32,sr<=15%,kvB<=4k,kp<=64k,0.2377,6
4096,n<=32,sr<=15%,kvB<=4k,kp<=8k,0.0299,6
4096,n<=32,sr<=15%,kvB<=4k,kp=0,0.0352,6
4096,n<=32,sr<=15%,kvB<=64k,kp<=16k,0.0342,6
4096,n<=32,sr<=15%,kvB<=64k,kp<=1k,0.042,6
4096,n<=32,sr<=15%,kvB<=64k,kp<=2k,0.041,6
4096,n<=32,sr<=15%,kvB<=64k,kp<=32k,0.0516,6
4096,n<=32,sr<=15%,kvB<=64k,kp<=4k,0.0406,6
4096,n<=32,sr<=15%,kvB<=64k,kp<=512,0.049,6
4096,n<=32,sr<=15%,kvB<=64k,kp<=64k,0.017,6
4096,n<=32,sr<=15%,kvB<=64k,kp<=8k,0.0449,6
4096,n<=32,sr<=15%,kvB<=64k,kp=0,0.0596,6
4096,n<=32,sr<=40%,kvB<=16k,kp<=16k,0.0013,2
4096,n<=32,sr<=40%,kvB<=16k,kp<=1k,0.0531,2
4096,n<=32,sr<=40%,kvB<=16k,kp<=2k,0.0462,2
4096,n<=32,sr<=40%,kvB<=16k,kp<=32k,0.0073,2
4096,n<=32,sr<=40%,kvB<=16k,kp<=4k,0.0508,2
4096,n<=32,sr<=40%,kvB<=16k,kp<=512,0.0523,2
4096,n<=32,sr<=40%,kvB<=16k,kp<=64k,0.0332,2
4096,n<=32,sr<=40%,kvB<=16k,kp<=8k,0.058,2
4096,n<=32,sr<=40%,kvB<=16k,kp=0,0.0556,2
4096,n<=32,sr<=40%,kvB<=1k,kp<=16k,0.2889,2
4096,n<=32,sr<=40%,kvB<=1k,kp<=1k,0.0213,2
4096,n<=32,sr<=40%,kvB<=1k,kp<=2k,0.0706,2
4096,n<=32,sr<=40%,kvB<=1k,kp<=32k,0.0135,2
4096,n<=32,sr<=40%,kvB<=1k,kp<=4k,-0.0148,2
4096,n<=32,sr<=40%,kvB<=1k,kp<=512,0.1554,2
4096,n<=32,sr<=40%,kvB<=1k,kp<=64k,0.0093,2
4096,n<=32,sr<=40%,kvB<=1k,kp<=8k,0.1089,2
4096,n<=32,sr<=40%,kvB<=1k,kp=0,0.132,2
4096,n<=32,sr<=40%,kvB<=4k,kp<=16k,0.0253,2
4096,n<=32,sr<=40%,kvB<=4k,kp<=1k,0.0113,2
4096,n<=32,sr<=40%,kvB<=4k,kp<=2k,-0.0303,2
4096,n<=32,sr<=40%,kvB<=4k,kp<=32k,0.0144,2
4096,n<=32,sr<=40%,kvB<=4k,kp<=4k,-0.0104,2
4096,n<=32,sr<=40%,kvB<=4k,kp<=512,0.0055,2
4096,n<=32,sr<=40%,kvB<=4k,kp<=64k,0.0312,2
4096,n<=32,sr<=40%,kvB<=4k,kp<=8k,0.0356,2
4096,n<=32,sr<=40%,kvB<=4k,kp=0,0.0339,2
4096,n<=32,sr<=40%,kvB<=64k,kp<=16k,0.0462,2
4096,n<=32,sr<=40%,kvB<=64k,kp<=1k,0.0346,2
4096,n<=32,sr<=40%,kvB<=64k,kp<=2k,0.0224,2
4096,n<=32,sr<=40%,kvB<=64k,kp<=32k,0.0557,2
4096,n<=32,sr<=40%,kvB<=64k,kp<=4k,0.0221,2
4096,n<=32,sr<=40%,kvB<=64k,kp<=512,0.0397,2
4096,n<=32,sr<=40%,kvB<=64k,kp<=64k,0.0028,2
4096,n<=32,sr<=40%,kvB<=64k,kp<=8k,0.0167,2
4096,n<=32,sr<=40%,kvB<=64k,kp=0,0.0303,2
4096,n<=32,sr<=5%,kvB<=16k,kp<=16k,0.0088,2
4096,n<=32,sr<=5%,kvB<=16k,kp<=1k,0.0564,2
4096,n<=32,sr<=5%,kvB<=16k,kp<=2k,0.0549,2
4096,n<=32,sr<=5%,kvB<=16k,kp<=32k,0.0134,2
4096,n<=32,sr<=5%,kvB<=16k,kp<=4k,0.0505,2
4096,n<=32,sr<=5%,kvB<=16k,kp<=512,0.0576,2
4096,n<=32,sr<=5%,kvB<=16k,kp<=64k,0.1041,2
4096,n<=32,sr<=5%,kvB<=16k,kp<=8k,0.0425,2
4096,n<=32,sr<=5%,kvB<=16k,kp=0,0.0588,2
4096,n<=32,sr<=5%,kvB<=1k,kp<=16k,-0.0123,2
4096,n<=32,sr<=5%,kvB<=1k,kp<=1k,0.0654,2
4096,n<=32,sr<=5%,kvB<=1k,kp<=2k,-0.064,2
4096,n<=32,sr<=5%,kvB<=1k,kp<=32k,-0.0541,2
4096,n<=32,sr<=5%,kvB<=1k,kp<=4k,0.0749,2
4096,n<=32,sr<=5%,kvB<=1k,kp<=512,0.0181,2
4096,n<=32,sr<=5%,kvB<=1k,kp<=64k,-4.792,1
4096,n<=32,sr<=5%,kvB<=1k,kp<=8k,0.0199,2
4096,n<=32,sr<=5%,kvB<=1k,kp=0,0.0353,2
4096,n<=32,sr<=5%,kvB<=4k,kp<=16k,0.0438,2
4096,n<=32,sr<=5%,kvB<=4k,kp<=1k,0.0161,2
4096,n<=32,sr<=5%,kvB<=4k,kp<=2k,0.0354,2
4096,n<=32,sr<=5%,kvB<=4k,kp<=32k,-0.0227,2
4096,n<=32,sr<=5%,kvB<=4k,kp<=4k,0.0171,2
4096,n<=32,sr<=5%,kvB<=4k,kp<=512,0.0334,2
4096,n<=32,sr<=5%,kvB<=4k,kp<=64k,1.3526,1
4096,n<=32,sr<=5%,kvB<=4k,kp<=8k,0.0228,2
4096,n<=32,sr<=5%,kvB<=4k,kp=0,0.0274,2
4096,n<=32,sr<=5%,kvB<=64k,kp<=16k,0.0499,2
4096,n<=32,sr<=5%,kvB<=64k,kp<=1k,0.05,2
4096,n<=32,sr<=5%,kvB<=64k,kp<=2k,0.0596,2
4096,n<=32,sr<=5%,kvB<=64k,kp<=32k,0.0519,2
4096,n<=32,sr<=5%,kvB<=64k,kp<=4k,0.0526,2
4096,n<=32,sr<=5%,kvB<=64k,kp<=512,0.0569,2
4096,n<=32,sr<=5%,kvB<=64k,kp<=64k,0.019,2
4096,n<=32,sr<=5%,kvB<=64k,kp<=8k,0.0542,2
4096,n<=32,sr<=5%,kvB<=64k,kp=0,0.055,2
4096,n<=32,sr<=70%,kvB<=16k,kp<=16k,0.0041,2
4096,n<=32,sr<=70%,kvB<=16k,kp<=1k,0.0006,2
4096,n<=32,sr<=70%,kvB<=16k,kp<=2k,-0.0301,2
4096,n<=32,sr<=70%,kvB<=16k,kp<=32k,-0.0088,2
4096,n<=32,sr<=70%,kvB<=16k,kp<=4k,0.0522,2
4096,n<=32,sr<=70%,kvB<=16k,kp<=512,0.042,2
4096,n<=32,sr<=70%,kvB<=16k,kp<=64k,0.263,2
4096,n<=32,sr<=70%,kvB<=16k,kp<=8k,0.1262,2
4096,n<=32,sr<=70%,kvB<=16k,kp=0,0.031,2
4096,n<=32,sr<=70%,kvB<=1k,kp<=16k,-0.1136,2
4096,n<=32,sr<=70%,kvB<=1k,kp<=1k,-0.0773,2
4096,n<=32,sr<=70%,kvB<=1k,kp<=2k,0.1534,2
4096,n<=32,sr<=70%,kvB<=1k,kp<=32k,0.179,2
4096,n<=32,sr<=70%,kvB<=1k,kp<=4k,0.0001,2
4096,n<=32,sr<=70%,kvB<=1k,kp<=512,0.0763,2
4096,n<=32,sr<=70%,kvB<=1k,kp<=64k,-0.0776,1
4096,n<=32,sr<=70%,kvB<=1k,kp<=8k,0.0048,2
4096,n<=32,sr<=70%,kvB<=1k,kp=0,0.0303,2
4096,n<=32,sr<=70%,kvB<=4k,kp<=16k,0.0182,2
4096,n<=32,sr<=70%,kvB<=4k,kp<=1k,-0.0105,2
4096,n<=32,sr<=70%,kvB<=4k,kp<=2k,0.0145,2
4096,n<=32,sr<=70%,kvB<=4k,kp<=32k,0.0047,2
4096,n<=32,sr<=70%,kvB<=4k,kp<=4k,-0.0222,2
4096,n<=32,sr<=70%,kvB<=4k,kp<=512,0.0283,2
4096,n<=32,sr<=70%,kvB<=4k,kp<=64k,-2.3409,2
4096,n<=32,sr<=70%,kvB<=4k,kp<=8k,0.0408,2
4096,n<=32,sr<=70%,kvB<=4k,kp=0,0.0854,2
4096,n<=32,sr<=70%,kvB<=64k,kp<=16k,0.084,2
4096,n<=32,sr<=70%,kvB<=64k,kp<=1k,0.0489,2
4096,n<=32,sr<=70%,kvB<=64k,kp<=2k,0.0254,2
4096,n<=32,sr<=70%,kvB<=64k,kp<=32k,0.0415,2
4096,n<=32,sr<=70%,kvB<=64k,kp<=4k,0.0188,2
4096,n<=32,sr<=70%,kvB<=64k,kp<=512,0.0729,2
4096,n<=32,sr<=70%,kvB<=64k,kp<=64k,-0.0714,2
4096,n<=32,sr<=70%,kvB<=64k,kp<=8k,0.0247,2
4096,n<=32,sr<=70%,kvB<=64k,kp=0,0.0901,2
4096,n<=32,sr>70%,kvB<=16k,kp<=16k,-0.1223,4
4096,n<=32,sr>70%,kvB<=16k,kp<=1k,0.1587,4
4096,n<=32,sr>70%,kvB<=16k,kp<=2k,0.1935,4
4096,n<=32,sr>70%,kvB<=16k,kp<=32k,-0.0414,4
4096,n<=32,sr>70%,kvB<=16k,kp<=4k,-0.3057,4
4096,n<=32,sr>70%,kvB<=16k,kp<=512,0.0255,4
4096,n<=32,sr>70%,kvB<=16k,kp<=64k,0.095,3
4096,n<=32,sr>70%,kvB<=16k,kp<=8k,-0.1129,4
4096,n<=32,sr>70%,kvB<=16k,kp=0,0.1422,4
4096,n<=32,sr>70%,kvB<=1k,kp<=16k,0.4599,4
4096,n<=32,sr>70%,kvB<=1k,kp<=1k,0.318,4
4096,n<=32,sr>70%,kvB<=1k,kp<=2k,0.1786,4
4096,n<=32,sr>70%,kvB<=1k,kp<=32k,0.4229,3
4096,n<=32,sr>70%,kvB<=1k,kp<=4k,0.2196,4
4096,n<=32,sr>70%,kvB<=1k,kp<=512,0.1922,4
4096,n<=32,sr>70%,kvB<=1k,kp<=64k,-0.2421,4
4096,n<=32,sr>70%,kvB<=1k,kp<=8k,0.5001,4
4096,n<=32,sr>70%,kvB<=1k,kp=0,0.3179,4
4096,n<=32,sr>70%,kvB<=4k,kp<=16k,0.0847,4
4096,n<=32,sr>70%,kvB<=4k,kp<=1k,0.0709,4
4096,n<=32,sr>70%,kvB<=4k,kp<=2k,0.0828,4
4096,n<=32,sr>70%,kvB<=4k,kp<=32k,0.2492,4
4096,n<=32,sr>70%,kvB<=4k,kp<=4k,0.0906,4
4096,n<=32,sr>70%,kvB<=4k,kp<=512,0.1018,4
4096,n<=32,sr>70%,kvB<=4k,kp<=64k,1.0051,3
4096,n<=32,sr>70%,kvB<=4k,kp<=8k,-0.0113,4
4096,n<=32,sr>70%,kvB<=4k,kp=0,0.1173,4
4096,n<=32,sr>70%,kvB<=64k,kp<=16k,0.078,4
4096,n<=32,sr>70%,kvB<=64k,kp<=1k,0.1706,4
4096,n<=32,sr>70%,kvB<=64k,kp<=2k,0.0649,4
4096,n<=32,sr>70%,kvB<=64k,kp<=32k,0.1999,4
4096,n<=32,sr>70%,kvB<=64k,kp<=4k,0.0421,4
4096,n<=32,sr>70%,kvB<=64k,kp<=512,0.168,4
4096,n<=32,sr>70%,kvB<=64k,kp<=64k,0.0415,4
4096,n<=32,sr>70%,kvB<=64k,kp<=8k,0.0123,4
4096,n<=32,sr>70%,kvB<=64k,kp=0,0.1827,4
4096,n<=4,sr<=40%,kvB<=16k,kp<=16k,0.0084,2
4096,n<=4,sr<=40%,kvB<=16k,kp<=1k,0.59,2
4096,n<=4,sr<=40%,kvB<=16k,kp<=2k,0.5509,2
4096,n<=4,sr<=40%,kvB<=16k,kp<=32k,0.0967,2
4096,n<=4,sr<=40%,kvB<=16k,kp<=4k,0.5071,2
4096,n<=4,sr<=40%,kvB<=16k,kp<=512,0.6019,2
4096,n<=4,sr<=40%,kvB<=16k,kp<=64k,0.5397,2
4096,n<=4,sr<=40%,kvB<=16k,kp<=8k,0.3577,2
4096,n<=4,sr<=40%,kvB<=16k,kp=0,0.5958,2
4096,n<=4,sr<=40%,kvB<=1k,kp<=16k,-1.6218,1
4096,n<=4,sr<=40%,kvB<=1k,kp<=1k,0.4797,2
4096,n<=4,sr<=40%,kvB<=1k,kp<=2k,-0.1391,2
4096,n<=4,sr<=40%,kvB<=1k,kp<=32k,0.5307,2
4096,n<=4,sr<=40%,kvB<=1k,kp<=4k,1.0604,1
4096,n<=4,sr<=40%,kvB<=1k,kp<=512,-0.4599,2
4096,n<=4,sr<=40%,kvB<=1k,kp<=64k,-1.7544,1
4096,n<=4,sr<=40%,kvB<=1k,kp<=8k,0.1882,2
4096,n<=4,sr<=40%,kvB<=1k,kp=0,-0.3393,2
4096,n<=4,sr<=40%,kvB<=4k,kp<=16k,0.0244,2
4096,n<=4,sr<=40%,kvB<=4k,kp<=1k,0.1222,2
4096,n<=4,sr<=40%,kvB<=4k,kp<=2k,-0.1228,2
4096,n<=4,sr<=40%,kvB<=4k,kp<=32k,-0.151,2
4096,n<=4,sr<=40%,kvB<=4k,kp<=4k,-0.1926,2
4096,n<=4,sr<=40%,kvB<=4k,kp<=512,-0.0607,2
4096,n<=4,sr<=40%,kvB<=4k,kp<=64k,-2.6169,2
4096,n<=4,sr<=40%,kvB<=4k,kp<=8k,-0.0491,2
4096,n<=4,sr<=40%,kvB<=4k,kp=0,0.0618,2
4096,n<=4,sr<=40%,kvB<=64k,kp<=16k,0.528,2
4096,n<=4,sr<=40%,kvB<=64k,kp<=1k,0.6725,2
4096,n<=4,sr<=40%,kvB<=64k,kp<=2k,0.6446,2
4096,n<=4,sr<=40%,kvB<=64k,kp<=32k,0.45,2
4096,n<=4,sr<=40%,kvB<=64k,kp<=4k,0.6327,2
4096,n<=4,sr<=40%,kvB<=64k,kp<=512,0.7092,2
4096,n<=4,sr<=40%,kvB<=64k,kp<=64k,0.3083,2
4096,n<=4,sr<=40%,kvB<=64k,kp<=8k,0.6208,2
4096,n<=4,sr<=40%,kvB<=64k,kp=0,0.7458,2
4096,n<=4,sr<=70%,kvB<=16k,kp<=16k,0.1636,2
4096,n<=4,sr<=70%,kvB<=16k,kp<=1k,0.5865,2
4096,n<=4,sr<=70%,kvB<=16k,kp<=2k,0.598,2
4096,n<=4,sr<=70%,kvB<=16k,kp<=32k,0.1581,2
4096,n<=4,sr<=70%,kvB<=16k,kp<=4k,0.5786,2
4096,n<=4,sr<=70%,kvB<=16k,kp<=512,0.5897,2
4096,n<=4,sr<=70%,kvB<=16k,kp<=64k,0.1424,2
4096,n<=4,sr<=70%,kvB<=16k,kp<=8k,0.5192,2
4096,n<=4,sr<=70%,kvB<=16k,kp=0,0.6012,2
4096,n<=4,sr<=70%,kvB<=1k,kp<=16k,0.2604,1
4096,n<=4,sr<=70%,kvB<=1k,kp<=1k,-0.0789,2
4096,n<=4,sr<=70%,kvB<=1k,kp<=2k,0.0368,2
4096,n<=4,sr<=70%,kvB<=1k,kp<=4k,1.0978,1
4096,n<=4,sr<=70%,kvB<=1k,kp<=512,0.3778,2
4096,n<=4,sr<=70%,kvB<=1k,kp<=64k,0.1219,1
4096,n<=4,sr<=70%,kvB<=1k,kp<=8k,0.7459,2
4096,n<=4,sr<=70%,kvB<=1k,kp=0,-0.1428,2
4096,n<=4,sr<=70%,kvB<=4k,kp<=16k,0.2788,2
4096,n<=4,sr<=70%,kvB<=4k,kp<=1k,-0.1304,2
4096,n<=4,sr<=70%,kvB<=4k,kp<=2k,0.0271,2
4096,n<=4,sr<=70%,kvB<=4k,kp<=32k,-0.0293,2
4096,n<=4,sr<=70%,kvB<=4k,kp<=4k,0.0443,2
4096,n<=4,sr<=70%,kvB<=4k,kp<=512,-0.0087,2
4096,n<=4,sr<=70%,kvB<=4k,kp<=64k,-2.7818,1
4096,n<=4,sr<=70%,kvB<=4k,kp<=8k,-0.0869,2
4096,n<=4,sr<=70%,kvB<=4k,kp=0,0.1672,2
4096,n<=4,sr<=70%,kvB<=64k,kp<=16k,0.5342,2
4096,n<=4,sr<=70%,kvB<=64k,kp<=1k,0.6262,2
4096,n<=4,sr<=70%,kvB<=64k,kp<=2k,0.5931,2
4096,n<=4,sr<=70%,kvB<=64k,kp<=32k,0.3688,2
4096,n<=4,sr<=70%,kvB<=64k,kp<=4k,0.6162,2
4096,n<=4,sr<=70%,kvB<=64k,kp<=512,0.6602,2
4096,n<=4,sr<=70%,kvB<=64k,kp<=64k,0.0473,2
4096,n<=4,sr<=70%,kvB<=64k,kp<=8k,0.6118,2
4096,n<=4,sr<=70%,kvB<=64k,kp=0,0.6878,2
4096,n<=4,sr>70%,kvB<=16k,kp<=16k,0.2457,2
4096,n<=4,sr>70%,kvB<=16k,kp<=1k,0.6303,2
4096,n<=4,sr>70%,kvB<=16k,kp<=2k,0.621,2
4096,n<=4,sr>70%,kvB<=16k,kp<=32k,-0.4266,2
4096,n<=4,sr>70%,kvB<=16k,kp<=4k,0.4721,2
4096,n<=4,sr>70%,kvB<=16k,kp<=512,0.5623,2
4096,n<=4,sr>70%,kvB<=16k,kp<=64k,-0.5326,2
4096,n<=4,sr>70%,kvB<=16k,kp<=8k,0.5299,2
4096,n<=4,sr>70%,kvB<=16k,kp=0,0.6008,2
4096,n<=4,sr>70%,kvB<=1k,kp<=16k,0.1724,1
4096,n<=4,sr>70%,kvB<=1k,kp<=1k,0.4021,2
4096,n<=4,sr>70%,kvB<=1k,kp<=2k,-0.4089,2
4096,n<=4,sr>70%,kvB<=1k,kp<=4k,1.2325,1
4096,n<=4,sr>70%,kvB<=1k,kp<=512,0.5559,2
4096,n<=4,sr>70%,kvB<=1k,kp<=8k,5.5336,1
4096,n<=4,sr>70%,kvB<=1k,kp=0,0.0055,2
4096,n<=4,sr>70%,kvB<=4k,kp<=16k,0.0199,2
4096,n<=4,sr>70%,kvB<=4k,kp<=1k,-0.4746,2
4096,n<=4,sr>70%,kvB<=4k,kp<=2k,-0.1995,2
4096,n<=4,sr>70%,kvB<=4k,kp<=32k,-0.1004,2
4096,n<=4,sr>70%,kvB<=4k,kp<=4k,0.0044,2
4096,n<=4,sr>70%,kvB<=4k,kp<=512,-0.0545,2
4096,n<=4,sr>70%,kvB<=4k,kp<=64k,0.2407,1
4096,n<=4,sr>70%,kvB<=4k,kp<=8k,0.499,2
4096,n<=4,sr>70%,kvB<=4k,kp=0,0.197,2
4096,n<=4,sr>70%,kvB<=64k,kp<=16k,0.4674,2
4096,n<=4,sr>70%,kvB<=64k,kp<=1k,0.5413,2
4096,n<=4,sr>70%,kvB<=64k,kp<=2k,0.565,2
4096,n<=4,sr>70%,kvB<=64k,kp<=32k,0.2482,2
4096,n<=4,sr>70%,kvB<=64k,kp<=4k,0.5782,2
4096,n<=4,sr>70%,kvB<=64k,kp<=512,0.5455,2
4096,n<=4,sr>70%,kvB<=64k,kp<=64k,-2.3285,1
4096,n<=4,sr>70%,kvB<=64k,kp<=8k,0.6265,2
4096,n<=4,sr>70%,kvB<=64k,kp=0,0.646,2
4096,n<=64,sr<=15%,kvB<=16k,kp<=16k,-0.0041,4
4096,n<=64,sr<=15%,kvB<=16k,kp<=1k,0.0379,4
4096,n<=64,sr<=15%,kvB<=16k,kp<=2k,0.0009,4
4096,n<=64,sr<=15%,kvB<=16k,kp<=32k,-0.0075,4
4096,n<=64,sr<=15%,kvB<=16k,kp<=4k,0.0075,4
4096,n<=64,sr<=15%,kvB<=16k,kp<=512,0.0493,4
4096,n<=64,sr<=15%,kvB<=16k,kp<=64k,0.0004,4
4096,n<=64,sr<=15%,kvB<=16k,kp<=8k,0.0151,4
4096,n<=64,sr<=15%,kvB<=16k,kp=0,0.0349,4
4096,n<=64,sr<=15%,kvB<=1k,kp<=16k,0.0141,4
4096,n<=64,sr<=15%,kvB<=1k,kp<=1k,0.0711,4
4096,n<=64,sr<=15%,kvB<=1k,kp<=2k,0.0598,4
4096,n<=64,sr<=15%,kvB<=1k,kp<=32k,0.0925,4
4096,n<=64,sr<=15%,kvB<=1k,kp<=4k,0.0965,4
4096,n<=64,sr<=15%,kvB<=1k,kp<=512,0.0655,4
4096,n<=64,sr<=15%,kvB<=1k,kp<=64k,0.0682,4
4096,n<=64,sr<=15%,kvB<=1k,kp<=8k,0.1236,4
4096,n<=64,sr<=15%,kvB<=1k,kp=0,0.079,4
4096,n<=64,sr<=15%,kvB<=4k,kp<=16k,0.0292,4
4096,n<=64,sr<=15%,kvB<=4k,kp<=1k,0.0087,4
4096,n<=64,sr<=15%,kvB<=4k,kp<=2k,0.0232,4
4096,n<=64,sr<=15%,kvB<=4k,kp<=32k,0.0241,4
4096,n<=64,sr<=15%,kvB<=4k,kp<=4k,0.0128,4
4096,n<=64,sr<=15%,kvB<=4k,kp<=512,0.0183,4
4096,n<=64,sr<=15%,kvB<=4k,kp<=64k,0.028,4
4096,n<=64,sr<=15%,kvB<=4k,kp<=8k,-0.004,4
4096,n<=64,sr<=15%,kvB<=4k,kp=0,0.0274,4
4096,n<=64,sr<=15%,kvB<=64k,kp<=16k,0.003,4
4096,n<=64,sr<=15%,kvB<=64k,kp<=1k,0.0203,4
4096,n<=64,sr<=15%,kvB<=64k,kp<=2k,0.0174,4
4096,n<=64,sr<=15%,kvB<=64k,kp<=32k,0.0083,4
4096,n<=64,sr<=15%,kvB<=64k,kp<=4k,0.0211,4
4096,n<=64,sr<=15%,kvB<=64k,kp<=512,0.0189,4
4096,n<=64,sr<=15%,kvB<=64k,kp<=64k,0.0005,4
4096,n<=64,sr<=15%,kvB<=64k,kp<=8k,0.0156,4
4096,n<=64,sr<=15%,kvB<=64k,kp=0,0.0209,4
4096,n<=64,sr<=40%,kvB<=16k,kp<=16k,-0.0135,2
4096,n<=64,sr<=40%,kvB<=16k,kp<=1k,0.0053,2
4096,n<=64,sr<=40%,kvB<=16k,kp<=2k,-0.0004,2
4096,n<=64,sr<=40%,kvB<=16k,kp<=32k,0.0022,2
4096,n<=64,sr<=40%,kvB<=16k,kp<=4k,-0.0239,2
4096,n<=64,sr<=40%,kvB<=16k,kp<=512,0.0028,2
4096,n<=64,sr<=40%,kvB<=16k,kp<=64k,-0.0195,2
4096,n<=64,sr<=40%,kvB<=16k,kp<=8k,0.0303,2
4096,n<=64,sr<=40%,kvB<=16k,kp=0,-0.0044,2
4096,n<=64,sr<=40%,kvB<=1k,kp<=16k,0.0091,2
4096,n<=64,sr<=40%,kvB<=1k,kp<=1k,0.134,2
4096,n<=64,sr<=40%,kvB<=1k,kp<=2k,0.0982,2
4096,n<=64,sr<=40%,kvB<=1k,kp<=32k,0.1375,2
4096,n<=64,sr<=40%,kvB<=1k,kp<=4k,0.0854,2
4096,n<=64,sr<=40%,kvB<=1k,kp<=512,0.1188,2
4096,n<=64,sr<=40%,kvB<=1k,kp<=64k,0.142,2
4096,n<=64,sr<=40%,kvB<=1k,kp<=8k,0.1973,2
4096,n<=64,sr<=40%,kvB<=1k,kp=0,0.1382,2
4096,n<=64,sr<=40%,kvB<=4k,kp<=16k,0.0203,2
4096,n<=64,sr<=40%,kvB<=4k,kp<=1k,-0.001,2
4096,n<=64,sr<=40%,kvB<=4k,kp<=2k,-0.0072,2
4096,n<=64,sr<=40%,kvB<=4k,kp<=32k,-0.0352,2
4096,n<=64,sr<=40%,kvB<=4k,kp<=4k,-0.015,2
4096,n<=64,sr<=40%,kvB<=4k,kp<=512,0.0092,2
4096,n<=64,sr<=40%,kvB<=4k,kp<=64k,0.0081,2
4096,n<=64,sr<=40%,kvB<=4k,kp<=8k,0.0115,2
4096,n<=64,sr<=40%,kvB<=4k,kp=0,0.0144,2
4096,n<=64,sr<=40%,kvB<=64k,kp<=16k,0.0082,2
4096,n<=64,sr<=40%,kvB<=64k,kp<=1k,0.0091,2
4096,n<=64,sr<=40%,kvB<=64k,kp<=2k,0.0041,2
4096,n<=64,sr<=40%,kvB<=64k,kp<=32k,0.0496,2
4096,n<=64,sr<=40%,kvB<=64k,kp<=4k,0.0116,2
4096,n<=64,sr<=40%,kvB<=64k,kp<=512,0.0117,2
4096,n<=64,sr<=40%,kvB<=64k,kp<=64k,0.0117,2
4096,n<=64,sr<=40%,kvB<=64k,kp<=8k,0.0105,2
4096,n<=64,sr<=40%,kvB<=64k,kp=0,0.012,2
4096,n<=64,sr<=5%,kvB<=16k,kp<=16k,0.0024,6
4096,n<=64,sr<=5%,kvB<=16k,kp<=1k,0.0095,6
4096,n<=64,sr<=5%,kvB<=16k,kp<=2k,0.0144,6
4096,n<=64,sr<=5%,kvB<=16k,kp<=32k,-0.0006,6
4096,n<=64,sr<=5%,kvB<=16k,kp<=4k,0.0185,6
4096,n<=64,sr<=5%,kvB<=16k,kp<=512,0.0233,6
4096,n<=64,sr<=5%,kvB<=16k,kp<=64k,0.0073,6
4096,n<=64,sr<=5%,kvB<=16k,kp<=8k,0.0104,6
4096,n<=64,sr<=5%,kvB<=16k,kp=0,0.0245,6
4096,n<=64,sr<=5%,kvB<=1k,kp<=16k,0.0338,6
4096,n<=64,sr<=5%,kvB<=1k,kp<=1k,0.0197,6
4096,n<=64,sr<=5%,kvB<=1k,kp<=2k,0.005,6
4096,n<=64,sr<=5%,kvB<=1k,kp<=32k,0.0165,6
4096,n<=64,sr<=5%,kvB<=1k,kp<=4k,0.0244,6
4096,n<=64,sr<=5%,kvB<=1k,kp<=512,0.0369,6
4096,n<=64,sr<=5%,kvB<=1k,kp<=64k,0.0054,6
4096,n<=64,sr<=5%,kvB<=1k,kp<=8k,-0.0022,6
4096,n<=64,sr<=5%,kvB<=1k,kp=0,0.0145,6
4096,n<=64,sr<=5%,kvB<=4k,kp<=16k,0.0241,6
4096,n<=64,sr<=5%,kvB<=4k,kp<=1k,0.0163,6
4096,n<=64,sr<=5%,kvB<=4k,kp<=2k,0.0147,6
4096,n<=64,sr<=5%,kvB<=4k,kp<=32k,0.0192,6
4096,n<=64,sr<=5%,kvB<=4k,kp<=4k,0.0113,6
4096,n<=64,sr<=5%,kvB<=4k,kp<=512,0.0143,6
4096,n<=64,sr<=5%,kvB<=4k,kp<=64k,0.0236,6
4096,n<=64,sr<=5%,kvB<=4k,kp<=8k,0.0319,6
4096,n<=64,sr<=5%,kvB<=4k,kp=0,0.0191,6
4096,n<=64,sr<=5%,kvB<=64k,kp<=16k,0.0126,6
4096,n<=64,sr<=5%,kvB<=64k,kp<=1k,0.0239,6
4096,n<=64,sr<=5%,kvB<=64k,kp<=2k,0.0228,6
4096,n<=64,sr<=5%,kvB<=64k,kp<=32k,0.0088,6
4096,n<=64,sr<=5%,kvB<=64k,kp<=4k,0.0244,6
4096,n<=64,sr<=5%,kvB<=64k,kp<=512,0.0239,6
4096,n<=64,sr<=5%,kvB<=64k,kp<=64k,0.0009,6
4096,n<=64,sr<=5%,kvB<=64k,kp<=8k,0.0215,6
4096,n<=64,sr<=5%,kvB<=64k,kp=0,0.0243,6
4096,n<=64,sr<=70%,kvB<=16k,kp<=16k,0.0268,2
4096,n<=64,sr<=70%,kvB<=16k,kp<=1k,0.0281,2
4096,n<=64,sr<=70%,kvB<=16k,kp<=2k,-0.004,2
4096,n<=64,sr<=70%,kvB<=16k,kp<=32k,-0.0243,2
4096,n<=64,sr<=70%,kvB<=16k,kp<=4k,0.0109,2
4096,n<=64,sr<=70%,kvB<=16k,kp<=512,0.0504,2
4096,n<=64,sr<=70%,kvB<=16k,kp<=64k,-0.0128,2
4096,n<=64,sr<=70%,kvB<=16k,kp<=8k,0.0305,2
4096,n<=64,sr<=70%,kvB<=16k,kp=0,0.0646,2
4096,n<=64,sr<=70%,kvB<=1k,kp<=16k,0.11,2
4096,n<=64,sr<=70%,kvB<=1k,kp<=1k,0.0928,2
4096,n<=64,sr<=70%,kvB<=1k,kp<=2k,0.0282,2
4096,n<=64,sr<=70%,kvB<=1k,kp<=32k,0.1227,2
4096,n<=64,sr<=70%,kvB<=1k,kp<=4k,0.0977,2
4096,n<=64,sr<=70%,kvB<=1k,kp<=512,0.0337,2
4096,n<=64,sr<=70%,kvB<=1k,kp<=64k,0.1851,2
4096,n<=64,sr<=70%,kvB<=1k,kp<=8k,0.0309,2
4096,n<=64,sr<=70%,kvB<=1k,kp=0,0.0808,2
4096,n<=64,sr<=70%,kvB<=4k,kp<=16k,-0.007,2
4096,n<=64,sr<=70%,kvB<=4k,kp<=1k,-0.0141,2
4096,n<=64,sr<=70%,kvB<=4k,kp<=2k,-0.0231,2
4096,n<=64,sr<=70%,kvB<=4k,kp<=32k,-0.0029,2
4096,n<=64,sr<=70%,kvB<=4k,kp<=4k,-0.0137,2
4096,n<=64,sr<=70%,kvB<=4k,kp<=512,0.0128,2
4096,n<=64,sr<=70%,kvB<=4k,kp<=64k,-0.0639,2
4096,n<=64,sr<=70%,kvB<=4k,kp<=8k,-0.0271,2
4096,n<=64,sr<=70%,kvB<=4k,kp=0,0.0241,2
4096,n<=64,sr<=70%,kvB<=64k,kp<=16k,-0.0196,2
4096,n<=64,sr<=70%,kvB<=64k,kp<=1k,-0.0022,2
4096,n<=64,sr<=70%,kvB<=64k,kp<=2k,-0.0021,2
4096,n<=64,sr<=70%,kvB<=64k,kp<=32k,-0.024,2
4096,n<=64,sr<=70%,kvB<=64k,kp<=4k,0.0109,2
4096,n<=64,sr<=70%,kvB<=64k,kp<=512,0.0104,2
4096,n<=64,sr<=70%,kvB<=64k,kp<=64k,-0.0131,2
4096,n<=64,sr<=70%,kvB<=64k,kp<=8k,0.0052,2
4096,n<=64,sr<=70%,kvB<=64k,kp=0,0.0147,2
4096,n<=64,sr>70%,kvB<=16k,kp<=16k,0.1953,4
4096,n<=64,sr>70%,kvB<=16k,kp<=1k,-0.0123,4
4096,n<=64,sr>70%,kvB<=16k,kp<=2k,-0.0103,4
4096,n<=64,sr>70%,kvB<=16k,kp<=32k,-0.0967,4
4096,n<=64,sr>70%,kvB<=16k,kp<=4k,-0.0029,4
4096,n<=64,sr>70%,kvB<=16k,kp<=512,-0.0508,4
4096,n<=64,sr>70%,kvB<=16k,kp<=64k,-0.1449,4
4096,n<=64,sr>70%,kvB<=16k,kp<=8k,-0.0021,4
4096,n<=64,sr>70%,kvB<=16k,kp=0,-0.1007,4
4096,n<=64,sr>70%,kvB<=1k,kp<=16k,0.3806,4
4096,n<=64,sr>70%,kvB<=1k,kp<=1k,0.3142,4
4096,n<=64,sr>70%,kvB<=1k,kp<=2k,0.336,4
4096,n<=64,sr>70%,kvB<=1k,kp<=32k,0.34,4
4096,n<=64,sr>70%,kvB<=1k,kp<=4k,0.2864,4
4096,n<=64,sr>70%,kvB<=1k,kp<=512,0.2959,4
4096,n<=64,sr>70%,kvB<=1k,kp<=64k,0.4391,4
4096,n<=64,sr>70%,kvB<=1k,kp<=8k,0.133,4
4096,n<=64,sr>70%,kvB<=1k,kp=0,0.362,4
4096,n<=64,sr>70%,kvB<=4k,kp<=16k,-0.0048,4
4096,n<=64,sr>70%,kvB<=4k,kp<=1k,-0.015,4
4096,n<=64,sr>70%,kvB<=4k,kp<=2k,0.0396,4
4096,n<=64,sr>70%,kvB<=4k,kp<=32k,0.0425,4
4096,n<=64,sr>70%,kvB<=4k,kp<=4k,-0.0122,4
4096,n<=64,sr>70%,kvB<=4k,kp<=512,-0.0415,4
4096,n<=64,sr>70%,kvB<=4k,kp<=64k,-0.0294,4
4096,n<=64,sr>70%,kvB<=4k,kp<=8k,0.0643,4
4096,n<=64,sr>70%,kvB<=4k,kp=0,0.0286,4
4096,n<=64,sr>70%,kvB<=64k,kp<=16k,-0.0353,4
4096,n<=64,sr>70%,kvB<=64k,kp<=1k,0.0102,4
4096,n<=64,sr>70%,kvB<=64k,kp<=2k,0.0147,4
4096,n<=64,sr>70%,kvB<=64k,kp<=32k,0.091,4
4096,n<=64,sr>70%,kvB<=64k,kp<=4k,0.0017,4
4096,n<=64,sr>70%,kvB<=64k,kp<=512,0.0103,4
4096,n<=64,sr>70%,kvB<=64k,kp<=64k,0.2188,4
4096,n<=64,sr>70%,kvB<=64k,kp<=8k,0.0067,4
4096,n<=64,sr>70%,kvB<=64k,kp=0,0.0528,4
4096,n<=8,sr<=15%,kvB<=16k,kp<=16k,0.0167,2
4096,n<=8,sr<=15%,kvB<=16k,kp<=1k,0.3921,2
4096,n<=8,sr<=15%,kvB<=16k,kp<=2k,0.3908,2
4096,n<=8,sr<=15%,kvB<=16k,kp<=32k,0.0523,2
4096,n<=8,sr<=15%,kvB<=16k,kp<=4k,0.3293,2
4096,n<=8,sr<=15%,kvB<=16k,kp<=512,0.4057,2
4096,n<=8,sr<=15%,kvB<=16k,kp<=64k,0.0562,2
4096,n<=8,sr<=15%,kvB<=16k,kp<=8k,0.1991,2
4096,n<=8,sr<=15%,kvB<=16k,kp=0,0.4216,2
4096,n<=8,sr<=15%,kvB<=1k,kp<=16k,0.0009,2
4096,n<=8,sr<=15%,kvB<=1k,kp<=1k,0.2739,2
4096,n<=8,sr<=15%,kvB<=1k,kp<=2k,0.2188,2
4096,n<=8,sr<=15%,kvB<=1k,kp<=32k,-0.021,2
4096,n<=8,sr<=15%,kvB<=1k,kp<=4k,-0.0117,2
4096,n<=8,sr<=15%,kvB<=1k,kp<=512,0.2914,2
4096,n<=8,sr<=15%,kvB<=1k,kp<=64k,1.8302,2
4096,n<=8,sr<=15%,kvB<=1k,kp<=8k,-0.115,2
4096,n<=8,sr<=15%,kvB<=1k,kp=0,0.0501,2
4096,n<=8,sr<=15%,kvB<=4k,kp<=16k,0.0598,2
4096,n<=8,sr<=15%,kvB<=4k,kp<=1k,0.048,2
4096,n<=8,sr<=15%,kvB<=4k,kp<=2k,0.0048,2
4096,n<=8,sr<=15%,kvB<=4k,kp<=32k,-0.0676,2
4096,n<=8,sr<=15%,kvB<=4k,kp<=4k,0.087,2
4096,n<=8,sr<=15%,kvB<=4k,kp<=512,0.0163,2
4096,n<=8,sr<=15%,kvB<=4k,kp<=64k,-0.0444,2
4096,n<=8,sr<=15%,kvB<=4k,kp<=8k,0.0808,2
4096,n<=8,sr<=15%,kvB<=4k,kp=0,-0.0181,2
4096,n<=8,sr<=15%,kvB<=64k,kp<=16k,0.3673,2
4096,n<=8,sr<=15%,kvB<=64k,kp<=1k,0.372,2
4096,n<=8,sr<=15%,kvB<=64k,kp<=2k,0.3732,2
4096,n<=8,sr<=15%,kvB<=64k,kp<=32k,0.2848,2
4096,n<=8,sr<=15%,kvB<=64k,kp<=4k,0.3311,2
4096,n<=8,sr<=15%,kvB<=64k,kp<=512,0.3876,2
4096,n<=8,sr<=15%,kvB<=64k,kp<=64k,0.0871,2
4096,n<=8,sr<=15%,kvB<=64k,kp<=8k,0.3358,2
4096,n<=8,sr<=15%,kvB<=64k,kp=0,0.4209,2
4096,n<=8,sr<=40%,kvB<=16k,kp<=16k,0.0479,4
4096,n<=8,sr<=40%,kvB<=16k,kp<=1k,0.4048,4
4096,n<=8,sr<=40%,kvB<=16k,kp<=2k,0.3976,4
4096,n<=8,sr<=40%,kvB<=16k,kp<=32k,0.1433,4
4096,n<=8,sr<=40%,kvB<=16k,kp<=4k,0.3708,4
4096,n<=8,sr<=40%,kvB<=16k,kp<=512,0.4203,4
4096,n<=8,sr<=40%,kvB<=16k,kp<=64k,-0.3501,3
4096,n<=8,sr<=40%,kvB<=16k,kp<=8k,0.2319,4
4096,n<=8,sr<=40%,kvB<=16k,kp=0,0.4245,4
4096,n<=8,sr<=40%,kvB<=1k,kp<=16k,-0.2241,4
4096,n<=8,sr<=40%,kvB<=1k,kp<=1k,-0.0596,4
4096,n<=8,sr<=40%,kvB<=1k,kp<=2k,0.3015,4
4096,n<=8,sr<=40%,kvB<=1k,kp<=32k,0.0106,4
4096,n<=8,sr<=40%,kvB<=1k,kp<=4k,0.0369,3
4096,n<=8,sr<=40%,kvB<=1k,kp<=512,0.1077,4
4096,n<=8,sr<=40%,kvB<=1k,kp<=64k,1.0592,2
4096,n<=8,sr<=40%,kvB<=1k,kp<=8k,0.2677,4
4096,n<=8,sr<=40%,kvB<=1k,kp=0,0.0493,4
4096,n<=8,sr<=40%,kvB<=4k,kp<=16k,0.0867,4
4096,n<=8,sr<=40%,kvB<=4k,kp<=1k,0.0069,4
4096,n<=8,sr<=40%,kvB<=4k,kp<=2k,0.035,4
4096,n<=8,sr<=40%,kvB<=4k,kp<=32k,0.102,4
4096,n<=8,sr<=40%,kvB<=4k,kp<=4k,0.0529,4
4096,n<=8,sr<=40%,kvB<=4k,kp<=512,0.0043,4
4096,n<=8,sr<=40%,kvB<=4k,kp<=64k,0.6224,4
4096,n<=8,sr<=40%,kvB<=4k,kp<=8k,0.0512,4
4096,n<=8,sr<=40%,kvB<=4k,kp=0,0.0762,4
4096,n<=8,sr<=40%,kvB<=64k,kp<=16k,0.3975,4
4096,n<=8,sr<=40%,kvB<=64k,kp<=1k,0.3343,4
4096,n<=8,sr<=40%,kvB<=64k,kp<=2k,0.3157,4
4096,n<=8,sr<=40%,kvB<=64k,kp<=32k,0.2817,4
4096,n<=8,sr<=40%,kvB<=64k,kp<=4k,0.2978,4
4096,n<=8,sr<=40%,kvB<=64k,kp<=512,0.3506,4
4096,n<=8,sr<=40%,kvB<=64k,kp<=64k,-0.3198,4
4096,n<=8,sr<=40%,kvB<=64k,kp<=8k,0.3139,4
4096,n<=8,sr<=40%,kvB<=64k,kp=0,0.3673,4
4096,n<=8,sr<=70%,kvB<=16k,kp<=16k,-0.0249,2
4096,n<=8,sr<=70%,kvB<=16k,kp<=1k,0.4188,2
4096,n<=8,sr<=70%,kvB<=16k,kp<=2k,0.4125,2
4096,n<=8,sr<=70%,kvB<=16k,kp<=32k,0.1869,2
4096,n<=8,sr<=70%,kvB<=16k,kp<=4k,0.3502,2
4096,n<=8,sr<=70%,kvB<=16k,kp<=512,0.4079,2
4096,n<=8,sr<=70%,kvB<=16k,kp<=64k,0.2176,2
4096,n<=8,sr<=70%,kvB<=16k,kp<=8k,0.2598,2
4096,n<=8,sr<=70%,kvB<=16k,kp=0,0.4071,2
4096,n<=8,sr<=70%,kvB<=1k,kp<=16k,-0.1299,2
4096,n<=8,sr<=70%,kvB<=1k,kp<=1k,-0.4063,2
4096,n<=8,sr<=70%,kvB<=1k,kp<=2k,-0.1211,2
4096,n<=8,sr<=70%,kvB<=1k,kp<=32k,-0.484,2
4096,n<=8,sr<=70%,kvB<=1k,kp<=4k,0.3374,2
4096,n<=8,sr<=70%,kvB<=1k,kp<=512,0.3778,2
4096,n<=8,sr<=70%,kvB<=1k,kp<=64k,0.9046,2
4096,n<=8,sr<=70%,kvB<=1k,kp<=8k,0.0895,2
4096,n<=8,sr<=70%,kvB<=1k,kp=0,0.2439,2
4096,n<=8,sr<=70%,kvB<=4k,kp<=16k,0.2543,2
4096,n<=8,sr<=70%,kvB<=4k,kp<=1k,-0.0786,2
4096,n<=8,sr<=70%,kvB<=4k,kp<=2k,0.0026,2
4096,n<=8,sr<=70%,kvB<=4k,kp<=32k,0.2029,2
4096,n<=8,sr<=70%,kvB<=4k,kp<=4k,-0.1379,2
4096,n<=8,sr<=70%,kvB<=4k,kp<=512,-0.0491,2
4096,n<=8,sr<=70%,kvB<=4k,kp<=64k,-1.0,2
4096,n<=8,sr<=70%,kvB<=4k,kp<=8k,0.1181,2
4096,n<=8,sr<=70%,kvB<=4k,kp=0,0.0911,2
4096,n<=8,sr<=70%,kvB<=64k,kp<=16k,0.3319,2
4096,n<=8,sr<=70%,kvB<=64k,kp<=1k,0.31,2
4096,n<=8,sr<=70%,kvB<=64k,kp<=2k,0.2761,2
4096,n<=8,sr<=70%,kvB<=64k,kp<=32k,0.2662,2
4096,n<=8,sr<=70%,kvB<=64k,kp<=4k,0.2531,2
4096,n<=8,sr<=70%,kvB<=64k,kp<=512,0.3304,2
4096,n<=8,sr<=70%,kvB<=64k,kp<=64k,-1.3998,2
4096,n<=8,sr<=70%,kvB<=64k,kp<=8k,0.2673,2
4096,n<=8,sr<=70%,kvB<=64k,kp=0,0.3444,2
4096,n<=8,sr>70%,kvB<=16k,kp<=16k,-0.276,4
4096,n<=8,sr>70%,kvB<=16k,kp<=1k,0.3626,4
4096,n<=8,sr>70%,kvB<=16k,kp<=2k,0.4062,4
4096,n<=8,sr>70%,kvB<=16k,kp<=32k,0.3278,4
4096,n<=8,sr>70%,kvB<=16k,kp<=4k,0.4068,4
4096,n<=8,sr>70%,kvB<=16k,kp<=512,0.4099,4
4096,n<=8,sr>70%,kvB<=16k,kp<=64k,0.033,2
4096,n<=8,sr>70%,kvB<=16k,kp<=8k,0.3369,4
4096,n<=8,sr>70%,kvB<=16k,kp=0,0.3917,4
4096,n<=8,sr>70%,kvB<=1k,kp<=16k,1.7251,4
4096,n<=8,sr>70%,kvB<=1k,kp<=1k,0.6153,3
4096,n<=8,sr>70%,kvB<=1k,kp<=2k,0.4476,4
4096,n<=8,sr>70%,kvB<=1k,kp<=32k,0.3327,4
4096,n<=8,sr>70%,kvB<=1k,kp<=4k,0.4241,3
4096,n<=8,sr>70%,kvB<=1k,kp<=512,0.123,3
4096,n<=8,sr>70%,kvB<=1k,kp<=64k,0.7529,3
4096,n<=8,sr>70%,kvB<=1k,kp<=8k,0.3556,4
4096,n<=8,sr>70%,kvB<=1k,kp=0,-0.3399,3
4096,n<=8,sr>70%,kvB<=4k,kp<=16k,0.4945,4
4096,n<=8,sr>70%,kvB<=4k,kp<=1k,0.1332,4
4096,n<=8,sr>70%,kvB<=4k,kp<=2k,-0.0963,4
4096,n<=8,sr>70%,kvB<=4k,kp<=32k,-0.0494,4
4096,n<=8,sr>70%,kvB<=4k,kp<=4k,0.1349,3
4096,n<=8,sr>70%,kvB<=4k,kp<=512,0.1299,4
4096,n<=8,sr>70%,kvB<=4k,kp<=64k,-2.5298,4
4096,n<=8,sr>70%,kvB<=4k,kp<=8k,-0.1219,3
4096,n<=8,sr>70%,kvB<=4k,kp=0,0.2001,4
4096,n<=8,sr>70%,kvB<=64k,kp<=16k,0.4989,4
4096,n<=8,sr>70%,kvB<=64k,kp<=1k,0.318,4
4096,n<=8,sr>70%,kvB<=64k,kp<=2k,0.1333,4
4096,n<=8,sr>70%,kvB<=64k,kp<=32k,0.4007,4
4096,n<=8,sr>70%,kvB<=64k,kp<=4k,0.1856,4
4096,n<=8,sr>70%,kvB<=64k,kp<=512,0.3526,4
4096,n<=8,sr>70%,kvB<=64k,kp<=64k,0.2734,4
4096,n<=8,sr>70%,kvB<=64k,kp<=8k,0.1934,4
4096,n<=8,sr>70%,kvB<=64k,kp=0,0.5012,4
8192,n<=16,sr<=15%,kvB<=16k,kp<=16k,-0.007,4
8192,n<=16,sr<=15%,kvB<=16k,kp<=1k,0.0996,4
8192,n<=16,sr<=15%,kvB<=16k,kp<=2k,0.2044,4
8192,n<=16,sr<=15%,kvB<=16k,kp<=32k,-0.0013,4
8192,n<=16,sr<=15%,kvB<=16k,kp<=4k,0.098,4
8192,n<=16,sr<=15%,kvB<=16k,kp<=512,0.1589,4
8192,n<=16,sr<=15%,kvB<=16k,kp<=64k,0.0164,4
8192,n<=16,sr<=15%,kvB<=16k,kp<=8k,-0.0515,4
8192,n<=16,sr<=15%,kvB<=16k,kp=0,0.2055,4
8192,n<=16,sr<=15%,kvB<=1k,kp<=16k,0.7335,4
8192,n<=16,sr<=15%,kvB<=1k,kp<=1k,-0.388,4
8192,n<=16,sr<=15%,kvB<=1k,kp<=2k,0.2568,2
8192,n<=16,sr<=15%,kvB<=1k,kp<=32k,0.036,4
8192,n<=16,sr<=15%,kvB<=1k,kp<=4k,0.2721,3
8192,n<=16,sr<=15%,kvB<=1k,kp<=512,-0.6024,3
8192,n<=16,sr<=15%,kvB<=1k,kp<=64k,-0.016,4
8192,n<=16,sr<=15%,kvB<=1k,kp<=8k,-0.9056,3
8192,n<=16,sr<=15%,kvB<=1k,kp=0,0.2492,4
8192,n<=16,sr<=15%,kvB<=4k,kp<=16k,-0.1059,4
8192,n<=16,sr<=15%,kvB<=4k,kp<=1k,0.2161,4
8192,n<=16,sr<=15%,kvB<=4k,kp<=2k,0.1725,4
8192,n<=16,sr<=15%,kvB<=4k,kp<=32k,0.0315,4
8192,n<=16,sr<=15%,kvB<=4k,kp<=4k,0.229,4
8192,n<=16,sr<=15%,kvB<=4k,kp<=512,0.0454,4
8192,n<=16,sr<=15%,kvB<=4k,kp<=64k,0.0633,4
8192,n<=16,sr<=15%,kvB<=4k,kp<=8k,0.0193,4
8192,n<=16,sr<=15%,kvB<=4k,kp=0,-0.143,4
8192,n<=16,sr<=15%,kvB<=64k,kp<=16k,0.2029,4
8192,n<=16,sr<=15%,kvB<=64k,kp<=1k,0.1143,4
8192,n<=16,sr<=15%,kvB<=64k,kp<=2k,0.1194,4
8192,n<=16,sr<=15%,kvB<=64k,kp<=32k,0.1431,4
8192,n<=16,sr<=15%,kvB<=64k,kp<=4k,0.155,4
8192,n<=16,sr<=15%,kvB<=64k,kp<=512,0.1096,4
8192,n<=16,sr<=15%,kvB<=64k,kp<=64k,0.0147,4
8192,n<=16,sr<=15%,kvB<=64k,kp<=8k,0.2011,4
8192,n<=16,sr<=15%,kvB<=64k,kp=0,0.1021,4
8192,n<=16,sr<=40%,kvB<=16k,kp<=16k,0.0008,4
8192,n<=16,sr<=40%,kvB<=16k,kp<=1k,0.2119,4
8192,n<=16,sr<=40%,kvB<=16k,kp<=2k,0.242,4
8192,n<=16,sr<=40%,kvB<=16k,kp<=32k,0.0421,4
8192,n<=16,sr<=40%,kvB<=16k,kp<=4k,0.1015,4
8192,n<=16,sr<=40%,kvB<=16k,kp<=512,0.1807,4
8192,n<=16,sr<=40%,kvB<=16k,kp<=64k,0.0517,4
8192,n<=16,sr<=40%,kvB<=16k,kp<=8k,0.1203,4
8192,n<=16,sr<=40%,kvB<=16k,kp=0,0.1915,4
8192,n<=16,sr<=40%,kvB<=1k,kp<=16k,-0.0475,3
8192,n<=16,sr<=40%,kvB<=1k,kp<=1k,0.3582,3
8192,n<=16,sr<=40%,kvB<=1k,kp<=2k,0.214,4
8192,n<=16,sr<=40%,kvB<=1k,kp<=32k,0.0535,4
8192,n<=16,sr<=40%,kvB<=1k,kp<=4k,0.8663,1
8192,n<=16,sr<=40%,kvB<=1k,kp<=512,0.8305,1
8192,n<=16,sr<=40%,kvB<=1k,kp<=64k,0.0629,4
8192,n<=16,sr<=40%,kvB<=1k,kp<=8k,0.0403,3
8192,n<=16,sr<=40%,kvB<=1k,kp=0,0.123,3
8192,n<=16,sr<=40%,kvB<=4k,kp<=16k,0.0405,3
8192,n<=16,sr<=40%,kvB<=4k,kp<=1k,0.1268,4
8192,n<=16,sr<=40%,kvB<=4k,kp<=2k,-0.1604,3
8192,n<=16,sr<=40%,kvB<=4k,kp<=32k,0.0065,4
8192,n<=16,sr<=40%,kvB<=4k,kp<=4k,0.0637,3
8192,n<=16,sr<=40%,kvB<=4k,kp<=512,0.13,4
8192,n<=16,sr<=40%,kvB<=4k,kp<=64k,-0.0632,4
8192,n<=16,sr<=40%,kvB<=4k,kp<=8k,-0.1899,4
8192,n<=16,sr<=40%,kvB<=4k,kp=0,0.1261,4
8192,n<=16,sr<=40%,kvB<=64k,kp<=16k,0.2158,4
8192,n<=16,sr<=40%,kvB<=64k,kp<=1k,0.0902,4
8192,n<=16,sr<=40%,kvB<=64k,kp<=2k,0.0956,4
8192,n<=16,sr<=40%,kvB<=64k,kp<=32k,0.1599,4
8192,n<=16,sr<=40%,kvB<=64k,kp<=4k,0.1213,4
8192,n<=16,sr<=40%,kvB<=64k,kp<=512,0.0759,4
8192,n<=16,sr<=40%,kvB<=64k,kp<=64k,0.023,4
8192,n<=16,sr<=40%,kvB<=64k,kp<=8k,0.1525,4
8192,n<=16,sr<=40%,kvB<=64k,kp=0,0.0574,4
8192,n<=16,sr<=70%,kvB<=16k,kp<=16k,0.0286,2
8192,n<=16,sr<=70%,kvB<=16k,kp<=1k,0.2803,2
8192,n<=16,sr<=70%,kvB<=16k,kp<=2k,0.3839,2
8192,n<=16,sr<=70%,kvB<=16k,kp<=32k,0.0312,2
8192,n<=16,sr<=70%,kvB<=16k,kp<=4k,0.3628,2
8192,n<=16,sr<=70%,kvB<=16k,kp<=512,0.2244,2
8192,n<=16,sr<=70%,kvB<=16k,kp<=64k,0.0478,2
8192,n<=16,sr<=70%,kvB<=16k,kp<=8k,0.5161,2
8192,n<=16,sr<=70%,kvB<=16k,kp=0,0.2535,2
8192,n<=16,sr<=70%,kvB<=1k,kp<=16k,-0.2063,2
8192,n<=16,sr<=70%,kvB<=1k,kp<=2k,1.076,1
8192,n<=16,sr<=70%,kvB<=1k,kp<=32k,0.132,2
8192,n<=16,sr<=70%,kvB<=1k,kp<=4k,-1.4029,1
8192,n<=16,sr<=70%,kvB<=1k,kp<=512,0.7863,2
8192,n<=16,sr<=70%,kvB<=1k,kp<=64k,0.1908,2
8192,n<=16,sr<=70%,kvB<=1k,kp<=8k,3.3629,1
8192,n<=16,sr<=70%,kvB<=1k,kp=0,0.1753,1
8192,n<=16,sr<=70%,kvB<=4k,kp<=16k,0.0352,2
8192,n<=16,sr<=70%,kvB<=4k,kp<=1k,0.2143,2
8192,n<=16,sr<=70%,kvB<=4k,kp<=2k,-0.275,1
8192,n<=16,sr<=70%,kvB<=4k,kp<=32k,-0.0485,2
8192,n<=16,sr<=70%,kvB<=4k,kp<=4k,-0.1686,2
8192,n<=16,sr<=70%,kvB<=4k,kp<=512,-0.3368,1
8192,n<=16,sr<=70%,kvB<=4k,kp<=64k,-0.0102,2
8192,n<=16,sr<=70%,kvB<=4k,kp<=8k,0.6374,2
8192,n<=16,sr<=70%,kvB<=4k,kp=0,0.5011,2
8192,n<=16,sr<=70%,kvB<=64k,kp<=16k,0.2258,2
8192,n<=16,sr<=70%,kvB<=64k,kp<=1k,0.0561,2
8192,n<=16,sr<=70%,kvB<=64k,kp<=2k,0.0316,2
8192,n<=16,sr<=70%,kvB<=64k,kp<=32k,0.202,2
8192,n<=16,sr<=70%,kvB<=64k,kp<=4k,0.0694,2
8192,n<=16,sr<=70%,kvB<=64k,kp<=512,0.0627,2
8192,n<=16,sr<=70%,kvB<=64k,kp<=64k,0.0447,2
8192,n<=16,sr<=70%,kvB<=64k,kp<=8k,0.1768,2
8192,n<=16,sr<=70%,kvB<=64k,kp=0,0.0521,2
8192,n<=16,sr>70%,kvB<=16k,kp<=16k,-0.0434,4
8192,n<=16,sr>70%,kvB<=16k,kp<=1k,0.2066,4
8192,n<=16,sr>70%,kvB<=16k,kp<=2k,0.0787,4
8192,n<=16,sr>70%,kvB<=16k,kp<=32k,0.0629,4
8192,n<=16,sr>70%,kvB<=16k,kp<=4k,0.0442,3
8192,n<=16,sr>70%,kvB<=16k,kp<=512,0.0695,4
8192,n<=16,sr>70%,kvB<=16k,kp<=64k,0.2213,4
8192,n<=16,sr>70%,kvB<=16k,kp<=8k,-0.1599,4
8192,n<=16,sr>70%,kvB<=16k,kp=0,0.1286,4
8192,n<=16,sr>70%,kvB<=1k,kp<=16k,1.1894,4
8192,n<=16,sr>70%,kvB<=1k,kp<=1k,-0.3991,4
8192,n<=16,sr>70%,kvB<=1k,kp<=2k,0.6496,3
8192,n<=16,sr>70%,kvB<=1k,kp<=32k,-0.0041,3
8192,n<=16,sr>70%,kvB<=1k,kp<=4k,1.2709,1
8192,n<=16,sr>70%,kvB<=1k,kp<=512,0.3931,2
8192,n<=16,sr>70%,kvB<=1k,kp<=64k,0.0687,3
8192,n<=16,sr>70%,kvB<=1k,kp<=8k,0.8522,1
8192,n<=16,sr>70%,kvB<=1k,kp=0,0.5929,3
8192,n<=16,sr>70%,kvB<=4k,kp<=16k,-0.046,4
8192,n<=16,sr>70%,kvB<=4k,kp<=1k,-0.4096,2
8192,n<=16,sr>70%,kvB<=4k,kp<=2k,-2.5255,2
8192,n<=16,sr>70%,kvB<=4k,kp<=32k,0.1274,4
8192,n<=16,sr>70%,kvB<=4k,kp<=4k,0.6184,3
8192,n<=16,sr>70%,kvB<=4k,kp<=512,-0.1924,4
8192,n<=16,sr>70%,kvB<=4k,kp<=64k,-0.0354,4
8192,n<=16,sr>70%,kvB<=4k,kp<=8k,1.1903,3
8192,n<=16,sr>70%,kvB<=4k,kp=0,0.3629,4
8192,n<=16,sr>70%,kvB<=64k,kp<=16k,0.2055,4
8192,n<=16,sr>70%,kvB<=64k,kp<=1k,0.0407,4
8192,n<=16,sr>70%,kvB<=64k,kp<=2k,0.0379,4
8192,n<=16,sr>70%,kvB<=64k,kp<=32k,0.1872,4
8192,n<=16,sr>70%,kvB<=64k,kp<=4k,0.0887,4
8192,n<=16,sr>70%,kvB<=64k,kp<=512,0.0436,4
8192,n<=16,sr>70%,kvB<=64k,kp<=64k,0.0959,4
8192,n<=16,sr>70%,kvB<=64k,kp<=8k,0.0295,4
8192,n<=16,sr>70%,kvB<=64k,kp=0,0.0356,4
8192,n<=2,sr<=70%,kvB<=16k,kp<=16k,0.6283,1
8192,n<=2,sr<=70%,kvB<=16k,kp<=1k,0.6341,2
8192,n<=2,sr<=70%,kvB<=16k,kp<=2k,0.6569,2
8192,n<=2,sr<=70%,kvB<=16k,kp<=32k,0.1351,2
8192,n<=2,sr<=70%,kvB<=16k,kp<=4k,1.3751,1
8192,n<=2,sr<=70%,kvB<=16k,kp<=512,0.4774,2
8192,n<=2,sr<=70%,kvB<=16k,kp<=64k,0.1197,2
8192,n<=2,sr<=70%,kvB<=16k,kp<=8k,0.1702,1
8192,n<=2,sr<=70%,kvB<=16k,kp=0,0.766,2
8192,n<=2,sr<=70%,kvB<=1k,kp<=16k,4.1737,2
8192,n<=2,sr<=70%,kvB<=1k,kp<=1k,-0.6408,1
8192,n<=2,sr<=70%,kvB<=1k,kp<=2k,-10.1172,1
8192,n<=2,sr<=70%,kvB<=1k,kp<=32k,11.0551,1
8192,n<=2,sr<=70%,kvB<=1k,kp<=4k,0.3796,2
8192,n<=2,sr<=70%,kvB<=1k,kp<=64k,0.486,2
8192,n<=2,sr<=70%,kvB<=1k,kp=0,2.0225,2
8192,n<=2,sr<=70%,kvB<=4k,kp<=16k,1.2716,1
8192,n<=2,sr<=70%,kvB<=4k,kp<=1k,0.9028,1
8192,n<=2,sr<=70%,kvB<=4k,kp<=32k,-0.2048,2
8192,n<=2,sr<=70%,kvB<=4k,kp<=512,0.486,2
8192,n<=2,sr<=70%,kvB<=4k,kp<=64k,0.169,2
8192,n<=2,sr<=70%,kvB<=4k,kp<=8k,0.8864,2
8192,n<=2,sr<=70%,kvB<=4k,kp=0,0.5088,2
8192,n<=2,sr<=70%,kvB<=64k,kp<=16k,0.9076,2
8192,n<=2,sr<=70%,kvB<=64k,kp<=1k,0.8059,2
8192,n<=2,sr<=70%,kvB<=64k,kp<=2k,0.7256,2
8192,n<=2,sr<=70%,kvB<=64k,kp<=32k,0.6904,2
8192,n<=2,sr<=70%,kvB<=64k,kp<=4k,0.8933,2
8192,n<=2,sr<=70%,kvB<=64k,kp<=512,0.7721,2
8192,n<=2,sr<=70%,kvB<=64k,kp<=64k,-0.6983,2
8192,n<=2,sr<=70%,kvB<=64k,kp<=8k,0.6737,2
8192,n<=2,sr<=70%,kvB<=64k,kp=0,0.783,2
8192,n<=32,sr<=15%,kvB<=16k,kp<=16k,0.0595,6
8192,n<=32,sr<=15%,kvB<=16k,kp<=1k,0.0604,6
8192,n<=32,sr<=15%,kvB<=16k,kp<=2k,0.0596,6
8192,n<=32,sr<=15%,kvB<=16k,kp<=32k,0.0059,6
8192,n<=32,sr<=15%,kvB<=16k,kp<=4k,0.0657,6
8192,n<=32,sr<=15%,kvB<=16k,kp<=512,0.062,6
8192,n<=32,sr<=15%,kvB<=16k,kp<=64k,0.0186,6
8192,n<=32,sr<=15%,kvB<=16k,kp<=8k,-0.0224,6
8192,n<=32,sr<=15%,kvB<=16k,kp=0,0.0614,6
8192,n<=32,sr<=15%,kvB<=1k,kp<=16k,0.6287,6
8192,n<=32,sr<=15%,kvB<=1k,kp<=1k,0.3433,6
8192,n<=32,sr<=15%,kvB<=1k,kp<=2k,0.2554,6
8192,n<=32,sr<=15%,kvB<=1k,kp<=32k,0.2167,6
8192,n<=32,sr<=15%,kvB<=1k,kp<=4k,0.2081,5
8192,n<=32,sr<=15%,kvB<=1k,kp<=512,0.1413,6
8192,n<=32,sr<=15%,kvB<=1k,kp<=64k,0.0546,6
8192,n<=32,sr<=15%,kvB<=1k,kp<=8k,0.1064,6
8192,n<=32,sr<=15%,kvB<=1k,kp=0,0.0579,6
8192,n<=32,sr<=15%,kvB<=4k,kp<=16k,-0.0559,5
8192,n<=32,sr<=15%,kvB<=4k,kp<=1k,0.0213,6
8192,n<=32,sr<=15%,kvB<=4k,kp<=2k,-0.0237,6
8192,n<=32,sr<=15%,kvB<=4k,kp<=32k,-0.0295,6
8192,n<=32,sr<=15%,kvB<=4k,kp<=4k,-0.0313,6
8192,n<=32,sr<=15%,kvB<=4k,kp<=512,0.0121,6
8192,n<=32,sr<=15%,kvB<=4k,kp<=64k,0.0234,6
8192,n<=32,sr<=15%,kvB<=4k,kp<=8k,0.036,6
8192,n<=32,sr<=15%,kvB<=4k,kp=0,0.0218,6
8192,n<=32,sr<=15%,kvB<=64k,kp<=16k,0.0745,6
8192,n<=32,sr<=15%,kvB<=64k,kp<=1k,0.0456,6
8192,n<=32,sr<=15%,kvB<=64k,kp<=2k,0.048,6
8192,n<=32,sr<=15%,kvB<=64k,kp<=32k,0.0733,6
8192,n<=32,sr<=15%,kvB<=64k,kp<=4k,0.0523,6
8192,n<=32,sr<=15%,kvB<=64k,kp<=512,0.0446,6
8192,n<=32,sr<=15%,kvB<=64k,kp<=64k,0.0039,6
8192,n<=32,sr<=15%,kvB<=64k,kp<=8k,0.0659,6
8192,n<=32,sr<=15%,kvB<=64k,kp=0,0.0417,6
8192,n<=32,sr<=40%,kvB<=16k,kp<=16k,0.0022,2
8192,n<=32,sr<=40%,kvB<=16k,kp<=1k,0.0703,2
8192,n<=32,sr<=40%,kvB<=16k,kp<=2k,0.0784,2
8192,n<=32,sr<=40%,kvB<=16k,kp<=32k,0.0093,2
8192,n<=32,sr<=40%,kvB<=16k,kp<=4k,0.0312,2
8192,n<=32,sr<=40%,kvB<=16k,kp<=512,0.0633,2
8192,n<=32,sr<=40%,kvB<=16k,kp<=64k,0.0294,2
8192,n<=32,sr<=40%,kvB<=16k,kp<=8k,-0.0958,2
8192,n<=32,sr<=40%,kvB<=16k,kp=0,0.0617,2
8192,n<=32,sr<=40%,kvB<=1k,kp<=16k,0.4337,2
8192,n<=32,sr<=40%,kvB<=1k,kp<=1k,0.1855,2
8192,n<=32,sr<=40%,kvB<=1k,kp<=2k,0.3253,2
8192,n<=32,sr<=40%,kvB<=1k,kp<=32k,0.3983,2
8192,n<=32,sr<=40%,kvB<=1k,kp<=4k,-0.0646,2
8192,n<=32,sr<=40%,kvB<=1k,kp<=512,-0.1221,2
8192,n<=32,sr<=40%,kvB<=1k,kp<=64k,0.0961,2
8192,n<=32,sr<=40%,kvB<=1k,kp<=8k,0.2404,2
8192,n<=32,sr<=40%,kvB<=1k,kp=0,0.0116,2
8192,n<=32,sr<=40%,kvB<=4k,kp<=16k,0.4917,2
8192,n<=32,sr<=40%,kvB<=4k,kp<=1k,0.0224,2
8192,n<=32,sr<=40%,kvB<=4k,kp<=2k,0.0531,2
8192,n<=32,sr<=40%,kvB<=4k,kp<=32k,0.0124,2
8192,n<=32,sr<=40%,kvB<=4k,kp<=4k,0.2332,2
8192,n<=32,sr<=40%,kvB<=4k,kp<=512,-0.0543,2
8192,n<=32,sr<=40%,kvB<=4k,kp<=64k,-0.0078,2
8192,n<=32,sr<=40%,kvB<=4k,kp<=8k,-0.983,1
8192,n<=32,sr<=40%,kvB<=4k,kp=0,-0.0113,2
8192,n<=32,sr<=40%,kvB<=64k,kp<=16k,0.0703,2
8192,n<=32,sr<=40%,kvB<=64k,kp<=1k,0.0339,2
8192,n<=32,sr<=40%,kvB<=64k,kp<=2k,0.0374,2
8192,n<=32,sr<=40%,kvB<=64k,kp<=32k,0.086,2
8192,n<=32,sr<=40%,kvB<=64k,kp<=4k,0.0403,2
8192,n<=32,sr<=40%,kvB<=64k,kp<=512,0.0306,2
8192,n<=32,sr<=40%,kvB<=64k,kp<=64k,0.0041,2
8192,n<=32,sr<=40%,kvB<=64k,kp<=8k,0.052,2
8192,n<=32,sr<=40%,kvB<=64k,kp=0,0.0267,2
8192,n<=32,sr<=5%,kvB<=16k,kp<=16k,-0.1351,2
8192,n<=32,sr<=5%,kvB<=16k,kp<=1k,0.0311,2
8192,n<=32,sr<=5%,kvB<=16k,kp<=2k,0.0764,2
8192,n<=32,sr<=5%,kvB<=16k,kp<=32k,0.0121,2
8192,n<=32,sr<=5%,kvB<=16k,kp<=4k,-0.0322,2
8192,n<=32,sr<=5%,kvB<=16k,kp<=512,0.0499,2
8192,n<=32,sr<=5%,kvB<=16k,kp<=64k,0.007,2
8192,n<=32,sr<=5%,kvB<=16k,kp<=8k,0.0056,2
8192,n<=32,sr<=5%,kvB<=16k,kp=0,0.0556,2
8192,n<=32,sr<=5%,kvB<=1k,kp<=16k,-0.2248,1
8192,n<=32,sr<=5%,kvB<=1k,kp<=1k,0.4378,2
8192,n<=32,sr<=5%,kvB<=1k,kp<=2k,0.2292,2
8192,n<=32,sr<=5%,kvB<=1k,kp<=32k,0.0922,2
8192,n<=32,sr<=5%,kvB<=1k,kp<=4k,0.317,2
8192,n<=32,sr<=5%,kvB<=1k,kp<=512,0.0175,2
8192,n<=32,sr<=5%,kvB<=1k,kp<=64k,0.0677,2
8192,n<=32,sr<=5%,kvB<=1k,kp<=8k,0.2525,1
8192,n<=32,sr<=5%,kvB<=1k,kp=0,-0.2537,2
8192,n<=32,sr<=5%,kvB<=4k,kp<=16k,0.4237,2
8192,n<=32,sr<=5%,kvB<=4k,kp<=1k,0.0549,2
8192,n<=32,sr<=5%,kvB<=4k,kp<=2k,-0.0209,2
8192,n<=32,sr<=5%,kvB<=4k,kp<=32k,0.0326,2
8192,n<=32,sr<=5%,kvB<=4k,kp<=4k,-0.064,2
8192,n<=32,sr<=5%,kvB<=4k,kp<=512,0.0058,2
8192,n<=32,sr<=5%,kvB<=4k,kp<=64k,0.0188,2
8192,n<=32,sr<=5%,kvB<=4k,kp<=8k,0.0805,2
8192,n<=32,sr<=5%,kvB<=4k,kp=0,0.0314,2
8192,n<=32,sr<=5%,kvB<=64k,kp<=16k,0.0815,2
8192,n<=32,sr<=5%,kvB<=64k,kp<=1k,0.0525,2
8192,n<=32,sr<=5%,kvB<=64k,kp<=2k,0.0499,2
8192,n<=32,sr<=5%,kvB<=64k,kp<=32k,0.0702,2
8192,n<=32,sr<=5%,kvB<=64k,kp<=4k,0.0475,2
8192,n<=32,sr<=5%,kvB<=64k,kp<=512,0.0528,2
8192,n<=32,sr<=5%,kvB<=64k,kp<=64k,-0.0002,2
8192,n<=32,sr<=5%,kvB<=64k,kp<=8k,0.0679,2
8192,n<=32,sr<=5%,kvB<=64k,kp=0,0.0513,2
8192,n<=32,sr<=70%,kvB<=16k,kp<=16k,0.2871,2
8192,n<=32,sr<=70%,kvB<=16k,kp<=1k,0.0626,2
8192,n<=32,sr<=70%,kvB<=16k,kp<=2k,0.0006,2
8192,n<=32,sr<=70%,kvB<=16k,kp<=32k,0.0071,2
8192,n<=32,sr<=70%,kvB<=16k,kp<=4k,0.0408,2
8192,n<=32,sr<=70%,kvB<=16k,kp<=512,0.0024,2
8192,n<=32,sr<=70%,kvB<=16k,kp<=64k,0.0271,2
8192,n<=32,sr<=70%,kvB<=16k,kp<=8k,-0.2496,2
8192,n<=32,sr<=70%,kvB<=16k,kp=0,-0.0028,2
8192,n<=32,sr<=70%,kvB<=1k,kp<=1k,-0.9806,2
8192,n<=32,sr<=70%,kvB<=1k,kp<=2k,0.3449,2
8192,n<=32,sr<=70%,kvB<=1k,kp<=32k,0.1032,2
8192,n<=32,sr<=70%,kvB<=1k,kp<=4k,-0.1989,1
8192,n<=32,sr<=70%,kvB<=1k,kp<=64k,-0.0776,2
8192,n<=32,sr<=70%,kvB<=1k,kp<=8k,0.6379,2
8192,n<=32,sr<=70%,kvB<=1k,kp=0,0.4676,1
8192,n<=32,sr<=70%,kvB<=4k,kp<=16k,-0.3594,1
8192,n<=32,sr<=70%,kvB<=4k,kp<=1k,-0.0065,1
8192,n<=32,sr<=70%,kvB<=4k,kp<=2k,0.4673,2
8192,n<=32,sr<=70%,kvB<=4k,kp<=32k,-0.0552,2
8192,n<=32,sr<=70%,kvB<=4k,kp<=4k,-0.544,2
8192,n<=32,sr<=70%,kvB<=4k,kp<=512,0.029,2
8192,n<=32,sr<=70%,kvB<=4k,kp<=64k,-0.0141,2
8192,n<=32,sr<=70%,kvB<=4k,kp<=8k,-1.1784,2
8192,n<=32,sr<=70%,kvB<=4k,kp=0,-0.3518,2
8192,n<=32,sr<=70%,kvB<=64k,kp<=16k,0.0317,2
8192,n<=32,sr<=70%,kvB<=64k,kp<=1k,0.0227,2
8192,n<=32,sr<=70%,kvB<=64k,kp<=2k,0.0244,2
8192,n<=32,sr<=70%,kvB<=64k,kp<=32k,0.0645,2
8192,n<=32,sr<=70%,kvB<=64k,kp<=4k,0.0263,2
8192,n<=32,sr<=70%,kvB<=64k,kp<=512,0.0219,2
8192,n<=32,sr<=70%,kvB<=64k,kp<=64k,0.0267,2
8192,n<=32,sr<=70%,kvB<=64k,kp<=8k,0.0426,2
8192,n<=32,sr<=70%,kvB<=64k,kp=0,0.0183,2
8192,n<=32,sr>70%,kvB<=16k,kp<=16k,0.5828,3
8192,n<=32,sr>70%,kvB<=16k,kp<=1k,0.0142,4
8192,n<=32,sr>70%,kvB<=16k,kp<=2k,0.0473,4
8192,n<=32,sr>70%,kvB<=16k,kp<=32k,-0.0311,4
8192,n<=32,sr>70%,kvB<=16k,kp<=4k,0.1893,4
8192,n<=32,sr>70%,kvB<=16k,kp<=512,0.0443,4
8192,n<=32,sr>70%,kvB<=16k,kp<=64k,0.0259,4
8192,n<=32,sr>70%,kvB<=16k,kp<=8k,0.2989,4
8192,n<=32,sr>70%,kvB<=16k,kp=0,0.0272,4
8192,n<=32,sr>70%,kvB<=1k,kp<=16k,0.0947,3
8192,n<=32,sr>70%,kvB<=1k,kp<=1k,0.7876,4
8192,n<=32,sr>70%,kvB<=1k,kp<=2k,0.6391,3
8192,n<=32,sr>70%,kvB<=1k,kp<=32k,0.3941,4
8192,n<=32,sr>70%,kvB<=1k,kp<=4k,0.4198,2
8192,n<=32,sr>70%,kvB<=1k,kp<=512,-0.1209,4
8192,n<=32,sr>70%,kvB<=1k,kp<=64k,0.1915,4
8192,n<=32,sr>70%,kvB<=1k,kp<=8k,0.8134,2
8192,n<=32,sr>70%,kvB<=1k,kp=0,0.0958,4
8192,n<=32,sr>70%,kvB<=4k,kp<=16k,0.4293,4
8192,n<=32,sr>70%,kvB<=4k,kp<=1k,-0.0291,3
8192,n<=32,sr>70%,kvB<=4k,kp<=2k,-0.3296,3
8192,n<=32,sr>70%,kvB<=4k,kp<=32k,-0.0235,4
8192,n<=32,sr>70%,kvB<=4k,kp<=4k,0.4288,3
8192,n<=32,sr>70%,kvB<=4k,kp<=512,-0.0919,4
8192,n<=32,sr>70%,kvB<=4k,kp<=64k,0.0686,4
8192,n<=32,sr>70%,kvB<=4k,kp<=8k,0.7134,3
8192,n<=32,sr>70%,kvB<=4k,kp=0,-0.1066,4
8192,n<=32,sr>70%,kvB<=64k,kp<=16k,0.0529,4
8192,n<=32,sr>70%,kvB<=64k,kp<=1k,0.0244,4
8192,n<=32,sr>70%,kvB<=64k,kp<=2k,0.0283,4
8192,n<=32,sr>70%,kvB<=64k,kp<=32k,0.117,4
8192,n<=32,sr>70%,kvB<=64k,kp<=4k,0.0253,4
8192,n<=32,sr>70%,kvB<=64k,kp<=512,0.0235,4
8192,n<=32,sr>70%,kvB<=64k,kp<=64k,0.0191,4
8192,n<=32,sr>70%,kvB<=64k,kp<=8k,0.0381,4
8192,n<=32,sr>70%,kvB<=64k,kp=0,0.0231,4
8192,n<=4,sr<=40%,kvB<=16k,kp<=16k,-0.6939,1
8192,n<=4,sr<=40%,kvB<=16k,kp<=1k,0.4999,2
8192,n<=4,sr<=40%,kvB<=16k,kp<=2k,0.6467,2
8192,n<=4,sr<=40%,kvB<=16k,kp<=32k,-0.0056,2
8192,n<=4,sr<=40%,kvB<=16k,kp<=4k,0.1709,2
8192,n<=4,sr<=40%,kvB<=16k,kp<=512,0.519,2
8192,n<=4,sr<=40%,kvB<=16k,kp<=64k,0.0456,2
8192,n<=4,sr<=40%,kvB<=16k,kp<=8k,0.0899,2
8192,n<=4,sr<=40%,kvB<=16k,kp=0,0.583,2
8192,n<=4,sr<=40%,kvB<=1k,kp<=16k,-19.7592,1
8192,n<=4,sr<=40%,kvB<=1k,kp<=1k,-5.2828,1
8192,n<=4,sr<=40%,kvB<=1k,kp<=2k,1.1008,1
8192,n<=4,sr<=40%,kvB<=1k,kp<=32k,0.1339,2
8192,n<=4,sr<=40%,kvB<=1k,kp<=4k,-3.5466,1
8192,n<=4,sr<=40%,kvB<=1k,kp<=512,0.9462,2
8192,n<=4,sr<=40%,kvB<=1k,kp<=64k,0.3709,1
8192,n<=4,sr<=40%,kvB<=1k,kp<=8k,4.5773,1
8192,n<=4,sr<=40%,kvB<=1k,kp=0,0.737,1
8192,n<=4,sr<=40%,kvB<=4k,kp<=1k,0.5724,2
8192,n<=4,sr<=40%,kvB<=4k,kp<=2k,-0.0192,2
8192,n<=4,sr<=40%,kvB<=4k,kp<=32k,-0.2421,1
8192,n<=4,sr<=40%,kvB<=4k,kp<=4k,-4.064,1
8192,n<=4,sr<=40%,kvB<=4k,kp<=512,0.2951,2
8192,n<=4,sr<=40%,kvB<=4k,kp<=64k,0.3412,2
8192,n<=4,sr<=40%,kvB<=4k,kp<=8k,0.5092,2
8192,n<=4,sr<=40%,kvB<=4k,kp=0,-0.2573,2
8192,n<=4,sr<=40%,kvB<=64k,kp<=16k,0.4765,2
8192,n<=4,sr<=40%,kvB<=64k,kp<=1k,0.6154,2
8192,n<=4,sr<=40%,kvB<=64k,kp<=2k,0.6393,2
8192,n<=4,sr<=40%,kvB<=64k,kp<=32k,0.4028,2
8192,n<=4,sr<=40%,kvB<=64k,kp<=4k,0.5907,2
8192,n<=4,sr<=40%,kvB<=64k,kp<=512,0.6283,2
8192,n<=4,sr<=40%,kvB<=64k,kp<=64k,-0.0919,2
8192,n<=4,sr<=40%,kvB<=64k,kp<=8k,0.5752,2
8192,n<=4,sr<=40%,kvB<=64k,kp=0,0.6159,2
8192,n<=4,sr<=70%,kvB<=16k,kp<=1k,0.4373,2
8192,n<=4,sr<=70%,kvB<=16k,kp<=2k,0.1975,2
8192,n<=4,sr<=70%,kvB<=16k,kp<=32k,0.0705,2
8192,n<=4,sr<=70%,kvB<=16k,kp<=4k,0.0347,2
8192,n<=4,sr<=70%,kvB<=16k,kp<=512,0.5676,2
8192,n<=4,sr<=70%,kvB<=16k,kp<=64k,0.0619,2
8192,n<=4,sr<=70%,kvB<=16k,kp<=8k,-1.2256,2
8192,n<=4,sr<=70%,kvB<=16k,kp=0,0.4715,2
8192,n<=4,sr<=70%,kvB<=1k,kp<=16k,0.3978,2
8192,n<=4,sr<=70%,kvB<=1k,kp<=1k,0.3253,2
8192,n<=4,sr<=70%,kvB<=1k,kp<=32k,0.0032,2
8192,n<=4,sr<=70%,kvB<=1k,kp<=4k,-0.0373,1
8192,n<=4,sr<=70%,kvB<=1k,kp<=512,-0.1459,2
8192,n<=4,sr<=70%,kvB<=1k,kp<=64k,-1.8924,1
8192,n<=4,sr<=70%,kvB<=1k,kp<=8k,1.4518,1
8192,n<=4,sr<=70%,kvB<=4k,kp<=16k,0.0498,1
8192,n<=4,sr<=70%,kvB<=4k,kp<=1k,-2.4962,1
8192,n<=4,sr<=70%,kvB<=4k,kp<=2k,1.5777,1
8192,n<=4,sr<=70%,kvB<=4k,kp<=32k,0.0451,2
8192,n<=4,sr<=70%,kvB<=4k,kp<=512,-0.0905,2
8192,n<=4,sr<=70%,kvB<=4k,kp<=64k,-0.0303,2
8192,n<=4,sr<=70%,kvB<=4k,kp<=8k,-5.3161,1
8192,n<=4,sr<=70%,kvB<=4k,kp=0,0.1969,2
8192,n<=4,sr<=70%,kvB<=64k,kp<=16k,0.4666,2
8192,n<=4,sr<=70%,kvB<=64k,kp<=1k,0.6074,2
8192,n<=4,sr<=70%,kvB<=64k,kp<=2k,0.6346,2
8192,n<=4,sr<=70%,kvB<=64k,kp<=32k,0.4477,2
8192,n<=4,sr<=70%,kvB<=64k,kp<=4k,0.5937,2
8192,n<=4,sr<=70%,kvB<=64k,kp<=512,0.6242,2
8192,n<=4,sr<=70%,kvB<=64k,kp<=64k,0.3287,2
8192,n<=4,sr<=70%,kvB<=64k,kp<=8k,0.4405,2
8192,n<=4,sr<=70%,kvB<=64k,kp=0,0.5913,2
8192,n<=4,sr>70%,kvB<=16k,kp<=1k,0.4617,2
8192,n<=4,sr>70%,kvB<=16k,kp<=2k,0.8022,2
8192,n<=4,sr>70%,kvB<=16k,kp<=32k,8.3058,2
8192,n<=4,sr>70%,kvB<=16k,kp<=4k,0.1113,2
8192,n<=4,sr>70%,kvB<=16k,kp<=512,0.0103,2
8192,n<=4,sr>70%,kvB<=16k,kp<=64k,0.2326,2
8192,n<=4,sr>70%,kvB<=16k,kp<=8k,0.5717,2
8192,n<=4,sr>70%,kvB<=16k,kp=0,0.6433,2
8192,n<=4,sr>70%,kvB<=1k,kp<=16k,1.5708,1
8192,n<=4,sr>70%,kvB<=1k,kp<=1k,1.2779,1
8192,n<=4,sr>70%,kvB<=1k,kp<=2k,0.6064,1
8192,n<=4,sr>70%,kvB<=1k,kp<=32k,-1.0141,2
8192,n<=4,sr>70%,kvB<=1k,kp<=4k,-5.2234,1
8192,n<=4,sr>70%,kvB<=1k,kp<=512,1.0497,2
8192,n<=4,sr>70%,kvB<=1k,kp<=8k,-0.201,1
8192,n<=4,sr>70%,kvB<=1k,kp=0,0.6419,1
8192,n<=4,sr>70%,kvB<=4k,kp<=16k,1.0052,2
8192,n<=4,sr>70%,kvB<=4k,kp<=1k,0.5538,2
8192,n<=4,sr>70%,kvB<=4k,kp<=2k,0.9122,1
8192,n<=4,sr>70%,kvB<=4k,kp<=32k,-0.2391,1
8192,n<=4,sr>70%,kvB<=4k,kp<=4k,0.4181,1
8192,n<=4,sr>70%,kvB<=4k,kp<=512,-0.1318,2
8192,n<=4,sr>70%,kvB<=4k,kp<=64k,0.8538,2
8192,n<=4,sr>70%,kvB<=4k,kp<=8k,0.9646,1
8192,n<=4,sr>70%,kvB<=4k,kp=0,-0.1975,2
8192,n<=4,sr>70%,kvB<=64k,kp<=16k,0.2327,2
8192,n<=4,sr>70%,kvB<=64k,kp<=1k,0.401,2
8192,n<=4,sr>70%,kvB<=64k,kp<=2k,0.4512,2
8192,n<=4,sr>70%,kvB<=64k,kp<=32k,0.303,2
8192,n<=4,sr>70%,kvB<=64k,kp<=4k,0.3469,2
8192,n<=4,sr>70%,kvB<=64k,kp<=512,0.6597,2
8192,n<=4,sr>70%,kvB<=64k,kp<=64k,0.485,2
8192,n<=4,sr>70%,kvB<=64k,kp<=8k,0.6237,2
8192,n<=4,sr>70%,kvB<=64k,kp=0,0.6227,2
8192,n<=64,sr<=15%,kvB<=16k,kp<=16k,-0.0142,4
8192,n<=64,sr<=15%,kvB<=16k,kp<=1k,0.0218,4
8192,n<=64,sr<=15%,kvB<=16k,kp<=2k,0.016,4
8192,n<=64,sr<=15%,kvB<=16k,kp<=32k,-0.002,4
8192,n<=64,sr<=15%,kvB<=16k,kp<=4k,0.0156,4
8192,n<=64,sr<=15%,kvB<=16k,kp<=512,0.0227,4
8192,n<=64,sr<=15%,kvB<=16k,kp<=64k,0.0026,4
8192,n<=64,sr<=15%,kvB<=16k,kp<=8k,0.011,4
8192,n<=64,sr<=15%,kvB<=16k,kp=0,0.0184,4
8192,n<=64,sr<=15%,kvB<=1k,kp<=16k,0.5858,2
8192,n<=64,sr<=15%,kvB<=1k,kp<=1k,0.0859,4
8192,n<=64,sr<=15%,kvB<=1k,kp<=2k,0.0539,4
8192,n<=64,sr<=15%,kvB<=1k,kp<=32k,0.6668,3
8192,n<=64,sr<=15%,kvB<=1k,kp<=4k,0.1452,4
8192,n<=64,sr<=15%,kvB<=1k,kp<=512,0.0652,4
8192,n<=64,sr<=15%,kvB<=1k,kp<=64k,0.0725,4
8192,n<=64,sr<=15%,kvB<=1k,kp<=8k,-0.0617,4
8192,n<=64,sr<=15%,kvB<=1k,kp=0,0.1172,4
8192,n<=64,sr<=15%,kvB<=4k,kp<=16k,0.2983,4
8192,n<=64,sr<=15%,kvB<=4k,kp<=1k,0.0223,4
8192,n<=64,sr<=15%,kvB<=4k,kp<=2k,0.0188,4
8192,n<=64,sr<=15%,kvB<=4k,kp<=32k,-0.0734,4
8192,n<=64,sr<=15%,kvB<=4k,kp<=4k,0.0274,4
8192,n<=64,sr<=15%,kvB<=4k,kp<=512,0.0242,4
8192,n<=64,sr<=15%,kvB<=4k,kp<=64k,0.012,4
8192,n<=64,sr<=15%,kvB<=4k,kp<=8k,-0.0065,4
8192,n<=64,sr<=15%,kvB<=4k,kp=0,0.0178,4
8192,n<=64,sr<=15%,kvB<=64k,kp<=16k,0.0237,4
8192,n<=64,sr<=15%,kvB<=64k,kp<=1k,0.0207,4
8192,n<=64,sr<=15%,kvB<=64k,kp<=2k,0.0207,4
8192,n<=64,sr<=15%,kvB<=64k,kp<=32k,0.0175,4
8192,n<=64,sr<=15%,kvB<=64k,kp<=4k,0.0209,4
8192,n<=64,sr<=15%,kvB<=64k,kp<=512,0.0208,4
8192,n<=64,sr<=15%,kvB<=64k,kp<=64k,0.0012,4
8192,n<=64,sr<=15%,kvB<=64k,kp<=8k,0.0238,4
8192,n<=64,sr<=15%,kvB<=64k,kp=0,0.0206,4
8192,n<=64,sr<=40%,kvB<=16k,kp<=16k,-0.0758,2
8192,n<=64,sr<=40%,kvB<=16k,kp<=1k,0.0214,2
8192,n<=64,sr<=40%,kvB<=16k,kp<=2k,0.0361,2
8192,n<=64,sr<=40%,kvB<=16k,kp<=32k,0.0084,2
8192,n<=64,sr<=40%,kvB<=16k,kp<=4k,0.02,2
8192,n<=64,sr<=40%,kvB<=16k,kp<=512,0.0122,2
8192,n<=64,sr<=40%,kvB<=16k,kp<=64k,0.0072,2
8192,n<=64,sr<=40%,kvB<=16k,kp<=8k,0.038,2
8192,n<=64,sr<=40%,kvB<=16k,kp=0,0.0114,2
8192,n<=64,sr<=40%,kvB<=1k,kp<=16k,0.7189,2
8192,n<=64,sr<=40%,kvB<=1k,kp<=1k,0.1962,2
8192,n<=64,sr<=40%,kvB<=1k,kp<=2k,0.2132,2
8192,n<=64,sr<=40%,kvB<=1k,kp<=32k,0.1896,2
8192,n<=64,sr<=40%,kvB<=1k,kp<=4k,0.2583,2
8192,n<=64,sr<=40%,kvB<=1k,kp<=512,0.0984,2
8192,n<=64,sr<=40%,kvB<=1k,kp<=64k,-0.0037,2
8192,n<=64,sr<=40%,kvB<=1k,kp<=8k,-0.5973,2
8192,n<=64,sr<=40%,kvB<=1k,kp=0,0.1613,2
8192,n<=64,sr<=40%,kvB<=4k,kp<=16k,-0.219,2
8192,n<=64,sr<=40%,kvB<=4k,kp<=1k,0.0082,2
8192,n<=64,sr<=40%,kvB<=4k,kp<=2k,-0.0183,2
8192,n<=64,sr<=40%,kvB<=4k,kp<=32k,0.0481,2
8192,n<=64,sr<=40%,kvB<=4k,kp<=4k,-0.078,2
8192,n<=64,sr<=40%,kvB<=4k,kp<=512,-0.0178,2
8192,n<=64,sr<=40%,kvB<=4k,kp<=64k,-0.0047,2
8192,n<=64,sr<=40%,kvB<=4k,kp<=8k,0.2002,2
8192,n<=64,sr<=40%,kvB<=4k,kp=0,-0.0076,2
8192,n<=64,sr<=40%,kvB<=64k,kp<=16k,0.0115,2
8192,n<=64,sr<=40%,kvB<=64k,kp<=1k,0.0138,2
8192,n<=64,sr<=40%,kvB<=64k,kp<=2k,0.0149,2
8192,n<=64,sr<=40%,kvB<=64k,kp<=32k,0.0314,2
8192,n<=64,sr<=40%,kvB<=64k,kp<=4k,0.0156,2
8192,n<=64,sr<=40%,kvB<=64k,kp<=512,0.0137,2
8192,n<=64,sr<=40%,kvB<=64k,kp<=64k,0.0015,2
8192,n<=64,sr<=40%,kvB<=64k,kp<=8k,0.0207,2
8192,n<=64,sr<=40%,kvB<=64k,kp=0,0.0131,2
8192,n<=64,sr<=5%,kvB<=16k,kp<=16k,0.0004,6
8192,n<=64,sr<=5%,kvB<=16k,kp<=1k,0.0206,6
8192,n<=64,sr<=5%,kvB<=16k,kp<=2k,0.0197,6
8192,n<=64,sr<=5%,kvB<=16k,kp<=32k,0.0012,6
8192,n<=64,sr<=5%,kvB<=16k,kp<=4k,0.0164,6
8192,n<=64,sr<=5%,kvB<=16k,kp<=512,0.0215,6
8192,n<=64,sr<=5%,kvB<=16k,kp<=64k,0.0054,6
8192,n<=64,sr<=5%,kvB<=16k,kp<=8k,0.0133,6
8192,n<=64,sr<=5%,kvB<=16k,kp=0,0.0221,6
8192,n<=64,sr<=5%,kvB<=1k,kp<=16k,0.1739,6
8192,n<=64,sr<=5%,kvB<=1k,kp<=1k,0.0376,6
8192,n<=64,sr<=5%,kvB<=1k,kp<=2k,0.076,6
8192,n<=64,sr<=5%,kvB<=1k,kp<=32k,0.0869,6
8192,n<=64,sr<=5%,kvB<=1k,kp<=4k,0.1084,6
8192,n<=64,sr<=5%,kvB<=1k,kp<=512,0.053,6
8192,n<=64,sr<=5%,kvB<=1k,kp<=64k,0.0062,6
8192,n<=64,sr<=5%,kvB<=1k,kp<=8k,0.0252,6
8192,n<=64,sr<=5%,kvB<=1k,kp=0,0.0403,6
8192,n<=64,sr<=5%,kvB<=4k,kp<=16k,0.0113,6
8192,n<=64,sr<=5%,kvB<=4k,kp<=1k,0.0225,6
8192,n<=64,sr<=5%,kvB<=4k,kp<=2k,0.0144,6
8192,n<=64,sr<=5%,kvB<=4k,kp<=32k,0.0045,6
8192,n<=64,sr<=5%,kvB<=4k,kp<=4k,0.0322,6
8192,n<=64,sr<=5%,kvB<=4k,kp<=512,0.0008,6
8192,n<=64,sr<=5%,kvB<=4k,kp<=64k,0.0196,6
8192,n<=64,sr<=5%,kvB<=4k,kp<=8k,0.0119,6
8192,n<=64,sr<=5%,kvB<=4k,kp=0,0.0143,6
8192,n<=64,sr<=5%,kvB<=64k,kp<=16k,0.0282,6
8192,n<=64,sr<=5%,kvB<=64k,kp<=1k,0.024,6
8192,n<=64,sr<=5%,kvB<=64k,kp<=2k,0.0246,6
8192,n<=64,sr<=5%,kvB<=64k,kp<=32k,0.0231,6
8192,n<=64,sr<=5%,kvB<=64k,kp<=4k,0.025,6
8192,n<=64,sr<=5%,kvB<=64k,kp<=512,0.024,6
8192,n<=64,sr<=5%,kvB<=64k,kp<=64k,0.0007,6
8192,n<=64,sr<=5%,kvB<=64k,kp<=8k,0.0229,6
8192,n<=64,sr<=5%,kvB<=64k,kp=0,0.0241,6
8192,n<=64,sr<=70%,kvB<=16k,kp<=16k,0.1257,2
8192,n<=64,sr<=70%,kvB<=16k,kp<=1k,0.0153,2
8192,n<=64,sr<=70%,kvB<=16k,kp<=2k,0.0104,2
8192,n<=64,sr<=70%,kvB<=16k,kp<=32k,-0.0032,2
8192,n<=64,sr<=70%,kvB<=16k,kp<=4k,0.0298,2
8192,n<=64,sr<=70%,kvB<=16k,kp<=512,0.021,2
8192,n<=64,sr<=70%,kvB<=16k,kp<=64k,0.0244,2
8192,n<=64,sr<=70%,kvB<=16k,kp<=8k,0.0565,2
8192,n<=64,sr<=70%,kvB<=16k,kp=0,0.0251,2
8192,n<=64,sr<=70%,kvB<=1k,kp<=16k,-0.0735,1
8192,n<=64,sr<=70%,kvB<=1k,kp<=1k,-0.0201,2
8192,n<=64,sr<=70%,kvB<=1k,kp<=2k,0.1107,2
8192,n<=64,sr<=70%,kvB<=1k,kp<=32k,0.0984,2
8192,n<=64,sr<=70%,kvB<=1k,kp<=4k,-0.0631,2
8192,n<=64,sr<=70%,kvB<=1k,kp<=512,0.0999,2
8192,n<=64,sr<=70%,kvB<=1k,kp<=64k,0.1585,2
8192,n<=64,sr<=70%,kvB<=1k,kp<=8k,0.0549,2
8192,n<=64,sr<=70%,kvB<=1k,kp=0,-0.0423,2
8192,n<=64,sr<=70%,kvB<=4k,kp<=16k,0.0577,2
8192,n<=64,sr<=70%,kvB<=4k,kp<=1k,-0.0326,2
8192,n<=64,sr<=70%,kvB<=4k,kp<=2k,-0.008,2
8192,n<=64,sr<=70%,kvB<=4k,kp<=32k,0.0578,2
8192,n<=64,sr<=70%,kvB<=4k,kp<=4k,-0.0232,2
8192,n<=64,sr<=70%,kvB<=4k,kp<=512,0.024,2
8192,n<=64,sr<=70%,kvB<=4k,kp<=64k,-0.0152,2
8192,n<=64,sr<=70%,kvB<=4k,kp<=8k,0.1374,2
8192,n<=64,sr<=70%,kvB<=4k,kp=0,0.0139,2
8192,n<=64,sr<=70%,kvB<=64k,kp<=16k,0.0279,2
8192,n<=64,sr<=70%,kvB<=64k,kp<=1k,0.0074,2
8192,n<=64,sr<=70%,kvB<=64k,kp<=2k,0.0104,2
8192,n<=64,sr<=70%,kvB<=64k,kp<=32k,0.0164,2
8192,n<=64,sr<=70%,kvB<=64k,kp<=4k,0.0156,2
8192,n<=64,sr<=70%,kvB<=64k,kp<=512,0.0075,2
8192,n<=64,sr<=70%,kvB<=64k,kp<=64k,-0.0635,2
8192,n<=64,sr<=70%,kvB<=64k,kp<=8k,0.0072,2
8192,n<=64,sr<=70%,kvB<=64k,kp=0,0.0069,2
8192,n<=64,sr>70%,kvB<=16k,kp<=16k,0.0142,4
8192,n<=64,sr>70%,kvB<=16k,kp<=1k,0.0305,4
8192,n<=64,sr>70%,kvB<=16k,kp<=2k,0.0302,4
8192,n<=64,sr>70%,kvB<=16k,kp<=32k,-0.046,4
8192,n<=64,sr>70%,kvB<=16k,kp<=4k,0.0093,4
8192,n<=64,sr>70%,kvB<=16k,kp<=512,0.0263,4
8192,n<=64,sr>70%,kvB<=16k,kp<=64k,0.0667,4
8192,n<=64,sr>70%,kvB<=16k,kp<=8k,0.1436,4
8192,n<=64,sr>70%,kvB<=16k,kp=0,0.0195,4
8192,n<=64,sr>70%,kvB<=1k,kp<=16k,-4.9367,3
8192,n<=64,sr>70%,kvB<=1k,kp<=1k,0.2834,4
8192,n<=64,sr>70%,kvB<=1k,kp<=2k,0.3991,4
8192,n<=64,sr>70%,kvB<=1k,kp<=4k,0.2579,4
8192,n<=64,sr>70%,kvB<=1k,kp<=512,0.4202,4
8192,n<=64,sr>70%,kvB<=1k,kp<=64k,0.171,4
8192,n<=64,sr>70%,kvB<=1k,kp<=8k,-0.3884,4
8192,n<=64,sr>70%,kvB<=1k,kp=0,-0.0011,4
8192,n<=64,sr>70%,kvB<=4k,kp<=16k,-1.5325,3
8192,n<=64,sr>70%,kvB<=4k,kp<=1k,0.0133,4
8192,n<=64,sr>70%,kvB<=4k,kp<=2k,0.0943,4
8192,n<=64,sr>70%,kvB<=4k,kp<=32k,0.1346,3
8192,n<=64,sr>70%,kvB<=4k,kp<=4k,0.0337,4
8192,n<=64,sr>70%,kvB<=4k,kp<=512,0.0283,4
8192,n<=64,sr>70%,kvB<=4k,kp<=64k,0.049,4
8192,n<=64,sr>70%,kvB<=4k,kp<=8k,-0.2505,4
8192,n<=64,sr>70%,kvB<=4k,kp=0,0.0664,4
8192,n<=64,sr>70%,kvB<=64k,kp<=16k,0.0265,4
8192,n<=64,sr>70%,kvB<=64k,kp<=1k,0.0013,4
8192,n<=64,sr>70%,kvB<=64k,kp<=2k,0.0106,4
8192,n<=64,sr>70%,kvB<=64k,kp<=32k,0.0129,4
8192,n<=64,sr>70%,kvB<=64k,kp<=4k,0.0253,4
8192,n<=64,sr>70%,kvB<=64k,kp<=512,-0.0038,4
8192,n<=64,sr>70%,kvB<=64k,kp<=64k,0.0514,4
8192,n<=64,sr>70%,kvB<=64k,kp<=8k,-0.0099,4
8192,n<=64,sr>70%,kvB<=64k,kp=0,-0.0031,4
8192,n<=8,sr<=15%,kvB<=16k,kp<=16k,-0.0161,2
8192,n<=8,sr<=15%,kvB<=16k,kp<=1k,0.2549,2
8192,n<=8,sr<=15%,kvB<=16k,kp<=2k,0.2879,2
8192,n<=8,sr<=15%,kvB<=16k,kp<=32k,0.0044,2
8192,n<=8,sr<=15%,kvB<=16k,kp<=4k,0.1451,2
8192,n<=8,sr<=15%,kvB<=16k,kp<=512,0.2524,2
8192,n<=8,sr<=15%,kvB<=16k,kp<=64k,0.0289,2
8192,n<=8,sr<=15%,kvB<=16k,kp<=8k,-0.126,2
8192,n<=8,sr<=15%,kvB<=16k,kp=0,0.3051,2
8192,n<=8,sr<=15%,kvB<=1k,kp<=16k,0.6966,2
8192,n<=8,sr<=15%,kvB<=1k,kp<=1k,-0.7459,1
8192,n<=8,sr<=15%,kvB<=1k,kp<=2k,0.2067,1
8192,n<=8,sr<=15%,kvB<=1k,kp<=32k,-0.1013,2
8192,n<=8,sr<=15%,kvB<=1k,kp<=4k,-0.2267,2
8192,n<=8,sr<=15%,kvB<=1k,kp<=512,0.5017,2
8192,n<=8,sr<=15%,kvB<=1k,kp<=64k,0.2063,2
8192,n<=8,sr<=15%,kvB<=1k,kp<=8k,-0.151,1
8192,n<=8,sr<=15%,kvB<=1k,kp=0,0.5931,2
8192,n<=8,sr<=15%,kvB<=4k,kp<=16k,0.0496,2
8192,n<=8,sr<=15%,kvB<=4k,kp<=1k,-0.0266,2
8192,n<=8,sr<=15%,kvB<=4k,kp<=2k,-0.2826,2
8192,n<=8,sr<=15%,kvB<=4k,kp<=32k,0.0253,2
8192,n<=8,sr<=15%,kvB<=4k,kp<=4k,0.3686,1
8192,n<=8,sr<=15%,kvB<=4k,kp<=512,-0.0231,2
8192,n<=8,sr<=15%,kvB<=4k,kp<=64k,-0.0008,2
8192,n<=8,sr<=15%,kvB<=4k,kp<=8k,0.3883,1
8192,n<=8,sr<=15%,kvB<=4k,kp=0,0.2854,2
8192,n<=8,sr<=15%,kvB<=64k,kp<=16k,0.3342,2
8192,n<=8,sr<=15%,kvB<=64k,kp<=1k,0.3355,2
8192,n<=8,sr<=15%,kvB<=64k,kp<=2k,0.32,2
8192,n<=8,sr<=15%,kvB<=64k,kp<=32k,0.2206,2
8192,n<=8,sr<=15%,kvB<=64k,kp<=4k,0.4106,2
8192,n<=8,sr<=15%,kvB<=64k,kp<=512,0.2888,2
8192,n<=8,sr<=15%,kvB<=64k,kp<=64k,0.0034,2
8192,n<=8,sr<=15%,kvB<=64k,kp<=8k,0.3674,2
8192,n<=8,sr<=15%,kvB<=64k,kp=0,0.3029,2
8192,n<=8,sr<=40%,kvB<=16k,kp<=16k,-0.0714,4
8192,n<=8,sr<=40%,kvB<=16k,kp<=1k,0.3062,4
8192,n<=8,sr<=40%,kvB<=16k,kp<=2k,0.314,4
8192,n<=8,sr<=40%,kvB<=16k,kp<=32k,0.0564,4
8192,n<=8,sr<=40%,kvB<=16k,kp<=4k,0.138,4
8192,n<=8,sr<=40%,kvB<=16k,kp<=512,0.2888,4
8192,n<=8,sr<=40%,kvB<=16k,kp<=64k,0.0512,4
8192,n<=8,sr<=40%,kvB<=16k,kp<=8k,0.0286,4
8192,n<=8,sr<=40%,kvB<=16k,kp=0,0.2577,4
8192,n<=8,sr<=40%,kvB<=1k,kp<=16k,0.1936,3
8192,n<=8,sr<=40%,kvB<=1k,kp<=1k,0.2285,1
8192,n<=8,sr<=40%,kvB<=1k,kp<=2k,0.6426,3
8192,n<=8,sr<=40%,kvB<=1k,kp<=32k,0.1503,4
8192,n<=8,sr<=40%,kvB<=1k,kp<=4k,1.9803,3
8192,n<=8,sr<=40%,kvB<=1k,kp<=512,0.354,3
8192,n<=8,sr<=40%,kvB<=1k,kp<=64k,-0.1731,4
8192,n<=8,sr<=40%,kvB<=1k,kp<=8k,-1.3372,3
8192,n<=8,sr<=40%,kvB<=1k,kp=0,1.2977,4
8192,n<=8,sr<=40%,kvB<=4k,kp<=16k,-0.0772,3
8192,n<=8,sr<=40%,kvB<=4k,kp<=1k,-0.4208,4
8192,n<=8,sr<=40%,kvB<=4k,kp<=2k,0.4302,4
8192,n<=8,sr<=40%,kvB<=4k,kp<=32k,0.0343,4
8192,n<=8,sr<=40%,kvB<=4k,kp<=4k,0.2346,4
8192,n<=8,sr<=40%,kvB<=4k,kp<=512,0.6319,4
8192,n<=8,sr<=40%,kvB<=4k,kp<=64k,-0.0132,4
8192,n<=8,sr<=40%,kvB<=4k,kp<=8k,-0.0144,2
8192,n<=8,sr<=40%,kvB<=4k,kp=0,0.2771,4
8192,n<=8,sr<=40%,kvB<=64k,kp<=16k,0.3587,4
8192,n<=8,sr<=40%,kvB<=64k,kp<=1k,0.252,4
8192,n<=8,sr<=40%,kvB<=64k,kp<=2k,0.3329,4
8192,n<=8,sr<=40%,kvB<=64k,kp<=32k,0.2763,4
8192,n<=8,sr<=40%,kvB<=64k,kp<=4k,0.3545,4
8192,n<=8,sr<=40%,kvB<=64k,kp<=512,0.2672,4
8192,n<=8,sr<=40%,kvB<=64k,kp<=64k,0.0552,4
8192,n<=8,sr<=40%,kvB<=64k,kp<=8k,0.3797,4
8192,n<=8,sr<=40%,kvB<=64k,kp=0,0.2685,4
8192,n<=8,sr<=70%,kvB<=16k,kp<=16k,0.0374,2
8192,n<=8,sr<=70%,kvB<=16k,kp<=1k,0.3836,2
8192,n<=8,sr<=70%,kvB<=16k,kp<=2k,0.2452,2
8192,n<=8,sr<=70%,kvB<=16k,kp<=32k,0.085,2
8192,n<=8,sr<=70%,kvB<=16k,kp<=4k,0.3141,2
8192,n<=8,sr<=70%,kvB<=16k,kp<=512,0.4569,2
8192,n<=8,sr<=70%,kvB<=16k,kp<=64k,0.0792,2
8192,n<=8,sr<=70%,kvB<=16k,kp<=8k,0.1398,1
8192,n<=8,sr<=70%,kvB<=16k,kp=0,0.4455,2
8192,n<=8,sr<=70%,kvB<=1k,kp<=16k,-1.1204,1
8192,n<=8,sr<=70%,kvB<=1k,kp<=32k,0.031,2
8192,n<=8,sr<=70%,kvB<=1k,kp<=4k,1.3542,1
8192,n<=8,sr<=70%,kvB<=1k,kp<=64k,1.4571,2
8192,n<=8,sr<=70%,kvB<=1k,kp<=8k,0.0562,1
8192,n<=8,sr<=70%,kvB<=1k,kp=0,-0.7078,1
8192,n<=8,sr<=70%,kvB<=4k,kp<=16k,0.2647,2
8192,n<=8,sr<=70%,kvB<=4k,kp<=1k,0.0911,2
8192,n<=8,sr<=70%,kvB<=4k,kp<=2k,0.2165,2
8192,n<=8,sr<=70%,kvB<=4k,kp<=32k,0.0649,2
8192,n<=8,sr<=70%,kvB<=4k,kp<=4k,-0.0467,1
8192,n<=8,sr<=70%,kvB<=4k,kp<=512,0.4828,1
8192,n<=8,sr<=70%,kvB<=4k,kp<=64k,-0.0402,2
8192,n<=8,sr<=70%,kvB<=4k,kp<=8k,0.1509,1
8192,n<=8,sr<=70%,kvB<=4k,kp=0,-0.8497,2
8192,n<=8,sr<=70%,kvB<=64k,kp<=16k,0.3554,2
8192,n<=8,sr<=70%,kvB<=64k,kp<=1k,0.2344,2
8192,n<=8,sr<=70%,kvB<=64k,kp<=2k,0.254,2
8192,n<=8,sr<=70%,kvB<=64k,kp<=32k,0.2969,2
8192,n<=8,sr<=70%,kvB<=64k,kp<=4k,0.4363,2
8192,n<=8,sr<=70%,kvB<=64k,kp<=512,0.2304,2
8192,n<=8,sr<=70%,kvB<=64k,kp<=64k,0.0397,2
8192,n<=8,sr<=70%,kvB<=64k,kp<=8k,0.3028,2
8192,n<=8,sr<=70%,kvB<=64k,kp=0,0.263,2
8192,n<=8,sr>70%,kvB<=16k,kp<=16k,0.2064,4
8192,n<=8,sr>70%,kvB<=16k,kp<=1k,0.4283,3
8192,n<=8,sr>70%,kvB<=16k,kp<=2k,0.8669,2
8192,n<=8,sr>70%,kvB<=16k,kp<=32k,-0.1005,4
8192,n<=8,sr>70%,kvB<=16k,kp<=4k,0.3665,4
8192,n<=8,sr>70%,kvB<=16k,kp<=512,0.1036,4
8192,n<=8,sr>70%,kvB<=16k,kp<=64k,0.2478,4
8192,n<=8,sr>70%,kvB<=16k,kp<=8k,0.5532,3
8192,n<=8,sr>70%,kvB<=16k,kp=0,0.4628,4
8192,n<=8,sr>70%,kvB<=1k,kp<=16k,-1.3542,2
8192,n<=8,sr>70%,kvB<=1k,kp<=1k,0.717,3
8192,n<=8,sr>70%,kvB<=1k,kp<=2k,1.0569,1
8192,n<=8,sr>70%,kvB<=1k,kp<=32k,-0.062,3
8192,n<=8,sr>70%,kvB<=1k,kp<=4k,3.2894,3
8192,n<=8,sr>70%,kvB<=1k,kp<=512,0.7852,3
8192,n<=8,sr>70%,kvB<=1k,kp<=64k,-5.2877,1
8192,n<=8,sr>70%,kvB<=1k,kp<=8k,-1.2967,2
8192,n<=8,sr>70%,kvB<=1k,kp=0,0.1757,1
8192,n<=8,sr>70%,kvB<=4k,kp<=16k,0.0063,2
8192,n<=8,sr>70%,kvB<=4k,kp<=1k,-0.4843,2
8192,n<=8,sr>70%,kvB<=4k,kp<=2k,-1.1842,1
8192,n<=8,sr>70%,kvB<=4k,kp<=32k,0.0257,4
8192,n<=8,sr>70%,kvB<=4k,kp<=4k,0.5626,3
8192,n<=8,sr>70%,kvB<=4k,kp<=512,0.161,4
8192,n<=8,sr>70%,kvB<=4k,kp<=64k,-0.1588,4
8192,n<=8,sr>70%,kvB<=4k,kp<=8k,1.1841,2
8192,n<=8,sr>70%,kvB<=4k,kp=0,-0.8226,3
8192,n<=8,sr>70%,kvB<=64k,kp<=16k,0.3631,4
8192,n<=8,sr>70%,kvB<=64k,kp<=1k,0.1368,4
8192,n<=8,sr>70%,kvB<=64k,kp<=2k,0.2326,4
8192,n<=8,sr>70%,kvB<=64k,kp<=32k,0.1869,4
8192,n<=8,sr>70%,kvB<=64k,kp<=4k,0.2096,4
8192,n<=8,sr>70%,kvB<=64k,kp<=512,0.1377,4
8192,n<=8,sr>70%,kvB<=64k,kp<=64k,-0.8909,4
8192,n<=8,sr>70%,kvB<=64k,kp<=8k,0.5898,4
8192,n<=8,sr>70%,kvB<=64k,kp=0,0.0721,4
16384,n<=16,sr<=15%,kvB<=16k,kp<=16k,0.0047,4
16384,n<=16,sr<=15%,kvB<=16k,kp<=1k,-0.0018,4
16384,n<=16,sr<=15%,kvB<=16k,kp<=2k,0.0017,4
16384,n<=16,sr<=15%,kvB<=16k,kp<=32k,-0.0166,4
16384,n<=16,sr<=15%,kvB<=16k,kp<=4k,-0.0058,4
16384,n<=16,sr<=15%,kvB<=16k,kp<=512,0.0035,4
16384,n<=16,sr<=15%,kvB<=16k,kp<=64k,-0.0138,4
16384,n<=16,sr<=15%,kvB<=16k,kp<=8k,0.0028,4
16384,n<=16,sr<=15%,kvB<=16k,kp=0,0.0132,4
16384,n<=16,sr<=15%,kvB<=1k,kp<=16k,0.0564,4
16384,n<=16,sr<=15%,kvB<=1k,kp<=1k,0.1149,4
16384,n<=16,sr<=15%,kvB<=1k,kp<=2k,0.7598,4
16384,n<=16,sr<=15%,kvB<=1k,kp<=32k,-0.0868,4
16384,n<=16,sr<=15%,kvB<=1k,kp<=4k,0.0765,4
16384,n<=16,sr<=15%,kvB<=1k,kp<=512,0.115,4
16384,n<=16,sr<=15%,kvB<=1k,kp<=64k,-0.0058,3
16384,n<=16,sr<=15%,kvB<=1k,kp<=8k,0.0028,4
16384,n<=16,sr<=15%,kvB<=1k,kp=0,0.1707,4
16384,n<=16,sr<=15%,kvB<=4k,kp<=16k,0.0188,4
16384,n<=16,sr<=15%,kvB<=4k,kp<=1k,0.0311,4
16384,n<=16,sr<=15%,kvB<=4k,kp<=2k,0.0234,4
16384,n<=16,sr<=15%,kvB<=4k,kp<=32k,-0.0051,4
16384,n<=16,sr<=15%,kvB<=4k,kp<=4k,0.02,4
16384,n<=16,sr<=15%,kvB<=4k,kp<=512,0.0133,4
16384,n<=16,sr<=15%,kvB<=4k,kp<=64k,0.0499,4
16384,n<=16,sr<=15%,kvB<=4k,kp<=8k,0.0134,4
16384,n<=16,sr<=15%,kvB<=4k,kp=0,0.007,4
16384,n<=16,sr<=15%,kvB<=64k,kp<=16k,0.1804,4
16384,n<=16,sr<=15%,kvB<=64k,kp<=1k,0.2151,4
16384,n<=16,sr<=15%,kvB<=64k,kp<=2k,0.2168,4
16384,n<=16,sr<=15%,kvB<=64k,kp<=32k,0.1297,4
16384,n<=16,sr<=15%,kvB<=64k,kp<=4k,0.2165,4
16384,n<=16,sr<=15%,kvB<=64k,kp<=512,0.213,4
16384,n<=16,sr<=15%,kvB<=64k,kp<=64k,-0.0035,4
16384,n<=16,sr<=15%,kvB<=64k,kp<=8k,0.2027,4
16384,n<=16,sr<=15%,kvB<=64k,kp=0,0.206,4
16384,n<=16,sr<=40%,kvB<=16k,kp<=16k,0.0146,4
16384,n<=16,sr<=40%,kvB<=16k,kp<=1k,0.0117,4
16384,n<=16,sr<=40%,kvB<=16k,kp<=2k,0.0014,4
16384,n<=16,sr<=40%,kvB<=16k,kp<=32k,0.0132,4
16384,n<=16,sr<=40%,kvB<=16k,kp<=4k,-0.0021,4
16384,n<=16,sr<=40%,kvB<=16k,kp<=512,0.0295,4
16384,n<=16,sr<=40%,kvB<=16k,kp<=64k,-0.0206,4
16384,n<=16,sr<=40%,kvB<=16k,kp<=8k,-0.0031,4
16384,n<=16,sr<=40%,kvB<=16k,kp=0,0.0416,4
16384,n<=16,sr<=40%,kvB<=1k,kp<=16k,0.288,4
16384,n<=16,sr<=40%,kvB<=1k,kp<=1k,0.1384,4
16384,n<=16,sr<=40%,kvB<=1k,kp<=2k,0.1076,4
16384,n<=16,sr<=40%,kvB<=1k,kp<=32k,-0.078,4
16384,n<=16,sr<=40%,kvB<=1k,kp<=4k,0.206,4
16384,n<=16,sr<=40%,kvB<=1k,kp<=512,0.0959,4
16384,n<=16,sr<=40%,kvB<=1k,kp<=64k,0.1095,4
16384,n<=16,sr<=40%,kvB<=1k,kp<=8k,0.0908,4
16384,n<=16,sr<=40%,kvB<=1k,kp=0,0.0896,4
16384,n<=16,sr<=40%,kvB<=4k,kp<=16k,0.0176,4
16384,n<=16,sr<=40%,kvB<=4k,kp<=1k,0.0043,4
16384,n<=16,sr<=40%,kvB<=4k,kp<=2k,0.0284,4
16384,n<=16,sr<=40%,kvB<=4k,kp<=32k,-0.0519,4
16384,n<=16,sr<=40%,kvB<=4k,kp<=4k,-0.0087,4
16384,n<=16,sr<=40%,kvB<=4k,kp<=512,0.0306,4
16384,n<=16,sr<=40%,kvB<=4k,kp<=64k,-0.0301,4
16384,n<=16,sr<=40%,kvB<=4k,kp<=8k,0.0004,4
16384,n<=16,sr<=40%,kvB<=4k,kp=0,0.0199,4
16384,n<=16,sr<=40%,kvB<=64k,kp<=16k,0.2031,4
16384,n<=16,sr<=40%,kvB<=64k,kp<=1k,0.2168,4
16384,n<=16,sr<=40%,kvB<=64k,kp<=2k,0.2175,4
16384,n<=16,sr<=40%,kvB<=64k,kp<=32k,0.1576,4
16384,n<=16,sr<=40%,kvB<=64k,kp<=4k,0.2175,4
16384,n<=16,sr<=40%,kvB<=64k,kp<=512,0.2096,4
16384,n<=16,sr<=40%,kvB<=64k,kp<=64k,-0.0069,4
16384,n<=16,sr<=40%,kvB<=64k,kp<=8k,0.2072,4
16384,n<=16,sr<=40%,kvB<=64k,kp=0,0.205,4
16384,n<=16,sr<=70%,kvB<=16k,kp<=16k,0.0292,2
16384,n<=16,sr<=70%,kvB<=16k,kp<=1k,0.0651,2
16384,n<=16,sr<=70%,kvB<=16k,kp<=2k,0.0302,2
16384,n<=16,sr<=70%,kvB<=16k,kp<=32k,0.0282,2
16384,n<=16,sr<=70%,kvB<=16k,kp<=4k,-0.002,2
16384,n<=16,sr<=70%,kvB<=16k,kp<=512,0.0696,2
16384,n<=16,sr<=70%,kvB<=16k,kp<=64k,-0.0678,2
16384,n<=16,sr<=70%,kvB<=16k,kp<=8k,-0.0086,2
16384,n<=16,sr<=70%,kvB<=16k,kp=0,0.0844,2
16384,n<=16,sr<=70%,kvB<=1k,kp<=16k,0.013,2
16384,n<=16,sr<=70%,kvB<=1k,kp<=1k,0.1505,2
16384,n<=16,sr<=70%,kvB<=1k,kp<=2k,0.105,2
16384,n<=16,sr<=70%,kvB<=1k,kp<=32k,0.095,2
16384,n<=16,sr<=70%,kvB<=1k,kp<=4k,0.1726,2
16384,n<=16,sr<=70%,kvB<=1k,kp<=512,0.1772,2
16384,n<=16,sr<=70%,kvB<=1k,kp<=64k,-0.5672,1
16384,n<=16,sr<=70%,kvB<=1k,kp<=8k,0.2346,2
16384,n<=16,sr<=70%,kvB<=1k,kp=0,0.0327,2
16384,n<=16,sr<=70%,kvB<=4k,kp<=16k,-0.0486,2
16384,n<=16,sr<=70%,kvB<=4k,kp<=1k,-0.0335,2
16384,n<=16,sr<=70%,kvB<=4k,kp<=2k,0.0205,2
16384,n<=16,sr<=70%,kvB<=4k,kp<=32k,-0.0865,2
16384,n<=16,sr<=70%,kvB<=4k,kp<=4k,0.0363,2
16384,n<=16,sr<=70%,kvB<=4k,kp<=512,-0.0727,2
16384,n<=16,sr<=70%,kvB<=4k,kp<=64k,0.0464,2
16384,n<=16,sr<=70%,kvB<=4k,kp<=8k,-0.0191,2
16384,n<=16,sr<=70%,kvB<=4k,kp=0,-0.0135,2
16384,n<=16,sr<=70%,kvB<=64k,kp<=16k,0.2163,2
16384,n<=16,sr<=70%,kvB<=64k,kp<=1k,0.2131,2
16384,n<=16,sr<=70%,kvB<=64k,kp<=2k,0.2138,2
16384,n<=16,sr<=70%,kvB<=64k,kp<=32k,0.2105,2
16384,n<=16,sr<=70%,kvB<=64k,kp<=4k,0.2163,2
16384,n<=16,sr<=70%,kvB<=64k,kp<=512,0.2092,2
16384,n<=16,sr<=70%,kvB<=64k,kp<=64k,0.0134,2
16384,n<=16,sr<=70%,kvB<=64k,kp<=8k,0.2348,2
16384,n<=16,sr<=70%,kvB<=64k,kp=0,0.1904,2
16384,n<=16,sr>70%,kvB<=16k,kp<=16k,0.0002,4
16384,n<=16,sr>70%,kvB<=16k,kp<=1k,0.11,4
16384,n<=16,sr>70%,kvB<=16k,kp<=2k,0.1007,4
16384,n<=16,sr>70%,kvB<=16k,kp<=32k,0.093,4
16384,n<=16,sr>70%,kvB<=16k,kp<=4k,0.0797,4
16384,n<=16,sr>70%,kvB<=16k,kp<=512,0.134,4
16384,n<=16,sr>70%,kvB<=16k,kp<=64k,0.0086,4
16384,n<=16,sr>70%,kvB<=16k,kp<=8k,-0.0288,4
16384,n<=16,sr>70%,kvB<=16k,kp=0,0.1242,4
16384,n<=16,sr>70%,kvB<=1k,kp<=16k,-0.0795,4
16384,n<=16,sr>70%,kvB<=1k,kp<=1k,0.2537,4
16384,n<=16,sr>70%,kvB<=1k,kp<=2k,0.3938,4
16384,n<=16,sr>70%,kvB<=1k,kp<=32k,0.3121,2
16384,n<=16,sr>70%,kvB<=1k,kp<=4k,0.3557,4
16384,n<=16,sr>70%,kvB<=1k,kp<=512,0.3227,4
16384,n<=16,sr>70%,kvB<=1k,kp<=64k,0.2077,4
16384,n<=16,sr>70%,kvB<=1k,kp<=8k,0.3291,4
16384,n<=16,sr>70%,kvB<=1k,kp=0,0.3297,4
16384,n<=16,sr>70%,kvB<=4k,kp<=16k,0.0198,4
16384,n<=16,sr>70%,kvB<=4k,kp<=1k,-0.0416,4
16384,n<=16,sr>70%,kvB<=4k,kp<=2k,0.0743,4
16384,n<=16,sr>70%,kvB<=4k,kp<=32k,-0.1431,4
16384,n<=16,sr>70%,kvB<=4k,kp<=4k,0.1627,4
16384,n<=16,sr>70%,kvB<=4k,kp<=512,0.0257,4
16384,n<=16,sr>70%,kvB<=4k,kp<=64k,0.1344,4
16384,n<=16,sr>70%,kvB<=4k,kp<=8k,-0.0512,4
16384,n<=16,sr>70%,kvB<=4k,kp=0,0.0149,4
16384,n<=16,sr>70%,kvB<=64k,kp<=16k,0.2245,4
16384,n<=16,sr>70%,kvB<=64k,kp<=1k,0.1937,4
16384,n<=16,sr>70%,kvB<=64k,kp<=2k,0.2088,4
16384,n<=16,sr>70%,kvB<=64k,kp<=32k,0.2215,4
16384,n<=16,sr>70%,kvB<=64k,kp<=4k,0.2246,4
16384,n<=16,sr>70%,kvB<=64k,kp<=512,0.1923,4
16384,n<=16,sr>70%,kvB<=64k,kp<=64k,-0.0775,4
16384,n<=16,sr>70%,kvB<=64k,kp<=8k,0.2224,4
16384,n<=16,sr>70%,kvB<=64k,kp=0,0.1879,4
16384,n<=2,sr<=70%,kvB<=16k,kp<=16k,0.0705,2
16384,n<=2,sr<=70%,kvB<=16k,kp<=1k,-0.0287,2
16384,n<=2,sr<=70%,kvB<=16k,kp<=2k,-0.0242,2
16384,n<=2,sr<=70%,kvB<=16k,kp<=32k,-0.1515,2
16384,n<=2,sr<=70%,kvB<=16k,kp<=4k,-0.068,2
16384,n<=2,sr<=70%,kvB<=16k,kp<=512,0.0029,2
16384,n<=2,sr<=70%,kvB<=16k,kp<=64k,-0.1128,2
16384,n<=2,sr<=70%,kvB<=16k,kp<=8k,-0.0847,2
16384,n<=2,sr<=70%,kvB<=16k,kp=0,0.1015,2
16384,n<=2,sr<=70%,kvB<=1k,kp<=16k,1.3609,1
16384,n<=2,sr<=70%,kvB<=1k,kp<=1k,0.7812,1
16384,n<=2,sr<=70%,kvB<=1k,kp<=2k,-0.7248,2
16384,n<=2,sr<=70%,kvB<=1k,kp<=32k,-0.5397,2
16384,n<=2,sr<=70%,kvB<=1k,kp<=4k,-0.2564,1
16384,n<=2,sr<=70%,kvB<=1k,kp<=512,-0.2291,2
16384,n<=2,sr<=70%,kvB<=1k,kp<=8k,-1.0998,1
16384,n<=2,sr<=70%,kvB<=1k,kp=0,0.5559,2
16384,n<=2,sr<=70%,kvB<=4k,kp<=16k,-0.0584,2
16384,n<=2,sr<=70%,kvB<=4k,kp<=1k,0.108,2
16384,n<=2,sr<=70%,kvB<=4k,kp<=2k,0.1538,2
16384,n<=2,sr<=70%,kvB<=4k,kp<=32k,-0.7166,2
16384,n<=2,sr<=70%,kvB<=4k,kp<=4k,0.0395,2
16384,n<=2,sr<=70%,kvB<=4k,kp<=512,-0.2061,2
16384,n<=2,sr<=70%,kvB<=4k,kp<=64k,0.097,1
16384,n<=2,sr<=70%,kvB<=4k,kp<=8k,-0.0452,2
16384,n<=2,sr<=70%,kvB<=4k,kp=0,0.1204,2
16384,n<=2,sr<=70%,kvB<=64k,kp<=16k,0.6667,2
16384,n<=2,sr<=70%,kvB<=64k,kp<=1k,0.7259,2
16384,n<=2,sr<=70%,kvB<=64k,kp<=2k,0.7292,2
16384,n<=2,sr<=70%,kvB<=64k,kp<=32k,0.597,2
16384,n<=2,sr<=70%,kvB<=64k,kp<=4k,0.7274,2
16384,n<=2,sr<=70%,kvB<=64k,kp<=512,0.7318,2
16384,n<=2,sr<=70%,kvB<=64k,kp<=64k,-0.1415,2
16384,n<=2,sr<=70%,kvB<=64k,kp<=8k,0.7226,2
16384,n<=2,sr<=70%,kvB<=64k,kp=0,0.5269,2
16384,n<=32,sr<=15%,kvB<=16k,kp<=16k,0.0003,6
16384,n<=32,sr<=15%,kvB<=16k,kp<=1k,0.0058,6
16384,n<=32,sr<=15%,kvB<=16k,kp<=2k,0.0025,6
16384,n<=32,sr<=15%,kvB<=16k,kp<=32k,-0.0032,6
16384,n<=32,sr<=15%,kvB<=16k,kp<=4k,-0.0013,6
16384,n<=32,sr<=15%,kvB<=16k,kp<=512,0.0092,6
16384,n<=32,sr<=15%,kvB<=16k,kp<=64k,0.0012,6
16384,n<=32,sr<=15%,kvB<=16k,kp<=8k,-0.0013,6
16384,n<=32,sr<=15%,kvB<=16k,kp=0,0.0155,6
16384,n<=32,sr<=15%,kvB<=1k,kp<=16k,0.1256,6
16384,n<=32,sr<=15%,kvB<=1k,kp<=1k,0.0869,6
16384,n<=32,sr<=15%,kvB<=1k,kp<=2k,0.1429,6
16384,n<=32,sr<=15%,kvB<=1k,kp<=32k,0.0378,6
16384,n<=32,sr<=15%,kvB<=1k,kp<=4k,0.0792,6
16384,n<=32,sr<=15%,kvB<=1k,kp<=512,0.0975,6
16384,n<=32,sr<=15%,kvB<=1k,kp<=64k,0.0976,6
16384,n<=32,sr<=15%,kvB<=1k,kp<=8k,0.0973,6
16384,n<=32,sr<=15%,kvB<=1k,kp=0,0.1112,6
16384,n<=32,sr<=15%,kvB<=4k,kp<=16k,0.0194,6
16384,n<=32,sr<=15%,kvB<=4k,kp<=1k,0.015,6
16384,n<=32,sr<=15%,kvB<=4k,kp<=2k,0.0224,6
16384,n<=32,sr<=15%,kvB<=4k,kp<=32k,0.0077,6
16384,n<=32,sr<=15%,kvB<=4k,kp<=4k,0.007,6
16384,n<=32,sr<=15%,kvB<=4k,kp<=512,0.0149,6
16384,n<=32,sr<=15%,kvB<=4k,kp<=64k,-0.0064,6
16384,n<=32,sr<=15%,kvB<=4k,kp<=8k,0.0137,6
16384,n<=32,sr<=15%,kvB<=4k,kp=0,0.0208,6
16384,n<=32,sr<=15%,kvB<=64k,kp<=16k,0.1017,6
16384,n<=32,sr<=15%,kvB<=64k,kp<=1k,0.0671,6
16384,n<=32,sr<=15%,kvB<=64k,kp<=2k,0.0719,6
16384,n<=32,sr<=15%,kvB<=64k,kp<=32k,0.071,6
16384,n<=32,sr<=15%,kvB<=64k,kp<=4k,0.0817,6
16384,n<=32,sr<=15%,kvB<=64k,kp<=512,0.0646,6
16384,n<=32,sr<=15%,kvB<=64k,kp<=64k,-0.0,6
16384,n<=32,sr<=15%,kvB<=64k,kp<=8k,0.106,6
16384,n<=32,sr<=15%,kvB<=64k,kp=0,0.0625,6
16384,n<=32,sr<=40%,kvB<=16k,kp<=16k,-0.0081,2
16384,n<=32,sr<=40%,kvB<=16k,kp<=1k,0.0308,2
16384,n<=32,sr<=40%,kvB<=16k,kp<=2k,0.0187,2
16384,n<=32,sr<=40%,kvB<=16k,kp<=32k,-0.0028,2
16384,n<=32,sr<=40%,kvB<=16k,kp<=4k,-0.0032,2
16384,n<=32,sr<=40%,kvB<=16k,kp<=512,0.0366,2
16384,n<=32,sr<=40%,kvB<=16k,kp<=64k,0.0075,2
16384,n<=32,sr<=40%,kvB<=16k,kp<=8k,-0.0049,2
16384,n<=32,sr<=40%,kvB<=16k,kp=0,0.0408,2
16384,n<=32,sr<=40%,kvB<=1k,kp<=16k,0.0712,2
16384,n<=32,sr<=40%,kvB<=1k,kp<=1k,0.0863,2
16384,n<=32,sr<=40%,kvB<=1k,kp<=2k,0.1889,2
16384,n<=32,sr<=40%,kvB<=1k,kp<=32k,0.0572,2
16384,n<=32,sr<=40%,kvB<=1k,kp<=4k,0.1361,2
16384,n<=32,sr<=40%,kvB<=1k,kp<=512,0.1377,2
16384,n<=32,sr<=40%,kvB<=1k,kp<=64k,0.0449,2
16384,n<=32,sr<=40%,kvB<=1k,kp<=8k,0.1639,2
16384,n<=32,sr<=40%,kvB<=1k,kp=0,0.1686,2
16384,n<=32,sr<=40%,kvB<=4k,kp<=16k,0.0238,2
16384,n<=32,sr<=40%,kvB<=4k,kp<=1k,-0.0197,2
16384,n<=32,sr<=40%,kvB<=4k,kp<=2k,-0.0009,2
16384,n<=32,sr<=40%,kvB<=4k,kp<=32k,-0.0627,2
16384,n<=32,sr<=40%,kvB<=4k,kp<=4k,-0.0214,2
16384,n<=32,sr<=40%,kvB<=4k,kp<=512,0.0053,2
16384,n<=32,sr<=40%,kvB<=4k,kp<=64k,-0.0092,2
16384,n<=32,sr<=40%,kvB<=4k,kp<=8k,0.0033,2
16384,n<=32,sr<=40%,kvB<=4k,kp=0,0.0105,2
16384,n<=32,sr<=40%,kvB<=64k,kp<=16k,0.11,2
16384,n<=32,sr<=40%,kvB<=64k,kp<=1k,0.0587,2
16384,n<=32,sr<=40%,kvB<=64k,kp<=2k,0.0645,2
16384,n<=32,sr<=40%,kvB<=64k,kp<=32k,0.0885,2
16384,n<=32,sr<=40%,kvB<=64k,kp<=4k,0.0767,2
16384,n<=32,sr<=40%,kvB<=64k,kp<=512,0.0596,2
16384,n<=32,sr<=40%,kvB<=64k,kp<=64k,-0.012,2
16384,n<=32,sr<=40%,kvB<=64k,kp<=8k,0.1082,2
16384,n<=32,sr<=40%,kvB<=64k,kp=0,0.0601,2
16384,n<=32,sr<=5%,kvB<=16k,kp<=16k,-0.0029,2
16384,n<=32,sr<=5%,kvB<=16k,kp<=1k,-0.0015,2
16384,n<=32,sr<=5%,kvB<=16k,kp<=2k,0.0008,2
16384,n<=32,sr<=5%,kvB<=16k,kp<=32k,0.0034,2
16384,n<=32,sr<=5%,kvB<=16k,kp<=4k,0.0008,2
16384,n<=32,sr<=5%,kvB<=16k,kp<=512,0.0032,2
16384,n<=32,sr<=5%,kvB<=16k,kp<=64k,0.0144,2
16384,n<=32,sr<=5%,kvB<=16k,kp<=8k,-0.0018,2
16384,n<=32,sr<=5%,kvB<=16k,kp=0,0.0053,2
16384,n<=32,sr<=5%,kvB<=1k,kp<=16k,0.0475,2
16384,n<=32,sr<=5%,kvB<=1k,kp<=1k,0.0208,2
16384,n<=32,sr<=5%,kvB<=1k,kp<=2k,0.0783,2
16384,n<=32,sr<=5%,kvB<=1k,kp<=32k,0.0433,2
16384,n<=32,sr<=5%,kvB<=1k,kp<=4k,-0.0064,2
16384,n<=32,sr<=5%,kvB<=1k,kp<=512,-0.0224,2
16384,n<=32,sr<=5%,kvB<=1k,kp<=64k,-0.0856,2
16384,n<=32,sr<=5%,kvB<=1k,kp<=8k,-0.0058,2
16384,n<=32,sr<=5%,kvB<=1k,kp=0,-0.0059,2
16384,n<=32,sr<=5%,kvB<=4k,kp<=16k,0.053,2
16384,n<=32,sr<=5%,kvB<=4k,kp<=1k,0.03,2
16384,n<=32,sr<=5%,kvB<=4k,kp<=2k,0.038,2
16384,n<=32,sr<=5%,kvB<=4k,kp<=32k,0.0212,2
16384,n<=32,sr<=5%,kvB<=4k,kp<=4k,0.0346,2
16384,n<=32,sr<=5%,kvB<=4k,kp<=512,0.0415,2
16384,n<=32,sr<=5%,kvB<=4k,kp<=64k,0.0168,2
16384,n<=32,sr<=5%,kvB<=4k,kp<=8k,0.029,2
16384,n<=32,sr<=5%,kvB<=4k,kp=0,0.0073,2
16384,n<=32,sr<=5%,kvB<=64k,kp<=16k,0.0955,2
16384,n<=32,sr<=5%,kvB<=64k,kp<=1k,0.0697,2
16384,n<=32,sr<=5%,kvB<=64k,kp<=2k,0.0743,2
16384,n<=32,sr<=5%,kvB<=64k,kp<=32k,0.0593,2
16384,n<=32,sr<=5%,kvB<=64k,kp<=4k,0.085,2
16384,n<=32,sr<=5%,kvB<=64k,kp<=512,0.0669,2
16384,n<=32,sr<=5%,kvB<=64k,kp<=64k,-0.001,2
16384,n<=32,sr<=5%,kvB<=64k,kp<=8k,0.1011,2
16384,n<=32,sr<=5%,kvB<=64k,kp=0,0.0654,2
16384,n<=32,sr<=70%,kvB<=16k,kp<=16k,-0.0286,2
16384,n<=32,sr<=70%,kvB<=16k,kp<=1k,0.0792,2
16384,n<=32,sr<=70%,kvB<=16k,kp<=2k,0.0723,2
16384,n<=32,sr<=70%,kvB<=16k,kp<=32k,-0.0069,2
16384,n<=32,sr<=70%,kvB<=16k,kp<=4k,0.0053,2
16384,n<=32,sr<=70%,kvB<=16k,kp<=512,0.0718,2
16384,n<=32,sr<=70%,kvB<=16k,kp<=64k,0.0054,2
16384,n<=32,sr<=70%,kvB<=16k,kp<=8k,-0.0265,2
16384,n<=32,sr<=70%,kvB<=16k,kp=0,0.066,2
16384,n<=32,sr<=70%,kvB<=1k,kp<=16k,-0.002,2
16384,n<=32,sr<=70%,kvB<=1k,kp<=1k,0.053,2
16384,n<=32,sr<=70%,kvB<=1k,kp<=2k,0.1452,2
16384,n<=32,sr<=70%,kvB<=1k,kp<=32k,0.4654,2
16384,n<=32,sr<=70%,kvB<=1k,kp<=4k,0.047,2
16384,n<=32,sr<=70%,kvB<=1k,kp<=512,0.026,2
16384,n<=32,sr<=70%,kvB<=1k,kp<=64k,0.0155,2
16384,n<=32,sr<=70%,kvB<=1k,kp<=8k,0.0694,2
16384,n<=32,sr<=70%,kvB<=1k,kp=0,0.1515,2
16384,n<=32,sr<=70%,kvB<=4k,kp<=16k,0.0274,2
16384,n<=32,sr<=70%,kvB<=4k,kp<=1k,-0.0102,2
16384,n<=32,sr<=70%,kvB<=4k,kp<=2k,-0.0182,2
16384,n<=32,sr<=70%,kvB<=4k,kp<=32k,-0.0362,2
16384,n<=32,sr<=70%,kvB<=4k,kp<=4k,-0.0009,2
16384,n<=32,sr<=70%,kvB<=4k,kp<=512,-0.0171,2
16384,n<=32,sr<=70%,kvB<=4k,kp<=64k,-0.0281,2
16384,n<=32,sr<=70%,kvB<=4k,kp<=8k,0.0059,2
16384,n<=32,sr<=70%,kvB<=4k,kp=0,-0.0209,2
16384,n<=32,sr<=70%,kvB<=64k,kp<=16k,0.11,2
16384,n<=32,sr<=70%,kvB<=64k,kp<=1k,0.0263,2
16384,n<=32,sr<=70%,kvB<=64k,kp<=2k,0.0569,2
16384,n<=32,sr<=70%,kvB<=64k,kp<=32k,0.0952,2
16384,n<=32,sr<=70%,kvB<=64k,kp<=4k,0.0672,2
16384,n<=32,sr<=70%,kvB<=64k,kp<=512,0.0275,2
16384,n<=32,sr<=70%,kvB<=64k,kp<=64k,0.009,2
16384,n<=32,sr<=70%,kvB<=64k,kp<=8k,0.0979,2
16384,n<=32,sr<=70%,kvB<=64k,kp=0,0.0371,2
16384,n<=32,sr>70%,kvB<=16k,kp<=16k,-0.0501,4
16384,n<=32,sr>70%,kvB<=16k,kp<=1k,0.0824,4
16384,n<=32,sr>70%,kvB<=16k,kp<=2k,0.4435,4
16384,n<=32,sr>70%,kvB<=16k,kp<=32k,0.0335,4
16384,n<=32,sr>70%,kvB<=16k,kp<=4k,0.0567,4
16384,n<=32,sr>70%,kvB<=16k,kp<=512,0.0807,4
16384,n<=32,sr>70%,kvB<=16k,kp<=64k,0.0138,4
16384,n<=32,sr>70%,kvB<=16k,kp<=8k,0.0104,4
16384,n<=32,sr>70%,kvB<=16k,kp=0,0.0703,4
16384,n<=32,sr>70%,kvB<=1k,kp<=16k,0.2009,4
16384,n<=32,sr>70%,kvB<=1k,kp<=1k,0.2937,4
16384,n<=32,sr>70%,kvB<=1k,kp<=2k,0.2499,4
16384,n<=32,sr>70%,kvB<=1k,kp<=32k,0.3809,4
16384,n<=32,sr>70%,kvB<=1k,kp<=4k,0.3369,4
16384,n<=32,sr>70%,kvB<=1k,kp<=512,0.2207,4
16384,n<=32,sr>70%,kvB<=1k,kp<=64k,0.4565,4
16384,n<=32,sr>70%,kvB<=1k,kp<=8k,0.3987,4
16384,n<=32,sr>70%,kvB<=1k,kp=0,0.2363,4
16384,n<=32,sr>70%,kvB<=4k,kp<=16k,0.0701,4
16384,n<=32,sr>70%,kvB<=4k,kp<=1k,0.0672,4
16384,n<=32,sr>70%,kvB<=4k,kp<=2k,0.0681,4
16384,n<=32,sr>70%,kvB<=4k,kp<=32k,-0.017,4
16384,n<=32,sr>70%,kvB<=4k,kp<=4k,-0.0158,4
16384,n<=32,sr>70%,kvB<=4k,kp<=512,0.0689,4
16384,n<=32,sr>70%,kvB<=4k,kp<=64k,0.1172,4
16384,n<=32,sr>70%,kvB<=4k,kp<=8k,0.0934,4
16384,n<=32,sr>70%,kvB<=4k,kp=0,0.0235,4
16384,n<=32,sr>70%,kvB<=64k,kp<=16k,0.095,4
16384,n<=32,sr>70%,kvB<=64k,kp<=1k,0.0341,4
16384,n<=32,sr>70%,kvB<=64k,kp<=2k,0.0403,4
16384,n<=32,sr>70%,kvB<=64k,kp<=32k,0.1225,4
16384,n<=32,sr>70%,kvB<=64k,kp<=4k,-0.0003,4
16384,n<=32,sr>70%,kvB<=64k,kp<=512,0.0306,4
16384,n<=32,sr>70%,kvB<=64k,kp<=64k,-0.0139,4
16384,n<=32,sr>70%,kvB<=64k,kp<=8k,0.1678,4
16384,n<=32,sr>70%,kvB<=64k,kp=0,0.0313,4
16384,n<=4,sr<=40%,kvB<=16k,kp<=16k,0.0456,2
16384,n<=4,sr<=40%,kvB<=16k,kp<=1k,0.0249,2
16384,n<=4,sr<=40%,kvB<=16k,kp<=2k,-0.0033,2
16384,n<=4,sr<=40%,kvB<=16k,kp<=32k,-0.0248,2
16384,n<=4,sr<=40%,kvB<=16k,kp<=4k,-0.0333,2
16384,n<=4,sr<=40%,kvB<=16k,kp<=512,0.0146,2
16384,n<=4,sr<=40%,kvB<=16k,kp<=64k,-0.1308,2
16384,n<=4,sr<=40%,kvB<=16k,kp<=8k,0.0169,2
16384,n<=4,sr<=40%,kvB<=16k,kp=0,0.0702,2
16384,n<=4,sr<=40%,kvB<=1k,kp<=16k,-0.0828,2
16384,n<=4,sr<=40%,kvB<=1k,kp<=1k,0.3732,2
16384,n<=4,sr<=40%,kvB<=1k,kp<=2k,0.4613,2
16384,n<=4,sr<=40%,kvB<=1k,kp<=32k,1.5087,1
16384,n<=4,sr<=40%,kvB<=1k,kp<=4k,0.3263,2
16384,n<=4,sr<=40%,kvB<=1k,kp<=512,0.062,2
16384,n<=4,sr<=40%,kvB<=1k,kp<=64k,-0.0547,1
16384,n<=4,sr<=40%,kvB<=1k,kp<=8k,-0.3172,2
16384,n<=4,sr<=40%,kvB<=1k,kp=0,0.0262,2
16384,n<=4,sr<=40%,kvB<=4k,kp<=16k,0.202,2
16384,n<=4,sr<=40%,kvB<=4k,kp<=1k,0.0246,2
16384,n<=4,sr<=40%,kvB<=4k,kp<=2k,-0.1289,2
16384,n<=4,sr<=40%,kvB<=4k,kp<=32k,-0.2687,2
16384,n<=4,sr<=40%,kvB<=4k,kp<=4k,-0.047,2
16384,n<=4,sr<=40%,kvB<=4k,kp<=512,0.0072,2
16384,n<=4,sr<=40%,kvB<=4k,kp<=64k,-0.1116,2
16384,n<=4,sr<=40%,kvB<=4k,kp<=8k,-0.0337,2
16384,n<=4,sr<=40%,kvB<=4k,kp=0,-0.1078,2
16384,n<=4,sr<=40%,kvB<=64k,kp<=16k,0.4721,2
16384,n<=4,sr<=40%,kvB<=64k,kp<=1k,0.5378,2
16384,n<=4,sr<=40%,kvB<=64k,kp<=2k,0.5441,2
16384,n<=4,sr<=40%,kvB<=64k,kp<=32k,0.2863,2
16384,n<=4,sr<=40%,kvB<=64k,kp<=4k,0.5404,2
16384,n<=4,sr<=40%,kvB<=64k,kp<=512,0.5485,2
16384,n<=4,sr<=40%,kvB<=64k,kp<=64k,-0.0559,2
16384,n<=4,sr<=40%,kvB<=64k,kp<=8k,0.5184,2
16384,n<=4,sr<=40%,kvB<=64k,kp=0,0.5559,2
16384,n<=4,sr<=70%,kvB<=16k,kp<=16k,-0.0196,2
16384,n<=4,sr<=70%,kvB<=16k,kp<=1k,0.0584,2
16384,n<=4,sr<=70%,kvB<=16k,kp<=2k,0.0132,2
16384,n<=4,sr<=70%,kvB<=16k,kp<=32k,0.0571,2
16384,n<=4,sr<=70%,kvB<=16k,kp<=4k,-0.0641,2
16384,n<=4,sr<=70%,kvB<=16k,kp<=512,0.0985,2
16384,n<=4,sr<=70%,kvB<=16k,kp<=64k,-0.1374,2
16384,n<=4,sr<=70%,kvB<=16k,kp<=8k,0.0569,2
16384,n<=4,sr<=70%,kvB<=16k,kp=0,0.1612,2
16384,n<=4,sr<=70%,kvB<=1k,kp<=16k,-1.3612,2
16384,n<=4,sr<=70%,kvB<=1k,kp<=1k,0.0939,2
16384,n<=4,sr<=70%,kvB<=1k,kp<=2k,-0.0243,2
16384,n<=4,sr<=70%,kvB<=1k,kp<=32k,-2.2119,2
16384,n<=4,sr<=70%,kvB<=1k,kp<=4k,0.3753,2
16384,n<=4,sr<=70%,kvB<=1k,kp<=512,-1.7327,2
16384,n<=4,sr<=70%,kvB<=1k,kp<=64k,1.7951,1
16384,n<=4,sr<=70%,kvB<=1k,kp<=8k,0.8131,2
16384,n<=4,sr<=70%,kvB<=1k,kp=0,0.4369,2
16384,n<=4,sr<=70%,kvB<=4k,kp<=16k,0.2141,2
16384,n<=4,sr<=70%,kvB<=4k,kp<=1k,-0.0833,2
16384,n<=4,sr<=70%,kvB<=4k,kp<=2k,0.0087,2
16384,n<=4,sr<=70%,kvB<=4k,kp<=32k,-0.5835,2
16384,n<=4,sr<=70%,kvB<=4k,kp<=4k,-0.0068,2
16384,n<=4,sr<=70%,kvB<=4k,kp<=512,0.0554,2
16384,n<=4,sr<=70%,kvB<=4k,kp<=64k,-0.1354,1
16384,n<=4,sr<=70%,kvB<=4k,kp<=8k,0.128,2
16384,n<=4,sr<=70%,kvB<=4k,kp=0,-0.028,2
16384,n<=4,sr<=70%,kvB<=64k,kp<=16k,0.4655,2
16384,n<=4,sr<=70%,kvB<=64k,kp<=1k,0.5451,2
16384,n<=4,sr<=70%,kvB<=64k,kp<=2k,0.5464,2
16384,n<=4,sr<=70%,kvB<=64k,kp<=32k,0.4221,2
16384,n<=4,sr<=70%,kvB<=64k,kp<=4k,0.5288,2
16384,n<=4,sr<=70%,kvB<=64k,kp<=512,0.551,2
16384,n<=4,sr<=70%,kvB<=64k,kp<=64k,-0.083,2
16384,n<=4,sr<=70%,kvB<=64k,kp<=8k,0.5239,2
16384,n<=4,sr<=70%,kvB<=64k,kp=0,0.5523,2
16384,n<=4,sr>70%,kvB<=16k,kp<=16k,-0.1725,2
16384,n<=4,sr>70%,kvB<=16k,kp<=1k,0.0496,2
16384,n<=4,sr>70%,kvB<=16k,kp<=2k,-0.0308,2
16384,n<=4,sr>70%,kvB<=16k,kp<=32k,0.061,2
16384,n<=4,sr>70%,kvB<=16k,kp<=4k,0.0826,2
16384,n<=4,sr>70%,kvB<=16k,kp<=512,0.2413,2
16384,n<=4,sr>70%,kvB<=16k,kp<=64k,-0.0406,2
16384,n<=4,sr>70%,kvB<=16k,kp<=8k,0.0061,2
16384,n<=4,sr>70%,kvB<=16k,kp=0,0.3515,2
16384,n<=4,sr>70%,kvB<=1k,kp<=16k,0.8444,2
16384,n<=4,sr>70%,kvB<=1k,kp<=1k,0.0569,2
16384,n<=4,sr>70%,kvB<=1k,kp<=2k,0.3017,2
16384,n<=4,sr>70%,kvB<=1k,kp<=32k,0.5573,2
16384,n<=4,sr>70%,kvB<=1k,kp<=4k,11.1276,1
16384,n<=4,sr>70%,kvB<=1k,kp<=512,0.4059,2
16384,n<=4,sr>70%,kvB<=1k,kp<=64k,-0.2995,1
16384,n<=4,sr>70%,kvB<=1k,kp<=8k,0.5617,1
16384,n<=4,sr>70%,kvB<=1k,kp=0,-0.6143,2
16384,n<=4,sr>70%,kvB<=4k,kp<=16k,0.1338,2
16384,n<=4,sr>70%,kvB<=4k,kp<=1k,0.1435,2
16384,n<=4,sr>70%,kvB<=4k,kp<=2k,-0.1437,1
16384,n<=4,sr>70%,kvB<=4k,kp<=32k,-0.1462,2
16384,n<=4,sr>70%,kvB<=4k,kp<=4k,-0.2333,2
16384,n<=4,sr>70%,kvB<=4k,kp<=512,-0.088,2
16384,n<=4,sr>70%,kvB<=4k,kp<=64k,0.5513,1
16384,n<=4,sr>70%,kvB<=4k,kp<=8k,0.3629,2
16384,n<=4,sr>70%,kvB<=4k,kp=0,-0.132,2
16384,n<=4,sr>70%,kvB<=64k,kp<=16k,0.4523,2
16384,n<=4,sr>70%,kvB<=64k,kp<=1k,0.5286,2
16384,n<=4,sr>70%,kvB<=64k,kp<=2k,0.5365,2
16384,n<=4,sr>70%,kvB<=64k,kp<=32k,0.4884,2
16384,n<=4,sr>70%,kvB<=64k,kp<=4k,0.5212,2
16384,n<=4,sr>70%,kvB<=64k,kp<=512,0.5223,2
16384,n<=4,sr>70%,kvB<=64k,kp<=64k,-0.1745,2
16384,n<=4,sr>70%,kvB<=64k,kp<=8k,0.5107,2
16384,n<=4,sr>70%,kvB<=64k,kp=0,0.5248,2
16384,n<=64,sr<=15%,kvB<=16k,kp<=16k,0.0023,4
16384,n<=64,sr<=15%,kvB<=16k,kp<=1k,0.0147,4
16384,n<=64,sr<=15%,kvB<=16k,kp<=2k,0.0105,4
16384,n<=64,sr<=15%,kvB<=16k,kp<=32k,-0.0021,4
16384,n<=64,sr<=15%,kvB<=16k,kp<=4k,-0.0017,4
16384,n<=64,sr<=15%,kvB<=16k,kp<=512,0.0169,4
16384,n<=64,sr<=15%,kvB<=16k,kp<=64k,0.0008,4
16384,n<=64,sr<=15%,kvB<=16k,kp<=8k,-0.002,4
16384,n<=64,sr<=15%,kvB<=16k,kp=0,0.0197,4
16384,n<=64,sr<=15%,kvB<=1k,kp<=16k,0.0702,4
16384,n<=64,sr<=15%,kvB<=1k,kp<=1k,0.1035,4
16384,n<=64,sr<=15%,kvB<=1k,kp<=2k,0.1002,4
16384,n<=64,sr<=15%,kvB<=1k,kp<=32k,0.0729,4
16384,n<=64,sr<=15%,kvB<=1k,kp<=4k,0.0816,4
16384,n<=64,sr<=15%,kvB<=1k,kp<=512,0.0935,4
16384,n<=64,sr<=15%,kvB<=1k,kp<=64k,0.0486,4
16384,n<=64,sr<=15%,kvB<=1k,kp<=8k,0.0894,4
16384,n<=64,sr<=15%,kvB<=1k,kp=0,0.1077,4
16384,n<=64,sr<=15%,kvB<=4k,kp<=16k,0.0254,4
16384,n<=64,sr<=15%,kvB<=4k,kp<=1k,0.0247,4
16384,n<=64,sr<=15%,kvB<=4k,kp<=2k,0.0202,4
16384,n<=64,sr<=15%,kvB<=4k,kp<=32k,0.0248,4
16384,n<=64,sr<=15%,kvB<=4k,kp<=4k,0.0203,4
16384,n<=64,sr<=15%,kvB<=4k,kp<=512,0.0133,4
16384,n<=64,sr<=15%,kvB<=4k,kp<=64k,0.0192,4
16384,n<=64,sr<=15%,kvB<=4k,kp<=8k,0.0231,4
16384,n<=64,sr<=15%,kvB<=4k,kp=0,0.0153,4
16384,n<=64,sr<=15%,kvB<=64k,kp<=16k,0.0382,4
16384,n<=64,sr<=15%,kvB<=64k,kp<=1k,0.0236,4
16384,n<=64,sr<=15%,kvB<=64k,kp<=2k,0.0313,4
16384,n<=64,sr<=15%,kvB<=64k,kp<=32k,0.0316,4
16384,n<=64,sr<=15%,kvB<=64k,kp<=4k,0.0393,4
16384,n<=64,sr<=15%,kvB<=64k,kp<=512,0.0191,4
16384,n<=64,sr<=15%,kvB<=64k,kp<=64k,-0.0003,4
16384,n<=64,sr<=15%,kvB<=64k,kp<=8k,0.0361,4
16384,n<=64,sr<=15%,kvB<=64k,kp=0,0.0174,4
16384,n<=64,sr<=40%,kvB<=16k,kp<=16k,-0.0059,2
16384,n<=64,sr<=40%,kvB<=16k,kp<=1k,0.03,2
16384,n<=64,sr<=40%,kvB<=16k,kp<=2k,0.0251,2
16384,n<=64,sr<=40%,kvB<=16k,kp<=32k,-0.0095,2
16384,n<=64,sr<=40%,kvB<=16k,kp<=4k,0.0093,2
16384,n<=64,sr<=40%,kvB<=16k,kp<=512,0.0299,2
16384,n<=64,sr<=40%,kvB<=16k,kp<=64k,0.0055,2
16384,n<=64,sr<=40%,kvB<=16k,kp<=8k,-0.0055,2
16384,n<=64,sr<=40%,kvB<=16k,kp=0,0.0313,2
16384,n<=64,sr<=40%,kvB<=1k,kp<=16k,0.1314,2
16384,n<=64,sr<=40%,kvB<=1k,kp<=1k,0.1818,2
16384,n<=64,sr<=40%,kvB<=1k,kp<=2k,0.1834,2
16384,n<=64,sr<=40%,kvB<=1k,kp<=32k,0.1171,2
16384,n<=64,sr<=40%,kvB<=1k,kp<=4k,0.127,2
16384,n<=64,sr<=40%,kvB<=1k,kp<=512,0.1382,2
16384,n<=64,sr<=40%,kvB<=1k,kp<=64k,0.1019,2
16384,n<=64,sr<=40%,kvB<=1k,kp<=8k,0.1322,2
16384,n<=64,sr<=40%,kvB<=1k,kp=0,0.1638,2
16384,n<=64,sr<=40%,kvB<=4k,kp<=16k,0.0018,2
16384,n<=64,sr<=40%,kvB<=4k,kp<=1k,-0.002,2
16384,n<=64,sr<=40%,kvB<=4k,kp<=2k,0.002,2
16384,n<=64,sr<=40%,kvB<=4k,kp<=32k,-0.0024,2
16384,n<=64,sr<=40%,kvB<=4k,kp<=4k,-0.0031,2
16384,n<=64,sr<=40%,kvB<=4k,kp<=512,0.0005,2
16384,n<=64,sr<=40%,kvB<=4k,kp<=64k,0.009,2
16384,n<=64,sr<=40%,kvB<=4k,kp<=8k,-0.0085,2
16384,n<=64,sr<=40%,kvB<=4k,kp=0,0.0009,2
16384,n<=64,sr<=40%,kvB<=64k,kp<=16k,0.0645,2
16384,n<=64,sr<=40%,kvB<=64k,kp<=1k,0.0199,2
16384,n<=64,sr<=40%,kvB<=64k,kp<=2k,0.015,2
16384,n<=64,sr<=40%,kvB<=64k,kp<=32k,0.0328,2
16384,n<=64,sr<=40%,kvB<=64k,kp<=4k,0.0396,2
16384,n<=64,sr<=40%,kvB<=64k,kp<=512,0.0211,2
16384,n<=64,sr<=40%,kvB<=64k,kp<=64k,-0.0139,2
16384,n<=64,sr<=40%,kvB<=64k,kp<=8k,0.0536,2
16384,n<=64,sr<=40%,kvB<=64k,kp=0,0.0219,2
16384,n<=64,sr<=5%,kvB<=16k,kp<=16k,0.0028,6
16384,n<=64,sr<=5%,kvB<=16k,kp<=1k,0.0116,6
16384,n<=64,sr<=5%,kvB<=16k,kp<=2k,0.0081,6
16384,n<=64,sr<=5%,kvB<=16k,kp<=32k,0.0041,6
16384,n<=64,sr<=5%,kvB<=16k,kp<=4k,0.0028,6
16384,n<=64,sr<=5%,kvB<=16k,kp<=512,0.0131,6
16384,n<=64,sr<=5%,kvB<=16k,kp<=64k,0.0072,6
16384,n<=64,sr<=5%,kvB<=16k,kp<=8k,0.0033,6
16384,n<=64,sr<=5%,kvB<=16k,kp=0,0.0154,6
16384,n<=64,sr<=5%,kvB<=1k,kp<=16k,0.0454,6
16384,n<=64,sr<=5%,kvB<=1k,kp<=1k,0.0129,6
16384,n<=64,sr<=5%,kvB<=1k,kp<=2k,0.5774,6
16384,n<=64,sr<=5%,kvB<=1k,kp<=32k,0.048,6
16384,n<=64,sr<=5%,kvB<=1k,kp<=4k,0.0269,6
16384,n<=64,sr<=5%,kvB<=1k,kp<=512,0.0071,6
16384,n<=64,sr<=5%,kvB<=1k,kp<=64k,-0.0288,6
16384,n<=64,sr<=5%,kvB<=1k,kp<=8k,0.0262,6
16384,n<=64,sr<=5%,kvB<=1k,kp=0,0.0394,6
16384,n<=64,sr<=5%,kvB<=4k,kp<=16k,0.016,6
16384,n<=64,sr<=5%,kvB<=4k,kp<=1k,0.0168,6
16384,n<=64,sr<=5%,kvB<=4k,kp<=2k,0.015,6
16384,n<=64,sr<=5%,kvB<=4k,kp<=32k,0.0147,6
16384,n<=64,sr<=5%,kvB<=4k,kp<=4k,0.0133,6
16384,n<=64,sr<=5%,kvB<=4k,kp<=512,0.0131,6
16384,n<=64,sr<=5%,kvB<=4k,kp<=64k,0.0196,6
16384,n<=64,sr<=5%,kvB<=4k,kp<=8k,0.0179,6
16384,n<=64,sr<=5%,kvB<=4k,kp=0,0.0174,6
16384,n<=64,sr<=5%,kvB<=64k,kp<=16k,0.0345,6
16384,n<=64,sr<=5%,kvB<=64k,kp<=1k,0.0292,6
16384,n<=64,sr<=5%,kvB<=64k,kp<=2k,0.0296,6
16384,n<=64,sr<=5%,kvB<=64k,kp<=32k,0.0304,6
16384,n<=64,sr<=5%,kvB<=64k,kp<=4k,0.0304,6
16384,n<=64,sr<=5%,kvB<=64k,kp<=512,0.0263,6
16384,n<=64,sr<=5%,kvB<=64k,kp<=64k,-0.0002,6
16384,n<=64,sr<=5%,kvB<=64k,kp<=8k,0.031,6
16384,n<=64,sr<=5%,kvB<=64k,kp=0,0.0228,6
16384,n<=64,sr<=70%,kvB<=16k,kp<=16k,-0.0215,2
16384,n<=64,sr<=70%,kvB<=16k,kp<=1k,0.0256,2
16384,n<=64,sr<=70%,kvB<=16k,kp<=2k,0.0077,2
16384,n<=64,sr<=70%,kvB<=16k,kp<=32k,-0.0129,2
16384,n<=64,sr<=70%,kvB<=16k,kp<=4k,0.0056,2
16384,n<=64,sr<=70%,kvB<=16k,kp<=512,0.0282,2
16384,n<=64,sr<=70%,kvB<=16k,kp<=64k,0.0022,2
16384,n<=64,sr<=70%,kvB<=16k,kp<=8k,0.0027,2
16384,n<=64,sr<=70%,kvB<=16k,kp=0,0.0331,2
16384,n<=64,sr<=70%,kvB<=1k,kp<=16k,0.2614,2
16384,n<=64,sr<=70%,kvB<=1k,kp<=1k,0.0752,2
16384,n<=64,sr<=70%,kvB<=1k,kp<=2k,0.0776,2
16384,n<=64,sr<=70%,kvB<=1k,kp<=32k,0.0971,2
16384,n<=64,sr<=70%,kvB<=1k,kp<=4k,0.1055,2
16384,n<=64,sr<=70%,kvB<=1k,kp<=512,0.0559,2
16384,n<=64,sr<=70%,kvB<=1k,kp<=64k,0.1267,2
16384,n<=64,sr<=70%,kvB<=1k,kp<=8k,0.166,2
16384,n<=64,sr<=70%,kvB<=1k,kp=0,0.1309,2
16384,n<=64,sr<=70%,kvB<=4k,kp<=16k,0.0129,2
16384,n<=64,sr<=70%,kvB<=4k,kp<=1k,-0.0279,2
16384,n<=64,sr<=70%,kvB<=4k,kp<=2k,-0.012,2
16384,n<=64,sr<=70%,kvB<=4k,kp<=32k,0.0443,2
16384,n<=64,sr<=70%,kvB<=4k,kp<=4k,-0.0266,2
16384,n<=64,sr<=70%,kvB<=4k,kp<=512,-0.0243,2
16384,n<=64,sr<=70%,kvB<=4k,kp<=64k,-0.0018,2
16384,n<=64,sr<=70%,kvB<=4k,kp<=8k,-0.0128,2
16384,n<=64,sr<=70%,kvB<=4k,kp=0,0.0102,2
16384,n<=64,sr<=70%,kvB<=64k,kp<=16k,0.1894,2
16384,n<=64,sr<=70%,kvB<=64k,kp<=1k,0.0284,2
16384,n<=64,sr<=70%,kvB<=64k,kp<=2k,0.0374,2
16384,n<=64,sr<=70%,kvB<=64k,kp<=32k,0.0099,2
16384,n<=64,sr<=70%,kvB<=64k,kp<=4k,0.0378,2
16384,n<=64,sr<=70%,kvB<=64k,kp<=512,0.0219,2
16384,n<=64,sr<=70%,kvB<=64k,kp<=64k,-0.038,2
16384,n<=64,sr<=70%,kvB<=64k,kp<=8k,-0.0029,2
16384,n<=64,sr<=70%,kvB<=64k,kp=0,0.0126,2
16384,n<=64,sr>70%,kvB<=16k,kp<=16k,-0.0195,4
16384,n<=64,sr>70%,kvB<=16k,kp<=1k,-0.0081,4
16384,n<=64,sr>70%,kvB<=16k,kp<=2k,-0.0277,4
16384,n<=64,sr>70%,kvB<=16k,kp<=32k,-0.012,4
16384,n<=64,sr>70%,kvB<=16k,kp<=4k,-0.0256,4
16384,n<=64,sr>70%,kvB<=16k,kp<=512,0.0004,4
16384,n<=64,sr>70%,kvB<=16k,kp<=64k,0.0032,4
16384,n<=64,sr>70%,kvB<=16k,kp<=8k,0.0031,4
16384,n<=64,sr>70%,kvB<=16k,kp=0,0.0243,4
16384,n<=64,sr>70%,kvB<=1k,kp<=16k,0.4076,4
16384,n<=64,sr>70%,kvB<=1k,kp<=1k,0.2328,4
16384,n<=64,sr>70%,kvB<=1k,kp<=2k,0.2536,4
16384,n<=64,sr>70%,kvB<=1k,kp<=32k,0.3425,4
16384,n<=64,sr>70%,kvB<=1k,kp<=4k,0.3893,4
16384,n<=64,sr>70%,kvB<=1k,kp<=512,0.2868,4
16384,n<=64,sr>70%,kvB<=1k,kp<=64k,0.2566,4
16384,n<=64,sr>70%,kvB<=1k,kp<=8k,0.2675,4
16384,n<=64,sr>70%,kvB<=1k,kp=0,0.3179,4
16384,n<=64,sr>70%,kvB<=4k,kp<=16k,-0.0212,4
16384,n<=64,sr>70%,kvB<=4k,kp<=1k,0.0305,4
16384,n<=64,sr>70%,kvB<=4k,kp<=2k,0.0128,4
16384,n<=64,sr>70%,kvB<=4k,kp<=32k,0.0882,4
16384,n<=64,sr>70%,kvB<=4k,kp<=4k,0.0351,4
16384,n<=64,sr>70%,kvB<=4k,kp<=512,0.0189,4
16384,n<=64,sr>70%,kvB<=4k,kp<=64k,0.1067,4
16384,n<=64,sr>70%,kvB<=4k,kp<=8k,0.0213,4
16384,n<=64,sr>70%,kvB<=4k,kp=0,0.0447,4
16384,n<=64,sr>70%,kvB<=64k,kp<=16k,0.312,4
16384,n<=64,sr>70%,kvB<=64k,kp<=1k,0.0106,4
16384,n<=64,sr>70%,kvB<=64k,kp<=2k,0.0281,4
16384,n<=64,sr>70%,kvB<=64k,kp<=32k,-0.0295,4
16384,n<=64,sr>70%,kvB<=64k,kp<=4k,0.0569,4
16384,n<=64,sr>70%,kvB<=64k,kp<=512,0.0089,4
16384,n<=64,sr>70%,kvB<=64k,kp<=64k,-0.0502,4
16384,n<=64,sr>70%,kvB<=64k,kp<=8k,0.0034,4
16384,n<=64,sr>70%,kvB<=64k,kp=0,0.0099,4
16384,n<=8,sr<=15%,kvB<=16k,kp<=16k,0.0365,2
16384,n<=8,sr<=15%,kvB<=16k,kp<=1k,-0.0047,2
16384,n<=8,sr<=15%,kvB<=16k,kp<=2k,-0.0168,2
16384,n<=8,sr<=15%,kvB<=16k,kp<=32k,0.0316,2
16384,n<=8,sr<=15%,kvB<=16k,kp<=4k,-0.0057,2
16384,n<=8,sr<=15%,kvB<=16k,kp<=512,-0.0053,2
16384,n<=8,sr<=15%,kvB<=16k,kp<=64k,-0.0888,2
16384,n<=8,sr<=15%,kvB<=16k,kp<=8k,-0.0011,2
16384,n<=8,sr<=15%,kvB<=16k,kp=0,0.0119,2
16384,n<=8,sr<=15%,kvB<=1k,kp<=16k,-0.4196,2
16384,n<=8,sr<=15%,kvB<=1k,kp<=1k,0.0146,2
16384,n<=8,sr<=15%,kvB<=1k,kp<=2k,0.6726,2
16384,n<=8,sr<=15%,kvB<=1k,kp<=32k,0.3969,2
16384,n<=8,sr<=15%,kvB<=1k,kp<=4k,0.1426,2
16384,n<=8,sr<=15%,kvB<=1k,kp<=512,0.1928,2
16384,n<=8,sr<=15%,kvB<=1k,kp<=64k,-0.1971,2
16384,n<=8,sr<=15%,kvB<=1k,kp<=8k,0.3591,2
16384,n<=8,sr<=15%,kvB<=1k,kp=0,0.2649,2
16384,n<=8,sr<=15%,kvB<=4k,kp<=16k,0.0491,2
16384,n<=8,sr<=15%,kvB<=4k,kp<=1k,-0.0121,2
16384,n<=8,sr<=15%,kvB<=4k,kp<=2k,0.0053,2
16384,n<=8,sr<=15%,kvB<=4k,kp<=32k,0.0646,2
16384,n<=8,sr<=15%,kvB<=4k,kp<=4k,0.0052,2
16384,n<=8,sr<=15%,kvB<=4k,kp<=512,0.0109,2
16384,n<=8,sr<=15%,kvB<=4k,kp<=64k,0.0245,2
16384,n<=8,sr<=15%,kvB<=4k,kp<=8k,-0.04,2
16384,n<=8,sr<=15%,kvB<=4k,kp=0,-0.0708,2
16384,n<=8,sr<=15%,kvB<=64k,kp<=16k,0.268,2
16384,n<=8,sr<=15%,kvB<=64k,kp<=1k,0.3619,2
16384,n<=8,sr<=15%,kvB<=64k,kp<=2k,0.358,2
16384,n<=8,sr<=15%,kvB<=64k,kp<=32k,0.1804,2
16384,n<=8,sr<=15%,kvB<=64k,kp<=4k,0.3533,2
16384,n<=8,sr<=15%,kvB<=64k,kp<=512,0.3659,2
16384,n<=8,sr<=15%,kvB<=64k,kp<=64k,-0.0138,2
16384,n<=8,sr<=15%,kvB<=64k,kp<=8k,0.3339,2
16384,n<=8,sr<=15%,kvB<=64k,kp=0,0.367,2
16384,n<=8,sr<=40%,kvB<=16k,kp<=16k,0.0023,4
16384,n<=8,sr<=40%,kvB<=16k,kp<=1k,0.0212,4
16384,n<=8,sr<=40%,kvB<=16k,kp<=2k,0.0119,4
16384,n<=8,sr<=40%,kvB<=16k,kp<=32k,-0.0002,4
16384,n<=8,sr<=40%,kvB<=16k,kp<=4k,-0.0015,4
16384,n<=8,sr<=40%,kvB<=16k,kp<=512,0.0561,4
16384,n<=8,sr<=40%,kvB<=16k,kp<=64k,-0.0607,4
16384,n<=8,sr<=40%,kvB<=16k,kp<=8k,-0.031,4
16384,n<=8,sr<=40%,kvB<=16k,kp=0,0.0847,4
16384,n<=8,sr<=40%,kvB<=1k,kp<=16k,0.3675,3
16384,n<=8,sr<=40%,kvB<=1k,kp<=1k,0.1004,4
16384,n<=8,sr<=40%,kvB<=1k,kp<=2k,0.1436,4
16384,n<=8,sr<=40%,kvB<=1k,kp<=32k,0.1511,4
16384,n<=8,sr<=40%,kvB<=1k,kp<=4k,-0.0227,4
16384,n<=8,sr<=40%,kvB<=1k,kp<=512,0.0869,4
16384,n<=8,sr<=40%,kvB<=1k,kp<=64k,0.1243,3
16384,n<=8,sr<=40%,kvB<=1k,kp<=8k,0.0489,4
16384,n<=8,sr<=40%,kvB<=1k,kp=0,0.2287,4
16384,n<=8,sr<=40%,kvB<=4k,kp<=16k,0.0377,4
16384,n<=8,sr<=40%,kvB<=4k,kp<=1k,0.0206,4
16384,n<=8,sr<=40%,kvB<=4k,kp<=2k,0.0242,4
16384,n<=8,sr<=40%,kvB<=4k,kp<=32k,0.056,4
16384,n<=8,sr<=40%,kvB<=4k,kp<=4k,0.0171,4
16384,n<=8,sr<=40%,kvB<=4k,kp<=512,0.0308,4
16384,n<=8,sr<=40%,kvB<=4k,kp<=64k,-0.0875,4
16384,n<=8,sr<=40%,kvB<=4k,kp<=8k,-0.0348,4
16384,n<=8,sr<=40%,kvB<=4k,kp=0,0.0434,4
16384,n<=8,sr<=40%,kvB<=64k,kp<=16k,0.3222,4
16384,n<=8,sr<=40%,kvB<=64k,kp<=1k,0.3707,4
16384,n<=8,sr<=40%,kvB<=64k,kp<=2k,0.3701,4
16384,n<=8,sr<=40%,kvB<=64k,kp<=32k,0.2852,4
16384,n<=8,sr<=40%,kvB<=64k,kp<=4k,0.3607,4
16384,n<=8,sr<=40%,kvB<=64k,kp<=512,0.3711,4
16384,n<=8,sr<=40%,kvB<=64k,kp<=64k,-0.01,4
16384,n<=8,sr<=40%,kvB<=64k,kp<=8k,0.35,4
16384,n<=8,sr<=40%,kvB<=64k,kp=0,0.3717,4
16384,n<=8,sr<=70%,kvB<=16k,kp<=16k,0.0159,2
16384,n<=8,sr<=70%,kvB<=16k,kp<=1k,0.0604,2
16384,n<=8,sr<=70%,kvB<=16k,kp<=2k,0.0293,2
16384,n<=8,sr<=70%,kvB<=16k,kp<=32k,0.0414,2
16384,n<=8,sr<=70%,kvB<=16k,kp<=4k,0.0028,2
16384,n<=8,sr<=70%,kvB<=16k,kp<=512,0.1005,2
16384,n<=8,sr<=70%,kvB<=16k,kp<=64k,-0.0891,2
16384,n<=8,sr<=70%,kvB<=16k,kp<=8k,-0.0141,2
16384,n<=8,sr<=70%,kvB<=16k,kp=0,0.1103,2
16384,n<=8,sr<=70%,kvB<=1k,kp<=16k,0.1963,2
16384,n<=8,sr<=70%,kvB<=1k,kp<=1k,0.0441,2
16384,n<=8,sr<=70%,kvB<=1k,kp<=2k,0.1533,2
16384,n<=8,sr<=70%,kvB<=1k,kp<=32k,-0.2283,2
16384,n<=8,sr<=70%,kvB<=1k,kp<=4k,-0.004,2
16384,n<=8,sr<=70%,kvB<=1k,kp<=512,0.1586,2
16384,n<=8,sr<=70%,kvB<=1k,kp<=64k,0.1912,2
16384,n<=8,sr<=70%,kvB<=1k,kp<=8k,-0.1044,2
16384,n<=8,sr<=70%,kvB<=1k,kp=0,0.475,2
16384,n<=8,sr<=70%,kvB<=4k,kp<=16k,0.0244,2
16384,n<=8,sr<=70%,kvB<=4k,kp<=1k,0.0975,2
16384,n<=8,sr<=70%,kvB<=4k,kp<=2k,-0.0013,2
16384,n<=8,sr<=70%,kvB<=4k,kp<=32k,0.1283,1
16384,n<=8,sr<=70%,kvB<=4k,kp<=4k,-0.0682,2
16384,n<=8,sr<=70%,kvB<=4k,kp<=512,0.0699,2
16384,n<=8,sr<=70%,kvB<=4k,kp<=64k,-0.329,2
16384,n<=8,sr<=70%,kvB<=4k,kp<=8k,0.0547,2
16384,n<=8,sr<=70%,kvB<=4k,kp=0,-0.0462,2
16384,n<=8,sr<=70%,kvB<=64k,kp<=16k,0.3223,2
16384,n<=8,sr<=70%,kvB<=64k,kp<=1k,0.3698,2
16384,n<=8,sr<=70%,kvB<=64k,kp<=2k,0.373,2
16384,n<=8,sr<=70%,kvB<=64k,kp<=32k,0.3723,2
16384,n<=8,sr<=70%,kvB<=64k,kp<=4k,0.357,2
16384,n<=8,sr<=70%,kvB<=64k,kp<=512,0.3696,2
16384,n<=8,sr<=70%,kvB<=64k,kp<=64k,0.0596,2
16384,n<=8,sr<=70%,kvB<=64k,kp<=8k,0.3601,2
16384,n<=8,sr<=70%,kvB<=64k,kp=0,0.3701,2
16384,n<=8,sr>70%,kvB<=16k,kp<=16k,-0.0364,4
16384,n<=8,sr>70%,kvB<=16k,kp<=1k,0.1948,4
16384,n<=8,sr>70%,kvB<=16k,kp<=2k,-0.0148,4
16384,n<=8,sr>70%,kvB<=16k,kp<=32k,0.0217,4
16384,n<=8,sr>70%,kvB<=16k,kp<=4k,0.064,4
16384,n<=8,sr>70%,kvB<=16k,kp<=512,0.2363,4
16384,n<=8,sr>70%,kvB<=16k,kp<=64k,-0.0316,4
16384,n<=8,sr>70%,kvB<=16k,kp<=8k,-0.02,4
16384,n<=8,sr>70%,kvB<=16k,kp=0,0.2906,4
16384,n<=8,sr>70%,kvB<=1k,kp<=16k,0.5515,3
16384,n<=8,sr>70%,kvB<=1k,kp<=1k,0.5182,4
16384,n<=8,sr>70%,kvB<=1k,kp<=2k,0.0732,3
16384,n<=8,sr>70%,kvB<=1k,kp<=32k,1.4109,3
16384,n<=8,sr>70%,kvB<=1k,kp<=4k,0.3889,4
16384,n<=8,sr>70%,kvB<=1k,kp<=512,0.4361,4
16384,n<=8,sr>70%,kvB<=1k,kp<=64k,-0.2521,3
16384,n<=8,sr>70%,kvB<=1k,kp<=8k,0.1407,3
16384,n<=8,sr>70%,kvB<=1k,kp=0,0.3148,4
16384,n<=8,sr>70%,kvB<=4k,kp<=16k,0.1082,4
16384,n<=8,sr>70%,kvB<=4k,kp<=1k,0.052,4
16384,n<=8,sr>70%,kvB<=4k,kp<=2k,-0.0247,4
16384,n<=8,sr>70%,kvB<=4k,kp<=32k,0.3744,4
16384,n<=8,sr>70%,kvB<=4k,kp<=4k,0.0956,4
16384,n<=8,sr>70%,kvB<=4k,kp<=512,0.0965,4
16384,n<=8,sr>70%,kvB<=4k,kp<=64k,0.6778,4
16384,n<=8,sr>70%,kvB<=4k,kp<=8k,-0.2597,4
16384,n<=8,sr>70%,kvB<=4k,kp=0,-0.1822,4
16384,n<=8,sr>70%,kvB<=64k,kp<=16k,0.3632,4
16384,n<=8,sr>70%,kvB<=64k,kp<=1k,0.3619,4
16384,n<=8,sr>70%,kvB<=64k,kp<=2k,0.3659,4
16384,n<=8,sr>70%,kvB<=64k,kp<=32k,0.3492,4
16384,n<=8,sr>70%,kvB<=64k,kp<=4k,0.3509,4
16384,n<=8,sr>70%,kvB<=64k,kp<=512,0.3602,4
16384,n<=8,sr>70%,kvB<=64k,kp<=64k,-0.0683,4
16384,n<=8,sr>70%,kvB<=64k,kp<=8k,0.3433,4
16384,n<=8,sr>70%,kvB<=64k,kp=0,0.3544,4
