prefill_chunk,kv_prefill,n_decode,kv_decode,time_us
0,0,1,16,7.98967
0,0,1,32,8.031
0,0,1,64,8.266
0,0,1,128,8.02133
0,0,1,256,9.12
0,0,1,512,9.66367
0,0,1,1024,10.016
0,0,1,2048,10.3893
0,0,1,4096,11.1253
0,0,1,8192,16.8007
0,0,1,16384,21.6107
0,0,1,32768,30.9653
0,0,1,65536,48.853
0,0,1,131055,84.8
0,0,2,16,8.13867
0,0,2,32,7.872
0,0,2,64,7.88267
0,0,2,128,7.936
0,0,2,256,9.184
0,0,2,512,9.696
0,0,2,1024,9.94067
0,0,2,2048,11.0183
0,0,2,4096,15.733
0,0,2,8192,20.459
0,0,2,16384,29.3763
0,0,2,32768,47.434
0,0,2,65536,83.936
0,0,2,131055,155.199
0,0,4,16,7.93633
0,0,4,32,7.968
0,0,4,64,7.98867
0,0,4,128,7.98933
0,0,4,256,9.16267
0,0,4,512,9.95233
0,0,4,1024,10.9867
0,0,4,2048,13.8243
0,0,4,4096,18.453
0,0,4,8192,27.8083
0,0,4,16384,46.0693
0,0,4,32768,82.2723
0,0,4,65536,153.728
0,0,4,131055,298.944
0,0,8,16,8.16
0,0,8,32,8.18167
0,0,8,64,8.203
0,0,8,128,8.299
0,0,8,256,9.87733
0,0,8,512,11.5413
0,0,8,1024,13.7387
0,0,8,2048,18.7733
0,0,8,4096,28.1063
0,0,8,8192,46.1337
0,0,8,16384,81.8347
0,0,8,32768,153.824
0,0,8,65536,297.663
0,0,8,131055,584.042
0,0,16,16,9.68467
0,0,16,32,9.53533
0,0,16,64,9.55667
0,0,16,128,9.74933
0,0,16,256,11.691
0,0,16,512,14.3037
0,0,16,1024,19.0407
0,0,16,2048,28.6087
0,0,16,4096,46.368
0,0,16,8192,82.3893
0,0,16,16384,154.123
0,0,16,32768,297.803
0,0,16,65536,585.578
0,0,16,131055,1157.49
0,0,32,16,12.1283
0,0,32,32,12.064
0,0,32,64,11.9147
0,0,32,128,12.0957
0,0,32,256,16.5013
0,0,32,512,20.9383
0,0,32,1024,30.9433
0,0,32,2048,49.472
0,0,32,4096,85.6217
0,0,32,8192,158.282
0,0,32,16384,303.968
0,0,32,32768,602.379
0,0,32,65536,1180.69
0,0,32,131055,2355.78
0,0,64,16,15.9143
0,0,64,32,16.128
0,0,64,64,15.7763
0,0,64,128,15.947
0,0,64,256,23.275
0,0,64,512,33.1523
0,0,64,1024,52.384
0,0,64,2048,88.917
0,0,64,4096,162.645
0,0,64,8192,309.888
0,0,64,16384,602.506
0,0,64,32768,1210.95
0,0,64,65536,2408.79
0,0,64,131055,4797.87
0,0,128,16,23.3383
0,0,128,32,23.3493
0,0,128,64,23.413
0,0,128,128,23.904
0,0,128,256,35.7653
0,0,128,512,54.6987
0,0,128,1024,90.9117
0,0,128,2048,162.516
0,0,128,4096,305.151
0,0,128,8192,592.095
0,0,128,16384,1169.4
0,0,128,32768,2319.58
0,0,128,65536,4629.15
0,0,128,131055,9234.66
16,0,0,0,10.1227
16,0,1,16,15.1787
16,0,1,32,15.2857
16,0,1,64,15.2323
16,0,1,128,15.3807
16,0,1,256,16.3417
16,0,1,512,16.907
16,0,1,1024,17.13
16,0,1,2048,17.355
16,0,1,4096,18.1973
16,0,1,8192,24
16,0,1,16384,28.6193
16,0,1,32768,38.646
16,0,1,65536,56.2453
16,0,1,131055,91.85
16,0,2,16,15.1993
16,0,2,32,15.115
16,0,2,64,15.2853
16,0,2,128,15.253
16,0,2,256,16.4053
16,0,2,512,17.1417
16,0,2,1024,17.2157
16,0,2,2048,18.1653
16,0,2,4096,23.072
16,0,2,8192,27.6267
16,0,2,16384,37.2273
16,0,2,32768,55.0727
16,0,2,65536,91.083
16,0,2,131055,163.594
16,0,4,16,15.082
16,0,4,32,15.03
16,0,4,64,15.1253
16,0,4,128,15.1783
16,0,4,256,16.245
16,0,4,512,17.4297
16,0,4,1024,18.2827
16,0,4,2048,20.64
16,0,4,4096,25.472
16,0,4,8192,35.008
16,0,4,16384,53.269
16,0,4,32768,89.088
16,0,4,65536,161.451
16,0,4,131055,304.96
16,0,8,16,15.3493
16,0,8,32,15.4773
16,0,8,64,15.4023
16,0,8,128,15.595
16,0,8,256,16.896
16,0,8,512,18.57
16,0,8,1024,21.0663
16,0,8,2048,26.133
16,0,8,4096,35.5837
16,0,8,8192,53.7497
16,0,8,16384,89.3233
16,0,8,32768,160.811
16,0,8,65536,304.458
16,0,8,131055,592.746
16,0,16,16,16.298
16,0,16,32,16.48
16,0,16,64,16.5227
16,0,16,128,16.6927
16,0,16,256,18.6667
16,0,16,512,21.2163
16,0,16,1024,26.0583
16,0,16,2048,36.0743
16,0,16,4096,53.8237
16,0,16,8192,89.9943
16,0,16,16384,162.389
16,0,16,32768,305.419
16,0,16,65536,593.918
16,0,16,131055,1165.6
16,0,32,16,18.8053
16,0,32,32,18.773
16,0,32,64,18.8793
16,0,32,128,18.9443
16,0,32,256,23.2537
16,0,32,512,28.0213
16,0,32,1024,38.1867
16,0,32,2048,56.362
16,0,32,4096,93.0343
16,0,32,8192,164.811
16,0,32,16384,312.128
16,0,32,32768,604.373
16,0,32,65536,1189.55
16,0,32,131055,2350.06
16,0,64,16,23.051
16,0,64,32,23.0513
16,0,64,64,22.7733
16,0,64,128,23.2853
16,0,64,256,30.0267
16,0,64,512,39.978
16,0,64,1024,59.1677
16,0,64,2048,96.0003
16,0,64,4096,169.375
16,0,64,8192,317.226
16,0,64,16384,610.954
16,0,64,32768,1208.14
16,0,64,65536,2415.61
16,0,64,131055,4808.55
16,16,0,0,10.1973
16,16,1,16,14.7517
16,16,1,32,14.8697
16,16,1,64,14.8903
16,16,1,128,14.9657
16,16,1,256,15.9567
16,16,1,512,16.5763
16,16,1,1024,16.832
16,16,1,2048,17.0557
16,16,1,4096,18.0057
16,16,1,8192,23.8287
16,16,1,16384,28.4697
16,16,1,32768,38.2403
16,16,1,65536,56.4697
16,16,1,131055,92.032
16,16,2,16,15.061
16,16,2,32,15.114
16,16,2,64,15.136
16,16,2,128,15.1363
16,16,2,256,16.299
16,16,2,512,16.8857
16,16,2,1024,17.1423
16,16,2,2048,18.1013
16,16,2,4096,22.7843
16,16,2,8192,27.9043
16,16,2,16384,37.173
16,16,2,32768,55.4353
16,16,2,65536,91.2313
16,16,2,131055,162.613
16,16,4,16,14.9333
16,16,4,32,14.987
16,16,4,64,14.9007
16,16,4,128,15.0503
16,16,4,256,16.1707
16,16,4,512,16.8963
16,16,4,1024,17.9097
16,16,4,2048,20.704
16,16,4,4096,25.5043
16,16,4,8192,34.8593
16,16,4,16384,53.0877
16,16,4,32768,89.5997
16,16,4,65536,161.387
16,16,4,131055,304.928
16,16,8,16,15.1573
16,16,8,32,15.2217
16,16,8,64,15.4237
16,16,8,128,15.4883
16,16,8,256,16.8003
16,16,8,512,18.4847
16,16,8,1024,20.9173
16,16,8,2048,25.973
16,16,8,4096,35.4347
16,16,8,8192,53.6217
16,16,8,16384,89.472
16,16,8,32768,160.789
16,16,8,65536,304.704
16,16,8,131055,593.172
16,16,16,16,16.1383
16,16,16,32,16.341
16,16,16,64,16.277
16,16,16,128,16.48
16,16,16,256,18.4957
16,16,16,512,21.088
16,16,16,1024,25.8993
16,16,16,2048,35.8187
16,16,16,4096,53.8023
16,16,16,8192,89.845
16,16,16,16384,161.269
16,16,16,32768,305.375
16,16,16,65536,593.418
16,16,16,131055,1165.47
16,16,32,16,18.881
16,16,32,32,18.827
16,16,32,64,18.656
16,16,32,128,18.6773
16,16,32,256,23.0297
16,16,32,512,27.7013
16,16,32,1024,37.9627
16,16,32,2048,56.4053
16,16,32,4096,92.3307
16,16,32,8192,165.333
16,16,32,16384,311.54
16,16,32,32768,604.223
16,16,32,65536,1192.09
16,16,32,131055,2353.21
16,16,64,16,22.827
16,16,64,32,22.9763
16,16,64,64,22.784
16,16,64,128,23.104
16,16,64,256,29.8867
16,16,64,512,40.054
16,16,64,1024,59.2323
16,16,64,2048,96.171
16,16,64,4096,170.347
16,16,64,8192,318.485
16,16,64,16384,613.247
16,16,64,32768,1209.87
16,16,64,65536,2414.83
16,16,64,131055,4784.01
16,32,0,0,10.24
16,32,1,16,15.0717
16,32,1,32,15.158
16,32,1,64,15.2003
16,32,1,128,15.2533
16,32,1,256,16.2447
16,32,1,512,16.8637
16,32,1,1024,17.0983
16,32,1,2048,17.376
16,32,1,4096,18.2397
16,32,1,8192,24.032
16,32,1,16384,29.056
16,32,1,32768,38.2297
16,32,1,65536,56.128
16,32,1,131055,92.192
16,32,2,16,15.3387
16,32,2,32,15.2853
16,32,2,64,15.3597
16,32,2,128,15.3917
16,32,2,256,16.4477
16,32,2,512,17.046
16,32,2,1024,17.472
16,32,2,2048,18.2397
16,32,2,4096,22.9223
16,32,2,8192,27.6587
16,32,2,16384,37.291
16,32,2,32768,55.5843
16,32,2,65536,91.3387
16,32,2,131055,163.019
16,32,4,16,15.233
16,32,4,32,15.3273
16,32,4,64,15.2537
16,32,4,128,15.2847
16,32,4,256,16.4263
16,32,4,512,17.2373
16,32,4,1024,18.2407
16,32,4,2048,20.9813
16,32,4,4096,25.5147
16,32,4,8192,35.0933
16,32,4,16384,53.2693
16,32,4,32768,89.3867
16,32,4,65536,161.237
16,32,4,131055,305.045
16,32,8,16,15.52
16,32,8,32,15.5733
16,32,8,64,15.5943
16,32,8,128,15.744
16,32,8,256,16.8743
16,32,8,512,18.624
16,32,8,1024,21.2473
16,32,8,2048,25.9627
16,32,8,4096,35.712
16,32,8,8192,53.7067
16,32,8,16384,89.653
16,32,8,32768,161.109
16,32,8,65536,305.611
16,32,8,131055,592.821
16,32,16,16,16.277
16,32,16,32,16.192
16,32,16,64,16.5333
16,32,16,128,16.7687
16,32,16,256,18.6027
16,32,16,512,21.1313
16,32,16,1024,26.0163
16,32,16,2048,35.8183
16,32,16,4096,54.229
16,32,16,8192,89.462
16,32,16,16384,161.515
16,32,16,32768,305.578
16,32,16,65536,593.653
16,32,16,131055,1166.74
16,32,32,16,18.784
16,32,32,32,18.816
16,32,32,64,18.5807
16,32,32,128,18.72
16,32,32,256,23.051
16,32,32,512,27.584
16,32,32,1024,37.9203
16,32,32,2048,55.851
16,32,32,4096,92.1603
16,32,32,8192,164.256
16,32,32,16384,311.061
16,32,32,32768,603.968
16,32,32,65536,1186.67
16,32,32,131055,2352.29
16,32,64,16,22.9433
16,32,64,32,22.9443
16,32,64,64,22.966
16,32,64,128,22.9447
16,32,64,256,30.442
16,32,64,512,40.085
16,32,64,1024,59.1883
16,32,64,2048,95.819
16,32,64,4096,169.409
16,32,64,8192,315.541
16,32,64,16384,617.418
16,32,64,32768,1205.93
16,32,64,65536,2412.05
16,32,64,131055,4812.27
16,64,0,0,10.0373
16,64,1,16,15.1157
16,64,1,32,15.2217
16,64,1,64,15.4027
16,64,1,128,15.232
16,64,1,256,16.3407
16,64,1,512,17.003
16,64,1,1024,17.0027
16,64,1,2048,17.3117
16,64,1,4096,18.1973
16,64,1,8192,24.0957
16,64,1,16384,28.864
16,64,1,32768,38.4213
16,64,1,65536,56.448
16,64,1,131055,92.0213
16,64,2,16,15.3173
16,64,2,32,15.1787
16,64,2,64,15.3703
16,64,2,128,15.2747
16,64,2,256,16.5333
16,64,2,512,17.2907
16,64,2,1024,17.323
16,64,2,2048,18.1013
16,64,2,4096,23.104
16,64,2,8192,27.648
16,64,2,16384,37.2057
16,64,2,32768,55.4563
16,64,2,65536,90.976
16,64,2,131055,164.427
16,64,4,16,15.061
16,64,4,32,15.1997
16,64,4,64,15.1147
16,64,4,128,15.2
16,64,4,256,16.3737
16,64,4,512,17.2583
16,64,4,1024,17.942
16,64,4,2048,20.9593
16,64,4,4096,25.1837
16,64,4,8192,35.2747
16,64,4,16384,53.5577
16,64,4,32768,89.365
16,64,4,65536,161.397
16,64,4,131055,305.514
16,64,8,16,15.318
16,64,8,32,15.3483
16,64,8,64,15.4453
16,64,8,128,15.584
16,64,8,256,16.7353
16,64,8,512,18.72
16,64,8,1024,20.9707
16,64,8,2048,26.0263
16,64,8,4096,35.2217
16,64,8,8192,53.653
16,64,8,16384,89.344
16,64,8,32768,160.768
16,64,8,65536,304.779
16,64,8,131055,593.375
16,64,16,16,16.427
16,64,16,32,16.2773
16,64,16,64,16.2773
16,64,16,128,16.586
16,64,16,256,18.4113
16,64,16,512,21.077
16,64,16,1024,26.1223
16,64,16,2048,35.7547
16,64,16,4096,53.8553
16,64,16,8192,89.6533
16,64,16,16384,162.72
16,64,16,32768,305.611
16,64,16,65536,593.514
16,64,16,131055,1165.32
16,64,32,16,18.7203
16,64,32,32,18.8053
16,64,32,64,18.3467
16,64,32,128,18.581
16,64,32,256,23.1157
16,64,32,512,27.9043
16,64,32,1024,37.7927
16,64,32,2048,55.9573
16,64,32,4096,92.7253
16,64,32,8192,164.299
16,64,32,16384,309.887
16,64,32,32768,606.411
16,64,32,65536,1190.38
16,64,32,131055,2339.74
16,64,64,16,22.7417
16,64,64,32,22.6667
16,64,64,64,22.8157
16,64,64,128,23.061
16,64,64,256,30.0797
16,64,64,512,40.1913
16,64,64,1024,59.552
16,64,64,2048,96.0543
16,64,64,4096,170.048
16,64,64,8192,315.616
16,64,64,16384,609.248
16,64,64,32768,1211.59
16,64,64,65536,2413.97
16,64,64,131055,4805.73
16,128,0,0,11.4027
16,128,1,16,16.672
16,128,1,32,16.5013
16,128,1,64,16.7897
16,128,1,128,16.703
16,128,1,256,17.9307
16,128,1,512,18.56
16,128,1,1024,18.5707
16,128,1,2048,18.8477
16,128,1,4096,19.584
16,128,1,8192,25.621
16,128,1,16384,30.368
16,128,1,32768,39.9457
16,128,1,65536,57.888
16,128,1,131055,93.7597
16,128,2,16,16.3953
16,128,2,32,16.6287
16,128,2,64,16.63
16,128,2,128,16.5867
16,128,2,256,17.622
16,128,2,512,18.5707
16,128,2,1024,18.6237
16,128,2,2048,19.4997
16,128,2,4096,24.352
16,128,2,8192,28.8747
16,128,2,16384,38.368
16,128,2,32768,56.8317
16,128,2,65536,92.1597
16,128,2,131055,165.525
16,128,4,16,16.6293
16,128,4,32,16.4263
16,128,4,64,16.672
16,128,4,128,16.6187
16,128,4,256,17.8237
16,128,4,512,18.6983
16,128,4,1024,19.755
16,128,4,2048,22.2613
16,128,4,4096,27.03
16,128,4,8192,36.512
16,128,4,16384,54.731
16,128,4,32768,90.7097
16,128,4,65536,162.912
16,128,4,131055,307.2
16,128,8,16,16.8423
16,128,8,32,16.7893
16,128,8,64,16.9283
16,128,8,128,17.077
16,128,8,256,18.3463
16,128,8,512,20.0743
16,128,8,1024,22.4213
16,128,8,2048,27.3487
16,128,8,4096,36.6823
16,128,8,8192,54.869
16,128,8,16384,90.6027
16,128,8,32768,162.645
16,128,8,65536,308.309
16,128,8,131055,593.525
16,128,16,16,17.8247
16,128,16,32,17.984
16,128,16,64,17.9407
16,128,16,128,18.0793
16,128,16,256,20.0853
16,128,16,512,22.6347
16,128,16,1024,27.605
16,128,16,2048,37.322
16,128,16,4096,55.2423
16,128,16,8192,91.5093
16,128,16,16384,164.246
16,128,16,32768,307.499
16,128,16,65536,594.122
16,128,16,131055,1168.05
16,128,32,16,20.352
16,128,32,32,20.4907
16,128,32,64,20.075
16,128,32,128,20.363
16,128,32,256,24.6077
16,128,32,512,29.632
16,128,32,1024,39.6373
16,128,32,2048,57.771
16,128,32,4096,94.23
16,128,32,8192,166.933
16,128,32,16384,315.179
16,128,32,32768,603.754
16,128,32,65536,1189.42
16,128,32,131055,2357.46
16,128,64,16,24.437
16,128,64,32,24.4373
16,128,64,64,24.2877
16,128,64,128,24.6403
16,128,64,256,31.5623
16,128,64,512,41.7717
16,128,64,1024,60.715
16,128,64,2048,97.8237
16,128,64,4096,170.751
16,128,64,8192,317.866
16,128,64,16384,616.736
16,128,64,32768,1210.47
16,128,64,65536,2411.74
16,128,64,131055,4809.68
16,256,0,0,13.088
16,256,1,16,17.9733
16,256,1,32,17.8243
16,256,1,64,17.9307
16,256,1,128,17.92
16,256,1,256,18.8697
16,256,1,512,19.6587
16,256,1,1024,19.68
16,256,1,2048,20.0857
16,256,1,4096,20.9703
16,256,1,8192,26.6463
16,256,1,16384,31.5847
16,256,1,32768,41.131
16,256,1,65536,58.6987
16,256,1,131055,94.517
16,256,2,16,17.867
16,256,2,32,17.8987
16,256,2,64,17.9313
16,256,2,128,17.8027
16,256,2,256,19.008
16,256,2,512,19.7553
16,256,2,1024,20.0217
16,256,2,2048,20.832
16,256,2,4096,25.9403
16,256,2,8192,30.432
16,256,2,16384,39.6697
16,256,2,32768,57.7173
16,256,2,65536,94.442
16,256,2,131055,165.857
16,256,4,16,17.898
16,256,4,32,18.0053
16,256,4,64,17.9733
16,256,4,128,17.952
16,256,4,256,19.1677
16,256,4,512,20
16,256,4,1024,21.0563
16,256,4,2048,23.8933
16,256,4,4096,28.2027
16,256,4,8192,37.8127
16,256,4,16384,56.4693
16,256,4,32768,91.797
16,256,4,65536,163.744
16,256,4,131055,307.573
16,256,8,16,18.1543
16,256,8,32,18.2827
16,256,8,64,18.304
16,256,8,128,18.4323
16,256,8,256,19.744
16,256,8,512,21.472
16,256,8,1024,23.9147
16,256,8,2048,29.0023
16,256,8,4096,38.3673
16,256,8,8192,56.2773
16,256,8,16384,91.861
16,256,8,32768,164.629
16,256,8,65536,308.096
16,256,8,131055,594.293
16,256,16,16,19.0613
16,256,16,32,19.2107
16,256,16,64,19.296
16,256,16,128,19.3703
16,256,16,256,21.334
16,256,16,512,24.2347
16,256,16,1024,29.1093
16,256,16,2048,38.901
16,256,16,4096,56.5127
16,256,16,8192,93.0343
16,256,16,16384,164.416
16,256,16,32768,308.427
16,256,16,65536,594.966
16,256,16,131055,1170.66
16,256,32,16,21.7703
16,256,32,32,21.761
16,256,32,64,21.6747
16,256,32,128,21.7707
16,256,32,256,25.8773
16,256,32,512,30.7193
16,256,32,1024,40.3733
16,256,32,2048,58.7733
16,256,32,4096,95.541
16,256,32,8192,169.226
16,256,32,16384,314.368
16,256,32,32768,607.797
16,256,32,65536,1191.82
16,256,32,131055,2353.64
16,256,64,16,25.7383
16,256,64,32,25.6743
16,256,64,64,25.728
16,256,64,128,26.261
16,256,64,256,32.917
16,256,64,512,42.7833
16,256,64,1024,61.6743
16,256,64,2048,98.571
16,256,64,4096,172.309
16,256,64,8192,320.513
16,256,64,16384,615.126
16,256,64,32768,1209.58
16,256,64,65536,2417.23
16,256,64,131055,4819.1
16,512,0,0,15.9037
16,512,1,16,21.355
16,512,1,32,21.472
16,512,1,64,21.4287
16,512,1,128,21.5037
16,512,1,256,21.6957
16,512,1,512,22.72
16,512,1,1024,22.891
16,512,1,2048,23.2
16,512,1,4096,23.9893
16,512,1,8192,30.208
16,512,1,16384,35.0937
16,512,1,32768,44.0653
16,512,1,65536,61.9947
16,512,1,131055,97.9517
16,512,2,16,21.728
16,512,2,32,21.7383
16,512,2,64,21.781
16,512,2,128,21.632
16,512,2,256,21.8133
16,512,2,512,22.8907
16,512,2,1024,23.3493
16,512,2,2048,24.0313
16,512,2,4096,28.864
16,512,2,8192,33.738
16,512,2,16384,42.9443
16,512,2,32768,61.0343
16,512,2,65536,97.195
16,512,2,131055,170.475
16,512,4,16,21.6533
16,512,4,32,21.77
16,512,4,64,21.728
16,512,4,128,21.8987
16,512,4,256,21.7607
16,512,4,512,22.9973
16,512,4,1024,24.1593
16,512,4,2048,27.0083
16,512,4,4096,31.403
16,512,4,8192,40.8963
16,512,4,16384,59.328
16,512,4,32768,95.67
16,512,4,65536,167.061
16,512,4,131055,311.104
16,512,8,16,22.6667
16,512,8,32,22.8373
16,512,8,64,22.763
16,512,8,128,22.72
16,512,8,256,23.19
16,512,8,512,24.64
16,512,8,1024,26.9333
16,512,8,2048,32.053
16,512,8,4096,41.2577
16,512,8,8192,59.1043
16,512,8,16384,95.5407
16,512,8,32768,167.307
16,512,8,65536,310.218
16,512,8,131055,596.885
16,512,16,16,22.2613
16,512,16,32,22.5063
16,512,16,64,22.5707
16,512,16,128,22.6667
16,512,16,256,24.7357
16,512,16,512,27.3817
16,512,16,1024,32.0853
16,512,16,2048,41.6953
16,512,16,4096,59.9467
16,512,16,8192,96.0637
16,512,16,16384,167.776
16,512,16,32768,310.955
16,512,16,65536,598.848
16,512,16,131055,1169.01
16,512,32,16,24.8103
16,512,32,32,24.8643
16,512,32,64,24.5547
16,512,32,128,24.6297
16,512,32,256,29.0137
16,512,32,512,33.7703
16,512,32,1024,43.8927
16,512,32,2048,62.112
16,512,32,4096,98.08
16,512,32,8192,169.952
16,512,32,16384,318.997
16,512,32,32768,613.312
16,512,32,65536,1195.78
16,512,32,131055,2350.41
16,512,64,16,28.9177
16,512,64,32,28.9607
16,512,64,64,28.7037
16,512,64,128,28.9287
16,512,64,256,35.9893
16,512,64,512,45.7057
16,512,64,1024,65.7387
16,512,64,2048,101.269
16,512,64,4096,175.072
16,512,64,8192,320.032
16,512,64,16384,615.861
16,512,64,32768,1214.95
16,512,64,65536,2402.4
16,512,64,131055,4818.98
16,1024,0,0,22.1227
16,1024,1,16,27.862
16,1024,1,32,27.7007
16,1024,1,64,27.7013
16,1024,1,128,27.6263
16,1024,1,256,27.84
16,1024,1,512,27.9357
16,1024,1,1024,28.9173
16,1024,1,2048,29.333
16,1024,1,4096,30.187
16,1024,1,8192,36.192
16,1024,1,16384,40.8527
16,1024,1,32768,50.4317
16,1024,1,65536,68.4477
16,1024,1,131055,105.227
16,1024,2,16,27.9887
16,1024,2,32,27.7867
16,1024,2,64,28.021
16,1024,2,128,27.7867
16,1024,2,256,28.1173
16,1024,2,512,28.0427
16,1024,2,1024,29.1413
16,1024,2,2048,29.8133
16,1024,2,4096,34.7843
16,1024,2,8192,39.5833
16,1024,2,16384,49.056
16,1024,2,32768,67.6593
16,1024,2,65536,103.157
16,1024,2,131055,174.709
16,1024,4,16,28.2027
16,1024,4,32,28.5227
16,1024,4,64,28.117
16,1024,4,128,28.267
16,1024,4,256,28.586
16,1024,4,512,28.48
16,1024,4,1024,30.1863
16,1024,4,2048,32.758
16,1024,4,4096,37.312
16,1024,4,8192,46.6347
16,1024,4,16384,65.4607
16,1024,4,32768,101.664
16,1024,4,65536,173.066
16,1024,4,131055,317.387
16,1024,8,16,28.8427
16,1024,8,32,28.8743
16,1024,8,64,28.7993
16,1024,8,128,28.799
16,1024,8,256,29.099
16,1024,8,512,30.7523
16,1024,8,1024,32.971
16,1024,8,2048,37.92
16,1024,8,4096,47.6053
16,1024,8,8192,65.312
16,1024,8,16384,101.462
16,1024,8,32768,173.237
16,1024,8,65536,317.323
16,1024,8,131055,603.477
16,1024,16,16,28.3203
16,1024,16,32,28.3307
16,1024,16,64,28.481
16,1024,16,128,28.6087
16,1024,16,256,30.4427
16,1024,16,512,33.2797
16,1024,16,1024,37.994
16,1024,16,2048,47.7763
16,1024,16,4096,66.4537
16,1024,16,8192,102.816
16,1024,16,16384,174.689
16,1024,16,32768,316.758
16,1024,16,65536,604.831
16,1024,16,131055,1177.11
16,1024,32,16,30.8803
16,1024,32,32,30.955
16,1024,32,64,30.7307
16,1024,32,128,30.7097
16,1024,32,256,35.4557
16,1024,32,512,39.882
16,1024,32,1024,49.8457
16,1024,32,2048,67.915
16,1024,32,4096,104.586
16,1024,32,8192,177.451
16,1024,32,16384,326.005
16,1024,32,32768,616.832
16,1024,32,65536,1202.63
16,1024,32,131055,2363.42
16,1024,64,16,35.1897
16,1024,64,32,35.1037
16,1024,64,64,34.7513
16,1024,64,128,35.125
16,1024,64,256,42.2393
16,1024,64,512,52.5117
16,1024,64,1024,71.5097
16,1024,64,2048,107.84
16,1024,64,4096,181.067
16,1024,64,8192,327.061
16,1024,64,16384,625.365
16,1024,64,32768,1218.76
16,1024,64,65536,2414.11
16,1024,64,131055,4810.83
16,2048,0,0,34.0807
16,2048,1,16,40.1493
16,2048,1,32,40.1917
16,2048,1,64,40.3417
16,2048,1,128,40.2567
16,2048,1,256,39.9783
16,2048,1,512,40.3627
16,2048,1,1024,40.3417
16,2048,1,2048,41.8013
16,2048,1,4096,42.7087
16,2048,1,8192,48.6603
16,2048,1,16384,53.1197
16,2048,1,32768,62.688
16,2048,1,65536,80.7047
16,2048,1,131055,116.853
16,2048,2,16,40.352
16,2048,2,32,40.3093
16,2048,2,64,40.4053
16,2048,2,128,40.4267
16,2048,2,256,40.2663
16,2048,2,512,40.522
16,2048,2,1024,40.9487
16,2048,2,2048,42.656
16,2048,2,4096,47.0933
16,2048,2,8192,51.84
16,2048,2,16384,61.301
16,2048,2,32768,80.1603
16,2048,2,65536,115.455
16,2048,2,131055,187.318
16,2048,4,16,40.725
16,2048,4,32,40.939
16,2048,4,64,40.917
16,2048,4,128,41.1307
16,2048,4,256,41.087
16,2048,4,512,41.4397
16,2048,4,1024,43.03
16,2048,4,2048,45.3867
16,2048,4,4096,49.7283
16,2048,4,8192,59.4987
16,2048,4,16384,77.8027
16,2048,4,32768,113.6
16,2048,4,65536,185.91
16,2048,4,131055,330.336
16,2048,8,16,41.2797
16,2048,8,32,41.387
16,2048,8,64,41.258
16,2048,8,128,41.088
16,2048,8,256,41.419
16,2048,8,512,43.157
16,2048,8,1024,45.3867
16,2048,8,2048,50.219
16,2048,8,4096,59.477
16,2048,8,8192,78.048
16,2048,8,16384,113.952
16,2048,8,32768,185.376
16,2048,8,65536,328.511
16,2048,8,131055,616.202
16,2048,16,16,40.6293
16,2048,16,32,40.8427
16,2048,16,64,41.002
16,2048,16,128,41.0773
16,2048,16,256,42.8483
16,2048,16,512,45.7057
16,2048,16,1024,50.7843
16,2048,16,2048,60.2453
16,2048,16,4096,78.453
16,2048,16,8192,114.634
16,2048,16,16384,186.112
16,2048,16,32768,330.293
16,2048,16,65536,616.992
16,2048,16,131055,1190.68
16,2048,32,16,43.2743
16,2048,32,32,43.2537
16,2048,32,64,43.1473
16,2048,32,128,43.423
16,2048,32,256,47.872
16,2048,32,512,52.7467
16,2048,32,1024,62.73
16,2048,32,2048,80.768
16,2048,32,4096,116.959
16,2048,32,8192,189.856
16,2048,32,16384,335.135
16,2048,32,32768,630.293
16,2048,32,65536,1214.21
16,2048,32,131055,2376.36
16,2048,64,16,47.424
16,2048,64,32,47.1893
16,2048,64,64,47.595
16,2048,64,128,47.68
16,2048,64,256,54.7307
16,2048,64,512,64.352
16,2048,64,1024,83.68
16,2048,64,2048,119.989
16,2048,64,4096,193.781
16,2048,64,8192,338.944
16,2048,64,16384,640.383
16,2048,64,32768,1230.63
16,2048,64,65536,2437.11
16,2048,64,131055,4800.33
16,4096,0,0,58.7943
16,4096,1,16,64.5657
16,4096,1,32,64.4057
16,4096,1,64,64.7787
16,4096,1,128,64.565
16,4096,1,256,64.7787
16,4096,1,512,64.875
16,4096,1,1024,64.8843
16,4096,1,2048,65.3333
16,4096,1,4096,67.0183
16,4096,1,8192,72.7243
16,4096,1,16384,77.632
16,4096,1,32768,87.3177
16,4096,1,65536,104.981
16,4096,1,131055,141.355
16,4096,2,16,65.941
16,4096,2,32,66.0903
16,4096,2,64,66.0377
16,4096,2,128,66.262
16,4096,2,256,66.5177
16,4096,2,512,66.4213
16,4096,2,1024,67.2527
16,4096,2,2048,69.0773
16,4096,2,4096,71.7437
16,4096,2,8192,76.5873
16,4096,2,16384,85.984
16,4096,2,32768,104.405
16,4096,2,65536,139.936
16,4096,2,131055,212.469
16,4096,4,16,65.4077
16,4096,4,32,65.5897
16,4096,4,64,65.6643
16,4096,4,128,65.6207
16,4096,4,256,65.8027
16,4096,4,512,66.1443
16,4096,4,1024,67.9567
16,4096,4,2048,69.4407
16,4096,4,4096,74.6447
16,4096,4,8192,84.1393
16,4096,4,16384,101.621
16,4096,4,32768,138.805
16,4096,4,65536,210.901
16,4096,4,131055,353.311
16,4096,8,16,65.6423
16,4096,8,32,65.6957
16,4096,8,64,65.9837
16,4096,8,128,65.9307
16,4096,8,256,66.0263
16,4096,8,512,67.8823
16,4096,8,1024,69.8773
16,4096,8,2048,74.7307
16,4096,8,4096,84.5433
16,4096,8,8192,102.197
16,4096,8,16384,138.88
16,4096,8,32768,210.025
16,4096,8,65536,352.991
16,4096,8,131055,640.115
16,4096,16,16,65.003
16,4096,16,32,65.2683
16,4096,16,64,65.2267
16,4096,16,128,65.6953
16,4096,16,256,67.691
16,4096,16,512,70.0587
16,4096,16,1024,74.8267
16,4096,16,2048,84.5447
16,4096,16,4096,103.21
16,4096,16,8192,139.21
16,4096,16,16384,211.584
16,4096,16,32768,353.631
16,4096,16,65536,642.218
16,4096,16,131055,1215.58
16,4096,32,16,67.862
16,4096,32,32,67.8403
16,4096,32,64,67.7653
16,4096,32,128,67.968
16,4096,32,256,72.6507
16,4096,32,512,76.8097
16,4096,32,1024,86.2723
16,4096,32,2048,104.874
16,4096,32,4096,141.227
16,4096,32,8192,214.25
16,4096,32,16384,363.466
16,4096,32,32768,653.535
16,4096,32,65536,1238.43
16,4096,32,131055,2394.32
16,4096,64,16,71.989
16,4096,64,32,71.8613
16,4096,64,64,71.8933
16,4096,64,128,72.3417
16,4096,64,256,79.3177
16,4096,64,512,88.747
16,4096,64,1024,107.627
16,4096,64,2048,143.925
16,4096,64,4096,218.698
16,4096,64,8192,365.727
16,4096,64,16384,662.271
16,4096,64,32768,1254.45
16,4096,64,65536,2461.67
16,4096,64,131055,4858.15
16,8192,0,0,108.545
16,8192,1,16,120.107
16,8192,1,32,120.513
16,8192,1,64,120.906
16,8192,1,128,120.448
16,8192,1,256,121.034
16,8192,1,512,120.714
16,8192,1,1024,121.76
16,8192,1,2048,123.307
16,8192,1,4096,124.448
16,8192,1,8192,125.301
16,8192,1,16384,128.533
16,8192,1,32768,140.287
16,8192,1,65536,158.347
16,8192,1,131055,194.176
16,8192,2,16,119.84
16,8192,2,32,120.106
16,8192,2,64,120.544
16,8192,2,128,120.491
16,8192,2,256,120.512
16,8192,2,512,120.479
16,8192,2,1024,121.653
16,8192,2,2048,121.28
16,8192,2,4096,125.398
16,8192,2,8192,130.101
16,8192,2,16384,138.581
16,8192,2,32768,156.949
16,8192,2,65536,191.552
16,8192,2,131055,264.074
16,8192,4,16,120.192
16,8192,4,32,120.576
16,8192,4,64,120.48
16,8192,4,128,120.789
16,8192,4,256,120.406
16,8192,4,512,120.32
16,8192,4,1024,120.96
16,8192,4,2048,124.885
16,8192,4,4096,128.566
16,8192,4,8192,132.48
16,8192,4,16384,150.838
16,8192,4,32768,186.89
16,8192,4,65536,259.925
16,8192,4,131055,408.863
16,8192,8,16,120.81
16,8192,8,32,120.704
16,8192,8,64,121.002
16,8192,8,128,120.629
16,8192,8,256,120.32
16,8192,8,512,123.573
16,8192,8,1024,124.768
16,8192,8,2048,129.419
16,8192,8,4096,138.036
16,8192,8,8192,152.298
16,8192,8,16384,190.624
16,8192,8,32768,263.477
16,8192,8,65536,408.459
16,8192,8,131055,694.644
16,8192,16,16,118.805
16,8192,16,32,119.19
16,8192,16,64,119.029
16,8192,16,128,119.039
16,8192,16,256,121.664
16,8192,16,512,124.202
16,8192,16,1024,128.746
16,8192,16,2048,138.048
16,8192,16,4096,156.577
16,8192,16,8192,192.427
16,8192,16,16384,264.202
16,8192,16,32768,408.085
16,8192,16,65536,694.73
16,8192,16,131055,1267.04
16,8192,32,16,121.951
16,8192,32,32,121.386
16,8192,32,64,121.6
16,8192,32,128,122.165
16,8192,32,256,125.461
16,8192,32,512,131.754
16,8192,32,1024,140.789
16,8192,32,2048,158.464
16,8192,32,4096,193.771
16,8192,32,8192,267.019
16,8192,32,16384,415.989
16,8192,32,32768,709
16,8192,32,65536,1285.69
16,8192,32,131055,2459.52
16,8192,64,16,126.719
16,8192,64,32,126.666
16,8192,64,64,121.632
16,8192,64,128,121.195
16,8192,64,256,128.128
16,8192,64,512,143.744
16,8192,64,1024,161.674
16,8192,64,2048,199.264
16,8192,64,4096,269.739
16,8192,64,8192,419.807
16,8192,64,16384,721.044
16,8192,64,32768,1308.61
16,8192,64,65536,2503.94
16,8192,64,131055,4914.75
16,16384,0,0,205.632
16,16384,1,16,217.376
16,16384,1,32,216.969
16,16384,1,64,217.994
16,16384,1,128,217.632
16,16384,1,256,217.941
16,16384,1,512,218.069
16,16384,1,1024,219.124
16,16384,1,2048,220.256
16,16384,1,4096,222.122
16,16384,1,8192,224.554
16,16384,1,16384,229.355
16,16384,1,32768,237.525
16,16384,1,65536,255.648
16,16384,1,131055,292.372
16,16384,2,16,217.631
16,16384,2,32,217.674
16,16384,2,64,217.812
16,16384,2,128,217.834
16,16384,2,256,218.614
16,16384,2,512,218.4
16,16384,2,1024,219.86
16,16384,2,2048,221.29
16,16384,2,4096,223.264
16,16384,2,8192,227.093
16,16384,2,16384,236.416
16,16384,2,32768,254.987
16,16384,2,65536,289.845
16,16384,2,131055,362.752
16,16384,4,16,217.386
16,16384,4,32,217.472
16,16384,4,64,217.664
16,16384,4,128,217.579
16,16384,4,256,217.578
16,16384,4,512,217.418
16,16384,4,1024,220.544
16,16384,4,2048,222.688
16,16384,4,4096,226.23
16,16384,4,8192,233.589
16,16384,4,16384,251.925
16,16384,4,32768,287.327
16,16384,4,65536,359.882
16,16384,4,131055,503.018
16,16384,8,16,218.443
16,16384,8,32,218.292
16,16384,8,64,217.824
16,16384,8,128,218.198
16,16384,8,256,218.388
16,16384,8,512,220.565
16,16384,8,1024,222.602
16,16384,8,2048,227.444
16,16384,8,4096,235.06
16,16384,8,8192,252.299
16,16384,8,16384,288.33
16,16384,8,32768,360.404
16,16384,8,65536,503.188
16,16384,8,131055,792.372
16,16384,16,16,216.757
16,16384,16,32,216.458
16,16384,16,64,216.512
16,16384,16,128,217.152
16,16384,16,256,219.775
16,16384,16,512,222.208
16,16384,16,1024,226.037
16,16384,16,2048,235.488
16,16384,16,4096,253.354
16,16384,16,8192,289.867
16,16384,16,16384,360.564
16,16384,16,32768,504.041
16,16384,16,65536,792.405
16,16384,16,131055,1365.65
16,16384,32,16,219.626
16,16384,32,32,219.072
16,16384,32,64,218.997
16,16384,32,128,219.957
16,16384,32,256,223.019
16,16384,32,512,229.28
16,16384,32,1024,238.303
16,16384,32,2048,256.437
16,16384,32,4096,291.018
16,16384,32,8192,367.648
16,16384,32,16384,510.784
16,16384,32,32768,809.098
16,16384,32,65536,1389.2
16,16384,32,131055,2556.22
16,16384,64,16,224.276
16,16384,64,32,224.502
16,16384,64,64,223.807
16,16384,64,128,224.436
16,16384,64,256,232.64
16,16384,64,512,242.464
16,16384,64,1024,258.485
16,16384,64,2048,294.731
16,16384,64,4096,367.637
16,16384,64,8192,516.149
16,16384,64,16384,816.554
16,16384,64,32768,1415.27
16,16384,64,65536,2612.88
16,16384,64,131055,5011.42
16,32768,0,0,397.844
16,32768,1,16,411.785
16,32768,1,32,410.303
16,32768,1,64,411.327
16,32768,1,128,410.292
16,32768,1,256,411.061
16,32768,1,512,411.039
16,32768,1,1024,411.657
16,32768,1,2048,413.225
16,32768,1,4096,414.581
16,32768,1,8192,418.09
16,32768,1,16384,421.813
16,32768,1,32768,430.773
16,32768,1,65536,448.266
16,32768,1,131055,483.882
16,32768,2,16,409.983
16,32768,2,32,410.848
16,32768,2,64,410.805
16,32768,2,128,409.94
16,32768,2,256,411.221
16,32768,2,512,411.508
16,32768,2,1024,411.989
16,32768,2,2048,413.76
16,32768,2,4096,417.268
16,32768,2,8192,421.248
16,32768,2,16384,428.469
16,32768,2,32768,448.095
16,32768,2,65536,482.538
16,32768,2,131055,554.132
16,32768,4,16,409.897
16,32768,4,32,410.144
16,32768,4,64,410.175
16,32768,4,128,410.986
16,32768,4,256,410.207
16,32768,4,512,410.558
16,32768,4,1024,413.439
16,32768,4,2048,414.261
16,32768,4,4096,417.844
16,32768,4,8192,426.517
16,32768,4,16384,443.818
16,32768,4,32768,480.854
16,32768,4,65536,554.036
16,32768,4,131055,697.887
16,32768,8,16,411.049
16,32768,8,32,410.976
16,32768,8,64,411.051
16,32768,8,128,411.156
16,32768,8,256,410.964
16,32768,8,512,412.948
16,32768,8,1024,415.168
16,32768,8,2048,419.178
16,32768,8,4096,427.093
16,32768,8,8192,446.73
16,32768,8,16384,481.534
16,32768,8,32768,552.586
16,32768,8,65536,696.724
16,32768,8,131055,983.507
16,32768,16,16,409.473
16,32768,16,32,410.197
16,32768,16,64,408.596
16,32768,16,128,409.62
16,32768,16,256,413.321
16,32768,16,512,415.008
16,32768,16,1024,418.549
16,32768,16,2048,427.466
16,32768,16,4096,445.012
16,32768,16,8192,480.394
16,32768,16,16384,553.396
16,32768,16,32768,696.735
16,32768,16,65536,984.116
16,32768,16,131055,1554.69
16,32768,32,16,412.692
16,32768,32,32,412.532
16,32768,32,64,412.873
16,32768,32,128,413.268
16,32768,32,256,416.158
16,32768,32,512,422.09
16,32768,32,1024,431.05
16,32768,32,2048,447.103
16,32768,32,4096,483.647
16,32768,32,8192,554.495
16,32768,32,16384,697.717
16,32768,32,32768,992.863
16,32768,32,65536,1573.6
16,32768,32,131055,2727.38
16,32768,64,16,416.479
16,32768,64,32,417.557
16,32768,64,64,417.184
16,32768,64,128,417.834
16,32768,64,256,425.087
16,32768,64,512,434.954
16,32768,64,1024,451.732
16,32768,64,2048,487.957
16,32768,64,4096,561.908
16,32768,64,8192,711.134
16,32768,64,16384,1003.59
16,32768,64,32768,1603.19
16,32768,64,65536,2795.46
16,32768,64,131055,5198.24
16,65536,0,0,781.343
16,65536,1,16,793.012
16,65536,1,32,793.961
16,65536,1,64,793.076
16,65536,1,128,792.489
16,65536,1,256,794.249
16,65536,1,512,794.837
16,65536,1,1024,795.038
16,65536,1,2048,796.617
16,65536,1,4096,798.836
16,65536,1,8192,801.141
16,65536,1,16384,804.991
16,65536,1,32768,812.597
16,65536,1,65536,831.572
16,65536,1,131055,866.046
16,65536,2,16,793.204
16,65536,2,32,794.184
16,65536,2,64,794.77
16,65536,2,128,794.133
16,65536,2,256,794.58
16,65536,2,512,793.844
16,65536,2,1024,794.698
16,65536,2,2048,796.436
16,65536,2,4096,799.604
16,65536,2,8192,803.22
16,65536,2,16384,811.209
16,65536,2,32768,830.057
16,65536,2,65536,865.716
16,65536,2,131055,935.764
16,65536,4,16,793.321
16,65536,4,32,795.593
16,65536,4,64,793.033
16,65536,4,128,793.824
16,65536,4,256,792.68
16,65536,4,512,792.991
16,65536,4,1024,797.311
16,65536,4,2048,797.375
16,65536,4,4096,801.054
16,65536,4,8192,809.311
16,65536,4,16384,827.999
16,65536,4,32768,865.023
16,65536,4,65536,935.454
16,65536,4,131055,1080.39
16,65536,8,16,792.842
16,65536,8,32,793.994
16,65536,8,64,794.293
16,65536,8,128,793.29
16,65536,8,256,793.354
16,65536,8,512,796.927
16,65536,8,1024,799.07
16,65536,8,2048,802.142
16,65536,8,4096,810.558
16,65536,8,8192,827.092
16,65536,8,16384,865.109
16,65536,8,32768,936.617
16,65536,8,65536,1078.75
16,65536,8,131055,1363.88
16,65536,16,16,792.842
16,65536,16,32,792.735
16,65536,16,64,792.681
16,65536,16,128,793.204
16,65536,16,256,795.124
16,65536,16,512,798.654
16,65536,16,1024,801.705
16,65536,16,2048,810.121
16,65536,16,4096,826.612
16,65536,16,8192,864.553
16,65536,16,16384,934.889
16,65536,16,32768,1078.83
16,65536,16,65536,1364.52
16,65536,16,131055,1938.36
16,65536,32,16,794.943
16,65536,32,32,795.998
16,65536,32,64,794.867
16,65536,32,128,795.433
16,65536,32,256,797.929
16,65536,32,512,806.078
16,65536,32,1024,811.614
16,65536,32,2048,829.78
16,65536,32,4096,866.483
16,65536,32,8192,938.377
16,65536,32,16384,1083.87
16,65536,32,32768,1369.58
16,65536,32,65536,1953.85
16,65536,32,131055,3101.52
16,65536,64,16,799.689
16,65536,64,32,799.199
16,65536,64,64,799.114
16,65536,64,128,798.698
16,65536,64,256,806.047
16,65536,64,512,816.201
16,65536,64,1024,834.259
16,65536,64,2048,870.506
16,65536,64,4096,942.345
16,65536,64,8192,1090.86
16,65536,64,16384,1389.54
16,65536,64,32768,1986.26
16,65536,64,65536,3182.8
16,65536,64,131055,5564.67
16,131055,0,0,1546.3
16,131055,1,16,1554.6
16,131055,1,32,1555.22
16,131055,1,64,1557.02
16,131055,1,128,1554.33
16,131055,1,256,1554.99
16,131055,1,512,1557.24
16,131055,1,1024,1554.14
16,131055,1,2048,1558.45
16,131055,1,4096,1559.99
16,131055,1,8192,1563.22
16,131055,1,16384,1565.92
16,131055,1,32768,1573.84
16,131055,1,65536,1591.12
16,131055,1,131055,1625.43
16,131055,2,16,1556.38
16,131055,2,32,1557.45
16,131055,2,64,1556.6
16,131055,2,128,1556.13
16,131055,2,256,1554.65
16,131055,2,512,1555.28
16,131055,2,1024,1555.26
16,131055,2,2048,1559.5
16,131055,2,4096,1561.67
16,131055,2,8192,1561.2
16,131055,2,16384,1568.47
16,131055,2,32768,1590.71
16,131055,2,65536,1624.64
16,131055,2,131055,1698.11
16,131055,4,16,1554.71
16,131055,4,32,1555
16,131055,4,64,1556.34
16,131055,4,128,1554.81
16,131055,4,256,1554.62
16,131055,4,512,1554.75
16,131055,4,1024,1559.35
16,131055,4,2048,1558.95
16,131055,4,4096,1561.91
16,131055,4,8192,1570.9
16,131055,4,16384,1587.62
16,131055,4,32768,1624.04
16,131055,4,65536,1695.74
16,131055,4,131055,1839.55
16,131055,8,16,1555.43
16,131055,8,32,1555.4
16,131055,8,64,1555.42
16,131055,8,128,1554.68
16,131055,8,256,1555.04
16,131055,8,512,1557.77
16,131055,8,1024,1559.46
16,131055,8,2048,1563.35
16,131055,8,4096,1573.05
16,131055,8,8192,1586.31
16,131055,8,16384,1623.73
16,131055,8,32768,1693.9
16,131055,8,65536,1836.35
16,131055,8,131055,2124.16
16,131055,16,16,1552.54
16,131055,16,32,1553.84
16,131055,16,64,1554.09
16,131055,16,128,1554.61
16,131055,16,256,1556.21
16,131055,16,512,1558.79
16,131055,16,1024,1564
16,131055,16,2048,1568.09
16,131055,16,4096,1587.69
16,131055,16,8192,1622.97
16,131055,16,16384,1693.68
16,131055,16,32768,1836.55
16,131055,16,65536,2124.76
16,131055,16,131055,2696.9
16,131055,32,16,1556.14
16,131055,32,32,1557.31
16,131055,32,64,1555.97
16,131055,32,128,1554.64
16,131055,32,256,1558.57
16,131055,32,512,1563.79
16,131055,32,1024,1572.97
16,131055,32,2048,1589.64
16,131055,32,4096,1622.99
16,131055,32,8192,1697.92
16,131055,32,16384,1839.87
16,131055,32,32768,2131.19
16,131055,32,65536,2709.6
16,131055,32,131055,3872.36
16,131055,64,16,1561.07
16,131055,64,32,1560.32
16,131055,64,64,1559.81
16,131055,64,128,1559.91
16,131055,64,256,1569.03
16,131055,64,512,1575.87
16,131055,64,1024,1595.71
16,131055,64,2048,1631.02
16,131055,64,4096,1704.67
16,131055,64,8192,1853.29
16,131055,64,16384,2152.07
16,131055,64,32768,2746.36
16,131055,64,65536,3946.85
16,131055,64,131055,6336.87
32,0,0,0,10.1337
32,0,1,16,15.541
32,0,1,32,15.4987
32,0,1,64,15.5533
32,0,1,128,15.658
32,0,1,256,16.5873
32,0,1,512,17.238
32,0,1,1024,17.2913
32,0,1,2048,17.7063
32,0,1,4096,18.3787
32,0,1,8192,24.469
32,0,1,16384,28.939
32,0,1,32768,38.7093
32,0,1,65536,56.6713
32,0,1,131055,92.768
32,0,2,16,15.5523
32,0,2,32,15.4343
32,0,2,64,15.4553
32,0,2,128,15.499
32,0,2,256,16.5657
32,0,2,512,17.536
32,0,2,1024,17.6107
32,0,2,2048,18.422
32,0,2,4096,23.104
32,0,2,8192,28.2133
32,0,2,16384,37.3967
32,0,2,32768,56.469
32,0,2,65536,92.1703
32,0,2,131055,164.107
32,0,4,16,15.3493
32,0,4,32,15.328
32,0,4,64,15.339
32,0,4,128,15.403
32,0,4,256,16.512
32,0,4,512,17.547
32,0,4,1024,18.4103
32,0,4,2048,21.1307
32,0,4,4096,25.4723
32,0,4,8192,35.3387
32,0,4,16384,53.5683
32,0,4,32768,89.8777
32,0,4,65536,160.971
32,0,4,131055,305.823
32,0,8,16,15.4347
32,0,8,32,15.4453
32,0,8,64,15.4663
32,0,8,128,15.5837
32,0,8,256,16.7467
32,0,8,512,18.763
32,0,8,1024,21.1307
32,0,8,2048,26.026
32,0,8,4096,35.4137
32,0,8,8192,53.8457
32,0,8,16384,89.418
32,0,8,32768,162.272
32,0,8,65536,306.655
32,0,8,131055,592.308
32,0,16,16,16.192
32,0,16,32,16.128
32,0,16,64,16.256
32,0,16,128,16.4693
32,0,16,256,18.357
32,0,16,512,20.779
32,0,16,1024,25.8883
32,0,16,2048,35.8943
32,0,16,4096,53.866
32,0,16,8192,90.144
32,0,16,16384,162.272
32,0,16,32768,306.218
32,0,16,65536,592.67
32,0,16,131055,1163.95
32,0,32,16,19.0293
32,0,32,32,19.051
32,0,32,64,18.763
32,0,32,128,18.88
32,0,32,256,23.6693
32,0,32,512,28.0533
32,0,32,1024,38.0587
32,0,32,2048,56.672
32,0,32,4096,93.3227
32,0,32,8192,164.96
32,0,32,16384,309.62
32,0,32,32768,605.417
32,0,32,65536,1191.22
32,0,32,131055,2348.74
32,0,64,16,22.7523
32,0,64,32,22.7947
32,0,64,64,22.7943
32,0,64,128,22.965
32,0,64,256,30.1223
32,0,64,512,40.2877
32,0,64,1024,59.5627
32,0,64,2048,95.9353
32,0,64,4096,169.184
32,0,64,8192,316.458
32,0,64,16384,611.412
32,0,64,32768,1195.82
32,0,64,65536,2414.15
32,0,64,131055,4803.22
32,16,0,0,10.059
32,16,1,16,15.6057
32,16,1,32,15.605
32,16,1,64,15.5203
32,16,1,128,15.5947
32,16,1,256,16.7573
32,16,1,512,17.1837
32,16,1,1024,17.2147
32,16,1,2048,17.6533
32,16,1,4096,18.4317
32,16,1,8192,24.331
32,16,1,16384,29.5033
32,16,1,32768,39.0293
32,16,1,65536,56.693
32,16,1,131055,92.7893
32,16,2,16,15.1687
32,16,2,32,15.4023
32,16,2,64,15.3603
32,16,2,128,15.2
32,16,2,256,16.48
32,16,2,512,17.3767
32,16,2,1024,17.4827
32,16,2,2048,18.1443
32,16,2,4096,22.826
32,16,2,8192,27.7653
32,16,2,16384,37.4717
32,16,2,32768,55.6477
32,16,2,65536,91.1673
32,16,2,131055,162.997
32,16,4,16,15.3073
32,16,4,32,15.3397
32,16,4,64,15.509
32,16,4,128,15.4347
32,16,4,256,16.555
32,16,4,512,17.4393
32,16,4,1024,18.3893
32,16,4,2048,21.0567
32,16,4,4096,25.408
32,16,4,8192,35.2427
32,16,4,16384,53.5463
32,16,4,32768,89.813
32,16,4,65536,162.965
32,16,4,131055,306.122
32,16,8,16,15.5307
32,16,8,32,15.4767
32,16,8,64,15.6373
32,16,8,128,15.8087
32,16,8,256,16.8853
32,16,8,512,18.848
32,16,8,1024,21.035
32,16,8,2048,26.272
32,16,8,4096,35.573
32,16,8,8192,54.4
32,16,8,16384,89.9407
32,16,8,32768,160.992
32,16,8,65536,306.145
32,16,8,131055,593.055
32,16,16,16,16.4163
32,16,16,32,16.3513
32,16,16,64,16.5547
32,16,16,128,16.5117
32,16,16,256,18.5487
32,16,16,512,21.1843
32,16,16,1024,26.2087
32,16,16,2048,35.9787
32,16,16,4096,54.1013
32,16,16,8192,89.9837
32,16,16,16384,162.485
32,16,16,32768,306.42
32,16,16,65536,593.695
32,16,16,131055,1167.27
32,16,32,16,19.3063
32,16,32,32,19.1887
32,16,32,64,18.9543
32,16,32,128,19.1687
32,16,32,256,23.4137
32,16,32,512,28.4797
32,16,32,1024,38.3043
32,16,32,2048,56.918
32,16,32,4096,93.5363
32,16,32,8192,165.162
32,16,32,16384,313.119
32,16,32,32768,605.311
32,16,32,65536,1187.03
32,16,32,131055,2347.58
32,16,64,16,22.8157
32,16,64,32,22.955
32,16,64,64,22.869
32,16,64,128,23.1677
32,16,64,256,29.9843
32,16,64,512,40.4157
32,16,64,1024,59.989
32,16,64,2048,96.2237
32,16,64,4096,169.642
32,16,64,8192,314.708
32,16,64,16384,617.173
32,16,64,32768,1214.25
32,16,64,65536,2410.96
32,16,64,131055,4804.73
32,32,0,0,10.3147
32,32,1,16,14.9333
32,32,1,32,15.0503
32,32,1,64,15.0403
32,32,1,128,15.0717
32,32,1,256,16.128
32,32,1,512,16.917
32,32,1,1024,17.056
32,32,1,2048,17.1413
32,32,1,4096,18.0367
32,32,1,8192,24.075
32,32,1,16384,28.971
32,32,1,32768,38.806
32,32,1,65536,56.587
32,32,1,131055,92.0957
32,32,2,16,15.1473
32,32,2,32,15.221
32,32,2,64,15.222
32,32,2,128,15.2103
32,32,2,256,16.2887
32,32,2,512,16.9817
32,32,2,1024,17.0663
32,32,2,2048,18.155
32,32,2,4096,22.773
32,32,2,8192,27.552
32,32,2,16384,37.2267
32,32,2,32768,55.1467
32,32,2,65536,91.5203
32,32,2,131055,163.317
32,32,4,16,15.115
32,32,4,32,15.232
32,32,4,64,15.1893
32,32,4,128,15.1247
32,32,4,256,16.3623
32,32,4,512,17.109
32,32,4,1024,18.1547
32,32,4,2048,21.1203
32,32,4,4096,25.5357
32,32,4,8192,35.0193
32,32,4,16384,53.3223
32,32,4,32768,89.6417
32,32,4,65536,161.557
32,32,4,131055,304.863
32,32,8,16,15.3813
32,32,8,32,15.285
32,32,8,64,15.5307
32,32,8,128,15.392
32,32,8,256,16.683
32,32,8,512,18.5067
32,32,8,1024,20.9167
32,32,8,2048,25.7393
32,32,8,4096,35.499
32,32,8,8192,53.5787
32,32,8,16384,89.4503
32,32,8,32768,161.781
32,32,8,65536,305.899
32,32,8,131055,591.625
32,32,16,16,16.171
32,32,16,32,16.331
32,32,16,64,16.395
32,32,16,128,16.6297
32,32,16,256,18.4103
32,32,16,512,21.003
32,32,16,1024,25.8877
32,32,16,2048,35.946
32,32,16,4096,54.048
32,32,16,8192,90.634
32,32,16,16384,161.962
32,32,16,32768,305.813
32,32,16,65536,594.165
32,32,16,131055,1165.62
32,32,32,16,18.9973
32,32,32,32,18.955
32,32,32,64,18.8693
32,32,32,128,18.805
32,32,32,256,23.1993
32,32,32,512,27.9143
32,32,32,1024,37.7173
32,32,32,2048,56.8097
32,32,32,4096,92.917
32,32,32,8192,165.397
32,32,32,16384,310.698
32,32,32,32768,605.248
32,32,32,65536,1190.15
32,32,32,131055,2351.73
32,32,64,16,22.7627
32,32,64,32,22.7617
32,32,64,64,22.709
32,32,64,128,23.211
32,32,64,256,29.888
32,32,64,512,40.2347
32,32,64,1024,59.2213
32,32,64,2048,96.0423
32,32,64,4096,170.016
32,32,64,8192,317.182
32,32,64,16384,619.648
32,32,64,32768,1216.68
32,32,64,65536,2409.3
32,32,64,131055,4811.69
32,64,0,0,10.2397
32,64,1,16,15.3607
32,64,1,32,15.2857
32,64,1,64,15.37
32,64,1,128,15.3387
32,64,1,256,16.5337
32,64,1,512,17.1097
32,64,1,1024,17.099
32,64,1,2048,17.4717
32,64,1,4096,18.2827
32,64,1,8192,24.192
32,64,1,16384,29.1093
32,64,1,32768,38.976
32,64,1,65536,56.6613
32,64,1,131055,92.6077
32,64,2,16,15.413
32,64,2,32,15.6053
32,64,2,64,15.509
32,64,2,128,15.5413
32,64,2,256,16.768
32,64,2,512,17.2587
32,64,2,1024,17.472
32,64,2,2048,18.326
32,64,2,4096,23.232
32,64,2,8192,27.6907
32,64,2,16384,37.3653
32,64,2,32768,55.7017
32,64,2,65536,92.352
32,64,2,131055,164.639
32,64,4,16,15.349
32,64,4,32,15.3603
32,64,4,64,15.3703
32,64,4,128,15.5407
32,64,4,256,16.6293
32,64,4,512,17.375
32,64,4,1024,18.4003
32,64,4,2048,21.216
32,64,4,4096,25.622
32,64,4,8192,35.6057
32,64,4,16384,53.3117
32,64,4,32768,90.3143
32,64,4,65536,161.493
32,64,4,131055,304.981
32,64,8,16,15.584
32,64,8,32,15.6267
32,64,8,64,15.637
32,64,8,128,15.7333
32,64,8,256,17.0677
32,64,8,512,18.6987
32,64,8,1024,21.0127
32,64,8,2048,26.4107
32,64,8,4096,35.808
32,64,8,8192,53.8773
32,64,8,16384,89.813
32,64,8,32768,161.621
32,64,8,65536,305.823
32,64,8,131055,591.797
32,64,16,16,16.1177
32,64,16,32,16.1487
32,64,16,64,16.2553
32,64,16,128,16.3943
32,64,16,256,18.314
32,64,16,512,21.013
32,64,16,1024,26.0913
32,64,16,2048,35.7757
32,64,16,4096,54.0473
32,64,16,8192,89.4507
32,64,16,16384,162.4
32,64,16,32768,305.739
32,64,16,65536,593.268
32,64,16,131055,1167.26
32,64,32,16,18.8907
32,64,32,32,19.094
32,64,32,64,18.763
32,64,32,128,18.752
32,64,32,256,23.0293
32,64,32,512,28.064
32,64,32,1024,38.0163
32,64,32,2048,56.5333
32,64,32,4096,92.757
32,64,32,8192,165.238
32,64,32,16384,310.954
32,64,32,32768,603.754
32,64,32,65536,1191.67
32,64,32,131055,2350.77
32,64,64,16,22.8267
32,64,64,32,22.6983
32,64,64,64,22.709
32,64,64,128,23.1147
32,64,64,256,29.8667
32,64,64,512,40.0107
32,64,64,1024,59.0617
32,64,64,2048,96.3623
32,64,64,4096,169.782
32,64,64,8192,315.755
32,64,64,16384,616.234
32,64,64,32768,1217.27
32,64,64,65536,2411.28
32,64,64,131055,4814.03
32,128,0,0,11.5623
32,128,1,16,16.853
32,128,1,32,16.8217
32,128,1,64,17.0347
32,128,1,128,17.0137
32,128,1,256,17.8883
32,128,1,512,18.848
32,128,1,1024,18.8057
32,128,1,2048,18.9333
32,128,1,4096,19.7333
32,128,1,8192,25.578
32,128,1,16384,30.677
32,128,1,32768,40.2773
32,128,1,65536,58.0693
32,128,1,131055,94.2713
32,128,2,16,16.7577
32,128,2,32,16.9283
32,128,2,64,16.9067
32,128,2,128,16.9597
32,128,2,256,18.1443
32,128,2,512,18.8803
32,128,2,1024,19.061
32,128,2,2048,19.7223
32,128,2,4096,24.5433
32,128,2,8192,29.398
32,128,2,16384,38.8803
32,128,2,32768,57.3337
32,128,2,65536,93.3223
32,128,2,131055,165.077
32,128,4,16,16.736
32,128,4,32,16.7467
32,128,4,64,16.853
32,128,4,128,16.779
32,128,4,256,18.0047
32,128,4,512,18.6987
32,128,4,1024,19.7443
32,128,4,2048,22.6347
32,128,4,4096,27.0287
32,128,4,8192,36.544
32,128,4,16384,54.7943
32,128,4,32768,91.157
32,128,4,65536,163.477
32,128,4,131055,307.103
32,128,8,16,16.7783
32,128,8,32,16.8957
32,128,8,64,16.906
32,128,8,128,17.152
32,128,8,256,18.3573
32,128,8,512,20.1707
32,128,8,1024,22.6987
32,128,8,2048,27.5307
32,128,8,4096,36.9383
32,128,8,8192,55.584
32,128,8,16384,90.698
32,128,8,32768,163.413
32,128,8,65536,307.743
32,128,8,131055,594.185
32,128,16,16,17.579
32,128,16,32,17.579
32,128,16,64,17.813
32,128,16,128,17.92
32,128,16,256,19.957
32,128,16,512,22.496
32,128,16,1024,27.5307
32,128,16,2048,37.056
32,128,16,4096,55.605
32,128,16,8192,91.6693
32,128,16,16384,164.628
32,128,16,32768,307.616
32,128,16,65536,595.902
32,128,16,131055,1167.92
32,128,32,16,20.4583
32,128,32,32,20.4697
32,128,32,64,20.416
32,128,32,128,20.373
32,128,32,256,24.7887
32,128,32,512,29.6103
32,128,32,1024,39.4667
32,128,32,2048,58.752
32,128,32,4096,94.2613
32,128,32,8192,165.898
32,128,32,16384,315.551
32,128,32,32768,608.638
32,128,32,65536,1189.07
32,128,32,131055,2349.86
32,128,64,16,24.202
32,128,64,32,24.288
32,128,64,64,24.0433
32,128,64,128,24.5013
32,128,64,256,31.5943
32,128,64,512,41.8443
32,128,64,1024,60.801
32,128,64,2048,97.3967
32,128,64,4096,171.904
32,128,64,8192,317.28
32,128,64,16384,618.453
32,128,64,32768,1208.66
32,128,64,65536,2416.92
32,128,64,131055,4806.54
32,256,0,0,12.9493
32,256,1,16,18.3367
32,256,1,32,18.4537
32,256,1,64,18.496
32,256,1,128,18.3353
32,256,1,256,19.5303
32,256,1,512,20.17
32,256,1,1024,20.203
32,256,1,2048,20.4907
32,256,1,4096,21.3237
32,256,1,8192,27.1037
32,256,1,16384,32.1167
32,256,1,32768,41.7497
32,256,1,65536,59.8397
32,256,1,131055,95.6047
32,256,2,16,18.4003
32,256,2,32,18.2607
32,256,2,64,18.3577
32,256,2,128,18.229
32,256,2,256,19.4243
32,256,2,512,20.2557
32,256,2,1024,20.373
32,256,2,2048,21.0347
32,256,2,4096,25.9307
32,256,2,8192,30.7307
32,256,2,16384,40.5117
32,256,2,32768,59.0497
32,256,2,65536,94.443
32,256,2,131055,166.741
32,256,4,16,18.1543
32,256,4,32,18.496
32,256,4,64,18.3143
32,256,4,128,18.3357
32,256,4,256,19.424
32,256,4,512,20.203
32,256,4,1024,21.3017
32,256,4,2048,23.9887
32,256,4,4096,28.5433
32,256,4,8192,38.4217
32,256,4,16384,56.7463
32,256,4,32768,92.5547
32,256,4,65536,164.821
32,256,4,131055,308.436
32,256,8,16,18.4957
32,256,8,32,18.4427
32,256,8,64,18.3477
32,256,8,128,18.4643
32,256,8,256,19.8503
32,256,8,512,21.7277
32,256,8,1024,24.1707
32,256,8,2048,29.248
32,256,8,4096,38.8367
32,256,8,8192,56.971
32,256,8,16384,92.9703
32,256,8,32768,164.629
32,256,8,65536,308.597
32,256,8,131055,593.877
32,256,16,16,19.403
32,256,16,32,19.2423
32,256,16,64,19.2967
32,256,16,128,19.6373
32,256,16,256,21.6103
32,256,16,512,24.0003
32,256,16,1024,29.0347
32,256,16,2048,38.581
32,256,16,4096,56.9277
32,256,16,8192,93.259
32,256,16,16384,165.653
32,256,16,32768,309.108
32,256,16,65536,598.527
32,256,16,131055,1169.64
32,256,32,16,22.134
32,256,32,32,22.1757
32,256,32,64,21.9837
32,256,32,128,21.8667
32,256,32,256,26.4003
32,256,32,512,30.9547
32,256,32,1024,40.9813
32,256,32,2048,59.5093
32,256,32,4096,96.3407
32,256,32,8192,168.352
32,256,32,16384,315.039
32,256,32,32768,609.248
32,256,32,65536,1191.15
32,256,32,131055,2352.25
32,256,64,16,25.9203
32,256,64,32,25.7713
32,256,64,64,25.8557
32,256,64,128,26.144
32,256,64,256,32.747
32,256,64,512,43.286
32,256,64,1024,62.4007
32,256,64,2048,99.0613
32,256,64,4096,171.925
32,256,64,8192,318.559
32,256,64,16384,617.664
32,256,64,32768,1200.87
32,256,64,65536,2407.26
32,256,64,131055,4783.15
32,512,0,0,16.0107
32,512,1,16,21.653
32,512,1,32,21.5257
32,512,1,64,21.707
32,512,1,128,21.6743
32,512,1,256,21.5363
32,512,1,512,22.7527
32,512,1,1024,22.965
32,512,1,2048,23.2217
32,512,1,4096,24.1923
32,512,1,8192,30.325
32,512,1,16384,34.8053
32,512,1,32768,44.544
32,512,1,65536,62.613
32,512,1,131055,98.6347
32,512,2,16,21.6427
32,512,2,32,21.6957
32,512,2,64,21.7813
32,512,2,128,21.6963
32,512,2,256,21.6963
32,512,2,512,22.8807
32,512,2,1024,23.2523
32,512,2,2048,23.936
32,512,2,4096,29.0873
32,512,2,8192,33.5357
32,512,2,16384,43.082
32,512,2,32768,61.2157
32,512,2,65536,97.1087
32,512,2,131055,169.344
32,512,4,16,21.6963
32,512,4,32,21.729
32,512,4,64,21.845
32,512,4,128,21.8773
32,512,4,256,22.0693
32,512,4,512,23.1787
32,512,4,1024,24.1497
32,512,4,2048,27.0293
32,512,4,4096,31.52
32,512,4,8192,41.27
32,512,4,16384,59.6587
32,512,4,32768,95.8077
32,512,4,65536,167.627
32,512,4,131055,312.405
32,512,8,16,22.795
32,512,8,32,22.6453
32,512,8,64,22.688
32,512,8,128,22.8483
32,512,8,256,22.912
32,512,8,512,24.5653
32,512,8,1024,26.7733
32,512,8,2048,32.0103
32,512,8,4096,41.504
32,512,8,8192,60.0747
32,512,8,16384,95.669
32,512,8,32768,167.307
32,512,8,65536,311.04
32,512,8,131055,597.781
32,512,16,16,22.2297
32,512,16,32,22.0153
32,512,16,64,22.3037
32,512,16,128,22.5383
32,512,16,256,24.3837
32,512,16,512,26.9647
32,512,16,1024,31.9893
32,512,16,2048,41.845
32,512,16,4096,60.16
32,512,16,8192,96.6083
32,512,16,16384,168.991
32,512,16,32768,312.17
32,512,16,65536,600.117
32,512,16,131055,1172.02
32,512,32,16,24.8213
32,512,32,32,25.1733
32,512,32,64,25.0887
32,512,32,128,25.024
32,512,32,256,29.1093
32,512,32,512,33.856
32,512,32,1024,43.9253
32,512,32,2048,62.2403
32,512,32,4096,97.9837
32,512,32,8192,170.858
32,512,32,16384,318.325
32,512,32,32768,611.658
32,512,32,65536,1192.9
32,512,32,131055,2357.21
32,512,64,16,28.7573
32,512,64,32,28.6723
32,512,64,64,28.715
32,512,64,128,28.8537
32,512,64,256,36.1497
32,512,64,512,45.8027
32,512,64,1024,65.2477
32,512,64,2048,101.717
32,512,64,4096,175.456
32,512,64,8192,323.413
32,512,64,16384,619.317
32,512,64,32768,1220.06
32,512,64,65536,2408.87
32,512,64,131055,4817.88
32,1024,0,0,22.155
32,1024,1,16,27.8293
32,1024,1,32,27.872
32,1024,1,64,27.8187
32,1024,1,128,27.9463
32,1024,1,256,27.9887
32,1024,1,512,28.0317
32,1024,1,1024,29.0557
32,1024,1,2048,29.5043
32,1024,1,4096,30.4207
32,1024,1,8192,36.022
32,1024,1,16384,40.9813
32,1024,1,32768,50.9543
32,1024,1,65536,68.8103
32,1024,1,131055,105.013
32,1024,2,16,27.99
32,1024,2,32,28.0527
32,1024,2,64,27.9143
32,1024,2,128,28.0533
32,1024,2,256,27.936
32,1024,2,512,28.2133
32,1024,2,1024,29.3123
32,1024,2,2048,30.176
32,1024,2,4096,35.4667
32,1024,2,8192,39.8503
32,1024,2,16384,49.557
32,1024,2,32768,67.637
32,1024,2,65536,103.616
32,1024,2,131055,175.466
32,1024,4,16,28.5333
32,1024,4,32,28.726
32,1024,4,64,28.4367
32,1024,4,128,28.523
32,1024,4,256,28.5333
32,1024,4,512,28.6503
32,1024,4,1024,30.1547
32,1024,4,2048,32.9163
32,1024,4,4096,37.8137
32,1024,4,8192,47.3813
32,1024,4,16384,66.0487
32,1024,4,32768,101.984
32,1024,4,65536,174.005
32,1024,4,131055,317.781
32,1024,8,16,29.0243
32,1024,8,32,28.9067
32,1024,8,64,28.843
32,1024,8,128,29.152
32,1024,8,256,29.3553
32,1024,8,512,30.773
32,1024,8,1024,33.3333
32,1024,8,2048,38.613
32,1024,8,4096,47.7017
32,1024,8,8192,65.9843
32,1024,8,16384,101.887
32,1024,8,32768,173.686
32,1024,8,65536,316.629
32,1024,8,131055,604.02
32,1024,16,16,28.2557
32,1024,16,32,28.4157
32,1024,16,64,28.1383
32,1024,16,128,28.9067
32,1024,16,256,30.304
32,1024,16,512,33.195
32,1024,16,1024,38.0157
32,1024,16,2048,48.0643
32,1024,16,4096,66.3033
32,1024,16,8192,102.624
32,1024,16,16384,174.175
32,1024,16,32768,318.453
32,1024,16,65536,604.756
32,1024,16,131055,1178.13
32,1024,32,16,31.4137
32,1024,32,32,31.189
32,1024,32,64,30.9863
32,1024,32,128,31.0833
32,1024,32,256,35.232
32,1024,32,512,39.7017
32,1024,32,1024,50.581
32,1024,32,2048,68.746
32,1024,32,4096,104.79
32,1024,32,8192,177.472
32,1024,32,16384,324.267
32,1024,32,32768,617.183
32,1024,32,65536,1201.93
32,1024,32,131055,2364.42
32,1024,64,16,35.114
32,1024,64,32,34.9437
32,1024,64,64,35.0607
32,1024,64,128,35.2113
32,1024,64,256,42.283
32,1024,64,512,51.6913
32,1024,64,1024,71.264
32,1024,64,2048,108.138
32,1024,64,4096,181.141
32,1024,64,8192,326.294
32,1024,64,16384,629.855
32,1024,64,32768,1220.95
32,1024,64,65536,2410.41
32,1024,64,131055,4817.25
32,2048,0,0,34.2937
32,2048,1,16,40.5223
32,2048,1,32,40.352
32,2048,1,64,40.2237
32,2048,1,128,40.1813
32,2048,1,256,40.373
32,2048,1,512,40.587
32,2048,1,1024,40.5977
32,2048,1,2048,41.642
32,2048,1,4096,42.976
32,2048,1,8192,48.9173
32,2048,1,16384,53.4613
32,2048,1,32768,62.7733
32,2048,1,65536,81.098
32,2048,1,131055,117.259
32,2048,2,16,40.2763
32,2048,2,32,40.3097
32,2048,2,64,40.6077
32,2048,2,128,40.3727
32,2048,2,256,40.48
32,2048,2,512,40.4373
32,2048,2,1024,40.9383
32,2048,2,2048,42.4957
32,2048,2,4096,47.1793
32,2048,2,8192,52.1283
32,2048,2,16384,61.6747
32,2048,2,32768,79.5837
32,2048,2,65536,115.488
32,2048,2,131055,187.744
32,2048,4,16,40.8217
32,2048,4,32,40.9493
32,2048,4,64,40.885
32,2048,4,128,41.0023
32,2048,4,256,41.344
32,2048,4,512,41.5997
32,2048,4,1024,43.0297
32,2048,4,2048,45.664
32,2048,4,4096,50.1657
32,2048,4,8192,59.7433
32,2048,4,16384,78.326
32,2048,4,32768,114.293
32,2048,4,65536,185.92
32,2048,4,131055,329.13
32,2048,8,16,40.9597
32,2048,8,32,41.2373
32,2048,8,64,40.9703
32,2048,8,128,41.056
32,2048,8,256,41.376
32,2048,8,512,43.1573
32,2048,8,1024,45.3433
32,2048,8,2048,50.389
32,2048,8,4096,59.9783
32,2048,8,8192,78.4317
32,2048,8,16384,114.154
32,2048,8,32768,185.76
32,2048,8,65536,328.938
32,2048,8,131055,615.498
32,2048,16,16,40.693
32,2048,16,32,40.832
32,2048,16,64,40.576
32,2048,16,128,40.9073
32,2048,16,256,42.9117
32,2048,16,512,45.4613
32,2048,16,1024,50.4
32,2048,16,2048,59.8933
32,2048,16,4096,78.539
32,2048,16,8192,115.253
32,2048,16,16384,187.051
32,2048,16,32768,329.152
32,2048,16,65536,617.813
32,2048,16,131055,1189.66
32,2048,32,16,43.4883
32,2048,32,32,43.5627
32,2048,32,64,43.3057
32,2048,32,128,43.4347
32,2048,32,256,47.85
32,2048,32,512,52.843
32,2048,32,1024,62.7733
32,2048,32,2048,80.9067
32,2048,32,4096,117.099
32,2048,32,8192,191.136
32,2048,32,16384,334.134
32,2048,32,32768,628.757
32,2048,32,65536,1208.7
32,2048,32,131055,2384.29
32,2048,64,16,47.6377
32,2048,64,32,47.36
32,2048,64,64,47.328
32,2048,64,128,47.3277
32,2048,64,256,54.8057
32,2048,64,512,64.48
32,2048,64,1024,84.0323
32,2048,64,2048,120
32,2048,64,4096,194.859
32,2048,64,8192,340.053
32,2048,64,16384,629.716
32,2048,64,32768,1228.62
32,2048,64,65536,2432.77
32,2048,64,131055,4835.56
32,4096,0,0,58.7303
32,4096,1,16,64.7153
32,4096,1,32,65.2367
32,4096,1,64,65.312
32,4096,1,128,65.3763
32,4096,1,256,65.248
32,4096,1,512,65.131
32,4096,1,1024,65.462
32,4096,1,2048,66.0693
32,4096,1,4096,67.4877
32,4096,1,8192,73.2163
32,4096,1,16384,78.0367
32,4096,1,32768,87.8723
32,4096,1,65536,105.877
32,4096,1,131055,141.621
32,4096,2,16,66.144
32,4096,2,32,66.24
32,4096,2,64,66.528
32,4096,2,128,66.506
32,4096,2,256,66.5493
32,4096,2,512,66.943
32,4096,2,1024,68.0957
32,4096,2,2048,69.248
32,4096,2,4096,71.9993
32,4096,2,8192,76.959
32,4096,2,16384,86.56
32,4096,2,32768,104.544
32,4096,2,65536,140.415
32,4096,2,131055,212.8
32,4096,4,16,65.8773
32,4096,4,32,65.365
32,4096,4,64,65.824
32,4096,4,128,66.0373
32,4096,4,256,65.9307
32,4096,4,512,66.0477
32,4096,4,1024,67.7113
32,4096,4,2048,70.2087
32,4096,4,4096,74.592
32,4096,4,8192,83.9787
32,4096,4,16384,102.794
32,4096,4,32768,139.083
32,4096,4,65536,211.125
32,4096,4,131055,354.432
32,4096,8,16,66.1013
32,4096,8,32,65.92
32,4096,8,64,66.3783
32,4096,8,128,65.856
32,4096,8,256,66.282
32,4096,8,512,67.8613
32,4096,8,1024,70.2393
32,4096,8,2048,75.5197
32,4096,8,4096,84.181
32,4096,8,8192,102.966
32,4096,8,16384,138.614
32,4096,8,32768,211.434
32,4096,8,65536,354.197
32,4096,8,131055,639.7
32,4096,16,16,65.3233
32,4096,16,32,65.4613
32,4096,16,64,65.3013
32,4096,16,128,65.8027
32,4096,16,256,67.5627
32,4096,16,512,70.5063
32,4096,16,1024,75.6363
32,4096,16,2048,84.9807
32,4096,16,4096,102.901
32,4096,16,8192,139.68
32,4096,16,16384,212.309
32,4096,16,32768,354.346
32,4096,16,65536,641.525
32,4096,16,131055,1215.13
32,4096,32,16,68.331
32,4096,32,32,68.5973
32,4096,32,64,68.0533
32,4096,32,128,67.8717
32,4096,32,256,72.5337
32,4096,32,512,77.909
32,4096,32,1024,87.1887
32,4096,32,2048,105.941
32,4096,32,4096,142.218
32,4096,32,8192,214.57
32,4096,32,16384,361.94
32,4096,32,32768,654.313
32,4096,32,65536,1240.72
32,4096,32,131055,2397.97
32,4096,64,16,72.1177
32,4096,64,32,71.9787
32,4096,64,64,72.32
32,4096,64,128,72.5343
32,4096,64,256,78.8693
32,4096,64,512,89.2373
32,4096,64,1024,107.679
32,4096,64,2048,144.491
32,4096,64,4096,218.219
32,4096,64,8192,364.895
32,4096,64,16384,665.525
32,4096,64,32768,1259.42
32,4096,64,65536,2461.88
32,4096,64,131055,4848.07
32,8192,0,0,108.278
32,8192,1,16,120.309
32,8192,1,32,119.937
32,8192,1,64,120.564
32,8192,1,128,120.384
32,8192,1,256,120.853
32,8192,1,512,120.704
32,8192,1,1024,121.451
32,8192,1,2048,122.987
32,8192,1,4096,124.512
32,8192,1,8192,127.296
32,8192,1,16384,131.99
32,8192,1,32768,140.896
32,8192,1,65536,158.229
32,8192,1,131055,194.752
32,8192,2,16,120.266
32,8192,2,32,120.096
32,8192,2,64,120.235
32,8192,2,128,120.277
32,8192,2,256,120.885
32,8192,2,512,120.491
32,8192,2,1024,122.005
32,8192,2,2048,123.008
32,8192,2,4096,124.512
32,8192,2,8192,130.581
32,8192,2,16384,139.158
32,8192,2,32768,155.402
32,8192,2,65536,193.333
32,8192,2,131055,265.322
32,8192,4,16,120.597
32,8192,4,32,120.832
32,8192,4,64,120.575
32,8192,4,128,120.63
32,8192,4,256,118.645
32,8192,4,512,120.651
32,8192,4,1024,123.786
32,8192,4,2048,124.863
32,8192,4,4096,128.437
32,8192,4,8192,136.405
32,8192,4,16384,155.275
32,8192,4,32768,191.636
32,8192,4,65536,262.912
32,8192,4,131055,405.759
32,8192,8,16,114.431
32,8192,8,32,114.784
32,8192,8,64,114.646
32,8192,8,128,120.577
32,8192,8,256,120.661
32,8192,8,512,123.637
32,8192,8,1024,125.45
32,8192,8,2048,127.627
32,8192,8,4096,134.826
32,8192,8,8192,155.434
32,8192,8,16384,191.083
32,8192,8,32768,263.508
32,8192,8,65536,403.381
32,8192,8,131055,692.384
32,8192,16,16,118.741
32,8192,16,32,118.88
32,8192,16,64,119.03
32,8192,16,128,119.36
32,8192,16,256,121.846
32,8192,16,512,124.139
32,8192,16,1024,128.842
32,8192,16,2048,137.504
32,8192,16,4096,157.589
32,8192,16,8192,192.576
32,8192,16,16384,264.672
32,8192,16,32768,407.668
32,8192,16,65536,697.599
32,8192,16,131055,1270.06
32,8192,32,16,122.122
32,8192,32,32,122.453
32,8192,32,64,118.954
32,8192,32,128,120.768
32,8192,32,256,126.017
32,8192,32,512,131.381
32,8192,32,1024,141.195
32,8192,32,2048,158.208
32,8192,32,4096,194.677
32,8192,32,8192,267.275
32,8192,32,16384,416.768
32,8192,32,32768,707.38
32,8192,32,65536,1290.34
32,8192,32,131055,2449.86
32,8192,64,16,125.973
32,8192,64,32,126.966
32,8192,64,64,126.816
32,8192,64,128,126.762
32,8192,64,256,134.836
32,8192,64,512,144.629
32,8192,64,1024,161.824
32,8192,64,2048,198.389
32,8192,64,4096,271.477
32,8192,64,8192,421.045
32,8192,64,16384,714.944
32,8192,64,32768,1305.91
32,8192,64,65536,2493.21
32,8192,64,131055,4911.44
32,16384,0,0,206.037
32,16384,1,16,218.731
32,16384,1,32,218.88
32,16384,1,64,219.114
32,16384,1,128,218.709
32,16384,1,256,218.219
32,16384,1,512,218.346
32,16384,1,1024,219.647
32,16384,1,2048,221.439
32,16384,1,4096,222.123
32,16384,1,8192,225.515
32,16384,1,16384,230.165
32,16384,1,32768,238.293
32,16384,1,65536,255.808
32,16384,1,131055,292.213
32,16384,2,16,218.709
32,16384,2,32,218.464
32,16384,2,64,218.88
32,16384,2,128,218.421
32,16384,2,256,218.752
32,16384,2,512,219.125
32,16384,2,1024,219.413
32,16384,2,2048,221.013
32,16384,2,4096,224.651
32,16384,2,8192,227.808
32,16384,2,16384,237.109
32,16384,2,32768,255.146
32,16384,2,65536,290.848
32,16384,2,131055,365.728
32,16384,4,16,218.143
32,16384,4,32,218.922
32,16384,4,64,218.464
32,16384,4,128,219.327
32,16384,4,256,218.944
32,16384,4,512,219.316
32,16384,4,1024,221.696
32,16384,4,2048,222.944
32,16384,4,4096,226.315
32,16384,4,8192,233.994
32,16384,4,16384,253.408
32,16384,4,32768,289.526
32,16384,4,65536,360.404
32,16384,4,131055,504.342
32,16384,8,16,218.656
32,16384,8,32,218.795
32,16384,8,64,218.56
32,16384,8,128,218.944
32,16384,8,256,218.657
32,16384,8,512,221.536
32,16384,8,1024,223.264
32,16384,8,2048,227.05
32,16384,8,4096,235.914
32,16384,8,8192,252.992
32,16384,8,16384,288.705
32,16384,8,32768,361.024
32,16384,8,65536,504.384
32,16384,8,131055,791.669
32,16384,16,16,216.725
32,16384,16,32,216.555
32,16384,16,64,217.429
32,16384,16,128,217.813
32,16384,16,256,219.157
32,16384,16,512,223.178
32,16384,16,1024,226.357
32,16384,16,2048,236.203
32,16384,16,4096,254.699
32,16384,16,8192,289.515
32,16384,16,16384,362.709
32,16384,16,32768,504.47
32,16384,16,65536,792.906
32,16384,16,131055,1364.48
32,16384,32,16,220.448
32,16384,32,32,220.885
32,16384,32,64,220.224
32,16384,32,128,219.744
32,16384,32,256,223.349
32,16384,32,512,229.717
32,16384,32,1024,237.323
32,16384,32,2048,256.106
32,16384,32,4096,290.955
32,16384,32,8192,365.195
32,16384,32,16384,511.552
32,16384,32,32768,803.755
32,16384,32,65536,1381.44
32,16384,32,131055,2546.72
32,16384,64,16,224.64
32,16384,64,32,223.958
32,16384,64,64,224.48
32,16384,64,128,224.299
32,16384,64,256,232.074
32,16384,64,512,242.208
32,16384,64,1024,258.166
32,16384,64,2048,294.677
32,16384,64,4096,368.629
32,16384,64,8192,514.783
32,16384,64,16384,816.736
32,16384,64,32768,1413.16
32,16384,64,65536,2609.6
32,16384,64,131055,5004.37
32,32768,0,0,399.862
32,32768,1,16,411.115
32,32768,1,32,411.638
32,32768,1,64,411.84
32,32768,1,128,411.307
32,32768,1,256,411.798
32,32768,1,512,412.747
32,32768,1,1024,414.08
32,32768,1,2048,413.375
32,32768,1,4096,416.971
32,32768,1,8192,418.293
32,32768,1,16384,422.176
32,32768,1,32768,430.347
32,32768,1,65536,447.478
32,32768,1,131055,484.907
32,32768,2,16,411.765
32,32768,2,32,412.01
32,32768,2,64,411.125
32,32768,2,128,412.383
32,32768,2,256,412.842
32,32768,2,512,411.925
32,32768,2,1024,413.132
32,32768,2,2048,414.443
32,32768,2,4096,417.685
32,32768,2,8192,421.333
32,32768,2,16384,429.205
32,32768,2,32768,447.381
32,32768,2,65536,482.176
32,32768,2,131055,555.307
32,32768,4,16,410.741
32,32768,4,32,411.872
32,32768,4,64,411.435
32,32768,4,128,410.944
32,32768,4,256,411.477
32,32768,4,512,411.499
32,32768,4,1024,414.421
32,32768,4,2048,414.955
32,32768,4,4096,417.952
32,32768,4,8192,426.667
32,32768,4,16384,444.939
32,32768,4,32768,481.301
32,32768,4,65536,552.405
32,32768,4,131055,696.661
32,32768,8,16,411.862
32,32768,8,32,410.987
32,32768,8,64,412.469
32,32768,8,128,411.84
32,32768,8,256,411.541
32,32768,8,512,414.698
32,32768,8,1024,416.608
32,32768,8,2048,419.137
32,32768,8,4096,428.427
32,32768,8,8192,446.016
32,32768,8,16384,482.219
32,32768,8,32768,553.355
32,32768,8,65536,696.96
32,32768,8,131055,981.515
32,32768,16,16,409.568
32,32768,16,32,409.984
32,32768,16,64,410.41
32,32768,16,128,409.696
32,32768,16,256,412.821
32,32768,16,512,414.741
32,32768,16,1024,417.11
32,32768,16,2048,428.192
32,32768,16,4096,444.982
32,32768,16,8192,480.747
32,32768,16,16384,552.106
32,32768,16,32768,696.256
32,32768,16,65536,983.285
32,32768,16,131055,1556.04
32,32768,32,16,413.185
32,32768,32,32,413.526
32,32768,32,64,413.717
32,32768,32,128,412.811
32,32768,32,256,416.192
32,32768,32,512,421.408
32,32768,32,1024,431.201
32,32768,32,2048,447.787
32,32768,32,4096,483.542
32,32768,32,8192,554.347
32,32768,32,16384,700.853
32,32768,32,32768,990.177
32,32768,32,65536,1571.56
32,32768,32,131055,2725.41
32,32768,64,16,417.099
32,32768,64,32,418.027
32,32768,64,64,418.411
32,32768,64,128,417.216
32,32768,64,256,425.643
32,32768,64,512,435.659
32,32768,64,1024,452.021
32,32768,64,2048,488.309
32,32768,64,4096,560.886
32,32768,64,8192,710.785
32,32768,64,16384,1004.1
32,32768,64,32768,1589.83
32,32768,64,65536,2783
32,32768,64,131055,5203.35
32,65536,0,0,781.718
32,65536,1,16,794.591
32,65536,1,32,794.112
32,65536,1,64,795.84
32,65536,1,128,795.073
32,65536,1,256,794.454
32,65536,1,512,794.934
32,65536,1,1024,796.065
32,65536,1,2048,796.48
32,65536,1,4096,798.528
32,65536,1,8192,801.291
32,65536,1,16384,806.272
32,65536,1,32768,814.539
32,65536,1,65536,831.67
32,65536,1,131055,866.23
32,65536,2,16,794.753
32,65536,2,32,794.284
32,65536,2,64,793.152
32,65536,2,128,794.646
32,65536,2,256,795.712
32,65536,2,512,795.116
32,65536,2,1024,794.528
32,65536,2,2048,797.74
32,65536,2,4096,799.585
32,65536,2,8192,804.17
32,65536,2,16384,812.769
32,65536,2,32768,830.689
32,65536,2,65536,864.917
32,65536,2,131055,936.544
32,65536,4,16,794.464
32,65536,4,32,793.836
32,65536,4,64,794.859
32,65536,4,128,794.614
32,65536,4,256,796.129
32,65536,4,512,796.075
32,65536,4,1024,797.601
32,65536,4,2048,799.745
32,65536,4,4096,802.624
32,65536,4,8192,811.67
32,65536,4,16384,829.493
32,65536,4,32768,864.139
32,65536,4,65536,935.009
32,65536,4,131055,1079.36
32,65536,8,16,795.009
32,65536,8,32,794.647
32,65536,8,64,794.848
32,65536,8,128,794.186
32,65536,8,256,794.016
32,65536,8,512,798.55
32,65536,8,1024,798.465
32,65536,8,2048,804.246
32,65536,8,4096,811.787
32,65536,8,8192,830.146
32,65536,8,16384,865.814
32,65536,8,32768,935.393
32,65536,8,65536,1078.97
32,65536,8,131055,1363.76
32,65536,16,16,792.649
32,65536,16,32,793.004
32,65536,16,64,792.438
32,65536,16,128,791.798
32,65536,16,256,796.106
32,65536,16,512,799.585
32,65536,16,1024,802.391
32,65536,16,2048,810.966
32,65536,16,4096,828.844
32,65536,16,8192,863.297
32,65536,16,16384,934.198
32,65536,16,32768,1078.33
32,65536,16,65536,1363.27
32,65536,16,131055,1940.96
32,65536,32,16,795.488
32,65536,32,32,794.955
32,65536,32,64,797.345
32,65536,32,128,796.523
32,65536,32,256,800.757
32,65536,32,512,805.441
32,65536,32,1024,814.624
32,65536,32,2048,830.433
32,65536,32,4096,865.089
32,65536,32,8192,937.985
32,65536,32,16384,1080.02
32,65536,32,32768,1370.55
32,65536,32,65536,1952.91
32,65536,32,131055,3105.14
32,65536,64,16,799.862
32,65536,64,32,799.67
32,65536,64,64,801.43
32,65536,64,128,800.426
32,65536,64,256,809.164
32,65536,64,512,817.409
32,65536,64,1024,833.707
32,65536,64,2048,869.121
32,65536,64,4096,943.275
32,65536,64,8192,1092.63
32,65536,64,16384,1386.24
32,65536,64,32768,1990
32,65536,64,65536,3181.57
32,65536,64,131055,5579.37
64,0,0,0,10.4107
64,0,1,16,15.3273
64,0,1,32,15.5207
64,0,1,64,15.4983
64,0,1,128,15.5417
64,0,1,256,16.619
64,0,1,512,17.227
64,0,1,1024,17.2907
64,0,1,2048,17.7067
64,0,1,4096,18.571
64,0,1,8192,24.597
64,0,1,16384,29.568
64,0,1,32768,39.136
64,0,1,65536,57.61
64,0,1,131055,93.5683
64,0,2,16,15.531
64,0,2,32,15.3597
64,0,2,64,15.4883
64,0,2,128,15.5417
64,0,2,256,16.608
64,0,2,512,17.269
64,0,2,1024,17.579
64,0,2,2048,18.5603
64,0,2,4096,23.2103
64,0,2,8192,28.1073
64,0,2,16384,38.2303
64,0,2,32768,56.342
64,0,2,65536,92.2883
64,0,2,131055,165.109
64,0,4,16,15.5093
64,0,4,32,15.5303
64,0,4,64,15.7017
64,0,4,128,15.6803
64,0,4,256,16.896
64,0,4,512,17.5367
64,0,4,1024,18.6357
64,0,4,2048,21.2903
64,0,4,4096,26.0053
64,0,4,8192,36.2457
64,0,4,16384,54.4747
64,0,4,32768,90.3787
64,0,4,65536,162.347
64,0,4,131055,307.04
64,0,8,16,15.8073
64,0,8,32,15.7973
64,0,8,64,15.9037
64,0,8,128,16.0647
64,0,8,256,17.1207
64,0,8,512,19.0827
64,0,8,1024,21.5363
64,0,8,2048,26.581
64,0,8,4096,36.2247
64,0,8,8192,54.368
64,0,8,16384,90.464
64,0,8,32768,162.912
64,0,8,65536,308.001
64,0,8,131055,595.317
64,0,16,16,16.7043
64,0,16,32,16.6937
64,0,16,64,16.7147
64,0,16,128,17.0987
64,0,16,256,18.7627
64,0,16,512,21.4717
64,0,16,1024,26.635
64,0,16,2048,36.5863
64,0,16,4096,54.9333
64,0,16,8192,90.9543
64,0,16,16384,162.784
64,0,16,32768,307.019
64,0,16,65536,595.041
64,0,16,131055,1167.47
64,0,32,16,19.1467
64,0,32,32,19.147
64,0,32,64,19.051
64,0,32,128,19.1143
64,0,32,256,23.4983
64,0,32,512,28.128
64,0,32,1024,38.389
64,0,32,2048,57.0987
64,0,32,4096,92.9387
64,0,32,8192,165.771
64,0,32,16384,311.393
64,0,32,32768,604.896
64,0,32,65536,1187.17
64,0,32,131055,2351.13
64,0,64,16,22.9217
64,0,64,32,23.061
64,0,64,64,23.1253
64,0,64,128,23.275
64,0,64,256,30.2403
64,0,64,512,40.3417
64,0,64,1024,60.0747
64,0,64,2048,96.7353
64,0,64,4096,169.952
64,0,64,8192,317.323
64,0,64,16384,616.992
64,0,64,32768,1212.92
64,0,64,65536,2416.97
64,0,64,131055,4804.18
64,16,0,0,10.4217
64,16,1,16,15.5307
64,16,1,32,15.648
64,16,1,64,15.6587
64,16,1,128,15.6053
64,16,1,256,16.7883
64,16,1,512,17.355
64,16,1,1024,17.5043
64,16,1,2048,17.7817
64,16,1,4096,18.6887
64,16,1,8192,24.608
64,16,1,16384,29.547
64,16,1,32768,39.1683
64,16,1,65536,57.622
64,16,1,131055,93.931
64,16,2,16,15.8297
64,16,2,32,15.904
64,16,2,64,15.8503
64,16,2,128,15.8507
64,16,2,256,16.896
64,16,2,512,17.5473
64,16,2,1024,17.718
64,16,2,2048,18.6877
64,16,2,4096,23.381
64,16,2,8192,28.4057
64,16,2,16384,37.931
64,16,2,32768,56.2353
64,16,2,65536,92.1923
64,16,2,131055,165.066
64,16,4,16,15.6697
64,16,4,32,15.6803
64,16,4,64,15.733
64,16,4,128,15.786
64,16,4,256,16.9817
64,16,4,512,17.7063
64,16,4,1024,18.7947
64,16,4,2048,21.5687
64,16,4,4096,26.1543
64,16,4,8192,35.9787
64,16,4,16384,54.3573
64,16,4,32768,90.6767
64,16,4,65536,162.283
64,16,4,131055,306.966
64,16,8,16,15.9257
64,16,8,32,15.979
64,16,8,64,16.192
64,16,8,128,16.128
64,16,8,256,17.226
64,16,8,512,19.0187
64,16,8,1024,21.4727
64,16,8,2048,26.7097
64,16,8,4096,36.2453
64,16,8,8192,54.2183
64,16,8,16384,90.2827
64,16,8,32768,162.806
64,16,8,65536,306.667
64,16,8,131055,593.824
64,16,16,16,16.6077
64,16,16,32,16.6827
64,16,16,64,16.651
64,16,16,128,16.8423
64,16,16,256,18.73
64,16,16,512,21.366
64,16,16,1024,26.305
64,16,16,2048,36.693
64,16,16,4096,55.2537
64,16,16,8192,90.677
64,16,16,16384,162.186
64,16,16,32768,305.921
64,16,16,65536,594.411
64,16,16,131055,1165.32
64,16,32,16,19.371
64,16,32,32,19.1893
64,16,32,64,19.0293
64,16,32,128,19.0933
64,16,32,256,23.701
64,16,32,512,28.6397
64,16,32,1024,38.378
64,16,32,2048,56.864
64,16,32,4096,93.0353
64,16,32,8192,165.451
64,16,32,16384,313.548
64,16,32,32768,603.851
64,16,32,65536,1192.37
64,16,32,131055,2349.9
64,16,64,16,22.9447
64,16,64,32,23.115
64,16,64,64,22.9017
64,16,64,128,23.3173
64,16,64,256,30.0907
64,16,64,512,40.2667
64,16,64,1024,59.8827
64,16,64,2048,97.3227
64,16,64,4096,169.984
64,16,64,8192,318.229
64,16,64,16384,618.092
64,16,64,32768,1222.95
64,16,64,65536,2416.95
64,16,64,131055,4814.2
64,32,0,0,10.336
64,32,1,16,15.7333
64,32,1,32,15.7643
64,32,1,64,15.797
64,32,1,128,15.6917
64,32,1,256,16.8423
64,32,1,512,17.493
64,32,1,1024,17.5143
64,32,1,2048,17.749
64,32,1,4096,18.8697
64,32,1,8192,24.7363
64,32,1,16384,29.4717
64,32,1,32768,39.6053
64,32,1,65536,58.1437
64,32,1,131055,92.9707
64,32,2,16,15.7867
64,32,2,32,15.7127
64,32,2,64,15.7543
64,32,2,128,15.8403
64,32,2,256,16.9597
64,32,2,512,17.8343
64,32,2,1024,17.9613
64,32,2,2048,18.7203
64,32,2,4096,23.4127
64,32,2,8192,28.2767
64,32,2,16384,38.1337
64,32,2,32768,55.883
64,32,2,65536,92.5443
64,32,2,131055,164.427
64,32,4,16,15.52
64,32,4,32,15.6587
64,32,4,64,15.8617
64,32,4,128,15.5527
64,32,4,256,16.9277
64,32,4,512,17.834
64,32,4,1024,18.72
64,32,4,2048,21.259
64,32,4,4096,25.9093
64,32,4,8192,35.9997
64,32,4,16384,54.5173
64,32,4,32768,90.4323
64,32,4,65536,163.136
64,32,4,131055,307.381
64,32,8,16,15.681
64,32,8,32,15.7873
64,32,8,64,15.8723
64,32,8,128,15.9787
64,32,8,256,17.292
64,32,8,512,19.3173
64,32,8,1024,21.3867
64,32,8,2048,26.496
64,32,8,4096,36.2347
64,32,8,8192,54.6883
64,32,8,16384,91.04
64,32,8,32768,162.571
64,32,8,65536,307.349
64,32,8,131055,592.991
64,32,16,16,16.64
64,32,16,32,16.619
64,32,16,64,16.629
64,32,16,128,16.8213
64,32,16,256,18.7093
64,32,16,512,21.3543
64,32,16,1024,26.453
64,32,16,2048,36.0427
64,32,16,4096,54.6137
64,32,16,8192,90.6137
64,32,16,16384,162.358
64,32,16,32768,306.496
64,32,16,65536,594.369
64,32,16,131055,1165.87
64,32,32,16,19.2963
64,32,32,32,19.36
64,32,32,64,18.954
64,32,32,128,19.168
64,32,32,256,23.3067
64,32,32,512,28.5973
64,32,32,1024,38.357
64,32,32,2048,57.248
64,32,32,4096,93.888
64,32,32,8192,165.888
64,32,32,16384,313.611
64,32,32,32768,605.622
64,32,32,65536,1192.14
64,32,32,131055,2361.75
64,32,64,16,23.1683
64,32,64,32,22.8797
64,32,64,64,22.9333
64,32,64,128,23.0083
64,32,64,256,30.1123
64,32,64,512,40.693
64,32,64,1024,59.7337
64,32,64,2048,97.1733
64,32,64,4096,169.622
64,32,64,8192,318.091
64,32,64,16384,619.659
64,32,64,32768,1212.29
64,32,64,65536,2415.03
64,32,64,131055,4817.68
64,64,0,0,10.198
64,64,1,16,15.7437
64,64,1,32,15.5837
64,64,1,64,15.6803
64,64,1,128,15.744
64,64,1,256,16.9707
64,64,1,512,17.5683
64,64,1,1024,17.6427
64,64,1,2048,17.8347
64,64,1,4096,18.7737
64,64,1,8192,24.6507
64,64,1,16384,29.6103
64,64,1,32768,39.5953
64,64,1,65536,57.6
64,64,1,131055,93.3863
64,64,2,16,15.6797
64,64,2,32,15.52
64,64,2,64,15.552
64,64,2,128,15.5733
64,64,2,256,16.768
64,64,2,512,17.5997
64,64,2,1024,17.632
64,64,2,2048,18.4103
64,64,2,4096,23.4447
64,64,2,8192,28.181
64,64,2,16384,38.0373
64,64,2,32768,56.1387
64,64,2,65536,92.225
64,64,2,131055,164.384
64,64,4,16,15.6063
64,64,4,32,15.6273
64,64,4,64,15.7013
64,64,4,128,15.7437
64,64,4,256,16.8533
64,64,4,512,17.771
64,64,4,1024,18.741
64,64,4,2048,21.3867
64,64,4,4096,25.9087
64,64,4,8192,36.149
64,64,4,16384,54.1337
64,64,4,32768,90.2293
64,64,4,65536,162.39
64,64,4,131055,308.032
64,64,8,16,15.8187
64,64,8,32,15.6907
64,64,8,64,15.808
64,64,8,128,15.915
64,64,8,256,17.269
64,64,8,512,19.328
64,64,8,1024,21.7277
64,64,8,2048,26.4553
64,64,8,4096,36.0107
64,64,8,8192,54.3677
64,64,8,16384,90.3893
64,64,8,32768,162.816
64,64,8,65536,306.923
64,64,8,131055,592.609
64,64,16,16,16.683
64,64,16,32,16.7253
64,64,16,64,16.7577
64,64,16,128,17.0243
64,64,16,256,18.773
64,64,16,512,21.4823
64,64,16,1024,26.3897
64,64,16,2048,36.7687
64,64,16,4096,54.571
64,64,16,8192,90.7623
64,64,16,16384,162.913
64,64,16,32768,307.148
64,64,16,65536,594.497
64,64,16,131055,1168.78
64,64,32,16,19.1353
64,64,32,32,19.3177
64,64,32,64,19.0297
64,64,32,128,19.158
64,64,32,256,23.7013
64,64,32,512,28.832
64,64,32,1024,38.5273
64,64,32,2048,57.4927
64,64,32,4096,93.1627
64,64,32,8192,165.792
64,64,32,16384,311.926
64,64,32,32768,606.262
64,64,32,65536,1188.3
64,64,32,131055,2347.78
64,64,64,16,23.0187
64,64,64,32,23.008
64,64,64,64,23.0073
64,64,64,128,23.317
64,64,64,256,30.24
64,64,64,512,40.737
64,64,64,1024,59.7227
64,64,64,2048,96.864
64,64,64,4096,170.102
64,64,64,8192,314.742
64,64,64,16384,618.87
64,64,64,32768,1199.06
64,64,64,65536,2384.41
64,64,64,131055,4809.15
64,128,0,0,11.8927
64,128,1,16,16.896
64,128,1,32,16.9277
64,128,1,64,16.9387
64,128,1,128,16.9173
64,128,1,256,18.1013
64,128,1,512,18.517
64,128,1,1024,18.7303
64,128,1,2048,19.0723
64,128,1,4096,20.0323
64,128,1,8192,25.717
64,128,1,16384,30.891
64,128,1,32768,40.4913
64,128,1,65536,59.0183
64,128,1,131055,95.456
64,128,2,16,16.8743
64,128,2,32,16.939
64,128,2,64,17.1943
64,128,2,128,16.9383
64,128,2,256,18.2933
64,128,2,512,18.7837
64,128,2,1024,18.9443
64,128,2,2048,19.9473
64,128,2,4096,24.693
64,128,2,8192,29.5037
64,128,2,16384,39.221
64,128,2,32768,57.7387
64,128,2,65536,94.038
64,128,2,131055,165.525
64,128,4,16,16.939
64,128,4,32,16.9813
64,128,4,64,17.034
64,128,4,128,17.0237
64,128,4,256,18.378
64,128,4,512,19.1783
64,128,4,1024,19.9573
64,128,4,2048,22.838
64,128,4,4096,27.5307
64,128,4,8192,37.3547
64,128,4,16384,55.9153
64,128,4,32768,91.777
64,128,4,65536,164.598
64,128,4,131055,307.766
64,128,8,16,17.2053
64,128,8,32,17.2163
64,128,8,64,17.334
64,128,8,128,17.4187
64,128,8,256,18.7097
64,128,8,512,20.4373
64,128,8,1024,22.7733
64,128,8,2048,27.8503
64,128,8,4096,37.9097
64,128,8,8192,55.8187
64,128,8,16384,92.0533
64,128,8,32768,163.873
64,128,8,65536,308.587
64,128,8,131055,594.721
64,128,16,16,18.1337
64,128,16,32,18.1553
64,128,16,64,18.2073
64,128,16,128,18.4103
64,128,16,256,20.3413
64,128,16,512,23.2217
64,128,16,1024,27.808
64,128,16,2048,37.8567
64,128,16,4096,56.6193
64,128,16,8192,92.2457
64,128,16,16384,164.32
64,128,16,32768,308.267
64,128,16,65536,594.934
64,128,16,131055,1169.93
64,128,32,16,20.5547
64,128,32,32,20.3733
64,128,32,64,20.501
64,128,32,128,20.555
64,128,32,256,24.9923
64,128,32,512,29.7287
64,128,32,1024,39.6693
64,128,32,2048,58.1333
64,128,32,4096,94.656
64,128,32,8192,166.485
64,128,32,16384,312.993
64,128,32,32768,609.004
64,128,32,65536,1187.71
64,128,32,131055,2355.72
64,128,64,16,24.4687
64,128,64,32,24.3837
64,128,64,64,24.4597
64,128,64,128,24.7043
64,128,64,256,31.5953
64,128,64,512,41.621
64,128,64,1024,61.013
64,128,64,2048,98.4757
64,128,64,4096,171.808
64,128,64,8192,320.481
64,128,64,16384,619.212
64,128,64,32768,1210.54
64,128,64,65536,2414.17
64,128,64,131055,4811.95
64,256,0,0,13.3117
64,256,1,16,18.4533
64,256,1,32,18.5497
64,256,1,64,18.5177
64,256,1,128,18.5703
64,256,1,256,19.7653
64,256,1,512,20.2883
64,256,1,1024,20.4373
64,256,1,2048,20.6293
64,256,1,4096,21.5257
64,256,1,8192,27.7333
64,256,1,16384,32.4907
64,256,1,32768,42.4427
64,256,1,65536,60.4697
64,256,1,131055,96.277
64,256,2,16,18.507
64,256,2,32,18.7627
64,256,2,64,18.7097
64,256,2,128,18.8163
64,256,2,256,19.905
64,256,2,512,20.5117
64,256,2,1024,20.725
64,256,2,2048,21.4613
64,256,2,4096,26.368
64,256,2,8192,31.3283
64,256,2,16384,41.2907
64,256,2,32768,59.4347
64,256,2,65536,95.562
64,256,2,131055,167.712
64,256,4,16,18.6983
64,256,4,32,18.5603
64,256,4,64,18.795
64,256,4,128,18.5817
64,256,4,256,19.797
64,256,4,512,20.5233
64,256,4,1024,21.76
64,256,4,2048,24.416
64,256,4,4096,28.9807
64,256,4,8192,39.1577
64,256,4,16384,57.9093
64,256,4,32768,93.2057
64,256,4,65536,165.686
64,256,4,131055,310.817
64,256,8,16,18.8267
64,256,8,32,18.9333
64,256,8,64,18.9013
64,256,8,128,19.0507
64,256,8,256,20.2027
64,256,8,512,22.176
64,256,8,1024,24.3843
64,256,8,2048,29.3973
64,256,8,4096,39.168
64,256,8,8192,57.259
64,256,8,16384,93.6427
64,256,8,32768,165.365
64,256,8,65536,310.273
64,256,8,131055,597.782
64,256,16,16,19.4457
64,256,16,32,19.5523
64,256,16,64,19.6903
64,256,16,128,19.8617
64,256,16,256,21.7173
64,256,16,512,24.3727
64,256,16,1024,29.3223
64,256,16,2048,39.36
64,256,16,4096,57.5157
64,256,16,8192,93.8563
64,256,16,16384,165.845
64,256,16,32768,309.291
64,256,16,65536,596.886
64,256,16,131055,1168.92
64,256,32,16,22.187
64,256,32,32,22.1663
64,256,32,64,21.9097
64,256,32,128,22.261
64,256,32,256,26.336
64,256,32,512,31.3063
64,256,32,1024,41.4613
64,256,32,2048,60.5553
64,256,32,4096,96.2347
64,256,32,8192,168.383
64,256,32,16384,319.361
64,256,32,32768,608.502
64,256,32,65536,1189.47
64,256,32,131055,2351.97
64,256,64,16,26.037
64,256,64,32,25.9517
64,256,64,64,25.9203
64,256,64,128,26.0053
64,256,64,256,32.8213
64,256,64,512,43.5947
64,256,64,1024,62.9977
64,256,64,2048,100.075
64,256,64,4096,173.546
64,256,64,8192,322.998
64,256,64,16384,618.753
64,256,64,32768,1218.05
64,256,64,65536,2412.23
64,256,64,131055,4811.13
64,512,0,0,16.3303
64,512,1,16,22.155
64,512,1,32,22.3463
64,512,1,64,22.475
64,512,1,128,22.3147
64,512,1,256,22.432
64,512,1,512,23.4453
64,512,1,1024,23.4027
64,512,1,2048,23.9573
64,512,1,4096,24.6507
64,512,1,8192,30.741
64,512,1,16384,35.68
64,512,1,32768,45.536
64,512,1,65536,63.947
64,512,1,131055,99.52
64,512,2,16,22.452
64,512,2,32,22.272
64,512,2,64,22.422
64,512,2,128,22.368
64,512,2,256,22.4633
64,512,2,512,23.7117
64,512,2,1024,23.6803
64,512,2,2048,24.427
64,512,2,4096,29.248
64,512,2,8192,34.283
64,512,2,16384,43.9793
64,512,2,32768,62.176
64,512,2,65536,98.1017
64,512,2,131055,169.792
64,512,4,16,22.3147
64,512,4,32,22.4327
64,512,4,64,22.496
64,512,4,128,22.5073
64,512,4,256,22.592
64,512,4,512,23.7547
64,512,4,1024,24.6823
64,512,4,2048,27.1793
64,512,4,4096,32.1707
64,512,4,8192,41.8667
64,512,4,16384,60.544
64,512,4,32768,96.7363
64,512,4,65536,168.597
64,512,4,131055,312.736
64,512,8,16,23.1363
64,512,8,32,23.2107
64,512,8,64,23.3927
64,512,8,128,23.3807
64,512,8,256,23.3923
64,512,8,512,25.3333
64,512,8,1024,27.3387
64,512,8,2048,32.4377
64,512,8,4096,42.123
64,512,8,8192,60.491
64,512,8,16384,97.056
64,512,8,32768,167.659
64,512,8,65536,312.522
64,512,8,131055,599.521
64,512,16,16,22.5707
64,512,16,32,22.4853
64,512,16,64,22.56
64,512,16,128,22.848
64,512,16,256,25.003
64,512,16,512,27.3497
64,512,16,1024,32.1923
64,512,16,2048,42.197
64,512,16,4096,60.395
64,512,16,8192,97.4403
64,512,16,16384,168.715
64,512,16,32768,312.47
64,512,16,65536,600.491
64,512,16,131055,1172.75
64,512,32,16,25.2367
64,512,32,32,25.4827
64,512,32,64,25.184
64,512,32,128,25.035
64,512,32,256,29.6957
64,512,32,512,34.4433
64,512,32,1024,43.989
64,512,32,2048,63.1033
64,512,32,4096,99.872
64,512,32,8192,171.798
64,512,32,16384,317.932
64,512,32,32768,614.54
64,512,32,65536,1199.18
64,512,32,131055,2352.51
64,512,64,16,29.0347
64,512,64,32,29.1733
64,512,64,64,29.024
64,512,64,128,29.4083
64,512,64,256,36.32
64,512,64,512,46.5597
64,512,64,1024,66.176
64,512,64,2048,102.433
64,512,64,4096,175.797
64,512,64,8192,321.418
64,512,64,16384,621.473
64,512,64,32768,1201.75
64,512,64,65536,2418.83
64,512,64,131055,4813.66
64,1024,0,0,22.2823
64,1024,1,16,28.416
64,1024,1,32,28.3097
64,1024,1,64,28.4593
64,1024,1,128,28.3733
64,1024,1,256,28.4803
64,1024,1,512,28.7143
64,1024,1,1024,29.7173
64,1024,1,2048,29.845
64,1024,1,4096,30.9437
64,1024,1,8192,36.5337
64,1024,1,16384,41.3337
64,1024,1,32768,51.157
64,1024,1,65536,69.43
64,1024,1,131055,105.227
64,1024,2,16,28.4273
64,1024,2,32,28.2563
64,1024,2,64,28.4373
64,1024,2,128,28.3517
64,1024,2,256,28.4693
64,1024,2,512,28.5957
64,1024,2,1024,29.6647
64,1024,2,2048,30.6023
64,1024,2,4096,35.3493
64,1024,2,8192,40.16
64,1024,2,16384,50.283
64,1024,2,32768,68.427
64,1024,2,65536,104.107
64,1024,2,131055,177.354
64,1024,4,16,28.7573
64,1024,4,32,28.864
64,1024,4,64,28.8
64,1024,4,128,29.0883
64,1024,4,256,28.9283
64,1024,4,512,29.386
64,1024,4,1024,30.8373
64,1024,4,2048,33.472
64,1024,4,4096,38.1973
64,1024,4,8192,47.979
64,1024,4,16384,66.4323
64,1024,4,32768,103.083
64,1024,4,65536,174.966
64,1024,4,131055,318.634
64,1024,8,16,29.2693
64,1024,8,32,29.472
64,1024,8,64,29.3227
64,1024,8,128,29.3227
64,1024,8,256,29.6007
64,1024,8,512,31.2
64,1024,8,1024,33.7493
64,1024,8,2048,38.7307
64,1024,8,4096,48.544
64,1024,8,8192,66.7947
64,1024,8,16384,102.848
64,1024,8,32768,174.4
64,1024,8,65536,318.891
64,1024,8,131055,604.491
64,1024,16,16,28.9493
64,1024,16,32,28.8743
64,1024,16,64,28.8217
64,1024,16,128,28.9917
64,1024,16,256,30.997
64,1024,16,512,33.9627
64,1024,16,1024,38.912
64,1024,16,2048,48.4163
64,1024,16,4096,67.2853
64,1024,16,8192,103.702
64,1024,16,16384,174.977
64,1024,16,32768,319.702
64,1024,16,65536,606.999
64,1024,16,131055,1179.32
64,1024,32,16,31.7443
64,1024,32,32,31.6583
64,1024,32,64,31.4873
64,1024,32,128,31.4887
64,1024,32,256,35.8297
64,1024,32,512,40.448
64,1024,32,1024,50.827
64,1024,32,2048,69.334
64,1024,32,4096,105.845
64,1024,32,8192,178.955
64,1024,32,16384,327.51
64,1024,32,32768,616.065
64,1024,32,65536,1200.67
64,1024,32,131055,2366.65
64,1024,64,16,35.4567
64,1024,64,32,35.2957
64,1024,64,64,35.2213
64,1024,64,128,35.6693
64,1024,64,256,42.538
64,1024,64,512,52.8847
64,1024,64,1024,72.3307
64,1024,64,2048,109.152
64,1024,64,4096,181.919
64,1024,64,8192,328.491
64,1024,64,16384,618.965
64,1024,64,32768,1213.62
64,1024,64,65536,2428.52
64,1024,64,131055,4821.33
64,2048,0,0,34.7733
64,2048,1,16,40.2877
64,2048,1,32,40.48
64,2048,1,64,40.6613
64,2048,1,128,40.7253
64,2048,1,256,40.6293
64,2048,1,512,40.5227
64,2048,1,1024,41.0027
64,2048,1,2048,42.3573
64,2048,1,4096,43.072
64,2048,1,8192,49.1097
64,2048,1,16384,53.792
64,2048,1,32768,63.328
64,2048,1,65536,81.5367
64,2048,1,131055,118.261
64,2048,2,16,40.8217
64,2048,2,32,40.8853
64,2048,2,64,40.736
64,2048,2,128,40.672
64,2048,2,256,40.8427
64,2048,2,512,40.8007
64,2048,2,1024,41.3343
64,2048,2,2048,43.2003
64,2048,2,4096,47.616
64,2048,2,8192,52.2877
64,2048,2,16384,62.432
64,2048,2,32768,80.2663
64,2048,2,65536,116.373
64,2048,2,131055,189.855
64,2048,4,16,41.5673
64,2048,4,32,41.5573
64,2048,4,64,41.4077
64,2048,4,128,41.5357
64,2048,4,256,41.4933
64,2048,4,512,42.08
64,2048,4,1024,43.4667
64,2048,4,2048,45.9727
64,2048,4,4096,50.88
64,2048,4,8192,60.395
64,2048,4,16384,78.4853
64,2048,4,32768,115.424
64,2048,4,65536,187.872
64,2048,4,131055,330.315
64,2048,8,16,41.685
64,2048,8,32,41.696
64,2048,8,64,41.5993
64,2048,8,128,41.931
64,2048,8,256,41.9097
64,2048,8,512,43.5413
64,2048,8,1024,46.3363
64,2048,8,2048,51.0613
64,2048,8,4096,60.6077
64,2048,8,8192,78.784
64,2048,8,16384,115.125
64,2048,8,32768,187.402
64,2048,8,65536,330.165
64,2048,8,131055,618.379
64,2048,16,16,41.2483
64,2048,16,32,40.9807
64,2048,16,64,41.2467
64,2048,16,128,41.4827
64,2048,16,256,43.2853
64,2048,16,512,46.2617
64,2048,16,1024,51.1787
64,2048,16,2048,60.8847
64,2048,16,4096,79.36
64,2048,16,8192,115.967
64,2048,16,16384,187.819
64,2048,16,32768,331.519
64,2048,16,65536,619.093
64,2048,16,131055,1192.65
64,2048,32,16,43.8613
64,2048,32,32,43.744
64,2048,32,64,43.4557
64,2048,32,128,43.5737
64,2048,32,256,47.9147
64,2048,32,512,52.7033
64,2048,32,1024,62.7737
64,2048,32,2048,82.0693
64,2048,32,4096,117.866
64,2048,32,8192,190.432
64,2048,32,16384,336.203
64,2048,32,32768,626.09
64,2048,32,65536,1207.72
64,2048,32,131055,2383.51
64,2048,64,16,47.4237
64,2048,64,32,47.5843
64,2048,64,64,47.808
64,2048,64,128,47.638
64,2048,64,256,54.8267
64,2048,64,512,64.7467
64,2048,64,1024,83.8937
64,2048,64,2048,121.173
64,2048,64,4096,194.58
64,2048,64,8192,340.287
64,2048,64,16384,639.68
64,2048,64,32768,1227.76
64,2048,64,65536,2437.72
64,2048,64,131055,4827.54
64,4096,0,0,59.531
64,4096,1,16,65.2797
64,4096,1,32,65.631
64,4096,1,64,65.4193
64,4096,1,128,65.3123
64,4096,1,256,65.558
64,4096,1,512,65.5143
64,4096,1,1024,65.824
64,4096,1,2048,66.4007
64,4096,1,4096,67.5733
64,4096,1,8192,73.4943
64,4096,1,16384,78.8583
64,4096,1,32768,88.9383
64,4096,1,65536,106.784
64,4096,1,131055,142.453
64,4096,2,16,66.3893
64,4096,2,32,66.5387
64,4096,2,64,66.8483
64,4096,2,128,66.624
64,4096,2,256,66.9767
64,4096,2,512,67.318
64,4096,2,1024,68.0647
64,4096,2,2048,69.6217
64,4096,2,4096,72.4807
64,4096,2,8192,77.291
64,4096,2,16384,86.72
64,4096,2,32768,104.8
64,4096,2,65536,141.909
64,4096,2,131055,214.954
64,4096,4,16,65.7807
64,4096,4,32,66.2403
64,4096,4,64,66.3357
64,4096,4,128,66.4107
64,4096,4,256,66.3787
64,4096,4,512,66.7947
64,4096,4,1024,68.1707
64,4096,4,2048,70.5813
64,4096,4,4096,75.3173
64,4096,4,8192,85.0557
64,4096,4,16384,103.083
64,4096,4,32768,140.01
64,4096,4,65536,212.192
64,4096,4,131055,354.336
64,4096,8,16,66.4097
64,4096,8,32,66.176
64,4096,8,64,66.3143
64,4096,8,128,66.5493
64,4096,8,256,66.656
64,4096,8,512,68.6503
64,4096,8,1024,70.5813
64,4096,8,2048,75.5843
64,4096,8,4096,85.4933
64,4096,8,8192,103.851
64,4096,8,16384,139.776
64,4096,8,32768,213.216
64,4096,8,65536,355.328
64,4096,8,131055,641.792
64,4096,16,16,65.5253
64,4096,16,32,65.9627
64,4096,16,64,65.675
64,4096,16,128,66.3147
64,4096,16,256,67.947
64,4096,16,512,70.8803
64,4096,16,1024,75.968
64,4096,16,2048,85.6527
64,4096,16,4096,103.445
64,4096,16,8192,139.956
64,4096,16,16384,212.395
64,4096,16,32768,355.04
64,4096,16,65536,641.93
64,4096,16,131055,1216.82
64,4096,32,16,68.65
64,4096,32,32,68.3517
64,4096,32,64,68.458
64,4096,32,128,68.7253
64,4096,32,256,72.523
64,4096,32,512,77.9947
64,4096,32,1024,87.3813
64,4096,32,2048,106.112
64,4096,32,4096,142.666
64,4096,32,8192,217.077
64,4096,32,16384,364.917
64,4096,32,32768,653.462
64,4096,32,65536,1236.01
64,4096,32,131055,2403.72
64,4096,64,16,72.6717
64,4096,64,32,72.726
64,4096,64,64,72.2237
64,4096,64,128,72.4047
64,4096,64,256,79.6583
64,4096,64,512,89.302
64,4096,64,1024,107.903
64,4096,64,2048,144.992
64,4096,64,4096,219.615
64,4096,64,8192,368.491
64,4096,64,16384,665.856
64,4096,64,32768,1263.53
64,4096,64,65536,2459.43
64,4096,64,131055,4859.3
64,8192,0,0,108.885
64,8192,1,16,120.64
64,8192,1,32,121.12
64,8192,1,64,121.024
64,8192,1,128,120.939
64,8192,1,256,121.578
64,8192,1,512,121.739
64,8192,1,1024,122.304
64,8192,1,2048,123.434
64,8192,1,4096,119.936
64,8192,1,8192,128.394
64,8192,1,16384,133.13
64,8192,1,32768,141.301
64,8192,1,65536,159.626
64,8192,1,131055,198.358
64,8192,2,16,121.088
64,8192,2,32,120.703
64,8192,2,64,121.077
64,8192,2,128,120.629
64,8192,2,256,115.84
64,8192,2,512,117.013
64,8192,2,1024,117.504
64,8192,2,2048,118.954
64,8192,2,4096,121.206
64,8192,2,8192,131.339
64,8192,2,16384,140.351
64,8192,2,32768,156.875
64,8192,2,65536,194.059
64,8192,2,131055,266.314
64,8192,4,16,120.885
64,8192,4,32,120.48
64,8192,4,64,121.088
64,8192,4,128,120.874
64,8192,4,256,115.573
64,8192,4,512,120.736
64,8192,4,1024,123.999
64,8192,4,2048,126.336
64,8192,4,4096,128.139
64,8192,4,8192,137.919
64,8192,4,16384,155.627
64,8192,4,32768,192.555
64,8192,4,65536,265.269
64,8192,4,131055,410.219
64,8192,8,16,120.843
64,8192,8,32,121.184
64,8192,8,64,121.077
64,8192,8,128,121.526
64,8192,8,256,121.216
64,8192,8,512,123.904
64,8192,8,1024,125.291
64,8192,8,2048,128.831
64,8192,8,4096,139.167
64,8192,8,8192,156.64
64,8192,8,16384,192.138
64,8192,8,32768,263.488
64,8192,8,65536,408.82
64,8192,8,131055,695.444
64,8192,16,16,119.573
64,8192,16,32,119.754
64,8192,16,64,119.574
64,8192,16,128,119.424
64,8192,16,256,122.463
64,8192,16,512,124.597
64,8192,16,1024,129.215
64,8192,16,2048,138.815
64,8192,16,4096,157.834
64,8192,16,8192,193.226
64,8192,16,16384,266.325
64,8192,16,32768,410.368
64,8192,16,65536,696.597
64,8192,16,131055,1272.09
64,8192,32,16,120.746
64,8192,32,32,122.998
64,8192,32,64,122.773
64,8192,32,128,121.259
64,8192,32,256,125.675
64,8192,32,512,130.753
64,8192,32,1024,141.375
64,8192,32,2048,159.637
64,8192,32,4096,196.063
64,8192,32,8192,269.994
64,8192,32,16384,419.722
64,8192,32,32768,710.719
64,8192,32,65536,1291.38
64,8192,32,131055,2457.74
64,8192,64,16,127.552
64,8192,64,32,121.983
64,8192,64,64,121.887
64,8192,64,128,126.485
64,8192,64,256,135.563
64,8192,64,512,145.792
64,8192,64,1024,163.69
64,8192,64,2048,199.337
64,8192,64,4096,272.32
64,8192,64,8192,421.802
64,8192,64,16384,717.599
64,8192,64,32768,1320
64,8192,64,65536,2516.34
64,8192,64,131055,4873.07
64,16384,0,0,206.207
64,16384,1,16,219.232
64,16384,1,32,219.499
64,16384,1,64,218.805
64,16384,1,128,218.795
64,16384,1,256,219.455
64,16384,1,512,219.136
64,16384,1,1024,221.013
64,16384,1,2048,221.994
64,16384,1,4096,222.698
64,16384,1,8192,225.941
64,16384,1,16384,230.635
64,16384,1,32768,239.925
64,16384,1,65536,258.517
64,16384,1,131055,294.185
64,16384,2,16,219.093
64,16384,2,32,218.954
64,16384,2,64,219.008
64,16384,2,128,218.624
64,16384,2,256,219.072
64,16384,2,512,219.391
64,16384,2,1024,220.308
64,16384,2,2048,221.354
64,16384,2,4096,224.138
64,16384,2,8192,229.301
64,16384,2,16384,238.453
64,16384,2,32768,256.416
64,16384,2,65536,292.394
64,16384,2,131055,366.783
64,16384,4,16,219.146
64,16384,4,32,219.562
64,16384,4,64,218.645
64,16384,4,128,218.868
64,16384,4,256,219.125
64,16384,4,512,218.805
64,16384,4,1024,220.959
64,16384,4,2048,223.476
64,16384,4,4096,226.677
64,16384,4,8192,235.125
64,16384,4,16384,253.589
64,16384,4,32768,291.434
64,16384,4,65536,362.783
64,16384,4,131055,506.921
64,16384,8,16,219.423
64,16384,8,32,219.05
64,16384,8,64,218.815
64,16384,8,128,219.648
64,16384,8,256,219.424
64,16384,8,512,221.877
64,16384,8,1024,223.797
64,16384,8,2048,228.362
64,16384,8,4096,236.479
64,16384,8,8192,254.847
64,16384,8,16384,290.4
64,16384,8,32768,362.175
64,16384,8,65536,505.588
64,16384,8,131055,792.126
64,16384,16,16,217.707
64,16384,16,32,218.197
64,16384,16,64,217.834
64,16384,16,128,217.887
64,16384,16,256,220.266
64,16384,16,512,223.125
64,16384,16,1024,227.135
64,16384,16,2048,236.097
64,16384,16,4096,255.733
64,16384,16,8192,291.349
64,16384,16,16384,362.122
64,16384,16,32768,507.21
64,16384,16,65536,794.207
64,16384,16,131055,1367.48
64,16384,32,16,220.181
64,16384,32,32,219.755
64,16384,32,64,220.362
64,16384,32,128,220.746
64,16384,32,256,224.693
64,16384,32,512,230.036
64,16384,32,1024,239.168
64,16384,32,2048,257.845
64,16384,32,4096,292.992
64,16384,32,8192,367.583
64,16384,32,16384,514.622
64,16384,32,32768,809.214
64,16384,32,65536,1388.26
64,16384,32,131055,2552.2
64,16384,64,16,224.383
64,16384,64,32,225.568
64,16384,64,64,225.088
64,16384,64,128,224.714
64,16384,64,256,234.165
64,16384,64,512,242.677
64,16384,64,1024,259.913
64,16384,64,2048,295.829
64,16384,64,4096,370.102
64,16384,64,8192,516.735
64,16384,64,16384,817.14
64,16384,64,32768,1405.31
64,16384,64,65536,2609.63
64,16384,64,131055,5005.99
64,32768,0,0,399.338
64,32768,1,16,411.616
64,32768,1,32,412.117
64,32768,1,64,411.753
64,32768,1,128,411.904
64,32768,1,256,411.904
64,32768,1,512,411.924
64,32768,1,1024,412.223
64,32768,1,2048,415.893
64,32768,1,4096,416.533
64,32768,1,8192,418.699
64,32768,1,16384,421.749
64,32768,1,32768,430.196
64,32768,1,65536,449.579
64,32768,1,131055,485.002
64,32768,2,16,411.668
64,32768,2,32,411.317
64,32768,2,64,410.858
64,32768,2,128,411.669
64,32768,2,256,411.296
64,32768,2,512,411.22
64,32768,2,1024,413.098
64,32768,2,2048,414.336
64,32768,2,4096,415.466
64,32768,2,8192,421.238
64,32768,2,16384,429.717
64,32768,2,32768,447.402
64,32768,2,65536,484.02
64,32768,2,131055,556.415
64,32768,4,16,411.21
64,32768,4,32,411.359
64,32768,4,64,411.594
64,32768,4,128,411.306
64,32768,4,256,411.167
64,32768,4,512,411.946
64,32768,4,1024,413.631
64,32768,4,2048,414.868
64,32768,4,4096,418.752
64,32768,4,8192,427.701
64,32768,4,16384,445.173
64,32768,4,32768,481.483
64,32768,4,65536,554.079
64,32768,4,131055,696.979
64,32768,8,16,411.615
64,32768,8,32,412.405
64,32768,8,64,412.234
64,32768,8,128,412.522
64,32768,8,256,411.903
64,32768,8,512,414.516
64,32768,8,1024,415.242
64,32768,8,2048,419.071
64,32768,8,4096,429.354
64,32768,8,8192,445.674
64,32768,8,16384,481.791
64,32768,8,32768,553.759
64,32768,8,65536,699.839
64,32768,8,131055,984.724
64,32768,16,16,410.218
64,32768,16,32,411.019
64,32768,16,64,409.823
64,32768,16,128,410.25
64,32768,16,256,412.671
64,32768,16,512,415.615
64,32768,16,1024,419.807
64,32768,16,2048,427.637
64,32768,16,4096,445.738
64,32768,16,8192,482.537
64,32768,16,16384,554.474
64,32768,16,32768,699.252
64,32768,16,65536,985.566
64,32768,16,131055,1557.19
64,32768,32,16,411.989
64,32768,32,32,413.567
64,32768,32,64,412.95
64,32768,32,128,414.165
64,32768,32,256,417.108
64,32768,32,512,422.613
64,32768,32,1024,430.911
64,32768,32,2048,449.076
64,32768,32,4096,483.327
64,32768,32,8192,556.98
64,32768,32,16384,699.999
64,32768,32,32768,996.126
64,32768,32,65536,1574.28
64,32768,32,131055,2733.12
64,32768,64,16,417.962
64,32768,64,32,417.621
64,32768,64,64,418.409
64,32768,64,128,418.506
64,32768,64,256,425.375
64,32768,64,512,434.453
64,32768,64,1024,453.152
64,32768,64,2048,487.519
64,32768,64,4096,562.591
64,32768,64,8192,710.655
64,32768,64,16384,1007.88
64,32768,64,32768,1605.4
64,32768,64,65536,2798.96
64,32768,64,131055,5192.14
64,65536,0,0,782.847
64,65536,1,16,795.476
64,65536,1,32,796.49
64,65536,1,64,797.076
64,65536,1,128,795.998
64,65536,1,256,795.241
64,65536,1,512,796.031
64,65536,1,1024,795.807
64,65536,1,2048,796.66
64,65536,1,4096,798.89
64,65536,1,8192,801.693
64,65536,1,16384,807.199
64,65536,1,32768,815.518
64,65536,1,65536,831.838
64,65536,1,131055,867.145
64,65536,2,16,795.668
64,65536,2,32,795.102
64,65536,2,64,795.647
64,65536,2,128,794.847
64,65536,2,256,795.475
64,65536,2,512,797.268
64,65536,2,1024,797.747
64,65536,2,2048,799.188
64,65536,2,4096,800.713
64,65536,2,8192,804.585
64,65536,2,16384,812.67
64,65536,2,32768,830.676
64,65536,2,65536,866.878
64,65536,2,131055,937.503
64,65536,4,16,795.103
64,65536,4,32,794.869
64,65536,4,64,794.708
64,65536,4,128,794.804
64,65536,4,256,795.498
64,65536,4,512,796.863
64,65536,4,1024,798.527
64,65536,4,2048,799.134
64,65536,4,4096,803.508
64,65536,4,8192,811.412
64,65536,4,16384,828.585
64,65536,4,32768,865.459
64,65536,4,65536,936.319
64,65536,4,131055,1079.38
64,65536,8,16,796.648
64,65536,8,32,796.51
64,65536,8,64,795.593
64,65536,8,128,796.234
64,65536,8,256,797.268
64,65536,8,512,797.278
64,65536,8,1024,798.783
64,65536,8,2048,802.964
64,65536,8,4096,814.282
64,65536,8,8192,828.511
64,65536,8,16384,865.224
64,65536,8,32768,936.649
64,65536,8,65536,1080.74
64,65536,8,131055,1365.67
64,65536,16,16,793.652
64,65536,16,32,795.038
64,65536,16,64,793.438
64,65536,16,128,795.699
64,65536,16,256,797.407
64,65536,16,512,799.486
64,65536,16,1024,802.75
64,65536,16,2048,811.518
64,65536,16,4096,829.13
64,65536,16,8192,865.289
64,65536,16,16384,937.726
64,65536,16,32768,1079.14
64,65536,16,65536,1366.9
64,65536,16,131055,1939.36
64,65536,32,16,795.838
64,65536,32,32,797.588
64,65536,32,64,796.65
64,65536,32,128,796.606
64,65536,32,256,799.486
64,65536,32,512,805.566
64,65536,32,1024,812.479
64,65536,32,2048,831.625
64,65536,32,4096,866.889
64,65536,32,8192,938.718
64,65536,32,16384,1082.65
64,65536,32,32768,1370.52
64,65536,32,65536,1952.5
64,65536,32,131055,3107.09
64,65536,64,16,801.524
64,65536,64,32,802.077
64,65536,64,64,801.641
64,65536,64,128,800.756
64,65536,64,256,807.593
64,65536,64,512,816.915
64,65536,64,1024,834.921
64,65536,64,2048,871.081
64,65536,64,4096,943.892
64,65536,64,8192,1093.81
64,65536,64,16384,1392.8
64,65536,64,32768,1991.56
64,65536,64,65536,3181.14
64,65536,64,131055,5569.58
128,0,0,0,10.9013
128,0,1,16,16.3417
128,0,1,32,16.2567
128,0,1,64,16.267
128,0,1,128,16.3517
128,0,1,256,17.4293
128,0,1,512,17.9313
128,0,1,1024,18.272
128,0,1,2048,18.5703
128,0,1,4096,19.339
128,0,1,8192,25.2053
128,0,1,16384,30.293
128,0,1,32768,40.2777
128,0,1,65536,59.2747
128,0,1,131055,95.4233
128,0,2,16,16.5223
128,0,2,32,16.416
128,0,2,64,16.3943
128,0,2,128,16.6713
128,0,2,256,17.6213
128,0,2,512,18.443
128,0,2,1024,18.56
128,0,2,2048,19.594
128,0,2,4096,24.2243
128,0,2,8192,29.0983
128,0,2,16384,39.466
128,0,2,32768,57.9843
128,0,2,65536,94.5167
128,0,2,131055,167.093
128,0,4,16,16.235
128,0,4,32,16.4053
128,0,4,64,16.2983
128,0,4,128,16.5223
128,0,4,256,17.7503
128,0,4,512,18.4953
128,0,4,1024,19.4133
128,0,4,2048,21.9723
128,0,4,4096,27.1573
128,0,4,8192,37.045
128,0,4,16384,55.967
128,0,4,32768,92.4477
128,0,4,65536,164.768
128,0,4,131055,309.044
128,0,8,16,16.4583
128,0,8,32,16.6083
128,0,8,64,16.5653
128,0,8,128,16.6933
128,0,8,256,17.9953
128,0,8,512,19.8393
128,0,8,1024,22.2717
128,0,8,2048,26.9977
128,0,8,4096,37.152
128,0,8,8192,55.584
128,0,8,16384,92.1283
128,0,8,32768,164.139
128,0,8,65536,308.117
128,0,8,131055,595.231
128,0,16,16,17.0237
128,0,16,32,17.0563
128,0,16,64,17.1207
128,0,16,128,17.3437
128,0,16,256,19.146
128,0,16,512,21.7383
128,0,16,1024,26.614
128,0,16,2048,36.992
128,0,16,4096,55.2
128,0,16,8192,91.9153
128,0,16,16384,163.819
128,0,16,32768,307.413
128,0,16,65536,594.997
128,0,16,131055,1167.5
128,0,32,16,19.7433
128,0,32,32,19.5417
128,0,32,64,19.787
128,0,32,128,19.4777
128,0,32,256,23.7217
128,0,32,512,28.608
128,0,32,1024,38.827
128,0,32,2048,57.7493
128,0,32,4096,93.6537
128,0,32,8192,165.099
128,0,32,16384,311.647
128,0,32,32768,604.927
128,0,32,65536,1192.54
128,0,32,131055,2342.01
128,0,64,16,23.7333
128,0,64,32,23.872
128,0,64,64,23.6697
128,0,64,128,23.829
128,0,64,256,30.7837
128,0,64,512,41.195
128,0,64,1024,60.3943
128,0,64,2048,97.206
128,0,64,4096,170.911
128,0,64,8192,315.093
128,0,64,16384,611.177
128,0,64,32768,1212.31
128,0,64,65536,2394.16
128,0,64,131055,4777.15
128,16,0,0,12.6613
128,16,1,16,18.091
128,16,1,32,18.1757
128,16,1,64,18.176
128,16,1,128,18.336
128,16,1,256,19.4557
128,16,1,512,19.8403
128,16,1,1024,20.0107
128,16,1,2048,20.4263
128,16,1,4096,21.2473
128,16,1,8192,27.1573
128,16,1,16384,32.2663
128,16,1,32768,42.4423
128,16,1,65536,60.9803
128,16,1,131055,97.023
128,16,2,16,18.1863
128,16,2,32,18.229
128,16,2,64,18.1973
128,16,2,128,18.08
128,16,2,256,19.467
128,16,2,512,20.245
128,16,2,1024,20.362
128,16,2,2048,21.355
128,16,2,4096,25.9623
128,16,2,8192,30.8263
128,16,2,16384,41.088
128,16,2,32768,59.627
128,16,2,65536,96.1063
128,16,2,131055,170.251
128,16,4,16,18.176
128,16,4,32,18.3787
128,16,4,64,18.3893
128,16,4,128,18.368
128,16,4,256,19.7013
128,16,4,512,20.3093
128,16,4,1024,21.5143
128,16,4,2048,24.1073
128,16,4,4096,28.7467
128,16,4,8192,39.2
128,16,4,16384,57.5367
128,16,4,32768,93.93
128,16,4,65536,166.197
128,16,4,131055,310.164
128,16,8,16,18.1763
128,16,8,32,18.4533
128,16,8,64,18.3893
128,16,8,128,18.3467
128,16,8,256,19.797
128,16,8,512,21.6217
128,16,8,1024,23.8187
128,16,8,2048,28.9497
128,16,8,4096,39.1787
128,16,8,8192,57.834
128,16,8,16384,93.5673
128,16,8,32768,165.13
128,16,8,65536,309.077
128,16,8,131055,595.05
128,16,16,16,19.0503
128,16,16,32,19.0617
128,16,16,64,19.0183
128,16,16,128,19.2747
128,16,16,256,20.9707
128,16,16,512,23.573
128,16,16,1024,28.5543
128,16,16,2048,38.8697
128,16,16,4096,57.5463
128,16,16,8192,93.4613
128,16,16,16384,166.027
128,16,16,32768,308.842
128,16,16,65536,595.85
128,16,16,131055,1168.08
128,16,32,16,21.7493
128,16,32,32,21.5467
128,16,32,64,21.3763
128,16,32,128,21.3653
128,16,32,256,25.5573
128,16,32,512,30.4957
128,16,32,1024,40.417
128,16,32,2048,59.9463
128,16,32,4096,95.5417
128,16,32,8192,168.33
128,16,32,16384,315.263
128,16,32,32768,606.453
128,16,32,65536,1192.56
128,16,32,131055,2347.22
128,16,64,16,25.515
128,16,64,32,25.5357
128,16,64,64,25.429
128,16,64,128,25.366
128,16,64,256,32.3843
128,16,64,512,42.7517
128,16,64,1024,62.027
128,16,64,2048,99.2637
128,16,64,4096,171.861
128,16,64,8192,319.253
128,16,64,16384,621.119
128,16,64,32768,1197.5
128,16,64,65536,2406.77
128,16,64,131055,4817.06
128,32,0,0,12.7463
128,32,1,16,17.8237
128,32,1,32,17.8663
128,32,1,64,17.8133
128,32,1,128,17.7707
128,32,1,256,18.976
128,32,1,512,19.7017
128,32,1,1024,19.7227
128,32,1,2048,20.0217
128,32,1,4096,21.0137
128,32,1,8192,26.9543
128,32,1,16384,31.872
128,32,1,32768,42.1227
128,32,1,65536,60.4897
128,32,1,131055,97.3867
128,32,2,16,18.1117
128,32,2,32,17.92
128,32,2,64,18.1763
128,32,2,128,18.1867
128,32,2,256,19.253
128,32,2,512,19.9243
128,32,2,1024,20.235
128,32,2,2048,21.152
128,32,2,4096,25.7917
128,32,2,8192,30.9223
128,32,2,16384,41.259
128,32,2,32768,59.926
128,32,2,65536,95.797
128,32,2,131055,168.608
128,32,4,16,18.059
128,32,4,32,18.1653
128,32,4,64,18.3037
128,32,4,128,18.4433
128,32,4,256,19.5093
128,32,4,512,20.2773
128,32,4,1024,21.2053
128,32,4,2048,24.1493
128,32,4,4096,28.5753
128,32,4,8192,39.0507
128,32,4,16384,58.111
128,32,4,32768,93.9097
128,32,4,65536,166.304
128,32,4,131055,310.399
128,32,8,16,18.2077
128,32,8,32,18.2193
128,32,8,64,18.24
128,32,8,128,18.3143
128,32,8,256,19.456
128,32,8,512,21.4083
128,32,8,1024,23.7547
128,32,8,2048,28.8107
128,32,8,4096,38.677
128,32,8,8192,57.493
128,32,8,16384,93.1513
128,32,8,32768,165.066
128,32,8,65536,308.799
128,32,8,131055,596.138
128,32,16,16,18.837
128,32,16,32,18.9013
128,32,16,64,18.9327
128,32,16,128,19.2217
128,32,16,256,21.0237
128,32,16,512,23.541
128,32,16,1024,28.331
128,32,16,2048,38.976
128,32,16,4096,57.4823
128,32,16,8192,93.1083
128,32,16,16384,165.429
128,32,16,32768,309.14
128,32,16,65536,595.668
128,32,16,131055,1170.34
128,32,32,16,21.4607
128,32,32,32,21.493
128,32,32,64,21.216
128,32,32,128,21.2373
128,32,32,256,25.408
128,32,32,512,30.304
128,32,32,1024,40.5223
128,32,32,2048,59.765
128,32,32,4096,94.848
128,32,32,8192,166.635
128,32,32,16384,313.151
128,32,32,32768,609.557
128,32,32,65536,1189.27
128,32,32,131055,2346.42
128,32,64,16,25.3653
128,32,64,32,25.3857
128,32,64,64,25.2907
128,32,64,128,25.333
128,32,64,256,32.1497
128,32,64,512,42.4967
128,32,64,1024,61.92
128,32,64,2048,98.549
128,32,64,4096,172
128,32,64,8192,315.818
128,32,64,16384,616.361
128,32,64,32768,1220.15
128,32,64,65536,2399.22
128,32,64,131055,4811.64
128,64,0,0,12.672
128,64,1,16,17.9087
128,64,1,32,17.8133
128,64,1,64,17.856
128,64,1,128,17.878
128,64,1,256,19.1787
128,64,1,512,19.659
128,64,1,1024,19.8187
128,64,1,2048,20.203
128,64,1,4096,21.1633
128,64,1,8192,26.8373
128,64,1,16384,32.0857
128,64,1,32768,42.2933
128,64,1,65536,60.779
128,64,1,131055,96.906
128,64,2,16,18.0903
128,64,2,32,18.0697
128,64,2,64,18.2397
128,64,2,128,18.2827
128,64,2,256,19.413
128,64,2,512,20.0417
128,64,2,1024,20.171
128,64,2,2048,21.3437
128,64,2,4096,25.8243
128,64,2,8192,30.677
128,64,2,16384,41.2057
128,64,2,32768,59.1357
128,64,2,65536,95.9463
128,64,2,131055,169.887
128,64,4,16,18.1863
128,64,4,32,18.3573
128,64,4,64,18.3887
128,64,4,128,18.5173
128,64,4,256,19.5097
128,64,4,512,20.2027
128,64,4,1024,21.2797
128,64,4,2048,24.1927
128,64,4,4096,28.864
128,64,4,8192,39.029
128,64,4,16384,57.4723
128,64,4,32768,93.9633
128,64,4,65536,166.645
128,64,4,131055,310.314
128,64,8,16,18.3787
128,64,8,32,18.3253
128,64,8,64,18.283
128,64,8,128,18.5277
128,64,8,256,19.6803
128,64,8,512,21.5143
128,64,8,1024,24.0103
128,64,8,2048,29.0133
128,64,8,4096,38.8693
128,64,8,8192,57.6427
128,64,8,16384,93.4827
128,64,8,32768,165.781
128,64,8,65536,309.365
128,64,8,131055,595.828
128,64,16,16,18.773
128,64,16,32,18.688
128,64,16,64,18.8267
128,64,16,128,19.008
128,64,16,256,21.0883
128,64,16,512,23.7657
128,64,16,1024,28.4047
128,64,16,2048,38.5923
128,64,16,4096,57.2153
128,64,16,8192,93.3647
128,64,16,16384,165.429
128,64,16,32768,308.629
128,64,16,65536,596.521
128,64,16,131055,1170.46
128,64,32,16,21.526
128,64,32,32,21.3547
128,64,32,64,21.2477
128,64,32,128,21.1943
128,64,32,256,25.707
128,64,32,512,30.24
128,64,32,1024,40.2137
128,64,32,2048,59.2213
128,64,32,4096,95.0287
128,64,32,8192,167.882
128,64,32,16384,315.584
128,64,32,32768,608.607
128,64,32,65536,1191.67
128,64,32,131055,2355.56
128,64,64,16,25.5253
128,64,64,32,25.429
128,64,64,64,25.408
128,64,64,128,25.514
128,64,64,256,32.4053
128,64,64,512,42.8273
128,64,64,1024,61.7597
128,64,64,2048,99.0187
128,64,64,4096,172.671
128,64,64,8192,317.451
128,64,64,16384,609.332
128,64,64,32768,1218.74
128,64,64,65536,2410.2
128,64,64,131055,4812.27
128,128,0,0,12.3307
128,128,1,16,17.7063
128,128,1,32,17.707
128,128,1,64,17.6753
128,128,1,128,17.7597
128,128,1,256,18.8267
128,128,1,512,19.669
128,128,1,1024,19.5633
128,128,1,2048,19.808
128,128,1,4096,20.9167
128,128,1,8192,26.7523
128,128,1,16384,31.3707
128,128,1,32768,42.1017
128,128,1,65536,60.32
128,128,1,131055,96.9067
128,128,2,16,17.8243
128,128,2,32,17.8773
128,128,2,64,17.9203
128,128,2,128,17.834
128,128,2,256,19.125
128,128,2,512,19.83
128,128,2,1024,19.7863
128,128,2,2048,20.896
128,128,2,4096,25.8563
128,128,2,8192,30.24
128,128,2,16384,40.7783
128,128,2,32768,59.3383
128,128,2,65536,95.851
128,128,2,131055,169.674
128,128,4,16,18.1773
128,128,4,32,18.1443
128,128,4,64,18.1873
128,128,4,128,18.3247
128,128,4,256,19.2637
128,128,4,512,19.9567
128,128,4,1024,21.0243
128,128,4,2048,24.0427
128,128,4,4096,28.7033
128,128,4,8192,38.89
128,128,4,16384,57.856
128,128,4,32768,93.7813
128,128,4,65536,166.335
128,128,4,131055,309.407
128,128,8,16,17.8773
128,128,8,32,18.0153
128,128,8,64,18.1223
128,128,8,128,18.25
128,128,8,256,19.637
128,128,8,512,21.1937
128,128,8,1024,23.616
128,128,8,2048,28.9387
128,128,8,4096,38.784
128,128,8,8192,57.451
128,128,8,16384,93.494
128,128,8,32768,165.056
128,128,8,65536,308.822
128,128,8,131055,596.159
128,128,16,16,18.7303
128,128,16,32,18.5597
128,128,16,64,18.5917
128,128,16,128,18.7203
128,128,16,256,20.704
128,128,16,512,23.1253
128,128,16,1024,28.1497
128,128,16,2048,38.6453
128,128,16,4096,56.8423
128,128,16,8192,93.238
128,128,16,16384,164.885
128,128,16,32768,308.298
128,128,16,65536,595.871
128,128,16,131055,1168.31
128,128,32,16,21.0773
128,128,32,32,21.099
128,128,32,64,20.928
128,128,32,128,21.3123
128,128,32,256,25.194
128,128,32,512,30.0263
128,128,32,1024,40.1277
128,128,32,2048,59.4137
128,128,32,4096,95.317
128,128,32,8192,166.954
128,128,32,16384,314.805
128,128,32,32768,607.744
128,128,32,65536,1189
128,128,32,131055,2364.38
128,128,64,16,25.216
128,128,64,32,25.2267
128,128,64,64,24.8533
128,128,64,128,25.2263
128,128,64,256,32.3417
128,128,64,512,42.2933
128,128,64,1024,61.6537
128,128,64,2048,98.8907
128,128,64,4096,172.682
128,128,64,8192,315.914
128,128,64,16384,613.492
128,128,64,32768,1205.12
128,128,64,65536,2396.84
128,128,64,131055,4810.3
128,256,0,0,13.706
128,256,1,16,19.1783
128,256,1,32,19.403
128,256,1,64,19.328
128,256,1,128,19.499
128,256,1,256,20.4903
128,256,1,512,21.1307
128,256,1,1024,21.152
128,256,1,2048,21.5787
128,256,1,4096,22.4543
128,256,1,8192,27.882
128,256,1,16384,33.1727
128,256,1,32768,43.6477
128,256,1,65536,61.931
128,256,1,131055,99.243
128,256,2,16,19.4137
128,256,2,32,19.1897
128,256,2,64,19.2747
128,256,2,128,19.328
128,256,2,256,20.3413
128,256,2,512,21.2697
128,256,2,1024,21.2593
128,256,2,2048,22.3253
128,256,2,4096,26.998
128,256,2,8192,31.6693
128,256,2,16384,42.3787
128,256,2,32768,61.0347
128,256,2,65536,97.066
128,256,2,131055,170.272
128,256,4,16,19.36
128,256,4,32,19.1677
128,256,4,64,19.3267
128,256,4,128,19.328
128,256,4,256,20.5233
128,256,4,512,21.4513
128,256,4,1024,22.4533
128,256,4,2048,24.992
128,256,4,4096,30.069
128,256,4,8192,40.4373
128,256,4,16384,59.2433
128,256,4,32768,94.9757
128,256,4,65536,167.573
128,256,4,131055,310.72
128,256,8,16,19.4983
128,256,8,32,19.456
128,256,8,64,19.7013
128,256,8,128,19.5413
128,256,8,256,21.0027
128,256,8,512,22.8693
128,256,8,1024,25.0447
128,256,8,2048,30.0807
128,256,8,4096,40.512
128,256,8,8192,58.3893
128,256,8,16384,94.389
128,256,8,32768,167.295
128,256,8,65536,310.591
128,256,8,131055,596.959
128,256,16,16,20.171
128,256,16,32,20.1493
128,256,16,64,20.234
128,256,16,128,20.4373
128,256,16,256,22.336
128,256,16,512,24.736
128,256,16,1024,29.728
128,256,16,2048,40.0213
128,256,16,4096,58.5387
128,256,16,8192,94.4743
128,256,16,16384,166.954
128,256,16,32768,310.304
128,256,16,65536,598.549
128,256,16,131055,1172.15
128,256,32,16,22.806
128,256,32,32,22.9017
128,256,32,64,22.752
128,256,32,128,22.7097
128,256,32,256,26.8483
128,256,32,512,31.584
128,256,32,1024,41.8553
128,256,32,2048,60.8427
128,256,32,4096,96.4793
128,256,32,8192,169.589
128,256,32,16384,316.32
128,256,32,32768,606.848
128,256,32,65536,1190.94
128,256,32,131055,2344.47
128,256,64,16,26.6667
128,256,64,32,26.7097
128,256,64,64,26.6873
128,256,64,128,26.6127
128,256,64,256,33.611
128,256,64,512,43.8833
128,256,64,1024,63.136
128,256,64,2048,100.213
128,256,64,4096,173.237
128,256,64,8192,318.261
128,256,64,16384,609.12
128,256,64,32768,1206.63
128,256,64,65536,2415.62
128,256,64,131055,4804.92
128,512,0,0,16.7897
128,512,1,16,22.5703
128,512,1,32,22.667
128,512,1,64,22.517
128,512,1,128,22.5917
128,512,1,256,22.763
128,512,1,512,23.8507
128,512,1,1024,23.8933
128,512,1,2048,24.3513
128,512,1,4096,25.259
128,512,1,8192,31.0083
128,512,1,16384,36.192
128,512,1,32768,46.3467
128,512,1,65536,64.8847
128,512,1,131055,101.141
128,512,2,16,22.7413
128,512,2,32,22.6883
128,512,2,64,22.6663
128,512,2,128,22.997
128,512,2,256,22.902
128,512,2,512,24.0107
128,512,2,1024,24.3093
128,512,2,2048,25.3333
128,512,2,4096,30.0803
128,512,2,8192,34.8477
128,512,2,16384,45.2267
128,512,2,32768,63.604
128,512,2,65536,100.747
128,512,2,131055,174.24
128,512,4,16,22.8593
128,512,4,32,22.816
128,512,4,64,23.0933
128,512,4,128,23.04
128,512,4,256,23.0617
128,512,4,512,24.331
128,512,4,1024,25.4607
128,512,4,2048,28.0103
128,512,4,4096,32.6077
128,512,4,8192,43.0723
128,512,4,16384,61.7177
128,512,4,32768,98.2607
128,512,4,65536,170.133
128,512,4,131055,312.213
128,512,8,16,23.6377
128,512,8,32,23.744
128,512,8,64,23.829
128,512,8,128,23.851
128,512,8,256,23.989
128,512,8,512,25.76
128,512,8,1024,27.9787
128,512,8,2048,33.1733
128,512,8,4096,43.221
128,512,8,8192,62.005
128,512,8,16384,98.4213
128,512,8,32768,169.855
128,512,8,65536,312.395
128,512,8,131055,601.93
128,512,16,16,23.1047
128,512,16,32,23.104
128,512,16,64,23.157
128,512,16,128,23.4347
128,512,16,256,25.4187
128,512,16,512,27.659
128,512,16,1024,32.8533
128,512,16,2048,42.9547
128,512,16,4096,61.504
128,512,16,8192,98.0373
128,512,16,16384,169.866
128,512,16,32768,311.978
128,512,16,65536,600.255
128,512,16,131055,1172.67
128,512,32,16,25.8347
128,512,32,32,25.76
128,512,32,64,25.6633
128,512,32,128,25.7597
128,512,32,256,29.6963
128,512,32,512,34.581
128,512,32,1024,44.5017
128,512,32,2048,63.1463
128,512,32,4096,99.6367
128,512,32,8192,172.416
128,512,32,16384,318.154
128,512,32,32768,607.551
128,512,32,65536,1191.88
128,512,32,131055,2354.86
128,512,64,16,29.803
128,512,64,32,29.6107
128,512,64,64,29.6847
128,512,64,128,29.44
128,512,64,256,37.0987
128,512,64,512,46.453
128,512,64,1024,65.8443
128,512,64,2048,102.57
128,512,64,4096,176.31
128,512,64,8192,321.152
128,512,64,16384,618.911
128,512,64,32768,1214.08
128,512,64,65536,2415.51
128,512,64,131055,4809.85
128,1024,0,0,23.093
128,1024,1,16,29.057
128,1024,1,32,28.9703
128,1024,1,64,29.1517
128,1024,1,128,28.9057
128,1024,1,256,28.8533
128,1024,1,512,29.12
128,1024,1,1024,30.2087
128,1024,1,2048,30.5713
128,1024,1,4096,31.4773
128,1024,1,8192,37.5037
128,1024,1,16384,42.453
128,1024,1,32768,52.4483
128,1024,1,65536,71.2957
128,1024,1,131055,107.723
128,1024,2,16,28.9817
128,1024,2,32,29.0457
128,1024,2,64,29.1623
128,1024,2,128,29.056
128,1024,2,256,29.12
128,1024,2,512,29.3757
128,1024,2,1024,30.4637
128,1024,2,2048,31.4453
128,1024,2,4096,36.1273
128,1024,2,8192,41.173
128,1024,2,16384,51.7017
128,1024,2,32768,70.1547
128,1024,2,65536,106.912
128,1024,2,131055,177.834
128,1024,4,16,29.61
128,1024,4,32,29.5577
128,1024,4,64,29.8987
128,1024,4,128,29.824
128,1024,4,256,29.738
128,1024,4,512,29.888
128,1024,4,1024,31.3167
128,1024,4,2048,34.1227
128,1024,4,4096,39.03
128,1024,4,8192,49.3657
128,1024,4,16384,68.0533
128,1024,4,32768,104.256
128,1024,4,65536,177.163
128,1024,4,131055,320.053
128,1024,8,16,30.0903
128,1024,8,32,29.9943
128,1024,8,64,29.8987
128,1024,8,128,30.3257
128,1024,8,256,30.6027
128,1024,8,512,31.7547
128,1024,8,1024,34.3573
128,1024,8,2048,39.6797
128,1024,8,4096,49.4723
128,1024,8,8192,68.0423
128,1024,8,16384,104.757
128,1024,8,32768,176.394
128,1024,8,65536,320.148
128,1024,8,131055,605.855
128,1024,16,16,29.301
128,1024,16,32,29.2377
128,1024,16,64,29.1403
128,1024,16,128,29.6317
128,1024,16,256,31.4883
128,1024,16,512,33.813
128,1024,16,1024,38.9873
128,1024,16,2048,49.5147
128,1024,16,4096,67.84
128,1024,16,8192,103.967
128,1024,16,16384,176.64
128,1024,16,32768,319.498
128,1024,16,65536,606.133
128,1024,16,131055,1178.54
128,1024,32,16,31.829
128,1024,32,32,31.9037
128,1024,32,64,31.862
128,1024,32,128,31.8403
128,1024,32,256,36.0843
128,1024,32,512,40.7143
128,1024,32,1024,51.1147
128,1024,32,2048,69.845
128,1024,32,4096,105.568
128,1024,32,8192,179.349
128,1024,32,16384,327.179
128,1024,32,32768,612.597
128,1024,32,65536,1199.26
128,1024,32,131055,2368.4
128,1024,64,16,35.904
128,1024,64,32,35.7873
128,1024,64,64,36.0113
128,1024,64,128,36.138
128,1024,64,256,42.6243
128,1024,64,512,53.3653
128,1024,64,1024,72.3307
128,1024,64,2048,109.248
128,1024,64,4096,183.114
128,1024,64,8192,326.698
128,1024,64,16384,629.675
128,1024,64,32768,1221.11
128,1024,64,65536,2427.63
128,1024,64,131055,4818.47
128,2048,0,0,35.2747
128,2048,1,16,41.4823
128,2048,1,32,41.2797
128,2048,1,64,41.27
128,2048,1,128,41.5043
128,2048,1,256,41.4507
128,2048,1,512,41.344
128,2048,1,1024,41.7493
128,2048,1,2048,43.1363
128,2048,1,4096,44.01
128,2048,1,8192,49.5147
128,2048,1,16384,55.0403
128,2048,1,32768,65.1093
128,2048,1,65536,83.541
128,2048,1,131055,119.947
128,2048,2,16,41.5577
128,2048,2,32,41.4503
128,2048,2,64,41.6857
128,2048,2,128,41.5683
128,2048,2,256,41.5147
128,2048,2,512,41.6533
128,2048,2,1024,42.3463
128,2048,2,2048,43.744
128,2048,2,4096,48.5223
128,2048,2,8192,53.3333
128,2048,2,16384,63.4243
128,2048,2,32768,81.675
128,2048,2,65536,119.626
128,2048,2,131055,191.573
128,2048,4,16,42.0377
128,2048,4,32,42.0057
128,2048,4,64,42.293
128,2048,4,128,42.0483
128,2048,4,256,42.3573
128,2048,4,512,42.678
128,2048,4,1024,44.3413
128,2048,4,2048,46.816
128,2048,4,4096,51.5947
128,2048,4,8192,61.6213
128,2048,4,16384,80.555
128,2048,4,32768,116.449
128,2048,4,65536,188.533
128,2048,4,131055,333.269
128,2048,8,16,42.6033
128,2048,8,32,42.4853
128,2048,8,64,42.3893
128,2048,8,128,42.1753
128,2048,8,256,42.7303
128,2048,8,512,44.5443
128,2048,8,1024,46.56
128,2048,8,2048,51.6477
128,2048,8,4096,61.8777
128,2048,8,8192,80.2027
128,2048,8,16384,116.896
128,2048,8,32768,187.989
128,2048,8,65536,332.907
128,2048,8,131055,618.496
128,2048,16,16,41.6747
128,2048,16,32,41.7173
128,2048,16,64,41.8987
128,2048,16,128,42.047
128,2048,16,256,43.6587
128,2048,16,512,46.3263
128,2048,16,1024,51.4667
128,2048,16,2048,61.5573
128,2048,16,4096,79.9253
128,2048,16,8192,116.437
128,2048,16,16384,188.641
128,2048,16,32768,332.299
128,2048,16,65536,619.563
128,2048,16,131055,1193.68
128,2048,32,16,44.181
128,2048,32,32,44.3627
128,2048,32,64,44.0107
128,2048,32,128,44.032
128,2048,32,256,48.7253
128,2048,32,512,53.7817
128,2048,32,1024,63.3277
128,2048,32,2048,82.1443
128,2048,32,4096,118.464
128,2048,32,8192,191.083
128,2048,32,16384,338.795
128,2048,32,32768,631.456
128,2048,32,65536,1215.7
128,2048,32,131055,2376.59
128,2048,64,16,48.2883
128,2048,64,32,48.128
128,2048,64,64,48.16
128,2048,64,128,48.5007
128,2048,64,256,55.2003
128,2048,64,512,65.2053
128,2048,64,1024,84.3197
128,2048,64,2048,121.003
128,2048,64,4096,194.912
128,2048,64,8192,341.322
128,2048,64,16384,636.981
128,2048,64,32768,1231.98
128,2048,64,65536,2434.36
128,2048,64,131055,4832.91
128,4096,0,0,59.8503
128,4096,1,16,66.2613
128,4096,1,32,66.56
128,4096,1,64,66.4107
128,4096,1,128,66.6983
128,4096,1,256,66.454
128,4096,1,512,66.5597
128,4096,1,1024,66.7837
128,4096,1,2048,67.4663
128,4096,1,4096,68.6293
128,4096,1,8192,74.7947
128,4096,1,16384,79.946
128,4096,1,32768,90.016
128,4096,1,65536,108.106
128,4096,1,131055,144.875
128,4096,2,16,67.5407
128,4096,2,32,67.6593
128,4096,2,64,67.52
128,4096,2,128,67.424
128,4096,2,256,68.0103
128,4096,2,512,68.4693
128,4096,2,1024,69.0993
128,4096,2,2048,70.965
128,4096,2,4096,73.5147
128,4096,2,8192,78.646
128,4096,2,16384,88.2137
128,4096,2,32768,106.827
128,4096,2,65536,142.602
128,4096,2,131055,215.669
128,4096,4,16,67.4127
128,4096,4,32,66.9333
128,4096,4,64,66.9653
128,4096,4,128,66.7947
128,4096,4,256,67.232
128,4096,4,512,67.36
128,4096,4,1024,69.312
128,4096,4,2048,71.6687
128,4096,4,4096,76.416
128,4096,4,8192,86.2507
128,4096,4,16384,105.397
128,4096,4,32768,141.12
128,4096,4,65536,213.802
128,4096,4,131055,358.25
128,4096,8,16,66.9653
128,4096,8,32,67.392
128,4096,8,64,67.2853
128,4096,8,128,67.3383
128,4096,8,256,67.338
128,4096,8,512,69.0023
128,4096,8,1024,71.3913
128,4096,8,2048,76.8533
128,4096,8,4096,86.4637
128,4096,8,8192,104.768
128,4096,8,16384,141.77
128,4096,8,32768,213.983
128,4096,8,65536,357.354
128,4096,8,131055,643.147
128,4096,16,16,66.4747
128,4096,16,32,66.4857
128,4096,16,64,66.8693
128,4096,16,128,66.9547
128,4096,16,256,68.8213
128,4096,16,512,70.9863
128,4096,16,1024,76.3627
128,4096,16,2048,86.4853
128,4096,16,4096,104.842
128,4096,16,8192,140.757
128,4096,16,16384,213.76
128,4096,16,32768,356.874
128,4096,16,65536,644.564
128,4096,16,131055,1216.88
128,4096,32,16,69.2053
128,4096,32,32,69.109
128,4096,32,64,68.9813
128,4096,32,128,68.8533
128,4096,32,256,73.2263
128,4096,32,512,78.283
128,4096,32,1024,88.2343
128,4096,32,2048,106.72
128,4096,32,4096,143.296
128,4096,32,8192,215.989
128,4096,32,16384,366.677
128,4096,32,32768,656.479
128,4096,32,65536,1234.43
128,4096,32,131055,2404.56
128,4096,64,16,73.12
128,4096,64,32,72.9063
128,4096,64,64,73.0023
128,4096,64,128,72.6827
128,4096,64,256,79.3597
128,4096,64,512,89.483
128,4096,64,1024,108.811
128,4096,64,2048,145.685
128,4096,64,4096,218.016
128,4096,64,8192,364.021
128,4096,64,16384,665.227
128,4096,64,32768,1255.64
128,4096,64,65536,2460.06
128,4096,64,131055,4853.96
128,8192,0,0,109.045
128,8192,1,16,122.634
128,8192,1,32,122.39
128,8192,1,64,122.4
128,8192,1,128,122.175
128,8192,1,256,122.431
128,8192,1,512,122.453
128,8192,1,1024,122.838
128,8192,1,2048,124.735
128,8192,1,4096,127.05
128,8192,1,8192,123.659
128,8192,1,16384,129.952
128,8192,1,32768,139.061
128,8192,1,65536,157.867
128,8192,1,131055,193.984
128,8192,2,16,122.314
128,8192,2,32,120.586
128,8192,2,64,122.091
128,8192,2,128,122.004
128,8192,2,256,122.773
128,8192,2,512,122.539
128,8192,2,1024,123.765
128,8192,2,2048,124.597
128,8192,2,4096,128.01
128,8192,2,8192,133.099
128,8192,2,16384,141.601
128,8192,2,32768,159.957
128,8192,2,65536,196.373
128,8192,2,131055,271.039
128,8192,4,16,121.951
128,8192,4,32,122.368
128,8192,4,64,122.208
128,8192,4,128,122.517
128,8192,4,256,122.41
128,8192,4,512,122.922
128,8192,4,1024,124.468
128,8192,4,2048,127.798
128,8192,4,4096,129.046
128,8192,4,8192,139.413
128,8192,4,16384,157.835
128,8192,4,32768,194.933
128,8192,4,65536,266.688
128,8192,4,131055,412.053
128,8192,8,16,122.474
128,8192,8,32,122.656
128,8192,8,64,122.667
128,8192,8,128,122.229
128,8192,8,256,122.527
128,8192,8,512,125.47
128,8192,8,1024,126.645
128,8192,8,2048,131.733
128,8192,8,4096,140.181
128,8192,8,8192,158.293
128,8192,8,16384,194.922
128,8192,8,32768,266.475
128,8192,8,65536,411.296
128,8192,8,131055,694.656
128,8192,16,16,120.693
128,8192,16,32,120.171
128,8192,16,64,120.49
128,8192,16,128,119.157
128,8192,16,256,123.147
128,8192,16,512,125.823
128,8192,16,1024,129.867
128,8192,16,2048,140.032
128,8192,16,4096,158.207
128,8192,16,8192,194.709
128,8192,16,16384,267.381
128,8192,16,32768,411.285
128,8192,16,65536,698.357
128,8192,16,131055,1269.93
128,8192,32,16,122.699
128,8192,32,32,123.19
128,8192,32,64,122.912
128,8192,32,128,123.339
128,8192,32,256,127.211
128,8192,32,512,133.269
128,8192,32,1024,142.101
128,8192,32,2048,155.584
128,8192,32,4096,192.118
128,8192,32,8192,266.699
128,8192,32,16384,415.36
128,8192,32,32768,708.278
128,8192,32,65536,1291.02
128,8192,32,131055,2450.5
128,8192,64,16,126.881
128,8192,64,32,127.103
128,8192,64,64,128
128,8192,64,128,127.563
128,8192,64,256,137.131
128,8192,64,512,145.365
128,8192,64,1024,163.594
128,8192,64,2048,197.407
128,8192,64,4096,273.429
128,8192,64,8192,422.005
128,8192,64,16384,721.769
128,8192,64,32768,1305.4
128,8192,64,65536,2510.96
128,8192,64,131055,4903.63
128,16384,0,0,209.024
128,16384,1,16,221.386
128,16384,1,32,221.418
128,16384,1,64,220.629
128,16384,1,128,220.853
128,16384,1,256,221.408
128,16384,1,512,221.183
128,16384,1,1024,222.741
128,16384,1,2048,224.842
128,16384,1,4096,225.056
128,16384,1,8192,228.491
128,16384,1,16384,232.309
128,16384,1,32768,241.557
128,16384,1,65536,260.331
128,16384,1,131055,295.584
128,16384,2,16,221.109
128,16384,2,32,220.523
128,16384,2,64,220.864
128,16384,2,128,221.131
128,16384,2,256,221.343
128,16384,2,512,221.013
128,16384,2,1024,222.154
128,16384,2,2048,224.331
128,16384,2,4096,227.605
128,16384,2,8192,231.349
128,16384,2,16384,239.967
128,16384,2,32768,258.133
128,16384,2,65536,294.016
128,16384,2,131055,368.256
128,16384,4,16,220.64
128,16384,4,32,220.672
128,16384,4,64,220.778
128,16384,4,128,220.969
128,16384,4,256,221.291
128,16384,4,512,221.717
128,16384,4,1024,223.647
128,16384,4,2048,226.165
128,16384,4,4096,229.141
128,16384,4,8192,237.727
128,16384,4,16384,255.701
128,16384,4,32768,292.384
128,16384,4,65536,364.395
128,16384,4,131055,509.983
128,16384,8,16,221.206
128,16384,8,32,221.269
128,16384,8,64,220.939
128,16384,8,128,220.897
128,16384,8,256,221.387
128,16384,8,512,223.808
128,16384,8,1024,225.429
128,16384,8,2048,230.42
128,16384,8,4096,238.667
128,16384,8,8192,256.406
128,16384,8,16384,292.438
128,16384,8,32768,364.661
128,16384,8,65536,509.963
128,16384,8,131055,795.007
128,16384,16,16,219.114
128,16384,16,32,219.114
128,16384,16,64,218.261
128,16384,16,128,219.242
128,16384,16,256,220.992
128,16384,16,512,224.491
128,16384,16,1024,227.808
128,16384,16,2048,237.589
128,16384,16,4096,256.373
128,16384,16,8192,292.192
128,16384,16,16384,364.576
128,16384,16,32768,507.51
128,16384,16,65536,795.338
128,16384,16,131055,1367.82
128,16384,32,16,222.09
128,16384,32,32,221.44
128,16384,32,64,222.347
128,16384,32,128,222.08
128,16384,32,256,226.037
128,16384,32,512,231.361
128,16384,32,1024,239.605
128,16384,32,2048,258.55
128,16384,32,4096,295.072
128,16384,32,8192,367.147
128,16384,32,16384,517.034
128,16384,32,32768,809.803
128,16384,32,65536,1389.74
128,16384,32,131055,2553.69
128,16384,64,16,226.624
128,16384,64,32,226.549
128,16384,64,64,226.047
128,16384,64,128,226.422
128,16384,64,256,234.699
128,16384,64,512,244.064
128,16384,64,1024,260.748
128,16384,64,2048,297.739
128,16384,64,4096,369.707
128,16384,64,8192,519.391
128,16384,64,16384,817.749
128,16384,64,32768,1409
128,16384,64,65536,2607.79
128,16384,64,131055,5004.25
128,32768,0,0,402.4
128,32768,1,16,414.699
128,32768,1,32,414.261
128,32768,1,64,414.741
128,32768,1,128,414.315
128,32768,1,256,414.303
128,32768,1,512,414.464
128,32768,1,1024,413.696
128,32768,1,2048,417.738
128,32768,1,4096,419.99
128,32768,1,8192,422.187
128,32768,1,16384,425.632
128,32768,1,32768,433.6
128,32768,1,65536,451.403
128,32768,1,131055,488.353
128,32768,2,16,414.016
128,32768,2,32,414.187
128,32768,2,64,415.136
128,32768,2,128,414.069
128,32768,2,256,415.178
128,32768,2,512,414.527
128,32768,2,1024,415.904
128,32768,2,2048,417.291
128,32768,2,4096,420.267
128,32768,2,8192,424.65
128,32768,2,16384,432.747
128,32768,2,32768,449.909
128,32768,2,65536,485.526
128,32768,2,131055,556.779
128,32768,4,16,415.136
128,32768,4,32,413.344
128,32768,4,64,414.229
128,32768,4,128,414.464
128,32768,4,256,414.411
128,32768,4,512,415.115
128,32768,4,1024,417.067
128,32768,4,2048,418.453
128,32768,4,4096,422.368
128,32768,4,8192,430.399
128,32768,4,16384,447.04
128,32768,4,32768,485.001
128,32768,4,65536,556.181
128,32768,4,131055,699.029
128,32768,8,16,414.688
128,32768,8,32,414.838
128,32768,8,64,414.87
128,32768,8,128,415.338
128,32768,8,256,414.827
128,32768,8,512,417.633
128,32768,8,1024,418.828
128,32768,8,2048,422.57
128,32768,8,4096,432.096
128,32768,8,8192,448.372
128,32768,8,16384,483.52
128,32768,8,32768,556.736
128,32768,8,65536,698.794
128,32768,8,131055,987.263
128,32768,16,16,412.597
128,32768,16,32,411.711
128,32768,16,64,413.535
128,32768,16,128,411.968
128,32768,16,256,415.839
128,32768,16,512,417.611
128,32768,16,1024,422.219
128,32768,16,2048,429.92
128,32768,16,4096,448.907
128,32768,16,8192,483.734
128,32768,16,16384,556.16
128,32768,16,32768,697.472
128,32768,16,65536,985.535
128,32768,16,131055,1558.09
128,32768,32,16,415.595
128,32768,32,32,415.573
128,32768,32,64,416.139
128,32768,32,128,415.626
128,32768,32,256,418.966
128,32768,32,512,424.704
128,32768,32,1024,432.469
128,32768,32,2048,449.685
128,32768,32,4096,484.565
128,32768,32,8192,556.725
128,32768,32,16384,700.501
128,32768,32,32768,995.328
128,32768,32,65536,1568.41
128,32768,32,131055,2741.16
128,32768,64,16,419.157
128,32768,64,32,420.811
128,32768,64,64,419.99
128,32768,64,128,420.224
128,32768,64,256,427.147
128,32768,64,512,437.718
128,32768,64,1024,453.686
128,32768,64,2048,490.773
128,32768,64,4096,564.267
128,32768,64,8192,713.183
128,32768,64,16384,1009.17
128,32768,64,32768,1598.13
128,32768,64,65536,2801.45
128,32768,64,131055,5198.64
128,65536,0,0,784.768
128,65536,1,16,797.771
128,65536,1,32,797.983
128,65536,1,64,798.303
128,65536,1,128,799.754
128,65536,1,256,797.888
128,65536,1,512,798.591
128,65536,1,1024,798.645
128,65536,1,2048,800.031
128,65536,1,4096,801.844
128,65536,1,8192,805.034
128,65536,1,16384,810.357
128,65536,1,32768,819.456
128,65536,1,65536,836.352
128,65536,1,131055,870.101
128,65536,2,16,798.208
128,65536,2,32,797.781
128,65536,2,64,797.92
128,65536,2,128,800.086
128,65536,2,256,798.912
128,65536,2,512,799.434
128,65536,2,1024,799.145
128,65536,2,2048,800.843
128,65536,2,4096,802.742
128,65536,2,8192,805.205
128,65536,2,16384,816.053
128,65536,2,32768,832.981
128,65536,2,65536,868.32
128,65536,2,131055,939.371
128,65536,4,16,797.44
128,65536,4,32,797.055
128,65536,4,64,797.301
128,65536,4,128,796.448
128,65536,4,256,796.183
128,65536,4,512,798.1
128,65536,4,1024,800.373
128,65536,4,2048,800.661
128,65536,4,4096,804.768
128,65536,4,8192,813.983
128,65536,4,16384,830.795
128,65536,4,32768,866.176
128,65536,4,65536,937.174
128,65536,4,131055,1080.73
128,65536,8,16,797.397
128,65536,8,32,795.499
128,65536,8,64,798.165
128,65536,8,128,796.096
128,65536,8,256,797.376
128,65536,8,512,799.317
128,65536,8,1024,801.643
128,65536,8,2048,804.939
128,65536,8,4096,814.198
128,65536,8,8192,831.275
128,65536,8,16384,866.102
128,65536,8,32768,936.117
128,65536,8,65536,1081.08
128,65536,8,131055,1367.02
128,65536,16,16,795.904
128,65536,16,32,796.362
128,65536,16,64,795.873
128,65536,16,128,795.755
128,65536,16,256,798.475
128,65536,16,512,798.773
128,65536,16,1024,804.095
128,65536,16,2048,813.099
128,65536,16,4096,831.403
128,65536,16,8192,866.464
128,65536,16,16384,936.033
128,65536,16,32768,1080.4
128,65536,16,65536,1366.13
128,65536,16,131055,1938.85
128,65536,32,16,798.986
128,65536,32,32,799.594
128,65536,32,64,796.875
128,65536,32,128,797.237
128,65536,32,256,801.846
128,65536,32,512,806.976
128,65536,32,1024,814.816
128,65536,32,2048,832.491
128,65536,32,4096,868
128,65536,32,8192,940.32
128,65536,32,16384,1081.73
128,65536,32,32768,1376.33
128,65536,32,65536,1947.51
128,65536,32,131055,3112.62
128,65536,64,16,803.296
128,65536,64,32,802.475
128,65536,64,64,803.168
128,65536,64,128,803.115
128,65536,64,256,810.187
128,65536,64,512,820.865
128,65536,64,1024,836.609
128,65536,64,2048,874.251
128,65536,64,4096,946.699
128,65536,64,8192,1094.23
128,65536,64,16384,1391.34
128,65536,64,32768,1991.65
128,65536,64,65536,3166.42
128,65536,64,131055,5574.78
256,0,0,0,13.8877
256,0,1,16,19.1147
256,0,1,32,19.1787
256,0,1,64,19.168
256,0,1,128,19.3593
256,0,1,256,20.224
256,0,1,512,21.0353
256,0,1,1024,21.0877
256,0,1,2048,21.5573
256,0,1,4096,22.5067
256,0,1,8192,28.3093
256,0,1,16384,33.7063
256,0,1,32768,44.395
256,0,1,65536,63.7017
256,0,1,131055,100.726
256,0,2,16,19.3603
256,0,2,32,19.2853
256,0,2,64,19.264
256,0,2,128,19.317
256,0,2,256,20.6073
256,0,2,512,21.1953
256,0,2,1024,21.685
256,0,2,2048,22.5067
256,0,2,4096,27.1893
256,0,2,8192,32.469
256,0,2,16384,43.3707
256,0,2,32768,62.5597
256,0,2,65536,99.936
256,0,2,131055,173.686
256,0,4,16,19.456
256,0,4,32,19.4237
256,0,4,64,19.5517
256,0,4,128,19.7013
256,0,4,256,20.715
256,0,4,512,21.504
256,0,4,1024,22.5387
256,0,4,2048,25.344
256,0,4,4096,30.4
256,0,4,8192,41.344
256,0,4,16384,60.544
256,0,4,32768,97.0773
256,0,4,65536,170.624
256,0,4,131055,313.153
256,0,8,16,19.5307
256,0,8,32,19.5627
256,0,8,64,19.6163
256,0,8,128,19.808
256,0,8,256,21.0027
256,0,8,512,22.848
256,0,8,1024,25.0877
256,0,8,2048,30.2927
256,0,8,4096,41.45
256,0,8,8192,60.96
256,0,8,16384,97.1093
256,0,8,32768,168.887
256,0,8,65536,312.864
256,0,8,131055,598.486
256,0,16,16,20.2777
256,0,16,32,20.2563
256,0,16,64,20.448
256,0,16,128,20.704
256,0,16,256,22.5177
256,0,16,512,25.3007
256,0,16,1024,30.016
256,0,16,2048,41.547
256,0,16,4096,60.48
256,0,16,8192,96.8
256,0,16,16384,168.864
256,0,16,32768,312.257
256,0,16,65536,599.487
256,0,16,131055,1171.67
256,0,32,16,22.6773
256,0,32,32,22.7307
256,0,32,64,22.582
256,0,32,128,22.5273
256,0,32,256,26.7633
256,0,32,512,31.797
256,0,32,1024,42.198
256,0,32,2048,62.357
256,0,32,4096,98.2293
256,0,32,8192,172.747
256,0,32,16384,317.312
256,0,32,32768,606.828
256,0,32,65536,1193.12
256,0,32,131055,2354.25
256,0,64,16,27.9143
256,0,64,32,27.8293
256,0,64,64,27.8823
256,0,64,128,27.872
256,0,64,256,34.8583
256,0,64,512,45.2267
256,0,64,1024,64.8643
256,0,64,2048,102.123
256,0,64,4096,175.19
256,0,64,8192,321.355
256,0,64,16384,619.265
256,0,64,32768,1207.67
256,0,64,65536,2412.31
256,0,64,131055,4821.01
256,16,0,0,15.605
256,16,1,16,21.0983
256,16,1,32,20.9923
256,16,1,64,21.3553
256,16,1,128,21.2263
256,16,1,256,22.2937
256,16,1,512,22.9117
256,16,1,1024,22.9867
256,16,1,2048,23.4023
256,16,1,4096,24.5223
256,16,1,8192,30.1977
256,16,1,16384,35.595
256,16,1,32768,46.646
256,16,1,65536,65.91
256,16,1,131055,102.805
256,16,2,16,21.141
256,16,2,32,21.099
256,16,2,64,21.0667
256,16,2,128,21.237
256,16,2,256,22.5813
256,16,2,512,22.976
256,16,2,1024,23.413
256,16,2,2048,24.3517
256,16,2,4096,29.2477
256,16,2,8192,34.272
256,16,2,16384,45.2373
256,16,2,32768,64.7477
256,16,2,65536,101.12
256,16,2,131055,175.915
256,16,4,16,21.0877
256,16,4,32,21.205
256,16,4,64,21.259
256,16,4,128,21.2257
256,16,4,256,22.507
256,16,4,512,23.2213
256,16,4,1024,24.2233
256,16,4,2048,27.008
256,16,4,4096,31.958
256,16,4,8192,43.68
256,16,4,16384,62.3147
256,16,4,32768,98.9117
256,16,4,65536,171.691
256,16,4,131055,314.977
256,16,8,16,21.419
256,16,8,32,21.536
256,16,8,64,21.5043
256,16,8,128,21.6317
256,16,8,256,23.2853
256,16,8,512,25.024
256,16,8,1024,26.9763
256,16,8,2048,32.4053
256,16,8,4096,43.2853
256,16,8,8192,62.8693
256,16,8,16384,98.7733
256,16,8,32768,171.179
256,16,8,65536,313.782
256,16,8,131055,601.057
256,16,16,16,22.2507
256,16,16,32,22.112
256,16,16,64,22.187
256,16,16,128,22.4103
256,16,16,256,24.4587
256,16,16,512,27.1883
256,16,16,1024,31.9883
256,16,16,2048,43.4667
256,16,16,4096,62.635
256,16,16,8192,98.7087
256,16,16,16384,171.115
256,16,16,32768,313.74
256,16,16,65536,600.161
256,16,16,131055,1173.98
256,16,32,16,24.811
256,16,32,32,24.778
256,16,32,64,24.46
256,16,32,128,24.4377
256,16,32,256,28.6617
256,16,32,512,33.493
256,16,32,1024,44.3093
256,16,32,2048,63.807
256,16,32,4096,99.7763
256,16,32,8192,172.821
256,16,32,16384,324.961
256,16,32,32768,610.165
256,16,32,65536,1194.04
256,16,32,131055,2355.51
256,16,64,16,29.9843
256,16,64,32,29.856
256,16,64,64,29.9087
256,16,64,128,30.144
256,16,64,256,36.768
256,16,64,512,47.8197
256,16,64,1024,67.253
256,16,64,2048,103.829
256,16,64,4096,177.366
256,16,64,8192,322.806
256,16,64,16384,619.296
256,16,64,32768,1214.05
256,16,64,65536,2424.28
256,16,64,131055,4815.68
256,32,0,0,15.563
256,32,1,16,21.1627
256,32,1,32,21.0667
256,32,1,64,21.1947
256,32,1,128,21.0983
256,32,1,256,22.272
256,32,1,512,22.859
256,32,1,1024,23.1577
256,32,1,2048,23.4343
256,32,1,4096,24.2883
256,32,1,8192,29.888
256,32,1,16384,35.3497
256,32,1,32768,46.3037
256,32,1,65536,65.547
256,32,1,131055,103.061
256,32,2,16,21.0347
256,32,2,32,21.2057
256,32,2,64,21.3337
256,32,2,128,21.1737
256,32,2,256,22.1867
256,32,2,512,23.1467
256,32,2,1024,23.189
256,32,2,2048,24.16
256,32,2,4096,29.0127
256,32,2,8192,34.1967
256,32,2,16384,45.4513
256,32,2,32768,64.256
256,32,2,65536,100.971
256,32,2,131055,173.856
256,32,4,16,21.0237
256,32,4,32,21.2483
256,32,4,64,21.216
256,32,4,128,21.2263
256,32,4,256,22.272
256,32,4,512,23.232
256,32,4,1024,24.2457
256,32,4,2048,26.912
256,32,4,4096,32.0533
256,32,4,8192,43.0927
256,32,4,16384,62.336
256,32,4,32768,98.8373
256,32,4,65536,171.2
256,32,4,131055,314.634
256,32,8,16,21.3007
256,32,8,32,21.248
256,32,8,64,21.5357
256,32,8,128,21.5357
256,32,8,256,22.9653
256,32,8,512,24.8427
256,32,8,1024,27.1683
256,32,8,2048,32.2137
256,32,8,4096,43.0507
256,32,8,8192,62.4003
256,32,8,16384,98.815
256,32,8,32768,171.233
256,32,8,65536,313.888
256,32,8,131055,599.979
256,32,16,16,22.0163
256,32,16,32,22.048
256,32,16,64,22.1973
256,32,16,128,22.5067
256,32,16,256,24.5973
256,32,16,512,26.805
256,32,16,1024,31.8623
256,32,16,2048,43.1577
256,32,16,4096,63.0187
256,32,16,8192,98.624
256,32,16,16384,171.008
256,32,16,32768,314.134
256,32,16,65536,600.885
256,32,16,131055,1174.5
256,32,32,16,24.608
256,32,32,32,24.501
256,32,32,64,24.4477
256,32,32,128,24.5443
256,32,32,256,28.6297
256,32,32,512,33.663
256,32,32,1024,44.608
256,32,32,2048,64.0753
256,32,32,4096,100.544
256,32,32,8192,172.47
256,32,32,16384,320.085
256,32,32,32768,609.557
256,32,32,65536,1189.94
256,32,32,131055,2350.98
256,32,64,16,29.8887
256,32,64,32,29.9417
256,32,64,64,29.6537
256,32,64,128,29.9943
256,32,64,256,36.971
256,32,64,512,47.648
256,32,64,1024,66.9337
256,32,64,2048,104.021
256,32,64,4096,177.462
256,32,64,8192,325.152
256,32,64,16384,617.377
256,32,64,32768,1206.49
256,32,64,65536,2419.93
256,32,64,131055,4808.6
256,64,0,0,15.499
256,64,1,16,21.0667
256,64,1,32,21.2273
256,64,1,64,21.291
256,64,1,128,21.1737
256,64,1,256,22.293
256,64,1,512,22.9007
256,64,1,1024,22.9653
256,64,1,2048,23.4243
256,64,1,4096,24.1703
256,64,1,8192,30.123
256,64,1,16384,35.8403
256,64,1,32768,46.656
256,64,1,65536,65.6743
256,64,1,131055,102.176
256,64,2,16,21.2053
256,64,2,32,21.1417
256,64,2,64,21.1517
256,64,2,128,21.1517
256,64,2,256,22.3463
256,64,2,512,23.2103
256,64,2,1024,23.221
256,64,2,2048,24.2667
256,64,2,4096,29.1093
256,64,2,8192,34.0057
256,64,2,16384,45.3227
256,64,2,32768,64.704
256,64,2,65536,101.92
256,64,2,131055,175.744
256,64,4,16,21.163
256,64,4,32,21.312
256,64,4,64,21.2697
256,64,4,128,21.45
256,64,4,256,22.6457
256,64,4,512,23.3497
256,64,4,1024,24.3733
256,64,4,2048,27.018
256,64,4,4096,31.9783
256,64,4,8192,43.0833
256,64,4,16384,62.4213
256,64,4,32768,98.891
256,64,4,65536,171.253
256,64,4,131055,314.891
256,64,8,16,21.1627
256,64,8,32,21.4083
256,64,8,64,21.3117
256,64,8,128,21.3547
256,64,8,256,22.8683
256,64,8,512,24.7677
256,64,8,1024,27.0407
256,64,8,2048,32.128
256,64,8,4096,43.306
256,64,8,8192,62.5707
256,64,8,16384,98.656
256,64,8,32768,171.125
256,64,8,65536,313.921
256,64,8,131055,601.121
256,64,16,16,22.2283
256,64,16,32,22.2187
256,64,16,64,22.325
256,64,16,128,22.7947
256,64,16,256,24.4157
256,64,16,512,26.8273
256,64,16,1024,31.9253
256,64,16,2048,43.2313
256,64,16,4096,62.6243
256,64,16,8192,99.0517
256,64,16,16384,170.763
256,64,16,32768,314.091
256,64,16,65536,600.715
256,64,16,131055,1175.14
256,64,32,16,24.768
256,64,32,32,24.5227
256,64,32,64,24.4053
256,64,32,128,24.5337
256,64,32,256,28.9813
256,64,32,512,33.5997
256,64,32,1024,44.5543
256,64,32,2048,64.3733
256,64,32,4096,100.064
256,64,32,8192,173.227
256,64,32,16384,322.517
256,64,32,32768,612.907
256,64,32,65536,1197.39
256,64,32,131055,2355.98
256,64,64,16,29.92
256,64,64,32,29.8457
256,64,64,64,29.5787
256,64,64,128,29.7173
256,64,64,256,36.897
256,64,64,512,47.424
256,64,64,1024,66.6987
256,64,64,2048,103.786
256,64,64,4096,177.035
256,64,64,8192,323.318
256,64,64,16384,614.176
256,64,64,32768,1206.94
256,64,64,65536,2406.05
256,64,64,131055,4791.75
256,128,0,0,15.3173
256,128,1,16,20.5447
256,128,1,32,20.544
256,128,1,64,20.5443
256,128,1,128,20.747
256,128,1,256,22.0163
256,128,1,512,22.3577
256,128,1,1024,22.6133
256,128,1,2048,22.9017
256,128,1,4096,23.8403
256,128,1,8192,29.515
256,128,1,16384,34.7627
256,128,1,32768,46.059
256,128,1,65536,65.1733
256,128,1,131055,101.43
256,128,2,16,20.779
256,128,2,32,20.5977
256,128,2,64,20.6183
256,128,2,128,20.96
256,128,2,256,21.9417
256,128,2,512,22.5063
256,128,2,1024,22.8167
256,128,2,2048,23.7877
256,128,2,4096,28.7893
256,128,2,8192,33.6
256,128,2,16384,44.6603
256,128,2,32768,64.2137
256,128,2,65536,100.939
256,128,2,131055,174.784
256,128,4,16,20.8747
256,128,4,32,20.9707
256,128,4,64,20.9707
256,128,4,128,20.949
256,128,4,256,22.2723
256,128,4,512,23.1577
256,128,4,1024,24.0113
256,128,4,2048,27.0713
256,128,4,4096,32.064
256,128,4,8192,43.1893
256,128,4,16384,62.0797
256,128,4,32768,98.763
256,128,4,65536,171.136
256,128,4,131055,314.187
256,128,8,16,20.8957
256,128,8,32,20.9917
256,128,8,64,21.099
256,128,8,128,21.3867
256,128,8,256,22.581
256,128,8,512,24.47
256,128,8,1024,26.6663
256,128,8,2048,32.0107
256,128,8,4096,43.1143
256,128,8,8192,62.2723
256,128,8,16384,98.1867
256,128,8,32768,172.021
256,128,8,65536,313.814
256,128,8,131055,599.403
256,128,16,16,21.8767
256,128,16,32,21.7923
256,128,16,64,21.9847
256,128,16,128,22.091
256,128,16,256,24.0533
256,128,16,512,26.6027
256,128,16,1024,31.6373
256,128,16,2048,43.0723
256,128,16,4096,62.496
256,128,16,8192,98.5277
256,128,16,16384,170.325
256,128,16,32768,314.048
256,128,16,65536,600.543
256,128,16,131055,1172.93
256,128,32,16,24.3737
256,128,32,32,24.1817
256,128,32,64,24.138
256,128,32,128,24.171
256,128,32,256,28.16
256,128,32,512,33.2593
256,128,32,1024,44.2243
256,128,32,2048,63.498
256,128,32,4096,99.466
256,128,32,8192,172.511
256,128,32,16384,324.129
256,128,32,32768,607.275
256,128,32,65536,1193.17
256,128,32,131055,2349.56
256,128,64,16,29.632
256,128,64,32,29.4083
256,128,64,64,29.7387
256,128,64,128,29.8557
256,128,64,256,36.3517
256,128,64,512,47.3287
256,128,64,1024,66.3793
256,128,64,2048,103.905
256,128,64,4096,177.313
256,128,64,8192,323.296
256,128,64,16384,623.009
256,128,64,32768,1221.89
256,128,64,65536,2417.08
256,128,64,131055,4805.15
256,256,0,0,16.843
256,256,1,16,21.984
256,256,1,32,22.2717
256,256,1,64,22.2073
256,256,1,128,22.283
256,256,1,256,23.5307
256,256,1,512,23.9783
256,256,1,1024,24.288
256,256,1,2048,24.6617
256,256,1,4096,25.4397
256,256,1,8192,31.4347
256,256,1,16384,36.587
256,256,1,32768,47.7763
256,256,1,65536,66.2717
256,256,1,131055,104.906
256,256,2,16,22.3143
256,256,2,32,22.2937
256,256,2,64,22.3573
256,256,2,128,22.3043
256,256,2,256,23.5097
256,256,2,512,24.064
256,256,2,1024,24.48
256,256,2,2048,25.3017
256,256,2,4096,29.9733
256,256,2,8192,35.0083
256,256,2,16384,46.165
256,256,2,32768,65.5897
256,256,2,65536,102.656
256,256,2,131055,175.488
256,256,4,16,22.538
256,256,4,32,22.4533
256,256,4,64,22.3997
256,256,4,128,22.5067
256,256,4,256,23.616
256,256,4,512,24.406
256,256,4,1024,25.6113
256,256,4,2048,28.3407
256,256,4,4096,33.237
256,256,4,8192,44.864
256,256,4,16384,63.5737
256,256,4,32768,100.747
256,256,4,65536,173.707
256,256,4,131055,315.926
256,256,8,16,22.5707
256,256,8,32,22.3683
256,256,8,64,22.5173
256,256,8,128,22.656
256,256,8,256,24.011
256,256,8,512,25.7827
256,256,8,1024,28.0117
256,256,8,2048,33.3543
256,256,8,4096,44.469
256,256,8,8192,63.6377
256,256,8,16384,99.585
256,256,8,32768,172.214
256,256,8,65536,314.614
256,256,8,131055,602.134
256,256,16,16,23.36
256,256,16,32,23.4347
256,256,16,64,23.5193
256,256,16,128,23.6157
256,256,16,256,25.6853
256,256,16,512,28.0743
256,256,16,1024,33.2593
256,256,16,2048,44.459
256,256,16,4096,63.5737
256,256,16,8192,99.84
256,256,16,16384,172.033
256,256,16,32768,315.286
256,256,16,65536,602.38
256,256,16,131055,1175.36
256,256,32,16,25.802
256,256,32,32,25.6643
256,256,32,64,25.6323
256,256,32,128,25.6853
256,256,32,256,29.739
256,256,32,512,34.485
256,256,32,1024,45.6
256,256,32,2048,65.0357
256,256,32,4096,100.491
256,256,32,8192,174.422
256,256,32,16384,322.134
256,256,32,32768,611.968
256,256,32,65536,1198.04
256,256,32,131055,2354.86
256,256,64,16,31.1143
256,256,64,32,31.2007
256,256,64,64,30.9873
256,256,64,128,31.0727
256,256,64,256,38.0373
256,256,64,512,48.5547
256,256,64,1024,68.267
256,256,64,2048,105.014
256,256,64,4096,178.923
256,256,64,8192,324.139
256,256,64,16384,620.982
256,256,64,32768,1214.01
256,256,64,65536,2419.47
256,256,64,131055,4815.85
256,512,0,0,19.936
256,512,1,16,25.9527
256,512,1,32,25.9737
256,512,1,64,26.101
256,512,1,128,26.016
256,512,1,256,26.1547
256,512,1,512,27.115
256,512,1,1024,27.2427
256,512,1,2048,27.7763
256,512,1,4096,28.4797
256,512,1,8192,34.197
256,512,1,16384,39.509
256,512,1,32768,51.115
256,512,1,65536,69.6217
256,512,1,131055,108.502
256,512,2,16,26.218
256,512,2,32,26.187
256,512,2,64,26.4
256,512,2,128,26.2073
256,512,2,256,26.378
256,512,2,512,27.402
256,512,2,1024,27.5843
256,512,2,2048,28.5977
256,512,2,4096,33.3227
256,512,2,8192,38.3473
256,512,2,16384,49.7603
256,512,2,32768,68.7897
256,512,2,65536,105.398
256,512,2,131055,177.547
256,512,4,16,26.101
256,512,4,32,26.166
256,512,4,64,26.2183
256,512,4,128,26.25
256,512,4,256,26.2613
256,512,4,512,27.563
256,512,4,1024,28.4693
256,512,4,2048,31.2213
256,512,4,4096,36.3093
256,512,4,8192,47.392
256,512,4,16384,66.571
256,512,4,32768,102.912
256,512,4,65536,176.204
256,512,4,131055,319.925
256,512,8,16,26.837
256,512,8,32,26.8053
256,512,8,64,26.9127
256,512,8,128,27.0293
256,512,8,256,27.1573
256,512,8,512,28.5007
256,512,8,1024,31.1793
256,512,8,2048,36.4163
256,512,8,4096,47.5527
256,512,8,8192,66.539
256,512,8,16384,102.326
256,512,8,32768,175.53
256,512,8,65536,318.389
256,512,8,131055,605.174
256,512,16,16,26.315
256,512,16,32,26.4223
256,512,16,64,26.4537
256,512,16,128,26.603
256,512,16,256,28.64
256,512,16,512,31.019
256,512,16,1024,36.4057
256,512,16,2048,47.69
256,512,16,4096,66.5173
256,512,16,8192,103.114
256,512,16,16384,175.958
256,512,16,32768,317.515
256,512,16,65536,606.507
256,512,16,131055,1178.5
256,512,32,16,28.8747
256,512,32,32,28.8533
256,512,32,64,28.8003
256,512,32,128,28.9073
256,512,32,256,32.7787
256,512,32,512,38.0373
256,512,32,1024,48.6183
256,512,32,2048,68.4053
256,512,32,4096,104.715
256,512,32,8192,177.196
256,512,32,16384,325.621
256,512,32,32768,615.18
256,512,32,65536,1198.46
256,512,32,131055,2366.83
256,512,64,16,34.177
256,512,64,32,34.0697
256,512,64,64,34.3573
256,512,64,128,34.2823
256,512,64,256,40.8423
256,512,64,512,51.7757
256,512,64,1024,71.3277
256,512,64,2048,108.566
256,512,64,4096,181.889
256,512,64,8192,328.278
256,512,64,16384,628.321
256,512,64,32768,1216.48
256,512,64,65536,2405.48
256,512,64,131055,4813.34
256,1024,0,0,25.984
256,1024,1,16,32.1497
256,1024,1,32,32.107
256,1024,1,64,32.2027
256,1024,1,128,32.2883
256,1024,1,256,32.192
256,1024,1,512,32.1177
256,1024,1,1024,33.4297
256,1024,1,2048,33.8667
256,1024,1,4096,34.55
256,1024,1,8192,40.245
256,1024,1,16384,45.7597
256,1024,1,32768,57.2057
256,1024,1,65536,75.776
256,1024,1,131055,112
256,1024,2,16,32.352
256,1024,2,32,32.2563
256,1024,2,64,32.321
256,1024,2,128,32.3623
256,1024,2,256,32.5333
256,1024,2,512,32.4373
256,1024,2,1024,33.5253
256,1024,2,2048,34.497
256,1024,2,4096,39.499
256,1024,2,8192,44.672
256,1024,2,16384,55.7863
256,1024,2,32768,74.3473
256,1024,2,65536,111.628
256,1024,2,131055,184.502
256,1024,4,16,32.5437
256,1024,4,32,33.024
256,1024,4,64,32.6297
256,1024,4,128,32.8213
256,1024,4,256,32.7153
256,1024,4,512,33.013
256,1024,4,1024,34.6667
256,1024,4,2048,37.248
256,1024,4,4096,42.6023
256,1024,4,8192,53.8777
256,1024,4,16384,72.939
256,1024,4,32768,109.248
256,1024,4,65536,181.835
256,1024,4,131055,327.072
256,1024,8,16,33.1307
256,1024,8,32,33.0993
256,1024,8,64,33.185
256,1024,8,128,33.0347
256,1024,8,256,33.3223
256,1024,8,512,34.912
256,1024,8,1024,37.2153
256,1024,8,2048,42.325
256,1024,8,4096,53.7063
256,1024,8,8192,72.7673
256,1024,8,16384,108.725
256,1024,8,32768,181.387
256,1024,8,65536,325.216
256,1024,8,131055,610.604
256,1024,16,16,32.4477
256,1024,16,32,32.5653
256,1024,16,64,32.6717
256,1024,16,128,32.7147
256,1024,16,256,34.827
256,1024,16,512,37.419
256,1024,16,1024,42.5613
256,1024,16,2048,53.7187
256,1024,16,4096,72.5763
256,1024,16,8192,109.184
256,1024,16,16384,181.718
256,1024,16,32768,323.915
256,1024,16,65536,612.289
256,1024,16,131055,1185.41
256,1024,32,16,35.0827
256,1024,32,32,35.1677
256,1024,32,64,34.966
256,1024,32,128,34.9017
256,1024,32,256,39.072
256,1024,32,512,44.3943
256,1024,32,1024,55.3187
256,1024,32,2048,74.731
256,1024,32,4096,110.346
256,1024,32,8192,184.565
256,1024,32,16384,333.419
256,1024,32,32768,622.188
256,1024,32,65536,1208.55
256,1024,32,131055,2363.09
256,1024,64,16,40.598
256,1024,64,32,40.6077
256,1024,64,64,40.822
256,1024,64,128,40.5433
256,1024,64,256,47.4137
256,1024,64,512,58.1553
256,1024,64,1024,77.5783
256,1024,64,2048,114.315
256,1024,64,4096,188.481
256,1024,64,8192,332.779
256,1024,64,16384,634.465
256,1024,64,32768,1207.45
256,1024,64,65536,2431.68
256,1024,64,131055,4823.82
256,2048,0,0,38.304
256,2048,1,16,44.2887
256,2048,1,32,44.2343
256,2048,1,64,44.6293
256,2048,1,128,44.3407
256,2048,1,256,44.587
256,2048,1,512,44.394
256,2048,1,1024,44.7893
256,2048,1,2048,45.889
256,2048,1,4096,47.1157
256,2048,1,8192,52.5977
256,2048,1,16384,58.325
256,2048,1,32768,69.0023
256,2048,1,65536,88.5013
256,2048,1,131055,124.427
256,2048,2,16,44.715
256,2048,2,32,44.843
256,2048,2,64,44.544
256,2048,2,128,44.7573
256,2048,2,256,45.0353
256,2048,2,512,44.917
256,2048,2,1024,45.632
256,2048,2,2048,47.242
256,2048,2,4096,51.8933
256,2048,2,8192,57.12
256,2048,2,16384,67.8617
256,2048,2,32768,87.968
256,2048,2,65536,123.317
256,2048,2,131055,197.878
256,2048,4,16,45.2587
256,2048,4,32,45.2577
256,2048,4,64,45.4937
256,2048,4,128,45.44
256,2048,4,256,45.4183
256,2048,4,512,45.952
256,2048,4,1024,47.6047
256,2048,4,2048,50.1123
256,2048,4,4096,54.9877
256,2048,4,8192,66.122
256,2048,4,16384,85.2053
256,2048,4,32768,121.184
256,2048,4,65536,194.284
256,2048,4,131055,338.625
256,2048,8,16,45.2477
256,2048,8,32,45.4397
256,2048,8,64,45.3977
256,2048,8,128,45.301
256,2048,8,256,45.7277
256,2048,8,512,47.254
256,2048,8,1024,49.5997
256,2048,8,2048,55.0827
256,2048,8,4096,65.781
256,2048,8,8192,85.4827
256,2048,8,16384,121.259
256,2048,8,32768,193.77
256,2048,8,65536,337.899
256,2048,8,131055,623.564
256,2048,16,16,44.7787
256,2048,16,32,44.9393
256,2048,16,64,44.9493
256,2048,16,128,45.4727
256,2048,16,256,47.4027
256,2048,16,512,49.5573
256,2048,16,1024,55.2213
256,2048,16,2048,66.1867
256,2048,16,4096,85.0777
256,2048,16,8192,121.269
256,2048,16,16384,193.067
256,2048,16,32768,337.931
256,2048,16,65536,626.357
256,2048,16,131055,1195.97
256,2048,32,16,47.4457
256,2048,32,32,47.7013
256,2048,32,64,47.488
256,2048,32,128,47.2327
256,2048,32,256,51.4877
256,2048,32,512,57.131
256,2048,32,1024,67.2107
256,2048,32,2048,86.7523
256,2048,32,4096,122.731
256,2048,32,8192,197.173
256,2048,32,16384,347.627
256,2048,32,32768,635.734
256,2048,32,65536,1217.46
256,2048,32,131055,2387.47
256,2048,64,16,53.0453
256,2048,64,32,53.28
256,2048,64,64,53.3017
256,2048,64,128,53.2377
256,2048,64,256,60.1923
256,2048,64,512,70.2617
256,2048,64,1024,90.059
256,2048,64,2048,126.837
256,2048,64,4096,200.609
256,2048,64,8192,349.238
256,2048,64,16384,647.148
256,2048,64,32768,1240.4
256,2048,64,65536,2443.87
256,2048,64,131055,4837.65
256,4096,0,0,63.339
256,4096,1,16,69.472
256,4096,1,32,69.5787
256,4096,1,64,69.579
256,4096,1,128,69.8777
256,4096,1,256,69.5573
256,4096,1,512,69.8457
256,4096,1,1024,70.0163
256,4096,1,2048,70.602
256,4096,1,4096,71.776
256,4096,1,8192,78.1977
256,4096,1,16384,83.744
256,4096,1,32768,94.5493
256,4096,1,65536,113.376
256,4096,1,131055,150.763
256,4096,2,16,71.1147
256,4096,2,32,70.6463
256,4096,2,64,71.147
256,4096,2,128,71.3173
256,4096,2,256,71.3493
256,4096,2,512,71.4243
256,4096,2,1024,72.4587
256,4096,2,2048,74.282
256,4096,2,4096,76.4807
256,4096,2,8192,82.091
256,4096,2,16384,92.9817
256,4096,2,32768,111.818
256,4096,2,65536,148.491
256,4096,2,131055,222.016
256,4096,4,16,70.433
256,4096,4,32,70.2613
256,4096,4,64,70.3993
256,4096,4,128,70.4213
256,4096,4,256,70.283
256,4096,4,512,70.9117
256,4096,4,1024,72.4053
256,4096,4,2048,74.7623
256,4096,4,4096,80.65
256,4096,4,8192,91.317
256,4096,4,16384,110.133
256,4096,4,32768,147.477
256,4096,4,65536,218.539
256,4096,4,131055,363.691
256,4096,8,16,70.112
256,4096,8,32,70.261
256,4096,8,64,70.2617
256,4096,8,128,70.432
256,4096,8,256,70.826
256,4096,8,512,72.4373
256,4096,8,1024,74.987
256,4096,8,2048,80.5657
256,4096,8,4096,91.1673
256,4096,8,8192,109.686
256,4096,8,16384,147.093
256,4096,8,32768,218.678
256,4096,8,65536,362.731
256,4096,8,131055,649.057
256,4096,16,16,70.4427
256,4096,16,32,69.717
256,4096,16,64,69.728
256,4096,16,128,70.624
256,4096,16,256,72.011
256,4096,16,512,74.9117
256,4096,16,1024,80.4587
256,4096,16,2048,90.944
256,4096,16,4096,109.974
256,4096,16,8192,145.899
256,4096,16,16384,218.7
256,4096,16,32768,361.772
256,4096,16,65536,649.878
256,4096,16,131055,1223.98
256,4096,32,16,72.7043
256,4096,32,32,72.6833
256,4096,32,64,72.1923
256,4096,32,128,72.1913
256,4096,32,256,77.0133
256,4096,32,512,82.1113
256,4096,32,1024,92.0537
256,4096,32,2048,111.169
256,4096,32,4096,146.987
256,4096,32,8192,221.515
256,4096,32,16384,370.176
256,4096,32,32768,658.113
256,4096,32,65536,1241.37
256,4096,32,131055,2403.96
256,4096,64,16,77.9633
256,4096,64,32,77.6003
256,4096,64,64,78.4747
256,4096,64,128,78.208
256,4096,64,256,85.1833
256,4096,64,512,95.254
256,4096,64,1024,115.51
256,4096,64,2048,152.032
256,4096,64,4096,225.473
256,4096,64,8192,372.993
256,4096,64,16384,665.505
256,4096,64,32768,1269.21
256,4096,64,65536,2465.35
256,4096,64,131055,4861.41
256,8192,0,0,112.832
256,8192,1,16,125.526
256,8192,1,32,125.643
256,8192,1,64,126.016
256,8192,1,128,125.771
256,8192,1,256,125.76
256,8192,1,512,124.854
256,8192,1,1024,121.355
256,8192,1,2048,122.411
256,8192,1,4096,124.555
256,8192,1,8192,128.108
256,8192,1,16384,134.432
256,8192,1,32768,147.702
256,8192,1,65536,167.361
256,8192,1,131055,203.361
256,8192,2,16,125.098
256,8192,2,32,125.963
256,8192,2,64,125.665
256,8192,2,128,125.515
256,8192,2,256,126.155
256,8192,2,512,126.539
256,8192,2,1024,127.008
256,8192,2,2048,129.066
256,8192,2,4096,132.075
256,8192,2,8192,137.217
256,8192,2,16384,145.717
256,8192,2,32768,166.058
256,8192,2,65536,200.416
256,8192,2,131055,275.222
256,8192,4,16,125.674
256,8192,4,32,125.727
256,8192,4,64,125.216
256,8192,4,128,125.355
256,8192,4,256,125.312
256,8192,4,512,126.091
256,8192,4,1024,128.512
256,8192,4,2048,130.624
256,8192,4,4096,135.168
256,8192,4,8192,145.067
256,8192,4,16384,163.488
256,8192,4,32768,199.552
256,8192,4,65536,271.499
256,8192,4,131055,416.993
256,8192,8,16,125.483
256,8192,8,32,125.473
256,8192,8,64,125.931
256,8192,8,128,125.386
256,8192,8,256,125.995
256,8192,8,512,128.897
256,8192,8,1024,130.752
256,8192,8,2048,135.968
256,8192,8,4096,145.376
256,8192,8,8192,164.021
256,8192,8,16384,199.361
256,8192,8,32768,271.574
256,8192,8,65536,414.741
256,8192,8,131055,701.366
256,8192,16,16,123.915
256,8192,16,32,124.192
256,8192,16,64,124.597
256,8192,16,128,124.715
256,8192,16,256,126.709
256,8192,16,512,130.144
256,8192,16,1024,134.4
256,8192,16,2048,144.971
256,8192,16,4096,164.097
256,8192,16,8192,200.235
256,8192,16,16384,272.278
256,8192,16,32768,417.376
256,8192,16,65536,702.561
256,8192,16,131055,1272.79
256,8192,32,16,126.464
256,8192,32,32,126.752
256,8192,32,64,126.539
256,8192,32,128,127.04
256,8192,32,256,126.496
256,8192,32,512,132.181
256,8192,32,1024,141.909
256,8192,32,2048,164.928
256,8192,32,4096,199.808
256,8192,32,8192,275.904
256,8192,32,16384,427.222
256,8192,32,32768,715.276
256,8192,32,65536,1299.99
256,8192,32,131055,2465.5
256,8192,64,16,132.715
256,8192,64,32,132.587
256,8192,64,64,132.747
256,8192,64,128,131.531
256,8192,64,256,141.27
256,8192,64,512,152.459
256,8192,64,1024,169.728
256,8192,64,2048,206.443
256,8192,64,4096,281.184
256,8192,64,8192,427.787
256,8192,64,16384,725.612
256,8192,64,32768,1326.8
256,8192,64,65536,2521.21
256,8192,64,131055,4920.19
256,16384,0,0,212.79
256,16384,1,16,225.472
256,16384,1,32,226.24
256,16384,1,64,225.951
256,16384,1,128,225.451
256,16384,1,256,225.962
256,16384,1,512,226.859
256,16384,1,1024,226.571
256,16384,1,2048,227.979
256,16384,1,4096,228.885
256,16384,1,8192,232.576
256,16384,1,16384,236.619
256,16384,1,32768,246.176
256,16384,1,65536,264.651
256,16384,1,131055,301.151
256,16384,2,16,225.792
256,16384,2,32,225.025
256,16384,2,64,225.739
256,16384,2,128,224.982
256,16384,2,256,225.867
256,16384,2,512,226.187
256,16384,2,1024,227.466
256,16384,2,2048,227.925
256,16384,2,4096,232.203
256,16384,2,8192,235.691
256,16384,2,16384,244.651
256,16384,2,32768,263.926
256,16384,2,65536,299.829
256,16384,2,131055,374.187
256,16384,4,16,225.557
256,16384,4,32,225.642
256,16384,4,64,225.291
256,16384,4,128,225.611
256,16384,4,256,225.547
256,16384,4,512,226.091
256,16384,4,1024,228.096
256,16384,4,2048,230.166
256,16384,4,4096,233.238
256,16384,4,8192,242.592
256,16384,4,16384,262.144
256,16384,4,32768,298.699
256,16384,4,65536,371.03
256,16384,4,131055,515.936
256,16384,8,16,225.013
256,16384,8,32,225.697
256,16384,8,64,225.387
256,16384,8,128,225.355
256,16384,8,256,225.27
256,16384,8,512,227.957
256,16384,8,1024,229.995
256,16384,8,2048,233.302
256,16384,8,4096,243.627
256,16384,8,8192,261.814
256,16384,8,16384,297.92
256,16384,8,32768,369.674
256,16384,8,65536,512.598
256,16384,8,131055,800.204
256,16384,16,16,223.488
256,16384,16,32,223.882
256,16384,16,64,223.648
256,16384,16,128,224.587
256,16384,16,256,227.094
256,16384,16,512,229.322
256,16384,16,1024,234.006
256,16384,16,2048,242.699
256,16384,16,4096,262.4
256,16384,16,8192,298.593
256,16384,16,16384,369.418
256,16384,16,32768,513.921
256,16384,16,65536,800.802
256,16384,16,131055,1372.54
256,16384,32,16,226.282
256,16384,32,32,225.953
256,16384,32,64,225.61
256,16384,32,128,226.518
256,16384,32,256,230.219
256,16384,32,512,236.48
256,16384,32,1024,244.576
256,16384,32,2048,263.552
256,16384,32,4096,300.065
256,16384,32,8192,375.211
256,16384,32,16384,523.531
256,16384,32,32768,814.284
256,16384,32,65536,1393.84
256,16384,32,131055,2568.02
256,16384,64,16,231.819
256,16384,64,32,232.119
256,16384,64,64,232.299
256,16384,64,128,231.69
256,16384,64,256,241.024
256,16384,64,512,250.038
256,16384,64,1024,267.541
256,16384,64,2048,302.752
256,16384,64,4096,376.032
256,16384,64,8192,524.939
256,16384,64,16384,823.851
256,16384,64,32768,1422.59
256,16384,64,65536,2613.02
256,16384,64,131055,5018.85
256,32768,0,0,405.589
256,32768,1,16,419.115
256,32768,1,32,419.115
256,32768,1,64,418.379
256,32768,1,128,419.638
256,32768,1,256,419.499
256,32768,1,512,418.347
256,32768,1,1024,419.991
256,32768,1,2048,421.622
256,32768,1,4096,422.315
256,32768,1,8192,425.174
256,32768,1,16384,429.089
256,32768,1,32768,439.552
256,32768,1,65536,456.651
256,32768,1,131055,493.312
256,32768,2,16,418.454
256,32768,2,32,419.18
256,32768,2,64,418.699
256,32768,2,128,419.147
256,32768,2,256,418.571
256,32768,2,512,418.486
256,32768,2,1024,419.959
256,32768,2,2048,421.132
256,32768,2,4096,423.243
256,32768,2,8192,428.758
256,32768,2,16384,437.195
256,32768,2,32768,455.147
256,32768,2,65536,491.606
256,32768,2,131055,567.724
256,32768,4,16,418.24
256,32768,4,32,418.058
256,32768,4,64,419.573
256,32768,4,128,418.945
256,32768,4,256,419.201
256,32768,4,512,419.787
256,32768,4,1024,421.729
256,32768,4,2048,422.561
256,32768,4,4096,426.219
256,32768,4,8192,436.054
256,32768,4,16384,453.409
256,32768,4,32768,489.91
256,32768,4,65536,558.838
256,32768,4,131055,705.558
256,32768,8,16,419.286
256,32768,8,32,418.336
256,32768,8,64,419.5
256,32768,8,128,418.155
256,32768,8,256,418.977
256,32768,8,512,420.619
256,32768,8,1024,422.646
256,32768,8,2048,426.933
256,32768,8,4096,435.499
256,32768,8,8192,453.249
256,32768,8,16384,488.321
256,32768,8,32768,560.247
256,32768,8,65536,704.907
256,32768,8,131055,991.831
256,32768,16,16,416.566
256,32768,16,32,417.835
256,32768,16,64,417.259
256,32768,16,128,416.843
256,32768,16,256,419.66
256,32768,16,512,422.07
256,32768,16,1024,425.003
256,32768,16,2048,435.627
256,32768,16,4096,454.006
256,32768,16,8192,490.006
256,32768,16,16384,560.427
256,32768,16,32768,704.822
256,32768,16,65536,990.497
256,32768,16,131055,1563.7
256,32768,32,16,419.328
256,32768,32,32,419.585
256,32768,32,64,419.638
256,32768,32,128,419.008
256,32768,32,256,423.35
256,32768,32,512,429.079
256,32768,32,1024,436.854
256,32768,32,2048,455.808
256,32768,32,4096,490.475
256,32768,32,8192,562.305
256,32768,32,16384,707.105
256,32768,32,32768,1000.19
256,32768,32,65536,1579.47
256,32768,32,131055,2725.17
256,32768,64,16,424.044
256,32768,64,32,424.822
256,32768,64,64,425.633
256,32768,64,128,426.07
256,32768,64,256,432.554
256,32768,64,512,443.531
256,32768,64,1024,459.787
256,32768,64,2048,495.915
256,32768,64,4096,568.332
256,32768,64,8192,718.028
256,32768,64,16384,1014.36
256,32768,64,32768,1602.65
256,32768,64,65536,2751.17
256,32768,64,131055,5202.49
256,65536,0,0,789.164
256,65536,1,16,802.411
256,65536,1,32,801.953
256,65536,1,64,801.366
256,65536,1,128,801.462
256,65536,1,256,801.942
256,65536,1,512,803.319
256,65536,1,1024,802.775
256,65536,1,2048,805.089
256,65536,1,4096,805.44
256,65536,1,8192,806.988
256,65536,1,16384,813.228
256,65536,1,32768,822.157
256,65536,1,65536,839.287
256,65536,1,131055,876.684
256,65536,2,16,802.433
256,65536,2,32,802.87
256,65536,2,64,803.148
256,65536,2,128,802.423
256,65536,2,256,802.433
256,65536,2,512,801.676
256,65536,2,1024,802.391
256,65536,2,2048,804.715
256,65536,2,4096,806.008
256,65536,2,8192,810.828
256,65536,2,16384,821.314
256,65536,2,32768,838.54
256,65536,2,65536,873.314
256,65536,2,131055,943.041
256,65536,4,16,802.678
256,65536,4,32,801.047
256,65536,4,64,801.292
256,65536,4,128,802.743
256,65536,4,256,802.839
256,65536,4,512,802.016
256,65536,4,1024,803.297
256,65536,4,2048,806.657
256,65536,4,4096,808.887
256,65536,4,8192,819.201
256,65536,4,16384,834.358
256,65536,4,32768,870.754
256,65536,4,65536,942.818
256,65536,4,131055,1084.86
256,65536,8,16,801.836
256,65536,8,32,802.145
256,65536,8,64,803.169
256,65536,8,128,803.18
256,65536,8,256,802.082
256,65536,8,512,804.673
256,65536,8,1024,806.156
256,65536,8,2048,809.346
256,65536,8,4096,820.075
256,65536,8,8192,837.451
256,65536,8,16384,869.772
256,65536,8,32768,942.795
256,65536,8,65536,1086.68
256,65536,8,131055,1371.76
256,65536,16,16,801.144
256,65536,16,32,800.118
256,65536,16,64,800.161
256,65536,16,128,801.303
256,65536,16,256,803.883
256,65536,16,512,805.622
256,65536,16,1024,808.599
256,65536,16,2048,818.061
256,65536,16,4096,836.663
256,65536,16,8192,873.826
256,65536,16,16384,941.943
256,65536,16,32768,1085.12
256,65536,16,65536,1372.13
256,65536,16,131055,1944.95
256,65536,32,16,802.881
256,65536,32,32,801.515
256,65536,32,64,802.508
256,65536,32,128,802.551
256,65536,32,256,806.486
256,65536,32,512,812.886
256,65536,32,1024,821.792
256,65536,32,2048,837.771
256,65536,32,4096,873.378
256,65536,32,8192,945.826
256,65536,32,16384,1089.36
256,65536,32,32768,1374.37
256,65536,32,65536,1959.26
256,65536,32,131055,3112.56
256,65536,64,16,807.852
256,65536,64,32,808.747
256,65536,64,64,808.759
256,65536,64,128,808.428
256,65536,64,256,815.735
256,65536,64,512,826.828
256,65536,64,1024,842.22
256,65536,64,2048,877.079
256,65536,64,4096,950.476
256,65536,64,8192,1100.11
256,65536,64,16384,1395.35
256,65536,64,32768,1994.41
256,65536,64,65536,3190.13
256,65536,64,131055,5577.47
512,0,0,0,19.051
512,0,1,16,24.7687
512,0,1,32,24.683
512,0,1,64,24.576
512,0,1,128,24.6507
512,0,1,256,25.7177
512,0,1,512,26.3783
512,0,1,1024,26.3473
512,0,1,2048,26.9867
512,0,1,4096,28.234
512,0,1,8192,33.5253
512,0,1,16384,39.5203
512,0,1,32768,51.573
512,0,1,65536,71.4983
512,0,1,131055,108.629
512,0,2,16,24.8533
512,0,2,32,24.8323
512,0,2,64,24.7147
512,0,2,128,24.5447
512,0,2,256,25.93
512,0,2,512,26.4957
512,0,2,1024,27.1147
512,0,2,2048,27.904
512,0,2,4096,32.299
512,0,2,8192,38.2723
512,0,2,16384,50.5063
512,0,2,32768,70.517
512,0,2,65536,107.307
512,0,2,131055,181.057
512,0,4,16,24.9607
512,0,4,32,24.597
512,0,4,64,25.0453
512,0,4,128,25.1843
512,0,4,256,26.1557
512,0,4,512,26.8583
512,0,4,1024,28.1813
512,0,4,2048,31.1997
512,0,4,4096,36.458
512,0,4,8192,48.8213
512,0,4,16384,69.1097
512,0,4,32768,106.293
512,0,4,65536,178.634
512,0,4,131055,321.782
512,0,8,16,24.8747
512,0,8,32,24.9807
512,0,8,64,25.0877
512,0,8,128,25.185
512,0,8,256,26.6877
512,0,8,512,28.214
512,0,8,1024,30.613
512,0,8,2048,36.7033
512,0,8,4096,48.3943
512,0,8,8192,68.992
512,0,8,16384,105.056
512,0,8,32768,177.184
512,0,8,65536,320.587
512,0,8,131055,606.219
512,0,16,16,25.7707
512,0,16,32,25.7917
512,0,16,64,25.8133
512,0,16,128,26.0803
512,0,16,256,27.9893
512,0,16,512,30.6457
512,0,16,1024,36.502
512,0,16,2048,48.4157
512,0,16,4096,68.9177
512,0,16,8192,105.088
512,0,16,16384,177.024
512,0,16,32768,320.31
512,0,16,65536,608.15
512,0,16,131055,1179.07
512,0,32,16,28.1813
512,0,32,32,28.2033
512,0,32,64,28.053
512,0,32,128,27.6693
512,0,32,256,32.245
512,0,32,512,37.7707
512,0,32,1024,49.8987
512,0,32,2048,69.568
512,0,32,4096,106.262
512,0,32,8192,178.955
512,0,32,16384,323.68
512,0,32,32768,619.073
512,0,32,65536,1205.8
512,0,32,131055,2359.42
512,0,64,16,32.0323
512,0,64,32,31.8513
512,0,64,64,32.16
512,0,64,128,31.9143
512,0,64,256,39.0823
512,0,64,512,51.413
512,0,64,1024,71.2643
512,0,64,2048,108.757
512,0,64,4096,181.804
512,0,64,8192,328.65
512,0,64,16384,617.804
512,0,64,32768,1223.17
512,0,64,65536,2415.66
512,0,64,131055,4817.87
512,16,0,0,20.9067
512,16,1,16,26.6983
512,16,1,32,26.9123
512,16,1,64,27.221
512,16,1,128,27.2537
512,16,1,256,26.9647
512,16,1,512,28.0753
512,16,1,1024,28.7787
512,16,1,2048,28.6823
512,16,1,4096,30.0587
512,16,1,8192,35.808
512,16,1,16384,41.6223
512,16,1,32768,53.6533
512,16,1,65536,73.4293
512,16,1,131055,110.869
512,16,2,16,27.1253
512,16,2,32,27.104
512,16,2,64,26.9337
512,16,2,128,27.2313
512,16,2,256,27.4347
512,16,2,512,28.4053
512,16,2,1024,28.7573
512,16,2,2048,29.6743
512,16,2,4096,34.4323
512,16,2,8192,40.1707
512,16,2,16384,52.042
512,16,2,32768,72.331
512,16,2,65536,109.013
512,16,2,131055,182.133
512,16,4,16,27.51
512,16,4,32,27.5843
512,16,4,64,27.6803
512,16,4,128,27.3707
512,16,4,256,27.5947
512,16,4,512,29.0133
512,16,4,1024,30.1123
512,16,4,2048,32.4373
512,16,4,4096,38.5173
512,16,4,8192,50.3467
512,16,4,16384,70.902
512,16,4,32768,107.584
512,16,4,65536,180.928
512,16,4,131055,323.862
512,16,8,16,28.2137
512,16,8,32,28
512,16,8,64,27.8503
512,16,8,128,28.4263
512,16,8,256,28.5857
512,16,8,512,30.2503
512,16,8,1024,32.5867
512,16,8,2048,38.8363
512,16,8,4096,50.6243
512,16,8,8192,70.4103
512,16,8,16384,106.666
512,16,8,32768,180.224
512,16,8,65536,322.465
512,16,8,131055,607.948
512,16,16,16,27.5527
512,16,16,32,27.627
512,16,16,64,27.8187
512,16,16,128,27.8617
512,16,16,256,30.1543
512,16,16,512,32.6087
512,16,16,1024,38.187
512,16,16,2048,50.624
512,16,16,4096,70.88
512,16,16,8192,107.168
512,16,16,16384,179.702
512,16,16,32768,322.517
512,16,16,65536,611.116
512,16,16,131055,1180.52
512,16,32,16,30.133
512,16,32,32,30.0587
512,16,32,64,29.8883
512,16,32,128,29.8983
512,16,32,256,34.2503
512,16,32,512,39.5097
512,16,32,1024,51.4243
512,16,32,2048,71.883
512,16,32,4096,108.907
512,16,32,8192,180.896
512,16,32,16384,327.125
512,16,32,32768,619.521
512,16,32,65536,1202.02
512,16,32,131055,2361.75
512,16,64,16,33.8663
512,16,64,32,34.112
512,16,64,64,33.6097
512,16,64,128,33.5993
512,16,64,256,41.2163
512,16,64,512,52.9603
512,16,64,1024,74.0483
512,16,64,2048,110.304
512,16,64,4096,183.67
512,16,64,8192,328.234
512,16,64,16384,620.386
512,16,64,32768,1217.8
512,16,64,65536,2405.98
512,16,64,131055,4826.01
512,32,0,0,21.12
512,32,1,16,27.2
512,32,1,32,27.178
512,32,1,64,26.8693
512,32,1,128,26.8487
512,32,1,256,27.2747
512,32,1,512,28.0753
512,32,1,1024,28.2457
512,32,1,2048,28.7897
512,32,1,4096,30.2507
512,32,1,8192,36.032
512,32,1,16384,41.4617
512,32,1,32768,53.6433
512,32,1,65536,73.867
512,32,1,131055,110.102
512,32,2,16,26.9333
512,32,2,32,27.189
512,32,2,64,27.37
512,32,2,128,27.2317
512,32,2,256,27.0723
512,32,2,512,28.3207
512,32,2,1024,28.896
512,32,2,2048,29.6963
512,32,2,4096,34.4317
512,32,2,8192,40.3947
512,32,2,16384,52.1813
512,32,2,32768,72.3207
512,32,2,65536,108.235
512,32,2,131055,182.176
512,32,4,16,27.392
512,32,4,32,27.4667
512,32,4,64,27.691
512,32,4,128,27.392
512,32,4,256,27.7643
512,32,4,512,28.8107
512,32,4,1024,29.8243
512,32,4,2048,32.864
512,32,4,4096,38.4967
512,32,4,8192,50.5177
512,32,4,16384,70.6453
512,32,4,32768,107.574
512,32,4,65536,179.744
512,32,4,131055,324.085
512,32,8,16,28.021
512,32,8,32,28.085
512,32,8,64,28.2467
512,32,8,128,28.4163
512,32,8,256,28.4377
512,32,8,512,30.048
512,32,8,1024,32.597
512,32,8,2048,38.5277
512,32,8,4096,50.272
512,32,8,8192,70.475
512,32,8,16384,107.008
512,32,8,32768,179.36
512,32,8,65536,322.251
512,32,8,131055,610.273
512,32,16,16,28.0857
512,32,16,32,27.4453
512,32,16,64,27.5947
512,32,16,128,27.946
512,32,16,256,29.7713
512,32,16,512,32.7463
512,32,16,1024,38.4323
512,32,16,2048,50.3253
512,32,16,4096,70.4103
512,32,16,8192,107.083
512,32,16,16384,178.57
512,32,16,32768,321.921
512,32,16,65536,608.769
512,32,16,131055,1183.24
512,32,32,16,30.102
512,32,32,32,30.1227
512,32,32,64,29.845
512,32,32,128,29.675
512,32,32,256,34.0163
512,32,32,512,39.797
512,32,32,1024,52.0327
512,32,32,2048,71.691
512,32,32,4096,107.776
512,32,32,8192,181.003
512,32,32,16384,330.123
512,32,32,32768,620.897
512,32,32,65536,1205.54
512,32,32,131055,2366.13
512,32,64,16,33.9413
512,32,64,32,33.6323
512,32,64,64,34.048
512,32,64,128,34.0697
512,32,64,256,41.045
512,32,64,512,52.8637
512,32,64,1024,73.131
512,32,64,2048,110.368
512,32,64,4096,183.349
512,32,64,8192,328.342
512,32,64,16384,629.687
512,32,64,32768,1214.97
512,32,64,65536,2407.76
512,32,64,131055,4823.76
512,64,0,0,20.9283
512,64,1,16,26.72
512,64,1,32,26.9657
512,64,1,64,27.104
512,64,1,128,26.923
512,64,1,256,26.9117
512,64,1,512,27.9677
512,64,1,1024,28.6187
512,64,1,2048,28.7577
512,64,1,4096,29.6213
512,64,1,8192,35.5953
512,64,1,16384,41.7173
512,64,1,32768,53.4933
512,64,1,65536,73.825
512,64,1,131055,109.888
512,64,2,16,27.3173
512,64,2,32,27.0503
512,64,2,64,26.965
512,64,2,128,27.2
512,64,2,256,27.3183
512,64,2,512,28.3193
512,64,2,1024,28.704
512,64,2,2048,29.824
512,64,2,4096,34.464
512,64,2,8192,40.2137
512,64,2,16384,52.256
512,64,2,32768,72.4797
512,64,2,65536,109.046
512,64,2,131055,182.646
512,64,4,16,27.446
512,64,4,32,27.3283
512,64,4,64,27.5407
512,64,4,128,27.4453
512,64,4,256,27.4133
512,64,4,512,29.0243
512,64,4,1024,29.8667
512,64,4,2048,32.6927
512,64,4,4096,38.2617
512,64,4,8192,50.6027
512,64,4,16384,71.0827
512,64,4,32768,106.635
512,64,4,65536,180.075
512,64,4,131055,323.286
512,64,8,16,28.021
512,64,8,32,28.0313
512,64,8,64,28.1277
512,64,8,128,28.2883
512,64,8,256,28.4483
512,64,8,512,29.9737
512,64,8,1024,32.2773
512,64,8,2048,38.379
512,64,8,4096,50.347
512,64,8,8192,70.5063
512,64,8,16384,107.328
512,64,8,32768,179.733
512,64,8,65536,322.197
512,64,8,131055,609.206
512,64,16,16,27.563
512,64,16,32,27.6483
512,64,16,64,27.723
512,64,16,128,27.7977
512,64,16,256,29.6007
512,64,16,512,32.5337
512,64,16,1024,38.4427
512,64,16,2048,50.5383
512,64,16,4096,70.859
512,64,16,8192,107.115
512,64,16,16384,179.296
512,64,16,32768,322.593
512,64,16,65536,609.654
512,64,16,131055,1184.59
512,64,32,16,29.9517
512,64,32,32,29.9843
512,64,32,64,29.813
512,64,32,128,29.9627
512,64,32,256,34.1763
512,64,32,512,39.4133
512,64,32,1024,51.4983
512,64,32,2048,71.702
512,64,32,4096,108.458
512,64,32,8192,181.75
512,64,32,16384,328.778
512,64,32,32768,620.491
512,64,32,65536,1202.84
512,64,32,131055,2364.54
512,64,64,16,33.9313
512,64,64,32,33.984
512,64,64,64,33.9527
512,64,64,128,33.7383
512,64,64,256,41.312
512,64,64,512,52.9387
512,64,64,1024,72.725
512,64,64,2048,110.336
512,64,64,4096,183.296
512,64,64,8192,329.163
512,64,64,16384,622.412
512,64,64,32768,1214.01
512,64,64,65536,2410.96
512,64,64,131055,4819.52
512,128,0,0,20.7363
512,128,1,16,26.8477
512,128,1,32,26.8587
512,128,1,64,26.8267
512,128,1,128,26.7517
512,128,1,256,27.0083
512,128,1,512,28.0747
512,128,1,1024,28.0527
512,128,1,2048,28.651
512,128,1,4096,29.398
512,128,1,8192,35.392
512,128,1,16384,41.3437
512,128,1,32768,53.675
512,128,1,65536,73.5147
512,128,1,131055,110.634
512,128,2,16,26.848
512,128,2,32,26.6983
512,128,2,64,27.0727
512,128,2,128,26.9127
512,128,2,256,27.0297
512,128,2,512,28.2663
512,128,2,1024,28.416
512,128,2,2048,29.206
512,128,2,4096,34.1543
512,128,2,8192,39.9997
512,128,2,16384,52.2353
512,128,2,32768,72.181
512,128,2,65536,108.714
512,128,2,131055,182.187
512,128,4,16,27.3497
512,128,4,32,27.328
512,128,4,64,27.168
512,128,4,128,27.3597
512,128,4,256,27.371
512,128,4,512,28.608
512,128,4,1024,29.5997
512,128,4,2048,32.7053
512,128,4,4096,38.1333
512,128,4,8192,50.5067
512,128,4,16384,70.912
512,128,4,32768,107.265
512,128,4,65536,179.627
512,128,4,131055,323.616
512,128,8,16,27.69
512,128,8,32,27.851
512,128,8,64,27.7547
512,128,8,128,27.7973
512,128,8,256,28.3737
512,128,8,512,30.0913
512,128,8,1024,32.3417
512,128,8,2048,38.3043
512,128,8,4096,50.1657
512,128,8,8192,70.411
512,128,8,16384,107.222
512,128,8,32768,179.926
512,128,8,65536,322.347
512,128,8,131055,610.678
512,128,16,16,27.2
512,128,16,32,27.072
512,128,16,64,27.382
512,128,16,128,27.638
512,128,16,256,29.3223
512,128,16,512,32.0747
512,128,16,1024,38.3367
512,128,16,2048,49.952
512,128,16,4096,70.5063
512,128,16,8192,106.837
512,128,16,16384,178.731
512,128,16,32768,322.177
512,128,16,65536,609.985
512,128,16,131055,1182.32
512,128,32,16,30.027
512,128,32,32,30.0373
512,128,32,64,29.696
512,128,32,128,29.7177
512,128,32,256,33.7173
512,128,32,512,39.7227
512,128,32,1024,51.2537
512,128,32,2048,71.3813
512,128,32,4096,107.968
512,128,32,8192,180.512
512,128,32,16384,325.792
512,128,32,32768,620.769
512,128,32,65536,1202.15
512,128,32,131055,2364.17
512,128,64,16,33.5993
512,128,64,32,33.3653
512,128,64,64,33.5257
512,128,64,128,34.0587
512,128,64,256,40.522
512,128,64,512,52.5863
512,128,64,1024,73.2907
512,128,64,2048,109.91
512,128,64,4096,183.339
512,128,64,8192,327.948
512,128,64,16384,621.974
512,128,64,32768,1201.85
512,128,64,65536,2417.21
512,128,64,131055,4805.85
512,256,0,0,22.496
512,256,1,16,28.395
512,256,1,32,28.384
512,256,1,64,28.619
512,256,1,128,28.4163
512,256,1,256,28.256
512,256,1,512,29.377
512,256,1,1024,30.0923
512,256,1,2048,30.048
512,256,1,4096,31.0827
512,256,1,8192,37.162
512,256,1,16384,43.1257
512,256,1,32768,54.603
512,256,1,65536,74.773
512,256,1,131055,112.202
512,256,2,16,28.4797
512,256,2,32,28.298
512,256,2,64,28.1167
512,256,2,128,28.4903
512,256,2,256,28.6187
512,256,2,512,29.579
512,256,2,1024,29.8133
512,256,2,2048,31.0397
512,256,2,4096,35.776
512,256,2,8192,41.472
512,256,2,16384,53.5353
512,256,2,32768,73.2803
512,256,2,65536,111.338
512,256,2,131055,183.585
512,256,4,16,28.7897
512,256,4,32,28.7363
512,256,4,64,28.9497
512,256,4,128,28.8107
512,256,4,256,28.896
512,256,4,512,30.4313
512,256,4,1024,31.296
512,256,4,2048,33.824
512,256,4,4096,39.9357
512,256,4,8192,51.6373
512,256,4,16384,71.595
512,256,4,32768,109.408
512,256,4,65536,181.9
512,256,4,131055,324.076
512,256,8,16,29.5577
512,256,8,32,29.3547
512,256,8,64,29.3857
512,256,8,128,29.6967
512,256,8,256,29.8137
512,256,8,512,31.275
512,256,8,1024,33.7927
512,256,8,2048,40.224
512,256,8,4096,51.637
512,256,8,8192,71.7877
512,256,8,16384,109.835
512,256,8,32768,181.43
512,256,8,65536,324.939
512,256,8,131055,610.337
512,256,16,16,28.9387
512,256,16,32,28.832
512,256,16,64,29.077
512,256,16,128,29.0137
512,256,16,256,30.9867
512,256,16,512,33.7803
512,256,16,1024,39.819
512,256,16,2048,51.435
512,256,16,4096,71.562
512,256,16,8192,108.64
512,256,16,16384,181.003
512,256,16,32768,323.989
512,256,16,65536,611.276
512,256,16,131055,1181.67
512,256,32,16,31.2207
512,256,32,32,31.168
512,256,32,64,31.3177
512,256,32,128,31.2857
512,256,32,256,35.616
512,256,32,512,41.0883
512,256,32,1024,52.7043
512,256,32,2048,73.1313
512,256,32,4096,109.921
512,256,32,8192,181.974
512,256,32,16384,329.91
512,256,32,32768,620.95
512,256,32,65536,1205.9
512,256,32,131055,2366.9
512,256,64,16,35.2853
512,256,64,32,35.2427
512,256,64,64,35.275
512,256,64,128,35.0827
512,256,64,256,42.603
512,256,64,512,54.219
512,256,64,1024,74.593
512,256,64,2048,111.552
512,256,64,4096,185.334
512,256,64,8192,330.624
512,256,64,16384,625.164
512,256,64,32768,1215.01
512,256,64,65536,2407.62
512,256,64,131055,4830.47
512,512,0,0,25.451
512,512,1,16,31.9257
512,512,1,32,31.6693
512,512,1,64,31.4777
512,512,1,128,31.605
512,512,1,256,31.7117
512,512,1,512,32.8107
512,512,1,1024,32.7257
512,512,1,2048,33.4933
512,512,1,4096,34.347
512,512,1,8192,39.9783
512,512,1,16384,45.9947
512,512,1,32768,58.5073
512,512,1,65536,78.539
512,512,1,131055,115.456
512,512,2,16,31.2953
512,512,2,32,31.659
512,512,2,64,31.7333
512,512,2,128,31.819
512,512,2,256,31.5413
512,512,2,512,32.9593
512,512,2,1024,33.2793
512,512,2,2048,34.368
512,512,2,4096,39.1467
512,512,2,8192,44.9067
512,512,2,16384,56.8107
512,512,2,32768,76.7367
512,512,2,65536,114.326
512,512,2,131055,185.782
512,512,4,16,32.074
512,512,4,32,31.9147
512,512,4,64,32.0323
512,512,4,128,32.107
512,512,4,256,32.4697
512,512,4,512,33.4187
512,512,4,1024,34.4857
512,512,4,2048,37.1947
512,512,4,4096,43.1143
512,512,4,8192,54.8907
512,512,4,16384,75.1363
512,512,4,32768,111.69
512,512,4,65536,185.056
512,512,4,131055,328.768
512,512,8,16,32.427
512,512,8,32,32.566
512,512,8,64,32.6407
512,512,8,128,32.726
512,512,8,256,32.96
512,512,8,512,34.5813
512,512,8,1024,37.0453
512,512,8,2048,43.1363
512,512,8,4096,54.763
512,512,8,8192,75.1357
512,512,8,16384,111.83
512,512,8,32768,183.264
512,512,8,65536,326.699
512,512,8,131055,613.11
512,512,16,16,32.1493
512,512,16,32,32.0847
512,512,16,64,32.0743
512,512,16,128,32.7357
512,512,16,256,34.2723
512,512,16,512,37.205
512,512,16,1024,43.0827
512,512,16,2048,54.8157
512,512,16,4096,75.0937
512,512,16,8192,111.488
512,512,16,16384,184.704
512,512,16,32768,327.158
512,512,16,65536,614.07
512,512,16,131055,1184.29
512,512,32,16,34.7303
512,512,32,32,34.677
512,512,32,64,34.592
512,512,32,128,34.4853
512,512,32,256,38.678
512,512,32,512,44.5753
512,512,32,1024,56.1393
512,512,32,2048,76.598
512,512,32,4096,112.842
512,512,32,8192,186.539
512,512,32,16384,331.969
512,512,32,32768,623.713
512,512,32,65536,1210.46
512,512,32,131055,2370.47
512,512,64,16,38.592
512,512,64,32,38.1553
512,512,64,64,38.5813
512,512,64,128,38.3997
512,512,64,256,45.995
512,512,64,512,57.1957
512,512,64,1024,77.622
512,512,64,2048,115.435
512,512,64,4096,187.584
512,512,64,8192,336.875
512,512,64,16384,624.907
512,512,64,32768,1216.2
512,512,64,65536,2433.49
512,512,64,131055,4827.87
512,1024,0,0,32.203
512,1024,1,16,38.07
512,1024,1,32,38.208
512,1024,1,64,38.357
512,1024,1,128,38.176
512,1024,1,256,38.1013
512,1024,1,512,38.1973
512,1024,1,1024,39.68
512,1024,1,2048,39.9463
512,1024,1,4096,40.9807
512,1024,1,8192,46.955
512,1024,1,16384,53.12
512,1024,1,32768,64.7573
512,1024,1,65536,84.3737
512,1024,1,131055,121.984
512,1024,2,16,38.389
512,1024,2,32,38.4
512,1024,2,64,38.2083
512,1024,2,128,38.336
512,1024,2,256,38.5393
512,1024,2,512,38.368
512,1024,2,1024,39.6703
512,1024,2,2048,40.694
512,1024,2,4096,45.3333
512,1024,2,8192,51.371
512,1024,2,16384,63.2537
512,1024,2,32768,83.6587
512,1024,2,65536,120.715
512,1024,2,131055,192.896
512,1024,4,16,38.7527
512,1024,4,32,39.0937
512,1024,4,64,38.8907
512,1024,4,128,38.7097
512,1024,4,256,38.9653
512,1024,4,512,39.3383
512,1024,4,1024,40.6937
512,1024,4,2048,43.4887
512,1024,4,4096,49.6853
512,1024,4,8192,61.5787
512,1024,4,16384,81.472
512,1024,4,32768,118.731
512,1024,4,65536,191.392
512,1024,4,131055,334.934
512,1024,8,16,39.04
512,1024,8,32,38.9543
512,1024,8,64,39.2963
512,1024,8,128,39.264
512,1024,8,256,39.7013
512,1024,8,512,41.2477
512,1024,8,1024,43.6483
512,1024,8,2048,49.8777
512,1024,8,4096,61.7813
512,1024,8,8192,81.696
512,1024,8,16384,118.101
512,1024,8,32768,190.091
512,1024,8,65536,333.153
512,1024,8,131055,618.241
512,1024,16,16,38.6453
512,1024,16,32,38.634
512,1024,16,64,38.8053
512,1024,16,128,39.082
512,1024,16,256,40.6613
512,1024,16,512,43.797
512,1024,16,1024,49.5993
512,1024,16,2048,61.2363
512,1024,16,4096,81.5257
512,1024,16,8192,117.91
512,1024,16,16384,189.931
512,1024,16,32768,334.144
512,1024,16,65536,621.942
512,1024,16,131055,1193.15
512,1024,32,16,40.9707
512,1024,32,32,40.896
512,1024,32,64,40.9177
512,1024,32,128,41.1417
512,1024,32,256,45.269
512,1024,32,512,50.9543
512,1024,32,1024,62.4317
512,1024,32,2048,83.0507
512,1024,32,4096,119.093
512,1024,32,8192,193.781
512,1024,32,16384,339.392
512,1024,32,32768,631.202
512,1024,32,65536,1211.02
512,1024,32,131055,2371.93
512,1024,64,16,44.8433
512,1024,64,32,45.1627
512,1024,64,64,45.1097
512,1024,64,128,44.9923
512,1024,64,256,52.3943
512,1024,64,512,64.2457
512,1024,64,1024,84.3843
512,1024,64,2048,121.621
512,1024,64,4096,195.211
512,1024,64,8192,341.59
512,1024,64,16384,635.916
512,1024,64,32768,1239.35
512,1024,64,65536,2413.96
512,1024,64,131055,4812.67
512,2048,0,0,44.971
512,2048,1,16,51.2433
512,2048,1,32,50.9763
512,2048,1,64,51.1673
512,2048,1,128,51.0723
512,2048,1,256,51.1043
512,2048,1,512,51.1577
512,2048,1,1024,51.52
512,2048,1,2048,52.853
512,2048,1,4096,53.6853
512,2048,1,8192,59.67
512,2048,1,16384,65.8997
512,2048,1,32768,77.387
512,2048,1,65536,97.9517
512,2048,1,131055,134.475
512,2048,2,16,51.243
512,2048,2,32,51.317
512,2048,2,64,51.317
512,2048,2,128,51.243
512,2048,2,256,51.3607
512,2048,2,512,51.478
512,2048,2,1024,51.989
512,2048,2,2048,53.6643
512,2048,2,4096,58.08
512,2048,2,8192,64.3733
512,2048,2,16384,75.936
512,2048,2,32768,96.0647
512,2048,2,65536,132.256
512,2048,2,131055,206.625
512,2048,4,16,51.9887
512,2048,4,32,52.2237
512,2048,4,64,52.1607
512,2048,4,128,52.0533
512,2048,4,256,52.1713
512,2048,4,512,52.5333
512,2048,4,1024,54.2413
512,2048,4,2048,56.9277
512,2048,4,4096,62.6993
512,2048,4,8192,74.2723
512,2048,4,16384,94.422
512,2048,4,32768,131.371
512,2048,4,65536,203.349
512,2048,4,131055,348.043
512,2048,8,16,51.7223
512,2048,8,32,52.0427
512,2048,8,64,52.0647
512,2048,8,128,52.2667
512,2048,8,256,52.2777
512,2048,8,512,53.834
512,2048,8,1024,56.416
512,2048,8,2048,62.6567
512,2048,8,4096,74.3257
512,2048,8,8192,94.816
512,2048,8,16384,130.827
512,2048,8,32768,204.086
512,2048,8,65536,346.742
512,2048,8,131055,632.502
512,2048,16,16,51.4987
512,2048,16,32,51.3597
512,2048,16,64,51.4453
512,2048,16,128,51.978
512,2048,16,256,53.76
512,2048,16,512,56.288
512,2048,16,1024,62.571
512,2048,16,2048,73.931
512,2048,16,4096,94.518
512,2048,16,8192,131.104
512,2048,16,16384,202.443
512,2048,16,32768,347.19
512,2048,16,65536,634.028
512,2048,16,131055,1205.2
512,2048,32,16,54.1877
512,2048,32,32,54.005
512,2048,32,64,53.8027
512,2048,32,128,53.7813
512,2048,32,256,58.2727
512,2048,32,512,64.117
512,2048,32,1024,75.872
512,2048,32,2048,95.1793
512,2048,32,4096,132.053
512,2048,32,8192,204.096
512,2048,32,16384,351.851
512,2048,32,32768,644.822
512,2048,32,65536,1226.5
512,2048,32,131055,2390.38
512,2048,64,16,57.6747
512,2048,64,32,57.6323
512,2048,64,64,57.9837
512,2048,64,128,57.7393
512,2048,64,256,65.579
512,2048,64,512,77.1197
512,2048,64,1024,96.9383
512,2048,64,2048,134.091
512,2048,64,4096,206.987
512,2048,64,8192,353.719
512,2048,64,16384,655.148
512,2048,64,32768,1250.95
512,2048,64,65536,2444.26
512,2048,64,131055,4850.07
512,4096,0,0,70.4323
512,4096,1,16,76.6293
512,4096,1,32,76.619
512,4096,1,64,76.9063
512,4096,1,128,76.7573
512,4096,1,256,76.7893
512,4096,1,512,76.96
512,4096,1,1024,77.3867
512,4096,1,2048,77.515
512,4096,1,4096,79.413
512,4096,1,8192,85.6747
512,4096,1,16384,92.1817
512,4096,1,32768,102.88
512,4096,1,65536,123.382
512,4096,1,131055,159.872
512,4096,2,16,78.155
512,4096,2,32,77.952
512,4096,2,64,78.272
512,4096,2,128,78.3367
512,4096,2,256,78.774
512,4096,2,512,78.9127
512,4096,2,1024,79.9893
512,4096,2,2048,81.5147
512,4096,2,4096,84.6293
512,4096,2,8192,91.0397
512,4096,2,16384,101.6
512,4096,2,32768,121.611
512,4096,2,65536,158.667
512,4096,2,131055,232.907
512,4096,4,16,77.7493
512,4096,4,32,77.9303
512,4096,4,64,77.8773
512,4096,4,128,77.654
512,4096,4,256,77.664
512,4096,4,512,78.4213
512,4096,4,1024,80.2237
512,4096,4,2048,82.7203
512,4096,4,4096,88.9277
512,4096,4,8192,100.043
512,4096,4,16384,120.501
512,4096,4,32768,157.611
512,4096,4,65536,229.9
512,4096,4,131055,374.368
512,4096,8,16,77.792
512,4096,8,32,77.6317
512,4096,8,64,77.8453
512,4096,8,128,77.9203
512,4096,8,256,77.9837
512,4096,8,512,79.5523
512,4096,8,1024,82.5277
512,4096,8,2048,89.0033
512,4096,8,4096,99.9563
512,4096,8,8192,119.744
512,4096,8,16384,156.971
512,4096,8,32768,228.246
512,4096,8,65536,372.811
512,4096,8,131055,659.105
512,4096,16,16,77.216
512,4096,16,32,77.4193
512,4096,16,64,77.2593
512,4096,16,128,77.3657
512,4096,16,256,79.5307
512,4096,16,512,82.2937
512,4096,16,1024,88.8537
512,4096,16,2048,99.968
512,4096,16,4096,119.84
512,4096,16,8192,156.971
512,4096,16,16384,228.63
512,4096,16,32768,371.691
512,4096,16,65536,659.233
512,4096,16,131055,1233.46
512,4096,32,16,79.5307
512,4096,32,32,79.68
512,4096,32,64,79.5413
512,4096,32,128,79.5633
512,4096,32,256,84
512,4096,32,512,89.962
512,4096,32,1024,101.034
512,4096,32,2048,120.939
512,4096,32,4096,157.995
512,4096,32,8192,229.334
512,4096,32,16384,378.198
512,4096,32,32768,667.542
512,4096,32,65536,1253.32
512,4096,32,131055,2417.65
512,4096,64,16,83.392
512,4096,64,32,83.765
512,4096,64,64,83.4887
512,4096,64,128,83.4773
512,4096,64,256,91.4563
512,4096,64,512,102.859
512,4096,64,1024,122.155
512,4096,64,2048,159.381
512,4096,64,4096,232.193
512,4096,64,8192,377.27
512,4096,64,16384,675.819
512,4096,64,32768,1263
512,4096,64,65536,2473.92
512,4096,64,131055,4872.34
512,8192,0,0,122.176
512,8192,1,16,134.901
512,8192,1,32,134.838
512,8192,1,64,134.571
512,8192,1,128,134.944
512,8192,1,256,135.221
512,8192,1,512,135.286
512,8192,1,1024,135.766
512,8192,1,2048,137.483
512,8192,1,4096,140.256
512,8192,1,8192,142.859
512,8192,1,16384,145.707
512,8192,1,32768,158.389
512,8192,1,65536,178.667
512,8192,1,131055,214.902
512,8192,2,16,134.956
512,8192,2,32,134.848
512,8192,2,64,134.891
512,8192,2,128,134.72
512,8192,2,256,134.774
512,8192,2,512,135.349
512,8192,2,1024,136.502
512,8192,2,2048,138.442
512,8192,2,4096,141.621
512,8192,2,8192,142.442
512,8192,2,16384,155.882
512,8192,2,32768,175.713
512,8192,2,65536,214.176
512,8192,2,131055,286.848
512,8192,4,16,134.709
512,8192,4,32,134.38
512,8192,4,64,134.806
512,8192,4,128,134.944
512,8192,4,256,135.082
512,8192,4,512,135.499
512,8192,4,1024,132.054
512,8192,4,2048,136.693
512,8192,4,4096,140.843
512,8192,4,8192,155.712
512,8192,4,16384,175.274
512,8192,4,32768,212.042
512,8192,4,65536,284.203
512,8192,4,131055,429.601
512,8192,8,16,135.179
512,8192,8,32,135.36
512,8192,8,64,134.816
512,8192,8,128,135.445
512,8192,8,256,135.467
512,8192,8,512,138.677
512,8192,8,1024,141.067
512,8192,8,2048,145.579
512,8192,8,4096,156.086
512,8192,8,8192,175.125
512,8192,8,16384,209.685
512,8192,8,32768,283.669
512,8192,8,65536,428
512,8192,8,131055,713.153
512,8192,16,16,133.013
512,8192,16,32,133.27
512,8192,16,64,133.281
512,8192,16,128,133.269
512,8192,16,256,136.768
512,8192,16,512,139.701
512,8192,16,1024,144.363
512,8192,16,2048,155.509
512,8192,16,4096,174.966
512,8192,16,8192,211.904
512,8192,16,16384,283.936
512,8192,16,32768,427.307
512,8192,16,65536,715.767
512,8192,16,131055,1287.25
512,8192,32,16,135.882
512,8192,32,32,135.915
512,8192,32,64,136.021
512,8192,32,128,136.577
512,8192,32,256,141.27
512,8192,32,512,143.883
512,8192,32,1024,154.305
512,8192,32,2048,172.767
512,8192,32,4096,209.43
512,8192,32,8192,283.605
512,8192,32,16384,432.715
512,8192,32,32768,724.31
512,8192,32,65536,1299.91
512,8192,32,131055,2462.46
512,8192,64,16,140.053
512,8192,64,32,136.331
512,8192,64,64,138.154
512,8192,64,128,137.036
512,8192,64,256,143.211
512,8192,64,512,155.723
512,8192,64,1024,179.627
512,8192,64,2048,214.998
512,8192,64,4096,286.838
512,8192,64,8192,433.75
512,8192,64,16384,730.22
512,8192,64,32768,1320.57
512,8192,64,65536,2529.36
512,8192,64,131055,4925.08
512,16384,0,0,224.16
512,16384,1,16,236.597
512,16384,1,32,237.43
512,16384,1,64,236.683
512,16384,1,128,236.918
512,16384,1,256,237.312
512,16384,1,512,236.928
512,16384,1,1024,238.017
512,16384,1,2048,239.446
512,16384,1,4096,240.363
512,16384,1,8192,243.915
512,16384,1,16384,247.722
512,16384,1,32768,258.401
512,16384,1,65536,278.134
512,16384,1,131055,313.814
512,16384,2,16,236.95
512,16384,2,32,236.491
512,16384,2,64,236.875
512,16384,2,128,237.089
512,16384,2,256,237.462
512,16384,2,512,237.931
512,16384,2,1024,237.781
512,16384,2,2048,239.445
512,16384,2,4096,242.295
512,16384,2,8192,246.518
512,16384,2,16384,256.427
512,16384,2,32768,276.992
512,16384,2,65536,312.469
512,16384,2,131055,385.76
512,16384,4,16,237.184
512,16384,4,32,236.598
512,16384,4,64,237.11
512,16384,4,128,236.801
512,16384,4,256,237.003
512,16384,4,512,236.693
512,16384,4,1024,239.669
512,16384,4,2048,241.227
512,16384,4,4096,243.873
512,16384,4,8192,255.04
512,16384,4,16384,275.03
512,16384,4,32768,311.328
512,16384,4,65536,383.169
512,16384,4,131055,526.263
512,16384,8,16,237.61
512,16384,8,32,237.377
512,16384,8,64,237.344
512,16384,8,128,237.174
512,16384,8,256,237.28
512,16384,8,512,240.214
512,16384,8,1024,241.366
512,16384,8,2048,245.515
512,16384,8,4096,254.955
512,16384,8,8192,274.901
512,16384,8,16384,310.955
512,16384,8,32768,380.96
512,16384,8,65536,526.646
512,16384,8,131055,812.79
512,16384,16,16,234.73
512,16384,16,32,235.083
512,16384,16,64,235.809
512,16384,16,128,235.477
512,16384,16,256,238.25
512,16384,16,512,240.032
512,16384,16,1024,244.683
512,16384,16,2048,254.485
512,16384,16,4096,274.838
512,16384,16,8192,311.052
512,16384,16,16384,381.898
512,16384,16,32768,525.601
512,16384,16,65536,811.916
512,16384,16,131055,1385.75
512,16384,32,16,238.177
512,16384,32,32,237.91
512,16384,32,64,237.899
512,16384,32,128,238.037
512,16384,32,256,241.761
512,16384,32,512,247.169
512,16384,32,1024,256.309
512,16384,32,2048,274.838
512,16384,32,4096,311.851
512,16384,32,8192,384.353
512,16384,32,16384,533.558
512,16384,32,32768,826.967
512,16384,32,65536,1406.85
512,16384,32,131055,2570.98
512,16384,64,16,241.921
512,16384,64,32,242.091
512,16384,64,64,241.76
512,16384,64,128,242.005
512,16384,64,256,250.944
512,16384,64,512,259.872
512,16384,64,1024,277.825
512,16384,64,2048,312.213
512,16384,64,4096,386.209
512,16384,64,8192,532.342
512,16384,64,16384,824.171
512,16384,64,32768,1422.76
512,16384,64,65536,2619.65
512,16384,64,131055,5020.85
512,32768,0,0,418.668
512,32768,1,16,432.299
512,32768,1,32,431.809
512,32768,1,64,431.659
512,32768,1,128,431.542
512,32768,1,256,431.883
512,32768,1,512,431.958
512,32768,1,1024,431.605
512,32768,1,2048,433.91
512,32768,1,4096,436.598
512,32768,1,8192,438.753
512,32768,1,16384,443.019
512,32768,1,32768,451.456
512,32768,1,65536,470.572
512,32768,1,131055,506.144
512,32768,2,16,432
512,32768,2,32,431.681
512,32768,2,64,432.726
512,32768,2,128,431.702
512,32768,2,256,431.531
512,32768,2,512,432.822
512,32768,2,1024,433.505
512,32768,2,2048,434.549
512,32768,2,4096,437.291
512,32768,2,8192,442.112
512,32768,2,16384,451.168
512,32768,2,32768,469.546
512,32768,2,65536,504.087
512,32768,2,131055,576.97
512,32768,4,16,431.456
512,32768,4,32,432.299
512,32768,4,64,431.68
512,32768,4,128,431.67
512,32768,4,256,432.309
512,32768,4,512,431.638
512,32768,4,1024,434.732
512,32768,4,2048,436.384
512,32768,4,4096,439.83
512,32768,4,8192,448.928
512,32768,4,16384,466.625
512,32768,4,32768,502.421
512,32768,4,65536,574.219
512,32768,4,131055,717.419
512,32768,8,16,431.766
512,32768,8,32,431.456
512,32768,8,64,432.342
512,32768,8,128,431.211
512,32768,8,256,431.904
512,32768,8,512,433.931
512,32768,8,1024,436.054
512,32768,8,2048,440.609
512,32768,8,4096,449.163
512,32768,8,8192,467.318
512,32768,8,16384,501.142
512,32768,8,32768,572.928
512,32768,8,65536,715.894
512,32768,8,131055,1003.24
512,32768,16,16,430.091
512,32768,16,32,429.536
512,32768,16,64,429.504
512,32768,16,128,429.526
512,32768,16,256,432.823
512,32768,16,512,434.806
512,32768,16,1024,439.285
512,32768,16,2048,448.704
512,32768,16,4096,467.926
512,32768,16,8192,502.625
512,32768,16,16384,573.942
512,32768,16,32768,719.008
512,32768,16,65536,1004.63
512,32768,16,131055,1575.84
512,32768,32,16,432.235
512,32768,32,32,432.896
512,32768,32,64,432.501
512,32768,32,128,432.555
512,32768,32,256,435.733
512,32768,32,512,442.145
512,32768,32,1024,450.592
512,32768,32,2048,469.057
512,32768,32,4096,504.096
512,32768,32,8192,575.435
512,32768,32,16384,719.339
512,32768,32,32768,1014.18
512,32768,32,65536,1594.25
512,32768,32,131055,2748.49
512,32768,64,16,436.662
512,32768,64,32,436.299
512,32768,64,64,436.811
512,32768,64,128,436.502
512,32768,64,256,444.822
512,32768,64,512,454.412
512,32768,64,1024,470.604
512,32768,64,2048,507.819
512,32768,64,4096,581.643
512,32768,64,8192,729.472
512,32768,64,16384,1024.58
512,32768,64,32768,1609.6
512,32768,64,65536,2818.44
512,32768,64,131055,5219.74
512,65536,0,0,800.747
512,65536,1,16,813.014
512,65536,1,32,813.601
512,65536,1,64,814.155
512,65536,1,128,814.038
512,65536,1,256,813.014
512,65536,1,512,814.285
512,65536,1,1024,814.593
512,65536,1,2048,815.968
512,65536,1,4096,817.078
512,65536,1,8192,820.439
512,65536,1,16384,825.313
512,65536,1,32768,833.387
512,65536,1,65536,852.351
512,65536,1,131055,888.395
512,65536,2,16,814.006
512,65536,2,32,813.781
512,65536,2,64,813.398
512,65536,2,128,814.145
512,65536,2,256,813.814
512,65536,2,512,814.113
512,65536,2,1024,814.432
512,65536,2,2048,816.705
512,65536,2,4096,819.083
512,65536,2,8192,823.403
512,65536,2,16384,833.483
512,65536,2,32768,851.052
512,65536,2,65536,885.686
512,65536,2,131055,956.363
512,65536,4,16,813.953
512,65536,4,32,813.76
512,65536,4,64,813.675
512,65536,4,128,813.879
512,65536,4,256,813.323
512,65536,4,512,813.643
512,65536,4,1024,816.576
512,65536,4,2048,818.23
512,65536,4,4096,820.566
512,65536,4,8192,829.622
512,65536,4,16384,849.707
512,65536,4,32768,884.214
512,65536,4,65536,955.339
512,65536,4,131055,1098.89
512,65536,8,16,813.878
512,65536,8,32,813.772
512,65536,8,64,813.174
512,65536,8,128,814.496
512,65536,8,256,813.59
512,65536,8,512,817.142
512,65536,8,1024,817.643
512,65536,8,2048,822.432
512,65536,8,4096,831.52
512,65536,8,8192,849.226
512,65536,8,16384,883.775
512,65536,8,32768,954.881
512,65536,8,65536,1095.97
512,65536,8,131055,1384.24
512,65536,16,16,811.841
512,65536,16,32,812.15
512,65536,16,64,812.481
512,65536,16,128,812.395
512,65536,16,256,814.839
512,65536,16,512,817.142
512,65536,16,1024,822.027
512,65536,16,2048,831.115
512,65536,16,4096,849.366
512,65536,16,8192,884.458
512,65536,16,16384,953.857
512,65536,16,32768,1097.05
512,65536,16,65536,1384.43
512,65536,16,131055,1955.27
512,65536,32,16,815.222
512,65536,32,32,815.116
512,65536,32,64,816.853
512,65536,32,128,817.483
512,65536,32,256,820.458
512,65536,32,512,826.422
512,65536,32,1024,835.51
512,65536,32,2048,853.494
512,65536,32,4096,887.36
512,65536,32,8192,959.702
512,65536,32,16384,1107.14
512,65536,32,32768,1397.85
512,65536,32,65536,1975.67
512,65536,32,131055,3139.03
512,65536,64,16,821.184
512,65536,64,32,821.355
512,65536,64,64,821.867
512,65536,64,128,821.142
512,65536,64,256,828.789
512,65536,64,512,839.415
512,65536,64,1024,856.363
512,65536,64,2048,890.763
512,65536,64,4096,963.692
512,65536,64,8192,1110.34
512,65536,64,16384,1409.97
512,65536,64,32768,2003.37
512,65536,64,65536,3197.79
512,65536,64,131055,5594.05
1024,0,0,0,30.091
1024,0,1,16,36.373
1024,0,1,32,36.4373
1024,0,1,64,36.257
1024,0,1,128,36.3843
1024,0,1,256,36.5863
1024,0,1,512,37.5893
1024,0,1,1024,37.9737
1024,0,1,2048,38.1013
1024,0,1,4096,39.3387
1024,0,1,8192,45.3547
1024,0,1,16384,52.1813
1024,0,1,32768,64.235
1024,0,1,65536,86.8153
1024,0,1,131055,123.616
1024,0,2,16,36.0853
1024,0,2,32,36.1813
1024,0,2,64,36.6507
1024,0,2,128,36.3513
1024,0,2,256,36.2027
1024,0,2,512,37.611
1024,0,2,1024,37.9307
1024,0,2,2048,38.965
1024,0,2,4096,44.3953
1024,0,2,8192,50.411
1024,0,2,16384,63.2103
1024,0,2,32768,85.067
1024,0,2,65536,122.581
1024,0,2,131055,194.763
1024,0,4,16,36.5653
1024,0,4,32,36.3943
1024,0,4,64,36.395
1024,0,4,128,36.4587
1024,0,4,256,36.6937
1024,0,4,512,37.813
1024,0,4,1024,39.1467
1024,0,4,2048,42.2503
1024,0,4,4096,48.8747
1024,0,4,8192,61.259
1024,0,4,16384,82.9333
1024,0,4,32768,120.47
1024,0,4,65536,193.835
1024,0,4,131055,336.085
1024,0,8,16,37.3227
1024,0,8,32,37.398
1024,0,8,64,37.4827
1024,0,8,128,37.557
1024,0,8,256,37.824
1024,0,8,512,39.243
1024,0,8,1024,42.1227
1024,0,8,2048,48.9923
1024,0,8,4096,61.2487
1024,0,8,8192,83.1467
1024,0,8,16384,119.872
1024,0,8,32768,192.682
1024,0,8,65536,335.137
1024,0,8,131055,623.136
1024,0,16,16,36.9707
1024,0,16,32,36.9917
1024,0,16,64,36.9703
1024,0,16,128,37.1627
1024,0,16,256,39.1567
1024,0,16,512,42.037
1024,0,16,1024,48.8423
1024,0,16,2048,61.1517
1024,0,16,4096,83.3497
1024,0,16,8192,120.619
1024,0,16,16384,192.48
1024,0,16,32768,335.904
1024,0,16,65536,621.59
1024,0,16,131055,1193.91
1024,0,32,16,39.2643
1024,0,32,32,39.2967
1024,0,32,64,39.168
1024,0,32,128,38.8907
1024,0,32,256,43.5837
1024,0,32,512,49.6963
1024,0,32,1024,62.7203
1024,0,32,2048,84.2667
1024,0,32,4096,121.173
1024,0,32,8192,193.322
1024,0,32,16384,344.331
1024,0,32,32768,629.088
1024,0,32,65536,1214.09
1024,0,32,131055,2375.22
1024,0,64,16,43.6487
1024,0,64,32,43.253
1024,0,64,64,43.36
1024,0,64,128,43.3283
1024,0,64,256,51.413
1024,0,64,512,64.2667
1024,0,64,1024,85.6533
1024,0,64,2048,123.264
1024,0,64,4096,196.651
1024,0,64,8192,342.538
1024,0,64,16384,633.355
1024,0,64,32768,1225.07
1024,0,64,65536,2421.55
1024,0,64,131055,4820.79
1024,16,0,0,32.096
1024,16,1,16,38.41
1024,16,1,32,38.2833
1024,16,1,64,38.6243
1024,16,1,128,38.4
1024,16,1,256,38.3573
1024,16,1,512,38.4
1024,16,1,1024,39.8407
1024,16,1,2048,40.2023
1024,16,1,4096,41.0777
1024,16,1,8192,47.297
1024,16,1,16384,54.3893
1024,16,1,32768,66.752
1024,16,1,65536,88.16
1024,16,1,131055,125.845
1024,16,2,16,38.432
1024,16,2,32,38.4103
1024,16,2,64,38.208
1024,16,2,128,38.3563
1024,16,2,256,38.3887
1024,16,2,512,38.5063
1024,16,2,1024,39.9043
1024,16,2,2048,40.9713
1024,16,2,4096,46.1977
1024,16,2,8192,52.6293
1024,16,2,16384,64.8747
1024,16,2,32768,87.1147
1024,16,2,65536,124.768
1024,16,2,131055,196.938
1024,16,4,16,38.752
1024,16,4,32,38.805
1024,16,4,64,38.955
1024,16,4,128,39.1253
1024,16,4,256,39.061
1024,16,4,512,39.552
1024,16,4,1024,41.2793
1024,16,4,2048,44.1697
1024,16,4,4096,50.8477
1024,16,4,8192,63.1253
1024,16,4,16384,85.0773
1024,16,4,32768,122.102
1024,16,4,65536,195.051
1024,16,4,131055,338.581
1024,16,8,16,39.4767
1024,16,8,32,39.403
1024,16,8,64,39.265
1024,16,8,128,39.6477
1024,16,8,256,39.8293
1024,16,8,512,41.4723
1024,16,8,1024,44.2777
1024,16,8,2048,51.2527
1024,16,8,4096,63.254
1024,16,8,8192,85.1523
1024,16,8,16384,122.4
1024,16,8,32768,195.2
1024,16,8,65536,338.443
1024,16,8,131055,624.737
1024,16,16,16,38.7517
1024,16,16,32,38.912
1024,16,16,64,38.8687
1024,16,16,128,39.3173
1024,16,16,256,41.1097
1024,16,16,512,44.2773
1024,16,16,1024,50.8693
1024,16,16,2048,62.912
1024,16,16,4096,85.4617
1024,16,16,8192,122.368
1024,16,16,16384,194.773
1024,16,16,32768,338.326
1024,16,16,65536,624.768
1024,16,16,131055,1197.22
1024,16,32,16,41.0667
1024,16,32,32,41.109
1024,16,32,64,40.928
1024,16,32,128,41.078
1024,16,32,256,45.7497
1024,16,32,512,51.8827
1024,16,32,1024,64.2453
1024,16,32,2048,86.3467
1024,16,32,4096,123.701
1024,16,32,8192,197.174
1024,16,32,16384,345.718
1024,16,32,32768,637.087
1024,16,32,65536,1218.4
1024,16,32,131055,2374.83
1024,16,64,16,45.3123
1024,16,64,32,45.2053
1024,16,64,64,45.1627
1024,16,64,128,45.2377
1024,16,64,256,53.1953
1024,16,64,512,66.347
1024,16,64,1024,87.8393
1024,16,64,2048,125.206
1024,16,64,4096,197.975
1024,16,64,8192,345.675
1024,16,64,16384,643.638
1024,16,64,32768,1238.97
1024,16,64,65536,2439.35
1024,16,64,131055,4843.54
1024,32,0,0,32.1813
1024,32,1,16,38.5917
1024,32,1,32,38.496
1024,32,1,64,38.4317
1024,32,1,128,38.357
1024,32,1,256,38.5387
1024,32,1,512,38.613
1024,32,1,1024,39.5837
1024,32,1,2048,40.1703
1024,32,1,4096,41.28
1024,32,1,8192,47.669
1024,32,1,16384,54.0373
1024,32,1,32768,66.5493
1024,32,1,65536,88.5333
1024,32,1,131055,126.485
1024,32,2,16,38.3893
1024,32,2,32,38.1763
1024,32,2,64,38.7093
1024,32,2,128,38.464
1024,32,2,256,38.3787
1024,32,2,512,38.4853
1024,32,2,1024,39.882
1024,32,2,2048,40.8853
1024,32,2,4096,46.07
1024,32,2,8192,52.9397
1024,32,2,16384,65.4823
1024,32,2,32768,86.7523
1024,32,2,65536,124.001
1024,32,2,131055,196.779
1024,32,4,16,38.9123
1024,32,4,32,38.8587
1024,32,4,64,38.8477
1024,32,4,128,39.072
1024,32,4,256,39.179
1024,32,4,512,39.296
1024,32,4,1024,40.971
1024,32,4,2048,44.2663
1024,32,4,4096,50.858
1024,32,4,8192,63.1897
1024,32,4,16384,85.0987
1024,32,4,32768,123.093
1024,32,4,65536,195.381
1024,32,4,131055,338.752
1024,32,8,16,39.3917
1024,32,8,32,39.264
1024,32,8,64,39.5307
1024,32,8,128,39.3283
1024,32,8,256,39.68
1024,32,8,512,41.4507
1024,32,8,1024,44.683
1024,32,8,2048,50.9657
1024,32,8,4096,63.52
1024,32,8,8192,85.451
1024,32,8,16384,122.805
1024,32,8,32768,194.719
1024,32,8,65536,337.568
1024,32,8,131055,625.643
1024,32,16,16,39.008
1024,32,16,32,38.8373
1024,32,16,64,38.826
1024,32,16,128,39.424
1024,32,16,256,41.429
1024,32,16,512,44.1813
1024,32,16,1024,50.9983
1024,32,16,2048,63.0187
1024,32,16,4096,85.472
1024,32,16,8192,122.294
1024,32,16,16384,193.675
1024,32,16,32768,337.75
1024,32,16,65536,625.153
1024,32,16,131055,1195.53
1024,32,32,16,41.3013
1024,32,32,32,41.0347
1024,32,32,64,41.0667
1024,32,32,128,41.035
1024,32,32,256,45.696
1024,32,32,512,51.8827
1024,32,32,1024,64.5773
1024,32,32,2048,86.1223
1024,32,32,4096,123.68
1024,32,32,8192,196.96
1024,32,32,16384,344.587
1024,32,32,32768,638.112
1024,32,32,65536,1218.15
1024,32,32,131055,2381.23
1024,32,64,16,45.3867
1024,32,64,32,45.3663
1024,32,64,64,45.1737
1024,32,64,128,45.5037
1024,32,64,256,53.7603
1024,32,64,512,66.176
1024,32,64,1024,87.1797
1024,32,64,2048,125.035
1024,32,64,4096,198.028
1024,32,64,8192,346.443
1024,32,64,16384,638.56
1024,32,64,32768,1225.88
1024,32,64,65536,2425.93
1024,32,64,131055,4833.08
1024,64,0,0,32.0103
1024,64,1,16,38.208
1024,64,1,32,38.1643
1024,64,1,64,38.2077
1024,64,1,128,38.2937
1024,64,1,256,38.304
1024,64,1,512,38.2617
1024,64,1,1024,39.7863
1024,64,1,2048,40.2667
1024,64,1,4096,40.874
1024,64,1,8192,47.519
1024,64,1,16384,54.4317
1024,64,1,32768,66.7947
1024,64,1,65536,88.149
1024,64,1,131055,126.336
1024,64,2,16,38.2503
1024,64,2,32,38.2293
1024,64,2,64,38.0267
1024,64,2,128,38.0267
1024,64,2,256,38.4637
1024,64,2,512,38.3257
1024,64,2,1024,39.5307
1024,64,2,2048,40.7783
1024,64,2,4096,46.134
1024,64,2,8192,52.5337
1024,64,2,16384,65.0343
1024,64,2,32768,86.4107
1024,64,2,65536,123.616
1024,64,2,131055,196.373
1024,64,4,16,38.5387
1024,64,4,32,38.6987
1024,64,4,64,38.7093
1024,64,4,128,38.645
1024,64,4,256,38.8477
1024,64,4,512,39.1147
1024,64,4,1024,40.8747
1024,64,4,2048,43.861
1024,64,4,4096,50.389
1024,64,4,8192,63.2
1024,64,4,16384,85.3973
1024,64,4,32768,122.368
1024,64,4,65536,195.306
1024,64,4,131055,338.837
1024,64,8,16,39.296
1024,64,8,32,39.04
1024,64,8,64,39.179
1024,64,8,128,39.135
1024,64,8,256,39.6907
1024,64,8,512,41.195
1024,64,8,1024,43.947
1024,64,8,2048,50.9123
1024,64,8,4096,63.3177
1024,64,8,8192,84.8107
1024,64,8,16384,122.475
1024,64,8,32768,194.421
1024,64,8,65536,337.013
1024,64,8,131055,623.169
1024,64,16,16,38.5387
1024,64,16,32,38.453
1024,64,16,64,38.603
1024,64,16,128,38.9863
1024,64,16,256,41.056
1024,64,16,512,43.946
1024,64,16,1024,50.8157
1024,64,16,2048,62.7197
1024,64,16,4096,85.5893
1024,64,16,8192,122.198
1024,64,16,16384,194.517
1024,64,16,32768,338.251
1024,64,16,65536,624.384
1024,64,16,131055,1197.09
1024,64,32,16,41.067
1024,64,32,32,40.864
1024,64,32,64,40.5013
1024,64,32,128,40.928
1024,64,32,256,45.8027
1024,64,32,512,51.68
1024,64,32,1024,64.0317
1024,64,32,2048,86.186
1024,64,32,4096,123.435
1024,64,32,8192,196.523
1024,64,32,16384,343.808
1024,64,32,32768,631.786
1024,64,32,65536,1218.88
1024,64,32,131055,2383.19
1024,64,64,16,45.1627
1024,64,64,32,44.832
1024,64,64,64,44.9813
1024,64,64,128,45.184
1024,64,64,256,53.5903
1024,64,64,512,66.1437
1024,64,64,1024,88.0647
1024,64,64,2048,125.013
1024,64,64,4096,198.368
1024,64,64,8192,346.102
1024,64,64,16384,634.965
1024,64,64,32768,1249.05
1024,64,64,65536,2442.26
1024,64,64,131055,4800.44
1024,128,0,0,31.488
1024,128,1,16,38.005
1024,128,1,32,37.8563
1024,128,1,64,37.632
1024,128,1,128,37.7383
1024,128,1,256,38.0047
1024,128,1,512,38.091
1024,128,1,1024,39.1683
1024,128,1,2048,39.5093
1024,128,1,4096,40.6507
1024,128,1,8192,47.072
1024,128,1,16384,53.5467
1024,128,1,32768,66.2387
1024,128,1,65536,88.0957
1024,128,1,131055,126.123
1024,128,2,16,37.5143
1024,128,2,32,37.7607
1024,128,2,64,38.016
1024,128,2,128,37.92
1024,128,2,256,37.7177
1024,128,2,512,37.9943
1024,128,2,1024,39.3383
1024,128,2,2048,40.4267
1024,128,2,4096,45.4613
1024,128,2,8192,52.235
1024,128,2,16384,65.003
1024,128,2,32768,85.941
1024,128,2,65536,123.659
1024,128,2,131055,197.408
1024,128,4,16,38.23
1024,128,4,32,38.2623
1024,128,4,64,38.1333
1024,128,4,128,38.3357
1024,128,4,256,38.4857
1024,128,4,512,38.7627
1024,128,4,1024,40.384
1024,128,4,2048,43.7547
1024,128,4,4096,50.0153
1024,128,4,8192,63.0613
1024,128,4,16384,84.4157
1024,128,4,32768,122.219
1024,128,4,65536,194.304
1024,128,4,131055,338.261
1024,128,8,16,38.7207
1024,128,8,32,38.677
1024,128,8,64,38.8153
1024,128,8,128,39.083
1024,128,8,256,39.0183
1024,128,8,512,40.8643
1024,128,8,1024,44.2997
1024,128,8,2048,50.656
1024,128,8,4096,62.9753
1024,128,8,8192,84.491
1024,128,8,16384,122.272
1024,128,8,32768,194.071
1024,128,8,65536,337.195
1024,128,8,131055,624.299
1024,128,16,16,38.3783
1024,128,16,32,38.24
1024,128,16,64,38.1873
1024,128,16,128,38.56
1024,128,16,256,40.545
1024,128,16,512,43.68
1024,128,16,1024,50.3033
1024,128,16,2048,62.6883
1024,128,16,4096,84.256
1024,128,16,8192,122.24
1024,128,16,16384,193.9
1024,128,16,32768,336.534
1024,128,16,65536,624.278
1024,128,16,131055,1197.47
1024,128,32,16,40.597
1024,128,32,32,40.8537
1024,128,32,64,40.3833
1024,128,32,128,40.416
1024,128,32,256,44.7363
1024,128,32,512,51.1993
1024,128,32,1024,64.2133
1024,128,32,2048,85.216
1024,128,32,4096,122.624
1024,128,32,8192,195.903
1024,128,32,16384,344.705
1024,128,32,32768,637.867
1024,128,32,65536,1214.66
1024,128,32,131055,2375.99
1024,128,64,16,44.7147
1024,128,64,32,44.5547
1024,128,64,64,44.6293
1024,128,64,128,45.0457
1024,128,64,256,52.779
1024,128,64,512,65.418
1024,128,64,1024,86.9443
1024,128,64,2048,124.181
1024,128,64,4096,197.429
1024,128,64,8192,344.288
1024,128,64,16384,641.558
1024,128,64,32768,1236.6
1024,128,64,65536,2418.27
1024,128,64,131055,4828.55
1024,256,0,0,33.3227
1024,256,1,16,39.2757
1024,256,1,32,39.5837
1024,256,1,64,39.5847
1024,256,1,128,39.8403
1024,256,1,256,39.413
1024,256,1,512,39.6267
1024,256,1,1024,40.853
1024,256,1,2048,41.4507
1024,256,1,4096,42.2083
1024,256,1,8192,48.512
1024,256,1,16384,55.6053
1024,256,1,32768,67.466
1024,256,1,65536,89.1943
1024,256,1,131055,127.317
1024,256,2,16,39.4567
1024,256,2,32,39.456
1024,256,2,64,39.584
1024,256,2,128,39.4557
1024,256,2,256,39.456
1024,256,2,512,39.744
1024,256,2,1024,40.7793
1024,256,2,2048,41.9733
1024,256,2,4096,47.179
1024,256,2,8192,53.7703
1024,256,2,16384,65.952
1024,256,2,32768,88.0643
1024,256,2,65536,125.687
1024,256,2,131055,197.654
1024,256,4,16,39.893
1024,256,4,32,39.9897
1024,256,4,64,40.0747
1024,256,4,128,40.1173
1024,256,4,256,40.128
1024,256,4,512,40.619
1024,256,4,1024,42.0587
1024,256,4,2048,45.2587
1024,256,4,4096,51.8827
1024,256,4,8192,64.5543
1024,256,4,16384,86.0373
1024,256,4,32768,123.894
1024,256,4,65536,195.947
1024,256,4,131055,339.713
1024,256,8,16,40.6297
1024,256,8,32,40.352
1024,256,8,64,40.4157
1024,256,8,128,40.5233
1024,256,8,256,41.1413
1024,256,8,512,42.667
1024,256,8,1024,45.2167
1024,256,8,2048,52.341
1024,256,8,4096,64.6827
1024,256,8,8192,86.3257
1024,256,8,16384,123.179
1024,256,8,32768,195.765
1024,256,8,65536,339.968
1024,256,8,131055,626.113
1024,256,16,16,39.7657
1024,256,16,32,39.755
1024,256,16,64,40.3837
1024,256,16,128,40.4267
1024,256,16,256,42.005
1024,256,16,512,45.227
1024,256,16,1024,51.9577
1024,256,16,2048,64.3093
1024,256,16,4096,86.1763
1024,256,16,8192,123.306
1024,256,16,16384,195.552
1024,256,16,32768,337.878
1024,256,16,65536,626.155
1024,256,16,131055,1199.69
1024,256,32,16,42.3363
1024,256,32,32,42.2193
1024,256,32,64,41.9407
1024,256,32,128,42.1973
1024,256,32,256,46.805
1024,256,32,512,52.843
1024,256,32,1024,65.2473
1024,256,32,2048,87.0933
1024,256,32,4096,124.48
1024,256,32,8192,198.53
1024,256,32,16384,348.651
1024,256,32,32768,635.19
1024,256,32,65536,1214.56
1024,256,32,131055,2373.39
1024,256,64,16,46.24
1024,256,64,32,46.5283
1024,256,64,64,46.336
1024,256,64,128,46.6777
1024,256,64,256,54.4107
1024,256,64,512,66.9657
1024,256,64,1024,88.6937
1024,256,64,2048,126.262
1024,256,64,4096,199.84
1024,256,64,8192,348.438
1024,256,64,16384,643.136
1024,256,64,32768,1252.62
1024,256,64,65536,2443.35
1024,256,64,131055,4827.54
1024,512,0,0,36.416
1024,512,1,16,42.912
1024,512,1,32,42.7627
1024,512,1,64,42.6137
1024,512,1,128,42.7623
1024,512,1,256,42.9127
1024,512,1,512,42.7733
1024,512,1,1024,43.819
1024,512,1,2048,44.4797
1024,512,1,4096,45.7383
1024,512,1,8192,51.9147
1024,512,1,16384,58.581
1024,512,1,32768,70.8587
1024,512,1,65536,92.6403
1024,512,1,131055,130.549
1024,512,2,16,42.475
1024,512,2,32,42.5493
1024,512,2,64,42.8057
1024,512,2,128,42.56
1024,512,2,256,42.5603
1024,512,2,512,42.837
1024,512,2,1024,44.288
1024,512,2,2048,45.302
1024,512,2,4096,50.3037
1024,512,2,8192,57.024
1024,512,2,16384,69.717
1024,512,2,32768,91.232
1024,512,2,65536,129.12
1024,512,2,131055,203.349
1024,512,4,16,43.1457
1024,512,4,32,43.1043
1024,512,4,64,43.2323
1024,512,4,128,43.4137
1024,512,4,256,43.4773
1024,512,4,512,43.9147
1024,512,4,1024,45.333
1024,512,4,2048,48.5763
1024,512,4,4096,54.879
1024,512,4,8192,67.702
1024,512,4,16384,89.3227
1024,512,4,32768,126.774
1024,512,4,65536,199.85
1024,512,4,131055,343.488
1024,512,8,16,43.4343
1024,512,8,32,43.4993
1024,512,8,64,43.8397
1024,512,8,128,43.9147
1024,512,8,256,43.9893
1024,512,8,512,45.739
1024,512,8,1024,48.8
1024,512,8,2048,55.563
1024,512,8,4096,67.723
1024,512,8,8192,89.4503
1024,512,8,16384,126.304
1024,512,8,32768,198.731
1024,512,8,65536,342.518
1024,512,8,131055,628.246
1024,512,16,16,43.041
1024,512,16,32,43.1047
1024,512,16,64,43.1573
1024,512,16,128,43.456
1024,512,16,256,45.4507
1024,512,16,512,48.6083
1024,512,16,1024,54.88
1024,512,16,2048,67.712
1024,512,16,4096,89.493
1024,512,16,8192,126.901
1024,512,16,16384,198.88
1024,512,16,32768,342.326
1024,512,16,65536,628.032
1024,512,16,131055,1202.27
1024,512,32,16,45.632
1024,512,32,32,45.5257
1024,512,32,64,45.2373
1024,512,32,128,45.3227
1024,512,32,256,49.9947
1024,512,32,512,56.235
1024,512,32,1024,69.376
1024,512,32,2048,90.3463
1024,512,32,4096,127.296
1024,512,32,8192,200.662
1024,512,32,16384,346.732
1024,512,32,32768,641.227
1024,512,32,65536,1220.13
1024,512,32,131055,2378.13
1024,512,64,16,49.7383
1024,512,64,32,49.7923
1024,512,64,64,49.3863
1024,512,64,128,49.9103
1024,512,64,256,58.144
1024,512,64,512,70.2187
1024,512,64,1024,91.9357
1024,512,64,2048,129.312
1024,512,64,4096,201.952
1024,512,64,8192,350.86
1024,512,64,16384,642.273
1024,512,64,32768,1250.56
1024,512,64,65536,2424.36
1024,512,64,131055,4835.78
1024,1024,0,0,43.403
1024,1024,1,16,49.3653
1024,1024,1,32,49.365
1024,1024,1,64,49.6323
1024,1024,1,128,49.397
1024,1024,1,256,49.6213
1024,1024,1,512,49.6957
1024,1024,1,1024,51.1893
1024,1024,1,2048,51.0937
1024,1024,1,4096,52.1277
1024,1024,1,8192,58.933
1024,1024,1,16384,65.2797
1024,1024,1,32768,77.6647
1024,1024,1,65536,99.4133
1024,1024,1,131055,137.003
1024,1024,2,16,49.494
1024,1024,2,32,49.376
1024,1024,2,64,49.301
1024,1024,2,128,49.3443
1024,1024,2,256,49.675
1024,1024,2,512,49.674
1024,1024,2,1024,50.795
1024,1024,2,2048,52.0643
1024,1024,2,4096,57.408
1024,1024,2,8192,63.957
1024,1024,2,16384,76.2027
1024,1024,2,32768,98.368
1024,1024,2,65536,135.605
1024,1024,2,131055,208.448
1024,1024,4,16,50.304
1024,1024,4,32,50.155
1024,1024,4,64,50.4107
1024,1024,4,128,50.3373
1024,1024,4,256,50.4323
1024,1024,4,512,50.8377
1024,1024,4,1024,52.6393
1024,1024,4,2048,55.5733
1024,1024,4,4096,61.8877
1024,1024,4,8192,74.582
1024,1024,4,16384,96.2767
1024,1024,4,32768,133.931
1024,1024,4,65536,206.336
1024,1024,4,131055,350.913
1024,1024,8,16,50.4637
1024,1024,8,32,50.2833
1024,1024,8,64,50.432
1024,1024,8,128,50.6563
1024,1024,8,256,50.9967
1024,1024,8,512,52.6937
1024,1024,8,1024,55.5087
1024,1024,8,2048,62.4633
1024,1024,8,4096,74.5927
1024,1024,8,8192,96.0427
1024,1024,8,16384,132.907
1024,1024,8,32768,205.28
1024,1024,8,65536,348.811
1024,1024,8,131055,634.262
1024,1024,16,16,49.814
1024,1024,16,32,49.8033
1024,1024,16,64,50.0803
1024,1024,16,128,50.422
1024,1024,16,256,52.3203
1024,1024,16,512,55.6907
1024,1024,16,1024,62.209
1024,1024,16,2048,74.7737
1024,1024,16,4096,95.9893
1024,1024,16,8192,133.344
1024,1024,16,16384,206.038
1024,1024,16,32768,349.59
1024,1024,16,65536,636.012
1024,1024,16,131055,1208.4
1024,1024,32,16,52.256
1024,1024,32,32,52.117
1024,1024,32,64,52.042
1024,1024,32,128,52.2983
1024,1024,32,256,56.8963
1024,1024,32,512,63.2967
1024,1024,32,1024,75.3923
1024,1024,32,2048,97.5787
1024,1024,32,4096,134.123
1024,1024,32,8192,207.115
1024,1024,32,16384,354.721
1024,1024,32,32768,648.386
1024,1024,32,65536,1230.46
1024,1024,32,131055,2385
1024,1024,64,16,56.278
1024,1024,64,32,56.7253
1024,1024,64,64,56.2773
1024,1024,64,128,56.491
1024,1024,64,256,64.778
1024,1024,64,512,77.6107
1024,1024,64,1024,98.741
1024,1024,64,2048,135.584
1024,1024,64,4096,208.598
1024,1024,64,8192,355.403
1024,1024,64,16384,650.731
1024,1024,64,32768,1253.07
1024,1024,64,65536,2448.73
1024,1024,64,131055,4851.63
1024,2048,0,0,57.0033
1024,2048,1,16,63.488
1024,2048,1,32,63.318
1024,2048,1,64,63.2857
1024,2048,1,128,63.2213
1024,2048,1,256,63.531
1024,2048,1,512,63.4777
1024,2048,1,1024,63.638
1024,2048,1,2048,64.8533
1024,2048,1,4096,66.1867
1024,2048,1,8192,72.47
1024,2048,1,16384,79.4987
1024,2048,1,32768,91.627
1024,2048,1,65536,113.302
1024,2048,1,131055,150.752
1024,2048,2,16,63.574
1024,2048,2,32,63.8937
1024,2048,2,64,63.9573
1024,2048,2,128,64.053
1024,2048,2,256,63.8293
1024,2048,2,512,63.8833
1024,2048,2,1024,64.7997
1024,2048,2,2048,66.3797
1024,2048,2,4096,71.7337
1024,2048,2,8192,77.973
1024,2048,2,16384,90.197
1024,2048,2,32768,111.841
1024,2048,2,65536,149.483
1024,2048,2,131055,222.016
1024,2048,4,16,64.0323
1024,2048,4,32,64.1917
1024,2048,4,64,64.107
1024,2048,4,128,64.0857
1024,2048,4,256,64.2557
1024,2048,4,512,64.715
1024,2048,4,1024,66.3577
1024,2048,4,2048,69.483
1024,2048,4,4096,76.1067
1024,2048,4,8192,88.4913
1024,2048,4,16384,109.494
1024,2048,4,32768,147.531
1024,2048,4,65536,219.488
1024,2048,4,131055,364.246
1024,2048,8,16,64.256
1024,2048,8,32,64.363
1024,2048,8,64,64.47
1024,2048,8,128,64.5333
1024,2048,8,256,64.8313
1024,2048,8,512,66.5377
1024,2048,8,1024,69.6323
1024,2048,8,2048,76.3413
1024,2048,8,4096,88.576
1024,2048,8,8192,109.643
1024,2048,8,16384,147.254
1024,2048,8,32768,218.922
1024,2048,8,65536,363.872
1024,2048,8,131055,648.726
1024,2048,16,16,63.883
1024,2048,16,32,63.9257
1024,2048,16,64,63.8727
1024,2048,16,128,64.0637
1024,2048,16,256,66.2297
1024,2048,16,512,69.4513
1024,2048,16,1024,75.776
1024,2048,16,2048,88.1913
1024,2048,16,4096,110.07
1024,2048,16,8192,146.699
1024,2048,16,16384,218.89
1024,2048,16,32768,362.176
1024,2048,16,65536,651.873
1024,2048,16,131055,1221.58
1024,2048,32,16,66.1227
1024,2048,32,32,66.2723
1024,2048,32,64,66.0803
1024,2048,32,128,66.453
1024,2048,32,256,70.7843
1024,2048,32,512,77.376
1024,2048,32,1024,90.1863
1024,2048,32,2048,110.784
1024,2048,32,4096,147.211
1024,2048,32,8192,220.651
1024,2048,32,16384,367.69
1024,2048,32,32768,658.507
1024,2048,32,65536,1239.18
1024,2048,32,131055,2410.55
1024,2048,64,16,70.2827
1024,2048,64,32,70.1127
1024,2048,64,64,70.4213
1024,2048,64,128,70.677
1024,2048,64,256,78.7627
1024,2048,64,512,91.5093
1024,2048,64,1024,112.448
1024,2048,64,2048,149.27
1024,2048,64,4096,222.891
1024,2048,64,8192,368.534
1024,2048,64,16384,665.344
1024,2048,64,32768,1270.72
1024,2048,64,65536,2467.32
1024,2048,64,131055,4843.22
1024,4096,0,0,84.3413
1024,4096,1,16,90.656
1024,4096,1,32,90.8693
1024,4096,1,64,91.168
1024,4096,1,128,91.0187
1024,4096,1,256,91.019
1024,4096,1,512,91.1467
1024,4096,1,1024,91.2533
1024,4096,1,2048,92.1813
1024,4096,1,4096,93.9733
1024,4096,1,8192,100.619
1024,4096,1,16384,107.008
1024,4096,1,32768,119.36
1024,4096,1,65536,139.68
1024,4096,1,131055,176.874
1024,4096,2,16,92.0527
1024,4096,2,32,92.0533
1024,4096,2,64,92.032
1024,4096,2,128,92.139
1024,4096,2,256,92.5227
1024,4096,2,512,92.608
1024,4096,2,1024,93.6323
1024,4096,2,2048,95.6043
1024,4096,2,4096,99.2427
1024,4096,2,8192,105.461
1024,4096,2,16384,117.302
1024,4096,2,32768,138.486
1024,4096,2,65536,175.488
1024,4096,2,131055,249.45
1024,4096,4,16,91.4357
1024,4096,4,32,91.5307
1024,4096,4,64,91.595
1024,4096,4,128,91.733
1024,4096,4,256,91.744
1024,4096,4,512,92.1283
1024,4096,4,1024,94.016
1024,4096,4,2048,97.4723
1024,4096,4,4096,103.681
1024,4096,4,8192,115.381
1024,4096,4,16384,137.322
1024,4096,4,32768,173.632
1024,4096,4,65536,246.805
1024,4096,4,131055,391.179
1024,4096,8,16,91.4667
1024,4096,8,32,91.6797
1024,4096,8,64,91.7973
1024,4096,8,128,91.7537
1024,4096,8,256,92.331
1024,4096,8,512,94.1867
1024,4096,8,1024,97.4403
1024,4096,8,2048,104.331
1024,4096,8,4096,116.321
1024,4096,8,8192,137.387
1024,4096,8,16384,173.547
1024,4096,8,32768,245.078
1024,4096,8,65536,389.76
1024,4096,8,131055,674.933
1024,4096,16,16,90.7633
1024,4096,16,32,91.1787
1024,4096,16,64,91.5307
1024,4096,16,128,92.054
1024,4096,16,256,94.015
1024,4096,16,512,96.9813
1024,4096,16,1024,103.797
1024,4096,16,2048,115.316
1024,4096,16,4096,136.565
1024,4096,16,8192,173.867
1024,4096,16,16384,245.984
1024,4096,16,32768,387.627
1024,4096,16,65536,675.477
1024,4096,16,131055,1247.7
1024,4096,32,16,93.3547
1024,4096,32,32,93.3873
1024,4096,32,64,93.0553
1024,4096,32,128,93.8447
1024,4096,32,256,99.157
1024,4096,32,512,104.896
1024,4096,32,1024,116.544
1024,4096,32,2048,137.813
1024,4096,32,4096,174.763
1024,4096,32,8192,246.57
1024,4096,32,16384,396.32
1024,4096,32,32768,687.722
1024,4096,32,65536,1265.79
1024,4096,32,131055,2430.67
1024,4096,64,16,97.7173
1024,4096,64,32,97.3437
1024,4096,64,64,97.344
1024,4096,64,128,97.9307
1024,4096,64,256,106.325
1024,4096,64,512,118.315
1024,4096,64,1024,139.253
1024,4096,64,2048,176.629
1024,4096,64,4096,249.237
1024,4096,64,8192,394.325
1024,4096,64,16384,686.657
1024,4096,64,32768,1275.99
1024,4096,64,65536,2477.25
1024,4096,64,131055,4888.81
1024,8192,0,0,138.347
1024,8192,1,16,147.713
1024,8192,1,32,151.008
1024,8192,1,64,149.728
1024,8192,1,128,149.696
1024,8192,1,256,151.532
1024,8192,1,512,150.326
1024,8192,1,1024,152.693
1024,8192,1,2048,152.704
1024,8192,1,4096,156.64
1024,8192,1,8192,160.053
1024,8192,1,16384,163.967
1024,8192,1,32768,176.917
1024,8192,1,65536,196.586
1024,8192,1,131055,234.901
1024,8192,2,16,147.349
1024,8192,2,32,147.957
1024,8192,2,64,151.37
1024,8192,2,128,148.022
1024,8192,2,256,148.309
1024,8192,2,512,150.166
1024,8192,2,1024,151.359
1024,8192,2,2048,152.043
1024,8192,2,4096,156.491
1024,8192,2,8192,162.774
1024,8192,2,16384,173.963
1024,8192,2,32768,192.896
1024,8192,2,65536,231.466
1024,8192,2,131055,304.491
1024,8192,4,16,149.535
1024,8192,4,32,151.584
1024,8192,4,64,151.701
1024,8192,4,128,149.834
1024,8192,4,256,151.403
1024,8192,4,512,150.325
1024,8192,4,1024,152.907
1024,8192,4,2048,155.317
1024,8192,4,4096,161.184
1024,8192,4,8192,171.776
1024,8192,4,16384,193.184
1024,8192,4,32768,231.583
1024,8192,4,65536,302.762
1024,8192,4,131055,447.712
1024,8192,8,16,151.552
1024,8192,8,32,151.616
1024,8192,8,64,151.541
1024,8192,8,128,150.08
1024,8192,8,256,150.015
1024,8192,8,512,151.126
1024,8192,8,1024,155.915
1024,8192,8,2048,161.291
1024,8192,8,4096,172.768
1024,8192,8,8192,194.603
1024,8192,8,16384,230.08
1024,8192,8,32768,299.232
1024,8192,8,65536,446.229
1024,8192,8,131055,733.077
1024,8192,16,16,148.192
1024,8192,16,32,150.432
1024,8192,16,64,150.112
1024,8192,16,128,147.712
1024,8192,16,256,149.952
1024,8192,16,512,153.771
1024,8192,16,1024,161.248
1024,8192,16,2048,170.517
1024,8192,16,4096,193.355
1024,8192,16,8192,231.424
1024,8192,16,16384,302.283
1024,8192,16,32768,446.923
1024,8192,16,65536,731.596
1024,8192,16,131055,1307.09
1024,8192,32,16,152.48
1024,8192,32,32,152.394
1024,8192,32,64,152.437
1024,8192,32,128,154.07
1024,8192,32,256,158.688
1024,8192,32,512,164.662
1024,8192,32,1024,173.76
1024,8192,32,2048,195.947
1024,8192,32,4096,232.672
1024,8192,32,8192,304.608
1024,8192,32,16384,451.808
1024,8192,32,32768,748.534
1024,8192,32,65536,1319.82
1024,8192,32,131055,2495.49
1024,8192,64,16,156.683
1024,8192,64,32,156.501
1024,8192,64,64,157.034
1024,8192,64,128,158.465
1024,8192,64,256,167.051
1024,8192,64,512,178.837
1024,8192,64,1024,198.177
1024,8192,64,2048,233.664
1024,8192,64,4096,304.971
1024,8192,64,8192,452.054
1024,8192,64,16384,745.729
1024,8192,64,32768,1329.61
1024,8192,64,65536,2546.51
1024,8192,64,131055,4946.96
1024,16384,0,0,246.369
1024,16384,1,16,258.218
1024,16384,1,32,259.392
1024,16384,1,64,259.061
1024,16384,1,128,258.987
1024,16384,1,256,258.858
1024,16384,1,512,259.574
1024,16384,1,1024,260.16
1024,16384,1,2048,260.95
1024,16384,1,4096,263.68
1024,16384,1,8192,265.921
1024,16384,1,16384,269.504
1024,16384,1,32768,280.938
1024,16384,1,65536,302.475
1024,16384,1,131055,339.126
1024,16384,2,16,258.624
1024,16384,2,32,258.721
1024,16384,2,64,259.308
1024,16384,2,128,258.976
1024,16384,2,256,259.563
1024,16384,2,512,259.691
1024,16384,2,1024,260.309
1024,16384,2,2048,261.717
1024,16384,2,4096,265.034
1024,16384,2,8192,268.533
1024,16384,2,16384,280.363
1024,16384,2,32768,300.341
1024,16384,2,65536,338.422
1024,16384,2,131055,409.782
1024,16384,4,16,258.869
1024,16384,4,32,258.752
1024,16384,4,64,258.709
1024,16384,4,128,259.029
1024,16384,4,256,258.571
1024,16384,4,512,259.755
1024,16384,4,1024,261.781
1024,16384,4,2048,263.137
1024,16384,4,4096,266.668
1024,16384,4,8192,278.763
1024,16384,4,16384,299.5
1024,16384,4,32768,335.99
1024,16384,4,65536,408.405
1024,16384,4,131055,550.838
1024,16384,8,16,259.051
1024,16384,8,32,258.923
1024,16384,8,64,256.832
1024,16384,8,128,258.784
1024,16384,8,256,259.552
1024,16384,8,512,262.518
1024,16384,8,1024,263.083
1024,16384,8,2048,269.013
1024,16384,8,4096,278.027
1024,16384,8,8192,299.136
1024,16384,8,16384,336.139
1024,16384,8,32768,406.858
1024,16384,8,65536,551.03
1024,16384,8,131055,837.249
1024,16384,16,16,256.8
1024,16384,16,32,257.238
1024,16384,16,64,257.355
1024,16384,16,128,257.494
1024,16384,16,256,259.317
1024,16384,16,512,261.973
1024,16384,16,1024,267.361
1024,16384,16,2048,278.283
1024,16384,16,4096,299.478
1024,16384,16,8192,335.968
1024,16384,16,16384,406.731
1024,16384,16,32768,549.206
1024,16384,16,65536,837.964
1024,16384,16,131055,1409.18
1024,16384,32,16,260.011
1024,16384,32,32,259.959
1024,16384,32,64,260.235
1024,16384,32,128,259.884
1024,16384,32,256,264.32
1024,16384,32,512,270.4
1024,16384,32,1024,279.317
1024,16384,32,2048,299.563
1024,16384,32,4096,337.76
1024,16384,32,8192,411.339
1024,16384,32,16384,555.819
1024,16384,32,32768,849.067
1024,16384,32,65536,1430.58
1024,16384,32,131055,2601.75
1024,16384,64,16,263.915
1024,16384,64,32,264.054
1024,16384,64,64,264.064
1024,16384,64,128,264.555
1024,16384,64,256,272.405
1024,16384,64,512,282.784
1024,16384,64,1024,301.526
1024,16384,64,2048,336.458
1024,16384,64,4096,410.378
1024,16384,64,8192,556.329
1024,16384,64,16384,847.465
1024,16384,64,32768,1441.77
1024,16384,64,65536,2638.21
1024,16384,64,131055,5049.75
1024,32768,0,0,447.615
1024,32768,1,16,459.904
1024,32768,1,32,460.521
1024,32768,1,64,460.457
1024,32768,1,128,460.373
1024,32768,1,256,460.598
1024,32768,1,512,460.373
1024,32768,1,1024,462.313
1024,32768,1,2048,462.901
1024,32768,1,4096,464.927
1024,32768,1,8192,467.072
1024,32768,1,16384,472.757
1024,32768,1,32768,481.227
1024,32768,1,65536,500.223
1024,32768,1,131055,535.413
1024,32768,2,16,459.764
1024,32768,2,32,460.33
1024,32768,2,64,460.394
1024,32768,2,128,460.17
1024,32768,2,256,460.865
1024,32768,2,512,460.692
1024,32768,2,1024,461.833
1024,32768,2,2048,462.517
1024,32768,2,4096,466.068
1024,32768,2,8192,470.708
1024,32768,2,16384,480.288
1024,32768,2,32768,498.527
1024,32768,2,65536,534.762
1024,32768,2,131055,608.255
1024,32768,4,16,459.956
1024,32768,4,32,459.924
1024,32768,4,64,460.34
1024,32768,4,128,459.882
1024,32768,4,256,461.568
1024,32768,4,512,460.639
1024,32768,4,1024,463.125
1024,32768,4,2048,465.588
1024,32768,4,4096,467.444
1024,32768,4,8192,477.898
1024,32768,4,16384,495.903
1024,32768,4,32768,532.746
1024,32768,4,65536,603.711
1024,32768,4,131055,748.169
1024,32768,8,16,460.618
1024,32768,8,32,460.118
1024,32768,8,64,460.5
1024,32768,8,128,460.48
1024,32768,8,256,460.106
1024,32768,8,512,461.983
1024,32768,8,1024,464.565
1024,32768,8,2048,467.967
1024,32768,8,4096,478.559
1024,32768,8,8192,496.863
1024,32768,8,16384,533.685
1024,32768,8,32768,603.967
1024,32768,8,65536,746.826
1024,32768,8,131055,1033.22
1024,32768,16,16,460.031
1024,32768,16,32,458.848
1024,32768,16,64,458.356
1024,32768,16,128,457.973
1024,32768,16,256,460.917
1024,32768,16,512,463.146
1024,32768,16,1024,467.551
1024,32768,16,2048,478.048
1024,32768,16,4096,497.556
1024,32768,16,8192,532.597
1024,32768,16,16384,604.319
1024,32768,16,32768,746.324
1024,32768,16,65536,1033.23
1024,32768,16,131055,1604.29
1024,32768,32,16,460.586
1024,32768,32,32,461.076
1024,32768,32,64,460.5
1024,32768,32,128,461.215
1024,32768,32,256,464.747
1024,32768,32,512,470.217
1024,32768,32,1024,480.116
1024,32768,32,2048,499.05
1024,32768,32,4096,533.642
1024,32768,32,8192,606.046
1024,32768,32,16384,752.702
1024,32768,32,32768,1046.48
1024,32768,32,65536,1617.81
1024,32768,32,131055,2774.48
1024,32768,64,16,465.151
1024,32768,64,32,465.876
1024,32768,64,64,464.991
1024,32768,64,128,464.586
1024,32768,64,256,472.767
1024,32768,64,512,482.762
1024,32768,64,1024,500.073
1024,32768,64,2048,536.788
1024,32768,64,4096,609.087
1024,32768,64,8192,755.38
1024,32768,64,16384,1056.02
1024,32768,64,32768,1644.99
1024,32768,64,65536,2808.04
1024,32768,64,131055,5234.42
1024,65536,0,0,839.156
1024,65536,1,16,851.667
1024,65536,1,32,851.84
1024,65536,1,64,850.804
1024,65536,1,128,850.207
1024,65536,1,256,852.267
1024,65536,1,512,852.628
1024,65536,1,1024,852.339
1024,65536,1,2048,854.655
1024,65536,1,4096,856.137
1024,65536,1,8192,858.196
1024,65536,1,16384,863.104
1024,65536,1,32768,871.176
1024,65536,1,65536,891.081
1024,65536,1,131055,927.241
1024,65536,2,16,852.543
1024,65536,2,32,851.945
1024,65536,2,64,851.712
1024,65536,2,128,851.261
1024,65536,2,256,851.689
1024,65536,2,512,851.966
1024,65536,2,1024,853.279
1024,65536,2,2048,854.9
1024,65536,2,4096,858.249
1024,65536,2,8192,861.001
1024,65536,2,16384,871.53
1024,65536,2,32768,889.111
1024,65536,2,65536,924.788
1024,65536,2,131055,995.956
1024,65536,4,16,853.086
1024,65536,4,32,851.23
1024,65536,4,64,851.891
1024,65536,4,128,851.071
1024,65536,4,256,852.467
1024,65536,4,512,852.171
1024,65536,4,1024,854.122
1024,65536,4,2048,855.764
1024,65536,4,4096,858.783
1024,65536,4,8192,869.748
1024,65536,4,16384,887.081
1024,65536,4,32768,922.42
1024,65536,4,65536,992.415
1024,65536,4,131055,1135.51
1024,65536,8,16,851.093
1024,65536,8,32,851.87
1024,65536,8,64,851.188
1024,65536,8,128,851.39
1024,65536,8,256,852.585
1024,65536,8,512,853.727
1024,65536,8,1024,855.753
1024,65536,8,2048,857.918
1024,65536,8,4096,870.142
1024,65536,8,8192,887.574
1024,65536,8,16384,921.939
1024,65536,8,32768,992.18
1024,65536,8,65536,1136.15
1024,65536,8,131055,1421.12
1024,65536,16,16,850.112
1024,65536,16,32,849.354
1024,65536,16,64,848.958
1024,65536,16,128,849.887
1024,65536,16,256,851.561
1024,65536,16,512,853.387
1024,65536,16,1024,858.216
1024,65536,16,2048,869.749
1024,65536,16,4096,886.804
1024,65536,16,8192,921.364
1024,65536,16,16384,992.137
1024,65536,16,32768,1134.14
1024,65536,16,65536,1422.88
1024,65536,16,131055,1994.77
1024,65536,32,16,853.227
1024,65536,32,32,852.319
1024,65536,32,64,851.614
1024,65536,32,128,852.458
1024,65536,32,256,856.329
1024,65536,32,512,860.457
1024,65536,32,1024,870.356
1024,65536,32,2048,888.105
1024,65536,32,4096,923.006
1024,65536,32,8192,995.507
1024,65536,32,16384,1142.38
1024,65536,32,32768,1434.44
1024,65536,32,65536,2017.06
1024,65536,32,131055,3172.45
1024,65536,64,16,855.998
1024,65536,64,32,854.665
1024,65536,64,64,857.108
1024,65536,64,128,854.473
1024,65536,64,256,864.468
1024,65536,64,512,873.95
1024,65536,64,1024,889.653
1024,65536,64,2048,925.759
1024,65536,64,4096,996.629
1024,65536,64,8192,1146.48
1024,65536,64,16384,1439.49
1024,65536,64,32768,2041.83
1024,65536,64,65536,3225.09
1024,65536,64,131055,5626.94
2048,0,0,0,71.0933
2048,0,1,16,77.6007
2048,0,1,32,77.9303
2048,0,1,64,77.2693
2048,0,1,128,77.0983
2048,0,1,256,77.7393
2048,0,1,512,77.4827
2048,0,1,1024,78.133
2048,0,1,2048,79.3077
2048,0,1,4096,80.064
2048,0,1,8192,86.507
2048,0,1,16384,94.08
2048,0,1,32768,106.325
2048,0,1,65536,129.173
2048,0,1,131055,167.989
2048,0,2,16,77.2053
2048,0,2,32,77.461
2048,0,2,64,77.0877
2048,0,2,128,77.2267
2048,0,2,256,77.2057
2048,0,2,512,77.728
2048,0,2,1024,78.944
2048,0,2,2048,79.9783
2048,0,2,4096,85.355
2048,0,2,8192,91.7753
2048,0,2,16384,104.522
2048,0,2,32768,127.978
2048,0,2,65536,168.138
2048,0,2,131055,239.051
2048,0,4,16,77.8237
2048,0,4,32,77.8777
2048,0,4,64,78.1657
2048,0,4,128,78.314
2048,0,4,256,78.059
2048,0,4,512,78.6457
2048,0,4,1024,80.4053
2048,0,4,2048,83.4983
2048,0,4,4096,89.717
2048,0,4,8192,102.806
2048,0,4,16384,125.941
2048,0,4,32768,166.165
2048,0,4,65536,237.727
2048,0,4,131055,382.848
2048,0,8,16,78.5923
2048,0,8,32,77.909
2048,0,8,64,77.984
2048,0,8,128,78.2403
2048,0,8,256,78.7517
2048,0,8,512,79.9897
2048,0,8,1024,83.2747
2048,0,8,2048,90.112
2048,0,8,4096,102.795
2048,0,8,8192,125.834
2048,0,8,16384,164.927
2048,0,8,32768,237.429
2048,0,8,65536,380.415
2048,0,8,131055,666.9
2048,0,16,16,77.568
2048,0,16,32,77.674
2048,0,16,64,77.8663
2048,0,16,128,77.7917
2048,0,16,256,79.946
2048,0,16,512,83.37
2048,0,16,1024,90.336
2048,0,16,2048,102.165
2048,0,16,4096,126.496
2048,0,16,8192,164.758
2048,0,16,16384,236.736
2048,0,16,32768,379.999
2048,0,16,65536,668.073
2048,0,16,131055,1241.08
2048,0,32,16,80.3733
2048,0,32,32,80.308
2048,0,32,64,80.4053
2048,0,32,128,80.1487
2048,0,32,256,85.248
2048,0,32,512,91.563
2048,0,32,1024,104.341
2048,0,32,2048,127.765
2048,0,32,4096,165.92
2048,0,32,8192,239.05
2048,0,32,16384,383.882
2048,0,32,32768,678.431
2048,0,32,65536,1261.59
2048,0,32,131055,2420.83
2048,0,64,16,84.586
2048,0,64,32,84.1167
2048,0,64,64,84.1807
2048,0,64,128,84.5973
2048,0,64,256,93.568
2048,0,64,512,105.44
2048,0,64,1024,128.928
2048,0,64,2048,168.064
2048,0,64,4096,240.256
2048,0,64,8192,385.888
2048,0,64,16384,686.09
2048,0,64,32768,1270.4
2048,0,64,65536,2468.35
2048,0,64,131055,4876.82
2048,16,0,0,76.8313
2048,16,1,16,82.2507
2048,16,1,32,82.9227
2048,16,1,64,82.8477
2048,16,1,128,82.8053
2048,16,1,256,82.9223
2048,16,1,512,82.282
2048,16,1,1024,83.2
2048,16,1,2048,84.6823
2048,16,1,4096,85.6637
2048,16,1,8192,91.8823
2048,16,1,16384,98.677
2048,16,1,32768,111.36
2048,16,1,65536,134.026
2048,16,1,131055,173.333
2048,16,2,16,82.2717
2048,16,2,32,82.4853
2048,16,2,64,82.3893
2048,16,2,128,82.549
2048,16,2,256,82.1757
2048,16,2,512,82.6127
2048,16,2,1024,83.051
2048,16,2,2048,85.099
2048,16,2,4096,90.624
2048,16,2,8192,96.715
2048,16,2,16384,109.268
2048,16,2,32768,133.451
2048,16,2,65536,172.117
2048,16,2,131055,246.752
2048,16,4,16,83.317
2048,16,4,32,83.6473
2048,16,4,64,83.1357
2048,16,4,128,83.0297
2048,16,4,256,83.5407
2048,16,4,512,83.925
2048,16,4,1024,85.803
2048,16,4,2048,88.8323
2048,16,4,4096,95.019
2048,16,4,8192,107.861
2048,16,4,16384,131.775
2048,16,4,32768,171.178
2048,16,4,65536,242.794
2048,16,4,131055,386.794
2048,16,8,16,83.467
2048,16,8,32,83.1897
2048,16,8,64,83.274
2048,16,8,128,83.157
2048,16,8,256,83.8407
2048,16,8,512,85.621
2048,16,8,1024,88.8107
2048,16,8,2048,95.285
2048,16,8,4096,107.744
2048,16,8,8192,131.082
2048,16,8,16384,170.294
2048,16,8,32768,242.538
2048,16,8,65536,385.61
2048,16,8,131055,674.143
2048,16,16,16,82.9657
2048,16,16,32,83.1673
2048,16,16,64,82.8477
2048,16,16,128,83.071
2048,16,16,256,85.2793
2048,16,16,512,88.7893
2048,16,16,1024,95.1363
2048,16,16,2048,107.478
2048,16,16,4096,131.402
2048,16,16,8192,170.218
2048,16,16,16384,242.41
2048,16,16,32768,384.874
2048,16,16,65536,672.49
2048,16,16,131055,1244.05
2048,16,32,16,85.707
2048,16,32,32,86.0047
2048,16,32,64,85.12
2048,16,32,128,85.483
2048,16,32,256,90.5703
2048,16,32,512,96.907
2048,16,32,1024,109.227
2048,16,32,2048,133.055
2048,16,32,4096,171.445
2048,16,32,8192,244.565
2048,16,32,16384,389.898
2048,16,32,32768,687.209
2048,16,32,65536,1264.92
2048,16,32,131055,2430.25
2048,16,64,16,89.5357
2048,16,64,32,89.845
2048,16,64,64,89.8133
2048,16,64,128,90.218
2048,16,64,256,98.3693
2048,16,64,512,111.232
2048,16,64,1024,133.162
2048,16,64,2048,172.107
2048,16,64,4096,246.07
2048,16,64,8192,392.341
2048,16,64,16384,689.386
2048,16,64,32768,1273.26
2048,16,64,65536,2488.22
2048,16,64,131055,4854.47
2048,32,0,0,76.3623
2048,32,1,16,82.463
2048,32,1,32,82.7303
2048,32,1,64,82.528
2048,32,1,128,82.3467
2048,32,1,256,82.5707
2048,32,1,512,82.7417
2048,32,1,1024,82.752
2048,32,1,2048,84.256
2048,32,1,4096,85.5683
2048,32,1,8192,92.3513
2048,32,1,16384,98.528
2048,32,1,32768,110.879
2048,32,1,65536,134.485
2048,32,1,131055,173.877
2048,32,2,16,82.7197
2048,32,2,32,82.5067
2048,32,2,64,82.6347
2048,32,2,128,82.5807
2048,32,2,256,82.8057
2048,32,2,512,83.0933
2048,32,2,1024,83.1897
2048,32,2,2048,84.9163
2048,32,2,4096,90.3467
2048,32,2,8192,97.1407
2048,32,2,16384,109.675
2048,32,2,32768,133.525
2048,32,2,65536,172.544
2048,32,2,131055,245.386
2048,32,4,16,83.2117
2048,32,4,32,82.9017
2048,32,4,64,83.402
2048,32,4,128,83.7543
2048,32,4,256,83.275
2048,32,4,512,83.6587
2048,32,4,1024,85.4617
2048,32,4,2048,88.48
2048,32,4,4096,94.944
2048,32,4,8192,107.851
2048,32,4,16384,131.392
2048,32,4,32768,170.549
2048,32,4,65536,243.093
2048,32,4,131055,387.924
2048,32,8,16,83.4663
2048,32,8,32,83.4457
2048,32,8,64,83.7113
2048,32,8,128,83.6473
2048,32,8,256,83.6263
2048,32,8,512,85.279
2048,32,8,1024,88.7577
2048,32,8,2048,95.669
2048,32,8,4096,108.192
2048,32,8,8192,131.541
2048,32,8,16384,170.048
2048,32,8,32768,243.019
2048,32,8,65536,385.845
2048,32,8,131055,671.957
2048,32,16,16,83.0397
2048,32,16,32,82.602
2048,32,16,64,83.231
2048,32,16,128,83.0507
2048,32,16,256,85.4927
2048,32,16,512,88.9277
2048,32,16,1024,95.093
2048,32,16,2048,108.192
2048,32,16,4096,131.562
2048,32,16,8192,169.898
2048,32,16,16384,241.461
2048,32,16,32768,384.479
2048,32,16,65536,672.65
2048,32,16,131055,1243.41
2048,32,32,16,85.76
2048,32,32,32,85.835
2048,32,32,64,85.6853
2048,32,32,128,85.408
2048,32,32,256,90.5917
2048,32,32,512,96.427
2048,32,32,1024,110.069
2048,32,32,2048,132.459
2048,32,32,4096,171.434
2048,32,32,8192,244.512
2048,32,32,16384,391.487
2048,32,32,32768,686.239
2048,32,32,65536,1268.87
2048,32,32,131055,2425.32
2048,32,64,16,89.5147
2048,32,64,32,89.5243
2048,32,64,64,89.7913
2048,32,64,128,89.611
2048,32,64,256,98.7513
2048,32,64,512,110.933
2048,32,64,1024,133.675
2048,32,64,2048,172.939
2048,32,64,4096,245.439
2048,32,64,8192,390.613
2048,32,64,16384,688.638
2048,32,64,32768,1281.9
2048,32,64,65536,2491.3
2048,32,64,131055,4882.58
2048,64,0,0,76.7143
2048,64,1,16,82.069
2048,64,1,32,81.941
2048,64,1,64,82.528
2048,64,1,128,82.6557
2048,64,1,256,82.3253
2048,64,1,512,82.2077
2048,64,1,1024,82.784
2048,64,1,2048,83.8927
2048,64,1,4096,84.9283
2048,64,1,8192,92.362
2048,64,1,16384,98.357
2048,64,1,32768,110.56
2048,64,1,65536,134.261
2048,64,1,131055,173.845
2048,64,2,16,82.7303
2048,64,2,32,82.0693
2048,64,2,64,82.549
2048,64,2,128,82.5807
2048,64,2,256,82.3673
2048,64,2,512,82.7623
2048,64,2,1024,83.3917
2048,64,2,2048,84.9387
2048,64,2,4096,90.3253
2048,64,2,8192,97.2913
2048,64,2,16384,108.843
2048,64,2,32768,133.76
2048,64,2,65536,172.714
2048,64,2,131055,245.472
2048,64,4,16,82.8163
2048,64,4,32,83.1467
2048,64,4,64,82.9013
2048,64,4,128,83.3277
2048,64,4,256,83.4343
2048,64,4,512,83.402
2048,64,4,1024,85.3547
2048,64,4,2048,88.4263
2048,64,4,4096,95.1577
2048,64,4,8192,107.936
2048,64,4,16384,131.381
2048,64,4,32768,170.292
2048,64,4,65536,242.538
2048,64,4,131055,388.106
2048,64,8,16,82.9967
2048,64,8,32,82.964
2048,64,8,64,83.4133
2048,64,8,128,83.3817
2048,64,8,256,83.7643
2048,64,8,512,85.3123
2048,64,8,1024,88.5653
2048,64,8,2048,95.6903
2048,64,8,4096,107.552
2048,64,8,8192,130.58
2048,64,8,16384,170.454
2048,64,8,32768,242.197
2048,64,8,65536,385.291
2048,64,8,131055,671.69
2048,64,16,16,82.816
2048,64,16,32,82.8587
2048,64,16,64,82.9117
2048,64,16,128,83.1783
2048,64,16,256,85.2587
2048,64,16,512,88.9487
2048,64,16,1024,95.061
2048,64,16,2048,107.574
2048,64,16,4096,131.637
2048,64,16,8192,169.909
2048,64,16,16384,242.165
2048,64,16,32768,385.546
2048,64,16,65536,674.335
2048,64,16,131055,1244.66
2048,64,32,16,85.2903
2048,64,32,32,85.355
2048,64,32,64,85.2377
2048,64,32,128,85.568
2048,64,32,256,90.5063
2048,64,32,512,97.237
2048,64,32,1024,109.365
2048,64,32,2048,132.948
2048,64,32,4096,171.413
2048,64,32,8192,244.34
2048,64,32,16384,391.273
2048,64,32,32768,682.89
2048,64,32,65536,1262.64
2048,64,32,131055,2430.33
2048,64,64,16,89.2043
2048,64,64,32,89.6317
2048,64,64,64,89.3543
2048,64,64,128,90.5277
2048,64,64,256,98.6347
2048,64,64,512,111.126
2048,64,64,1024,133.28
2048,64,64,2048,172.789
2048,64,64,4096,245.643
2048,64,64,8192,392.479
2048,64,64,16384,687.935
2048,64,64,32768,1277.39
2048,64,64,65536,2483.6
2048,64,64,131055,4890.46
2048,128,0,0,75.2317
2048,128,1,16,82.1863
2048,128,1,32,81.877
2048,128,1,64,81.5357
2048,128,1,128,81.8457
2048,128,1,256,81.8563
2048,128,1,512,81.6
2048,128,1,1024,82.1867
2048,128,1,2048,83.275
2048,128,1,4096,84.3517
2048,128,1,8192,91.371
2048,128,1,16384,97.6967
2048,128,1,32768,109.994
2048,128,1,65536,134.079
2048,128,1,131055,172.448
2048,128,2,16,81.845
2048,128,2,32,81.5783
2048,128,2,64,81.9847
2048,128,2,128,81.8237
2048,128,2,256,81.8983
2048,128,2,512,81.8983
2048,128,2,1024,82.3353
2048,128,2,2048,84.032
2048,128,2,4096,90.3037
2048,128,2,8192,95.8083
2048,128,2,16384,108.469
2048,128,2,32768,132.427
2048,128,2,65536,171.029
2048,128,2,131055,244.906
2048,128,4,16,82.0053
2048,128,4,32,81.963
2048,128,4,64,82.8693
2048,128,4,128,82.5387
2048,128,4,256,82.2817
2048,128,4,512,82.8793
2048,128,4,1024,84.6823
2048,128,4,2048,87.6583
2048,128,4,4096,94.3037
2048,128,4,8192,106.655
2048,128,4,16384,130.026
2048,128,4,32768,169.526
2048,128,4,65536,242.602
2048,128,4,131055,386.292
2048,128,8,16,82.6667
2048,128,8,32,82.5167
2048,128,8,64,82.7197
2048,128,8,128,82.7623
2048,128,8,256,82.9977
2048,128,8,512,84.5647
2048,128,8,1024,87.989
2048,128,8,2048,94.9653
2048,128,8,4096,107.04
2048,128,8,8192,130.613
2048,128,8,16384,169.631
2048,128,8,32768,243.018
2048,128,8,65536,384.671
2048,128,8,131055,672.895
2048,128,16,16,82.677
2048,128,16,32,82.144
2048,128,16,64,81.877
2048,128,16,128,82.2613
2048,128,16,256,84.3937
2048,128,16,512,87.776
2048,128,16,1024,94.0897
2048,128,16,2048,107.03
2048,128,16,4096,130.23
2048,128,16,8192,169.397
2048,128,16,16384,240.874
2048,128,16,32768,383.967
2048,128,16,65536,673.567
2048,128,16,131055,1245.6
2048,128,32,16,84.575
2048,128,32,32,84.8213
2048,128,32,64,84.767
2048,128,32,128,84.2773
2048,128,32,256,89.6527
2048,128,32,512,95.957
2048,128,32,1024,108.629
2048,128,32,2048,131.541
2048,128,32,4096,170.25
2048,128,32,8192,244.608
2048,128,32,16384,389.919
2048,128,32,32768,681.705
2048,128,32,65536,1267.56
2048,128,32,131055,2427.95
2048,128,64,16,88.7043
2048,128,64,32,88.2773
2048,128,64,64,88.821
2048,128,64,128,89.2907
2048,128,64,256,97.4943
2048,128,64,512,110.613
2048,128,64,1024,132.747
2048,128,64,2048,172.138
2048,128,64,4096,244.341
2048,128,64,8192,392.287
2048,128,64,16384,690.942
2048,128,64,32768,1270.17
2048,128,64,65536,2465.66
2048,128,64,131055,4856.68
2048,256,0,0,79.104
2048,256,1,16,84.6183
2048,256,1,32,85.5677
2048,256,1,64,84.789
2048,256,1,128,84.6083
2048,256,1,256,84.9277
2048,256,1,512,85.3017
2048,256,1,1024,85.6753
2048,256,1,2048,86.741
2048,256,1,4096,87.4453
2048,256,1,8192,94.347
2048,256,1,16384,100.938
2048,256,1,32768,113.514
2048,256,1,65536,136.991
2048,256,1,131055,176.544
2048,256,2,16,84.9597
2048,256,2,32,84.9917
2048,256,2,64,84.9597
2048,256,2,128,84.971
2048,256,2,256,85.248
2048,256,2,512,85.28
2048,256,2,1024,85.6533
2048,256,2,2048,87.5737
2048,256,2,4096,93.002
2048,256,2,8192,99.2107
2048,256,2,16384,112.149
2048,256,2,32768,136.064
2048,256,2,65536,175.19
2048,256,2,131055,249.173
2048,256,4,16,85.824
2048,256,4,32,85.8143
2048,256,4,64,85.333
2048,256,4,128,85.227
2048,256,4,256,85.237
2048,256,4,512,86.389
2048,256,4,1024,87.9357
2048,256,4,2048,91.0397
2048,256,4,4096,97.3653
2048,256,4,8192,110.25
2048,256,4,16384,133.14
2048,256,4,32768,173.066
2048,256,4,65536,245.589
2048,256,4,131055,389.888
2048,256,8,16,85.2053
2048,256,8,32,85.6853
2048,256,8,64,86.1013
2048,256,8,128,86.24
2048,256,8,256,86.3997
2048,256,8,512,88.7677
2048,256,8,1024,90.869
2048,256,8,2048,97.984
2048,256,8,4096,109.823
2048,256,8,8192,134.037
2048,256,8,16384,173.045
2048,256,8,32768,244.831
2048,256,8,65536,388.959
2048,256,8,131055,675.807
2048,256,16,16,85.28
2048,256,16,32,85.1313
2048,256,16,64,85.002
2048,256,16,128,85.664
2048,256,16,256,87.744
2048,256,16,512,91.0823
2048,256,16,1024,98.1007
2048,256,16,2048,110.389
2048,256,16,4096,133.983
2048,256,16,8192,172.96
2048,256,16,16384,245.13
2048,256,16,32768,387.21
2048,256,16,65536,675.721
2048,256,16,131055,1246.17
2048,256,32,16,87.9677
2048,256,32,32,88.1493
2048,256,32,64,87.6797
2048,256,32,128,87.6903
2048,256,32,256,93.2693
2048,256,32,512,99.2533
2048,256,32,1024,112.096
2048,256,32,2048,134.73
2048,256,32,4096,173.866
2048,256,32,8192,247.36
2048,256,32,16384,394.399
2048,256,32,32768,687.849
2048,256,32,65536,1263.54
2048,256,32,131055,2422.15
2048,256,64,16,92.2237
2048,256,64,32,92.1913
2048,256,64,64,92.1803
2048,256,64,128,92.3093
2048,256,64,256,100.405
2048,256,64,512,114.027
2048,256,64,1024,137.002
2048,256,64,2048,174.539
2048,256,64,4096,247.381
2048,256,64,8192,393.493
2048,256,64,16384,686.816
2048,256,64,32768,1289.27
2048,256,64,65536,2493.89
2048,256,64,131055,4880.72
2048,512,0,0,85.824
2048,512,1,16,91.7113
2048,512,1,32,91.5517
2048,512,1,64,91.5737
2048,512,1,128,91.8403
2048,512,1,256,92.2883
2048,512,1,512,91.9247
2048,512,1,1024,92.4163
2048,512,1,2048,94.1013
2048,512,1,4096,94.848
2048,512,1,8192,101.226
2048,512,1,16384,108.043
2048,512,1,32768,119.722
2048,512,1,65536,144.234
2048,512,1,131055,182.731
2048,512,2,16,91.466
2048,512,2,32,92.0213
2048,512,2,64,92.2023
2048,512,2,128,92.2023
2048,512,2,256,92.618
2048,512,2,512,92.171
2048,512,2,1024,92.5223
2048,512,2,2048,94.2077
2048,512,2,4096,99.691
2048,512,2,8192,106.314
2048,512,2,16384,118.367
2048,512,2,32768,142.347
2048,512,2,65536,181.909
2048,512,2,131055,254.634
2048,512,4,16,92.491
2048,512,4,32,92.6293
2048,512,4,64,92.576
2048,512,4,128,92.2243
2048,512,4,256,92.4267
2048,512,4,512,93.0237
2048,512,4,1024,94.7407
2048,512,4,2048,97.9943
2048,512,4,4096,104.619
2048,512,4,8192,117.355
2048,512,4,16384,140.992
2048,512,4,32768,179.829
2048,512,4,65536,252.896
2048,512,4,131055,396.512
2048,512,8,16,92.512
2048,512,8,32,92.5003
2048,512,8,64,92.959
2048,512,8,128,92.9063
2048,512,8,256,92.885
2048,512,8,512,95.519
2048,512,8,1024,98.4527
2048,512,8,2048,104.651
2048,512,8,4096,117.333
2048,512,8,8192,140.896
2048,512,8,16384,179.242
2048,512,8,32768,252.224
2048,512,8,65536,395.583
2048,512,8,131055,682.356
2048,512,16,16,92.2023
2048,512,16,32,91.9353
2048,512,16,64,92.534
2048,512,16,128,92.693
2048,512,16,256,94.4743
2048,512,16,512,98.1337
2048,512,16,1024,104.544
2048,512,16,2048,116.566
2048,512,16,4096,141.173
2048,512,16,8192,179.477
2048,512,16,16384,251.296
2048,512,16,32768,394.602
2048,512,16,65536,680.959
2048,512,16,131055,1252.3
2048,512,32,16,94.357
2048,512,32,32,95.0827
2048,512,32,64,95.0393
2048,512,32,128,94.89
2048,512,32,256,99.733
2048,512,32,512,106.187
2048,512,32,1024,119.328
2048,512,32,2048,142.144
2048,512,32,4096,181.696
2048,512,32,8192,254.848
2048,512,32,16384,400.479
2048,512,32,32768,691.967
2048,512,32,65536,1277.28
2048,512,32,131055,2444.92
2048,512,64,16,99.0077
2048,512,64,32,98.8267
2048,512,64,64,98.709
2048,512,64,128,99.6267
2048,512,64,256,107.68
2048,512,64,512,120.448
2048,512,64,1024,143.723
2048,512,64,2048,181.994
2048,512,64,4096,254.975
2048,512,64,8192,400.361
2048,512,64,16384,702.484
2048,512,64,32768,1296.16
2048,512,64,65536,2495.6
2048,512,64,131055,4898.38
2048,1024,0,0,98.517
2048,1024,1,16,104.607
2048,1024,1,32,104.618
2048,1024,1,64,104.949
2048,1024,1,128,104.938
2048,1024,1,256,104.843
2048,1024,1,512,104.747
2048,1024,1,1024,105.43
2048,1024,1,2048,106.358
2048,1024,1,4096,107.979
2048,1024,1,8192,113.995
2048,1024,1,16384,120.863
2048,1024,1,32768,133.301
2048,1024,1,65536,157.184
2048,1024,1,131055,196.181
2048,1024,2,16,105.152
2048,1024,2,32,105.173
2048,1024,2,64,105.259
2048,1024,2,128,105.024
2048,1024,2,256,105.034
2048,1024,2,512,105.664
2048,1024,2,1024,106.581
2048,1024,2,2048,108.33
2048,1024,2,4096,113.461
2048,1024,2,8192,119.926
2048,1024,2,16384,132.01
2048,1024,2,32768,155.434
2048,1024,2,65536,194.261
2048,1024,2,131055,267.658
2048,1024,4,16,105.344
2048,1024,4,32,105.3
2048,1024,4,64,105.568
2048,1024,4,128,105.43
2048,1024,4,256,105.791
2048,1024,4,512,105.941
2048,1024,4,1024,108.021
2048,1024,4,2048,111.071
2048,1024,4,4096,117.578
2048,1024,4,8192,130.389
2048,1024,4,16384,154.347
2048,1024,4,32768,192.619
2048,1024,4,65536,265.408
2048,1024,4,131055,411.071
2048,1024,8,16,105.62
2048,1024,8,32,105.632
2048,1024,8,64,105.834
2048,1024,8,128,105.802
2048,1024,8,256,106.443
2048,1024,8,512,107.893
2048,1024,8,1024,111.371
2048,1024,8,2048,117.781
2048,1024,8,4096,130.251
2048,1024,8,8192,153.248
2048,1024,8,16384,192.554
2048,1024,8,32768,264.298
2048,1024,8,65536,408.159
2048,1024,8,131055,693.536
2048,1024,16,16,104.779
2048,1024,16,32,105.398
2048,1024,16,64,105.706
2048,1024,16,128,105.813
2048,1024,16,256,108.298
2048,1024,16,512,111.413
2048,1024,16,1024,117.771
2048,1024,16,2048,130.059
2048,1024,16,4096,154.134
2048,1024,16,8192,193.205
2048,1024,16,16384,265.429
2048,1024,16,32768,407.753
2048,1024,16,65536,695.348
2048,1024,16,131055,1266.72
2048,1024,32,16,108.352
2048,1024,32,32,108.075
2048,1024,32,64,108.331
2048,1024,32,128,107.946
2048,1024,32,256,113.045
2048,1024,32,512,119.99
2048,1024,32,1024,131.637
2048,1024,32,2048,154.635
2048,1024,32,4096,193.419
2048,1024,32,8192,267.445
2048,1024,32,16384,414.057
2048,1024,32,32768,706.441
2048,1024,32,65536,1283.46
2048,1024,32,131055,2448.9
2048,1024,64,16,111.53
2048,1024,64,32,112.363
2048,1024,64,64,112.011
2048,1024,64,128,112.416
2048,1024,64,256,120.651
2048,1024,64,512,133.547
2048,1024,64,1024,156.959
2048,1024,64,2048,195.125
2048,1024,64,4096,268.298
2048,1024,64,8192,414.304
2048,1024,64,16384,711.028
2048,1024,64,32768,1294.72
2048,1024,64,65536,2509.46
2048,1024,64,131055,4917.77
2048,2048,0,0,125.045
2048,2048,1,16,137.152
2048,2048,1,32,137.941
2048,2048,1,64,138.091
2048,2048,1,128,137.898
2048,2048,1,256,137.536
2048,2048,1,512,138.102
2048,2048,1,1024,132.437
2048,2048,1,2048,140.682
2048,2048,1,4096,141.088
2048,2048,1,8192,146.453
2048,2048,1,16384,147.999
2048,2048,1,32768,164.277
2048,2048,1,65536,188.448
2048,2048,1,131055,226.314
2048,2048,2,16,137.429
2048,2048,2,32,137.706
2048,2048,2,64,133.205
2048,2048,2,128,137.909
2048,2048,2,256,138.464
2048,2048,2,512,138.304
2048,2048,2,1024,139.606
2048,2048,2,2048,142.154
2048,2048,2,4096,144.458
2048,2048,2,8192,150.805
2048,2048,2,16384,162.987
2048,2048,2,32768,186.358
2048,2048,2,65536,221.056
2048,2048,2,131055,294.026
2048,2048,4,16,132.374
2048,2048,4,32,132.703
2048,2048,4,64,132.565
2048,2048,4,128,137.696
2048,2048,4,256,137.909
2048,2048,4,512,138.614
2048,2048,4,1024,141.716
2048,2048,4,2048,143.317
2048,2048,4,4096,148.736
2048,2048,4,8192,156.726
2048,2048,4,16384,184.715
2048,2048,4,32768,224.554
2048,2048,4,65536,297.674
2048,2048,4,131055,441.173
2048,2048,8,16,137.909
2048,2048,8,32,138.262
2048,2048,8,64,137.963
2048,2048,8,128,137.984
2048,2048,8,256,133.632
2048,2048,8,512,141.354
2048,2048,8,1024,144.032
2048,2048,8,2048,149.141
2048,2048,8,4096,162.187
2048,2048,8,8192,184.363
2048,2048,8,16384,222.549
2048,2048,8,32768,295.253
2048,2048,8,65536,441.311
2048,2048,8,131055,724.553
2048,2048,16,16,136.33
2048,2048,16,32,136.598
2048,2048,16,64,136.736
2048,2048,16,128,136.682
2048,2048,16,256,134.901
2048,2048,16,512,142.965
2048,2048,16,1024,148.491
2048,2048,16,2048,161.461
2048,2048,16,4096,184.619
2048,2048,16,8192,223.221
2048,2048,16,16384,290.676
2048,2048,16,32768,439.796
2048,2048,16,65536,726.634
2048,2048,16,131055,1297.57
2048,2048,32,16,134.901
2048,2048,32,32,139.498
2048,2048,32,64,139.425
2048,2048,32,128,134.987
2048,2048,32,256,144.298
2048,2048,32,512,151.893
2048,2048,32,1024,163.445
2048,2048,32,2048,186.326
2048,2048,32,4096,224.116
2048,2048,32,8192,296.234
2048,2048,32,16384,441.514
2048,2048,32,32768,737.322
2048,2048,32,65536,1315.67
2048,2048,32,131055,2482.46
2048,2048,64,16,143.552
2048,2048,64,32,138.4
2048,2048,64,64,144.17
2048,2048,64,128,144.746
2048,2048,64,256,155.104
2048,2048,64,512,167.222
2048,2048,64,1024,188.64
2048,2048,64,2048,227.104
2048,2048,64,4096,298.731
2048,2048,64,8192,443.764
2048,2048,64,16384,735.7
2048,2048,64,32768,1338.34
2048,2048,64,65536,2531.93
2048,2048,64,131055,4937.96
2048,4096,0,0,178.305
2048,4096,1,16,190.549
2048,4096,1,32,191.392
2048,4096,1,64,191.84
2048,4096,1,128,191.477
2048,4096,1,256,191.605
2048,4096,1,512,191.103
2048,4096,1,1024,191.595
2048,4096,1,2048,193.333
2048,4096,1,4096,195.403
2048,4096,1,8192,199.807
2048,4096,1,16384,206.517
2048,4096,1,32768,217.024
2048,4096,1,65536,241.589
2048,4096,1,131055,278.955
2048,4096,2,16,191.04
2048,4096,2,32,190.581
2048,4096,2,64,190.794
2048,4096,2,128,190.666
2048,4096,2,256,191.434
2048,4096,2,512,192.117
2048,4096,2,1024,192.981
2048,4096,2,2048,195.232
2048,4096,2,4096,197.75
2048,4096,2,8192,203.67
2048,4096,2,16384,216.128
2048,4096,2,32768,238.773
2048,4096,2,65536,277.888
2048,4096,2,131055,350.943
2048,4096,4,16,190.549
2048,4096,4,32,191.103
2048,4096,4,64,191.328
2048,4096,4,128,190.592
2048,4096,4,256,191.371
2048,4096,4,512,192.021
2048,4096,4,1024,194.122
2048,4096,4,2048,197.237
2048,4096,4,4096,202.209
2048,4096,4,8192,213.557
2048,4096,4,16384,237.632
2048,4096,4,32768,276.321
2048,4096,4,65536,349.29
2048,4096,4,131055,493.856
2048,4096,8,16,190.773
2048,4096,8,32,190.752
2048,4096,8,64,192.012
2048,4096,8,128,190.794
2048,4096,8,256,191.968
2048,4096,8,512,194.527
2048,4096,8,1024,196.896
2048,4096,8,2048,203.435
2048,4096,8,4096,214.56
2048,4096,8,8192,237.567
2048,4096,8,16384,275.616
2048,4096,8,32768,347.798
2048,4096,8,65536,492.02
2048,4096,8,131055,776.842
2048,4096,16,16,189.194
2048,4096,16,32,189.216
2048,4096,16,64,189.535
2048,4096,16,128,190.399
2048,4096,16,256,194.656
2048,4096,16,512,196.149
2048,4096,16,1024,202.133
2048,4096,16,2048,214.603
2048,4096,16,4096,237.996
2048,4096,16,8192,276.288
2048,4096,16,16384,348.853
2048,4096,16,32768,490.613
2048,4096,16,65536,778.57
2048,4096,16,131055,1351.73
2048,4096,32,16,193.343
2048,4096,32,32,192.182
2048,4096,32,64,192.918
2048,4096,32,128,193.707
2048,4096,32,256,198.069
2048,4096,32,512,205.685
2048,4096,32,1024,217.184
2048,4096,32,2048,239.424
2048,4096,32,4096,277.653
2048,4096,32,8192,349.408
2048,4096,32,16384,499.189
2048,4096,32,32768,788.736
2048,4096,32,65536,1375.32
2048,4096,32,131055,2553.77
2048,4096,64,16,196.81
2048,4096,64,32,197.131
2048,4096,64,64,197.45
2048,4096,64,128,198.411
2048,4096,64,256,207.712
2048,4096,64,512,220.822
2048,4096,64,1024,241.973
2048,4096,64,2048,278.485
2048,4096,64,4096,350.677
2048,4096,64,8192,496.394
2048,4096,64,16384,796.618
2048,4096,64,32768,1385.28
2048,4096,64,65536,2581.67
2048,4096,64,131055,4989.93
2048,8192,0,0,284.565
2048,8192,1,16,296.853
2048,8192,1,32,296.406
2048,8192,1,64,295.69
2048,8192,1,128,295.807
2048,8192,1,256,297.141
2048,8192,1,512,297.248
2048,8192,1,1024,297.706
2048,8192,1,2048,298.315
2048,8192,1,4096,299.819
2048,8192,1,8192,304.363
2048,8192,1,16384,310.699
2048,8192,1,32768,322.208
2048,8192,1,65536,345.866
2048,8192,1,131055,383.146
2048,8192,2,16,295.552
2048,8192,2,32,296.203
2048,8192,2,64,296.46
2048,8192,2,128,296.042
2048,8192,2,256,297.109
2048,8192,2,512,298.091
2048,8192,2,1024,298.441
2048,8192,2,2048,299.999
2048,8192,2,4096,302.122
2048,8192,2,8192,308.661
2048,8192,2,16384,320.416
2048,8192,2,32768,344.543
2048,8192,2,65536,380.981
2048,8192,2,131055,453.482
2048,8192,4,16,294.976
2048,8192,4,32,295.221
2048,8192,4,64,295.136
2048,8192,4,128,295.498
2048,8192,4,256,296.885
2048,8192,4,512,296.223
2048,8192,4,1024,299.669
2048,8192,4,2048,300.811
2048,8192,4,4096,305.856
2048,8192,4,8192,319.296
2048,8192,4,16384,343.05
2048,8192,4,32768,380.554
2048,8192,4,65536,452.416
2048,8192,4,131055,596.672
2048,8192,8,16,295.509
2048,8192,8,32,296.982
2048,8192,8,64,295.509
2048,8192,8,128,297.035
2048,8192,8,256,297.813
2048,8192,8,512,298.678
2048,8192,8,1024,302.741
2048,8192,8,2048,306.879
2048,8192,8,4096,319.552
2048,8192,8,8192,341.867
2048,8192,8,16384,380.033
2048,8192,8,32768,451.713
2048,8192,8,65536,593.824
2048,8192,8,131055,881.855
2048,8192,16,16,294.88
2048,8192,16,32,294.666
2048,8192,16,64,295.872
2048,8192,16,128,297.13
2048,8192,16,256,297.504
2048,8192,16,512,302.24
2048,8192,16,1024,307.648
2048,8192,16,2048,319.915
2048,8192,16,4096,342.623
2048,8192,16,8192,380.277
2048,8192,16,16384,451.839
2048,8192,16,32768,595.03
2048,8192,16,65536,881.141
2048,8192,16,131055,1453.66
2048,8192,32,16,299.403
2048,8192,32,32,298.421
2048,8192,32,64,298.998
2048,8192,32,128,300.16
2048,8192,32,256,303.489
2048,8192,32,512,309.333
2048,8192,32,1024,321.291
2048,8192,32,2048,342.421
2048,8192,32,4096,380.864
2048,8192,32,8192,454.357
2048,8192,32,16384,602.88
2048,8192,32,32768,890.731
2048,8192,32,65536,1470.55
2048,8192,32,131055,2645.18
2048,8192,64,16,303.488
2048,8192,64,32,303.306
2048,8192,64,64,303.306
2048,8192,64,128,303.872
2048,8192,64,256,314.336
2048,8192,64,512,325.227
2048,8192,64,1024,345.867
2048,8192,64,2048,381.183
2048,8192,64,4096,454.421
2048,8192,64,8192,600.586
2048,8192,64,16384,895.743
2048,8192,64,32768,1487.22
2048,8192,64,65536,2676.16
2048,8192,64,131055,5090.26
2048,16384,0,0,491.243
2048,16384,1,16,503.701
2048,16384,1,32,504.149
2048,16384,1,64,503.135
2048,16384,1,128,503.445
2048,16384,1,256,503.5
2048,16384,1,512,505.62
2048,16384,1,1024,505.781
2048,16384,1,2048,507.392
2048,16384,1,4096,507.701
2048,16384,1,8192,510.858
2048,16384,1,16384,518.048
2048,16384,1,32768,529.28
2048,16384,1,65536,549.417
2048,16384,1,131055,586.805
2048,16384,2,16,502.358
2048,16384,2,32,503.616
2048,16384,2,64,502.562
2048,16384,2,128,504.416
2048,16384,2,256,503.104
2048,16384,2,512,503.617
2048,16384,2,1024,504.394
2048,16384,2,2048,507.029
2048,16384,2,4096,510.101
2048,16384,2,8192,514.666
2048,16384,2,16384,528.267
2048,16384,2,32768,547.754
2048,16384,2,65536,585.034
2048,16384,2,131055,655.85
2048,16384,4,16,501.652
2048,16384,4,32,501.279
2048,16384,4,64,503.946
2048,16384,4,128,502.496
2048,16384,4,256,503.072
2048,16384,4,512,503.136
2048,16384,4,1024,505.302
2048,16384,4,2048,508.842
2048,16384,4,4096,514.004
2048,16384,4,8192,525.514
2048,16384,4,16384,546.646
2048,16384,4,32768,584.308
2048,16384,4,65536,655.04
2048,16384,4,131055,798.016
2048,16384,8,16,504.373
2048,16384,8,32,503.989
2048,16384,8,64,503.039
2048,16384,8,128,502.282
2048,16384,8,256,504.586
2048,16384,8,512,504.649
2048,16384,8,1024,507.893
2048,16384,8,2048,514.122
2048,16384,8,4096,525.706
2048,16384,8,8192,545.632
2048,16384,8,16384,582.976
2048,16384,8,32768,653.781
2048,16384,8,65536,797.023
2048,16384,8,131055,1082.53
2048,16384,16,16,502.378
2048,16384,16,32,501.696
2048,16384,16,64,502.539
2048,16384,16,128,502.174
2048,16384,16,256,504.138
2048,16384,16,512,508.512
2048,16384,16,1024,513.365
2048,16384,16,2048,525.569
2048,16384,16,4096,546.219
2048,16384,16,8192,582.784
2048,16384,16,16384,652.554
2048,16384,16,32768,796.693
2048,16384,16,65536,1080.98
2048,16384,16,131055,1651.39
2048,16384,32,16,505.077
2048,16384,32,32,505.673
2048,16384,32,64,505.397
2048,16384,32,128,506.421
2048,16384,32,256,510.464
2048,16384,32,512,517.364
2048,16384,32,1024,527.935
2048,16384,32,2048,547.157
2048,16384,32,4096,582.165
2048,16384,32,8192,654.24
2048,16384,32,16384,800.298
2048,16384,32,32768,1095.25
2048,16384,32,65536,1674.84
2048,16384,32,131055,2833.64
2048,16384,64,16,511.243
2048,16384,64,32,510.218
2048,16384,64,64,511.05
2048,16384,64,128,511.253
2048,16384,64,256,520.075
2048,16384,64,512,531.199
2048,16384,64,1024,548.735
2048,16384,64,2048,584.288
2048,16384,64,4096,657.77
2048,16384,64,8192,801.483
2048,16384,64,16384,1097.43
2048,16384,64,32768,1688.46
2048,16384,64,65536,2899.04
2048,16384,64,131055,5290.09
2048,32768,0,0,881.45
2048,32768,1,16,891.828
2048,32768,1,32,892.852
2048,32768,1,64,892.383
2048,32768,1,128,892.789
2048,32768,1,256,892.713
2048,32768,1,512,892.287
2048,32768,1,1024,894.593
2048,32768,1,2048,893.749
2048,32768,1,4096,895.827
2048,32768,1,8192,900.427
2048,32768,1,16384,902.316
2048,32768,1,32768,914.848
2048,32768,1,65536,933.75
2048,32768,1,131055,972.64
2048,32768,2,16,892.203
2048,32768,2,32,891.563
2048,32768,2,64,891.649
2048,32768,2,128,892.832
2048,32768,2,256,892.02
2048,32768,2,512,892.777
2048,32768,2,1024,894.964
2048,32768,2,2048,895.284
2048,32768,2,4096,897.771
2048,32768,2,8192,900.767
2048,32768,2,16384,912.522
2048,32768,2,32768,931.893
2048,32768,2,65536,968.534
2048,32768,2,131055,1041.36
2048,32768,4,16,891.595
2048,32768,4,32,890.121
2048,32768,4,64,891.328
2048,32768,4,128,891.274
2048,32768,4,256,892.458
2048,32768,4,512,893.748
2048,32768,4,1024,893.066
2048,32768,4,2048,895.981
2048,32768,4,4096,900.096
2048,32768,4,8192,910.358
2048,32768,4,16384,930.027
2048,32768,4,32768,966.953
2048,32768,4,65536,1038.5
2048,32768,4,131055,1182.07
2048,32768,8,16,891.373
2048,32768,8,32,892.437
2048,32768,8,64,891.723
2048,32768,8,128,892.277
2048,32768,8,256,892.885
2048,32768,8,512,893.015
2048,32768,8,1024,895.284
2048,32768,8,2048,900.639
2048,32768,8,4096,909.589
2048,32768,8,8192,929.514
2048,32768,8,16384,966.538
2048,32768,8,32768,1035.05
2048,32768,8,65536,1180.41
2048,32768,8,131055,1464.77
2048,32768,16,16,891.692
2048,32768,16,32,891.478
2048,32768,16,64,890.688
2048,32768,16,128,890.964
2048,32768,16,256,892.086
2048,32768,16,512,895.681
2048,32768,16,1024,899.487
2048,32768,16,2048,911.242
2048,32768,16,4096,930.314
2048,32768,16,8192,966.005
2048,32768,16,16384,1036.56
2048,32768,16,32768,1179.37
2048,32768,16,65536,1462.83
2048,32768,16,131055,2037.43
2048,32768,32,16,894.284
2048,32768,32,32,894.463
2048,32768,32,64,894.272
2048,32768,32,128,894.538
2048,32768,32,256,896.682
2048,32768,32,512,902.528
2048,32768,32,1024,912.235
2048,32768,32,2048,932.106
2048,32768,32,4096,968.16
2048,32768,32,8192,1039.64
2048,32768,32,16384,1185.03
2048,32768,32,32768,1475.56
2048,32768,32,65536,2054.8
2048,32768,32,131055,3216.62
2048,32768,64,16,900.149
2048,32768,64,32,898.603
2048,32768,64,64,898.485
2048,32768,64,128,898.986
2048,32768,64,256,907.669
2048,32768,64,512,915.851
2048,32768,64,1024,933.364
2048,32768,64,2048,969.365
2048,32768,64,4096,1042.1
2048,32768,64,8192,1185.45
2048,32768,64,16384,1474.85
2048,32768,64,32768,2070.32
2048,32768,64,65536,3279.24
2048,32768,64,131055,5678.49
2048,65536,0,0,1643.21
2048,65536,1,16,1655.81
2048,65536,1,32,1653.93
2048,65536,1,64,1653.24
2048,65536,1,128,1655.72
2048,65536,1,256,1655.21
2048,65536,1,512,1654.77
2048,65536,1,1024,1657.15
2048,65536,1,2048,1657.97
2048,65536,1,4096,1656.9
2048,65536,1,8192,1662.02
2048,65536,1,16384,1665.46
2048,65536,1,32768,1677.17
2048,65536,1,65536,1693.18
2048,65536,1,131055,1730
2048,65536,2,16,1653.57
2048,65536,2,32,1654.55
2048,65536,2,64,1653.4
2048,65536,2,128,1654.98
2048,65536,2,256,1655.37
2048,65536,2,512,1655.67
2048,65536,2,1024,1654.25
2048,65536,2,2048,1655.55
2048,65536,2,4096,1658.66
2048,65536,2,8192,1662.32
2048,65536,2,16384,1673.13
2048,65536,2,32768,1691.79
2048,65536,2,65536,1728.72
2048,65536,2,131055,1799.22
2048,65536,4,16,1653.66
2048,65536,4,32,1654.37
2048,65536,4,64,1655.03
2048,65536,4,128,1654.62
2048,65536,4,256,1655.76
2048,65536,4,512,1654.58
2048,65536,4,1024,1655.21
2048,65536,4,2048,1657.07
2048,65536,4,4096,1661.76
2048,65536,4,8192,1672.53
2048,65536,4,16384,1689.02
2048,65536,4,32768,1727.99
2048,65536,4,65536,1798.46
2048,65536,4,131055,1938.07
2048,65536,8,16,1655.24
2048,65536,8,32,1655.36
2048,65536,8,64,1653.68
2048,65536,8,128,1654.58
2048,65536,8,256,1655.32
2048,65536,8,512,1656.24
2048,65536,8,1024,1658.8
2048,65536,8,2048,1663.15
2048,65536,8,4096,1673.13
2048,65536,8,8192,1689.49
2048,65536,8,16384,1726.83
2048,65536,8,32768,1796.79
2048,65536,8,65536,1936.29
2048,65536,8,131055,2223.91
2048,65536,16,16,1653.04
2048,65536,16,32,1653.94
2048,65536,16,64,1653.48
2048,65536,16,128,1654.96
2048,65536,16,256,1656.03
2048,65536,16,512,1659.33
2048,65536,16,1024,1662.79
2048,65536,16,2048,1672.99
2048,65536,16,4096,1690.8
2048,65536,16,8192,1726.52
2048,65536,16,16384,1797.85
2048,65536,16,32768,1937.8
2048,65536,16,65536,2223.83
2048,65536,16,131055,2793.72
2048,65536,32,16,1657.41
2048,65536,32,32,1656.91
2048,65536,32,64,1657.57
2048,65536,32,128,1656.73
2048,65536,32,256,1659.53
2048,65536,32,512,1663.9
2048,65536,32,1024,1672.88
2048,65536,32,2048,1692.92
2048,65536,32,4096,1727.7
2048,65536,32,8192,1798.98
2048,65536,32,16384,1944.27
2048,65536,32,32768,2231.9
2048,65536,32,65536,2814.41
2048,65536,32,131055,3979.17
2048,65536,64,16,1660.34
2048,65536,64,32,1657.76
2048,65536,64,64,1660.85
2048,65536,64,128,1659.87
2048,65536,64,256,1667.82
2048,65536,64,512,1677.25
2048,65536,64,1024,1693.73
2048,65536,64,2048,1730.32
2048,65536,64,4096,1802.57
2048,65536,64,8192,1946.66
2048,65536,64,16384,2235.47
2048,65536,64,32768,2840.74
2048,65536,64,65536,4040.08
2048,65536,64,131055,6395.77
4096,0,0,0,177.845
4096,0,1,16,190.635
4096,0,1,32,190.282
4096,0,1,64,190.229
4096,0,1,128,189.493
4096,0,1,256,190.143
4096,0,1,512,190.602
4096,0,1,1024,190.847
4096,0,1,2048,194.123
4096,0,1,4096,194.592
4096,0,1,8192,198.816
4096,0,1,16384,205.355
4096,0,1,32768,218.165
4096,0,1,65536,241.397
4096,0,1,131055,281.364
4096,0,2,16,191.807
4096,0,2,32,190.912
4096,0,2,64,190.731
4096,0,2,128,190.506
4096,0,2,256,191.071
4096,0,2,512,191.445
4096,0,2,1024,192.278
4096,0,2,2048,195.413
4096,0,2,4096,197.344
4096,0,2,8192,203.882
4096,0,2,16384,216.554
4096,0,2,32768,239.402
4096,0,2,65536,279.817
4096,0,2,131055,352.223
4096,0,4,16,190.378
4096,0,4,32,190.432
4096,0,4,64,190.837
4096,0,4,128,192.095
4096,0,4,256,190.687
4096,0,4,512,192.043
4096,0,4,1024,193.941
4096,0,4,2048,195.413
4096,0,4,4096,202.763
4096,0,4,8192,214.036
4096,0,4,16384,239.36
4096,0,4,32768,278.656
4096,0,4,65536,351.51
4096,0,4,131055,494.943
4096,0,8,16,191.574
4096,0,8,32,190.965
4096,0,8,64,190.453
4096,0,8,128,190.165
4096,0,8,256,191.819
4096,0,8,512,194.294
4096,0,8,1024,196.896
4096,0,8,2048,203.253
4096,0,8,4096,215.372
4096,0,8,8192,238.272
4096,0,8,16384,277.888
4096,0,8,32768,349.621
4096,0,8,65536,492.618
4096,0,8,131055,778.41
4096,0,16,16,189.472
4096,0,16,32,189.878
4096,0,16,64,190.037
4096,0,16,128,189.707
4096,0,16,256,192.96
4096,0,16,512,195.232
4096,0,16,1024,201.75
4096,0,16,2048,214.368
4096,0,16,4096,237.716
4096,0,16,8192,276.8
4096,0,16,16384,350.315
4096,0,16,32768,492.981
4096,0,16,65536,780.564
4096,0,16,131055,1352.03
4096,0,32,16,193.194
4096,0,32,32,192.234
4096,0,32,64,193.098
4096,0,32,128,194.251
4096,0,32,256,196.97
4096,0,32,512,205.984
4096,0,32,1024,217.483
4096,0,32,2048,240.512
4096,0,32,4096,277.951
4096,0,32,8192,350.836
4096,0,32,16384,497.141
4096,0,32,32768,794.579
4096,0,32,65536,1371.38
4096,0,32,131055,2535.29
4096,0,64,16,197.567
4096,0,64,32,197.195
4096,0,64,64,197.536
4096,0,64,128,197.984
4096,0,64,256,208.203
4096,0,64,512,219.637
4096,0,64,1024,242.826
4096,0,64,2048,280.789
4096,0,64,4096,352.65
4096,0,64,8192,497.865
4096,0,64,16384,795.027
4096,0,64,32768,1387.47
4096,0,64,65536,2580.36
4096,0,64,131055,4987.42
4096,16,0,0,186.698
4096,16,1,16,198.773
4096,16,1,32,197.771
4096,16,1,64,197.258
4096,16,1,128,197.802
4096,16,1,256,197.952
4096,16,1,512,198.08
4096,16,1,1024,197.951
4096,16,1,2048,198.996
4096,16,1,4096,201.685
4096,16,1,8192,206.57
4096,16,1,16384,213.632
4096,16,1,32768,224.255
4096,16,1,65536,248.789
4096,16,1,131055,288.15
4096,16,2,16,198.219
4096,16,2,32,198.218
4096,16,2,64,198.037
4096,16,2,128,197.845
4096,16,2,256,198.282
4096,16,2,512,197.952
4096,16,2,1024,200.554
4096,16,2,2048,201.376
4096,16,2,4096,205.429
4096,16,2,8192,211.05
4096,16,2,16384,223.146
4096,16,2,32768,248.255
4096,16,2,65536,286.133
4096,16,2,131055,359.456
4096,16,4,16,198.742
4096,16,4,32,196.917
4096,16,4,64,198.485
4096,16,4,128,198.217
4096,16,4,256,198.261
4096,16,4,512,199.967
4096,16,4,1024,202.059
4096,16,4,2048,204.043
4096,16,4,4096,208.779
4096,16,4,8192,221.866
4096,16,4,16384,245.226
4096,16,4,32768,286.72
4096,16,4,65536,358.517
4096,16,4,131055,504.319
4096,16,8,16,198.73
4096,16,8,32,198.549
4096,16,8,64,198.603
4096,16,8,128,199.286
4096,16,8,256,198.954
4096,16,8,512,202.038
4096,16,8,1024,203.67
4096,16,8,2048,210.56
4096,16,8,4096,223.519
4096,16,8,8192,245.973
4096,16,8,16384,285.642
4096,16,8,32768,357.493
4096,16,8,65536,500.608
4096,16,8,131055,786.165
4096,16,16,16,197.28
4096,16,16,32,196.8
4096,16,16,64,196.885
4096,16,16,128,197.814
4096,16,16,256,200.746
4096,16,16,512,204.748
4096,16,16,1024,210.549
4096,16,16,2048,222.517
4096,16,16,4096,245.653
4096,16,16,8192,285.237
4096,16,16,16384,356.821
4096,16,16,32768,500.127
4096,16,16,65536,787.401
4096,16,16,131055,1360.79
4096,16,32,16,200.235
4096,16,32,32,201.482
4096,16,32,64,199.947
4096,16,32,128,201.803
4096,16,32,256,205.909
4096,16,32,512,213.12
4096,16,32,1024,224.544
4096,16,32,2048,247.083
4096,16,32,4096,285.899
4096,16,32,8192,358.346
4096,16,32,16384,506.911
4096,16,32,32768,797.588
4096,16,32,65536,1380.9
4096,16,32,131055,2546.82
4096,16,64,16,203.019
4096,16,64,32,205.088
4096,16,64,64,204.885
4096,16,64,128,205.578
4096,16,64,256,216.256
4096,16,64,512,228.182
4096,16,64,1024,250.251
4096,16,64,2048,289.824
4096,16,64,4096,359.775
4096,16,64,8192,505.279
4096,16,64,16384,796.201
4096,16,64,32768,1384.2
4096,16,64,65536,2582.43
4096,16,64,131055,4955.51
4096,32,0,0,184.427
4096,32,1,16,197.024
4096,32,1,32,197.215
4096,32,1,64,197.707
4096,32,1,128,197.633
4096,32,1,256,197.642
4096,32,1,512,197.845
4096,32,1,1024,197.696
4096,32,1,2048,199.189
4096,32,1,4096,202.059
4096,32,1,8192,208.287
4096,32,1,16384,213.749
4096,32,1,32768,226.166
4096,32,1,65536,250.24
4096,32,1,131055,287.712
4096,32,2,16,199.071
4096,32,2,32,198.123
4096,32,2,64,198.613
4096,32,2,128,197.803
4096,32,2,256,197.536
4096,32,2,512,199.222
4096,32,2,1024,199.424
4096,32,2,2048,201.344
4096,32,2,4096,205.6
4096,32,2,8192,211.647
4096,32,2,16384,223.103
4096,32,2,32768,247.328
4096,32,2,65536,286.111
4096,32,2,131055,359.509
4096,32,4,16,198.133
4096,32,4,32,198.603
4096,32,4,64,198.005
4096,32,4,128,198.708
4096,32,4,256,198.389
4096,32,4,512,199.402
4096,32,4,1024,201.461
4096,32,4,2048,204.491
4096,32,4,4096,208.533
4096,32,4,8192,221.333
4096,32,4,16384,246.068
4096,32,4,32768,285.717
4096,32,4,65536,358.42
4096,32,4,131055,504.063
4096,32,8,16,197.567
4096,32,8,32,199.37
4096,32,8,64,198.358
4096,32,8,128,199.179
4096,32,8,256,198.741
4096,32,8,512,201.855
4096,32,8,1024,203.712
4096,32,8,2048,211.189
4096,32,8,4096,222.805
4096,32,8,8192,245.93
4096,32,8,16384,284.426
4096,32,8,32768,355.829
4096,32,8,65536,500.095
4096,32,8,131055,785.994
4096,32,16,16,196.746
4096,32,16,32,197.418
4096,32,16,64,196.906
4096,32,16,128,197.675
4096,32,16,256,199.37
4096,32,16,512,203.369
4096,32,16,1024,209.931
4096,32,16,2048,222.816
4096,32,16,4096,245.77
4096,32,16,8192,285.525
4096,32,16,16384,356.299
4096,32,16,32768,501.023
4096,32,16,65536,787.818
4096,32,16,131055,1360.65
4096,32,32,16,199.69
4096,32,32,32,199.958
4096,32,32,64,200.938
4096,32,32,128,202.079
4096,32,32,256,205.909
4096,32,32,512,213.557
4096,32,32,1024,225.419
4096,32,32,2048,247.125
4096,32,32,4096,285.686
4096,32,32,8192,358.154
4096,32,32,16384,507.915
4096,32,32,32768,797.48
4096,32,32,65536,1376.79
4096,32,32,131055,2536.79
4096,32,64,16,204.726
4096,32,64,32,205.034
4096,32,64,64,204.832
4096,32,64,128,204.757
4096,32,64,256,215.103
4096,32,64,512,227.189
4096,32,64,1024,250.154
4096,32,64,2048,289.002
4096,32,64,4096,360.373
4096,32,64,8192,504.863
4096,32,64,16384,804.852
4096,32,64,32768,1390.39
4096,32,64,65536,2582.42
4096,32,64,131055,4988.64
4096,64,0,0,184.896
4096,64,1,16,197.526
4096,64,1,32,197.888
4096,64,1,64,197.269
4096,64,1,128,197.247
4096,64,1,256,197.526
4096,64,1,512,199.221
4096,64,1,1024,197.685
4096,64,1,2048,198.804
4096,64,1,4096,199.744
4096,64,1,8192,206.592
4096,64,1,16384,214.293
4096,64,1,32768,225.119
4096,64,1,65536,248.885
4096,64,1,131055,288.703
4096,64,2,16,197.237
4096,64,2,32,197.557
4096,64,2,64,196.895
4096,64,2,128,198.485
4096,64,2,256,199.766
4096,64,2,512,198.464
4096,64,2,1024,198.645
4096,64,2,2048,201.535
4096,64,2,4096,205.334
4096,64,2,8192,211.2
4096,64,2,16384,222.72
4096,64,2,32768,247.861
4096,64,2,65536,286.751
4096,64,2,131055,361.418
4096,64,4,16,196.928
4096,64,4,32,198.144
4096,64,4,64,199.254
4096,64,4,128,199.243
4096,64,4,256,199.477
4096,64,4,512,200.053
4096,64,4,1024,201.663
4096,64,4,2048,204.255
4096,64,4,4096,209.354
4096,64,4,8192,221.909
4096,64,4,16384,245.663
4096,64,4,32768,284.683
4096,64,4,65536,356.873
4096,64,4,131055,502.622
4096,64,8,16,199.584
4096,64,8,32,198.133
4096,64,8,64,198.4
4096,64,8,128,196.746
4096,64,8,256,198.634
4096,64,8,512,202.751
4096,64,8,1024,203.999
4096,64,8,2048,211.082
4096,64,8,4096,222.357
4096,64,8,8192,245.547
4096,64,8,16384,284.98
4096,64,8,32768,357.162
4096,64,8,65536,499.541
4096,64,8,131055,785.695
4096,64,16,16,196.405
4096,64,16,32,197.076
4096,64,16,64,197.643
4096,64,16,128,196.586
4096,64,16,256,200
4096,64,16,512,204.053
4096,64,16,1024,209.641
4096,64,16,2048,221.354
4096,64,16,4096,246.827
4096,64,16,8192,284.714
4096,64,16,16384,357.94
4096,64,16,32768,501.322
4096,64,16,65536,787.273
4096,64,16,131055,1361.47
4096,64,32,16,200.277
4096,64,32,32,200.639
4096,64,32,64,199.776
4096,64,32,128,201.631
4096,64,32,256,205.088
4096,64,32,512,212.65
4096,64,32,1024,226.069
4096,64,32,2048,246.634
4096,64,32,4096,286.09
4096,64,32,8192,359.22
4096,64,32,16384,505.215
4096,64,32,32768,799.081
4096,64,32,65536,1381.57
4096,64,32,131055,2546.49
4096,64,64,16,204.406
4096,64,64,32,205.781
4096,64,64,64,205.205
4096,64,64,128,205.536
4096,64,64,256,215.701
4096,64,64,512,227.701
4096,64,64,1024,249.685
4096,64,64,2048,287.733
4096,64,64,4096,360.789
4096,64,64,8192,508.223
4096,64,64,16384,799.636
4096,64,64,32768,1398.29
4096,64,64,65536,2585.67
4096,64,64,131055,4994.15
4096,128,0,0,183.072
4096,128,1,16,197.184
4096,128,1,32,196.513
4096,128,1,64,198.132
4096,128,1,128,196.971
4096,128,1,256,196.928
4096,128,1,512,196.651
4096,128,1,1024,198.474
4096,128,1,2048,197.643
4096,128,1,4096,200.778
4096,128,1,8192,206.047
4096,128,1,16384,211.285
4096,128,1,32768,225.13
4096,128,1,65536,248.181
4096,128,1,131055,287.242
4096,128,2,16,196.319
4096,128,2,32,196.501
4096,128,2,64,197.216
4096,128,2,128,196.639
4096,128,2,256,197.003
4096,128,2,512,197.536
4096,128,2,1024,198.742
4096,128,2,2048,201.334
4096,128,2,4096,204.106
4096,128,2,8192,210.272
4096,128,2,16384,222.784
4096,128,2,32768,245.813
4096,128,2,65536,285.685
4096,128,2,131055,358.517
4096,128,4,16,197.397
4096,128,4,32,197.365
4096,128,4,64,197.547
4096,128,4,128,197.194
4096,128,4,256,197.44
4096,128,4,512,197.834
4096,128,4,1024,200.406
4096,128,4,2048,204.65
4096,128,4,4096,209.546
4096,128,4,8192,221.387
4096,128,4,16384,245.301
4096,128,4,32768,285.173
4096,128,4,65536,358.165
4096,128,4,131055,500.884
4096,128,8,16,198.528
4096,128,8,32,197.535
4096,128,8,64,196.97
4096,128,8,128,197.653
4096,128,8,256,197.055
4096,128,8,512,200.639
4096,128,8,1024,203.392
4096,128,8,2048,208.524
4096,128,8,4096,221.856
4096,128,8,8192,244.245
4096,128,8,16384,284.223
4096,128,8,32768,357.205
4096,128,8,65536,499.764
4096,128,8,131055,787.06
4096,128,16,16,196.032
4096,128,16,32,196.575
4096,128,16,64,196.298
4096,128,16,128,196.576
4096,128,16,256,198.368
4096,128,16,512,201.994
4096,128,16,1024,209.269
4096,128,16,2048,221.439
4096,128,16,4096,245.301
4096,128,16,8192,284.479
4096,128,16,16384,356.479
4096,128,16,32768,500.307
4096,128,16,65536,790.922
4096,128,16,131055,1359.89
4096,128,32,16,199.167
4096,128,32,32,199.061
4096,128,32,64,199.306
4096,128,32,128,199.935
4096,128,32,256,205.258
4096,128,32,512,211.296
4096,128,32,1024,223.029
4096,128,32,2048,246.335
4096,128,32,4096,285.908
4096,128,32,8192,359.348
4096,128,32,16384,507.925
4096,128,32,32768,797.268
4096,128,32,65536,1377.7
4096,128,32,131055,2539.26
4096,128,64,16,204.362
4096,128,64,32,203.328
4096,128,64,64,203.829
4096,128,64,128,204.299
4096,128,64,256,214.186
4096,128,64,512,226.72
4096,128,64,1024,248.298
4096,128,64,2048,287.744
4096,128,64,4096,359.231
4096,128,64,8192,507.316
4096,128,64,16384,798.602
4096,128,64,32768,1393.85
4096,128,64,65536,2604.5
4096,128,64,131055,4998.72
4096,256,0,0,189.964
4096,256,1,16,205.046
4096,256,1,32,203.786
4096,256,1,64,202.805
4096,256,1,128,202.4
4096,256,1,256,203.861
4096,256,1,512,203.071
4096,256,1,1024,202.933
4096,256,1,2048,203.745
4096,256,1,4096,206.443
4096,256,1,8192,212.159
4096,256,1,16384,218.859
4096,256,1,32768,230.102
4096,256,1,65536,254.273
4096,256,1,131055,294.591
4096,256,2,16,203.201
4096,256,2,32,203.274
4096,256,2,64,201.504
4096,256,2,128,202.804
4096,256,2,256,203.861
4096,256,2,512,203.765
4096,256,2,1024,204.876
4096,256,2,2048,206.922
4096,256,2,4096,210.677
4096,256,2,8192,217.29
4096,256,2,16384,228.234
4096,256,2,32768,251.797
4096,256,2,65536,292.758
4096,256,2,131055,364.17
4096,256,4,16,202.495
4096,256,4,32,203.68
4096,256,4,64,202.581
4096,256,4,128,204.939
4096,256,4,256,203.38
4096,256,4,512,203.477
4096,256,4,1024,207.552
4096,256,4,2048,209.184
4096,256,4,4096,216.8
4096,256,4,8192,227.413
4096,256,4,16384,250.933
4096,256,4,32768,291.072
4096,256,4,65536,363.627
4096,256,4,131055,508.639
4096,256,8,16,204.128
4096,256,8,32,202.645
4096,256,8,64,202.87
4096,256,8,128,203.636
4096,256,8,256,203.691
4096,256,8,512,207.178
4096,256,8,1024,210.251
4096,256,8,2048,216.672
4096,256,8,4096,228.33
4096,256,8,8192,250.656
4096,256,8,16384,290.539
4096,256,8,32768,361.952
4096,256,8,65536,506.783
4096,256,8,131055,790.697
4096,256,16,16,202.624
4096,256,16,32,201.515
4096,256,16,64,202.261
4096,256,16,128,203.083
4096,256,16,256,204.95
4096,256,16,512,208.906
4096,256,16,1024,215.274
4096,256,16,2048,228.053
4096,256,16,4096,252.042
4096,256,16,8192,290.591
4096,256,16,16384,362.911
4096,256,16,32768,506.751
4096,256,16,65536,793.567
4096,256,16,131055,1365
4096,256,32,16,205.376
4096,256,32,32,205.195
4096,256,32,64,205.429
4096,256,32,128,206.42
4096,256,32,256,210.314
4096,256,32,512,217.994
4096,256,32,1024,229.226
4096,256,32,2048,252.15
4096,256,32,4096,293.269
4096,256,32,8192,366.847
4096,256,32,16384,511.38
4096,256,32,32768,803.071
4096,256,32,65536,1391.38
4096,256,32,131055,2547.65
4096,256,64,16,209.567
4096,256,64,32,209.333
4096,256,64,64,210.367
4096,256,64,128,210.997
4096,256,64,256,220.854
4096,256,64,512,232.927
4096,256,64,1024,254.806
4096,256,64,2048,294.123
4096,256,64,4096,365.664
4096,256,64,8192,514.302
4096,256,64,16384,807.88
4096,256,64,32768,1399.28
4096,256,64,65536,2568.98
4096,256,64,131055,5002.29
4096,512,0,0,204.736
4096,512,1,16,216.362
4096,512,1,32,217.249
4096,512,1,64,217.738
4096,512,1,128,216.906
4096,512,1,256,216.15
4096,512,1,512,216.629
4096,512,1,1024,217.215
4096,512,1,2048,216.715
4096,512,1,4096,218.005
4096,512,1,8192,225.046
4096,512,1,16384,231.595
4096,512,1,32768,244.052
4096,512,1,65536,267.626
4096,512,1,131055,306.197
4096,512,2,16,216.692
4096,512,2,32,215.69
4096,512,2,64,215.766
4096,512,2,128,216.299
4096,512,2,256,217.269
4096,512,2,512,216.885
4096,512,2,1024,218.229
4096,512,2,2048,220.426
4096,512,2,4096,221.92
4096,512,2,8192,231.05
4096,512,2,16384,242.079
4096,512,2,32768,265.963
4096,512,2,65536,304
4096,512,2,131055,378.666
4096,512,4,16,217.663
4096,512,4,32,215.296
4096,512,4,64,215.04
4096,512,4,128,216.416
4096,512,4,256,216.448
4096,512,4,512,217.108
4096,512,4,1024,218.998
4096,512,4,2048,223.168
4096,512,4,4096,228.213
4096,512,4,8192,240.352
4096,512,4,16384,263.68
4096,512,4,32768,304.245
4096,512,4,65536,376.586
4096,512,4,131055,520.042
4096,512,8,16,216.352
4096,512,8,32,218.283
4096,512,8,64,216.149
4096,512,8,128,217.695
4096,512,8,256,217.12
4096,512,8,512,219.541
4096,512,8,1024,222.709
4096,512,8,2048,228.874
4096,512,8,4096,240.746
4096,512,8,8192,263.745
4096,512,8,16384,303.446
4096,512,8,32768,376.319
4096,512,8,65536,518.218
4096,512,8,131055,805.492
4096,512,16,16,214.923
4096,512,16,32,216.021
4096,512,16,64,215.467
4096,512,16,128,216.117
4096,512,16,256,219.306
4096,512,16,512,222.155
4096,512,16,1024,227.231
4096,512,16,2048,240.436
4096,512,16,4096,264.096
4096,512,16,8192,303.413
4096,512,16,16384,374.41
4096,512,16,32768,517.685
4096,512,16,65536,807.253
4096,512,16,131055,1376.95
4096,512,32,16,218.539
4096,512,32,32,218.901
4096,512,32,64,218.592
4096,512,32,128,219.509
4096,512,32,256,223.124
4096,512,32,512,230.837
4096,512,32,1024,243.285
4096,512,32,2048,265.237
4096,512,32,4096,304.15
4096,512,32,8192,379.871
4096,512,32,16384,526.848
4096,512,32,32768,819.721
4096,512,32,65536,1399.18
4096,512,32,131055,2556.65
4096,512,64,16,223.349
4096,512,64,32,223.402
4096,512,64,64,223.488
4096,512,64,128,224.149
4096,512,64,256,234.228
4096,512,64,512,246.752
4096,512,64,1024,268.01
4096,512,64,2048,307.253
4096,512,64,4096,379.402
4096,512,64,8192,525.876
4096,512,64,16384,815.166
4096,512,64,32768,1407.25
4096,512,64,65536,2615.93
4096,512,64,131055,5020.63
4096,1024,0,0,229.931
4096,1024,1,16,241.877
4096,1024,1,32,242.442
4096,1024,1,64,243.071
4096,1024,1,128,241.301
4096,1024,1,256,240.767
4096,1024,1,512,243.019
4096,1024,1,1024,242.347
4096,1024,1,2048,242.645
4096,1024,1,4096,245.589
4096,1024,1,8192,252.32
4096,1024,1,16384,258.784
4096,1024,1,32768,269.685
4096,1024,1,65536,293.845
4096,1024,1,131055,332.929
4096,1024,2,16,242.997
4096,1024,2,32,242.901
4096,1024,2,64,243.135
4096,1024,2,128,244.053
4096,1024,2,256,242.997
4096,1024,2,512,242.336
4096,1024,2,1024,245.6
4096,1024,2,2048,247.754
4096,1024,2,4096,248.992
4096,1024,2,8192,255.744
4096,1024,2,16384,266.559
4096,1024,2,32768,292.086
4096,1024,2,65536,331.37
4096,1024,2,131055,404.032
4096,1024,4,16,244.353
4096,1024,4,32,242.591
4096,1024,4,64,242.303
4096,1024,4,128,243.989
4096,1024,4,256,243.264
4096,1024,4,512,243.744
4096,1024,4,1024,246.892
4096,1024,4,2048,248.811
4096,1024,4,4096,254.794
4096,1024,4,8192,266.719
4096,1024,4,16384,290.612
4096,1024,4,32768,329.417
4096,1024,4,65536,403.339
4096,1024,4,131055,545.994
4096,1024,8,16,242.218
4096,1024,8,32,243.328
4096,1024,8,64,244.522
4096,1024,8,128,244.159
4096,1024,8,256,243.562
4096,1024,8,512,245.002
4096,1024,8,1024,248.362
4096,1024,8,2048,255.264
4096,1024,8,4096,266.464
4096,1024,8,8192,290.666
4096,1024,8,16384,329.846
4096,1024,8,32768,401.033
4096,1024,8,65536,544.031
4096,1024,8,131055,829.279
4096,1024,16,16,242.399
4096,1024,16,32,242.133
4096,1024,16,64,241.824
4096,1024,16,128,240.853
4096,1024,16,256,243.456
4096,1024,16,512,248.064
4096,1024,16,1024,254.133
4096,1024,16,2048,266.134
4096,1024,16,4096,290.037
4096,1024,16,8192,328.64
4096,1024,16,16384,402.528
4096,1024,16,32768,544.683
4096,1024,16,65536,831.636
4096,1024,16,131055,1402.1
4096,1024,32,16,246.059
4096,1024,32,32,244.074
4096,1024,32,64,245.622
4096,1024,32,128,245.952
4096,1024,32,256,250.794
4096,1024,32,512,257.279
4096,1024,32,1024,269.355
4096,1024,32,2048,292.362
4096,1024,32,4096,329.439
4096,1024,32,8192,401.963
4096,1024,32,16384,548.585
4096,1024,32,32768,843.646
4096,1024,32,65536,1432.72
4096,1024,32,131055,2587.99
4096,1024,64,16,248.874
4096,1024,64,32,249.109
4096,1024,64,64,249.556
4096,1024,64,128,252.021
4096,1024,64,256,259.657
4096,1024,64,512,271.839
4096,1024,64,1024,294.123
4096,1024,64,2048,333.119
4096,1024,64,4096,404.266
4096,1024,64,8192,548.703
4096,1024,64,16384,844.905
4096,1024,64,32768,1431.43
4096,1024,64,65536,2641.8
4096,1024,64,131055,5045.92
4096,2048,0,0,282.901
4096,2048,1,16,294.624
4096,2048,1,32,295.541
4096,2048,1,64,295.604
4096,2048,1,128,295.413
4096,2048,1,256,294.155
4096,2048,1,512,293.684
4096,2048,1,1024,295.157
4096,2048,1,2048,296
4096,2048,1,4096,299.434
4096,2048,1,8192,304.554
4096,2048,1,16384,309.61
4096,2048,1,32768,321.536
4096,2048,1,65536,345.673
4096,2048,1,131055,384.052
4096,2048,2,16,293.217
4096,2048,2,32,294.315
4096,2048,2,64,292.458
4096,2048,2,128,296.948
4096,2048,2,256,295.594
4096,2048,2,512,297.834
4096,2048,2,1024,297.354
4096,2048,2,2048,298.677
4096,2048,2,4096,300.544
4096,2048,2,8192,306.869
4096,2048,2,16384,320.554
4096,2048,2,32768,343.776
4096,2048,2,65536,383.413
4096,2048,2,131055,456.116
4096,2048,4,16,293.92
4096,2048,4,32,293.227
4096,2048,4,64,293.3
4096,2048,4,128,294.218
4096,2048,4,256,293.824
4096,2048,4,512,296.075
4096,2048,4,1024,295.115
4096,2048,4,2048,299.595
4096,2048,4,4096,305.759
4096,2048,4,8192,318.453
4096,2048,4,16384,342.208
4096,2048,4,32768,381.567
4096,2048,4,65536,453.47
4096,2048,4,131055,598.975
4096,2048,8,16,294.293
4096,2048,8,32,294.176
4096,2048,8,64,294.901
4096,2048,8,128,295.583
4096,2048,8,256,293.696
4096,2048,8,512,296.672
4096,2048,8,1024,300.02
4096,2048,8,2048,304.49
4096,2048,8,4096,318.208
4096,2048,8,8192,342.559
4096,2048,8,16384,381.13
4096,2048,8,32768,452.747
4096,2048,8,65536,597.002
4096,2048,8,131055,882.388
4096,2048,16,16,292.853
4096,2048,16,32,295.423
4096,2048,16,64,293.067
4096,2048,16,128,294.762
4096,2048,16,256,297.77
4096,2048,16,512,299.424
4096,2048,16,1024,305.888
4096,2048,16,2048,317.685
4096,2048,16,4096,342.122
4096,2048,16,8192,380.223
4096,2048,16,16384,452.224
4096,2048,16,32768,595.636
4096,2048,16,65536,882.815
4096,2048,16,131055,1454.7
4096,2048,32,16,296.267
4096,2048,32,32,297.045
4096,2048,32,64,297.247
4096,2048,32,128,297.397
4096,2048,32,256,301.493
4096,2048,32,512,310.346
4096,2048,32,1024,321.855
4096,2048,32,2048,344.469
4096,2048,32,4096,380.416
4096,2048,32,8192,453.994
4096,2048,32,16384,601.492
4096,2048,32,32768,892.287
4096,2048,32,65536,1476.21
4096,2048,32,131055,2643.01
4096,2048,64,16,300.501
4096,2048,64,32,301.28
4096,2048,64,64,300.757
4096,2048,64,128,302.474
4096,2048,64,256,313.077
4096,2048,64,512,322.89
4096,2048,64,1024,346.304
4096,2048,64,2048,383.626
4096,2048,64,4096,455.348
4096,2048,64,8192,601.204
4096,2048,64,16384,896.35
4096,2048,64,32768,1483.34
4096,2048,64,65536,2679.6
4096,2048,64,131055,5042.43
4096,4096,0,0,386.89
4096,4096,1,16,397.322
4096,4096,1,32,400.522
4096,4096,1,64,397.641
4096,4096,1,128,397.674
4096,4096,1,256,398.463
4096,4096,1,512,398.527
4096,4096,1,1024,399.232
4096,4096,1,2048,399.029
4096,4096,1,4096,401.557
4096,4096,1,8192,409.419
4096,4096,1,16384,413.193
4096,4096,1,32768,425.61
4096,4096,1,65536,448.928
4096,4096,1,131055,488.83
4096,4096,2,16,397.13
4096,4096,2,32,398.282
4096,4096,2,64,397.919
4096,4096,2,128,397.428
4096,4096,2,256,397.995
4096,4096,2,512,400.618
4096,4096,2,1024,398.197
4096,4096,2,2048,400.789
4096,4096,2,4096,405.834
4096,4096,2,8192,410.431
4096,4096,2,16384,424.107
4096,4096,2,32768,447.765
4096,4096,2,65536,487.029
4096,4096,2,131055,558.378
4096,4096,4,16,399.882
4096,4096,4,32,397.983
4096,4096,4,64,397.44
4096,4096,4,128,399.754
4096,4096,4,256,397.973
4096,4096,4,512,398.794
4096,4096,4,1024,404.128
4096,4096,4,2048,406.133
4096,4096,4,4096,411.786
4096,4096,4,8192,423.594
4096,4096,4,16384,446.623
4096,4096,4,32768,487.158
4096,4096,4,65536,556.714
4096,4096,4,131055,699.828
4096,4096,8,16,397.579
4096,4096,8,32,396.82
4096,4096,8,64,399.264
4096,4096,8,128,397.855
4096,4096,8,256,398.688
4096,4096,8,512,401.725
4096,4096,8,1024,406.41
4096,4096,8,2048,410.881
4096,4096,8,4096,421.856
4096,4096,8,8192,445.952
4096,4096,8,16384,485.259
4096,4096,8,32768,555.935
4096,4096,8,65536,698.645
4096,4096,8,131055,984.361
4096,4096,16,16,397.855
4096,4096,16,32,396.149
4096,4096,16,64,397.225
4096,4096,16,128,397.119
4096,4096,16,256,400.022
4096,4096,16,512,403.359
4096,4096,16,1024,408.363
4096,4096,16,2048,422.175
4096,4096,16,4096,445.151
4096,4096,16,8192,484.319
4096,4096,16,16384,555.626
4096,4096,16,32768,698.964
4096,4096,16,65536,984.169
4096,4096,16,131055,1558.12
4096,4096,32,16,400.49
4096,4096,32,32,401.279
4096,4096,32,64,401.269
4096,4096,32,128,402.698
4096,4096,32,256,406.047
4096,4096,32,512,413.654
4096,4096,32,1024,425.641
4096,4096,32,2048,447.637
4096,4096,32,4096,484.907
4096,4096,32,8192,558.708
4096,4096,32,16384,703.37
4096,4096,32,32768,995.635
4096,4096,32,65536,1578.4
4096,4096,32,131055,2740.61
4096,4096,64,16,405.483
4096,4096,64,32,405.621
4096,4096,64,64,405.471
4096,4096,64,128,406.709
4096,4096,64,256,415.071
4096,4096,64,512,428.213
4096,4096,64,1024,450.186
4096,4096,64,2048,486.731
4096,4096,64,4096,558.485
4096,4096,64,8192,705.311
4096,4096,64,16384,1002.61
4096,4096,64,32768,1586.63
4096,4096,64,65536,2781.03
4096,4096,64,131055,5169.41
4096,8192,0,0,590.645
4096,8192,1,16,600.553
4096,8192,1,32,598.655
4096,8192,1,64,602.943
4096,8192,1,128,603.295
4096,8192,1,256,601.118
4096,8192,1,512,601.225
4096,8192,1,1024,602.41
4096,8192,1,2048,607.401
4096,8192,1,4096,606.559
4096,8192,1,8192,609.633
4096,8192,1,16384,616.383
4096,8192,1,32768,629.694
4096,8192,1,65536,651.604
4096,8192,1,131055,688.692
4096,8192,2,16,600.491
4096,8192,2,32,599.979
4096,8192,2,64,603.124
4096,8192,2,128,599.989
4096,8192,2,256,600.543
4096,8192,2,512,598.207
4096,8192,2,1024,599.743
4096,8192,2,2048,602.175
4096,8192,2,4096,610.409
4096,8192,2,8192,617.769
4096,8192,2,16384,627.616
4096,8192,2,32768,648.779
4096,8192,2,65536,687.584
4096,8192,2,131055,760.33
4096,8192,4,16,602.89
4096,8192,4,32,599.253
4096,8192,4,64,601.269
4096,8192,4,128,603.658
4096,8192,4,256,601.577
4096,8192,4,512,600.779
4096,8192,4,1024,603.722
4096,8192,4,2048,607.284
4096,8192,4,4096,612.318
4096,8192,4,8192,625.503
4096,8192,4,16384,647.948
4096,8192,4,32768,686.091
4096,8192,4,65536,757.109
4096,8192,4,131055,897.759
4096,8192,8,16,599.359
4096,8192,8,32,600.384
4096,8192,8,64,602.004
4096,8192,8,128,603.563
4096,8192,8,256,601.866
4096,8192,8,512,604.575
4096,8192,8,1024,609.929
4096,8192,8,2048,614.921
4096,8192,8,4096,626.762
4096,8192,8,8192,648.266
4096,8192,8,16384,684.275
4096,8192,8,32768,755.732
4096,8192,8,65536,897.087
4096,8192,8,131055,1184.44
4096,8192,16,16,599.628
4096,8192,16,32,601.791
4096,8192,16,64,602.708
4096,8192,16,128,601.067
4096,8192,16,256,603.327
4096,8192,16,512,607.497
4096,8192,16,1024,611.146
4096,8192,16,2048,625.206
4096,8192,16,4096,648.948
4096,8192,16,8192,685.876
4096,8192,16,16384,756.299
4096,8192,16,32768,895.881
4096,8192,16,65536,1183.87
4096,8192,16,131055,1754.94
4096,8192,32,16,603.839
4096,8192,32,32,604.01
4096,8192,32,64,603.22
4096,8192,32,128,603.818
4096,8192,32,256,608.97
4096,8192,32,512,616.501
4096,8192,32,1024,628.031
4096,8192,32,2048,650.281
4096,8192,32,4096,686.966
4096,8192,32,8192,757.193
4096,8192,32,16384,905.277
4096,8192,32,32768,1189.27
4096,8192,32,65536,1767.91
4096,8192,32,131055,2932.71
4096,8192,64,16,609.385
4096,8192,64,32,608.405
4096,8192,64,64,608.543
4096,8192,64,128,610.506
4096,8192,64,256,617.097
4096,8192,64,512,631.316
4096,8192,64,1024,650.581
4096,8192,64,2048,686.601
4096,8192,64,4096,757.961
4096,8192,64,8192,901.384
4096,8192,64,16384,1196.39
4096,8192,64,32768,1780.41
4096,8192,64,65536,2975.94
4096,8192,64,131055,5401.76
4096,16384,0,0,988.254
4096,16384,1,16,1000.3
4096,16384,1,32,1002.39
4096,16384,1,64,1001.67
4096,16384,1,128,1000.01
4096,16384,1,256,1001.29
4096,16384,1,512,1001.8
4096,16384,1,1024,1001.58
4096,16384,1,2048,1001.72
4096,16384,1,4096,1005.74
4096,16384,1,8192,1006.74
4096,16384,1,16384,1012.21
4096,16384,1,32768,1025.35
4096,16384,1,65536,1047.96
4096,16384,1,131055,1083.43
4096,16384,2,16,999.038
4096,16384,2,32,999.88
4096,16384,2,64,1001.31
4096,16384,2,128,1001.22
4096,16384,2,256,1003
4096,16384,2,512,1000.05
4096,16384,2,1024,1002.23
4096,16384,2,2048,1004.6
4096,16384,2,4096,1006.37
4096,16384,2,8192,1010.97
4096,16384,2,16384,1023.27
4096,16384,2,32768,1044.95
4096,16384,2,65536,1080.5
4096,16384,2,131055,1152.94
4096,16384,4,16,999.083
4096,16384,4,32,999.763
4096,16384,4,64,1000.9
4096,16384,4,128,1001.08
4096,16384,4,256,998.739
4096,16384,4,512,997.502
4096,16384,4,1024,1000.87
4096,16384,4,2048,1003.3
4096,16384,4,4096,1007.88
4096,16384,4,8192,1023.23
4096,16384,4,16384,1042.45
4096,16384,4,32768,1077.92
4096,16384,4,65536,1150.55
4096,16384,4,131055,1293.84
4096,16384,8,16,997.821
4096,16384,8,32,997.163
4096,16384,8,64,996.383
4096,16384,8,128,997.195
4096,16384,8,256,999.082
4096,16384,8,512,1004.41
4096,16384,8,1024,1002.73
4096,16384,8,2048,1008.28
4096,16384,8,4096,1020.74
4096,16384,8,8192,1042.77
4096,16384,8,16384,1077.33
4096,16384,8,32768,1148.99
4096,16384,8,65536,1290.25
4096,16384,8,131055,1579.56
4096,16384,16,16,996.427
4096,16384,16,32,998.077
4096,16384,16,64,1000.19
4096,16384,16,128,998.976
4096,16384,16,256,1001.35
4096,16384,16,512,1003.94
4096,16384,16,1024,1008.38
4096,16384,16,2048,1021.08
4096,16384,16,4096,1042.2
4096,16384,16,8192,1078.49
4096,16384,16,16384,1148.78
4096,16384,16,32768,1291.38
4096,16384,16,65536,1578.92
4096,16384,16,131055,2151.87
4096,16384,32,16,1001.08
4096,16384,32,32,1000.48
4096,16384,32,64,1002.11
4096,16384,32,128,1002.4
4096,16384,32,256,1005.02
4096,16384,32,512,1013.27
4096,16384,32,1024,1022.71
4096,16384,32,2048,1044.27
4096,16384,32,4096,1078.82
4096,16384,32,8192,1151.28
4096,16384,32,16384,1295.24
4096,16384,32,32768,1591.06
4096,16384,32,65536,2167.33
4096,16384,32,131055,3322.67
4096,16384,64,16,1004.72
4096,16384,64,32,1004.98
4096,16384,64,64,1006.24
4096,16384,64,128,1006.63
4096,16384,64,256,1015.56
4096,16384,64,512,1025.26
4096,16384,64,1024,1044.71
4096,16384,64,2048,1078.93
4096,16384,64,4096,1152.47
4096,16384,64,8192,1298.63
4096,16384,64,16384,1596.88
4096,16384,64,32768,2190.8
4096,16384,64,65536,3394.49
4096,16384,64,131055,5791.34
4096,32768,0,0,1746.24
4096,32768,1,16,1752.82
4096,32768,1,32,1752.26
4096,32768,1,64,1752.2
4096,32768,1,128,1751.65
4096,32768,1,256,1753.29
4096,32768,1,512,1753.35
4096,32768,1,1024,1753.63
4096,32768,1,2048,1756.32
4096,32768,1,4096,1757.87
4096,32768,1,8192,1766.98
4096,32768,1,16384,1767.76
4096,32768,1,32768,1779.22
4096,32768,1,65536,1800.31
4096,32768,1,131055,1840
4096,32768,2,16,1750.24
4096,32768,2,32,1759.33
4096,32768,2,64,1753.06
4096,32768,2,128,1753.63
4096,32768,2,256,1751.12
4096,32768,2,512,1757.59
4096,32768,2,1024,1757.24
4096,32768,2,2048,1755.77
4096,32768,2,4096,1761.18
4096,32768,2,8192,1767.86
4096,32768,2,16384,1779.13
4096,32768,2,32768,1797.77
4096,32768,2,65536,1835.23
4096,32768,2,131055,1909.54
4096,32768,4,16,1750.41
4096,32768,4,32,1757.66
4096,32768,4,64,1752.52
4096,32768,4,128,1752.87
4096,32768,4,256,1754.65
4096,32768,4,512,1754.05
4096,32768,4,1024,1757.35
4096,32768,4,2048,1759.2
4096,32768,4,4096,1762.88
4096,32768,4,8192,1778.44
4096,32768,4,16384,1797.32
4096,32768,4,32768,1835.39
4096,32768,4,65536,1908.59
4096,32768,4,131055,2054.17
4096,32768,8,16,1760.68
4096,32768,8,32,1758.51
4096,32768,8,64,1761.61
4096,32768,8,128,1759.36
4096,32768,8,256,1756.18
4096,32768,8,512,1755.32
4096,32768,8,1024,1759.67
4096,32768,8,2048,1768.53
4096,32768,8,4096,1776.96
4096,32768,8,8192,1796.21
4096,32768,8,16384,1835.85
4096,32768,8,32768,1907.23
4096,32768,8,65536,2052.54
4096,32768,8,131055,2338.15
4096,32768,16,16,1754.72
4096,32768,16,32,1752.58
4096,32768,16,64,1755.22
4096,32768,16,128,1756.87
4096,32768,16,256,1757.9
4096,32768,16,512,1760.83
4096,32768,16,1024,1767.86
4096,32768,16,2048,1778.29
4096,32768,16,4096,1797.72
4096,32768,16,8192,1833.35
4096,32768,16,16384,1907.8
4096,32768,16,32768,2049.61
4096,32768,16,65536,2336.88
4096,32768,16,131055,2910.41
4096,32768,32,16,1761.27
4096,32768,32,32,1759.21
4096,32768,32,64,1761.17
4096,32768,32,128,1760.03
4096,32768,32,256,1764.95
4096,32768,32,512,1771.85
4096,32768,32,1024,1780.4
4096,32768,32,2048,1796.79
4096,32768,32,4096,1834.47
4096,32768,32,8192,1907.79
4096,32768,32,16384,2056.79
4096,32768,32,32768,2355.75
4096,32768,32,65536,2928.19
4096,32768,32,131055,4080.27
4096,32768,64,16,1764.78
4096,32768,64,32,1765.34
4096,32768,64,64,1764.32
4096,32768,64,128,1765.65
4096,32768,64,256,1774.28
4096,32768,64,512,1781.91
4096,32768,64,1024,1805.1
4096,32768,64,2048,1841.01
4096,32768,64,4096,1911.84
4096,32768,64,8192,2056.9
4096,32768,64,16384,2354.98
4096,32768,64,32768,2958.88
4096,32768,64,65536,4148.85
4096,32768,64,131055,6543.81
4096,65536,0,0,3244.43
4096,65536,1,16,3227.22
4096,65536,1,32,3248.1
4096,65536,1,64,3232.18
4096,65536,1,128,3232.93
4096,65536,1,256,3243.31
4096,65536,1,512,3233.4
4096,65536,1,1024,3257.55
4096,65536,1,2048,3244.17
4096,65536,1,4096,3252.19
4096,65536,1,8192,3247.91
4096,65536,1,16384,3267.99
4096,65536,1,32768,3273.96
4096,65536,1,65536,3291.26
4096,65536,1,131055,3332.04
4096,65536,2,16,3231.67
4096,65536,2,32,3252.37
4096,65536,2,64,3232.79
4096,65536,2,128,3230.58
4096,65536,2,256,3243.31
4096,65536,2,512,3229.86
4096,65536,2,1024,3232.43
4096,65536,2,2048,3248.66
4096,65536,2,4096,3244.03
4096,65536,2,8192,3260.06
4096,65536,2,16384,3267.39
4096,65536,2,32768,3294.64
4096,65536,2,65536,3334.04
4096,65536,2,131055,3414.45
4096,65536,4,16,3241.76
4096,65536,4,32,3241.81
4096,65536,4,64,3235.01
4096,65536,4,128,3230.09
4096,65536,4,256,3255.89
4096,65536,4,512,3249.08
4096,65536,4,1024,3243.81
4096,65536,4,2048,3250.38
4096,65536,4,4096,3262.53
4096,65536,4,8192,3268.57
4096,65536,4,16384,3292.39
4096,65536,4,32768,3336.15
4096,65536,4,65536,3410.08
4096,65536,4,131055,3552.73
4096,65536,8,16,3248.13
4096,65536,8,32,3250.26
4096,65536,8,64,3238.83
4096,65536,8,128,3236.89
4096,65536,8,256,3236.45
4096,65536,8,512,3243
4096,65536,8,1024,3245.38
4096,65536,8,2048,3252.8
4096,65536,8,4096,3267.26
4096,65536,8,8192,3292.25
4096,65536,8,16384,3330.81
4096,65536,8,32768,3407.24
4096,65536,8,65536,3553.05
4096,65536,8,131055,3837.53
4096,65536,16,16,3240.09
4096,65536,16,32,3243.62
4096,65536,16,64,3246.01
4096,65536,16,128,3242.52
4096,65536,16,256,3240.74
4096,65536,16,512,3257.36
4096,65536,16,1024,3262.11
4096,65536,16,2048,3273.52
4096,65536,16,4096,3290.6
4096,65536,16,8192,3330.11
4096,65536,16,16384,3406.35
4096,65536,16,32768,3553.37
4096,65536,16,65536,3837.04
4096,65536,16,131055,4408.7
4096,65536,32,16,3254.01
4096,65536,32,32,3248.88
4096,65536,32,64,3255.14
4096,65536,32,128,3253.46
4096,65536,32,256,3257.13
4096,65536,32,512,3264.69
4096,65536,32,1024,3275.08
4096,65536,32,2048,3290.44
4096,65536,32,4096,3327.44
4096,65536,32,8192,3406
4096,65536,32,16384,3558.95
4096,65536,32,32768,3850.94
4096,65536,32,65536,4433.62
4096,65536,32,131055,5586.14
4096,65536,64,16,3263.47
4096,65536,64,32,3261.08
4096,65536,64,64,3265.29
4096,65536,64,128,3259.07
4096,65536,64,256,3269.31
4096,65536,64,512,3280.62
4096,65536,64,1024,3298.48
4096,65536,64,2048,3335.89
4096,65536,64,4096,3410.33
4096,65536,64,8192,3562.81
4096,65536,64,16384,3859.83
4096,65536,64,32768,4456.56
4096,65536,64,65536,5654.1
4096,65536,64,131055,8049.17
8192,0,0,0,506.336
8192,0,1,16,520.565
8192,0,1,32,519.392
8192,0,1,64,518.859
8192,0,1,128,519.306
8192,0,1,256,530.794
8192,0,1,512,519.542
8192,0,1,1024,523.221
8192,0,1,2048,530.859
8192,0,1,4096,524.619
8192,0,1,8192,527.253
8192,0,1,16384,533.333
8192,0,1,32768,549.93
8192,0,1,65536,581.217
8192,0,1,131055,621.941
8192,0,2,16,531.072
8192,0,2,32,519.201
8192,0,2,64,519.092
8192,0,2,128,519.776
8192,0,2,256,520.65
8192,0,2,512,519.828
8192,0,2,1024,521.482
8192,0,2,2048,523.734
8192,0,2,4096,525.985
8192,0,2,8192,532.076
8192,0,2,16384,558.73
8192,0,2,32768,579.754
8192,0,2,65536,620.821
8192,0,2,131055,693.259
8192,0,4,16,518.005
8192,0,4,32,519.21
8192,0,4,64,528.757
8192,0,4,128,518.954
8192,0,4,256,519.263
8192,0,4,512,519.242
8192,0,4,1024,523.808
8192,0,4,2048,533.759
8192,0,4,4096,541.023
8192,0,4,8192,547.253
8192,0,4,16384,578.441
8192,0,4,32768,617.59
8192,0,4,65536,690.677
8192,0,4,131055,836.02
8192,0,8,16,528.938
8192,0,8,32,526.826
8192,0,8,64,531.499
8192,0,8,128,519.841
8192,0,8,256,519.775
8192,0,8,512,523.659
8192,0,8,1024,524.791
8192,0,8,2048,534.826
8192,0,8,4096,550.006
8192,0,8,8192,578.709
8192,0,8,16384,618.486
8192,0,8,32768,688.543
8192,0,8,65536,830.985
8192,0,8,131055,1117.49
8192,0,16,16,520.758
8192,0,16,32,520.757
8192,0,16,64,521.002
8192,0,16,128,520.256
8192,0,16,256,525.524
8192,0,16,512,527.957
8192,0,16,1024,533.504
8192,0,16,2048,552.735
8192,0,16,4096,577.184
8192,0,16,8192,617.162
8192,0,16,16384,687.872
8192,0,16,32768,831.817
8192,0,16,65536,1116.58
8192,0,16,131055,1687.37
8192,0,32,16,534.431
8192,0,32,32,527.754
8192,0,32,64,525.462
8192,0,32,128,525.515
8192,0,32,256,532.992
8192,0,32,512,545.547
8192,0,32,1024,558.389
8192,0,32,2048,580.16
8192,0,32,4096,619.147
8192,0,32,8192,690.303
8192,0,32,16384,837.365
8192,0,32,32768,1124.42
8192,0,32,65536,1705.72
8192,0,32,131055,2862.93
8192,0,64,16,534.101
8192,0,64,32,538.665
8192,0,64,64,539.019
8192,0,64,128,537.429
8192,0,64,256,547.872
8192,0,64,512,560.704
8192,0,64,1024,580.843
8192,0,64,2048,619.915
8192,0,64,4096,690.251
8192,0,64,8192,835.531
8192,0,64,16384,1129.28
8192,0,64,32768,1720.28
8192,0,64,65536,2927.98
8192,0,64,131055,5329.17
8192,16,0,0,519.552
8192,16,1,16,532.533
8192,16,1,32,533.847
8192,16,1,64,532.044
8192,16,1,128,532.385
8192,16,1,256,533.718
8192,16,1,512,543.552
8192,16,1,1024,535.604
8192,16,1,2048,546.282
8192,16,1,4096,538.591
8192,16,1,8192,540.789
8192,16,1,16384,549.463
8192,16,1,32768,565.601
8192,16,1,65536,594.741
8192,16,1,131055,635.477
8192,16,2,16,533.697
8192,16,2,32,532.352
8192,16,2,64,532.652
8192,16,2,128,533.516
8192,16,2,256,533.632
8192,16,2,512,534.561
8192,16,2,1024,546.955
8192,16,2,2048,536.885
8192,16,2,4096,539.521
8192,16,2,8192,549.216
8192,16,2,16384,565.088
8192,16,2,32768,593.141
8192,16,2,65536,634.646
8192,16,2,131055,707.936
8192,16,4,16,531.617
8192,16,4,32,533.216
8192,16,4,64,532.47
8192,16,4,128,530.645
8192,16,4,256,533.942
8192,16,4,512,533.611
8192,16,4,1024,536.843
8192,16,4,2048,538.636
8192,16,4,4096,554.826
8192,16,4,8192,566.988
8192,16,4,16384,592.821
8192,16,4,32768,631.5
8192,16,4,65536,703.285
8192,16,4,131055,847.53
8192,16,8,16,532.086
8192,16,8,32,532.299
8192,16,8,64,531.274
8192,16,8,128,531.307
8192,16,8,256,532.895
8192,16,8,512,539.167
8192,16,8,1024,539.339
8192,16,8,2048,549.057
8192,16,8,4096,562.997
8192,16,8,8192,592.843
8192,16,8,16384,631.391
8192,16,8,32768,703.669
8192,16,8,65536,843.755
8192,16,8,131055,1131.02
8192,16,16,16,541.462
8192,16,16,32,537.259
8192,16,16,64,534.262
8192,16,16,128,533.494
8192,16,16,256,542.028
8192,16,16,512,541.026
8192,16,16,1024,550.944
8192,16,16,2048,566.837
8192,16,16,4096,593.951
8192,16,16,8192,630.389
8192,16,16,16384,703.156
8192,16,16,32768,845.397
8192,16,16,65536,1130.55
8192,16,16,131055,1700.86
8192,16,32,16,543.445
8192,16,32,32,540.81
8192,16,32,64,541.697
8192,16,32,128,541.43
8192,16,32,256,546.464
8192,16,32,512,556.448
8192,16,32,1024,572.022
8192,16,32,2048,594.559
8192,16,32,4096,630.879
8192,16,32,8192,702.592
8192,16,32,16384,849.504
8192,16,32,32768,1137.53
8192,16,32,65536,1721.35
8192,16,32,131055,2882.24
8192,16,64,16,552.096
8192,16,64,32,551.413
8192,16,64,64,552.086
8192,16,64,128,551.455
8192,16,64,256,563.616
8192,16,64,512,574.24
8192,16,64,1024,596.128
8192,16,64,2048,632.245
8192,16,64,4096,703.605
8192,16,64,8192,847.914
8192,16,64,16384,1145.38
8192,16,64,32768,1733.91
8192,16,64,65536,2927.11
8192,16,64,131055,5346.71
8192,32,0,0,530.945
8192,32,1,16,535.403
8192,32,1,32,531.575
8192,32,1,64,532.384
8192,32,1,128,532.384
8192,32,1,256,533.419
8192,32,1,512,544.043
8192,32,1,1024,535.328
8192,32,1,2048,538.955
8192,32,1,4096,539.488
8192,32,1,8192,548.203
8192,32,1,16384,553.376
8192,32,1,32768,568.928
8192,32,1,65536,596.203
8192,32,1,131055,633.919
8192,32,2,16,530.657
8192,32,2,32,532.864
8192,32,2,64,532.277
8192,32,2,128,531.093
8192,32,2,256,544.128
8192,32,2,512,534.56
8192,32,2,1024,536.567
8192,32,2,2048,537.77
8192,32,2,4096,543.008
8192,32,2,8192,549.793
8192,32,2,16384,565.365
8192,32,2,32768,593.942
8192,32,2,65536,633.174
8192,32,2,131055,705.833
8192,32,4,16,532.843
8192,32,4,32,544.139
8192,32,4,64,531.883
8192,32,4,128,536.246
8192,32,4,256,534.357
8192,32,4,512,534.049
8192,32,4,1024,538.474
8192,32,4,2048,550.581
8192,32,4,4096,545.451
8192,32,4,8192,561.11
8192,32,4,16384,590.678
8192,32,4,32768,632.641
8192,32,4,65536,704.063
8192,32,4,131055,844.48
8192,32,8,16,533.76
8192,32,8,32,535.499
8192,32,8,64,535.692
8192,32,8,128,534.144
8192,32,8,256,536.213
8192,32,8,512,548.661
8192,32,8,1024,537.932
8192,32,8,2048,547.425
8192,32,8,4096,568.373
8192,32,8,8192,592.748
8192,32,8,16384,632.415
8192,32,8,32768,701.056
8192,32,8,65536,842.176
8192,32,8,131055,1128.17
8192,32,16,16,544.288
8192,32,16,32,536.107
8192,32,16,64,532.074
8192,32,16,128,531.477
8192,32,16,256,541.974
8192,32,16,512,551.105
8192,32,16,1024,554.261
8192,32,16,2048,567.318
8192,32,16,4096,594.113
8192,32,16,8192,631.605
8192,32,16,16384,701.792
8192,32,16,32768,845.015
8192,32,16,65536,1130.34
8192,32,16,131055,1706.12
8192,32,32,16,547.904
8192,32,32,32,545.152
8192,32,32,64,540.236
8192,32,32,128,540.885
8192,32,32,256,548.971
8192,32,32,512,559.701
8192,32,32,1024,571.297
8192,32,32,2048,593.717
8192,32,32,4096,631.658
8192,32,32,8192,703.743
8192,32,32,16384,852.864
8192,32,32,32768,1138.83
8192,32,32,65536,1723.49
8192,32,32,131055,2877.24
8192,32,64,16,553.343
8192,32,64,32,553.59
8192,32,64,64,549.674
8192,32,64,128,555.595
8192,32,64,256,565.441
8192,32,64,512,574.176
8192,32,64,1024,594.709
8192,32,64,2048,633.216
8192,32,64,4096,704.407
8192,32,64,8192,848.288
8192,32,64,16384,1143.19
8192,32,64,32768,1726.9
8192,32,64,65536,2940.05
8192,32,64,131055,5354.35
8192,64,0,0,523.744
8192,64,1,16,538.966
8192,64,1,32,538.263
8192,64,1,64,534.806
8192,64,1,128,533.28
8192,64,1,256,533.324
8192,64,1,512,541.92
8192,64,1,1024,545.003
8192,64,1,2048,536.085
8192,64,1,4096,539.712
8192,64,1,8192,544.587
8192,64,1,16384,549.899
8192,64,1,32768,567.029
8192,64,1,65536,596.255
8192,64,1,131055,635.436
8192,64,2,16,532.48
8192,64,2,32,532.022
8192,64,2,64,533.012
8192,64,2,128,539.467
8192,64,2,256,532.747
8192,64,2,512,532.524
8192,64,2,1024,537.056
8192,64,2,2048,535.82
8192,64,2,4096,551.445
8192,64,2,8192,548.384
8192,64,2,16384,566.166
8192,64,2,32768,594.251
8192,64,2,65536,632.576
8192,64,2,131055,705.856
8192,64,4,16,531.458
8192,64,4,32,531.691
8192,64,4,64,531.17
8192,64,4,128,531.723
8192,64,4,256,533.313
8192,64,4,512,533.323
8192,64,4,1024,534.474
8192,64,4,2048,550.571
8192,64,4,4096,556.992
8192,64,4,8192,562.145
8192,64,4,16384,589.601
8192,64,4,32768,631.137
8192,64,4,65536,704.309
8192,64,4,131055,847.286
8192,64,8,16,538.304
8192,64,8,32,533.44
8192,64,8,64,538.954
8192,64,8,128,543.168
8192,64,8,256,532.811
8192,64,8,512,537.057
8192,64,8,1024,539.093
8192,64,8,2048,548.042
8192,64,8,4096,559.958
8192,64,8,8192,590.283
8192,64,8,16384,632.129
8192,64,8,32768,701.131
8192,64,8,65536,843.499
8192,64,8,131055,1128.02
8192,64,16,16,542.486
8192,64,16,32,543.637
8192,64,16,64,543.563
8192,64,16,128,543.008
8192,64,16,256,536.416
8192,64,16,512,546.773
8192,64,16,1024,555.766
8192,64,16,2048,567.509
8192,64,16,4096,591.725
8192,64,16,8192,631.073
8192,64,16,16384,702.155
8192,64,16,32768,841.1
8192,64,16,65536,1129.58
8192,64,16,131055,1706.6
8192,64,32,16,539.646
8192,64,32,32,537.366
8192,64,32,64,548.992
8192,64,32,128,550.251
8192,64,32,256,546.038
8192,64,32,512,555.307
8192,64,32,1024,569.91
8192,64,32,2048,595.424
8192,64,32,4096,631.786
8192,64,32,8192,705.077
8192,64,32,16384,849.813
8192,64,32,32768,1135.4
8192,64,32,65536,1719.67
8192,64,32,131055,2883.63
8192,64,64,16,552.053
8192,64,64,32,551.425
8192,64,64,64,552.204
8192,64,64,128,553.323
8192,64,64,256,563.317
8192,64,64,512,575.606
8192,64,64,1024,597.248
8192,64,64,2048,633.856
8192,64,64,4096,703.626
8192,64,64,8192,849.621
8192,64,64,16384,1143.83
8192,64,64,32768,1731.56
8192,64,64,65536,2924.07
8192,64,64,131055,5341.11
8192,128,0,0,522.187
8192,128,1,16,531.414
8192,128,1,32,529.921
8192,128,1,64,538.048
8192,128,1,128,535.83
8192,128,1,256,542.945
8192,128,1,512,530.848
8192,128,1,1024,531.958
8192,128,1,2048,534.027
8192,128,1,4096,534.602
8192,128,1,8192,538.721
8192,128,1,16384,546.698
8192,128,1,32768,562.774
8192,128,1,65536,592.716
8192,128,1,131055,631.147
8192,128,2,16,541.952
8192,128,2,32,531.382
8192,128,2,64,539.084
8192,128,2,128,529.717
8192,128,2,256,532.192
8192,128,2,512,530.474
8192,128,2,1024,532.791
8192,128,2,2048,533.835
8192,128,2,4096,536.469
8192,128,2,8192,542.923
8192,128,2,16384,560.171
8192,128,2,32768,592.064
8192,128,2,65536,631.98
8192,128,2,131055,703.586
8192,128,4,16,541.706
8192,128,4,32,530.049
8192,128,4,64,530.517
8192,128,4,128,530.924
8192,128,4,256,538.998
8192,128,4,512,530.986
8192,128,4,1024,534.219
8192,128,4,2048,548.747
8192,128,4,4096,544.767
8192,128,4,8192,558.987
8192,128,4,16384,588.63
8192,128,4,32768,631.563
8192,128,4,65536,703.253
8192,128,4,131055,844.043
8192,128,8,16,530.657
8192,128,8,32,530.615
8192,128,8,64,539.723
8192,128,8,128,544.906
8192,128,8,256,544.022
8192,128,8,512,538.156
8192,128,8,1024,538.432
8192,128,8,2048,546.764
8192,128,8,4096,563.04
8192,128,8,8192,590.901
8192,128,8,16384,631.126
8192,128,8,32768,701.013
8192,128,8,65536,843.691
8192,128,8,131055,1128.18
8192,128,16,16,530.507
8192,128,16,32,530.657
8192,128,16,64,542.87
8192,128,16,128,532.587
8192,128,16,256,535.659
8192,128,16,512,539.051
8192,128,16,1024,545.504
8192,128,16,2048,565.013
8192,128,16,4096,592.427
8192,128,16,8192,630.89
8192,128,16,16384,702.635
8192,128,16,32768,843.84
8192,128,16,65536,1129.43
8192,128,16,131055,1703.58
8192,128,32,16,547.584
8192,128,32,32,539.434
8192,128,32,64,547.969
8192,128,32,128,538.774
8192,128,32,256,544.182
8192,128,32,512,562.229
8192,128,32,1024,569.813
8192,128,32,2048,593.227
8192,128,32,4096,631.989
8192,128,32,8192,704.062
8192,128,32,16384,847.264
8192,128,32,32768,1135.57
8192,128,32,65536,1720.22
8192,128,32,131055,2882.05
8192,128,64,16,546.09
8192,128,64,32,551.744
8192,128,64,64,551.925
8192,128,64,128,553.43
8192,128,64,256,563.798
8192,128,64,512,575.146
8192,128,64,1024,596.534
8192,128,64,2048,631.381
8192,128,64,4096,705.119
8192,128,64,8192,847.019
8192,128,64,16384,1136.95
8192,128,64,32768,1738.64
8192,128,64,65536,2930.05
8192,128,64,131055,5333.76
8192,256,0,0,529.973
8192,256,1,16,542.304
8192,256,1,32,542.507
8192,256,1,64,542.848
8192,256,1,128,543.083
8192,256,1,256,554.24
8192,256,1,512,542.858
8192,256,1,1024,544.097
8192,256,1,2048,558.634
8192,256,1,4096,547.338
8192,256,1,8192,552.234
8192,256,1,16384,572.042
8192,256,1,32768,577.93
8192,256,1,65536,606.517
8192,256,1,131055,645.77
8192,256,2,16,551.019
8192,256,2,32,548.693
8192,256,2,64,549.856
8192,256,2,128,544.171
8192,256,2,256,544.351
8192,256,2,512,543.083
8192,256,2,1024,544.502
8192,256,2,2048,546.901
8192,256,2,4096,563.305
8192,256,2,8192,556.681
8192,256,2,16384,573.302
8192,256,2,32768,604.992
8192,256,2,65536,645.419
8192,256,2,131055,720.052
8192,256,4,16,542.357
8192,256,4,32,543.221
8192,256,4,64,542.314
8192,256,4,128,543.263
8192,256,4,256,542.678
8192,256,4,512,542.229
8192,256,4,1024,545.376
8192,256,4,2048,558.805
8192,256,4,4096,553.407
8192,256,4,8192,581.215
8192,256,4,16384,601.984
8192,256,4,32768,643.262
8192,256,4,65536,713.493
8192,256,4,131055,856.576
8192,256,8,16,543.5
8192,256,8,32,554.079
8192,256,8,64,542.507
8192,256,8,128,543.916
8192,256,8,256,543.136
8192,256,8,512,546.453
8192,256,8,1024,561.801
8192,256,8,2048,558.453
8192,256,8,4096,575.82
8192,256,8,8192,602.538
8192,256,8,16384,642.101
8192,256,8,32768,713.631
8192,256,8,65536,855.327
8192,256,8,131055,1139.5
8192,256,16,16,542.529
8192,256,16,32,539.371
8192,256,16,64,551.199
8192,256,16,128,545.494
8192,256,16,256,546.977
8192,256,16,512,550.954
8192,256,16,1024,557.814
8192,256,16,2048,581.462
8192,256,16,4096,604.405
8192,256,16,8192,642.411
8192,256,16,16384,713.44
8192,256,16,32768,856.01
8192,256,16,65536,1140.42
8192,256,16,131055,1710.71
8192,256,32,16,551.52
8192,256,32,32,551.499
8192,256,32,64,551.339
8192,256,32,128,552.021
8192,256,32,256,557.247
8192,256,32,512,573.302
8192,256,32,1024,580.256
8192,256,32,2048,605.792
8192,256,32,4096,641.098
8192,256,32,8192,713.194
8192,256,32,16384,859.53
8192,256,32,32768,1152.68
8192,256,32,65536,1728.86
8192,256,32,131055,2891.56
8192,256,64,16,565.535
8192,256,64,32,559.424
8192,256,64,64,560.223
8192,256,64,128,562.015
8192,256,64,256,575.168
8192,256,64,512,587.424
8192,256,64,1024,608.031
8192,256,64,2048,645.781
8192,256,64,4096,714.923
8192,256,64,8192,858.879
8192,256,64,16384,1152.13
8192,256,64,32768,1743.75
8192,256,64,65536,2926.17
8192,256,64,131055,5346.26
8192,512,0,0,565.675
8192,512,1,16,577.195
8192,512,1,32,565.366
8192,512,1,64,565.28
8192,512,1,128,565.481
8192,512,1,256,566.217
8192,512,1,512,566.785
8192,512,1,1024,566.485
8192,512,1,2048,568.619
8192,512,1,4096,572.566
8192,512,1,8192,573.428
8192,512,1,16384,596.02
8192,512,1,32768,599.862
8192,512,1,65536,628.736
8192,512,1,131055,670.059
8192,512,2,16,565.131
8192,512,2,32,571.392
8192,512,2,64,566.175
8192,512,2,128,565.812
8192,512,2,256,566.719
8192,512,2,512,566.945
8192,512,2,1024,570.687
8192,512,2,2048,568.682
8192,512,2,4096,573.163
8192,512,2,8192,593.782
8192,512,2,16384,606.368
8192,512,2,32768,630.133
8192,512,2,65536,668.597
8192,512,2,131055,739.071
8192,512,4,16,577.279
8192,512,4,32,565.343
8192,512,4,64,572.352
8192,512,4,128,566.06
8192,512,4,256,566.272
8192,512,4,512,565.749
8192,512,4,1024,568.906
8192,512,4,2048,571.499
8192,512,4,4096,578.72
8192,512,4,8192,594.527
8192,512,4,16384,625.42
8192,512,4,32768,667.722
8192,512,4,65536,738.037
8192,512,4,131055,881.002
8192,512,8,16,566.313
8192,512,8,32,566.604
8192,512,8,64,571.381
8192,512,8,128,572.405
8192,512,8,256,566.848
8192,512,8,512,572.79
8192,512,8,1024,571.019
8192,512,8,2048,577.643
8192,512,8,4096,601.567
8192,512,8,8192,626.655
8192,512,8,16384,665.088
8192,512,8,32768,736.971
8192,512,8,65536,878.719
8192,512,8,131055,1164.14
8192,512,16,16,566.143
8192,512,16,32,578.774
8192,512,16,64,564.564
8192,512,16,128,564.48
8192,512,16,256,582.709
8192,512,16,512,576.447
8192,512,16,1024,582.527
8192,512,16,2048,599.755
8192,512,16,4096,627.541
8192,512,16,8192,666.72
8192,512,16,16384,737.269
8192,512,16,32768,877.472
8192,512,16,65536,1164.67
8192,512,16,131055,1737.65
8192,512,32,16,571.019
8192,512,32,32,584.192
8192,512,32,64,576.16
8192,512,32,128,575.563
8192,512,32,256,581.76
8192,512,32,512,590.689
8192,512,32,1024,606.069
8192,512,32,2048,629.205
8192,512,32,4096,667.135
8192,512,32,8192,739.253
8192,512,32,16384,884.905
8192,512,32,32768,1175.74
8192,512,32,65536,1754.81
8192,512,32,131055,2914.48
8192,512,64,16,585.876
8192,512,64,32,585.055
8192,512,64,64,586.207
8192,512,64,128,589.771
8192,512,64,256,598.986
8192,512,64,512,610.912
8192,512,64,1024,632.106
8192,512,64,2048,670.645
8192,512,64,4096,738.069
8192,512,64,8192,883.113
8192,512,64,16384,1173.16
8192,512,64,32768,1776.64
8192,512,64,65536,2977.13
8192,512,64,131055,5373.41
8192,1024,0,0,605.92
8192,1024,1,16,611.564
8192,1024,1,32,611.843
8192,1024,1,64,627.468
8192,1024,1,128,624.492
8192,1024,1,256,612.344
8192,1024,1,512,612.578
8192,1024,1,1024,613.858
8192,1024,1,2048,616.099
8192,1024,1,4096,617.836
8192,1024,1,8192,620.696
8192,1024,1,16384,627.351
8192,1024,1,32768,645.474
8192,1024,1,65536,675.95
8192,1024,1,131055,716.641
8192,1024,2,16,612.044
8192,1024,2,32,610.967
8192,1024,2,64,611.576
8192,1024,2,128,612.023
8192,1024,2,256,611.895
8192,1024,2,512,611.534
8192,1024,2,1024,614.146
8192,1024,2,2048,615.022
8192,1024,2,4096,619.812
8192,1024,2,8192,637.026
8192,1024,2,16384,646.444
8192,1024,2,32768,675.885
8192,1024,2,65536,716.461
8192,1024,2,131055,786.946
8192,1024,4,16,612.1
8192,1024,4,32,627.096
8192,1024,4,64,612.547
8192,1024,4,128,610.369
8192,1024,4,256,623.191
8192,1024,4,512,615.351
8192,1024,4,1024,628.418
8192,1024,4,2048,617.666
8192,1024,4,4096,623.094
8192,1024,4,8192,640.535
8192,1024,4,16384,672.673
8192,1024,4,32768,715.575
8192,1024,4,65536,785.154
8192,1024,4,131055,926.936
8192,1024,8,16,621.89
8192,1024,8,32,627.873
8192,1024,8,64,612.866
8192,1024,8,128,612.291
8192,1024,8,256,612.288
8192,1024,8,512,616.567
8192,1024,8,1024,618.339
8192,1024,8,2048,629.23
8192,1024,8,4096,646.669
8192,1024,8,8192,673.42
8192,1024,8,16384,713.934
8192,1024,8,32768,783.969
8192,1024,8,65536,926.467
8192,1024,8,131055,1210.15
8192,1024,16,16,611.853
8192,1024,16,32,626.039
8192,1024,16,64,612.545
8192,1024,16,128,627.533
8192,1024,16,256,615.319
8192,1024,16,512,619.489
8192,1024,16,1024,626.347
8192,1024,16,2048,652.802
8192,1024,16,4096,675.639
8192,1024,16,8192,714.423
8192,1024,16,16384,785.069
8192,1024,16,32768,925.613
8192,1024,16,65536,1210.77
8192,1024,16,131055,1785.06
8192,1024,32,16,626.253
8192,1024,32,32,618.167
8192,1024,32,64,618.851
8192,1024,32,128,626.892
8192,1024,32,256,626.913
8192,1024,32,512,637.249
8192,1024,32,1024,656.973
8192,1024,32,2048,675.863
8192,1024,32,4096,714.562
8192,1024,32,8192,786.733
8192,1024,32,16384,932.291
8192,1024,32,32768,1220.13
8192,1024,32,65536,1797.72
8192,1024,32,131055,2957.96
8192,1024,64,16,634.476
8192,1024,64,32,633.761
8192,1024,64,64,634.615
8192,1024,64,128,635.543
8192,1024,64,256,646.158
8192,1024,64,512,658.284
8192,1024,64,1024,679.522
8192,1024,64,2048,715.031
8192,1024,64,4096,787.084
8192,1024,64,8192,931.874
8192,1024,64,16384,1220.91
8192,1024,64,32768,1820.69
8192,1024,64,65536,3009.09
8192,1024,64,131055,5422.43
8192,2048,0,0,690.815
8192,2048,1,16,703.575
8192,2048,1,32,718.058
8192,2048,1,64,703.402
8192,2048,1,128,705.012
8192,2048,1,256,704.183
8192,2048,1,512,705.802
8192,2048,1,1024,705.364
8192,2048,1,2048,706.261
8192,2048,1,4096,708.756
8192,2048,1,8192,712.127
8192,2048,1,16384,718.549
8192,2048,1,32768,737.29
8192,2048,1,65536,771.509
8192,2048,1,131055,810.25
8192,2048,2,16,704.181
8192,2048,2,32,706.836
8192,2048,2,64,720.171
8192,2048,2,128,703.54
8192,2048,2,256,704.927
8192,2048,2,512,719.572
8192,2048,2,1024,704.951
8192,2048,2,2048,706.954
8192,2048,2,4096,710.315
8192,2048,2,8192,733.779
8192,2048,2,16384,731.786
8192,2048,2,32768,771.989
8192,2048,2,65536,809.632
8192,2048,2,131055,880.852
8192,2048,4,16,703.595
8192,2048,4,32,704.265
8192,2048,4,64,704.511
8192,2048,4,128,703.732
8192,2048,4,256,717.537
8192,2048,4,512,703.98
8192,2048,4,1024,707.19
8192,2048,4,2048,716.691
8192,2048,4,4096,719.211
8192,2048,4,8192,736.586
8192,2048,4,16384,766.846
8192,2048,4,32768,808.831
8192,2048,4,65536,877.876
8192,2048,4,131055,1021.14
8192,2048,8,16,703.445
8192,2048,8,32,704.735
8192,2048,8,64,704.607
8192,2048,8,128,703.007
8192,2048,8,256,710.847
8192,2048,8,512,708.33
8192,2048,8,1024,714.293
8192,2048,8,2048,728.672
8192,2048,8,4096,747.082
8192,2048,8,8192,770.282
8192,2048,8,16384,805.919
8192,2048,8,32768,875.316
8192,2048,8,65536,1016.6
8192,2048,8,131055,1304.07
8192,2048,16,16,709.375
8192,2048,16,32,704.544
8192,2048,16,64,704.234
8192,2048,16,128,720.682
8192,2048,16,256,707.797
8192,2048,16,512,714.261
8192,2048,16,1024,720.064
8192,2048,16,2048,736.597
8192,2048,16,4096,768.32
8192,2048,16,8192,808.278
8192,2048,16,16384,875.936
8192,2048,16,32768,1019.16
8192,2048,16,65536,1304.63
8192,2048,16,131055,1875.97
8192,2048,32,16,713.919
8192,2048,32,32,714.143
8192,2048,32,64,713.311
8192,2048,32,128,715.254
8192,2048,32,256,717.356
8192,2048,32,512,734.687
8192,2048,32,1024,747.925
8192,2048,32,2048,770.677
8192,2048,32,4096,807.903
8192,2048,32,8192,878.41
8192,2048,32,16384,1024.1
8192,2048,32,32768,1311.54
8192,2048,32,65536,1890.25
8192,2048,32,131055,3048.13
8192,2048,64,16,723.989
8192,2048,64,32,722.272
8192,2048,64,64,729.034
8192,2048,64,128,730.57
8192,2048,64,256,740.618
8192,2048,64,512,752.49
8192,2048,64,1024,773.482
8192,2048,64,2048,809.056
8192,2048,64,4096,879.562
8192,2048,64,8192,1023.26
8192,2048,64,16384,1314.5
8192,2048,64,32768,1915.08
8192,2048,64,65536,3111.05
8192,2048,64,131055,5519.61
8192,4096,0,0,871.253
8192,4096,1,16,885.388
8192,4096,1,32,885.289
8192,4096,1,64,886.111
8192,4096,1,128,903.754
8192,4096,1,256,885.912
8192,4096,1,512,886.593
8192,4096,1,1024,886.549
8192,4096,1,2048,887.38
8192,4096,1,4096,911.488
8192,4096,1,8192,892.63
8192,4096,1,16384,899.221
8192,4096,1,32768,919.308
8192,4096,1,65536,954.016
8192,4096,1,131055,995.53
8192,4096,2,16,884.756
8192,4096,2,32,888.736
8192,4096,2,64,885.751
8192,4096,2,128,886.57
8192,4096,2,256,885.804
8192,4096,2,512,885.803
8192,4096,2,1024,887.158
8192,4096,2,2048,909.418
8192,4096,2,4096,892.81
8192,4096,2,8192,898.88
8192,4096,2,16384,926.094
8192,4096,2,32768,951.689
8192,4096,2,65536,994.57
8192,4096,2,131055,1064.02
8192,4096,4,16,904.054
8192,4096,4,32,884.823
8192,4096,4,64,885.782
8192,4096,4,128,884.193
8192,4096,4,256,885.621
8192,4096,4,512,885.771
8192,4096,4,1024,888.447
8192,4096,4,2048,890.453
8192,4096,4,4096,895.797
8192,4096,4,8192,909.877
8192,4096,4,16384,951.969
8192,4096,4,32768,990.378
8192,4096,4,65536,1061.06
8192,4096,4,131055,1205.04
8192,4096,8,16,884.535
8192,4096,8,32,884.128
8192,4096,8,64,884.907
8192,4096,8,128,886.59
8192,4096,8,256,892.404
8192,4096,8,512,889.483
8192,4096,8,1024,913.973
8192,4096,8,2048,897.899
8192,4096,8,4096,919.488
8192,4096,8,8192,953.568
8192,4096,8,16384,991.402
8192,4096,8,32768,1059.75
8192,4096,8,65536,1203.17
8192,4096,8,131055,1486.95
8192,4096,16,16,883.361
8192,4096,16,32,902.325
8192,4096,16,64,892.863
8192,4096,16,128,887.137
8192,4096,16,256,888.66
8192,4096,16,512,894.346
8192,4096,16,1024,902.101
8192,4096,16,2048,922.412
8192,4096,16,4096,953.835
8192,4096,16,8192,990.666
8192,4096,16,16384,1059.23
8192,4096,16,32768,1202.57
8192,4096,16,65536,1490.1
8192,4096,16,131055,2059.42
8192,4096,32,16,906.293
8192,4096,32,32,899.105
8192,4096,32,64,897.067
8192,4096,32,128,912.033
8192,4096,32,256,904.98
8192,4096,32,512,912.191
8192,4096,32,1024,932.906
8192,4096,32,2048,954.636
8192,4096,32,4096,993.908
8192,4096,32,8192,1063.95
8192,4096,32,16384,1209.06
8192,4096,32,32768,1495.44
8192,4096,32,65536,2080.82
8192,4096,32,131055,3236.63
8192,4096,64,16,908.757
8192,4096,64,32,906.912
8192,4096,64,64,906.326
8192,4096,64,128,906.667
8192,4096,64,256,919.136
8192,4096,64,512,939.072
8192,4096,64,1024,957.577
8192,4096,64,2048,990.805
8192,4096,64,4096,1062.66
8192,4096,64,8192,1206.38
8192,4096,64,16384,1510.78
8192,4096,64,32768,2084.08
8192,4096,64,65536,3283.86
8192,4096,64,131055,5699.26
8192,8192,0,0,1230.55
8192,8192,1,16,1267.78
8192,8192,1,32,1243.08
8192,8192,1,64,1256.92
8192,8192,1,128,1257.27
8192,8192,1,256,1256.02
8192,8192,1,512,1255.72
8192,8192,1,1024,1257.18
8192,8192,1,2048,1245.79
8192,8192,1,4096,1248.05
8192,8192,1,8192,1250.9
8192,8192,1,16384,1272.05
8192,8192,1,32768,1273.51
8192,8192,1,65536,1313.43
8192,8192,1,131055,1355.52
8192,8192,2,16,1243.16
8192,8192,2,32,1243.72
8192,8192,2,64,1241.15
8192,8192,2,128,1264.81
8192,8192,2,256,1245.53
8192,8192,2,512,1244.27
8192,8192,2,1024,1243.04
8192,8192,2,2048,1247.19
8192,8192,2,4096,1250.84
8192,8192,2,8192,1281.51
8192,8192,2,16384,1266.78
8192,8192,2,32768,1311.14
8192,8192,2,65536,1356.7
8192,8192,2,131055,1427.24
8192,8192,4,16,1244.35
8192,8192,4,32,1259.12
8192,8192,4,64,1242.09
8192,8192,4,128,1270.12
8192,8192,4,256,1244.02
8192,8192,4,512,1259.69
8192,8192,4,1024,1245.29
8192,8192,4,2048,1248.99
8192,8192,4,4096,1254.27
8192,8192,4,8192,1270.71
8192,8192,4,16384,1310.59
8192,8192,4,32768,1355.79
8192,8192,4,65536,1424.98
8192,8192,4,131055,1566.61
8192,8192,8,16,1243.97
8192,8192,8,32,1243.64
8192,8192,8,64,1243.3
8192,8192,8,128,1250.74
8192,8192,8,256,1268.27
8192,8192,8,512,1245.58
8192,8192,8,1024,1249.48
8192,8192,8,2048,1256.3
8192,8192,8,4096,1264.77
8192,8192,8,8192,1316.09
8192,8192,8,16384,1353.9
8192,8192,8,32768,1423.56
8192,8192,8,65536,1566.85
8192,8192,8,131055,1851.48
8192,8192,16,16,1240.98
8192,8192,16,32,1269
8192,8192,16,64,1241.01
8192,8192,16,128,1241.89
8192,8192,16,256,1246.15
8192,8192,16,512,1277.16
8192,8192,16,1024,1255.24
8192,8192,16,2048,1278
8192,8192,16,4096,1314.04
8192,8192,16,8192,1353.27
8192,8192,16,16384,1422.95
8192,8192,16,32768,1567.8
8192,8192,16,65536,1854.62
8192,8192,16,131055,2422.21
8192,8192,32,16,1245.27
8192,8192,32,32,1259.1
8192,8192,32,64,1274.54
8192,8192,32,128,1276.47
8192,8192,32,256,1277.8
8192,8192,32,512,1286.04
8192,8192,32,1024,1296.6
8192,8192,32,2048,1318.17
8192,8192,32,4096,1353.15
8192,8192,32,8192,1426.61
8192,8192,32,16384,1574.11
8192,8192,32,32768,1862.62
8192,8192,32,65536,2445.32
8192,8192,32,131055,3617.31
8192,8192,64,16,1269.57
8192,8192,64,32,1266.24
8192,8192,64,64,1267.97
8192,8192,64,128,1267.8
8192,8192,64,256,1288.47
8192,8192,64,512,1296.15
8192,8192,64,1024,1319.67
8192,8192,64,2048,1355.16
8192,8192,64,4096,1426.35
8192,8192,64,8192,1575.39
8192,8192,64,16384,1875.85
8192,8192,64,32768,2470.95
8192,8192,64,65536,3667.89
8192,8192,64,131055,6065.2
8192,16384,0,0,1920.87
8192,16384,1,16,1933.15
8192,16384,1,32,1934.3
8192,16384,1,64,1932.19
8192,16384,1,128,1931.49
8192,16384,1,256,1934.31
8192,16384,1,512,1934.1
8192,16384,1,1024,1936.31
8192,16384,1,2048,1936.66
8192,16384,1,4096,1938.68
8192,16384,1,8192,1947.76
8192,16384,1,16384,1946.44
8192,16384,1,32768,1958.5
8192,16384,1,65536,2013.1
8192,16384,1,131055,2052.54
8192,16384,2,16,1935.92
8192,16384,2,32,1956.06
8192,16384,2,64,1934.66
8192,16384,2,128,1934.44
8192,16384,2,256,1960.89
8192,16384,2,512,1932.88
8192,16384,2,1024,1934.9
8192,16384,2,2048,1937.09
8192,16384,2,4096,1940.03
8192,16384,2,8192,1978.38
8192,16384,2,16384,1988.48
8192,16384,2,32768,2011.85
8192,16384,2,65536,2054.2
8192,16384,2,131055,2124.5
8192,16384,4,16,1932.46
8192,16384,4,32,1933.71
8192,16384,4,64,1930.34
8192,16384,4,128,1931.83
8192,16384,4,256,1936.32
8192,16384,4,512,1965.69
8192,16384,4,1024,1936.64
8192,16384,4,2048,1955.28
8192,16384,4,4096,1944.35
8192,16384,4,8192,1989.39
8192,16384,4,16384,2011.88
8192,16384,4,32768,2051.95
8192,16384,4,65536,2128.84
8192,16384,4,131055,2272.62
8192,16384,8,16,1931.55
8192,16384,8,32,1961.4
8192,16384,8,64,1947.52
8192,16384,8,128,1933.39
8192,16384,8,256,1930.28
8192,16384,8,512,1952.12
8192,16384,8,1024,1938.46
8192,16384,8,2048,1949.77
8192,16384,8,4096,1978.11
8192,16384,8,8192,2012.15
8192,16384,8,16384,2045.19
8192,16384,8,32768,2122.78
8192,16384,8,65536,2275.87
8192,16384,8,131055,2559.31
8192,16384,16,16,1936.81
8192,16384,16,32,1934.23
8192,16384,16,64,1935.28
8192,16384,16,128,1941.56
8192,16384,16,256,1936.86
8192,16384,16,512,1954.23
8192,16384,16,1024,1955.76
8192,16384,16,2048,1980.27
8192,16384,16,4096,2013.73
8192,16384,16,8192,2050.23
8192,16384,16,16384,2124.93
8192,16384,16,32768,2273.65
8192,16384,16,65536,2558.32
8192,16384,16,131055,3132.63
8192,16384,32,16,1955.34
8192,16384,32,32,1934.91
8192,16384,32,64,1934.68
8192,16384,32,128,1937.96
8192,16384,32,256,1973.39
8192,16384,32,512,1958.9
8192,16384,32,1024,1977.25
8192,16384,32,2048,2013.72
8192,16384,32,4096,2054.86
8192,16384,32,8192,2143.5
8192,16384,32,16384,2279.76
8192,16384,32,32768,2571.04
8192,16384,32,65536,3148.98
8192,16384,32,131055,4303.5
8192,16384,64,16,1975.05
8192,16384,64,32,1974.72
8192,16384,64,64,1958.17
8192,16384,64,128,1959.05
8192,16384,64,256,1970.7
8192,16384,64,512,1990.97
8192,16384,64,1024,2013.68
8192,16384,64,2048,2059.94
8192,16384,64,4096,2129.12
8192,16384,64,8192,2275.75
8192,16384,64,16384,2571.68
8192,16384,64,32768,3168.01
8192,16384,64,65536,4369.57
8192,16384,64,131055,6777.74
8192,32768,0,0,3233.76
8192,32768,1,16,3243.6
8192,32768,1,32,3238.34
8192,32768,1,64,3236.83
8192,32768,1,128,3235.38
8192,32768,1,256,3252.45
8192,32768,1,512,3239.75
8192,32768,1,1024,3240.74
8192,32768,1,2048,3249
8192,32768,1,4096,3243.28
8192,32768,1,8192,3257.84
8192,32768,1,16384,3250.2
8192,32768,1,32768,3273.57
8192,32768,1,65536,3281.19
8192,32768,1,131055,3347.73
8192,32768,2,16,3235.01
8192,32768,2,32,3239.12
8192,32768,2,64,3239.2
8192,32768,2,128,3240.62
8192,32768,2,256,3268.51
8192,32768,2,512,3241.92
8192,32768,2,1024,3246.92
8192,32768,2,2048,3238.95
8192,32768,2,4096,3245.69
8192,32768,2,8192,3279.92
8192,32768,2,16384,3276.85
8192,32768,2,32768,3310.14
8192,32768,2,65536,3348.41
8192,32768,2,131055,3438.03
8192,32768,4,16,3241.48
8192,32768,4,32,3233.97
8192,32768,4,64,3234.76
8192,32768,4,128,3232.75
8192,32768,4,256,3240.14
8192,32768,4,512,3236.7
8192,32768,4,1024,3236.44
8192,32768,4,2048,3241.9
8192,32768,4,4096,3268.89
8192,32768,4,8192,3277.3
8192,32768,4,16384,3313.87
8192,32768,4,32768,3348.79
8192,32768,4,65536,3431.88
8192,32768,4,131055,3587.44
8192,32768,8,16,3237.5
8192,32768,8,32,3237.57
8192,32768,8,64,3237.15
8192,32768,8,128,3241.81
8192,32768,8,256,3242.68
8192,32768,8,512,3243.79
8192,32768,8,1024,3251.92
8192,32768,8,2048,3245.83
8192,32768,8,4096,3261.05
8192,32768,8,8192,3309.45
8192,32768,8,16384,3348.16
8192,32768,8,32768,3434.5
8192,32768,8,65536,3577.46
8192,32768,8,131055,3873.23
8192,32768,16,16,3248.49
8192,32768,16,32,3233.9
8192,32768,16,64,3234.9
8192,32768,16,128,3238.91
8192,32768,16,256,3256.31
8192,32768,16,512,3243.19
8192,32768,16,1024,3246.93
8192,32768,16,2048,3277.01
8192,32768,16,4096,3280.96
8192,32768,16,8192,3349.28
8192,32768,16,16384,3431.53
8192,32768,16,32768,3580.96
8192,32768,16,65536,3874.2
8192,32768,16,131055,4445.89
8192,32768,32,16,3241.72
8192,32768,32,32,3259.43
8192,32768,32,64,3255.07
8192,32768,32,128,3268.85
8192,32768,32,256,3253.15
8192,32768,32,512,3277.59
8192,32768,32,1024,3263.4
8192,32768,32,2048,3312.86
8192,32768,32,4096,3357.04
8192,32768,32,8192,3443.84
8192,32768,32,16384,3595.82
8192,32768,32,32768,3886.15
8192,32768,32,65536,4464.52
8192,32768,32,131055,5633.56
8192,32768,64,16,3275.86
8192,32768,64,32,3272.79
8192,32768,64,64,3270.61
8192,32768,64,128,3274.02
8192,32768,64,256,3285.13
8192,32768,64,512,3298.18
8192,32768,64,1024,3315.4
8192,32768,64,2048,3365.24
8192,32768,64,4096,3441.71
8192,32768,64,8192,3593.81
8192,32768,64,16384,3894.21
8192,32768,64,32768,4492.15
8192,32768,64,65536,5681.87
8192,32768,64,131055,8076.24
8192,65536,0,0,5834.27
8192,65536,1,16,5845.2
8192,65536,1,32,5846.36
8192,65536,1,64,5846.3
8192,65536,1,128,5845.44
8192,65536,1,256,5841.37
8192,65536,1,512,5850.31
8192,65536,1,1024,5840.21
8192,65536,1,2048,6179.7
8192,65536,1,4096,5848.93
8192,65536,1,8192,5852.04
8192,65536,1,16384,5905.1
8192,65536,1,32768,5866.16
8192,65536,1,65536,6128.56
8192,65536,1,131055,5944.65
8192,65536,2,16,6003.51
8192,65536,2,32,5851.75
8192,65536,2,64,5887.96
8192,65536,2,128,5862.36
8192,65536,2,256,6187.33
8192,65536,2,512,5841.51
8192,65536,2,1024,5844.63
8192,65536,2,2048,5846.11
8192,65536,2,4096,5860.09
8192,65536,2,8192,5856.4
8192,65536,2,16384,5867.41
8192,65536,2,32768,5880.59
8192,65536,2,65536,5940.43
8192,65536,2,131055,6025.03
8192,65536,4,16,5850.28
8192,65536,4,32,5843.62
8192,65536,4,64,5851.16
8192,65536,4,128,5844.54
8192,65536,4,256,6075.46
8192,65536,4,512,5841.7
8192,65536,4,1024,5916.87
8192,65536,4,2048,5983.84
8192,65536,4,4096,6018.3
8192,65536,4,8192,5860.08
8192,65536,4,16384,5959.85
8192,65536,4,32768,5939.31
8192,65536,4,65536,6018.33
8192,65536,4,131055,6178.46
8192,65536,8,16,5844.12
8192,65536,8,32,5848.14
8192,65536,8,64,5996.64
8192,65536,8,128,5843.01
8192,65536,8,256,5845.78
8192,65536,8,512,5859.97
8192,65536,8,1024,5844.86
8192,65536,8,2048,5968.86
8192,65536,8,4096,5861.99
8192,65536,8,8192,5880.34
8192,65536,8,16384,5950.88
8192,65536,8,32768,6022.42
8192,65536,8,65536,6178.77
8192,65536,8,131055,6464.07
8192,65536,16,16,5847.57
8192,65536,16,32,5890.3
8192,65536,16,64,5849.16
8192,65536,16,128,5888.97
8192,65536,16,256,5845.64
8192,65536,16,512,5849.98
8192,65536,16,1024,5853.09
8192,65536,16,2048,5864.29
8192,65536,16,4096,5902.47
8192,65536,16,8192,5936.46
8192,65536,16,16384,6019.52
8192,65536,16,32768,6173.85
8192,65536,16,65536,6465.03
8192,65536,16,131055,7036.68
8192,65536,32,16,5889.77
8192,65536,32,32,6007.99
8192,65536,32,64,5845.88
8192,65536,32,128,5849.91
8192,65536,32,256,6061.4
8192,65536,32,512,5853.71
8192,65536,32,1024,5868.81
8192,65536,32,2048,5942.26
8192,65536,32,4096,5960.12
8192,65536,32,8192,6029.02
8192,65536,32,16384,6182.03
8192,65536,32,32768,6485.5
8192,65536,32,65536,7064.85
8192,65536,32,131055,8222.29
8192,65536,64,16,5858.88
8192,65536,64,32,5864.11
8192,65536,64,64,5859.71
8192,65536,64,128,5881.99
8192,65536,64,256,5906.17
8192,65536,64,512,5890.46
8192,65536,64,1024,5911.77
8192,65536,64,2048,5944.04
8192,65536,64,4096,6037.22
8192,65536,64,8192,6186.55
8192,65536,64,16384,6471.8
8192,65536,64,32768,7079.37
8192,65536,64,65536,8285.1
8192,65536,64,131055,10679.7
16384,0,0,0,1702.22
16384,0,1,16,1682.89
16384,0,1,32,1715.64
16384,0,1,64,1727.81
16384,0,1,128,1730.8
16384,0,1,256,1714.15
16384,0,1,512,1729.94
16384,0,1,1024,1723.87
16384,0,1,2048,1684.7
16384,0,1,4096,1721.49
16384,0,1,8192,1688.25
16384,0,1,16384,1722
16384,0,1,32768,1706.84
16384,0,1,65536,1730.17
16384,0,1,131055,1767.28
16384,0,2,16,1727.62
16384,0,2,32,1747.59
16384,0,2,64,1687.8
16384,0,2,128,1729.97
16384,0,2,256,1682.12
16384,0,2,512,1725.7
16384,0,2,1024,1684.37
16384,0,2,2048,1730.02
16384,0,2,4096,1687.13
16384,0,2,8192,1771.32
16384,0,2,16384,1735.21
16384,0,2,32768,1733.5
16384,0,2,65536,1781.54
16384,0,2,131055,1846.47
16384,0,4,16,1683.02
16384,0,4,32,1701.69
16384,0,4,64,1678.34
16384,0,4,128,1741.31
16384,0,4,256,1701.6
16384,0,4,512,1749.06
16384,0,4,1024,1704.83
16384,0,4,2048,1714.29
16384,0,4,4096,1722.03
16384,0,4,8192,1730.96
16384,0,4,16384,1726.13
16384,0,4,32768,1764.75
16384,0,4,65536,1846.54
16384,0,4,131055,1990.67
16384,0,8,16,1683.17
16384,0,8,32,1683.22
16384,0,8,64,1680.51
16384,0,8,128,1719.53
16384,0,8,256,1681.36
16384,0,8,512,1686.26
16384,0,8,1024,1689.07
16384,0,8,2048,1735.15
16384,0,8,4096,1750.46
16384,0,8,8192,1763.57
16384,0,8,16384,1824.3
16384,0,8,32768,1845.42
16384,0,8,65536,1989.6
16384,0,8,131055,2274.77
16384,0,16,16,1681.97
16384,0,16,32,1679.86
16384,0,16,64,1720.28
16384,0,16,128,1716.35
16384,0,16,256,1683.04
16384,0,16,512,1684.09
16384,0,16,1024,1753.45
16384,0,16,2048,1738.71
16384,0,16,4096,1726.41
16384,0,16,8192,1762.11
16384,0,16,16384,1845.37
16384,0,16,32768,1992.45
16384,0,16,65536,2275.03
16384,0,16,131055,2847.6
16384,0,32,16,1684.51
16384,0,32,32,1683.37
16384,0,32,64,1710.74
16384,0,32,128,1713.79
16384,0,32,256,1686.86
16384,0,32,512,1695.52
16384,0,32,1024,1707.9
16384,0,32,2048,1727.69
16384,0,32,4096,1836.08
16384,0,32,8192,1850.87
16384,0,32,16384,1996.93
16384,0,32,32768,2290.7
16384,0,32,65536,2865.4
16384,0,32,131055,4030.53
16384,0,64,16,1689.83
16384,0,64,32,1689.06
16384,0,64,64,1690.33
16384,0,64,128,1689.32
16384,0,64,256,1700.76
16384,0,64,512,1710.14
16384,0,64,1024,1803.1
16384,0,64,2048,1780.02
16384,0,64,4096,1849.84
16384,0,64,8192,1998.56
16384,0,64,16384,2289.22
16384,0,64,32768,2899.1
16384,0,64,65536,4099.47
16384,0,64,131055,6492.59
16384,16,0,0,1698.01
16384,16,1,16,1707.85
16384,16,1,32,1728
16384,16,1,64,1736.99
16384,16,1,128,1727.1
16384,16,1,256,1720.79
16384,16,1,512,1706.52
16384,16,1,1024,1752.06
16384,16,1,2048,1733.54
16384,16,1,4096,1709.83
16384,16,1,8192,1760.54
16384,16,1,16384,1759.99
16384,16,1,32768,1762.52
16384,16,1,65536,1758.63
16384,16,1,131055,1802.31
16384,16,2,16,1737.54
16384,16,2,32,1703.42
16384,16,2,64,1736.54
16384,16,2,128,1756.98
16384,16,2,256,1739.97
16384,16,2,512,1724.97
16384,16,2,1024,1705.01
16384,16,2,2048,1745.01
16384,16,2,4096,1713.33
16384,16,2,8192,1730.6
16384,16,2,16384,1741.8
16384,16,2,32768,1749.39
16384,16,2,65536,1813.1
16384,16,2,131055,1875.75
16384,16,4,16,1760.3
16384,16,4,32,1754.14
16384,16,4,64,1706.51
16384,16,4,128,1706.35
16384,16,4,256,1707.31
16384,16,4,512,1749.35
16384,16,4,1024,1764.34
16384,16,4,2048,1709.72
16384,16,4,4096,1715.54
16384,16,4,8192,1727.22
16384,16,4,16384,1749.68
16384,16,4,32768,1796.42
16384,16,4,65536,1867.46
16384,16,4,131055,2014.5
16384,16,8,16,1704.91
16384,16,8,32,1746.98
16384,16,8,64,1752.51
16384,16,8,128,1708.36
16384,16,8,256,1704.99
16384,16,8,512,1706.42
16384,16,8,1024,1711.15
16384,16,8,2048,1742
16384,16,8,4096,1727.89
16384,16,8,8192,1790
16384,16,8,16384,1791.94
16384,16,8,32768,1869.87
16384,16,8,65536,2015.44
16384,16,8,131055,2301.71
16384,16,16,16,1702.65
16384,16,16,32,1706.45
16384,16,16,64,1704.54
16384,16,16,128,1755.73
16384,16,16,256,1708.6
16384,16,16,512,1709.62
16384,16,16,1024,1778.72
16384,16,16,2048,1728.72
16384,16,16,4096,1798.26
16384,16,16,8192,1800.04
16384,16,16,16384,1879.97
16384,16,16,32768,2012.95
16384,16,16,65536,2302.6
16384,16,16,131055,2873.49
16384,16,32,16,1707.69
16384,16,32,32,1708.18
16384,16,32,64,1708
16384,16,32,128,1706.1
16384,16,32,256,1712.05
16384,16,32,512,1755.38
16384,16,32,1024,1769.17
16384,16,32,2048,1805.61
16384,16,32,4096,1815.53
16384,16,32,8192,1930.72
16384,16,32,16384,2014.92
16384,16,32,32768,2312.85
16384,16,32,65536,2897.74
16384,16,32,131055,4048.78
16384,16,64,16,1714.97
16384,16,64,32,1715.03
16384,16,64,64,1713.84
16384,16,64,128,1755.5
16384,16,64,256,1762.78
16384,16,64,512,1736.33
16384,16,64,1024,1758.11
16384,16,64,2048,1816.71
16384,16,64,4096,1873.49
16384,16,64,8192,2032.26
16384,16,64,16384,2315.37
16384,16,64,32768,2922.01
16384,16,64,65536,4118.21
16384,16,64,131055,6513.49
16384,32,0,0,1694.39
16384,32,1,16,1706.64
16384,32,1,32,1736.64
16384,32,1,64,1706.48
16384,32,1,128,1737.47
16384,32,1,256,1754.27
16384,32,1,512,1705.29
16384,32,1,1024,1707.54
16384,32,1,2048,1723.08
16384,32,1,4096,1710.88
16384,32,1,8192,1754.55
16384,32,1,16384,1718.62
16384,32,1,32768,1729.92
16384,32,1,65536,1753.04
16384,32,1,131055,1789.96
16384,32,2,16,1755.39
16384,32,2,32,1784.76
16384,32,2,64,1777.03
16384,32,2,128,1707.02
16384,32,2,256,1708.02
16384,32,2,512,1704.83
16384,32,2,1024,1707.54
16384,32,2,2048,1768.01
16384,32,2,4096,1738.88
16384,32,2,8192,1772.3
16384,32,2,16384,1774.39
16384,32,2,32768,1781.53
16384,32,2,65536,1813.98
16384,32,2,131055,1877.19
16384,32,4,16,1754.38
16384,32,4,32,1766.24
16384,32,4,64,1736.95
16384,32,4,128,1715.29
16384,32,4,256,1741.94
16384,32,4,512,1743.74
16384,32,4,1024,1777.33
16384,32,4,2048,1755.31
16384,32,4,4096,1742.26
16384,32,4,8192,1727.75
16384,32,4,16384,1764.3
16384,32,4,32768,1787.33
16384,32,4,65536,1910.42
16384,32,4,131055,2015.37
16384,32,8,16,1706.62
16384,32,8,32,1780.5
16384,32,8,64,1705.02
16384,32,8,128,1705.59
16384,32,8,256,1759.21
16384,32,8,512,1706.69
16384,32,8,1024,1710.24
16384,32,8,2048,1716.22
16384,32,8,4096,1725.42
16384,32,8,8192,1797.04
16384,32,8,16384,1857.01
16384,32,8,32768,1890.05
16384,32,8,65536,2013.62
16384,32,8,131055,2301.8
16384,32,16,16,1744.17
16384,32,16,32,1704.14
16384,32,16,64,1746.02
16384,32,16,128,1703.16
16384,32,16,256,1708.58
16384,32,16,512,1709.15
16384,32,16,1024,1742.11
16384,32,16,2048,1727.4
16384,32,16,4096,1749.97
16384,32,16,8192,1816.12
16384,32,16,16384,1869.57
16384,32,16,32768,2015.72
16384,32,16,65536,2301.28
16384,32,16,131055,2874.34
16384,32,32,16,1758.52
16384,32,32,32,1718.58
16384,32,32,64,1754.68
16384,32,32,128,1728.03
16384,32,32,256,1718.64
16384,32,32,512,1722.77
16384,32,32,1024,1730.15
16384,32,32,2048,1757.68
16384,32,32,4096,1835.87
16384,32,32,8192,1871.17
16384,32,32,16384,2021.72
16384,32,32,32768,2310.2
16384,32,32,65536,2888.91
16384,32,32,131055,4056.58
16384,32,64,16,1713.98
16384,32,64,32,1712.66
16384,32,64,64,1713.15
16384,32,64,128,1715.51
16384,32,64,256,1764.4
16384,32,64,512,1759.16
16384,32,64,1024,1764.36
16384,32,64,2048,1804.85
16384,32,64,4096,1873.46
16384,32,64,8192,2018.79
16384,32,64,16384,2314.62
16384,32,64,32768,2920.13
16384,32,64,65536,4119.18
16384,32,64,131055,6513.17
16384,64,0,0,1696.19
16384,64,1,16,1736.9
16384,64,1,32,1705.49
16384,64,1,64,1704.46
16384,64,1,128,1704.19
16384,64,1,256,1739.49
16384,64,1,512,1765.66
16384,64,1,1024,1756.18
16384,64,1,2048,1742.07
16384,64,1,4096,1767.05
16384,64,1,8192,1713.52
16384,64,1,16384,1779.74
16384,64,1,32768,1737
16384,64,1,65536,1753.22
16384,64,1,131055,1807.07
16384,64,2,16,1704.83
16384,64,2,32,1702.79
16384,64,2,64,1720.84
16384,64,2,128,1758.63
16384,64,2,256,1773.88
16384,64,2,512,1765.8
16384,64,2,1024,1737.66
16384,64,2,2048,1707.54
16384,64,2,4096,1776.49
16384,64,2,8192,1719.39
16384,64,2,16384,1726.04
16384,64,2,32768,1749.43
16384,64,2,65536,1789.44
16384,64,2,131055,1913.86
16384,64,4,16,1704.17
16384,64,4,32,1704.1
16384,64,4,64,1705.32
16384,64,4,128,1704.65
16384,64,4,256,1763.22
16384,64,4,512,1705.8
16384,64,4,1024,1707.18
16384,64,4,2048,1729.25
16384,64,4,4096,1715.68
16384,64,4,8192,1727.86
16384,64,4,16384,1747.44
16384,64,4,32768,1795
16384,64,4,65536,1867.86
16384,64,4,131055,2011.15
16384,64,8,16,1706.58
16384,64,8,32,1752.8
16384,64,8,64,1702.91
16384,64,8,128,1787.82
16384,64,8,256,1724.98
16384,64,8,512,1730.1
16384,64,8,1024,1738.97
16384,64,8,2048,1773.94
16384,64,8,4096,1727.19
16384,64,8,8192,1748.79
16384,64,8,16384,1784.81
16384,64,8,32768,1869.59
16384,64,8,65536,2008.17
16384,64,8,131055,2306.53
16384,64,16,16,1731.64
16384,64,16,32,1702.43
16384,64,16,64,1749.92
16384,64,16,128,1703.39
16384,64,16,256,1727.38
16384,64,16,512,1743.99
16384,64,16,1024,1736.21
16384,64,16,2048,1770
16384,64,16,4096,1778.2
16384,64,16,8192,1837.52
16384,64,16,16384,1870.55
16384,64,16,32768,2010.19
16384,64,16,65536,2296.92
16384,64,16,131055,2873.83
16384,64,32,16,1706.07
16384,64,32,32,1728.21
16384,64,32,64,1705.22
16384,64,32,128,1760.75
16384,64,32,256,1710.91
16384,64,32,512,1717.01
16384,64,32,1024,1765.85
16384,64,32,2048,1757.91
16384,64,32,4096,1786.66
16384,64,32,8192,1868.18
16384,64,32,16384,2020.42
16384,64,32,32768,2307.01
16384,64,32,65536,2892.72
16384,64,32,131055,4056.09
16384,64,64,16,1710.38
16384,64,64,32,1712.67
16384,64,64,64,1720.15
16384,64,64,128,1737.81
16384,64,64,256,1721.95
16384,64,64,512,1765.14
16384,64,64,1024,1796.39
16384,64,64,2048,1799.47
16384,64,64,4096,1869.96
16384,64,64,8192,2018.31
16384,64,64,16384,2318.04
16384,64,64,32768,2918.02
16384,64,64,65536,4116.03
16384,64,64,131055,6509.11
16384,128,0,0,1721.32
16384,128,1,16,1701.74
16384,128,1,32,1731.25
16384,128,1,64,1700.6
16384,128,1,128,1738.3
16384,128,1,256,1740.38
16384,128,1,512,1702.43
16384,128,1,1024,1703.61
16384,128,1,2048,1703.48
16384,128,1,4096,1706.65
16384,128,1,8192,1710.31
16384,128,1,16384,1770.44
16384,128,1,32768,1727.53
16384,128,1,65536,1765.02
16384,128,1,131055,1786.08
16384,128,2,16,1707.52
16384,128,2,32,1755.93
16384,128,2,64,1747.5
16384,128,2,128,1703.65
16384,128,2,256,1702.43
16384,128,2,512,1772
16384,128,2,1024,1704.82
16384,128,2,2048,1704.49
16384,128,2,4096,1738.4
16384,128,2,8192,1744.98
16384,128,2,16384,1741.06
16384,128,2,32768,1814.74
16384,128,2,65536,1812.82
16384,128,2,131055,1867.99
16384,128,4,16,1741.44
16384,128,4,32,1701.55
16384,128,4,64,1738.44
16384,128,4,128,1756.49
16384,128,4,256,1750.5
16384,128,4,512,1748.96
16384,128,4,1024,1782.65
16384,128,4,2048,1709.17
16384,128,4,4096,1712.5
16384,128,4,8192,1774.61
16384,128,4,16384,1742.69
16384,128,4,32768,1824.24
16384,128,4,65536,1866.53
16384,128,4,131055,2008.61
16384,128,8,16,1735.63
16384,128,8,32,1702.81
16384,128,8,64,1774.84
16384,128,8,128,1728.85
16384,128,8,256,1759.55
16384,128,8,512,1704.89
16384,128,8,1024,1704.67
16384,128,8,2048,1713.2
16384,128,8,4096,1757.3
16384,128,8,8192,1743.94
16384,128,8,16384,1794.97
16384,128,8,32768,1937.76
16384,128,8,65536,2019.79
16384,128,8,131055,2295.16
16384,128,16,16,1733.6
16384,128,16,32,1698.98
16384,128,16,64,1728.68
16384,128,16,128,1700.99
16384,128,16,256,1702.4
16384,128,16,512,1706.1
16384,128,16,1024,1767.3
16384,128,16,2048,1724.42
16384,128,16,4096,1781.5
16384,128,16,8192,1782.48
16384,128,16,16384,1867.81
16384,128,16,32768,2009.4
16384,128,16,65536,2295.88
16384,128,16,131055,2869.71
16384,128,32,16,1701.66
16384,128,32,32,1703.46
16384,128,32,64,1742.03
16384,128,32,128,1754.34
16384,128,32,256,1706.94
16384,128,32,512,1715.4
16384,128,32,1024,1785.55
16384,128,32,2048,1798.58
16384,128,32,4096,1836.43
16384,128,32,8192,1870.42
16384,128,32,16384,2012.79
16384,128,32,32768,2309.02
16384,128,32,65536,2887
16384,128,32,131055,4052.03
16384,128,64,16,1760.86
16384,128,64,32,1709.51
16384,128,64,64,1708.67
16384,128,64,128,1758.84
16384,128,64,256,1721.08
16384,128,64,512,1761.16
16384,128,64,1024,1762.12
16384,128,64,2048,1787.58
16384,128,64,4096,1869.41
16384,128,64,8192,2015.49
16384,128,64,16384,2309.92
16384,128,64,32768,2912.67
16384,128,64,65536,4109.51
16384,128,64,131055,6511.82
16384,256,0,0,1761.01
16384,256,1,16,1791.56
16384,256,1,32,1724.52
16384,256,1,64,1775.26
16384,256,1,128,1764.81
16384,256,1,256,1723.04
16384,256,1,512,1723.1
16384,256,1,1024,1722.35
16384,256,1,2048,1724.51
16384,256,1,4096,1726.31
16384,256,1,8192,1785.85
16384,256,1,16384,1735.67
16384,256,1,32768,1748.11
16384,256,1,65536,1821.26
16384,256,1,131055,1813.94
16384,256,2,16,1723.53
16384,256,2,32,1722.43
16384,256,2,64,1722.01
16384,256,2,128,1722.5
16384,256,2,256,1767.22
16384,256,2,512,1738.04
16384,256,2,1024,1723.42
16384,256,2,2048,1791.83
16384,256,2,4096,1772.5
16384,256,2,8192,1786.29
16384,256,2,16384,1771.93
16384,256,2,32768,1803.89
16384,256,2,65536,1867.48
16384,256,2,131055,1890.8
16384,256,4,16,1791.57
16384,256,4,32,1769.58
16384,256,4,64,1785.71
16384,256,4,128,1721.42
16384,256,4,256,1721.08
16384,256,4,512,1722.45
16384,256,4,1024,1761.32
16384,256,4,2048,1769.18
16384,256,4,4096,1731.17
16384,256,4,8192,1783.15
16384,256,4,16384,1766.59
16384,256,4,32768,1802.93
16384,256,4,65536,1886.27
16384,256,4,131055,2030.83
16384,256,8,16,1722.26
16384,256,8,32,1746.43
16384,256,8,64,1722.94
16384,256,8,128,1723.38
16384,256,8,256,1721.6
16384,256,8,512,1724.65
16384,256,8,1024,1727.06
16384,256,8,2048,1759.33
16384,256,8,4096,1795.21
16384,256,8,8192,1766.01
16384,256,8,16384,1821.37
16384,256,8,32768,1887.39
16384,256,8,65536,2026.42
16384,256,8,131055,2316.56
16384,256,16,16,1719.62
16384,256,16,32,1749.85
16384,256,16,64,1722.25
16384,256,16,128,1798.29
16384,256,16,256,1724.56
16384,256,16,512,1767.35
16384,256,16,1024,1781.42
16384,256,16,2048,1823.48
16384,256,16,4096,1790.59
16384,256,16,8192,1804.56
16384,256,16,16384,1946.28
16384,256,16,32768,2030.8
16384,256,16,65536,2315.69
16384,256,16,131055,2890.02
16384,256,32,16,1724.19
16384,256,32,32,1752.81
16384,256,32,64,1723.06
16384,256,32,128,1766.31
16384,256,32,256,1765.3
16384,256,32,512,1737.75
16384,256,32,1024,1789.48
16384,256,32,2048,1790.13
16384,256,32,4096,1811.83
16384,256,32,8192,1888.47
16384,256,32,16384,2032.91
16384,256,32,32768,2325.39
16384,256,32,65536,2909.9
16384,256,32,131055,4073.48
16384,256,64,16,1731.56
16384,256,64,32,1729.06
16384,256,64,64,1730.49
16384,256,64,128,1730.65
16384,256,64,256,1784.87
16384,256,64,512,1787.1
16384,256,64,1024,1827.97
16384,256,64,2048,1809.7
16384,256,64,4096,1899.12
16384,256,64,8192,2035.74
16384,256,64,16384,2333.03
16384,256,64,32768,2936.5
16384,256,64,65536,4134.21
16384,256,64,131055,6536.49
16384,512,0,0,1751.83
16384,512,1,16,1794.58
16384,512,1,32,1762.43
16384,512,1,64,1764.66
16384,512,1,128,1764.8
16384,512,1,256,1816.71
16384,512,1,512,1846.5
16384,512,1,1024,1810.14
16384,512,1,2048,1767.74
16384,512,1,4096,1837.14
16384,512,1,8192,1813.11
16384,512,1,16384,1849.76
16384,512,1,32768,1791.87
16384,512,1,65536,1812.22
16384,512,1,131055,1913.25
16384,512,2,16,1826.87
16384,512,2,32,1816.49
16384,512,2,64,1808.61
16384,512,2,128,1812.13
16384,512,2,256,1765.69
16384,512,2,512,1765.79
16384,512,2,1024,1766.46
16384,512,2,2048,1847.64
16384,512,2,4096,1807.69
16384,512,2,8192,1827.64
16384,512,2,16384,1826.65
16384,512,2,32768,1824.3
16384,512,2,65536,1848.22
16384,512,2,131055,1933.33
16384,512,4,16,1836.3
16384,512,4,32,1826.67
16384,512,4,64,1802.02
16384,512,4,128,1822.44
16384,512,4,256,1764.3
16384,512,4,512,1762.8
16384,512,4,1024,1815.77
16384,512,4,2048,1768.48
16384,512,4,4096,1808.39
16384,512,4,8192,1838.9
16384,512,4,16384,1806.99
16384,512,4,32768,1897.14
16384,512,4,65536,1929.47
16384,512,4,131055,2071.55
16384,512,8,16,1795.07
16384,512,8,32,1819.51
16384,512,8,64,1833.25
16384,512,8,128,1832.93
16384,512,8,256,1764.29
16384,512,8,512,1767.85
16384,512,8,1024,1851.21
16384,512,8,2048,1774.84
16384,512,8,4096,1807.96
16384,512,8,8192,1864.64
16384,512,8,16384,1926.48
16384,512,8,32768,1931.42
16384,512,8,65536,2068.57
16384,512,8,131055,2357.66
16384,512,16,16,1760.93
16384,512,16,32,1762.24
16384,512,16,64,1807.09
16384,512,16,128,1778.86
16384,512,16,256,1819.27
16384,512,16,512,1768.1
16384,512,16,1024,1773.26
16384,512,16,2048,1817.26
16384,512,16,4096,1808.8
16384,512,16,8192,1845.32
16384,512,16,16384,1964.29
16384,512,16,32768,2069.61
16384,512,16,65536,2357.15
16384,512,16,131055,2929.55
16384,512,32,16,1785.91
16384,512,32,32,1766.74
16384,512,32,64,1766.7
16384,512,32,128,1771.59
16384,512,32,256,1770.12
16384,512,32,512,1777.14
16384,512,32,1024,1788.8
16384,512,32,2048,1849.59
16384,512,32,4096,1847.02
16384,512,32,8192,1976.54
16384,512,32,16384,2074.29
16384,512,32,32768,2371.84
16384,512,32,65536,2949.32
16384,512,32,131055,4110.03
16384,512,64,16,1790.46
16384,512,64,32,1772.62
16384,512,64,64,1775.14
16384,512,64,128,1773.87
16384,512,64,256,1825.37
16384,512,64,512,1794.45
16384,512,64,1024,1848.52
16384,512,64,2048,1856.65
16384,512,64,4096,1931.48
16384,512,64,8192,2076.18
16384,512,64,16384,2375.77
16384,512,64,32768,2979.85
16384,512,64,65536,4173.16
16384,512,64,131055,6570.68
16384,1024,0,0,1865.79
16384,1024,1,16,1848.2
16384,1024,1,32,1849.25
16384,1024,1,64,1848.17
16384,1024,1,128,1911.21
16384,1024,1,256,1925.14
16384,1024,1,512,1897.72
16384,1024,1,1024,1851.3
16384,1024,1,2048,1901.46
16384,1024,1,4096,1920.29
16384,1024,1,8192,1941.14
16384,1024,1,16384,1863.9
16384,1024,1,32768,1873.53
16384,1024,1,65536,1895.17
16384,1024,1,131055,1965.66
16384,1024,2,16,1848.27
16384,1024,2,32,1901.46
16384,1024,2,64,1847.48
16384,1024,2,128,1849.65
16384,1024,2,256,1896.54
16384,1024,2,512,1848.6
16384,1024,2,1024,1898.08
16384,1024,2,2048,1914.65
16384,1024,2,4096,1856.24
16384,1024,2,8192,1862.01
16384,1024,2,16384,1873.58
16384,1024,2,32768,1951.05
16384,1024,2,65536,1938.29
16384,1024,2,131055,2026.26
16384,1024,4,16,1873.41
16384,1024,4,32,1847.96
16384,1024,4,64,1904.96
16384,1024,4,128,1880.76
16384,1024,4,256,1932.62
16384,1024,4,512,1850.12
16384,1024,4,1024,1890.33
16384,1024,4,2048,1853.42
16384,1024,4,4096,1861.01
16384,1024,4,8192,1930.57
16384,1024,4,16384,1894.85
16384,1024,4,32768,1935.27
16384,1024,4,65536,2014.37
16384,1024,4,131055,2158.1
16384,1024,8,16,1848.17
16384,1024,8,32,1847.84
16384,1024,8,64,1852.97
16384,1024,8,128,1855.48
16384,1024,8,256,1889.62
16384,1024,8,512,1909.26
16384,1024,8,1024,1854.93
16384,1024,8,2048,1886.99
16384,1024,8,4096,1953.62
16384,1024,8,8192,1903.81
16384,1024,8,16384,1929.48
16384,1024,8,32768,2013.46
16384,1024,8,65536,2155.55
16384,1024,8,131055,2442.07
16384,1024,16,16,1848.54
16384,1024,16,32,1848.15
16384,1024,16,64,1848.47
16384,1024,16,128,1901.98
16384,1024,16,256,1889.77
16384,1024,16,512,1853.45
16384,1024,16,1024,1939.79
16384,1024,16,2048,1911.54
16384,1024,16,4096,1893.39
16384,1024,16,8192,1957.05
16384,1024,16,16384,2015.66
16384,1024,16,32768,2156.3
16384,1024,16,65536,2443.32
16384,1024,16,131055,3018.87
16384,1024,32,16,1854.84
16384,1024,32,32,1851.01
16384,1024,32,64,1922.22
16384,1024,32,128,1946.29
16384,1024,32,256,1855.32
16384,1024,32,512,1862.13
16384,1024,32,1024,1873.52
16384,1024,32,2048,1956.16
16384,1024,32,4096,2052.23
16384,1024,32,8192,2012.12
16384,1024,32,16384,2158.53
16384,1024,32,32768,2451.53
16384,1024,32,65536,3036.91
16384,1024,32,131055,4209.43
16384,1024,64,16,1921.81
16384,1024,64,32,1855.39
16384,1024,64,64,1934.17
16384,1024,64,128,1913.54
16384,1024,64,256,1915.09
16384,1024,64,512,1950.24
16384,1024,64,1024,1935.75
16384,1024,64,2048,1952.9
16384,1024,64,4096,2020.14
16384,1024,64,8192,2164.34
16384,1024,64,16384,2464.46
16384,1024,64,32768,3055.37
16384,1024,64,65536,4257.84
16384,1024,64,131055,6664.76
16384,2048,0,0,2007.07
16384,2048,1,16,2050.15
16384,2048,1,32,2017.54
16384,2048,1,64,2045.72
16384,2048,1,128,2015.86
16384,2048,1,256,2017.81
16384,2048,1,512,2055.58
16384,2048,1,1024,2079.27
16384,2048,1,2048,2020.5
16384,2048,1,4096,2084.96
16384,2048,1,8192,2025.78
16384,2048,1,16384,2139.16
16384,2048,1,32768,2043.18
16384,2048,1,65536,2070.99
16384,2048,1,131055,2106.13
16384,2048,2,16,2029.53
16384,2048,2,32,2074.4
16384,2048,2,64,2084.6
16384,2048,2,128,2099.17
16384,2048,2,256,2112.9
16384,2048,2,512,2019.16
16384,2048,2,1024,2094.56
16384,2048,2,2048,2044.77
16384,2048,2,4096,2026.34
16384,2048,2,8192,2031.51
16384,2048,2,16384,2041.69
16384,2048,2,32768,2105.44
16384,2048,2,65536,2102.76
16384,2048,2,131055,2248.9
16384,2048,4,16,2125.7
16384,2048,4,32,2056.19
16384,2048,4,64,2066.61
16384,2048,4,128,2019.15
16384,2048,4,256,2043.85
16384,2048,4,512,2131.57
16384,2048,4,1024,2083.49
16384,2048,4,2048,2023.78
16384,2048,4,4096,2029.32
16384,2048,4,8192,2130.36
16384,2048,4,16384,2062.22
16384,2048,4,32768,2165.12
16384,2048,4,65536,2182.92
16384,2048,4,131055,2325.65
16384,2048,8,16,2018.27
16384,2048,8,32,2016.77
16384,2048,8,64,2100.94
16384,2048,8,128,2092
16384,2048,8,256,2103.45
16384,2048,8,512,2019.97
16384,2048,8,1024,2071.75
16384,2048,8,2048,2086.81
16384,2048,8,4096,2040.12
16384,2048,8,8192,2061.22
16384,2048,8,16384,2098.13
16384,2048,8,32768,2180.2
16384,2048,8,65536,2324.08
16384,2048,8,131055,2614.51
16384,2048,16,16,2072.14
16384,2048,16,32,2016.62
16384,2048,16,64,2016.06
16384,2048,16,128,2015.09
16384,2048,16,256,2019.68
16384,2048,16,512,2022.99
16384,2048,16,1024,2115.28
16384,2048,16,2048,2088.12
16384,2048,16,4096,2059.67
16384,2048,16,8192,2146.37
16384,2048,16,16384,2226.43
16384,2048,16,32768,2324.9
16384,2048,16,65536,2616.21
16384,2048,16,131055,3186.39
16384,2048,32,16,2019.46
16384,2048,32,32,2019.21
16384,2048,32,64,2036.62
16384,2048,32,128,2018.23
16384,2048,32,256,2123.66
16384,2048,32,512,2070.91
16384,2048,32,1024,2041.09
16384,2048,32,2048,2061.25
16384,2048,32,4096,2111.69
16384,2048,32,8192,2186.89
16384,2048,32,16384,2332.74
16384,2048,32,32768,2626.6
16384,2048,32,65536,3212.23
16384,2048,32,131055,4375.19
16384,2048,64,16,2109
16384,2048,64,32,2025.58
16384,2048,64,64,2052.26
16384,2048,64,128,2027.81
16384,2048,64,256,2101.16
16384,2048,64,512,2047.03
16384,2048,64,1024,2130.93
16384,2048,64,2048,2116.04
16384,2048,64,4096,2185.61
16384,2048,64,8192,2336.17
16384,2048,64,16384,2636.77
16384,2048,64,32768,3237.9
16384,2048,64,65536,4433.53
16384,2048,64,131055,6826.93
16384,4096,0,0,2344.68
16384,4096,1,16,2474.68
16384,4096,1,32,2351.64
16384,4096,1,64,2351.8
16384,4096,1,128,2354.78
16384,4096,1,256,2413.8
16384,4096,1,512,2442.87
16384,4096,1,1024,2355.7
16384,4096,1,2048,2354.92
16384,4096,1,4096,2358.11
16384,4096,1,8192,2419.29
16384,4096,1,16384,2365.95
16384,4096,1,32768,2471.97
16384,4096,1,65536,2400.76
16384,4096,1,131055,2435.13
16384,4096,2,16,2354.92
16384,4096,2,32,2380.16
16384,4096,2,64,2367.6
16384,4096,2,128,2358.03
16384,4096,2,256,2429.73
16384,4096,2,512,2426.54
16384,4096,2,1024,2415.58
16384,4096,2,2048,2360.09
16384,4096,2,4096,2359.25
16384,4096,2,8192,2365.66
16384,4096,2,16384,2376.19
16384,4096,2,32768,2495.45
16384,4096,2,65536,2558.32
16384,4096,2,131055,2524.18
16384,4096,4,16,2355.49
16384,4096,4,32,2409.58
16384,4096,4,64,2354.14
16384,4096,4,128,2350.05
16384,4096,4,256,2455.46
16384,4096,4,512,2434.96
16384,4096,4,1024,2442.36
16384,4096,4,2048,2361.27
16384,4096,4,4096,2381.11
16384,4096,4,8192,2376.67
16384,4096,4,16384,2399.52
16384,4096,4,32768,2448
16384,4096,4,65536,2560.59
16384,4096,4,131055,2665.64
16384,4096,8,16,2353.55
16384,4096,8,32,2428.11
16384,4096,8,64,2465.65
16384,4096,8,128,2354.84
16384,4096,8,256,2441.82
16384,4096,8,512,2355.02
16384,4096,8,1024,2362.75
16384,4096,8,2048,2459.93
16384,4096,8,4096,2447.59
16384,4096,8,8192,2400.62
16384,4096,8,16384,2561.62
16384,4096,8,32768,2513.15
16384,4096,8,65536,2669.97
16384,4096,8,131055,2955
16384,4096,16,16,2454.52
16384,4096,16,32,2354.74
16384,4096,16,64,2451.4
16384,4096,16,128,2353.41
16384,4096,16,256,2357.01
16384,4096,16,512,2358.46
16384,4096,16,1024,2367.16
16384,4096,16,2048,2519.89
16384,4096,16,4096,2399.26
16384,4096,16,8192,2437.87
16384,4096,16,16384,2520.29
16384,4096,16,32768,2665.26
16384,4096,16,65536,2954.01
16384,4096,16,131055,3526.27
16384,4096,32,16,2444.37
16384,4096,32,32,2356.58
16384,4096,32,64,2362.51
16384,4096,32,128,2355.3
16384,4096,32,256,2359.72
16384,4096,32,512,2368.21
16384,4096,32,1024,2481.03
16384,4096,32,2048,2467.83
16384,4096,32,4096,2515.57
16384,4096,32,8192,2524.39
16384,4096,32,16384,2672.84
16384,4096,32,32768,2961.63
16384,4096,32,65536,3552.28
16384,4096,32,131055,4720.3
16384,4096,64,16,2388.32
16384,4096,64,32,2360.97
16384,4096,64,64,2363.79
16384,4096,64,128,2361.65
16384,4096,64,256,2368.91
16384,4096,64,512,2412.36
16384,4096,64,1024,2404.55
16384,4096,64,2048,2530.97
16384,4096,64,4096,2526.36
16384,4096,64,8192,2675.09
16384,4096,64,16384,2974.5
16384,4096,64,32768,3570.51
16384,4096,64,65536,4758.55
16384,4096,64,131055,7167.85
16384,8192,0,0,3015.97
16384,8192,1,16,3027.23
16384,8192,1,32,3200.22
16384,8192,1,64,3026.69
16384,8192,1,128,3032.77
16384,8192,1,256,3033.77
16384,8192,1,512,3145.05
16384,8192,1,1024,3121.48
16384,8192,1,2048,3143.56
16384,8192,1,4096,3136.11
16384,8192,1,8192,3038.27
16384,8192,1,16384,3043.24
16384,8192,1,32768,3179.24
16384,8192,1,65536,3258.32
16384,8192,1,131055,3161.73
16384,8192,2,16,3155.87
16384,8192,2,32,3218.3
16384,8192,2,64,3042.62
16384,8192,2,128,3110.66
16384,8192,2,256,3123.22
16384,8192,2,512,3109.51
16384,8192,2,1024,3087.27
16384,8192,2,2048,3121.98
16384,8192,2,4096,3146.53
16384,8192,2,8192,3202.51
16384,8192,2,16384,3054.09
16384,8192,2,32768,3166.87
16384,8192,2,65536,3133.47
16384,8192,2,131055,3199.42
16384,8192,4,16,3202.02
16384,8192,4,32,3079.25
16384,8192,4,64,3093.93
16384,8192,4,128,3030.61
16384,8192,4,256,3147.55
16384,8192,4,512,3138.79
16384,8192,4,1024,3038.49
16384,8192,4,2048,3085.15
16384,8192,4,4096,3211.46
16384,8192,4,8192,3076.96
16384,8192,4,16384,3075.45
16384,8192,4,32768,3110.11
16384,8192,4,65536,3320
16384,8192,4,131055,3343.89
16384,8192,8,16,3084.41
16384,8192,8,32,3171.9
16384,8192,8,64,3125.59
16384,8192,8,128,3032.8
16384,8192,8,256,3141.68
16384,8192,8,512,3171.59
16384,8192,8,1024,3286.87
16384,8192,8,2048,3125.82
16384,8192,8,4096,3159.52
16384,8192,8,8192,3144.98
16384,8192,8,16384,3130.88
16384,8192,8,32768,3244.6
16384,8192,8,65536,3344.33
16384,8192,8,131055,3631.4
16384,8192,16,16,3104.24
16384,8192,16,32,3155.21
16384,8192,16,64,3032.18
16384,8192,16,128,3061.63
16384,8192,16,256,3169.99
16384,8192,16,512,3039.83
16384,8192,16,1024,3164.3
16384,8192,16,2048,3199.87
16384,8192,16,4096,3107.74
16384,8192,16,8192,3118.52
16384,8192,16,16384,3186.5
16384,8192,16,32768,3348.55
16384,8192,16,65536,3633.1
16384,8192,16,131055,4206.04
16384,8192,32,16,3031.92
16384,8192,32,32,3040.37
16384,8192,32,64,3036.44
16384,8192,32,128,3033.56
16384,8192,32,256,3036.16
16384,8192,32,512,3166.45
16384,8192,32,1024,3122.29
16384,8192,32,2048,3223.1
16384,8192,32,4096,3173.61
16384,8192,32,8192,3254.29
16384,8192,32,16384,3350.26
16384,8192,32,32768,3645.09
16384,8192,32,65536,4223.77
16384,8192,32,131055,5386.84
16384,8192,64,16,3039.01
16384,8192,64,32,3040.04
16384,8192,64,64,3133.99
16384,8192,64,128,3173.04
16384,8192,64,256,3178.77
16384,8192,64,512,3155.22
16384,8192,64,1024,3116.35
16384,8192,64,2048,3186.07
16384,8192,64,4096,3231.57
16384,8192,64,8192,3352.75
16384,8192,64,16384,3649.94
16384,8192,64,32768,4253.47
16384,8192,64,65536,5445.44
16384,8192,64,131055,7844.94
16384,16384,0,0,4369.2
16384,16384,1,16,4548.02
16384,16384,1,32,4499.94
16384,16384,1,64,4379.79
16384,16384,1,128,4591.72
16384,16384,1,256,4643.37
16384,16384,1,512,4696.29
16384,16384,1,1024,4385.09
16384,16384,1,2048,4601.23
16384,16384,1,4096,4658.32
16384,16384,1,8192,4447.38
16384,16384,1,16384,4727.35
16384,16384,1,32768,4478.7
16384,16384,1,65536,4517.16
16384,16384,1,131055,4754.35
16384,16384,2,16,4376.91
16384,16384,2,32,4500.97
16384,16384,2,64,4614.18
16384,16384,2,128,4606.05
16384,16384,2,256,4381.85
16384,16384,2,512,4807.73
16384,16384,2,1024,4573.73
16384,16384,2,2048,4436.71
16384,16384,2,4096,4796.59
16384,16384,2,8192,4563.67
16384,16384,2,16384,4511.19
16384,16384,2,32768,4770.49
16384,16384,2,65536,4545.4
16384,16384,2,131055,4594.62
16384,16384,4,16,4381.88
16384,16384,4,32,4578.06
16384,16384,4,64,4573.37
16384,16384,4,128,4451.66
16384,16384,4,256,4472.4
16384,16384,4,512,4557.31
16384,16384,4,1024,4383.19
16384,16384,4,2048,4414.53
16384,16384,4,4096,4522.69
16384,16384,4,8192,4516.75
16384,16384,4,16384,4670.77
16384,16384,4,32768,4787.11
16384,16384,4,65536,4620.61
16384,16384,4,131055,4696.24
16384,16384,8,16,4496.7
16384,16384,8,32,4442.13
16384,16384,8,64,4418.14
16384,16384,8,128,4763.9
16384,16384,8,256,4442.02
16384,16384,8,512,4751.6
16384,16384,8,1024,4401.87
16384,16384,8,2048,4752.41
16384,16384,8,4096,4620.49
16384,16384,8,8192,4656.09
16384,16384,8,16384,4570.94
16384,16384,8,32768,4877.91
16384,16384,8,65536,4717.55
16384,16384,8,131055,4993.72
16384,16384,16,16,4601.73
16384,16384,16,32,4749.42
16384,16384,16,64,4603.32
16384,16384,16,128,4495.49
16384,16384,16,256,4812.03
16384,16384,16,512,4792.74
16384,16384,16,1024,4438.13
16384,16384,16,2048,4496.82
16384,16384,16,4096,4742.68
16384,16384,16,8192,4508.44
16384,16384,16,16384,4543.61
16384,16384,16,32768,4689.73
16384,16384,16,65536,4977.82
16384,16384,16,131055,5546.19
16384,16384,32,16,4574.96
16384,16384,32,32,4459.78
16384,16384,32,64,4679.91
16384,16384,32,128,4444.04
16384,16384,32,256,4388.42
16384,16384,32,512,4456.01
16384,16384,32,1024,4472.55
16384,16384,32,2048,4804.85
16384,16384,32,4096,4492.75
16384,16384,32,8192,4641.02
16384,16384,32,16384,4701.28
16384,16384,32,32768,4996.54
16384,16384,32,65536,5576.77
16384,16384,32,131055,6733.5
16384,16384,64,16,4482.63
16384,16384,64,32,4784.9
16384,16384,64,64,4542.83
16384,16384,64,128,4541.63
16384,16384,64,256,4443.48
16384,16384,64,512,4782.15
16384,16384,64,1024,4571.69
16384,16384,64,2048,4792.81
16384,16384,64,4096,4602.07
16384,16384,64,8192,4702.34
16384,16384,64,16384,4995.6
16384,16384,64,32768,5597.37
16384,16384,64,65536,6793.55
16384,16384,64,131055,9193.11
16384,32768,0,0,7310.74
16384,32768,1,16,7542.26
16384,32768,1,32,7390.96
16384,32768,1,64,7829.81
16384,32768,1,128,7537.34
16384,32768,1,256,7918.2
16384,32768,1,512,7277.56
16384,32768,1,1024,7880.58
16384,32768,1,2048,7376.91
16384,32768,1,4096,7532.34
16384,32768,1,8192,7351.24
16384,32768,1,16384,7957.83
16384,32768,1,32768,7637.66
16384,32768,1,65536,7652.98
16384,32768,1,131055,7681.61
16384,32768,2,16,7513.9
16384,32768,2,32,7538.31
16384,32768,2,64,7358.68
16384,32768,2,128,7353.81
16384,32768,2,256,7401.83
16384,32768,2,512,7739.16
16384,32768,2,1024,7696.85
16384,32768,2,2048,7501.11
16384,32768,2,4096,7156.94
16384,32768,2,8192,7726.19
16384,32768,2,16384,7742.86
16384,32768,2,32768,7790.92
16384,32768,2,65536,7656.75
16384,32768,2,131055,7944.38
16384,32768,4,16,7676.67
16384,32768,4,32,7774.91
16384,32768,4,64,7652.9
16384,32768,4,128,7440.05
16384,32768,4,256,7408.62
16384,32768,4,512,7477.05
16384,32768,4,1024,7479.41
16384,32768,4,2048,7432.16
16384,32768,4,4096,7350.5
16384,32768,4,8192,7603.28
16384,32768,4,16384,7451.43
16384,32768,4,32768,7540.39
16384,32768,4,65536,7962.84
16384,32768,4,131055,7475.94
16384,32768,8,16,7389.74
16384,32768,8,32,7345.87
16384,32768,8,64,7456.32
16384,32768,8,128,7297.99
16384,32768,8,256,7521.12
16384,32768,8,512,7960.22
16384,32768,8,1024,7613.09
16384,32768,8,2048,7165.36
16384,32768,8,4096,7455.69
16384,32768,8,8192,7868.68
16384,32768,8,16384,7760.12
16384,32768,8,32768,7574.64
16384,32768,8,65536,7409.43
16384,32768,8,131055,7699.27
16384,32768,16,16,7563.37
16384,32768,16,32,7760.65
16384,32768,16,64,7425.34
16384,32768,16,128,7683.81
16384,32768,16,256,7677.88
16384,32768,16,512,7811
16384,32768,16,1024,7597.08
16384,32768,16,2048,7600.88
16384,32768,16,4096,7243.26
16384,32768,16,8192,7297.2
16384,32768,16,16384,7815.4
16384,32768,16,32768,7396.6
16384,32768,16,65536,7700.44
16384,32768,16,131055,8263.78
16384,32768,32,16,7709.79
16384,32768,32,32,7699.74
16384,32768,32,64,7612.65
16384,32768,32,128,7659.76
16384,32768,32,256,7742.26
16384,32768,32,512,7697.29
16384,32768,32,1024,7723.5
16384,32768,32,2048,7784.24
16384,32768,32,4096,7703.66
16384,32768,32,8192,7942.76
16384,32768,32,16384,7412.93
16384,32768,32,32768,7710.7
16384,32768,32,65536,8277.82
16384,32768,32,131055,9446.93
16384,32768,64,16,7765.97
16384,32768,64,32,7539.45
16384,32768,64,64,7565.69
16384,32768,64,128,7715.64
16384,32768,64,256,7435.18
16384,32768,64,512,7402.75
16384,32768,64,1024,7361.14
16384,32768,64,2048,7447.93
16384,32768,64,4096,7839.78
16384,32768,64,8192,7531.78
16384,32768,64,16384,7706.87
16384,32768,64,32768,8310.25
16384,32768,64,65536,9508.96
16384,32768,64,131055,11891.6
16384,65536,0,0,13347
16384,65536,1,16,13104.4
16384,65536,1,32,13791.6
16384,65536,1,64,13661.2
16384,65536,1,128,13550.9
16384,65536,1,256,13555.1
16384,65536,1,512,13649.1
16384,65536,1,1024,13323.1
16384,65536,1,2048,13230.5
16384,65536,1,4096,13341.3
16384,65536,1,8192,13666.7
16384,65536,1,16384,13656
16384,65536,1,32768,13360.1
16384,65536,1,65536,13583.7
16384,65536,1,131055,13769.6
16384,65536,2,16,13348.2
16384,65536,2,32,13453.6
16384,65536,2,64,13585.1
16384,65536,2,128,13472.7
16384,65536,2,256,13627.2
16384,65536,2,512,13566.5
16384,65536,2,1024,13505.4
16384,65536,2,2048,13724.9
16384,65536,2,4096,13457
16384,65536,2,8192,13339.9
16384,65536,2,16384,13626
16384,65536,2,32768,13534.7
16384,65536,2,65536,13471.1
16384,65536,2,131055,13526.6
16384,65536,4,16,13654
16384,65536,4,32,13241.4
16384,65536,4,64,13416.3
16384,65536,4,128,13605.8
16384,65536,4,256,13493.6
16384,65536,4,512,13808.8
16384,65536,4,1024,13728.1
16384,65536,4,2048,13282.3
16384,65536,4,4096,13673.7
16384,65536,4,8192,13708.5
16384,65536,4,16384,13543.2
16384,65536,4,32768,13804
16384,65536,4,65536,13815.2
16384,65536,4,131055,12870.4
16384,65536,8,16,13419
16384,65536,8,32,13624.5
16384,65536,8,64,13398.9
16384,65536,8,128,13666.7
16384,65536,8,256,13570.3
16384,65536,8,512,13799.4
16384,65536,8,1024,13715.1
16384,65536,8,2048,13615.4
16384,65536,8,4096,13561
16384,65536,8,8192,13675.7
16384,65536,8,16384,13673.3
16384,65536,8,32768,13693.8
16384,65536,8,65536,13508.9
16384,65536,8,131055,12891.6
16384,65536,16,16,13355.3
16384,65536,16,32,13679
16384,65536,16,64,13667.7
16384,65536,16,128,13455.2
16384,65536,16,256,13237.5
16384,65536,16,512,13914.2
16384,65536,16,1024,13347
16384,65536,16,2048,13267.3
16384,65536,16,4096,13416.7
16384,65536,16,8192,13423.7
16384,65536,16,16384,13789
16384,65536,16,32768,13397.9
16384,65536,16,65536,12939
16384,65536,16,131055,13465.6
16384,65536,32,16,13524.2
16384,65536,32,32,13320.6
16384,65536,32,64,13537.4
16384,65536,32,128,13397.1
16384,65536,32,256,13728.2
16384,65536,32,512,13372.2
16384,65536,32,1024,13444.6
16384,65536,32,2048,13888.9
16384,65536,32,4096,13360.4
16384,65536,32,8192,13650.5
16384,65536,32,16384,13751.9
16384,65536,32,32768,12976.9
16384,65536,32,65536,13481.3
16384,65536,32,131055,14649
16384,65536,64,16,13286.9
16384,65536,64,32,13668.3
16384,65536,64,64,13019.3
16384,65536,64,128,13422.6
16384,65536,64,256,12995.6
16384,65536,64,512,13399.8
16384,65536,64,1024,13609.7
16384,65536,64,2048,13849
16384,65536,64,4096,13703.6
16384,65536,64,8192,13974
16384,65536,64,16384,12904.8
16384,65536,64,32768,13500.5
16384,65536,64,65536,14703.7
16384,65536,64,131055,17090.2
