pc,n_label,skew_rate_label,kv_big_label,kp_label,alpha,n_samples
0,n<=128,sr<=15%,kvB<=16k,kp=0,0.0024,4
0,n<=128,sr<=15%,kvB<=1k,kp=0,0.0438,4
0,n<=128,sr<=15%,kvB<=4k,kp=0,0.0044,4
0,n<=128,sr<=15%,kvB<=64k,kp=0,0.0011,4
0,n<=128,sr<=40%,kvB<=16k,kp=0,0.0052,2
0,n<=128,sr<=40%,kvB<=1k,kp=0,0.105,2
0,n<=128,sr<=40%,kvB<=4k,kp=0,0.0007,2
0,n<=128,sr<=40%,kvB<=64k,kp=0,-0.0,2
0,n<=128,sr<=5%,kvB<=16k,kp=0,0.0038,8
0,n<=128,sr<=5%,kvB<=1k,kp=0,0.0188,8
0,n<=128,sr<=5%,kvB<=4k,kp=0,0.0052,8
0,n<=128,sr<=5%,kvB<=64k,kp=0,0.0051,8
0,n<=128,sr<=70%,kvB<=16k,kp=0,-0.0062,2
0,n<=128,sr<=70%,kvB<=1k,kp=0,0.1188,2
0,n<=128,sr<=70%,kvB<=4k,kp=0,-0.0059,2
0,n<=128,sr<=70%,kvB<=64k,kp=0,-0.0074,2
0,n<=128,sr>70%,kvB<=16k,kp=0,0.0902,4
0,n<=128,sr>70%,kvB<=1k,kp=0,0.2467,4
0,n<=128,sr>70%,kvB<=4k,kp=0,0.0892,4
0,n<=128,sr>70%,kvB<=64k,kp=0,0.0742,4
0,n<=16,sr<=15%,kvB<=16k,kp=0,0.4307,4
0,n<=16,sr<=15%,kvB<=1k,kp=0,0.4035,4
0,n<=16,sr<=15%,kvB<=4k,kp=0,0.4262,4
0,n<=16,sr<=15%,kvB<=64k,kp=0,0.4306,4
0,n<=16,sr<=40%,kvB<=16k,kp=0,0.3616,4
0,n<=16,sr<=40%,kvB<=1k,kp=0,0.4061,4
0,n<=16,sr<=40%,kvB<=4k,kp=0,0.3556,4
0,n<=16,sr<=40%,kvB<=64k,kp=0,0.3626,4
0,n<=16,sr<=70%,kvB<=16k,kp=0,0.1854,2
0,n<=16,sr<=70%,kvB<=1k,kp=0,0.3245,2
0,n<=16,sr<=70%,kvB<=4k,kp=0,0.1636,2
0,n<=16,sr<=70%,kvB<=64k,kp=0,0.1803,2
0,n<=16,sr>70%,kvB<=16k,kp=0,0.0516,4
0,n<=16,sr>70%,kvB<=1k,kp=0,0.368,4
0,n<=16,sr>70%,kvB<=4k,kp=0,0.0501,4
0,n<=16,sr>70%,kvB<=64k,kp=0,0.0544,4
0,n<=2,sr<=70%,kvB<=16k,kp=0,0.2801,2
0,n<=2,sr<=70%,kvB<=1k,kp=0,0.5101,2
0,n<=2,sr<=70%,kvB<=4k,kp=0,0.6437,2
0,n<=2,sr<=70%,kvB<=64k,kp=0,0.1136,2
0,n<=32,sr<=15%,kvB<=16k,kp=0,0.1722,6
0,n<=32,sr<=15%,kvB<=1k,kp=0,0.2272,6
0,n<=32,sr<=15%,kvB<=4k,kp=0,0.1908,6
0,n<=32,sr<=15%,kvB<=64k,kp=0,0.1743,6
0,n<=32,sr<=40%,kvB<=16k,kp=0,0.0775,2
0,n<=32,sr<=40%,kvB<=1k,kp=0,0.2305,2
0,n<=32,sr<=40%,kvB<=4k,kp=0,0.1044,2
0,n<=32,sr<=40%,kvB<=64k,kp=0,0.0671,2
0,n<=32,sr<=5%,kvB<=16k,kp=0,0.2094,2
0,n<=32,sr<=5%,kvB<=1k,kp=0,0.2148,2
0,n<=32,sr<=5%,kvB<=4k,kp=0,0.2219,2
0,n<=32,sr<=5%,kvB<=64k,kp=0,0.2077,2
0,n<=32,sr<=70%,kvB<=16k,kp=0,0.0139,2
0,n<=32,sr<=70%,kvB<=1k,kp=0,0.1319,2
0,n<=32,sr<=70%,kvB<=4k,kp=0,0.0215,2
0,n<=32,sr<=70%,kvB<=64k,kp=0,0.0119,2
0,n<=32,sr>70%,kvB<=16k,kp=0,0.3575,4
0,n<=32,sr>70%,kvB<=1k,kp=0,0.6568,4
0,n<=32,sr>70%,kvB<=4k,kp=0,0.4056,4
0,n<=32,sr>70%,kvB<=64k,kp=0,0.3117,4
0,n<=4,sr<=40%,kvB<=16k,kp=0,0.3425,2
0,n<=4,sr<=40%,kvB<=1k,kp=0,0.6454,4
0,n<=4,sr<=40%,kvB<=4k,kp=0,0.441,3
0,n<=4,sr<=40%,kvB<=64k,kp=0,0.34,2
0,n<=4,sr<=70%,kvB<=16k,kp=0,0.2032,2
0,n<=4,sr<=70%,kvB<=1k,kp=0,0.4805,2
0,n<=4,sr<=70%,kvB<=4k,kp=0,0.3255,2
0,n<=4,sr<=70%,kvB<=64k,kp=0,0.1816,2
0,n<=4,sr>70%,kvB<=16k,kp=0,0.0846,2
0,n<=4,sr>70%,kvB<=1k,kp=0,0.679,2
0,n<=4,sr>70%,kvB<=4k,kp=0,0.2846,2
0,n<=4,sr>70%,kvB<=64k,kp=0,0.0358,2
0,n<=64,sr<=15%,kvB<=16k,kp=0,0.0073,4
0,n<=64,sr<=15%,kvB<=1k,kp=0,0.0397,4
0,n<=64,sr<=15%,kvB<=4k,kp=0,0.0179,4
0,n<=64,sr<=15%,kvB<=64k,kp=0,0.0026,4
0,n<=64,sr<=40%,kvB<=16k,kp=0,0.0078,2
0,n<=64,sr<=40%,kvB<=1k,kp=0,0.098,2
0,n<=64,sr<=40%,kvB<=4k,kp=0,-0.0062,2
0,n<=64,sr<=40%,kvB<=64k,kp=0,0.0069,2
0,n<=64,sr<=5%,kvB<=16k,kp=0,0.0237,6
0,n<=64,sr<=5%,kvB<=1k,kp=0,0.0304,6
0,n<=64,sr<=5%,kvB<=4k,kp=0,0.0098,6
0,n<=64,sr<=5%,kvB<=64k,kp=0,0.0269,6
0,n<=64,sr<=70%,kvB<=16k,kp=0,-0.0087,2
0,n<=64,sr<=70%,kvB<=1k,kp=0,0.1214,2
0,n<=64,sr<=70%,kvB<=4k,kp=0,-0.0278,2
0,n<=64,sr<=70%,kvB<=64k,kp=0,-0.0256,2
0,n<=64,sr>70%,kvB<=16k,kp=0,0.0748,4
0,n<=64,sr>70%,kvB<=1k,kp=0,0.4306,4
0,n<=64,sr>70%,kvB<=4k,kp=0,0.0701,4
0,n<=64,sr>70%,kvB<=64k,kp=0,-0.0531,4
0,n<=8,sr<=15%,kvB<=16k,kp=0,0.4115,2
0,n<=8,sr<=15%,kvB<=1k,kp=0,0.5758,2
0,n<=8,sr<=15%,kvB<=4k,kp=0,0.4112,2
0,n<=8,sr<=15%,kvB<=64k,kp=0,0.4135,2
0,n<=8,sr<=40%,kvB<=16k,kp=0,0.3151,4
0,n<=8,sr<=40%,kvB<=1k,kp=0,0.5441,4
0,n<=8,sr<=40%,kvB<=4k,kp=0,0.3053,4
0,n<=8,sr<=40%,kvB<=64k,kp=0,0.3081,4
0,n<=8,sr<=70%,kvB<=16k,kp=0,0.1954,2
0,n<=8,sr<=70%,kvB<=1k,kp=0,0.4792,2
0,n<=8,sr<=70%,kvB<=4k,kp=0,0.2583,2
0,n<=8,sr<=70%,kvB<=64k,kp=0,0.186,2
0,n<=8,sr>70%,kvB<=16k,kp=0,0.0618,4
0,n<=8,sr>70%,kvB<=1k,kp=0,0.6539,4
0,n<=8,sr>70%,kvB<=4k,kp=0,0.1794,4
0,n<=8,sr>70%,kvB<=64k,kp=0,0.027,4
16,n<=16,sr<=15%,kvB<=16k,kp<=16k,0.4349,4
16,n<=16,sr<=15%,kvB<=16k,kp<=1k,0.4357,4
16,n<=16,sr<=15%,kvB<=16k,kp<=2k,0.4354,4
16,n<=16,sr<=15%,kvB<=16k,kp<=32k,0.4404,4
16,n<=16,sr<=15%,kvB<=16k,kp<=4k,0.4302,4
16,n<=16,sr<=15%,kvB<=16k,kp<=512,0.4355,4
16,n<=16,sr<=15%,kvB<=16k,kp<=64k,0.448,4
16,n<=16,sr<=15%,kvB<=16k,kp<=8k,0.4025,4
16,n<=16,sr<=15%,kvB<=16k,kp=0,0.4325,4
16,n<=16,sr<=15%,kvB<=1k,kp<=16k,0.2857,4
16,n<=16,sr<=15%,kvB<=1k,kp<=1k,0.3915,4
16,n<=16,sr<=15%,kvB<=1k,kp<=2k,0.447,4
16,n<=16,sr<=15%,kvB<=1k,kp<=32k,0.2739,4
16,n<=16,sr<=15%,kvB<=1k,kp<=4k,0.417,4
16,n<=16,sr<=15%,kvB<=1k,kp<=512,0.4319,4
16,n<=16,sr<=15%,kvB<=1k,kp<=64k,0.3976,4
16,n<=16,sr<=15%,kvB<=1k,kp<=8k,0.7212,4
16,n<=16,sr<=15%,kvB<=1k,kp=0,0.4279,4
16,n<=16,sr<=15%,kvB<=4k,kp<=16k,0.4241,4
16,n<=16,sr<=15%,kvB<=4k,kp<=1k,0.4377,4
16,n<=16,sr<=15%,kvB<=4k,kp<=2k,0.4332,4
16,n<=16,sr<=15%,kvB<=4k,kp<=32k,0.4245,4
16,n<=16,sr<=15%,kvB<=4k,kp<=4k,0.4343,4
16,n<=16,sr<=15%,kvB<=4k,kp<=512,0.4264,4
16,n<=16,sr<=15%,kvB<=4k,kp<=64k,0.3959,4
16,n<=16,sr<=15%,kvB<=4k,kp<=8k,0.4404,4
16,n<=16,sr<=15%,kvB<=4k,kp=0,0.4237,4
16,n<=16,sr<=15%,kvB<=64k,kp<=16k,0.4353,4
16,n<=16,sr<=15%,kvB<=64k,kp<=1k,0.4337,4
16,n<=16,sr<=15%,kvB<=64k,kp<=2k,0.4359,4
16,n<=16,sr<=15%,kvB<=64k,kp<=32k,0.4326,4
16,n<=16,sr<=15%,kvB<=64k,kp<=4k,0.4345,4
16,n<=16,sr<=15%,kvB<=64k,kp<=512,0.4334,4
16,n<=16,sr<=15%,kvB<=64k,kp<=64k,0.4354,4
16,n<=16,sr<=15%,kvB<=64k,kp<=8k,0.4339,4
16,n<=16,sr<=15%,kvB<=64k,kp=0,0.43,4
16,n<=16,sr<=40%,kvB<=16k,kp<=16k,0.3558,4
16,n<=16,sr<=40%,kvB<=16k,kp<=1k,0.3593,4
16,n<=16,sr<=40%,kvB<=16k,kp<=2k,0.3651,4
16,n<=16,sr<=40%,kvB<=16k,kp<=32k,0.3687,4
16,n<=16,sr<=40%,kvB<=16k,kp<=4k,0.3576,4
16,n<=16,sr<=40%,kvB<=16k,kp<=512,0.3653,4
16,n<=16,sr<=40%,kvB<=16k,kp<=64k,0.3679,4
16,n<=16,sr<=40%,kvB<=16k,kp<=8k,0.3591,4
16,n<=16,sr<=40%,kvB<=16k,kp=0,0.3633,4
16,n<=16,sr<=40%,kvB<=1k,kp<=16k,0.3373,4
16,n<=16,sr<=40%,kvB<=1k,kp<=1k,0.4049,4
16,n<=16,sr<=40%,kvB<=1k,kp<=2k,0.4332,4
16,n<=16,sr<=40%,kvB<=1k,kp<=32k,0.3896,4
16,n<=16,sr<=40%,kvB<=1k,kp<=4k,0.458,4
16,n<=16,sr<=40%,kvB<=1k,kp<=512,0.4276,4
16,n<=16,sr<=40%,kvB<=1k,kp<=64k,0.5124,4
16,n<=16,sr<=40%,kvB<=1k,kp<=8k,0.2787,4
16,n<=16,sr<=40%,kvB<=1k,kp=0,0.4516,4
16,n<=16,sr<=40%,kvB<=4k,kp<=16k,0.3885,4
16,n<=16,sr<=40%,kvB<=4k,kp<=1k,0.3767,4
16,n<=16,sr<=40%,kvB<=4k,kp<=2k,0.3801,4
16,n<=16,sr<=40%,kvB<=4k,kp<=32k,0.3723,4
16,n<=16,sr<=40%,kvB<=4k,kp<=4k,0.3597,4
16,n<=16,sr<=40%,kvB<=4k,kp<=512,0.3605,4
16,n<=16,sr<=40%,kvB<=4k,kp<=64k,0.3566,4
16,n<=16,sr<=40%,kvB<=4k,kp<=8k,0.3357,4
16,n<=16,sr<=40%,kvB<=4k,kp=0,0.3636,4
16,n<=16,sr<=40%,kvB<=64k,kp<=16k,0.3647,4
16,n<=16,sr<=40%,kvB<=64k,kp<=1k,0.3663,4
16,n<=16,sr<=40%,kvB<=64k,kp<=2k,0.3589,4
16,n<=16,sr<=40%,kvB<=64k,kp<=32k,0.3651,4
16,n<=16,sr<=40%,kvB<=64k,kp<=4k,0.3606,4
16,n<=16,sr<=40%,kvB<=64k,kp<=512,0.3643,4
16,n<=16,sr<=40%,kvB<=64k,kp<=64k,0.3664,4
16,n<=16,sr<=40%,kvB<=64k,kp<=8k,0.3632,4
16,n<=16,sr<=40%,kvB<=64k,kp=0,0.3669,4
16,n<=16,sr<=70%,kvB<=16k,kp<=16k,0.1676,2
16,n<=16,sr<=70%,kvB<=16k,kp<=1k,0.1659,2
16,n<=16,sr<=70%,kvB<=16k,kp<=2k,0.193,2
16,n<=16,sr<=70%,kvB<=16k,kp<=32k,0.1675,2
16,n<=16,sr<=70%,kvB<=16k,kp<=4k,0.1798,2
16,n<=16,sr<=70%,kvB<=16k,kp<=512,0.171,2
16,n<=16,sr<=70%,kvB<=16k,kp<=64k,0.1715,2
16,n<=16,sr<=70%,kvB<=16k,kp<=8k,0.1463,2
16,n<=16,sr<=70%,kvB<=16k,kp=0,0.1775,2
16,n<=16,sr<=70%,kvB<=1k,kp<=16k,0.2409,2
16,n<=16,sr<=70%,kvB<=1k,kp<=1k,0.2926,2
16,n<=16,sr<=70%,kvB<=1k,kp<=2k,0.3395,2
16,n<=16,sr<=70%,kvB<=1k,kp<=32k,0.1748,2
16,n<=16,sr<=70%,kvB<=1k,kp<=4k,0.2788,2
16,n<=16,sr<=70%,kvB<=1k,kp<=512,0.3138,2
16,n<=16,sr<=70%,kvB<=1k,kp<=64k,0.2525,2
16,n<=16,sr<=70%,kvB<=1k,kp<=8k,0.1009,2
16,n<=16,sr<=70%,kvB<=1k,kp=0,0.2746,2
16,n<=16,sr<=70%,kvB<=4k,kp<=16k,0.1759,2
16,n<=16,sr<=70%,kvB<=4k,kp<=1k,0.2063,2
16,n<=16,sr<=70%,kvB<=4k,kp<=2k,0.1877,2
16,n<=16,sr<=70%,kvB<=4k,kp<=32k,0.148,2
16,n<=16,sr<=70%,kvB<=4k,kp<=4k,0.179,2
16,n<=16,sr<=70%,kvB<=4k,kp<=512,0.1841,2
16,n<=16,sr<=70%,kvB<=4k,kp<=64k,0.1292,2
16,n<=16,sr<=70%,kvB<=4k,kp<=8k,0.1678,2
16,n<=16,sr<=70%,kvB<=4k,kp=0,0.177,2
16,n<=16,sr<=70%,kvB<=64k,kp<=16k,0.1755,2
16,n<=16,sr<=70%,kvB<=64k,kp<=1k,0.1828,2
16,n<=16,sr<=70%,kvB<=64k,kp<=2k,0.1839,2
16,n<=16,sr<=70%,kvB<=64k,kp<=32k,0.1714,2
16,n<=16,sr<=70%,kvB<=64k,kp<=4k,0.1751,2
16,n<=16,sr<=70%,kvB<=64k,kp<=512,0.1846,2
16,n<=16,sr<=70%,kvB<=64k,kp<=64k,0.1775,2
16,n<=16,sr<=70%,kvB<=64k,kp<=8k,0.1878,2
16,n<=16,sr<=70%,kvB<=64k,kp=0,0.1886,2
16,n<=16,sr>70%,kvB<=16k,kp<=16k,-0.0125,4
16,n<=16,sr>70%,kvB<=16k,kp<=1k,0.0204,4
16,n<=16,sr>70%,kvB<=16k,kp<=2k,0.051,4
16,n<=16,sr>70%,kvB<=16k,kp<=32k,0.0247,4
16,n<=16,sr>70%,kvB<=16k,kp<=4k,0.0343,4
16,n<=16,sr>70%,kvB<=16k,kp<=512,0.0402,4
16,n<=16,sr>70%,kvB<=16k,kp<=64k,0.0247,4
16,n<=16,sr>70%,kvB<=16k,kp<=8k,0.0896,4
16,n<=16,sr>70%,kvB<=16k,kp=0,0.0299,4
16,n<=16,sr>70%,kvB<=1k,kp<=16k,0.0744,4
16,n<=16,sr>70%,kvB<=1k,kp<=1k,0.4075,4
16,n<=16,sr>70%,kvB<=1k,kp<=2k,0.4103,4
16,n<=16,sr>70%,kvB<=1k,kp<=32k,-0.0281,4
16,n<=16,sr>70%,kvB<=1k,kp<=4k,0.3873,4
16,n<=16,sr>70%,kvB<=1k,kp<=512,0.3773,4
16,n<=16,sr>70%,kvB<=1k,kp<=64k,-0.1807,4
16,n<=16,sr>70%,kvB<=1k,kp<=8k,-0.1939,4
16,n<=16,sr>70%,kvB<=1k,kp=0,0.371,4
16,n<=16,sr>70%,kvB<=4k,kp<=16k,0.0347,4
16,n<=16,sr>70%,kvB<=4k,kp<=1k,0.1265,4
16,n<=16,sr>70%,kvB<=4k,kp<=2k,0.087,4
16,n<=16,sr>70%,kvB<=4k,kp<=32k,-0.0081,4
16,n<=16,sr>70%,kvB<=4k,kp<=4k,0.1155,4
16,n<=16,sr>70%,kvB<=4k,kp<=512,0.1191,4
16,n<=16,sr>70%,kvB<=4k,kp<=64k,0.2458,4
16,n<=16,sr>70%,kvB<=4k,kp<=8k,0.0649,4
16,n<=16,sr>70%,kvB<=4k,kp=0,0.0878,4
16,n<=16,sr>70%,kvB<=64k,kp<=16k,0.0352,4
16,n<=16,sr>70%,kvB<=64k,kp<=1k,0.034,4
16,n<=16,sr>70%,kvB<=64k,kp<=2k,0.0374,4
16,n<=16,sr>70%,kvB<=64k,kp<=32k,0.037,4
16,n<=16,sr>70%,kvB<=64k,kp<=4k,0.0373,4
16,n<=16,sr>70%,kvB<=64k,kp<=512,0.0387,4
16,n<=16,sr>70%,kvB<=64k,kp<=64k,0.0442,4
16,n<=16,sr>70%,kvB<=64k,kp<=8k,0.068,4
16,n<=16,sr>70%,kvB<=64k,kp=0,0.0496,4
16,n<=2,sr<=70%,kvB<=16k,kp<=16k,0.1211,2
16,n<=2,sr<=70%,kvB<=16k,kp<=1k,0.134,2
16,n<=2,sr<=70%,kvB<=16k,kp<=2k,0.1731,2
16,n<=2,sr<=70%,kvB<=16k,kp<=32k,0.0625,2
16,n<=2,sr<=70%,kvB<=16k,kp<=4k,0.2196,2
16,n<=2,sr<=70%,kvB<=16k,kp<=512,0.1973,2
16,n<=2,sr<=70%,kvB<=16k,kp<=64k,0.3931,2
16,n<=2,sr<=70%,kvB<=16k,kp<=8k,0.2791,2
16,n<=2,sr<=70%,kvB<=16k,kp=0,0.2156,2
16,n<=2,sr<=70%,kvB<=1k,kp<=16k,0.6164,2
16,n<=2,sr<=70%,kvB<=1k,kp<=1k,0.4725,1
16,n<=2,sr<=70%,kvB<=1k,kp<=2k,0.2436,2
16,n<=2,sr<=70%,kvB<=1k,kp<=32k,0.3008,2
16,n<=2,sr<=70%,kvB<=1k,kp<=4k,0.9048,2
16,n<=2,sr<=70%,kvB<=1k,kp<=512,0.6609,2
16,n<=2,sr<=70%,kvB<=1k,kp<=64k,0.075,2
16,n<=2,sr<=70%,kvB<=1k,kp<=8k,0.6351,2
16,n<=2,sr<=70%,kvB<=1k,kp=0,0.4498,2
16,n<=2,sr<=70%,kvB<=4k,kp<=16k,-0.7552,2
16,n<=2,sr<=70%,kvB<=4k,kp<=1k,0.589,2
16,n<=2,sr<=70%,kvB<=4k,kp<=2k,0.5655,2
16,n<=2,sr<=70%,kvB<=4k,kp<=32k,0.1542,2
16,n<=2,sr<=70%,kvB<=4k,kp<=4k,0.0085,2
16,n<=2,sr<=70%,kvB<=4k,kp<=512,0.4886,2
16,n<=2,sr<=70%,kvB<=4k,kp<=64k,0.1389,2
16,n<=2,sr<=70%,kvB<=4k,kp<=8k,0.5577,1
16,n<=2,sr<=70%,kvB<=4k,kp=0,0.5501,2
16,n<=2,sr<=70%,kvB<=64k,kp<=16k,0.1072,2
16,n<=2,sr<=70%,kvB<=64k,kp<=1k,0.0956,2
16,n<=2,sr<=70%,kvB<=64k,kp<=2k,0.0952,2
16,n<=2,sr<=70%,kvB<=64k,kp<=32k,0.1195,2
16,n<=2,sr<=70%,kvB<=64k,kp<=4k,0.0949,2
16,n<=2,sr<=70%,kvB<=64k,kp<=512,0.1206,2
16,n<=2,sr<=70%,kvB<=64k,kp<=64k,0.1391,2
16,n<=2,sr<=70%,kvB<=64k,kp<=8k,0.0895,2
16,n<=2,sr<=70%,kvB<=64k,kp=0,0.1189,2
16,n<=32,sr<=15%,kvB<=16k,kp<=16k,0.175,6
16,n<=32,sr<=15%,kvB<=16k,kp<=1k,0.1795,6
16,n<=32,sr<=15%,kvB<=16k,kp<=2k,0.1832,6
16,n<=32,sr<=15%,kvB<=16k,kp<=32k,0.1803,6
16,n<=32,sr<=15%,kvB<=16k,kp<=4k,0.1771,6
16,n<=32,sr<=15%,kvB<=16k,kp<=512,0.1797,6
16,n<=32,sr<=15%,kvB<=16k,kp<=64k,0.1845,6
16,n<=32,sr<=15%,kvB<=16k,kp<=8k,0.1757,6
16,n<=32,sr<=15%,kvB<=16k,kp=0,0.1811,6
16,n<=32,sr<=15%,kvB<=1k,kp<=16k,0.1812,6
16,n<=32,sr<=15%,kvB<=1k,kp<=1k,0.2127,6
16,n<=32,sr<=15%,kvB<=1k,kp<=2k,0.2223,6
16,n<=32,sr<=15%,kvB<=1k,kp<=32k,0.1864,6
16,n<=32,sr<=15%,kvB<=1k,kp<=4k,0.204,6
16,n<=32,sr<=15%,kvB<=1k,kp<=512,0.218,6
16,n<=32,sr<=15%,kvB<=1k,kp<=64k,0.2002,6
16,n<=32,sr<=15%,kvB<=1k,kp<=8k,0.141,6
16,n<=32,sr<=15%,kvB<=1k,kp=0,0.2119,6
16,n<=32,sr<=15%,kvB<=4k,kp<=16k,0.185,6
16,n<=32,sr<=15%,kvB<=4k,kp<=1k,0.1935,6
16,n<=32,sr<=15%,kvB<=4k,kp<=2k,0.1962,6
16,n<=32,sr<=15%,kvB<=4k,kp<=32k,0.1885,6
16,n<=32,sr<=15%,kvB<=4k,kp<=4k,0.1979,6
16,n<=32,sr<=15%,kvB<=4k,kp<=512,0.196,6
16,n<=32,sr<=15%,kvB<=4k,kp<=64k,0.1748,6
16,n<=32,sr<=15%,kvB<=4k,kp<=8k,0.1682,6
16,n<=32,sr<=15%,kvB<=4k,kp=0,0.1981,6
16,n<=32,sr<=15%,kvB<=64k,kp<=16k,0.1758,6
16,n<=32,sr<=15%,kvB<=64k,kp<=1k,0.1786,6
16,n<=32,sr<=15%,kvB<=64k,kp<=2k,0.1775,6
16,n<=32,sr<=15%,kvB<=64k,kp<=32k,0.172,6
16,n<=32,sr<=15%,kvB<=64k,kp<=4k,0.1746,6
16,n<=32,sr<=15%,kvB<=64k,kp<=512,0.1773,6
16,n<=32,sr<=15%,kvB<=64k,kp<=64k,0.1744,6
16,n<=32,sr<=15%,kvB<=64k,kp<=8k,0.1739,6
16,n<=32,sr<=15%,kvB<=64k,kp=0,0.1756,6
16,n<=32,sr<=40%,kvB<=16k,kp<=16k,0.0636,2
16,n<=32,sr<=40%,kvB<=16k,kp<=1k,0.0803,2
16,n<=32,sr<=40%,kvB<=16k,kp<=2k,0.0835,2
16,n<=32,sr<=40%,kvB<=16k,kp<=32k,0.0803,2
16,n<=32,sr<=40%,kvB<=16k,kp<=4k,0.0797,2
16,n<=32,sr<=40%,kvB<=16k,kp<=512,0.0828,2
16,n<=32,sr<=40%,kvB<=16k,kp<=64k,0.0864,2
16,n<=32,sr<=40%,kvB<=16k,kp<=8k,0.086,2
16,n<=32,sr<=40%,kvB<=16k,kp=0,0.0805,2
16,n<=32,sr<=40%,kvB<=1k,kp<=16k,0.1629,2
16,n<=32,sr<=40%,kvB<=1k,kp<=1k,0.2146,2
16,n<=32,sr<=40%,kvB<=1k,kp<=2k,0.2366,2
16,n<=32,sr<=40%,kvB<=1k,kp<=32k,0.1987,2
16,n<=32,sr<=40%,kvB<=1k,kp<=4k,0.2426,2
16,n<=32,sr<=40%,kvB<=1k,kp<=512,0.2186,2
16,n<=32,sr<=40%,kvB<=1k,kp<=64k,0.2455,2
16,n<=32,sr<=40%,kvB<=1k,kp<=8k,0.0384,2
16,n<=32,sr<=40%,kvB<=1k,kp=0,0.2414,2
16,n<=32,sr<=40%,kvB<=4k,kp<=16k,0.0945,2
16,n<=32,sr<=40%,kvB<=4k,kp<=1k,0.0958,2
16,n<=32,sr<=40%,kvB<=4k,kp<=2k,0.0946,2
16,n<=32,sr<=40%,kvB<=4k,kp<=32k,0.0759,2
16,n<=32,sr<=40%,kvB<=4k,kp<=4k,0.1051,2
16,n<=32,sr<=40%,kvB<=4k,kp<=512,0.1006,2
16,n<=32,sr<=40%,kvB<=4k,kp<=64k,0.0787,2
16,n<=32,sr<=40%,kvB<=4k,kp<=8k,0.0732,2
16,n<=32,sr<=40%,kvB<=4k,kp=0,0.105,2
16,n<=32,sr<=40%,kvB<=64k,kp<=16k,0.0747,2
16,n<=32,sr<=40%,kvB<=64k,kp<=1k,0.0742,2
16,n<=32,sr<=40%,kvB<=64k,kp<=2k,0.0788,2
16,n<=32,sr<=40%,kvB<=64k,kp<=32k,0.0719,2
16,n<=32,sr<=40%,kvB<=64k,kp<=4k,0.079,2
16,n<=32,sr<=40%,kvB<=64k,kp<=512,0.0777,2
16,n<=32,sr<=40%,kvB<=64k,kp<=64k,0.08,2
16,n<=32,sr<=40%,kvB<=64k,kp<=8k,0.0709,2
16,n<=32,sr<=40%,kvB<=64k,kp=0,0.0791,2
16,n<=32,sr<=5%,kvB<=16k,kp<=16k,0.2196,2
16,n<=32,sr<=5%,kvB<=16k,kp<=1k,0.2208,2
16,n<=32,sr<=5%,kvB<=16k,kp<=2k,0.2179,2
16,n<=32,sr<=5%,kvB<=16k,kp<=32k,0.2262,2
16,n<=32,sr<=5%,kvB<=16k,kp<=4k,0.2103,2
16,n<=32,sr<=5%,kvB<=16k,kp<=512,0.2157,2
16,n<=32,sr<=5%,kvB<=16k,kp<=64k,0.2148,2
16,n<=32,sr<=5%,kvB<=16k,kp<=8k,0.2205,2
16,n<=32,sr<=5%,kvB<=16k,kp=0,0.2138,2
16,n<=32,sr<=5%,kvB<=1k,kp<=16k,0.2113,2
16,n<=32,sr<=5%,kvB<=1k,kp<=1k,0.227,2
16,n<=32,sr<=5%,kvB<=1k,kp<=2k,0.2125,2
16,n<=32,sr<=5%,kvB<=1k,kp<=32k,0.2287,2
16,n<=32,sr<=5%,kvB<=1k,kp<=4k,0.2211,2
16,n<=32,sr<=5%,kvB<=1k,kp<=512,0.1927,2
16,n<=32,sr<=5%,kvB<=1k,kp<=64k,0.2186,2
16,n<=32,sr<=5%,kvB<=1k,kp<=8k,0.1886,2
16,n<=32,sr<=5%,kvB<=1k,kp=0,0.2068,2
16,n<=32,sr<=5%,kvB<=4k,kp<=16k,0.2129,2
16,n<=32,sr<=5%,kvB<=4k,kp<=1k,0.2155,2
16,n<=32,sr<=5%,kvB<=4k,kp<=2k,0.2041,2
16,n<=32,sr<=5%,kvB<=4k,kp<=32k,0.2221,2
16,n<=32,sr<=5%,kvB<=4k,kp<=4k,0.2378,2
16,n<=32,sr<=5%,kvB<=4k,kp<=512,0.2195,2
16,n<=32,sr<=5%,kvB<=4k,kp<=64k,0.2241,2
16,n<=32,sr<=5%,kvB<=4k,kp<=8k,0.235,2
16,n<=32,sr<=5%,kvB<=4k,kp=0,0.2135,2
16,n<=32,sr<=5%,kvB<=64k,kp<=16k,0.2157,2
16,n<=32,sr<=5%,kvB<=64k,kp<=1k,0.2157,2
16,n<=32,sr<=5%,kvB<=64k,kp<=2k,0.2132,2
16,n<=32,sr<=5%,kvB<=64k,kp<=32k,0.2148,2
16,n<=32,sr<=5%,kvB<=64k,kp<=4k,0.2193,2
16,n<=32,sr<=5%,kvB<=64k,kp<=512,0.2205,2
16,n<=32,sr<=5%,kvB<=64k,kp<=64k,0.2162,2
16,n<=32,sr<=5%,kvB<=64k,kp<=8k,0.2147,2
16,n<=32,sr<=5%,kvB<=64k,kp=0,0.2157,2
16,n<=32,sr<=70%,kvB<=16k,kp<=16k,0.0143,2
16,n<=32,sr<=70%,kvB<=16k,kp<=1k,0.0028,2
16,n<=32,sr<=70%,kvB<=16k,kp<=2k,0.0196,2
16,n<=32,sr<=70%,kvB<=16k,kp<=32k,0.011,2
16,n<=32,sr<=70%,kvB<=16k,kp<=4k,0.0024,2
16,n<=32,sr<=70%,kvB<=16k,kp<=512,0.0097,2
16,n<=32,sr<=70%,kvB<=16k,kp<=64k,-0.0058,2
16,n<=32,sr<=70%,kvB<=16k,kp<=8k,0.011,2
16,n<=32,sr<=70%,kvB<=16k,kp=0,0.0043,2
16,n<=32,sr<=70%,kvB<=1k,kp<=16k,0.1403,2
16,n<=32,sr<=70%,kvB<=1k,kp<=1k,0.1619,2
16,n<=32,sr<=70%,kvB<=1k,kp<=2k,0.2012,2
16,n<=32,sr<=70%,kvB<=1k,kp<=32k,0.0217,2
16,n<=32,sr<=70%,kvB<=1k,kp<=4k,0.1798,2
16,n<=32,sr<=70%,kvB<=1k,kp<=512,0.1713,2
16,n<=32,sr<=70%,kvB<=1k,kp<=64k,0.2291,2
16,n<=32,sr<=70%,kvB<=1k,kp<=8k,0.1603,2
16,n<=32,sr<=70%,kvB<=1k,kp=0,0.2126,2
16,n<=32,sr<=70%,kvB<=4k,kp<=16k,0.0289,2
16,n<=32,sr<=70%,kvB<=4k,kp<=1k,0.004,2
16,n<=32,sr<=70%,kvB<=4k,kp<=2k,0.022,2
16,n<=32,sr<=70%,kvB<=4k,kp<=32k,-0.0302,2
16,n<=32,sr<=70%,kvB<=4k,kp<=4k,0.0172,2
16,n<=32,sr<=70%,kvB<=4k,kp<=512,0.0251,2
16,n<=32,sr<=70%,kvB<=4k,kp<=64k,0.034,2
16,n<=32,sr<=70%,kvB<=4k,kp<=8k,0.0365,2
16,n<=32,sr<=70%,kvB<=4k,kp=0,0.0223,2
16,n<=32,sr<=70%,kvB<=64k,kp<=16k,0.0023,2
16,n<=32,sr<=70%,kvB<=64k,kp<=1k,0.0014,2
16,n<=32,sr<=70%,kvB<=64k,kp<=2k,-0.0049,2
16,n<=32,sr<=70%,kvB<=64k,kp<=32k,-0.0003,2
16,n<=32,sr<=70%,kvB<=64k,kp<=4k,-0.0061,2
16,n<=32,sr<=70%,kvB<=64k,kp<=512,-0.0028,2
16,n<=32,sr<=70%,kvB<=64k,kp<=64k,0.0072,2
16,n<=32,sr<=70%,kvB<=64k,kp<=8k,-0.0086,2
16,n<=32,sr<=70%,kvB<=64k,kp=0,-0.0073,2
16,n<=32,sr>70%,kvB<=16k,kp<=16k,0.2987,4
16,n<=32,sr>70%,kvB<=16k,kp<=1k,0.2951,4
16,n<=32,sr>70%,kvB<=16k,kp<=2k,0.2772,4
16,n<=32,sr>70%,kvB<=16k,kp<=32k,0.3269,4
16,n<=32,sr>70%,kvB<=16k,kp<=4k,0.2784,4
16,n<=32,sr>70%,kvB<=16k,kp<=512,0.2724,4
16,n<=32,sr>70%,kvB<=16k,kp<=64k,0.3442,4
16,n<=32,sr>70%,kvB<=16k,kp<=8k,0.3042,4
16,n<=32,sr>70%,kvB<=16k,kp=0,0.289,4
16,n<=32,sr>70%,kvB<=1k,kp<=16k,0.3826,4
16,n<=32,sr>70%,kvB<=1k,kp<=1k,0.6543,4
16,n<=32,sr>70%,kvB<=1k,kp<=2k,0.5718,4
16,n<=32,sr>70%,kvB<=1k,kp<=32k,0.5066,4
16,n<=32,sr>70%,kvB<=1k,kp<=4k,0.5548,4
16,n<=32,sr>70%,kvB<=1k,kp<=512,0.6258,4
16,n<=32,sr>70%,kvB<=1k,kp<=64k,0.177,4
16,n<=32,sr>70%,kvB<=1k,kp<=8k,0.5292,4
16,n<=32,sr>70%,kvB<=1k,kp=0,0.5892,4
16,n<=32,sr>70%,kvB<=4k,kp<=16k,0.3714,4
16,n<=32,sr>70%,kvB<=4k,kp<=1k,0.3243,4
16,n<=32,sr>70%,kvB<=4k,kp<=2k,0.3097,4
16,n<=32,sr>70%,kvB<=4k,kp<=32k,0.3824,4
16,n<=32,sr>70%,kvB<=4k,kp<=4k,0.34,4
16,n<=32,sr>70%,kvB<=4k,kp<=512,0.3182,4
16,n<=32,sr>70%,kvB<=4k,kp<=64k,0.2965,4
16,n<=32,sr>70%,kvB<=4k,kp<=8k,0.3346,4
16,n<=32,sr>70%,kvB<=4k,kp=0,0.3576,4
16,n<=32,sr>70%,kvB<=64k,kp<=16k,0.2853,4
16,n<=32,sr>70%,kvB<=64k,kp<=1k,0.2687,4
16,n<=32,sr>70%,kvB<=64k,kp<=2k,0.2453,4
16,n<=32,sr>70%,kvB<=64k,kp<=32k,0.3024,4
16,n<=32,sr>70%,kvB<=64k,kp<=4k,0.2359,4
16,n<=32,sr>70%,kvB<=64k,kp<=512,0.2678,4
16,n<=32,sr>70%,kvB<=64k,kp<=64k,0.3054,4
16,n<=32,sr>70%,kvB<=64k,kp<=8k,0.2238,4
16,n<=32,sr>70%,kvB<=64k,kp=0,0.247,4
16,n<=4,sr<=40%,kvB<=16k,kp<=16k,0.3125,2
16,n<=4,sr<=40%,kvB<=16k,kp<=1k,0.3542,2
16,n<=4,sr<=40%,kvB<=16k,kp<=2k,0.3535,2
16,n<=4,sr<=40%,kvB<=16k,kp<=32k,0.367,2
16,n<=4,sr<=40%,kvB<=16k,kp<=4k,0.3391,2
16,n<=4,sr<=40%,kvB<=16k,kp<=512,0.3532,2
16,n<=4,sr<=40%,kvB<=16k,kp<=64k,0.2455,2
16,n<=4,sr<=40%,kvB<=16k,kp<=8k,0.3271,2
16,n<=4,sr<=40%,kvB<=16k,kp=0,0.3538,2
16,n<=4,sr<=40%,kvB<=1k,kp<=16k,-0.1776,2
16,n<=4,sr<=40%,kvB<=1k,kp<=1k,0.5494,2
16,n<=4,sr<=40%,kvB<=1k,kp<=2k,0.3353,2
16,n<=4,sr<=40%,kvB<=1k,kp<=32k,-0.292,2
16,n<=4,sr<=40%,kvB<=1k,kp<=4k,0.484,2
16,n<=4,sr<=40%,kvB<=1k,kp<=512,0.606,2
16,n<=4,sr<=40%,kvB<=1k,kp<=64k,-0.4598,1
16,n<=4,sr<=40%,kvB<=1k,kp<=8k,0.5167,2
16,n<=4,sr<=40%,kvB<=1k,kp=0,0.6141,5
16,n<=4,sr<=40%,kvB<=4k,kp<=16k,-0.0481,2
16,n<=4,sr<=40%,kvB<=4k,kp<=1k,0.3629,2
16,n<=4,sr<=40%,kvB<=4k,kp<=2k,0.4148,2
16,n<=4,sr<=40%,kvB<=4k,kp<=32k,-0.1345,2
16,n<=4,sr<=40%,kvB<=4k,kp<=4k,0.4107,2
16,n<=4,sr<=40%,kvB<=4k,kp<=512,0.422,2
16,n<=4,sr<=40%,kvB<=4k,kp<=64k,0.0075,2
16,n<=4,sr<=40%,kvB<=4k,kp<=8k,-0.6717,2
16,n<=4,sr<=40%,kvB<=4k,kp=0,0.4282,3
16,n<=4,sr<=40%,kvB<=64k,kp<=16k,0.3356,2
16,n<=4,sr<=40%,kvB<=64k,kp<=1k,0.3415,2
16,n<=4,sr<=40%,kvB<=64k,kp<=2k,0.3455,2
16,n<=4,sr<=40%,kvB<=64k,kp<=32k,0.3287,2
16,n<=4,sr<=40%,kvB<=64k,kp<=4k,0.3392,2
16,n<=4,sr<=40%,kvB<=64k,kp<=512,0.3488,2
16,n<=4,sr<=40%,kvB<=64k,kp<=64k,0.3301,2
16,n<=4,sr<=40%,kvB<=64k,kp<=8k,0.3365,2
16,n<=4,sr<=40%,kvB<=64k,kp=0,0.3377,2
16,n<=4,sr<=70%,kvB<=16k,kp<=16k,0.1723,2
16,n<=4,sr<=70%,kvB<=16k,kp<=1k,0.2079,2
16,n<=4,sr<=70%,kvB<=16k,kp<=2k,0.221,2
16,n<=4,sr<=70%,kvB<=16k,kp<=32k,0.14,2
16,n<=4,sr<=70%,kvB<=16k,kp<=4k,0.1669,2
16,n<=4,sr<=70%,kvB<=16k,kp<=512,0.2142,2
16,n<=4,sr<=70%,kvB<=16k,kp<=64k,0.1506,2
16,n<=4,sr<=70%,kvB<=16k,kp<=8k,0.1947,2
16,n<=4,sr<=70%,kvB<=16k,kp=0,0.2342,2
16,n<=4,sr<=70%,kvB<=1k,kp<=16k,0.3026,1
16,n<=4,sr<=70%,kvB<=1k,kp<=1k,0.5305,1
16,n<=4,sr<=70%,kvB<=1k,kp<=2k,0.2949,2
16,n<=4,sr<=70%,kvB<=1k,kp<=32k,0.2982,2
16,n<=4,sr<=70%,kvB<=1k,kp<=4k,0.3912,2
16,n<=4,sr<=70%,kvB<=1k,kp<=512,0.6916,2
16,n<=4,sr<=70%,kvB<=1k,kp<=64k,-0.0662,2
16,n<=4,sr<=70%,kvB<=1k,kp<=8k,-0.1981,2
16,n<=4,sr<=70%,kvB<=1k,kp=0,0.6264,3
16,n<=4,sr<=70%,kvB<=4k,kp<=16k,-0.3937,2
16,n<=4,sr<=70%,kvB<=4k,kp<=1k,0.3415,2
16,n<=4,sr<=70%,kvB<=4k,kp<=2k,0.3644,2
16,n<=4,sr<=70%,kvB<=4k,kp<=32k,-0.063,2
16,n<=4,sr<=70%,kvB<=4k,kp<=4k,0.3221,2
16,n<=4,sr<=70%,kvB<=4k,kp<=512,0.4178,2
16,n<=4,sr<=70%,kvB<=4k,kp<=64k,-1.1298,2
16,n<=4,sr<=70%,kvB<=4k,kp<=8k,0.5861,2
16,n<=4,sr<=70%,kvB<=4k,kp=0,0.2988,2
16,n<=4,sr<=70%,kvB<=64k,kp<=16k,0.1686,2
16,n<=4,sr<=70%,kvB<=64k,kp<=1k,0.1769,2
16,n<=4,sr<=70%,kvB<=64k,kp<=2k,0.1785,2
16,n<=4,sr<=70%,kvB<=64k,kp<=32k,0.205,2
16,n<=4,sr<=70%,kvB<=64k,kp<=4k,0.1919,2
16,n<=4,sr<=70%,kvB<=64k,kp<=512,0.1763,2
16,n<=4,sr<=70%,kvB<=64k,kp<=64k,0.1466,2
16,n<=4,sr<=70%,kvB<=64k,kp<=8k,0.2036,2
16,n<=4,sr<=70%,kvB<=64k,kp=0,0.1822,2
16,n<=4,sr>70%,kvB<=16k,kp<=16k,0.1145,2
16,n<=4,sr>70%,kvB<=16k,kp<=1k,0.0899,2
16,n<=4,sr>70%,kvB<=16k,kp<=2k,0.1479,2
16,n<=4,sr>70%,kvB<=16k,kp<=32k,0.0335,2
16,n<=4,sr>70%,kvB<=16k,kp<=4k,0.0734,2
16,n<=4,sr>70%,kvB<=16k,kp<=512,0.1273,2
16,n<=4,sr>70%,kvB<=16k,kp<=64k,0.0828,2
16,n<=4,sr>70%,kvB<=16k,kp<=8k,0.392,2
16,n<=4,sr>70%,kvB<=16k,kp=0,0.1273,2
16,n<=4,sr>70%,kvB<=1k,kp<=16k,-0.3599,2
16,n<=4,sr>70%,kvB<=1k,kp<=1k,0.6977,2
16,n<=4,sr>70%,kvB<=1k,kp<=2k,0.7001,2
16,n<=4,sr>70%,kvB<=1k,kp<=32k,-0.1172,2
16,n<=4,sr>70%,kvB<=1k,kp<=4k,0.6334,2
16,n<=4,sr>70%,kvB<=1k,kp<=512,0.7348,2
16,n<=4,sr>70%,kvB<=1k,kp<=64k,0.3517,1
16,n<=4,sr>70%,kvB<=1k,kp<=8k,-1.6489,1
16,n<=4,sr>70%,kvB<=1k,kp=0,0.6085,2
16,n<=4,sr>70%,kvB<=4k,kp<=16k,-1.2294,2
16,n<=4,sr>70%,kvB<=4k,kp<=1k,0.172,2
16,n<=4,sr>70%,kvB<=4k,kp<=2k,0.4005,2
16,n<=4,sr>70%,kvB<=4k,kp<=32k,-1.5934,2
16,n<=4,sr>70%,kvB<=4k,kp<=4k,0.4865,2
16,n<=4,sr>70%,kvB<=4k,kp<=512,0.2994,2
16,n<=4,sr>70%,kvB<=4k,kp<=64k,-1.1007,1
16,n<=4,sr>70%,kvB<=4k,kp<=8k,-5.6454,1
16,n<=4,sr>70%,kvB<=4k,kp=0,0.3156,2
16,n<=4,sr>70%,kvB<=64k,kp<=16k,0.0234,2
16,n<=4,sr>70%,kvB<=64k,kp<=1k,0.055,2
16,n<=4,sr>70%,kvB<=64k,kp<=2k,0.0722,2
16,n<=4,sr>70%,kvB<=64k,kp<=32k,0.0333,2
16,n<=4,sr>70%,kvB<=64k,kp<=4k,0.0348,2
16,n<=4,sr>70%,kvB<=64k,kp<=512,0.0178,2
16,n<=4,sr>70%,kvB<=64k,kp<=64k,0.0231,2
16,n<=4,sr>70%,kvB<=64k,kp<=8k,0.0426,2
16,n<=4,sr>70%,kvB<=64k,kp=0,0.031,2
16,n<=64,sr<=15%,kvB<=16k,kp<=16k,0.0028,4
16,n<=64,sr<=15%,kvB<=16k,kp<=1k,0.0066,4
16,n<=64,sr<=15%,kvB<=16k,kp<=2k,0.0043,4
16,n<=64,sr<=15%,kvB<=16k,kp<=32k,-0.0073,4
16,n<=64,sr<=15%,kvB<=16k,kp<=4k,0.0062,4
16,n<=64,sr<=15%,kvB<=16k,kp<=512,0.0032,4
16,n<=64,sr<=15%,kvB<=16k,kp<=64k,-0.0088,4
16,n<=64,sr<=15%,kvB<=16k,kp<=8k,0.0053,4
16,n<=64,sr<=15%,kvB<=16k,kp=0,0.0053,4
16,n<=64,sr<=15%,kvB<=1k,kp<=16k,0.0038,4
16,n<=64,sr<=15%,kvB<=1k,kp<=1k,0.0422,4
16,n<=64,sr<=15%,kvB<=1k,kp<=2k,0.0388,4
16,n<=64,sr<=15%,kvB<=1k,kp<=32k,0.0129,4
16,n<=64,sr<=15%,kvB<=1k,kp<=4k,0.0503,4
16,n<=64,sr<=15%,kvB<=1k,kp<=512,0.0435,4
16,n<=64,sr<=15%,kvB<=1k,kp<=64k,-0.0011,4
16,n<=64,sr<=15%,kvB<=1k,kp<=8k,0.0377,4
16,n<=64,sr<=15%,kvB<=1k,kp=0,0.0408,4
16,n<=64,sr<=15%,kvB<=4k,kp<=16k,0.0103,4
16,n<=64,sr<=15%,kvB<=4k,kp<=1k,0.017,4
16,n<=64,sr<=15%,kvB<=4k,kp<=2k,0.0181,4
16,n<=64,sr<=15%,kvB<=4k,kp<=32k,0.0002,4
16,n<=64,sr<=15%,kvB<=4k,kp<=4k,0.0123,4
16,n<=64,sr<=15%,kvB<=4k,kp<=512,0.0253,4
16,n<=64,sr<=15%,kvB<=4k,kp<=64k,0.0036,4
16,n<=64,sr<=15%,kvB<=4k,kp<=8k,0.0157,4
16,n<=64,sr<=15%,kvB<=4k,kp=0,0.0206,4
16,n<=64,sr<=15%,kvB<=64k,kp<=16k,0.0038,4
16,n<=64,sr<=15%,kvB<=64k,kp<=1k,0.0039,4
16,n<=64,sr<=15%,kvB<=64k,kp<=2k,0.0023,4
16,n<=64,sr<=15%,kvB<=64k,kp<=32k,0.0024,4
16,n<=64,sr<=15%,kvB<=64k,kp<=4k,0.0008,4
16,n<=64,sr<=15%,kvB<=64k,kp<=512,0.0059,4
16,n<=64,sr<=15%,kvB<=64k,kp<=64k,0.0019,4
16,n<=64,sr<=15%,kvB<=64k,kp<=8k,0.0014,4
16,n<=64,sr<=15%,kvB<=64k,kp=0,0.0031,4
16,n<=64,sr<=40%,kvB<=16k,kp<=16k,-0.0027,2
16,n<=64,sr<=40%,kvB<=16k,kp<=1k,0.0051,2
16,n<=64,sr<=40%,kvB<=16k,kp<=2k,0.0022,2
16,n<=64,sr<=40%,kvB<=16k,kp<=32k,0.0011,2
16,n<=64,sr<=40%,kvB<=16k,kp<=4k,-0.0001,2
16,n<=64,sr<=40%,kvB<=16k,kp<=512,0.0029,2
16,n<=64,sr<=40%,kvB<=16k,kp<=64k,-0.0074,2
16,n<=64,sr<=40%,kvB<=16k,kp<=8k,-0.0112,2
16,n<=64,sr<=40%,kvB<=16k,kp=0,0.0079,2
16,n<=64,sr<=40%,kvB<=1k,kp<=16k,0.1102,2
16,n<=64,sr<=40%,kvB<=1k,kp<=1k,0.1195,2
16,n<=64,sr<=40%,kvB<=1k,kp<=2k,0.1336,2
16,n<=64,sr<=40%,kvB<=1k,kp<=32k,0.1368,2
16,n<=64,sr<=40%,kvB<=1k,kp<=4k,0.1337,2
16,n<=64,sr<=40%,kvB<=1k,kp<=512,0.1057,2
16,n<=64,sr<=40%,kvB<=1k,kp<=64k,0.1172,2
16,n<=64,sr<=40%,kvB<=1k,kp<=8k,0.0853,2
16,n<=64,sr<=40%,kvB<=1k,kp=0,0.1344,2
16,n<=64,sr<=40%,kvB<=4k,kp<=16k,-0.008,2
16,n<=64,sr<=40%,kvB<=4k,kp<=1k,-0.0041,2
16,n<=64,sr<=40%,kvB<=4k,kp<=2k,-0.0016,2
16,n<=64,sr<=40%,kvB<=4k,kp<=32k,-0.0273,2
16,n<=64,sr<=40%,kvB<=4k,kp<=4k,-0.0004,2
16,n<=64,sr<=40%,kvB<=4k,kp<=512,-0.0021,2
16,n<=64,sr<=40%,kvB<=4k,kp<=64k,-0.0444,2
16,n<=64,sr<=40%,kvB<=4k,kp<=8k,-0.0396,2
16,n<=64,sr<=40%,kvB<=4k,kp=0,-0.0004,2
16,n<=64,sr<=40%,kvB<=64k,kp<=16k,-0.0028,2
16,n<=64,sr<=40%,kvB<=64k,kp<=1k,0.0017,2
16,n<=64,sr<=40%,kvB<=64k,kp<=2k,0.0086,2
16,n<=64,sr<=40%,kvB<=64k,kp<=32k,0.0046,2
16,n<=64,sr<=40%,kvB<=64k,kp<=4k,-0.0004,2
16,n<=64,sr<=40%,kvB<=64k,kp<=512,0.0065,2
16,n<=64,sr<=40%,kvB<=64k,kp<=64k,0.0025,2
16,n<=64,sr<=40%,kvB<=64k,kp<=8k,0.001,2
16,n<=64,sr<=40%,kvB<=64k,kp=0,0.0012,2
16,n<=64,sr<=5%,kvB<=16k,kp<=16k,0.0247,6
16,n<=64,sr<=5%,kvB<=16k,kp<=1k,0.0266,6
16,n<=64,sr<=5%,kvB<=16k,kp<=2k,0.0272,6
16,n<=64,sr<=5%,kvB<=16k,kp<=32k,0.021,6
16,n<=64,sr<=5%,kvB<=16k,kp<=4k,0.0261,6
16,n<=64,sr<=5%,kvB<=16k,kp<=512,0.0252,6
16,n<=64,sr<=5%,kvB<=16k,kp<=64k,0.0185,6
16,n<=64,sr<=5%,kvB<=16k,kp<=8k,0.0264,6
16,n<=64,sr<=5%,kvB<=16k,kp=0,0.0249,6
16,n<=64,sr<=5%,kvB<=1k,kp<=16k,0.0061,6
16,n<=64,sr<=5%,kvB<=1k,kp<=1k,0.0386,6
16,n<=64,sr<=5%,kvB<=1k,kp<=2k,0.0386,6
16,n<=64,sr<=5%,kvB<=1k,kp<=32k,-0.0176,6
16,n<=64,sr<=5%,kvB<=1k,kp<=4k,0.0472,6
16,n<=64,sr<=5%,kvB<=1k,kp<=512,0.0269,6
16,n<=64,sr<=5%,kvB<=1k,kp<=64k,0.0049,6
16,n<=64,sr<=5%,kvB<=1k,kp<=8k,0.0183,6
16,n<=64,sr<=5%,kvB<=1k,kp=0,0.0323,6
16,n<=64,sr<=5%,kvB<=4k,kp<=16k,0.01,6
16,n<=64,sr<=5%,kvB<=4k,kp<=1k,0.0144,6
16,n<=64,sr<=5%,kvB<=4k,kp<=2k,0.0175,6
16,n<=64,sr<=5%,kvB<=4k,kp<=32k,0.0053,6
16,n<=64,sr<=5%,kvB<=4k,kp<=4k,0.0189,6
16,n<=64,sr<=5%,kvB<=4k,kp<=512,0.0173,6
16,n<=64,sr<=5%,kvB<=4k,kp<=64k,-0.0052,6
16,n<=64,sr<=5%,kvB<=4k,kp<=8k,0.0171,6
16,n<=64,sr<=5%,kvB<=4k,kp=0,0.0165,6
16,n<=64,sr<=5%,kvB<=64k,kp<=16k,0.0266,6
16,n<=64,sr<=5%,kvB<=64k,kp<=1k,0.0284,6
16,n<=64,sr<=5%,kvB<=64k,kp<=2k,0.0247,6
16,n<=64,sr<=5%,kvB<=64k,kp<=32k,0.0239,6
16,n<=64,sr<=5%,kvB<=64k,kp<=4k,0.0272,6
16,n<=64,sr<=5%,kvB<=64k,kp<=512,0.0293,6
16,n<=64,sr<=5%,kvB<=64k,kp<=64k,0.0209,6
16,n<=64,sr<=5%,kvB<=64k,kp<=8k,0.0293,6
16,n<=64,sr<=5%,kvB<=64k,kp=0,0.0267,6
16,n<=64,sr<=70%,kvB<=16k,kp<=16k,-0.0048,2
16,n<=64,sr<=70%,kvB<=16k,kp<=1k,-0.0069,2
16,n<=64,sr<=70%,kvB<=16k,kp<=2k,-0.0043,2
16,n<=64,sr<=70%,kvB<=16k,kp<=32k,-0.044,2
16,n<=64,sr<=70%,kvB<=16k,kp<=4k,-0.0229,2
16,n<=64,sr<=70%,kvB<=16k,kp<=512,-0.0005,2
16,n<=64,sr<=70%,kvB<=16k,kp<=64k,-0.0446,2
16,n<=64,sr<=70%,kvB<=16k,kp<=8k,0.0086,2
16,n<=64,sr<=70%,kvB<=16k,kp=0,-0.0036,2
16,n<=64,sr<=70%,kvB<=1k,kp<=16k,-0.1036,2
16,n<=64,sr<=70%,kvB<=1k,kp<=1k,0.098,2
16,n<=64,sr<=70%,kvB<=1k,kp<=2k,0.1315,2
16,n<=64,sr<=70%,kvB<=1k,kp<=32k,-0.123,2
16,n<=64,sr<=70%,kvB<=1k,kp<=4k,0.1296,2
16,n<=64,sr<=70%,kvB<=1k,kp<=512,0.1545,2
16,n<=64,sr<=70%,kvB<=1k,kp<=64k,-0.0498,2
16,n<=64,sr<=70%,kvB<=1k,kp<=8k,-0.0174,2
16,n<=64,sr<=70%,kvB<=1k,kp=0,0.1393,2
16,n<=64,sr<=70%,kvB<=4k,kp<=16k,-0.0509,2
16,n<=64,sr<=70%,kvB<=4k,kp<=1k,-0.0178,2
16,n<=64,sr<=70%,kvB<=4k,kp<=2k,-0.036,2
16,n<=64,sr<=70%,kvB<=4k,kp<=32k,-0.0963,2
16,n<=64,sr<=70%,kvB<=4k,kp<=4k,0.0049,2
16,n<=64,sr<=70%,kvB<=4k,kp<=512,-0.024,2
16,n<=64,sr<=70%,kvB<=4k,kp<=64k,-0.0576,2
16,n<=64,sr<=70%,kvB<=4k,kp<=8k,-0.0283,2
16,n<=64,sr<=70%,kvB<=4k,kp=0,-0.0328,2
16,n<=64,sr<=70%,kvB<=64k,kp<=16k,-0.0369,2
16,n<=64,sr<=70%,kvB<=64k,kp<=1k,-0.0279,2
16,n<=64,sr<=70%,kvB<=64k,kp<=2k,-0.029,2
16,n<=64,sr<=70%,kvB<=64k,kp<=32k,-0.0486,2
16,n<=64,sr<=70%,kvB<=64k,kp<=4k,-0.0294,2
16,n<=64,sr<=70%,kvB<=64k,kp<=512,-0.0313,2
16,n<=64,sr<=70%,kvB<=64k,kp<=64k,-0.0534,2
16,n<=64,sr<=70%,kvB<=64k,kp<=8k,-0.0428,2
16,n<=64,sr<=70%,kvB<=64k,kp=0,-0.0331,2
16,n<=64,sr>70%,kvB<=16k,kp<=16k,-0.035,4
16,n<=64,sr>70%,kvB<=16k,kp<=1k,0.0103,4
16,n<=64,sr>70%,kvB<=16k,kp<=2k,-0.0087,4
16,n<=64,sr>70%,kvB<=16k,kp<=32k,-0.0406,4
16,n<=64,sr>70%,kvB<=16k,kp<=4k,0.0035,4
16,n<=64,sr>70%,kvB<=16k,kp<=512,-0.0073,4
16,n<=64,sr>70%,kvB<=16k,kp<=64k,-0.036,4
16,n<=64,sr>70%,kvB<=16k,kp<=8k,0.0114,4
16,n<=64,sr>70%,kvB<=16k,kp=0,0.0117,4
16,n<=64,sr>70%,kvB<=1k,kp<=16k,0.1914,4
16,n<=64,sr>70%,kvB<=1k,kp<=1k,0.3686,4
16,n<=64,sr>70%,kvB<=1k,kp<=2k,0.3802,4
16,n<=64,sr>70%,kvB<=1k,kp<=32k,0.2427,4
16,n<=64,sr>70%,kvB<=1k,kp<=4k,0.3705,4
16,n<=64,sr>70%,kvB<=1k,kp<=512,0.3799,4
16,n<=64,sr>70%,kvB<=1k,kp<=64k,0.3317,4
16,n<=64,sr>70%,kvB<=1k,kp<=8k,0.1342,4
16,n<=64,sr>70%,kvB<=1k,kp=0,0.3484,4
16,n<=64,sr>70%,kvB<=4k,kp<=16k,0.0908,4
16,n<=64,sr>70%,kvB<=4k,kp<=1k,0.0891,4
16,n<=64,sr>70%,kvB<=4k,kp<=2k,0.0655,4
16,n<=64,sr>70%,kvB<=4k,kp<=32k,-0.0006,4
16,n<=64,sr>70%,kvB<=4k,kp<=4k,0.087,4
16,n<=64,sr>70%,kvB<=4k,kp<=512,0.0769,4
16,n<=64,sr>70%,kvB<=4k,kp<=64k,0.0007,4
16,n<=64,sr>70%,kvB<=4k,kp<=8k,0.0636,4
16,n<=64,sr>70%,kvB<=4k,kp=0,0.0617,4
16,n<=64,sr>70%,kvB<=64k,kp<=16k,-0.0338,4
16,n<=64,sr>70%,kvB<=64k,kp<=1k,-0.0307,4
16,n<=64,sr>70%,kvB<=64k,kp<=2k,-0.0417,4
16,n<=64,sr>70%,kvB<=64k,kp<=32k,0.0016,4
16,n<=64,sr>70%,kvB<=64k,kp<=4k,-0.0449,4
16,n<=64,sr>70%,kvB<=64k,kp<=512,-0.0341,4
16,n<=64,sr>70%,kvB<=64k,kp<=64k,-0.0436,4
16,n<=64,sr>70%,kvB<=64k,kp<=8k,-0.056,4
16,n<=64,sr>70%,kvB<=64k,kp=0,-0.0324,4
16,n<=8,sr<=15%,kvB<=16k,kp<=16k,0.4086,2
16,n<=8,sr<=15%,kvB<=16k,kp<=1k,0.4145,2
16,n<=8,sr<=15%,kvB<=16k,kp<=2k,0.4222,2
16,n<=8,sr<=15%,kvB<=16k,kp<=32k,0.3967,2
16,n<=8,sr<=15%,kvB<=16k,kp<=4k,0.4176,2
16,n<=8,sr<=15%,kvB<=16k,kp<=512,0.4162,2
16,n<=8,sr<=15%,kvB<=16k,kp<=64k,0.3961,2
16,n<=8,sr<=15%,kvB<=16k,kp<=8k,0.377,2
16,n<=8,sr<=15%,kvB<=16k,kp=0,0.418,2
16,n<=8,sr<=15%,kvB<=1k,kp<=16k,-0.1021,2
16,n<=8,sr<=15%,kvB<=1k,kp<=1k,0.5853,2
16,n<=8,sr<=15%,kvB<=1k,kp<=2k,0.5052,2
16,n<=8,sr<=15%,kvB<=1k,kp<=32k,0.1822,2
16,n<=8,sr<=15%,kvB<=1k,kp<=4k,0.4599,2
16,n<=8,sr<=15%,kvB<=1k,kp<=512,0.4691,2
16,n<=8,sr<=15%,kvB<=1k,kp<=64k,0.5098,2
16,n<=8,sr<=15%,kvB<=1k,kp<=8k,-0.005,2
16,n<=8,sr<=15%,kvB<=1k,kp=0,0.6043,5
16,n<=8,sr<=15%,kvB<=4k,kp<=16k,0.1955,2
16,n<=8,sr<=15%,kvB<=4k,kp<=1k,0.4099,2
16,n<=8,sr<=15%,kvB<=4k,kp<=2k,0.3779,2
16,n<=8,sr<=15%,kvB<=4k,kp<=32k,0.2658,2
16,n<=8,sr<=15%,kvB<=4k,kp<=4k,0.3838,2
16,n<=8,sr<=15%,kvB<=4k,kp<=512,0.3963,2
16,n<=8,sr<=15%,kvB<=4k,kp<=64k,0.371,2
16,n<=8,sr<=15%,kvB<=4k,kp<=8k,0.3946,2
16,n<=8,sr<=15%,kvB<=4k,kp=0,0.4157,3
16,n<=8,sr<=15%,kvB<=64k,kp<=16k,0.4176,2
16,n<=8,sr<=15%,kvB<=64k,kp<=1k,0.4192,2
16,n<=8,sr<=15%,kvB<=64k,kp<=2k,0.4224,2
16,n<=8,sr<=15%,kvB<=64k,kp<=32k,0.4198,2
16,n<=8,sr<=15%,kvB<=64k,kp<=4k,0.4227,2
16,n<=8,sr<=15%,kvB<=64k,kp<=512,0.4217,2
16,n<=8,sr<=15%,kvB<=64k,kp<=64k,0.4194,2
16,n<=8,sr<=15%,kvB<=64k,kp<=8k,0.4203,2
16,n<=8,sr<=15%,kvB<=64k,kp=0,0.4159,2
16,n<=8,sr<=40%,kvB<=16k,kp<=16k,0.2873,4
16,n<=8,sr<=40%,kvB<=16k,kp<=1k,0.305,4
16,n<=8,sr<=40%,kvB<=16k,kp<=2k,0.3097,4
16,n<=8,sr<=40%,kvB<=16k,kp<=32k,0.2745,4
16,n<=8,sr<=40%,kvB<=16k,kp<=4k,0.3098,4
16,n<=8,sr<=40%,kvB<=16k,kp<=512,0.3066,4
16,n<=8,sr<=40%,kvB<=16k,kp<=64k,0.263,4
16,n<=8,sr<=40%,kvB<=16k,kp<=8k,0.2929,4
16,n<=8,sr<=40%,kvB<=16k,kp=0,0.3047,4
16,n<=8,sr<=40%,kvB<=1k,kp<=16k,-0.0056,4
16,n<=8,sr<=40%,kvB<=1k,kp<=1k,0.4776,4
16,n<=8,sr<=40%,kvB<=1k,kp<=2k,0.5028,4
16,n<=8,sr<=40%,kvB<=1k,kp<=32k,-0.1078,4
16,n<=8,sr<=40%,kvB<=1k,kp<=4k,0.4912,4
16,n<=8,sr<=40%,kvB<=1k,kp<=512,0.4924,4
16,n<=8,sr<=40%,kvB<=1k,kp<=64k,-0.2141,4
16,n<=8,sr<=40%,kvB<=1k,kp<=8k,0.2998,3
16,n<=8,sr<=40%,kvB<=1k,kp=0,0.5758,4
16,n<=8,sr<=40%,kvB<=4k,kp<=16k,0.1162,4
16,n<=8,sr<=40%,kvB<=4k,kp<=1k,0.3168,4
16,n<=8,sr<=40%,kvB<=4k,kp<=2k,0.3183,4
16,n<=8,sr<=40%,kvB<=4k,kp<=32k,0.0467,4
16,n<=8,sr<=40%,kvB<=4k,kp<=4k,0.3424,4
16,n<=8,sr<=40%,kvB<=4k,kp<=512,0.3188,4
16,n<=8,sr<=40%,kvB<=4k,kp<=64k,0.1315,4
16,n<=8,sr<=40%,kvB<=4k,kp<=8k,0.4216,4
16,n<=8,sr<=40%,kvB<=4k,kp=0,0.3099,4
16,n<=8,sr<=40%,kvB<=64k,kp<=16k,0.306,4
16,n<=8,sr<=40%,kvB<=64k,kp<=1k,0.3096,4
16,n<=8,sr<=40%,kvB<=64k,kp<=2k,0.3077,4
16,n<=8,sr<=40%,kvB<=64k,kp<=32k,0.3125,4
16,n<=8,sr<=40%,kvB<=64k,kp<=4k,0.305,4
16,n<=8,sr<=40%,kvB<=64k,kp<=512,0.3114,4
16,n<=8,sr<=40%,kvB<=64k,kp<=64k,0.3139,4
16,n<=8,sr<=40%,kvB<=64k,kp<=8k,0.2967,4
16,n<=8,sr<=40%,kvB<=64k,kp=0,0.3125,4
16,n<=8,sr<=70%,kvB<=16k,kp<=16k,0.1602,2
16,n<=8,sr<=70%,kvB<=16k,kp<=1k,0.1779,2
16,n<=8,sr<=70%,kvB<=16k,kp<=2k,0.1606,2
16,n<=8,sr<=70%,kvB<=16k,kp<=32k,0.1609,2
16,n<=8,sr<=70%,kvB<=16k,kp<=4k,0.1732,2
16,n<=8,sr<=70%,kvB<=16k,kp<=512,0.2049,2
16,n<=8,sr<=70%,kvB<=16k,kp<=64k,0.1475,2
16,n<=8,sr<=70%,kvB<=16k,kp<=8k,0.203,2
16,n<=8,sr<=70%,kvB<=16k,kp=0,0.1907,2
16,n<=8,sr<=70%,kvB<=1k,kp<=16k,-0.2214,2
16,n<=8,sr<=70%,kvB<=1k,kp<=1k,0.3997,2
16,n<=8,sr<=70%,kvB<=1k,kp<=2k,0.4775,2
16,n<=8,sr<=70%,kvB<=1k,kp<=32k,-0.3703,2
16,n<=8,sr<=70%,kvB<=1k,kp<=4k,0.3178,2
16,n<=8,sr<=70%,kvB<=1k,kp<=512,0.4633,2
16,n<=8,sr<=70%,kvB<=1k,kp<=64k,-2.9491,2
16,n<=8,sr<=70%,kvB<=1k,kp<=8k,-0.5213,2
16,n<=8,sr<=70%,kvB<=1k,kp=0,0.4517,2
16,n<=8,sr<=70%,kvB<=4k,kp<=16k,0.0295,2
16,n<=8,sr<=70%,kvB<=4k,kp<=1k,0.2993,2
16,n<=8,sr<=70%,kvB<=4k,kp<=2k,0.2622,2
16,n<=8,sr<=70%,kvB<=4k,kp<=32k,-0.1538,2
16,n<=8,sr<=70%,kvB<=4k,kp<=4k,0.3205,2
16,n<=8,sr<=70%,kvB<=4k,kp<=512,0.281,2
16,n<=8,sr<=70%,kvB<=4k,kp<=64k,-0.0528,2
16,n<=8,sr<=70%,kvB<=4k,kp<=8k,-1.677,2
16,n<=8,sr<=70%,kvB<=4k,kp=0,0.2721,2
16,n<=8,sr<=70%,kvB<=64k,kp<=16k,0.1611,2
16,n<=8,sr<=70%,kvB<=64k,kp<=1k,0.1844,2
16,n<=8,sr<=70%,kvB<=64k,kp<=2k,0.1831,2
16,n<=8,sr<=70%,kvB<=64k,kp<=32k,0.165,2
16,n<=8,sr<=70%,kvB<=64k,kp<=4k,0.1725,2
16,n<=8,sr<=70%,kvB<=64k,kp<=512,0.1788,2
16,n<=8,sr<=70%,kvB<=64k,kp<=64k,0.1801,2
16,n<=8,sr<=70%,kvB<=64k,kp<=8k,0.1856,2
16,n<=8,sr<=70%,kvB<=64k,kp=0,0.1799,2
16,n<=8,sr>70%,kvB<=16k,kp<=16k,0.0059,4
16,n<=8,sr>70%,kvB<=16k,kp<=1k,0.0549,4
16,n<=8,sr>70%,kvB<=16k,kp<=2k,0.038,4
16,n<=8,sr>70%,kvB<=16k,kp<=32k,0.0258,4
16,n<=8,sr>70%,kvB<=16k,kp<=4k,0.0253,4
16,n<=8,sr>70%,kvB<=16k,kp<=512,0.0683,4
16,n<=8,sr>70%,kvB<=16k,kp<=64k,0.104,4
16,n<=8,sr>70%,kvB<=16k,kp<=8k,-0.0793,4
16,n<=8,sr>70%,kvB<=16k,kp=0,0.0259,4
16,n<=8,sr>70%,kvB<=1k,kp<=16k,-0.1757,3
16,n<=8,sr>70%,kvB<=1k,kp<=1k,0.5338,4
16,n<=8,sr>70%,kvB<=1k,kp<=2k,0.5861,4
16,n<=8,sr>70%,kvB<=1k,kp<=32k,-0.3583,4
16,n<=8,sr>70%,kvB<=1k,kp<=4k,0.5746,4
16,n<=8,sr>70%,kvB<=1k,kp<=512,0.5075,4
16,n<=8,sr>70%,kvB<=1k,kp<=64k,-1.9602,4
16,n<=8,sr>70%,kvB<=1k,kp<=8k,0.4644,3
16,n<=8,sr>70%,kvB<=1k,kp=0,0.6993,4
16,n<=8,sr>70%,kvB<=4k,kp<=16k,-0.164,4
16,n<=8,sr>70%,kvB<=4k,kp<=1k,0.2355,4
16,n<=8,sr>70%,kvB<=4k,kp<=2k,0.1832,4
16,n<=8,sr>70%,kvB<=4k,kp<=32k,-0.4898,4
16,n<=8,sr>70%,kvB<=4k,kp<=4k,0.3773,4
16,n<=8,sr>70%,kvB<=4k,kp<=512,0.2804,4
16,n<=8,sr>70%,kvB<=4k,kp<=64k,-0.9561,4
16,n<=8,sr>70%,kvB<=4k,kp<=8k,0.3752,4
16,n<=8,sr>70%,kvB<=4k,kp=0,0.1498,4
16,n<=8,sr>70%,kvB<=64k,kp<=16k,0.0374,4
16,n<=8,sr>70%,kvB<=64k,kp<=1k,0.0469,4
16,n<=8,sr>70%,kvB<=64k,kp<=2k,0.0635,4
16,n<=8,sr>70%,kvB<=64k,kp<=32k,0.0396,4
16,n<=8,sr>70%,kvB<=64k,kp<=4k,0.0519,4
16,n<=8,sr>70%,kvB<=64k,kp<=512,0.0503,4
16,n<=8,sr>70%,kvB<=64k,kp<=64k,0.0412,4
16,n<=8,sr>70%,kvB<=64k,kp<=8k,0.084,4
16,n<=8,sr>70%,kvB<=64k,kp=0,0.0513,4
32,n<=16,sr<=15%,kvB<=16k,kp<=16k,0.4292,4
32,n<=16,sr<=15%,kvB<=16k,kp<=1k,0.4326,4
32,n<=16,sr<=15%,kvB<=16k,kp<=2k,0.432,4
32,n<=16,sr<=15%,kvB<=16k,kp<=32k,0.4382,4
32,n<=16,sr<=15%,kvB<=16k,kp<=4k,0.434,4
32,n<=16,sr<=15%,kvB<=16k,kp<=512,0.4347,4
32,n<=16,sr<=15%,kvB<=16k,kp<=64k,0.4443,4
32,n<=16,sr<=15%,kvB<=16k,kp<=8k,0.437,4
32,n<=16,sr<=15%,kvB<=16k,kp=0,0.4318,4
32,n<=16,sr<=15%,kvB<=1k,kp<=16k,0.346,4
32,n<=16,sr<=15%,kvB<=1k,kp<=1k,0.4148,4
32,n<=16,sr<=15%,kvB<=1k,kp<=2k,0.4586,4
32,n<=16,sr<=15%,kvB<=1k,kp<=32k,0.3555,4
32,n<=16,sr<=15%,kvB<=1k,kp<=4k,0.4332,4
32,n<=16,sr<=15%,kvB<=1k,kp<=512,0.4488,4
32,n<=16,sr<=15%,kvB<=1k,kp<=64k,0.5394,4
32,n<=16,sr<=15%,kvB<=1k,kp<=8k,0.2049,4
32,n<=16,sr<=15%,kvB<=1k,kp=0,0.4656,4
32,n<=16,sr<=15%,kvB<=4k,kp<=16k,0.4357,4
32,n<=16,sr<=15%,kvB<=4k,kp<=1k,0.4204,4
32,n<=16,sr<=15%,kvB<=4k,kp<=2k,0.4311,4
32,n<=16,sr<=15%,kvB<=4k,kp<=32k,0.4561,4
32,n<=16,sr<=15%,kvB<=4k,kp<=4k,0.4131,4
32,n<=16,sr<=15%,kvB<=4k,kp<=512,0.4244,4
32,n<=16,sr<=15%,kvB<=4k,kp<=64k,0.4318,4
32,n<=16,sr<=15%,kvB<=4k,kp<=8k,0.4552,4
32,n<=16,sr<=15%,kvB<=4k,kp=0,0.4238,4
32,n<=16,sr<=15%,kvB<=64k,kp<=16k,0.4343,4
32,n<=16,sr<=15%,kvB<=64k,kp<=1k,0.4326,4
32,n<=16,sr<=15%,kvB<=64k,kp<=2k,0.4331,4
32,n<=16,sr<=15%,kvB<=64k,kp<=32k,0.4347,4
32,n<=16,sr<=15%,kvB<=64k,kp<=4k,0.4315,4
32,n<=16,sr<=15%,kvB<=64k,kp<=512,0.434,4
32,n<=16,sr<=15%,kvB<=64k,kp<=64k,0.4323,4
32,n<=16,sr<=15%,kvB<=64k,kp<=8k,0.4312,4
32,n<=16,sr<=15%,kvB<=64k,kp=0,0.4331,4
32,n<=16,sr<=40%,kvB<=16k,kp<=16k,0.3673,4
32,n<=16,sr<=40%,kvB<=16k,kp<=1k,0.3623,4
32,n<=16,sr<=40%,kvB<=16k,kp<=2k,0.3613,4
32,n<=16,sr<=40%,kvB<=16k,kp<=32k,0.3649,4
32,n<=16,sr<=40%,kvB<=16k,kp<=4k,0.3537,4
32,n<=16,sr<=40%,kvB<=16k,kp<=512,0.3638,4
32,n<=16,sr<=40%,kvB<=16k,kp<=64k,0.3754,4
32,n<=16,sr<=40%,kvB<=16k,kp<=8k,0.3561,4
32,n<=16,sr<=40%,kvB<=16k,kp=0,0.3604,4
32,n<=16,sr<=40%,kvB<=1k,kp<=16k,0.288,4
32,n<=16,sr<=40%,kvB<=1k,kp<=1k,0.4212,4
32,n<=16,sr<=40%,kvB<=1k,kp<=2k,0.433,4
32,n<=16,sr<=40%,kvB<=1k,kp<=32k,0.2829,4
32,n<=16,sr<=40%,kvB<=1k,kp<=4k,0.4331,4
32,n<=16,sr<=40%,kvB<=1k,kp<=512,0.4146,4
32,n<=16,sr<=40%,kvB<=1k,kp<=64k,0.3861,4
32,n<=16,sr<=40%,kvB<=1k,kp<=8k,0.6062,4
32,n<=16,sr<=40%,kvB<=1k,kp=0,0.3998,4
32,n<=16,sr<=40%,kvB<=4k,kp<=16k,0.3598,4
32,n<=16,sr<=40%,kvB<=4k,kp<=1k,0.3605,4
32,n<=16,sr<=40%,kvB<=4k,kp<=2k,0.3577,4
32,n<=16,sr<=40%,kvB<=4k,kp<=32k,0.3551,4
32,n<=16,sr<=40%,kvB<=4k,kp<=4k,0.36,4
32,n<=16,sr<=40%,kvB<=4k,kp<=512,0.3547,4
32,n<=16,sr<=40%,kvB<=4k,kp<=64k,0.3418,4
32,n<=16,sr<=40%,kvB<=4k,kp<=8k,0.393,4
32,n<=16,sr<=40%,kvB<=4k,kp=0,0.3628,4
32,n<=16,sr<=40%,kvB<=64k,kp<=16k,0.3587,4
32,n<=16,sr<=40%,kvB<=64k,kp<=1k,0.3627,4
32,n<=16,sr<=40%,kvB<=64k,kp<=2k,0.3595,4
32,n<=16,sr<=40%,kvB<=64k,kp<=32k,0.3619,4
32,n<=16,sr<=40%,kvB<=64k,kp<=4k,0.3605,4
32,n<=16,sr<=40%,kvB<=64k,kp<=512,0.3637,4
32,n<=16,sr<=40%,kvB<=64k,kp<=64k,0.3648,4
32,n<=16,sr<=40%,kvB<=64k,kp<=8k,0.3581,4
32,n<=16,sr<=40%,kvB<=64k,kp=0,0.3636,4
32,n<=16,sr<=70%,kvB<=16k,kp<=16k,0.1584,2
32,n<=16,sr<=70%,kvB<=16k,kp<=1k,0.1856,2
32,n<=16,sr<=70%,kvB<=16k,kp<=2k,0.1766,2
32,n<=16,sr<=70%,kvB<=16k,kp<=32k,0.1796,2
32,n<=16,sr<=70%,kvB<=16k,kp<=4k,0.1726,2
32,n<=16,sr<=70%,kvB<=16k,kp<=512,0.1686,2
32,n<=16,sr<=70%,kvB<=16k,kp<=64k,0.1653,2
32,n<=16,sr<=70%,kvB<=16k,kp<=8k,0.1599,2
32,n<=16,sr<=70%,kvB<=16k,kp=0,0.1825,2
32,n<=16,sr<=70%,kvB<=1k,kp<=16k,0.1652,2
32,n<=16,sr<=70%,kvB<=1k,kp<=1k,0.3065,2
32,n<=16,sr<=70%,kvB<=1k,kp<=2k,0.3338,2
32,n<=16,sr<=70%,kvB<=1k,kp<=32k,-0.2203,2
32,n<=16,sr<=70%,kvB<=1k,kp<=4k,0.2926,2
32,n<=16,sr<=70%,kvB<=1k,kp<=512,0.2668,2
32,n<=16,sr<=70%,kvB<=1k,kp<=64k,0.5852,2
32,n<=16,sr<=70%,kvB<=1k,kp<=8k,0.5463,2
32,n<=16,sr<=70%,kvB<=1k,kp=0,0.3455,2
32,n<=16,sr<=70%,kvB<=4k,kp<=16k,0.1625,2
32,n<=16,sr<=70%,kvB<=4k,kp<=1k,0.1757,2
32,n<=16,sr<=70%,kvB<=4k,kp<=2k,0.1954,2
32,n<=16,sr<=70%,kvB<=4k,kp<=32k,0.2205,2
32,n<=16,sr<=70%,kvB<=4k,kp<=4k,0.2036,2
32,n<=16,sr<=70%,kvB<=4k,kp<=512,0.1854,2
32,n<=16,sr<=70%,kvB<=4k,kp<=64k,0.1135,2
32,n<=16,sr<=70%,kvB<=4k,kp<=8k,0.133,2
32,n<=16,sr<=70%,kvB<=4k,kp=0,0.202,2
32,n<=16,sr<=70%,kvB<=64k,kp<=16k,0.1765,2
32,n<=16,sr<=70%,kvB<=64k,kp<=1k,0.175,2
32,n<=16,sr<=70%,kvB<=64k,kp<=2k,0.1776,2
32,n<=16,sr<=70%,kvB<=64k,kp<=32k,0.1764,2
32,n<=16,sr<=70%,kvB<=64k,kp<=4k,0.1737,2
32,n<=16,sr<=70%,kvB<=64k,kp<=512,0.1838,2
32,n<=16,sr<=70%,kvB<=64k,kp<=64k,0.1818,2
32,n<=16,sr<=70%,kvB<=64k,kp<=8k,0.1854,2
32,n<=16,sr<=70%,kvB<=64k,kp=0,0.1854,2
32,n<=16,sr>70%,kvB<=16k,kp<=16k,-0.0069,4
32,n<=16,sr>70%,kvB<=16k,kp<=1k,0.0164,4
32,n<=16,sr>70%,kvB<=16k,kp<=2k,0.0379,4
32,n<=16,sr>70%,kvB<=16k,kp<=32k,0.0332,4
32,n<=16,sr>70%,kvB<=16k,kp<=4k,0.0435,4
32,n<=16,sr>70%,kvB<=16k,kp<=512,0.0253,4
32,n<=16,sr>70%,kvB<=16k,kp<=64k,-0.0094,4
32,n<=16,sr>70%,kvB<=16k,kp<=8k,0.0738,4
32,n<=16,sr>70%,kvB<=16k,kp=0,0.0226,4
32,n<=16,sr>70%,kvB<=1k,kp<=16k,0.1876,4
32,n<=16,sr>70%,kvB<=1k,kp<=1k,0.3235,4
32,n<=16,sr>70%,kvB<=1k,kp<=2k,0.3235,4
32,n<=16,sr>70%,kvB<=1k,kp<=32k,0.0945,4
32,n<=16,sr>70%,kvB<=1k,kp<=4k,0.3447,4
32,n<=16,sr>70%,kvB<=1k,kp<=512,0.3832,4
32,n<=16,sr>70%,kvB<=1k,kp<=64k,0.1877,4
32,n<=16,sr>70%,kvB<=1k,kp<=8k,0.2063,4
32,n<=16,sr>70%,kvB<=1k,kp=0,0.3817,4
32,n<=16,sr>70%,kvB<=4k,kp<=16k,0.15,4
32,n<=16,sr>70%,kvB<=4k,kp<=1k,0.1069,4
32,n<=16,sr>70%,kvB<=4k,kp<=2k,0.1015,4
32,n<=16,sr>70%,kvB<=4k,kp<=32k,0.0174,4
32,n<=16,sr>70%,kvB<=4k,kp<=4k,0.135,4
32,n<=16,sr>70%,kvB<=4k,kp<=512,0.0418,4
32,n<=16,sr>70%,kvB<=4k,kp<=64k,-0.0932,4
32,n<=16,sr>70%,kvB<=4k,kp<=8k,0.0374,4
32,n<=16,sr>70%,kvB<=4k,kp=0,0.1112,4
32,n<=16,sr>70%,kvB<=64k,kp<=16k,0.044,4
32,n<=16,sr>70%,kvB<=64k,kp<=1k,0.0349,4
32,n<=16,sr>70%,kvB<=64k,kp<=2k,0.054,4
32,n<=16,sr>70%,kvB<=64k,kp<=32k,0.0243,4
32,n<=16,sr>70%,kvB<=64k,kp<=4k,0.0343,4
32,n<=16,sr>70%,kvB<=64k,kp<=512,0.0501,4
32,n<=16,sr>70%,kvB<=64k,kp<=64k,0.0381,4
32,n<=16,sr>70%,kvB<=64k,kp<=8k,0.05,4
32,n<=16,sr>70%,kvB<=64k,kp=0,0.0477,4
32,n<=2,sr<=70%,kvB<=16k,kp<=16k,0.0784,2
32,n<=2,sr<=70%,kvB<=16k,kp<=1k,0.1727,2
32,n<=2,sr<=70%,kvB<=16k,kp<=2k,0.1742,2
32,n<=2,sr<=70%,kvB<=16k,kp<=32k,0.0613,2
32,n<=2,sr<=70%,kvB<=16k,kp<=4k,0.1737,2
32,n<=2,sr<=70%,kvB<=16k,kp<=512,0.1616,2
32,n<=2,sr<=70%,kvB<=16k,kp<=64k,0.1627,2
32,n<=2,sr<=70%,kvB<=16k,kp<=8k,0.127,2
32,n<=2,sr<=70%,kvB<=16k,kp=0,0.1666,2
32,n<=2,sr<=70%,kvB<=1k,kp<=16k,1.3966,1
32,n<=2,sr<=70%,kvB<=1k,kp<=1k,0.5265,2
32,n<=2,sr<=70%,kvB<=1k,kp<=2k,-1.0738,2
32,n<=2,sr<=70%,kvB<=1k,kp<=32k,0.659,2
32,n<=2,sr<=70%,kvB<=1k,kp<=4k,0.3433,2
32,n<=2,sr<=70%,kvB<=1k,kp<=512,0.5014,2
32,n<=2,sr<=70%,kvB<=1k,kp<=8k,0.378,1
32,n<=2,sr<=70%,kvB<=1k,kp=0,0.5836,2
32,n<=2,sr<=70%,kvB<=4k,kp<=16k,-2.6294,2
32,n<=2,sr<=70%,kvB<=4k,kp<=1k,0.4762,2
32,n<=2,sr<=70%,kvB<=4k,kp<=2k,0.5927,2
32,n<=2,sr<=70%,kvB<=4k,kp<=32k,-0.3303,2
32,n<=2,sr<=70%,kvB<=4k,kp<=4k,-0.1063,2
32,n<=2,sr<=70%,kvB<=4k,kp<=512,0.4923,2
32,n<=2,sr<=70%,kvB<=4k,kp<=64k,-0.1071,2
32,n<=2,sr<=70%,kvB<=4k,kp<=8k,0.0594,2
32,n<=2,sr<=70%,kvB<=4k,kp=0,0.5725,2
32,n<=2,sr<=70%,kvB<=64k,kp<=16k,0.1135,2
32,n<=2,sr<=70%,kvB<=64k,kp<=1k,0.1122,2
32,n<=2,sr<=70%,kvB<=64k,kp<=2k,0.1044,2
32,n<=2,sr<=70%,kvB<=64k,kp<=32k,0.0966,2
32,n<=2,sr<=70%,kvB<=64k,kp<=4k,0.0868,2
32,n<=2,sr<=70%,kvB<=64k,kp<=512,0.0929,2
32,n<=2,sr<=70%,kvB<=64k,kp<=64k,0.1013,2
32,n<=2,sr<=70%,kvB<=64k,kp<=8k,0.102,2
32,n<=2,sr<=70%,kvB<=64k,kp=0,0.1006,2
32,n<=32,sr<=15%,kvB<=16k,kp<=16k,0.1743,6
32,n<=32,sr<=15%,kvB<=16k,kp<=1k,0.1769,6
32,n<=32,sr<=15%,kvB<=16k,kp<=2k,0.181,6
32,n<=32,sr<=15%,kvB<=16k,kp<=32k,0.1769,6
32,n<=32,sr<=15%,kvB<=16k,kp<=4k,0.1754,6
32,n<=32,sr<=15%,kvB<=16k,kp<=512,0.1816,6
32,n<=32,sr<=15%,kvB<=16k,kp<=64k,0.1822,6
32,n<=32,sr<=15%,kvB<=16k,kp<=8k,0.1689,6
32,n<=32,sr<=15%,kvB<=16k,kp=0,0.1793,6
32,n<=32,sr<=15%,kvB<=1k,kp<=16k,0.1513,6
32,n<=32,sr<=15%,kvB<=1k,kp<=1k,0.2132,6
32,n<=32,sr<=15%,kvB<=1k,kp<=2k,0.2075,6
32,n<=32,sr<=15%,kvB<=1k,kp<=32k,0.159,6
32,n<=32,sr<=15%,kvB<=1k,kp<=4k,0.1998,6
32,n<=32,sr<=15%,kvB<=1k,kp<=512,0.2106,6
32,n<=32,sr<=15%,kvB<=1k,kp<=64k,0.1414,6
32,n<=32,sr<=15%,kvB<=1k,kp<=8k,0.2763,6
32,n<=32,sr<=15%,kvB<=1k,kp=0,0.2092,6
32,n<=32,sr<=15%,kvB<=4k,kp<=16k,0.1754,6
32,n<=32,sr<=15%,kvB<=4k,kp<=1k,0.1979,6
32,n<=32,sr<=15%,kvB<=4k,kp<=2k,0.199,6
32,n<=32,sr<=15%,kvB<=4k,kp<=32k,0.1771,6
32,n<=32,sr<=15%,kvB<=4k,kp<=4k,0.1921,6
32,n<=32,sr<=15%,kvB<=4k,kp<=512,0.2014,6
32,n<=32,sr<=15%,kvB<=4k,kp<=64k,0.188,6
32,n<=32,sr<=15%,kvB<=4k,kp<=8k,0.1805,6
32,n<=32,sr<=15%,kvB<=4k,kp=0,0.195,6
32,n<=32,sr<=15%,kvB<=64k,kp<=16k,0.1727,6
32,n<=32,sr<=15%,kvB<=64k,kp<=1k,0.1759,6
32,n<=32,sr<=15%,kvB<=64k,kp<=2k,0.1744,6
32,n<=32,sr<=15%,kvB<=64k,kp<=32k,0.1741,6
32,n<=32,sr<=15%,kvB<=64k,kp<=4k,0.1797,6
32,n<=32,sr<=15%,kvB<=64k,kp<=512,0.1769,6
32,n<=32,sr<=15%,kvB<=64k,kp<=64k,0.174,6
32,n<=32,sr<=15%,kvB<=64k,kp<=8k,0.1745,6
32,n<=32,sr<=15%,kvB<=64k,kp=0,0.1738,6
32,n<=32,sr<=40%,kvB<=16k,kp<=16k,0.0792,2
32,n<=32,sr<=40%,kvB<=16k,kp<=1k,0.0813,2
32,n<=32,sr<=40%,kvB<=16k,kp<=2k,0.08,2
32,n<=32,sr<=40%,kvB<=16k,kp<=32k,0.0757,2
32,n<=32,sr<=40%,kvB<=16k,kp<=4k,0.0742,2
32,n<=32,sr<=40%,kvB<=16k,kp<=512,0.0852,2
32,n<=32,sr<=40%,kvB<=16k,kp<=64k,0.0783,2
32,n<=32,sr<=40%,kvB<=16k,kp<=8k,0.0654,2
32,n<=32,sr<=40%,kvB<=16k,kp=0,0.0799,2
32,n<=32,sr<=40%,kvB<=1k,kp<=16k,0.1713,2
32,n<=32,sr<=40%,kvB<=1k,kp<=1k,0.1861,2
32,n<=32,sr<=40%,kvB<=1k,kp<=2k,0.2308,2
32,n<=32,sr<=40%,kvB<=1k,kp<=32k,0.1755,2
32,n<=32,sr<=40%,kvB<=1k,kp<=4k,0.2597,2
32,n<=32,sr<=40%,kvB<=1k,kp<=512,0.2194,2
32,n<=32,sr<=40%,kvB<=1k,kp<=64k,0.1371,2
32,n<=32,sr<=40%,kvB<=1k,kp<=8k,0.2479,2
32,n<=32,sr<=40%,kvB<=1k,kp=0,0.2161,2
32,n<=32,sr<=40%,kvB<=4k,kp<=16k,0.0839,2
32,n<=32,sr<=40%,kvB<=4k,kp<=1k,0.1052,2
32,n<=32,sr<=40%,kvB<=4k,kp<=2k,0.0802,2
32,n<=32,sr<=40%,kvB<=4k,kp<=32k,0.0639,2
32,n<=32,sr<=40%,kvB<=4k,kp<=4k,0.0995,2
32,n<=32,sr<=40%,kvB<=4k,kp<=512,0.0857,2
32,n<=32,sr<=40%,kvB<=4k,kp<=64k,0.0943,2
32,n<=32,sr<=40%,kvB<=4k,kp<=8k,0.1168,2
32,n<=32,sr<=40%,kvB<=4k,kp=0,0.0933,2
32,n<=32,sr<=40%,kvB<=64k,kp<=16k,0.0815,2
32,n<=32,sr<=40%,kvB<=64k,kp<=1k,0.0704,2
32,n<=32,sr<=40%,kvB<=64k,kp<=2k,0.0703,2
32,n<=32,sr<=40%,kvB<=64k,kp<=32k,0.0728,2
32,n<=32,sr<=40%,kvB<=64k,kp<=4k,0.0752,2
32,n<=32,sr<=40%,kvB<=64k,kp<=512,0.07,2
32,n<=32,sr<=40%,kvB<=64k,kp<=64k,0.0756,2
32,n<=32,sr<=40%,kvB<=64k,kp<=8k,0.0696,2
32,n<=32,sr<=40%,kvB<=64k,kp=0,0.0722,2
32,n<=32,sr<=5%,kvB<=16k,kp<=16k,0.2156,2
32,n<=32,sr<=5%,kvB<=16k,kp<=1k,0.2211,2
32,n<=32,sr<=5%,kvB<=16k,kp<=2k,0.2184,2
32,n<=32,sr<=5%,kvB<=16k,kp<=32k,0.2125,2
32,n<=32,sr<=5%,kvB<=16k,kp<=4k,0.2154,2
32,n<=32,sr<=5%,kvB<=16k,kp<=512,0.2195,2
32,n<=32,sr<=5%,kvB<=16k,kp<=64k,0.2271,2
32,n<=32,sr<=5%,kvB<=16k,kp<=8k,0.2175,2
32,n<=32,sr<=5%,kvB<=16k,kp=0,0.2198,2
32,n<=32,sr<=5%,kvB<=1k,kp<=16k,0.2282,2
32,n<=32,sr<=5%,kvB<=1k,kp<=1k,0.1989,2
32,n<=32,sr<=5%,kvB<=1k,kp<=2k,0.2215,2
32,n<=32,sr<=5%,kvB<=1k,kp<=32k,0.2217,2
32,n<=32,sr<=5%,kvB<=1k,kp<=4k,0.1999,2
32,n<=32,sr<=5%,kvB<=1k,kp<=512,0.2229,2
32,n<=32,sr<=5%,kvB<=1k,kp<=64k,0.2872,2
32,n<=32,sr<=5%,kvB<=1k,kp<=8k,0.2861,2
32,n<=32,sr<=5%,kvB<=1k,kp=0,0.2062,2
32,n<=32,sr<=5%,kvB<=4k,kp<=16k,0.2303,2
32,n<=32,sr<=5%,kvB<=4k,kp<=1k,0.2228,2
32,n<=32,sr<=5%,kvB<=4k,kp<=2k,0.2238,2
32,n<=32,sr<=5%,kvB<=4k,kp<=32k,0.2163,2
32,n<=32,sr<=5%,kvB<=4k,kp<=4k,0.2209,2
32,n<=32,sr<=5%,kvB<=4k,kp<=512,0.2194,2
32,n<=32,sr<=5%,kvB<=4k,kp<=64k,0.2007,2
32,n<=32,sr<=5%,kvB<=4k,kp<=8k,0.225,2
32,n<=32,sr<=5%,kvB<=4k,kp=0,0.2285,2
32,n<=32,sr<=5%,kvB<=64k,kp<=16k,0.2144,2
32,n<=32,sr<=5%,kvB<=64k,kp<=1k,0.2111,2
32,n<=32,sr<=5%,kvB<=64k,kp<=2k,0.2156,2
32,n<=32,sr<=5%,kvB<=64k,kp<=32k,0.2171,2
32,n<=32,sr<=5%,kvB<=64k,kp<=4k,0.2185,2
32,n<=32,sr<=5%,kvB<=64k,kp<=512,0.2139,2
32,n<=32,sr<=5%,kvB<=64k,kp<=64k,0.2182,2
32,n<=32,sr<=5%,kvB<=64k,kp<=8k,0.2137,2
32,n<=32,sr<=5%,kvB<=64k,kp=0,0.2106,2
32,n<=32,sr<=70%,kvB<=16k,kp<=16k,-0.0272,2
32,n<=32,sr<=70%,kvB<=16k,kp<=1k,-0.0028,2
32,n<=32,sr<=70%,kvB<=16k,kp<=2k,0.0053,2
32,n<=32,sr<=70%,kvB<=16k,kp<=32k,0.003,2
32,n<=32,sr<=70%,kvB<=16k,kp<=4k,0.0009,2
32,n<=32,sr<=70%,kvB<=16k,kp<=512,-0.0073,2
32,n<=32,sr<=70%,kvB<=16k,kp<=64k,0.0136,2
32,n<=32,sr<=70%,kvB<=16k,kp<=8k,0.0308,2
32,n<=32,sr<=70%,kvB<=16k,kp=0,0.0011,2
32,n<=32,sr<=70%,kvB<=1k,kp<=16k,0.1875,2
32,n<=32,sr<=70%,kvB<=1k,kp<=1k,0.1769,2
32,n<=32,sr<=70%,kvB<=1k,kp<=2k,0.1587,2
32,n<=32,sr<=70%,kvB<=1k,kp<=32k,-0.1733,2
32,n<=32,sr<=70%,kvB<=1k,kp<=4k,0.2187,2
32,n<=32,sr<=70%,kvB<=1k,kp<=512,0.1747,2
32,n<=32,sr<=70%,kvB<=1k,kp<=64k,-0.157,2
32,n<=32,sr<=70%,kvB<=1k,kp<=8k,0.0868,2
32,n<=32,sr<=70%,kvB<=1k,kp=0,0.1786,2
32,n<=32,sr<=70%,kvB<=4k,kp<=16k,0.0064,2
32,n<=32,sr<=70%,kvB<=4k,kp<=1k,0.028,2
32,n<=32,sr<=70%,kvB<=4k,kp<=2k,0.0181,2
32,n<=32,sr<=70%,kvB<=4k,kp<=32k,0.0154,2
32,n<=32,sr<=70%,kvB<=4k,kp<=4k,0.0059,2
32,n<=32,sr<=70%,kvB<=4k,kp<=512,0.0084,2
32,n<=32,sr<=70%,kvB<=4k,kp<=64k,-0.0073,2
32,n<=32,sr<=70%,kvB<=4k,kp<=8k,-0.1547,2
32,n<=32,sr<=70%,kvB<=4k,kp=0,0.0411,2
32,n<=32,sr<=70%,kvB<=64k,kp<=16k,0.0001,2
32,n<=32,sr<=70%,kvB<=64k,kp<=1k,-0.0093,2
32,n<=32,sr<=70%,kvB<=64k,kp<=2k,-0.0144,2
32,n<=32,sr<=70%,kvB<=64k,kp<=32k,-0.0005,2
32,n<=32,sr<=70%,kvB<=64k,kp<=4k,-0.0051,2
32,n<=32,sr<=70%,kvB<=64k,kp<=512,-0.0044,2
32,n<=32,sr<=70%,kvB<=64k,kp<=64k,0.0002,2
32,n<=32,sr<=70%,kvB<=64k,kp<=8k,-0.0106,2
32,n<=32,sr<=70%,kvB<=64k,kp=0,0.002,2
32,n<=32,sr>70%,kvB<=16k,kp<=16k,0.2618,4
32,n<=32,sr>70%,kvB<=16k,kp<=1k,0.2585,4
32,n<=32,sr>70%,kvB<=16k,kp<=2k,0.2097,4
32,n<=32,sr>70%,kvB<=16k,kp<=32k,0.3201,4
32,n<=32,sr>70%,kvB<=16k,kp<=4k,0.2914,4
32,n<=32,sr>70%,kvB<=16k,kp<=512,0.2397,4
32,n<=32,sr>70%,kvB<=16k,kp<=64k,0.3344,4
32,n<=32,sr>70%,kvB<=16k,kp<=8k,0.3038,4
32,n<=32,sr>70%,kvB<=16k,kp=0,0.263,4
32,n<=32,sr>70%,kvB<=1k,kp<=16k,0.4784,4
32,n<=32,sr>70%,kvB<=1k,kp<=1k,0.5804,4
32,n<=32,sr>70%,kvB<=1k,kp<=2k,0.6059,4
32,n<=32,sr>70%,kvB<=1k,kp<=32k,0.3645,4
32,n<=32,sr>70%,kvB<=1k,kp<=4k,0.6732,4
32,n<=32,sr>70%,kvB<=1k,kp<=512,0.6086,4
32,n<=32,sr>70%,kvB<=1k,kp<=64k,0.3877,4
32,n<=32,sr>70%,kvB<=1k,kp<=8k,0.6615,4
32,n<=32,sr>70%,kvB<=1k,kp=0,0.6418,4
32,n<=32,sr>70%,kvB<=4k,kp<=16k,0.3794,4
32,n<=32,sr>70%,kvB<=4k,kp<=1k,0.3271,4
32,n<=32,sr>70%,kvB<=4k,kp<=2k,0.312,4
32,n<=32,sr>70%,kvB<=4k,kp<=32k,0.3051,4
32,n<=32,sr>70%,kvB<=4k,kp<=4k,0.3455,4
32,n<=32,sr>70%,kvB<=4k,kp<=512,0.3133,4
32,n<=32,sr>70%,kvB<=4k,kp<=64k,0.4222,4
32,n<=32,sr>70%,kvB<=4k,kp<=8k,0.289,4
32,n<=32,sr>70%,kvB<=4k,kp=0,0.3247,4
32,n<=32,sr>70%,kvB<=64k,kp<=16k,0.2834,4
32,n<=32,sr>70%,kvB<=64k,kp<=1k,0.2604,4
32,n<=32,sr>70%,kvB<=64k,kp<=2k,0.2758,4
32,n<=32,sr>70%,kvB<=64k,kp<=32k,0.282,4
32,n<=32,sr>70%,kvB<=64k,kp<=4k,0.2371,4
32,n<=32,sr>70%,kvB<=64k,kp<=512,0.238,4
32,n<=32,sr>70%,kvB<=64k,kp<=64k,0.3332,4
32,n<=32,sr>70%,kvB<=64k,kp<=8k,0.2858,4
32,n<=32,sr>70%,kvB<=64k,kp=0,0.2415,4
32,n<=4,sr<=40%,kvB<=16k,kp<=16k,0.3042,2
32,n<=4,sr<=40%,kvB<=16k,kp<=1k,0.3486,2
32,n<=4,sr<=40%,kvB<=16k,kp<=2k,0.3583,2
32,n<=4,sr<=40%,kvB<=16k,kp<=32k,0.3176,2
32,n<=4,sr<=40%,kvB<=16k,kp<=4k,0.3434,2
32,n<=4,sr<=40%,kvB<=16k,kp<=512,0.3398,2
32,n<=4,sr<=40%,kvB<=16k,kp<=64k,0.4078,2
32,n<=4,sr<=40%,kvB<=16k,kp<=8k,0.3518,2
32,n<=4,sr<=40%,kvB<=16k,kp=0,0.3415,2
32,n<=4,sr<=40%,kvB<=1k,kp<=16k,-0.222,2
32,n<=4,sr<=40%,kvB<=1k,kp<=1k,0.3991,1
32,n<=4,sr<=40%,kvB<=1k,kp<=2k,0.4533,2
32,n<=4,sr<=40%,kvB<=1k,kp<=32k,0.1456,2
32,n<=4,sr<=40%,kvB<=1k,kp<=4k,0.2872,2
32,n<=4,sr<=40%,kvB<=1k,kp<=512,0.6063,2
32,n<=4,sr<=40%,kvB<=1k,kp<=64k,0.3184,1
32,n<=4,sr<=40%,kvB<=1k,kp<=8k,0.9607,1
32,n<=4,sr<=40%,kvB<=1k,kp=0,0.6793,2
32,n<=4,sr<=40%,kvB<=4k,kp<=16k,0.0192,2
32,n<=4,sr<=40%,kvB<=4k,kp<=1k,0.3816,2
32,n<=4,sr<=40%,kvB<=4k,kp<=2k,0.3966,2
32,n<=4,sr<=40%,kvB<=4k,kp<=32k,0.0261,2
32,n<=4,sr<=40%,kvB<=4k,kp<=4k,0.4038,2
32,n<=4,sr<=40%,kvB<=4k,kp<=512,0.4384,2
32,n<=4,sr<=40%,kvB<=4k,kp<=64k,-0.3641,2
32,n<=4,sr<=40%,kvB<=4k,kp<=8k,-0.0431,2
32,n<=4,sr<=40%,kvB<=4k,kp=0,0.4079,2
32,n<=4,sr<=40%,kvB<=64k,kp<=16k,0.355,2
32,n<=4,sr<=40%,kvB<=64k,kp<=1k,0.3425,2
32,n<=4,sr<=40%,kvB<=64k,kp<=2k,0.3418,2
32,n<=4,sr<=40%,kvB<=64k,kp<=32k,0.3272,2
32,n<=4,sr<=40%,kvB<=64k,kp<=4k,0.3423,2
32,n<=4,sr<=40%,kvB<=64k,kp<=512,0.3424,2
32,n<=4,sr<=40%,kvB<=64k,kp<=64k,0.3476,2
32,n<=4,sr<=40%,kvB<=64k,kp<=8k,0.3568,2
32,n<=4,sr<=40%,kvB<=64k,kp=0,0.338,2
32,n<=4,sr<=70%,kvB<=16k,kp<=16k,0.1543,2
32,n<=4,sr<=70%,kvB<=16k,kp<=1k,0.2057,2
32,n<=4,sr<=70%,kvB<=16k,kp<=2k,0.1876,2
32,n<=4,sr<=70%,kvB<=16k,kp<=32k,0.2456,2
32,n<=4,sr<=70%,kvB<=16k,kp<=4k,0.17,2
32,n<=4,sr<=70%,kvB<=16k,kp<=512,0.173,2
32,n<=4,sr<=70%,kvB<=16k,kp<=64k,0.2804,2
32,n<=4,sr<=70%,kvB<=16k,kp<=8k,0.1186,2
32,n<=4,sr<=70%,kvB<=16k,kp=0,0.222,2
32,n<=4,sr<=70%,kvB<=1k,kp<=16k,0.1915,1
32,n<=4,sr<=70%,kvB<=1k,kp<=1k,0.321,2
32,n<=4,sr<=70%,kvB<=1k,kp<=2k,0.3834,2
32,n<=4,sr<=70%,kvB<=1k,kp<=32k,-0.2399,2
32,n<=4,sr<=70%,kvB<=1k,kp<=4k,0.385,2
32,n<=4,sr<=70%,kvB<=1k,kp<=512,0.6392,2
32,n<=4,sr<=70%,kvB<=1k,kp<=64k,-0.4563,2
32,n<=4,sr<=70%,kvB<=1k,kp<=8k,0.5274,2
32,n<=4,sr<=70%,kvB<=1k,kp=0,0.5958,2
32,n<=4,sr<=70%,kvB<=4k,kp<=16k,-0.3942,2
32,n<=4,sr<=70%,kvB<=4k,kp<=1k,0.3856,2
32,n<=4,sr<=70%,kvB<=4k,kp<=2k,0.3463,2
32,n<=4,sr<=70%,kvB<=4k,kp<=32k,-0.3754,2
32,n<=4,sr<=70%,kvB<=4k,kp<=4k,0.3573,2
32,n<=4,sr<=70%,kvB<=4k,kp<=512,0.4,2
32,n<=4,sr<=70%,kvB<=4k,kp<=64k,-0.4273,2
32,n<=4,sr<=70%,kvB<=4k,kp<=8k,0.1846,2
32,n<=4,sr<=70%,kvB<=4k,kp=0,0.2931,2
32,n<=4,sr<=70%,kvB<=64k,kp<=16k,0.1614,2
32,n<=4,sr<=70%,kvB<=64k,kp<=1k,0.1755,2
32,n<=4,sr<=70%,kvB<=64k,kp<=2k,0.1802,2
32,n<=4,sr<=70%,kvB<=64k,kp<=32k,0.1827,2
32,n<=4,sr<=70%,kvB<=64k,kp<=4k,0.1753,2
32,n<=4,sr<=70%,kvB<=64k,kp<=512,0.1749,2
32,n<=4,sr<=70%,kvB<=64k,kp<=64k,0.1601,2
32,n<=4,sr<=70%,kvB<=64k,kp<=8k,0.1826,2
32,n<=4,sr<=70%,kvB<=64k,kp=0,0.1771,2
32,n<=4,sr>70%,kvB<=16k,kp<=16k,-0.2159,2
32,n<=4,sr>70%,kvB<=16k,kp<=1k,0.1284,2
32,n<=4,sr>70%,kvB<=16k,kp<=2k,0.099,2
32,n<=4,sr>70%,kvB<=16k,kp<=32k,-0.0016,2
32,n<=4,sr>70%,kvB<=16k,kp<=4k,-0.0027,2
32,n<=4,sr>70%,kvB<=16k,kp<=512,0.1405,2
32,n<=4,sr>70%,kvB<=16k,kp<=64k,0.3163,2
32,n<=4,sr>70%,kvB<=16k,kp<=8k,-0.017,2
32,n<=4,sr>70%,kvB<=16k,kp=0,0.1196,2
32,n<=4,sr>70%,kvB<=1k,kp<=16k,-0.332,2
32,n<=4,sr>70%,kvB<=1k,kp<=1k,0.5918,2
32,n<=4,sr>70%,kvB<=1k,kp<=2k,0.2936,2
32,n<=4,sr>70%,kvB<=1k,kp<=32k,0.0494,1
32,n<=4,sr>70%,kvB<=1k,kp<=4k,0.7605,2
32,n<=4,sr>70%,kvB<=1k,kp<=512,0.6435,2
32,n<=4,sr>70%,kvB<=1k,kp<=64k,0.5488,2
32,n<=4,sr>70%,kvB<=1k,kp<=8k,0.8253,2
32,n<=4,sr>70%,kvB<=1k,kp=0,0.7379,2
32,n<=4,sr>70%,kvB<=4k,kp<=16k,-0.6256,2
32,n<=4,sr>70%,kvB<=4k,kp<=1k,0.359,2
32,n<=4,sr>70%,kvB<=4k,kp<=2k,0.4615,2
32,n<=4,sr>70%,kvB<=4k,kp<=32k,-0.078,2
32,n<=4,sr>70%,kvB<=4k,kp<=4k,0.3628,2
32,n<=4,sr>70%,kvB<=4k,kp<=512,0.296,2
32,n<=4,sr>70%,kvB<=4k,kp<=64k,-2.19,1
32,n<=4,sr>70%,kvB<=4k,kp<=8k,-4.5224,1
32,n<=4,sr>70%,kvB<=4k,kp=0,0.4552,2
32,n<=4,sr>70%,kvB<=64k,kp<=16k,-0.0234,2
32,n<=4,sr>70%,kvB<=64k,kp<=1k,0.0283,2
32,n<=4,sr>70%,kvB<=64k,kp<=2k,0.0455,2
32,n<=4,sr>70%,kvB<=64k,kp<=32k,0.0712,2
32,n<=4,sr>70%,kvB<=64k,kp<=4k,0.0288,2
32,n<=4,sr>70%,kvB<=64k,kp<=512,0.04,2
32,n<=4,sr>70%,kvB<=64k,kp<=64k,0.0552,2
32,n<=4,sr>70%,kvB<=64k,kp<=8k,0.0528,2
32,n<=4,sr>70%,kvB<=64k,kp=0,0.0458,2
32,n<=64,sr<=15%,kvB<=16k,kp<=16k,0.0051,4
32,n<=64,sr<=15%,kvB<=16k,kp<=1k,0.0029,4
32,n<=64,sr<=15%,kvB<=16k,kp<=2k,0.0043,4
32,n<=64,sr<=15%,kvB<=16k,kp<=32k,-0.0042,4
32,n<=64,sr<=15%,kvB<=16k,kp<=4k,0.005,4
32,n<=64,sr<=15%,kvB<=16k,kp<=512,0.0023,4
32,n<=64,sr<=15%,kvB<=16k,kp<=64k,-0.004,4
32,n<=64,sr<=15%,kvB<=16k,kp<=8k,-0.0026,4
32,n<=64,sr<=15%,kvB<=16k,kp=0,0.0048,4
32,n<=64,sr<=15%,kvB<=1k,kp<=16k,0.0287,4
32,n<=64,sr<=15%,kvB<=1k,kp<=1k,0.0361,4
32,n<=64,sr<=15%,kvB<=1k,kp<=2k,0.0474,4
32,n<=64,sr<=15%,kvB<=1k,kp<=32k,0.0037,4
32,n<=64,sr<=15%,kvB<=1k,kp<=4k,0.0396,4
32,n<=64,sr<=15%,kvB<=1k,kp<=512,0.0383,4
32,n<=64,sr<=15%,kvB<=1k,kp<=64k,0.003,4
32,n<=64,sr<=15%,kvB<=1k,kp<=8k,0.0615,4
32,n<=64,sr<=15%,kvB<=1k,kp=0,0.0381,4
32,n<=64,sr<=15%,kvB<=4k,kp<=16k,0.009,4
32,n<=64,sr<=15%,kvB<=4k,kp<=1k,0.0184,4
32,n<=64,sr<=15%,kvB<=4k,kp<=2k,0.0118,4
32,n<=64,sr<=15%,kvB<=4k,kp<=32k,-0.0019,4
32,n<=64,sr<=15%,kvB<=4k,kp<=4k,0.018,4
32,n<=64,sr<=15%,kvB<=4k,kp<=512,0.0172,4
32,n<=64,sr<=15%,kvB<=4k,kp<=64k,0.0045,4
32,n<=64,sr<=15%,kvB<=4k,kp<=8k,-0.0015,4
32,n<=64,sr<=15%,kvB<=4k,kp=0,0.0134,4
32,n<=64,sr<=15%,kvB<=64k,kp<=16k,0.0025,4
32,n<=64,sr<=15%,kvB<=64k,kp<=1k,0.0034,4
32,n<=64,sr<=15%,kvB<=64k,kp<=2k,0.0035,4
32,n<=64,sr<=15%,kvB<=64k,kp<=32k,0.0056,4
32,n<=64,sr<=15%,kvB<=64k,kp<=4k,0.0008,4
32,n<=64,sr<=15%,kvB<=64k,kp<=512,0.005,4
32,n<=64,sr<=15%,kvB<=64k,kp<=64k,-0.0028,4
32,n<=64,sr<=15%,kvB<=64k,kp<=8k,0.0028,4
32,n<=64,sr<=15%,kvB<=64k,kp=0,0.0042,4
32,n<=64,sr<=40%,kvB<=16k,kp<=16k,0.003,2
32,n<=64,sr<=40%,kvB<=16k,kp<=1k,-0.0002,2
32,n<=64,sr<=40%,kvB<=16k,kp<=2k,0.0094,2
32,n<=64,sr<=40%,kvB<=16k,kp<=32k,-0.0122,2
32,n<=64,sr<=40%,kvB<=16k,kp<=4k,-0.0029,2
32,n<=64,sr<=40%,kvB<=16k,kp<=512,0.0061,2
32,n<=64,sr<=40%,kvB<=16k,kp<=64k,-0.0109,2
32,n<=64,sr<=40%,kvB<=16k,kp<=8k,-0.0061,2
32,n<=64,sr<=40%,kvB<=16k,kp=0,0.0025,2
32,n<=64,sr<=40%,kvB<=1k,kp<=16k,0.0872,2
32,n<=64,sr<=40%,kvB<=1k,kp<=1k,0.1089,2
32,n<=64,sr<=40%,kvB<=1k,kp<=2k,0.1215,2
32,n<=64,sr<=40%,kvB<=1k,kp<=32k,0.142,2
32,n<=64,sr<=40%,kvB<=1k,kp<=4k,0.1225,2
32,n<=64,sr<=40%,kvB<=1k,kp<=512,0.1031,2
32,n<=64,sr<=40%,kvB<=1k,kp<=64k,0.1548,2
32,n<=64,sr<=40%,kvB<=1k,kp<=8k,0.156,2
32,n<=64,sr<=40%,kvB<=1k,kp=0,0.1313,2
32,n<=64,sr<=40%,kvB<=4k,kp<=16k,0.0011,2
32,n<=64,sr<=40%,kvB<=4k,kp<=1k,-0.0032,2
32,n<=64,sr<=40%,kvB<=4k,kp<=2k,-0.0005,2
32,n<=64,sr<=40%,kvB<=4k,kp<=32k,-0.0225,2
32,n<=64,sr<=40%,kvB<=4k,kp<=4k,-0.0028,2
32,n<=64,sr<=40%,kvB<=4k,kp<=512,0.0045,2
32,n<=64,sr<=40%,kvB<=4k,kp<=64k,-0.021,2
32,n<=64,sr<=40%,kvB<=4k,kp<=8k,-0.0047,2
32,n<=64,sr<=40%,kvB<=4k,kp=0,-0.002,2
32,n<=64,sr<=40%,kvB<=64k,kp<=16k,-0.0035,2
32,n<=64,sr<=40%,kvB<=64k,kp<=1k,-0.0001,2
32,n<=64,sr<=40%,kvB<=64k,kp<=2k,0.0028,2
32,n<=64,sr<=40%,kvB<=64k,kp<=32k,0.0062,2
32,n<=64,sr<=40%,kvB<=64k,kp<=4k,0.0078,2
32,n<=64,sr<=40%,kvB<=64k,kp<=512,0.0065,2
32,n<=64,sr<=40%,kvB<=64k,kp<=64k,-0.0027,2
32,n<=64,sr<=40%,kvB<=64k,kp<=8k,-0.0001,2
32,n<=64,sr<=40%,kvB<=64k,kp=0,0.0088,2
32,n<=64,sr<=5%,kvB<=16k,kp<=16k,0.0256,6
32,n<=64,sr<=5%,kvB<=16k,kp<=1k,0.027,6
32,n<=64,sr<=5%,kvB<=16k,kp<=2k,0.027,6
32,n<=64,sr<=5%,kvB<=16k,kp<=32k,0.0176,6
32,n<=64,sr<=5%,kvB<=16k,kp<=4k,0.024,6
32,n<=64,sr<=5%,kvB<=16k,kp<=512,0.0234,6
32,n<=64,sr<=5%,kvB<=16k,kp<=64k,0.0195,6
32,n<=64,sr<=5%,kvB<=16k,kp<=8k,0.0251,6
32,n<=64,sr<=5%,kvB<=16k,kp=0,0.0255,6
32,n<=64,sr<=5%,kvB<=1k,kp<=16k,-0.013,6
32,n<=64,sr<=5%,kvB<=1k,kp<=1k,0.0375,6
32,n<=64,sr<=5%,kvB<=1k,kp<=2k,0.0426,6
32,n<=64,sr<=5%,kvB<=1k,kp<=32k,-0.0173,6
32,n<=64,sr<=5%,kvB<=1k,kp<=4k,0.0305,6
32,n<=64,sr<=5%,kvB<=1k,kp<=512,0.0301,6
32,n<=64,sr<=5%,kvB<=1k,kp<=64k,-0.0218,6
32,n<=64,sr<=5%,kvB<=1k,kp<=8k,0.1371,6
32,n<=64,sr<=5%,kvB<=1k,kp=0,0.0283,6
32,n<=64,sr<=5%,kvB<=4k,kp<=16k,0.0073,6
32,n<=64,sr<=5%,kvB<=4k,kp<=1k,0.0154,6
32,n<=64,sr<=5%,kvB<=4k,kp<=2k,0.0168,6
32,n<=64,sr<=5%,kvB<=4k,kp<=32k,0.0037,6
32,n<=64,sr<=5%,kvB<=4k,kp<=4k,0.0163,6
32,n<=64,sr<=5%,kvB<=4k,kp<=512,0.0151,6
32,n<=64,sr<=5%,kvB<=4k,kp<=64k,-0.0004,6
32,n<=64,sr<=5%,kvB<=4k,kp<=8k,-0.0086,6
32,n<=64,sr<=5%,kvB<=4k,kp=0,0.0156,6
32,n<=64,sr<=5%,kvB<=64k,kp<=16k,0.0255,6
32,n<=64,sr<=5%,kvB<=64k,kp<=1k,0.0282,6
32,n<=64,sr<=5%,kvB<=64k,kp<=2k,0.0258,6
32,n<=64,sr<=5%,kvB<=64k,kp<=32k,0.0215,6
32,n<=64,sr<=5%,kvB<=64k,kp<=4k,0.0288,6
32,n<=64,sr<=5%,kvB<=64k,kp<=512,0.0283,6
32,n<=64,sr<=5%,kvB<=64k,kp<=64k,0.0203,6
32,n<=64,sr<=5%,kvB<=64k,kp<=8k,0.025,6
32,n<=64,sr<=5%,kvB<=64k,kp=0,0.0272,6
32,n<=64,sr<=70%,kvB<=16k,kp<=16k,-0.0299,2
32,n<=64,sr<=70%,kvB<=16k,kp<=1k,0.0037,2
32,n<=64,sr<=70%,kvB<=16k,kp<=2k,-0.0004,2
32,n<=64,sr<=70%,kvB<=16k,kp<=32k,-0.0645,2
32,n<=64,sr<=70%,kvB<=16k,kp<=4k,-0.0,2
32,n<=64,sr<=70%,kvB<=16k,kp<=512,-0.0126,2
32,n<=64,sr<=70%,kvB<=16k,kp<=64k,-0.041,2
32,n<=64,sr<=70%,kvB<=16k,kp<=8k,-0.0065,2
32,n<=64,sr<=70%,kvB<=16k,kp=0,0.0064,2
32,n<=64,sr<=70%,kvB<=1k,kp<=16k,-0.0475,2
32,n<=64,sr<=70%,kvB<=1k,kp<=1k,0.1053,2
32,n<=64,sr<=70%,kvB<=1k,kp<=2k,0.1118,2
32,n<=64,sr<=70%,kvB<=1k,kp<=32k,-0.1087,2
32,n<=64,sr<=70%,kvB<=1k,kp<=4k,0.1146,2
32,n<=64,sr<=70%,kvB<=1k,kp<=512,0.0889,2
32,n<=64,sr<=70%,kvB<=1k,kp<=64k,-0.057,2
32,n<=64,sr<=70%,kvB<=1k,kp<=8k,-0.0429,2
32,n<=64,sr<=70%,kvB<=1k,kp=0,0.0905,2
32,n<=64,sr<=70%,kvB<=4k,kp<=16k,-0.0435,2
32,n<=64,sr<=70%,kvB<=4k,kp<=1k,-0.0167,2
32,n<=64,sr<=70%,kvB<=4k,kp<=2k,-0.0269,2
32,n<=64,sr<=70%,kvB<=4k,kp<=32k,-0.0877,2
32,n<=64,sr<=70%,kvB<=4k,kp<=4k,-0.0188,2
32,n<=64,sr<=70%,kvB<=4k,kp<=512,-0.0252,2
32,n<=64,sr<=70%,kvB<=4k,kp<=64k,-0.0382,2
32,n<=64,sr<=70%,kvB<=4k,kp<=8k,-0.0434,2
32,n<=64,sr<=70%,kvB<=4k,kp=0,-0.0264,2
32,n<=64,sr<=70%,kvB<=64k,kp<=16k,-0.0364,2
32,n<=64,sr<=70%,kvB<=64k,kp<=1k,-0.0327,2
32,n<=64,sr<=70%,kvB<=64k,kp<=2k,-0.0348,2
32,n<=64,sr<=70%,kvB<=64k,kp<=32k,-0.0412,2
32,n<=64,sr<=70%,kvB<=64k,kp<=4k,-0.0249,2
32,n<=64,sr<=70%,kvB<=64k,kp<=512,-0.0345,2
32,n<=64,sr<=70%,kvB<=64k,kp<=64k,-0.0513,2
32,n<=64,sr<=70%,kvB<=64k,kp<=8k,-0.0457,2
32,n<=64,sr<=70%,kvB<=64k,kp=0,-0.035,2
32,n<=64,sr>70%,kvB<=16k,kp<=16k,-0.0264,4
32,n<=64,sr>70%,kvB<=16k,kp<=1k,0.003,4
32,n<=64,sr>70%,kvB<=16k,kp<=2k,-0.0098,4
32,n<=64,sr>70%,kvB<=16k,kp<=32k,-0.0137,4
32,n<=64,sr>70%,kvB<=16k,kp<=4k,0.0288,4
32,n<=64,sr>70%,kvB<=16k,kp<=512,0.0245,4
32,n<=64,sr>70%,kvB<=16k,kp<=64k,-0.0523,4
32,n<=64,sr>70%,kvB<=16k,kp<=8k,0.0069,4
32,n<=64,sr>70%,kvB<=16k,kp=0,0.0091,4
32,n<=64,sr>70%,kvB<=1k,kp<=16k,0.2604,4
32,n<=64,sr>70%,kvB<=1k,kp<=1k,0.3706,4
32,n<=64,sr>70%,kvB<=1k,kp<=2k,0.4146,4
32,n<=64,sr>70%,kvB<=1k,kp<=32k,0.362,4
32,n<=64,sr>70%,kvB<=1k,kp<=4k,0.3473,4
32,n<=64,sr>70%,kvB<=1k,kp<=512,0.3987,4
32,n<=64,sr>70%,kvB<=1k,kp<=64k,0.1747,4
32,n<=64,sr>70%,kvB<=1k,kp<=8k,0.1399,4
32,n<=64,sr>70%,kvB<=1k,kp=0,0.433,4
32,n<=64,sr>70%,kvB<=4k,kp<=16k,0.1011,4
32,n<=64,sr>70%,kvB<=4k,kp<=1k,0.0778,4
32,n<=64,sr>70%,kvB<=4k,kp<=2k,0.055,4
32,n<=64,sr>70%,kvB<=4k,kp<=32k,-0.022,4
32,n<=64,sr>70%,kvB<=4k,kp<=4k,0.0956,4
32,n<=64,sr>70%,kvB<=4k,kp<=512,0.0436,4
32,n<=64,sr>70%,kvB<=4k,kp<=64k,-0.0221,4
32,n<=64,sr>70%,kvB<=4k,kp<=8k,0.1169,4
32,n<=64,sr>70%,kvB<=4k,kp=0,0.0735,4
32,n<=64,sr>70%,kvB<=64k,kp<=16k,-0.0406,4
32,n<=64,sr>70%,kvB<=64k,kp<=1k,-0.0407,4
32,n<=64,sr>70%,kvB<=64k,kp<=2k,-0.0449,4
32,n<=64,sr>70%,kvB<=64k,kp<=32k,-0.0156,4
32,n<=64,sr>70%,kvB<=64k,kp<=4k,-0.0269,4
32,n<=64,sr>70%,kvB<=64k,kp<=512,-0.041,4
32,n<=64,sr>70%,kvB<=64k,kp<=64k,-0.0497,4
32,n<=64,sr>70%,kvB<=64k,kp<=8k,-0.033,4
32,n<=64,sr>70%,kvB<=64k,kp=0,-0.0182,4
32,n<=8,sr<=15%,kvB<=16k,kp<=16k,0.3886,2
32,n<=8,sr<=15%,kvB<=16k,kp<=1k,0.4173,2
32,n<=8,sr<=15%,kvB<=16k,kp<=2k,0.4102,2
32,n<=8,sr<=15%,kvB<=16k,kp<=32k,0.4021,2
32,n<=8,sr<=15%,kvB<=16k,kp<=4k,0.4126,2
32,n<=8,sr<=15%,kvB<=16k,kp<=512,0.4211,2
32,n<=8,sr<=15%,kvB<=16k,kp<=64k,0.4028,2
32,n<=8,sr<=15%,kvB<=16k,kp<=8k,0.4464,2
32,n<=8,sr<=15%,kvB<=16k,kp=0,0.4197,2
32,n<=8,sr<=15%,kvB<=1k,kp<=16k,0.0158,2
32,n<=8,sr<=15%,kvB<=1k,kp<=1k,0.4596,2
32,n<=8,sr<=15%,kvB<=1k,kp<=2k,0.4884,2
32,n<=8,sr<=15%,kvB<=1k,kp<=32k,-0.0119,2
32,n<=8,sr<=15%,kvB<=1k,kp<=4k,0.4953,2
32,n<=8,sr<=15%,kvB<=1k,kp<=512,0.4957,2
32,n<=8,sr<=15%,kvB<=1k,kp<=64k,0.18,2
32,n<=8,sr<=15%,kvB<=1k,kp<=8k,0.4712,2
32,n<=8,sr<=15%,kvB<=1k,kp=0,0.6281,2
32,n<=8,sr<=15%,kvB<=4k,kp<=16k,0.2781,2
32,n<=8,sr<=15%,kvB<=4k,kp<=1k,0.3962,2
32,n<=8,sr<=15%,kvB<=4k,kp<=2k,0.3891,2
32,n<=8,sr<=15%,kvB<=4k,kp<=32k,0.3175,2
32,n<=8,sr<=15%,kvB<=4k,kp<=4k,0.3863,2
32,n<=8,sr<=15%,kvB<=4k,kp<=512,0.4048,2
32,n<=8,sr<=15%,kvB<=4k,kp<=64k,0.2608,2
32,n<=8,sr<=15%,kvB<=4k,kp<=8k,0.3701,2
32,n<=8,sr<=15%,kvB<=4k,kp=0,0.3993,2
32,n<=8,sr<=15%,kvB<=64k,kp<=16k,0.4135,2
32,n<=8,sr<=15%,kvB<=64k,kp<=1k,0.4232,2
32,n<=8,sr<=15%,kvB<=64k,kp<=2k,0.4191,2
32,n<=8,sr<=15%,kvB<=64k,kp<=32k,0.418,2
32,n<=8,sr<=15%,kvB<=64k,kp<=4k,0.419,2
32,n<=8,sr<=15%,kvB<=64k,kp<=512,0.4211,2
32,n<=8,sr<=15%,kvB<=64k,kp<=64k,0.4211,2
32,n<=8,sr<=15%,kvB<=64k,kp<=8k,0.4009,2
32,n<=8,sr<=15%,kvB<=64k,kp=0,0.4184,2
32,n<=8,sr<=40%,kvB<=16k,kp<=16k,0.3061,4
32,n<=8,sr<=40%,kvB<=16k,kp<=1k,0.2988,4
32,n<=8,sr<=40%,kvB<=16k,kp<=2k,0.3091,4
32,n<=8,sr<=40%,kvB<=16k,kp<=32k,0.2902,4
32,n<=8,sr<=40%,kvB<=16k,kp<=4k,0.2985,4
32,n<=8,sr<=40%,kvB<=16k,kp<=512,0.3075,4
32,n<=8,sr<=40%,kvB<=16k,kp<=64k,0.2836,4
32,n<=8,sr<=40%,kvB<=16k,kp<=8k,0.2893,4
32,n<=8,sr<=40%,kvB<=16k,kp=0,0.3027,4
32,n<=8,sr<=40%,kvB<=1k,kp<=16k,-0.2021,4
32,n<=8,sr<=40%,kvB<=1k,kp<=1k,0.4454,4
32,n<=8,sr<=40%,kvB<=1k,kp<=2k,0.508,4
32,n<=8,sr<=40%,kvB<=1k,kp<=32k,0.1568,4
32,n<=8,sr<=40%,kvB<=1k,kp<=4k,0.4886,4
32,n<=8,sr<=40%,kvB<=1k,kp<=512,0.4595,4
32,n<=8,sr<=40%,kvB<=1k,kp<=64k,-0.2716,4
32,n<=8,sr<=40%,kvB<=1k,kp<=8k,0.6016,3
32,n<=8,sr<=40%,kvB<=1k,kp=0,0.5851,4
32,n<=8,sr<=40%,kvB<=4k,kp<=16k,0.113,4
32,n<=8,sr<=40%,kvB<=4k,kp<=1k,0.3271,4
32,n<=8,sr<=40%,kvB<=4k,kp<=2k,0.3304,4
32,n<=8,sr<=40%,kvB<=4k,kp<=32k,0.1774,4
32,n<=8,sr<=40%,kvB<=4k,kp<=4k,0.3163,4
32,n<=8,sr<=40%,kvB<=4k,kp<=512,0.3232,4
32,n<=8,sr<=40%,kvB<=4k,kp<=64k,0.0493,4
32,n<=8,sr<=40%,kvB<=4k,kp<=8k,0.1848,4
32,n<=8,sr<=40%,kvB<=4k,kp=0,0.309,4
32,n<=8,sr<=40%,kvB<=64k,kp<=16k,0.3096,4
32,n<=8,sr<=40%,kvB<=64k,kp<=1k,0.3125,4
32,n<=8,sr<=40%,kvB<=64k,kp<=2k,0.3077,4
32,n<=8,sr<=40%,kvB<=64k,kp<=32k,0.311,4
32,n<=8,sr<=40%,kvB<=64k,kp<=4k,0.3102,4
32,n<=8,sr<=40%,kvB<=64k,kp<=512,0.3124,4
32,n<=8,sr<=40%,kvB<=64k,kp<=64k,0.3116,4
32,n<=8,sr<=40%,kvB<=64k,kp<=8k,0.3073,4
32,n<=8,sr<=40%,kvB<=64k,kp=0,0.3109,4
32,n<=8,sr<=70%,kvB<=16k,kp<=16k,0.2046,2
32,n<=8,sr<=70%,kvB<=16k,kp<=1k,0.175,2
32,n<=8,sr<=70%,kvB<=16k,kp<=2k,0.1835,2
32,n<=8,sr<=70%,kvB<=16k,kp<=32k,0.153,2
32,n<=8,sr<=70%,kvB<=16k,kp<=4k,0.1817,2
32,n<=8,sr<=70%,kvB<=16k,kp<=512,0.2025,2
32,n<=8,sr<=70%,kvB<=16k,kp<=64k,0.2241,2
32,n<=8,sr<=70%,kvB<=16k,kp<=8k,0.1979,2
32,n<=8,sr<=70%,kvB<=16k,kp=0,0.1863,2
32,n<=8,sr<=70%,kvB<=1k,kp<=16k,-0.4385,2
32,n<=8,sr<=70%,kvB<=1k,kp<=1k,0.5881,2
32,n<=8,sr<=70%,kvB<=1k,kp<=2k,0.4643,2
32,n<=8,sr<=70%,kvB<=1k,kp<=32k,-0.6722,2
32,n<=8,sr<=70%,kvB<=1k,kp<=4k,0.5672,2
32,n<=8,sr<=70%,kvB<=1k,kp<=512,0.5252,2
32,n<=8,sr<=70%,kvB<=1k,kp<=64k,-0.2915,2
32,n<=8,sr<=70%,kvB<=1k,kp<=8k,1.586,1
32,n<=8,sr<=70%,kvB<=1k,kp=0,0.4784,2
32,n<=8,sr<=70%,kvB<=4k,kp<=16k,-0.0189,2
32,n<=8,sr<=70%,kvB<=4k,kp<=1k,0.2536,2
32,n<=8,sr<=70%,kvB<=4k,kp<=2k,0.2078,2
32,n<=8,sr<=70%,kvB<=4k,kp<=32k,0.0729,2
32,n<=8,sr<=70%,kvB<=4k,kp<=4k,0.2031,2
32,n<=8,sr<=70%,kvB<=4k,kp<=512,0.247,2
32,n<=8,sr<=70%,kvB<=4k,kp<=64k,-0.016,2
32,n<=8,sr<=70%,kvB<=4k,kp<=8k,0.11,2
32,n<=8,sr<=70%,kvB<=4k,kp=0,0.2828,2
32,n<=8,sr<=70%,kvB<=64k,kp<=16k,0.1701,2
32,n<=8,sr<=70%,kvB<=64k,kp<=1k,0.1816,2
32,n<=8,sr<=70%,kvB<=64k,kp<=2k,0.1837,2
32,n<=8,sr<=70%,kvB<=64k,kp<=32k,0.172,2
32,n<=8,sr<=70%,kvB<=64k,kp<=4k,0.1689,2
32,n<=8,sr<=70%,kvB<=64k,kp<=512,0.1862,2
32,n<=8,sr<=70%,kvB<=64k,kp<=64k,0.185,2
32,n<=8,sr<=70%,kvB<=64k,kp<=8k,0.1802,2
32,n<=8,sr<=70%,kvB<=64k,kp=0,0.1832,2
32,n<=8,sr>70%,kvB<=16k,kp<=16k,0.096,4
32,n<=8,sr>70%,kvB<=16k,kp<=1k,0.0938,4
32,n<=8,sr>70%,kvB<=16k,kp<=2k,0.0582,4
32,n<=8,sr>70%,kvB<=16k,kp<=32k,0.0192,4
32,n<=8,sr>70%,kvB<=16k,kp<=4k,0.0133,4
32,n<=8,sr>70%,kvB<=16k,kp<=512,0.0782,4
32,n<=8,sr>70%,kvB<=16k,kp<=64k,0.1846,4
32,n<=8,sr>70%,kvB<=16k,kp<=8k,0.0498,4
32,n<=8,sr>70%,kvB<=16k,kp=0,0.0601,4
32,n<=8,sr>70%,kvB<=1k,kp<=16k,-0.1923,3
32,n<=8,sr>70%,kvB<=1k,kp<=1k,0.6899,4
32,n<=8,sr>70%,kvB<=1k,kp<=2k,0.6248,4
32,n<=8,sr>70%,kvB<=1k,kp<=32k,-0.056,4
32,n<=8,sr>70%,kvB<=1k,kp<=4k,0.7742,4
32,n<=8,sr>70%,kvB<=1k,kp<=512,0.6458,4
32,n<=8,sr>70%,kvB<=1k,kp<=64k,0.0143,2
32,n<=8,sr>70%,kvB<=1k,kp<=8k,0.7261,3
32,n<=8,sr>70%,kvB<=1k,kp=0,0.6782,4
32,n<=8,sr>70%,kvB<=4k,kp<=16k,-0.0602,4
32,n<=8,sr>70%,kvB<=4k,kp<=1k,0.1784,4
32,n<=8,sr>70%,kvB<=4k,kp<=2k,0.1335,4
32,n<=8,sr>70%,kvB<=4k,kp<=32k,-0.447,4
32,n<=8,sr>70%,kvB<=4k,kp<=4k,0.2159,4
32,n<=8,sr>70%,kvB<=4k,kp<=512,0.2478,4
32,n<=8,sr>70%,kvB<=4k,kp<=64k,-0.0006,4
32,n<=8,sr>70%,kvB<=4k,kp<=8k,0.1389,2
32,n<=8,sr>70%,kvB<=4k,kp=0,0.2542,4
32,n<=8,sr>70%,kvB<=64k,kp<=16k,0.0251,4
32,n<=8,sr>70%,kvB<=64k,kp<=1k,0.0263,4
32,n<=8,sr>70%,kvB<=64k,kp<=2k,0.0226,4
32,n<=8,sr>70%,kvB<=64k,kp<=32k,0.0425,4
32,n<=8,sr>70%,kvB<=64k,kp<=4k,0.0527,4
32,n<=8,sr>70%,kvB<=64k,kp<=512,0.0334,4
32,n<=8,sr>70%,kvB<=64k,kp<=64k,0.0506,4
32,n<=8,sr>70%,kvB<=64k,kp<=8k,0.0317,4
32,n<=8,sr>70%,kvB<=64k,kp=0,0.0623,4
64,n<=16,sr<=15%,kvB<=16k,kp<=16k,0.4271,4
64,n<=16,sr<=15%,kvB<=16k,kp<=1k,0.4321,4
64,n<=16,sr<=15%,kvB<=16k,kp<=2k,0.4307,4
64,n<=16,sr<=15%,kvB<=16k,kp<=32k,0.4253,4
64,n<=16,sr<=15%,kvB<=16k,kp<=4k,0.4299,4
64,n<=16,sr<=15%,kvB<=16k,kp<=512,0.4274,4
64,n<=16,sr<=15%,kvB<=16k,kp<=64k,0.4576,4
64,n<=16,sr<=15%,kvB<=16k,kp<=8k,0.4176,4
64,n<=16,sr<=15%,kvB<=16k,kp=0,0.4358,4
64,n<=16,sr<=15%,kvB<=1k,kp<=16k,0.2652,4
64,n<=16,sr<=15%,kvB<=1k,kp<=1k,0.423,4
64,n<=16,sr<=15%,kvB<=1k,kp<=2k,0.4145,4
64,n<=16,sr<=15%,kvB<=1k,kp<=32k,0.2966,4
64,n<=16,sr<=15%,kvB<=1k,kp<=4k,0.4248,4
64,n<=16,sr<=15%,kvB<=1k,kp<=512,0.4335,4
64,n<=16,sr<=15%,kvB<=1k,kp<=64k,0.2609,4
64,n<=16,sr<=15%,kvB<=1k,kp<=8k,0.372,4
64,n<=16,sr<=15%,kvB<=1k,kp=0,0.4199,4
64,n<=16,sr<=15%,kvB<=4k,kp<=16k,0.4338,4
64,n<=16,sr<=15%,kvB<=4k,kp<=1k,0.4257,4
64,n<=16,sr<=15%,kvB<=4k,kp<=2k,0.4286,4
64,n<=16,sr<=15%,kvB<=4k,kp<=32k,0.4437,4
64,n<=16,sr<=15%,kvB<=4k,kp<=4k,0.4169,4
64,n<=16,sr<=15%,kvB<=4k,kp<=512,0.4189,4
64,n<=16,sr<=15%,kvB<=4k,kp<=64k,0.4171,4
64,n<=16,sr<=15%,kvB<=4k,kp<=8k,0.3797,4
64,n<=16,sr<=15%,kvB<=4k,kp=0,0.4331,4
64,n<=16,sr<=15%,kvB<=64k,kp<=16k,0.4317,4
64,n<=16,sr<=15%,kvB<=64k,kp<=1k,0.4329,4
64,n<=16,sr<=15%,kvB<=64k,kp<=2k,0.4318,4
64,n<=16,sr<=15%,kvB<=64k,kp<=32k,0.4321,4
64,n<=16,sr<=15%,kvB<=64k,kp<=4k,0.4322,4
64,n<=16,sr<=15%,kvB<=64k,kp<=512,0.4327,4
64,n<=16,sr<=15%,kvB<=64k,kp<=64k,0.4373,4
64,n<=16,sr<=15%,kvB<=64k,kp<=8k,0.4261,4
64,n<=16,sr<=15%,kvB<=64k,kp=0,0.4316,4
64,n<=16,sr<=40%,kvB<=16k,kp<=16k,0.3586,4
64,n<=16,sr<=40%,kvB<=16k,kp<=1k,0.3598,4
64,n<=16,sr<=40%,kvB<=16k,kp<=2k,0.3587,4
64,n<=16,sr<=40%,kvB<=16k,kp<=32k,0.3678,4
64,n<=16,sr<=40%,kvB<=16k,kp<=4k,0.354,4
64,n<=16,sr<=40%,kvB<=16k,kp<=512,0.3584,4
64,n<=16,sr<=40%,kvB<=16k,kp<=64k,0.3627,4
64,n<=16,sr<=40%,kvB<=16k,kp<=8k,0.3525,4
64,n<=16,sr<=40%,kvB<=16k,kp=0,0.3547,4
64,n<=16,sr<=40%,kvB<=1k,kp<=16k,0.3746,4
64,n<=16,sr<=40%,kvB<=1k,kp<=1k,0.4366,4
64,n<=16,sr<=40%,kvB<=1k,kp<=2k,0.4048,4
64,n<=16,sr<=40%,kvB<=1k,kp<=32k,0.3419,4
64,n<=16,sr<=40%,kvB<=1k,kp<=4k,0.4105,4
64,n<=16,sr<=40%,kvB<=1k,kp<=512,0.4276,4
64,n<=16,sr<=40%,kvB<=1k,kp<=64k,0.2299,4
64,n<=16,sr<=40%,kvB<=1k,kp<=8k,0.2434,4
64,n<=16,sr<=40%,kvB<=1k,kp=0,0.4224,4
64,n<=16,sr<=40%,kvB<=4k,kp<=16k,0.3347,4
64,n<=16,sr<=40%,kvB<=4k,kp<=1k,0.3623,4
64,n<=16,sr<=40%,kvB<=4k,kp<=2k,0.3588,4
64,n<=16,sr<=40%,kvB<=4k,kp<=32k,0.3732,4
64,n<=16,sr<=40%,kvB<=4k,kp<=4k,0.3547,4
64,n<=16,sr<=40%,kvB<=4k,kp<=512,0.3601,4
64,n<=16,sr<=40%,kvB<=4k,kp<=64k,0.396,4
64,n<=16,sr<=40%,kvB<=4k,kp<=8k,0.3051,4
64,n<=16,sr<=40%,kvB<=4k,kp=0,0.3594,4
64,n<=16,sr<=40%,kvB<=64k,kp<=16k,0.3599,4
64,n<=16,sr<=40%,kvB<=64k,kp<=1k,0.3622,4
64,n<=16,sr<=40%,kvB<=64k,kp<=2k,0.3588,4
64,n<=16,sr<=40%,kvB<=64k,kp<=32k,0.3603,4
64,n<=16,sr<=40%,kvB<=64k,kp<=4k,0.3609,4
64,n<=16,sr<=40%,kvB<=64k,kp<=512,0.3617,4
64,n<=16,sr<=40%,kvB<=64k,kp<=64k,0.365,4
64,n<=16,sr<=40%,kvB<=64k,kp<=8k,0.3581,4
64,n<=16,sr<=40%,kvB<=64k,kp=0,0.36,4
64,n<=16,sr<=70%,kvB<=16k,kp<=16k,0.1767,2
64,n<=16,sr<=70%,kvB<=16k,kp<=1k,0.177,2
64,n<=16,sr<=70%,kvB<=16k,kp<=2k,0.1803,2
64,n<=16,sr<=70%,kvB<=16k,kp<=32k,0.1544,2
64,n<=16,sr<=70%,kvB<=16k,kp<=4k,0.1639,2
64,n<=16,sr<=70%,kvB<=16k,kp<=512,0.1721,2
64,n<=16,sr<=70%,kvB<=16k,kp<=64k,0.2011,2
64,n<=16,sr<=70%,kvB<=16k,kp<=8k,0.2061,2
64,n<=16,sr<=70%,kvB<=16k,kp=0,0.1643,2
64,n<=16,sr<=70%,kvB<=1k,kp<=16k,-0.0124,2
64,n<=16,sr<=70%,kvB<=1k,kp<=1k,0.3462,2
64,n<=16,sr<=70%,kvB<=1k,kp<=2k,0.2741,2
64,n<=16,sr<=70%,kvB<=1k,kp<=32k,0.1043,2
64,n<=16,sr<=70%,kvB<=1k,kp<=4k,0.3173,2
64,n<=16,sr<=70%,kvB<=1k,kp<=512,0.3169,2
64,n<=16,sr<=70%,kvB<=1k,kp<=64k,0.226,2
64,n<=16,sr<=70%,kvB<=1k,kp<=8k,0.0703,2
64,n<=16,sr<=70%,kvB<=1k,kp=0,0.3083,2
64,n<=16,sr<=70%,kvB<=4k,kp<=16k,0.1635,2
64,n<=16,sr<=70%,kvB<=4k,kp<=1k,0.1667,2
64,n<=16,sr<=70%,kvB<=4k,kp<=2k,0.2083,2
64,n<=16,sr<=70%,kvB<=4k,kp<=32k,0.2347,2
64,n<=16,sr<=70%,kvB<=4k,kp<=4k,0.191,2
64,n<=16,sr<=70%,kvB<=4k,kp<=512,0.1823,2
64,n<=16,sr<=70%,kvB<=4k,kp<=64k,0.1893,2
64,n<=16,sr<=70%,kvB<=4k,kp<=8k,0.1373,2
64,n<=16,sr<=70%,kvB<=4k,kp=0,0.1929,2
64,n<=16,sr<=70%,kvB<=64k,kp<=16k,0.182,2
64,n<=16,sr<=70%,kvB<=64k,kp<=1k,0.1843,2
64,n<=16,sr<=70%,kvB<=64k,kp<=2k,0.183,2
64,n<=16,sr<=70%,kvB<=64k,kp<=32k,0.1834,2
64,n<=16,sr<=70%,kvB<=64k,kp<=4k,0.1823,2
64,n<=16,sr<=70%,kvB<=64k,kp<=512,0.1882,2
64,n<=16,sr<=70%,kvB<=64k,kp<=64k,0.1863,2
64,n<=16,sr<=70%,kvB<=64k,kp<=8k,0.18,2
64,n<=16,sr<=70%,kvB<=64k,kp=0,0.1818,2
64,n<=16,sr>70%,kvB<=16k,kp<=16k,0.012,4
64,n<=16,sr>70%,kvB<=16k,kp<=1k,0.0397,4
64,n<=16,sr>70%,kvB<=16k,kp<=2k,0.0227,4
64,n<=16,sr>70%,kvB<=16k,kp<=32k,0.0296,4
64,n<=16,sr>70%,kvB<=16k,kp<=4k,0.0285,4
64,n<=16,sr>70%,kvB<=16k,kp<=512,0.0055,4
64,n<=16,sr>70%,kvB<=16k,kp<=64k,0.062,4
64,n<=16,sr>70%,kvB<=16k,kp<=8k,0.1094,4
64,n<=16,sr>70%,kvB<=16k,kp=0,0.0371,4
64,n<=16,sr>70%,kvB<=1k,kp<=16k,-0.2006,4
64,n<=16,sr>70%,kvB<=1k,kp<=1k,0.4675,4
64,n<=16,sr>70%,kvB<=1k,kp<=2k,0.3745,4
64,n<=16,sr>70%,kvB<=1k,kp<=32k,0.1343,4
64,n<=16,sr>70%,kvB<=1k,kp<=4k,0.4725,4
64,n<=16,sr>70%,kvB<=1k,kp<=512,0.4644,4
64,n<=16,sr>70%,kvB<=1k,kp<=64k,0.2388,3
64,n<=16,sr>70%,kvB<=1k,kp<=8k,0.6193,4
64,n<=16,sr>70%,kvB<=1k,kp=0,0.4378,4
64,n<=16,sr>70%,kvB<=4k,kp<=16k,0.1082,4
64,n<=16,sr>70%,kvB<=4k,kp<=1k,0.175,4
64,n<=16,sr>70%,kvB<=4k,kp<=2k,0.1342,4
64,n<=16,sr>70%,kvB<=4k,kp<=32k,0.1535,4
64,n<=16,sr>70%,kvB<=4k,kp<=4k,0.0962,4
64,n<=16,sr>70%,kvB<=4k,kp<=512,0.1027,4
64,n<=16,sr>70%,kvB<=4k,kp<=64k,0.1057,4
64,n<=16,sr>70%,kvB<=4k,kp<=8k,0.1504,4
64,n<=16,sr>70%,kvB<=4k,kp=0,0.0968,4
64,n<=16,sr>70%,kvB<=64k,kp<=16k,0.0618,4
64,n<=16,sr>70%,kvB<=64k,kp<=1k,0.0532,4
64,n<=16,sr>70%,kvB<=64k,kp<=2k,0.0558,4
64,n<=16,sr>70%,kvB<=64k,kp<=32k,0.0244,4
64,n<=16,sr>70%,kvB<=64k,kp<=4k,0.0532,4
64,n<=16,sr>70%,kvB<=64k,kp<=512,0.0554,4
64,n<=16,sr>70%,kvB<=64k,kp<=64k,0.0481,4
64,n<=16,sr>70%,kvB<=64k,kp<=8k,0.0678,4
64,n<=16,sr>70%,kvB<=64k,kp=0,0.0449,4
64,n<=2,sr<=70%,kvB<=16k,kp<=16k,0.1291,2
64,n<=2,sr<=70%,kvB<=16k,kp<=1k,0.1613,2
64,n<=2,sr<=70%,kvB<=16k,kp<=2k,0.1658,2
64,n<=2,sr<=70%,kvB<=16k,kp<=32k,0.004,2
64,n<=2,sr<=70%,kvB<=16k,kp<=4k,0.0845,2
64,n<=2,sr<=70%,kvB<=16k,kp<=512,0.1891,2
64,n<=2,sr<=70%,kvB<=16k,kp<=64k,-0.1451,2
64,n<=2,sr<=70%,kvB<=16k,kp<=8k,0.2705,2
64,n<=2,sr<=70%,kvB<=16k,kp=0,0.1585,2
64,n<=2,sr<=70%,kvB<=1k,kp<=16k,0.7052,2
64,n<=2,sr<=70%,kvB<=1k,kp<=1k,0.6941,2
64,n<=2,sr<=70%,kvB<=1k,kp<=2k,-0.7795,1
64,n<=2,sr<=70%,kvB<=1k,kp<=32k,0.2718,1
64,n<=2,sr<=70%,kvB<=1k,kp<=4k,0.3616,2
64,n<=2,sr<=70%,kvB<=1k,kp<=512,0.645,1
64,n<=2,sr<=70%,kvB<=1k,kp<=64k,0.8725,1
64,n<=2,sr<=70%,kvB<=1k,kp<=8k,0.7899,2
64,n<=2,sr<=70%,kvB<=1k,kp=0,0.5645,1
64,n<=2,sr<=70%,kvB<=4k,kp<=16k,-0.6511,2
64,n<=2,sr<=70%,kvB<=4k,kp<=1k,0.5676,2
64,n<=2,sr<=70%,kvB<=4k,kp<=2k,0.6387,2
64,n<=2,sr<=70%,kvB<=4k,kp<=32k,-1.0717,2
64,n<=2,sr<=70%,kvB<=4k,kp<=4k,-0.0424,2
64,n<=2,sr<=70%,kvB<=4k,kp<=512,0.5914,2
64,n<=2,sr<=70%,kvB<=4k,kp<=64k,-0.5636,1
64,n<=2,sr<=70%,kvB<=4k,kp<=8k,0.0205,2
64,n<=2,sr<=70%,kvB<=4k,kp=0,0.5759,2
64,n<=2,sr<=70%,kvB<=64k,kp<=16k,0.1165,2
64,n<=2,sr<=70%,kvB<=64k,kp<=1k,0.0755,2
64,n<=2,sr<=70%,kvB<=64k,kp<=2k,0.0769,2
64,n<=2,sr<=70%,kvB<=64k,kp<=32k,0.0869,2
64,n<=2,sr<=70%,kvB<=64k,kp<=4k,0.0716,2
64,n<=2,sr<=70%,kvB<=64k,kp<=512,0.0782,2
64,n<=2,sr<=70%,kvB<=64k,kp<=64k,0.0381,2
64,n<=2,sr<=70%,kvB<=64k,kp<=8k,0.1173,2
64,n<=2,sr<=70%,kvB<=64k,kp=0,0.0804,2
64,n<=32,sr<=15%,kvB<=16k,kp<=16k,0.1719,6
64,n<=32,sr<=15%,kvB<=16k,kp<=1k,0.1792,6
64,n<=32,sr<=15%,kvB<=16k,kp<=2k,0.1817,6
64,n<=32,sr<=15%,kvB<=16k,kp<=32k,0.1744,6
64,n<=32,sr<=15%,kvB<=16k,kp<=4k,0.1765,6
64,n<=32,sr<=15%,kvB<=16k,kp<=512,0.1815,6
64,n<=32,sr<=15%,kvB<=16k,kp<=64k,0.1777,6
64,n<=32,sr<=15%,kvB<=16k,kp<=8k,0.178,6
64,n<=32,sr<=15%,kvB<=16k,kp=0,0.1824,6
64,n<=32,sr<=15%,kvB<=1k,kp<=16k,0.1732,6
64,n<=32,sr<=15%,kvB<=1k,kp<=1k,0.2171,6
64,n<=32,sr<=15%,kvB<=1k,kp<=2k,0.2105,6
64,n<=32,sr<=15%,kvB<=1k,kp<=32k,0.1561,6
64,n<=32,sr<=15%,kvB<=1k,kp<=4k,0.216,6
64,n<=32,sr<=15%,kvB<=1k,kp<=512,0.2167,6
64,n<=32,sr<=15%,kvB<=1k,kp<=64k,0.1931,6
64,n<=32,sr<=15%,kvB<=1k,kp<=8k,0.1221,6
64,n<=32,sr<=15%,kvB<=1k,kp=0,0.2199,6
64,n<=32,sr<=15%,kvB<=4k,kp<=16k,0.1683,6
64,n<=32,sr<=15%,kvB<=4k,kp<=1k,0.1937,6
64,n<=32,sr<=15%,kvB<=4k,kp<=2k,0.1961,6
64,n<=32,sr<=15%,kvB<=4k,kp<=32k,0.1777,6
64,n<=32,sr<=15%,kvB<=4k,kp<=4k,0.197,6
64,n<=32,sr<=15%,kvB<=4k,kp<=512,0.1997,6
64,n<=32,sr<=15%,kvB<=4k,kp<=64k,0.1635,6
64,n<=32,sr<=15%,kvB<=4k,kp<=8k,0.1896,6
64,n<=32,sr<=15%,kvB<=4k,kp=0,0.1999,6
64,n<=32,sr<=15%,kvB<=64k,kp<=16k,0.1744,6
64,n<=32,sr<=15%,kvB<=64k,kp<=1k,0.1773,6
64,n<=32,sr<=15%,kvB<=64k,kp<=2k,0.176,6
64,n<=32,sr<=15%,kvB<=64k,kp<=32k,0.1706,6
64,n<=32,sr<=15%,kvB<=64k,kp<=4k,0.1783,6
64,n<=32,sr<=15%,kvB<=64k,kp<=512,0.1757,6
64,n<=32,sr<=15%,kvB<=64k,kp<=64k,0.1731,6
64,n<=32,sr<=15%,kvB<=64k,kp<=8k,0.1738,6
64,n<=32,sr<=15%,kvB<=64k,kp=0,0.1762,6
64,n<=32,sr<=40%,kvB<=16k,kp<=16k,0.0763,2
64,n<=32,sr<=40%,kvB<=16k,kp<=1k,0.0832,2
64,n<=32,sr<=40%,kvB<=16k,kp<=2k,0.0767,2
64,n<=32,sr<=40%,kvB<=16k,kp<=32k,0.0719,2
64,n<=32,sr<=40%,kvB<=16k,kp<=4k,0.0748,2
64,n<=32,sr<=40%,kvB<=16k,kp<=512,0.078,2
64,n<=32,sr<=40%,kvB<=16k,kp<=64k,0.0647,2
64,n<=32,sr<=40%,kvB<=16k,kp<=8k,0.0724,2
64,n<=32,sr<=40%,kvB<=16k,kp=0,0.0783,2
64,n<=32,sr<=40%,kvB<=1k,kp<=16k,0.2098,2
64,n<=32,sr<=40%,kvB<=1k,kp<=1k,0.2131,2
64,n<=32,sr<=40%,kvB<=1k,kp<=2k,0.2119,2
64,n<=32,sr<=40%,kvB<=1k,kp<=32k,0.2098,2
64,n<=32,sr<=40%,kvB<=1k,kp<=4k,0.1772,2
64,n<=32,sr<=40%,kvB<=1k,kp<=512,0.24,2
64,n<=32,sr<=40%,kvB<=1k,kp<=64k,0.194,2
64,n<=32,sr<=40%,kvB<=1k,kp<=8k,0.1436,2
64,n<=32,sr<=40%,kvB<=1k,kp=0,0.2203,2
64,n<=32,sr<=40%,kvB<=4k,kp<=16k,0.0637,2
64,n<=32,sr<=40%,kvB<=4k,kp<=1k,0.0928,2
64,n<=32,sr<=40%,kvB<=4k,kp<=2k,0.0887,2
64,n<=32,sr<=40%,kvB<=4k,kp<=32k,0.1015,2
64,n<=32,sr<=40%,kvB<=4k,kp<=4k,0.1023,2
64,n<=32,sr<=40%,kvB<=4k,kp<=512,0.094,2
64,n<=32,sr<=40%,kvB<=4k,kp<=64k,0.0805,2
64,n<=32,sr<=40%,kvB<=4k,kp<=8k,0.0871,2
64,n<=32,sr<=40%,kvB<=4k,kp=0,0.0934,2
64,n<=32,sr<=40%,kvB<=64k,kp<=16k,0.0792,2
64,n<=32,sr<=40%,kvB<=64k,kp<=1k,0.0695,2
64,n<=32,sr<=40%,kvB<=64k,kp<=2k,0.0772,2
64,n<=32,sr<=40%,kvB<=64k,kp<=32k,0.0679,2
64,n<=32,sr<=40%,kvB<=64k,kp<=4k,0.0789,2
64,n<=32,sr<=40%,kvB<=64k,kp<=512,0.0752,2
64,n<=32,sr<=40%,kvB<=64k,kp<=64k,0.0755,2
64,n<=32,sr<=40%,kvB<=64k,kp<=8k,0.0744,2
64,n<=32,sr<=40%,kvB<=64k,kp=0,0.0784,2
64,n<=32,sr<=5%,kvB<=16k,kp<=16k,0.2181,2
64,n<=32,sr<=5%,kvB<=16k,kp<=1k,0.2151,2
64,n<=32,sr<=5%,kvB<=16k,kp<=2k,0.2157,2
64,n<=32,sr<=5%,kvB<=16k,kp<=32k,0.2243,2
64,n<=32,sr<=5%,kvB<=16k,kp<=4k,0.2119,2
64,n<=32,sr<=5%,kvB<=16k,kp<=512,0.2145,2
64,n<=32,sr<=5%,kvB<=16k,kp<=64k,0.2294,2
64,n<=32,sr<=5%,kvB<=16k,kp<=8k,0.2189,2
64,n<=32,sr<=5%,kvB<=16k,kp=0,0.2198,2
64,n<=32,sr<=5%,kvB<=1k,kp<=16k,0.1922,2
64,n<=32,sr<=5%,kvB<=1k,kp<=1k,0.2032,2
64,n<=32,sr<=5%,kvB<=1k,kp<=2k,0.2015,2
64,n<=32,sr<=5%,kvB<=1k,kp<=32k,0.193,2
64,n<=32,sr<=5%,kvB<=1k,kp<=4k,0.2015,2
64,n<=32,sr<=5%,kvB<=1k,kp<=512,0.1952,2
64,n<=32,sr<=5%,kvB<=1k,kp<=64k,0.2671,2
64,n<=32,sr<=5%,kvB<=1k,kp<=8k,0.3123,2
64,n<=32,sr<=5%,kvB<=1k,kp=0,0.2131,2
64,n<=32,sr<=5%,kvB<=4k,kp<=16k,0.2367,2
64,n<=32,sr<=5%,kvB<=4k,kp<=1k,0.2157,2
64,n<=32,sr<=5%,kvB<=4k,kp<=2k,0.214,2
64,n<=32,sr<=5%,kvB<=4k,kp<=32k,0.225,2
64,n<=32,sr<=5%,kvB<=4k,kp<=4k,0.2211,2
64,n<=32,sr<=5%,kvB<=4k,kp<=512,0.2192,2
64,n<=32,sr<=5%,kvB<=4k,kp<=64k,0.188,2
64,n<=32,sr<=5%,kvB<=4k,kp<=8k,0.2158,2
64,n<=32,sr<=5%,kvB<=4k,kp=0,0.2175,2
64,n<=32,sr<=5%,kvB<=64k,kp<=16k,0.213,2
64,n<=32,sr<=5%,kvB<=64k,kp<=1k,0.214,2
64,n<=32,sr<=5%,kvB<=64k,kp<=2k,0.2151,2
64,n<=32,sr<=5%,kvB<=64k,kp<=32k,0.2187,2
64,n<=32,sr<=5%,kvB<=64k,kp<=4k,0.2203,2
64,n<=32,sr<=5%,kvB<=64k,kp<=512,0.2166,2
64,n<=32,sr<=5%,kvB<=64k,kp<=64k,0.2147,2
64,n<=32,sr<=5%,kvB<=64k,kp<=8k,0.2168,2
64,n<=32,sr<=5%,kvB<=64k,kp=0,0.215,2
64,n<=32,sr<=70%,kvB<=16k,kp<=16k,-0.0166,2
64,n<=32,sr<=70%,kvB<=16k,kp<=1k,0.0002,2
64,n<=32,sr<=70%,kvB<=16k,kp<=2k,-0.0015,2
64,n<=32,sr<=70%,kvB<=16k,kp<=32k,0.002,2
64,n<=32,sr<=70%,kvB<=16k,kp<=4k,0.0196,2
64,n<=32,sr<=70%,kvB<=16k,kp<=512,0.0173,2
64,n<=32,sr<=70%,kvB<=16k,kp<=64k,0.0028,2
64,n<=32,sr<=70%,kvB<=16k,kp<=8k,-0.0025,2
64,n<=32,sr<=70%,kvB<=16k,kp=0,0.0105,2
64,n<=32,sr<=70%,kvB<=1k,kp<=16k,0.037,2
64,n<=32,sr<=70%,kvB<=1k,kp<=1k,0.1781,2
64,n<=32,sr<=70%,kvB<=1k,kp<=2k,0.1489,2
64,n<=32,sr<=70%,kvB<=1k,kp<=32k,-0.0654,2
64,n<=32,sr<=70%,kvB<=1k,kp<=4k,0.2125,2
64,n<=32,sr<=70%,kvB<=1k,kp<=512,0.1787,2
64,n<=32,sr<=70%,kvB<=1k,kp<=64k,0.0721,2
64,n<=32,sr<=70%,kvB<=1k,kp<=8k,-0.3887,2
64,n<=32,sr<=70%,kvB<=1k,kp=0,0.1577,2
64,n<=32,sr<=70%,kvB<=4k,kp<=16k,0.0725,2
64,n<=32,sr<=70%,kvB<=4k,kp<=1k,0.0187,2
64,n<=32,sr<=70%,kvB<=4k,kp<=2k,0.0321,2
64,n<=32,sr<=70%,kvB<=4k,kp<=32k,-0.0775,2
64,n<=32,sr<=70%,kvB<=4k,kp<=4k,0.0007,2
64,n<=32,sr<=70%,kvB<=4k,kp<=512,0.0064,2
64,n<=32,sr<=70%,kvB<=4k,kp<=64k,0.0022,2
64,n<=32,sr<=70%,kvB<=4k,kp<=8k,0.038,2
64,n<=32,sr<=70%,kvB<=4k,kp=0,0.0107,2
64,n<=32,sr<=70%,kvB<=64k,kp<=16k,-0.0019,2
64,n<=32,sr<=70%,kvB<=64k,kp<=1k,0.0018,2
64,n<=32,sr<=70%,kvB<=64k,kp<=2k,-0.0045,2
64,n<=32,sr<=70%,kvB<=64k,kp<=32k,0.0108,2
64,n<=32,sr<=70%,kvB<=64k,kp<=4k,-0.0103,2
64,n<=32,sr<=70%,kvB<=64k,kp<=512,0.0118,2
64,n<=32,sr<=70%,kvB<=64k,kp<=64k,-0.0065,2
64,n<=32,sr<=70%,kvB<=64k,kp<=8k,-0.0012,2
64,n<=32,sr<=70%,kvB<=64k,kp=0,-0.0126,2
64,n<=32,sr>70%,kvB<=16k,kp<=16k,0.2968,4
64,n<=32,sr>70%,kvB<=16k,kp<=1k,0.302,4
64,n<=32,sr>70%,kvB<=16k,kp<=2k,0.2822,4
64,n<=32,sr>70%,kvB<=16k,kp<=32k,0.3278,4
64,n<=32,sr>70%,kvB<=16k,kp<=4k,0.2795,4
64,n<=32,sr>70%,kvB<=16k,kp<=512,0.3159,4
64,n<=32,sr>70%,kvB<=16k,kp<=64k,0.2816,4
64,n<=32,sr>70%,kvB<=16k,kp<=8k,0.2269,4
64,n<=32,sr>70%,kvB<=16k,kp=0,0.2811,4
64,n<=32,sr>70%,kvB<=1k,kp<=16k,0.3694,4
64,n<=32,sr>70%,kvB<=1k,kp<=1k,0.5804,4
64,n<=32,sr>70%,kvB<=1k,kp<=2k,0.5383,4
64,n<=32,sr>70%,kvB<=1k,kp<=32k,0.4311,4
64,n<=32,sr>70%,kvB<=1k,kp<=4k,0.5303,4
64,n<=32,sr>70%,kvB<=1k,kp<=512,0.6093,4
64,n<=32,sr>70%,kvB<=1k,kp<=64k,0.4192,4
64,n<=32,sr>70%,kvB<=1k,kp<=8k,0.3691,4
64,n<=32,sr>70%,kvB<=1k,kp=0,0.6101,4
64,n<=32,sr>70%,kvB<=4k,kp<=16k,0.3733,4
64,n<=32,sr>70%,kvB<=4k,kp<=1k,0.3849,4
64,n<=32,sr>70%,kvB<=4k,kp<=2k,0.3318,4
64,n<=32,sr>70%,kvB<=4k,kp<=32k,0.2783,4
64,n<=32,sr>70%,kvB<=4k,kp<=4k,0.3637,4
64,n<=32,sr>70%,kvB<=4k,kp<=512,0.3587,4
64,n<=32,sr>70%,kvB<=4k,kp<=64k,0.3976,4
64,n<=32,sr>70%,kvB<=4k,kp<=8k,0.3665,4
64,n<=32,sr>70%,kvB<=4k,kp=0,0.3041,4
64,n<=32,sr>70%,kvB<=64k,kp<=16k,0.3254,4
64,n<=32,sr>70%,kvB<=64k,kp<=1k,0.2734,4
64,n<=32,sr>70%,kvB<=64k,kp<=2k,0.2388,4
64,n<=32,sr>70%,kvB<=64k,kp<=32k,0.2919,4
64,n<=32,sr>70%,kvB<=64k,kp<=4k,0.2599,4
64,n<=32,sr>70%,kvB<=64k,kp<=512,0.2629,4
64,n<=32,sr>70%,kvB<=64k,kp<=64k,0.3238,4
64,n<=32,sr>70%,kvB<=64k,kp<=8k,0.2782,4
64,n<=32,sr>70%,kvB<=64k,kp=0,0.2642,4
64,n<=4,sr<=40%,kvB<=16k,kp<=16k,0.3056,2
64,n<=4,sr<=40%,kvB<=16k,kp<=1k,0.3635,2
64,n<=4,sr<=40%,kvB<=16k,kp<=2k,0.3321,2
64,n<=4,sr<=40%,kvB<=16k,kp<=32k,0.3323,2
64,n<=4,sr<=40%,kvB<=16k,kp<=4k,0.3369,2
64,n<=4,sr<=40%,kvB<=16k,kp<=512,0.3335,2
64,n<=4,sr<=40%,kvB<=16k,kp<=64k,0.2934,2
64,n<=4,sr<=40%,kvB<=16k,kp<=8k,0.1872,2
64,n<=4,sr<=40%,kvB<=16k,kp=0,0.3349,2
64,n<=4,sr<=40%,kvB<=1k,kp<=16k,-0.5989,1
64,n<=4,sr<=40%,kvB<=1k,kp<=1k,0.4588,2
64,n<=4,sr<=40%,kvB<=1k,kp<=2k,0.3431,2
64,n<=4,sr<=40%,kvB<=1k,kp<=32k,0.1334,2
64,n<=4,sr<=40%,kvB<=1k,kp<=4k,0.1359,2
64,n<=4,sr<=40%,kvB<=1k,kp<=512,0.6497,2
64,n<=4,sr<=40%,kvB<=1k,kp<=64k,-0.5943,2
64,n<=4,sr<=40%,kvB<=1k,kp<=8k,0.6301,1
64,n<=4,sr<=40%,kvB<=1k,kp=0,0.7081,2
64,n<=4,sr<=40%,kvB<=4k,kp<=16k,-0.2902,2
64,n<=4,sr<=40%,kvB<=4k,kp<=1k,0.4308,2
64,n<=4,sr<=40%,kvB<=4k,kp<=2k,0.3739,2
64,n<=4,sr<=40%,kvB<=4k,kp<=32k,-0.0746,2
64,n<=4,sr<=40%,kvB<=4k,kp<=4k,0.4181,2
64,n<=4,sr<=40%,kvB<=4k,kp<=512,0.4267,2
64,n<=4,sr<=40%,kvB<=4k,kp<=64k,-0.2525,2
64,n<=4,sr<=40%,kvB<=4k,kp<=8k,-0.0568,2
64,n<=4,sr<=40%,kvB<=4k,kp=0,0.3621,2
64,n<=4,sr<=40%,kvB<=64k,kp<=16k,0.3337,2
64,n<=4,sr<=40%,kvB<=64k,kp<=1k,0.3356,2
64,n<=4,sr<=40%,kvB<=64k,kp<=2k,0.3414,2
64,n<=4,sr<=40%,kvB<=64k,kp<=32k,0.3392,2
64,n<=4,sr<=40%,kvB<=64k,kp<=4k,0.3353,2
64,n<=4,sr<=40%,kvB<=64k,kp<=512,0.3454,2
64,n<=4,sr<=40%,kvB<=64k,kp<=64k,0.3509,2
64,n<=4,sr<=40%,kvB<=64k,kp<=8k,0.3255,2
64,n<=4,sr<=40%,kvB<=64k,kp=0,0.3353,2
64,n<=4,sr<=70%,kvB<=16k,kp<=16k,0.0884,2
64,n<=4,sr<=70%,kvB<=16k,kp<=1k,0.211,2
64,n<=4,sr<=70%,kvB<=16k,kp<=2k,0.2153,2
64,n<=4,sr<=70%,kvB<=16k,kp<=32k,0.1626,2
64,n<=4,sr<=70%,kvB<=16k,kp<=4k,0.2105,2
64,n<=4,sr<=70%,kvB<=16k,kp<=512,0.1955,2
64,n<=4,sr<=70%,kvB<=16k,kp<=64k,0.2382,2
64,n<=4,sr<=70%,kvB<=16k,kp<=8k,0.1228,2
64,n<=4,sr<=70%,kvB<=16k,kp=0,0.2123,2
64,n<=4,sr<=70%,kvB<=1k,kp<=16k,0.1251,1
64,n<=4,sr<=70%,kvB<=1k,kp<=1k,0.5917,2
64,n<=4,sr<=70%,kvB<=1k,kp<=2k,0.4291,2
64,n<=4,sr<=70%,kvB<=1k,kp<=32k,0.1182,2
64,n<=4,sr<=70%,kvB<=1k,kp<=4k,0.2523,2
64,n<=4,sr<=70%,kvB<=1k,kp<=512,0.5628,2
64,n<=4,sr<=70%,kvB<=1k,kp<=64k,0.128,2
64,n<=4,sr<=70%,kvB<=1k,kp<=8k,0.7886,2
64,n<=4,sr<=70%,kvB<=1k,kp=0,0.6077,2
64,n<=4,sr<=70%,kvB<=4k,kp<=16k,-0.2747,2
64,n<=4,sr<=70%,kvB<=4k,kp<=1k,0.3545,2
64,n<=4,sr<=70%,kvB<=4k,kp<=2k,0.2186,2
64,n<=4,sr<=70%,kvB<=4k,kp<=32k,-0.7469,2
64,n<=4,sr<=70%,kvB<=4k,kp<=4k,0.3392,2
64,n<=4,sr<=70%,kvB<=4k,kp<=512,0.3563,2
64,n<=4,sr<=70%,kvB<=4k,kp<=64k,-0.1746,2
64,n<=4,sr<=70%,kvB<=4k,kp<=8k,-0.4811,1
64,n<=4,sr<=70%,kvB<=4k,kp=0,0.3157,2
64,n<=4,sr<=70%,kvB<=64k,kp<=16k,0.1586,2
64,n<=4,sr<=70%,kvB<=64k,kp<=1k,0.1762,2
64,n<=4,sr<=70%,kvB<=64k,kp<=2k,0.1808,2
64,n<=4,sr<=70%,kvB<=64k,kp<=32k,0.1921,2
64,n<=4,sr<=70%,kvB<=64k,kp<=4k,0.172,2
64,n<=4,sr<=70%,kvB<=64k,kp<=512,0.1735,2
64,n<=4,sr<=70%,kvB<=64k,kp<=64k,0.1595,2
64,n<=4,sr<=70%,kvB<=64k,kp<=8k,0.1268,2
64,n<=4,sr<=70%,kvB<=64k,kp=0,0.183,2
64,n<=4,sr>70%,kvB<=16k,kp<=16k,-0.0708,2
64,n<=4,sr>70%,kvB<=16k,kp<=1k,0.0894,2
64,n<=4,sr>70%,kvB<=16k,kp<=2k,0.0921,2
64,n<=4,sr>70%,kvB<=16k,kp<=32k,-0.1172,2
64,n<=4,sr>70%,kvB<=16k,kp<=4k,0.1102,2
64,n<=4,sr>70%,kvB<=16k,kp<=512,0.1331,2
64,n<=4,sr>70%,kvB<=16k,kp<=64k,-0.0902,2
64,n<=4,sr>70%,kvB<=16k,kp<=8k,0.3562,2
64,n<=4,sr>70%,kvB<=16k,kp=0,0.0437,2
64,n<=4,sr>70%,kvB<=1k,kp<=16k,0.0736,2
64,n<=4,sr>70%,kvB<=1k,kp<=1k,-0.1615,2
64,n<=4,sr>70%,kvB<=1k,kp<=2k,0.4928,2
64,n<=4,sr>70%,kvB<=1k,kp<=32k,0.0633,2
64,n<=4,sr>70%,kvB<=1k,kp<=4k,0.5261,2
64,n<=4,sr>70%,kvB<=1k,kp<=512,0.6459,2
64,n<=4,sr>70%,kvB<=1k,kp<=64k,-0.2563,2
64,n<=4,sr>70%,kvB<=1k,kp<=8k,0.0928,1
64,n<=4,sr>70%,kvB<=1k,kp=0,0.6674,2
64,n<=4,sr>70%,kvB<=4k,kp<=16k,-0.5302,2
64,n<=4,sr>70%,kvB<=4k,kp<=1k,0.1254,2
64,n<=4,sr>70%,kvB<=4k,kp<=2k,0.2086,2
64,n<=4,sr>70%,kvB<=4k,kp<=32k,-0.9502,2
64,n<=4,sr>70%,kvB<=4k,kp<=4k,0.418,2
64,n<=4,sr>70%,kvB<=4k,kp<=512,0.2488,2
64,n<=4,sr>70%,kvB<=4k,kp<=64k,-0.3687,2
64,n<=4,sr>70%,kvB<=4k,kp<=8k,-1.1955,1
64,n<=4,sr>70%,kvB<=4k,kp=0,0.2574,2
64,n<=4,sr>70%,kvB<=64k,kp<=16k,0.0078,2
64,n<=4,sr>70%,kvB<=64k,kp<=1k,0.0646,2
64,n<=4,sr>70%,kvB<=64k,kp<=2k,0.0047,2
64,n<=4,sr>70%,kvB<=64k,kp<=32k,0.0657,2
64,n<=4,sr>70%,kvB<=64k,kp<=4k,0.0228,2
64,n<=4,sr>70%,kvB<=64k,kp<=512,0.0336,2
64,n<=4,sr>70%,kvB<=64k,kp<=64k,0.0116,2
64,n<=4,sr>70%,kvB<=64k,kp<=8k,-0.0816,2
64,n<=4,sr>70%,kvB<=64k,kp=0,0.0251,2
64,n<=64,sr<=15%,kvB<=16k,kp<=16k,0.0042,4
64,n<=64,sr<=15%,kvB<=16k,kp<=1k,0.0045,4
64,n<=64,sr<=15%,kvB<=16k,kp<=2k,0.0034,4
64,n<=64,sr<=15%,kvB<=16k,kp<=32k,-0.004,4
64,n<=64,sr<=15%,kvB<=16k,kp<=4k,0.0026,4
64,n<=64,sr<=15%,kvB<=16k,kp<=512,0.0052,4
64,n<=64,sr<=15%,kvB<=16k,kp<=64k,-0.0044,4
64,n<=64,sr<=15%,kvB<=16k,kp<=8k,0.0058,4
64,n<=64,sr<=15%,kvB<=16k,kp=0,0.006,4
64,n<=64,sr<=15%,kvB<=1k,kp<=16k,0.0038,4
64,n<=64,sr<=15%,kvB<=1k,kp<=1k,0.0271,4
64,n<=64,sr<=15%,kvB<=1k,kp<=2k,0.0423,4
64,n<=64,sr<=15%,kvB<=1k,kp<=32k,-0.0219,4
64,n<=64,sr<=15%,kvB<=1k,kp<=4k,0.0575,4
64,n<=64,sr<=15%,kvB<=1k,kp<=512,0.0304,4
64,n<=64,sr<=15%,kvB<=1k,kp<=64k,-0.0133,4
64,n<=64,sr<=15%,kvB<=1k,kp<=8k,0.0668,4
64,n<=64,sr<=15%,kvB<=1k,kp=0,0.0341,4
64,n<=64,sr<=15%,kvB<=4k,kp<=16k,0.0093,4
64,n<=64,sr<=15%,kvB<=4k,kp<=1k,0.0163,4
64,n<=64,sr<=15%,kvB<=4k,kp<=2k,0.0216,4
64,n<=64,sr<=15%,kvB<=4k,kp<=32k,0.0143,4
64,n<=64,sr<=15%,kvB<=4k,kp<=4k,0.0168,4
64,n<=64,sr<=15%,kvB<=4k,kp<=512,0.0174,4
64,n<=64,sr<=15%,kvB<=4k,kp<=64k,0.008,4
64,n<=64,sr<=15%,kvB<=4k,kp<=8k,0.0001,4
64,n<=64,sr<=15%,kvB<=4k,kp=0,0.0177,4
64,n<=64,sr<=15%,kvB<=64k,kp<=16k,0.0011,4
64,n<=64,sr<=15%,kvB<=64k,kp<=1k,0.002,4
64,n<=64,sr<=15%,kvB<=64k,kp<=2k,0.0024,4
64,n<=64,sr<=15%,kvB<=64k,kp<=32k,0.0003,4
64,n<=64,sr<=15%,kvB<=64k,kp<=4k,0.0019,4
64,n<=64,sr<=15%,kvB<=64k,kp<=512,0.0062,4
64,n<=64,sr<=15%,kvB<=64k,kp<=64k,-0.0006,4
64,n<=64,sr<=15%,kvB<=64k,kp<=8k,0.0028,4
64,n<=64,sr<=15%,kvB<=64k,kp=0,0.0028,4
64,n<=64,sr<=40%,kvB<=16k,kp<=16k,0.0018,2
64,n<=64,sr<=40%,kvB<=16k,kp<=1k,-0.0007,2
64,n<=64,sr<=40%,kvB<=16k,kp<=2k,-0.0006,2
64,n<=64,sr<=40%,kvB<=16k,kp<=32k,-0.0116,2
64,n<=64,sr<=40%,kvB<=16k,kp<=4k,0.0065,2
64,n<=64,sr<=40%,kvB<=16k,kp<=512,0.0067,2
64,n<=64,sr<=40%,kvB<=16k,kp<=64k,-0.0163,2
64,n<=64,sr<=40%,kvB<=16k,kp<=8k,0.0002,2
64,n<=64,sr<=40%,kvB<=16k,kp=0,0.011,2
64,n<=64,sr<=40%,kvB<=1k,kp<=16k,0.1128,2
64,n<=64,sr<=40%,kvB<=1k,kp<=1k,0.1135,2
64,n<=64,sr<=40%,kvB<=1k,kp<=2k,0.1266,2
64,n<=64,sr<=40%,kvB<=1k,kp<=32k,0.1237,2
64,n<=64,sr<=40%,kvB<=1k,kp<=4k,0.1179,2
64,n<=64,sr<=40%,kvB<=1k,kp<=512,0.1101,2
64,n<=64,sr<=40%,kvB<=1k,kp<=64k,0.1539,2
64,n<=64,sr<=40%,kvB<=1k,kp<=8k,0.1298,2
64,n<=64,sr<=40%,kvB<=1k,kp=0,0.1182,2
64,n<=64,sr<=40%,kvB<=4k,kp<=16k,-0.0186,2
64,n<=64,sr<=40%,kvB<=4k,kp<=1k,-0.0012,2
64,n<=64,sr<=40%,kvB<=4k,kp<=2k,-0.0019,2
64,n<=64,sr<=40%,kvB<=4k,kp<=32k,-0.0219,2
64,n<=64,sr<=40%,kvB<=4k,kp<=4k,-0.0066,2
64,n<=64,sr<=40%,kvB<=4k,kp<=512,0.0035,2
64,n<=64,sr<=40%,kvB<=4k,kp<=64k,-0.0211,2
64,n<=64,sr<=40%,kvB<=4k,kp<=8k,-0.0221,2
64,n<=64,sr<=40%,kvB<=4k,kp=0,0.0002,2
64,n<=64,sr<=40%,kvB<=64k,kp<=16k,0.0,2
64,n<=64,sr<=40%,kvB<=64k,kp<=1k,0.0112,2
64,n<=64,sr<=40%,kvB<=64k,kp<=2k,0.0095,2
64,n<=64,sr<=40%,kvB<=64k,kp<=32k,-0.001,2
64,n<=64,sr<=40%,kvB<=64k,kp<=4k,0.0066,2
64,n<=64,sr<=40%,kvB<=64k,kp<=512,0.0047,2
64,n<=64,sr<=40%,kvB<=64k,kp<=64k,-0.0034,2
64,n<=64,sr<=40%,kvB<=64k,kp<=8k,-0.0026,2
64,n<=64,sr<=40%,kvB<=64k,kp=0,0.0047,2
64,n<=64,sr<=5%,kvB<=16k,kp<=16k,0.026,6
64,n<=64,sr<=5%,kvB<=16k,kp<=1k,0.0245,6
64,n<=64,sr<=5%,kvB<=16k,kp<=2k,0.0259,6
64,n<=64,sr<=5%,kvB<=16k,kp<=32k,0.0181,6
64,n<=64,sr<=5%,kvB<=16k,kp<=4k,0.0252,6
64,n<=64,sr<=5%,kvB<=16k,kp<=512,0.0242,6
64,n<=64,sr<=5%,kvB<=16k,kp<=64k,0.0243,6
64,n<=64,sr<=5%,kvB<=16k,kp<=8k,0.0236,6
64,n<=64,sr<=5%,kvB<=16k,kp=0,0.0261,6
64,n<=64,sr<=5%,kvB<=1k,kp<=16k,0.0303,6
64,n<=64,sr<=5%,kvB<=1k,kp<=1k,0.0349,6
64,n<=64,sr<=5%,kvB<=1k,kp<=2k,0.0338,6
64,n<=64,sr<=5%,kvB<=1k,kp<=32k,0.0227,6
64,n<=64,sr<=5%,kvB<=1k,kp<=4k,0.0286,6
64,n<=64,sr<=5%,kvB<=1k,kp<=512,0.0355,6
64,n<=64,sr<=5%,kvB<=1k,kp<=64k,0.0029,6
64,n<=64,sr<=5%,kvB<=1k,kp<=8k,0.0056,6
64,n<=64,sr<=5%,kvB<=1k,kp=0,0.0338,6
64,n<=64,sr<=5%,kvB<=4k,kp<=16k,0.0092,6
64,n<=64,sr<=5%,kvB<=4k,kp<=1k,0.0144,6
64,n<=64,sr<=5%,kvB<=4k,kp<=2k,0.0126,6
64,n<=64,sr<=5%,kvB<=4k,kp<=32k,0.0017,6
64,n<=64,sr<=5%,kvB<=4k,kp<=4k,0.0124,6
64,n<=64,sr<=5%,kvB<=4k,kp<=512,0.0144,6
64,n<=64,sr<=5%,kvB<=4k,kp<=64k,0.0037,6
64,n<=64,sr<=5%,kvB<=4k,kp<=8k,0.0087,6
64,n<=64,sr<=5%,kvB<=4k,kp=0,0.0125,6
64,n<=64,sr<=5%,kvB<=64k,kp<=16k,0.0267,6
64,n<=64,sr<=5%,kvB<=64k,kp<=1k,0.0264,6
64,n<=64,sr<=5%,kvB<=64k,kp<=2k,0.0277,6
64,n<=64,sr<=5%,kvB<=64k,kp<=32k,0.0214,6
64,n<=64,sr<=5%,kvB<=64k,kp<=4k,0.0302,6
64,n<=64,sr<=5%,kvB<=64k,kp<=512,0.028,6
64,n<=64,sr<=5%,kvB<=64k,kp<=64k,0.0204,6
64,n<=64,sr<=5%,kvB<=64k,kp<=8k,0.0291,6
64,n<=64,sr<=5%,kvB<=64k,kp=0,0.0298,6
64,n<=64,sr<=70%,kvB<=16k,kp<=16k,-0.0165,2
64,n<=64,sr<=70%,kvB<=16k,kp<=1k,0.0021,2
64,n<=64,sr<=70%,kvB<=16k,kp<=2k,-0.0048,2
64,n<=64,sr<=70%,kvB<=16k,kp<=32k,-0.0616,2
64,n<=64,sr<=70%,kvB<=16k,kp<=4k,-0.0011,2
64,n<=64,sr<=70%,kvB<=16k,kp<=512,-0.009,2
64,n<=64,sr<=70%,kvB<=16k,kp<=64k,-0.0421,2
64,n<=64,sr<=70%,kvB<=16k,kp<=8k,-0.0077,2
64,n<=64,sr<=70%,kvB<=16k,kp=0,-0.0093,2
64,n<=64,sr<=70%,kvB<=1k,kp<=16k,-0.0492,2
64,n<=64,sr<=70%,kvB<=1k,kp<=1k,0.1055,2
64,n<=64,sr<=70%,kvB<=1k,kp<=2k,0.1588,2
64,n<=64,sr<=70%,kvB<=1k,kp<=32k,-0.1128,2
64,n<=64,sr<=70%,kvB<=1k,kp<=4k,0.1451,2
64,n<=64,sr<=70%,kvB<=1k,kp<=512,0.1037,2
64,n<=64,sr<=70%,kvB<=1k,kp<=64k,-0.0119,2
64,n<=64,sr<=70%,kvB<=1k,kp<=8k,-0.0945,2
64,n<=64,sr<=70%,kvB<=1k,kp=0,0.1096,2
64,n<=64,sr<=70%,kvB<=4k,kp<=16k,-0.0269,2
64,n<=64,sr<=70%,kvB<=4k,kp<=1k,-0.0252,2
64,n<=64,sr<=70%,kvB<=4k,kp<=2k,-0.023,2
64,n<=64,sr<=70%,kvB<=4k,kp<=32k,-0.0933,2
64,n<=64,sr<=70%,kvB<=4k,kp<=4k,-0.0253,2
64,n<=64,sr<=70%,kvB<=4k,kp<=512,-0.0234,2
64,n<=64,sr<=70%,kvB<=4k,kp<=64k,-0.0587,2
64,n<=64,sr<=70%,kvB<=4k,kp<=8k,-0.0295,2
64,n<=64,sr<=70%,kvB<=4k,kp=0,-0.0444,2
64,n<=64,sr<=70%,kvB<=64k,kp<=16k,-0.0381,2
64,n<=64,sr<=70%,kvB<=64k,kp<=1k,-0.0319,2
64,n<=64,sr<=70%,kvB<=64k,kp<=2k,-0.0301,2
64,n<=64,sr<=70%,kvB<=64k,kp<=32k,-0.0336,2
64,n<=64,sr<=70%,kvB<=64k,kp<=4k,-0.0429,2
64,n<=64,sr<=70%,kvB<=64k,kp<=512,-0.0306,2
64,n<=64,sr<=70%,kvB<=64k,kp<=64k,-0.0492,2
64,n<=64,sr<=70%,kvB<=64k,kp<=8k,-0.0342,2
64,n<=64,sr<=70%,kvB<=64k,kp=0,-0.033,2
64,n<=64,sr>70%,kvB<=16k,kp<=16k,0.0023,4
64,n<=64,sr>70%,kvB<=16k,kp<=1k,0.0011,4
64,n<=64,sr>70%,kvB<=16k,kp<=2k,0.0003,4
64,n<=64,sr>70%,kvB<=16k,kp<=32k,-0.0177,4
64,n<=64,sr>70%,kvB<=16k,kp<=4k,-0.004,4
64,n<=64,sr>70%,kvB<=16k,kp<=512,0.0334,4
64,n<=64,sr>70%,kvB<=16k,kp<=64k,-0.0268,4
64,n<=64,sr>70%,kvB<=16k,kp<=8k,0.0037,4
64,n<=64,sr>70%,kvB<=16k,kp=0,-0.0087,4
64,n<=64,sr>70%,kvB<=1k,kp<=16k,0.2407,4
64,n<=64,sr>70%,kvB<=1k,kp<=1k,0.3451,4
64,n<=64,sr>70%,kvB<=1k,kp<=2k,0.4015,4
64,n<=64,sr>70%,kvB<=1k,kp<=32k,0.3202,4
64,n<=64,sr>70%,kvB<=1k,kp<=4k,0.3826,4
64,n<=64,sr>70%,kvB<=1k,kp<=512,0.3829,4
64,n<=64,sr>70%,kvB<=1k,kp<=64k,0.194,4
64,n<=64,sr>70%,kvB<=1k,kp<=8k,0.183,4
64,n<=64,sr>70%,kvB<=1k,kp=0,0.4004,4
64,n<=64,sr>70%,kvB<=4k,kp<=16k,0.0315,4
64,n<=64,sr>70%,kvB<=4k,kp<=1k,0.0929,4
64,n<=64,sr>70%,kvB<=4k,kp<=2k,0.1082,4
64,n<=64,sr>70%,kvB<=4k,kp<=32k,0.0265,4
64,n<=64,sr>70%,kvB<=4k,kp<=4k,0.0861,4
64,n<=64,sr>70%,kvB<=4k,kp<=512,0.0939,4
64,n<=64,sr>70%,kvB<=4k,kp<=64k,-0.0536,4
64,n<=64,sr>70%,kvB<=4k,kp<=8k,0.0887,4
64,n<=64,sr>70%,kvB<=4k,kp=0,0.0556,4
64,n<=64,sr>70%,kvB<=64k,kp<=16k,-0.047,4
64,n<=64,sr>70%,kvB<=64k,kp<=1k,-0.0524,4
64,n<=64,sr>70%,kvB<=64k,kp<=2k,-0.0462,4
64,n<=64,sr>70%,kvB<=64k,kp<=32k,-0.0388,4
64,n<=64,sr>70%,kvB<=64k,kp<=4k,-0.051,4
64,n<=64,sr>70%,kvB<=64k,kp<=512,-0.0293,4
64,n<=64,sr>70%,kvB<=64k,kp<=64k,-0.047,4
64,n<=64,sr>70%,kvB<=64k,kp<=8k,-0.0495,4
64,n<=64,sr>70%,kvB<=64k,kp=0,-0.0309,4
64,n<=8,sr<=15%,kvB<=16k,kp<=16k,0.3753,2
64,n<=8,sr<=15%,kvB<=16k,kp<=1k,0.4045,2
64,n<=8,sr<=15%,kvB<=16k,kp<=2k,0.4121,2
64,n<=8,sr<=15%,kvB<=16k,kp<=32k,0.397,2
64,n<=8,sr<=15%,kvB<=16k,kp<=4k,0.4139,2
64,n<=8,sr<=15%,kvB<=16k,kp<=512,0.4128,2
64,n<=8,sr<=15%,kvB<=16k,kp<=64k,0.3932,2
64,n<=8,sr<=15%,kvB<=16k,kp<=8k,0.3621,2
64,n<=8,sr<=15%,kvB<=16k,kp=0,0.4137,2
64,n<=8,sr<=15%,kvB<=1k,kp<=16k,0.1601,2
64,n<=8,sr<=15%,kvB<=1k,kp<=1k,0.4999,2
64,n<=8,sr<=15%,kvB<=1k,kp<=2k,0.4936,2
64,n<=8,sr<=15%,kvB<=1k,kp<=32k,0.2177,2
64,n<=8,sr<=15%,kvB<=1k,kp<=4k,0.4752,2
64,n<=8,sr<=15%,kvB<=1k,kp<=512,0.4475,2
64,n<=8,sr<=15%,kvB<=1k,kp<=64k,0.1003,2
64,n<=8,sr<=15%,kvB<=1k,kp<=8k,0.658,2
64,n<=8,sr<=15%,kvB<=1k,kp=0,0.6558,2
64,n<=8,sr<=15%,kvB<=4k,kp<=16k,0.1876,2
64,n<=8,sr<=15%,kvB<=4k,kp<=1k,0.3961,2
64,n<=8,sr<=15%,kvB<=4k,kp<=2k,0.3765,2
64,n<=8,sr<=15%,kvB<=4k,kp<=32k,0.25,2
64,n<=8,sr<=15%,kvB<=4k,kp<=4k,0.3965,2
64,n<=8,sr<=15%,kvB<=4k,kp<=512,0.3804,2
64,n<=8,sr<=15%,kvB<=4k,kp<=64k,0.1743,2
64,n<=8,sr<=15%,kvB<=4k,kp<=8k,0.2064,2
64,n<=8,sr<=15%,kvB<=4k,kp=0,0.3963,2
64,n<=8,sr<=15%,kvB<=64k,kp<=16k,0.4126,2
64,n<=8,sr<=15%,kvB<=64k,kp<=1k,0.417,2
64,n<=8,sr<=15%,kvB<=64k,kp<=2k,0.4161,2
64,n<=8,sr<=15%,kvB<=64k,kp<=32k,0.4132,2
64,n<=8,sr<=15%,kvB<=64k,kp<=4k,0.4179,2
64,n<=8,sr<=15%,kvB<=64k,kp<=512,0.4164,2
64,n<=8,sr<=15%,kvB<=64k,kp<=64k,0.4136,2
64,n<=8,sr<=15%,kvB<=64k,kp<=8k,0.4033,2
64,n<=8,sr<=15%,kvB<=64k,kp=0,0.4208,2
64,n<=8,sr<=40%,kvB<=16k,kp<=16k,0.2971,4
64,n<=8,sr<=40%,kvB<=16k,kp<=1k,0.2945,4
64,n<=8,sr<=40%,kvB<=16k,kp<=2k,0.294,4
64,n<=8,sr<=40%,kvB<=16k,kp<=32k,0.3087,4
64,n<=8,sr<=40%,kvB<=16k,kp<=4k,0.2971,4
64,n<=8,sr<=40%,kvB<=16k,kp<=512,0.2928,4
64,n<=8,sr<=40%,kvB<=16k,kp<=64k,0.2755,4
64,n<=8,sr<=40%,kvB<=16k,kp<=8k,0.3144,4
64,n<=8,sr<=40%,kvB<=16k,kp=0,0.3015,4
64,n<=8,sr<=40%,kvB<=1k,kp<=16k,-0.1393,4
64,n<=8,sr<=40%,kvB<=1k,kp<=1k,0.4791,4
64,n<=8,sr<=40%,kvB<=1k,kp<=2k,0.3949,4
64,n<=8,sr<=40%,kvB<=1k,kp<=32k,-0.0522,4
64,n<=8,sr<=40%,kvB<=1k,kp<=4k,0.4345,4
64,n<=8,sr<=40%,kvB<=1k,kp<=512,0.4484,4
64,n<=8,sr<=40%,kvB<=1k,kp<=64k,0.0973,3
64,n<=8,sr<=40%,kvB<=1k,kp<=8k,-0.527,3
64,n<=8,sr<=40%,kvB<=1k,kp=0,0.6059,4
64,n<=8,sr<=40%,kvB<=4k,kp<=16k,0.0698,4
64,n<=8,sr<=40%,kvB<=4k,kp<=1k,0.307,4
64,n<=8,sr<=40%,kvB<=4k,kp<=2k,0.2887,4
64,n<=8,sr<=40%,kvB<=4k,kp<=32k,0.1237,4
64,n<=8,sr<=40%,kvB<=4k,kp<=4k,0.3111,4
64,n<=8,sr<=40%,kvB<=4k,kp<=512,0.3108,4
64,n<=8,sr<=40%,kvB<=4k,kp<=64k,0.1449,4
64,n<=8,sr<=40%,kvB<=4k,kp<=8k,0.1479,4
64,n<=8,sr<=40%,kvB<=4k,kp=0,0.3209,4
64,n<=8,sr<=40%,kvB<=64k,kp<=16k,0.3075,4
64,n<=8,sr<=40%,kvB<=64k,kp<=1k,0.3079,4
64,n<=8,sr<=40%,kvB<=64k,kp<=2k,0.3066,4
64,n<=8,sr<=40%,kvB<=64k,kp<=32k,0.3072,4
64,n<=8,sr<=40%,kvB<=64k,kp<=4k,0.3089,4
64,n<=8,sr<=40%,kvB<=64k,kp<=512,0.307,4
64,n<=8,sr<=40%,kvB<=64k,kp<=64k,0.3054,4
64,n<=8,sr<=40%,kvB<=64k,kp<=8k,0.3053,4
64,n<=8,sr<=40%,kvB<=64k,kp=0,0.3091,4
64,n<=8,sr<=70%,kvB<=16k,kp<=16k,0.1462,2
64,n<=8,sr<=70%,kvB<=16k,kp<=1k,0.1788,2
64,n<=8,sr<=70%,kvB<=16k,kp<=2k,0.1788,2
64,n<=8,sr<=70%,kvB<=16k,kp<=32k,0.1655,2
64,n<=8,sr<=70%,kvB<=16k,kp<=4k,0.1654,2
64,n<=8,sr<=70%,kvB<=16k,kp<=512,0.1974,2
64,n<=8,sr<=70%,kvB<=16k,kp<=64k,0.1322,2
64,n<=8,sr<=70%,kvB<=16k,kp<=8k,0.2209,2
64,n<=8,sr<=70%,kvB<=16k,kp=0,0.1906,2
64,n<=8,sr<=70%,kvB<=1k,kp<=16k,-0.4798,2
64,n<=8,sr<=70%,kvB<=1k,kp<=1k,0.5238,2
64,n<=8,sr<=70%,kvB<=1k,kp<=2k,0.4516,2
64,n<=8,sr<=70%,kvB<=1k,kp<=32k,-0.1192,2
64,n<=8,sr<=70%,kvB<=1k,kp<=4k,0.3146,2
64,n<=8,sr<=70%,kvB<=1k,kp<=512,0.4866,2
64,n<=8,sr<=70%,kvB<=1k,kp<=64k,-0.3029,2
64,n<=8,sr<=70%,kvB<=1k,kp=0,0.6146,2
64,n<=8,sr<=70%,kvB<=4k,kp<=16k,0.0261,2
64,n<=8,sr<=70%,kvB<=4k,kp<=1k,0.2919,2
64,n<=8,sr<=70%,kvB<=4k,kp<=2k,0.2767,2
64,n<=8,sr<=70%,kvB<=4k,kp<=32k,0.0322,2
64,n<=8,sr<=70%,kvB<=4k,kp<=4k,0.2439,2
64,n<=8,sr<=70%,kvB<=4k,kp<=512,0.2654,2
64,n<=8,sr<=70%,kvB<=4k,kp<=64k,0.1656,2
64,n<=8,sr<=70%,kvB<=4k,kp<=8k,-0.8442,2
64,n<=8,sr<=70%,kvB<=4k,kp=0,0.2675,2
64,n<=8,sr<=70%,kvB<=64k,kp<=16k,0.174,2
64,n<=8,sr<=70%,kvB<=64k,kp<=1k,0.1781,2
64,n<=8,sr<=70%,kvB<=64k,kp<=2k,0.1715,2
64,n<=8,sr<=70%,kvB<=64k,kp<=32k,0.1827,2
64,n<=8,sr<=70%,kvB<=64k,kp<=4k,0.1799,2
64,n<=8,sr<=70%,kvB<=64k,kp<=512,0.1921,2
64,n<=8,sr<=70%,kvB<=64k,kp<=64k,0.1649,2
64,n<=8,sr<=70%,kvB<=64k,kp<=8k,0.1839,2
64,n<=8,sr<=70%,kvB<=64k,kp=0,0.1707,2
64,n<=8,sr>70%,kvB<=16k,kp<=16k,0.0256,4
64,n<=8,sr>70%,kvB<=16k,kp<=1k,0.0681,4
64,n<=8,sr>70%,kvB<=16k,kp<=2k,0.0741,4
64,n<=8,sr>70%,kvB<=16k,kp<=32k,0.0277,4
64,n<=8,sr>70%,kvB<=16k,kp<=4k,0.0424,4
64,n<=8,sr>70%,kvB<=16k,kp<=512,0.0598,4
64,n<=8,sr>70%,kvB<=16k,kp<=64k,0.1535,4
64,n<=8,sr>70%,kvB<=16k,kp<=8k,0.1029,4
64,n<=8,sr>70%,kvB<=16k,kp=0,0.0503,4
64,n<=8,sr>70%,kvB<=1k,kp<=16k,-0.4779,4
64,n<=8,sr>70%,kvB<=1k,kp<=1k,0.5868,4
64,n<=8,sr>70%,kvB<=1k,kp<=2k,0.7092,4
64,n<=8,sr>70%,kvB<=1k,kp<=32k,-0.4066,3
64,n<=8,sr>70%,kvB<=1k,kp<=4k,0.7269,4
64,n<=8,sr>70%,kvB<=1k,kp<=512,0.5824,4
64,n<=8,sr>70%,kvB<=1k,kp<=64k,-0.8019,4
64,n<=8,sr>70%,kvB<=1k,kp<=8k,0.3393,3
64,n<=8,sr>70%,kvB<=1k,kp=0,0.7634,4
64,n<=8,sr>70%,kvB<=4k,kp<=16k,-0.1704,4
64,n<=8,sr>70%,kvB<=4k,kp<=1k,0.1837,4
64,n<=8,sr>70%,kvB<=4k,kp<=2k,0.3116,4
64,n<=8,sr>70%,kvB<=4k,kp<=32k,-0.5996,4
64,n<=8,sr>70%,kvB<=4k,kp<=4k,0.1774,4
64,n<=8,sr>70%,kvB<=4k,kp<=512,0.1655,4
64,n<=8,sr>70%,kvB<=4k,kp<=64k,-0.3453,3
64,n<=8,sr>70%,kvB<=4k,kp<=8k,-0.2838,3
64,n<=8,sr>70%,kvB<=4k,kp=0,0.1214,4
64,n<=8,sr>70%,kvB<=64k,kp<=16k,0.0179,4
64,n<=8,sr>70%,kvB<=64k,kp<=1k,0.0362,4
64,n<=8,sr>70%,kvB<=64k,kp<=2k,0.0349,4
64,n<=8,sr>70%,kvB<=64k,kp<=32k,0.0499,4
64,n<=8,sr>70%,kvB<=64k,kp<=4k,0.0542,4
64,n<=8,sr>70%,kvB<=64k,kp<=512,0.036,4
64,n<=8,sr>70%,kvB<=64k,kp<=64k,0.0325,4
64,n<=8,sr>70%,kvB<=64k,kp<=8k,0.0526,4
64,n<=8,sr>70%,kvB<=64k,kp=0,0.0326,4
128,n<=16,sr<=15%,kvB<=16k,kp<=16k,0.4322,4
128,n<=16,sr<=15%,kvB<=16k,kp<=1k,0.4307,4
128,n<=16,sr<=15%,kvB<=16k,kp<=2k,0.4377,4
128,n<=16,sr<=15%,kvB<=16k,kp<=32k,0.4369,4
128,n<=16,sr<=15%,kvB<=16k,kp<=4k,0.4292,4
128,n<=16,sr<=15%,kvB<=16k,kp<=512,0.4304,4
128,n<=16,sr<=15%,kvB<=16k,kp<=64k,0.4529,4
128,n<=16,sr<=15%,kvB<=16k,kp<=8k,0.4581,4
128,n<=16,sr<=15%,kvB<=16k,kp=0,0.4314,4
128,n<=16,sr<=15%,kvB<=1k,kp<=16k,0.3002,4
128,n<=16,sr<=15%,kvB<=1k,kp<=1k,0.4452,4
128,n<=16,sr<=15%,kvB<=1k,kp<=2k,0.4241,4
128,n<=16,sr<=15%,kvB<=1k,kp<=32k,0.2669,4
128,n<=16,sr<=15%,kvB<=1k,kp<=4k,0.3989,4
128,n<=16,sr<=15%,kvB<=1k,kp<=512,0.4157,4
128,n<=16,sr<=15%,kvB<=1k,kp<=64k,0.2049,4
128,n<=16,sr<=15%,kvB<=1k,kp<=8k,0.4187,4
128,n<=16,sr<=15%,kvB<=1k,kp=0,0.4375,4
128,n<=16,sr<=15%,kvB<=4k,kp<=16k,0.4086,4
128,n<=16,sr<=15%,kvB<=4k,kp<=1k,0.41,4
128,n<=16,sr<=15%,kvB<=4k,kp<=2k,0.4145,4
128,n<=16,sr<=15%,kvB<=4k,kp<=32k,0.4162,4
128,n<=16,sr<=15%,kvB<=4k,kp<=4k,0.4212,4
128,n<=16,sr<=15%,kvB<=4k,kp<=512,0.4232,4
128,n<=16,sr<=15%,kvB<=4k,kp<=64k,0.4307,4
128,n<=16,sr<=15%,kvB<=4k,kp<=8k,0.4123,4
128,n<=16,sr<=15%,kvB<=4k,kp=0,0.4137,4
128,n<=16,sr<=15%,kvB<=64k,kp<=16k,0.4294,4
128,n<=16,sr<=15%,kvB<=64k,kp<=1k,0.4346,4
128,n<=16,sr<=15%,kvB<=64k,kp<=2k,0.4316,4
128,n<=16,sr<=15%,kvB<=64k,kp<=32k,0.4352,4
128,n<=16,sr<=15%,kvB<=64k,kp<=4k,0.4336,4
128,n<=16,sr<=15%,kvB<=64k,kp<=512,0.434,4
128,n<=16,sr<=15%,kvB<=64k,kp<=64k,0.4366,4
128,n<=16,sr<=15%,kvB<=64k,kp<=8k,0.4346,4
128,n<=16,sr<=15%,kvB<=64k,kp=0,0.4346,4
128,n<=16,sr<=40%,kvB<=16k,kp<=16k,0.3627,4
128,n<=16,sr<=40%,kvB<=16k,kp<=1k,0.3589,4
128,n<=16,sr<=40%,kvB<=16k,kp<=2k,0.358,4
128,n<=16,sr<=40%,kvB<=16k,kp<=32k,0.3588,4
128,n<=16,sr<=40%,kvB<=16k,kp<=4k,0.3563,4
128,n<=16,sr<=40%,kvB<=16k,kp<=512,0.362,4
128,n<=16,sr<=40%,kvB<=16k,kp<=64k,0.3751,4
128,n<=16,sr<=40%,kvB<=16k,kp<=8k,0.3538,4
128,n<=16,sr<=40%,kvB<=16k,kp=0,0.3579,4
128,n<=16,sr<=40%,kvB<=1k,kp<=16k,0.3708,4
128,n<=16,sr<=40%,kvB<=1k,kp<=1k,0.4205,4
128,n<=16,sr<=40%,kvB<=1k,kp<=2k,0.4371,4
128,n<=16,sr<=40%,kvB<=1k,kp<=32k,0.4717,4
128,n<=16,sr<=40%,kvB<=1k,kp<=4k,0.4211,4
128,n<=16,sr<=40%,kvB<=1k,kp<=512,0.4456,4
128,n<=16,sr<=40%,kvB<=1k,kp<=64k,0.2846,4
128,n<=16,sr<=40%,kvB<=1k,kp<=8k,0.3659,4
128,n<=16,sr<=40%,kvB<=1k,kp=0,0.4419,4
128,n<=16,sr<=40%,kvB<=4k,kp<=16k,0.3441,4
128,n<=16,sr<=40%,kvB<=4k,kp<=1k,0.3383,4
128,n<=16,sr<=40%,kvB<=4k,kp<=2k,0.3559,4
128,n<=16,sr<=40%,kvB<=4k,kp<=32k,0.4102,4
128,n<=16,sr<=40%,kvB<=4k,kp<=4k,0.3579,4
128,n<=16,sr<=40%,kvB<=4k,kp<=512,0.3445,4
128,n<=16,sr<=40%,kvB<=4k,kp<=64k,0.381,4
128,n<=16,sr<=40%,kvB<=4k,kp<=8k,0.2942,4
128,n<=16,sr<=40%,kvB<=4k,kp=0,0.3468,4
128,n<=16,sr<=40%,kvB<=64k,kp<=16k,0.3633,4
128,n<=16,sr<=40%,kvB<=64k,kp<=1k,0.3635,4
128,n<=16,sr<=40%,kvB<=64k,kp<=2k,0.3602,4
128,n<=16,sr<=40%,kvB<=64k,kp<=32k,0.3633,4
128,n<=16,sr<=40%,kvB<=64k,kp<=4k,0.3617,4
128,n<=16,sr<=40%,kvB<=64k,kp<=512,0.3635,4
128,n<=16,sr<=40%,kvB<=64k,kp<=64k,0.3653,4
128,n<=16,sr<=40%,kvB<=64k,kp<=8k,0.3622,4
128,n<=16,sr<=40%,kvB<=64k,kp=0,0.3653,4
128,n<=16,sr<=70%,kvB<=16k,kp<=16k,0.1708,2
128,n<=16,sr<=70%,kvB<=16k,kp<=1k,0.1541,2
128,n<=16,sr<=70%,kvB<=16k,kp<=2k,0.1738,2
128,n<=16,sr<=70%,kvB<=16k,kp<=32k,0.1717,2
128,n<=16,sr<=70%,kvB<=16k,kp<=4k,0.1685,2
128,n<=16,sr<=70%,kvB<=16k,kp<=512,0.1735,2
128,n<=16,sr<=70%,kvB<=16k,kp<=64k,0.1699,2
128,n<=16,sr<=70%,kvB<=16k,kp<=8k,0.1354,2
128,n<=16,sr<=70%,kvB<=16k,kp=0,0.1608,2
128,n<=16,sr<=70%,kvB<=1k,kp<=16k,-0.0727,2
128,n<=16,sr<=70%,kvB<=1k,kp<=1k,0.2878,2
128,n<=16,sr<=70%,kvB<=1k,kp<=2k,0.3279,2
128,n<=16,sr<=70%,kvB<=1k,kp<=32k,-0.1857,2
128,n<=16,sr<=70%,kvB<=1k,kp<=4k,0.2969,2
128,n<=16,sr<=70%,kvB<=1k,kp<=512,0.2852,2
128,n<=16,sr<=70%,kvB<=1k,kp<=64k,0.3034,2
128,n<=16,sr<=70%,kvB<=1k,kp<=8k,0.1367,2
128,n<=16,sr<=70%,kvB<=1k,kp=0,0.2878,2
128,n<=16,sr<=70%,kvB<=4k,kp<=16k,0.1216,2
128,n<=16,sr<=70%,kvB<=4k,kp<=1k,0.175,2
128,n<=16,sr<=70%,kvB<=4k,kp<=2k,0.1733,2
128,n<=16,sr<=70%,kvB<=4k,kp<=32k,0.1869,2
128,n<=16,sr<=70%,kvB<=4k,kp<=4k,0.2079,2
128,n<=16,sr<=70%,kvB<=4k,kp<=512,0.153,2
128,n<=16,sr<=70%,kvB<=4k,kp<=64k,0.2566,2
128,n<=16,sr<=70%,kvB<=4k,kp<=8k,0.174,2
128,n<=16,sr<=70%,kvB<=4k,kp=0,0.147,2
128,n<=16,sr<=70%,kvB<=64k,kp<=16k,0.1693,2
128,n<=16,sr<=70%,kvB<=64k,kp<=1k,0.1743,2
128,n<=16,sr<=70%,kvB<=64k,kp<=2k,0.1792,2
128,n<=16,sr<=70%,kvB<=64k,kp<=32k,0.1737,2
128,n<=16,sr<=70%,kvB<=64k,kp<=4k,0.1807,2
128,n<=16,sr<=70%,kvB<=64k,kp<=512,0.1754,2
128,n<=16,sr<=70%,kvB<=64k,kp<=64k,0.1711,2
128,n<=16,sr<=70%,kvB<=64k,kp<=8k,0.1936,2
128,n<=16,sr<=70%,kvB<=64k,kp=0,0.1763,2
128,n<=16,sr>70%,kvB<=16k,kp<=16k,0.0522,4
128,n<=16,sr>70%,kvB<=16k,kp<=1k,0.031,4
128,n<=16,sr>70%,kvB<=16k,kp<=2k,0.0318,4
128,n<=16,sr>70%,kvB<=16k,kp<=32k,0.0158,4
128,n<=16,sr>70%,kvB<=16k,kp<=4k,0.0331,4
128,n<=16,sr>70%,kvB<=16k,kp<=512,0.0451,4
128,n<=16,sr>70%,kvB<=16k,kp<=64k,-0.0326,4
128,n<=16,sr>70%,kvB<=16k,kp<=8k,0.03,4
128,n<=16,sr>70%,kvB<=16k,kp=0,0.0243,4
128,n<=16,sr>70%,kvB<=1k,kp<=16k,-0.0324,4
128,n<=16,sr>70%,kvB<=1k,kp<=1k,0.3678,4
128,n<=16,sr>70%,kvB<=1k,kp<=2k,0.4139,4
128,n<=16,sr>70%,kvB<=1k,kp<=32k,0.1256,4
128,n<=16,sr>70%,kvB<=1k,kp<=4k,0.337,4
128,n<=16,sr>70%,kvB<=1k,kp<=512,0.3813,4
128,n<=16,sr>70%,kvB<=1k,kp<=64k,-0.1373,4
128,n<=16,sr>70%,kvB<=1k,kp<=8k,0.3383,4
128,n<=16,sr>70%,kvB<=1k,kp=0,0.3728,4
128,n<=16,sr>70%,kvB<=4k,kp<=16k,0.0424,4
128,n<=16,sr>70%,kvB<=4k,kp<=1k,0.1108,4
128,n<=16,sr>70%,kvB<=4k,kp<=2k,0.0583,4
128,n<=16,sr>70%,kvB<=4k,kp<=32k,-0.1357,4
128,n<=16,sr>70%,kvB<=4k,kp<=4k,0.1747,4
128,n<=16,sr>70%,kvB<=4k,kp<=512,0.1026,4
128,n<=16,sr>70%,kvB<=4k,kp<=64k,0.0869,4
128,n<=16,sr>70%,kvB<=4k,kp<=8k,0.0404,4
128,n<=16,sr>70%,kvB<=4k,kp=0,0.17,4
128,n<=16,sr>70%,kvB<=64k,kp<=16k,0.0438,4
128,n<=16,sr>70%,kvB<=64k,kp<=1k,0.039,4
128,n<=16,sr>70%,kvB<=64k,kp<=2k,0.0597,4
128,n<=16,sr>70%,kvB<=64k,kp<=32k,0.0142,4
128,n<=16,sr>70%,kvB<=64k,kp<=4k,0.0553,4
128,n<=16,sr>70%,kvB<=64k,kp<=512,0.0463,4
128,n<=16,sr>70%,kvB<=64k,kp<=64k,0.0487,4
128,n<=16,sr>70%,kvB<=64k,kp<=8k,0.0355,4
128,n<=16,sr>70%,kvB<=64k,kp=0,0.0389,4
128,n<=2,sr<=70%,kvB<=16k,kp<=16k,0.062,2
128,n<=2,sr<=70%,kvB<=16k,kp<=1k,0.1159,2
128,n<=2,sr<=70%,kvB<=16k,kp<=2k,0.1634,2
128,n<=2,sr<=70%,kvB<=16k,kp<=32k,0.0565,2
128,n<=2,sr<=70%,kvB<=16k,kp<=4k,0.1474,2
128,n<=2,sr<=70%,kvB<=16k,kp<=512,0.1421,2
128,n<=2,sr<=70%,kvB<=16k,kp<=64k,0.0402,2
128,n<=2,sr<=70%,kvB<=16k,kp<=8k,0.3194,1
128,n<=2,sr<=70%,kvB<=16k,kp=0,0.1763,2
128,n<=2,sr<=70%,kvB<=1k,kp<=16k,0.7322,1
128,n<=2,sr<=70%,kvB<=1k,kp<=1k,0.6246,2
128,n<=2,sr<=70%,kvB<=1k,kp<=2k,-0.0008,1
128,n<=2,sr<=70%,kvB<=1k,kp<=32k,0.5311,2
128,n<=2,sr<=70%,kvB<=1k,kp<=4k,0.7288,1
128,n<=2,sr<=70%,kvB<=1k,kp<=512,0.8722,1
128,n<=2,sr<=70%,kvB<=1k,kp<=64k,0.3092,2
128,n<=2,sr<=70%,kvB<=1k,kp<=8k,0.4664,1
128,n<=2,sr<=70%,kvB<=1k,kp=0,0.5361,2
128,n<=2,sr<=70%,kvB<=4k,kp<=16k,-0.37,2
128,n<=2,sr<=70%,kvB<=4k,kp<=1k,0.4945,2
128,n<=2,sr<=70%,kvB<=4k,kp<=2k,0.5266,2
128,n<=2,sr<=70%,kvB<=4k,kp<=32k,0.046,2
128,n<=2,sr<=70%,kvB<=4k,kp<=4k,0.1773,2
128,n<=2,sr<=70%,kvB<=4k,kp<=512,0.5738,2
128,n<=2,sr<=70%,kvB<=4k,kp<=64k,0.5259,2
128,n<=2,sr<=70%,kvB<=4k,kp<=8k,0.8273,2
128,n<=2,sr<=70%,kvB<=4k,kp=0,0.52,2
128,n<=2,sr<=70%,kvB<=64k,kp<=16k,0.109,2
128,n<=2,sr<=70%,kvB<=64k,kp<=1k,0.082,2
128,n<=2,sr<=70%,kvB<=64k,kp<=2k,0.0901,2
128,n<=2,sr<=70%,kvB<=64k,kp<=32k,0.084,2
128,n<=2,sr<=70%,kvB<=64k,kp<=4k,0.0744,2
128,n<=2,sr<=70%,kvB<=64k,kp<=512,0.0834,2
128,n<=2,sr<=70%,kvB<=64k,kp<=64k,0.1401,2
128,n<=2,sr<=70%,kvB<=64k,kp<=8k,0.1544,2
128,n<=2,sr<=70%,kvB<=64k,kp=0,0.0888,2
128,n<=32,sr<=15%,kvB<=16k,kp<=16k,0.175,6
128,n<=32,sr<=15%,kvB<=16k,kp<=1k,0.1815,6
128,n<=32,sr<=15%,kvB<=16k,kp<=2k,0.1811,6
128,n<=32,sr<=15%,kvB<=16k,kp<=32k,0.1762,6
128,n<=32,sr<=15%,kvB<=16k,kp<=4k,0.1763,6
128,n<=32,sr<=15%,kvB<=16k,kp<=512,0.1838,6
128,n<=32,sr<=15%,kvB<=16k,kp<=64k,0.1843,6
128,n<=32,sr<=15%,kvB<=16k,kp<=8k,0.176,6
128,n<=32,sr<=15%,kvB<=16k,kp=0,0.1827,6
128,n<=32,sr<=15%,kvB<=1k,kp<=16k,0.1799,6
128,n<=32,sr<=15%,kvB<=1k,kp<=1k,0.206,6
128,n<=32,sr<=15%,kvB<=1k,kp<=2k,0.2002,6
128,n<=32,sr<=15%,kvB<=1k,kp<=32k,0.1765,6
128,n<=32,sr<=15%,kvB<=1k,kp<=4k,0.1866,6
128,n<=32,sr<=15%,kvB<=1k,kp<=512,0.2027,6
128,n<=32,sr<=15%,kvB<=1k,kp<=64k,0.2015,6
128,n<=32,sr<=15%,kvB<=1k,kp<=8k,0.2313,6
128,n<=32,sr<=15%,kvB<=1k,kp=0,0.1914,6
128,n<=32,sr<=15%,kvB<=4k,kp<=16k,0.1657,6
128,n<=32,sr<=15%,kvB<=4k,kp<=1k,0.1836,6
128,n<=32,sr<=15%,kvB<=4k,kp<=2k,0.1904,6
128,n<=32,sr<=15%,kvB<=4k,kp<=32k,0.1795,6
128,n<=32,sr<=15%,kvB<=4k,kp<=4k,0.1979,6
128,n<=32,sr<=15%,kvB<=4k,kp<=512,0.1887,6
128,n<=32,sr<=15%,kvB<=4k,kp<=64k,0.1771,6
128,n<=32,sr<=15%,kvB<=4k,kp<=8k,0.1886,6
128,n<=32,sr<=15%,kvB<=4k,kp=0,0.1966,6
128,n<=32,sr<=15%,kvB<=64k,kp<=16k,0.1761,6
128,n<=32,sr<=15%,kvB<=64k,kp<=1k,0.1772,6
128,n<=32,sr<=15%,kvB<=64k,kp<=2k,0.177,6
128,n<=32,sr<=15%,kvB<=64k,kp<=32k,0.1718,6
128,n<=32,sr<=15%,kvB<=64k,kp<=4k,0.1772,6
128,n<=32,sr<=15%,kvB<=64k,kp<=512,0.1746,6
128,n<=32,sr<=15%,kvB<=64k,kp<=64k,0.1751,6
128,n<=32,sr<=15%,kvB<=64k,kp<=8k,0.1728,6
128,n<=32,sr<=15%,kvB<=64k,kp=0,0.1775,6
128,n<=32,sr<=40%,kvB<=16k,kp<=16k,0.0782,2
128,n<=32,sr<=40%,kvB<=16k,kp<=1k,0.0775,2
128,n<=32,sr<=40%,kvB<=16k,kp<=2k,0.0875,2
128,n<=32,sr<=40%,kvB<=16k,kp<=32k,0.0707,2
128,n<=32,sr<=40%,kvB<=16k,kp<=4k,0.0769,2
128,n<=32,sr<=40%,kvB<=16k,kp<=512,0.0801,2
128,n<=32,sr<=40%,kvB<=16k,kp<=64k,0.0765,2
128,n<=32,sr<=40%,kvB<=16k,kp<=8k,0.0634,2
128,n<=32,sr<=40%,kvB<=16k,kp=0,0.0795,2
128,n<=32,sr<=40%,kvB<=1k,kp<=16k,0.1572,2
128,n<=32,sr<=40%,kvB<=1k,kp<=1k,0.2052,2
128,n<=32,sr<=40%,kvB<=1k,kp<=2k,0.2253,2
128,n<=32,sr<=40%,kvB<=1k,kp<=32k,0.2397,2
128,n<=32,sr<=40%,kvB<=1k,kp<=4k,0.2338,2
128,n<=32,sr<=40%,kvB<=1k,kp<=512,0.1947,2
128,n<=32,sr<=40%,kvB<=1k,kp<=64k,0.2386,2
128,n<=32,sr<=40%,kvB<=1k,kp<=8k,0.1448,2
128,n<=32,sr<=40%,kvB<=1k,kp=0,0.2088,2
128,n<=32,sr<=40%,kvB<=4k,kp<=16k,0.0757,2
128,n<=32,sr<=40%,kvB<=4k,kp<=1k,0.0855,2
128,n<=32,sr<=40%,kvB<=4k,kp<=2k,0.0973,2
128,n<=32,sr<=40%,kvB<=4k,kp<=32k,0.0823,2
128,n<=32,sr<=40%,kvB<=4k,kp<=4k,0.0916,2
128,n<=32,sr<=40%,kvB<=4k,kp<=512,0.0915,2
128,n<=32,sr<=40%,kvB<=4k,kp<=64k,0.0855,2
128,n<=32,sr<=40%,kvB<=4k,kp<=8k,0.0946,2
128,n<=32,sr<=40%,kvB<=4k,kp=0,0.0955,2
128,n<=32,sr<=40%,kvB<=64k,kp<=16k,0.0679,2
128,n<=32,sr<=40%,kvB<=64k,kp<=1k,0.0701,2
128,n<=32,sr<=40%,kvB<=64k,kp<=2k,0.0793,2
128,n<=32,sr<=40%,kvB<=64k,kp<=32k,0.0698,2
128,n<=32,sr<=40%,kvB<=64k,kp<=4k,0.0708,2
128,n<=32,sr<=40%,kvB<=64k,kp<=512,0.0793,2
128,n<=32,sr<=40%,kvB<=64k,kp<=64k,0.0745,2
128,n<=32,sr<=40%,kvB<=64k,kp<=8k,0.0732,2
128,n<=32,sr<=40%,kvB<=64k,kp=0,0.0713,2
128,n<=32,sr<=5%,kvB<=16k,kp<=16k,0.216,2
128,n<=32,sr<=5%,kvB<=16k,kp<=1k,0.2139,2
128,n<=32,sr<=5%,kvB<=16k,kp<=2k,0.2232,2
128,n<=32,sr<=5%,kvB<=16k,kp<=32k,0.2161,2
128,n<=32,sr<=5%,kvB<=16k,kp<=4k,0.2116,2
128,n<=32,sr<=5%,kvB<=16k,kp<=512,0.2133,2
128,n<=32,sr<=5%,kvB<=16k,kp<=64k,0.228,2
128,n<=32,sr<=5%,kvB<=16k,kp<=8k,0.2099,2
128,n<=32,sr<=5%,kvB<=16k,kp=0,0.2148,2
128,n<=32,sr<=5%,kvB<=1k,kp<=16k,0.1842,2
128,n<=32,sr<=5%,kvB<=1k,kp<=1k,0.21,2
128,n<=32,sr<=5%,kvB<=1k,kp<=2k,0.2011,2
128,n<=32,sr<=5%,kvB<=1k,kp<=32k,0.1078,2
128,n<=32,sr<=5%,kvB<=1k,kp<=4k,0.1905,2
128,n<=32,sr<=5%,kvB<=1k,kp<=512,0.2015,2
128,n<=32,sr<=5%,kvB<=1k,kp<=64k,0.1089,2
128,n<=32,sr<=5%,kvB<=1k,kp<=8k,0.1243,2
128,n<=32,sr<=5%,kvB<=1k,kp=0,0.1967,2
128,n<=32,sr<=5%,kvB<=4k,kp<=16k,0.2204,2
128,n<=32,sr<=5%,kvB<=4k,kp<=1k,0.2362,2
128,n<=32,sr<=5%,kvB<=4k,kp<=2k,0.226,2
128,n<=32,sr<=5%,kvB<=4k,kp<=32k,0.2168,2
128,n<=32,sr<=5%,kvB<=4k,kp<=4k,0.2265,2
128,n<=32,sr<=5%,kvB<=4k,kp<=512,0.2225,2
128,n<=32,sr<=5%,kvB<=4k,kp<=64k,0.2059,2
128,n<=32,sr<=5%,kvB<=4k,kp<=8k,0.2044,2
128,n<=32,sr<=5%,kvB<=4k,kp=0,0.2251,2
128,n<=32,sr<=5%,kvB<=64k,kp<=16k,0.2165,2
128,n<=32,sr<=5%,kvB<=64k,kp<=1k,0.216,2
128,n<=32,sr<=5%,kvB<=64k,kp<=2k,0.211,2
128,n<=32,sr<=5%,kvB<=64k,kp<=32k,0.2137,2
128,n<=32,sr<=5%,kvB<=64k,kp<=4k,0.2184,2
128,n<=32,sr<=5%,kvB<=64k,kp<=512,0.2146,2
128,n<=32,sr<=5%,kvB<=64k,kp<=64k,0.214,2
128,n<=32,sr<=5%,kvB<=64k,kp<=8k,0.2148,2
128,n<=32,sr<=5%,kvB<=64k,kp=0,0.2176,2
128,n<=32,sr<=70%,kvB<=16k,kp<=16k,-0.0011,2
128,n<=32,sr<=70%,kvB<=16k,kp<=1k,-0.007,2
128,n<=32,sr<=70%,kvB<=16k,kp<=2k,0.0033,2
128,n<=32,sr<=70%,kvB<=16k,kp<=32k,0.0031,2
128,n<=32,sr<=70%,kvB<=16k,kp<=4k,0.0047,2
128,n<=32,sr<=70%,kvB<=16k,kp<=512,0.0064,2
128,n<=32,sr<=70%,kvB<=16k,kp<=64k,0.0075,2
128,n<=32,sr<=70%,kvB<=16k,kp<=8k,0.024,2
128,n<=32,sr<=70%,kvB<=16k,kp=0,0.0008,2
128,n<=32,sr<=70%,kvB<=1k,kp<=16k,-0.0995,2
128,n<=32,sr<=70%,kvB<=1k,kp<=1k,0.1444,2
128,n<=32,sr<=70%,kvB<=1k,kp<=2k,0.1961,2
128,n<=32,sr<=70%,kvB<=1k,kp<=32k,-0.0948,2
128,n<=32,sr<=70%,kvB<=1k,kp<=4k,0.1208,2
128,n<=32,sr<=70%,kvB<=1k,kp<=512,0.1431,2
128,n<=32,sr<=70%,kvB<=1k,kp<=64k,0.0598,2
128,n<=32,sr<=70%,kvB<=1k,kp<=8k,0.0905,2
128,n<=32,sr<=70%,kvB<=1k,kp=0,0.1818,2
128,n<=32,sr<=70%,kvB<=4k,kp<=16k,-0.0261,2
128,n<=32,sr<=70%,kvB<=4k,kp<=1k,0.0361,2
128,n<=32,sr<=70%,kvB<=4k,kp<=2k,0.0284,2
128,n<=32,sr<=70%,kvB<=4k,kp<=32k,-0.0281,2
128,n<=32,sr<=70%,kvB<=4k,kp<=4k,0.0195,2
128,n<=32,sr<=70%,kvB<=4k,kp<=512,0.0342,2
128,n<=32,sr<=70%,kvB<=4k,kp<=64k,0.1037,2
128,n<=32,sr<=70%,kvB<=4k,kp<=8k,-0.066,2
128,n<=32,sr<=70%,kvB<=4k,kp=0,0.0276,2
128,n<=32,sr<=70%,kvB<=64k,kp<=16k,-0.0068,2
128,n<=32,sr<=70%,kvB<=64k,kp<=1k,-0.005,2
128,n<=32,sr<=70%,kvB<=64k,kp<=2k,-0.003,2
128,n<=32,sr<=70%,kvB<=64k,kp<=32k,0.0009,2
128,n<=32,sr<=70%,kvB<=64k,kp<=4k,-0.0009,2
128,n<=32,sr<=70%,kvB<=64k,kp<=512,-0.0115,2
128,n<=32,sr<=70%,kvB<=64k,kp<=64k,0.0036,2
128,n<=32,sr<=70%,kvB<=64k,kp<=8k,-0.0119,2
128,n<=32,sr<=70%,kvB<=64k,kp=0,-0.0069,2
128,n<=32,sr>70%,kvB<=16k,kp<=16k,0.3269,4
128,n<=32,sr>70%,kvB<=16k,kp<=1k,0.2329,4
128,n<=32,sr>70%,kvB<=16k,kp<=2k,0.2788,4
128,n<=32,sr>70%,kvB<=16k,kp<=32k,0.2526,4
128,n<=32,sr>70%,kvB<=16k,kp<=4k,0.2815,4
128,n<=32,sr>70%,kvB<=16k,kp<=512,0.2982,4
128,n<=32,sr>70%,kvB<=16k,kp<=64k,0.3213,4
128,n<=32,sr>70%,kvB<=16k,kp<=8k,0.3366,4
128,n<=32,sr>70%,kvB<=16k,kp=0,0.2785,4
128,n<=32,sr>70%,kvB<=1k,kp<=16k,0.394,4
128,n<=32,sr>70%,kvB<=1k,kp<=1k,0.5154,4
128,n<=32,sr>70%,kvB<=1k,kp<=2k,0.6067,4
128,n<=32,sr>70%,kvB<=1k,kp<=32k,0.4697,4
128,n<=32,sr>70%,kvB<=1k,kp<=4k,0.6111,4
128,n<=32,sr>70%,kvB<=1k,kp<=512,0.628,4
128,n<=32,sr>70%,kvB<=1k,kp<=64k,0.536,4
128,n<=32,sr>70%,kvB<=1k,kp<=8k,0.639,4
128,n<=32,sr>70%,kvB<=1k,kp=0,0.6052,4
128,n<=32,sr>70%,kvB<=4k,kp<=16k,0.3101,4
128,n<=32,sr>70%,kvB<=4k,kp<=1k,0.3488,4
128,n<=32,sr>70%,kvB<=4k,kp<=2k,0.3168,4
128,n<=32,sr>70%,kvB<=4k,kp<=32k,0.3239,4
128,n<=32,sr>70%,kvB<=4k,kp<=4k,0.336,4
128,n<=32,sr>70%,kvB<=4k,kp<=512,0.3311,4
128,n<=32,sr>70%,kvB<=4k,kp<=64k,0.3565,4
128,n<=32,sr>70%,kvB<=4k,kp<=8k,0.3396,4
128,n<=32,sr>70%,kvB<=4k,kp=0,0.3247,4
128,n<=32,sr>70%,kvB<=64k,kp<=16k,0.2798,4
128,n<=32,sr>70%,kvB<=64k,kp<=1k,0.259,4
128,n<=32,sr>70%,kvB<=64k,kp<=2k,0.2546,4
128,n<=32,sr>70%,kvB<=64k,kp<=32k,0.2763,4
128,n<=32,sr>70%,kvB<=64k,kp<=4k,0.2435,4
128,n<=32,sr>70%,kvB<=64k,kp<=512,0.2656,4
128,n<=32,sr>70%,kvB<=64k,kp<=64k,0.3151,4
128,n<=32,sr>70%,kvB<=64k,kp<=8k,0.2364,4
128,n<=32,sr>70%,kvB<=64k,kp=0,0.2451,4
128,n<=4,sr<=40%,kvB<=16k,kp<=16k,0.2467,2
128,n<=4,sr<=40%,kvB<=16k,kp<=1k,0.3415,2
128,n<=4,sr<=40%,kvB<=16k,kp<=2k,0.3326,2
128,n<=4,sr<=40%,kvB<=16k,kp<=32k,0.3674,2
128,n<=4,sr<=40%,kvB<=16k,kp<=4k,0.3468,2
128,n<=4,sr<=40%,kvB<=16k,kp<=512,0.3369,2
128,n<=4,sr<=40%,kvB<=16k,kp<=64k,0.3442,2
128,n<=4,sr<=40%,kvB<=16k,kp<=8k,0.4364,2
128,n<=4,sr<=40%,kvB<=16k,kp=0,0.3149,2
128,n<=4,sr<=40%,kvB<=1k,kp<=16k,-0.0713,1
128,n<=4,sr<=40%,kvB<=1k,kp<=1k,0.3905,2
128,n<=4,sr<=40%,kvB<=1k,kp<=2k,0.4183,2
128,n<=4,sr<=40%,kvB<=1k,kp<=32k,0.3197,2
128,n<=4,sr<=40%,kvB<=1k,kp<=4k,0.3275,2
128,n<=4,sr<=40%,kvB<=1k,kp<=512,0.6195,2
128,n<=4,sr<=40%,kvB<=1k,kp<=64k,-0.1039,2
128,n<=4,sr<=40%,kvB<=1k,kp<=8k,-0.1036,1
128,n<=4,sr<=40%,kvB<=1k,kp=0,0.7008,2
128,n<=4,sr<=40%,kvB<=4k,kp<=16k,0.0642,2
128,n<=4,sr<=40%,kvB<=4k,kp<=1k,0.3861,2
128,n<=4,sr<=40%,kvB<=4k,kp<=2k,0.3407,2
128,n<=4,sr<=40%,kvB<=4k,kp<=32k,-0.1271,2
128,n<=4,sr<=40%,kvB<=4k,kp<=4k,0.3447,2
128,n<=4,sr<=40%,kvB<=4k,kp<=512,0.3939,2
128,n<=4,sr<=40%,kvB<=4k,kp<=64k,0.2114,2
128,n<=4,sr<=40%,kvB<=4k,kp<=8k,-0.0024,2
128,n<=4,sr<=40%,kvB<=4k,kp=0,0.4023,2
128,n<=4,sr<=40%,kvB<=64k,kp<=16k,0.3341,2
128,n<=4,sr<=40%,kvB<=64k,kp<=1k,0.3394,2
128,n<=4,sr<=40%,kvB<=64k,kp<=2k,0.3328,2
128,n<=4,sr<=40%,kvB<=64k,kp<=32k,0.3417,2
128,n<=4,sr<=40%,kvB<=64k,kp<=4k,0.335,2
128,n<=4,sr<=40%,kvB<=64k,kp<=512,0.3352,2
128,n<=4,sr<=40%,kvB<=64k,kp<=64k,0.3253,2
128,n<=4,sr<=40%,kvB<=64k,kp<=8k,0.3566,2
128,n<=4,sr<=40%,kvB<=64k,kp=0,0.339,2
128,n<=4,sr<=70%,kvB<=16k,kp<=16k,0.1281,2
128,n<=4,sr<=70%,kvB<=16k,kp<=1k,0.1973,2
128,n<=4,sr<=70%,kvB<=16k,kp<=2k,0.2104,2
128,n<=4,sr<=70%,kvB<=16k,kp<=32k,0.1477,2
128,n<=4,sr<=70%,kvB<=16k,kp<=4k,0.2248,2
128,n<=4,sr<=70%,kvB<=16k,kp<=512,0.2062,2
128,n<=4,sr<=70%,kvB<=16k,kp<=64k,0.2235,2
128,n<=4,sr<=70%,kvB<=16k,kp<=8k,0.3588,2
128,n<=4,sr<=70%,kvB<=16k,kp=0,0.2056,2
128,n<=4,sr<=70%,kvB<=1k,kp<=16k,-0.1892,2
128,n<=4,sr<=70%,kvB<=1k,kp<=1k,0.5684,2
128,n<=4,sr<=70%,kvB<=1k,kp<=2k,0.5227,2
128,n<=4,sr<=70%,kvB<=1k,kp<=32k,-0.0308,2
128,n<=4,sr<=70%,kvB<=1k,kp<=4k,0.359,1
128,n<=4,sr<=70%,kvB<=1k,kp<=512,0.515,2
128,n<=4,sr<=70%,kvB<=1k,kp<=64k,0.2566,2
128,n<=4,sr<=70%,kvB<=1k,kp<=8k,0.1508,2
128,n<=4,sr<=70%,kvB<=1k,kp=0,0.4887,2
128,n<=4,sr<=70%,kvB<=4k,kp<=16k,-0.5499,2
128,n<=4,sr<=70%,kvB<=4k,kp<=1k,0.3159,2
128,n<=4,sr<=70%,kvB<=4k,kp<=2k,0.2014,2
128,n<=4,sr<=70%,kvB<=4k,kp<=32k,-0.1719,2
128,n<=4,sr<=70%,kvB<=4k,kp<=4k,0.3337,2
128,n<=4,sr<=70%,kvB<=4k,kp<=512,0.3755,2
128,n<=4,sr<=70%,kvB<=4k,kp<=64k,-2.0917,2
128,n<=4,sr<=70%,kvB<=4k,kp<=8k,-0.7205,1
128,n<=4,sr<=70%,kvB<=4k,kp=0,0.3217,2
128,n<=4,sr<=70%,kvB<=64k,kp<=16k,0.1675,2
128,n<=4,sr<=70%,kvB<=64k,kp<=1k,0.1729,2
128,n<=4,sr<=70%,kvB<=64k,kp<=2k,0.184,2
128,n<=4,sr<=70%,kvB<=64k,kp<=32k,0.1785,2
128,n<=4,sr<=70%,kvB<=64k,kp<=4k,0.182,2
128,n<=4,sr<=70%,kvB<=64k,kp<=512,0.1665,2
128,n<=4,sr<=70%,kvB<=64k,kp<=64k,0.1736,2
128,n<=4,sr<=70%,kvB<=64k,kp<=8k,0.1804,2
128,n<=4,sr<=70%,kvB<=64k,kp=0,0.1827,2
128,n<=4,sr>70%,kvB<=16k,kp<=16k,-0.0783,2
128,n<=4,sr>70%,kvB<=16k,kp<=1k,0.101,2
128,n<=4,sr>70%,kvB<=16k,kp<=2k,0.0453,2
128,n<=4,sr>70%,kvB<=16k,kp<=32k,-0.1703,2
128,n<=4,sr>70%,kvB<=16k,kp<=4k,0.1125,2
128,n<=4,sr>70%,kvB<=16k,kp<=512,0.1162,2
128,n<=4,sr>70%,kvB<=16k,kp<=64k,-0.0162,2
128,n<=4,sr>70%,kvB<=16k,kp<=8k,0.1467,2
128,n<=4,sr>70%,kvB<=16k,kp=0,0.0471,2
128,n<=4,sr>70%,kvB<=1k,kp<=16k,0.3117,2
128,n<=4,sr>70%,kvB<=1k,kp<=1k,0.5581,1
128,n<=4,sr>70%,kvB<=1k,kp<=2k,0.3693,2
128,n<=4,sr>70%,kvB<=1k,kp<=32k,0.291,1
128,n<=4,sr>70%,kvB<=1k,kp<=4k,0.7368,2
128,n<=4,sr>70%,kvB<=1k,kp<=512,0.89,2
128,n<=4,sr>70%,kvB<=1k,kp<=64k,0.3941,2
128,n<=4,sr>70%,kvB<=1k,kp<=8k,0.0558,2
128,n<=4,sr>70%,kvB<=1k,kp=0,0.7937,2
128,n<=4,sr>70%,kvB<=4k,kp<=16k,-0.57,2
128,n<=4,sr>70%,kvB<=4k,kp<=1k,0.2953,2
128,n<=4,sr>70%,kvB<=4k,kp<=2k,0.3804,2
128,n<=4,sr>70%,kvB<=4k,kp<=32k,-1.0427,2
128,n<=4,sr>70%,kvB<=4k,kp<=4k,0.3913,2
128,n<=4,sr>70%,kvB<=4k,kp<=512,0.1931,2
128,n<=4,sr>70%,kvB<=4k,kp<=64k,0.2833,1
128,n<=4,sr>70%,kvB<=4k,kp<=8k,-1.4566,2
128,n<=4,sr>70%,kvB<=4k,kp=0,0.3826,2
128,n<=4,sr>70%,kvB<=64k,kp<=16k,0.0586,2
128,n<=4,sr>70%,kvB<=64k,kp<=1k,0.0219,2
128,n<=4,sr>70%,kvB<=64k,kp<=2k,0.0115,2
128,n<=4,sr>70%,kvB<=64k,kp<=32k,0.0074,2
128,n<=4,sr>70%,kvB<=64k,kp<=4k,0.0378,2
128,n<=4,sr>70%,kvB<=64k,kp<=512,0.0105,2
128,n<=4,sr>70%,kvB<=64k,kp<=64k,0.0196,2
128,n<=4,sr>70%,kvB<=64k,kp<=8k,0.0411,2
128,n<=4,sr>70%,kvB<=64k,kp=0,0.0165,2
128,n<=64,sr<=15%,kvB<=16k,kp<=16k,0.0073,4
128,n<=64,sr<=15%,kvB<=16k,kp<=1k,0.0041,4
128,n<=64,sr<=15%,kvB<=16k,kp<=2k,0.0091,4
128,n<=64,sr<=15%,kvB<=16k,kp<=32k,-0.0055,4
128,n<=64,sr<=15%,kvB<=16k,kp<=4k,0.0063,4
128,n<=64,sr<=15%,kvB<=16k,kp<=512,0.0059,4
128,n<=64,sr<=15%,kvB<=16k,kp<=64k,0.0013,4
128,n<=64,sr<=15%,kvB<=16k,kp<=8k,0.0061,4
128,n<=64,sr<=15%,kvB<=16k,kp=0,0.0071,4
128,n<=64,sr<=15%,kvB<=1k,kp<=16k,0.0091,4
128,n<=64,sr<=15%,kvB<=1k,kp<=1k,0.0408,4
128,n<=64,sr<=15%,kvB<=1k,kp<=2k,0.0456,4
128,n<=64,sr<=15%,kvB<=1k,kp<=32k,-0.0011,4
128,n<=64,sr<=15%,kvB<=1k,kp<=4k,0.0457,4
128,n<=64,sr<=15%,kvB<=1k,kp<=512,0.0324,4
128,n<=64,sr<=15%,kvB<=1k,kp<=64k,-0.0062,4
128,n<=64,sr<=15%,kvB<=1k,kp<=8k,0.0419,4
128,n<=64,sr<=15%,kvB<=1k,kp=0,0.0423,4
128,n<=64,sr<=15%,kvB<=4k,kp<=16k,0.0077,4
128,n<=64,sr<=15%,kvB<=4k,kp<=1k,0.02,4
128,n<=64,sr<=15%,kvB<=4k,kp<=2k,0.0162,4
128,n<=64,sr<=15%,kvB<=4k,kp<=32k,-0.0006,4
128,n<=64,sr<=15%,kvB<=4k,kp<=4k,0.0156,4
128,n<=64,sr<=15%,kvB<=4k,kp<=512,0.0215,4
128,n<=64,sr<=15%,kvB<=4k,kp<=64k,0.0099,4
128,n<=64,sr<=15%,kvB<=4k,kp<=8k,0.0165,4
128,n<=64,sr<=15%,kvB<=4k,kp=0,0.0156,4
128,n<=64,sr<=15%,kvB<=64k,kp<=16k,0.0043,4
128,n<=64,sr<=15%,kvB<=64k,kp<=1k,0.0058,4
128,n<=64,sr<=15%,kvB<=64k,kp<=2k,0.0036,4
128,n<=64,sr<=15%,kvB<=64k,kp<=32k,-0.001,4
128,n<=64,sr<=15%,kvB<=64k,kp<=4k,0.003,4
128,n<=64,sr<=15%,kvB<=64k,kp<=512,0.0023,4
128,n<=64,sr<=15%,kvB<=64k,kp<=64k,-0.0028,4
128,n<=64,sr<=15%,kvB<=64k,kp<=8k,0.0035,4
128,n<=64,sr<=15%,kvB<=64k,kp=0,0.0028,4
128,n<=64,sr<=40%,kvB<=16k,kp<=16k,0.0011,2
128,n<=64,sr<=40%,kvB<=16k,kp<=1k,0.0056,2
128,n<=64,sr<=40%,kvB<=16k,kp<=2k,0.0038,2
128,n<=64,sr<=40%,kvB<=16k,kp<=32k,-0.0065,2
128,n<=64,sr<=40%,kvB<=16k,kp<=4k,0.0075,2
128,n<=64,sr<=40%,kvB<=16k,kp<=512,0.0089,2
128,n<=64,sr<=40%,kvB<=16k,kp<=64k,-0.0011,2
128,n<=64,sr<=40%,kvB<=16k,kp<=8k,-0.0042,2
128,n<=64,sr<=40%,kvB<=16k,kp=0,0.0138,2
128,n<=64,sr<=40%,kvB<=1k,kp<=16k,0.0912,2
128,n<=64,sr<=40%,kvB<=1k,kp<=1k,0.1116,2
128,n<=64,sr<=40%,kvB<=1k,kp<=2k,0.1091,2
128,n<=64,sr<=40%,kvB<=1k,kp<=32k,0.0741,2
128,n<=64,sr<=40%,kvB<=1k,kp<=4k,0.1216,2
128,n<=64,sr<=40%,kvB<=1k,kp<=512,0.1035,2
128,n<=64,sr<=40%,kvB<=1k,kp<=64k,0.0726,2
128,n<=64,sr<=40%,kvB<=1k,kp<=8k,0.15,2
128,n<=64,sr<=40%,kvB<=1k,kp=0,0.0965,2
128,n<=64,sr<=40%,kvB<=4k,kp<=16k,-0.0277,2
128,n<=64,sr<=40%,kvB<=4k,kp<=1k,0.0,2
128,n<=64,sr<=40%,kvB<=4k,kp<=2k,0.0024,2
128,n<=64,sr<=40%,kvB<=4k,kp<=32k,-0.0162,2
128,n<=64,sr<=40%,kvB<=4k,kp<=4k,0.0023,2
128,n<=64,sr<=40%,kvB<=4k,kp<=512,-0.0021,2
128,n<=64,sr<=40%,kvB<=4k,kp<=64k,-0.0322,2
128,n<=64,sr<=40%,kvB<=4k,kp<=8k,-0.0145,2
128,n<=64,sr<=40%,kvB<=4k,kp=0,-0.0043,2
128,n<=64,sr<=40%,kvB<=64k,kp<=16k,-0.0007,2
128,n<=64,sr<=40%,kvB<=64k,kp<=1k,0.0096,2
128,n<=64,sr<=40%,kvB<=64k,kp<=2k,0.0066,2
128,n<=64,sr<=40%,kvB<=64k,kp<=32k,0.0041,2
128,n<=64,sr<=40%,kvB<=64k,kp<=4k,0.0034,2
128,n<=64,sr<=40%,kvB<=64k,kp<=512,0.0117,2
128,n<=64,sr<=40%,kvB<=64k,kp<=64k,-0.0004,2
128,n<=64,sr<=40%,kvB<=64k,kp<=8k,0.0041,2
128,n<=64,sr<=40%,kvB<=64k,kp=0,0.0035,2
128,n<=64,sr<=5%,kvB<=16k,kp<=16k,0.0266,6
128,n<=64,sr<=5%,kvB<=16k,kp<=1k,0.0262,6
128,n<=64,sr<=5%,kvB<=16k,kp<=2k,0.0257,6
128,n<=64,sr<=5%,kvB<=16k,kp<=32k,0.0194,6
128,n<=64,sr<=5%,kvB<=16k,kp<=4k,0.0245,6
128,n<=64,sr<=5%,kvB<=16k,kp<=512,0.0244,6
128,n<=64,sr<=5%,kvB<=16k,kp<=64k,0.0211,6
128,n<=64,sr<=5%,kvB<=16k,kp<=8k,0.0227,6
128,n<=64,sr<=5%,kvB<=16k,kp=0,0.0234,6
128,n<=64,sr<=5%,kvB<=1k,kp<=16k,0.006,6
128,n<=64,sr<=5%,kvB<=1k,kp<=1k,0.0371,6
128,n<=64,sr<=5%,kvB<=1k,kp<=2k,0.0268,6
128,n<=64,sr<=5%,kvB<=1k,kp<=32k,-0.0386,6
128,n<=64,sr<=5%,kvB<=1k,kp<=4k,0.0353,6
128,n<=64,sr<=5%,kvB<=1k,kp<=512,0.0375,6
128,n<=64,sr<=5%,kvB<=1k,kp<=64k,0.0044,6
128,n<=64,sr<=5%,kvB<=1k,kp<=8k,0.0256,6
128,n<=64,sr<=5%,kvB<=1k,kp=0,0.035,6
128,n<=64,sr<=5%,kvB<=4k,kp<=16k,0.002,6
128,n<=64,sr<=5%,kvB<=4k,kp<=1k,0.0159,6
128,n<=64,sr<=5%,kvB<=4k,kp<=2k,0.021,6
128,n<=64,sr<=5%,kvB<=4k,kp<=32k,0.0031,6
128,n<=64,sr<=5%,kvB<=4k,kp<=4k,0.0077,6
128,n<=64,sr<=5%,kvB<=4k,kp<=512,0.0173,6
128,n<=64,sr<=5%,kvB<=4k,kp<=64k,0.0041,6
128,n<=64,sr<=5%,kvB<=4k,kp<=8k,-0.0018,6
128,n<=64,sr<=5%,kvB<=4k,kp=0,0.0135,6
128,n<=64,sr<=5%,kvB<=64k,kp<=16k,0.0281,6
128,n<=64,sr<=5%,kvB<=64k,kp<=1k,0.029,6
128,n<=64,sr<=5%,kvB<=64k,kp<=2k,0.0269,6
128,n<=64,sr<=5%,kvB<=64k,kp<=32k,0.0226,6
128,n<=64,sr<=5%,kvB<=64k,kp<=4k,0.0288,6
128,n<=64,sr<=5%,kvB<=64k,kp<=512,0.0281,6
128,n<=64,sr<=5%,kvB<=64k,kp<=64k,0.0215,6
128,n<=64,sr<=5%,kvB<=64k,kp<=8k,0.0276,6
128,n<=64,sr<=5%,kvB<=64k,kp=0,0.0282,6
128,n<=64,sr<=70%,kvB<=16k,kp<=16k,-0.0009,2
128,n<=64,sr<=70%,kvB<=16k,kp<=1k,-0.0101,2
128,n<=64,sr<=70%,kvB<=16k,kp<=2k,-0.0134,2
128,n<=64,sr<=70%,kvB<=16k,kp<=32k,-0.0461,2
128,n<=64,sr<=70%,kvB<=16k,kp<=4k,0.0032,2
128,n<=64,sr<=70%,kvB<=16k,kp<=512,-0.0193,2
128,n<=64,sr<=70%,kvB<=16k,kp<=64k,-0.0593,2
128,n<=64,sr<=70%,kvB<=16k,kp<=8k,-0.0042,2
128,n<=64,sr<=70%,kvB<=16k,kp=0,-0.0151,2
128,n<=64,sr<=70%,kvB<=1k,kp<=16k,-0.0607,2
128,n<=64,sr<=70%,kvB<=1k,kp<=1k,0.0987,2
128,n<=64,sr<=70%,kvB<=1k,kp<=2k,0.1326,2
128,n<=64,sr<=70%,kvB<=1k,kp<=32k,-0.0607,2
128,n<=64,sr<=70%,kvB<=1k,kp<=4k,0.1354,2
128,n<=64,sr<=70%,kvB<=1k,kp<=512,0.1306,2
128,n<=64,sr<=70%,kvB<=1k,kp<=64k,-0.0155,2
128,n<=64,sr<=70%,kvB<=1k,kp<=8k,-0.0191,2
128,n<=64,sr<=70%,kvB<=1k,kp=0,0.133,2
128,n<=64,sr<=70%,kvB<=4k,kp<=16k,-0.0324,2
128,n<=64,sr<=70%,kvB<=4k,kp<=1k,-0.0159,2
128,n<=64,sr<=70%,kvB<=4k,kp<=2k,-0.0258,2
128,n<=64,sr<=70%,kvB<=4k,kp<=32k,-0.0698,2
128,n<=64,sr<=70%,kvB<=4k,kp<=4k,-0.0168,2
128,n<=64,sr<=70%,kvB<=4k,kp<=512,-0.019,2
128,n<=64,sr<=70%,kvB<=4k,kp<=64k,-0.0587,2
128,n<=64,sr<=70%,kvB<=4k,kp<=8k,-0.0392,2
128,n<=64,sr<=70%,kvB<=4k,kp=0,-0.0199,2
128,n<=64,sr<=70%,kvB<=64k,kp<=16k,-0.0369,2
128,n<=64,sr<=70%,kvB<=64k,kp<=1k,-0.0293,2
128,n<=64,sr<=70%,kvB<=64k,kp<=2k,-0.0263,2
128,n<=64,sr<=70%,kvB<=64k,kp<=32k,-0.0479,2
128,n<=64,sr<=70%,kvB<=64k,kp<=4k,-0.0289,2
128,n<=64,sr<=70%,kvB<=64k,kp<=512,-0.0239,2
128,n<=64,sr<=70%,kvB<=64k,kp<=64k,-0.0432,2
128,n<=64,sr<=70%,kvB<=64k,kp<=8k,-0.0321,2
128,n<=64,sr<=70%,kvB<=64k,kp=0,-0.0288,2
128,n<=64,sr>70%,kvB<=16k,kp<=16k,-0.0063,4
128,n<=64,sr>70%,kvB<=16k,kp<=1k,0.0229,4
128,n<=64,sr>70%,kvB<=16k,kp<=2k,0.0296,4
128,n<=64,sr>70%,kvB<=16k,kp<=32k,-0.0316,4
128,n<=64,sr>70%,kvB<=16k,kp<=4k,0.0437,4
128,n<=64,sr>70%,kvB<=16k,kp<=512,0.0177,4
128,n<=64,sr>70%,kvB<=16k,kp<=64k,-0.0132,4
128,n<=64,sr>70%,kvB<=16k,kp<=8k,-0.0279,4
128,n<=64,sr>70%,kvB<=16k,kp=0,0.009,4
128,n<=64,sr>70%,kvB<=1k,kp<=16k,0.2392,4
128,n<=64,sr>70%,kvB<=1k,kp<=1k,0.3789,4
128,n<=64,sr>70%,kvB<=1k,kp<=2k,0.36,4
128,n<=64,sr>70%,kvB<=1k,kp<=32k,0.2585,4
128,n<=64,sr>70%,kvB<=1k,kp<=4k,0.4365,4
128,n<=64,sr>70%,kvB<=1k,kp<=512,0.4055,4
128,n<=64,sr>70%,kvB<=1k,kp<=64k,0.2243,4
128,n<=64,sr>70%,kvB<=1k,kp<=8k,0.2122,4
128,n<=64,sr>70%,kvB<=1k,kp=0,0.408,4
128,n<=64,sr>70%,kvB<=4k,kp<=16k,-0.0007,4
128,n<=64,sr>70%,kvB<=4k,kp<=1k,0.0979,4
128,n<=64,sr>70%,kvB<=4k,kp<=2k,0.0767,4
128,n<=64,sr>70%,kvB<=4k,kp<=32k,-0.0094,4
128,n<=64,sr>70%,kvB<=4k,kp<=4k,0.0735,4
128,n<=64,sr>70%,kvB<=4k,kp<=512,0.087,4
128,n<=64,sr>70%,kvB<=4k,kp<=64k,0.001,4
128,n<=64,sr>70%,kvB<=4k,kp<=8k,0.067,4
128,n<=64,sr>70%,kvB<=4k,kp=0,0.0803,4
128,n<=64,sr>70%,kvB<=64k,kp<=16k,-0.0399,4
128,n<=64,sr>70%,kvB<=64k,kp<=1k,-0.0537,4
128,n<=64,sr>70%,kvB<=64k,kp<=2k,-0.0348,4
128,n<=64,sr>70%,kvB<=64k,kp<=32k,0.0061,4
128,n<=64,sr>70%,kvB<=64k,kp<=4k,-0.0225,4
128,n<=64,sr>70%,kvB<=64k,kp<=512,-0.0426,4
128,n<=64,sr>70%,kvB<=64k,kp<=64k,-0.0482,4
128,n<=64,sr>70%,kvB<=64k,kp<=8k,-0.048,4
128,n<=64,sr>70%,kvB<=64k,kp=0,-0.0304,4
128,n<=8,sr<=15%,kvB<=16k,kp<=16k,0.3787,2
128,n<=8,sr<=15%,kvB<=16k,kp<=1k,0.4059,2
128,n<=8,sr<=15%,kvB<=16k,kp<=2k,0.4072,2
128,n<=8,sr<=15%,kvB<=16k,kp<=32k,0.3883,2
128,n<=8,sr<=15%,kvB<=16k,kp<=4k,0.4095,2
128,n<=8,sr<=15%,kvB<=16k,kp<=512,0.4026,2
128,n<=8,sr<=15%,kvB<=16k,kp<=64k,0.3713,2
128,n<=8,sr<=15%,kvB<=16k,kp<=8k,0.4255,2
128,n<=8,sr<=15%,kvB<=16k,kp=0,0.4087,2
128,n<=8,sr<=15%,kvB<=1k,kp<=16k,0.1819,2
128,n<=8,sr<=15%,kvB<=1k,kp<=1k,0.5551,2
128,n<=8,sr<=15%,kvB<=1k,kp<=2k,0.4023,2
128,n<=8,sr<=15%,kvB<=1k,kp<=32k,0.1352,2
128,n<=8,sr<=15%,kvB<=1k,kp<=4k,0.496,2
128,n<=8,sr<=15%,kvB<=1k,kp<=512,0.5322,2
128,n<=8,sr<=15%,kvB<=1k,kp<=64k,0.5326,2
128,n<=8,sr<=15%,kvB<=1k,kp<=8k,0.118,2
128,n<=8,sr<=15%,kvB<=1k,kp=0,0.6078,2
128,n<=8,sr<=15%,kvB<=4k,kp<=16k,0.1891,2
128,n<=8,sr<=15%,kvB<=4k,kp<=1k,0.369,2
128,n<=8,sr<=15%,kvB<=4k,kp<=2k,0.3794,2
128,n<=8,sr<=15%,kvB<=4k,kp<=32k,0.2571,2
128,n<=8,sr<=15%,kvB<=4k,kp<=4k,0.3691,2
128,n<=8,sr<=15%,kvB<=4k,kp<=512,0.3921,2
128,n<=8,sr<=15%,kvB<=4k,kp<=64k,0.2247,2
128,n<=8,sr<=15%,kvB<=4k,kp<=8k,0.2979,2
128,n<=8,sr<=15%,kvB<=4k,kp=0,0.3676,2
128,n<=8,sr<=15%,kvB<=64k,kp<=16k,0.4102,2
128,n<=8,sr<=15%,kvB<=64k,kp<=1k,0.416,2
128,n<=8,sr<=15%,kvB<=64k,kp<=2k,0.4164,2
128,n<=8,sr<=15%,kvB<=64k,kp<=32k,0.4174,2
128,n<=8,sr<=15%,kvB<=64k,kp<=4k,0.4149,2
128,n<=8,sr<=15%,kvB<=64k,kp<=512,0.4171,2
128,n<=8,sr<=15%,kvB<=64k,kp<=64k,0.4309,2
128,n<=8,sr<=15%,kvB<=64k,kp<=8k,0.4107,2
128,n<=8,sr<=15%,kvB<=64k,kp=0,0.4168,2
128,n<=8,sr<=40%,kvB<=16k,kp<=16k,0.2612,4
128,n<=8,sr<=40%,kvB<=16k,kp<=1k,0.2951,4
128,n<=8,sr<=40%,kvB<=16k,kp<=2k,0.2943,4
128,n<=8,sr<=40%,kvB<=16k,kp<=32k,0.3228,4
128,n<=8,sr<=40%,kvB<=16k,kp<=4k,0.2925,4
128,n<=8,sr<=40%,kvB<=16k,kp<=512,0.3021,4
128,n<=8,sr<=40%,kvB<=16k,kp<=64k,0.3545,4
128,n<=8,sr<=40%,kvB<=16k,kp<=8k,0.2545,4
128,n<=8,sr<=40%,kvB<=16k,kp=0,0.3069,4
128,n<=8,sr<=40%,kvB<=1k,kp<=16k,-0.0079,4
128,n<=8,sr<=40%,kvB<=1k,kp<=1k,0.4417,4
128,n<=8,sr<=40%,kvB<=1k,kp<=2k,0.4141,4
128,n<=8,sr<=40%,kvB<=1k,kp<=32k,0.1134,4
128,n<=8,sr<=40%,kvB<=1k,kp<=4k,0.6009,4
128,n<=8,sr<=40%,kvB<=1k,kp<=512,0.5005,4
128,n<=8,sr<=40%,kvB<=1k,kp<=64k,-0.0271,4
128,n<=8,sr<=40%,kvB<=1k,kp<=8k,0.443,3
128,n<=8,sr<=40%,kvB<=1k,kp=0,0.5706,4
128,n<=8,sr<=40%,kvB<=4k,kp<=16k,0.0993,4
128,n<=8,sr<=40%,kvB<=4k,kp<=1k,0.2955,4
128,n<=8,sr<=40%,kvB<=4k,kp<=2k,0.3021,4
128,n<=8,sr<=40%,kvB<=4k,kp<=32k,0.1416,4
128,n<=8,sr<=40%,kvB<=4k,kp<=4k,0.3114,4
128,n<=8,sr<=40%,kvB<=4k,kp<=512,0.2888,4
128,n<=8,sr<=40%,kvB<=4k,kp<=64k,0.2164,4
128,n<=8,sr<=40%,kvB<=4k,kp<=8k,0.3207,4
128,n<=8,sr<=40%,kvB<=4k,kp=0,0.2914,4
128,n<=8,sr<=40%,kvB<=64k,kp<=16k,0.3052,4
128,n<=8,sr<=40%,kvB<=64k,kp<=1k,0.3075,4
128,n<=8,sr<=40%,kvB<=64k,kp<=2k,0.3082,4
128,n<=8,sr<=40%,kvB<=64k,kp<=32k,0.3093,4
128,n<=8,sr<=40%,kvB<=64k,kp<=4k,0.3108,4
128,n<=8,sr<=40%,kvB<=64k,kp<=512,0.3101,4
128,n<=8,sr<=40%,kvB<=64k,kp<=64k,0.3087,4
128,n<=8,sr<=40%,kvB<=64k,kp<=8k,0.297,4
128,n<=8,sr<=40%,kvB<=64k,kp=0,0.3114,4
128,n<=8,sr<=70%,kvB<=16k,kp<=16k,0.1543,2
128,n<=8,sr<=70%,kvB<=16k,kp<=1k,0.1461,2
128,n<=8,sr<=70%,kvB<=16k,kp<=2k,0.1826,2
128,n<=8,sr<=70%,kvB<=16k,kp<=32k,0.1763,2
128,n<=8,sr<=70%,kvB<=16k,kp<=4k,0.1962,2
128,n<=8,sr<=70%,kvB<=16k,kp<=512,0.1597,2
128,n<=8,sr<=70%,kvB<=16k,kp<=64k,0.1146,2
128,n<=8,sr<=70%,kvB<=16k,kp<=8k,0.0893,2
128,n<=8,sr<=70%,kvB<=16k,kp=0,0.1695,2
128,n<=8,sr<=70%,kvB<=1k,kp<=16k,0.0314,2
128,n<=8,sr<=70%,kvB<=1k,kp<=1k,0.4531,2
128,n<=8,sr<=70%,kvB<=1k,kp<=2k,0.5411,2
128,n<=8,sr<=70%,kvB<=1k,kp<=32k,-0.5291,2
128,n<=8,sr<=70%,kvB<=1k,kp<=4k,0.4389,2
128,n<=8,sr<=70%,kvB<=1k,kp<=512,0.4229,2
128,n<=8,sr<=70%,kvB<=1k,kp<=64k,0.1211,2
128,n<=8,sr<=70%,kvB<=1k,kp<=8k,0.2982,2
128,n<=8,sr<=70%,kvB<=1k,kp=0,0.5498,2
128,n<=8,sr<=70%,kvB<=4k,kp<=16k,-0.044,2
128,n<=8,sr<=70%,kvB<=4k,kp<=1k,0.2767,2
128,n<=8,sr<=70%,kvB<=4k,kp<=2k,0.2984,2
128,n<=8,sr<=70%,kvB<=4k,kp<=32k,-0.2304,2
128,n<=8,sr<=70%,kvB<=4k,kp<=4k,0.2103,2
128,n<=8,sr<=70%,kvB<=4k,kp<=512,0.2135,2
128,n<=8,sr<=70%,kvB<=4k,kp<=64k,-0.0859,2
128,n<=8,sr<=70%,kvB<=4k,kp<=8k,0.2152,2
128,n<=8,sr<=70%,kvB<=4k,kp=0,0.2299,2
128,n<=8,sr<=70%,kvB<=64k,kp<=16k,0.1764,2
128,n<=8,sr<=70%,kvB<=64k,kp<=1k,0.1717,2
128,n<=8,sr<=70%,kvB<=64k,kp<=2k,0.1849,2
128,n<=8,sr<=70%,kvB<=64k,kp<=32k,0.1763,2
128,n<=8,sr<=70%,kvB<=64k,kp<=4k,0.1661,2
128,n<=8,sr<=70%,kvB<=64k,kp<=512,0.1836,2
128,n<=8,sr<=70%,kvB<=64k,kp<=64k,0.1932,2
128,n<=8,sr<=70%,kvB<=64k,kp<=8k,0.1623,2
128,n<=8,sr<=70%,kvB<=64k,kp=0,0.1818,2
128,n<=8,sr>70%,kvB<=16k,kp<=16k,0.0527,4
128,n<=8,sr>70%,kvB<=16k,kp<=1k,0.0888,4
128,n<=8,sr>70%,kvB<=16k,kp<=2k,0.0569,4
128,n<=8,sr>70%,kvB<=16k,kp<=32k,0.0143,4
128,n<=8,sr>70%,kvB<=16k,kp<=4k,0.0566,4
128,n<=8,sr>70%,kvB<=16k,kp<=512,0.0946,4
128,n<=8,sr>70%,kvB<=16k,kp<=64k,0.0196,4
128,n<=8,sr>70%,kvB<=16k,kp<=8k,0.0668,4
128,n<=8,sr>70%,kvB<=16k,kp=0,0.04,4
128,n<=8,sr>70%,kvB<=1k,kp<=16k,-0.0145,3
128,n<=8,sr>70%,kvB<=1k,kp<=1k,0.5704,4
128,n<=8,sr>70%,kvB<=1k,kp<=2k,0.5012,4
128,n<=8,sr>70%,kvB<=1k,kp<=32k,0.0058,4
128,n<=8,sr>70%,kvB<=1k,kp<=4k,0.7634,4
128,n<=8,sr>70%,kvB<=1k,kp<=512,0.6705,4
128,n<=8,sr>70%,kvB<=1k,kp<=64k,0.0101,4
128,n<=8,sr>70%,kvB<=1k,kp<=8k,0.2207,3
128,n<=8,sr>70%,kvB<=1k,kp=0,0.6412,4
128,n<=8,sr>70%,kvB<=4k,kp<=16k,-0.1076,4
128,n<=8,sr>70%,kvB<=4k,kp<=1k,0.1716,4
128,n<=8,sr>70%,kvB<=4k,kp<=2k,0.203,4
128,n<=8,sr>70%,kvB<=4k,kp<=32k,-0.4114,4
128,n<=8,sr>70%,kvB<=4k,kp<=4k,0.1303,4
128,n<=8,sr>70%,kvB<=4k,kp<=512,0.2239,4
128,n<=8,sr>70%,kvB<=4k,kp<=64k,-0.5272,4
128,n<=8,sr>70%,kvB<=4k,kp<=8k,-0.0495,4
128,n<=8,sr>70%,kvB<=4k,kp=0,0.2137,4
128,n<=8,sr>70%,kvB<=64k,kp<=16k,0.0506,4
128,n<=8,sr>70%,kvB<=64k,kp<=1k,0.0442,4
128,n<=8,sr>70%,kvB<=64k,kp<=2k,0.0472,4
128,n<=8,sr>70%,kvB<=64k,kp<=32k,0.0324,4
128,n<=8,sr>70%,kvB<=64k,kp<=4k,0.0641,4
128,n<=8,sr>70%,kvB<=64k,kp<=512,0.0306,4
128,n<=8,sr>70%,kvB<=64k,kp<=64k,0.0605,4
128,n<=8,sr>70%,kvB<=64k,kp<=8k,0.0733,4
128,n<=8,sr>70%,kvB<=64k,kp=0,0.0382,4
256,n<=16,sr<=15%,kvB<=16k,kp<=16k,0.4298,4
256,n<=16,sr<=15%,kvB<=16k,kp<=1k,0.4276,4
256,n<=16,sr<=15%,kvB<=16k,kp<=2k,0.4274,4
256,n<=16,sr<=15%,kvB<=16k,kp<=32k,0.4383,4
256,n<=16,sr<=15%,kvB<=16k,kp<=4k,0.4308,4
256,n<=16,sr<=15%,kvB<=16k,kp<=512,0.4239,4
256,n<=16,sr<=15%,kvB<=16k,kp<=64k,0.4512,4
256,n<=16,sr<=15%,kvB<=16k,kp<=8k,0.4466,4
256,n<=16,sr<=15%,kvB<=16k,kp=0,0.4299,4
256,n<=16,sr<=15%,kvB<=1k,kp<=16k,0.2875,4
256,n<=16,sr<=15%,kvB<=1k,kp<=1k,0.4299,4
256,n<=16,sr<=15%,kvB<=1k,kp<=2k,0.4294,4
256,n<=16,sr<=15%,kvB<=1k,kp<=32k,0.2641,4
256,n<=16,sr<=15%,kvB<=1k,kp<=4k,0.4032,4
256,n<=16,sr<=15%,kvB<=1k,kp<=512,0.4146,4
256,n<=16,sr<=15%,kvB<=1k,kp<=64k,0.2621,4
256,n<=16,sr<=15%,kvB<=1k,kp<=8k,0.2786,4
256,n<=16,sr<=15%,kvB<=1k,kp=0,0.4329,4
256,n<=16,sr<=15%,kvB<=4k,kp<=16k,0.4136,4
256,n<=16,sr<=15%,kvB<=4k,kp<=1k,0.3896,4
256,n<=16,sr<=15%,kvB<=4k,kp<=2k,0.3998,4
256,n<=16,sr<=15%,kvB<=4k,kp<=32k,0.4176,4
256,n<=16,sr<=15%,kvB<=4k,kp<=4k,0.4084,4
256,n<=16,sr<=15%,kvB<=4k,kp<=512,0.3879,4
256,n<=16,sr<=15%,kvB<=4k,kp<=64k,0.3921,4
256,n<=16,sr<=15%,kvB<=4k,kp<=8k,0.4139,4
256,n<=16,sr<=15%,kvB<=4k,kp=0,0.3903,4
256,n<=16,sr<=15%,kvB<=64k,kp<=16k,0.4341,4
256,n<=16,sr<=15%,kvB<=64k,kp<=1k,0.4355,4
256,n<=16,sr<=15%,kvB<=64k,kp<=2k,0.4323,4
256,n<=16,sr<=15%,kvB<=64k,kp<=32k,0.4335,4
256,n<=16,sr<=15%,kvB<=64k,kp<=4k,0.4321,4
256,n<=16,sr<=15%,kvB<=64k,kp<=512,0.434,4
256,n<=16,sr<=15%,kvB<=64k,kp<=64k,0.4344,4
256,n<=16,sr<=15%,kvB<=64k,kp<=8k,0.4326,4
256,n<=16,sr<=15%,kvB<=64k,kp=0,0.434,4
256,n<=16,sr<=40%,kvB<=16k,kp<=16k,0.3563,4
256,n<=16,sr<=40%,kvB<=16k,kp<=1k,0.3566,4
256,n<=16,sr<=40%,kvB<=16k,kp<=2k,0.3581,4
256,n<=16,sr<=40%,kvB<=16k,kp<=32k,0.3631,4
256,n<=16,sr<=40%,kvB<=16k,kp<=4k,0.3617,4
256,n<=16,sr<=40%,kvB<=16k,kp<=512,0.3581,4
256,n<=16,sr<=40%,kvB<=16k,kp<=64k,0.3829,4
256,n<=16,sr<=40%,kvB<=16k,kp<=8k,0.3605,4
256,n<=16,sr<=40%,kvB<=16k,kp=0,0.3566,4
256,n<=16,sr<=40%,kvB<=1k,kp<=16k,0.3144,4
256,n<=16,sr<=40%,kvB<=1k,kp<=1k,0.4011,4
256,n<=16,sr<=40%,kvB<=1k,kp<=2k,0.4103,4
256,n<=16,sr<=40%,kvB<=1k,kp<=32k,0.2409,4
256,n<=16,sr<=40%,kvB<=1k,kp<=4k,0.3579,4
256,n<=16,sr<=40%,kvB<=1k,kp<=512,0.3922,4
256,n<=16,sr<=40%,kvB<=1k,kp<=64k,0.4065,4
256,n<=16,sr<=40%,kvB<=1k,kp<=8k,0.3054,4
256,n<=16,sr<=40%,kvB<=1k,kp=0,0.4246,4
256,n<=16,sr<=40%,kvB<=4k,kp<=16k,0.3234,4
256,n<=16,sr<=40%,kvB<=4k,kp<=1k,0.3333,4
256,n<=16,sr<=40%,kvB<=4k,kp<=2k,0.33,4
256,n<=16,sr<=40%,kvB<=4k,kp<=32k,0.338,4
256,n<=16,sr<=40%,kvB<=4k,kp<=4k,0.3482,4
256,n<=16,sr<=40%,kvB<=4k,kp<=512,0.3357,4
256,n<=16,sr<=40%,kvB<=4k,kp<=64k,0.3765,4
256,n<=16,sr<=40%,kvB<=4k,kp<=8k,0.3334,4
256,n<=16,sr<=40%,kvB<=4k,kp=0,0.3322,4
256,n<=16,sr<=40%,kvB<=64k,kp<=16k,0.3641,4
256,n<=16,sr<=40%,kvB<=64k,kp<=1k,0.361,4
256,n<=16,sr<=40%,kvB<=64k,kp<=2k,0.3642,4
256,n<=16,sr<=40%,kvB<=64k,kp<=32k,0.3652,4
256,n<=16,sr<=40%,kvB<=64k,kp<=4k,0.3643,4
256,n<=16,sr<=40%,kvB<=64k,kp<=512,0.3682,4
256,n<=16,sr<=40%,kvB<=64k,kp<=64k,0.3644,4
256,n<=16,sr<=40%,kvB<=64k,kp<=8k,0.3629,4
256,n<=16,sr<=40%,kvB<=64k,kp=0,0.364,4
256,n<=16,sr<=70%,kvB<=16k,kp<=16k,0.1635,2
256,n<=16,sr<=70%,kvB<=16k,kp<=1k,0.1669,2
256,n<=16,sr<=70%,kvB<=16k,kp<=2k,0.1738,2
256,n<=16,sr<=70%,kvB<=16k,kp<=32k,0.2036,2
256,n<=16,sr<=70%,kvB<=16k,kp<=4k,0.1631,2
256,n<=16,sr<=70%,kvB<=16k,kp<=512,0.1727,2
256,n<=16,sr<=70%,kvB<=16k,kp<=64k,0.1768,2
256,n<=16,sr<=70%,kvB<=16k,kp<=8k,0.1813,2
256,n<=16,sr<=70%,kvB<=16k,kp=0,0.1637,2
256,n<=16,sr<=70%,kvB<=1k,kp<=16k,-0.1918,2
256,n<=16,sr<=70%,kvB<=1k,kp<=1k,0.3136,2
256,n<=16,sr<=70%,kvB<=1k,kp<=2k,0.2898,2
256,n<=16,sr<=70%,kvB<=1k,kp<=32k,-0.028,2
256,n<=16,sr<=70%,kvB<=1k,kp<=4k,0.1999,2
256,n<=16,sr<=70%,kvB<=1k,kp<=512,0.2535,2
256,n<=16,sr<=70%,kvB<=1k,kp<=64k,-0.6886,2
256,n<=16,sr<=70%,kvB<=1k,kp<=8k,0.0574,2
256,n<=16,sr<=70%,kvB<=1k,kp=0,0.2427,2
256,n<=16,sr<=70%,kvB<=4k,kp<=16k,0.2211,2
256,n<=16,sr<=70%,kvB<=4k,kp<=1k,0.195,2
256,n<=16,sr<=70%,kvB<=4k,kp<=2k,0.1743,2
256,n<=16,sr<=70%,kvB<=4k,kp<=32k,0.2213,2
256,n<=16,sr<=70%,kvB<=4k,kp<=4k,0.1665,2
256,n<=16,sr<=70%,kvB<=4k,kp<=512,0.1604,2
256,n<=16,sr<=70%,kvB<=4k,kp<=64k,0.1739,2
256,n<=16,sr<=70%,kvB<=4k,kp<=8k,0.3068,2
256,n<=16,sr<=70%,kvB<=4k,kp=0,0.1825,2
256,n<=16,sr<=70%,kvB<=64k,kp<=16k,0.179,2
256,n<=16,sr<=70%,kvB<=64k,kp<=1k,0.1857,2
256,n<=16,sr<=70%,kvB<=64k,kp<=2k,0.185,2
256,n<=16,sr<=70%,kvB<=64k,kp<=32k,0.1697,2
256,n<=16,sr<=70%,kvB<=64k,kp<=4k,0.1799,2
256,n<=16,sr<=70%,kvB<=64k,kp<=512,0.1848,2
256,n<=16,sr<=70%,kvB<=64k,kp<=64k,0.1715,2
256,n<=16,sr<=70%,kvB<=64k,kp<=8k,0.1817,2
256,n<=16,sr<=70%,kvB<=64k,kp=0,0.1854,2
256,n<=16,sr>70%,kvB<=16k,kp<=16k,0.064,4
256,n<=16,sr>70%,kvB<=16k,kp<=1k,0.0278,4
256,n<=16,sr>70%,kvB<=16k,kp<=2k,0.0296,4
256,n<=16,sr>70%,kvB<=16k,kp<=32k,-0.021,4
256,n<=16,sr>70%,kvB<=16k,kp<=4k,0.0625,4
256,n<=16,sr>70%,kvB<=16k,kp<=512,0.0312,4
256,n<=16,sr>70%,kvB<=16k,kp<=64k,0.0053,4
256,n<=16,sr>70%,kvB<=16k,kp<=8k,0.0222,4
256,n<=16,sr>70%,kvB<=16k,kp=0,0.0242,4
256,n<=16,sr>70%,kvB<=1k,kp<=16k,-0.1511,4
256,n<=16,sr>70%,kvB<=1k,kp<=1k,0.404,4
256,n<=16,sr>70%,kvB<=1k,kp<=2k,0.409,4
256,n<=16,sr>70%,kvB<=1k,kp<=32k,0.0442,4
256,n<=16,sr>70%,kvB<=1k,kp<=4k,0.2631,4
256,n<=16,sr>70%,kvB<=1k,kp<=512,0.3407,4
256,n<=16,sr>70%,kvB<=1k,kp<=64k,0.0236,4
256,n<=16,sr>70%,kvB<=1k,kp<=8k,0.3924,4
256,n<=16,sr>70%,kvB<=1k,kp=0,0.3971,4
256,n<=16,sr>70%,kvB<=4k,kp<=16k,0.1441,4
256,n<=16,sr>70%,kvB<=4k,kp<=1k,0.1285,4
256,n<=16,sr>70%,kvB<=4k,kp<=2k,0.1823,4
256,n<=16,sr>70%,kvB<=4k,kp<=32k,0.2471,4
256,n<=16,sr>70%,kvB<=4k,kp<=4k,0.1045,4
256,n<=16,sr>70%,kvB<=4k,kp<=512,0.0446,4
256,n<=16,sr>70%,kvB<=4k,kp<=64k,0.1317,4
256,n<=16,sr>70%,kvB<=4k,kp<=8k,-0.0006,4
256,n<=16,sr>70%,kvB<=4k,kp=0,0.1064,4
256,n<=16,sr>70%,kvB<=64k,kp<=16k,0.0466,4
256,n<=16,sr>70%,kvB<=64k,kp<=1k,0.0441,4
256,n<=16,sr>70%,kvB<=64k,kp<=2k,0.0627,4
256,n<=16,sr>70%,kvB<=64k,kp<=32k,0.0209,4
256,n<=16,sr>70%,kvB<=64k,kp<=4k,0.0618,4
256,n<=16,sr>70%,kvB<=64k,kp<=512,0.0506,4
256,n<=16,sr>70%,kvB<=64k,kp<=64k,0.0589,4
256,n<=16,sr>70%,kvB<=64k,kp<=8k,0.0438,4
256,n<=16,sr>70%,kvB<=64k,kp=0,0.0443,4
256,n<=2,sr<=70%,kvB<=16k,kp<=16k,0.1147,2
256,n<=2,sr<=70%,kvB<=16k,kp<=1k,0.1622,2
256,n<=2,sr<=70%,kvB<=16k,kp<=2k,0.1128,2
256,n<=2,sr<=70%,kvB<=16k,kp<=32k,-0.0373,2
256,n<=2,sr<=70%,kvB<=16k,kp<=4k,0.1487,2
256,n<=2,sr<=70%,kvB<=16k,kp<=512,0.0979,2
256,n<=2,sr<=70%,kvB<=16k,kp<=64k,0.1434,2
256,n<=2,sr<=70%,kvB<=16k,kp<=8k,0.3741,2
256,n<=2,sr<=70%,kvB<=16k,kp=0,0.1588,2
256,n<=2,sr<=70%,kvB<=1k,kp<=16k,1.1634,2
256,n<=2,sr<=70%,kvB<=1k,kp<=1k,0.5171,2
256,n<=2,sr<=70%,kvB<=1k,kp<=2k,-0.36,2
256,n<=2,sr<=70%,kvB<=1k,kp<=32k,0.0194,2
256,n<=2,sr<=70%,kvB<=1k,kp<=4k,0.3599,2
256,n<=2,sr<=70%,kvB<=1k,kp<=512,0.7511,2
256,n<=2,sr<=70%,kvB<=1k,kp<=64k,1.0108,2
256,n<=2,sr<=70%,kvB<=1k,kp<=8k,6.2405,2
256,n<=2,sr<=70%,kvB<=1k,kp=0,0.8718,1
256,n<=2,sr<=70%,kvB<=4k,kp<=16k,-1.0115,2
256,n<=2,sr<=70%,kvB<=4k,kp<=1k,0.5941,2
256,n<=2,sr<=70%,kvB<=4k,kp<=2k,0.5045,2
256,n<=2,sr<=70%,kvB<=4k,kp<=32k,-6.898,1
256,n<=2,sr<=70%,kvB<=4k,kp<=4k,0.1105,2
256,n<=2,sr<=70%,kvB<=4k,kp<=512,0.5213,2
256,n<=2,sr<=70%,kvB<=4k,kp<=64k,-0.0733,2
256,n<=2,sr<=70%,kvB<=4k,kp<=8k,-0.2499,2
256,n<=2,sr<=70%,kvB<=4k,kp=0,0.516,2
256,n<=2,sr<=70%,kvB<=64k,kp<=16k,0.0805,2
256,n<=2,sr<=70%,kvB<=64k,kp<=1k,0.0785,2
256,n<=2,sr<=70%,kvB<=64k,kp<=2k,0.0766,2
256,n<=2,sr<=70%,kvB<=64k,kp<=32k,0.1665,2
256,n<=2,sr<=70%,kvB<=64k,kp<=4k,0.0885,2
256,n<=2,sr<=70%,kvB<=64k,kp<=512,0.0691,2
256,n<=2,sr<=70%,kvB<=64k,kp<=64k,0.1967,2
256,n<=2,sr<=70%,kvB<=64k,kp<=8k,0.0184,2
256,n<=2,sr<=70%,kvB<=64k,kp=0,0.0881,2
256,n<=32,sr<=15%,kvB<=16k,kp<=16k,0.1746,6
256,n<=32,sr<=15%,kvB<=16k,kp<=1k,0.1814,6
256,n<=32,sr<=15%,kvB<=16k,kp<=2k,0.1805,6
256,n<=32,sr<=15%,kvB<=16k,kp<=32k,0.1785,6
256,n<=32,sr<=15%,kvB<=16k,kp<=4k,0.1794,6
256,n<=32,sr<=15%,kvB<=16k,kp<=512,0.1802,6
256,n<=32,sr<=15%,kvB<=16k,kp<=64k,0.178,6
256,n<=32,sr<=15%,kvB<=16k,kp<=8k,0.1797,6
256,n<=32,sr<=15%,kvB<=16k,kp=0,0.1798,6
256,n<=32,sr<=15%,kvB<=1k,kp<=16k,0.1455,6
256,n<=32,sr<=15%,kvB<=1k,kp<=1k,0.1926,6
256,n<=32,sr<=15%,kvB<=1k,kp<=2k,0.186,6
256,n<=32,sr<=15%,kvB<=1k,kp<=32k,0.191,6
256,n<=32,sr<=15%,kvB<=1k,kp<=4k,0.1892,6
256,n<=32,sr<=15%,kvB<=1k,kp<=512,0.1929,6
256,n<=32,sr<=15%,kvB<=1k,kp<=64k,0.1274,6
256,n<=32,sr<=15%,kvB<=1k,kp<=8k,0.127,6
256,n<=32,sr<=15%,kvB<=1k,kp=0,0.1883,6
256,n<=32,sr<=15%,kvB<=4k,kp<=16k,0.1682,6
256,n<=32,sr<=15%,kvB<=4k,kp<=1k,0.1935,6
256,n<=32,sr<=15%,kvB<=4k,kp<=2k,0.1953,6
256,n<=32,sr<=15%,kvB<=4k,kp<=32k,0.1888,6
256,n<=32,sr<=15%,kvB<=4k,kp<=4k,0.1988,6
256,n<=32,sr<=15%,kvB<=4k,kp<=512,0.1874,6
256,n<=32,sr<=15%,kvB<=4k,kp<=64k,0.1881,6
256,n<=32,sr<=15%,kvB<=4k,kp<=8k,0.1817,6
256,n<=32,sr<=15%,kvB<=4k,kp=0,0.1845,6
256,n<=32,sr<=15%,kvB<=64k,kp<=16k,0.1762,6
256,n<=32,sr<=15%,kvB<=64k,kp<=1k,0.179,6
256,n<=32,sr<=15%,kvB<=64k,kp<=2k,0.1772,6
256,n<=32,sr<=15%,kvB<=64k,kp<=32k,0.1732,6
256,n<=32,sr<=15%,kvB<=64k,kp<=4k,0.1755,6
256,n<=32,sr<=15%,kvB<=64k,kp<=512,0.1784,6
256,n<=32,sr<=15%,kvB<=64k,kp<=64k,0.1734,6
256,n<=32,sr<=15%,kvB<=64k,kp<=8k,0.176,6
256,n<=32,sr<=15%,kvB<=64k,kp=0,0.1775,6
256,n<=32,sr<=40%,kvB<=16k,kp<=16k,0.0762,2
256,n<=32,sr<=40%,kvB<=16k,kp<=1k,0.0654,2
256,n<=32,sr<=40%,kvB<=16k,kp<=2k,0.0751,2
256,n<=32,sr<=40%,kvB<=16k,kp<=32k,0.0772,2
256,n<=32,sr<=40%,kvB<=16k,kp<=4k,0.0795,2
256,n<=32,sr<=40%,kvB<=16k,kp<=512,0.0801,2
256,n<=32,sr<=40%,kvB<=16k,kp<=64k,0.0805,2
256,n<=32,sr<=40%,kvB<=16k,kp<=8k,0.0756,2
256,n<=32,sr<=40%,kvB<=16k,kp=0,0.0817,2
256,n<=32,sr<=40%,kvB<=1k,kp<=16k,0.2566,2
256,n<=32,sr<=40%,kvB<=1k,kp<=1k,0.2041,2
256,n<=32,sr<=40%,kvB<=1k,kp<=2k,0.2054,2
256,n<=32,sr<=40%,kvB<=1k,kp<=32k,0.244,2
256,n<=32,sr<=40%,kvB<=1k,kp<=4k,0.2053,2
256,n<=32,sr<=40%,kvB<=1k,kp<=512,0.21,2
256,n<=32,sr<=40%,kvB<=1k,kp<=64k,0.1983,2
256,n<=32,sr<=40%,kvB<=1k,kp<=8k,0.1268,2
256,n<=32,sr<=40%,kvB<=1k,kp=0,0.2222,2
256,n<=32,sr<=40%,kvB<=4k,kp<=16k,0.0531,2
256,n<=32,sr<=40%,kvB<=4k,kp<=1k,0.0846,2
256,n<=32,sr<=40%,kvB<=4k,kp<=2k,0.0909,2
256,n<=32,sr<=40%,kvB<=4k,kp<=32k,0.07,2
256,n<=32,sr<=40%,kvB<=4k,kp<=4k,0.0946,2
256,n<=32,sr<=40%,kvB<=4k,kp<=512,0.0835,2
256,n<=32,sr<=40%,kvB<=4k,kp<=64k,0.0762,2
256,n<=32,sr<=40%,kvB<=4k,kp<=8k,0.0175,2
256,n<=32,sr<=40%,kvB<=4k,kp=0,0.087,2
256,n<=32,sr<=40%,kvB<=64k,kp<=16k,0.0731,2
256,n<=32,sr<=40%,kvB<=64k,kp<=1k,0.0725,2
256,n<=32,sr<=40%,kvB<=64k,kp<=2k,0.0812,2
256,n<=32,sr<=40%,kvB<=64k,kp<=32k,0.0663,2
256,n<=32,sr<=40%,kvB<=64k,kp<=4k,0.0758,2
256,n<=32,sr<=40%,kvB<=64k,kp<=512,0.0789,2
256,n<=32,sr<=40%,kvB<=64k,kp<=64k,0.0709,2
256,n<=32,sr<=40%,kvB<=64k,kp<=8k,0.0721,2
256,n<=32,sr<=40%,kvB<=64k,kp=0,0.0721,2
256,n<=32,sr<=5%,kvB<=16k,kp<=16k,0.2145,2
256,n<=32,sr<=5%,kvB<=16k,kp<=1k,0.2137,2
256,n<=32,sr<=5%,kvB<=16k,kp<=2k,0.2173,2
256,n<=32,sr<=5%,kvB<=16k,kp<=32k,0.2252,2
256,n<=32,sr<=5%,kvB<=16k,kp<=4k,0.2103,2
256,n<=32,sr<=5%,kvB<=16k,kp<=512,0.2177,2
256,n<=32,sr<=5%,kvB<=16k,kp<=64k,0.2236,2
256,n<=32,sr<=5%,kvB<=16k,kp<=8k,0.2151,2
256,n<=32,sr<=5%,kvB<=16k,kp=0,0.2151,2
256,n<=32,sr<=5%,kvB<=1k,kp<=16k,0.1431,2
256,n<=32,sr<=5%,kvB<=1k,kp<=1k,0.1881,2
256,n<=32,sr<=5%,kvB<=1k,kp<=2k,0.1694,2
256,n<=32,sr<=5%,kvB<=1k,kp<=32k,0.2248,2
256,n<=32,sr<=5%,kvB<=1k,kp<=4k,0.187,2
256,n<=32,sr<=5%,kvB<=1k,kp<=512,0.1818,2
256,n<=32,sr<=5%,kvB<=1k,kp<=64k,0.2592,2
256,n<=32,sr<=5%,kvB<=1k,kp<=8k,0.1848,2
256,n<=32,sr<=5%,kvB<=1k,kp=0,0.2045,2
256,n<=32,sr<=5%,kvB<=4k,kp<=16k,0.1917,2
256,n<=32,sr<=5%,kvB<=4k,kp<=1k,0.2046,2
256,n<=32,sr<=5%,kvB<=4k,kp<=2k,0.2149,2
256,n<=32,sr<=5%,kvB<=4k,kp<=32k,0.1963,2
256,n<=32,sr<=5%,kvB<=4k,kp<=4k,0.2137,2
256,n<=32,sr<=5%,kvB<=4k,kp<=512,0.2177,2
256,n<=32,sr<=5%,kvB<=4k,kp<=64k,0.2332,2
256,n<=32,sr<=5%,kvB<=4k,kp<=8k,0.2207,2
256,n<=32,sr<=5%,kvB<=4k,kp=0,0.2101,2
256,n<=32,sr<=5%,kvB<=64k,kp<=16k,0.218,2
256,n<=32,sr<=5%,kvB<=64k,kp<=1k,0.2121,2
256,n<=32,sr<=5%,kvB<=64k,kp<=2k,0.2135,2
256,n<=32,sr<=5%,kvB<=64k,kp<=32k,0.2201,2
256,n<=32,sr<=5%,kvB<=64k,kp<=4k,0.2134,2
256,n<=32,sr<=5%,kvB<=64k,kp<=512,0.2136,2
256,n<=32,sr<=5%,kvB<=64k,kp<=64k,0.2173,2
256,n<=32,sr<=5%,kvB<=64k,kp<=8k,0.2157,2
256,n<=32,sr<=5%,kvB<=64k,kp=0,0.2109,2
256,n<=32,sr<=70%,kvB<=16k,kp<=16k,-0.0027,2
256,n<=32,sr<=70%,kvB<=16k,kp<=1k,0.0115,2
256,n<=32,sr<=70%,kvB<=16k,kp<=2k,-0.0084,2
256,n<=32,sr<=70%,kvB<=16k,kp<=32k,-0.0186,2
256,n<=32,sr<=70%,kvB<=16k,kp<=4k,0.0294,2
256,n<=32,sr<=70%,kvB<=16k,kp<=512,-0.0068,2
256,n<=32,sr<=70%,kvB<=16k,kp<=64k,-0.0104,2
256,n<=32,sr<=70%,kvB<=16k,kp<=8k,-0.0147,2
256,n<=32,sr<=70%,kvB<=16k,kp=0,0.005,2
256,n<=32,sr<=70%,kvB<=1k,kp<=16k,-0.0993,2
256,n<=32,sr<=70%,kvB<=1k,kp<=1k,0.114,2
256,n<=32,sr<=70%,kvB<=1k,kp<=2k,0.1393,2
256,n<=32,sr<=70%,kvB<=1k,kp<=32k,-0.0129,2
256,n<=32,sr<=70%,kvB<=1k,kp<=4k,0.1403,2
256,n<=32,sr<=70%,kvB<=1k,kp<=512,0.1735,2
256,n<=32,sr<=70%,kvB<=1k,kp<=64k,-0.1292,2
256,n<=32,sr<=70%,kvB<=1k,kp<=8k,-0.0721,2
256,n<=32,sr<=70%,kvB<=1k,kp=0,0.1894,2
256,n<=32,sr<=70%,kvB<=4k,kp<=16k,0.0325,2
256,n<=32,sr<=70%,kvB<=4k,kp<=1k,0.0215,2
256,n<=32,sr<=70%,kvB<=4k,kp<=2k,0.0158,2
256,n<=32,sr<=70%,kvB<=4k,kp<=32k,-0.0027,2
256,n<=32,sr<=70%,kvB<=4k,kp<=4k,0.0218,2
256,n<=32,sr<=70%,kvB<=4k,kp<=512,0.0339,2
256,n<=32,sr<=70%,kvB<=4k,kp<=64k,0.0108,2
256,n<=32,sr<=70%,kvB<=4k,kp<=8k,-0.0372,2
256,n<=32,sr<=70%,kvB<=4k,kp=0,0.0173,2
256,n<=32,sr<=70%,kvB<=64k,kp<=16k,0.0033,2
256,n<=32,sr<=70%,kvB<=64k,kp<=1k,-0.0032,2
256,n<=32,sr<=70%,kvB<=64k,kp<=2k,0.0039,2
256,n<=32,sr<=70%,kvB<=64k,kp<=32k,-0.0092,2
256,n<=32,sr<=70%,kvB<=64k,kp<=4k,-0.0004,2
256,n<=32,sr<=70%,kvB<=64k,kp<=512,-0.0036,2
256,n<=32,sr<=70%,kvB<=64k,kp<=64k,-0.0023,2
256,n<=32,sr<=70%,kvB<=64k,kp<=8k,-0.01,2
256,n<=32,sr<=70%,kvB<=64k,kp=0,-0.0104,2
256,n<=32,sr>70%,kvB<=16k,kp<=16k,0.3074,4
256,n<=32,sr>70%,kvB<=16k,kp<=1k,0.3201,4
256,n<=32,sr>70%,kvB<=16k,kp<=2k,0.2886,4
256,n<=32,sr>70%,kvB<=16k,kp<=32k,0.2646,4
256,n<=32,sr>70%,kvB<=16k,kp<=4k,0.3081,4
256,n<=32,sr>70%,kvB<=16k,kp<=512,0.2723,4
256,n<=32,sr>70%,kvB<=16k,kp<=64k,0.2902,4
256,n<=32,sr>70%,kvB<=16k,kp<=8k,0.2898,4
256,n<=32,sr>70%,kvB<=16k,kp=0,0.3063,4
256,n<=32,sr>70%,kvB<=1k,kp<=16k,0.478,4
256,n<=32,sr>70%,kvB<=1k,kp<=1k,0.5761,4
256,n<=32,sr>70%,kvB<=1k,kp<=2k,0.6095,4
256,n<=32,sr>70%,kvB<=1k,kp<=32k,0.4119,4
256,n<=32,sr>70%,kvB<=1k,kp<=4k,0.6089,4
256,n<=32,sr>70%,kvB<=1k,kp<=512,0.5736,4
256,n<=32,sr>70%,kvB<=1k,kp<=64k,0.5372,4
256,n<=32,sr>70%,kvB<=1k,kp<=8k,0.373,4
256,n<=32,sr>70%,kvB<=1k,kp=0,0.5887,4
256,n<=32,sr>70%,kvB<=4k,kp<=16k,0.3251,4
256,n<=32,sr>70%,kvB<=4k,kp<=1k,0.3109,4
256,n<=32,sr>70%,kvB<=4k,kp<=2k,0.2838,4
256,n<=32,sr>70%,kvB<=4k,kp<=32k,0.3162,4
256,n<=32,sr>70%,kvB<=4k,kp<=4k,0.2854,4
256,n<=32,sr>70%,kvB<=4k,kp<=512,0.3107,4
256,n<=32,sr>70%,kvB<=4k,kp<=64k,0.349,4
256,n<=32,sr>70%,kvB<=4k,kp<=8k,0.3394,4
256,n<=32,sr>70%,kvB<=4k,kp=0,0.3193,4
256,n<=32,sr>70%,kvB<=64k,kp<=16k,0.2664,4
256,n<=32,sr>70%,kvB<=64k,kp<=1k,0.2416,4
256,n<=32,sr>70%,kvB<=64k,kp<=2k,0.2482,4
256,n<=32,sr>70%,kvB<=64k,kp<=32k,0.2506,4
256,n<=32,sr>70%,kvB<=64k,kp<=4k,0.2576,4
256,n<=32,sr>70%,kvB<=64k,kp<=512,0.2606,4
256,n<=32,sr>70%,kvB<=64k,kp<=64k,0.2956,4
256,n<=32,sr>70%,kvB<=64k,kp<=8k,0.2717,4
256,n<=32,sr>70%,kvB<=64k,kp=0,0.2661,4
256,n<=4,sr<=40%,kvB<=16k,kp<=16k,0.2972,2
256,n<=4,sr<=40%,kvB<=16k,kp<=1k,0.3153,2
256,n<=4,sr<=40%,kvB<=16k,kp<=2k,0.2899,2
256,n<=4,sr<=40%,kvB<=16k,kp<=32k,0.3062,2
256,n<=4,sr<=40%,kvB<=16k,kp<=4k,0.3186,2
256,n<=4,sr<=40%,kvB<=16k,kp<=512,0.3282,2
256,n<=4,sr<=40%,kvB<=16k,kp<=64k,0.305,2
256,n<=4,sr<=40%,kvB<=16k,kp<=8k,0.3806,2
256,n<=4,sr<=40%,kvB<=16k,kp=0,0.3148,2
256,n<=4,sr<=40%,kvB<=1k,kp<=16k,0.2439,2
256,n<=4,sr<=40%,kvB<=1k,kp<=1k,0.5304,2
256,n<=4,sr<=40%,kvB<=1k,kp<=2k,0.3783,2
256,n<=4,sr<=40%,kvB<=1k,kp<=32k,-0.0632,1
256,n<=4,sr<=40%,kvB<=1k,kp<=4k,0.4341,2
256,n<=4,sr<=40%,kvB<=1k,kp<=512,0.5844,2
256,n<=4,sr<=40%,kvB<=1k,kp<=64k,-0.6334,2
256,n<=4,sr<=40%,kvB<=1k,kp<=8k,0.2948,2
256,n<=4,sr<=40%,kvB<=1k,kp=0,0.5749,2
256,n<=4,sr<=40%,kvB<=4k,kp<=16k,-0.0906,2
256,n<=4,sr<=40%,kvB<=4k,kp<=1k,0.4009,2
256,n<=4,sr<=40%,kvB<=4k,kp<=2k,0.4052,2
256,n<=4,sr<=40%,kvB<=4k,kp<=32k,-0.1509,2
256,n<=4,sr<=40%,kvB<=4k,kp<=4k,0.4088,2
256,n<=4,sr<=40%,kvB<=4k,kp<=512,0.4133,2
256,n<=4,sr<=40%,kvB<=4k,kp<=64k,0.1211,2
256,n<=4,sr<=40%,kvB<=4k,kp<=8k,0.3661,2
256,n<=4,sr<=40%,kvB<=4k,kp=0,0.4076,2
256,n<=4,sr<=40%,kvB<=64k,kp<=16k,0.3186,2
256,n<=4,sr<=40%,kvB<=64k,kp<=1k,0.3291,2
256,n<=4,sr<=40%,kvB<=64k,kp<=2k,0.3223,2
256,n<=4,sr<=40%,kvB<=64k,kp<=32k,0.3434,2
256,n<=4,sr<=40%,kvB<=64k,kp<=4k,0.3314,2
256,n<=4,sr<=40%,kvB<=64k,kp<=512,0.3404,2
256,n<=4,sr<=40%,kvB<=64k,kp<=64k,0.3423,2
256,n<=4,sr<=40%,kvB<=64k,kp<=8k,0.3272,2
256,n<=4,sr<=40%,kvB<=64k,kp=0,0.3297,2
256,n<=4,sr<=70%,kvB<=16k,kp<=16k,0.1391,2
256,n<=4,sr<=70%,kvB<=16k,kp<=1k,0.2033,2
256,n<=4,sr<=70%,kvB<=16k,kp<=2k,0.1983,2
256,n<=4,sr<=70%,kvB<=16k,kp<=32k,0.1569,2
256,n<=4,sr<=70%,kvB<=16k,kp<=4k,0.2023,2
256,n<=4,sr<=70%,kvB<=16k,kp<=512,0.1786,2
256,n<=4,sr<=70%,kvB<=16k,kp<=64k,0.004,2
256,n<=4,sr<=70%,kvB<=16k,kp<=8k,0.3631,2
256,n<=4,sr<=70%,kvB<=16k,kp=0,0.1928,2
256,n<=4,sr<=70%,kvB<=1k,kp<=16k,0.453,2
256,n<=4,sr<=70%,kvB<=1k,kp<=1k,0.7421,2
256,n<=4,sr<=70%,kvB<=1k,kp<=2k,0.5214,2
256,n<=4,sr<=70%,kvB<=1k,kp<=32k,-0.6635,2
256,n<=4,sr<=70%,kvB<=1k,kp<=4k,0.4711,2
256,n<=4,sr<=70%,kvB<=1k,kp<=512,0.5692,2
256,n<=4,sr<=70%,kvB<=1k,kp<=64k,0.417,2
256,n<=4,sr<=70%,kvB<=1k,kp<=8k,0.6056,1
256,n<=4,sr<=70%,kvB<=1k,kp=0,0.5631,2
256,n<=4,sr<=70%,kvB<=4k,kp<=16k,-0.9324,2
256,n<=4,sr<=70%,kvB<=4k,kp<=1k,0.3293,2
256,n<=4,sr<=70%,kvB<=4k,kp<=2k,0.2636,2
256,n<=4,sr<=70%,kvB<=4k,kp<=32k,-0.3435,2
256,n<=4,sr<=70%,kvB<=4k,kp<=4k,0.3089,2
256,n<=4,sr<=70%,kvB<=4k,kp<=512,0.236,2
256,n<=4,sr<=70%,kvB<=4k,kp<=64k,-0.8439,1
256,n<=4,sr<=70%,kvB<=4k,kp<=8k,-0.5469,2
256,n<=4,sr<=70%,kvB<=4k,kp=0,0.3143,2
256,n<=4,sr<=70%,kvB<=64k,kp<=16k,0.1446,2
256,n<=4,sr<=70%,kvB<=64k,kp<=1k,0.1574,2
256,n<=4,sr<=70%,kvB<=64k,kp<=2k,0.1635,2
256,n<=4,sr<=70%,kvB<=64k,kp<=32k,0.1703,2
256,n<=4,sr<=70%,kvB<=64k,kp<=4k,0.1792,2
256,n<=4,sr<=70%,kvB<=64k,kp<=512,0.1554,2
256,n<=4,sr<=70%,kvB<=64k,kp<=64k,0.1689,2
256,n<=4,sr<=70%,kvB<=64k,kp<=8k,0.1475,2
256,n<=4,sr<=70%,kvB<=64k,kp=0,0.165,2
256,n<=4,sr>70%,kvB<=16k,kp<=16k,0.0688,2
256,n<=4,sr>70%,kvB<=16k,kp<=1k,0.0654,2
256,n<=4,sr>70%,kvB<=16k,kp<=2k,0.0529,2
256,n<=4,sr>70%,kvB<=16k,kp<=32k,0.0351,2
256,n<=4,sr>70%,kvB<=16k,kp<=4k,0.0957,2
256,n<=4,sr>70%,kvB<=16k,kp<=512,0.1195,2
256,n<=4,sr>70%,kvB<=16k,kp<=64k,0.0268,2
256,n<=4,sr>70%,kvB<=16k,kp<=8k,0.3344,2
256,n<=4,sr>70%,kvB<=16k,kp=0,0.0569,2
256,n<=4,sr>70%,kvB<=1k,kp<=16k,0.2669,2
256,n<=4,sr>70%,kvB<=1k,kp<=1k,0.221,2
256,n<=4,sr>70%,kvB<=1k,kp<=2k,0.7317,2
256,n<=4,sr>70%,kvB<=1k,kp<=32k,-0.1829,2
256,n<=4,sr>70%,kvB<=1k,kp<=4k,0.8101,2
256,n<=4,sr>70%,kvB<=1k,kp<=512,0.6803,2
256,n<=4,sr>70%,kvB<=1k,kp<=64k,-0.0413,2
256,n<=4,sr>70%,kvB<=1k,kp<=8k,-0.0397,2
256,n<=4,sr>70%,kvB<=1k,kp=0,0.77,2
256,n<=4,sr>70%,kvB<=4k,kp<=16k,-0.9591,2
256,n<=4,sr>70%,kvB<=4k,kp<=1k,0.1533,2
256,n<=4,sr>70%,kvB<=4k,kp<=2k,0.3333,2
256,n<=4,sr>70%,kvB<=4k,kp<=32k,-1.912,2
256,n<=4,sr>70%,kvB<=4k,kp<=4k,0.2439,2
256,n<=4,sr>70%,kvB<=4k,kp<=512,0.2417,2
256,n<=4,sr>70%,kvB<=4k,kp<=64k,-0.9197,2
256,n<=4,sr>70%,kvB<=4k,kp<=8k,0.6493,2
256,n<=4,sr>70%,kvB<=4k,kp=0,0.2808,2
256,n<=4,sr>70%,kvB<=64k,kp<=16k,0.0436,2
256,n<=4,sr>70%,kvB<=64k,kp<=1k,0.018,2
256,n<=4,sr>70%,kvB<=64k,kp<=2k,0.0434,2
256,n<=4,sr>70%,kvB<=64k,kp<=32k,-0.0724,2
256,n<=4,sr>70%,kvB<=64k,kp<=4k,0.0345,2
256,n<=4,sr>70%,kvB<=64k,kp<=512,0.0442,2
256,n<=4,sr>70%,kvB<=64k,kp<=64k,-0.0345,2
256,n<=4,sr>70%,kvB<=64k,kp<=8k,0.0002,2
256,n<=4,sr>70%,kvB<=64k,kp=0,-0.0155,2
256,n<=64,sr<=15%,kvB<=16k,kp<=16k,0.0058,4
256,n<=64,sr<=15%,kvB<=16k,kp<=1k,0.0089,4
256,n<=64,sr<=15%,kvB<=16k,kp<=2k,0.0064,4
256,n<=64,sr<=15%,kvB<=16k,kp<=32k,-0.0032,4
256,n<=64,sr<=15%,kvB<=16k,kp<=4k,0.0036,4
256,n<=64,sr<=15%,kvB<=16k,kp<=512,0.0059,4
256,n<=64,sr<=15%,kvB<=16k,kp<=64k,-0.0013,4
256,n<=64,sr<=15%,kvB<=16k,kp<=8k,0.0018,4
256,n<=64,sr<=15%,kvB<=16k,kp=0,0.0046,4
256,n<=64,sr<=15%,kvB<=1k,kp<=16k,0.0126,4
256,n<=64,sr<=15%,kvB<=1k,kp<=1k,0.0402,4
256,n<=64,sr<=15%,kvB<=1k,kp<=2k,0.0407,4
256,n<=64,sr<=15%,kvB<=1k,kp<=32k,-0.0024,4
256,n<=64,sr<=15%,kvB<=1k,kp<=4k,0.0301,4
256,n<=64,sr<=15%,kvB<=1k,kp<=512,0.0408,4
256,n<=64,sr<=15%,kvB<=1k,kp<=64k,0.003,4
256,n<=64,sr<=15%,kvB<=1k,kp<=8k,0.0449,4
256,n<=64,sr<=15%,kvB<=1k,kp=0,0.0471,4
256,n<=64,sr<=15%,kvB<=4k,kp<=16k,-0.0031,4
256,n<=64,sr<=15%,kvB<=4k,kp<=1k,0.0133,4
256,n<=64,sr<=15%,kvB<=4k,kp<=2k,0.0136,4
256,n<=64,sr<=15%,kvB<=4k,kp<=32k,0.0014,4
256,n<=64,sr<=15%,kvB<=4k,kp<=4k,0.0114,4
256,n<=64,sr<=15%,kvB<=4k,kp<=512,0.0184,4
256,n<=64,sr<=15%,kvB<=4k,kp<=64k,0.004,4
256,n<=64,sr<=15%,kvB<=4k,kp<=8k,-0.0037,4
256,n<=64,sr<=15%,kvB<=4k,kp=0,0.0146,4
256,n<=64,sr<=15%,kvB<=64k,kp<=16k,0.0028,4
256,n<=64,sr<=15%,kvB<=64k,kp<=1k,0.0037,4
256,n<=64,sr<=15%,kvB<=64k,kp<=2k,0.0029,4
256,n<=64,sr<=15%,kvB<=64k,kp<=32k,-0.0004,4
256,n<=64,sr<=15%,kvB<=64k,kp<=4k,0.0048,4
256,n<=64,sr<=15%,kvB<=64k,kp<=512,0.0029,4
256,n<=64,sr<=15%,kvB<=64k,kp<=64k,-0.0016,4
256,n<=64,sr<=15%,kvB<=64k,kp<=8k,0.0028,4
256,n<=64,sr<=15%,kvB<=64k,kp=0,0.0014,4
256,n<=64,sr<=40%,kvB<=16k,kp<=16k,-0.0002,2
256,n<=64,sr<=40%,kvB<=16k,kp<=1k,0.0058,2
256,n<=64,sr<=40%,kvB<=16k,kp<=2k,0.0044,2
256,n<=64,sr<=40%,kvB<=16k,kp<=32k,-0.0062,2
256,n<=64,sr<=40%,kvB<=16k,kp<=4k,0.008,2
256,n<=64,sr<=40%,kvB<=16k,kp<=512,0.0017,2
256,n<=64,sr<=40%,kvB<=16k,kp<=64k,-0.0062,2
256,n<=64,sr<=40%,kvB<=16k,kp<=8k,-0.0079,2
256,n<=64,sr<=40%,kvB<=16k,kp=0,0.0039,2
256,n<=64,sr<=40%,kvB<=1k,kp<=16k,0.0915,2
256,n<=64,sr<=40%,kvB<=1k,kp<=1k,0.0967,2
256,n<=64,sr<=40%,kvB<=1k,kp<=2k,0.0937,2
256,n<=64,sr<=40%,kvB<=1k,kp<=32k,0.0931,2
256,n<=64,sr<=40%,kvB<=1k,kp<=4k,0.1035,2
256,n<=64,sr<=40%,kvB<=1k,kp<=512,0.0941,2
256,n<=64,sr<=40%,kvB<=1k,kp<=64k,0.082,2
256,n<=64,sr<=40%,kvB<=1k,kp<=8k,0.1528,2
256,n<=64,sr<=40%,kvB<=1k,kp=0,0.0963,2
256,n<=64,sr<=40%,kvB<=4k,kp<=16k,-0.0099,2
256,n<=64,sr<=40%,kvB<=4k,kp<=1k,-0.0161,2
256,n<=64,sr<=40%,kvB<=4k,kp<=2k,-0.0083,2
256,n<=64,sr<=40%,kvB<=4k,kp<=32k,-0.0001,2
256,n<=64,sr<=40%,kvB<=4k,kp<=4k,-0.0006,2
256,n<=64,sr<=40%,kvB<=4k,kp<=512,-0.0088,2
256,n<=64,sr<=40%,kvB<=4k,kp<=64k,-0.0236,2
256,n<=64,sr<=40%,kvB<=4k,kp<=8k,-0.0281,2
256,n<=64,sr<=40%,kvB<=4k,kp=0,-0.0081,2
256,n<=64,sr<=40%,kvB<=64k,kp<=16k,0.0019,2
256,n<=64,sr<=40%,kvB<=64k,kp<=1k,0.0019,2
256,n<=64,sr<=40%,kvB<=64k,kp<=2k,0.0027,2
256,n<=64,sr<=40%,kvB<=64k,kp<=32k,0.0018,2
256,n<=64,sr<=40%,kvB<=64k,kp<=4k,0.0015,2
256,n<=64,sr<=40%,kvB<=64k,kp<=512,0.0029,2
256,n<=64,sr<=40%,kvB<=64k,kp<=64k,0.0019,2
256,n<=64,sr<=40%,kvB<=64k,kp<=8k,0.0006,2
256,n<=64,sr<=40%,kvB<=64k,kp=0,0.0071,2
256,n<=64,sr<=5%,kvB<=16k,kp<=16k,0.0244,6
256,n<=64,sr<=5%,kvB<=16k,kp<=1k,0.0263,6
256,n<=64,sr<=5%,kvB<=16k,kp<=2k,0.0257,6
256,n<=64,sr<=5%,kvB<=16k,kp<=32k,0.021,6
256,n<=64,sr<=5%,kvB<=16k,kp<=4k,0.0245,6
256,n<=64,sr<=5%,kvB<=16k,kp<=512,0.0269,6
256,n<=64,sr<=5%,kvB<=16k,kp<=64k,0.0209,6
256,n<=64,sr<=5%,kvB<=16k,kp<=8k,0.0239,6
256,n<=64,sr<=5%,kvB<=16k,kp=0,0.0262,6
256,n<=64,sr<=5%,kvB<=1k,kp<=16k,0.0291,6
256,n<=64,sr<=5%,kvB<=1k,kp<=1k,0.036,6
256,n<=64,sr<=5%,kvB<=1k,kp<=2k,0.023,6
256,n<=64,sr<=5%,kvB<=1k,kp<=32k,-0.0101,6
256,n<=64,sr<=5%,kvB<=1k,kp<=4k,0.0223,6
256,n<=64,sr<=5%,kvB<=1k,kp<=512,0.0348,6
256,n<=64,sr<=5%,kvB<=1k,kp<=64k,0.0024,6
256,n<=64,sr<=5%,kvB<=1k,kp<=8k,0.004,6
256,n<=64,sr<=5%,kvB<=1k,kp=0,0.0309,6
256,n<=64,sr<=5%,kvB<=4k,kp<=16k,0.0059,6
256,n<=64,sr<=5%,kvB<=4k,kp<=1k,0.0109,6
256,n<=64,sr<=5%,kvB<=4k,kp<=2k,0.0194,6
256,n<=64,sr<=5%,kvB<=4k,kp<=32k,-0.0,6
256,n<=64,sr<=5%,kvB<=4k,kp<=4k,0.0184,6
256,n<=64,sr<=5%,kvB<=4k,kp<=512,0.015,6
256,n<=64,sr<=5%,kvB<=4k,kp<=64k,0.0052,6
256,n<=64,sr<=5%,kvB<=4k,kp<=8k,0.007,6
256,n<=64,sr<=5%,kvB<=4k,kp=0,0.0166,6
256,n<=64,sr<=5%,kvB<=64k,kp<=16k,0.0254,6
256,n<=64,sr<=5%,kvB<=64k,kp<=1k,0.0283,6
256,n<=64,sr<=5%,kvB<=64k,kp<=2k,0.0289,6
256,n<=64,sr<=5%,kvB<=64k,kp<=32k,0.0224,6
256,n<=64,sr<=5%,kvB<=64k,kp<=4k,0.0292,6
256,n<=64,sr<=5%,kvB<=64k,kp<=512,0.0272,6
256,n<=64,sr<=5%,kvB<=64k,kp<=64k,0.0227,6
256,n<=64,sr<=5%,kvB<=64k,kp<=8k,0.0269,6
256,n<=64,sr<=5%,kvB<=64k,kp=0,0.0274,6
256,n<=64,sr<=70%,kvB<=16k,kp<=16k,-0.0009,2
256,n<=64,sr<=70%,kvB<=16k,kp<=1k,-0.0053,2
256,n<=64,sr<=70%,kvB<=16k,kp<=2k,-0.0042,2
256,n<=64,sr<=70%,kvB<=16k,kp<=32k,-0.0469,2
256,n<=64,sr<=70%,kvB<=16k,kp<=4k,-0.0063,2
256,n<=64,sr<=70%,kvB<=16k,kp<=512,0.0024,2
256,n<=64,sr<=70%,kvB<=16k,kp<=64k,-0.0621,2
256,n<=64,sr<=70%,kvB<=16k,kp<=8k,-0.0129,2
256,n<=64,sr<=70%,kvB<=16k,kp=0,-0.0073,2
256,n<=64,sr<=70%,kvB<=1k,kp<=16k,-0.1171,2
256,n<=64,sr<=70%,kvB<=1k,kp<=1k,0.0928,2
256,n<=64,sr<=70%,kvB<=1k,kp<=2k,0.0998,2
256,n<=64,sr<=70%,kvB<=1k,kp<=32k,-0.0988,2
256,n<=64,sr<=70%,kvB<=1k,kp<=4k,0.1388,2
256,n<=64,sr<=70%,kvB<=1k,kp<=512,0.1084,2
256,n<=64,sr<=70%,kvB<=1k,kp<=64k,-0.0343,2
256,n<=64,sr<=70%,kvB<=1k,kp<=8k,-0.0081,2
256,n<=64,sr<=70%,kvB<=1k,kp=0,0.0759,2
256,n<=64,sr<=70%,kvB<=4k,kp<=16k,-0.0152,2
256,n<=64,sr<=70%,kvB<=4k,kp<=1k,-0.024,2
256,n<=64,sr<=70%,kvB<=4k,kp<=2k,-0.0302,2
256,n<=64,sr<=70%,kvB<=4k,kp<=32k,-0.0637,2
256,n<=64,sr<=70%,kvB<=4k,kp<=4k,-0.019,2
256,n<=64,sr<=70%,kvB<=4k,kp<=512,-0.0411,2
256,n<=64,sr<=70%,kvB<=4k,kp<=64k,-0.0945,2
256,n<=64,sr<=70%,kvB<=4k,kp<=8k,-0.0434,2
256,n<=64,sr<=70%,kvB<=4k,kp=0,-0.0242,2
256,n<=64,sr<=70%,kvB<=64k,kp<=16k,-0.0424,2
256,n<=64,sr<=70%,kvB<=64k,kp<=1k,-0.0252,2
256,n<=64,sr<=70%,kvB<=64k,kp<=2k,-0.0342,2
256,n<=64,sr<=70%,kvB<=64k,kp<=32k,-0.04,2
256,n<=64,sr<=70%,kvB<=64k,kp<=4k,-0.0443,2
256,n<=64,sr<=70%,kvB<=64k,kp<=512,-0.0303,2
256,n<=64,sr<=70%,kvB<=64k,kp<=64k,-0.0435,2
256,n<=64,sr<=70%,kvB<=64k,kp<=8k,-0.0326,2
256,n<=64,sr<=70%,kvB<=64k,kp=0,-0.0235,2
256,n<=64,sr>70%,kvB<=16k,kp<=16k,-0.0335,4
256,n<=64,sr>70%,kvB<=16k,kp<=1k,0.0112,4
256,n<=64,sr>70%,kvB<=16k,kp<=2k,0.0209,4
256,n<=64,sr>70%,kvB<=16k,kp<=32k,-0.0449,4
256,n<=64,sr>70%,kvB<=16k,kp<=4k,0.0081,4
256,n<=64,sr>70%,kvB<=16k,kp<=512,0.0067,4
256,n<=64,sr>70%,kvB<=16k,kp<=64k,-0.0588,4
256,n<=64,sr>70%,kvB<=16k,kp<=8k,-0.0146,4
256,n<=64,sr>70%,kvB<=16k,kp=0,0.0425,4
256,n<=64,sr>70%,kvB<=1k,kp<=16k,0.334,4
256,n<=64,sr>70%,kvB<=1k,kp<=1k,0.4034,4
256,n<=64,sr>70%,kvB<=1k,kp<=2k,0.3909,4
256,n<=64,sr>70%,kvB<=1k,kp<=32k,0.2639,4
256,n<=64,sr>70%,kvB<=1k,kp<=4k,0.3423,4
256,n<=64,sr>70%,kvB<=1k,kp<=512,0.3739,4
256,n<=64,sr>70%,kvB<=1k,kp<=64k,0.2715,4
256,n<=64,sr>70%,kvB<=1k,kp<=8k,0.4111,4
256,n<=64,sr>70%,kvB<=1k,kp=0,0.3712,4
256,n<=64,sr>70%,kvB<=4k,kp<=16k,0.0314,4
256,n<=64,sr>70%,kvB<=4k,kp<=1k,0.064,4
256,n<=64,sr>70%,kvB<=4k,kp<=2k,0.0989,4
256,n<=64,sr>70%,kvB<=4k,kp<=32k,0.0035,4
256,n<=64,sr>70%,kvB<=4k,kp<=4k,0.071,4
256,n<=64,sr>70%,kvB<=4k,kp<=512,0.0252,4
256,n<=64,sr>70%,kvB<=4k,kp<=64k,-0.0477,4
256,n<=64,sr>70%,kvB<=4k,kp<=8k,0.0543,4
256,n<=64,sr>70%,kvB<=4k,kp=0,0.0583,4
256,n<=64,sr>70%,kvB<=64k,kp<=16k,-0.0459,4
256,n<=64,sr>70%,kvB<=64k,kp<=1k,-0.038,4
256,n<=64,sr>70%,kvB<=64k,kp<=2k,-0.0348,4
256,n<=64,sr>70%,kvB<=64k,kp<=32k,-0.0461,4
256,n<=64,sr>70%,kvB<=64k,kp<=4k,-0.0368,4
256,n<=64,sr>70%,kvB<=64k,kp<=512,-0.0454,4
256,n<=64,sr>70%,kvB<=64k,kp<=64k,-0.0231,4
256,n<=64,sr>70%,kvB<=64k,kp<=8k,-0.0329,4
256,n<=64,sr>70%,kvB<=64k,kp=0,-0.0238,4
256,n<=8,sr<=15%,kvB<=16k,kp<=16k,0.3831,2
256,n<=8,sr<=15%,kvB<=16k,kp<=1k,0.3984,2
256,n<=8,sr<=15%,kvB<=16k,kp<=2k,0.4046,2
256,n<=8,sr<=15%,kvB<=16k,kp<=32k,0.4076,2
256,n<=8,sr<=15%,kvB<=16k,kp<=4k,0.3985,2
256,n<=8,sr<=15%,kvB<=16k,kp<=512,0.4012,2
256,n<=8,sr<=15%,kvB<=16k,kp<=64k,0.4054,2
256,n<=8,sr<=15%,kvB<=16k,kp<=8k,0.4129,2
256,n<=8,sr<=15%,kvB<=16k,kp=0,0.4081,2
256,n<=8,sr<=15%,kvB<=1k,kp<=16k,0.2138,2
256,n<=8,sr<=15%,kvB<=1k,kp<=1k,0.4922,2
256,n<=8,sr<=15%,kvB<=1k,kp<=2k,0.4842,2
256,n<=8,sr<=15%,kvB<=1k,kp<=32k,0.1067,2
256,n<=8,sr<=15%,kvB<=1k,kp<=4k,0.4844,2
256,n<=8,sr<=15%,kvB<=1k,kp<=512,0.4879,2
256,n<=8,sr<=15%,kvB<=1k,kp<=64k,-0.0285,2
256,n<=8,sr<=15%,kvB<=1k,kp<=8k,0.6723,2
256,n<=8,sr<=15%,kvB<=1k,kp=0,0.5717,2
256,n<=8,sr<=15%,kvB<=4k,kp<=16k,0.2311,2
256,n<=8,sr<=15%,kvB<=4k,kp<=1k,0.3487,2
256,n<=8,sr<=15%,kvB<=4k,kp<=2k,0.3447,2
256,n<=8,sr<=15%,kvB<=4k,kp<=32k,0.0987,2
256,n<=8,sr<=15%,kvB<=4k,kp<=4k,0.3544,2
256,n<=8,sr<=15%,kvB<=4k,kp<=512,0.3657,2
256,n<=8,sr<=15%,kvB<=4k,kp<=64k,0.1349,2
256,n<=8,sr<=15%,kvB<=4k,kp<=8k,0.4833,2
256,n<=8,sr<=15%,kvB<=4k,kp=0,0.3515,2
256,n<=8,sr<=15%,kvB<=64k,kp<=16k,0.4146,2
256,n<=8,sr<=15%,kvB<=64k,kp<=1k,0.4104,2
256,n<=8,sr<=15%,kvB<=64k,kp<=2k,0.4121,2
256,n<=8,sr<=15%,kvB<=64k,kp<=32k,0.4122,2
256,n<=8,sr<=15%,kvB<=64k,kp<=4k,0.4143,2
256,n<=8,sr<=15%,kvB<=64k,kp<=512,0.4147,2
256,n<=8,sr<=15%,kvB<=64k,kp<=64k,0.4136,2
256,n<=8,sr<=15%,kvB<=64k,kp<=8k,0.417,2
256,n<=8,sr<=15%,kvB<=64k,kp=0,0.4078,2
256,n<=8,sr<=40%,kvB<=16k,kp<=16k,0.2681,4
256,n<=8,sr<=40%,kvB<=16k,kp<=1k,0.2813,4
256,n<=8,sr<=40%,kvB<=16k,kp<=2k,0.2865,4
256,n<=8,sr<=40%,kvB<=16k,kp<=32k,0.2936,4
256,n<=8,sr<=40%,kvB<=16k,kp<=4k,0.2805,4
256,n<=8,sr<=40%,kvB<=16k,kp<=512,0.2719,4
256,n<=8,sr<=40%,kvB<=16k,kp<=64k,0.3046,4
256,n<=8,sr<=40%,kvB<=16k,kp<=8k,0.3096,4
256,n<=8,sr<=40%,kvB<=16k,kp=0,0.2874,4
256,n<=8,sr<=40%,kvB<=1k,kp<=16k,-0.0259,4
256,n<=8,sr<=40%,kvB<=1k,kp<=1k,0.5281,4
256,n<=8,sr<=40%,kvB<=1k,kp<=2k,0.4883,4
256,n<=8,sr<=40%,kvB<=1k,kp<=32k,-0.1026,3
256,n<=8,sr<=40%,kvB<=1k,kp<=4k,0.3408,4
256,n<=8,sr<=40%,kvB<=1k,kp<=512,0.4824,4
256,n<=8,sr<=40%,kvB<=1k,kp<=64k,0.2194,4
256,n<=8,sr<=40%,kvB<=1k,kp<=8k,-0.0933,4
256,n<=8,sr<=40%,kvB<=1k,kp=0,0.5798,4
256,n<=8,sr<=40%,kvB<=4k,kp<=16k,0.2003,4
256,n<=8,sr<=40%,kvB<=4k,kp<=1k,0.2789,4
256,n<=8,sr<=40%,kvB<=4k,kp<=2k,0.2882,4
256,n<=8,sr<=40%,kvB<=4k,kp<=32k,0.1761,4
256,n<=8,sr<=40%,kvB<=4k,kp<=4k,0.2935,4
256,n<=8,sr<=40%,kvB<=4k,kp<=512,0.2783,4
256,n<=8,sr<=40%,kvB<=4k,kp<=64k,0.1321,4
256,n<=8,sr<=40%,kvB<=4k,kp<=8k,0.2755,4
256,n<=8,sr<=40%,kvB<=4k,kp=0,0.2821,4
256,n<=8,sr<=40%,kvB<=64k,kp<=16k,0.3138,4
256,n<=8,sr<=40%,kvB<=64k,kp<=1k,0.3067,4
256,n<=8,sr<=40%,kvB<=64k,kp<=2k,0.3088,4
256,n<=8,sr<=40%,kvB<=64k,kp<=32k,0.3099,4
256,n<=8,sr<=40%,kvB<=64k,kp<=4k,0.309,4
256,n<=8,sr<=40%,kvB<=64k,kp<=512,0.3084,4
256,n<=8,sr<=40%,kvB<=64k,kp<=64k,0.314,4
256,n<=8,sr<=40%,kvB<=64k,kp<=8k,0.3051,4
256,n<=8,sr<=40%,kvB<=64k,kp=0,0.3122,4
256,n<=8,sr<=70%,kvB<=16k,kp<=16k,0.154,2
256,n<=8,sr<=70%,kvB<=16k,kp<=1k,0.1589,2
256,n<=8,sr<=70%,kvB<=16k,kp<=2k,0.1791,2
256,n<=8,sr<=70%,kvB<=16k,kp<=32k,0.1468,2
256,n<=8,sr<=70%,kvB<=16k,kp<=4k,0.1651,2
256,n<=8,sr<=70%,kvB<=16k,kp<=512,0.1594,2
256,n<=8,sr<=70%,kvB<=16k,kp<=64k,0.1411,2
256,n<=8,sr<=70%,kvB<=16k,kp<=8k,0.1614,2
256,n<=8,sr<=70%,kvB<=16k,kp=0,0.1638,2
256,n<=8,sr<=70%,kvB<=1k,kp<=16k,-0.2367,2
256,n<=8,sr<=70%,kvB<=1k,kp<=1k,0.4608,2
256,n<=8,sr<=70%,kvB<=1k,kp<=2k,0.3388,2
256,n<=8,sr<=70%,kvB<=1k,kp<=32k,-0.9166,2
256,n<=8,sr<=70%,kvB<=1k,kp<=4k,0.5826,2
256,n<=8,sr<=70%,kvB<=1k,kp<=512,0.5645,2
256,n<=8,sr<=70%,kvB<=1k,kp<=64k,-0.3713,2
256,n<=8,sr<=70%,kvB<=1k,kp<=8k,0.2438,2
256,n<=8,sr<=70%,kvB<=1k,kp=0,0.4599,2
256,n<=8,sr<=70%,kvB<=4k,kp<=16k,0.0022,2
256,n<=8,sr<=70%,kvB<=4k,kp<=1k,0.2086,2
256,n<=8,sr<=70%,kvB<=4k,kp<=2k,0.219,2
256,n<=8,sr<=70%,kvB<=4k,kp<=32k,-0.0564,2
256,n<=8,sr<=70%,kvB<=4k,kp<=4k,0.1818,2
256,n<=8,sr<=70%,kvB<=4k,kp<=512,0.2104,2
256,n<=8,sr<=70%,kvB<=4k,kp<=64k,0.122,2
256,n<=8,sr<=70%,kvB<=4k,kp<=8k,-0.6934,2
256,n<=8,sr<=70%,kvB<=4k,kp=0,0.2519,2
256,n<=8,sr<=70%,kvB<=64k,kp<=16k,0.1838,2
256,n<=8,sr<=70%,kvB<=64k,kp<=1k,0.181,2
256,n<=8,sr<=70%,kvB<=64k,kp<=2k,0.1803,2
256,n<=8,sr<=70%,kvB<=64k,kp<=32k,0.1775,2
256,n<=8,sr<=70%,kvB<=64k,kp<=4k,0.1705,2
256,n<=8,sr<=70%,kvB<=64k,kp<=512,0.1821,2
256,n<=8,sr<=70%,kvB<=64k,kp<=64k,0.1814,2
256,n<=8,sr<=70%,kvB<=64k,kp<=8k,0.1592,2
256,n<=8,sr<=70%,kvB<=64k,kp=0,0.1702,2
256,n<=8,sr>70%,kvB<=16k,kp<=16k,-0.0164,4
256,n<=8,sr>70%,kvB<=16k,kp<=1k,0.0538,4
256,n<=8,sr>70%,kvB<=16k,kp<=2k,0.098,4
256,n<=8,sr>70%,kvB<=16k,kp<=32k,0.0848,4
256,n<=8,sr>70%,kvB<=16k,kp<=4k,0.0464,4
256,n<=8,sr>70%,kvB<=16k,kp<=512,0.0153,4
256,n<=8,sr>70%,kvB<=16k,kp<=64k,0.0517,4
256,n<=8,sr>70%,kvB<=16k,kp<=8k,0.0246,4
256,n<=8,sr>70%,kvB<=16k,kp=0,0.0412,4
256,n<=8,sr>70%,kvB<=1k,kp<=16k,0.0437,4
256,n<=8,sr>70%,kvB<=1k,kp<=1k,0.5831,4
256,n<=8,sr>70%,kvB<=1k,kp<=2k,0.6174,4
256,n<=8,sr>70%,kvB<=1k,kp<=32k,0.1375,2
256,n<=8,sr>70%,kvB<=1k,kp<=4k,0.4844,4
256,n<=8,sr>70%,kvB<=1k,kp<=512,0.6263,4
256,n<=8,sr>70%,kvB<=1k,kp<=64k,-0.2734,4
256,n<=8,sr>70%,kvB<=1k,kp<=8k,-0.2772,3
256,n<=8,sr>70%,kvB<=1k,kp=0,0.7504,4
256,n<=8,sr>70%,kvB<=4k,kp<=16k,-0.2431,4
256,n<=8,sr>70%,kvB<=4k,kp<=1k,0.2664,4
256,n<=8,sr>70%,kvB<=4k,kp<=2k,0.1084,4
256,n<=8,sr>70%,kvB<=4k,kp<=32k,-0.085,4
256,n<=8,sr>70%,kvB<=4k,kp<=4k,0.2859,4
256,n<=8,sr>70%,kvB<=4k,kp<=512,0.2227,4
256,n<=8,sr>70%,kvB<=4k,kp<=64k,-0.6312,4
256,n<=8,sr>70%,kvB<=4k,kp<=8k,-0.5092,4
256,n<=8,sr>70%,kvB<=4k,kp=0,0.183,4
256,n<=8,sr>70%,kvB<=64k,kp<=16k,0.0668,4
256,n<=8,sr>70%,kvB<=64k,kp<=1k,0.0314,4
256,n<=8,sr>70%,kvB<=64k,kp<=2k,0.0542,4
256,n<=8,sr>70%,kvB<=64k,kp<=32k,0.0242,4
256,n<=8,sr>70%,kvB<=64k,kp<=4k,0.0593,4
256,n<=8,sr>70%,kvB<=64k,kp<=512,0.0515,4
256,n<=8,sr>70%,kvB<=64k,kp<=64k,0.0504,4
256,n<=8,sr>70%,kvB<=64k,kp<=8k,0.1019,4
256,n<=8,sr>70%,kvB<=64k,kp=0,0.0244,4
512,n<=16,sr<=15%,kvB<=16k,kp<=16k,0.4315,4
512,n<=16,sr<=15%,kvB<=16k,kp<=1k,0.419,4
512,n<=16,sr<=15%,kvB<=16k,kp<=2k,0.4242,4
512,n<=16,sr<=15%,kvB<=16k,kp<=32k,0.4437,4
512,n<=16,sr<=15%,kvB<=16k,kp<=4k,0.427,4
512,n<=16,sr<=15%,kvB<=16k,kp<=512,0.4181,4
512,n<=16,sr<=15%,kvB<=16k,kp<=64k,0.4533,4
512,n<=16,sr<=15%,kvB<=16k,kp<=8k,0.4141,4
512,n<=16,sr<=15%,kvB<=16k,kp=0,0.4195,4
512,n<=16,sr<=15%,kvB<=1k,kp<=16k,0.3527,4
512,n<=16,sr<=15%,kvB<=1k,kp<=1k,0.3581,4
512,n<=16,sr<=15%,kvB<=1k,kp<=2k,0.3522,4
512,n<=16,sr<=15%,kvB<=1k,kp<=32k,0.3301,4
512,n<=16,sr<=15%,kvB<=1k,kp<=4k,0.3318,4
512,n<=16,sr<=15%,kvB<=1k,kp<=512,0.3717,4
512,n<=16,sr<=15%,kvB<=1k,kp<=64k,0.3583,4
512,n<=16,sr<=15%,kvB<=1k,kp<=8k,0.111,4
512,n<=16,sr<=15%,kvB<=1k,kp=0,0.3894,4
512,n<=16,sr<=15%,kvB<=4k,kp<=16k,0.3792,4
512,n<=16,sr<=15%,kvB<=4k,kp<=1k,0.3724,4
512,n<=16,sr<=15%,kvB<=4k,kp<=2k,0.3767,4
512,n<=16,sr<=15%,kvB<=4k,kp<=32k,0.3942,4
512,n<=16,sr<=15%,kvB<=4k,kp<=4k,0.3843,4
512,n<=16,sr<=15%,kvB<=4k,kp<=512,0.3726,4
512,n<=16,sr<=15%,kvB<=4k,kp<=64k,0.4065,4
512,n<=16,sr<=15%,kvB<=4k,kp<=8k,0.3774,4
512,n<=16,sr<=15%,kvB<=4k,kp=0,0.3868,4
512,n<=16,sr<=15%,kvB<=64k,kp<=16k,0.4343,4
512,n<=16,sr<=15%,kvB<=64k,kp<=1k,0.4309,4
512,n<=16,sr<=15%,kvB<=64k,kp<=2k,0.4312,4
512,n<=16,sr<=15%,kvB<=64k,kp<=32k,0.4331,4
512,n<=16,sr<=15%,kvB<=64k,kp<=4k,0.4312,4
512,n<=16,sr<=15%,kvB<=64k,kp<=512,0.4311,4
512,n<=16,sr<=15%,kvB<=64k,kp<=64k,0.4346,4
512,n<=16,sr<=15%,kvB<=64k,kp<=8k,0.43,4
512,n<=16,sr<=15%,kvB<=64k,kp=0,0.4343,4
512,n<=16,sr<=40%,kvB<=16k,kp<=16k,0.3594,4
512,n<=16,sr<=40%,kvB<=16k,kp<=1k,0.3456,4
512,n<=16,sr<=40%,kvB<=16k,kp<=2k,0.3502,4
512,n<=16,sr<=40%,kvB<=16k,kp<=32k,0.3701,4
512,n<=16,sr<=40%,kvB<=16k,kp<=4k,0.355,4
512,n<=16,sr<=40%,kvB<=16k,kp<=512,0.3478,4
512,n<=16,sr<=40%,kvB<=16k,kp<=64k,0.3765,4
512,n<=16,sr<=40%,kvB<=16k,kp<=8k,0.3613,4
512,n<=16,sr<=40%,kvB<=16k,kp=0,0.352,4
512,n<=16,sr<=40%,kvB<=1k,kp<=16k,0.3731,4
512,n<=16,sr<=40%,kvB<=1k,kp<=1k,0.3397,4
512,n<=16,sr<=40%,kvB<=1k,kp<=2k,0.3362,4
512,n<=16,sr<=40%,kvB<=1k,kp<=32k,0.3075,4
512,n<=16,sr<=40%,kvB<=1k,kp<=4k,0.335,4
512,n<=16,sr<=40%,kvB<=1k,kp<=512,0.3989,4
512,n<=16,sr<=40%,kvB<=1k,kp<=64k,0.3208,4
512,n<=16,sr<=40%,kvB<=1k,kp<=8k,0.282,4
512,n<=16,sr<=40%,kvB<=1k,kp=0,0.3716,4
512,n<=16,sr<=40%,kvB<=4k,kp<=16k,0.3224,4
512,n<=16,sr<=40%,kvB<=4k,kp<=1k,0.3148,4
512,n<=16,sr<=40%,kvB<=4k,kp<=2k,0.3268,4
512,n<=16,sr<=40%,kvB<=4k,kp<=32k,0.3662,4
512,n<=16,sr<=40%,kvB<=4k,kp<=4k,0.3345,4
512,n<=16,sr<=40%,kvB<=4k,kp<=512,0.3104,4
512,n<=16,sr<=40%,kvB<=4k,kp<=64k,0.3548,4
512,n<=16,sr<=40%,kvB<=4k,kp<=8k,0.3093,4
512,n<=16,sr<=40%,kvB<=4k,kp=0,0.3136,4
512,n<=16,sr<=40%,kvB<=64k,kp<=16k,0.3601,4
512,n<=16,sr<=40%,kvB<=64k,kp<=1k,0.3613,4
512,n<=16,sr<=40%,kvB<=64k,kp<=2k,0.3605,4
512,n<=16,sr<=40%,kvB<=64k,kp<=32k,0.3632,4
512,n<=16,sr<=40%,kvB<=64k,kp<=4k,0.3614,4
512,n<=16,sr<=40%,kvB<=64k,kp<=512,0.365,4
512,n<=16,sr<=40%,kvB<=64k,kp<=64k,0.3634,4
512,n<=16,sr<=40%,kvB<=64k,kp<=8k,0.3614,4
512,n<=16,sr<=40%,kvB<=64k,kp=0,0.3642,4
512,n<=16,sr<=70%,kvB<=16k,kp<=16k,0.1664,2
512,n<=16,sr<=70%,kvB<=16k,kp<=1k,0.151,2
512,n<=16,sr<=70%,kvB<=16k,kp<=2k,0.1743,2
512,n<=16,sr<=70%,kvB<=16k,kp<=32k,0.1707,2
512,n<=16,sr<=70%,kvB<=16k,kp<=4k,0.1504,2
512,n<=16,sr<=70%,kvB<=16k,kp<=512,0.1647,2
512,n<=16,sr<=70%,kvB<=16k,kp<=64k,0.2005,2
512,n<=16,sr<=70%,kvB<=16k,kp<=8k,0.1777,2
512,n<=16,sr<=70%,kvB<=16k,kp=0,0.1607,2
512,n<=16,sr<=70%,kvB<=1k,kp<=16k,0.0632,2
512,n<=16,sr<=70%,kvB<=1k,kp<=1k,0.2182,2
512,n<=16,sr<=70%,kvB<=1k,kp<=2k,0.2734,2
512,n<=16,sr<=70%,kvB<=1k,kp<=32k,-0.3031,2
512,n<=16,sr<=70%,kvB<=1k,kp<=4k,0.1729,2
512,n<=16,sr<=70%,kvB<=1k,kp<=512,0.2166,2
512,n<=16,sr<=70%,kvB<=1k,kp<=64k,0.2646,2
512,n<=16,sr<=70%,kvB<=1k,kp<=8k,-0.2519,2
512,n<=16,sr<=70%,kvB<=1k,kp=0,0.2396,2
512,n<=16,sr<=70%,kvB<=4k,kp<=16k,0.1168,2
512,n<=16,sr<=70%,kvB<=4k,kp<=1k,0.1867,2
512,n<=16,sr<=70%,kvB<=4k,kp<=2k,0.1853,2
512,n<=16,sr<=70%,kvB<=4k,kp<=32k,0.1514,2
512,n<=16,sr<=70%,kvB<=4k,kp<=4k,0.2229,2
512,n<=16,sr<=70%,kvB<=4k,kp<=512,0.1808,2
512,n<=16,sr<=70%,kvB<=4k,kp<=64k,0.25,2
512,n<=16,sr<=70%,kvB<=4k,kp<=8k,0.1397,2
512,n<=16,sr<=70%,kvB<=4k,kp=0,0.1805,2
512,n<=16,sr<=70%,kvB<=64k,kp<=16k,0.1823,2
512,n<=16,sr<=70%,kvB<=64k,kp<=1k,0.1804,2
512,n<=16,sr<=70%,kvB<=64k,kp<=2k,0.1817,2
512,n<=16,sr<=70%,kvB<=64k,kp<=32k,0.1826,2
512,n<=16,sr<=70%,kvB<=64k,kp<=4k,0.1785,2
512,n<=16,sr<=70%,kvB<=64k,kp<=512,0.186,2
512,n<=16,sr<=70%,kvB<=64k,kp<=64k,0.1736,2
512,n<=16,sr<=70%,kvB<=64k,kp<=8k,0.1802,2
512,n<=16,sr<=70%,kvB<=64k,kp=0,0.1823,2
512,n<=16,sr>70%,kvB<=16k,kp<=16k,0.0144,4
512,n<=16,sr>70%,kvB<=16k,kp<=1k,0.0287,4
512,n<=16,sr>70%,kvB<=16k,kp<=2k,0.0219,4
512,n<=16,sr>70%,kvB<=16k,kp<=32k,0.0518,4
512,n<=16,sr>70%,kvB<=16k,kp<=4k,0.0297,4
512,n<=16,sr>70%,kvB<=16k,kp<=512,0.0365,4
512,n<=16,sr>70%,kvB<=16k,kp<=64k,0.0404,4
512,n<=16,sr>70%,kvB<=16k,kp<=8k,-0.0277,4
512,n<=16,sr>70%,kvB<=16k,kp=0,0.0119,4
512,n<=16,sr>70%,kvB<=1k,kp<=16k,0.1165,4
512,n<=16,sr>70%,kvB<=1k,kp<=1k,0.3538,4
512,n<=16,sr>70%,kvB<=1k,kp<=2k,0.3627,4
512,n<=16,sr>70%,kvB<=1k,kp<=32k,0.2834,4
512,n<=16,sr>70%,kvB<=1k,kp<=4k,0.3222,4
512,n<=16,sr>70%,kvB<=1k,kp<=512,0.254,4
512,n<=16,sr>70%,kvB<=1k,kp<=64k,0.0378,4
512,n<=16,sr>70%,kvB<=1k,kp<=8k,0.2801,4
512,n<=16,sr>70%,kvB<=1k,kp=0,0.3202,4
512,n<=16,sr>70%,kvB<=4k,kp<=16k,-0.0001,4
512,n<=16,sr>70%,kvB<=4k,kp<=1k,0.1176,4
512,n<=16,sr>70%,kvB<=4k,kp<=2k,0.1315,4
512,n<=16,sr>70%,kvB<=4k,kp<=32k,0.1868,4
512,n<=16,sr>70%,kvB<=4k,kp<=4k,0.0737,4
512,n<=16,sr>70%,kvB<=4k,kp<=512,0.1699,4
512,n<=16,sr>70%,kvB<=4k,kp<=64k,0.0822,4
512,n<=16,sr>70%,kvB<=4k,kp<=8k,-0.0129,4
512,n<=16,sr>70%,kvB<=4k,kp=0,0.1506,4
512,n<=16,sr>70%,kvB<=64k,kp<=16k,0.0428,4
512,n<=16,sr>70%,kvB<=64k,kp<=1k,0.0416,4
512,n<=16,sr>70%,kvB<=64k,kp<=2k,0.0496,4
512,n<=16,sr>70%,kvB<=64k,kp<=32k,0.0422,4
512,n<=16,sr>70%,kvB<=64k,kp<=4k,0.0626,4
512,n<=16,sr>70%,kvB<=64k,kp<=512,0.0408,4
512,n<=16,sr>70%,kvB<=64k,kp<=64k,0.0553,4
512,n<=16,sr>70%,kvB<=64k,kp<=8k,0.0767,4
512,n<=16,sr>70%,kvB<=64k,kp=0,0.0583,4
512,n<=2,sr<=70%,kvB<=16k,kp<=16k,0.0932,2
512,n<=2,sr<=70%,kvB<=16k,kp<=1k,0.1524,2
512,n<=2,sr<=70%,kvB<=16k,kp<=2k,0.1443,2
512,n<=2,sr<=70%,kvB<=16k,kp<=32k,0.1706,2
512,n<=2,sr<=70%,kvB<=16k,kp<=4k,0.1409,2
512,n<=2,sr<=70%,kvB<=16k,kp<=512,0.0941,2
512,n<=2,sr<=70%,kvB<=16k,kp<=64k,0.1878,2
512,n<=2,sr<=70%,kvB<=16k,kp<=8k,-0.0097,2
512,n<=2,sr<=70%,kvB<=16k,kp=0,0.1649,2
512,n<=2,sr<=70%,kvB<=1k,kp<=16k,0.2429,1
512,n<=2,sr<=70%,kvB<=1k,kp<=1k,0.9306,2
512,n<=2,sr<=70%,kvB<=1k,kp<=2k,-0.6966,2
512,n<=2,sr<=70%,kvB<=1k,kp<=32k,0.587,1
512,n<=2,sr<=70%,kvB<=1k,kp<=4k,0.4467,2
512,n<=2,sr<=70%,kvB<=1k,kp<=512,0.6161,2
512,n<=2,sr<=70%,kvB<=1k,kp<=64k,-0.3739,2
512,n<=2,sr<=70%,kvB<=1k,kp<=8k,-14.8102,1
512,n<=2,sr<=70%,kvB<=1k,kp=0,0.0956,2
512,n<=2,sr<=70%,kvB<=4k,kp<=16k,-0.7049,2
512,n<=2,sr<=70%,kvB<=4k,kp<=1k,0.464,2
512,n<=2,sr<=70%,kvB<=4k,kp<=2k,0.5073,2
512,n<=2,sr<=70%,kvB<=4k,kp<=32k,-0.851,2
512,n<=2,sr<=70%,kvB<=4k,kp<=4k,-0.19,2
512,n<=2,sr<=70%,kvB<=4k,kp<=512,0.5077,2
512,n<=2,sr<=70%,kvB<=4k,kp<=64k,0.1796,1
512,n<=2,sr<=70%,kvB<=4k,kp<=8k,0.4543,2
512,n<=2,sr<=70%,kvB<=4k,kp=0,0.5427,2
512,n<=2,sr<=70%,kvB<=64k,kp<=16k,0.0582,2
512,n<=2,sr<=70%,kvB<=64k,kp<=1k,0.0487,2
512,n<=2,sr<=70%,kvB<=64k,kp<=2k,0.0891,2
512,n<=2,sr<=70%,kvB<=64k,kp<=32k,0.105,2
512,n<=2,sr<=70%,kvB<=64k,kp<=4k,0.0848,2
512,n<=2,sr<=70%,kvB<=64k,kp<=512,0.0793,2
512,n<=2,sr<=70%,kvB<=64k,kp<=64k,0.0789,2
512,n<=2,sr<=70%,kvB<=64k,kp<=8k,-0.0783,2
512,n<=2,sr<=70%,kvB<=64k,kp=0,0.0833,2
512,n<=32,sr<=15%,kvB<=16k,kp<=16k,0.1771,6
512,n<=32,sr<=15%,kvB<=16k,kp<=1k,0.1807,6
512,n<=32,sr<=15%,kvB<=16k,kp<=2k,0.1806,6
512,n<=32,sr<=15%,kvB<=16k,kp<=32k,0.1779,6
512,n<=32,sr<=15%,kvB<=16k,kp<=4k,0.1781,6
512,n<=32,sr<=15%,kvB<=16k,kp<=512,0.1797,6
512,n<=32,sr<=15%,kvB<=16k,kp<=64k,0.1823,6
512,n<=32,sr<=15%,kvB<=16k,kp<=8k,0.1764,6
512,n<=32,sr<=15%,kvB<=16k,kp=0,0.1804,6
512,n<=32,sr<=15%,kvB<=1k,kp<=16k,0.1657,6
512,n<=32,sr<=15%,kvB<=1k,kp<=1k,0.1898,6
512,n<=32,sr<=15%,kvB<=1k,kp<=2k,0.182,6
512,n<=32,sr<=15%,kvB<=1k,kp<=32k,0.158,6
512,n<=32,sr<=15%,kvB<=1k,kp<=4k,0.1947,6
512,n<=32,sr<=15%,kvB<=1k,kp<=512,0.1843,6
512,n<=32,sr<=15%,kvB<=1k,kp<=64k,0.1983,6
512,n<=32,sr<=15%,kvB<=1k,kp<=8k,0.2214,6
512,n<=32,sr<=15%,kvB<=1k,kp=0,0.1849,6
512,n<=32,sr<=15%,kvB<=4k,kp<=16k,0.1666,6
512,n<=32,sr<=15%,kvB<=4k,kp<=1k,0.1873,6
512,n<=32,sr<=15%,kvB<=4k,kp<=2k,0.1867,6
512,n<=32,sr<=15%,kvB<=4k,kp<=32k,0.1615,6
512,n<=32,sr<=15%,kvB<=4k,kp<=4k,0.1904,6
512,n<=32,sr<=15%,kvB<=4k,kp<=512,0.1872,6
512,n<=32,sr<=15%,kvB<=4k,kp<=64k,0.1761,6
512,n<=32,sr<=15%,kvB<=4k,kp<=8k,0.2181,6
512,n<=32,sr<=15%,kvB<=4k,kp=0,0.1899,6
512,n<=32,sr<=15%,kvB<=64k,kp<=16k,0.1726,6
512,n<=32,sr<=15%,kvB<=64k,kp<=1k,0.1745,6
512,n<=32,sr<=15%,kvB<=64k,kp<=2k,0.1738,6
512,n<=32,sr<=15%,kvB<=64k,kp<=32k,0.1745,6
512,n<=32,sr<=15%,kvB<=64k,kp<=4k,0.1762,6
512,n<=32,sr<=15%,kvB<=64k,kp<=512,0.176,6
512,n<=32,sr<=15%,kvB<=64k,kp<=64k,0.1729,6
512,n<=32,sr<=15%,kvB<=64k,kp<=8k,0.131,6
512,n<=32,sr<=15%,kvB<=64k,kp=0,0.1745,6
512,n<=32,sr<=40%,kvB<=16k,kp<=16k,0.073,2
512,n<=32,sr<=40%,kvB<=16k,kp<=1k,0.0765,2
512,n<=32,sr<=40%,kvB<=16k,kp<=2k,0.0818,2
512,n<=32,sr<=40%,kvB<=16k,kp<=32k,0.0831,2
512,n<=32,sr<=40%,kvB<=16k,kp<=4k,0.0832,2
512,n<=32,sr<=40%,kvB<=16k,kp<=512,0.0819,2
512,n<=32,sr<=40%,kvB<=16k,kp<=64k,0.0795,2
512,n<=32,sr<=40%,kvB<=16k,kp<=8k,0.0773,2
512,n<=32,sr<=40%,kvB<=16k,kp=0,0.0889,2
512,n<=32,sr<=40%,kvB<=1k,kp<=16k,0.2067,2
512,n<=32,sr<=40%,kvB<=1k,kp<=1k,0.1963,2
512,n<=32,sr<=40%,kvB<=1k,kp<=2k,0.193,2
512,n<=32,sr<=40%,kvB<=1k,kp<=32k,0.0826,2
512,n<=32,sr<=40%,kvB<=1k,kp<=4k,0.1602,2
512,n<=32,sr<=40%,kvB<=1k,kp<=512,0.2029,2
512,n<=32,sr<=40%,kvB<=1k,kp<=64k,0.0964,2
512,n<=32,sr<=40%,kvB<=1k,kp<=8k,-0.0422,2
512,n<=32,sr<=40%,kvB<=1k,kp=0,0.2246,2
512,n<=32,sr<=40%,kvB<=4k,kp<=16k,0.0759,2
512,n<=32,sr<=40%,kvB<=4k,kp<=1k,0.082,2
512,n<=32,sr<=40%,kvB<=4k,kp<=2k,0.0743,2
512,n<=32,sr<=40%,kvB<=4k,kp<=32k,0.0705,2
512,n<=32,sr<=40%,kvB<=4k,kp<=4k,0.0722,2
512,n<=32,sr<=40%,kvB<=4k,kp<=512,0.0804,2
512,n<=32,sr<=40%,kvB<=4k,kp<=64k,0.0592,2
512,n<=32,sr<=40%,kvB<=4k,kp<=8k,0.1074,2
512,n<=32,sr<=40%,kvB<=4k,kp=0,0.0926,2
512,n<=32,sr<=40%,kvB<=64k,kp<=16k,0.0679,2
512,n<=32,sr<=40%,kvB<=64k,kp<=1k,0.0717,2
512,n<=32,sr<=40%,kvB<=64k,kp<=2k,0.0742,2
512,n<=32,sr<=40%,kvB<=64k,kp<=32k,0.0704,2
512,n<=32,sr<=40%,kvB<=64k,kp<=4k,0.0742,2
512,n<=32,sr<=40%,kvB<=64k,kp<=512,0.0722,2
512,n<=32,sr<=40%,kvB<=64k,kp<=64k,0.0773,2
512,n<=32,sr<=40%,kvB<=64k,kp<=8k,0.068,2
512,n<=32,sr<=40%,kvB<=64k,kp=0,0.0726,2
512,n<=32,sr<=5%,kvB<=16k,kp<=16k,0.2144,2
512,n<=32,sr<=5%,kvB<=16k,kp<=1k,0.2194,2
512,n<=32,sr<=5%,kvB<=16k,kp<=2k,0.2204,2
512,n<=32,sr<=5%,kvB<=16k,kp<=32k,0.2203,2
512,n<=32,sr<=5%,kvB<=16k,kp<=4k,0.2171,2
512,n<=32,sr<=5%,kvB<=16k,kp<=512,0.2149,2
512,n<=32,sr<=5%,kvB<=16k,kp<=64k,0.2247,2
512,n<=32,sr<=5%,kvB<=16k,kp<=8k,0.2129,2
512,n<=32,sr<=5%,kvB<=16k,kp=0,0.217,2
512,n<=32,sr<=5%,kvB<=1k,kp<=16k,0.2141,2
512,n<=32,sr<=5%,kvB<=1k,kp<=1k,0.1737,2
512,n<=32,sr<=5%,kvB<=1k,kp<=2k,0.1703,2
512,n<=32,sr<=5%,kvB<=1k,kp<=32k,0.2401,2
512,n<=32,sr<=5%,kvB<=1k,kp<=4k,0.2007,2
512,n<=32,sr<=5%,kvB<=1k,kp<=512,0.1573,2
512,n<=32,sr<=5%,kvB<=1k,kp<=64k,0.1548,2
512,n<=32,sr<=5%,kvB<=1k,kp<=8k,0.1599,2
512,n<=32,sr<=5%,kvB<=1k,kp=0,0.1783,2
512,n<=32,sr<=5%,kvB<=4k,kp<=16k,0.2029,2
512,n<=32,sr<=5%,kvB<=4k,kp<=1k,0.2223,2
512,n<=32,sr<=5%,kvB<=4k,kp<=2k,0.2175,2
512,n<=32,sr<=5%,kvB<=4k,kp<=32k,0.2143,2
512,n<=32,sr<=5%,kvB<=4k,kp<=4k,0.218,2
512,n<=32,sr<=5%,kvB<=4k,kp<=512,0.2188,2
512,n<=32,sr<=5%,kvB<=4k,kp<=64k,0.2123,2
512,n<=32,sr<=5%,kvB<=4k,kp<=8k,0.2154,2
512,n<=32,sr<=5%,kvB<=4k,kp=0,0.2177,2
512,n<=32,sr<=5%,kvB<=64k,kp<=16k,0.2167,2
512,n<=32,sr<=5%,kvB<=64k,kp<=1k,0.2121,2
512,n<=32,sr<=5%,kvB<=64k,kp<=2k,0.2162,2
512,n<=32,sr<=5%,kvB<=64k,kp<=32k,0.2111,2
512,n<=32,sr<=5%,kvB<=64k,kp<=4k,0.214,2
512,n<=32,sr<=5%,kvB<=64k,kp<=512,0.2157,2
512,n<=32,sr<=5%,kvB<=64k,kp<=64k,0.2194,2
512,n<=32,sr<=5%,kvB<=64k,kp<=8k,0.2062,2
512,n<=32,sr<=5%,kvB<=64k,kp=0,0.2127,2
512,n<=32,sr<=70%,kvB<=16k,kp<=16k,0.0094,2
512,n<=32,sr<=70%,kvB<=16k,kp<=1k,0.014,2
512,n<=32,sr<=70%,kvB<=16k,kp<=2k,0.0093,2
512,n<=32,sr<=70%,kvB<=16k,kp<=32k,-0.0177,2
512,n<=32,sr<=70%,kvB<=16k,kp<=4k,0.0128,2
512,n<=32,sr<=70%,kvB<=16k,kp<=512,-0.0003,2
512,n<=32,sr<=70%,kvB<=16k,kp<=64k,0.0081,2
512,n<=32,sr<=70%,kvB<=16k,kp<=8k,0.025,2
512,n<=32,sr<=70%,kvB<=16k,kp=0,0.0262,2
512,n<=32,sr<=70%,kvB<=1k,kp<=16k,-0.0579,2
512,n<=32,sr<=70%,kvB<=1k,kp<=1k,0.1629,2
512,n<=32,sr<=70%,kvB<=1k,kp<=2k,0.1946,2
512,n<=32,sr<=70%,kvB<=1k,kp<=32k,-0.0809,2
512,n<=32,sr<=70%,kvB<=1k,kp<=4k,0.1476,2
512,n<=32,sr<=70%,kvB<=1k,kp<=512,0.1656,2
512,n<=32,sr<=70%,kvB<=1k,kp<=64k,-0.1446,2
512,n<=32,sr<=70%,kvB<=1k,kp<=8k,-0.1853,2
512,n<=32,sr<=70%,kvB<=1k,kp=0,0.1667,2
512,n<=32,sr<=70%,kvB<=4k,kp<=16k,0.0256,2
512,n<=32,sr<=70%,kvB<=4k,kp<=1k,0.0091,2
512,n<=32,sr<=70%,kvB<=4k,kp<=2k,0.0312,2
512,n<=32,sr<=70%,kvB<=4k,kp<=32k,-0.0206,2
512,n<=32,sr<=70%,kvB<=4k,kp<=4k,0.0216,2
512,n<=32,sr<=70%,kvB<=4k,kp<=512,0.0038,2
512,n<=32,sr<=70%,kvB<=4k,kp<=64k,0.02,2
512,n<=32,sr<=70%,kvB<=4k,kp<=8k,-0.0211,2
512,n<=32,sr<=70%,kvB<=4k,kp=0,0.0082,2
512,n<=32,sr<=70%,kvB<=64k,kp<=16k,-0.0045,2
512,n<=32,sr<=70%,kvB<=64k,kp<=1k,-0.0184,2
512,n<=32,sr<=70%,kvB<=64k,kp<=2k,-0.0126,2
512,n<=32,sr<=70%,kvB<=64k,kp<=32k,-0.0037,2
512,n<=32,sr<=70%,kvB<=64k,kp<=4k,-0.0075,2
512,n<=32,sr<=70%,kvB<=64k,kp<=512,-0.0186,2
512,n<=32,sr<=70%,kvB<=64k,kp<=64k,-0.0135,2
512,n<=32,sr<=70%,kvB<=64k,kp<=8k,-0.0049,2
512,n<=32,sr<=70%,kvB<=64k,kp=0,0.0035,2
512,n<=32,sr>70%,kvB<=16k,kp<=16k,0.2827,4
512,n<=32,sr>70%,kvB<=16k,kp<=1k,0.2516,4
512,n<=32,sr>70%,kvB<=16k,kp<=2k,0.2325,4
512,n<=32,sr>70%,kvB<=16k,kp<=32k,0.3049,4
512,n<=32,sr>70%,kvB<=16k,kp<=4k,0.2407,4
512,n<=32,sr>70%,kvB<=16k,kp<=512,0.2788,4
512,n<=32,sr>70%,kvB<=16k,kp<=64k,0.2644,4
512,n<=32,sr>70%,kvB<=16k,kp<=8k,0.3088,4
512,n<=32,sr>70%,kvB<=16k,kp=0,0.2465,4
512,n<=32,sr>70%,kvB<=1k,kp<=16k,0.4605,4
512,n<=32,sr>70%,kvB<=1k,kp<=1k,0.5559,4
512,n<=32,sr>70%,kvB<=1k,kp<=2k,0.556,4
512,n<=32,sr>70%,kvB<=1k,kp<=32k,0.3527,4
512,n<=32,sr>70%,kvB<=1k,kp<=4k,0.5522,4
512,n<=32,sr>70%,kvB<=1k,kp<=512,0.5542,4
512,n<=32,sr>70%,kvB<=1k,kp<=64k,0.3576,4
512,n<=32,sr>70%,kvB<=1k,kp<=8k,0.3639,4
512,n<=32,sr>70%,kvB<=1k,kp=0,0.5728,4
512,n<=32,sr>70%,kvB<=4k,kp<=16k,0.234,4
512,n<=32,sr>70%,kvB<=4k,kp<=1k,0.2736,4
512,n<=32,sr>70%,kvB<=4k,kp<=2k,0.2692,4
512,n<=32,sr>70%,kvB<=4k,kp<=32k,0.2998,4
512,n<=32,sr>70%,kvB<=4k,kp<=4k,0.2576,4
512,n<=32,sr>70%,kvB<=4k,kp<=512,0.2905,4
512,n<=32,sr>70%,kvB<=4k,kp<=64k,0.2623,4
512,n<=32,sr>70%,kvB<=4k,kp<=8k,0.2836,4
512,n<=32,sr>70%,kvB<=4k,kp=0,0.2726,4
512,n<=32,sr>70%,kvB<=64k,kp<=16k,0.2658,4
512,n<=32,sr>70%,kvB<=64k,kp<=1k,0.2588,4
512,n<=32,sr>70%,kvB<=64k,kp<=2k,0.2787,4
512,n<=32,sr>70%,kvB<=64k,kp<=32k,0.2785,4
512,n<=32,sr>70%,kvB<=64k,kp<=4k,0.2907,4
512,n<=32,sr>70%,kvB<=64k,kp<=512,0.2774,4
512,n<=32,sr>70%,kvB<=64k,kp<=64k,0.2906,4
512,n<=32,sr>70%,kvB<=64k,kp<=8k,0.2384,4
512,n<=32,sr>70%,kvB<=64k,kp=0,0.2654,4
512,n<=4,sr<=40%,kvB<=16k,kp<=16k,0.2941,2
512,n<=4,sr<=40%,kvB<=16k,kp<=1k,0.2961,2
512,n<=4,sr<=40%,kvB<=16k,kp<=2k,0.2982,2
512,n<=4,sr<=40%,kvB<=16k,kp<=32k,0.3075,2
512,n<=4,sr<=40%,kvB<=16k,kp<=4k,0.3223,2
512,n<=4,sr<=40%,kvB<=16k,kp<=512,0.3019,2
512,n<=4,sr<=40%,kvB<=16k,kp<=64k,0.3443,2
512,n<=4,sr<=40%,kvB<=16k,kp<=8k,0.2709,2
512,n<=4,sr<=40%,kvB<=16k,kp=0,0.3136,2
512,n<=4,sr<=40%,kvB<=1k,kp<=16k,-0.2034,1
512,n<=4,sr<=40%,kvB<=1k,kp<=1k,0.4221,2
512,n<=4,sr<=40%,kvB<=1k,kp<=2k,0.361,2
512,n<=4,sr<=40%,kvB<=1k,kp<=32k,0.0311,2
512,n<=4,sr<=40%,kvB<=1k,kp<=4k,0.3981,2
512,n<=4,sr<=40%,kvB<=1k,kp<=512,0.5836,2
512,n<=4,sr<=40%,kvB<=1k,kp<=64k,-1.1257,1
512,n<=4,sr<=40%,kvB<=1k,kp<=8k,0.7874,1
512,n<=4,sr<=40%,kvB<=1k,kp=0,0.6194,2
512,n<=4,sr<=40%,kvB<=4k,kp<=16k,0.0345,2
512,n<=4,sr<=40%,kvB<=4k,kp<=1k,0.3819,2
512,n<=4,sr<=40%,kvB<=4k,kp<=2k,0.3343,2
512,n<=4,sr<=40%,kvB<=4k,kp<=32k,-0.0531,2
512,n<=4,sr<=40%,kvB<=4k,kp<=4k,0.3504,2
512,n<=4,sr<=40%,kvB<=4k,kp<=512,0.3908,2
512,n<=4,sr<=40%,kvB<=4k,kp<=64k,0.0841,2
512,n<=4,sr<=40%,kvB<=4k,kp<=8k,0.5772,2
512,n<=4,sr<=40%,kvB<=4k,kp=0,0.3539,2
512,n<=4,sr<=40%,kvB<=64k,kp<=16k,0.3246,2
512,n<=4,sr<=40%,kvB<=64k,kp<=1k,0.3238,2
512,n<=4,sr<=40%,kvB<=64k,kp<=2k,0.3151,2
512,n<=4,sr<=40%,kvB<=64k,kp<=32k,0.3387,2
512,n<=4,sr<=40%,kvB<=64k,kp<=4k,0.3322,2
512,n<=4,sr<=40%,kvB<=64k,kp<=512,0.3335,2
512,n<=4,sr<=40%,kvB<=64k,kp<=64k,0.3192,2
512,n<=4,sr<=40%,kvB<=64k,kp<=8k,0.3259,2
512,n<=4,sr<=40%,kvB<=64k,kp=0,0.3264,2
512,n<=4,sr<=70%,kvB<=16k,kp<=16k,0.1133,2
512,n<=4,sr<=70%,kvB<=16k,kp<=1k,0.2101,2
512,n<=4,sr<=70%,kvB<=16k,kp<=2k,0.1626,2
512,n<=4,sr<=70%,kvB<=16k,kp<=32k,0.1396,2
512,n<=4,sr<=70%,kvB<=16k,kp<=4k,0.1608,2
512,n<=4,sr<=70%,kvB<=16k,kp<=512,0.1949,2
512,n<=4,sr<=70%,kvB<=16k,kp<=64k,0.0968,2
512,n<=4,sr<=70%,kvB<=16k,kp<=8k,0.1808,2
512,n<=4,sr<=70%,kvB<=16k,kp=0,0.2102,2
512,n<=4,sr<=70%,kvB<=1k,kp<=16k,-0.1674,2
512,n<=4,sr<=70%,kvB<=1k,kp<=1k,0.5965,2
512,n<=4,sr<=70%,kvB<=1k,kp<=2k,0.2212,2
512,n<=4,sr<=70%,kvB<=1k,kp<=32k,-0.1289,2
512,n<=4,sr<=70%,kvB<=1k,kp<=4k,0.4244,2
512,n<=4,sr<=70%,kvB<=1k,kp<=512,0.7444,2
512,n<=4,sr<=70%,kvB<=1k,kp<=64k,-0.0737,2
512,n<=4,sr<=70%,kvB<=1k,kp<=8k,-0.1961,2
512,n<=4,sr<=70%,kvB<=1k,kp=0,0.452,2
512,n<=4,sr<=70%,kvB<=4k,kp<=16k,-1.1967,2
512,n<=4,sr<=70%,kvB<=4k,kp<=1k,0.2946,2
512,n<=4,sr<=70%,kvB<=4k,kp<=2k,0.1903,2
512,n<=4,sr<=70%,kvB<=4k,kp<=32k,-0.9373,2
512,n<=4,sr<=70%,kvB<=4k,kp<=4k,0.1559,2
512,n<=4,sr<=70%,kvB<=4k,kp<=512,0.3383,2
512,n<=4,sr<=70%,kvB<=4k,kp<=64k,-1.6505,2
512,n<=4,sr<=70%,kvB<=4k,kp<=8k,0.569,2
512,n<=4,sr<=70%,kvB<=4k,kp=0,0.2879,2
512,n<=4,sr<=70%,kvB<=64k,kp<=16k,0.1409,2
512,n<=4,sr<=70%,kvB<=64k,kp<=1k,0.1616,2
512,n<=4,sr<=70%,kvB<=64k,kp<=2k,0.1789,2
512,n<=4,sr<=70%,kvB<=64k,kp<=32k,0.1649,2
512,n<=4,sr<=70%,kvB<=64k,kp<=4k,0.1421,2
512,n<=4,sr<=70%,kvB<=64k,kp<=512,0.1574,2
512,n<=4,sr<=70%,kvB<=64k,kp<=64k,0.1651,2
512,n<=4,sr<=70%,kvB<=64k,kp<=8k,0.1598,2
512,n<=4,sr<=70%,kvB<=64k,kp=0,0.1674,2
512,n<=4,sr>70%,kvB<=16k,kp<=16k,-0.0416,2
512,n<=4,sr>70%,kvB<=16k,kp<=1k,0.0872,2
512,n<=4,sr>70%,kvB<=16k,kp<=2k,0.1122,2
512,n<=4,sr>70%,kvB<=16k,kp<=32k,0.0789,2
512,n<=4,sr>70%,kvB<=16k,kp<=4k,0.04,2
512,n<=4,sr>70%,kvB<=16k,kp<=512,0.0829,2
512,n<=4,sr>70%,kvB<=16k,kp<=64k,0.2375,2
512,n<=4,sr>70%,kvB<=16k,kp<=8k,0.3474,2
512,n<=4,sr>70%,kvB<=16k,kp=0,0.097,2
512,n<=4,sr>70%,kvB<=1k,kp<=16k,-0.0566,1
512,n<=4,sr>70%,kvB<=1k,kp<=1k,0.1042,2
512,n<=4,sr>70%,kvB<=1k,kp<=2k,0.5359,2
512,n<=4,sr>70%,kvB<=1k,kp<=32k,-0.2428,2
512,n<=4,sr>70%,kvB<=1k,kp<=4k,0.6268,2
512,n<=4,sr>70%,kvB<=1k,kp<=512,0.6235,2
512,n<=4,sr>70%,kvB<=1k,kp<=64k,0.2287,2
512,n<=4,sr>70%,kvB<=1k,kp<=8k,-0.0017,2
512,n<=4,sr>70%,kvB<=1k,kp=0,0.6442,2
512,n<=4,sr>70%,kvB<=4k,kp<=16k,-2.4229,2
512,n<=4,sr>70%,kvB<=4k,kp<=1k,0.3432,2
512,n<=4,sr>70%,kvB<=4k,kp<=2k,0.3923,2
512,n<=4,sr>70%,kvB<=4k,kp<=32k,-0.632,2
512,n<=4,sr>70%,kvB<=4k,kp<=4k,0.3333,2
512,n<=4,sr>70%,kvB<=4k,kp<=512,0.3031,2
512,n<=4,sr>70%,kvB<=4k,kp<=64k,-0.5301,1
512,n<=4,sr>70%,kvB<=4k,kp<=8k,0.4147,2
512,n<=4,sr>70%,kvB<=4k,kp=0,0.1692,2
512,n<=4,sr>70%,kvB<=64k,kp<=16k,0.0972,2
512,n<=4,sr>70%,kvB<=64k,kp<=1k,0.0566,2
512,n<=4,sr>70%,kvB<=64k,kp<=2k,0.0639,2
512,n<=4,sr>70%,kvB<=64k,kp<=32k,0.0514,2
512,n<=4,sr>70%,kvB<=64k,kp<=4k,0.0387,2
512,n<=4,sr>70%,kvB<=64k,kp<=512,0.0368,2
512,n<=4,sr>70%,kvB<=64k,kp<=64k,-0.0002,2
512,n<=4,sr>70%,kvB<=64k,kp<=8k,0.065,2
512,n<=4,sr>70%,kvB<=64k,kp=0,0.0081,2
512,n<=64,sr<=15%,kvB<=16k,kp<=16k,0.0086,4
512,n<=64,sr<=15%,kvB<=16k,kp<=1k,0.0043,4
512,n<=64,sr<=15%,kvB<=16k,kp<=2k,0.0025,4
512,n<=64,sr<=15%,kvB<=16k,kp<=32k,0.0001,4
512,n<=64,sr<=15%,kvB<=16k,kp<=4k,0.0023,4
512,n<=64,sr<=15%,kvB<=16k,kp<=512,0.0059,4
512,n<=64,sr<=15%,kvB<=16k,kp<=64k,-0.0048,4
512,n<=64,sr<=15%,kvB<=16k,kp<=8k,0.0037,4
512,n<=64,sr<=15%,kvB<=16k,kp=0,0.0048,4
512,n<=64,sr<=15%,kvB<=1k,kp<=16k,-0.0096,4
512,n<=64,sr<=15%,kvB<=1k,kp<=1k,0.0348,4
512,n<=64,sr<=15%,kvB<=1k,kp<=2k,0.0352,4
512,n<=64,sr<=15%,kvB<=1k,kp<=32k,0.0118,4
512,n<=64,sr<=15%,kvB<=1k,kp<=4k,0.0318,4
512,n<=64,sr<=15%,kvB<=1k,kp<=512,0.0366,4
512,n<=64,sr<=15%,kvB<=1k,kp<=64k,0.0093,4
512,n<=64,sr<=15%,kvB<=1k,kp<=8k,0.0399,4
512,n<=64,sr<=15%,kvB<=1k,kp=0,0.0381,4
512,n<=64,sr<=15%,kvB<=4k,kp<=16k,0.0055,4
512,n<=64,sr<=15%,kvB<=4k,kp<=1k,0.0145,4
512,n<=64,sr<=15%,kvB<=4k,kp<=2k,0.0136,4
512,n<=64,sr<=15%,kvB<=4k,kp<=32k,0.0005,4
512,n<=64,sr<=15%,kvB<=4k,kp<=4k,0.0102,4
512,n<=64,sr<=15%,kvB<=4k,kp<=512,0.0169,4
512,n<=64,sr<=15%,kvB<=4k,kp<=64k,0.0125,4
512,n<=64,sr<=15%,kvB<=4k,kp<=8k,0.0008,4
512,n<=64,sr<=15%,kvB<=4k,kp=0,0.0194,4
512,n<=64,sr<=15%,kvB<=64k,kp<=16k,0.0039,4
512,n<=64,sr<=15%,kvB<=64k,kp<=1k,0.0056,4
512,n<=64,sr<=15%,kvB<=64k,kp<=2k,0.0052,4
512,n<=64,sr<=15%,kvB<=64k,kp<=32k,0.0019,4
512,n<=64,sr<=15%,kvB<=64k,kp<=4k,0.0047,4
512,n<=64,sr<=15%,kvB<=64k,kp<=512,0.0048,4
512,n<=64,sr<=15%,kvB<=64k,kp<=64k,-0.0003,4
512,n<=64,sr<=15%,kvB<=64k,kp<=8k,0.0018,4
512,n<=64,sr<=15%,kvB<=64k,kp=0,0.0046,4
512,n<=64,sr<=40%,kvB<=16k,kp<=16k,0.0039,2
512,n<=64,sr<=40%,kvB<=16k,kp<=1k,0.0048,2
512,n<=64,sr<=40%,kvB<=16k,kp<=2k,0.0093,2
512,n<=64,sr<=40%,kvB<=16k,kp<=32k,-0.003,2
512,n<=64,sr<=40%,kvB<=16k,kp<=4k,0.005,2
512,n<=64,sr<=40%,kvB<=16k,kp<=512,0.0045,2
512,n<=64,sr<=40%,kvB<=16k,kp<=64k,-0.0066,2
512,n<=64,sr<=40%,kvB<=16k,kp<=8k,0.0015,2
512,n<=64,sr<=40%,kvB<=16k,kp=0,0.0063,2
512,n<=64,sr<=40%,kvB<=1k,kp<=16k,0.0631,2
512,n<=64,sr<=40%,kvB<=1k,kp<=1k,0.0759,2
512,n<=64,sr<=40%,kvB<=1k,kp<=2k,0.0851,2
512,n<=64,sr<=40%,kvB<=1k,kp<=32k,0.1268,2
512,n<=64,sr<=40%,kvB<=1k,kp<=4k,0.1169,2
512,n<=64,sr<=40%,kvB<=1k,kp<=512,0.0988,2
512,n<=64,sr<=40%,kvB<=1k,kp<=64k,0.1243,2
512,n<=64,sr<=40%,kvB<=1k,kp<=8k,0.091,2
512,n<=64,sr<=40%,kvB<=1k,kp=0,0.1034,2
512,n<=64,sr<=40%,kvB<=4k,kp<=16k,-0.0031,2
512,n<=64,sr<=40%,kvB<=4k,kp<=1k,-0.0053,2
512,n<=64,sr<=40%,kvB<=4k,kp<=2k,-0.0046,2
512,n<=64,sr<=40%,kvB<=4k,kp<=32k,-0.0162,2
512,n<=64,sr<=40%,kvB<=4k,kp<=4k,-0.0022,2
512,n<=64,sr<=40%,kvB<=4k,kp<=512,-0.0079,2
512,n<=64,sr<=40%,kvB<=4k,kp<=64k,-0.0347,2
512,n<=64,sr<=40%,kvB<=4k,kp<=8k,-0.0221,2
512,n<=64,sr<=40%,kvB<=4k,kp=0,-0.0105,2
512,n<=64,sr<=40%,kvB<=64k,kp<=16k,0.003,2
512,n<=64,sr<=40%,kvB<=64k,kp<=1k,0.0062,2
512,n<=64,sr<=40%,kvB<=64k,kp<=2k,0.0058,2
512,n<=64,sr<=40%,kvB<=64k,kp<=32k,-0.0025,2
512,n<=64,sr<=40%,kvB<=64k,kp<=4k,0.007,2
512,n<=64,sr<=40%,kvB<=64k,kp<=512,0.0027,2
512,n<=64,sr<=40%,kvB<=64k,kp<=64k,-0.0023,2
512,n<=64,sr<=40%,kvB<=64k,kp<=8k,0.0138,2
512,n<=64,sr<=40%,kvB<=64k,kp=0,0.0081,2
512,n<=64,sr<=5%,kvB<=16k,kp<=16k,0.0288,6
512,n<=64,sr<=5%,kvB<=16k,kp<=1k,0.0256,6
512,n<=64,sr<=5%,kvB<=16k,kp<=2k,0.0261,6
512,n<=64,sr<=5%,kvB<=16k,kp<=32k,0.022,6
512,n<=64,sr<=5%,kvB<=16k,kp<=4k,0.0264,6
512,n<=64,sr<=5%,kvB<=16k,kp<=512,0.0263,6
512,n<=64,sr<=5%,kvB<=16k,kp<=64k,0.0216,6
512,n<=64,sr<=5%,kvB<=16k,kp<=8k,0.0234,6
512,n<=64,sr<=5%,kvB<=16k,kp=0,0.0248,6
512,n<=64,sr<=5%,kvB<=1k,kp<=16k,-0.0049,6
512,n<=64,sr<=5%,kvB<=1k,kp<=1k,0.025,6
512,n<=64,sr<=5%,kvB<=1k,kp<=2k,0.0252,6
512,n<=64,sr<=5%,kvB<=1k,kp<=32k,0.002,6
512,n<=64,sr<=5%,kvB<=1k,kp<=4k,0.0289,6
512,n<=64,sr<=5%,kvB<=1k,kp<=512,0.0276,6
512,n<=64,sr<=5%,kvB<=1k,kp<=64k,0.0111,6
512,n<=64,sr<=5%,kvB<=1k,kp<=8k,0.0083,6
512,n<=64,sr<=5%,kvB<=1k,kp=0,0.025,6
512,n<=64,sr<=5%,kvB<=4k,kp<=16k,0.005,6
512,n<=64,sr<=5%,kvB<=4k,kp<=1k,0.0143,6
512,n<=64,sr<=5%,kvB<=4k,kp<=2k,0.0158,6
512,n<=64,sr<=5%,kvB<=4k,kp<=32k,0.0066,6
512,n<=64,sr<=5%,kvB<=4k,kp<=4k,0.0181,6
512,n<=64,sr<=5%,kvB<=4k,kp<=512,0.0158,6
512,n<=64,sr<=5%,kvB<=4k,kp<=64k,0.0016,6
512,n<=64,sr<=5%,kvB<=4k,kp<=8k,-0.0002,6
512,n<=64,sr<=5%,kvB<=4k,kp=0,0.0171,6
512,n<=64,sr<=5%,kvB<=64k,kp<=16k,0.0307,6
512,n<=64,sr<=5%,kvB<=64k,kp<=1k,0.0287,6
512,n<=64,sr<=5%,kvB<=64k,kp<=2k,0.0288,6
512,n<=64,sr<=5%,kvB<=64k,kp<=32k,0.0256,6
512,n<=64,sr<=5%,kvB<=64k,kp<=4k,0.0295,6
512,n<=64,sr<=5%,kvB<=64k,kp<=512,0.0264,6
512,n<=64,sr<=5%,kvB<=64k,kp<=64k,0.0261,6
512,n<=64,sr<=5%,kvB<=64k,kp<=8k,0.0281,6
512,n<=64,sr<=5%,kvB<=64k,kp=0,0.0273,6
512,n<=64,sr<=70%,kvB<=16k,kp<=16k,-0.0271,2
512,n<=64,sr<=70%,kvB<=16k,kp<=1k,-0.0091,2
512,n<=64,sr<=70%,kvB<=16k,kp<=2k,0.0024,2
512,n<=64,sr<=70%,kvB<=16k,kp<=32k,-0.0314,2
512,n<=64,sr<=70%,kvB<=16k,kp<=4k,0.0016,2
512,n<=64,sr<=70%,kvB<=16k,kp<=512,-0.0076,2
512,n<=64,sr<=70%,kvB<=16k,kp<=64k,-0.039,2
512,n<=64,sr<=70%,kvB<=16k,kp<=8k,-0.0104,2
512,n<=64,sr<=70%,kvB<=16k,kp=0,-0.0041,2
512,n<=64,sr<=70%,kvB<=1k,kp<=16k,-0.0039,2
512,n<=64,sr<=70%,kvB<=1k,kp<=1k,0.0912,2
512,n<=64,sr<=70%,kvB<=1k,kp<=2k,0.0878,2
512,n<=64,sr<=70%,kvB<=1k,kp<=32k,-0.0964,2
512,n<=64,sr<=70%,kvB<=1k,kp<=4k,0.0657,2
512,n<=64,sr<=70%,kvB<=1k,kp<=512,0.0848,2
512,n<=64,sr<=70%,kvB<=1k,kp<=64k,0.0483,2
512,n<=64,sr<=70%,kvB<=1k,kp<=8k,-0.1053,2
512,n<=64,sr<=70%,kvB<=1k,kp=0,0.087,2
512,n<=64,sr<=70%,kvB<=4k,kp<=16k,-0.0297,2
512,n<=64,sr<=70%,kvB<=4k,kp<=1k,-0.0289,2
512,n<=64,sr<=70%,kvB<=4k,kp<=2k,-0.0323,2
512,n<=64,sr<=70%,kvB<=4k,kp<=32k,-0.0452,2
512,n<=64,sr<=70%,kvB<=4k,kp<=4k,-0.0244,2
512,n<=64,sr<=70%,kvB<=4k,kp<=512,-0.0303,2
512,n<=64,sr<=70%,kvB<=4k,kp<=64k,-0.0722,2
512,n<=64,sr<=70%,kvB<=4k,kp<=8k,-0.0334,2
512,n<=64,sr<=70%,kvB<=4k,kp=0,-0.0225,2
512,n<=64,sr<=70%,kvB<=64k,kp<=16k,-0.0336,2
512,n<=64,sr<=70%,kvB<=64k,kp<=1k,-0.0414,2
512,n<=64,sr<=70%,kvB<=64k,kp<=2k,-0.0359,2
512,n<=64,sr<=70%,kvB<=64k,kp<=32k,-0.041,2
512,n<=64,sr<=70%,kvB<=64k,kp<=4k,-0.0313,2
512,n<=64,sr<=70%,kvB<=64k,kp<=512,-0.0362,2
512,n<=64,sr<=70%,kvB<=64k,kp<=64k,-0.0432,2
512,n<=64,sr<=70%,kvB<=64k,kp<=8k,-0.0306,2
512,n<=64,sr<=70%,kvB<=64k,kp=0,-0.0376,2
512,n<=64,sr>70%,kvB<=16k,kp<=16k,0.0724,4
512,n<=64,sr>70%,kvB<=16k,kp<=1k,0.0356,4
512,n<=64,sr>70%,kvB<=16k,kp<=2k,0.0351,4
512,n<=64,sr>70%,kvB<=16k,kp<=32k,-0.0294,4
512,n<=64,sr>70%,kvB<=16k,kp<=4k,0.0238,4
512,n<=64,sr>70%,kvB<=16k,kp<=512,0.0233,4
512,n<=64,sr>70%,kvB<=16k,kp<=64k,-0.0163,4
512,n<=64,sr>70%,kvB<=16k,kp<=8k,0.0465,4
512,n<=64,sr>70%,kvB<=16k,kp=0,0.0609,4
512,n<=64,sr>70%,kvB<=1k,kp<=16k,0.2201,4
512,n<=64,sr>70%,kvB<=1k,kp<=1k,0.3867,4
512,n<=64,sr>70%,kvB<=1k,kp<=2k,0.4002,4
512,n<=64,sr>70%,kvB<=1k,kp<=32k,0.2376,4
512,n<=64,sr>70%,kvB<=1k,kp<=4k,0.3684,4
512,n<=64,sr>70%,kvB<=1k,kp<=512,0.4651,4
512,n<=64,sr>70%,kvB<=1k,kp<=64k,0.2018,4
512,n<=64,sr>70%,kvB<=1k,kp<=8k,-0.0706,4
512,n<=64,sr>70%,kvB<=1k,kp=0,0.3889,4
512,n<=64,sr>70%,kvB<=4k,kp<=16k,0.07,4
512,n<=64,sr>70%,kvB<=4k,kp<=1k,0.0859,4
512,n<=64,sr>70%,kvB<=4k,kp<=2k,0.0857,4
512,n<=64,sr>70%,kvB<=4k,kp<=32k,0.0079,4
512,n<=64,sr>70%,kvB<=4k,kp<=4k,0.0596,4
512,n<=64,sr>70%,kvB<=4k,kp<=512,0.0869,4
512,n<=64,sr>70%,kvB<=4k,kp<=64k,-0.0065,4
512,n<=64,sr>70%,kvB<=4k,kp<=8k,0.0376,4
512,n<=64,sr>70%,kvB<=4k,kp=0,0.0294,4
512,n<=64,sr>70%,kvB<=64k,kp<=16k,-0.0433,4
512,n<=64,sr>70%,kvB<=64k,kp<=1k,-0.0458,4
512,n<=64,sr>70%,kvB<=64k,kp<=2k,-0.0312,4
512,n<=64,sr>70%,kvB<=64k,kp<=32k,-0.0464,4
512,n<=64,sr>70%,kvB<=64k,kp<=4k,-0.0352,4
512,n<=64,sr>70%,kvB<=64k,kp<=512,-0.0126,4
512,n<=64,sr>70%,kvB<=64k,kp<=64k,-0.042,4
512,n<=64,sr>70%,kvB<=64k,kp<=8k,-0.0473,4
512,n<=64,sr>70%,kvB<=64k,kp=0,-0.0296,4
512,n<=8,sr<=15%,kvB<=16k,kp<=16k,0.3775,2
512,n<=8,sr<=15%,kvB<=16k,kp<=1k,0.3858,2
512,n<=8,sr<=15%,kvB<=16k,kp<=2k,0.3921,2
512,n<=8,sr<=15%,kvB<=16k,kp<=32k,0.3877,2
512,n<=8,sr<=15%,kvB<=16k,kp<=4k,0.3849,2
512,n<=8,sr<=15%,kvB<=16k,kp<=512,0.3988,2
512,n<=8,sr<=15%,kvB<=16k,kp<=64k,0.4117,2
512,n<=8,sr<=15%,kvB<=16k,kp<=8k,0.3446,2
512,n<=8,sr<=15%,kvB<=16k,kp=0,0.3923,2
512,n<=8,sr<=15%,kvB<=1k,kp<=16k,0.1356,2
512,n<=8,sr<=15%,kvB<=1k,kp<=1k,0.4496,2
512,n<=8,sr<=15%,kvB<=1k,kp<=2k,0.5043,2
512,n<=8,sr<=15%,kvB<=1k,kp<=32k,0.1623,2
512,n<=8,sr<=15%,kvB<=1k,kp<=4k,0.5156,2
512,n<=8,sr<=15%,kvB<=1k,kp<=512,0.5533,2
512,n<=8,sr<=15%,kvB<=1k,kp<=64k,0.0274,2
512,n<=8,sr<=15%,kvB<=1k,kp<=8k,0.1107,1
512,n<=8,sr<=15%,kvB<=1k,kp=0,0.607,2
512,n<=8,sr<=15%,kvB<=4k,kp<=16k,0.2682,2
512,n<=8,sr<=15%,kvB<=4k,kp<=1k,0.3297,2
512,n<=8,sr<=15%,kvB<=4k,kp<=2k,0.3245,2
512,n<=8,sr<=15%,kvB<=4k,kp<=32k,0.2526,2
512,n<=8,sr<=15%,kvB<=4k,kp<=4k,0.2926,2
512,n<=8,sr<=15%,kvB<=4k,kp<=512,0.3357,2
512,n<=8,sr<=15%,kvB<=4k,kp<=64k,0.1983,2
512,n<=8,sr<=15%,kvB<=4k,kp<=8k,0.2376,2
512,n<=8,sr<=15%,kvB<=4k,kp=0,0.3556,2
512,n<=8,sr<=15%,kvB<=64k,kp<=16k,0.4131,2
512,n<=8,sr<=15%,kvB<=64k,kp<=1k,0.4134,2
512,n<=8,sr<=15%,kvB<=64k,kp<=2k,0.4126,2
512,n<=8,sr<=15%,kvB<=64k,kp<=32k,0.4215,2
512,n<=8,sr<=15%,kvB<=64k,kp<=4k,0.4184,2
512,n<=8,sr<=15%,kvB<=64k,kp<=512,0.4159,2
512,n<=8,sr<=15%,kvB<=64k,kp<=64k,0.4069,2
512,n<=8,sr<=15%,kvB<=64k,kp<=8k,0.3998,2
512,n<=8,sr<=15%,kvB<=64k,kp=0,0.4121,2
512,n<=8,sr<=40%,kvB<=16k,kp<=16k,0.2503,4
512,n<=8,sr<=40%,kvB<=16k,kp<=1k,0.2627,4
512,n<=8,sr<=40%,kvB<=16k,kp<=2k,0.2657,4
512,n<=8,sr<=40%,kvB<=16k,kp<=32k,0.2878,4
512,n<=8,sr<=40%,kvB<=16k,kp<=4k,0.2775,4
512,n<=8,sr<=40%,kvB<=16k,kp<=512,0.2743,4
512,n<=8,sr<=40%,kvB<=16k,kp<=64k,0.3131,4
512,n<=8,sr<=40%,kvB<=16k,kp<=8k,0.2627,4
512,n<=8,sr<=40%,kvB<=16k,kp=0,0.2719,4
512,n<=8,sr<=40%,kvB<=1k,kp<=16k,-0.1128,4
512,n<=8,sr<=40%,kvB<=1k,kp<=1k,0.4223,4
512,n<=8,sr<=40%,kvB<=1k,kp<=2k,0.4498,4
512,n<=8,sr<=40%,kvB<=1k,kp<=32k,-0.0003,4
512,n<=8,sr<=40%,kvB<=1k,kp<=4k,0.4759,4
512,n<=8,sr<=40%,kvB<=1k,kp<=512,0.4963,4
512,n<=8,sr<=40%,kvB<=1k,kp<=64k,-0.5813,4
512,n<=8,sr<=40%,kvB<=1k,kp<=8k,-0.1324,4
512,n<=8,sr<=40%,kvB<=1k,kp=0,0.6036,4
512,n<=8,sr<=40%,kvB<=4k,kp<=16k,0.1332,4
512,n<=8,sr<=40%,kvB<=4k,kp<=1k,0.263,4
512,n<=8,sr<=40%,kvB<=4k,kp<=2k,0.2697,4
512,n<=8,sr<=40%,kvB<=4k,kp<=32k,0.1374,4
512,n<=8,sr<=40%,kvB<=4k,kp<=4k,0.2773,4
512,n<=8,sr<=40%,kvB<=4k,kp<=512,0.2851,4
512,n<=8,sr<=40%,kvB<=4k,kp<=64k,0.1769,4
512,n<=8,sr<=40%,kvB<=4k,kp<=8k,0.309,4
512,n<=8,sr<=40%,kvB<=4k,kp=0,0.2584,4
512,n<=8,sr<=40%,kvB<=64k,kp<=16k,0.3099,4
512,n<=8,sr<=40%,kvB<=64k,kp<=1k,0.3095,4
512,n<=8,sr<=40%,kvB<=64k,kp<=2k,0.3001,4
512,n<=8,sr<=40%,kvB<=64k,kp<=32k,0.3121,4
512,n<=8,sr<=40%,kvB<=64k,kp<=4k,0.308,4
512,n<=8,sr<=40%,kvB<=64k,kp<=512,0.3093,4
512,n<=8,sr<=40%,kvB<=64k,kp<=64k,0.3091,4
512,n<=8,sr<=40%,kvB<=64k,kp<=8k,0.3096,4
512,n<=8,sr<=40%,kvB<=64k,kp=0,0.308,4
512,n<=8,sr<=70%,kvB<=16k,kp<=16k,0.1062,2
512,n<=8,sr<=70%,kvB<=16k,kp<=1k,0.147,2
512,n<=8,sr<=70%,kvB<=16k,kp<=2k,0.1612,2
512,n<=8,sr<=70%,kvB<=16k,kp<=32k,0.1733,2
512,n<=8,sr<=70%,kvB<=16k,kp<=4k,0.1702,2
512,n<=8,sr<=70%,kvB<=16k,kp<=512,0.1597,2
512,n<=8,sr<=70%,kvB<=16k,kp<=64k,0.0498,2
512,n<=8,sr<=70%,kvB<=16k,kp<=8k,0.1342,2
512,n<=8,sr<=70%,kvB<=16k,kp=0,0.1562,2
512,n<=8,sr<=70%,kvB<=1k,kp<=16k,-0.4026,2
512,n<=8,sr<=70%,kvB<=1k,kp<=1k,0.3936,2
512,n<=8,sr<=70%,kvB<=1k,kp<=2k,0.272,2
512,n<=8,sr<=70%,kvB<=1k,kp<=32k,-1.3894,2
512,n<=8,sr<=70%,kvB<=1k,kp<=4k,0.3136,2
512,n<=8,sr<=70%,kvB<=1k,kp<=512,0.4367,2
512,n<=8,sr<=70%,kvB<=1k,kp<=64k,0.0452,2
512,n<=8,sr<=70%,kvB<=1k,kp<=8k,-0.0838,2
512,n<=8,sr<=70%,kvB<=1k,kp=0,0.4708,2
512,n<=8,sr<=70%,kvB<=4k,kp<=16k,-0.009,2
512,n<=8,sr<=70%,kvB<=4k,kp<=1k,0.2079,2
512,n<=8,sr<=70%,kvB<=4k,kp<=2k,0.2438,2
512,n<=8,sr<=70%,kvB<=4k,kp<=32k,0.0384,2
512,n<=8,sr<=70%,kvB<=4k,kp<=4k,0.2093,2
512,n<=8,sr<=70%,kvB<=4k,kp<=512,0.195,2
512,n<=8,sr<=70%,kvB<=4k,kp<=64k,-0.0106,2
512,n<=8,sr<=70%,kvB<=4k,kp<=8k,0.1577,1
512,n<=8,sr<=70%,kvB<=4k,kp=0,0.1918,2
512,n<=8,sr<=70%,kvB<=64k,kp<=16k,0.1857,2
512,n<=8,sr<=70%,kvB<=64k,kp<=1k,0.1814,2
512,n<=8,sr<=70%,kvB<=64k,kp<=2k,0.1828,2
512,n<=8,sr<=70%,kvB<=64k,kp<=32k,0.1787,2
512,n<=8,sr<=70%,kvB<=64k,kp<=4k,0.1893,2
512,n<=8,sr<=70%,kvB<=64k,kp<=512,0.1865,2
512,n<=8,sr<=70%,kvB<=64k,kp<=64k,0.1735,2
512,n<=8,sr<=70%,kvB<=64k,kp<=8k,0.2098,2
512,n<=8,sr<=70%,kvB<=64k,kp=0,0.1902,2
512,n<=8,sr>70%,kvB<=16k,kp<=16k,0.1084,4
512,n<=8,sr>70%,kvB<=16k,kp<=1k,0.0383,4
512,n<=8,sr>70%,kvB<=16k,kp<=2k,0.0851,4
512,n<=8,sr>70%,kvB<=16k,kp<=32k,0.0413,4
512,n<=8,sr>70%,kvB<=16k,kp<=4k,0.0528,4
512,n<=8,sr>70%,kvB<=16k,kp<=512,0.0809,4
512,n<=8,sr>70%,kvB<=16k,kp<=64k,-0.032,4
512,n<=8,sr>70%,kvB<=16k,kp<=8k,-0.1493,4
512,n<=8,sr>70%,kvB<=16k,kp=0,0.0807,4
512,n<=8,sr>70%,kvB<=1k,kp<=16k,-0.3109,4
512,n<=8,sr>70%,kvB<=1k,kp<=1k,0.5523,4
512,n<=8,sr>70%,kvB<=1k,kp<=2k,0.544,4
512,n<=8,sr>70%,kvB<=1k,kp<=32k,-0.1664,3
512,n<=8,sr>70%,kvB<=1k,kp<=4k,0.5223,4
512,n<=8,sr>70%,kvB<=1k,kp<=512,0.5445,4
512,n<=8,sr>70%,kvB<=1k,kp<=64k,-0.5016,4
512,n<=8,sr>70%,kvB<=1k,kp<=8k,-0.0828,4
512,n<=8,sr>70%,kvB<=1k,kp=0,0.7444,4
512,n<=8,sr>70%,kvB<=4k,kp<=16k,-0.0421,4
512,n<=8,sr>70%,kvB<=4k,kp<=1k,0.1797,4
512,n<=8,sr>70%,kvB<=4k,kp<=2k,0.2619,4
512,n<=8,sr>70%,kvB<=4k,kp<=32k,-0.4678,4
512,n<=8,sr>70%,kvB<=4k,kp<=4k,0.1389,4
512,n<=8,sr>70%,kvB<=4k,kp<=512,0.2165,4
512,n<=8,sr>70%,kvB<=4k,kp<=64k,-0.2252,4
512,n<=8,sr>70%,kvB<=4k,kp<=8k,0.4614,4
512,n<=8,sr>70%,kvB<=4k,kp=0,0.3085,4
512,n<=8,sr>70%,kvB<=64k,kp<=16k,0.0556,4
512,n<=8,sr>70%,kvB<=64k,kp<=1k,0.0338,4
512,n<=8,sr>70%,kvB<=64k,kp<=2k,0.0567,4
512,n<=8,sr>70%,kvB<=64k,kp<=32k,0.0554,4
512,n<=8,sr>70%,kvB<=64k,kp<=4k,0.0375,4
512,n<=8,sr>70%,kvB<=64k,kp<=512,0.0259,4
512,n<=8,sr>70%,kvB<=64k,kp<=64k,0.0785,4
512,n<=8,sr>70%,kvB<=64k,kp<=8k,0.0068,4
512,n<=8,sr>70%,kvB<=64k,kp=0,0.036,4
1024,n<=16,sr<=15%,kvB<=16k,kp<=16k,0.4217,4
1024,n<=16,sr<=15%,kvB<=16k,kp<=1k,0.416,4
1024,n<=16,sr<=15%,kvB<=16k,kp<=2k,0.4172,4
1024,n<=16,sr<=15%,kvB<=16k,kp<=32k,0.426,4
1024,n<=16,sr<=15%,kvB<=16k,kp<=4k,0.418,4
1024,n<=16,sr<=15%,kvB<=16k,kp<=512,0.4222,4
1024,n<=16,sr<=15%,kvB<=16k,kp<=64k,0.439,4
1024,n<=16,sr<=15%,kvB<=16k,kp<=8k,0.4198,4
1024,n<=16,sr<=15%,kvB<=16k,kp=0,0.4184,4
1024,n<=16,sr<=15%,kvB<=1k,kp<=16k,0.3276,4
1024,n<=16,sr<=15%,kvB<=1k,kp<=1k,0.3437,4
1024,n<=16,sr<=15%,kvB<=1k,kp<=2k,0.3343,4
1024,n<=16,sr<=15%,kvB<=1k,kp<=32k,0.3803,4
1024,n<=16,sr<=15%,kvB<=1k,kp<=4k,0.3196,4
1024,n<=16,sr<=15%,kvB<=1k,kp<=512,0.3443,4
1024,n<=16,sr<=15%,kvB<=1k,kp<=64k,0.3548,4
1024,n<=16,sr<=15%,kvB<=1k,kp<=8k,0.2865,4
1024,n<=16,sr<=15%,kvB<=1k,kp=0,0.341,4
1024,n<=16,sr<=15%,kvB<=4k,kp<=16k,0.3606,4
1024,n<=16,sr<=15%,kvB<=4k,kp<=1k,0.3533,4
1024,n<=16,sr<=15%,kvB<=4k,kp<=2k,0.3562,4
1024,n<=16,sr<=15%,kvB<=4k,kp<=32k,0.4006,4
1024,n<=16,sr<=15%,kvB<=4k,kp<=4k,0.3594,4
1024,n<=16,sr<=15%,kvB<=4k,kp<=512,0.3555,4
1024,n<=16,sr<=15%,kvB<=4k,kp<=64k,0.3918,4
1024,n<=16,sr<=15%,kvB<=4k,kp<=8k,0.3474,4
1024,n<=16,sr<=15%,kvB<=4k,kp=0,0.3441,4
1024,n<=16,sr<=15%,kvB<=64k,kp<=16k,0.4306,4
1024,n<=16,sr<=15%,kvB<=64k,kp<=1k,0.4312,4
1024,n<=16,sr<=15%,kvB<=64k,kp<=2k,0.432,4
1024,n<=16,sr<=15%,kvB<=64k,kp<=32k,0.4356,4
1024,n<=16,sr<=15%,kvB<=64k,kp<=4k,0.4334,4
1024,n<=16,sr<=15%,kvB<=64k,kp<=512,0.4307,4
1024,n<=16,sr<=15%,kvB<=64k,kp<=64k,0.4334,4
1024,n<=16,sr<=15%,kvB<=64k,kp<=8k,0.4316,4
1024,n<=16,sr<=15%,kvB<=64k,kp=0,0.4317,4
1024,n<=16,sr<=40%,kvB<=16k,kp<=16k,0.3493,4
1024,n<=16,sr<=40%,kvB<=16k,kp<=1k,0.3481,4
1024,n<=16,sr<=40%,kvB<=16k,kp<=2k,0.3485,4
1024,n<=16,sr<=40%,kvB<=16k,kp<=32k,0.3537,4
1024,n<=16,sr<=40%,kvB<=16k,kp<=4k,0.3446,4
1024,n<=16,sr<=40%,kvB<=16k,kp<=512,0.3402,4
1024,n<=16,sr<=40%,kvB<=16k,kp<=64k,0.3652,4
1024,n<=16,sr<=40%,kvB<=16k,kp<=8k,0.3432,4
1024,n<=16,sr<=40%,kvB<=16k,kp=0,0.3463,4
1024,n<=16,sr<=40%,kvB<=1k,kp<=16k,0.259,4
1024,n<=16,sr<=40%,kvB<=1k,kp<=1k,0.3341,4
1024,n<=16,sr<=40%,kvB<=1k,kp<=2k,0.3484,4
1024,n<=16,sr<=40%,kvB<=1k,kp<=32k,0.2793,4
1024,n<=16,sr<=40%,kvB<=1k,kp<=4k,0.3362,4
1024,n<=16,sr<=40%,kvB<=1k,kp<=512,0.3356,4
1024,n<=16,sr<=40%,kvB<=1k,kp<=64k,0.3331,4
1024,n<=16,sr<=40%,kvB<=1k,kp<=8k,0.3336,4
1024,n<=16,sr<=40%,kvB<=1k,kp=0,0.3413,4
1024,n<=16,sr<=40%,kvB<=4k,kp<=16k,0.2884,4
1024,n<=16,sr<=40%,kvB<=4k,kp<=1k,0.3163,4
1024,n<=16,sr<=40%,kvB<=4k,kp<=2k,0.3328,4
1024,n<=16,sr<=40%,kvB<=4k,kp<=32k,0.3231,4
1024,n<=16,sr<=40%,kvB<=4k,kp<=4k,0.3289,4
1024,n<=16,sr<=40%,kvB<=4k,kp<=512,0.3126,4
1024,n<=16,sr<=40%,kvB<=4k,kp<=64k,0.3264,4
1024,n<=16,sr<=40%,kvB<=4k,kp<=8k,0.3181,4
1024,n<=16,sr<=40%,kvB<=4k,kp=0,0.3143,4
1024,n<=16,sr<=40%,kvB<=64k,kp<=16k,0.3635,4
1024,n<=16,sr<=40%,kvB<=64k,kp<=1k,0.3611,4
1024,n<=16,sr<=40%,kvB<=64k,kp<=2k,0.3615,4
1024,n<=16,sr<=40%,kvB<=64k,kp<=32k,0.3622,4
1024,n<=16,sr<=40%,kvB<=64k,kp<=4k,0.3643,4
1024,n<=16,sr<=40%,kvB<=64k,kp<=512,0.3636,4
1024,n<=16,sr<=40%,kvB<=64k,kp<=64k,0.3647,4
1024,n<=16,sr<=40%,kvB<=64k,kp<=8k,0.3645,4
1024,n<=16,sr<=40%,kvB<=64k,kp=0,0.3638,4
1024,n<=16,sr<=70%,kvB<=16k,kp<=16k,0.1503,2
1024,n<=16,sr<=70%,kvB<=16k,kp<=1k,0.1545,2
1024,n<=16,sr<=70%,kvB<=16k,kp<=2k,0.1576,2
1024,n<=16,sr<=70%,kvB<=16k,kp<=32k,0.1739,2
1024,n<=16,sr<=70%,kvB<=16k,kp<=4k,0.156,2
1024,n<=16,sr<=70%,kvB<=16k,kp<=512,0.1559,2
1024,n<=16,sr<=70%,kvB<=16k,kp<=64k,0.1569,2
1024,n<=16,sr<=70%,kvB<=16k,kp<=8k,0.1463,2
1024,n<=16,sr<=70%,kvB<=16k,kp=0,0.1577,2
1024,n<=16,sr<=70%,kvB<=1k,kp<=16k,-0.0036,2
1024,n<=16,sr<=70%,kvB<=1k,kp<=1k,0.1938,2
1024,n<=16,sr<=70%,kvB<=1k,kp<=2k,0.1963,2
1024,n<=16,sr<=70%,kvB<=1k,kp<=32k,0.0796,2
1024,n<=16,sr<=70%,kvB<=1k,kp<=4k,0.2766,2
1024,n<=16,sr<=70%,kvB<=1k,kp<=512,0.2436,2
1024,n<=16,sr<=70%,kvB<=1k,kp<=64k,-0.2334,2
1024,n<=16,sr<=70%,kvB<=1k,kp<=8k,0.0473,2
1024,n<=16,sr<=70%,kvB<=1k,kp=0,0.258,2
1024,n<=16,sr<=70%,kvB<=4k,kp<=16k,0.076,2
1024,n<=16,sr<=70%,kvB<=4k,kp<=1k,0.2109,2
1024,n<=16,sr<=70%,kvB<=4k,kp<=2k,0.1997,2
1024,n<=16,sr<=70%,kvB<=4k,kp<=32k,0.1917,2
1024,n<=16,sr<=70%,kvB<=4k,kp<=4k,0.1944,2
1024,n<=16,sr<=70%,kvB<=4k,kp<=512,0.206,2
1024,n<=16,sr<=70%,kvB<=4k,kp<=64k,0.2536,2
1024,n<=16,sr<=70%,kvB<=4k,kp<=8k,0.117,2
1024,n<=16,sr<=70%,kvB<=4k,kp=0,0.191,2
1024,n<=16,sr<=70%,kvB<=64k,kp<=16k,0.1795,2
1024,n<=16,sr<=70%,kvB<=64k,kp<=1k,0.1765,2
1024,n<=16,sr<=70%,kvB<=64k,kp<=2k,0.1818,2
1024,n<=16,sr<=70%,kvB<=64k,kp<=32k,0.1775,2
1024,n<=16,sr<=70%,kvB<=64k,kp<=4k,0.1782,2
1024,n<=16,sr<=70%,kvB<=64k,kp<=512,0.1803,2
1024,n<=16,sr<=70%,kvB<=64k,kp<=64k,0.1893,2
1024,n<=16,sr<=70%,kvB<=64k,kp<=8k,0.1849,2
1024,n<=16,sr<=70%,kvB<=64k,kp=0,0.1817,2
1024,n<=16,sr>70%,kvB<=16k,kp<=16k,0.0695,4
1024,n<=16,sr>70%,kvB<=16k,kp<=1k,0.0627,4
1024,n<=16,sr>70%,kvB<=16k,kp<=2k,0.0249,4
1024,n<=16,sr>70%,kvB<=16k,kp<=32k,0.0851,4
1024,n<=16,sr>70%,kvB<=16k,kp<=4k,0.0384,4
1024,n<=16,sr>70%,kvB<=16k,kp<=512,0.0096,4
1024,n<=16,sr>70%,kvB<=16k,kp<=64k,0.0105,4
1024,n<=16,sr>70%,kvB<=16k,kp<=8k,0.0131,4
1024,n<=16,sr>70%,kvB<=16k,kp=0,0.0417,4
1024,n<=16,sr>70%,kvB<=1k,kp<=16k,0.2265,4
1024,n<=16,sr>70%,kvB<=1k,kp<=1k,0.3925,4
1024,n<=16,sr>70%,kvB<=1k,kp<=2k,0.2999,4
1024,n<=16,sr>70%,kvB<=1k,kp<=32k,-0.136,4
1024,n<=16,sr>70%,kvB<=1k,kp<=4k,0.4301,4
1024,n<=16,sr>70%,kvB<=1k,kp<=512,0.3165,4
1024,n<=16,sr>70%,kvB<=1k,kp<=64k,0.2119,3
1024,n<=16,sr>70%,kvB<=1k,kp<=8k,0.4468,3
1024,n<=16,sr>70%,kvB<=1k,kp=0,0.4023,4
1024,n<=16,sr>70%,kvB<=4k,kp<=16k,0.0676,4
1024,n<=16,sr>70%,kvB<=4k,kp<=1k,0.1558,4
1024,n<=16,sr>70%,kvB<=4k,kp<=2k,0.12,4
1024,n<=16,sr>70%,kvB<=4k,kp<=32k,0.0773,4
1024,n<=16,sr>70%,kvB<=4k,kp<=4k,0.1369,4
1024,n<=16,sr>70%,kvB<=4k,kp<=512,0.1409,4
1024,n<=16,sr>70%,kvB<=4k,kp<=64k,0.2023,4
1024,n<=16,sr>70%,kvB<=4k,kp<=8k,0.101,4
1024,n<=16,sr>70%,kvB<=4k,kp=0,0.1492,4
1024,n<=16,sr>70%,kvB<=64k,kp<=16k,0.0525,4
1024,n<=16,sr>70%,kvB<=64k,kp<=1k,0.0551,4
1024,n<=16,sr>70%,kvB<=64k,kp<=2k,0.0657,4
1024,n<=16,sr>70%,kvB<=64k,kp<=32k,0.0247,4
1024,n<=16,sr>70%,kvB<=64k,kp<=4k,0.0525,4
1024,n<=16,sr>70%,kvB<=64k,kp<=512,0.0532,4
1024,n<=16,sr>70%,kvB<=64k,kp<=64k,0.0494,4
1024,n<=16,sr>70%,kvB<=64k,kp<=8k,0.0636,4
1024,n<=16,sr>70%,kvB<=64k,kp=0,0.0515,4
1024,n<=2,sr<=70%,kvB<=16k,kp<=16k,0.0623,2
1024,n<=2,sr<=70%,kvB<=16k,kp<=1k,0.1542,2
1024,n<=2,sr<=70%,kvB<=16k,kp<=2k,0.1819,2
1024,n<=2,sr<=70%,kvB<=16k,kp<=32k,0.1044,2
1024,n<=2,sr<=70%,kvB<=16k,kp<=4k,0.238,2
1024,n<=2,sr<=70%,kvB<=16k,kp<=512,0.1629,2
1024,n<=2,sr<=70%,kvB<=16k,kp<=64k,0.1292,2
1024,n<=2,sr<=70%,kvB<=16k,kp<=8k,-0.1012,2
1024,n<=2,sr<=70%,kvB<=16k,kp=0,0.1832,2
1024,n<=2,sr<=70%,kvB<=1k,kp<=16k,0.5715,1
1024,n<=2,sr<=70%,kvB<=1k,kp<=1k,0.9477,2
1024,n<=2,sr<=70%,kvB<=1k,kp<=2k,0.8647,2
1024,n<=2,sr<=70%,kvB<=1k,kp<=32k,0.1349,2
1024,n<=2,sr<=70%,kvB<=1k,kp<=4k,0.5108,1
1024,n<=2,sr<=70%,kvB<=1k,kp<=512,0.5706,2
1024,n<=2,sr<=70%,kvB<=1k,kp<=64k,0.7008,2
1024,n<=2,sr<=70%,kvB<=1k,kp<=8k,0.3981,2
1024,n<=2,sr<=70%,kvB<=1k,kp=0,0.7648,2
1024,n<=2,sr<=70%,kvB<=4k,kp<=16k,-2.3093,2
1024,n<=2,sr<=70%,kvB<=4k,kp<=1k,0.5132,2
1024,n<=2,sr<=70%,kvB<=4k,kp<=2k,0.4266,2
1024,n<=2,sr<=70%,kvB<=4k,kp<=32k,-3.5048,1
1024,n<=2,sr<=70%,kvB<=4k,kp<=4k,0.0183,2
1024,n<=2,sr<=70%,kvB<=4k,kp<=512,0.4298,2
1024,n<=2,sr<=70%,kvB<=4k,kp<=64k,-0.5791,2
1024,n<=2,sr<=70%,kvB<=4k,kp<=8k,-0.7903,2
1024,n<=2,sr<=70%,kvB<=4k,kp=0,0.4495,2
1024,n<=2,sr<=70%,kvB<=64k,kp<=16k,-0.0172,2
1024,n<=2,sr<=70%,kvB<=64k,kp<=1k,0.0744,2
1024,n<=2,sr<=70%,kvB<=64k,kp<=2k,0.063,2
1024,n<=2,sr<=70%,kvB<=64k,kp<=32k,0.1102,2
1024,n<=2,sr<=70%,kvB<=64k,kp<=4k,0.043,2
1024,n<=2,sr<=70%,kvB<=64k,kp<=512,0.0613,2
1024,n<=2,sr<=70%,kvB<=64k,kp<=64k,0.0963,2
1024,n<=2,sr<=70%,kvB<=64k,kp<=8k,0.16,2
1024,n<=2,sr<=70%,kvB<=64k,kp=0,0.0691,2
1024,n<=32,sr<=15%,kvB<=16k,kp<=16k,0.1819,6
1024,n<=32,sr<=15%,kvB<=16k,kp<=1k,0.1768,6
1024,n<=32,sr<=15%,kvB<=16k,kp<=2k,0.1773,6
1024,n<=32,sr<=15%,kvB<=16k,kp<=32k,0.1757,6
1024,n<=32,sr<=15%,kvB<=16k,kp<=4k,0.1782,6
1024,n<=32,sr<=15%,kvB<=16k,kp<=512,0.175,6
1024,n<=32,sr<=15%,kvB<=16k,kp<=64k,0.1751,6
1024,n<=32,sr<=15%,kvB<=16k,kp<=8k,0.1759,6
1024,n<=32,sr<=15%,kvB<=16k,kp=0,0.1784,6
1024,n<=32,sr<=15%,kvB<=1k,kp<=16k,0.1251,6
1024,n<=32,sr<=15%,kvB<=1k,kp<=1k,0.1871,6
1024,n<=32,sr<=15%,kvB<=1k,kp<=2k,0.1838,6
1024,n<=32,sr<=15%,kvB<=1k,kp<=32k,0.1783,6
1024,n<=32,sr<=15%,kvB<=1k,kp<=4k,0.1918,6
1024,n<=32,sr<=15%,kvB<=1k,kp<=512,0.203,6
1024,n<=32,sr<=15%,kvB<=1k,kp<=64k,0.1975,6
1024,n<=32,sr<=15%,kvB<=1k,kp<=8k,0.0985,6
1024,n<=32,sr<=15%,kvB<=1k,kp=0,0.1886,6
1024,n<=32,sr<=15%,kvB<=4k,kp<=16k,0.1572,6
1024,n<=32,sr<=15%,kvB<=4k,kp<=1k,0.1826,6
1024,n<=32,sr<=15%,kvB<=4k,kp<=2k,0.1799,6
1024,n<=32,sr<=15%,kvB<=4k,kp<=32k,0.1765,6
1024,n<=32,sr<=15%,kvB<=4k,kp<=4k,0.1765,6
1024,n<=32,sr<=15%,kvB<=4k,kp<=512,0.177,6
1024,n<=32,sr<=15%,kvB<=4k,kp<=64k,0.167,6
1024,n<=32,sr<=15%,kvB<=4k,kp<=8k,0.1562,6
1024,n<=32,sr<=15%,kvB<=4k,kp=0,0.1778,6
1024,n<=32,sr<=15%,kvB<=64k,kp<=16k,0.1714,6
1024,n<=32,sr<=15%,kvB<=64k,kp<=1k,0.1741,6
1024,n<=32,sr<=15%,kvB<=64k,kp<=2k,0.1735,6
1024,n<=32,sr<=15%,kvB<=64k,kp<=32k,0.1755,6
1024,n<=32,sr<=15%,kvB<=64k,kp<=4k,0.1748,6
1024,n<=32,sr<=15%,kvB<=64k,kp<=512,0.174,6
1024,n<=32,sr<=15%,kvB<=64k,kp<=64k,0.1719,6
1024,n<=32,sr<=15%,kvB<=64k,kp<=8k,0.1698,6
1024,n<=32,sr<=15%,kvB<=64k,kp=0,0.173,6
1024,n<=32,sr<=40%,kvB<=16k,kp<=16k,0.075,2
1024,n<=32,sr<=40%,kvB<=16k,kp<=1k,0.0792,2
1024,n<=32,sr<=40%,kvB<=16k,kp<=2k,0.0696,2
1024,n<=32,sr<=40%,kvB<=16k,kp<=32k,0.0751,2
1024,n<=32,sr<=40%,kvB<=16k,kp<=4k,0.0846,2
1024,n<=32,sr<=40%,kvB<=16k,kp<=512,0.0806,2
1024,n<=32,sr<=40%,kvB<=16k,kp<=64k,0.0701,2
1024,n<=32,sr<=40%,kvB<=16k,kp<=8k,0.0824,2
1024,n<=32,sr<=40%,kvB<=16k,kp=0,0.0827,2
1024,n<=32,sr<=40%,kvB<=1k,kp<=16k,0.1575,2
1024,n<=32,sr<=40%,kvB<=1k,kp<=1k,0.17,2
1024,n<=32,sr<=40%,kvB<=1k,kp<=2k,0.1793,2
1024,n<=32,sr<=40%,kvB<=1k,kp<=32k,0.1647,2
1024,n<=32,sr<=40%,kvB<=1k,kp<=4k,0.2068,2
1024,n<=32,sr<=40%,kvB<=1k,kp<=512,0.1896,2
1024,n<=32,sr<=40%,kvB<=1k,kp<=64k,0.2083,2
1024,n<=32,sr<=40%,kvB<=1k,kp<=8k,0.2195,2
1024,n<=32,sr<=40%,kvB<=1k,kp=0,0.167,2
1024,n<=32,sr<=40%,kvB<=4k,kp<=16k,0.0787,2
1024,n<=32,sr<=40%,kvB<=4k,kp<=1k,0.087,2
1024,n<=32,sr<=40%,kvB<=4k,kp<=2k,0.0842,2
1024,n<=32,sr<=40%,kvB<=4k,kp<=32k,0.0599,2
1024,n<=32,sr<=40%,kvB<=4k,kp<=4k,0.0817,2
1024,n<=32,sr<=40%,kvB<=4k,kp<=512,0.0877,2
1024,n<=32,sr<=40%,kvB<=4k,kp<=64k,0.0452,2
1024,n<=32,sr<=40%,kvB<=4k,kp<=8k,0.0669,2
1024,n<=32,sr<=40%,kvB<=4k,kp=0,0.0744,2
1024,n<=32,sr<=40%,kvB<=64k,kp<=16k,0.0707,2
1024,n<=32,sr<=40%,kvB<=64k,kp<=1k,0.0718,2
1024,n<=32,sr<=40%,kvB<=64k,kp<=2k,0.0669,2
1024,n<=32,sr<=40%,kvB<=64k,kp<=32k,0.0789,2
1024,n<=32,sr<=40%,kvB<=64k,kp<=4k,0.0705,2
1024,n<=32,sr<=40%,kvB<=64k,kp<=512,0.0694,2
1024,n<=32,sr<=40%,kvB<=64k,kp<=64k,0.0714,2
1024,n<=32,sr<=40%,kvB<=64k,kp<=8k,0.0699,2
1024,n<=32,sr<=40%,kvB<=64k,kp=0,0.0708,2
1024,n<=32,sr<=5%,kvB<=16k,kp<=16k,0.2208,2
1024,n<=32,sr<=5%,kvB<=16k,kp<=1k,0.2142,2
1024,n<=32,sr<=5%,kvB<=16k,kp<=2k,0.2159,2
1024,n<=32,sr<=5%,kvB<=16k,kp<=32k,0.2238,2
1024,n<=32,sr<=5%,kvB<=16k,kp<=4k,0.214,2
1024,n<=32,sr<=5%,kvB<=16k,kp<=512,0.2172,2
1024,n<=32,sr<=5%,kvB<=16k,kp<=64k,0.2165,2
1024,n<=32,sr<=5%,kvB<=16k,kp<=8k,0.2192,2
1024,n<=32,sr<=5%,kvB<=16k,kp=0,0.2106,2
1024,n<=32,sr<=5%,kvB<=1k,kp<=16k,0.158,2
1024,n<=32,sr<=5%,kvB<=1k,kp<=1k,0.1944,2
1024,n<=32,sr<=5%,kvB<=1k,kp<=2k,0.1753,2
1024,n<=32,sr<=5%,kvB<=1k,kp<=32k,0.1985,2
1024,n<=32,sr<=5%,kvB<=1k,kp<=4k,0.2078,2
1024,n<=32,sr<=5%,kvB<=1k,kp<=512,0.1859,2
1024,n<=32,sr<=5%,kvB<=1k,kp<=64k,0.2295,2
1024,n<=32,sr<=5%,kvB<=1k,kp<=8k,0.1579,2
1024,n<=32,sr<=5%,kvB<=1k,kp=0,0.1656,2
1024,n<=32,sr<=5%,kvB<=4k,kp<=16k,0.1981,2
1024,n<=32,sr<=5%,kvB<=4k,kp<=1k,0.2044,2
1024,n<=32,sr<=5%,kvB<=4k,kp<=2k,0.2131,2
1024,n<=32,sr<=5%,kvB<=4k,kp<=32k,0.2191,2
1024,n<=32,sr<=5%,kvB<=4k,kp<=4k,0.206,2
1024,n<=32,sr<=5%,kvB<=4k,kp<=512,0.211,2
1024,n<=32,sr<=5%,kvB<=4k,kp<=64k,0.2249,2
1024,n<=32,sr<=5%,kvB<=4k,kp<=8k,0.1879,2
1024,n<=32,sr<=5%,kvB<=4k,kp=0,0.2052,2
1024,n<=32,sr<=5%,kvB<=64k,kp<=16k,0.2149,2
1024,n<=32,sr<=5%,kvB<=64k,kp<=1k,0.2141,2
1024,n<=32,sr<=5%,kvB<=64k,kp<=2k,0.2131,2
1024,n<=32,sr<=5%,kvB<=64k,kp<=32k,0.2174,2
1024,n<=32,sr<=5%,kvB<=64k,kp<=4k,0.2146,2
1024,n<=32,sr<=5%,kvB<=64k,kp<=512,0.215,2
1024,n<=32,sr<=5%,kvB<=64k,kp<=64k,0.2162,2
1024,n<=32,sr<=5%,kvB<=64k,kp<=8k,0.2124,2
1024,n<=32,sr<=5%,kvB<=64k,kp=0,0.2155,2
1024,n<=32,sr<=70%,kvB<=16k,kp<=16k,0.0004,2
1024,n<=32,sr<=70%,kvB<=16k,kp<=1k,-0.0006,2
1024,n<=32,sr<=70%,kvB<=16k,kp<=2k,0.0089,2
1024,n<=32,sr<=70%,kvB<=16k,kp<=32k,0.0062,2
1024,n<=32,sr<=70%,kvB<=16k,kp<=4k,0.0059,2
1024,n<=32,sr<=70%,kvB<=16k,kp<=512,0.0128,2
1024,n<=32,sr<=70%,kvB<=16k,kp<=64k,0.0116,2
1024,n<=32,sr<=70%,kvB<=16k,kp<=8k,-0.0012,2
1024,n<=32,sr<=70%,kvB<=16k,kp=0,0.0101,2
1024,n<=32,sr<=70%,kvB<=1k,kp<=16k,0.1372,2
1024,n<=32,sr<=70%,kvB<=1k,kp<=1k,0.1703,2
1024,n<=32,sr<=70%,kvB<=1k,kp<=2k,0.1847,2
1024,n<=32,sr<=70%,kvB<=1k,kp<=32k,-0.0753,2
1024,n<=32,sr<=70%,kvB<=1k,kp<=4k,0.1436,2
1024,n<=32,sr<=70%,kvB<=1k,kp<=512,0.1704,2
1024,n<=32,sr<=70%,kvB<=1k,kp<=64k,-0.0339,2
1024,n<=32,sr<=70%,kvB<=1k,kp<=8k,-0.1371,2
1024,n<=32,sr<=70%,kvB<=1k,kp=0,0.1622,2
1024,n<=32,sr<=70%,kvB<=4k,kp<=16k,-0.0046,2
1024,n<=32,sr<=70%,kvB<=4k,kp<=1k,-0.0131,2
1024,n<=32,sr<=70%,kvB<=4k,kp<=2k,-0.01,2
1024,n<=32,sr<=70%,kvB<=4k,kp<=32k,-0.0294,2
1024,n<=32,sr<=70%,kvB<=4k,kp<=4k,0.0127,2
1024,n<=32,sr<=70%,kvB<=4k,kp<=512,0.0051,2
1024,n<=32,sr<=70%,kvB<=4k,kp<=64k,0.0401,2
1024,n<=32,sr<=70%,kvB<=4k,kp<=8k,-0.0249,2
1024,n<=32,sr<=70%,kvB<=4k,kp=0,0.0139,2
1024,n<=32,sr<=70%,kvB<=64k,kp<=16k,-0.0028,2
1024,n<=32,sr<=70%,kvB<=64k,kp<=1k,-0.005,2
1024,n<=32,sr<=70%,kvB<=64k,kp<=2k,0.006,2
1024,n<=32,sr<=70%,kvB<=64k,kp<=32k,-0.0086,2
1024,n<=32,sr<=70%,kvB<=64k,kp<=4k,-0.0091,2
1024,n<=32,sr<=70%,kvB<=64k,kp<=512,-0.0147,2
1024,n<=32,sr<=70%,kvB<=64k,kp<=64k,-0.0005,2
1024,n<=32,sr<=70%,kvB<=64k,kp<=8k,-0.0038,2
1024,n<=32,sr<=70%,kvB<=64k,kp=0,-0.0011,2
1024,n<=32,sr>70%,kvB<=16k,kp<=16k,0.2621,4
1024,n<=32,sr>70%,kvB<=16k,kp<=1k,0.3126,4
1024,n<=32,sr>70%,kvB<=16k,kp<=2k,0.2759,4
1024,n<=32,sr>70%,kvB<=16k,kp<=32k,0.2941,4
1024,n<=32,sr>70%,kvB<=16k,kp<=4k,0.313,4
1024,n<=32,sr>70%,kvB<=16k,kp<=512,0.3011,4
1024,n<=32,sr>70%,kvB<=16k,kp<=64k,0.2292,4
1024,n<=32,sr>70%,kvB<=16k,kp<=8k,0.2887,4
1024,n<=32,sr>70%,kvB<=16k,kp=0,0.3129,4
1024,n<=32,sr>70%,kvB<=1k,kp<=16k,0.3827,4
1024,n<=32,sr>70%,kvB<=1k,kp<=1k,0.54,4
1024,n<=32,sr>70%,kvB<=1k,kp<=2k,0.5356,4
1024,n<=32,sr>70%,kvB<=1k,kp<=32k,0.3584,4
1024,n<=32,sr>70%,kvB<=1k,kp<=4k,0.5573,4
1024,n<=32,sr>70%,kvB<=1k,kp<=512,0.5062,4
1024,n<=32,sr>70%,kvB<=1k,kp<=64k,0.1841,4
1024,n<=32,sr>70%,kvB<=1k,kp<=8k,0.3861,4
1024,n<=32,sr>70%,kvB<=1k,kp=0,0.5346,4
1024,n<=32,sr>70%,kvB<=4k,kp<=16k,0.2727,4
1024,n<=32,sr>70%,kvB<=4k,kp<=1k,0.3043,4
1024,n<=32,sr>70%,kvB<=4k,kp<=2k,0.3164,4
1024,n<=32,sr>70%,kvB<=4k,kp<=32k,0.3782,4
1024,n<=32,sr>70%,kvB<=4k,kp<=4k,0.3348,4
1024,n<=32,sr>70%,kvB<=4k,kp<=512,0.3486,4
1024,n<=32,sr>70%,kvB<=4k,kp<=64k,0.4188,4
1024,n<=32,sr>70%,kvB<=4k,kp<=8k,0.2257,4
1024,n<=32,sr>70%,kvB<=4k,kp=0,0.3367,4
1024,n<=32,sr>70%,kvB<=64k,kp<=16k,0.2599,4
1024,n<=32,sr>70%,kvB<=64k,kp<=1k,0.2737,4
1024,n<=32,sr>70%,kvB<=64k,kp<=2k,0.2967,4
1024,n<=32,sr>70%,kvB<=64k,kp<=32k,0.2815,4
1024,n<=32,sr>70%,kvB<=64k,kp<=4k,0.2911,4
1024,n<=32,sr>70%,kvB<=64k,kp<=512,0.3064,4
1024,n<=32,sr>70%,kvB<=64k,kp<=64k,0.2703,4
1024,n<=32,sr>70%,kvB<=64k,kp<=8k,0.2564,4
1024,n<=32,sr>70%,kvB<=64k,kp=0,0.2785,4
1024,n<=4,sr<=40%,kvB<=16k,kp<=16k,0.2181,2
1024,n<=4,sr<=40%,kvB<=16k,kp<=1k,0.303,2
1024,n<=4,sr<=40%,kvB<=16k,kp<=2k,0.3082,2
1024,n<=4,sr<=40%,kvB<=16k,kp<=32k,0.3166,2
1024,n<=4,sr<=40%,kvB<=16k,kp<=4k,0.3025,2
1024,n<=4,sr<=40%,kvB<=16k,kp<=512,0.3029,2
1024,n<=4,sr<=40%,kvB<=16k,kp<=64k,0.4109,2
1024,n<=4,sr<=40%,kvB<=16k,kp<=8k,0.2421,2
1024,n<=4,sr<=40%,kvB<=16k,kp=0,0.3157,2
1024,n<=4,sr<=40%,kvB<=1k,kp<=16k,-0.2013,2
1024,n<=4,sr<=40%,kvB<=1k,kp<=1k,0.3937,2
1024,n<=4,sr<=40%,kvB<=1k,kp<=2k,0.2429,2
1024,n<=4,sr<=40%,kvB<=1k,kp<=32k,-0.3076,2
1024,n<=4,sr<=40%,kvB<=1k,kp<=4k,0.3254,2
1024,n<=4,sr<=40%,kvB<=1k,kp<=512,0.2747,2
1024,n<=4,sr<=40%,kvB<=1k,kp<=64k,-0.0688,1
1024,n<=4,sr<=40%,kvB<=1k,kp<=8k,-0.1814,2
1024,n<=4,sr<=40%,kvB<=1k,kp=0,0.5623,2
1024,n<=4,sr<=40%,kvB<=4k,kp<=16k,0.1124,2
1024,n<=4,sr<=40%,kvB<=4k,kp<=1k,0.3039,2
1024,n<=4,sr<=40%,kvB<=4k,kp<=2k,0.2796,2
1024,n<=4,sr<=40%,kvB<=4k,kp<=32k,-0.3915,2
1024,n<=4,sr<=40%,kvB<=4k,kp<=4k,0.3261,2
1024,n<=4,sr<=40%,kvB<=4k,kp<=512,0.2737,2
1024,n<=4,sr<=40%,kvB<=4k,kp<=64k,-0.0666,2
1024,n<=4,sr<=40%,kvB<=4k,kp<=8k,-0.0054,2
1024,n<=4,sr<=40%,kvB<=4k,kp=0,0.2852,2
1024,n<=4,sr<=40%,kvB<=64k,kp<=16k,0.3256,2
1024,n<=4,sr<=40%,kvB<=64k,kp<=1k,0.3204,2
1024,n<=4,sr<=40%,kvB<=64k,kp<=2k,0.3159,2
1024,n<=4,sr<=40%,kvB<=64k,kp<=32k,0.3379,2
1024,n<=4,sr<=40%,kvB<=64k,kp<=4k,0.3149,2
1024,n<=4,sr<=40%,kvB<=64k,kp<=512,0.3151,2
1024,n<=4,sr<=40%,kvB<=64k,kp<=64k,0.3283,2
1024,n<=4,sr<=40%,kvB<=64k,kp<=8k,0.3241,2
1024,n<=4,sr<=40%,kvB<=64k,kp=0,0.3171,2
1024,n<=4,sr<=70%,kvB<=16k,kp<=16k,0.1713,2
1024,n<=4,sr<=70%,kvB<=16k,kp<=1k,0.2156,2
1024,n<=4,sr<=70%,kvB<=16k,kp<=2k,0.2287,2
1024,n<=4,sr<=70%,kvB<=16k,kp<=32k,0.2273,2
1024,n<=4,sr<=70%,kvB<=16k,kp<=4k,0.2198,2
1024,n<=4,sr<=70%,kvB<=16k,kp<=512,0.2176,2
1024,n<=4,sr<=70%,kvB<=16k,kp<=64k,0.1667,2
1024,n<=4,sr<=70%,kvB<=16k,kp<=8k,0.1525,2
1024,n<=4,sr<=70%,kvB<=16k,kp=0,0.224,2
1024,n<=4,sr<=70%,kvB<=1k,kp<=16k,-0.1951,1
1024,n<=4,sr<=70%,kvB<=1k,kp<=1k,0.4088,2
1024,n<=4,sr<=70%,kvB<=1k,kp<=2k,0.4423,2
1024,n<=4,sr<=70%,kvB<=1k,kp<=32k,0.0983,1
1024,n<=4,sr<=70%,kvB<=1k,kp<=4k,0.365,2
1024,n<=4,sr<=70%,kvB<=1k,kp<=512,0.5661,2
1024,n<=4,sr<=70%,kvB<=1k,kp<=64k,-0.231,1
1024,n<=4,sr<=70%,kvB<=1k,kp<=8k,0.1291,2
1024,n<=4,sr<=70%,kvB<=1k,kp=0,0.7603,2
1024,n<=4,sr<=70%,kvB<=4k,kp<=16k,-0.1649,2
1024,n<=4,sr<=70%,kvB<=4k,kp<=1k,0.2119,2
1024,n<=4,sr<=70%,kvB<=4k,kp<=2k,0.2644,2
1024,n<=4,sr<=70%,kvB<=4k,kp<=32k,-0.4214,2
1024,n<=4,sr<=70%,kvB<=4k,kp<=4k,0.263,2
1024,n<=4,sr<=70%,kvB<=4k,kp<=512,0.2605,2
1024,n<=4,sr<=70%,kvB<=4k,kp<=64k,-0.7122,1
1024,n<=4,sr<=70%,kvB<=4k,kp<=8k,-0.2524,2
1024,n<=4,sr<=70%,kvB<=4k,kp=0,0.2365,2
1024,n<=4,sr<=70%,kvB<=64k,kp<=16k,0.14,2
1024,n<=4,sr<=70%,kvB<=64k,kp<=1k,0.1596,2
1024,n<=4,sr<=70%,kvB<=64k,kp<=2k,0.1784,2
1024,n<=4,sr<=70%,kvB<=64k,kp<=32k,0.1739,2
1024,n<=4,sr<=70%,kvB<=64k,kp<=4k,0.15,2
1024,n<=4,sr<=70%,kvB<=64k,kp<=512,0.156,2
1024,n<=4,sr<=70%,kvB<=64k,kp<=64k,0.1666,2
1024,n<=4,sr<=70%,kvB<=64k,kp<=8k,0.1297,2
1024,n<=4,sr<=70%,kvB<=64k,kp=0,0.1394,2
1024,n<=4,sr>70%,kvB<=16k,kp<=16k,0.107,2
1024,n<=4,sr>70%,kvB<=16k,kp<=1k,0.0659,2
1024,n<=4,sr>70%,kvB<=16k,kp<=2k,0.1659,2
1024,n<=4,sr>70%,kvB<=16k,kp<=32k,0.1128,2
1024,n<=4,sr>70%,kvB<=16k,kp<=4k,0.2261,2
1024,n<=4,sr>70%,kvB<=16k,kp<=512,0.124,2
1024,n<=4,sr>70%,kvB<=16k,kp<=64k,-0.0024,2
1024,n<=4,sr>70%,kvB<=16k,kp<=8k,-0.2693,2
1024,n<=4,sr>70%,kvB<=16k,kp=0,0.1502,2
1024,n<=4,sr>70%,kvB<=1k,kp<=16k,-0.1025,1
1024,n<=4,sr>70%,kvB<=1k,kp<=1k,0.5815,2
1024,n<=4,sr>70%,kvB<=1k,kp<=2k,0.68,2
1024,n<=4,sr>70%,kvB<=1k,kp<=32k,0.0017,2
1024,n<=4,sr>70%,kvB<=1k,kp<=4k,0.8177,2
1024,n<=4,sr>70%,kvB<=1k,kp<=512,0.7576,2
1024,n<=4,sr>70%,kvB<=1k,kp<=64k,0.3086,1
1024,n<=4,sr>70%,kvB<=1k,kp<=8k,-0.252,1
1024,n<=4,sr>70%,kvB<=1k,kp=0,0.607,2
1024,n<=4,sr>70%,kvB<=4k,kp<=16k,-0.5041,2
1024,n<=4,sr>70%,kvB<=4k,kp<=1k,0.0821,2
1024,n<=4,sr>70%,kvB<=4k,kp<=2k,0.2521,2
1024,n<=4,sr>70%,kvB<=4k,kp<=32k,-0.959,2
1024,n<=4,sr>70%,kvB<=4k,kp<=4k,0.2834,2
1024,n<=4,sr>70%,kvB<=4k,kp<=512,0.2394,2
1024,n<=4,sr>70%,kvB<=4k,kp<=64k,-1.5064,1
1024,n<=4,sr>70%,kvB<=4k,kp<=8k,-0.503,1
1024,n<=4,sr>70%,kvB<=4k,kp=0,0.2102,2
1024,n<=4,sr>70%,kvB<=64k,kp<=16k,0.1089,2
1024,n<=4,sr>70%,kvB<=64k,kp<=1k,0.015,2
1024,n<=4,sr>70%,kvB<=64k,kp<=2k,0.0425,2
1024,n<=4,sr>70%,kvB<=64k,kp<=32k,0.0252,2
1024,n<=4,sr>70%,kvB<=64k,kp<=4k,0.0281,2
1024,n<=4,sr>70%,kvB<=64k,kp<=512,0.0382,2
1024,n<=4,sr>70%,kvB<=64k,kp<=64k,0.0235,2
1024,n<=4,sr>70%,kvB<=64k,kp<=8k,0.0628,2
1024,n<=4,sr>70%,kvB<=64k,kp=0,0.0412,2
1024,n<=64,sr<=15%,kvB<=16k,kp<=16k,0.009,4
1024,n<=64,sr<=15%,kvB<=16k,kp<=1k,0.006,4
1024,n<=64,sr<=15%,kvB<=16k,kp<=2k,0.0068,4
1024,n<=64,sr<=15%,kvB<=16k,kp<=32k,-0.0009,4
1024,n<=64,sr<=15%,kvB<=16k,kp<=4k,0.0084,4
1024,n<=64,sr<=15%,kvB<=16k,kp<=512,0.008,4
1024,n<=64,sr<=15%,kvB<=16k,kp<=64k,-0.004,4
1024,n<=64,sr<=15%,kvB<=16k,kp<=8k,0.0074,4
1024,n<=64,sr<=15%,kvB<=16k,kp=0,0.008,4
1024,n<=64,sr<=15%,kvB<=1k,kp<=16k,-0.0238,4
1024,n<=64,sr<=15%,kvB<=1k,kp<=1k,0.0262,4
1024,n<=64,sr<=15%,kvB<=1k,kp<=2k,0.0299,4
1024,n<=64,sr<=15%,kvB<=1k,kp<=32k,0.0235,4
1024,n<=64,sr<=15%,kvB<=1k,kp<=4k,0.037,4
1024,n<=64,sr<=15%,kvB<=1k,kp<=512,0.0325,4
1024,n<=64,sr<=15%,kvB<=1k,kp<=64k,0.0016,4
1024,n<=64,sr<=15%,kvB<=1k,kp<=8k,0.0463,4
1024,n<=64,sr<=15%,kvB<=1k,kp=0,0.0401,4
1024,n<=64,sr<=15%,kvB<=4k,kp<=16k,0.0081,4
1024,n<=64,sr<=15%,kvB<=4k,kp<=1k,0.011,4
1024,n<=64,sr<=15%,kvB<=4k,kp<=2k,0.0166,4
1024,n<=64,sr<=15%,kvB<=4k,kp<=32k,0.0023,4
1024,n<=64,sr<=15%,kvB<=4k,kp<=4k,0.0162,4
1024,n<=64,sr<=15%,kvB<=4k,kp<=512,0.0158,4
1024,n<=64,sr<=15%,kvB<=4k,kp<=64k,-0.0039,4
1024,n<=64,sr<=15%,kvB<=4k,kp<=8k,-0.0006,4
1024,n<=64,sr<=15%,kvB<=4k,kp=0,0.0159,4
1024,n<=64,sr<=15%,kvB<=64k,kp<=16k,0.0073,4
1024,n<=64,sr<=15%,kvB<=64k,kp<=1k,0.0066,4
1024,n<=64,sr<=15%,kvB<=64k,kp<=2k,0.0095,4
1024,n<=64,sr<=15%,kvB<=64k,kp<=32k,0.0021,4
1024,n<=64,sr<=15%,kvB<=64k,kp<=4k,0.0068,4
1024,n<=64,sr<=15%,kvB<=64k,kp<=512,0.0068,4
1024,n<=64,sr<=15%,kvB<=64k,kp<=64k,0.0018,4
1024,n<=64,sr<=15%,kvB<=64k,kp<=8k,0.0043,4
1024,n<=64,sr<=15%,kvB<=64k,kp=0,0.0071,4
1024,n<=64,sr<=40%,kvB<=16k,kp<=16k,0.0096,2
1024,n<=64,sr<=40%,kvB<=16k,kp<=1k,0.0032,2
1024,n<=64,sr<=40%,kvB<=16k,kp<=2k,0.0112,2
1024,n<=64,sr<=40%,kvB<=16k,kp<=32k,0.0016,2
1024,n<=64,sr<=40%,kvB<=16k,kp<=4k,0.0091,2
1024,n<=64,sr<=40%,kvB<=16k,kp<=512,0.0062,2
1024,n<=64,sr<=40%,kvB<=16k,kp<=64k,-0.0041,2
1024,n<=64,sr<=40%,kvB<=16k,kp<=8k,0.0074,2
1024,n<=64,sr<=40%,kvB<=16k,kp=0,0.0002,2
1024,n<=64,sr<=40%,kvB<=1k,kp<=16k,0.0515,2
1024,n<=64,sr<=40%,kvB<=1k,kp<=1k,0.0989,2
1024,n<=64,sr<=40%,kvB<=1k,kp<=2k,0.0953,2
1024,n<=64,sr<=40%,kvB<=1k,kp<=32k,0.1199,2
1024,n<=64,sr<=40%,kvB<=1k,kp<=4k,0.0736,2
1024,n<=64,sr<=40%,kvB<=1k,kp<=512,0.0747,2
1024,n<=64,sr<=40%,kvB<=1k,kp<=64k,0.0745,2
1024,n<=64,sr<=40%,kvB<=1k,kp<=8k,0.0817,2
1024,n<=64,sr<=40%,kvB<=1k,kp=0,0.1035,2
1024,n<=64,sr<=40%,kvB<=4k,kp<=16k,-0.016,2
1024,n<=64,sr<=40%,kvB<=4k,kp<=1k,-0.0089,2
1024,n<=64,sr<=40%,kvB<=4k,kp<=2k,-0.0024,2
1024,n<=64,sr<=40%,kvB<=4k,kp<=32k,-0.0236,2
1024,n<=64,sr<=40%,kvB<=4k,kp<=4k,0.0038,2
1024,n<=64,sr<=40%,kvB<=4k,kp<=512,-0.0101,2
1024,n<=64,sr<=40%,kvB<=4k,kp<=64k,-0.0178,2
1024,n<=64,sr<=40%,kvB<=4k,kp<=8k,-0.0125,2
1024,n<=64,sr<=40%,kvB<=4k,kp=0,-0.0108,2
1024,n<=64,sr<=40%,kvB<=64k,kp<=16k,0.0127,2
1024,n<=64,sr<=40%,kvB<=64k,kp<=1k,0.0116,2
1024,n<=64,sr<=40%,kvB<=64k,kp<=2k,0.009,2
1024,n<=64,sr<=40%,kvB<=64k,kp<=32k,0.0063,2
1024,n<=64,sr<=40%,kvB<=64k,kp<=4k,0.0002,2
1024,n<=64,sr<=40%,kvB<=64k,kp<=512,0.0002,2
1024,n<=64,sr<=40%,kvB<=64k,kp<=64k,0.0033,2
1024,n<=64,sr<=40%,kvB<=64k,kp<=8k,0.017,2
1024,n<=64,sr<=40%,kvB<=64k,kp=0,0.0072,2
1024,n<=64,sr<=5%,kvB<=16k,kp<=16k,0.0287,6
1024,n<=64,sr<=5%,kvB<=16k,kp<=1k,0.028,6
1024,n<=64,sr<=5%,kvB<=16k,kp<=2k,0.0252,6
1024,n<=64,sr<=5%,kvB<=16k,kp<=32k,0.0232,6
1024,n<=64,sr<=5%,kvB<=16k,kp<=4k,0.0266,6
1024,n<=64,sr<=5%,kvB<=16k,kp<=512,0.029,6
1024,n<=64,sr<=5%,kvB<=16k,kp<=64k,0.0218,6
1024,n<=64,sr<=5%,kvB<=16k,kp<=8k,0.027,6
1024,n<=64,sr<=5%,kvB<=16k,kp=0,0.027,6
1024,n<=64,sr<=5%,kvB<=1k,kp<=16k,0.0064,6
1024,n<=64,sr<=5%,kvB<=1k,kp<=1k,0.0289,6
1024,n<=64,sr<=5%,kvB<=1k,kp<=2k,0.0295,6
1024,n<=64,sr<=5%,kvB<=1k,kp<=32k,0.0125,6
1024,n<=64,sr<=5%,kvB<=1k,kp<=4k,0.0216,6
1024,n<=64,sr<=5%,kvB<=1k,kp<=512,0.0272,6
1024,n<=64,sr<=5%,kvB<=1k,kp<=64k,0.0135,6
1024,n<=64,sr<=5%,kvB<=1k,kp<=8k,0.036,6
1024,n<=64,sr<=5%,kvB<=1k,kp=0,0.0249,6
1024,n<=64,sr<=5%,kvB<=4k,kp<=16k,0.0103,6
1024,n<=64,sr<=5%,kvB<=4k,kp<=1k,0.0157,6
1024,n<=64,sr<=5%,kvB<=4k,kp<=2k,0.0175,6
1024,n<=64,sr<=5%,kvB<=4k,kp<=32k,0.0022,6
1024,n<=64,sr<=5%,kvB<=4k,kp<=4k,0.0183,6
1024,n<=64,sr<=5%,kvB<=4k,kp<=512,0.0148,6
1024,n<=64,sr<=5%,kvB<=4k,kp<=64k,0.0105,6
1024,n<=64,sr<=5%,kvB<=4k,kp<=8k,0.003,6
1024,n<=64,sr<=5%,kvB<=4k,kp=0,0.0186,6
1024,n<=64,sr<=5%,kvB<=64k,kp<=16k,0.0314,6
1024,n<=64,sr<=5%,kvB<=64k,kp<=1k,0.029,6
1024,n<=64,sr<=5%,kvB<=64k,kp<=2k,0.0298,6
1024,n<=64,sr<=5%,kvB<=64k,kp<=32k,0.0276,6
1024,n<=64,sr<=5%,kvB<=64k,kp<=4k,0.0312,6
1024,n<=64,sr<=5%,kvB<=64k,kp<=512,0.0268,6
1024,n<=64,sr<=5%,kvB<=64k,kp<=64k,0.0262,6
1024,n<=64,sr<=5%,kvB<=64k,kp<=8k,0.03,6
1024,n<=64,sr<=5%,kvB<=64k,kp=0,0.0289,6
1024,n<=64,sr<=70%,kvB<=16k,kp<=16k,-0.0132,2
1024,n<=64,sr<=70%,kvB<=16k,kp<=1k,-0.0023,2
1024,n<=64,sr<=70%,kvB<=16k,kp<=2k,-0.016,2
1024,n<=64,sr<=70%,kvB<=16k,kp<=32k,-0.0196,2
1024,n<=64,sr<=70%,kvB<=16k,kp<=4k,-0.0184,2
1024,n<=64,sr<=70%,kvB<=16k,kp<=512,-0.0212,2
1024,n<=64,sr<=70%,kvB<=16k,kp<=64k,-0.0206,2
1024,n<=64,sr<=70%,kvB<=16k,kp<=8k,0.0071,2
1024,n<=64,sr<=70%,kvB<=16k,kp=0,-0.0183,2
1024,n<=64,sr<=70%,kvB<=1k,kp<=16k,-0.0585,2
1024,n<=64,sr<=70%,kvB<=1k,kp<=1k,0.0413,2
1024,n<=64,sr<=70%,kvB<=1k,kp<=2k,0.0614,2
1024,n<=64,sr<=70%,kvB<=1k,kp<=32k,0.0234,2
1024,n<=64,sr<=70%,kvB<=1k,kp<=4k,0.0743,2
1024,n<=64,sr<=70%,kvB<=1k,kp<=512,0.072,2
1024,n<=64,sr<=70%,kvB<=1k,kp<=64k,0.0105,2
1024,n<=64,sr<=70%,kvB<=1k,kp<=8k,-0.0003,2
1024,n<=64,sr<=70%,kvB<=1k,kp=0,0.0945,2
1024,n<=64,sr<=70%,kvB<=4k,kp<=16k,-0.0089,2
1024,n<=64,sr<=70%,kvB<=4k,kp<=1k,-0.0115,2
1024,n<=64,sr<=70%,kvB<=4k,kp<=2k,-0.0316,2
1024,n<=64,sr<=70%,kvB<=4k,kp<=32k,-0.0423,2
1024,n<=64,sr<=70%,kvB<=4k,kp<=4k,-0.0321,2
1024,n<=64,sr<=70%,kvB<=4k,kp<=512,-0.0127,2
1024,n<=64,sr<=70%,kvB<=4k,kp<=64k,-0.0703,2
1024,n<=64,sr<=70%,kvB<=4k,kp<=8k,-0.0546,2
1024,n<=64,sr<=70%,kvB<=4k,kp=0,-0.0104,2
1024,n<=64,sr<=70%,kvB<=64k,kp<=16k,-0.032,2
1024,n<=64,sr<=70%,kvB<=64k,kp<=1k,-0.021,2
1024,n<=64,sr<=70%,kvB<=64k,kp<=2k,-0.0356,2
1024,n<=64,sr<=70%,kvB<=64k,kp<=32k,-0.0448,2
1024,n<=64,sr<=70%,kvB<=64k,kp<=4k,-0.0319,2
1024,n<=64,sr<=70%,kvB<=64k,kp<=512,-0.0304,2
1024,n<=64,sr<=70%,kvB<=64k,kp<=64k,-0.0419,2
1024,n<=64,sr<=70%,kvB<=64k,kp<=8k,-0.0386,2
1024,n<=64,sr<=70%,kvB<=64k,kp=0,-0.0274,2
1024,n<=64,sr>70%,kvB<=16k,kp<=16k,0.0097,4
1024,n<=64,sr>70%,kvB<=16k,kp<=1k,0.0179,4
1024,n<=64,sr>70%,kvB<=16k,kp<=2k,0.0394,4
1024,n<=64,sr>70%,kvB<=16k,kp<=32k,0.0541,4
1024,n<=64,sr>70%,kvB<=16k,kp<=4k,0.0442,4
1024,n<=64,sr>70%,kvB<=16k,kp<=512,0.0133,4
1024,n<=64,sr>70%,kvB<=16k,kp<=64k,0.0078,4
1024,n<=64,sr>70%,kvB<=16k,kp<=8k,0.0389,4
1024,n<=64,sr>70%,kvB<=16k,kp=0,0.0426,4
1024,n<=64,sr>70%,kvB<=1k,kp<=16k,0.2121,4
1024,n<=64,sr>70%,kvB<=1k,kp<=1k,0.3556,4
1024,n<=64,sr>70%,kvB<=1k,kp<=2k,0.3794,4
1024,n<=64,sr>70%,kvB<=1k,kp<=32k,0.2642,4
1024,n<=64,sr>70%,kvB<=1k,kp<=4k,0.3562,4
1024,n<=64,sr>70%,kvB<=1k,kp<=512,0.3828,4
1024,n<=64,sr>70%,kvB<=1k,kp<=64k,0.2582,4
1024,n<=64,sr>70%,kvB<=1k,kp<=8k,0.2959,4
1024,n<=64,sr>70%,kvB<=1k,kp=0,0.358,4
1024,n<=64,sr>70%,kvB<=4k,kp<=16k,0.0596,4
1024,n<=64,sr>70%,kvB<=4k,kp<=1k,0.0799,4
1024,n<=64,sr>70%,kvB<=4k,kp<=2k,0.0617,4
1024,n<=64,sr>70%,kvB<=4k,kp<=32k,0.0438,4
1024,n<=64,sr>70%,kvB<=4k,kp<=4k,0.0759,4
1024,n<=64,sr>70%,kvB<=4k,kp<=512,0.0378,4
1024,n<=64,sr>70%,kvB<=4k,kp<=64k,0.0558,4
1024,n<=64,sr>70%,kvB<=4k,kp<=8k,0.0956,4
1024,n<=64,sr>70%,kvB<=4k,kp=0,0.0403,4
1024,n<=64,sr>70%,kvB<=64k,kp<=16k,-0.0432,4
1024,n<=64,sr>70%,kvB<=64k,kp<=1k,-0.0234,4
1024,n<=64,sr>70%,kvB<=64k,kp<=2k,-0.0226,4
1024,n<=64,sr>70%,kvB<=64k,kp<=32k,-0.0319,4
1024,n<=64,sr>70%,kvB<=64k,kp<=4k,-0.024,4
1024,n<=64,sr>70%,kvB<=64k,kp<=512,-0.0328,4
1024,n<=64,sr>70%,kvB<=64k,kp<=64k,-0.0384,4
1024,n<=64,sr>70%,kvB<=64k,kp<=8k,-0.0475,4
1024,n<=64,sr>70%,kvB<=64k,kp=0,-0.0357,4
1024,n<=8,sr<=15%,kvB<=16k,kp<=16k,0.3623,2
1024,n<=8,sr<=15%,kvB<=16k,kp<=1k,0.3808,2
1024,n<=8,sr<=15%,kvB<=16k,kp<=2k,0.3694,2
1024,n<=8,sr<=15%,kvB<=16k,kp<=32k,0.4002,2
1024,n<=8,sr<=15%,kvB<=16k,kp<=4k,0.3703,2
1024,n<=8,sr<=15%,kvB<=16k,kp<=512,0.3803,2
1024,n<=8,sr<=15%,kvB<=16k,kp<=64k,0.4292,2
1024,n<=8,sr<=15%,kvB<=16k,kp<=8k,0.3518,2
1024,n<=8,sr<=15%,kvB<=16k,kp=0,0.3822,2
1024,n<=8,sr<=15%,kvB<=1k,kp<=16k,0.1135,2
1024,n<=8,sr<=15%,kvB<=1k,kp<=1k,0.4679,2
1024,n<=8,sr<=15%,kvB<=1k,kp<=2k,0.4163,2
1024,n<=8,sr<=15%,kvB<=1k,kp<=32k,-0.1678,2
1024,n<=8,sr<=15%,kvB<=1k,kp<=4k,0.4098,2
1024,n<=8,sr<=15%,kvB<=1k,kp<=512,0.4223,2
1024,n<=8,sr<=15%,kvB<=1k,kp<=64k,0.0091,2
1024,n<=8,sr<=15%,kvB<=1k,kp<=8k,0.0535,2
1024,n<=8,sr<=15%,kvB<=1k,kp=0,0.4327,2
1024,n<=8,sr<=15%,kvB<=4k,kp<=16k,0.2133,2
1024,n<=8,sr<=15%,kvB<=4k,kp<=1k,0.2995,2
1024,n<=8,sr<=15%,kvB<=4k,kp<=2k,0.2641,2
1024,n<=8,sr<=15%,kvB<=4k,kp<=32k,0.1936,2
1024,n<=8,sr<=15%,kvB<=4k,kp<=4k,0.3005,2
1024,n<=8,sr<=15%,kvB<=4k,kp<=512,0.2661,2
1024,n<=8,sr<=15%,kvB<=4k,kp<=64k,0.2356,2
1024,n<=8,sr<=15%,kvB<=4k,kp<=8k,0.1551,2
1024,n<=8,sr<=15%,kvB<=4k,kp=0,0.2813,2
1024,n<=8,sr<=15%,kvB<=64k,kp<=16k,0.412,2
1024,n<=8,sr<=15%,kvB<=64k,kp<=1k,0.4115,2
1024,n<=8,sr<=15%,kvB<=64k,kp<=2k,0.4106,2
1024,n<=8,sr<=15%,kvB<=64k,kp<=32k,0.417,2
1024,n<=8,sr<=15%,kvB<=64k,kp<=4k,0.4094,2
1024,n<=8,sr<=15%,kvB<=64k,kp<=512,0.4153,2
1024,n<=8,sr<=15%,kvB<=64k,kp<=64k,0.4195,2
1024,n<=8,sr<=15%,kvB<=64k,kp<=8k,0.4215,2
1024,n<=8,sr<=15%,kvB<=64k,kp=0,0.4137,2
1024,n<=8,sr<=40%,kvB<=16k,kp<=16k,0.2877,4
1024,n<=8,sr<=40%,kvB<=16k,kp<=1k,0.2658,4
1024,n<=8,sr<=40%,kvB<=16k,kp<=2k,0.2564,4
1024,n<=8,sr<=40%,kvB<=16k,kp<=32k,0.2969,4
1024,n<=8,sr<=40%,kvB<=16k,kp<=4k,0.2547,4
1024,n<=8,sr<=40%,kvB<=16k,kp<=512,0.2703,4
1024,n<=8,sr<=40%,kvB<=16k,kp<=64k,0.2882,4
1024,n<=8,sr<=40%,kvB<=16k,kp<=8k,0.2226,4
1024,n<=8,sr<=40%,kvB<=16k,kp=0,0.2602,4
1024,n<=8,sr<=40%,kvB<=1k,kp<=16k,-0.0831,4
1024,n<=8,sr<=40%,kvB<=1k,kp<=1k,0.3664,4
1024,n<=8,sr<=40%,kvB<=1k,kp<=2k,0.3401,4
1024,n<=8,sr<=40%,kvB<=1k,kp<=32k,-0.2082,4
1024,n<=8,sr<=40%,kvB<=1k,kp<=4k,0.3186,4
1024,n<=8,sr<=40%,kvB<=1k,kp<=512,0.4098,4
1024,n<=8,sr<=40%,kvB<=1k,kp<=64k,0.4018,4
1024,n<=8,sr<=40%,kvB<=1k,kp<=8k,-0.0871,4
1024,n<=8,sr<=40%,kvB<=1k,kp=0,0.4299,4
1024,n<=8,sr<=40%,kvB<=4k,kp<=16k,0.2067,4
1024,n<=8,sr<=40%,kvB<=4k,kp<=1k,0.2613,4
1024,n<=8,sr<=40%,kvB<=4k,kp<=2k,0.242,4
1024,n<=8,sr<=40%,kvB<=4k,kp<=32k,0.1028,4
1024,n<=8,sr<=40%,kvB<=4k,kp<=4k,0.2723,4
1024,n<=8,sr<=40%,kvB<=4k,kp<=512,0.2602,4
1024,n<=8,sr<=40%,kvB<=4k,kp<=64k,0.1478,4
1024,n<=8,sr<=40%,kvB<=4k,kp<=8k,0.2157,4
1024,n<=8,sr<=40%,kvB<=4k,kp=0,0.233,4
1024,n<=8,sr<=40%,kvB<=64k,kp<=16k,0.3111,4
1024,n<=8,sr<=40%,kvB<=64k,kp<=1k,0.3043,4
1024,n<=8,sr<=40%,kvB<=64k,kp<=2k,0.3015,4
1024,n<=8,sr<=40%,kvB<=64k,kp<=32k,0.2986,4
1024,n<=8,sr<=40%,kvB<=64k,kp<=4k,0.3015,4
1024,n<=8,sr<=40%,kvB<=64k,kp<=512,0.3072,4
1024,n<=8,sr<=40%,kvB<=64k,kp<=64k,0.3098,4
1024,n<=8,sr<=40%,kvB<=64k,kp<=8k,0.3084,4
1024,n<=8,sr<=40%,kvB<=64k,kp=0,0.3098,4
1024,n<=8,sr<=70%,kvB<=16k,kp<=16k,0.1081,2
1024,n<=8,sr<=70%,kvB<=16k,kp<=1k,0.1456,2
1024,n<=8,sr<=70%,kvB<=16k,kp<=2k,0.1251,2
1024,n<=8,sr<=70%,kvB<=16k,kp<=32k,0.1647,2
1024,n<=8,sr<=70%,kvB<=16k,kp<=4k,0.1266,2
1024,n<=8,sr<=70%,kvB<=16k,kp<=512,0.1552,2
1024,n<=8,sr<=70%,kvB<=16k,kp<=64k,0.178,2
1024,n<=8,sr<=70%,kvB<=16k,kp<=8k,0.1688,2
1024,n<=8,sr<=70%,kvB<=16k,kp=0,0.138,2
1024,n<=8,sr<=70%,kvB<=1k,kp<=16k,-0.355,2
1024,n<=8,sr<=70%,kvB<=1k,kp<=1k,0.373,2
1024,n<=8,sr<=70%,kvB<=1k,kp<=2k,0.4344,2
1024,n<=8,sr<=70%,kvB<=1k,kp<=32k,-0.3046,2
1024,n<=8,sr<=70%,kvB<=1k,kp<=4k,0.4305,2
1024,n<=8,sr<=70%,kvB<=1k,kp<=512,0.3652,2
1024,n<=8,sr<=70%,kvB<=1k,kp<=64k,-0.9481,2
1024,n<=8,sr<=70%,kvB<=1k,kp<=8k,-0.9456,2
1024,n<=8,sr<=70%,kvB<=1k,kp=0,0.4373,2
1024,n<=8,sr<=70%,kvB<=4k,kp<=16k,0.0593,2
1024,n<=8,sr<=70%,kvB<=4k,kp<=1k,0.2684,2
1024,n<=8,sr<=70%,kvB<=4k,kp<=2k,0.2,2
1024,n<=8,sr<=70%,kvB<=4k,kp<=32k,0.007,2
1024,n<=8,sr<=70%,kvB<=4k,kp<=4k,0.2511,2
1024,n<=8,sr<=70%,kvB<=4k,kp<=512,0.2065,2
1024,n<=8,sr<=70%,kvB<=4k,kp<=64k,-0.0815,2
1024,n<=8,sr<=70%,kvB<=4k,kp<=8k,0.0144,2
1024,n<=8,sr<=70%,kvB<=4k,kp=0,0.1906,2
1024,n<=8,sr<=70%,kvB<=64k,kp<=16k,0.1812,2
1024,n<=8,sr<=70%,kvB<=64k,kp<=1k,0.1797,2
1024,n<=8,sr<=70%,kvB<=64k,kp<=2k,0.1792,2
1024,n<=8,sr<=70%,kvB<=64k,kp<=32k,0.1665,2
1024,n<=8,sr<=70%,kvB<=64k,kp<=4k,0.1844,2
1024,n<=8,sr<=70%,kvB<=64k,kp<=512,0.1777,2
1024,n<=8,sr<=70%,kvB<=64k,kp<=64k,0.175,2
1024,n<=8,sr<=70%,kvB<=64k,kp<=8k,0.189,2
1024,n<=8,sr<=70%,kvB<=64k,kp=0,0.1827,2
1024,n<=8,sr>70%,kvB<=16k,kp<=16k,0.1481,4
1024,n<=8,sr>70%,kvB<=16k,kp<=1k,0.0865,4
1024,n<=8,sr>70%,kvB<=16k,kp<=2k,0.1043,4
1024,n<=8,sr>70%,kvB<=16k,kp<=32k,0.0095,4
1024,n<=8,sr>70%,kvB<=16k,kp<=4k,0.068,4
1024,n<=8,sr>70%,kvB<=16k,kp<=512,0.0689,4
1024,n<=8,sr>70%,kvB<=16k,kp<=64k,0.1503,4
1024,n<=8,sr>70%,kvB<=16k,kp<=8k,0.0557,4
1024,n<=8,sr>70%,kvB<=16k,kp=0,0.0719,4
1024,n<=8,sr>70%,kvB<=1k,kp<=16k,-0.3771,4
1024,n<=8,sr>70%,kvB<=1k,kp<=1k,0.5912,4
1024,n<=8,sr>70%,kvB<=1k,kp<=2k,0.5584,4
1024,n<=8,sr>70%,kvB<=1k,kp<=32k,-0.1067,4
1024,n<=8,sr>70%,kvB<=1k,kp<=4k,0.5643,4
1024,n<=8,sr>70%,kvB<=1k,kp<=512,0.6117,4
1024,n<=8,sr>70%,kvB<=1k,kp<=64k,0.1007,3
1024,n<=8,sr>70%,kvB<=1k,kp<=8k,0.1386,4
1024,n<=8,sr>70%,kvB<=1k,kp=0,0.6648,4
1024,n<=8,sr>70%,kvB<=4k,kp<=16k,0.0376,4
1024,n<=8,sr>70%,kvB<=4k,kp<=1k,0.2182,4
1024,n<=8,sr>70%,kvB<=4k,kp<=2k,0.2495,4
1024,n<=8,sr>70%,kvB<=4k,kp<=32k,-0.2305,4
1024,n<=8,sr>70%,kvB<=4k,kp<=4k,0.1814,4
1024,n<=8,sr>70%,kvB<=4k,kp<=512,0.1211,4
1024,n<=8,sr>70%,kvB<=4k,kp<=64k,-0.6578,4
1024,n<=8,sr>70%,kvB<=4k,kp<=8k,-0.33,4
1024,n<=8,sr>70%,kvB<=4k,kp=0,0.1751,4
1024,n<=8,sr>70%,kvB<=64k,kp<=16k,0.0435,4
1024,n<=8,sr>70%,kvB<=64k,kp<=1k,0.051,4
1024,n<=8,sr>70%,kvB<=64k,kp<=2k,0.0453,4
1024,n<=8,sr>70%,kvB<=64k,kp<=32k,0.0024,4
1024,n<=8,sr>70%,kvB<=64k,kp<=4k,0.0364,4
1024,n<=8,sr>70%,kvB<=64k,kp<=512,0.0428,4
1024,n<=8,sr>70%,kvB<=64k,kp<=64k,0.0255,4
1024,n<=8,sr>70%,kvB<=64k,kp<=8k,0.0614,4
1024,n<=8,sr>70%,kvB<=64k,kp=0,0.0297,4
2048,n<=16,sr<=15%,kvB<=16k,kp<=16k,0.4203,4
2048,n<=16,sr<=15%,kvB<=16k,kp<=1k,0.4024,4
2048,n<=16,sr<=15%,kvB<=16k,kp<=2k,0.4093,4
2048,n<=16,sr<=15%,kvB<=16k,kp<=32k,0.4331,4
2048,n<=16,sr<=15%,kvB<=16k,kp<=4k,0.4131,4
2048,n<=16,sr<=15%,kvB<=16k,kp<=512,0.3981,4
2048,n<=16,sr<=15%,kvB<=16k,kp<=64k,0.4304,4
2048,n<=16,sr<=15%,kvB<=16k,kp<=8k,0.3998,4
2048,n<=16,sr<=15%,kvB<=16k,kp=0,0.4048,4
2048,n<=16,sr<=15%,kvB<=1k,kp<=16k,0.4008,4
2048,n<=16,sr<=15%,kvB<=1k,kp<=1k,0.3114,4
2048,n<=16,sr<=15%,kvB<=1k,kp<=2k,0.1447,4
2048,n<=16,sr<=15%,kvB<=1k,kp<=32k,0.3766,4
2048,n<=16,sr<=15%,kvB<=1k,kp<=4k,0.2748,4
2048,n<=16,sr<=15%,kvB<=1k,kp<=512,0.2835,4
2048,n<=16,sr<=15%,kvB<=1k,kp<=64k,0.6091,4
2048,n<=16,sr<=15%,kvB<=1k,kp<=8k,0.3503,4
2048,n<=16,sr<=15%,kvB<=1k,kp=0,0.2833,4
2048,n<=16,sr<=15%,kvB<=4k,kp<=16k,0.3323,4
2048,n<=16,sr<=15%,kvB<=4k,kp<=1k,0.3523,4
2048,n<=16,sr<=15%,kvB<=4k,kp<=2k,0.3416,4
2048,n<=16,sr<=15%,kvB<=4k,kp<=32k,0.3849,4
2048,n<=16,sr<=15%,kvB<=4k,kp<=4k,0.3602,4
2048,n<=16,sr<=15%,kvB<=4k,kp<=512,0.3461,4
2048,n<=16,sr<=15%,kvB<=4k,kp<=64k,0.4156,4
2048,n<=16,sr<=15%,kvB<=4k,kp<=8k,0.3323,4
2048,n<=16,sr<=15%,kvB<=4k,kp=0,0.3446,4
2048,n<=16,sr<=15%,kvB<=64k,kp<=16k,0.4333,4
2048,n<=16,sr<=15%,kvB<=64k,kp<=1k,0.4355,4
2048,n<=16,sr<=15%,kvB<=64k,kp<=2k,0.4331,4
2048,n<=16,sr<=15%,kvB<=64k,kp<=32k,0.4313,4
2048,n<=16,sr<=15%,kvB<=64k,kp<=4k,0.4312,4
2048,n<=16,sr<=15%,kvB<=64k,kp<=512,0.4313,4
2048,n<=16,sr<=15%,kvB<=64k,kp<=64k,0.437,4
2048,n<=16,sr<=15%,kvB<=64k,kp<=8k,0.4322,4
2048,n<=16,sr<=15%,kvB<=64k,kp=0,0.4298,4
2048,n<=16,sr<=40%,kvB<=16k,kp<=16k,0.3536,4
2048,n<=16,sr<=40%,kvB<=16k,kp<=1k,0.321,4
2048,n<=16,sr<=40%,kvB<=16k,kp<=2k,0.3124,4
2048,n<=16,sr<=40%,kvB<=16k,kp<=32k,0.3523,4
2048,n<=16,sr<=40%,kvB<=16k,kp<=4k,0.3299,4
2048,n<=16,sr<=40%,kvB<=16k,kp<=512,0.3192,4
2048,n<=16,sr<=40%,kvB<=16k,kp<=64k,0.3347,4
2048,n<=16,sr<=40%,kvB<=16k,kp<=8k,0.32,4
2048,n<=16,sr<=40%,kvB<=16k,kp=0,0.3215,4
2048,n<=16,sr<=40%,kvB<=1k,kp<=16k,0.3052,4
2048,n<=16,sr<=40%,kvB<=1k,kp<=1k,0.2864,4
2048,n<=16,sr<=40%,kvB<=1k,kp<=2k,0.3788,4
2048,n<=16,sr<=40%,kvB<=1k,kp<=32k,0.4489,4
2048,n<=16,sr<=40%,kvB<=1k,kp<=4k,0.3249,4
2048,n<=16,sr<=40%,kvB<=1k,kp<=512,0.3613,4
2048,n<=16,sr<=40%,kvB<=1k,kp<=64k,0.3839,4
2048,n<=16,sr<=40%,kvB<=1k,kp<=8k,0.2885,4
2048,n<=16,sr<=40%,kvB<=1k,kp=0,0.325,4
2048,n<=16,sr<=40%,kvB<=4k,kp<=16k,0.3582,4
2048,n<=16,sr<=40%,kvB<=4k,kp<=1k,0.3165,4
2048,n<=16,sr<=40%,kvB<=4k,kp<=2k,0.2762,4
2048,n<=16,sr<=40%,kvB<=4k,kp<=32k,0.3,4
2048,n<=16,sr<=40%,kvB<=4k,kp<=4k,0.2868,4
2048,n<=16,sr<=40%,kvB<=4k,kp<=512,0.3032,4
2048,n<=16,sr<=40%,kvB<=4k,kp<=64k,0.3621,4
2048,n<=16,sr<=40%,kvB<=4k,kp<=8k,0.2648,4
2048,n<=16,sr<=40%,kvB<=4k,kp=0,0.3172,4
2048,n<=16,sr<=40%,kvB<=64k,kp<=16k,0.3572,4
2048,n<=16,sr<=40%,kvB<=64k,kp<=1k,0.3624,4
2048,n<=16,sr<=40%,kvB<=64k,kp<=2k,0.3692,4
2048,n<=16,sr<=40%,kvB<=64k,kp<=32k,0.366,4
2048,n<=16,sr<=40%,kvB<=64k,kp<=4k,0.362,4
2048,n<=16,sr<=40%,kvB<=64k,kp<=512,0.3602,4
2048,n<=16,sr<=40%,kvB<=64k,kp<=64k,0.3636,4
2048,n<=16,sr<=40%,kvB<=64k,kp<=8k,0.3629,4
2048,n<=16,sr<=40%,kvB<=64k,kp=0,0.361,4
2048,n<=16,sr<=70%,kvB<=16k,kp<=16k,0.1617,2
2048,n<=16,sr<=70%,kvB<=16k,kp<=1k,0.1147,2
2048,n<=16,sr<=70%,kvB<=16k,kp<=2k,0.122,2
2048,n<=16,sr<=70%,kvB<=16k,kp<=32k,0.1617,2
2048,n<=16,sr<=70%,kvB<=16k,kp<=4k,0.1359,2
2048,n<=16,sr<=70%,kvB<=16k,kp<=512,0.1169,2
2048,n<=16,sr<=70%,kvB<=16k,kp<=64k,0.2225,2
2048,n<=16,sr<=70%,kvB<=16k,kp<=8k,0.1259,2
2048,n<=16,sr<=70%,kvB<=16k,kp=0,0.1264,2
2048,n<=16,sr<=70%,kvB<=1k,kp<=16k,0.1845,2
2048,n<=16,sr<=70%,kvB<=1k,kp<=1k,0.2252,2
2048,n<=16,sr<=70%,kvB<=1k,kp<=2k,0.0679,2
2048,n<=16,sr<=70%,kvB<=1k,kp<=32k,0.3789,2
2048,n<=16,sr<=70%,kvB<=1k,kp<=4k,-0.0419,2
2048,n<=16,sr<=70%,kvB<=1k,kp<=512,0.1259,2
2048,n<=16,sr<=70%,kvB<=1k,kp<=64k,-0.9762,2
2048,n<=16,sr<=70%,kvB<=1k,kp<=8k,0.1749,2
2048,n<=16,sr<=70%,kvB<=1k,kp=0,0.2393,2
2048,n<=16,sr<=70%,kvB<=4k,kp<=16k,-0.0037,2
2048,n<=16,sr<=70%,kvB<=4k,kp<=1k,0.2379,2
2048,n<=16,sr<=70%,kvB<=4k,kp<=2k,0.1862,2
2048,n<=16,sr<=70%,kvB<=4k,kp<=32k,0.2258,2
2048,n<=16,sr<=70%,kvB<=4k,kp<=4k,0.1875,2
2048,n<=16,sr<=70%,kvB<=4k,kp<=512,0.2029,2
2048,n<=16,sr<=70%,kvB<=4k,kp<=64k,0.4526,2
2048,n<=16,sr<=70%,kvB<=4k,kp<=8k,0.1828,2
2048,n<=16,sr<=70%,kvB<=4k,kp=0,0.2041,2
2048,n<=16,sr<=70%,kvB<=64k,kp<=16k,0.1802,2
2048,n<=16,sr<=70%,kvB<=64k,kp<=1k,0.1824,2
2048,n<=16,sr<=70%,kvB<=64k,kp<=2k,0.1741,2
2048,n<=16,sr<=70%,kvB<=64k,kp<=32k,0.1773,2
2048,n<=16,sr<=70%,kvB<=64k,kp<=4k,0.1802,2
2048,n<=16,sr<=70%,kvB<=64k,kp<=512,0.1748,2
2048,n<=16,sr<=70%,kvB<=64k,kp<=64k,0.1882,2
2048,n<=16,sr<=70%,kvB<=64k,kp<=8k,0.1862,2
2048,n<=16,sr<=70%,kvB<=64k,kp=0,0.1797,2
2048,n<=16,sr>70%,kvB<=16k,kp<=16k,0.115,4
2048,n<=16,sr>70%,kvB<=16k,kp<=1k,0.0297,4
2048,n<=16,sr>70%,kvB<=16k,kp<=2k,-0.0051,4
2048,n<=16,sr>70%,kvB<=16k,kp<=32k,0.0419,4
2048,n<=16,sr>70%,kvB<=16k,kp<=4k,0.0466,4
2048,n<=16,sr>70%,kvB<=16k,kp<=512,0.0528,4
2048,n<=16,sr>70%,kvB<=16k,kp<=64k,-0.1585,4
2048,n<=16,sr>70%,kvB<=16k,kp<=8k,0.0691,4
2048,n<=16,sr>70%,kvB<=16k,kp=0,0.0297,4
2048,n<=16,sr>70%,kvB<=1k,kp<=16k,0.2377,4
2048,n<=16,sr>70%,kvB<=1k,kp<=1k,0.4318,4
2048,n<=16,sr>70%,kvB<=1k,kp<=2k,0.4266,4
2048,n<=16,sr>70%,kvB<=1k,kp<=32k,-0.3659,4
2048,n<=16,sr>70%,kvB<=1k,kp<=4k,0.275,4
2048,n<=16,sr>70%,kvB<=1k,kp<=512,0.2388,4
2048,n<=16,sr>70%,kvB<=1k,kp<=64k,0.5453,1
2048,n<=16,sr>70%,kvB<=1k,kp<=8k,0.2368,4
2048,n<=16,sr>70%,kvB<=1k,kp=0,0.519,4
2048,n<=16,sr>70%,kvB<=4k,kp<=16k,0.2148,4
2048,n<=16,sr>70%,kvB<=4k,kp<=1k,0.1796,4
2048,n<=16,sr>70%,kvB<=4k,kp<=2k,0.0756,4
2048,n<=16,sr>70%,kvB<=4k,kp<=32k,0.203,4
2048,n<=16,sr>70%,kvB<=4k,kp<=4k,0.0652,4
2048,n<=16,sr>70%,kvB<=4k,kp<=512,0.1131,4
2048,n<=16,sr>70%,kvB<=4k,kp<=64k,-0.0029,4
2048,n<=16,sr>70%,kvB<=4k,kp<=8k,0.038,4
2048,n<=16,sr>70%,kvB<=4k,kp=0,0.1063,4
2048,n<=16,sr>70%,kvB<=64k,kp<=16k,0.0654,4
2048,n<=16,sr>70%,kvB<=64k,kp<=1k,0.053,4
2048,n<=16,sr>70%,kvB<=64k,kp<=2k,0.0569,4
2048,n<=16,sr>70%,kvB<=64k,kp<=32k,0.0626,4
2048,n<=16,sr>70%,kvB<=64k,kp<=4k,0.0643,4
2048,n<=16,sr>70%,kvB<=64k,kp<=512,0.0516,4
2048,n<=16,sr>70%,kvB<=64k,kp<=64k,-0.0007,4
2048,n<=16,sr>70%,kvB<=64k,kp<=8k,0.0732,4
2048,n<=16,sr>70%,kvB<=64k,kp=0,0.0412,4
2048,n<=2,sr<=70%,kvB<=16k,kp<=16k,0.1002,2
2048,n<=2,sr<=70%,kvB<=16k,kp<=1k,0.2141,2
2048,n<=2,sr<=70%,kvB<=16k,kp<=2k,0.3874,2
2048,n<=2,sr<=70%,kvB<=16k,kp<=32k,0.1616,2
2048,n<=2,sr<=70%,kvB<=16k,kp<=4k,0.1679,2
2048,n<=2,sr<=70%,kvB<=16k,kp<=512,0.2078,2
2048,n<=2,sr<=70%,kvB<=16k,kp<=64k,0.3381,1
2048,n<=2,sr<=70%,kvB<=16k,kp<=8k,0.1094,2
2048,n<=2,sr<=70%,kvB<=16k,kp=0,0.242,2
2048,n<=2,sr<=70%,kvB<=1k,kp<=16k,0.691,1
2048,n<=2,sr<=70%,kvB<=1k,kp<=1k,0.4648,2
2048,n<=2,sr<=70%,kvB<=1k,kp<=2k,-4.458,1
2048,n<=2,sr<=70%,kvB<=1k,kp<=32k,0.4635,2
2048,n<=2,sr<=70%,kvB<=1k,kp<=4k,0.4075,2
2048,n<=2,sr<=70%,kvB<=1k,kp<=512,0.5576,2
2048,n<=2,sr<=70%,kvB<=1k,kp<=64k,0.0505,1
2048,n<=2,sr<=70%,kvB<=1k,kp<=8k,-0.4329,2
2048,n<=2,sr<=70%,kvB<=1k,kp=0,0.3948,2
2048,n<=2,sr<=70%,kvB<=4k,kp<=16k,0.126,2
2048,n<=2,sr<=70%,kvB<=4k,kp<=1k,0.4834,2
2048,n<=2,sr<=70%,kvB<=4k,kp<=2k,0.2042,2
2048,n<=2,sr<=70%,kvB<=4k,kp<=32k,0.8473,1
2048,n<=2,sr<=70%,kvB<=4k,kp<=4k,-0.5375,2
2048,n<=2,sr<=70%,kvB<=4k,kp<=512,0.4221,2
2048,n<=2,sr<=70%,kvB<=4k,kp<=64k,-0.5736,1
2048,n<=2,sr<=70%,kvB<=4k,kp<=8k,-2.0596,2
2048,n<=2,sr<=70%,kvB<=4k,kp=0,0.4889,2
2048,n<=2,sr<=70%,kvB<=64k,kp<=16k,0.046,2
2048,n<=2,sr<=70%,kvB<=64k,kp<=1k,0.0642,2
2048,n<=2,sr<=70%,kvB<=64k,kp<=2k,0.0452,2
2048,n<=2,sr<=70%,kvB<=64k,kp<=32k,0.0142,2
2048,n<=2,sr<=70%,kvB<=64k,kp<=4k,0.0312,2
2048,n<=2,sr<=70%,kvB<=64k,kp<=512,0.0847,2
2048,n<=2,sr<=70%,kvB<=64k,kp<=64k,0.2534,2
2048,n<=2,sr<=70%,kvB<=64k,kp<=8k,0.034,2
2048,n<=2,sr<=70%,kvB<=64k,kp=0,0.0516,2
2048,n<=32,sr<=15%,kvB<=16k,kp<=16k,0.1692,6
2048,n<=32,sr<=15%,kvB<=16k,kp<=1k,0.1765,6
2048,n<=32,sr<=15%,kvB<=16k,kp<=2k,0.1743,6
2048,n<=32,sr<=15%,kvB<=16k,kp<=32k,0.174,6
2048,n<=32,sr<=15%,kvB<=16k,kp<=4k,0.172,6
2048,n<=32,sr<=15%,kvB<=16k,kp<=512,0.1786,6
2048,n<=32,sr<=15%,kvB<=16k,kp<=64k,0.1974,6
2048,n<=32,sr<=15%,kvB<=16k,kp<=8k,0.1714,6
2048,n<=32,sr<=15%,kvB<=16k,kp=0,0.1749,6
2048,n<=32,sr<=15%,kvB<=1k,kp<=16k,0.1288,6
2048,n<=32,sr<=15%,kvB<=1k,kp<=1k,0.1868,6
2048,n<=32,sr<=15%,kvB<=1k,kp<=2k,0.1235,6
2048,n<=32,sr<=15%,kvB<=1k,kp<=32k,0.1606,6
2048,n<=32,sr<=15%,kvB<=1k,kp<=4k,0.1124,6
2048,n<=32,sr<=15%,kvB<=1k,kp<=512,0.1781,6
2048,n<=32,sr<=15%,kvB<=1k,kp<=64k,0.1963,6
2048,n<=32,sr<=15%,kvB<=1k,kp<=8k,0.1507,6
2048,n<=32,sr<=15%,kvB<=1k,kp=0,0.1841,6
2048,n<=32,sr<=15%,kvB<=4k,kp<=16k,0.177,6
2048,n<=32,sr<=15%,kvB<=4k,kp<=1k,0.1715,6
2048,n<=32,sr<=15%,kvB<=4k,kp<=2k,0.1756,6
2048,n<=32,sr<=15%,kvB<=4k,kp<=32k,0.1732,6
2048,n<=32,sr<=15%,kvB<=4k,kp<=4k,0.1558,6
2048,n<=32,sr<=15%,kvB<=4k,kp<=512,0.1696,6
2048,n<=32,sr<=15%,kvB<=4k,kp<=64k,0.1742,6
2048,n<=32,sr<=15%,kvB<=4k,kp<=8k,0.1518,6
2048,n<=32,sr<=15%,kvB<=4k,kp=0,0.1677,6
2048,n<=32,sr<=15%,kvB<=64k,kp<=16k,0.1765,6
2048,n<=32,sr<=15%,kvB<=64k,kp<=1k,0.1748,6
2048,n<=32,sr<=15%,kvB<=64k,kp<=2k,0.1736,6
2048,n<=32,sr<=15%,kvB<=64k,kp<=32k,0.1734,6
2048,n<=32,sr<=15%,kvB<=64k,kp<=4k,0.1709,6
2048,n<=32,sr<=15%,kvB<=64k,kp<=512,0.1723,6
2048,n<=32,sr<=15%,kvB<=64k,kp<=64k,0.1723,6
2048,n<=32,sr<=15%,kvB<=64k,kp<=8k,0.1703,6
2048,n<=32,sr<=15%,kvB<=64k,kp=0,0.1712,6
2048,n<=32,sr<=40%,kvB<=16k,kp<=16k,0.0676,2
2048,n<=32,sr<=40%,kvB<=16k,kp<=1k,0.0737,2
2048,n<=32,sr<=40%,kvB<=16k,kp<=2k,0.0673,2
2048,n<=32,sr<=40%,kvB<=16k,kp<=32k,0.0689,2
2048,n<=32,sr<=40%,kvB<=16k,kp<=4k,0.078,2
2048,n<=32,sr<=40%,kvB<=16k,kp<=512,0.0799,2
2048,n<=32,sr<=40%,kvB<=16k,kp<=64k,0.0795,2
2048,n<=32,sr<=40%,kvB<=16k,kp<=8k,0.0808,2
2048,n<=32,sr<=40%,kvB<=16k,kp=0,0.0761,2
2048,n<=32,sr<=40%,kvB<=1k,kp<=16k,0.1767,2
2048,n<=32,sr<=40%,kvB<=1k,kp<=1k,0.1935,2
2048,n<=32,sr<=40%,kvB<=1k,kp<=2k,0.1745,2
2048,n<=32,sr<=40%,kvB<=1k,kp<=32k,0.3931,2
2048,n<=32,sr<=40%,kvB<=1k,kp<=4k,0.1841,2
2048,n<=32,sr<=40%,kvB<=1k,kp<=512,0.1679,2
2048,n<=32,sr<=40%,kvB<=1k,kp<=64k,0.1232,2
2048,n<=32,sr<=40%,kvB<=1k,kp<=8k,0.0665,2
2048,n<=32,sr<=40%,kvB<=1k,kp=0,0.1809,2
2048,n<=32,sr<=40%,kvB<=4k,kp<=16k,0.0613,2
2048,n<=32,sr<=40%,kvB<=4k,kp<=1k,0.0826,2
2048,n<=32,sr<=40%,kvB<=4k,kp<=2k,0.0628,2
2048,n<=32,sr<=40%,kvB<=4k,kp<=32k,0.0118,2
2048,n<=32,sr<=40%,kvB<=4k,kp<=4k,0.05,2
2048,n<=32,sr<=40%,kvB<=4k,kp<=512,0.053,2
2048,n<=32,sr<=40%,kvB<=4k,kp<=64k,-0.0259,2
2048,n<=32,sr<=40%,kvB<=4k,kp<=8k,0.0481,2
2048,n<=32,sr<=40%,kvB<=4k,kp=0,0.0888,2
2048,n<=32,sr<=40%,kvB<=64k,kp<=16k,0.0696,2
2048,n<=32,sr<=40%,kvB<=64k,kp<=1k,0.0738,2
2048,n<=32,sr<=40%,kvB<=64k,kp<=2k,0.0737,2
2048,n<=32,sr<=40%,kvB<=64k,kp<=32k,0.0718,2
2048,n<=32,sr<=40%,kvB<=64k,kp<=4k,0.0739,2
2048,n<=32,sr<=40%,kvB<=64k,kp<=512,0.0734,2
2048,n<=32,sr<=40%,kvB<=64k,kp<=64k,0.0666,2
2048,n<=32,sr<=40%,kvB<=64k,kp<=8k,0.074,2
2048,n<=32,sr<=40%,kvB<=64k,kp=0,0.0705,2
2048,n<=32,sr<=5%,kvB<=16k,kp<=16k,0.2098,2
2048,n<=32,sr<=5%,kvB<=16k,kp<=1k,0.2163,2
2048,n<=32,sr<=5%,kvB<=16k,kp<=2k,0.2234,2
2048,n<=32,sr<=5%,kvB<=16k,kp<=32k,0.223,2
2048,n<=32,sr<=5%,kvB<=16k,kp<=4k,0.2092,2
2048,n<=32,sr<=5%,kvB<=16k,kp<=512,0.2187,2
2048,n<=32,sr<=5%,kvB<=16k,kp<=64k,0.2024,2
2048,n<=32,sr<=5%,kvB<=16k,kp<=8k,0.2123,2
2048,n<=32,sr<=5%,kvB<=16k,kp=0,0.2199,2
2048,n<=32,sr<=5%,kvB<=1k,kp<=16k,0.109,2
2048,n<=32,sr<=5%,kvB<=1k,kp<=1k,0.2049,2
2048,n<=32,sr<=5%,kvB<=1k,kp<=2k,0.0823,2
2048,n<=32,sr<=5%,kvB<=1k,kp<=32k,0.2113,2
2048,n<=32,sr<=5%,kvB<=1k,kp<=4k,0.0786,2
2048,n<=32,sr<=5%,kvB<=1k,kp<=512,0.1491,2
2048,n<=32,sr<=5%,kvB<=1k,kp<=64k,0.1583,2
2048,n<=32,sr<=5%,kvB<=1k,kp<=8k,0.121,2
2048,n<=32,sr<=5%,kvB<=1k,kp=0,0.1513,2
2048,n<=32,sr<=5%,kvB<=4k,kp<=16k,0.2105,2
2048,n<=32,sr<=5%,kvB<=4k,kp<=1k,0.2104,2
2048,n<=32,sr<=5%,kvB<=4k,kp<=2k,0.1883,2
2048,n<=32,sr<=5%,kvB<=4k,kp<=32k,0.1585,2
2048,n<=32,sr<=5%,kvB<=4k,kp<=4k,0.1756,2
2048,n<=32,sr<=5%,kvB<=4k,kp<=512,0.1949,2
2048,n<=32,sr<=5%,kvB<=4k,kp<=64k,0.1591,2
2048,n<=32,sr<=5%,kvB<=4k,kp<=8k,0.1924,2
2048,n<=32,sr<=5%,kvB<=4k,kp=0,0.2041,2
2048,n<=32,sr<=5%,kvB<=64k,kp<=16k,0.215,2
2048,n<=32,sr<=5%,kvB<=64k,kp<=1k,0.2138,2
2048,n<=32,sr<=5%,kvB<=64k,kp<=2k,0.215,2
2048,n<=32,sr<=5%,kvB<=64k,kp<=32k,0.2137,2
2048,n<=32,sr<=5%,kvB<=64k,kp<=4k,0.2122,2
2048,n<=32,sr<=5%,kvB<=64k,kp<=512,0.214,2
2048,n<=32,sr<=5%,kvB<=64k,kp<=64k,0.2171,2
2048,n<=32,sr<=5%,kvB<=64k,kp<=8k,0.2111,2
2048,n<=32,sr<=5%,kvB<=64k,kp=0,0.217,2
2048,n<=32,sr<=70%,kvB<=16k,kp<=16k,0.0133,2
2048,n<=32,sr<=70%,kvB<=16k,kp<=1k,0.0081,2
2048,n<=32,sr<=70%,kvB<=16k,kp<=2k,0.0103,2
2048,n<=32,sr<=70%,kvB<=16k,kp<=32k,-0.0092,2
2048,n<=32,sr<=70%,kvB<=16k,kp<=4k,-0.0133,2
2048,n<=32,sr<=70%,kvB<=16k,kp<=512,0.0104,2
2048,n<=32,sr<=70%,kvB<=16k,kp<=64k,0.0015,2
2048,n<=32,sr<=70%,kvB<=16k,kp<=8k,0.0017,2
2048,n<=32,sr<=70%,kvB<=16k,kp=0,0.011,2
2048,n<=32,sr<=70%,kvB<=1k,kp<=16k,-0.0493,2
2048,n<=32,sr<=70%,kvB<=1k,kp<=1k,0.1834,2
2048,n<=32,sr<=70%,kvB<=1k,kp<=2k,0.0848,2
2048,n<=32,sr<=70%,kvB<=1k,kp<=32k,-0.4775,2
2048,n<=32,sr<=70%,kvB<=1k,kp<=4k,-0.0424,2
2048,n<=32,sr<=70%,kvB<=1k,kp<=512,0.1292,2
2048,n<=32,sr<=70%,kvB<=1k,kp<=64k,-0.0096,2
2048,n<=32,sr<=70%,kvB<=1k,kp<=8k,-0.0591,2
2048,n<=32,sr<=70%,kvB<=1k,kp=0,0.1232,2
2048,n<=32,sr<=70%,kvB<=4k,kp<=16k,0.0691,2
2048,n<=32,sr<=70%,kvB<=4k,kp<=1k,-0.026,2
2048,n<=32,sr<=70%,kvB<=4k,kp<=2k,-0.0299,2
2048,n<=32,sr<=70%,kvB<=4k,kp<=32k,-0.0831,2
2048,n<=32,sr<=70%,kvB<=4k,kp<=4k,-0.0026,2
2048,n<=32,sr<=70%,kvB<=4k,kp<=512,-0.0007,2
2048,n<=32,sr<=70%,kvB<=4k,kp<=64k,-0.0758,2
2048,n<=32,sr<=70%,kvB<=4k,kp<=8k,-0.0247,2
2048,n<=32,sr<=70%,kvB<=4k,kp=0,0.0051,2
2048,n<=32,sr<=70%,kvB<=64k,kp<=16k,0.0096,2
2048,n<=32,sr<=70%,kvB<=64k,kp<=1k,-0.0034,2
2048,n<=32,sr<=70%,kvB<=64k,kp<=2k,-0.0082,2
2048,n<=32,sr<=70%,kvB<=64k,kp<=32k,0.0012,2
2048,n<=32,sr<=70%,kvB<=64k,kp<=4k,-0.0134,2
2048,n<=32,sr<=70%,kvB<=64k,kp<=512,-0.0061,2
2048,n<=32,sr<=70%,kvB<=64k,kp<=64k,-0.0268,2
2048,n<=32,sr<=70%,kvB<=64k,kp<=8k,-0.0049,2
2048,n<=32,sr<=70%,kvB<=64k,kp=0,-0.0112,2
2048,n<=32,sr>70%,kvB<=16k,kp<=16k,0.3475,4
2048,n<=32,sr>70%,kvB<=16k,kp<=1k,0.3033,4
2048,n<=32,sr>70%,kvB<=16k,kp<=2k,0.3766,4
2048,n<=32,sr>70%,kvB<=16k,kp<=32k,0.3397,4
2048,n<=32,sr>70%,kvB<=16k,kp<=4k,0.3346,4
2048,n<=32,sr>70%,kvB<=16k,kp<=512,0.322,4
2048,n<=32,sr>70%,kvB<=16k,kp<=64k,0.3328,4
2048,n<=32,sr>70%,kvB<=16k,kp<=8k,0.3005,4
2048,n<=32,sr>70%,kvB<=16k,kp=0,0.2691,4
2048,n<=32,sr>70%,kvB<=1k,kp<=16k,0.0249,4
2048,n<=32,sr>70%,kvB<=1k,kp<=1k,0.4847,4
2048,n<=32,sr>70%,kvB<=1k,kp<=2k,0.467,4
2048,n<=32,sr>70%,kvB<=1k,kp<=32k,0.3146,4
2048,n<=32,sr>70%,kvB<=1k,kp<=4k,0.2401,4
2048,n<=32,sr>70%,kvB<=1k,kp<=512,0.5653,4
2048,n<=32,sr>70%,kvB<=1k,kp<=64k,0.3381,4
2048,n<=32,sr>70%,kvB<=1k,kp<=8k,0.2967,4
2048,n<=32,sr>70%,kvB<=1k,kp=0,0.572,4
2048,n<=32,sr>70%,kvB<=4k,kp<=16k,0.3343,4
2048,n<=32,sr>70%,kvB<=4k,kp<=1k,0.2777,4
2048,n<=32,sr>70%,kvB<=4k,kp<=2k,0.3057,4
2048,n<=32,sr>70%,kvB<=4k,kp<=32k,0.3006,4
2048,n<=32,sr>70%,kvB<=4k,kp<=4k,0.2336,4
2048,n<=32,sr>70%,kvB<=4k,kp<=512,0.3096,4
2048,n<=32,sr>70%,kvB<=4k,kp<=64k,-0.0158,4
2048,n<=32,sr>70%,kvB<=4k,kp<=8k,0.2555,4
2048,n<=32,sr>70%,kvB<=4k,kp=0,0.3207,4
2048,n<=32,sr>70%,kvB<=64k,kp<=16k,0.2833,4
2048,n<=32,sr>70%,kvB<=64k,kp<=1k,0.3035,4
2048,n<=32,sr>70%,kvB<=64k,kp<=2k,0.2523,4
2048,n<=32,sr>70%,kvB<=64k,kp<=32k,0.284,4
2048,n<=32,sr>70%,kvB<=64k,kp<=4k,0.2318,4
2048,n<=32,sr>70%,kvB<=64k,kp<=512,0.2897,4
2048,n<=32,sr>70%,kvB<=64k,kp<=64k,0.2837,4
2048,n<=32,sr>70%,kvB<=64k,kp<=8k,0.2588,4
2048,n<=32,sr>70%,kvB<=64k,kp=0,0.2894,4
2048,n<=4,sr<=40%,kvB<=16k,kp<=16k,0.2817,2
2048,n<=4,sr<=40%,kvB<=16k,kp<=1k,0.2821,2
2048,n<=4,sr<=40%,kvB<=16k,kp<=2k,0.205,2
2048,n<=4,sr<=40%,kvB<=16k,kp<=32k,0.3432,2
2048,n<=4,sr<=40%,kvB<=16k,kp<=4k,0.2651,2
2048,n<=4,sr<=40%,kvB<=16k,kp<=512,0.2975,2
2048,n<=4,sr<=40%,kvB<=16k,kp<=64k,0.3108,2
2048,n<=4,sr<=40%,kvB<=16k,kp<=8k,0.2645,2
2048,n<=4,sr<=40%,kvB<=16k,kp=0,0.2879,2
2048,n<=4,sr<=40%,kvB<=1k,kp<=16k,0.5445,1
2048,n<=4,sr<=40%,kvB<=1k,kp<=1k,0.5827,2
2048,n<=4,sr<=40%,kvB<=1k,kp<=2k,-0.2578,1
2048,n<=4,sr<=40%,kvB<=1k,kp<=32k,-0.4579,1
2048,n<=4,sr<=40%,kvB<=1k,kp<=4k,-0.0757,1
2048,n<=4,sr<=40%,kvB<=1k,kp<=512,0.2113,2
2048,n<=4,sr<=40%,kvB<=1k,kp<=64k,-0.0464,2
2048,n<=4,sr<=40%,kvB<=1k,kp<=8k,0.4499,2
2048,n<=4,sr<=40%,kvB<=1k,kp=0,0.5842,2
2048,n<=4,sr<=40%,kvB<=4k,kp<=16k,0.2907,2
2048,n<=4,sr<=40%,kvB<=4k,kp<=1k,0.3155,2
2048,n<=4,sr<=40%,kvB<=4k,kp<=2k,-0.1112,2
2048,n<=4,sr<=40%,kvB<=4k,kp<=32k,0.153,2
2048,n<=4,sr<=40%,kvB<=4k,kp<=4k,0.0352,2
2048,n<=4,sr<=40%,kvB<=4k,kp<=512,0.2736,2
2048,n<=4,sr<=40%,kvB<=4k,kp<=64k,-1.0903,1
2048,n<=4,sr<=40%,kvB<=4k,kp<=8k,0.2281,2
2048,n<=4,sr<=40%,kvB<=4k,kp=0,0.252,2
2048,n<=4,sr<=40%,kvB<=64k,kp<=16k,0.3377,2
2048,n<=4,sr<=40%,kvB<=64k,kp<=1k,0.3029,2
2048,n<=4,sr<=40%,kvB<=64k,kp<=2k,0.2961,2
2048,n<=4,sr<=40%,kvB<=64k,kp<=32k,0.3314,2
2048,n<=4,sr<=40%,kvB<=64k,kp<=4k,0.3035,2
2048,n<=4,sr<=40%,kvB<=64k,kp<=512,0.2865,2
2048,n<=4,sr<=40%,kvB<=64k,kp<=64k,0.3837,2
2048,n<=4,sr<=40%,kvB<=64k,kp<=8k,0.2886,2
2048,n<=4,sr<=40%,kvB<=64k,kp=0,0.2938,2
2048,n<=4,sr<=70%,kvB<=16k,kp<=16k,0.1274,2
2048,n<=4,sr<=70%,kvB<=16k,kp<=1k,0.2182,2
2048,n<=4,sr<=70%,kvB<=16k,kp<=2k,0.1631,2
2048,n<=4,sr<=70%,kvB<=16k,kp<=32k,0.0903,2
2048,n<=4,sr<=70%,kvB<=16k,kp<=4k,0.1255,2
2048,n<=4,sr<=70%,kvB<=16k,kp<=512,0.2287,2
2048,n<=4,sr<=70%,kvB<=16k,kp<=64k,0.1862,2
2048,n<=4,sr<=70%,kvB<=16k,kp<=8k,0.0412,2
2048,n<=4,sr<=70%,kvB<=16k,kp=0,0.1927,2
2048,n<=4,sr<=70%,kvB<=1k,kp<=16k,0.0233,2
2048,n<=4,sr<=70%,kvB<=1k,kp<=1k,0.5322,2
2048,n<=4,sr<=70%,kvB<=1k,kp<=2k,0.4352,2
2048,n<=4,sr<=70%,kvB<=1k,kp<=32k,-0.519,1
2048,n<=4,sr<=70%,kvB<=1k,kp<=4k,-0.0645,2
2048,n<=4,sr<=70%,kvB<=1k,kp<=512,0.2497,2
2048,n<=4,sr<=70%,kvB<=1k,kp<=64k,1.0439,1
2048,n<=4,sr<=70%,kvB<=1k,kp<=8k,-0.1609,2
2048,n<=4,sr<=70%,kvB<=1k,kp=0,0.4996,2
2048,n<=4,sr<=70%,kvB<=4k,kp<=16k,0.1129,2
2048,n<=4,sr<=70%,kvB<=4k,kp<=1k,0.2241,2
2048,n<=4,sr<=70%,kvB<=4k,kp<=2k,0.485,2
2048,n<=4,sr<=70%,kvB<=4k,kp<=32k,-0.0816,2
2048,n<=4,sr<=70%,kvB<=4k,kp<=4k,-0.3286,2
2048,n<=4,sr<=70%,kvB<=4k,kp<=512,0.2866,2
2048,n<=4,sr<=70%,kvB<=4k,kp<=64k,0.4368,2
2048,n<=4,sr<=70%,kvB<=4k,kp<=8k,0.3004,2
2048,n<=4,sr<=70%,kvB<=4k,kp=0,0.3349,2
2048,n<=4,sr<=70%,kvB<=64k,kp<=16k,0.1587,2
2048,n<=4,sr<=70%,kvB<=64k,kp<=1k,0.1359,2
2048,n<=4,sr<=70%,kvB<=64k,kp<=2k,0.1351,2
2048,n<=4,sr<=70%,kvB<=64k,kp<=32k,0.162,2
2048,n<=4,sr<=70%,kvB<=64k,kp<=4k,0.1475,2
2048,n<=4,sr<=70%,kvB<=64k,kp<=512,0.1184,2
2048,n<=4,sr<=70%,kvB<=64k,kp<=64k,0.1826,2
2048,n<=4,sr<=70%,kvB<=64k,kp<=8k,0.1387,2
2048,n<=4,sr<=70%,kvB<=64k,kp=0,0.1266,2
2048,n<=4,sr>70%,kvB<=16k,kp<=16k,-0.0902,2
2048,n<=4,sr>70%,kvB<=16k,kp<=1k,0.1076,2
2048,n<=4,sr>70%,kvB<=16k,kp<=2k,0.2078,2
2048,n<=4,sr>70%,kvB<=16k,kp<=32k,0.1181,2
2048,n<=4,sr>70%,kvB<=16k,kp<=4k,0.0288,2
2048,n<=4,sr>70%,kvB<=16k,kp<=512,0.0847,2
2048,n<=4,sr>70%,kvB<=16k,kp<=64k,-0.1806,2
2048,n<=4,sr>70%,kvB<=16k,kp<=8k,-0.065,2
2048,n<=4,sr>70%,kvB<=16k,kp=0,0.0774,2
2048,n<=4,sr>70%,kvB<=1k,kp<=1k,0.5975,2
2048,n<=4,sr>70%,kvB<=1k,kp<=2k,-0.2992,1
2048,n<=4,sr>70%,kvB<=1k,kp<=32k,0.2864,1
2048,n<=4,sr>70%,kvB<=1k,kp<=4k,0.0574,1
2048,n<=4,sr>70%,kvB<=1k,kp<=512,0.6209,1
2048,n<=4,sr>70%,kvB<=1k,kp<=64k,0.4701,1
2048,n<=4,sr>70%,kvB<=1k,kp<=8k,0.0333,2
2048,n<=4,sr>70%,kvB<=1k,kp=0,0.3539,2
2048,n<=4,sr>70%,kvB<=4k,kp<=16k,-0.0524,2
2048,n<=4,sr>70%,kvB<=4k,kp<=1k,0.2737,2
2048,n<=4,sr>70%,kvB<=4k,kp<=2k,-1.2872,1
2048,n<=4,sr>70%,kvB<=4k,kp<=32k,0.4217,1
2048,n<=4,sr>70%,kvB<=4k,kp<=4k,-1.8766,2
2048,n<=4,sr>70%,kvB<=4k,kp<=512,-0.0644,2
2048,n<=4,sr>70%,kvB<=4k,kp<=64k,-0.2308,2
2048,n<=4,sr>70%,kvB<=4k,kp<=8k,-0.0386,2
2048,n<=4,sr>70%,kvB<=4k,kp=0,0.2116,2
2048,n<=4,sr>70%,kvB<=64k,kp<=16k,0.1192,2
2048,n<=4,sr>70%,kvB<=64k,kp<=1k,0.0827,2
2048,n<=4,sr>70%,kvB<=64k,kp<=2k,0.0474,2
2048,n<=4,sr>70%,kvB<=64k,kp<=32k,0.0585,2
2048,n<=4,sr>70%,kvB<=64k,kp<=4k,0.0661,2
2048,n<=4,sr>70%,kvB<=64k,kp<=512,0.0315,2
2048,n<=4,sr>70%,kvB<=64k,kp<=64k,0.0284,2
2048,n<=4,sr>70%,kvB<=64k,kp<=8k,0.0402,2
2048,n<=4,sr>70%,kvB<=64k,kp=0,0.0233,2
2048,n<=64,sr<=15%,kvB<=16k,kp<=16k,0.0135,4
2048,n<=64,sr<=15%,kvB<=16k,kp<=1k,0.0014,4
2048,n<=64,sr<=15%,kvB<=16k,kp<=2k,0.0081,4
2048,n<=64,sr<=15%,kvB<=16k,kp<=32k,0.0126,4
2048,n<=64,sr<=15%,kvB<=16k,kp<=4k,0.0074,4
2048,n<=64,sr<=15%,kvB<=16k,kp<=512,0.0061,4
2048,n<=64,sr<=15%,kvB<=16k,kp<=64k,-0.0043,4
2048,n<=64,sr<=15%,kvB<=16k,kp<=8k,0.0066,4
2048,n<=64,sr<=15%,kvB<=16k,kp=0,0.0093,4
2048,n<=64,sr<=15%,kvB<=1k,kp<=16k,-0.0265,4
2048,n<=64,sr<=15%,kvB<=1k,kp<=1k,0.0196,4
2048,n<=64,sr<=15%,kvB<=1k,kp<=2k,0.0378,4
2048,n<=64,sr<=15%,kvB<=1k,kp<=32k,-0.0177,4
2048,n<=64,sr<=15%,kvB<=1k,kp<=4k,0.0084,4
2048,n<=64,sr<=15%,kvB<=1k,kp<=512,0.0188,4
2048,n<=64,sr<=15%,kvB<=1k,kp<=64k,0.2031,4
2048,n<=64,sr<=15%,kvB<=1k,kp<=8k,0.0273,4
2048,n<=64,sr<=15%,kvB<=1k,kp=0,0.0222,4
2048,n<=64,sr<=15%,kvB<=4k,kp<=16k,0.0037,4
2048,n<=64,sr<=15%,kvB<=4k,kp<=1k,0.0158,4
2048,n<=64,sr<=15%,kvB<=4k,kp<=2k,0.0024,4
2048,n<=64,sr<=15%,kvB<=4k,kp<=32k,-0.0002,4
2048,n<=64,sr<=15%,kvB<=4k,kp<=4k,0.0063,4
2048,n<=64,sr<=15%,kvB<=4k,kp<=512,0.0149,4
2048,n<=64,sr<=15%,kvB<=4k,kp<=64k,0.0171,4
2048,n<=64,sr<=15%,kvB<=4k,kp<=8k,0.0067,4
2048,n<=64,sr<=15%,kvB<=4k,kp=0,0.0155,4
2048,n<=64,sr<=15%,kvB<=64k,kp<=16k,0.0077,4
2048,n<=64,sr<=15%,kvB<=64k,kp<=1k,0.0091,4
2048,n<=64,sr<=15%,kvB<=64k,kp<=2k,0.0077,4
2048,n<=64,sr<=15%,kvB<=64k,kp<=32k,0.0043,4
2048,n<=64,sr<=15%,kvB<=64k,kp<=4k,0.0066,4
2048,n<=64,sr<=15%,kvB<=64k,kp<=512,0.0081,4
2048,n<=64,sr<=15%,kvB<=64k,kp<=64k,0.0029,4
2048,n<=64,sr<=15%,kvB<=64k,kp<=8k,0.008,4
2048,n<=64,sr<=15%,kvB<=64k,kp=0,0.0101,4
2048,n<=64,sr<=40%,kvB<=16k,kp<=16k,0.0134,2
2048,n<=64,sr<=40%,kvB<=16k,kp<=1k,0.0072,2
2048,n<=64,sr<=40%,kvB<=16k,kp<=2k,0.0153,2
2048,n<=64,sr<=40%,kvB<=16k,kp<=32k,0.0061,2
2048,n<=64,sr<=40%,kvB<=16k,kp<=4k,0.0033,2
2048,n<=64,sr<=40%,kvB<=16k,kp<=512,0.0,2
2048,n<=64,sr<=40%,kvB<=16k,kp<=64k,-0.0062,2
2048,n<=64,sr<=40%,kvB<=16k,kp<=8k,0.0062,2
2048,n<=64,sr<=40%,kvB<=16k,kp=0,-0.0031,2
2048,n<=64,sr<=40%,kvB<=1k,kp<=16k,0.0647,2
2048,n<=64,sr<=40%,kvB<=1k,kp<=1k,0.0739,2
2048,n<=64,sr<=40%,kvB<=1k,kp<=2k,0.096,2
2048,n<=64,sr<=40%,kvB<=1k,kp<=32k,0.0638,2
2048,n<=64,sr<=40%,kvB<=1k,kp<=4k,0.099,2
2048,n<=64,sr<=40%,kvB<=1k,kp<=512,0.0937,2
2048,n<=64,sr<=40%,kvB<=1k,kp<=64k,0.1685,2
2048,n<=64,sr<=40%,kvB<=1k,kp<=8k,0.0246,2
2048,n<=64,sr<=40%,kvB<=1k,kp=0,0.0764,2
2048,n<=64,sr<=40%,kvB<=4k,kp<=16k,0.0129,2
2048,n<=64,sr<=40%,kvB<=4k,kp<=1k,-0.0064,2
2048,n<=64,sr<=40%,kvB<=4k,kp<=2k,-0.0074,2
2048,n<=64,sr<=40%,kvB<=4k,kp<=32k,0.0092,2
2048,n<=64,sr<=40%,kvB<=4k,kp<=4k,-0.0066,2
2048,n<=64,sr<=40%,kvB<=4k,kp<=512,-0.01,2
2048,n<=64,sr<=40%,kvB<=4k,kp<=64k,-0.0406,2
2048,n<=64,sr<=40%,kvB<=4k,kp<=8k,0.0116,2
2048,n<=64,sr<=40%,kvB<=4k,kp=0,-0.0005,2
2048,n<=64,sr<=40%,kvB<=64k,kp<=16k,0.004,2
2048,n<=64,sr<=40%,kvB<=64k,kp<=1k,0.0133,2
2048,n<=64,sr<=40%,kvB<=64k,kp<=2k,0.0113,2
2048,n<=64,sr<=40%,kvB<=64k,kp<=32k,-0.0012,2
2048,n<=64,sr<=40%,kvB<=64k,kp<=4k,0.0127,2
2048,n<=64,sr<=40%,kvB<=64k,kp<=512,0.014,2
2048,n<=64,sr<=40%,kvB<=64k,kp<=64k,0.0064,2
2048,n<=64,sr<=40%,kvB<=64k,kp<=8k,0.0102,2
2048,n<=64,sr<=40%,kvB<=64k,kp=0,0.0065,2
2048,n<=64,sr<=5%,kvB<=16k,kp<=16k,0.0287,6
2048,n<=64,sr<=5%,kvB<=16k,kp<=1k,0.027,6
2048,n<=64,sr<=5%,kvB<=16k,kp<=2k,0.026,6
2048,n<=64,sr<=5%,kvB<=16k,kp<=32k,0.026,6
2048,n<=64,sr<=5%,kvB<=16k,kp<=4k,0.0266,6
2048,n<=64,sr<=5%,kvB<=16k,kp<=512,0.0292,6
2048,n<=64,sr<=5%,kvB<=16k,kp<=64k,0.0287,6
2048,n<=64,sr<=5%,kvB<=16k,kp<=8k,0.0282,6
2048,n<=64,sr<=5%,kvB<=16k,kp=0,0.0286,6
2048,n<=64,sr<=5%,kvB<=1k,kp<=16k,-0.0106,6
2048,n<=64,sr<=5%,kvB<=1k,kp<=1k,0.0214,6
2048,n<=64,sr<=5%,kvB<=1k,kp<=2k,-0.0372,6
2048,n<=64,sr<=5%,kvB<=1k,kp<=32k,-0.0133,6
2048,n<=64,sr<=5%,kvB<=1k,kp<=4k,0.0056,6
2048,n<=64,sr<=5%,kvB<=1k,kp<=512,0.0171,6
2048,n<=64,sr<=5%,kvB<=1k,kp<=64k,-0.0287,6
2048,n<=64,sr<=5%,kvB<=1k,kp<=8k,0.0039,6
2048,n<=64,sr<=5%,kvB<=1k,kp=0,0.0251,6
2048,n<=64,sr<=5%,kvB<=4k,kp<=16k,0.0146,6
2048,n<=64,sr<=5%,kvB<=4k,kp<=1k,0.0215,6
2048,n<=64,sr<=5%,kvB<=4k,kp<=2k,0.0154,6
2048,n<=64,sr<=5%,kvB<=4k,kp<=32k,-0.0009,6
2048,n<=64,sr<=5%,kvB<=4k,kp<=4k,0.0057,6
2048,n<=64,sr<=5%,kvB<=4k,kp<=512,0.0156,6
2048,n<=64,sr<=5%,kvB<=4k,kp<=64k,-0.0191,6
2048,n<=64,sr<=5%,kvB<=4k,kp<=8k,0.0019,6
2048,n<=64,sr<=5%,kvB<=4k,kp=0,0.015,6
2048,n<=64,sr<=5%,kvB<=64k,kp<=16k,0.0291,6
2048,n<=64,sr<=5%,kvB<=64k,kp<=1k,0.0303,6
2048,n<=64,sr<=5%,kvB<=64k,kp<=2k,0.0298,6
2048,n<=64,sr<=5%,kvB<=64k,kp<=32k,0.0309,6
2048,n<=64,sr<=5%,kvB<=64k,kp<=4k,0.0306,6
2048,n<=64,sr<=5%,kvB<=64k,kp<=512,0.0283,6
2048,n<=64,sr<=5%,kvB<=64k,kp<=64k,0.0302,6
2048,n<=64,sr<=5%,kvB<=64k,kp<=8k,0.0317,6
2048,n<=64,sr<=5%,kvB<=64k,kp=0,0.0275,6
2048,n<=64,sr<=70%,kvB<=16k,kp<=16k,-0.0418,2
2048,n<=64,sr<=70%,kvB<=16k,kp<=1k,-0.0093,2
2048,n<=64,sr<=70%,kvB<=16k,kp<=2k,0.0023,2
2048,n<=64,sr<=70%,kvB<=16k,kp<=32k,0.0042,2
2048,n<=64,sr<=70%,kvB<=16k,kp<=4k,-0.0008,2
2048,n<=64,sr<=70%,kvB<=16k,kp<=512,0.0131,2
2048,n<=64,sr<=70%,kvB<=16k,kp<=64k,-0.0268,2
2048,n<=64,sr<=70%,kvB<=16k,kp<=8k,-0.0103,2
2048,n<=64,sr<=70%,kvB<=16k,kp=0,0.0117,2
2048,n<=64,sr<=70%,kvB<=1k,kp<=16k,0.0473,2
2048,n<=64,sr<=70%,kvB<=1k,kp<=1k,0.0835,2
2048,n<=64,sr<=70%,kvB<=1k,kp<=2k,0.178,2
2048,n<=64,sr<=70%,kvB<=1k,kp<=32k,-0.169,2
2048,n<=64,sr<=70%,kvB<=1k,kp<=4k,-0.0579,2
2048,n<=64,sr<=70%,kvB<=1k,kp<=512,0.0437,2
2048,n<=64,sr<=70%,kvB<=1k,kp<=64k,-0.0152,2
2048,n<=64,sr<=70%,kvB<=1k,kp<=8k,-0.0007,2
2048,n<=64,sr<=70%,kvB<=1k,kp=0,0.0751,2
2048,n<=64,sr<=70%,kvB<=4k,kp<=16k,-0.0231,2
2048,n<=64,sr<=70%,kvB<=4k,kp<=1k,-0.0175,2
2048,n<=64,sr<=70%,kvB<=4k,kp<=2k,-0.0622,2
2048,n<=64,sr<=70%,kvB<=4k,kp<=32k,-0.0174,2
2048,n<=64,sr<=70%,kvB<=4k,kp<=4k,-0.0341,2
2048,n<=64,sr<=70%,kvB<=4k,kp<=512,0.0062,2
2048,n<=64,sr<=70%,kvB<=4k,kp<=64k,-0.0269,2
2048,n<=64,sr<=70%,kvB<=4k,kp<=8k,-0.0306,2
2048,n<=64,sr<=70%,kvB<=4k,kp=0,0.005,2
2048,n<=64,sr<=70%,kvB<=64k,kp<=16k,-0.0398,2
2048,n<=64,sr<=70%,kvB<=64k,kp<=1k,-0.0305,2
2048,n<=64,sr<=70%,kvB<=64k,kp<=2k,-0.0356,2
2048,n<=64,sr<=70%,kvB<=64k,kp<=32k,-0.0246,2
2048,n<=64,sr<=70%,kvB<=64k,kp<=4k,-0.0256,2
2048,n<=64,sr<=70%,kvB<=64k,kp<=512,-0.0397,2
2048,n<=64,sr<=70%,kvB<=64k,kp<=64k,-0.0455,2
2048,n<=64,sr<=70%,kvB<=64k,kp<=8k,-0.0339,2
2048,n<=64,sr<=70%,kvB<=64k,kp=0,-0.0242,2
2048,n<=64,sr>70%,kvB<=16k,kp<=16k,0.0819,4
2048,n<=64,sr>70%,kvB<=16k,kp<=1k,0.0334,4
2048,n<=64,sr>70%,kvB<=16k,kp<=2k,0.0095,4
2048,n<=64,sr>70%,kvB<=16k,kp<=32k,0.0673,4
2048,n<=64,sr>70%,kvB<=16k,kp<=4k,0.042,4
2048,n<=64,sr>70%,kvB<=16k,kp<=512,0.0259,4
2048,n<=64,sr>70%,kvB<=16k,kp<=64k,0.0074,4
2048,n<=64,sr>70%,kvB<=16k,kp<=8k,0.0609,4
2048,n<=64,sr>70%,kvB<=16k,kp=0,0.0542,4
2048,n<=64,sr>70%,kvB<=1k,kp<=16k,0.2679,4
2048,n<=64,sr>70%,kvB<=1k,kp<=1k,0.3109,4
2048,n<=64,sr>70%,kvB<=1k,kp<=2k,0.4556,4
2048,n<=64,sr>70%,kvB<=1k,kp<=32k,0.2627,4
2048,n<=64,sr>70%,kvB<=1k,kp<=4k,0.2206,4
2048,n<=64,sr>70%,kvB<=1k,kp<=512,0.3972,4
2048,n<=64,sr>70%,kvB<=1k,kp<=64k,0.1913,4
2048,n<=64,sr>70%,kvB<=1k,kp<=8k,0.3761,4
2048,n<=64,sr>70%,kvB<=1k,kp=0,0.3412,4
2048,n<=64,sr>70%,kvB<=4k,kp<=16k,0.0274,4
2048,n<=64,sr>70%,kvB<=4k,kp<=1k,0.0434,4
2048,n<=64,sr>70%,kvB<=4k,kp<=2k,0.0649,4
2048,n<=64,sr>70%,kvB<=4k,kp<=32k,0.1715,4
2048,n<=64,sr>70%,kvB<=4k,kp<=4k,0.0937,4
2048,n<=64,sr>70%,kvB<=4k,kp<=512,0.1004,4
2048,n<=64,sr>70%,kvB<=4k,kp<=64k,-0.0087,4
2048,n<=64,sr>70%,kvB<=4k,kp<=8k,0.0935,4
2048,n<=64,sr>70%,kvB<=4k,kp=0,0.0839,4
2048,n<=64,sr>70%,kvB<=64k,kp<=16k,-0.0263,4
2048,n<=64,sr>70%,kvB<=64k,kp<=1k,-0.0299,4
2048,n<=64,sr>70%,kvB<=64k,kp<=2k,-0.0242,4
2048,n<=64,sr>70%,kvB<=64k,kp<=32k,-0.0281,4
2048,n<=64,sr>70%,kvB<=64k,kp<=4k,0.0134,4
2048,n<=64,sr>70%,kvB<=64k,kp<=512,-0.0198,4
2048,n<=64,sr>70%,kvB<=64k,kp<=64k,-0.0425,4
2048,n<=64,sr>70%,kvB<=64k,kp<=8k,0.0392,4
2048,n<=64,sr>70%,kvB<=64k,kp=0,-0.0247,4
2048,n<=8,sr<=15%,kvB<=16k,kp<=16k,0.3473,2
2048,n<=8,sr<=15%,kvB<=16k,kp<=1k,0.3596,2
2048,n<=8,sr<=15%,kvB<=16k,kp<=2k,0.3499,2
2048,n<=8,sr<=15%,kvB<=16k,kp<=32k,0.3626,2
2048,n<=8,sr<=15%,kvB<=16k,kp<=4k,0.3428,2
2048,n<=8,sr<=15%,kvB<=16k,kp<=512,0.3524,2
2048,n<=8,sr<=15%,kvB<=16k,kp<=64k,0.3209,2
2048,n<=8,sr<=15%,kvB<=16k,kp<=8k,0.3233,2
2048,n<=8,sr<=15%,kvB<=16k,kp=0,0.3527,2
2048,n<=8,sr<=15%,kvB<=1k,kp<=16k,0.2958,2
2048,n<=8,sr<=15%,kvB<=1k,kp<=1k,0.4627,2
2048,n<=8,sr<=15%,kvB<=1k,kp<=2k,0.0183,2
2048,n<=8,sr<=15%,kvB<=1k,kp<=32k,0.4697,2
2048,n<=8,sr<=15%,kvB<=1k,kp<=4k,0.0264,2
2048,n<=8,sr<=15%,kvB<=1k,kp<=512,0.3035,2
2048,n<=8,sr<=15%,kvB<=1k,kp<=64k,-0.1266,2
2048,n<=8,sr<=15%,kvB<=1k,kp<=8k,0.2702,2
2048,n<=8,sr<=15%,kvB<=1k,kp=0,0.3818,2
2048,n<=8,sr<=15%,kvB<=4k,kp<=16k,0.3227,2
2048,n<=8,sr<=15%,kvB<=4k,kp<=1k,0.3004,2
2048,n<=8,sr<=15%,kvB<=4k,kp<=2k,0.2244,2
2048,n<=8,sr<=15%,kvB<=4k,kp<=32k,0.4788,2
2048,n<=8,sr<=15%,kvB<=4k,kp<=4k,0.1744,2
2048,n<=8,sr<=15%,kvB<=4k,kp<=512,0.2828,2
2048,n<=8,sr<=15%,kvB<=4k,kp<=64k,0.1852,2
2048,n<=8,sr<=15%,kvB<=4k,kp<=8k,0.2884,2
2048,n<=8,sr<=15%,kvB<=4k,kp=0,0.2877,2
2048,n<=8,sr<=15%,kvB<=64k,kp<=16k,0.4154,2
2048,n<=8,sr<=15%,kvB<=64k,kp<=1k,0.4102,2
2048,n<=8,sr<=15%,kvB<=64k,kp<=2k,0.4103,2
2048,n<=8,sr<=15%,kvB<=64k,kp<=32k,0.4141,2
2048,n<=8,sr<=15%,kvB<=64k,kp<=4k,0.4049,2
2048,n<=8,sr<=15%,kvB<=64k,kp<=512,0.4052,2
2048,n<=8,sr<=15%,kvB<=64k,kp<=64k,0.3953,2
2048,n<=8,sr<=15%,kvB<=64k,kp<=8k,0.4185,2
2048,n<=8,sr<=15%,kvB<=64k,kp=0,0.405,2
2048,n<=8,sr<=40%,kvB<=16k,kp<=16k,0.2548,4
2048,n<=8,sr<=40%,kvB<=16k,kp<=1k,0.2265,4
2048,n<=8,sr<=40%,kvB<=16k,kp<=2k,0.2449,4
2048,n<=8,sr<=40%,kvB<=16k,kp<=32k,0.2711,4
2048,n<=8,sr<=40%,kvB<=16k,kp<=4k,0.1976,4
2048,n<=8,sr<=40%,kvB<=16k,kp<=512,0.2405,4
2048,n<=8,sr<=40%,kvB<=16k,kp<=64k,0.2438,4
2048,n<=8,sr<=40%,kvB<=16k,kp<=8k,0.2334,4
2048,n<=8,sr<=40%,kvB<=16k,kp=0,0.2513,4
2048,n<=8,sr<=40%,kvB<=1k,kp<=16k,0.0872,4
2048,n<=8,sr<=40%,kvB<=1k,kp<=1k,0.4164,4
2048,n<=8,sr<=40%,kvB<=1k,kp<=2k,0.0088,4
2048,n<=8,sr<=40%,kvB<=1k,kp<=32k,0.4119,4
2048,n<=8,sr<=40%,kvB<=1k,kp<=4k,-0.1493,4
2048,n<=8,sr<=40%,kvB<=1k,kp<=512,0.4158,4
2048,n<=8,sr<=40%,kvB<=1k,kp<=64k,0.5909,3
2048,n<=8,sr<=40%,kvB<=1k,kp<=8k,0.1556,4
2048,n<=8,sr<=40%,kvB<=1k,kp=0,0.3785,4
2048,n<=8,sr<=40%,kvB<=4k,kp<=16k,0.1095,4
2048,n<=8,sr<=40%,kvB<=4k,kp<=1k,0.2521,4
2048,n<=8,sr<=40%,kvB<=4k,kp<=2k,0.2026,4
2048,n<=8,sr<=40%,kvB<=4k,kp<=32k,0.2787,4
2048,n<=8,sr<=40%,kvB<=4k,kp<=4k,0.1321,4
2048,n<=8,sr<=40%,kvB<=4k,kp<=512,0.2617,4
2048,n<=8,sr<=40%,kvB<=4k,kp<=64k,0.4289,3
2048,n<=8,sr<=40%,kvB<=4k,kp<=8k,0.211,4
2048,n<=8,sr<=40%,kvB<=4k,kp=0,0.2663,4
2048,n<=8,sr<=40%,kvB<=64k,kp<=16k,0.2999,4
2048,n<=8,sr<=40%,kvB<=64k,kp<=1k,0.3041,4
2048,n<=8,sr<=40%,kvB<=64k,kp<=2k,0.3051,4
2048,n<=8,sr<=40%,kvB<=64k,kp<=32k,0.2983,4
2048,n<=8,sr<=40%,kvB<=64k,kp<=4k,0.3049,4
2048,n<=8,sr<=40%,kvB<=64k,kp<=512,0.3002,4
2048,n<=8,sr<=40%,kvB<=64k,kp<=64k,0.3145,4
2048,n<=8,sr<=40%,kvB<=64k,kp<=8k,0.3048,4
2048,n<=8,sr<=40%,kvB<=64k,kp=0,0.3001,4
2048,n<=8,sr<=70%,kvB<=16k,kp<=16k,0.1419,2
2048,n<=8,sr<=70%,kvB<=16k,kp<=1k,0.1064,2
2048,n<=8,sr<=70%,kvB<=16k,kp<=2k,0.1991,2
2048,n<=8,sr<=70%,kvB<=16k,kp<=32k,0.1333,2
2048,n<=8,sr<=70%,kvB<=16k,kp<=4k,0.086,2
2048,n<=8,sr<=70%,kvB<=16k,kp<=512,0.1288,2
2048,n<=8,sr<=70%,kvB<=16k,kp<=64k,0.2157,2
2048,n<=8,sr<=70%,kvB<=16k,kp<=8k,0.083,2
2048,n<=8,sr<=70%,kvB<=16k,kp=0,0.1122,2
2048,n<=8,sr<=70%,kvB<=1k,kp<=16k,-0.1892,2
2048,n<=8,sr<=70%,kvB<=1k,kp<=1k,0.2504,2
2048,n<=8,sr<=70%,kvB<=1k,kp<=2k,-1.8754,2
2048,n<=8,sr<=70%,kvB<=1k,kp<=32k,0.1633,2
2048,n<=8,sr<=70%,kvB<=1k,kp<=4k,-0.301,2
2048,n<=8,sr<=70%,kvB<=1k,kp<=512,0.3487,2
2048,n<=8,sr<=70%,kvB<=1k,kp<=64k,0.1487,2
2048,n<=8,sr<=70%,kvB<=1k,kp<=8k,0.6213,1
2048,n<=8,sr<=70%,kvB<=1k,kp=0,0.1486,2
2048,n<=8,sr<=70%,kvB<=4k,kp<=16k,0.0844,2
2048,n<=8,sr<=70%,kvB<=4k,kp<=1k,0.1902,2
2048,n<=8,sr<=70%,kvB<=4k,kp<=2k,0.253,2
2048,n<=8,sr<=70%,kvB<=4k,kp<=32k,0.2116,2
2048,n<=8,sr<=70%,kvB<=4k,kp<=4k,-0.0217,2
2048,n<=8,sr<=70%,kvB<=4k,kp<=512,0.2384,2
2048,n<=8,sr<=70%,kvB<=4k,kp<=64k,0.4747,2
2048,n<=8,sr<=70%,kvB<=4k,kp<=8k,0.0499,2
2048,n<=8,sr<=70%,kvB<=4k,kp=0,0.2175,2
2048,n<=8,sr<=70%,kvB<=64k,kp<=16k,0.1862,2
2048,n<=8,sr<=70%,kvB<=64k,kp<=1k,0.1777,2
2048,n<=8,sr<=70%,kvB<=64k,kp<=2k,0.1833,2
2048,n<=8,sr<=70%,kvB<=64k,kp<=32k,0.1832,2
2048,n<=8,sr<=70%,kvB<=64k,kp<=4k,0.1702,2
2048,n<=8,sr<=70%,kvB<=64k,kp<=512,0.1751,2
2048,n<=8,sr<=70%,kvB<=64k,kp<=64k,0.154,2
2048,n<=8,sr<=70%,kvB<=64k,kp<=8k,0.1976,2
2048,n<=8,sr<=70%,kvB<=64k,kp=0,0.1715,2
2048,n<=8,sr>70%,kvB<=16k,kp<=16k,0.0208,4
2048,n<=8,sr>70%,kvB<=16k,kp<=1k,0.1058,4
2048,n<=8,sr>70%,kvB<=16k,kp<=2k,0.1205,4
2048,n<=8,sr>70%,kvB<=16k,kp<=32k,0.1618,4
2048,n<=8,sr>70%,kvB<=16k,kp<=4k,0.1122,4
2048,n<=8,sr>70%,kvB<=16k,kp<=512,0.0697,4
2048,n<=8,sr>70%,kvB<=16k,kp<=64k,0.2912,4
2048,n<=8,sr>70%,kvB<=16k,kp<=8k,0.0349,4
2048,n<=8,sr>70%,kvB<=16k,kp=0,0.0162,4
2048,n<=8,sr>70%,kvB<=1k,kp<=16k,0.5365,3
2048,n<=8,sr>70%,kvB<=1k,kp<=1k,0.5282,4
2048,n<=8,sr>70%,kvB<=1k,kp<=2k,-0.311,3
2048,n<=8,sr>70%,kvB<=1k,kp<=32k,0.8757,3
2048,n<=8,sr>70%,kvB<=1k,kp<=4k,-0.16,4
2048,n<=8,sr>70%,kvB<=1k,kp<=512,0.52,4
2048,n<=8,sr>70%,kvB<=1k,kp<=64k,-0.2491,2
2048,n<=8,sr>70%,kvB<=1k,kp<=8k,0.1983,2
2048,n<=8,sr>70%,kvB<=1k,kp=0,0.7855,4
2048,n<=8,sr>70%,kvB<=4k,kp<=16k,0.0884,4
2048,n<=8,sr>70%,kvB<=4k,kp<=1k,0.2016,4
2048,n<=8,sr>70%,kvB<=4k,kp<=2k,0.0067,4
2048,n<=8,sr>70%,kvB<=4k,kp<=32k,0.2058,4
2048,n<=8,sr>70%,kvB<=4k,kp<=4k,-0.2728,4
2048,n<=8,sr>70%,kvB<=4k,kp<=512,0.1931,4
2048,n<=8,sr>70%,kvB<=4k,kp<=64k,0.5612,4
2048,n<=8,sr>70%,kvB<=4k,kp<=8k,-0.0617,4
2048,n<=8,sr>70%,kvB<=4k,kp=0,0.1759,4
2048,n<=8,sr>70%,kvB<=64k,kp<=16k,0.1057,4
2048,n<=8,sr>70%,kvB<=64k,kp<=1k,0.0741,4
2048,n<=8,sr>70%,kvB<=64k,kp<=2k,0.0655,4
2048,n<=8,sr>70%,kvB<=64k,kp<=32k,0.0374,4
2048,n<=8,sr>70%,kvB<=64k,kp<=4k,0.0781,4
2048,n<=8,sr>70%,kvB<=64k,kp<=512,0.0521,4
2048,n<=8,sr>70%,kvB<=64k,kp<=64k,-0.0754,4
2048,n<=8,sr>70%,kvB<=64k,kp<=8k,0.0452,4
2048,n<=8,sr>70%,kvB<=64k,kp=0,0.0567,4
4096,n<=16,sr<=15%,kvB<=16k,kp<=16k,0.416,4
4096,n<=16,sr<=15%,kvB<=16k,kp<=1k,0.3992,4
4096,n<=16,sr<=15%,kvB<=16k,kp<=2k,0.4098,4
4096,n<=16,sr<=15%,kvB<=16k,kp<=32k,0.4139,4
4096,n<=16,sr<=15%,kvB<=16k,kp<=4k,0.4004,4
4096,n<=16,sr<=15%,kvB<=16k,kp<=512,0.3924,4
4096,n<=16,sr<=15%,kvB<=16k,kp<=64k,0.3414,4
4096,n<=16,sr<=15%,kvB<=16k,kp<=8k,0.4085,4
4096,n<=16,sr<=15%,kvB<=16k,kp=0,0.3867,4
4096,n<=16,sr<=15%,kvB<=1k,kp<=16k,0.5083,4
4096,n<=16,sr<=15%,kvB<=1k,kp<=1k,0.2402,4
4096,n<=16,sr<=15%,kvB<=1k,kp<=2k,0.3021,4
4096,n<=16,sr<=15%,kvB<=1k,kp<=32k,0.3483,4
4096,n<=16,sr<=15%,kvB<=1k,kp<=4k,0.3398,4
4096,n<=16,sr<=15%,kvB<=1k,kp<=512,0.2743,4
4096,n<=16,sr<=15%,kvB<=1k,kp<=64k,0.7198,3
4096,n<=16,sr<=15%,kvB<=1k,kp<=8k,0.1088,4
4096,n<=16,sr<=15%,kvB<=1k,kp=0,0.2516,4
4096,n<=16,sr<=15%,kvB<=4k,kp<=16k,0.3518,4
4096,n<=16,sr<=15%,kvB<=4k,kp<=1k,0.3173,4
4096,n<=16,sr<=15%,kvB<=4k,kp<=2k,0.3348,4
4096,n<=16,sr<=15%,kvB<=4k,kp<=32k,0.3153,4
4096,n<=16,sr<=15%,kvB<=4k,kp<=4k,0.3264,4
4096,n<=16,sr<=15%,kvB<=4k,kp<=512,0.3214,4
4096,n<=16,sr<=15%,kvB<=4k,kp<=64k,0.3505,4
4096,n<=16,sr<=15%,kvB<=4k,kp<=8k,0.3112,4
4096,n<=16,sr<=15%,kvB<=4k,kp=0,0.337,4
4096,n<=16,sr<=15%,kvB<=64k,kp<=16k,0.4339,4
4096,n<=16,sr<=15%,kvB<=64k,kp<=1k,0.429,4
4096,n<=16,sr<=15%,kvB<=64k,kp<=2k,0.4303,4
4096,n<=16,sr<=15%,kvB<=64k,kp<=32k,0.4293,4
4096,n<=16,sr<=15%,kvB<=64k,kp<=4k,0.4337,4
4096,n<=16,sr<=15%,kvB<=64k,kp<=512,0.4336,4
4096,n<=16,sr<=15%,kvB<=64k,kp<=64k,0.4352,4
4096,n<=16,sr<=15%,kvB<=64k,kp<=8k,0.4346,4
4096,n<=16,sr<=15%,kvB<=64k,kp=0,0.4304,4
4096,n<=16,sr<=40%,kvB<=16k,kp<=16k,0.3381,4
4096,n<=16,sr<=40%,kvB<=16k,kp<=1k,0.3215,4
4096,n<=16,sr<=40%,kvB<=16k,kp<=2k,0.3234,4
4096,n<=16,sr<=40%,kvB<=16k,kp<=32k,0.3455,4
4096,n<=16,sr<=40%,kvB<=16k,kp<=4k,0.3147,4
4096,n<=16,sr<=40%,kvB<=16k,kp<=512,0.3095,4
4096,n<=16,sr<=40%,kvB<=16k,kp<=64k,0.3072,4
4096,n<=16,sr<=40%,kvB<=16k,kp<=8k,0.3311,4
4096,n<=16,sr<=40%,kvB<=16k,kp=0,0.319,4
4096,n<=16,sr<=40%,kvB<=1k,kp<=16k,0.3156,4
4096,n<=16,sr<=40%,kvB<=1k,kp<=1k,0.2576,4
4096,n<=16,sr<=40%,kvB<=1k,kp<=2k,0.3303,4
4096,n<=16,sr<=40%,kvB<=1k,kp<=32k,-0.1201,3
4096,n<=16,sr<=40%,kvB<=1k,kp<=4k,0.3275,4
4096,n<=16,sr<=40%,kvB<=1k,kp<=512,0.2787,4
4096,n<=16,sr<=40%,kvB<=1k,kp<=64k,-0.4048,3
4096,n<=16,sr<=40%,kvB<=1k,kp<=8k,0.1933,4
4096,n<=16,sr<=40%,kvB<=1k,kp=0,0.2713,4
4096,n<=16,sr<=40%,kvB<=4k,kp<=16k,0.3249,4
4096,n<=16,sr<=40%,kvB<=4k,kp<=1k,0.3012,4
4096,n<=16,sr<=40%,kvB<=4k,kp<=2k,0.2898,4
4096,n<=16,sr<=40%,kvB<=4k,kp<=32k,0.2084,4
4096,n<=16,sr<=40%,kvB<=4k,kp<=4k,0.2622,4
4096,n<=16,sr<=40%,kvB<=4k,kp<=512,0.2855,4
4096,n<=16,sr<=40%,kvB<=4k,kp<=64k,0.3682,4
4096,n<=16,sr<=40%,kvB<=4k,kp<=8k,0.268,4
4096,n<=16,sr<=40%,kvB<=4k,kp=0,0.2953,4
4096,n<=16,sr<=40%,kvB<=64k,kp<=16k,0.3668,4
4096,n<=16,sr<=40%,kvB<=64k,kp<=1k,0.362,4
4096,n<=16,sr<=40%,kvB<=64k,kp<=2k,0.3617,4
4096,n<=16,sr<=40%,kvB<=64k,kp<=32k,0.3609,4
4096,n<=16,sr<=40%,kvB<=64k,kp<=4k,0.3631,4
4096,n<=16,sr<=40%,kvB<=64k,kp<=512,0.3644,4
4096,n<=16,sr<=40%,kvB<=64k,kp<=64k,0.354,4
4096,n<=16,sr<=40%,kvB<=64k,kp<=8k,0.364,4
4096,n<=16,sr<=40%,kvB<=64k,kp=0,0.3607,4
4096,n<=16,sr<=70%,kvB<=16k,kp<=16k,0.1413,2
4096,n<=16,sr<=70%,kvB<=16k,kp<=1k,0.1262,2
4096,n<=16,sr<=70%,kvB<=16k,kp<=2k,0.1079,2
4096,n<=16,sr<=70%,kvB<=16k,kp<=32k,0.1162,2
4096,n<=16,sr<=70%,kvB<=16k,kp<=4k,0.1138,2
4096,n<=16,sr<=70%,kvB<=16k,kp<=512,0.1499,2
4096,n<=16,sr<=70%,kvB<=16k,kp<=64k,0.3118,2
4096,n<=16,sr<=70%,kvB<=16k,kp<=8k,0.1525,2
4096,n<=16,sr<=70%,kvB<=16k,kp=0,0.1143,2
4096,n<=16,sr<=70%,kvB<=1k,kp<=16k,0.9934,2
4096,n<=16,sr<=70%,kvB<=1k,kp<=1k,0.2692,2
4096,n<=16,sr<=70%,kvB<=1k,kp<=2k,0.2259,2
4096,n<=16,sr<=70%,kvB<=1k,kp<=32k,0.9766,2
4096,n<=16,sr<=70%,kvB<=1k,kp<=4k,0.2627,2
4096,n<=16,sr<=70%,kvB<=1k,kp<=512,-0.0178,2
4096,n<=16,sr<=70%,kvB<=1k,kp<=64k,2.7926,2
4096,n<=16,sr<=70%,kvB<=1k,kp<=8k,0.4821,2
4096,n<=16,sr<=70%,kvB<=1k,kp=0,-0.0483,2
4096,n<=16,sr<=70%,kvB<=4k,kp<=16k,0.0374,2
4096,n<=16,sr<=70%,kvB<=4k,kp<=1k,0.1193,2
4096,n<=16,sr<=70%,kvB<=4k,kp<=2k,0.1494,2
4096,n<=16,sr<=70%,kvB<=4k,kp<=32k,0.1327,2
4096,n<=16,sr<=70%,kvB<=4k,kp<=4k,0.0914,2
4096,n<=16,sr<=70%,kvB<=4k,kp<=512,0.1767,2
4096,n<=16,sr<=70%,kvB<=4k,kp<=64k,0.1586,2
4096,n<=16,sr<=70%,kvB<=4k,kp<=8k,0.0885,2
4096,n<=16,sr<=70%,kvB<=4k,kp=0,0.1809,2
4096,n<=16,sr<=70%,kvB<=64k,kp<=16k,0.1912,2
4096,n<=16,sr<=70%,kvB<=64k,kp<=1k,0.189,2
4096,n<=16,sr<=70%,kvB<=64k,kp<=2k,0.1801,2
4096,n<=16,sr<=70%,kvB<=64k,kp<=32k,0.1607,2
4096,n<=16,sr<=70%,kvB<=64k,kp<=4k,0.1677,2
4096,n<=16,sr<=70%,kvB<=64k,kp<=512,0.1799,2
4096,n<=16,sr<=70%,kvB<=64k,kp<=64k,0.1545,2
4096,n<=16,sr<=70%,kvB<=64k,kp<=8k,0.18,2
4096,n<=16,sr<=70%,kvB<=64k,kp=0,0.1769,2
4096,n<=16,sr>70%,kvB<=16k,kp<=16k,0.0234,4
4096,n<=16,sr>70%,kvB<=16k,kp<=1k,0.0653,4
4096,n<=16,sr>70%,kvB<=16k,kp<=2k,0.0191,4
4096,n<=16,sr>70%,kvB<=16k,kp<=32k,0.0011,4
4096,n<=16,sr>70%,kvB<=16k,kp<=4k,0.0672,4
4096,n<=16,sr>70%,kvB<=16k,kp<=512,0.0044,4
4096,n<=16,sr>70%,kvB<=16k,kp<=64k,0.1656,4
4096,n<=16,sr>70%,kvB<=16k,kp<=8k,-0.0221,4
4096,n<=16,sr>70%,kvB<=16k,kp=0,0.103,4
4096,n<=16,sr>70%,kvB<=1k,kp<=16k,-0.0852,3
4096,n<=16,sr>70%,kvB<=1k,kp<=1k,0.216,4
4096,n<=16,sr>70%,kvB<=1k,kp<=2k,0.3449,4
4096,n<=16,sr>70%,kvB<=1k,kp<=32k,0.6145,2
4096,n<=16,sr>70%,kvB<=1k,kp<=4k,-0.4335,3
4096,n<=16,sr>70%,kvB<=1k,kp<=512,0.5277,4
4096,n<=16,sr>70%,kvB<=1k,kp<=64k,-3.7161,2
4096,n<=16,sr>70%,kvB<=1k,kp<=8k,-0.1136,4
4096,n<=16,sr>70%,kvB<=1k,kp=0,0.2085,4
4096,n<=16,sr>70%,kvB<=4k,kp<=16k,0.2132,3
4096,n<=16,sr>70%,kvB<=4k,kp<=1k,0.0298,4
4096,n<=16,sr>70%,kvB<=4k,kp<=2k,0.1708,4
4096,n<=16,sr>70%,kvB<=4k,kp<=32k,0.1718,3
4096,n<=16,sr>70%,kvB<=4k,kp<=4k,0.0358,4
4096,n<=16,sr>70%,kvB<=4k,kp<=512,0.0502,4
4096,n<=16,sr>70%,kvB<=4k,kp<=64k,0.6927,3
4096,n<=16,sr>70%,kvB<=4k,kp<=8k,0.1283,4
4096,n<=16,sr>70%,kvB<=4k,kp=0,-0.0186,4
4096,n<=16,sr>70%,kvB<=64k,kp<=16k,0.0685,4
4096,n<=16,sr>70%,kvB<=64k,kp<=1k,0.0583,4
4096,n<=16,sr>70%,kvB<=64k,kp<=2k,0.0685,4
4096,n<=16,sr>70%,kvB<=64k,kp<=32k,0.0755,4
4096,n<=16,sr>70%,kvB<=64k,kp<=4k,0.0535,4
4096,n<=16,sr>70%,kvB<=64k,kp<=512,0.0637,4
4096,n<=16,sr>70%,kvB<=64k,kp<=64k,0.0666,4
4096,n<=16,sr>70%,kvB<=64k,kp<=8k,0.0573,4
4096,n<=16,sr>70%,kvB<=64k,kp=0,0.0599,4
4096,n<=2,sr<=70%,kvB<=16k,kp<=16k,-0.3518,2
4096,n<=2,sr<=70%,kvB<=16k,kp<=1k,0.2061,2
4096,n<=2,sr<=70%,kvB<=16k,kp<=2k,0.1637,2
4096,n<=2,sr<=70%,kvB<=16k,kp<=32k,0.2752,2
4096,n<=2,sr<=70%,kvB<=16k,kp<=4k,0.2315,2
4096,n<=2,sr<=70%,kvB<=16k,kp<=512,0.1,2
4096,n<=2,sr<=70%,kvB<=16k,kp<=64k,0.7825,2
4096,n<=2,sr<=70%,kvB<=16k,kp<=8k,0.2469,2
4096,n<=2,sr<=70%,kvB<=16k,kp=0,0.1516,2
4096,n<=2,sr<=70%,kvB<=1k,kp<=16k,2.3132,2
4096,n<=2,sr<=70%,kvB<=1k,kp<=1k,-0.2328,2
4096,n<=2,sr<=70%,kvB<=1k,kp<=2k,2.3514,1
4096,n<=2,sr<=70%,kvB<=1k,kp<=32k,0.7105,1
4096,n<=2,sr<=70%,kvB<=1k,kp<=4k,0.8648,2
4096,n<=2,sr<=70%,kvB<=1k,kp<=512,2.1083,1
4096,n<=2,sr<=70%,kvB<=1k,kp<=64k,0.3048,1
4096,n<=2,sr<=70%,kvB<=1k,kp=0,1.0911,1
4096,n<=2,sr<=70%,kvB<=4k,kp<=16k,-0.5355,2
4096,n<=2,sr<=70%,kvB<=4k,kp<=1k,0.3924,2
4096,n<=2,sr<=70%,kvB<=4k,kp<=2k,-1.7629,2
4096,n<=2,sr<=70%,kvB<=4k,kp<=32k,2.049,2
4096,n<=2,sr<=70%,kvB<=4k,kp<=4k,-5.33,1
4096,n<=2,sr<=70%,kvB<=4k,kp<=512,-0.9345,2
4096,n<=2,sr<=70%,kvB<=4k,kp<=64k,-0.0782,2
4096,n<=2,sr<=70%,kvB<=4k,kp<=8k,0.1741,2
4096,n<=2,sr<=70%,kvB<=4k,kp=0,0.3532,2
4096,n<=2,sr<=70%,kvB<=64k,kp<=16k,0.054,2
4096,n<=2,sr<=70%,kvB<=64k,kp<=1k,0.0377,2
4096,n<=2,sr<=70%,kvB<=64k,kp<=2k,0.036,2
4096,n<=2,sr<=70%,kvB<=64k,kp<=32k,-0.0134,2
4096,n<=2,sr<=70%,kvB<=64k,kp<=4k,0.0445,2
4096,n<=2,sr<=70%,kvB<=64k,kp<=512,0.0382,2
4096,n<=2,sr<=70%,kvB<=64k,kp<=64k,0.2138,2
4096,n<=2,sr<=70%,kvB<=64k,kp<=8k,0.028,2
4096,n<=2,sr<=70%,kvB<=64k,kp=0,0.0576,2
4096,n<=32,sr<=15%,kvB<=16k,kp<=16k,0.1726,6
4096,n<=32,sr<=15%,kvB<=16k,kp<=1k,0.1724,6
4096,n<=32,sr<=15%,kvB<=16k,kp<=2k,0.1755,6
4096,n<=32,sr<=15%,kvB<=16k,kp<=32k,0.1648,6
4096,n<=32,sr<=15%,kvB<=16k,kp<=4k,0.1652,6
4096,n<=32,sr<=15%,kvB<=16k,kp<=512,0.1715,6
4096,n<=32,sr<=15%,kvB<=16k,kp<=64k,0.1584,6
4096,n<=32,sr<=15%,kvB<=16k,kp<=8k,0.1686,6
4096,n<=32,sr<=15%,kvB<=16k,kp=0,0.1728,6
4096,n<=32,sr<=15%,kvB<=1k,kp<=16k,0.0644,6
4096,n<=32,sr<=15%,kvB<=1k,kp<=1k,0.1332,6
4096,n<=32,sr<=15%,kvB<=1k,kp<=2k,0.1113,6
4096,n<=32,sr<=15%,kvB<=1k,kp<=32k,0.0534,6
4096,n<=32,sr<=15%,kvB<=1k,kp<=4k,0.1373,6
4096,n<=32,sr<=15%,kvB<=1k,kp<=512,0.1049,6
4096,n<=32,sr<=15%,kvB<=1k,kp<=64k,0.0266,6
4096,n<=32,sr<=15%,kvB<=1k,kp<=8k,0.1296,6
4096,n<=32,sr<=15%,kvB<=1k,kp=0,0.1078,6
4096,n<=32,sr<=15%,kvB<=4k,kp<=16k,0.163,6
4096,n<=32,sr<=15%,kvB<=4k,kp<=1k,0.1473,6
4096,n<=32,sr<=15%,kvB<=4k,kp<=2k,0.1666,6
4096,n<=32,sr<=15%,kvB<=4k,kp<=32k,0.1882,6
4096,n<=32,sr<=15%,kvB<=4k,kp<=4k,0.1462,6
4096,n<=32,sr<=15%,kvB<=4k,kp<=512,0.1508,6
4096,n<=32,sr<=15%,kvB<=4k,kp<=64k,0.2282,6
4096,n<=32,sr<=15%,kvB<=4k,kp<=8k,0.1521,6
4096,n<=32,sr<=15%,kvB<=4k,kp=0,0.158,6
4096,n<=32,sr<=15%,kvB<=64k,kp<=16k,0.1721,6
4096,n<=32,sr<=15%,kvB<=64k,kp<=1k,0.1706,6
4096,n<=32,sr<=15%,kvB<=64k,kp<=2k,0.172,6
4096,n<=32,sr<=15%,kvB<=64k,kp<=32k,0.1702,6
4096,n<=32,sr<=15%,kvB<=64k,kp<=4k,0.1723,6
4096,n<=32,sr<=15%,kvB<=64k,kp<=512,0.1724,6
4096,n<=32,sr<=15%,kvB<=64k,kp<=64k,0.1731,6
4096,n<=32,sr<=15%,kvB<=64k,kp<=8k,0.1745,6
4096,n<=32,sr<=15%,kvB<=64k,kp=0,0.1698,6
4096,n<=32,sr<=40%,kvB<=16k,kp<=16k,0.0724,2
4096,n<=32,sr<=40%,kvB<=16k,kp<=1k,0.0727,2
4096,n<=32,sr<=40%,kvB<=16k,kp<=2k,0.0852,2
4096,n<=32,sr<=40%,kvB<=16k,kp<=32k,0.0554,2
4096,n<=32,sr<=40%,kvB<=16k,kp<=4k,0.0776,2
4096,n<=32,sr<=40%,kvB<=16k,kp<=512,0.0806,2
4096,n<=32,sr<=40%,kvB<=16k,kp<=64k,0.0795,2
4096,n<=32,sr<=40%,kvB<=16k,kp<=8k,0.0746,2
4096,n<=32,sr<=40%,kvB<=16k,kp=0,0.0724,2
4096,n<=32,sr<=40%,kvB<=1k,kp<=16k,0.2467,2
4096,n<=32,sr<=40%,kvB<=1k,kp<=1k,0.0862,2
4096,n<=32,sr<=40%,kvB<=1k,kp<=2k,0.1346,2
4096,n<=32,sr<=40%,kvB<=1k,kp<=32k,0.1897,2
4096,n<=32,sr<=40%,kvB<=1k,kp<=4k,0.0869,2
4096,n<=32,sr<=40%,kvB<=1k,kp<=512,0.1611,2
4096,n<=32,sr<=40%,kvB<=1k,kp<=64k,0.1563,2
4096,n<=32,sr<=40%,kvB<=1k,kp<=8k,0.0551,2
4096,n<=32,sr<=40%,kvB<=1k,kp=0,0.1106,2
4096,n<=32,sr<=40%,kvB<=4k,kp<=16k,0.0594,2
4096,n<=32,sr<=40%,kvB<=4k,kp<=1k,0.0568,2
4096,n<=32,sr<=40%,kvB<=4k,kp<=2k,0.0619,2
4096,n<=32,sr<=40%,kvB<=4k,kp<=32k,-0.0546,2
4096,n<=32,sr<=40%,kvB<=4k,kp<=4k,0.0421,2
4096,n<=32,sr<=40%,kvB<=4k,kp<=512,0.0785,2
4096,n<=32,sr<=40%,kvB<=4k,kp<=64k,0.0219,2
4096,n<=32,sr<=40%,kvB<=4k,kp<=8k,0.0523,2
4096,n<=32,sr<=40%,kvB<=4k,kp=0,0.0555,2
4096,n<=32,sr<=40%,kvB<=64k,kp<=16k,0.07,2
4096,n<=32,sr<=40%,kvB<=64k,kp<=1k,0.0681,2
4096,n<=32,sr<=40%,kvB<=64k,kp<=2k,0.0694,2
4096,n<=32,sr<=40%,kvB<=64k,kp<=32k,0.0655,2
4096,n<=32,sr<=40%,kvB<=64k,kp<=4k,0.0701,2
4096,n<=32,sr<=40%,kvB<=64k,kp<=512,0.0709,2
4096,n<=32,sr<=40%,kvB<=64k,kp<=64k,0.0617,2
4096,n<=32,sr<=40%,kvB<=64k,kp<=8k,0.0714,2
4096,n<=32,sr<=40%,kvB<=64k,kp=0,0.0727,2
4096,n<=32,sr<=5%,kvB<=16k,kp<=16k,0.2106,2
4096,n<=32,sr<=5%,kvB<=16k,kp<=1k,0.2194,2
4096,n<=32,sr<=5%,kvB<=16k,kp<=2k,0.2085,2
4096,n<=32,sr<=5%,kvB<=16k,kp<=32k,0.2071,2
4096,n<=32,sr<=5%,kvB<=16k,kp<=4k,0.213,2
4096,n<=32,sr<=5%,kvB<=16k,kp<=512,0.2135,2
4096,n<=32,sr<=5%,kvB<=16k,kp<=64k,0.1925,2
4096,n<=32,sr<=5%,kvB<=16k,kp<=8k,0.2132,2
4096,n<=32,sr<=5%,kvB<=16k,kp=0,0.2129,2
4096,n<=32,sr<=5%,kvB<=1k,kp<=16k,0.1197,2
4096,n<=32,sr<=5%,kvB<=1k,kp<=1k,0.1088,2
4096,n<=32,sr<=5%,kvB<=1k,kp<=2k,0.0878,2
4096,n<=32,sr<=5%,kvB<=1k,kp<=32k,-0.1476,2
4096,n<=32,sr<=5%,kvB<=1k,kp<=4k,0.1781,2
4096,n<=32,sr<=5%,kvB<=1k,kp<=512,0.1202,2
4096,n<=32,sr<=5%,kvB<=1k,kp<=64k,0.2894,2
4096,n<=32,sr<=5%,kvB<=1k,kp<=8k,0.1784,2
4096,n<=32,sr<=5%,kvB<=1k,kp=0,0.0914,2
4096,n<=32,sr<=5%,kvB<=4k,kp<=16k,0.1994,2
4096,n<=32,sr<=5%,kvB<=4k,kp<=1k,0.1758,2
4096,n<=32,sr<=5%,kvB<=4k,kp<=2k,0.1415,2
4096,n<=32,sr<=5%,kvB<=4k,kp<=32k,0.1746,2
4096,n<=32,sr<=5%,kvB<=4k,kp<=4k,0.1947,2
4096,n<=32,sr<=5%,kvB<=4k,kp<=512,0.1931,2
4096,n<=32,sr<=5%,kvB<=4k,kp<=64k,0.166,2
4096,n<=32,sr<=5%,kvB<=4k,kp<=8k,0.1826,2
4096,n<=32,sr<=5%,kvB<=4k,kp=0,0.1766,2
4096,n<=32,sr<=5%,kvB<=64k,kp<=16k,0.2127,2
4096,n<=32,sr<=5%,kvB<=64k,kp<=1k,0.2169,2
4096,n<=32,sr<=5%,kvB<=64k,kp<=2k,0.2131,2
4096,n<=32,sr<=5%,kvB<=64k,kp<=32k,0.2095,2
4096,n<=32,sr<=5%,kvB<=64k,kp<=4k,0.2149,2
4096,n<=32,sr<=5%,kvB<=64k,kp<=512,0.2139,2
4096,n<=32,sr<=5%,kvB<=64k,kp<=64k,0.2144,2
4096,n<=32,sr<=5%,kvB<=64k,kp<=8k,0.213,2
4096,n<=32,sr<=5%,kvB<=64k,kp=0,0.2137,2
4096,n<=32,sr<=70%,kvB<=16k,kp<=16k,-0.0041,2
4096,n<=32,sr<=70%,kvB<=16k,kp<=1k,0.0106,2
4096,n<=32,sr<=70%,kvB<=16k,kp<=2k,0.0007,2
4096,n<=32,sr<=70%,kvB<=16k,kp<=32k,-0.0056,2
4096,n<=32,sr<=70%,kvB<=16k,kp<=4k,0.009,2
4096,n<=32,sr<=70%,kvB<=16k,kp<=512,0.0102,2
4096,n<=32,sr<=70%,kvB<=16k,kp<=64k,0.0026,2
4096,n<=32,sr<=70%,kvB<=16k,kp<=8k,0.0103,2
4096,n<=32,sr<=70%,kvB<=16k,kp=0,0.0086,2
4096,n<=32,sr<=70%,kvB<=1k,kp<=16k,0.0968,2
4096,n<=32,sr<=70%,kvB<=1k,kp<=1k,0.0719,2
4096,n<=32,sr<=70%,kvB<=1k,kp<=2k,-0.0959,2
4096,n<=32,sr<=70%,kvB<=1k,kp<=32k,-0.155,2
4096,n<=32,sr<=70%,kvB<=1k,kp<=4k,-0.0794,2
4096,n<=32,sr<=70%,kvB<=1k,kp<=512,-0.1847,2
4096,n<=32,sr<=70%,kvB<=1k,kp<=64k,0.1566,1
4096,n<=32,sr<=70%,kvB<=1k,kp<=8k,0.1328,2
4096,n<=32,sr<=70%,kvB<=1k,kp=0,-0.0758,2
4096,n<=32,sr<=70%,kvB<=4k,kp<=16k,-0.0184,2
4096,n<=32,sr<=70%,kvB<=4k,kp<=1k,0.0139,2
4096,n<=32,sr<=70%,kvB<=4k,kp<=2k,-0.0379,2
4096,n<=32,sr<=70%,kvB<=4k,kp<=32k,-0.0754,2
4096,n<=32,sr<=70%,kvB<=4k,kp<=4k,-0.0336,2
4096,n<=32,sr<=70%,kvB<=4k,kp<=512,-0.0592,2
4096,n<=32,sr<=70%,kvB<=4k,kp<=64k,-0.0049,2
4096,n<=32,sr<=70%,kvB<=4k,kp<=8k,-0.0275,2
4096,n<=32,sr<=70%,kvB<=4k,kp=0,-0.0004,2
4096,n<=32,sr<=70%,kvB<=64k,kp<=16k,-0.0054,2
4096,n<=32,sr<=70%,kvB<=64k,kp<=1k,-0.0121,2
4096,n<=32,sr<=70%,kvB<=64k,kp<=2k,-0.0046,2
4096,n<=32,sr<=70%,kvB<=64k,kp<=32k,-0.0007,2
4096,n<=32,sr<=70%,kvB<=64k,kp<=4k,-0.0125,2
4096,n<=32,sr<=70%,kvB<=64k,kp<=512,-0.017,2
4096,n<=32,sr<=70%,kvB<=64k,kp<=64k,-0.0104,2
4096,n<=32,sr<=70%,kvB<=64k,kp<=8k,-0.0077,2
4096,n<=32,sr<=70%,kvB<=64k,kp=0,-0.0045,2
4096,n<=32,sr>70%,kvB<=16k,kp<=16k,0.2645,4
4096,n<=32,sr>70%,kvB<=16k,kp<=1k,0.346,4
4096,n<=32,sr>70%,kvB<=16k,kp<=2k,0.304,4
4096,n<=32,sr>70%,kvB<=16k,kp<=32k,0.2967,4
4096,n<=32,sr>70%,kvB<=16k,kp<=4k,0.3324,4
4096,n<=32,sr>70%,kvB<=16k,kp<=512,0.3135,4
4096,n<=32,sr>70%,kvB<=16k,kp<=64k,0.2864,4
4096,n<=32,sr>70%,kvB<=16k,kp<=8k,0.2906,4
4096,n<=32,sr>70%,kvB<=16k,kp=0,0.3714,4
4096,n<=32,sr>70%,kvB<=1k,kp<=16k,0.5445,4
4096,n<=32,sr>70%,kvB<=1k,kp<=1k,0.2742,4
4096,n<=32,sr>70%,kvB<=1k,kp<=2k,0.3401,4
4096,n<=32,sr>70%,kvB<=1k,kp<=32k,0.168,3
4096,n<=32,sr>70%,kvB<=1k,kp<=4k,0.4915,4
4096,n<=32,sr>70%,kvB<=1k,kp<=512,0.4824,4
4096,n<=32,sr>70%,kvB<=1k,kp<=64k,0.5895,4
4096,n<=32,sr>70%,kvB<=1k,kp<=8k,0.255,4
4096,n<=32,sr>70%,kvB<=1k,kp=0,0.3248,4
4096,n<=32,sr>70%,kvB<=4k,kp<=16k,0.3159,4
4096,n<=32,sr>70%,kvB<=4k,kp<=1k,0.195,4
4096,n<=32,sr>70%,kvB<=4k,kp<=2k,0.2073,4
4096,n<=32,sr>70%,kvB<=4k,kp<=32k,0.3476,4
4096,n<=32,sr>70%,kvB<=4k,kp<=4k,0.1766,4
4096,n<=32,sr>70%,kvB<=4k,kp<=512,0.2061,4
4096,n<=32,sr>70%,kvB<=4k,kp<=64k,0.1242,3
4096,n<=32,sr>70%,kvB<=4k,kp<=8k,0.2162,4
4096,n<=32,sr>70%,kvB<=4k,kp=0,0.2227,4
4096,n<=32,sr>70%,kvB<=64k,kp<=16k,0.2742,4
4096,n<=32,sr>70%,kvB<=64k,kp<=1k,0.2775,4
4096,n<=32,sr>70%,kvB<=64k,kp<=2k,0.2564,4
4096,n<=32,sr>70%,kvB<=64k,kp<=32k,0.2736,4
4096,n<=32,sr>70%,kvB<=64k,kp<=4k,0.2849,4
4096,n<=32,sr>70%,kvB<=64k,kp<=512,0.2686,4
4096,n<=32,sr>70%,kvB<=64k,kp<=64k,0.2815,4
4096,n<=32,sr>70%,kvB<=64k,kp<=8k,0.2882,4
4096,n<=32,sr>70%,kvB<=64k,kp=0,0.2357,4
4096,n<=4,sr<=40%,kvB<=16k,kp<=16k,0.2163,2
4096,n<=4,sr<=40%,kvB<=16k,kp<=1k,0.2674,2
4096,n<=4,sr<=40%,kvB<=16k,kp<=2k,0.3129,2
4096,n<=4,sr<=40%,kvB<=16k,kp<=32k,0.3482,2
4096,n<=4,sr<=40%,kvB<=16k,kp<=4k,0.2908,2
4096,n<=4,sr<=40%,kvB<=16k,kp<=512,0.2667,2
4096,n<=4,sr<=40%,kvB<=16k,kp<=64k,0.0434,2
4096,n<=4,sr<=40%,kvB<=16k,kp<=8k,0.2617,2
4096,n<=4,sr<=40%,kvB<=16k,kp=0,0.2779,2
4096,n<=4,sr<=40%,kvB<=1k,kp<=16k,0.8331,1
4096,n<=4,sr<=40%,kvB<=1k,kp<=1k,-0.0153,1
4096,n<=4,sr<=40%,kvB<=1k,kp<=2k,0.694,1
4096,n<=4,sr<=40%,kvB<=1k,kp<=32k,-0.6352,1
4096,n<=4,sr<=40%,kvB<=1k,kp<=4k,0.2329,2
4096,n<=4,sr<=40%,kvB<=1k,kp<=512,-0.0712,1
4096,n<=4,sr<=40%,kvB<=1k,kp<=64k,15.4809,1
4096,n<=4,sr<=40%,kvB<=1k,kp<=8k,-0.2397,2
4096,n<=4,sr<=40%,kvB<=1k,kp=0,-0.1093,2
4096,n<=4,sr<=40%,kvB<=4k,kp<=16k,-0.102,2
4096,n<=4,sr<=40%,kvB<=4k,kp<=1k,-0.2354,2
4096,n<=4,sr<=40%,kvB<=4k,kp<=2k,0.0663,2
4096,n<=4,sr<=40%,kvB<=4k,kp<=32k,1.5158,2
4096,n<=4,sr<=40%,kvB<=4k,kp<=4k,-0.0751,2
4096,n<=4,sr<=40%,kvB<=4k,kp<=512,0.2375,2
4096,n<=4,sr<=40%,kvB<=4k,kp<=64k,-0.4447,2
4096,n<=4,sr<=40%,kvB<=4k,kp<=8k,0.2717,2
4096,n<=4,sr<=40%,kvB<=4k,kp=0,-0.0016,2
4096,n<=4,sr<=40%,kvB<=64k,kp<=16k,0.3168,2
4096,n<=4,sr<=40%,kvB<=64k,kp<=1k,0.2936,2
4096,n<=4,sr<=40%,kvB<=64k,kp<=2k,0.295,2
4096,n<=4,sr<=40%,kvB<=64k,kp<=32k,0.2978,2
4096,n<=4,sr<=40%,kvB<=64k,kp<=4k,0.2886,2
4096,n<=4,sr<=40%,kvB<=64k,kp<=512,0.2873,2
4096,n<=4,sr<=40%,kvB<=64k,kp<=64k,0.2642,2
4096,n<=4,sr<=40%,kvB<=64k,kp<=8k,0.2895,2
4096,n<=4,sr<=40%,kvB<=64k,kp=0,0.2907,2
4096,n<=4,sr<=70%,kvB<=16k,kp<=16k,0.1149,2
4096,n<=4,sr<=70%,kvB<=16k,kp<=1k,0.2113,2
4096,n<=4,sr<=70%,kvB<=16k,kp<=2k,0.1599,2
4096,n<=4,sr<=70%,kvB<=16k,kp<=32k,0.2742,2
4096,n<=4,sr<=70%,kvB<=16k,kp<=4k,0.1614,2
4096,n<=4,sr<=70%,kvB<=16k,kp<=512,0.2674,2
4096,n<=4,sr<=70%,kvB<=16k,kp<=64k,0.3597,2
4096,n<=4,sr<=70%,kvB<=16k,kp<=8k,0.0477,2
4096,n<=4,sr<=70%,kvB<=16k,kp=0,0.2381,2
4096,n<=4,sr<=70%,kvB<=1k,kp<=16k,0.2686,2
4096,n<=4,sr<=70%,kvB<=1k,kp<=1k,0.2296,1
4096,n<=4,sr<=70%,kvB<=1k,kp<=2k,-2.7306,1
4096,n<=4,sr<=70%,kvB<=1k,kp<=32k,0.8677,1
4096,n<=4,sr<=70%,kvB<=1k,kp<=4k,0.8236,2
4096,n<=4,sr<=70%,kvB<=1k,kp<=512,-0.4483,1
4096,n<=4,sr<=70%,kvB<=1k,kp<=8k,0.4605,2
4096,n<=4,sr<=70%,kvB<=1k,kp=0,0.1969,1
4096,n<=4,sr<=70%,kvB<=4k,kp<=16k,-0.051,2
4096,n<=4,sr<=70%,kvB<=4k,kp<=1k,0.1406,2
4096,n<=4,sr<=70%,kvB<=4k,kp<=2k,-0.034,2
4096,n<=4,sr<=70%,kvB<=4k,kp<=32k,0.3454,2
4096,n<=4,sr<=70%,kvB<=4k,kp<=4k,0.1963,2
4096,n<=4,sr<=70%,kvB<=4k,kp<=512,-0.2583,2
4096,n<=4,sr<=70%,kvB<=4k,kp<=64k,0.0462,2
4096,n<=4,sr<=70%,kvB<=4k,kp<=8k,-0.0127,2
4096,n<=4,sr<=70%,kvB<=4k,kp=0,-0.3057,2
4096,n<=4,sr<=70%,kvB<=64k,kp<=16k,0.1726,2
4096,n<=4,sr<=70%,kvB<=64k,kp<=1k,0.1129,2
4096,n<=4,sr<=70%,kvB<=64k,kp<=2k,0.1454,2
4096,n<=4,sr<=70%,kvB<=64k,kp<=32k,0.1194,2
4096,n<=4,sr<=70%,kvB<=64k,kp<=4k,0.1249,2
4096,n<=4,sr<=70%,kvB<=64k,kp<=512,0.1312,2
4096,n<=4,sr<=70%,kvB<=64k,kp<=64k,0.1602,2
4096,n<=4,sr<=70%,kvB<=64k,kp<=8k,0.1383,2
4096,n<=4,sr<=70%,kvB<=64k,kp=0,0.1234,2
4096,n<=4,sr>70%,kvB<=16k,kp<=16k,-0.0321,2
4096,n<=4,sr>70%,kvB<=16k,kp<=1k,-0.1188,2
4096,n<=4,sr>70%,kvB<=16k,kp<=2k,0.0103,2
4096,n<=4,sr>70%,kvB<=16k,kp<=32k,-0.0959,2
4096,n<=4,sr>70%,kvB<=16k,kp<=4k,0.0048,2
4096,n<=4,sr>70%,kvB<=16k,kp<=512,0.0303,2
4096,n<=4,sr>70%,kvB<=16k,kp<=64k,-0.0189,1
4096,n<=4,sr>70%,kvB<=16k,kp<=8k,0.1053,2
4096,n<=4,sr>70%,kvB<=16k,kp=0,0.0579,2
4096,n<=4,sr>70%,kvB<=1k,kp<=1k,0.2315,1
4096,n<=4,sr>70%,kvB<=1k,kp<=2k,0.6903,2
4096,n<=4,sr>70%,kvB<=1k,kp<=32k,-0.646,1
4096,n<=4,sr>70%,kvB<=1k,kp<=4k,-0.7212,2
4096,n<=4,sr>70%,kvB<=1k,kp<=512,-0.1923,1
4096,n<=4,sr>70%,kvB<=1k,kp<=64k,1.5412,1
4096,n<=4,sr>70%,kvB<=1k,kp<=8k,0.2362,2
4096,n<=4,sr>70%,kvB<=1k,kp=0,-0.1428,2
4096,n<=4,sr>70%,kvB<=4k,kp<=16k,-0.9754,1
4096,n<=4,sr>70%,kvB<=4k,kp<=1k,0.1215,2
4096,n<=4,sr>70%,kvB<=4k,kp<=2k,-3.9152,2
4096,n<=4,sr>70%,kvB<=4k,kp<=32k,0.674,1
4096,n<=4,sr>70%,kvB<=4k,kp<=4k,-0.2284,2
4096,n<=4,sr>70%,kvB<=4k,kp<=512,-0.418,2
4096,n<=4,sr>70%,kvB<=4k,kp<=8k,-0.1424,1
4096,n<=4,sr>70%,kvB<=4k,kp=0,-1.4636,2
4096,n<=4,sr>70%,kvB<=64k,kp<=16k,0.0862,2
4096,n<=4,sr>70%,kvB<=64k,kp<=1k,0.0486,2
4096,n<=4,sr>70%,kvB<=64k,kp<=2k,0.0348,2
4096,n<=4,sr>70%,kvB<=64k,kp<=32k,0.094,2
4096,n<=4,sr>70%,kvB<=64k,kp<=4k,0.0312,2
4096,n<=4,sr>70%,kvB<=64k,kp<=512,0.0263,2
4096,n<=4,sr>70%,kvB<=64k,kp<=64k,0.0113,2
4096,n<=4,sr>70%,kvB<=64k,kp<=8k,0.0677,2
4096,n<=4,sr>70%,kvB<=64k,kp=0,0.0939,2
4096,n<=64,sr<=15%,kvB<=16k,kp<=16k,0.0104,4
4096,n<=64,sr<=15%,kvB<=16k,kp<=1k,0.0068,4
4096,n<=64,sr<=15%,kvB<=16k,kp<=2k,0.0094,4
4096,n<=64,sr<=15%,kvB<=16k,kp<=32k,0.0082,4
4096,n<=64,sr<=15%,kvB<=16k,kp<=4k,0.0084,4
4096,n<=64,sr<=15%,kvB<=16k,kp<=512,0.0087,4
4096,n<=64,sr<=15%,kvB<=16k,kp<=64k,0.0075,4
4096,n<=64,sr<=15%,kvB<=16k,kp<=8k,0.0093,4
4096,n<=64,sr<=15%,kvB<=16k,kp=0,0.0093,4
4096,n<=64,sr<=15%,kvB<=1k,kp<=16k,0.0314,4
4096,n<=64,sr<=15%,kvB<=1k,kp<=1k,0.0371,4
4096,n<=64,sr<=15%,kvB<=1k,kp<=2k,0.0361,4
4096,n<=64,sr<=15%,kvB<=1k,kp<=32k,-0.1063,4
4096,n<=64,sr<=15%,kvB<=1k,kp<=4k,0.0283,4
4096,n<=64,sr<=15%,kvB<=1k,kp<=512,0.0048,4
4096,n<=64,sr<=15%,kvB<=1k,kp<=64k,0.0161,4
4096,n<=64,sr<=15%,kvB<=1k,kp<=8k,-0.021,4
4096,n<=64,sr<=15%,kvB<=1k,kp=0,0.0108,4
4096,n<=64,sr<=15%,kvB<=4k,kp<=16k,0.0036,4
4096,n<=64,sr<=15%,kvB<=4k,kp<=1k,0.0113,4
4096,n<=64,sr<=15%,kvB<=4k,kp<=2k,0.0141,4
4096,n<=64,sr<=15%,kvB<=4k,kp<=32k,-0.0065,4
4096,n<=64,sr<=15%,kvB<=4k,kp<=4k,0.0008,4
4096,n<=64,sr<=15%,kvB<=4k,kp<=512,-0.0011,4
4096,n<=64,sr<=15%,kvB<=4k,kp<=64k,-0.006,4
4096,n<=64,sr<=15%,kvB<=4k,kp<=8k,0.0043,4
4096,n<=64,sr<=15%,kvB<=4k,kp=0,0.0108,4
4096,n<=64,sr<=15%,kvB<=64k,kp<=16k,0.0052,4
4096,n<=64,sr<=15%,kvB<=64k,kp<=1k,0.0089,4
4096,n<=64,sr<=15%,kvB<=64k,kp<=2k,0.0074,4
4096,n<=64,sr<=15%,kvB<=64k,kp<=32k,0.0027,4
4096,n<=64,sr<=15%,kvB<=64k,kp<=4k,0.0055,4
4096,n<=64,sr<=15%,kvB<=64k,kp<=512,0.0076,4
4096,n<=64,sr<=15%,kvB<=64k,kp<=64k,0.0047,4
4096,n<=64,sr<=15%,kvB<=64k,kp<=8k,0.0055,4
4096,n<=64,sr<=15%,kvB<=64k,kp=0,0.0048,4
4096,n<=64,sr<=40%,kvB<=16k,kp<=16k,-0.0048,2
4096,n<=64,sr<=40%,kvB<=16k,kp<=1k,0.0119,2
4096,n<=64,sr<=40%,kvB<=16k,kp<=2k,0.0048,2
4096,n<=64,sr<=40%,kvB<=16k,kp<=32k,-0.0067,2
4096,n<=64,sr<=40%,kvB<=16k,kp<=4k,0.001,2
4096,n<=64,sr<=40%,kvB<=16k,kp<=512,0.0086,2
4096,n<=64,sr<=40%,kvB<=16k,kp<=64k,0.0169,2
4096,n<=64,sr<=40%,kvB<=16k,kp<=8k,0.0097,2
4096,n<=64,sr<=40%,kvB<=16k,kp=0,0.0101,2
4096,n<=64,sr<=40%,kvB<=1k,kp<=16k,0.0477,2
4096,n<=64,sr<=40%,kvB<=1k,kp<=1k,0.0737,2
4096,n<=64,sr<=40%,kvB<=1k,kp<=2k,0.0475,2
4096,n<=64,sr<=40%,kvB<=1k,kp<=32k,0.0312,2
4096,n<=64,sr<=40%,kvB<=1k,kp<=4k,0.0315,2
4096,n<=64,sr<=40%,kvB<=1k,kp<=512,0.0328,2
4096,n<=64,sr<=40%,kvB<=1k,kp<=64k,0.5123,2
4096,n<=64,sr<=40%,kvB<=1k,kp<=8k,0.0959,2
4096,n<=64,sr<=40%,kvB<=1k,kp=0,0.0527,2
4096,n<=64,sr<=40%,kvB<=4k,kp<=16k,-0.0172,2
4096,n<=64,sr<=40%,kvB<=4k,kp<=1k,-0.0114,2
4096,n<=64,sr<=40%,kvB<=4k,kp<=2k,0.0003,2
4096,n<=64,sr<=40%,kvB<=4k,kp<=32k,-0.0754,2
4096,n<=64,sr<=40%,kvB<=4k,kp<=4k,-0.0153,2
4096,n<=64,sr<=40%,kvB<=4k,kp<=512,-0.027,2
4096,n<=64,sr<=40%,kvB<=4k,kp<=64k,-0.0886,2
4096,n<=64,sr<=40%,kvB<=4k,kp<=8k,-0.0143,2
4096,n<=64,sr<=40%,kvB<=4k,kp=0,-0.0098,2
4096,n<=64,sr<=40%,kvB<=64k,kp<=16k,0.0105,2
4096,n<=64,sr<=40%,kvB<=64k,kp<=1k,0.0129,2
4096,n<=64,sr<=40%,kvB<=64k,kp<=2k,0.017,2
4096,n<=64,sr<=40%,kvB<=64k,kp<=32k,-0.0013,2
4096,n<=64,sr<=40%,kvB<=64k,kp<=4k,0.0156,2
4096,n<=64,sr<=40%,kvB<=64k,kp<=512,0.0117,2
4096,n<=64,sr<=40%,kvB<=64k,kp<=64k,0.0024,2
4096,n<=64,sr<=40%,kvB<=64k,kp<=8k,0.0083,2
4096,n<=64,sr<=40%,kvB<=64k,kp=0,0.001,2
4096,n<=64,sr<=5%,kvB<=16k,kp<=16k,0.0261,6
4096,n<=64,sr<=5%,kvB<=16k,kp<=1k,0.0274,6
4096,n<=64,sr<=5%,kvB<=16k,kp<=2k,0.0286,6
4096,n<=64,sr<=5%,kvB<=16k,kp<=32k,0.026,6
4096,n<=64,sr<=5%,kvB<=16k,kp<=4k,0.0352,6
4096,n<=64,sr<=5%,kvB<=16k,kp<=512,0.0318,6
4096,n<=64,sr<=5%,kvB<=16k,kp<=64k,0.0269,6
4096,n<=64,sr<=5%,kvB<=16k,kp<=8k,0.0328,6
4096,n<=64,sr<=5%,kvB<=16k,kp=0,0.0289,6
4096,n<=64,sr<=5%,kvB<=1k,kp<=16k,0.015,6
4096,n<=64,sr<=5%,kvB<=1k,kp<=1k,0.0108,6
4096,n<=64,sr<=5%,kvB<=1k,kp<=2k,-0.0002,6
4096,n<=64,sr<=5%,kvB<=1k,kp<=32k,-0.0423,6
4096,n<=64,sr<=5%,kvB<=1k,kp<=4k,0.0112,6
4096,n<=64,sr<=5%,kvB<=1k,kp<=512,0.0179,6
4096,n<=64,sr<=5%,kvB<=1k,kp<=64k,0.0476,6
4096,n<=64,sr<=5%,kvB<=1k,kp<=8k,-0.0154,6
4096,n<=64,sr<=5%,kvB<=1k,kp=0,0.0062,6
4096,n<=64,sr<=5%,kvB<=4k,kp<=16k,-0.0074,6
4096,n<=64,sr<=5%,kvB<=4k,kp<=1k,0.0105,6
4096,n<=64,sr<=5%,kvB<=4k,kp<=2k,0.0027,6
4096,n<=64,sr<=5%,kvB<=4k,kp<=32k,0.0043,6
4096,n<=64,sr<=5%,kvB<=4k,kp<=4k,0.001,6
4096,n<=64,sr<=5%,kvB<=4k,kp<=512,0.0117,6
4096,n<=64,sr<=5%,kvB<=4k,kp<=64k,-0.0188,6
4096,n<=64,sr<=5%,kvB<=4k,kp<=8k,0.0085,6
4096,n<=64,sr<=5%,kvB<=4k,kp=0,-0.0001,6
4096,n<=64,sr<=5%,kvB<=64k,kp<=16k,0.0281,6
4096,n<=64,sr<=5%,kvB<=64k,kp<=1k,0.0304,6
4096,n<=64,sr<=5%,kvB<=64k,kp<=2k,0.0282,6
4096,n<=64,sr<=5%,kvB<=64k,kp<=32k,0.0263,6
4096,n<=64,sr<=5%,kvB<=64k,kp<=4k,0.0309,6
4096,n<=64,sr<=5%,kvB<=64k,kp<=512,0.031,6
4096,n<=64,sr<=5%,kvB<=64k,kp<=64k,0.0279,6
4096,n<=64,sr<=5%,kvB<=64k,kp<=8k,0.0295,6
4096,n<=64,sr<=5%,kvB<=64k,kp=0,0.0279,6
4096,n<=64,sr<=70%,kvB<=16k,kp<=16k,-0.0113,2
4096,n<=64,sr<=70%,kvB<=16k,kp<=1k,-0.0249,2
4096,n<=64,sr<=70%,kvB<=16k,kp<=2k,-0.0171,2
4096,n<=64,sr<=70%,kvB<=16k,kp<=32k,-0.0059,2
4096,n<=64,sr<=70%,kvB<=16k,kp<=4k,-0.0047,2
4096,n<=64,sr<=70%,kvB<=16k,kp<=512,-0.0103,2
4096,n<=64,sr<=70%,kvB<=16k,kp<=64k,-0.016,2
4096,n<=64,sr<=70%,kvB<=16k,kp<=8k,-0.0038,2
4096,n<=64,sr<=70%,kvB<=16k,kp=0,-0.0189,2
4096,n<=64,sr<=70%,kvB<=1k,kp<=16k,-0.0618,2
4096,n<=64,sr<=70%,kvB<=1k,kp<=1k,-0.0423,2
4096,n<=64,sr<=70%,kvB<=1k,kp<=2k,-0.0486,2
4096,n<=64,sr<=70%,kvB<=1k,kp<=32k,-0.6433,2
4096,n<=64,sr<=70%,kvB<=1k,kp<=4k,-0.045,2
4096,n<=64,sr<=70%,kvB<=1k,kp<=512,-0.1602,2
4096,n<=64,sr<=70%,kvB<=1k,kp<=64k,-0.5675,2
4096,n<=64,sr<=70%,kvB<=1k,kp<=8k,0.014,2
4096,n<=64,sr<=70%,kvB<=1k,kp=0,-0.0717,2
4096,n<=64,sr<=70%,kvB<=4k,kp<=16k,-0.0202,2
4096,n<=64,sr<=70%,kvB<=4k,kp<=1k,-0.0097,2
4096,n<=64,sr<=70%,kvB<=4k,kp<=2k,-0.027,2
4096,n<=64,sr<=70%,kvB<=4k,kp<=32k,-0.009,2
4096,n<=64,sr<=70%,kvB<=4k,kp<=4k,0.0116,2
4096,n<=64,sr<=70%,kvB<=4k,kp<=512,-0.0467,2
4096,n<=64,sr<=70%,kvB<=4k,kp<=64k,-0.0859,2
4096,n<=64,sr<=70%,kvB<=4k,kp<=8k,-0.0077,2
4096,n<=64,sr<=70%,kvB<=4k,kp=0,-0.0572,2
4096,n<=64,sr<=70%,kvB<=64k,kp<=16k,-0.0247,2
4096,n<=64,sr<=70%,kvB<=64k,kp<=1k,-0.0245,2
4096,n<=64,sr<=70%,kvB<=64k,kp<=2k,-0.0197,2
4096,n<=64,sr<=70%,kvB<=64k,kp<=32k,-0.0327,2
4096,n<=64,sr<=70%,kvB<=64k,kp<=4k,-0.0465,2
4096,n<=64,sr<=70%,kvB<=64k,kp<=512,-0.0123,2
4096,n<=64,sr<=70%,kvB<=64k,kp<=64k,-0.031,2
4096,n<=64,sr<=70%,kvB<=64k,kp<=8k,-0.0273,2
4096,n<=64,sr<=70%,kvB<=64k,kp=0,-0.0224,2
4096,n<=64,sr>70%,kvB<=16k,kp<=16k,0.09,4
4096,n<=64,sr>70%,kvB<=16k,kp<=1k,0.0501,4
4096,n<=64,sr>70%,kvB<=16k,kp<=2k,0.0782,4
4096,n<=64,sr>70%,kvB<=16k,kp<=32k,0.0113,4
4096,n<=64,sr>70%,kvB<=16k,kp<=4k,0.0646,4
4096,n<=64,sr>70%,kvB<=16k,kp<=512,0.0553,4
4096,n<=64,sr>70%,kvB<=16k,kp<=64k,0.0103,4
4096,n<=64,sr>70%,kvB<=16k,kp<=8k,0.0635,4
4096,n<=64,sr>70%,kvB<=16k,kp=0,0.0268,4
4096,n<=64,sr>70%,kvB<=1k,kp<=16k,0.3128,4
4096,n<=64,sr>70%,kvB<=1k,kp<=1k,0.2502,4
4096,n<=64,sr>70%,kvB<=1k,kp<=2k,0.1612,4
4096,n<=64,sr>70%,kvB<=1k,kp<=32k,0.1963,4
4096,n<=64,sr>70%,kvB<=1k,kp<=4k,0.1681,4
4096,n<=64,sr>70%,kvB<=1k,kp<=512,0.2172,4
4096,n<=64,sr>70%,kvB<=1k,kp<=64k,-0.1023,4
4096,n<=64,sr>70%,kvB<=1k,kp<=8k,0.3286,4
4096,n<=64,sr>70%,kvB<=1k,kp=0,0.1825,4
4096,n<=64,sr>70%,kvB<=4k,kp<=16k,0.1025,4
4096,n<=64,sr>70%,kvB<=4k,kp<=1k,0.048,4
4096,n<=64,sr>70%,kvB<=4k,kp<=2k,0.0416,4
4096,n<=64,sr>70%,kvB<=4k,kp<=32k,0.1396,4
4096,n<=64,sr>70%,kvB<=4k,kp<=4k,0.0874,4
4096,n<=64,sr>70%,kvB<=4k,kp<=512,-0.0068,4
4096,n<=64,sr>70%,kvB<=4k,kp<=64k,0.0671,4
4096,n<=64,sr>70%,kvB<=4k,kp<=8k,0.0914,4
4096,n<=64,sr>70%,kvB<=4k,kp=0,0.0308,4
4096,n<=64,sr>70%,kvB<=64k,kp<=16k,-0.0216,4
4096,n<=64,sr>70%,kvB<=64k,kp<=1k,0.0009,4
4096,n<=64,sr>70%,kvB<=64k,kp<=2k,-0.0138,4
4096,n<=64,sr>70%,kvB<=64k,kp<=32k,-0.034,4
4096,n<=64,sr>70%,kvB<=64k,kp<=4k,0.0006,4
4096,n<=64,sr>70%,kvB<=64k,kp<=512,-0.0154,4
4096,n<=64,sr>70%,kvB<=64k,kp<=64k,-0.0476,4
4096,n<=64,sr>70%,kvB<=64k,kp<=8k,-0.025,4
4096,n<=64,sr>70%,kvB<=64k,kp=0,-0.0318,4
4096,n<=8,sr<=15%,kvB<=16k,kp<=16k,0.3491,2
4096,n<=8,sr<=15%,kvB<=16k,kp<=1k,0.3461,2
4096,n<=8,sr<=15%,kvB<=16k,kp<=2k,0.3296,2
4096,n<=8,sr<=15%,kvB<=16k,kp<=32k,0.3768,2
4096,n<=8,sr<=15%,kvB<=16k,kp<=4k,0.3374,2
4096,n<=8,sr<=15%,kvB<=16k,kp<=512,0.3394,2
4096,n<=8,sr<=15%,kvB<=16k,kp<=64k,0.3396,2
4096,n<=8,sr<=15%,kvB<=16k,kp<=8k,0.3235,2
4096,n<=8,sr<=15%,kvB<=16k,kp=0,0.3555,2
4096,n<=8,sr<=15%,kvB<=1k,kp<=16k,0.1144,2
4096,n<=8,sr<=15%,kvB<=1k,kp<=1k,0.1451,2
4096,n<=8,sr<=15%,kvB<=1k,kp<=2k,0.1167,2
4096,n<=8,sr<=15%,kvB<=1k,kp<=32k,-0.1065,1
4096,n<=8,sr<=15%,kvB<=1k,kp<=4k,0.3122,2
4096,n<=8,sr<=15%,kvB<=1k,kp<=512,-0.0191,2
4096,n<=8,sr<=15%,kvB<=1k,kp<=64k,0.0269,1
4096,n<=8,sr<=15%,kvB<=1k,kp<=8k,0.1806,2
4096,n<=8,sr<=15%,kvB<=1k,kp=0,0.1494,2
4096,n<=8,sr<=15%,kvB<=4k,kp<=16k,0.3155,2
4096,n<=8,sr<=15%,kvB<=4k,kp<=1k,0.1354,2
4096,n<=8,sr<=15%,kvB<=4k,kp<=2k,0.2529,2
4096,n<=8,sr<=15%,kvB<=4k,kp<=32k,0.1815,2
4096,n<=8,sr<=15%,kvB<=4k,kp<=4k,0.2138,2
4096,n<=8,sr<=15%,kvB<=4k,kp<=512,0.195,2
4096,n<=8,sr<=15%,kvB<=4k,kp<=64k,-0.7238,2
4096,n<=8,sr<=15%,kvB<=4k,kp<=8k,0.1463,2
4096,n<=8,sr<=15%,kvB<=4k,kp=0,0.2454,2
4096,n<=8,sr<=15%,kvB<=64k,kp<=16k,0.4168,2
4096,n<=8,sr<=15%,kvB<=64k,kp<=1k,0.4156,2
4096,n<=8,sr<=15%,kvB<=64k,kp<=2k,0.4025,2
4096,n<=8,sr<=15%,kvB<=64k,kp<=32k,0.4019,2
4096,n<=8,sr<=15%,kvB<=64k,kp<=4k,0.4145,2
4096,n<=8,sr<=15%,kvB<=64k,kp<=512,0.41,2
4096,n<=8,sr<=15%,kvB<=64k,kp<=64k,0.4123,2
4096,n<=8,sr<=15%,kvB<=64k,kp<=8k,0.4207,2
4096,n<=8,sr<=15%,kvB<=64k,kp=0,0.4093,2
4096,n<=8,sr<=40%,kvB<=16k,kp<=16k,0.2411,4
4096,n<=8,sr<=40%,kvB<=16k,kp<=1k,0.1999,4
4096,n<=8,sr<=40%,kvB<=16k,kp<=2k,0.2043,4
4096,n<=8,sr<=40%,kvB<=16k,kp<=32k,0.2221,4
4096,n<=8,sr<=40%,kvB<=16k,kp<=4k,0.2019,4
4096,n<=8,sr<=40%,kvB<=16k,kp<=512,0.2256,4
4096,n<=8,sr<=40%,kvB<=16k,kp<=64k,0.1922,4
4096,n<=8,sr<=40%,kvB<=16k,kp<=8k,0.2387,4
4096,n<=8,sr<=40%,kvB<=16k,kp=0,0.2219,4
4096,n<=8,sr<=40%,kvB<=1k,kp<=16k,0.0472,4
4096,n<=8,sr<=40%,kvB<=1k,kp<=1k,-0.0723,4
4096,n<=8,sr<=40%,kvB<=1k,kp<=2k,0.2032,4
4096,n<=8,sr<=40%,kvB<=1k,kp<=32k,-0.0459,2
4096,n<=8,sr<=40%,kvB<=1k,kp<=4k,0.0801,4
4096,n<=8,sr<=40%,kvB<=1k,kp<=512,-0.1534,4
4096,n<=8,sr<=40%,kvB<=1k,kp<=64k,0.2674,2
4096,n<=8,sr<=40%,kvB<=1k,kp<=8k,-0.0705,4
4096,n<=8,sr<=40%,kvB<=1k,kp=0,-0.0149,4
4096,n<=8,sr<=40%,kvB<=4k,kp<=16k,0.1559,4
4096,n<=8,sr<=40%,kvB<=4k,kp<=1k,0.2004,4
4096,n<=8,sr<=40%,kvB<=4k,kp<=2k,0.2274,4
4096,n<=8,sr<=40%,kvB<=4k,kp<=32k,0.4566,4
4096,n<=8,sr<=40%,kvB<=4k,kp<=4k,0.2565,4
4096,n<=8,sr<=40%,kvB<=4k,kp<=512,0.1622,4
4096,n<=8,sr<=40%,kvB<=4k,kp<=64k,0.312,4
4096,n<=8,sr<=40%,kvB<=4k,kp<=8k,0.0911,4
4096,n<=8,sr<=40%,kvB<=4k,kp=0,0.1393,4
4096,n<=8,sr<=40%,kvB<=64k,kp<=16k,0.3103,4
4096,n<=8,sr<=40%,kvB<=64k,kp<=1k,0.298,4
4096,n<=8,sr<=40%,kvB<=64k,kp<=2k,0.3015,4
4096,n<=8,sr<=40%,kvB<=64k,kp<=32k,0.3119,4
4096,n<=8,sr<=40%,kvB<=64k,kp<=4k,0.3055,4
4096,n<=8,sr<=40%,kvB<=64k,kp<=512,0.3009,4
4096,n<=8,sr<=40%,kvB<=64k,kp<=64k,0.2943,4
4096,n<=8,sr<=40%,kvB<=64k,kp<=8k,0.3042,4
4096,n<=8,sr<=40%,kvB<=64k,kp=0,0.2993,4
4096,n<=8,sr<=70%,kvB<=16k,kp<=16k,0.1152,2
4096,n<=8,sr<=70%,kvB<=16k,kp<=1k,0.1269,2
4096,n<=8,sr<=70%,kvB<=16k,kp<=2k,0.1112,2
4096,n<=8,sr<=70%,kvB<=16k,kp<=32k,0.1848,2
4096,n<=8,sr<=70%,kvB<=16k,kp<=4k,0.1063,2
4096,n<=8,sr<=70%,kvB<=16k,kp<=512,0.0754,2
4096,n<=8,sr<=70%,kvB<=16k,kp<=64k,0.4759,2
4096,n<=8,sr<=70%,kvB<=16k,kp<=8k,0.1465,2
4096,n<=8,sr<=70%,kvB<=16k,kp=0,0.1319,2
4096,n<=8,sr<=70%,kvB<=1k,kp<=16k,-0.7965,1
4096,n<=8,sr<=70%,kvB<=1k,kp<=1k,-1.4154,2
4096,n<=8,sr<=70%,kvB<=1k,kp<=2k,0.1859,1
4096,n<=8,sr<=70%,kvB<=1k,kp<=32k,-0.105,1
4096,n<=8,sr<=70%,kvB<=1k,kp<=4k,-0.882,2
4096,n<=8,sr<=70%,kvB<=1k,kp<=512,0.0656,2
4096,n<=8,sr<=70%,kvB<=1k,kp<=64k,0.612,2
4096,n<=8,sr<=70%,kvB<=1k,kp<=8k,0.2482,1
4096,n<=8,sr<=70%,kvB<=1k,kp=0,-0.3515,2
4096,n<=8,sr<=70%,kvB<=4k,kp<=16k,0.256,2
4096,n<=8,sr<=70%,kvB<=4k,kp<=1k,0.0585,2
4096,n<=8,sr<=70%,kvB<=4k,kp<=2k,-0.0088,2
4096,n<=8,sr<=70%,kvB<=4k,kp<=32k,0.3394,2
4096,n<=8,sr<=70%,kvB<=4k,kp<=4k,0.0764,2
4096,n<=8,sr<=70%,kvB<=4k,kp<=512,0.0711,2
4096,n<=8,sr<=70%,kvB<=4k,kp<=64k,0.6021,2
4096,n<=8,sr<=70%,kvB<=4k,kp<=8k,-0.0877,2
4096,n<=8,sr<=70%,kvB<=4k,kp=0,0.1126,2
4096,n<=8,sr<=70%,kvB<=64k,kp<=16k,0.2019,2
4096,n<=8,sr<=70%,kvB<=64k,kp<=1k,0.1806,2
4096,n<=8,sr<=70%,kvB<=64k,kp<=2k,0.1732,2
4096,n<=8,sr<=70%,kvB<=64k,kp<=32k,0.2147,2
4096,n<=8,sr<=70%,kvB<=64k,kp<=4k,0.1884,2
4096,n<=8,sr<=70%,kvB<=64k,kp<=512,0.1766,2
4096,n<=8,sr<=70%,kvB<=64k,kp<=64k,0.1941,2
4096,n<=8,sr<=70%,kvB<=64k,kp<=8k,0.177,2
4096,n<=8,sr<=70%,kvB<=64k,kp=0,0.1645,2
4096,n<=8,sr>70%,kvB<=16k,kp<=16k,-0.0512,4
4096,n<=8,sr>70%,kvB<=16k,kp<=1k,-0.0512,4
4096,n<=8,sr>70%,kvB<=16k,kp<=2k,0.055,4
4096,n<=8,sr>70%,kvB<=16k,kp<=32k,0.1269,4
4096,n<=8,sr>70%,kvB<=16k,kp<=4k,-0.0007,4
4096,n<=8,sr>70%,kvB<=16k,kp<=512,0.0171,4
4096,n<=8,sr>70%,kvB<=16k,kp<=64k,-0.0657,4
4096,n<=8,sr>70%,kvB<=16k,kp<=8k,0.1176,4
4096,n<=8,sr>70%,kvB<=16k,kp=0,0.065,4
4096,n<=8,sr>70%,kvB<=1k,kp<=16k,-0.2082,3
4096,n<=8,sr>70%,kvB<=1k,kp<=1k,-1.4778,3
4096,n<=8,sr>70%,kvB<=1k,kp<=2k,0.3101,4
4096,n<=8,sr>70%,kvB<=1k,kp<=32k,-0.098,2
4096,n<=8,sr>70%,kvB<=1k,kp<=4k,0.0409,4
4096,n<=8,sr>70%,kvB<=1k,kp<=512,0.2487,4
4096,n<=8,sr>70%,kvB<=1k,kp<=64k,0.8097,2
4096,n<=8,sr>70%,kvB<=1k,kp<=8k,0.0393,2
4096,n<=8,sr>70%,kvB<=1k,kp=0,0.0621,4
4096,n<=8,sr>70%,kvB<=4k,kp<=16k,0.2926,3
4096,n<=8,sr>70%,kvB<=4k,kp<=1k,-0.105,4
4096,n<=8,sr>70%,kvB<=4k,kp<=2k,-0.1292,4
4096,n<=8,sr>70%,kvB<=4k,kp<=32k,0.376,3
4096,n<=8,sr>70%,kvB<=4k,kp<=4k,0.0126,4
4096,n<=8,sr>70%,kvB<=4k,kp<=512,-0.0448,4
4096,n<=8,sr>70%,kvB<=4k,kp<=64k,0.1435,4
4096,n<=8,sr>70%,kvB<=4k,kp<=8k,0.4461,4
4096,n<=8,sr>70%,kvB<=4k,kp=0,-0.3664,4
4096,n<=8,sr>70%,kvB<=64k,kp<=16k,0.0477,4
4096,n<=8,sr>70%,kvB<=64k,kp<=1k,0.0709,4
4096,n<=8,sr>70%,kvB<=64k,kp<=2k,0.0828,4
4096,n<=8,sr>70%,kvB<=64k,kp<=32k,0.0157,4
4096,n<=8,sr>70%,kvB<=64k,kp<=4k,0.0751,4
4096,n<=8,sr>70%,kvB<=64k,kp<=512,0.077,4
4096,n<=8,sr>70%,kvB<=64k,kp<=64k,0.0621,4
4096,n<=8,sr>70%,kvB<=64k,kp<=8k,0.0481,4
4096,n<=8,sr>70%,kvB<=64k,kp=0,0.0769,4
8192,n<=16,sr<=15%,kvB<=16k,kp<=16k,0.3703,4
8192,n<=16,sr<=15%,kvB<=16k,kp<=1k,0.4053,4
8192,n<=16,sr<=15%,kvB<=16k,kp<=2k,0.39,4
8192,n<=16,sr<=15%,kvB<=16k,kp<=32k,0.3579,4
8192,n<=16,sr<=15%,kvB<=16k,kp<=4k,0.4225,4
8192,n<=16,sr<=15%,kvB<=16k,kp<=512,0.4004,4
8192,n<=16,sr<=15%,kvB<=16k,kp<=64k,0.9926,2
8192,n<=16,sr<=15%,kvB<=16k,kp<=8k,0.4161,4
8192,n<=16,sr<=15%,kvB<=16k,kp=0,0.3799,4
8192,n<=16,sr<=15%,kvB<=1k,kp<=16k,0.0049,4
8192,n<=16,sr<=15%,kvB<=1k,kp<=1k,0.285,3
8192,n<=16,sr<=15%,kvB<=1k,kp<=2k,-0.0951,3
8192,n<=16,sr<=15%,kvB<=1k,kp<=32k,-0.3128,2
8192,n<=16,sr<=15%,kvB<=1k,kp<=4k,0.4144,4
8192,n<=16,sr<=15%,kvB<=1k,kp<=512,0.3906,4
8192,n<=16,sr<=15%,kvB<=1k,kp<=64k,0.0014,3
8192,n<=16,sr<=15%,kvB<=1k,kp<=8k,1.4198,4
8192,n<=16,sr<=15%,kvB<=1k,kp=0,0.082,4
8192,n<=16,sr<=15%,kvB<=4k,kp<=16k,0.2425,4
8192,n<=16,sr<=15%,kvB<=4k,kp<=1k,0.2849,4
8192,n<=16,sr<=15%,kvB<=4k,kp<=2k,0.3785,4
8192,n<=16,sr<=15%,kvB<=4k,kp<=32k,-0.0697,4
8192,n<=16,sr<=15%,kvB<=4k,kp<=4k,0.0491,4
8192,n<=16,sr<=15%,kvB<=4k,kp<=512,0.374,4
8192,n<=16,sr<=15%,kvB<=4k,kp<=64k,0.638,3
8192,n<=16,sr<=15%,kvB<=4k,kp<=8k,0.1749,4
8192,n<=16,sr<=15%,kvB<=4k,kp=0,0.2565,4
8192,n<=16,sr<=15%,kvB<=64k,kp<=16k,0.4206,4
8192,n<=16,sr<=15%,kvB<=64k,kp<=1k,0.4349,4
8192,n<=16,sr<=15%,kvB<=64k,kp<=2k,0.4359,4
8192,n<=16,sr<=15%,kvB<=64k,kp<=32k,0.4119,4
8192,n<=16,sr<=15%,kvB<=64k,kp<=4k,0.4328,4
8192,n<=16,sr<=15%,kvB<=64k,kp<=512,0.4338,4
8192,n<=16,sr<=15%,kvB<=64k,kp<=64k,0.4131,4
8192,n<=16,sr<=15%,kvB<=64k,kp<=8k,0.4337,4
8192,n<=16,sr<=15%,kvB<=64k,kp=0,0.4338,4
8192,n<=16,sr<=40%,kvB<=16k,kp<=16k,0.3407,4
8192,n<=16,sr<=40%,kvB<=16k,kp<=1k,0.3246,4
8192,n<=16,sr<=40%,kvB<=16k,kp<=2k,0.3236,4
8192,n<=16,sr<=40%,kvB<=16k,kp<=32k,0.2686,4
8192,n<=16,sr<=40%,kvB<=16k,kp<=4k,0.3216,4
8192,n<=16,sr<=40%,kvB<=16k,kp<=512,0.3148,4
8192,n<=16,sr<=40%,kvB<=16k,kp<=64k,1.2117,3
8192,n<=16,sr<=40%,kvB<=16k,kp<=8k,0.3251,4
8192,n<=16,sr<=40%,kvB<=16k,kp=0,0.3366,4
8192,n<=16,sr<=40%,kvB<=1k,kp<=16k,-0.7532,3
8192,n<=16,sr<=40%,kvB<=1k,kp<=1k,0.1996,4
8192,n<=16,sr<=40%,kvB<=1k,kp<=2k,-0.2755,3
8192,n<=16,sr<=40%,kvB<=1k,kp<=32k,0.0604,3
8192,n<=16,sr<=40%,kvB<=1k,kp<=4k,0.3233,3
8192,n<=16,sr<=40%,kvB<=1k,kp<=512,0.5474,4
8192,n<=16,sr<=40%,kvB<=1k,kp<=64k,0.516,3
8192,n<=16,sr<=40%,kvB<=1k,kp<=8k,0.5245,3
8192,n<=16,sr<=40%,kvB<=1k,kp=0,0.7607,4
8192,n<=16,sr<=40%,kvB<=4k,kp<=16k,-0.032,4
8192,n<=16,sr<=40%,kvB<=4k,kp<=1k,0.2722,4
8192,n<=16,sr<=40%,kvB<=4k,kp<=2k,0.254,4
8192,n<=16,sr<=40%,kvB<=4k,kp<=32k,0.056,3
8192,n<=16,sr<=40%,kvB<=4k,kp<=4k,0.2961,4
8192,n<=16,sr<=40%,kvB<=4k,kp<=512,0.2279,4
8192,n<=16,sr<=40%,kvB<=4k,kp<=64k,2.3605,2
8192,n<=16,sr<=40%,kvB<=4k,kp<=8k,0.3839,4
8192,n<=16,sr<=40%,kvB<=4k,kp=0,0.1632,4
8192,n<=16,sr<=40%,kvB<=64k,kp<=16k,0.3526,4
8192,n<=16,sr<=40%,kvB<=64k,kp<=1k,0.3635,4
8192,n<=16,sr<=40%,kvB<=64k,kp<=2k,0.3669,4
8192,n<=16,sr<=40%,kvB<=64k,kp<=32k,0.3446,4
8192,n<=16,sr<=40%,kvB<=64k,kp<=4k,0.3689,4
8192,n<=16,sr<=40%,kvB<=64k,kp<=512,0.3653,4
8192,n<=16,sr<=40%,kvB<=64k,kp<=64k,0.3455,4
8192,n<=16,sr<=40%,kvB<=64k,kp<=8k,0.3641,4
8192,n<=16,sr<=40%,kvB<=64k,kp=0,0.3592,4
8192,n<=16,sr<=70%,kvB<=16k,kp<=16k,0.0963,2
8192,n<=16,sr<=70%,kvB<=16k,kp<=1k,0.1388,2
8192,n<=16,sr<=70%,kvB<=16k,kp<=2k,0.1518,2
8192,n<=16,sr<=70%,kvB<=16k,kp<=32k,0.5256,2
8192,n<=16,sr<=70%,kvB<=16k,kp<=4k,0.1362,2
8192,n<=16,sr<=70%,kvB<=16k,kp<=512,0.1618,2
8192,n<=16,sr<=70%,kvB<=16k,kp<=64k,0.0783,2
8192,n<=16,sr<=70%,kvB<=16k,kp<=8k,0.1584,2
8192,n<=16,sr<=70%,kvB<=16k,kp=0,0.1211,2
8192,n<=16,sr<=70%,kvB<=1k,kp<=16k,0.5718,1
8192,n<=16,sr<=70%,kvB<=1k,kp<=1k,-0.6108,2
8192,n<=16,sr<=70%,kvB<=1k,kp<=2k,-1.2284,2
8192,n<=16,sr<=70%,kvB<=1k,kp<=32k,0.373,2
8192,n<=16,sr<=70%,kvB<=1k,kp<=4k,0.9516,2
8192,n<=16,sr<=70%,kvB<=1k,kp<=512,-0.7128,2
8192,n<=16,sr<=70%,kvB<=1k,kp<=64k,0.0128,1
8192,n<=16,sr<=70%,kvB<=1k,kp<=8k,-0.1569,2
8192,n<=16,sr<=70%,kvB<=1k,kp=0,0.4066,2
8192,n<=16,sr<=70%,kvB<=4k,kp<=16k,0.1232,2
8192,n<=16,sr<=70%,kvB<=4k,kp<=1k,0.3753,2
8192,n<=16,sr<=70%,kvB<=4k,kp<=2k,-0.0382,2
8192,n<=16,sr<=70%,kvB<=4k,kp<=32k,0.405,2
8192,n<=16,sr<=70%,kvB<=4k,kp<=4k,0.3223,2
8192,n<=16,sr<=70%,kvB<=4k,kp<=512,0.1371,2
8192,n<=16,sr<=70%,kvB<=4k,kp<=64k,0.3719,2
8192,n<=16,sr<=70%,kvB<=4k,kp<=8k,0.1432,2
8192,n<=16,sr<=70%,kvB<=4k,kp=0,0.0688,2
8192,n<=16,sr<=70%,kvB<=64k,kp<=16k,0.1681,2
8192,n<=16,sr<=70%,kvB<=64k,kp<=1k,0.1799,2
8192,n<=16,sr<=70%,kvB<=64k,kp<=2k,0.1821,2
8192,n<=16,sr<=70%,kvB<=64k,kp<=32k,0.1621,2
8192,n<=16,sr<=70%,kvB<=64k,kp<=4k,0.1875,2
8192,n<=16,sr<=70%,kvB<=64k,kp<=512,0.1817,2
8192,n<=16,sr<=70%,kvB<=64k,kp<=64k,0.1337,2
8192,n<=16,sr<=70%,kvB<=64k,kp<=8k,0.1738,2
8192,n<=16,sr<=70%,kvB<=64k,kp=0,0.1725,2
8192,n<=16,sr>70%,kvB<=16k,kp<=16k,0.1312,4
8192,n<=16,sr>70%,kvB<=16k,kp<=1k,0.0527,4
8192,n<=16,sr>70%,kvB<=16k,kp<=2k,0.0901,4
8192,n<=16,sr>70%,kvB<=16k,kp<=32k,0.2175,4
8192,n<=16,sr>70%,kvB<=16k,kp<=4k,0.0353,4
8192,n<=16,sr>70%,kvB<=16k,kp<=512,-0.0256,4
8192,n<=16,sr>70%,kvB<=16k,kp<=64k,1.2144,3
8192,n<=16,sr>70%,kvB<=16k,kp<=8k,0.0076,4
8192,n<=16,sr>70%,kvB<=16k,kp=0,0.0664,4
8192,n<=16,sr>70%,kvB<=1k,kp<=16k,0.4422,2
8192,n<=16,sr>70%,kvB<=1k,kp<=1k,0.3848,3
8192,n<=16,sr>70%,kvB<=1k,kp<=2k,0.5034,1
8192,n<=16,sr>70%,kvB<=1k,kp<=32k,0.083,3
8192,n<=16,sr>70%,kvB<=1k,kp<=4k,0.6963,4
8192,n<=16,sr>70%,kvB<=1k,kp<=512,0.3369,4
8192,n<=16,sr>70%,kvB<=1k,kp<=64k,-0.0535,2
8192,n<=16,sr>70%,kvB<=1k,kp<=8k,4.672,2
8192,n<=16,sr>70%,kvB<=1k,kp=0,-0.4638,2
8192,n<=16,sr>70%,kvB<=4k,kp<=16k,0.8677,4
8192,n<=16,sr>70%,kvB<=4k,kp<=1k,0.3242,3
8192,n<=16,sr>70%,kvB<=4k,kp<=2k,0.224,4
8192,n<=16,sr>70%,kvB<=4k,kp<=32k,0.0301,3
8192,n<=16,sr>70%,kvB<=4k,kp<=4k,0.0743,4
8192,n<=16,sr>70%,kvB<=4k,kp<=512,-0.3186,4
8192,n<=16,sr>70%,kvB<=4k,kp<=64k,0.8415,4
8192,n<=16,sr>70%,kvB<=4k,kp<=8k,0.0754,4
8192,n<=16,sr>70%,kvB<=4k,kp=0,0.2755,4
8192,n<=16,sr>70%,kvB<=64k,kp<=16k,0.0045,4
8192,n<=16,sr>70%,kvB<=64k,kp<=1k,0.0571,4
8192,n<=16,sr>70%,kvB<=64k,kp<=2k,0.065,4
8192,n<=16,sr>70%,kvB<=64k,kp<=32k,0.062,4
8192,n<=16,sr>70%,kvB<=64k,kp<=4k,0.059,4
8192,n<=16,sr>70%,kvB<=64k,kp<=512,0.0634,4
8192,n<=16,sr>70%,kvB<=64k,kp<=64k,0.0313,4
8192,n<=16,sr>70%,kvB<=64k,kp<=8k,0.0823,4
8192,n<=16,sr>70%,kvB<=64k,kp=0,0.078,4
8192,n<=2,sr<=70%,kvB<=16k,kp<=16k,0.3395,2
8192,n<=2,sr<=70%,kvB<=16k,kp<=1k,0.4508,2
8192,n<=2,sr<=70%,kvB<=16k,kp<=2k,-0.0807,2
8192,n<=2,sr<=70%,kvB<=16k,kp<=32k,0.0688,2
8192,n<=2,sr<=70%,kvB<=16k,kp<=4k,0.2006,2
8192,n<=2,sr<=70%,kvB<=16k,kp<=512,0.6124,2
8192,n<=2,sr<=70%,kvB<=16k,kp<=64k,-0.0997,2
8192,n<=2,sr<=70%,kvB<=16k,kp<=8k,-0.5276,2
8192,n<=2,sr<=70%,kvB<=16k,kp=0,0.1442,2
8192,n<=2,sr<=70%,kvB<=1k,kp<=16k,0.591,1
8192,n<=2,sr<=70%,kvB<=1k,kp<=1k,1.7032,1
8192,n<=2,sr<=70%,kvB<=1k,kp<=32k,-0.0074,2
8192,n<=2,sr<=70%,kvB<=1k,kp<=4k,0.2512,2
8192,n<=2,sr<=70%,kvB<=1k,kp<=512,2.6902,1
8192,n<=2,sr<=70%,kvB<=1k,kp<=64k,176.2957,1
8192,n<=2,sr<=70%,kvB<=1k,kp<=8k,-0.0262,2
8192,n<=2,sr<=70%,kvB<=1k,kp=0,2.6759,2
8192,n<=2,sr<=70%,kvB<=4k,kp<=2k,0.0481,2
8192,n<=2,sr<=70%,kvB<=4k,kp<=4k,-12.3178,1
8192,n<=2,sr<=70%,kvB<=4k,kp<=512,0.0935,2
8192,n<=2,sr<=70%,kvB<=4k,kp<=64k,-0.0304,1
8192,n<=2,sr<=70%,kvB<=4k,kp<=8k,-0.0828,2
8192,n<=2,sr<=70%,kvB<=4k,kp=0,0.7246,2
8192,n<=2,sr<=70%,kvB<=64k,kp<=16k,-0.2095,2
8192,n<=2,sr<=70%,kvB<=64k,kp<=1k,0.0802,2
8192,n<=2,sr<=70%,kvB<=64k,kp<=2k,0.1677,2
8192,n<=2,sr<=70%,kvB<=64k,kp<=32k,0.112,1
8192,n<=2,sr<=70%,kvB<=64k,kp<=4k,-0.1445,2
8192,n<=2,sr<=70%,kvB<=64k,kp<=512,-0.0001,2
8192,n<=2,sr<=70%,kvB<=64k,kp<=64k,0.2036,2
8192,n<=2,sr<=70%,kvB<=64k,kp<=8k,0.0149,2
8192,n<=2,sr<=70%,kvB<=64k,kp=0,0.0516,2
8192,n<=32,sr<=15%,kvB<=16k,kp<=16k,0.1609,6
8192,n<=32,sr<=15%,kvB<=16k,kp<=1k,0.175,6
8192,n<=32,sr<=15%,kvB<=16k,kp<=2k,0.1796,6
8192,n<=32,sr<=15%,kvB<=16k,kp<=32k,0.1693,6
8192,n<=32,sr<=15%,kvB<=16k,kp<=4k,0.1722,6
8192,n<=32,sr<=15%,kvB<=16k,kp<=512,0.1796,6
8192,n<=32,sr<=15%,kvB<=16k,kp<=64k,0.0763,5
8192,n<=32,sr<=15%,kvB<=16k,kp<=8k,0.1659,6
8192,n<=32,sr<=15%,kvB<=16k,kp=0,0.1765,6
8192,n<=32,sr<=15%,kvB<=1k,kp<=16k,0.1161,6
8192,n<=32,sr<=15%,kvB<=1k,kp<=1k,0.1023,6
8192,n<=32,sr<=15%,kvB<=1k,kp<=2k,-0.072,6
8192,n<=32,sr<=15%,kvB<=1k,kp<=32k,-0.0077,6
8192,n<=32,sr<=15%,kvB<=1k,kp<=4k,0.0675,6
8192,n<=32,sr<=15%,kvB<=1k,kp<=512,0.2188,6
8192,n<=32,sr<=15%,kvB<=1k,kp<=64k,1.2832,4
8192,n<=32,sr<=15%,kvB<=1k,kp<=8k,0.3361,6
8192,n<=32,sr<=15%,kvB<=1k,kp=0,0.087,6
8192,n<=32,sr<=15%,kvB<=4k,kp<=16k,0.1496,6
8192,n<=32,sr<=15%,kvB<=4k,kp<=1k,0.1282,6
8192,n<=32,sr<=15%,kvB<=4k,kp<=2k,0.1566,6
8192,n<=32,sr<=15%,kvB<=4k,kp<=32k,0.4447,6
8192,n<=32,sr<=15%,kvB<=4k,kp<=4k,0.1553,6
8192,n<=32,sr<=15%,kvB<=4k,kp<=512,0.135,6
8192,n<=32,sr<=15%,kvB<=4k,kp<=64k,0.0362,3
8192,n<=32,sr<=15%,kvB<=4k,kp<=8k,0.1456,6
8192,n<=32,sr<=15%,kvB<=4k,kp=0,0.1402,6
8192,n<=32,sr<=15%,kvB<=64k,kp<=16k,0.1727,6
8192,n<=32,sr<=15%,kvB<=64k,kp<=1k,0.1736,6
8192,n<=32,sr<=15%,kvB<=64k,kp<=2k,0.1696,6
8192,n<=32,sr<=15%,kvB<=64k,kp<=32k,0.1694,6
8192,n<=32,sr<=15%,kvB<=64k,kp<=4k,0.1742,6
8192,n<=32,sr<=15%,kvB<=64k,kp<=512,0.1715,6
8192,n<=32,sr<=15%,kvB<=64k,kp<=64k,0.1701,6
8192,n<=32,sr<=15%,kvB<=64k,kp<=8k,0.1746,6
8192,n<=32,sr<=15%,kvB<=64k,kp=0,0.1717,6
8192,n<=32,sr<=40%,kvB<=16k,kp<=16k,0.0819,2
8192,n<=32,sr<=40%,kvB<=16k,kp<=1k,0.0722,2
8192,n<=32,sr<=40%,kvB<=16k,kp<=2k,0.0865,2
8192,n<=32,sr<=40%,kvB<=16k,kp<=32k,0.0909,2
8192,n<=32,sr<=40%,kvB<=16k,kp<=4k,0.0749,2
8192,n<=32,sr<=40%,kvB<=16k,kp<=512,0.0716,2
8192,n<=32,sr<=40%,kvB<=16k,kp<=64k,0.0626,2
8192,n<=32,sr<=40%,kvB<=16k,kp<=8k,0.0633,2
8192,n<=32,sr<=40%,kvB<=16k,kp=0,0.0525,2
8192,n<=32,sr<=40%,kvB<=1k,kp<=16k,0.7585,2
8192,n<=32,sr<=40%,kvB<=1k,kp<=1k,0.2968,2
8192,n<=32,sr<=40%,kvB<=1k,kp<=2k,-0.0871,2
8192,n<=32,sr<=40%,kvB<=1k,kp<=32k,-1.185,1
8192,n<=32,sr<=40%,kvB<=1k,kp<=4k,0.3694,2
8192,n<=32,sr<=40%,kvB<=1k,kp<=512,0.1329,2
8192,n<=32,sr<=40%,kvB<=1k,kp<=64k,0.3496,2
8192,n<=32,sr<=40%,kvB<=1k,kp<=8k,0.1361,2
8192,n<=32,sr<=40%,kvB<=1k,kp=0,0.2393,2
8192,n<=32,sr<=40%,kvB<=4k,kp<=16k,-0.1114,2
8192,n<=32,sr<=40%,kvB<=4k,kp<=1k,0.0278,2
8192,n<=32,sr<=40%,kvB<=4k,kp<=2k,0.0319,2
8192,n<=32,sr<=40%,kvB<=4k,kp<=32k,0.0217,2
8192,n<=32,sr<=40%,kvB<=4k,kp<=4k,0.0009,2
8192,n<=32,sr<=40%,kvB<=4k,kp<=512,0.0627,2
8192,n<=32,sr<=40%,kvB<=4k,kp<=64k,-0.3276,2
8192,n<=32,sr<=40%,kvB<=4k,kp<=8k,-0.0362,2
8192,n<=32,sr<=40%,kvB<=4k,kp=0,0.026,2
8192,n<=32,sr<=40%,kvB<=64k,kp<=16k,0.0663,2
8192,n<=32,sr<=40%,kvB<=64k,kp<=1k,0.0733,2
8192,n<=32,sr<=40%,kvB<=64k,kp<=2k,0.0696,2
8192,n<=32,sr<=40%,kvB<=64k,kp<=32k,0.0678,2
8192,n<=32,sr<=40%,kvB<=64k,kp<=4k,0.0769,2
8192,n<=32,sr<=40%,kvB<=64k,kp<=512,0.0748,2
8192,n<=32,sr<=40%,kvB<=64k,kp<=64k,0.0692,2
8192,n<=32,sr<=40%,kvB<=64k,kp<=8k,0.0722,2
8192,n<=32,sr<=40%,kvB<=64k,kp=0,0.0759,2
8192,n<=32,sr<=5%,kvB<=16k,kp<=16k,0.1915,2
8192,n<=32,sr<=5%,kvB<=16k,kp<=1k,0.2126,2
8192,n<=32,sr<=5%,kvB<=16k,kp<=2k,0.2175,2
8192,n<=32,sr<=5%,kvB<=16k,kp<=32k,-0.1516,2
8192,n<=32,sr<=5%,kvB<=16k,kp<=4k,0.2328,2
8192,n<=32,sr<=5%,kvB<=16k,kp<=512,0.2171,2
8192,n<=32,sr<=5%,kvB<=16k,kp<=64k,0.6253,2
8192,n<=32,sr<=5%,kvB<=16k,kp<=8k,0.2098,2
8192,n<=32,sr<=5%,kvB<=16k,kp=0,0.2181,2
8192,n<=32,sr<=5%,kvB<=1k,kp<=16k,0.1746,2
8192,n<=32,sr<=5%,kvB<=1k,kp<=1k,0.0228,2
8192,n<=32,sr<=5%,kvB<=1k,kp<=2k,-0.0371,2
8192,n<=32,sr<=5%,kvB<=1k,kp<=32k,0.3157,1
8192,n<=32,sr<=5%,kvB<=1k,kp<=4k,-0.2594,2
8192,n<=32,sr<=5%,kvB<=1k,kp<=512,0.1638,2
8192,n<=32,sr<=5%,kvB<=1k,kp<=8k,0.0674,2
8192,n<=32,sr<=5%,kvB<=1k,kp=0,0.3178,2
8192,n<=32,sr<=5%,kvB<=4k,kp<=16k,0.0978,2
8192,n<=32,sr<=5%,kvB<=4k,kp<=1k,0.2036,2
8192,n<=32,sr<=5%,kvB<=4k,kp<=2k,0.1503,2
8192,n<=32,sr<=5%,kvB<=4k,kp<=32k,-0.0099,1
8192,n<=32,sr<=5%,kvB<=4k,kp<=4k,0.1131,2
8192,n<=32,sr<=5%,kvB<=4k,kp<=512,0.1325,2
8192,n<=32,sr<=5%,kvB<=4k,kp<=64k,0.6399,2
8192,n<=32,sr<=5%,kvB<=4k,kp<=8k,0.0803,2
8192,n<=32,sr<=5%,kvB<=4k,kp=0,0.1708,2
8192,n<=32,sr<=5%,kvB<=64k,kp<=16k,0.2121,2
8192,n<=32,sr<=5%,kvB<=64k,kp<=1k,0.215,2
8192,n<=32,sr<=5%,kvB<=64k,kp<=2k,0.2171,2
8192,n<=32,sr<=5%,kvB<=64k,kp<=32k,0.2141,2
8192,n<=32,sr<=5%,kvB<=64k,kp<=4k,0.2161,2
8192,n<=32,sr<=5%,kvB<=64k,kp<=512,0.2128,2
8192,n<=32,sr<=5%,kvB<=64k,kp<=64k,0.22,2
8192,n<=32,sr<=5%,kvB<=64k,kp<=8k,0.2187,2
8192,n<=32,sr<=5%,kvB<=64k,kp=0,0.2163,2
8192,n<=32,sr<=70%,kvB<=16k,kp<=16k,0.0265,2
8192,n<=32,sr<=70%,kvB<=16k,kp<=1k,0.0108,2
8192,n<=32,sr<=70%,kvB<=16k,kp<=2k,-0.0015,2
8192,n<=32,sr<=70%,kvB<=16k,kp<=32k,-0.0036,2
8192,n<=32,sr<=70%,kvB<=16k,kp<=4k,0.011,2
8192,n<=32,sr<=70%,kvB<=16k,kp<=512,0.0051,2
8192,n<=32,sr<=70%,kvB<=16k,kp<=64k,0.039,1
8192,n<=32,sr<=70%,kvB<=16k,kp<=8k,0.0242,2
8192,n<=32,sr<=70%,kvB<=16k,kp=0,0.0057,2
8192,n<=32,sr<=70%,kvB<=1k,kp<=16k,-0.0917,2
8192,n<=32,sr<=70%,kvB<=1k,kp<=1k,-0.3687,2
8192,n<=32,sr<=70%,kvB<=1k,kp<=2k,-0.3604,2
8192,n<=32,sr<=70%,kvB<=1k,kp<=32k,0.0725,2
8192,n<=32,sr<=70%,kvB<=1k,kp<=4k,0.1614,2
8192,n<=32,sr<=70%,kvB<=1k,kp<=512,-0.1228,2
8192,n<=32,sr<=70%,kvB<=1k,kp<=8k,-0.0165,2
8192,n<=32,sr<=70%,kvB<=1k,kp=0,-0.2169,2
8192,n<=32,sr<=70%,kvB<=4k,kp<=16k,0.1622,2
8192,n<=32,sr<=70%,kvB<=4k,kp<=1k,0.0006,2
8192,n<=32,sr<=70%,kvB<=4k,kp<=2k,-0.0084,2
8192,n<=32,sr<=70%,kvB<=4k,kp<=32k,0.1834,2
8192,n<=32,sr<=70%,kvB<=4k,kp<=4k,0.0748,2
8192,n<=32,sr<=70%,kvB<=4k,kp<=512,-0.0071,2
8192,n<=32,sr<=70%,kvB<=4k,kp<=64k,0.3104,2
8192,n<=32,sr<=70%,kvB<=4k,kp<=8k,0.0253,2
8192,n<=32,sr<=70%,kvB<=4k,kp=0,0.0249,2
8192,n<=32,sr<=70%,kvB<=64k,kp<=16k,-0.0065,2
8192,n<=32,sr<=70%,kvB<=64k,kp<=1k,0.0018,2
8192,n<=32,sr<=70%,kvB<=64k,kp<=2k,-0.0035,2
8192,n<=32,sr<=70%,kvB<=64k,kp<=32k,0.0106,2
8192,n<=32,sr<=70%,kvB<=64k,kp<=4k,-0.0026,2
8192,n<=32,sr<=70%,kvB<=64k,kp<=512,-0.0173,2
8192,n<=32,sr<=70%,kvB<=64k,kp<=64k,-0.0136,2
8192,n<=32,sr<=70%,kvB<=64k,kp<=8k,-0.0074,2
8192,n<=32,sr<=70%,kvB<=64k,kp=0,-0.0069,2
8192,n<=32,sr>70%,kvB<=16k,kp<=16k,0.2834,4
8192,n<=32,sr>70%,kvB<=16k,kp<=1k,0.2946,4
8192,n<=32,sr>70%,kvB<=16k,kp<=2k,0.3007,4
8192,n<=32,sr>70%,kvB<=16k,kp<=32k,0.2757,4
8192,n<=32,sr>70%,kvB<=16k,kp<=4k,0.2824,4
8192,n<=32,sr>70%,kvB<=16k,kp<=512,0.3453,4
8192,n<=32,sr>70%,kvB<=16k,kp<=64k,0.0104,4
8192,n<=32,sr>70%,kvB<=16k,kp<=8k,0.2682,4
8192,n<=32,sr>70%,kvB<=16k,kp=0,0.2765,4
8192,n<=32,sr>70%,kvB<=1k,kp<=16k,1.0636,4
8192,n<=32,sr>70%,kvB<=1k,kp<=1k,-0.0624,4
8192,n<=32,sr>70%,kvB<=1k,kp<=2k,0.1781,3
8192,n<=32,sr>70%,kvB<=1k,kp<=32k,0.3955,3
8192,n<=32,sr>70%,kvB<=1k,kp<=4k,0.3264,4
8192,n<=32,sr>70%,kvB<=1k,kp<=512,0.5426,4
8192,n<=32,sr>70%,kvB<=1k,kp<=64k,0.6295,3
8192,n<=32,sr>70%,kvB<=1k,kp<=8k,0.2786,2
8192,n<=32,sr>70%,kvB<=1k,kp=0,0.396,4
8192,n<=32,sr>70%,kvB<=4k,kp<=16k,0.3443,3
8192,n<=32,sr>70%,kvB<=4k,kp<=1k,0.3069,4
8192,n<=32,sr>70%,kvB<=4k,kp<=2k,0.2701,4
8192,n<=32,sr>70%,kvB<=4k,kp<=32k,-0.2035,3
8192,n<=32,sr>70%,kvB<=4k,kp<=4k,0.2885,4
8192,n<=32,sr>70%,kvB<=4k,kp<=512,0.2837,4
8192,n<=32,sr>70%,kvB<=4k,kp<=64k,0.4168,3
8192,n<=32,sr>70%,kvB<=4k,kp<=8k,0.3451,4
8192,n<=32,sr>70%,kvB<=4k,kp=0,0.1797,4
8192,n<=32,sr>70%,kvB<=64k,kp<=16k,0.2848,4
8192,n<=32,sr>70%,kvB<=64k,kp<=1k,0.2776,4
8192,n<=32,sr>70%,kvB<=64k,kp<=2k,0.2984,4
8192,n<=32,sr>70%,kvB<=64k,kp<=32k,0.2813,4
8192,n<=32,sr>70%,kvB<=64k,kp<=4k,0.2993,4
8192,n<=32,sr>70%,kvB<=64k,kp<=512,0.2777,4
8192,n<=32,sr>70%,kvB<=64k,kp<=64k,0.3052,4
8192,n<=32,sr>70%,kvB<=64k,kp<=8k,0.2823,4
8192,n<=32,sr>70%,kvB<=64k,kp=0,0.2742,4
8192,n<=4,sr<=40%,kvB<=16k,kp<=16k,-1.1561,2
8192,n<=4,sr<=40%,kvB<=16k,kp<=1k,0.2006,2
8192,n<=4,sr<=40%,kvB<=16k,kp<=2k,0.0882,2
8192,n<=4,sr<=40%,kvB<=16k,kp<=32k,0.3039,2
8192,n<=4,sr<=40%,kvB<=16k,kp<=4k,0.1307,2
8192,n<=4,sr<=40%,kvB<=16k,kp<=512,0.1059,2
8192,n<=4,sr<=40%,kvB<=16k,kp<=64k,0.1049,2
8192,n<=4,sr<=40%,kvB<=16k,kp<=8k,0.6894,2
8192,n<=4,sr<=40%,kvB<=16k,kp=0,0.0815,2
8192,n<=4,sr<=40%,kvB<=1k,kp<=16k,0.0363,1
8192,n<=4,sr<=40%,kvB<=1k,kp<=1k,-0.252,1
8192,n<=4,sr<=40%,kvB<=1k,kp<=2k,-0.0495,1
8192,n<=4,sr<=40%,kvB<=1k,kp<=32k,0.5484,1
8192,n<=4,sr<=40%,kvB<=1k,kp<=4k,-0.2228,2
8192,n<=4,sr<=40%,kvB<=1k,kp<=512,0.1741,1
8192,n<=4,sr<=40%,kvB<=1k,kp<=64k,4.2753,1
8192,n<=4,sr<=40%,kvB<=1k,kp<=8k,0.1117,1
8192,n<=4,sr<=40%,kvB<=1k,kp=0,3.6422,2
8192,n<=4,sr<=40%,kvB<=4k,kp<=16k,-0.0772,2
8192,n<=4,sr<=40%,kvB<=4k,kp<=1k,0.6811,2
8192,n<=4,sr<=40%,kvB<=4k,kp<=2k,2.4571,1
8192,n<=4,sr<=40%,kvB<=4k,kp<=32k,0.2769,2
8192,n<=4,sr<=40%,kvB<=4k,kp<=4k,0.1182,1
8192,n<=4,sr<=40%,kvB<=4k,kp<=512,-1.2641,2
8192,n<=4,sr<=40%,kvB<=4k,kp<=8k,1.718,2
8192,n<=4,sr<=40%,kvB<=4k,kp=0,0.1259,2
8192,n<=4,sr<=40%,kvB<=64k,kp<=16k,0.3213,2
8192,n<=4,sr<=40%,kvB<=64k,kp<=1k,0.2916,2
8192,n<=4,sr<=40%,kvB<=64k,kp<=2k,0.3099,2
8192,n<=4,sr<=40%,kvB<=64k,kp<=32k,0.2009,2
8192,n<=4,sr<=40%,kvB<=64k,kp<=4k,0.3109,2
8192,n<=4,sr<=40%,kvB<=64k,kp<=512,0.3099,2
8192,n<=4,sr<=40%,kvB<=64k,kp<=64k,0.1683,2
8192,n<=4,sr<=40%,kvB<=64k,kp<=8k,0.3132,2
8192,n<=4,sr<=40%,kvB<=64k,kp=0,0.2831,2
8192,n<=4,sr<=70%,kvB<=16k,kp<=16k,-0.9478,2
8192,n<=4,sr<=70%,kvB<=16k,kp<=1k,0.075,2
8192,n<=4,sr<=70%,kvB<=16k,kp<=2k,-0.6011,2
8192,n<=4,sr<=70%,kvB<=16k,kp<=32k,0.0651,2
8192,n<=4,sr<=70%,kvB<=16k,kp<=4k,0.2923,2
8192,n<=4,sr<=70%,kvB<=16k,kp<=512,0.1294,2
8192,n<=4,sr<=70%,kvB<=16k,kp<=64k,-0.5669,1
8192,n<=4,sr<=70%,kvB<=16k,kp<=8k,-0.2646,2
8192,n<=4,sr<=70%,kvB<=16k,kp=0,-0.007,2
8192,n<=4,sr<=70%,kvB<=1k,kp<=16k,0.5263,2
8192,n<=4,sr<=70%,kvB<=1k,kp<=1k,0.1099,1
8192,n<=4,sr<=70%,kvB<=1k,kp<=2k,0.0957,1
8192,n<=4,sr<=70%,kvB<=1k,kp<=32k,0.0463,1
8192,n<=4,sr<=70%,kvB<=1k,kp<=512,0.1744,2
8192,n<=4,sr<=70%,kvB<=1k,kp<=8k,65.5762,1
8192,n<=4,sr<=70%,kvB<=1k,kp=0,0.128,1
8192,n<=4,sr<=70%,kvB<=4k,kp<=16k,-0.1187,1
8192,n<=4,sr<=70%,kvB<=4k,kp<=1k,-0.8006,2
8192,n<=4,sr<=70%,kvB<=4k,kp<=2k,-1.4141,1
8192,n<=4,sr<=70%,kvB<=4k,kp<=32k,0.923,2
8192,n<=4,sr<=70%,kvB<=4k,kp<=4k,2.8364,1
8192,n<=4,sr<=70%,kvB<=4k,kp<=512,-0.2643,2
8192,n<=4,sr<=70%,kvB<=4k,kp<=64k,1.4857,1
8192,n<=4,sr<=70%,kvB<=4k,kp<=8k,0.1057,2
8192,n<=4,sr<=70%,kvB<=4k,kp=0,0.0662,2
8192,n<=4,sr<=70%,kvB<=64k,kp<=16k,0.14,2
8192,n<=4,sr<=70%,kvB<=64k,kp<=1k,0.1629,2
8192,n<=4,sr<=70%,kvB<=64k,kp<=2k,0.0796,2
8192,n<=4,sr<=70%,kvB<=64k,kp<=32k,0.1671,1
8192,n<=4,sr<=70%,kvB<=64k,kp<=4k,0.1787,2
8192,n<=4,sr<=70%,kvB<=64k,kp<=512,0.1109,2
8192,n<=4,sr<=70%,kvB<=64k,kp<=64k,0.038,1
8192,n<=4,sr<=70%,kvB<=64k,kp<=8k,0.1943,2
8192,n<=4,sr<=70%,kvB<=64k,kp=0,0.1571,2
8192,n<=4,sr>70%,kvB<=16k,kp<=16k,-0.3314,2
8192,n<=4,sr>70%,kvB<=16k,kp<=1k,-0.011,1
8192,n<=4,sr>70%,kvB<=16k,kp<=2k,0.049,2
8192,n<=4,sr>70%,kvB<=16k,kp<=32k,-0.1581,2
8192,n<=4,sr>70%,kvB<=16k,kp<=4k,-0.116,2
8192,n<=4,sr>70%,kvB<=16k,kp<=512,-0.3425,2
8192,n<=4,sr>70%,kvB<=16k,kp<=64k,17.03,1
8192,n<=4,sr>70%,kvB<=16k,kp<=8k,0.253,1
8192,n<=4,sr>70%,kvB<=16k,kp=0,0.2483,1
8192,n<=4,sr>70%,kvB<=1k,kp<=16k,-0.3978,1
8192,n<=4,sr>70%,kvB<=1k,kp<=1k,0.8549,1
8192,n<=4,sr>70%,kvB<=1k,kp<=2k,-1.0445,1
8192,n<=4,sr>70%,kvB<=1k,kp<=4k,-0.9037,1
8192,n<=4,sr>70%,kvB<=1k,kp<=512,0.7105,2
8192,n<=4,sr>70%,kvB<=1k,kp<=64k,1.7231,2
8192,n<=4,sr>70%,kvB<=1k,kp<=8k,0.7091,1
8192,n<=4,sr>70%,kvB<=1k,kp=0,1.4445,2
8192,n<=4,sr>70%,kvB<=4k,kp<=16k,-1.7765,1
8192,n<=4,sr>70%,kvB<=4k,kp<=1k,-0.5469,1
8192,n<=4,sr>70%,kvB<=4k,kp<=2k,-3.5151,1
8192,n<=4,sr>70%,kvB<=4k,kp<=32k,0.1612,1
8192,n<=4,sr>70%,kvB<=4k,kp<=4k,0.3606,1
8192,n<=4,sr>70%,kvB<=4k,kp<=512,-3.8744,1
8192,n<=4,sr>70%,kvB<=4k,kp<=8k,0.2626,1
8192,n<=4,sr>70%,kvB<=4k,kp=0,1.1312,2
8192,n<=4,sr>70%,kvB<=64k,kp<=16k,0.0513,2
8192,n<=4,sr>70%,kvB<=64k,kp<=1k,-0.0493,2
8192,n<=4,sr>70%,kvB<=64k,kp<=2k,0.0166,2
8192,n<=4,sr>70%,kvB<=64k,kp<=32k,0.4652,2
8192,n<=4,sr>70%,kvB<=64k,kp<=4k,0.105,2
8192,n<=4,sr>70%,kvB<=64k,kp<=512,-0.0084,2
8192,n<=4,sr>70%,kvB<=64k,kp<=8k,0.0411,2
8192,n<=4,sr>70%,kvB<=64k,kp=0,0.0823,2
8192,n<=64,sr<=15%,kvB<=16k,kp<=16k,0.007,4
8192,n<=64,sr<=15%,kvB<=16k,kp<=1k,0.0069,4
8192,n<=64,sr<=15%,kvB<=16k,kp<=2k,0.009,4
8192,n<=64,sr<=15%,kvB<=16k,kp<=32k,0.0039,4
8192,n<=64,sr<=15%,kvB<=16k,kp<=4k,0.0104,4
8192,n<=64,sr<=15%,kvB<=16k,kp<=512,0.0095,4
8192,n<=64,sr<=15%,kvB<=16k,kp<=64k,0.055,4
8192,n<=64,sr<=15%,kvB<=16k,kp<=8k,0.0079,4
8192,n<=64,sr<=15%,kvB<=16k,kp=0,0.0062,4
8192,n<=64,sr<=15%,kvB<=1k,kp<=16k,-0.1301,4
8192,n<=64,sr<=15%,kvB<=1k,kp<=1k,0.0289,4
8192,n<=64,sr<=15%,kvB<=1k,kp<=2k,-0.0473,4
8192,n<=64,sr<=15%,kvB<=1k,kp<=32k,0.2296,3
8192,n<=64,sr<=15%,kvB<=1k,kp<=4k,-0.0464,4
8192,n<=64,sr<=15%,kvB<=1k,kp<=512,0.0242,4
8192,n<=64,sr<=15%,kvB<=1k,kp<=64k,0.059,3
8192,n<=64,sr<=15%,kvB<=1k,kp<=8k,0.1198,4
8192,n<=64,sr<=15%,kvB<=1k,kp=0,-0.013,4
8192,n<=64,sr<=15%,kvB<=4k,kp<=16k,0.0454,4
8192,n<=64,sr<=15%,kvB<=4k,kp<=1k,0.0028,4
8192,n<=64,sr<=15%,kvB<=4k,kp<=2k,0.0046,4
8192,n<=64,sr<=15%,kvB<=4k,kp<=32k,0.0588,4
8192,n<=64,sr<=15%,kvB<=4k,kp<=4k,-0.0014,4
8192,n<=64,sr<=15%,kvB<=4k,kp<=512,0.0098,4
8192,n<=64,sr<=15%,kvB<=4k,kp<=64k,1.4251,3
8192,n<=64,sr<=15%,kvB<=4k,kp<=8k,-0.0038,4
8192,n<=64,sr<=15%,kvB<=4k,kp=0,-0.011,4
8192,n<=64,sr<=15%,kvB<=64k,kp<=16k,0.0066,4
8192,n<=64,sr<=15%,kvB<=64k,kp<=1k,0.0068,4
8192,n<=64,sr<=15%,kvB<=64k,kp<=2k,0.0078,4
8192,n<=64,sr<=15%,kvB<=64k,kp<=32k,0.0042,4
8192,n<=64,sr<=15%,kvB<=64k,kp<=4k,0.0065,4
8192,n<=64,sr<=15%,kvB<=64k,kp<=512,0.0077,4
8192,n<=64,sr<=15%,kvB<=64k,kp<=64k,0.0069,4
8192,n<=64,sr<=15%,kvB<=64k,kp<=8k,0.008,4
8192,n<=64,sr<=15%,kvB<=64k,kp=0,0.008,4
8192,n<=64,sr<=40%,kvB<=16k,kp<=16k,0.0076,2
8192,n<=64,sr<=40%,kvB<=16k,kp<=1k,0.0116,2
8192,n<=64,sr<=40%,kvB<=16k,kp<=2k,0.0084,2
8192,n<=64,sr<=40%,kvB<=16k,kp<=32k,-0.0043,2
8192,n<=64,sr<=40%,kvB<=16k,kp<=4k,0.0026,2
8192,n<=64,sr<=40%,kvB<=16k,kp<=512,0.0045,2
8192,n<=64,sr<=40%,kvB<=16k,kp<=64k,0.0061,2
8192,n<=64,sr<=40%,kvB<=16k,kp<=8k,0.0004,2
8192,n<=64,sr<=40%,kvB<=16k,kp=0,0.0075,2
8192,n<=64,sr<=40%,kvB<=1k,kp<=16k,0.011,2
8192,n<=64,sr<=40%,kvB<=1k,kp<=1k,0.037,2
8192,n<=64,sr<=40%,kvB<=1k,kp<=2k,0.0427,2
8192,n<=64,sr<=40%,kvB<=1k,kp<=32k,-0.0691,2
8192,n<=64,sr<=40%,kvB<=1k,kp<=4k,0.0462,2
8192,n<=64,sr<=40%,kvB<=1k,kp<=512,0.0364,2
8192,n<=64,sr<=40%,kvB<=1k,kp<=64k,0.1734,2
8192,n<=64,sr<=40%,kvB<=1k,kp<=8k,-0.064,2
8192,n<=64,sr<=40%,kvB<=1k,kp=0,0.0248,2
8192,n<=64,sr<=40%,kvB<=4k,kp<=16k,0.0063,2
8192,n<=64,sr<=40%,kvB<=4k,kp<=1k,-0.0408,2
8192,n<=64,sr<=40%,kvB<=4k,kp<=2k,-0.0217,2
8192,n<=64,sr<=40%,kvB<=4k,kp<=32k,-0.0588,2
8192,n<=64,sr<=40%,kvB<=4k,kp<=4k,-0.0413,2
8192,n<=64,sr<=40%,kvB<=4k,kp<=512,-0.0271,2
8192,n<=64,sr<=40%,kvB<=4k,kp<=64k,1.2917,1
8192,n<=64,sr<=40%,kvB<=4k,kp<=8k,-0.0083,2
8192,n<=64,sr<=40%,kvB<=4k,kp=0,0.0047,2
8192,n<=64,sr<=40%,kvB<=64k,kp<=16k,0.0046,2
8192,n<=64,sr<=40%,kvB<=64k,kp<=1k,0.0113,2
8192,n<=64,sr<=40%,kvB<=64k,kp<=2k,0.008,2
8192,n<=64,sr<=40%,kvB<=64k,kp<=32k,-0.0031,2
8192,n<=64,sr<=40%,kvB<=64k,kp<=4k,0.0126,2
8192,n<=64,sr<=40%,kvB<=64k,kp<=512,0.005,2
8192,n<=64,sr<=40%,kvB<=64k,kp<=64k,-0.0003,2
8192,n<=64,sr<=40%,kvB<=64k,kp<=8k,0.0029,2
8192,n<=64,sr<=40%,kvB<=64k,kp=0,0.0113,2
8192,n<=64,sr<=5%,kvB<=16k,kp<=16k,0.0262,6
8192,n<=64,sr<=5%,kvB<=16k,kp<=1k,0.0289,6
8192,n<=64,sr<=5%,kvB<=16k,kp<=2k,0.0277,6
8192,n<=64,sr<=5%,kvB<=16k,kp<=32k,0.0232,6
8192,n<=64,sr<=5%,kvB<=16k,kp<=4k,0.0309,6
8192,n<=64,sr<=5%,kvB<=16k,kp<=512,0.0258,6
8192,n<=64,sr<=5%,kvB<=16k,kp<=64k,0.0859,6
8192,n<=64,sr<=5%,kvB<=16k,kp<=8k,0.0298,6
8192,n<=64,sr<=5%,kvB<=16k,kp=0,0.0299,6
8192,n<=64,sr<=5%,kvB<=1k,kp<=16k,0.1546,6
8192,n<=64,sr<=5%,kvB<=1k,kp<=1k,-0.0079,6
8192,n<=64,sr<=5%,kvB<=1k,kp<=2k,-0.0425,6
8192,n<=64,sr<=5%,kvB<=1k,kp<=32k,-0.0849,6
8192,n<=64,sr<=5%,kvB<=1k,kp<=4k,0.025,6
8192,n<=64,sr<=5%,kvB<=1k,kp<=512,0.0211,6
8192,n<=64,sr<=5%,kvB<=1k,kp<=64k,0.4831,4
8192,n<=64,sr<=5%,kvB<=1k,kp<=8k,-0.0277,6
8192,n<=64,sr<=5%,kvB<=1k,kp=0,-0.018,6
8192,n<=64,sr<=5%,kvB<=4k,kp<=16k,-0.0199,6
8192,n<=64,sr<=5%,kvB<=4k,kp<=1k,-0.0014,6
8192,n<=64,sr<=5%,kvB<=4k,kp<=2k,0.0121,6
8192,n<=64,sr<=5%,kvB<=4k,kp<=32k,0.0865,6
8192,n<=64,sr<=5%,kvB<=4k,kp<=4k,0.0081,6
8192,n<=64,sr<=5%,kvB<=4k,kp<=512,0.011,6
8192,n<=64,sr<=5%,kvB<=4k,kp<=64k,-1.0408,3
8192,n<=64,sr<=5%,kvB<=4k,kp<=8k,0.0158,6
8192,n<=64,sr<=5%,kvB<=4k,kp=0,0.0101,6
8192,n<=64,sr<=5%,kvB<=64k,kp<=16k,0.0279,6
8192,n<=64,sr<=5%,kvB<=64k,kp<=1k,0.0294,6
8192,n<=64,sr<=5%,kvB<=64k,kp<=2k,0.0291,6
8192,n<=64,sr<=5%,kvB<=64k,kp<=32k,0.0291,6
8192,n<=64,sr<=5%,kvB<=64k,kp<=4k,0.0305,6
8192,n<=64,sr<=5%,kvB<=64k,kp<=512,0.0289,6
8192,n<=64,sr<=5%,kvB<=64k,kp<=64k,0.0287,6
8192,n<=64,sr<=5%,kvB<=64k,kp<=8k,0.0286,6
8192,n<=64,sr<=5%,kvB<=64k,kp=0,0.0301,6
8192,n<=64,sr<=70%,kvB<=16k,kp<=16k,-0.0341,2
8192,n<=64,sr<=70%,kvB<=16k,kp<=1k,-0.0209,2
8192,n<=64,sr<=70%,kvB<=16k,kp<=2k,-0.0044,2
8192,n<=64,sr<=70%,kvB<=16k,kp<=32k,-0.012,2
8192,n<=64,sr<=70%,kvB<=16k,kp<=4k,0.0088,2
8192,n<=64,sr<=70%,kvB<=16k,kp<=512,-0.0082,2
8192,n<=64,sr<=70%,kvB<=16k,kp<=64k,-0.0344,2
8192,n<=64,sr<=70%,kvB<=16k,kp<=8k,-0.0089,2
8192,n<=64,sr<=70%,kvB<=16k,kp=0,-0.0045,2
8192,n<=64,sr<=70%,kvB<=1k,kp<=16k,-0.1974,2
8192,n<=64,sr<=70%,kvB<=1k,kp<=1k,0.0556,2
8192,n<=64,sr<=70%,kvB<=1k,kp<=2k,0.0124,2
8192,n<=64,sr<=70%,kvB<=1k,kp<=32k,-0.2008,2
8192,n<=64,sr<=70%,kvB<=1k,kp<=4k,-0.0214,2
8192,n<=64,sr<=70%,kvB<=1k,kp<=512,-0.0833,2
8192,n<=64,sr<=70%,kvB<=1k,kp<=64k,-0.1442,2
8192,n<=64,sr<=70%,kvB<=1k,kp<=8k,0.0242,2
8192,n<=64,sr<=70%,kvB<=1k,kp=0,0.003,2
8192,n<=64,sr<=70%,kvB<=4k,kp<=16k,-0.0017,2
8192,n<=64,sr<=70%,kvB<=4k,kp<=1k,-0.0348,2
8192,n<=64,sr<=70%,kvB<=4k,kp<=2k,0.0145,2
8192,n<=64,sr<=70%,kvB<=4k,kp<=32k,0.1591,2
8192,n<=64,sr<=70%,kvB<=4k,kp<=4k,-0.0478,2
8192,n<=64,sr<=70%,kvB<=4k,kp<=512,-0.0038,2
8192,n<=64,sr<=70%,kvB<=4k,kp<=64k,-0.6978,2
8192,n<=64,sr<=70%,kvB<=4k,kp<=8k,-0.0283,2
8192,n<=64,sr<=70%,kvB<=4k,kp=0,-0.0061,2
8192,n<=64,sr<=70%,kvB<=64k,kp<=16k,-0.0335,2
8192,n<=64,sr<=70%,kvB<=64k,kp<=1k,-0.0277,2
8192,n<=64,sr<=70%,kvB<=64k,kp<=2k,-0.0312,2
8192,n<=64,sr<=70%,kvB<=64k,kp<=32k,-0.025,2
8192,n<=64,sr<=70%,kvB<=64k,kp<=4k,-0.0275,2
8192,n<=64,sr<=70%,kvB<=64k,kp<=512,-0.0229,2
8192,n<=64,sr<=70%,kvB<=64k,kp<=64k,-0.0143,2
8192,n<=64,sr<=70%,kvB<=64k,kp<=8k,-0.032,2
8192,n<=64,sr<=70%,kvB<=64k,kp=0,-0.036,2
8192,n<=64,sr>70%,kvB<=16k,kp<=16k,0.0495,4
8192,n<=64,sr>70%,kvB<=16k,kp<=1k,0.058,4
8192,n<=64,sr>70%,kvB<=16k,kp<=2k,0.0308,4
8192,n<=64,sr>70%,kvB<=16k,kp<=32k,0.0522,4
8192,n<=64,sr>70%,kvB<=16k,kp<=4k,-0.0128,4
8192,n<=64,sr>70%,kvB<=16k,kp<=512,0.0486,4
8192,n<=64,sr>70%,kvB<=16k,kp<=64k,0.0483,4
8192,n<=64,sr>70%,kvB<=16k,kp<=8k,-0.0105,4
8192,n<=64,sr>70%,kvB<=16k,kp=0,0.0703,4
8192,n<=64,sr>70%,kvB<=1k,kp<=16k,0.803,4
8192,n<=64,sr>70%,kvB<=1k,kp<=1k,0.122,4
8192,n<=64,sr>70%,kvB<=1k,kp<=2k,0.3333,4
8192,n<=64,sr>70%,kvB<=1k,kp<=32k,-0.3787,4
8192,n<=64,sr>70%,kvB<=1k,kp<=4k,0.2305,4
8192,n<=64,sr>70%,kvB<=1k,kp<=512,0.2581,4
8192,n<=64,sr>70%,kvB<=1k,kp<=64k,1.1501,4
8192,n<=64,sr>70%,kvB<=1k,kp<=8k,-0.0092,4
8192,n<=64,sr>70%,kvB<=1k,kp=0,0.1334,4
8192,n<=64,sr>70%,kvB<=4k,kp<=16k,0.0236,3
8192,n<=64,sr>70%,kvB<=4k,kp<=1k,0.011,4
8192,n<=64,sr>70%,kvB<=4k,kp<=2k,0.0557,4
8192,n<=64,sr>70%,kvB<=4k,kp<=32k,0.0711,3
8192,n<=64,sr>70%,kvB<=4k,kp<=4k,0.0973,4
8192,n<=64,sr>70%,kvB<=4k,kp<=512,0.0427,4
8192,n<=64,sr>70%,kvB<=4k,kp<=64k,1.0088,3
8192,n<=64,sr>70%,kvB<=4k,kp<=8k,0.0207,4
8192,n<=64,sr>70%,kvB<=4k,kp=0,0.0476,4
8192,n<=64,sr>70%,kvB<=64k,kp<=16k,-0.0334,4
8192,n<=64,sr>70%,kvB<=64k,kp<=1k,0.0184,4
8192,n<=64,sr>70%,kvB<=64k,kp<=2k,-0.0185,4
8192,n<=64,sr>70%,kvB<=64k,kp<=32k,-0.0291,4
8192,n<=64,sr>70%,kvB<=64k,kp<=4k,-0.0139,4
8192,n<=64,sr>70%,kvB<=64k,kp<=512,-0.0271,4
8192,n<=64,sr>70%,kvB<=64k,kp<=64k,-0.0026,4
8192,n<=64,sr>70%,kvB<=64k,kp<=8k,-0.0396,4
8192,n<=64,sr>70%,kvB<=64k,kp=0,0.019,4
8192,n<=8,sr<=15%,kvB<=16k,kp<=16k,0.3678,2
8192,n<=8,sr<=15%,kvB<=16k,kp<=1k,0.2568,2
8192,n<=8,sr<=15%,kvB<=16k,kp<=2k,0.2644,2
8192,n<=8,sr<=15%,kvB<=16k,kp<=32k,0.1934,2
8192,n<=8,sr<=15%,kvB<=16k,kp<=4k,0.2862,2
8192,n<=8,sr<=15%,kvB<=16k,kp<=512,0.2853,2
8192,n<=8,sr<=15%,kvB<=16k,kp<=64k,0.0758,2
8192,n<=8,sr<=15%,kvB<=16k,kp<=8k,0.2096,2
8192,n<=8,sr<=15%,kvB<=16k,kp=0,0.265,2
8192,n<=8,sr<=15%,kvB<=1k,kp<=16k,0.0097,1
8192,n<=8,sr<=15%,kvB<=1k,kp<=1k,1.1357,2
8192,n<=8,sr<=15%,kvB<=1k,kp<=2k,0.507,1
8192,n<=8,sr<=15%,kvB<=1k,kp<=32k,-0.0681,2
8192,n<=8,sr<=15%,kvB<=1k,kp<=4k,0.0786,2
8192,n<=8,sr<=15%,kvB<=1k,kp<=512,0.5927,2
8192,n<=8,sr<=15%,kvB<=1k,kp<=64k,-3.0545,1
8192,n<=8,sr<=15%,kvB<=1k,kp<=8k,-0.1652,2
8192,n<=8,sr<=15%,kvB<=1k,kp=0,0.355,1
8192,n<=8,sr<=15%,kvB<=4k,kp<=16k,0.3385,2
8192,n<=8,sr<=15%,kvB<=4k,kp<=1k,0.2098,2
8192,n<=8,sr<=15%,kvB<=4k,kp<=2k,-0.0147,2
8192,n<=8,sr<=15%,kvB<=4k,kp<=32k,0.2434,2
8192,n<=8,sr<=15%,kvB<=4k,kp<=4k,0.0888,2
8192,n<=8,sr<=15%,kvB<=4k,kp<=512,-0.3352,2
8192,n<=8,sr<=15%,kvB<=4k,kp<=64k,10.0058,1
8192,n<=8,sr<=15%,kvB<=4k,kp<=8k,0.6654,2
8192,n<=8,sr<=15%,kvB<=4k,kp=0,-0.1767,2
8192,n<=8,sr<=15%,kvB<=64k,kp<=16k,0.3963,2
8192,n<=8,sr<=15%,kvB<=64k,kp<=1k,0.4017,2
8192,n<=8,sr<=15%,kvB<=64k,kp<=2k,0.4109,2
8192,n<=8,sr<=15%,kvB<=64k,kp<=32k,0.3902,2
8192,n<=8,sr<=15%,kvB<=64k,kp<=4k,0.4182,2
8192,n<=8,sr<=15%,kvB<=64k,kp<=512,0.4133,2
8192,n<=8,sr<=15%,kvB<=64k,kp<=64k,-0.0088,2
8192,n<=8,sr<=15%,kvB<=64k,kp<=8k,0.4103,2
8192,n<=8,sr<=15%,kvB<=64k,kp=0,0.4063,2
8192,n<=8,sr<=40%,kvB<=16k,kp<=16k,0.2776,4
8192,n<=8,sr<=40%,kvB<=16k,kp<=1k,0.2433,4
8192,n<=8,sr<=40%,kvB<=16k,kp<=2k,0.2393,4
8192,n<=8,sr<=40%,kvB<=16k,kp<=32k,-0.0259,4
8192,n<=8,sr<=40%,kvB<=16k,kp<=4k,0.2946,4
8192,n<=8,sr<=40%,kvB<=16k,kp<=512,0.2299,4
8192,n<=8,sr<=40%,kvB<=16k,kp<=64k,0.286,2
8192,n<=8,sr<=40%,kvB<=16k,kp<=8k,0.0127,4
8192,n<=8,sr<=40%,kvB<=16k,kp=0,0.1252,4
8192,n<=8,sr<=40%,kvB<=1k,kp<=16k,0.5638,3
8192,n<=8,sr<=40%,kvB<=1k,kp<=1k,-0.0966,4
8192,n<=8,sr<=40%,kvB<=1k,kp<=2k,0.7158,3
8192,n<=8,sr<=40%,kvB<=1k,kp<=32k,0.6475,4
8192,n<=8,sr<=40%,kvB<=1k,kp<=4k,-0.2333,3
8192,n<=8,sr<=40%,kvB<=1k,kp<=512,0.0765,4
8192,n<=8,sr<=40%,kvB<=1k,kp<=8k,2.2397,4
8192,n<=8,sr<=40%,kvB<=1k,kp=0,0.5848,3
8192,n<=8,sr<=40%,kvB<=4k,kp<=16k,0.1149,3
8192,n<=8,sr<=40%,kvB<=4k,kp<=1k,0.2458,4
8192,n<=8,sr<=40%,kvB<=4k,kp<=2k,-0.0318,4
8192,n<=8,sr<=40%,kvB<=4k,kp<=32k,1.9885,4
8192,n<=8,sr<=40%,kvB<=4k,kp<=4k,-0.0104,4
8192,n<=8,sr<=40%,kvB<=4k,kp<=512,-0.0217,4
8192,n<=8,sr<=40%,kvB<=4k,kp<=64k,0.012,4
8192,n<=8,sr<=40%,kvB<=4k,kp<=8k,0.3869,4
8192,n<=8,sr<=40%,kvB<=4k,kp=0,0.0009,4
8192,n<=8,sr<=40%,kvB<=64k,kp<=16k,0.3005,4
8192,n<=8,sr<=40%,kvB<=64k,kp<=1k,0.2997,4
8192,n<=8,sr<=40%,kvB<=64k,kp<=2k,0.3023,4
8192,n<=8,sr<=40%,kvB<=64k,kp<=32k,0.2636,4
8192,n<=8,sr<=40%,kvB<=64k,kp<=4k,0.3128,4
8192,n<=8,sr<=40%,kvB<=64k,kp<=512,0.3089,4
8192,n<=8,sr<=40%,kvB<=64k,kp<=64k,0.1888,3
8192,n<=8,sr<=40%,kvB<=64k,kp<=8k,0.307,4
8192,n<=8,sr<=40%,kvB<=64k,kp=0,0.3095,4
8192,n<=8,sr<=70%,kvB<=16k,kp<=16k,-0.1627,2
8192,n<=8,sr<=70%,kvB<=16k,kp<=1k,0.0228,2
8192,n<=8,sr<=70%,kvB<=16k,kp<=2k,0.0752,2
8192,n<=8,sr<=70%,kvB<=16k,kp<=32k,0.4065,2
8192,n<=8,sr<=70%,kvB<=16k,kp<=4k,0.0749,2
8192,n<=8,sr<=70%,kvB<=16k,kp<=512,-0.0021,2
8192,n<=8,sr<=70%,kvB<=16k,kp<=8k,-0.0437,2
8192,n<=8,sr<=70%,kvB<=16k,kp=0,0.0167,2
8192,n<=8,sr<=70%,kvB<=1k,kp<=16k,-0.0947,2
8192,n<=8,sr<=70%,kvB<=1k,kp<=1k,0.3496,1
8192,n<=8,sr<=70%,kvB<=1k,kp<=2k,0.3851,1
8192,n<=8,sr<=70%,kvB<=1k,kp<=32k,0.9864,1
8192,n<=8,sr<=70%,kvB<=1k,kp<=4k,-1.0865,1
8192,n<=8,sr<=70%,kvB<=1k,kp<=512,-0.382,2
8192,n<=8,sr<=70%,kvB<=1k,kp<=64k,1.3907,1
8192,n<=8,sr<=70%,kvB<=1k,kp<=8k,-0.0496,2
8192,n<=8,sr<=70%,kvB<=1k,kp=0,0.78,2
8192,n<=8,sr<=70%,kvB<=4k,kp<=16k,0.6467,2
8192,n<=8,sr<=70%,kvB<=4k,kp<=1k,0.1357,2
8192,n<=8,sr<=70%,kvB<=4k,kp<=2k,-0.2441,2
8192,n<=8,sr<=70%,kvB<=4k,kp<=32k,0.1767,2
8192,n<=8,sr<=70%,kvB<=4k,kp<=4k,0.281,2
8192,n<=8,sr<=70%,kvB<=4k,kp<=512,-0.1663,2
8192,n<=8,sr<=70%,kvB<=4k,kp<=64k,0.8487,1
8192,n<=8,sr<=70%,kvB<=4k,kp<=8k,-0.1639,2
8192,n<=8,sr<=70%,kvB<=4k,kp=0,-0.3559,2
8192,n<=8,sr<=70%,kvB<=64k,kp<=16k,0.1561,2
8192,n<=8,sr<=70%,kvB<=64k,kp<=1k,0.1775,2
8192,n<=8,sr<=70%,kvB<=64k,kp<=2k,0.1745,2
8192,n<=8,sr<=70%,kvB<=64k,kp<=32k,0.2038,2
8192,n<=8,sr<=70%,kvB<=64k,kp<=4k,0.1576,2
8192,n<=8,sr<=70%,kvB<=64k,kp<=512,0.1838,2
8192,n<=8,sr<=70%,kvB<=64k,kp<=64k,0.2693,2
8192,n<=8,sr<=70%,kvB<=64k,kp<=8k,0.1985,2
8192,n<=8,sr<=70%,kvB<=64k,kp=0,0.1762,2
8192,n<=8,sr>70%,kvB<=16k,kp<=16k,0.2307,4
8192,n<=8,sr>70%,kvB<=16k,kp<=1k,0.1378,4
8192,n<=8,sr>70%,kvB<=16k,kp<=2k,-0.0162,4
8192,n<=8,sr>70%,kvB<=16k,kp<=32k,0.1306,1
8192,n<=8,sr>70%,kvB<=16k,kp<=4k,0.1532,4
8192,n<=8,sr>70%,kvB<=16k,kp<=512,0.2061,4
8192,n<=8,sr>70%,kvB<=16k,kp<=64k,-0.034,2
8192,n<=8,sr>70%,kvB<=16k,kp<=8k,-0.0516,4
8192,n<=8,sr>70%,kvB<=16k,kp=0,0.0798,4
8192,n<=8,sr>70%,kvB<=1k,kp<=16k,0.8055,3
8192,n<=8,sr>70%,kvB<=1k,kp<=1k,-0.1835,3
8192,n<=8,sr>70%,kvB<=1k,kp<=32k,-0.6773,1
8192,n<=8,sr>70%,kvB<=1k,kp<=4k,1.1055,3
8192,n<=8,sr>70%,kvB<=1k,kp<=512,0.0351,2
8192,n<=8,sr>70%,kvB<=1k,kp<=64k,45.2017,2
8192,n<=8,sr>70%,kvB<=1k,kp<=8k,0.225,3
8192,n<=8,sr>70%,kvB<=1k,kp=0,-0.3461,4
8192,n<=8,sr>70%,kvB<=4k,kp<=16k,-0.881,4
8192,n<=8,sr>70%,kvB<=4k,kp<=1k,-0.192,4
8192,n<=8,sr>70%,kvB<=4k,kp<=2k,0.52,3
8192,n<=8,sr>70%,kvB<=4k,kp<=32k,-0.0516,2
8192,n<=8,sr>70%,kvB<=4k,kp<=4k,0.4577,2
8192,n<=8,sr>70%,kvB<=4k,kp<=512,-1.8202,3
8192,n<=8,sr>70%,kvB<=4k,kp<=64k,-2.3001,1
8192,n<=8,sr>70%,kvB<=4k,kp<=8k,12.141,1
8192,n<=8,sr>70%,kvB<=4k,kp=0,0.2413,4
8192,n<=8,sr>70%,kvB<=64k,kp<=16k,-0.0146,4
8192,n<=8,sr>70%,kvB<=64k,kp<=1k,0.0922,4
8192,n<=8,sr>70%,kvB<=64k,kp<=2k,0.0566,4
8192,n<=8,sr>70%,kvB<=64k,kp<=32k,0.1269,4
8192,n<=8,sr>70%,kvB<=64k,kp<=4k,0.049,4
8192,n<=8,sr>70%,kvB<=64k,kp<=512,0.0473,4
8192,n<=8,sr>70%,kvB<=64k,kp<=64k,0.3295,4
8192,n<=8,sr>70%,kvB<=64k,kp<=8k,0.0751,4
8192,n<=8,sr>70%,kvB<=64k,kp=0,0.0434,4
16384,n<=16,sr<=15%,kvB<=16k,kp<=16k,1.7405,2
16384,n<=16,sr<=15%,kvB<=16k,kp<=1k,1.0142,3
16384,n<=16,sr<=15%,kvB<=16k,kp<=2k,0.61,4
16384,n<=16,sr<=15%,kvB<=16k,kp<=32k,0.5343,4
16384,n<=16,sr<=15%,kvB<=16k,kp<=4k,0.2945,4
16384,n<=16,sr<=15%,kvB<=16k,kp<=512,0.3533,3
16384,n<=16,sr<=15%,kvB<=16k,kp<=64k,0.2109,2
16384,n<=16,sr<=15%,kvB<=16k,kp<=8k,0.3275,2
16384,n<=16,sr<=15%,kvB<=16k,kp=0,0.5649,4
16384,n<=16,sr<=15%,kvB<=1k,kp<=16k,-0.0488,3
16384,n<=16,sr<=15%,kvB<=1k,kp<=1k,0.7391,2
16384,n<=16,sr<=15%,kvB<=1k,kp<=2k,0.4679,3
16384,n<=16,sr<=15%,kvB<=1k,kp<=32k,-0.1975,2
16384,n<=16,sr<=15%,kvB<=1k,kp<=4k,-3.3058,1
16384,n<=16,sr<=15%,kvB<=1k,kp<=512,0.3166,3
16384,n<=16,sr<=15%,kvB<=1k,kp<=64k,1.7491,1
16384,n<=16,sr<=15%,kvB<=1k,kp<=8k,0.7204,1
16384,n<=16,sr<=15%,kvB<=1k,kp=0,12.1631,1
16384,n<=16,sr<=15%,kvB<=4k,kp<=1k,0.2479,3
16384,n<=16,sr<=15%,kvB<=4k,kp<=2k,0.1559,2
16384,n<=16,sr<=15%,kvB<=4k,kp<=32k,0.8008,4
16384,n<=16,sr<=15%,kvB<=4k,kp<=4k,0.1811,4
16384,n<=16,sr<=15%,kvB<=4k,kp<=512,0.2775,2
16384,n<=16,sr<=15%,kvB<=4k,kp<=64k,0.9773,3
16384,n<=16,sr<=15%,kvB<=4k,kp<=8k,1.4653,4
16384,n<=16,sr<=15%,kvB<=4k,kp=0,-0.4733,3
16384,n<=16,sr<=15%,kvB<=64k,kp<=16k,0.7213,4
16384,n<=16,sr<=15%,kvB<=64k,kp<=1k,0.4575,4
16384,n<=16,sr<=15%,kvB<=64k,kp<=2k,0.5739,4
16384,n<=16,sr<=15%,kvB<=64k,kp<=4k,0.4493,4
16384,n<=16,sr<=15%,kvB<=64k,kp<=512,0.4928,4
16384,n<=16,sr<=15%,kvB<=64k,kp<=8k,0.5068,4
16384,n<=16,sr<=15%,kvB<=64k,kp=0,0.4189,4
16384,n<=16,sr<=40%,kvB<=16k,kp<=16k,0.3523,3
16384,n<=16,sr<=40%,kvB<=16k,kp<=1k,0.4428,4
16384,n<=16,sr<=40%,kvB<=16k,kp<=2k,1.2165,3
16384,n<=16,sr<=40%,kvB<=16k,kp<=32k,-0.7177,3
16384,n<=16,sr<=40%,kvB<=16k,kp<=4k,-0.2949,4
16384,n<=16,sr<=40%,kvB<=16k,kp<=512,0.3535,3
16384,n<=16,sr<=40%,kvB<=16k,kp<=64k,0.454,3
16384,n<=16,sr<=40%,kvB<=16k,kp<=8k,0.4368,3
16384,n<=16,sr<=40%,kvB<=16k,kp=0,0.0265,4
16384,n<=16,sr<=40%,kvB<=1k,kp<=16k,0.2496,2
16384,n<=16,sr<=40%,kvB<=1k,kp<=1k,7.1811,1
16384,n<=16,sr<=40%,kvB<=1k,kp<=2k,0.5505,3
16384,n<=16,sr<=40%,kvB<=1k,kp<=4k,-3.1268,2
16384,n<=16,sr<=40%,kvB<=1k,kp<=512,0.3256,3
16384,n<=16,sr<=40%,kvB<=1k,kp<=64k,0.2554,3
16384,n<=16,sr<=40%,kvB<=1k,kp<=8k,0.1234,2
16384,n<=16,sr<=40%,kvB<=1k,kp=0,0.1596,4
16384,n<=16,sr<=40%,kvB<=4k,kp<=16k,4.0355,1
16384,n<=16,sr<=40%,kvB<=4k,kp<=1k,0.212,2
16384,n<=16,sr<=40%,kvB<=4k,kp<=2k,-0.3227,2
16384,n<=16,sr<=40%,kvB<=4k,kp<=32k,1.3525,1
16384,n<=16,sr<=40%,kvB<=4k,kp<=4k,0.2897,2
16384,n<=16,sr<=40%,kvB<=4k,kp<=512,0.8135,4
16384,n<=16,sr<=40%,kvB<=4k,kp<=64k,0.4155,4
16384,n<=16,sr<=40%,kvB<=4k,kp<=8k,0.171,3
16384,n<=16,sr<=40%,kvB<=4k,kp=0,0.6473,4
16384,n<=16,sr<=40%,kvB<=64k,kp<=16k,0.4298,3
16384,n<=16,sr<=40%,kvB<=64k,kp<=1k,0.3883,4
16384,n<=16,sr<=40%,kvB<=64k,kp<=2k,0.3386,4
16384,n<=16,sr<=40%,kvB<=64k,kp<=32k,4.7886,1
16384,n<=16,sr<=40%,kvB<=64k,kp<=4k,0.328,4
16384,n<=16,sr<=40%,kvB<=64k,kp<=512,0.3353,4
16384,n<=16,sr<=40%,kvB<=64k,kp<=64k,0.104,2
16384,n<=16,sr<=40%,kvB<=64k,kp<=8k,0.4111,4
16384,n<=16,sr<=40%,kvB<=64k,kp=0,0.3805,4
16384,n<=16,sr<=70%,kvB<=16k,kp<=16k,32.453,1
16384,n<=16,sr<=70%,kvB<=16k,kp<=1k,-0.2332,2
16384,n<=16,sr<=70%,kvB<=16k,kp<=2k,-0.31,2
16384,n<=16,sr<=70%,kvB<=16k,kp<=32k,1.7141,1
16384,n<=16,sr<=70%,kvB<=16k,kp<=4k,0.0856,1
16384,n<=16,sr<=70%,kvB<=16k,kp<=8k,-0.8716,2
16384,n<=16,sr<=70%,kvB<=16k,kp=0,-1.2722,2
16384,n<=16,sr<=70%,kvB<=1k,kp<=16k,0.9936,1
16384,n<=16,sr<=70%,kvB<=1k,kp<=2k,0.0914,1
16384,n<=16,sr<=70%,kvB<=1k,kp<=32k,0.4912,2
16384,n<=16,sr<=70%,kvB<=1k,kp<=4k,4.0334,1
16384,n<=16,sr<=70%,kvB<=1k,kp<=512,0.0764,1
16384,n<=16,sr<=70%,kvB<=1k,kp<=8k,0.6087,1
16384,n<=16,sr<=70%,kvB<=1k,kp=0,0.474,1
16384,n<=16,sr<=70%,kvB<=4k,kp<=1k,0.1787,2
16384,n<=16,sr<=70%,kvB<=4k,kp<=2k,-0.1009,2
16384,n<=16,sr<=70%,kvB<=4k,kp<=32k,0.3269,2
16384,n<=16,sr<=70%,kvB<=4k,kp<=4k,3.6778,1
16384,n<=16,sr<=70%,kvB<=4k,kp<=512,0.5383,2
16384,n<=16,sr<=70%,kvB<=4k,kp<=8k,0.3126,2
16384,n<=16,sr<=70%,kvB<=64k,kp<=16k,0.1983,2
16384,n<=16,sr<=70%,kvB<=64k,kp<=1k,0.1862,2
16384,n<=16,sr<=70%,kvB<=64k,kp<=2k,0.185,2
16384,n<=16,sr<=70%,kvB<=64k,kp<=32k,0.6462,2
16384,n<=16,sr<=70%,kvB<=64k,kp<=4k,0.2366,2
16384,n<=16,sr<=70%,kvB<=64k,kp<=512,0.1639,2
16384,n<=16,sr<=70%,kvB<=64k,kp<=64k,-3.9046,1
16384,n<=16,sr<=70%,kvB<=64k,kp<=8k,0.2364,2
16384,n<=16,sr<=70%,kvB<=64k,kp=0,0.1648,2
16384,n<=16,sr>70%,kvB<=16k,kp<=16k,0.3141,3
16384,n<=16,sr>70%,kvB<=16k,kp<=1k,0.0336,3
16384,n<=16,sr>70%,kvB<=16k,kp<=2k,0.2392,3
16384,n<=16,sr>70%,kvB<=16k,kp<=32k,0.8159,2
16384,n<=16,sr>70%,kvB<=16k,kp<=4k,-3.2964,3
16384,n<=16,sr>70%,kvB<=16k,kp<=512,-1.9716,2
16384,n<=16,sr>70%,kvB<=16k,kp<=64k,1.1937,2
16384,n<=16,sr>70%,kvB<=16k,kp<=8k,-0.0417,4
16384,n<=16,sr>70%,kvB<=16k,kp=0,-0.0657,2
16384,n<=16,sr>70%,kvB<=1k,kp<=16k,0.234,2
16384,n<=16,sr>70%,kvB<=1k,kp<=1k,-0.0012,1
16384,n<=16,sr>70%,kvB<=1k,kp<=2k,0.2377,4
16384,n<=16,sr>70%,kvB<=1k,kp<=32k,0.5012,1
16384,n<=16,sr>70%,kvB<=1k,kp<=4k,-0.0003,2
16384,n<=16,sr>70%,kvB<=1k,kp<=512,0.0338,3
16384,n<=16,sr>70%,kvB<=1k,kp<=64k,0.4767,3
16384,n<=16,sr>70%,kvB<=1k,kp<=8k,2.6066,1
16384,n<=16,sr>70%,kvB<=1k,kp=0,0.4288,2
16384,n<=16,sr>70%,kvB<=4k,kp<=16k,1.1895,1
16384,n<=16,sr>70%,kvB<=4k,kp<=1k,1.2358,3
16384,n<=16,sr>70%,kvB<=4k,kp<=2k,0.8463,2
16384,n<=16,sr>70%,kvB<=4k,kp<=32k,1.645,2
16384,n<=16,sr>70%,kvB<=4k,kp<=4k,5.9989,2
16384,n<=16,sr>70%,kvB<=4k,kp<=512,0.031,3
16384,n<=16,sr>70%,kvB<=4k,kp<=8k,-0.2655,3
16384,n<=16,sr>70%,kvB<=4k,kp=0,1.0526,1
16384,n<=16,sr>70%,kvB<=64k,kp<=16k,0.0458,3
16384,n<=16,sr>70%,kvB<=64k,kp<=1k,0.0499,4
16384,n<=16,sr>70%,kvB<=64k,kp<=2k,0.0664,4
16384,n<=16,sr>70%,kvB<=64k,kp<=32k,0.8294,3
16384,n<=16,sr>70%,kvB<=64k,kp<=4k,0.0002,4
16384,n<=16,sr>70%,kvB<=64k,kp<=512,0.0545,4
16384,n<=16,sr>70%,kvB<=64k,kp<=64k,13.0567,1
16384,n<=16,sr>70%,kvB<=64k,kp<=8k,0.0292,4
16384,n<=16,sr>70%,kvB<=64k,kp=0,0.0345,4
16384,n<=2,sr<=70%,kvB<=16k,kp<=1k,8.6535,1
16384,n<=2,sr<=70%,kvB<=16k,kp<=2k,0.7739,2
16384,n<=2,sr<=70%,kvB<=16k,kp<=32k,1.449,1
16384,n<=2,sr<=70%,kvB<=16k,kp<=4k,6.7429,1
16384,n<=2,sr<=70%,kvB<=16k,kp<=512,1.3405,2
16384,n<=2,sr<=70%,kvB<=16k,kp<=64k,1.0001,2
16384,n<=2,sr<=70%,kvB<=16k,kp<=8k,0.1033,2
16384,n<=2,sr<=70%,kvB<=16k,kp=0,-1.427,1
16384,n<=2,sr<=70%,kvB<=1k,kp<=1k,0.9923,1
16384,n<=2,sr<=70%,kvB<=1k,kp<=32k,0.6421,1
16384,n<=2,sr<=70%,kvB<=1k,kp<=4k,0.7488,1
16384,n<=2,sr<=70%,kvB<=1k,kp<=512,0.329,2
16384,n<=2,sr<=70%,kvB<=1k,kp<=64k,-1.5131,1
16384,n<=2,sr<=70%,kvB<=1k,kp<=8k,-1.9226,1
16384,n<=2,sr<=70%,kvB<=1k,kp=0,-0.0291,2
16384,n<=2,sr<=70%,kvB<=4k,kp<=16k,55.3192,1
16384,n<=2,sr<=70%,kvB<=4k,kp<=2k,-0.0162,1
16384,n<=2,sr<=70%,kvB<=4k,kp<=4k,1.0983,1
16384,n<=2,sr<=70%,kvB<=4k,kp<=512,0.9914,2
16384,n<=2,sr<=70%,kvB<=4k,kp<=64k,0.6053,1
16384,n<=2,sr<=70%,kvB<=4k,kp<=8k,2.3787,2
16384,n<=2,sr<=70%,kvB<=4k,kp=0,1.0022,2
16384,n<=2,sr<=70%,kvB<=64k,kp<=16k,0.2073,1
16384,n<=2,sr<=70%,kvB<=64k,kp<=1k,1.2385,2
16384,n<=2,sr<=70%,kvB<=64k,kp<=2k,0.0909,2
16384,n<=2,sr<=70%,kvB<=64k,kp<=32k,2.7024,1
16384,n<=2,sr<=70%,kvB<=64k,kp<=4k,1.1588,1
16384,n<=2,sr<=70%,kvB<=64k,kp<=512,0.0132,2
16384,n<=2,sr<=70%,kvB<=64k,kp<=64k,-0.0917,1
16384,n<=2,sr<=70%,kvB<=64k,kp<=8k,-0.0552,2
16384,n<=2,sr<=70%,kvB<=64k,kp=0,1.8283,2
16384,n<=32,sr<=15%,kvB<=16k,kp<=16k,0.9166,3
16384,n<=32,sr<=15%,kvB<=16k,kp<=1k,0.2267,6
16384,n<=32,sr<=15%,kvB<=16k,kp<=2k,-0.0606,6
16384,n<=32,sr<=15%,kvB<=16k,kp<=32k,-1.1533,1
16384,n<=32,sr<=15%,kvB<=16k,kp<=4k,0.0047,6
16384,n<=32,sr<=15%,kvB<=16k,kp<=512,0.3052,6
16384,n<=32,sr<=15%,kvB<=16k,kp<=64k,0.8383,5
16384,n<=32,sr<=15%,kvB<=16k,kp<=8k,0.4508,6
16384,n<=32,sr<=15%,kvB<=16k,kp=0,0.074,6
16384,n<=32,sr<=15%,kvB<=1k,kp<=16k,0.6797,5
16384,n<=32,sr<=15%,kvB<=1k,kp<=1k,0.1733,4
16384,n<=32,sr<=15%,kvB<=1k,kp<=2k,-0.142,5
16384,n<=32,sr<=15%,kvB<=1k,kp<=32k,-0.464,1
16384,n<=32,sr<=15%,kvB<=1k,kp<=4k,-0.1582,4
16384,n<=32,sr<=15%,kvB<=1k,kp<=512,0.1003,5
16384,n<=32,sr<=15%,kvB<=1k,kp<=64k,-0.9729,2
16384,n<=32,sr<=15%,kvB<=1k,kp<=8k,0.1289,4
16384,n<=32,sr<=15%,kvB<=1k,kp=0,0.5703,5
16384,n<=32,sr<=15%,kvB<=4k,kp<=16k,0.9464,3
16384,n<=32,sr<=15%,kvB<=4k,kp<=1k,0.1119,6
16384,n<=32,sr<=15%,kvB<=4k,kp<=2k,0.1223,4
16384,n<=32,sr<=15%,kvB<=4k,kp<=32k,1.0998,4
16384,n<=32,sr<=15%,kvB<=4k,kp<=4k,0.4133,5
16384,n<=32,sr<=15%,kvB<=4k,kp<=512,0.3374,4
16384,n<=32,sr<=15%,kvB<=4k,kp<=64k,0.9647,3
16384,n<=32,sr<=15%,kvB<=4k,kp<=8k,0.2495,5
16384,n<=32,sr<=15%,kvB<=4k,kp=0,-0.1061,5
16384,n<=32,sr<=15%,kvB<=64k,kp<=16k,0.1966,6
16384,n<=32,sr<=15%,kvB<=64k,kp<=1k,0.1703,6
16384,n<=32,sr<=15%,kvB<=64k,kp<=2k,0.1759,6
16384,n<=32,sr<=15%,kvB<=64k,kp<=32k,0.2656,5
16384,n<=32,sr<=15%,kvB<=64k,kp<=4k,0.1671,6
16384,n<=32,sr<=15%,kvB<=64k,kp<=512,0.1692,6
16384,n<=32,sr<=15%,kvB<=64k,kp<=64k,2.6619,2
16384,n<=32,sr<=15%,kvB<=64k,kp<=8k,0.1656,6
16384,n<=32,sr<=15%,kvB<=64k,kp=0,0.1783,6
16384,n<=32,sr<=40%,kvB<=16k,kp<=1k,-0.2619,2
16384,n<=32,sr<=40%,kvB<=16k,kp<=2k,0.1398,2
16384,n<=32,sr<=40%,kvB<=16k,kp<=32k,-1.6192,1
16384,n<=32,sr<=40%,kvB<=16k,kp<=4k,-0.15,2
16384,n<=32,sr<=40%,kvB<=16k,kp<=512,0.5321,2
16384,n<=32,sr<=40%,kvB<=16k,kp<=64k,0.0795,2
16384,n<=32,sr<=40%,kvB<=16k,kp<=8k,0.3315,2
16384,n<=32,sr<=40%,kvB<=16k,kp=0,-0.1296,2
16384,n<=32,sr<=40%,kvB<=1k,kp<=1k,-15.8874,1
16384,n<=32,sr<=40%,kvB<=1k,kp<=2k,0.3177,2
16384,n<=32,sr<=40%,kvB<=1k,kp<=4k,-0.0146,2
16384,n<=32,sr<=40%,kvB<=1k,kp<=512,0.4249,1
16384,n<=32,sr<=40%,kvB<=1k,kp<=8k,-10.0202,1
16384,n<=32,sr<=40%,kvB<=1k,kp=0,0.4033,1
16384,n<=32,sr<=40%,kvB<=4k,kp<=1k,3.87,1
16384,n<=32,sr<=40%,kvB<=4k,kp<=2k,-2.4649,1
16384,n<=32,sr<=40%,kvB<=4k,kp<=32k,-0.3678,1
16384,n<=32,sr<=40%,kvB<=4k,kp<=4k,-0.3177,1
16384,n<=32,sr<=40%,kvB<=4k,kp<=512,0.4573,2
16384,n<=32,sr<=40%,kvB<=4k,kp<=8k,1.1128,1
16384,n<=32,sr<=40%,kvB<=4k,kp=0,0.2335,2
16384,n<=32,sr<=40%,kvB<=64k,kp<=16k,0.0614,2
16384,n<=32,sr<=40%,kvB<=64k,kp<=1k,0.0713,2
16384,n<=32,sr<=40%,kvB<=64k,kp<=2k,0.0636,2
16384,n<=32,sr<=40%,kvB<=64k,kp<=32k,0.0782,1
16384,n<=32,sr<=40%,kvB<=64k,kp<=4k,0.0699,2
16384,n<=32,sr<=40%,kvB<=64k,kp<=512,0.0752,2
16384,n<=32,sr<=40%,kvB<=64k,kp<=64k,-2.8045,1
16384,n<=32,sr<=40%,kvB<=64k,kp<=8k,0.0665,2
16384,n<=32,sr<=40%,kvB<=64k,kp=0,0.0652,2
16384,n<=32,sr<=5%,kvB<=16k,kp<=16k,1.0579,1
16384,n<=32,sr<=5%,kvB<=16k,kp<=1k,0.2271,2
16384,n<=32,sr<=5%,kvB<=16k,kp<=2k,0.4919,2
16384,n<=32,sr<=5%,kvB<=16k,kp<=4k,0.2232,2
16384,n<=32,sr<=5%,kvB<=16k,kp<=512,0.2833,2
16384,n<=32,sr<=5%,kvB<=16k,kp<=64k,-0.0484,1
16384,n<=32,sr<=5%,kvB<=16k,kp<=8k,0.1962,2
16384,n<=32,sr<=5%,kvB<=16k,kp=0,0.3191,2
16384,n<=32,sr<=5%,kvB<=1k,kp<=16k,0.6499,1
16384,n<=32,sr<=5%,kvB<=1k,kp<=1k,0.4517,2
16384,n<=32,sr<=5%,kvB<=1k,kp<=2k,0.0205,2
16384,n<=32,sr<=5%,kvB<=1k,kp<=32k,-0.0296,2
16384,n<=32,sr<=5%,kvB<=1k,kp<=4k,1.4855,1
16384,n<=32,sr<=5%,kvB<=1k,kp<=512,0.8058,2
16384,n<=32,sr<=5%,kvB<=1k,kp<=64k,-0.1204,2
16384,n<=32,sr<=5%,kvB<=1k,kp<=8k,0.6509,1
16384,n<=32,sr<=5%,kvB<=1k,kp=0,1.4666,1
16384,n<=32,sr<=5%,kvB<=4k,kp<=16k,4.822,1
16384,n<=32,sr<=5%,kvB<=4k,kp<=1k,0.3736,2
16384,n<=32,sr<=5%,kvB<=4k,kp<=2k,-5.1538,2
16384,n<=32,sr<=5%,kvB<=4k,kp<=32k,0.7879,1
16384,n<=32,sr<=5%,kvB<=4k,kp<=512,-0.6555,1
16384,n<=32,sr<=5%,kvB<=4k,kp<=8k,0.0965,1
16384,n<=32,sr<=5%,kvB<=4k,kp=0,0.5253,2
16384,n<=32,sr<=5%,kvB<=64k,kp<=16k,0.2943,2
16384,n<=32,sr<=5%,kvB<=64k,kp<=1k,0.2157,2
16384,n<=32,sr<=5%,kvB<=64k,kp<=2k,0.2219,2
16384,n<=32,sr<=5%,kvB<=64k,kp<=32k,0.6401,1
16384,n<=32,sr<=5%,kvB<=64k,kp<=4k,0.2035,2
16384,n<=32,sr<=5%,kvB<=64k,kp<=512,0.2279,2
16384,n<=32,sr<=5%,kvB<=64k,kp<=8k,0.2607,2
16384,n<=32,sr<=5%,kvB<=64k,kp=0,0.2174,2
16384,n<=32,sr<=70%,kvB<=16k,kp<=16k,1.3669,1
16384,n<=32,sr<=70%,kvB<=16k,kp<=1k,0.0438,2
16384,n<=32,sr<=70%,kvB<=16k,kp<=2k,0.2701,2
16384,n<=32,sr<=70%,kvB<=16k,kp<=4k,-0.1768,2
16384,n<=32,sr<=70%,kvB<=16k,kp<=512,0.1175,2
16384,n<=32,sr<=70%,kvB<=16k,kp=0,-0.0638,2
16384,n<=32,sr<=70%,kvB<=1k,kp<=16k,1.2474,1
16384,n<=32,sr<=70%,kvB<=1k,kp<=1k,-0.2641,1
16384,n<=32,sr<=70%,kvB<=1k,kp<=2k,0.2822,1
16384,n<=32,sr<=70%,kvB<=1k,kp<=32k,0.4927,1
16384,n<=32,sr<=70%,kvB<=1k,kp<=4k,4.0274,2
16384,n<=32,sr<=70%,kvB<=1k,kp<=512,-0.0618,1
16384,n<=32,sr<=70%,kvB<=1k,kp<=8k,-0.1397,1
16384,n<=32,sr<=70%,kvB<=1k,kp=0,-0.5634,1
16384,n<=32,sr<=70%,kvB<=4k,kp<=16k,0.9428,2
16384,n<=32,sr<=70%,kvB<=4k,kp<=1k,1.1052,2
16384,n<=32,sr<=70%,kvB<=4k,kp<=2k,0.8469,1
16384,n<=32,sr<=70%,kvB<=4k,kp<=32k,0.4434,1
16384,n<=32,sr<=70%,kvB<=4k,kp<=4k,0.207,2
16384,n<=32,sr<=70%,kvB<=4k,kp<=512,0.6044,2
16384,n<=32,sr<=70%,kvB<=4k,kp<=64k,0.5372,1
16384,n<=32,sr<=70%,kvB<=4k,kp<=8k,0.2453,1
16384,n<=32,sr<=70%,kvB<=64k,kp<=16k,0.0047,2
16384,n<=32,sr<=70%,kvB<=64k,kp<=1k,0.0089,2
16384,n<=32,sr<=70%,kvB<=64k,kp<=2k,0.0181,2
16384,n<=32,sr<=70%,kvB<=64k,kp<=32k,0.0011,2
16384,n<=32,sr<=70%,kvB<=64k,kp<=4k,0.0051,2
16384,n<=32,sr<=70%,kvB<=64k,kp<=512,-0.0038,2
16384,n<=32,sr<=70%,kvB<=64k,kp<=64k,0.0403,1
16384,n<=32,sr<=70%,kvB<=64k,kp<=8k,-0.0091,2
16384,n<=32,sr<=70%,kvB<=64k,kp=0,-0.0001,2
16384,n<=32,sr>70%,kvB<=16k,kp<=16k,0.6733,3
16384,n<=32,sr>70%,kvB<=16k,kp<=1k,0.8613,3
16384,n<=32,sr>70%,kvB<=16k,kp<=2k,0.5212,3
16384,n<=32,sr>70%,kvB<=16k,kp<=32k,-0.202,1
16384,n<=32,sr>70%,kvB<=16k,kp<=4k,1.4076,3
16384,n<=32,sr>70%,kvB<=16k,kp<=512,0.8979,4
16384,n<=32,sr>70%,kvB<=16k,kp<=64k,1.1123,3
16384,n<=32,sr>70%,kvB<=16k,kp<=8k,0.9631,3
16384,n<=32,sr>70%,kvB<=16k,kp=0,0.1078,4
16384,n<=32,sr>70%,kvB<=1k,kp<=16k,-0.2321,1
16384,n<=32,sr>70%,kvB<=1k,kp<=1k,0.0984,2
16384,n<=32,sr>70%,kvB<=1k,kp<=2k,1.016,3
16384,n<=32,sr>70%,kvB<=1k,kp<=32k,0.6173,1
16384,n<=32,sr>70%,kvB<=1k,kp<=4k,0.5998,3
16384,n<=32,sr>70%,kvB<=1k,kp<=512,0.2405,3
16384,n<=32,sr>70%,kvB<=1k,kp<=64k,-1.616,2
16384,n<=32,sr>70%,kvB<=1k,kp<=8k,1.8223,4
16384,n<=32,sr>70%,kvB<=1k,kp=0,1.1999,3
16384,n<=32,sr>70%,kvB<=4k,kp<=1k,-0.0065,3
16384,n<=32,sr>70%,kvB<=4k,kp<=2k,1.1409,3
16384,n<=32,sr>70%,kvB<=4k,kp<=32k,0.3923,2
16384,n<=32,sr>70%,kvB<=4k,kp<=4k,-0.1117,2
16384,n<=32,sr>70%,kvB<=4k,kp<=512,0.633,4
16384,n<=32,sr>70%,kvB<=4k,kp<=64k,2.248,2
16384,n<=32,sr>70%,kvB<=4k,kp<=8k,-0.7476,1
16384,n<=32,sr>70%,kvB<=4k,kp=0,0.626,2
16384,n<=32,sr>70%,kvB<=64k,kp<=16k,0.25,4
16384,n<=32,sr>70%,kvB<=64k,kp<=1k,0.2599,4
16384,n<=32,sr>70%,kvB<=64k,kp<=2k,0.2737,4
16384,n<=32,sr>70%,kvB<=64k,kp<=32k,0.2447,4
16384,n<=32,sr>70%,kvB<=64k,kp<=4k,0.2608,4
16384,n<=32,sr>70%,kvB<=64k,kp<=512,0.2926,4
16384,n<=32,sr>70%,kvB<=64k,kp<=64k,0.7544,2
16384,n<=32,sr>70%,kvB<=64k,kp<=8k,0.2597,4
16384,n<=32,sr>70%,kvB<=64k,kp=0,0.2817,4
16384,n<=4,sr<=40%,kvB<=16k,kp<=16k,-0.5733,1
16384,n<=4,sr<=40%,kvB<=16k,kp<=1k,0.9511,1
16384,n<=4,sr<=40%,kvB<=16k,kp<=2k,1.549,2
16384,n<=4,sr<=40%,kvB<=16k,kp<=32k,1.4361,2
16384,n<=4,sr<=40%,kvB<=16k,kp<=4k,0.8718,1
16384,n<=4,sr<=40%,kvB<=16k,kp<=512,0.1569,1
16384,n<=4,sr<=40%,kvB<=16k,kp<=64k,-0.6569,1
16384,n<=4,sr<=40%,kvB<=16k,kp<=8k,12.4186,2
16384,n<=4,sr<=40%,kvB<=16k,kp=0,2.6252,1
16384,n<=4,sr<=40%,kvB<=1k,kp<=16k,-0.117,2
16384,n<=4,sr<=40%,kvB<=1k,kp<=1k,2.3896,1
16384,n<=4,sr<=40%,kvB<=1k,kp<=2k,0.4653,2
16384,n<=4,sr<=40%,kvB<=1k,kp<=32k,0.6691,2
16384,n<=4,sr<=40%,kvB<=1k,kp<=4k,-2.9276,2
16384,n<=4,sr<=40%,kvB<=1k,kp<=512,0.6358,2
16384,n<=4,sr<=40%,kvB<=1k,kp<=64k,1.0614,1
16384,n<=4,sr<=40%,kvB<=1k,kp=0,0.0031,1
16384,n<=4,sr<=40%,kvB<=4k,kp<=16k,0.5658,1
16384,n<=4,sr<=40%,kvB<=4k,kp<=1k,-0.0291,1
16384,n<=4,sr<=40%,kvB<=4k,kp<=2k,-0.0084,1
16384,n<=4,sr<=40%,kvB<=4k,kp<=32k,-33.2083,1
16384,n<=4,sr<=40%,kvB<=4k,kp<=512,0.8995,1
16384,n<=4,sr<=40%,kvB<=4k,kp<=8k,25.6073,1
16384,n<=4,sr<=40%,kvB<=4k,kp=0,0.1446,2
16384,n<=4,sr<=40%,kvB<=64k,kp<=16k,0.5003,2
16384,n<=4,sr<=40%,kvB<=64k,kp<=1k,0.1646,2
16384,n<=4,sr<=40%,kvB<=64k,kp<=2k,0.0968,2
16384,n<=4,sr<=40%,kvB<=64k,kp<=32k,18.6115,1
16384,n<=4,sr<=40%,kvB<=64k,kp<=4k,0.7062,1
16384,n<=4,sr<=40%,kvB<=64k,kp<=512,0.3162,2
16384,n<=4,sr<=40%,kvB<=64k,kp<=64k,0.6347,2
16384,n<=4,sr<=40%,kvB<=64k,kp<=8k,0.7256,2
16384,n<=4,sr<=40%,kvB<=64k,kp=0,0.597,1
16384,n<=4,sr<=70%,kvB<=16k,kp<=1k,0.2104,1
16384,n<=4,sr<=70%,kvB<=16k,kp<=2k,0.2105,2
16384,n<=4,sr<=70%,kvB<=16k,kp<=4k,1.981,1
16384,n<=4,sr<=70%,kvB<=16k,kp<=512,0.3683,2
16384,n<=4,sr<=70%,kvB<=16k,kp<=64k,-1.1079,1
16384,n<=4,sr<=70%,kvB<=16k,kp<=8k,1.1283,1
16384,n<=4,sr<=70%,kvB<=16k,kp=0,1.1791,1
16384,n<=4,sr<=70%,kvB<=1k,kp<=16k,0.4946,1
16384,n<=4,sr<=70%,kvB<=1k,kp<=1k,-0.3387,1
16384,n<=4,sr<=70%,kvB<=1k,kp<=2k,3.6222,2
16384,n<=4,sr<=70%,kvB<=1k,kp<=32k,2.8889,2
16384,n<=4,sr<=70%,kvB<=1k,kp<=4k,-0.0053,2
16384,n<=4,sr<=70%,kvB<=1k,kp<=512,-0.0193,1
16384,n<=4,sr<=70%,kvB<=1k,kp<=8k,4.4608,1
16384,n<=4,sr<=70%,kvB<=4k,kp<=16k,0.0423,2
16384,n<=4,sr<=70%,kvB<=4k,kp<=32k,0.2851,1
16384,n<=4,sr<=70%,kvB<=4k,kp<=4k,14.0936,2
16384,n<=4,sr<=70%,kvB<=4k,kp<=512,0.9985,2
16384,n<=4,sr<=70%,kvB<=4k,kp<=64k,1.2962,2
16384,n<=4,sr<=70%,kvB<=4k,kp<=8k,6.507,1
16384,n<=4,sr<=70%,kvB<=4k,kp=0,-0.0567,1
16384,n<=4,sr<=70%,kvB<=64k,kp<=16k,-3.3956,2
16384,n<=4,sr<=70%,kvB<=64k,kp<=1k,-1.8518,1
16384,n<=4,sr<=70%,kvB<=64k,kp<=32k,-10.7132,1
16384,n<=4,sr<=70%,kvB<=64k,kp<=4k,-0.5432,2
16384,n<=4,sr<=70%,kvB<=64k,kp<=512,-0.082,1
16384,n<=4,sr<=70%,kvB<=64k,kp<=64k,-0.5294,1
16384,n<=4,sr<=70%,kvB<=64k,kp<=8k,-0.0464,2
16384,n<=4,sr<=70%,kvB<=64k,kp=0,0.5711,1
16384,n<=4,sr>70%,kvB<=16k,kp<=16k,9.2322,1
16384,n<=4,sr>70%,kvB<=16k,kp<=1k,1.3753,1
16384,n<=4,sr>70%,kvB<=16k,kp<=2k,1.4262,2
16384,n<=4,sr>70%,kvB<=16k,kp<=32k,-0.5356,1
16384,n<=4,sr>70%,kvB<=16k,kp<=4k,0.1891,2
16384,n<=4,sr>70%,kvB<=16k,kp<=512,0.9875,2
16384,n<=4,sr>70%,kvB<=16k,kp<=64k,1.1093,1
16384,n<=4,sr>70%,kvB<=16k,kp<=8k,0.4674,2
16384,n<=4,sr>70%,kvB<=16k,kp=0,-0.0273,2
16384,n<=4,sr>70%,kvB<=1k,kp<=16k,0.3307,1
16384,n<=4,sr>70%,kvB<=1k,kp<=1k,0.6688,1
16384,n<=4,sr>70%,kvB<=1k,kp<=2k,2.3303,1
16384,n<=4,sr>70%,kvB<=1k,kp<=4k,0.0086,1
16384,n<=4,sr>70%,kvB<=1k,kp<=512,-0.1003,1
16384,n<=4,sr>70%,kvB<=1k,kp<=64k,1.8873,1
16384,n<=4,sr>70%,kvB<=1k,kp<=8k,1.2664,2
16384,n<=4,sr>70%,kvB<=1k,kp=0,8.4632,1
16384,n<=4,sr>70%,kvB<=4k,kp<=16k,0.8368,1
16384,n<=4,sr>70%,kvB<=4k,kp<=2k,-0.3166,1
16384,n<=4,sr>70%,kvB<=4k,kp<=4k,-0.0065,2
16384,n<=4,sr>70%,kvB<=4k,kp<=512,6.9905,2
16384,n<=4,sr>70%,kvB<=4k,kp<=64k,0.3031,2
16384,n<=4,sr>70%,kvB<=4k,kp<=8k,2.13,1
16384,n<=4,sr>70%,kvB<=4k,kp=0,14.3642,2
16384,n<=4,sr>70%,kvB<=64k,kp<=1k,-3.5637,1
16384,n<=4,sr>70%,kvB<=64k,kp<=2k,3.049,2
16384,n<=4,sr>70%,kvB<=64k,kp<=32k,0.1064,1
16384,n<=4,sr>70%,kvB<=64k,kp<=4k,1.4545,1
16384,n<=4,sr>70%,kvB<=64k,kp<=512,0.9062,1
16384,n<=4,sr>70%,kvB<=64k,kp<=64k,0.3501,2
16384,n<=4,sr>70%,kvB<=64k,kp<=8k,-0.0059,1
16384,n<=4,sr>70%,kvB<=64k,kp=0,0.0912,2
16384,n<=64,sr<=15%,kvB<=16k,kp<=16k,0.6638,4
16384,n<=64,sr<=15%,kvB<=16k,kp<=1k,-0.0155,4
16384,n<=64,sr<=15%,kvB<=16k,kp<=2k,0.0748,4
16384,n<=64,sr<=15%,kvB<=16k,kp<=4k,0.0246,4
16384,n<=64,sr<=15%,kvB<=16k,kp<=512,0.0952,4
16384,n<=64,sr<=15%,kvB<=16k,kp<=64k,-0.4212,1
16384,n<=64,sr<=15%,kvB<=16k,kp<=8k,-0.0605,4
16384,n<=64,sr<=15%,kvB<=16k,kp=0,0.0019,4
16384,n<=64,sr<=15%,kvB<=1k,kp<=16k,0.9859,3
16384,n<=64,sr<=15%,kvB<=1k,kp<=1k,0.5544,3
16384,n<=64,sr<=15%,kvB<=1k,kp<=2k,-0.5438,3
16384,n<=64,sr<=15%,kvB<=1k,kp<=32k,1.0556,3
16384,n<=64,sr<=15%,kvB<=1k,kp<=4k,0.6199,1
16384,n<=64,sr<=15%,kvB<=1k,kp<=512,0.573,3
16384,n<=64,sr<=15%,kvB<=1k,kp<=64k,1.1021,2
16384,n<=64,sr<=15%,kvB<=1k,kp<=8k,0.9122,4
16384,n<=64,sr<=15%,kvB<=1k,kp=0,0.1382,3
16384,n<=64,sr<=15%,kvB<=4k,kp<=16k,0.3979,4
16384,n<=64,sr<=15%,kvB<=4k,kp<=1k,0.3283,4
16384,n<=64,sr<=15%,kvB<=4k,kp<=2k,0.3904,3
16384,n<=64,sr<=15%,kvB<=4k,kp<=32k,0.5714,3
16384,n<=64,sr<=15%,kvB<=4k,kp<=4k,0.1464,4
16384,n<=64,sr<=15%,kvB<=4k,kp<=512,-0.0831,3
16384,n<=64,sr<=15%,kvB<=4k,kp<=64k,0.6042,3
16384,n<=64,sr<=15%,kvB<=4k,kp<=8k,-0.0501,3
16384,n<=64,sr<=15%,kvB<=4k,kp=0,-0.2494,4
16384,n<=64,sr<=15%,kvB<=64k,kp<=16k,0.0075,4
16384,n<=64,sr<=15%,kvB<=64k,kp<=1k,0.0078,4
16384,n<=64,sr<=15%,kvB<=64k,kp<=2k,0.0014,4
16384,n<=64,sr<=15%,kvB<=64k,kp<=32k,0.0157,4
16384,n<=64,sr<=15%,kvB<=64k,kp<=4k,0.0037,4
16384,n<=64,sr<=15%,kvB<=64k,kp<=512,0.0047,4
16384,n<=64,sr<=15%,kvB<=64k,kp<=64k,-0.0019,2
16384,n<=64,sr<=15%,kvB<=64k,kp<=8k,0.0016,4
16384,n<=64,sr<=15%,kvB<=64k,kp=0,0.0055,4
16384,n<=64,sr<=40%,kvB<=16k,kp<=16k,-0.4061,1
16384,n<=64,sr<=40%,kvB<=16k,kp<=1k,0.0396,2
16384,n<=64,sr<=40%,kvB<=16k,kp<=2k,0.0798,2
16384,n<=64,sr<=40%,kvB<=16k,kp<=32k,2.6557,1
16384,n<=64,sr<=40%,kvB<=16k,kp<=4k,0.0858,2
16384,n<=64,sr<=40%,kvB<=16k,kp<=512,0.0117,2
16384,n<=64,sr<=40%,kvB<=16k,kp<=64k,0.4066,1
16384,n<=64,sr<=40%,kvB<=16k,kp<=8k,0.1476,2
16384,n<=64,sr<=40%,kvB<=16k,kp=0,0.0567,2
16384,n<=64,sr<=40%,kvB<=1k,kp<=16k,-0.2858,1
16384,n<=64,sr<=40%,kvB<=1k,kp<=1k,0.0553,1
16384,n<=64,sr<=40%,kvB<=1k,kp<=2k,-23.0368,1
16384,n<=64,sr<=40%,kvB<=1k,kp<=32k,2.986,1
16384,n<=64,sr<=40%,kvB<=1k,kp<=4k,2.5049,1
16384,n<=64,sr<=40%,kvB<=1k,kp<=512,0.0732,2
16384,n<=64,sr<=40%,kvB<=1k,kp<=64k,0.984,1
16384,n<=64,sr<=40%,kvB<=1k,kp<=8k,1.7014,1
16384,n<=64,sr<=40%,kvB<=1k,kp=0,0.1304,2
16384,n<=64,sr<=40%,kvB<=4k,kp<=16k,0.5458,2
16384,n<=64,sr<=40%,kvB<=4k,kp<=1k,-1.8837,1
16384,n<=64,sr<=40%,kvB<=4k,kp<=2k,-0.1456,2
16384,n<=64,sr<=40%,kvB<=4k,kp<=32k,-0.2904,2
16384,n<=64,sr<=40%,kvB<=4k,kp<=4k,0.1099,1
16384,n<=64,sr<=40%,kvB<=4k,kp<=512,0.4394,2
16384,n<=64,sr<=40%,kvB<=4k,kp<=64k,0.3947,2
16384,n<=64,sr<=40%,kvB<=4k,kp<=8k,0.0148,2
16384,n<=64,sr<=40%,kvB<=4k,kp=0,0.3985,2
16384,n<=64,sr<=40%,kvB<=64k,kp<=16k,-0.0042,2
16384,n<=64,sr<=40%,kvB<=64k,kp<=1k,0.0044,2
16384,n<=64,sr<=40%,kvB<=64k,kp<=2k,-0.001,2
16384,n<=64,sr<=40%,kvB<=64k,kp<=32k,0.0017,2
16384,n<=64,sr<=40%,kvB<=64k,kp<=4k,0.0024,2
16384,n<=64,sr<=40%,kvB<=64k,kp<=512,0.0029,2
16384,n<=64,sr<=40%,kvB<=64k,kp<=64k,0.0879,2
16384,n<=64,sr<=40%,kvB<=64k,kp<=8k,0.0071,2
16384,n<=64,sr<=40%,kvB<=64k,kp=0,0.0039,2
16384,n<=64,sr<=5%,kvB<=16k,kp<=16k,0.1861,5
16384,n<=64,sr<=5%,kvB<=16k,kp<=1k,0.0444,6
16384,n<=64,sr<=5%,kvB<=16k,kp<=2k,0.1041,6
16384,n<=64,sr<=5%,kvB<=16k,kp<=32k,0.6404,3
16384,n<=64,sr<=5%,kvB<=16k,kp<=4k,0.0235,6
16384,n<=64,sr<=5%,kvB<=16k,kp<=512,-0.0041,6
16384,n<=64,sr<=5%,kvB<=16k,kp<=64k,0.3826,2
16384,n<=64,sr<=5%,kvB<=16k,kp<=8k,0.1039,6
16384,n<=64,sr<=5%,kvB<=16k,kp=0,0.0033,6
16384,n<=64,sr<=5%,kvB<=1k,kp<=16k,0.1652,3
16384,n<=64,sr<=5%,kvB<=1k,kp<=1k,0.9814,4
16384,n<=64,sr<=5%,kvB<=1k,kp<=2k,0.0563,4
16384,n<=64,sr<=5%,kvB<=1k,kp<=32k,0.951,5
16384,n<=64,sr<=5%,kvB<=1k,kp<=4k,0.4756,3
16384,n<=64,sr<=5%,kvB<=1k,kp<=512,0.0976,3
16384,n<=64,sr<=5%,kvB<=1k,kp<=64k,0.8995,4
16384,n<=64,sr<=5%,kvB<=1k,kp<=8k,0.4377,4
16384,n<=64,sr<=5%,kvB<=1k,kp=0,0.3272,5
16384,n<=64,sr<=5%,kvB<=4k,kp<=16k,0.5223,2
16384,n<=64,sr<=5%,kvB<=4k,kp<=1k,0.3805,6
16384,n<=64,sr<=5%,kvB<=4k,kp<=2k,0.2994,6
16384,n<=64,sr<=5%,kvB<=4k,kp<=32k,0.1537,5
16384,n<=64,sr<=5%,kvB<=4k,kp<=4k,-0.152,6
16384,n<=64,sr<=5%,kvB<=4k,kp<=512,-0.0469,6
16384,n<=64,sr<=5%,kvB<=4k,kp<=64k,1.2411,4
16384,n<=64,sr<=5%,kvB<=4k,kp<=8k,0.7033,4
16384,n<=64,sr<=5%,kvB<=4k,kp=0,0.0903,6
16384,n<=64,sr<=5%,kvB<=64k,kp<=16k,0.0275,6
16384,n<=64,sr<=5%,kvB<=64k,kp<=1k,0.0328,6
16384,n<=64,sr<=5%,kvB<=64k,kp<=2k,0.0289,6
16384,n<=64,sr<=5%,kvB<=64k,kp<=32k,0.0091,6
16384,n<=64,sr<=5%,kvB<=64k,kp<=4k,0.0292,6
16384,n<=64,sr<=5%,kvB<=64k,kp<=512,0.0277,6
16384,n<=64,sr<=5%,kvB<=64k,kp<=64k,0.0242,5
16384,n<=64,sr<=5%,kvB<=64k,kp<=8k,0.028,6
16384,n<=64,sr<=5%,kvB<=64k,kp=0,0.0305,6
16384,n<=64,sr<=70%,kvB<=16k,kp<=16k,0.4616,2
16384,n<=64,sr<=70%,kvB<=16k,kp<=1k,-0.0164,2
16384,n<=64,sr<=70%,kvB<=16k,kp<=2k,-0.0046,2
16384,n<=64,sr<=70%,kvB<=16k,kp<=32k,0.2957,1
16384,n<=64,sr<=70%,kvB<=16k,kp<=4k,0.0268,2
16384,n<=64,sr<=70%,kvB<=16k,kp<=512,-0.0164,2
16384,n<=64,sr<=70%,kvB<=16k,kp<=64k,-3.1272,2
16384,n<=64,sr<=70%,kvB<=16k,kp<=8k,0.0087,2
16384,n<=64,sr<=70%,kvB<=16k,kp=0,-0.0231,2
16384,n<=64,sr<=70%,kvB<=1k,kp<=16k,1.3387,2
16384,n<=64,sr<=70%,kvB<=1k,kp<=1k,-0.3422,1
16384,n<=64,sr<=70%,kvB<=1k,kp<=2k,0.3683,2
16384,n<=64,sr<=70%,kvB<=1k,kp<=32k,0.5275,2
16384,n<=64,sr<=70%,kvB<=1k,kp<=4k,-0.0888,1
16384,n<=64,sr<=70%,kvB<=1k,kp<=512,1.2879,2
16384,n<=64,sr<=70%,kvB<=1k,kp<=8k,0.8955,2
16384,n<=64,sr<=70%,kvB<=1k,kp=0,0.9806,1
16384,n<=64,sr<=70%,kvB<=4k,kp<=1k,1.0023,1
16384,n<=64,sr<=70%,kvB<=4k,kp<=2k,0.0991,2
16384,n<=64,sr<=70%,kvB<=4k,kp<=32k,1.6403,2
16384,n<=64,sr<=70%,kvB<=4k,kp<=4k,1.6688,2
16384,n<=64,sr<=70%,kvB<=4k,kp<=512,-0.0624,2
16384,n<=64,sr<=70%,kvB<=4k,kp<=64k,0.5157,1
16384,n<=64,sr<=70%,kvB<=4k,kp<=8k,1.1877,1
16384,n<=64,sr<=70%,kvB<=4k,kp=0,0.2243,1
16384,n<=64,sr<=70%,kvB<=64k,kp<=16k,-0.038,2
16384,n<=64,sr<=70%,kvB<=64k,kp<=1k,-0.0345,2
16384,n<=64,sr<=70%,kvB<=64k,kp<=2k,-0.0281,2
16384,n<=64,sr<=70%,kvB<=64k,kp<=32k,-0.0391,2
16384,n<=64,sr<=70%,kvB<=64k,kp<=4k,-0.0395,2
16384,n<=64,sr<=70%,kvB<=64k,kp<=512,-0.0349,2
16384,n<=64,sr<=70%,kvB<=64k,kp<=64k,-0.0796,2
16384,n<=64,sr<=70%,kvB<=64k,kp<=8k,-0.0438,2
16384,n<=64,sr<=70%,kvB<=64k,kp=0,-0.0318,2
16384,n<=64,sr>70%,kvB<=16k,kp<=16k,0.0071,4
16384,n<=64,sr>70%,kvB<=16k,kp<=1k,0.0481,4
16384,n<=64,sr>70%,kvB<=16k,kp<=2k,0.0354,4
16384,n<=64,sr>70%,kvB<=16k,kp<=32k,0.4206,3
16384,n<=64,sr>70%,kvB<=16k,kp<=4k,-0.0092,4
16384,n<=64,sr>70%,kvB<=16k,kp<=512,0.0365,4
16384,n<=64,sr>70%,kvB<=16k,kp<=64k,-0.4658,3
16384,n<=64,sr>70%,kvB<=16k,kp<=8k,0.3705,4
16384,n<=64,sr>70%,kvB<=16k,kp=0,0.0231,4
16384,n<=64,sr>70%,kvB<=1k,kp<=16k,3.9619,3
16384,n<=64,sr>70%,kvB<=1k,kp<=1k,-1.692,3
16384,n<=64,sr>70%,kvB<=1k,kp<=2k,0.5891,2
16384,n<=64,sr>70%,kvB<=1k,kp<=32k,0.6497,2
16384,n<=64,sr>70%,kvB<=1k,kp<=4k,0.1756,3
16384,n<=64,sr>70%,kvB<=1k,kp<=512,0.1376,4
16384,n<=64,sr>70%,kvB<=1k,kp<=64k,0.2588,2
16384,n<=64,sr>70%,kvB<=1k,kp<=8k,-0.1014,3
16384,n<=64,sr>70%,kvB<=1k,kp=0,0.0105,1
16384,n<=64,sr>70%,kvB<=4k,kp<=16k,1.713,1
16384,n<=64,sr>70%,kvB<=4k,kp<=1k,0.472,2
16384,n<=64,sr>70%,kvB<=4k,kp<=2k,0.4279,2
16384,n<=64,sr>70%,kvB<=4k,kp<=32k,-0.2865,3
16384,n<=64,sr>70%,kvB<=4k,kp<=4k,0.1066,3
16384,n<=64,sr>70%,kvB<=4k,kp<=512,1.0021,3
16384,n<=64,sr>70%,kvB<=4k,kp<=64k,-0.2532,3
16384,n<=64,sr>70%,kvB<=4k,kp<=8k,0.4467,2
16384,n<=64,sr>70%,kvB<=4k,kp=0,0.3974,3
16384,n<=64,sr>70%,kvB<=64k,kp<=16k,-0.0325,4
16384,n<=64,sr>70%,kvB<=64k,kp<=1k,-0.0378,4
16384,n<=64,sr>70%,kvB<=64k,kp<=2k,-0.0394,4
16384,n<=64,sr>70%,kvB<=64k,kp<=32k,-0.0285,4
16384,n<=64,sr>70%,kvB<=64k,kp<=4k,-0.0316,4
16384,n<=64,sr>70%,kvB<=64k,kp<=512,-0.0271,4
16384,n<=64,sr>70%,kvB<=64k,kp<=64k,-0.0379,4
16384,n<=64,sr>70%,kvB<=64k,kp<=8k,-0.0289,4
16384,n<=64,sr>70%,kvB<=64k,kp=0,-0.0167,4
16384,n<=8,sr<=15%,kvB<=16k,kp<=16k,-3.6218,1
16384,n<=8,sr<=15%,kvB<=16k,kp<=1k,1.6295,2
16384,n<=8,sr<=15%,kvB<=16k,kp<=2k,0.6301,1
16384,n<=8,sr<=15%,kvB<=16k,kp<=32k,0.9447,1
16384,n<=8,sr<=15%,kvB<=16k,kp<=4k,0.0978,1
16384,n<=8,sr<=15%,kvB<=16k,kp<=512,0.4305,2
16384,n<=8,sr<=15%,kvB<=16k,kp<=64k,1.6071,1
16384,n<=8,sr<=15%,kvB<=16k,kp<=8k,-0.4771,2
16384,n<=8,sr<=15%,kvB<=16k,kp=0,0.0326,2
16384,n<=8,sr<=15%,kvB<=1k,kp<=16k,-0.1588,1
16384,n<=8,sr<=15%,kvB<=1k,kp<=1k,1.1729,2
16384,n<=8,sr<=15%,kvB<=1k,kp<=2k,0.3002,2
16384,n<=8,sr<=15%,kvB<=1k,kp<=32k,-0.5878,2
16384,n<=8,sr<=15%,kvB<=1k,kp<=4k,-0.0106,1
16384,n<=8,sr<=15%,kvB<=1k,kp<=8k,0.4387,1
16384,n<=8,sr<=15%,kvB<=1k,kp=0,0.3759,1
16384,n<=8,sr<=15%,kvB<=4k,kp<=16k,0.6127,1
16384,n<=8,sr<=15%,kvB<=4k,kp<=1k,0.7805,1
16384,n<=8,sr<=15%,kvB<=4k,kp<=2k,0.0645,2
16384,n<=8,sr<=15%,kvB<=4k,kp<=4k,3.7191,1
16384,n<=8,sr<=15%,kvB<=4k,kp<=512,-2.5437,1
16384,n<=8,sr<=15%,kvB<=4k,kp<=64k,0.5244,2
16384,n<=8,sr<=15%,kvB<=4k,kp<=8k,1.1545,1
16384,n<=8,sr<=15%,kvB<=4k,kp=0,0.1386,2
16384,n<=8,sr<=15%,kvB<=64k,kp<=16k,1.2649,2
16384,n<=8,sr<=15%,kvB<=64k,kp<=1k,0.587,2
16384,n<=8,sr<=15%,kvB<=64k,kp<=2k,0.0389,2
16384,n<=8,sr<=15%,kvB<=64k,kp<=32k,-3.7454,1
16384,n<=8,sr<=15%,kvB<=64k,kp<=4k,0.0961,2
16384,n<=8,sr<=15%,kvB<=64k,kp<=512,0.3755,2
16384,n<=8,sr<=15%,kvB<=64k,kp<=64k,0.341,2
16384,n<=8,sr<=15%,kvB<=64k,kp<=8k,0.2515,2
16384,n<=8,sr<=15%,kvB<=64k,kp=0,0.6056,2
16384,n<=8,sr<=40%,kvB<=16k,kp<=16k,1.6771,3
16384,n<=8,sr<=40%,kvB<=16k,kp<=1k,0.2356,1
16384,n<=8,sr<=40%,kvB<=16k,kp<=2k,0.2265,2
16384,n<=8,sr<=40%,kvB<=16k,kp<=32k,0.4003,4
16384,n<=8,sr<=40%,kvB<=16k,kp<=4k,-0.0388,4
16384,n<=8,sr<=40%,kvB<=16k,kp<=512,-0.1625,4
16384,n<=8,sr<=40%,kvB<=16k,kp<=8k,0.0739,2
16384,n<=8,sr<=40%,kvB<=16k,kp=0,0.7377,3
16384,n<=8,sr<=40%,kvB<=1k,kp<=16k,2.1598,3
16384,n<=8,sr<=40%,kvB<=1k,kp<=1k,2.2278,2
16384,n<=8,sr<=40%,kvB<=1k,kp<=2k,0.1029,3
16384,n<=8,sr<=40%,kvB<=1k,kp<=32k,0.4863,1
16384,n<=8,sr<=40%,kvB<=1k,kp<=4k,-0.4802,2
16384,n<=8,sr<=40%,kvB<=1k,kp<=512,0.0543,3
16384,n<=8,sr<=40%,kvB<=1k,kp<=64k,4.7346,1
16384,n<=8,sr<=40%,kvB<=1k,kp<=8k,1.8946,1
16384,n<=8,sr<=40%,kvB<=1k,kp=0,-1.017,3
16384,n<=8,sr<=40%,kvB<=4k,kp<=16k,0.485,1
16384,n<=8,sr<=40%,kvB<=4k,kp<=1k,0.7353,3
16384,n<=8,sr<=40%,kvB<=4k,kp<=2k,0.1426,3
16384,n<=8,sr<=40%,kvB<=4k,kp<=32k,1.4482,4
16384,n<=8,sr<=40%,kvB<=4k,kp<=4k,0.6918,3
16384,n<=8,sr<=40%,kvB<=4k,kp<=512,0.091,3
16384,n<=8,sr<=40%,kvB<=4k,kp<=64k,0.5413,3
16384,n<=8,sr<=40%,kvB<=4k,kp=0,-1.0558,4
16384,n<=8,sr<=40%,kvB<=64k,kp<=16k,0.4052,3
16384,n<=8,sr<=40%,kvB<=64k,kp<=1k,0.2092,4
16384,n<=8,sr<=40%,kvB<=64k,kp<=2k,0.1722,4
16384,n<=8,sr<=40%,kvB<=64k,kp<=32k,1.4647,2
16384,n<=8,sr<=40%,kvB<=64k,kp<=4k,0.5174,4
16384,n<=8,sr<=40%,kvB<=64k,kp<=512,0.276,4
16384,n<=8,sr<=40%,kvB<=64k,kp<=64k,0.476,3
16384,n<=8,sr<=40%,kvB<=64k,kp<=8k,0.756,4
16384,n<=8,sr<=40%,kvB<=64k,kp=0,0.3057,4
16384,n<=8,sr<=70%,kvB<=16k,kp<=16k,0.539,1
16384,n<=8,sr<=70%,kvB<=16k,kp<=1k,0.808,2
16384,n<=8,sr<=70%,kvB<=16k,kp<=2k,0.6354,1
16384,n<=8,sr<=70%,kvB<=16k,kp<=32k,0.5702,1
16384,n<=8,sr<=70%,kvB<=16k,kp<=4k,0.4893,1
16384,n<=8,sr<=70%,kvB<=16k,kp<=512,0.4285,1
16384,n<=8,sr<=70%,kvB<=16k,kp<=64k,0.8443,1
16384,n<=8,sr<=70%,kvB<=16k,kp<=8k,0.7138,1
16384,n<=8,sr<=70%,kvB<=16k,kp=0,0.0861,1
16384,n<=8,sr<=70%,kvB<=1k,kp<=16k,-1.9966,1
16384,n<=8,sr<=70%,kvB<=1k,kp<=1k,0.2978,1
16384,n<=8,sr<=70%,kvB<=1k,kp<=4k,0.3581,1
16384,n<=8,sr<=70%,kvB<=1k,kp<=8k,0.4893,1
16384,n<=8,sr<=70%,kvB<=4k,kp<=16k,0.9577,1
16384,n<=8,sr<=70%,kvB<=4k,kp<=1k,2.6661,2
16384,n<=8,sr<=70%,kvB<=4k,kp<=2k,0.0097,2
16384,n<=8,sr<=70%,kvB<=4k,kp<=32k,-0.018,2
16384,n<=8,sr<=70%,kvB<=4k,kp<=4k,13.5559,1
16384,n<=8,sr<=70%,kvB<=4k,kp<=64k,-4.5284,2
16384,n<=8,sr<=70%,kvB<=4k,kp<=8k,-0.7649,1
16384,n<=8,sr<=70%,kvB<=4k,kp=0,-1.5669,1
16384,n<=8,sr<=70%,kvB<=64k,kp<=16k,2.1903,2
16384,n<=8,sr<=70%,kvB<=64k,kp<=1k,0.1741,1
16384,n<=8,sr<=70%,kvB<=64k,kp<=2k,0.12,2
16384,n<=8,sr<=70%,kvB<=64k,kp<=32k,1.1043,1
16384,n<=8,sr<=70%,kvB<=64k,kp<=4k,0.218,1
16384,n<=8,sr<=70%,kvB<=64k,kp<=512,0.0507,2
16384,n<=8,sr<=70%,kvB<=64k,kp<=8k,0.0572,2
16384,n<=8,sr<=70%,kvB<=64k,kp=0,0.523,2
16384,n<=8,sr>70%,kvB<=16k,kp<=16k,0.7392,3
16384,n<=8,sr>70%,kvB<=16k,kp<=1k,0.0845,3
16384,n<=8,sr>70%,kvB<=16k,kp<=2k,0.1131,3
16384,n<=8,sr>70%,kvB<=16k,kp<=32k,1.3873,3
16384,n<=8,sr>70%,kvB<=16k,kp<=4k,0.6117,3
16384,n<=8,sr>70%,kvB<=16k,kp<=512,0.5821,3
16384,n<=8,sr>70%,kvB<=16k,kp<=64k,0.8561,2
16384,n<=8,sr>70%,kvB<=16k,kp=0,4.9444,1
16384,n<=8,sr>70%,kvB<=1k,kp<=16k,0.25,3
16384,n<=8,sr>70%,kvB<=1k,kp<=1k,0.4637,2
16384,n<=8,sr>70%,kvB<=1k,kp<=2k,57.9159,1
16384,n<=8,sr>70%,kvB<=1k,kp<=32k,0.9865,1
16384,n<=8,sr>70%,kvB<=1k,kp<=4k,0.2775,1
16384,n<=8,sr>70%,kvB<=1k,kp<=512,0.4115,3
16384,n<=8,sr>70%,kvB<=1k,kp<=64k,0.8085,2
16384,n<=8,sr>70%,kvB<=1k,kp<=8k,1.9518,1
16384,n<=8,sr>70%,kvB<=1k,kp=0,-0.3868,3
16384,n<=8,sr>70%,kvB<=4k,kp<=16k,-0.0081,1
16384,n<=8,sr>70%,kvB<=4k,kp<=1k,-0.2715,2
16384,n<=8,sr>70%,kvB<=4k,kp<=2k,0.006,2
16384,n<=8,sr>70%,kvB<=4k,kp<=32k,0.1367,4
16384,n<=8,sr>70%,kvB<=4k,kp<=4k,0.0252,1
16384,n<=8,sr>70%,kvB<=4k,kp<=512,-0.1254,1
16384,n<=8,sr>70%,kvB<=4k,kp<=64k,-0.1533,3
16384,n<=8,sr>70%,kvB<=4k,kp<=8k,0.963,3
16384,n<=8,sr>70%,kvB<=4k,kp=0,1.2809,3
16384,n<=8,sr>70%,kvB<=64k,kp<=16k,1.4342,2
16384,n<=8,sr>70%,kvB<=64k,kp<=1k,0.2634,4
16384,n<=8,sr>70%,kvB<=64k,kp<=2k,-0.0156,3
16384,n<=8,sr>70%,kvB<=64k,kp<=32k,16.9906,1
16384,n<=8,sr>70%,kvB<=64k,kp<=4k,0.0893,2
16384,n<=8,sr>70%,kvB<=64k,kp<=512,0.046,3
16384,n<=8,sr>70%,kvB<=64k,kp<=64k,-0.801,3
16384,n<=8,sr>70%,kvB<=64k,kp<=8k,0.1988,3
16384,n<=8,sr>70%,kvB<=64k,kp=0,0.1816,4
