prefill_chunk,kv_prefill,n_decode,kv_decode,time_us
0,0,1,16,8.23467
0,0,1,32,8.288
0,0,1,64,8.29867
0,0,1,128,10.5813
0,0,1,256,13.056
0,0,1,512,17.9517
0,0,1,1024,29.2267
0,0,1,2048,51.9573
0,0,1,4096,97.0557
0,0,1,8192,188.288
0,0,1,16384,368.426
0,0,1,32768,731.071
0,0,1,65536,1458.45
0,0,1,131055,2904.47
0,0,2,16,7.691
0,0,2,32,7.744
0,0,2,64,7.82933
0,0,2,128,10.3783
0,0,2,256,12.896
0,0,2,512,17.7707
0,0,2,1024,28.928
0,0,2,2048,51.1677
0,0,2,4096,97.0557
0,0,2,8192,186.303
0,0,2,16384,364.81
0,0,2,32768,723.53
0,0,2,65536,1446.77
0,0,2,131055,2880.39
0,0,4,16,7.616
0,0,4,32,7.62633
0,0,4,64,7.89333
0,0,4,128,10.3363
0,0,4,256,12.7893
0,0,4,512,17.792
0,0,4,1024,29.046
0,0,4,2048,51.9893
0,0,4,4096,96.7147
0,0,4,8192,187.54
0,0,4,16384,368.149
0,0,4,32768,724.831
0,0,4,65536,1438.86
0,0,4,131055,2865.36
0,0,8,16,7.66967
0,0,8,32,7.78667
0,0,8,64,7.936
0,0,8,128,10.3887
0,0,8,256,12.928
0,0,8,512,18.1013
0,0,8,1024,29.7597
0,0,8,2048,53.9303
0,0,8,4096,100.224
0,0,8,8192,190.922
0,0,8,16384,372.564
0,0,8,32768,732.392
0,0,8,65536,1456.02
0,0,8,131055,2909.37
0,0,16,16,12.0213
0,0,16,32,12.16
0,0,16,64,12.4057
0,0,16,128,17.376
0,0,16,256,23.2213
0,0,16,512,34.176
0,0,16,1024,58.3143
0,0,16,2048,103.094
0,0,16,4096,193.781
0,0,16,8192,378.132
0,0,16,16384,751.465
0,0,16,32768,1490.16
0,0,16,65536,2957.18
0,0,16,131055,5892.13
0,0,32,16,16.512
0,0,32,32,16.9597
0,0,32,64,17.3437
0,0,32,128,24.736
0,0,32,256,33.4187
0,0,32,512,51.0077
0,0,32,1024,86.3143
0,0,32,2048,154.133
0,0,32,4096,292.042
0,0,32,8192,589.95
0,0,32,16384,1157.88
0,0,32,32768,2293.06
0,0,32,65536,4564.17
0,0,32,131055,9073.45
0,0,64,16,29.0983
0,0,64,32,29.6953
0,0,64,64,30.3997
0,0,64,128,46.549
0,0,64,256,64.16
0,0,64,512,97.4723
0,0,64,1024,165.557
0,0,64,2048,301.226
0,0,64,4096,732.478
0,0,64,8192,1483.49
0,0,64,16384,2958
0,0,64,32768,5975.69
0,0,64,65536,12377.8
0,0,64,131055,23814.5
0,0,128,16,51.3387
0,0,128,32,52.2557
0,0,128,64,54.677
0,0,128,128,86.1647
0,0,128,256,122.699
0,0,128,512,200.287
0,0,128,1024,348.212
0,0,128,2048,796.446
0,0,128,4096,2150.69
0,0,128,8192,4289.26
0,0,128,16384,10227.7
0,0,128,32768,21030.3
0,0,128,65536,40599.8
0,0,128,131055,84154.8
16,0,0,0,7.936
16,0,1,16,7.92533
16,0,1,32,7.92533
16,0,1,64,7.90433
16,0,1,128,9.792
16,0,1,256,12.352
16,0,1,512,17.4077
16,0,1,1024,28.544
16,0,1,2048,51.2537
16,0,1,4096,96.3947
16,0,1,8192,186.399
16,0,1,16384,367.977
16,0,1,32768,724.254
16,0,1,65536,1446.81
16,0,1,131055,2881.8
16,0,2,16,7.99967
16,0,2,32,7.88267
16,0,2,64,7.90367
16,0,2,128,9.78167
16,0,2,256,12.3623
16,0,2,512,17.536
16,0,2,1024,28.5977
16,0,2,2048,51.4877
16,0,2,4096,96.683
16,0,2,8192,187.658
16,0,2,16384,366.421
16,0,2,32768,728.798
16,0,2,65536,1442.05
16,0,2,131055,2883.32
16,0,4,16,7.744
16,0,4,32,7.70133
16,0,4,64,7.808
16,0,4,128,9.81333
16,0,4,256,12.3307
16,0,4,512,17.6
16,0,4,1024,29.0243
16,0,4,2048,51.8503
16,0,4,4096,97.44
16,0,4,8192,187.754
16,0,4,16384,369.972
16,0,4,32768,724.414
16,0,4,65536,1444.38
16,0,4,131055,2871.16
16,0,8,16,7.87167
16,0,8,32,7.86233
16,0,8,64,7.79733
16,0,8,128,10.048
16,0,8,256,12.6293
16,0,8,512,18.1013
16,0,8,1024,29.8447
16,0,8,2048,54.091
16,0,8,4096,100.501
16,0,8,8192,191.796
16,0,8,16384,373.63
16,0,8,32768,736.083
16,0,8,65536,1460.69
16,0,8,131055,2916.95
16,0,16,16,12.3627
16,0,16,32,12.192
16,0,16,64,12.2777
16,0,16,128,17.024
16,0,16,256,22.496
16,0,16,512,33.7387
16,0,16,1024,58.09
16,0,16,2048,103.455
16,0,16,4096,192.469
16,0,16,8192,377.844
16,0,16,16384,746.856
16,0,16,32768,1491.46
16,0,16,65536,2968.33
16,0,16,131055,5892.51
16,0,32,16,16.4473
16,0,32,32,16.8537
16,0,32,64,17.0243
16,0,32,128,24.3413
16,0,32,256,33.312
16,0,32,512,51.114
16,0,32,1024,86.485
16,0,32,2048,154.122
16,0,32,4096,293.012
16,0,32,8192,586.642
16,0,32,16384,1151.07
16,0,32,32768,2287.54
16,0,32,65536,4585.83
16,0,32,131055,9085.78
16,0,64,16,29.1947
16,0,64,32,29.3867
16,0,64,64,30.3147
16,0,64,128,45.9307
16,0,64,256,63.882
16,0,64,512,97.5787
16,0,64,1024,166.229
16,0,64,2048,302.74
16,0,64,4096,732.573
16,0,64,8192,1480.87
16,0,64,16384,2967.35
16,0,64,32768,6004.47
16,0,64,65536,12385.9
16,0,64,131055,23778
16,16,0,0,8.21267
16,16,1,16,8.064
16,16,1,32,8.19167
16,16,1,64,8.21367
16,16,1,128,9.78133
16,16,1,256,12.3307
16,16,1,512,17.4933
16,16,1,1024,28.4477
16,16,1,2048,51.0613
16,16,1,4096,96.2773
16,16,1,8192,185.792
16,16,1,16384,366.057
16,16,1,32768,721.599
16,16,1,65536,1444.94
16,16,1,131055,2880.71
16,16,2,16,8.11733
16,16,2,32,8.25633
16,16,2,64,8.22333
16,16,2,128,9.74967
16,16,2,256,12.3737
16,16,2,512,17.5893
16,16,2,1024,28.715
16,16,2,2048,51.4667
16,16,2,4096,96.6397
16,16,2,8192,186.794
16,16,2,16384,366.975
16,16,2,32768,730.386
16,16,2,65536,1445.67
16,16,2,131055,2876.63
16,16,4,16,7.98933
16,16,4,32,7.99967
16,16,4,64,8.04267
16,16,4,128,9.87733
16,16,4,256,12.3627
16,16,4,512,17.664
16,16,4,1024,28.8537
16,16,4,2048,51.6047
16,16,4,4096,97.0983
16,16,4,8192,186.708
16,16,4,16384,368.074
16,16,4,32768,726.599
16,16,4,65536,1447.07
16,16,4,131055,2867.66
16,16,8,16,8.03167
16,16,8,32,8.07467
16,16,8,64,8.24567
16,16,8,128,9.95133
16,16,8,256,12.619
16,16,8,512,17.9627
16,16,8,1024,30.101
16,16,8,2048,53.8447
16,16,8,4096,99.936
16,16,8,8192,192.224
16,16,8,16384,374.761
16,16,8,32768,734.557
16,16,8,65536,1458
16,16,8,131055,2913.71
16,16,16,16,12.3087
16,16,16,32,12.5543
16,16,16,64,12.6187
16,16,16,128,16.9703
16,16,16,256,22.6453
16,16,16,512,33.7493
16,16,16,1024,57.973
16,16,16,2048,103.36
16,16,16,4096,193.706
16,16,16,8192,379.242
16,16,16,16384,751.923
16,16,16,32768,1492.71
16,16,16,65536,2964.53
16,16,16,131055,5881.97
16,16,32,16,16.7253
16,16,32,32,16.875
16,16,32,64,17.3543
16,16,32,128,24.7033
16,16,32,256,33.2797
16,16,32,512,51.2427
16,16,32,1024,86.506
16,16,32,2048,154.57
16,16,32,4096,291.774
16,16,32,8192,589.769
16,16,32,16384,1154.13
16,16,32,32768,2283.79
16,16,32,65536,4583.65
16,16,32,131055,9048.91
16,16,64,16,29.408
16,16,64,32,30.037
16,16,64,64,30.6883
16,16,64,128,45.8457
16,16,64,256,63.7973
16,16,64,512,97.6527
16,16,64,1024,166.389
16,16,64,2048,299.359
16,16,64,4096,734.622
16,16,64,8192,1479.6
16,16,64,16384,2954.48
16,16,64,32768,6106.65
16,16,64,65536,12370.9
16,16,64,131055,23871.5
16,32,0,0,8.288
16,32,1,16,8.064
16,32,1,32,8.13867
16,32,1,64,8.08533
16,32,1,128,9.80267
16,32,1,256,12.3413
16,32,1,512,17.4613
16,32,1,1024,28.7467
16,32,1,2048,51.05
16,32,1,4096,96.4583
16,32,1,8192,186.634
16,32,1,16384,368.436
16,32,1,32768,724.52
16,32,1,65536,1447.38
16,32,1,131055,2886.08
16,32,2,16,8.128
16,32,2,32,8.17067
16,32,2,64,8.341
16,32,2,128,9.85633
16,32,2,256,12.448
16,32,2,512,17.6217
16,32,2,1024,28.7037
16,32,2,2048,51.3277
16,32,2,4096,97.5357
16,32,2,8192,187.145
16,32,2,16384,368.83
16,32,2,32768,729.703
16,32,2,65536,1450.05
16,32,2,131055,2873.91
16,32,4,16,8.04233
16,32,4,32,8.075
16,32,4,64,8.16
16,32,4,128,9.962
16,32,4,256,12.5227
16,32,4,512,17.6427
16,32,4,1024,29.2263
16,32,4,2048,51.9573
16,32,4,4096,97.2367
16,32,4,8192,189.14
16,32,4,16384,369.064
16,32,4,32768,726.782
16,32,4,65536,1441.5
16,32,4,131055,2871.77
16,32,8,16,7.97867
16,32,8,32,8.085
16,32,8,64,8.24567
16,32,8,128,10.0267
16,32,8,256,12.5867
16,32,8,512,18.1973
16,32,8,1024,30.0797
16,32,8,2048,54.3143
16,32,8,4096,100.928
16,32,8,8192,194.111
16,32,8,16384,377.3
16,32,8,32768,733.181
16,32,8,65536,1470.47
16,32,8,131055,2931.64
16,32,16,16,12.3947
16,32,16,32,12.501
16,32,16,64,12.779
16,32,16,128,16.9283
16,32,16,256,22.6027
16,32,16,512,34.2187
16,32,16,1024,58.752
16,32,16,2048,104.074
16,32,16,4096,195.498
16,32,16,8192,381.737
16,32,16,16384,756.809
16,32,16,32768,1502.35
16,32,16,65536,2976.86
16,32,16,131055,5894.45
16,32,32,16,16.832
16,32,32,32,16.9067
16,32,32,64,17.3333
16,32,32,128,24.7043
16,32,32,256,33.2693
16,32,32,512,51.0827
16,32,32,1024,86.2927
16,32,32,2048,154.389
16,32,32,4096,292.148
16,32,32,8192,588.542
16,32,32,16384,1155.1
16,32,32,32768,2298.45
16,32,32,65536,4589.14
16,32,32,131055,9063.54
16,32,64,16,29.2053
16,32,64,32,29.8877
16,32,64,64,30.923
16,32,64,128,46.165
16,32,64,256,64.181
16,32,64,512,98.1757
16,32,64,1024,167.392
16,32,64,2048,304.341
16,32,64,4096,736.551
16,32,64,8192,1485.39
16,32,64,16384,2957.77
16,32,64,32768,5930.12
16,32,64,65536,12174.3
16,32,64,131055,23700
16,64,0,0,8.36267
16,64,1,16,8.13867
16,64,1,32,8.192
16,64,1,64,8.24533
16,64,1,128,9.856
16,64,1,256,12.277
16,64,1,512,17.6103
16,64,1,1024,28.672
16,64,1,2048,51.1897
16,64,1,4096,96.1593
16,64,1,8192,185.983
16,64,1,16384,368.244
16,64,1,32768,721.042
16,64,1,65536,1444.18
16,64,1,131055,2889.32
16,64,2,16,8.26667
16,64,2,32,8.21333
16,64,2,64,8.33
16,64,2,128,9.86667
16,64,2,256,12.5013
16,64,2,512,17.642
16,64,2,1024,28.8537
16,64,2,2048,51.0507
16,64,2,4096,96.458
16,64,2,8192,186.911
16,64,2,16384,367.998
16,64,2,32768,727.037
16,64,2,65536,1450.58
16,64,2,131055,2874.14
16,64,4,16,7.92533
16,64,4,32,7.95733
16,64,4,64,8.18133
16,64,4,128,9.85567
16,64,4,256,12.448
16,64,4,512,17.7703
16,64,4,1024,29.0773
16,64,4,2048,51.7653
16,64,4,4096,97.237
16,64,4,8192,186.783
16,64,4,16384,368.35
16,64,4,32768,725.618
16,64,4,65536,1441.2
16,64,4,131055,2869.03
16,64,8,16,8.08533
16,64,8,32,8.042
16,64,8,64,8.42667
16,64,8,128,10.08
16,64,8,256,12.7147
16,64,8,512,18.304
16,64,8,1024,29.9733
16,64,8,2048,54.357
16,64,8,4096,100.544
16,64,8,8192,194.421
16,64,8,16384,374.442
16,64,8,32768,743.432
16,64,8,65536,1467.06
16,64,8,131055,2925.22
16,64,16,16,12.4477
16,64,16,32,12.4053
16,64,16,64,12.875
16,64,16,128,17.1517
16,64,16,256,22.709
16,64,16,512,34.2077
16,64,16,1024,58.2077
16,64,16,2048,104.106
16,64,16,4096,194.538
16,64,16,8192,380.244
16,64,16,16384,753.788
16,64,16,32768,1501.51
16,64,16,65536,2967.82
16,64,16,131055,5892.06
16,64,32,16,16.928
16,64,32,32,17.1203
16,64,32,64,17.6107
16,64,32,128,24.8853
16,64,32,256,33.4507
16,64,32,512,51.606
16,64,32,1024,87.189
16,64,32,2048,155.829
16,64,32,4096,294.409
16,64,32,8192,592.243
16,64,32,16384,1161.12
16,64,32,32768,2300.44
16,64,32,65536,4607.11
16,64,32,131055,9080.14
16,64,64,16,29.6633
16,64,64,32,29.6853
16,64,64,64,30.7097
16,64,64,128,45.9947
16,64,64,256,64.3523
16,64,64,512,98.293
16,64,64,1024,167.594
16,64,64,2048,303.764
16,64,64,4096,735.325
16,64,64,8192,1486.81
16,64,64,16384,2972.61
16,64,64,32768,6206.98
16,64,64,65536,12350.4
16,64,64,131055,23764.6
16,128,0,0,10.581
16,128,1,16,9.80267
16,128,1,32,9.909
16,128,1,64,9.85633
16,128,1,128,10.5067
16,128,1,256,12.2027
16,128,1,512,17.4293
16,128,1,1024,28.736
16,128,1,2048,51.0713
16,128,1,4096,96.1703
16,128,1,8192,186.516
16,128,1,16384,364.67
16,128,1,32768,724.947
16,128,1,65536,1445.17
16,128,1,131055,2882.19
16,128,2,16,9.91
16,128,2,32,9.835
16,128,2,64,9.85567
16,128,2,128,10.752
16,128,2,256,12.362
16,128,2,512,17.525
16,128,2,1024,28.8423
16,128,2,2048,51.573
16,128,2,4096,96.7463
16,128,2,8192,187.552
16,128,2,16384,370.313
16,128,2,32768,727.271
16,128,2,65536,1449.21
16,128,2,131055,2880.79
16,128,4,16,9.846
16,128,4,32,9.87733
16,128,4,64,9.84533
16,128,4,128,10.5173
16,128,4,256,12.469
16,128,4,512,17.7173
16,128,4,1024,28.8643
16,128,4,2048,52.405
16,128,4,4096,98.0693
16,128,4,8192,189.994
16,128,4,16384,368.095
16,128,4,32768,725.629
16,128,4,65536,1443.61
16,128,4,131055,2880.33
16,128,8,16,9.96267
16,128,8,32,9.973
16,128,8,64,9.90933
16,128,8,128,10.5063
16,128,8,256,12.7147
16,128,8,512,18.2937
16,128,8,1024,30.0587
16,128,8,2048,54.304
16,128,8,4096,100.949
16,128,8,8192,192.116
16,128,8,16384,376.073
16,128,8,32768,744.211
16,128,8,65536,1466.82
16,128,8,131055,2924.18
16,128,16,16,14.9867
16,128,16,32,15.0613
16,128,16,64,15.3173
16,128,16,128,17.6637
16,128,16,256,22.6667
16,128,16,512,34.3357
16,128,16,1024,58.6347
16,128,16,2048,103.893
16,128,16,4096,194.815
16,128,16,8192,381.609
16,128,16,16384,758.226
16,128,16,32768,1493.08
16,128,16,65536,2969.76
16,128,16,131055,5907.42
16,128,32,16,19.392
16,128,32,32,19.7653
16,128,32,64,20.0747
16,128,32,128,24.9173
16,128,32,256,33.5147
16,128,32,512,51.6363
16,128,32,1024,87.0823
16,128,32,2048,155.797
16,128,32,4096,294.015
16,128,32,8192,593.043
16,128,32,16384,1159.41
16,128,32,32768,2298.05
16,128,32,65536,4599
16,128,32,131055,9064.1
16,128,64,16,31.8613
16,128,64,32,32.3307
16,128,64,64,32.7893
16,128,64,128,46.9007
16,128,64,256,64.2027
16,128,64,512,98.517
16,128,64,1024,167.029
16,128,64,2048,303.935
16,128,64,4096,734.983
16,128,64,8192,1487.81
16,128,64,16384,2962.87
16,128,64,32768,5922.94
16,128,64,65536,12282.2
16,128,64,131055,23740.4
16,256,0,0,13.2263
16,256,1,16,12.4907
16,256,1,32,12.608
16,256,1,64,12.4373
16,256,1,128,12.277
16,256,1,256,12.9597
16,256,1,512,17.536
16,256,1,1024,28.7677
16,256,1,2048,51.061
16,256,1,4096,96.4897
16,256,1,8192,187.893
16,256,1,16384,367.934
16,256,1,32768,722.196
16,256,1,65536,1450.4
16,256,1,131055,2885.05
16,256,2,16,12.4477
16,256,2,32,12.3837
16,256,2,64,12.5227
16,256,2,128,12.4053
16,256,2,256,13.088
16,256,2,512,17.5573
16,256,2,1024,28.768
16,256,2,2048,51.456
16,256,2,4096,96.6077
16,256,2,8192,187.935
16,256,2,16384,368.574
16,256,2,32768,727.345
16,256,2,65536,1443.79
16,256,2,131055,2877.47
16,256,4,16,12.5437
16,256,4,32,12.362
16,256,4,64,12.384
16,256,4,128,12.4263
16,256,4,256,13.056
16,256,4,512,17.7387
16,256,4,1024,28.9703
16,256,4,2048,52.2663
16,256,4,4096,97.887
16,256,4,8192,187.306
16,256,4,16384,367.795
16,256,4,32768,729.225
16,256,4,65536,1453.08
16,256,4,131055,2872.44
16,256,8,16,12.4487
16,256,8,32,12.491
16,256,8,64,12.7357
16,256,8,128,12.6293
16,256,8,256,13.0347
16,256,8,512,18.4107
16,256,8,1024,30.336
16,256,8,2048,54.1867
16,256,8,4096,100.704
16,256,8,8192,192.874
16,256,8,16384,377.076
16,256,8,32768,737
16,256,8,65536,1468.14
16,256,8,131055,2911.7
16,256,16,16,17.6957
16,256,16,32,17.7173
16,256,16,64,17.5467
16,256,16,128,20.032
16,256,16,256,23.4777
16,256,16,512,34.0163
16,256,16,1024,58.7407
16,256,16,2048,103.808
16,256,16,4096,194.517
16,256,16,8192,380.052
16,256,16,16384,755.72
16,256,16,32768,1491.83
16,256,16,65536,2969.12
16,256,16,131055,5904.41
16,256,32,16,21.9303
16,256,32,32,22.3463
16,256,32,64,22.5597
16,256,32,128,27.669
16,256,32,256,33.8133
16,256,32,512,51.509
16,256,32,1024,87.5513
16,256,32,2048,155.775
16,256,32,4096,295.209
16,256,32,8192,589.971
16,256,32,16384,1162.11
16,256,32,32768,2299.48
16,256,32,65536,4600.56
16,256,32,131055,9045.2
16,256,64,16,34.7203
16,256,64,32,35.1787
16,256,64,64,35.7433
16,256,64,128,48.7677
16,256,64,256,64.9173
16,256,64,512,98.154
16,256,64,1024,167.05
16,256,64,2048,303.636
16,256,64,4096,735.005
16,256,64,8192,1487.02
16,256,64,16384,2964.15
16,256,64,32768,5966.91
16,256,64,65536,12055.3
16,256,64,131055,23816.9
16,512,0,0,18.0587
16,512,1,16,17.653
16,512,1,32,17.589
16,512,1,64,17.5787
16,512,1,128,17.429
16,512,1,256,17.5573
16,512,1,512,17.867
16,512,1,1024,28.3303
16,512,1,2048,50.7627
16,512,1,4096,95.9243
16,512,1,8192,186.751
16,512,1,16384,369.62
16,512,1,32768,727.196
16,512,1,65536,1445.88
16,512,1,131055,2879.34
16,512,2,16,17.7807
16,512,2,32,17.6533
16,512,2,64,17.461
16,512,2,128,17.4933
16,512,2,256,17.5037
16,512,2,512,17.9837
16,512,2,1024,28.885
16,512,2,2048,51.776
16,512,2,4096,96.8637
16,512,2,8192,186.879
16,512,2,16384,370.719
16,512,2,32768,726.258
16,512,2,65536,1449.5
16,512,2,131055,2878.7
16,512,4,16,17.632
16,512,4,32,17.6533
16,512,4,64,17.514
16,512,4,128,17.5043
16,512,4,256,17.6427
16,512,4,512,17.909
16,512,4,1024,29.077
16,512,4,2048,52.309
16,512,4,4096,98.218
16,512,4,8192,189.855
16,512,4,16384,369.503
16,512,4,32768,724.648
16,512,4,65536,1443.42
16,512,4,131055,2881.64
16,512,8,16,17.7493
16,512,8,32,17.8133
16,512,8,64,17.5467
16,512,8,128,17.76
16,512,8,256,17.899
16,512,8,512,18.379
16,512,8,1024,30.1547
16,512,8,2048,54.5703
16,512,8,4096,101.045
16,512,8,8192,194.388
16,512,8,16384,375.049
16,512,8,32768,743.922
16,512,8,65536,1467.59
16,512,8,131055,2918.39
16,512,16,16,22.8057
16,512,16,32,23.04
16,512,16,64,23.0507
16,512,16,128,25.536
16,512,16,256,28.9063
16,512,16,512,34.656
16,512,16,1024,58.4103
16,512,16,2048,104.032
16,512,16,4096,194.613
16,512,16,8192,382.388
16,512,16,16384,758.44
16,512,16,32768,1493.82
16,512,16,65536,2977.55
16,512,16,131055,5922.81
16,512,32,16,27.52
16,512,32,32,27.7337
16,512,32,64,28.1167
16,512,32,128,32.9493
16,512,32,256,39.2
16,512,32,512,51.648
16,512,32,1024,87.701
16,512,32,2048,155.754
16,512,32,4096,295.988
16,512,32,8192,592.232
16,512,32,16384,1155.7
16,512,32,32768,2300.96
16,512,32,65536,4612.11
16,512,32,131055,9043.78
16,512,64,16,40.1063
16,512,64,32,40.4903
16,512,64,64,41.7707
16,512,64,128,54.6663
16,512,64,256,69.237
16,512,64,512,99.115
16,512,64,1024,167.327
16,512,64,2048,304.916
16,512,64,4096,734.951
16,512,64,8192,1484.79
16,512,64,16384,2976.26
16,512,64,32768,5972.93
16,512,64,65536,12228.5
16,512,64,131055,23790.5
16,1024,0,0,29.493
16,1024,1,16,28.608
16,1024,1,32,29.035
16,1024,1,64,28.6717
16,1024,1,128,28.7677
16,1024,1,256,28.523
16,1024,1,512,28.512
16,1024,1,1024,29.3757
16,1024,1,2048,51.541
16,1024,1,4096,96.3307
16,1024,1,8192,185.844
16,1024,1,16384,368.254
16,1024,1,32768,722.568
16,1024,1,65536,1445.84
16,1024,1,131055,2887.22
16,1024,2,16,29.014
16,1024,2,32,28.8423
16,1024,2,64,28.8107
16,1024,2,128,28.6183
16,1024,2,256,29.0883
16,1024,2,512,28.8213
16,1024,2,1024,29.61
16,1024,2,2048,51.5413
16,1024,2,4096,96.1923
16,1024,2,8192,188.245
16,1024,2,16384,367.572
16,1024,2,32768,727.379
16,1024,2,65536,1441.96
16,1024,2,131055,2874.13
16,1024,4,16,28.5443
16,1024,4,32,28.672
16,1024,4,64,28.7147
16,1024,4,128,28.4693
16,1024,4,256,29.0667
16,1024,4,512,28.8427
16,1024,4,1024,29.6
16,1024,4,2048,52.7893
16,1024,4,4096,98.154
16,1024,4,8192,188.17
16,1024,4,16384,369.641
16,1024,4,32768,725.564
16,1024,4,65536,1439.64
16,1024,4,131055,2874.4
16,1024,8,16,28.9923
16,1024,8,32,28.9173
16,1024,8,64,28.5543
16,1024,8,128,28.896
16,1024,8,256,29.376
16,1024,8,512,29.8983
16,1024,8,1024,30.5817
16,1024,8,2048,54.7737
16,1024,8,4096,100.928
16,1024,8,8192,193.664
16,1024,8,16384,380.297
16,1024,8,32768,739.357
16,1024,8,65536,1468.87
16,1024,8,131055,2937.47
16,1024,16,16,33.5357
16,1024,16,32,33.2693
16,1024,16,64,33.5677
16,1024,16,128,36.757
16,1024,16,256,39.6057
16,1024,16,512,46.0587
16,1024,16,1024,59.029
16,1024,16,2048,104.437
16,1024,16,4096,194.687
16,1024,16,8192,385.118
16,1024,16,16384,760.925
16,1024,16,32768,1503.69
16,1024,16,65536,2973.18
16,1024,16,131055,5909.73
16,1024,32,16,38.1333
16,1024,32,32,38.3143
16,1024,32,64,39.0077
16,1024,32,128,44.309
16,1024,32,256,50.698
16,1024,32,512,62.7517
16,1024,32,1024,87.7007
16,1024,32,2048,156.223
16,1024,32,4096,295.647
16,1024,32,8192,594.526
16,1024,32,16384,1158.57
16,1024,32,32768,2304.76
16,1024,32,65536,4595.79
16,1024,32,131055,9049.86
16,1024,64,16,51.1783
16,1024,64,32,51.659
16,1024,64,64,52.2667
16,1024,64,128,66.0477
16,1024,64,256,80.1917
16,1024,64,512,108.427
16,1024,64,1024,167.849
16,1024,64,2048,305.546
16,1024,64,4096,740.168
16,1024,64,8192,1491.75
16,1024,64,16384,2959.51
16,1024,64,32768,6055.28
16,1024,64,65536,12146.8
16,1024,64,131055,23749.2
16,2048,0,0,52.277
16,2048,1,16,51.232
16,2048,1,32,51.9357
16,2048,1,64,51.018
16,2048,1,128,51.3913
16,2048,1,256,51.296
16,2048,1,512,51.9253
16,2048,1,1024,51.7543
16,2048,1,2048,51.5087
16,2048,1,4096,96.543
16,2048,1,8192,185.963
16,2048,1,16384,365.717
16,2048,1,32768,722.366
16,2048,1,65536,1445.58
16,2048,1,131055,2884.32
16,2048,2,16,51.776
16,2048,2,32,51.1893
16,2048,2,64,51.1253
16,2048,2,128,51.338
16,2048,2,256,51.541
16,2048,2,512,51.5733
16,2048,2,1024,51.616
16,2048,2,2048,52.1913
16,2048,2,4096,96.949
16,2048,2,8192,186.784
16,2048,2,16384,367.732
16,2048,2,32768,725.405
16,2048,2,65536,1441.89
16,2048,2,131055,2882.44
16,2048,4,16,51.445
16,2048,4,32,51.317
16,2048,4,64,51.7333
16,2048,4,128,51.6697
16,2048,4,256,51.0933
16,2048,4,512,51.2637
16,2048,4,1024,51.9147
16,2048,4,2048,52.6503
16,2048,4,4096,98.069
16,2048,4,8192,187.359
16,2048,4,16384,368.937
16,2048,4,32768,726.024
16,2048,4,65536,1440.85
16,2048,4,131055,2875.13
16,2048,8,16,51.1567
16,2048,8,32,51.082
16,2048,8,64,51.915
16,2048,8,128,51.616
16,2048,8,256,52.597
16,2048,8,512,52.8637
16,2048,8,1024,53.771
16,2048,8,2048,54.7407
16,2048,8,4096,101.898
16,2048,8,8192,194.965
16,2048,8,16384,379.689
16,2048,8,32768,744.508
16,2048,8,65536,1472.11
16,2048,8,131055,2932.56
16,2048,16,16,54.2187
16,2048,16,32,54.2177
16,2048,16,64,54.5493
16,2048,16,128,57.7273
16,2048,16,256,60.9707
16,2048,16,512,67.3383
16,2048,16,1024,79.9147
16,2048,16,2048,104.437
16,2048,16,4096,195.711
16,2048,16,8192,380.937
16,2048,16,16384,760.679
16,2048,16,32768,1505.84
16,2048,16,65536,2986.07
16,2048,16,131055,5926.33
16,2048,32,16,59.4133
16,2048,32,32,59.722
16,2048,32,64,60.4047
16,2048,32,128,65.6317
16,2048,32,256,72.5543
16,2048,32,512,84.5753
16,2048,32,1024,108.511
16,2048,32,2048,156.575
16,2048,32,4096,295.69
16,2048,32,8192,593.107
16,2048,32,16384,1163.57
16,2048,32,32768,2310.33
16,2048,32,65536,4620.84
16,2048,32,131055,9043.11
16,2048,64,16,72.3407
16,2048,64,32,72.8637
16,2048,64,64,73.5143
16,2048,64,128,87.072
16,2048,64,256,101.461
16,2048,64,512,129.45
16,2048,64,1024,187.189
16,2048,64,2048,306.921
16,2048,64,4096,736.882
16,2048,64,8192,1490.53
16,2048,64,16384,2982.42
16,2048,64,32768,6076.5
16,2048,64,65536,11964
16,2048,64,131055,23904.1
16,4096,0,0,97.13
16,4096,1,16,97.269
16,4096,1,32,96.789
16,4096,1,64,97.5027
16,4096,1,128,96.7577
16,4096,1,256,96.746
16,4096,1,512,97.3963
16,4096,1,1024,97.2793
16,4096,1,2048,95.946
16,4096,1,4096,96.7357
16,4096,1,8192,188.831
16,4096,1,16384,369.76
16,4096,1,32768,720.699
16,4096,1,65536,1444.74
16,4096,1,131055,2881.33
16,4096,2,16,96.7363
16,4096,2,32,96.458
16,4096,2,64,97.205
16,4096,2,128,97.3223
16,4096,2,256,96.8
16,4096,2,512,96.362
16,4096,2,1024,97.877
16,4096,2,2048,96.725
16,4096,2,4096,97.4077
16,4096,2,8192,187.018
16,4096,2,16384,371.678
16,4096,2,32768,729.938
16,4096,2,65536,1442.61
16,4096,2,131055,2873.39
16,4096,4,16,95.9463
16,4096,4,32,96.608
16,4096,4,64,96.8533
16,4096,4,128,95.9253
16,4096,4,256,96.309
16,4096,4,512,96.5863
16,4096,4,1024,96.245
16,4096,4,2048,96.7563
16,4096,4,4096,98.623
16,4096,4,8192,187.583
16,4096,4,16384,367.775
16,4096,4,32768,725.448
16,4096,4,65536,1447.44
16,4096,4,131055,2879.34
16,4096,8,16,96.6287
16,4096,8,32,96.7783
16,4096,8,64,95.947
16,4096,8,128,97.269
16,4096,8,256,97.557
16,4096,8,512,97.984
16,4096,8,1024,99.3703
16,4096,8,2048,99.914
16,4096,8,4096,101.781
16,4096,8,8192,195.189
16,4096,8,16384,379.167
16,4096,8,32768,741.874
16,4096,8,65536,1472.71
16,4096,8,131055,2943.98
16,4096,16,16,97.4397
16,4096,16,32,95.872
16,4096,16,64,96.2987
16,4096,16,128,99.7537
16,4096,16,256,103.114
16,4096,16,512,110.207
16,4096,16,1024,121.792
16,4096,16,2048,146.815
16,4096,16,4096,197.621
16,4096,16,8192,383.049
16,4096,16,16384,756.562
16,4096,16,32768,1507.77
16,4096,16,65536,2988.54
16,4096,16,131055,5927.4
16,4096,32,16,102.026
16,4096,32,32,102.517
16,4096,32,64,102.741
16,4096,32,128,108.063
16,4096,32,256,113.77
16,4096,32,512,125.845
16,4096,32,1024,150.719
16,4096,32,2048,198.303
16,4096,32,4096,296.693
16,4096,32,8192,595.091
16,4096,32,16384,1197.96
16,4096,32,32768,2336.97
16,4096,32,65536,4645.82
16,4096,32,131055,9101.82
16,4096,64,16,113.717
16,4096,64,32,115.189
16,4096,64,64,115.434
16,4096,64,128,128.511
16,4096,64,256,143.274
16,4096,64,512,172.042
16,4096,64,1024,230.687
16,4096,64,2048,342.996
16,4096,64,4096,749.395
16,4096,64,8192,1543.49
16,4096,64,16384,3092.66
16,4096,64,32768,6118.61
16,4096,64,65536,12483.6
16,4096,64,131055,24518.7
16,8192,0,0,188.853
16,8192,1,16,185.301
16,8192,1,32,186.367
16,8192,1,64,185.258
16,8192,1,128,186.922
16,8192,1,256,185.663
16,8192,1,512,187.785
16,8192,1,1024,186.783
16,8192,1,2048,187.059
16,8192,1,4096,187.529
16,8192,1,8192,186.377
16,8192,1,16384,366.228
16,8192,1,32768,721.064
16,8192,1,65536,1454.29
16,8192,1,131055,2888.19
16,8192,2,16,186.581
16,8192,2,32,185.589
16,8192,2,64,186.623
16,8192,2,128,186.314
16,8192,2,256,185.226
16,8192,2,512,186.56
16,8192,2,1024,187.806
16,8192,2,2048,186.367
16,8192,2,4096,186.356
16,8192,2,8192,187.444
16,8192,2,16384,367.284
16,8192,2,32768,726.802
16,8192,2,65536,1442.02
16,8192,2,131055,2879.2
16,8192,4,16,186.293
16,8192,4,32,185.055
16,8192,4,64,186.143
16,8192,4,128,186.847
16,8192,4,256,184.895
16,8192,4,512,187.199
16,8192,4,1024,186.612
16,8192,4,2048,187.082
16,8192,4,4096,187.797
16,8192,4,8192,188.212
16,8192,4,16384,368.446
16,8192,4,32768,732.627
16,8192,4,65536,1443.82
16,8192,4,131055,2881.5
16,8192,8,16,185.503
16,8192,8,32,185.141
16,8192,8,64,184.501
16,8192,8,128,187.274
16,8192,8,256,188.916
16,8192,8,512,187.508
16,8192,8,1024,188.084
16,8192,8,2048,189.866
16,8192,8,4096,191.049
16,8192,8,8192,195.37
16,8192,8,16384,377.491
16,8192,8,32768,743.058
16,8192,8,65536,1473.98
16,8192,8,131055,2934.75
16,8192,16,16,185.269
16,8192,16,32,184.767
16,8192,16,64,184.277
16,8192,16,128,185.577
16,8192,16,256,186.527
16,8192,16,512,194.409
16,8192,16,1024,205.973
16,8192,16,2048,230.58
16,8192,16,4096,281.823
16,8192,16,8192,386.484
16,8192,16,16384,755.475
16,8192,16,32768,1508.69
16,8192,16,65536,3001.16
16,8192,16,131055,5914.98
16,8192,32,16,185.983
16,8192,32,32,186.432
16,8192,32,64,185.599
16,8192,32,128,191.53
16,8192,32,256,198.57
16,8192,32,512,210.079
16,8192,32,1024,233.865
16,8192,32,2048,283.839
16,8192,32,4096,381.673
16,8192,32,8192,599.273
16,8192,32,16384,1199.68
16,8192,32,32768,2397.81
16,8192,32,65536,4852.49
16,8192,32,131055,9525.43
16,8192,64,16,198.453
16,8192,64,32,196.874
16,8192,64,64,199.221
16,8192,64,128,212.415
16,8192,64,256,226.805
16,8192,64,512,255.594
16,8192,64,1024,316.586
16,8192,64,2048,431.934
16,8192,64,4096,839.335
16,8192,64,8192,1509
16,8192,64,16384,3139.72
16,8192,64,32768,6512.83
16,8192,64,65536,12812.3
16,8192,64,131055,25782.8
16,16384,0,0,369.769
16,16384,1,16,364.959
16,16384,1,32,365.641
16,16384,1,64,365.299
16,16384,1,128,365.513
16,16384,1,256,366.367
16,16384,1,512,368.191
16,16384,1,1024,367.284
16,16384,1,2048,368.394
16,16384,1,4096,364.159
16,16384,1,8192,366.068
16,16384,1,16384,368.532
16,16384,1,32768,726.036
16,16384,1,65536,1442.63
16,16384,1,131055,2880.69
16,16384,2,16,368.329
16,16384,2,32,366.814
16,16384,2,64,365.834
16,16384,2,128,365.087
16,16384,2,256,364.937
16,16384,2,512,365.246
16,16384,2,1024,366.313
16,16384,2,2048,365.716
16,16384,2,4096,368.767
16,16384,2,8192,363.656
16,16384,2,16384,372.82
16,16384,2,32768,725.33
16,16384,2,65536,1443.07
16,16384,2,131055,2876.31
16,16384,4,16,364.734
16,16384,4,32,365.982
16,16384,4,64,363.934
16,16384,4,128,363.656
16,16384,4,256,364.478
16,16384,4,512,367.742
16,16384,4,1024,366.9
16,16384,4,2048,364.254
16,16384,4,4096,367.998
16,16384,4,8192,365.118
16,16384,4,16384,373.182
16,16384,4,32768,731.036
16,16384,4,65536,1440.28
16,16384,4,131055,2873.8
16,16384,8,16,364.191
16,16384,8,32,364.531
16,16384,8,64,365.983
16,16384,8,128,364.341
16,16384,8,256,367.593
16,16384,8,512,367.177
16,16384,8,1024,368.82
16,16384,8,2048,370.366
16,16384,8,4096,370.559
16,16384,8,8192,372.937
16,16384,8,16384,381.023
16,16384,8,32768,747.677
16,16384,8,65536,1470.31
16,16384,8,131055,2938.72
16,16384,16,16,362.729
16,16384,16,32,362.707
16,16384,16,64,365.94
16,16384,16,128,367.881
16,16384,16,256,366.697
16,16384,16,512,367.518
16,16384,16,1024,372.02
16,16384,16,2048,399.262
16,16384,16,4096,451.551
16,16384,16,8192,557.886
16,16384,16,16384,759.815
16,16384,16,32768,1501.67
16,16384,16,65536,2981.86
16,16384,16,131055,5940.79
16,16384,32,16,364.138
16,16384,32,32,366.473
16,16384,32,64,362.453
16,16384,32,128,364.031
16,16384,32,256,366.634
16,16384,32,512,376.116
16,16384,32,1024,401.097
16,16384,32,2048,448.712
16,16384,32,4096,546.665
16,16384,32,8192,774.856
16,16384,32,16384,1168.17
16,16384,32,32768,2379.63
16,16384,32,65536,4820.7
16,16384,32,131055,9681.74
16,16384,64,16,366.143
16,16384,64,32,364.393
16,16384,64,64,369.886
16,16384,64,128,377.439
16,16384,64,256,397.983
16,16384,64,512,423.945
16,16384,64,1024,484.18
16,16384,64,2048,598.505
16,16384,64,4096,1033.98
16,16384,64,8192,1704.93
16,16384,64,16384,3020.67
16,16384,64,32768,6400.95
16,16384,64,65536,12900.4
16,16384,64,131055,25431.2
16,32768,0,0,731.101
16,32768,1,16,723.86
16,32768,1,32,721.959
16,32768,1,64,721.629
16,32768,1,128,722.227
16,32768,1,256,721.086
16,32768,1,512,721.801
16,32768,1,1024,722.674
16,32768,1,2048,721.852
16,32768,1,4096,721.757
16,32768,1,8192,722.983
16,32768,1,16384,721.619
16,32768,1,32768,726.483
16,32768,1,65536,1444.53
16,32768,1,131055,2883.67
16,32768,2,16,721.139
16,32768,2,32,720.54
16,32768,2,64,721.49
16,32768,2,128,721.193
16,32768,2,256,721.341
16,32768,2,512,721.159
16,32768,2,1024,721.331
16,32768,2,2048,722.451
16,32768,2,4096,721.833
16,32768,2,8192,722.94
16,32768,2,16384,726.942
16,32768,2,32768,731.059
16,32768,2,65536,1444.72
16,32768,2,131055,2884.03
16,32768,4,16,728.371
16,32768,4,32,719.272
16,32768,4,64,720.231
16,32768,4,128,722.739
16,32768,4,256,723.443
16,32768,4,512,723.71
16,32768,4,1024,724.468
16,32768,4,2048,724.253
16,32768,4,4096,720.081
16,32768,4,8192,721.81
16,32768,4,16384,721.682
16,32768,4,32768,725.821
16,32768,4,65536,1441.79
16,32768,4,131055,2873.1
16,32768,8,16,722.792
16,32768,8,32,718.962
16,32768,8,64,718.876
16,32768,8,128,719.859
16,32768,8,256,721.439
16,32768,8,512,727.656
16,32768,8,1024,722.557
16,32768,8,2048,724.947
16,32768,8,4096,731.038
16,32768,8,8192,734.674
16,32768,8,16384,737.309
16,32768,8,32768,747.101
16,32768,8,65536,1477.59
16,32768,8,131055,2930.71
16,32768,16,16,727.698
16,32768,16,32,717.897
16,32768,16,64,723.145
16,32768,16,128,718.792
16,32768,16,256,720.222
16,32768,16,512,726.429
16,32768,16,1024,728.252
16,32768,16,2048,741.075
16,32768,16,4096,787.549
16,32768,16,8192,886.684
16,32768,16,16384,1108.33
16,32768,16,32768,1503.81
16,32768,16,65536,2982.55
16,32768,16,131055,5942.79
16,32768,32,16,731.112
16,32768,32,32,721.779
16,32768,32,64,716.828
16,32768,32,128,718.825
16,32768,32,256,731.305
16,32768,32,512,720.871
16,32768,32,1024,737.704
16,32768,32,2048,784.732
16,32768,32,4096,890.343
16,32768,32,8192,1111.43
16,32768,32,16384,1530.52
16,32768,32,32768,2317.62
16,32768,32,65536,4821.23
16,32768,32,131055,9550.23
16,32768,64,16,724.114
16,32768,64,32,718.952
16,32768,64,64,723.923
16,32768,64,128,728.083
16,32768,64,256,736.306
16,32768,64,512,761.981
16,32768,64,1024,822.461
16,32768,64,2048,938.492
16,32768,64,4096,1361.56
16,32768,64,8192,2077.34
16,32768,64,16384,3403.37
16,32768,64,32768,6117.12
16,32768,64,65536,13174.8
16,32768,64,131055,25692.4
16,65536,0,0,1456.68
16,65536,1,16,1446.35
16,65536,1,32,1446.44
16,65536,1,64,1445.43
16,65536,1,128,1446.3
16,65536,1,256,1449.6
16,65536,1,512,1447.36
16,65536,1,1024,1446.75
16,65536,1,2048,1448.42
16,65536,1,4096,1448.77
16,65536,1,8192,1450.84
16,65536,1,16384,1447.52
16,65536,1,32768,1444.02
16,65536,1,65536,1446.47
16,65536,1,131055,2878.31
16,65536,2,16,1446.69
16,65536,2,32,1446.23
16,65536,2,64,1456.15
16,65536,2,128,1449.79
16,65536,2,256,1446.2
16,65536,2,512,1445.2
16,65536,2,1024,1445.48
16,65536,2,2048,1446.84
16,65536,2,4096,1460.68
16,65536,2,8192,1451.84
16,65536,2,16384,1446.26
16,65536,2,32768,1441.15
16,65536,2,65536,1443.42
16,65536,2,131055,2872.21
16,65536,4,16,1440.62
16,65536,4,32,1440.7
16,65536,4,64,1440.77
16,65536,4,128,1440.69
16,65536,4,256,1439.01
16,65536,4,512,1439.97
16,65536,4,1024,1440.48
16,65536,4,2048,1440.2
16,65536,4,4096,1440.29
16,65536,4,8192,1440.3
16,65536,4,16384,1439.44
16,65536,4,32768,1444.84
16,65536,4,65536,1450.13
16,65536,4,131055,2872.18
16,65536,8,16,1446.75
16,65536,8,32,1446.99
16,65536,8,64,1441.45
16,65536,8,128,1441.06
16,65536,8,256,1441.99
16,65536,8,512,1442.79
16,65536,8,1024,1452.22
16,65536,8,2048,1453.81
16,65536,8,4096,1446.19
16,65536,8,8192,1454.71
16,65536,8,16384,1470.75
16,65536,8,32768,1474.02
16,65536,8,65536,1467.67
16,65536,8,131055,2933.24
16,65536,16,16,1439.01
16,65536,16,32,1439.32
16,65536,16,64,1448.33
16,65536,16,128,1443.23
16,65536,16,256,1444.76
16,65536,16,512,1446.52
16,65536,16,1024,1457.02
16,65536,16,2048,1451.04
16,65536,16,4096,1453.72
16,65536,16,8192,1572.64
16,65536,16,16384,1784.1
16,65536,16,32768,2216.95
16,65536,16,65536,2989.63
16,65536,16,131055,5907.26
16,65536,32,16,1441.27
16,65536,32,32,1442.41
16,65536,32,64,1442.33
16,65536,32,128,1449.96
16,65536,32,256,1447.45
16,65536,32,512,1458.21
16,65536,32,1024,1449.12
16,65536,32,2048,1463.25
16,65536,32,4096,1561.48
16,65536,32,8192,1792.96
16,65536,32,16384,2210.92
16,65536,32,32768,3055.16
16,65536,32,65536,4636.54
16,65536,32,131055,9626.73
16,65536,64,16,1444.37
16,65536,64,32,1437.71
16,65536,64,64,1441.31
16,65536,64,128,1450
16,65536,64,256,1461.67
16,65536,64,512,1460.55
16,65536,64,1024,1490.72
16,65536,64,2048,1623.46
16,65536,64,4096,2037.76
16,65536,64,8192,2731.81
16,65536,64,16384,4150.05
16,65536,64,32768,6896.58
16,65536,64,65536,12454
16,65536,64,131055,26002.2
16,131055,0,0,2903.86
16,131055,1,16,2883.47
16,131055,1,32,2882.15
16,131055,1,64,2881.92
16,131055,1,128,2885.59
16,131055,1,256,2881.74
16,131055,1,512,2885.76
16,131055,1,1024,2882.43
16,131055,1,2048,2882.77
16,131055,1,4096,2882.3
16,131055,1,8192,2882.66
16,131055,1,16384,2883.28
16,131055,1,32768,2885.2
16,131055,1,65536,2882.76
16,131055,1,131055,2881.92
16,131055,2,16,2882.31
16,131055,2,32,2883.25
16,131055,2,64,2889.52
16,131055,2,128,2881.64
16,131055,2,256,2883.24
16,131055,2,512,2884.98
16,131055,2,1024,2884.54
16,131055,2,2048,2881.26
16,131055,2,4096,2882.81
16,131055,2,8192,2885.57
16,131055,2,16384,2884.95
16,131055,2,32768,2883.79
16,131055,2,65536,2876.77
16,131055,2,131055,2881.37
16,131055,4,16,2869.88
16,131055,4,32,2872.91
16,131055,4,64,2870.83
16,131055,4,128,2873.86
16,131055,4,256,2877.62
16,131055,4,512,2872.7
16,131055,4,1024,2877.35
16,131055,4,2048,2882.06
16,131055,4,4096,2873.91
16,131055,4,8192,2878.4
16,131055,4,16384,2873.1
16,131055,4,32768,2881.14
16,131055,4,65536,2873.09
16,131055,4,131055,2886.66
16,131055,8,16,2878
16,131055,8,32,2883.11
16,131055,8,64,2880.8
16,131055,8,128,2877.75
16,131055,8,256,2874.64
16,131055,8,512,2873.81
16,131055,8,1024,2892.97
16,131055,8,2048,2877.25
16,131055,8,4096,2879.89
16,131055,8,8192,2886.24
16,131055,8,16384,2896.02
16,131055,8,32768,2910.09
16,131055,8,65536,2916.31
16,131055,8,131055,2957.26
16,131055,16,16,2865.96
16,131055,16,32,2876.83
16,131055,16,64,2874.85
16,131055,16,128,2868.46
16,131055,16,256,2878.94
16,131055,16,512,2868.63
16,131055,16,1024,2886.41
16,131055,16,2048,2870.98
16,131055,16,4096,2901.79
16,131055,16,8192,2920.89
16,131055,16,16384,3132.53
16,131055,16,32768,3577.91
16,131055,16,65536,4406.24
16,131055,16,131055,5912.06
16,131055,32,16,2871.54
16,131055,32,32,2867.55
16,131055,32,64,2878.78
16,131055,32,128,2895.34
16,131055,32,256,2887.82
16,131055,32,512,2892.82
16,131055,32,1024,2904.32
16,131055,32,2048,2893.36
16,131055,32,4096,2925.95
16,131055,32,8192,3135.03
16,131055,32,16384,3558.11
16,131055,32,32768,4416.08
16,131055,32,65536,6133.9
16,131055,32,131055,9164.71
16,131055,64,16,2867.31
16,131055,64,32,2861.56
16,131055,64,64,2876.23
16,131055,64,128,2880.73
16,131055,64,256,2885.65
16,131055,64,512,2889.32
16,131055,64,1024,2894.93
16,131055,64,2048,2943.69
16,131055,64,4096,3376.43
16,131055,64,8192,4051.83
16,131055,64,16384,5469.24
16,131055,64,32768,8536.23
16,131055,64,65536,14000.4
16,131055,64,131055,24263.6
32,0,0,0,8.29867
32,0,1,16,8.09633
32,0,1,32,8.09667
32,0,1,64,8.032
32,0,1,128,9.717
32,0,1,256,12.3733
32,0,1,512,17.8453
32,0,1,1024,28.6827
32,0,1,2048,51.627
32,0,1,4096,96.586
32,0,1,8192,187.871
32,0,1,16384,369.982
32,0,1,32768,725.352
32,0,1,65536,1453.93
32,0,1,131055,2887.55
32,0,2,16,8.053
32,0,2,32,8.06433
32,0,2,64,8.11733
32,0,2,128,9.82333
32,0,2,256,12.448
32,0,2,512,17.6213
32,0,2,1024,28.554
32,0,2,2048,51.264
32,0,2,4096,97.109
32,0,2,8192,189.268
32,0,2,16384,369.94
32,0,2,32768,731.933
32,0,2,65536,1460.51
32,0,2,131055,2893.51
32,0,4,16,7.925
32,0,4,32,7.87167
32,0,4,64,7.904
32,0,4,128,9.877
32,0,4,256,12.4373
32,0,4,512,17.6
32,0,4,1024,29.2477
32,0,4,2048,52.6293
32,0,4,4096,98.4743
32,0,4,8192,186.837
32,0,4,16384,370.229
32,0,4,32768,725.267
32,0,4,65536,1447.8
32,0,4,131055,2885.45
32,0,8,16,7.97833
32,0,8,32,8.07433
32,0,8,64,8.043
32,0,8,128,9.984
32,0,8,256,12.7893
32,0,8,512,18.3467
32,0,8,1024,30.1017
32,0,8,2048,54.1963
32,0,8,4096,101.366
32,0,8,8192,192.938
32,0,8,16384,379.785
32,0,8,32768,736.829
32,0,8,65536,1475.67
32,0,8,131055,2933.46
32,0,16,16,12.3623
32,0,16,32,12.2983
32,0,16,64,12.3623
32,0,16,128,17.0343
32,0,16,256,22.6237
32,0,16,512,34.2183
32,0,16,1024,58.3573
32,0,16,2048,103.828
32,0,16,4096,195.444
32,0,16,8192,380.777
32,0,16,16384,755.675
32,0,16,32768,1497.79
32,0,16,65536,2971.93
32,0,16,131055,5920.81
32,0,32,16,16.6503
32,0,32,32,16.917
32,0,32,64,17.0347
32,0,32,128,24.8963
32,0,32,256,33.472
32,0,32,512,51.4023
32,0,32,1024,87.4127
32,0,32,2048,155.957
32,0,32,4096,295.902
32,0,32,8192,590.589
32,0,32,16384,1160.31
32,0,32,32768,2303.93
32,0,32,65536,4585.45
32,0,32,131055,9089.88
32,0,64,16,29.419
32,0,64,32,29.963
32,0,64,64,30.7623
32,0,64,128,46.4103
32,0,64,256,64.373
32,0,64,512,98.612
32,0,64,1024,168.02
32,0,64,2048,305.375
32,0,64,4096,737.511
32,0,64,8192,1486.49
32,0,64,16384,2963.48
32,0,64,32768,6152.03
32,0,64,65536,11919.9
32,0,64,131055,23850.7
32,16,0,0,8.36267
32,16,1,16,8.16
32,16,1,32,8.256
32,16,1,64,8.309
32,16,1,128,9.99467
32,16,1,256,12.533
32,16,1,512,17.7173
32,16,1,1024,28.949
32,16,1,2048,51.6053
32,16,1,4096,96.213
32,16,1,8192,187.391
32,16,1,16384,366.835
32,16,1,32768,729.628
32,16,1,65536,1449.12
32,16,1,131055,2893.04
32,16,2,16,8.29867
32,16,2,32,8.224
32,16,2,64,8.29867
32,16,2,128,9.90967
32,16,2,256,12.512
32,16,2,512,17.675
32,16,2,1024,28.907
32,16,2,2048,51.776
32,16,2,4096,97.535
32,16,2,8192,187.156
32,16,2,16384,368.381
32,16,2,32768,740.69
32,16,2,65536,1448.48
32,16,2,131055,2891.62
32,16,4,16,7.968
32,16,4,32,7.968
32,16,4,64,8.13867
32,16,4,128,9.952
32,16,4,256,12.6297
32,16,4,512,17.738
32,16,4,1024,29.28
32,16,4,2048,52.0527
32,16,4,4096,98.6023
32,16,4,8192,188.234
32,16,4,16384,374.141
32,16,4,32768,735.784
32,16,4,65536,1449
32,16,4,131055,2873.09
32,16,8,16,8.14933
32,16,8,32,8.224
32,16,8,64,8.28767
32,16,8,128,10.165
32,16,8,256,12.6293
32,16,8,512,18.2613
32,16,8,1024,30.1543
32,16,8,2048,54.4853
32,16,8,4096,101.077
32,16,8,8192,193.503
32,16,8,16384,378.58
32,16,8,32768,738.482
32,16,8,65536,1478.03
32,16,8,131055,2923.89
32,16,16,16,12.5337
32,16,16,32,12.6187
32,16,16,64,12.768
32,16,16,128,17.0027
32,16,16,256,22.698
32,16,16,512,34.0903
32,16,16,1024,58.4957
32,16,16,2048,104.223
32,16,16,4096,194.612
32,16,16,8192,381.961
32,16,16,16384,758.183
32,16,16,32768,1503.76
32,16,16,65536,2967.99
32,16,16,131055,5899.59
32,16,32,16,16.9063
32,16,32,32,17.013
32,16,32,64,17.536
32,16,32,128,24.6077
32,16,32,256,33.44
32,16,32,512,51.6793
32,16,32,1024,87.456
32,16,32,2048,155.988
32,16,32,4096,293.844
32,16,32,8192,591.762
32,16,32,16384,1162.71
32,16,32,32768,2305.81
32,16,32,65536,4611.89
32,16,32,131055,9069.19
32,16,64,16,29.365
32,16,64,32,29.7707
32,16,64,64,31.061
32,16,64,128,46.112
32,16,64,256,64.192
32,16,64,512,98.6017
32,16,64,1024,168.117
32,16,64,2048,305.908
32,16,64,4096,735.773
32,16,64,8192,1482.98
32,16,64,16384,2959.83
32,16,64,32768,6080.6
32,16,64,65536,12148
32,16,64,131055,23981.7
32,32,0,0,8.29867
32,32,1,16,8.21367
32,32,1,32,8.29833
32,32,1,64,8.224
32,32,1,128,9.81233
32,32,1,256,12.4057
32,32,1,512,17.3763
32,32,1,1024,28.6933
32,32,1,2048,51.0827
32,32,1,4096,95.722
32,32,1,8192,187.796
32,32,1,16384,364.862
32,32,1,32768,727.837
32,32,1,65536,1465.05
32,32,1,131055,2880.52
32,32,2,16,8.25567
32,32,2,32,8.20267
32,32,2,64,8.27733
32,32,2,128,9.867
32,32,2,256,12.662
32,32,2,512,17.8133
32,32,2,1024,28.7467
32,32,2,2048,51.9893
32,32,2,4096,96.971
32,32,2,8192,187.231
32,32,2,16384,368.532
32,32,2,32768,730.493
32,32,2,65536,1444.27
32,32,2,131055,2874.23
32,32,4,16,8.11733
32,32,4,32,8.07467
32,32,4,64,8.11667
32,32,4,128,9.98367
32,32,4,256,12.4157
32,32,4,512,17.9407
32,32,4,1024,29.1737
32,32,4,2048,52.448
32,32,4,4096,98.2503
32,32,4,8192,188.703
32,32,4,16384,371.038
32,32,4,32768,730.419
32,32,4,65536,1441.18
32,32,4,131055,2892.84
32,32,8,16,8.09667
32,32,8,32,8.09633
32,32,8,64,8.16
32,32,8,128,10.08
32,32,8,256,12.8853
32,32,8,512,18.24
32,32,8,1024,30.1653
32,32,8,2048,54.709
32,32,8,4096,100.704
32,32,8,8192,194.549
32,32,8,16384,377.737
32,32,8,32768,742.984
32,32,8,65536,1479.82
32,32,8,131055,2941.1
32,32,16,16,12.5433
32,32,16,32,12.5013
32,32,16,64,12.7677
32,32,16,128,17.1727
32,32,16,256,22.688
32,32,16,512,34.0903
32,32,16,1024,58.2607
32,32,16,2048,104.394
32,32,16,4096,194.698
32,32,16,8192,383.38
32,32,16,16384,761.063
32,32,16,32768,1495.22
32,32,16,65536,2983.21
32,32,16,131055,5922.32
32,32,32,16,16.8317
32,32,32,32,16.97
32,32,32,64,17.4933
32,32,32,128,24.6823
32,32,32,256,33.717
32,32,32,512,51.5307
32,32,32,1024,87.5303
32,32,32,2048,156.021
32,32,32,4096,293.406
32,32,32,8192,591.165
32,32,32,16384,1158.51
32,32,32,32768,2300.69
32,32,32,65536,4603.19
32,32,32,131055,9066.34
32,32,64,16,29.6
32,32,64,32,29.824
32,32,64,64,30.7307
32,32,64,128,46.1437
32,32,64,256,64.2347
32,32,64,512,98.591
32,32,64,1024,167.626
32,32,64,2048,304.041
32,32,64,4096,736.219
32,32,64,8192,1484.9
32,32,64,16384,2968.94
32,32,64,32768,6039.75
32,32,64,65536,12546.5
32,32,64,131055,23762.4
32,64,0,0,8.48
32,64,1,16,8.27733
32,64,1,32,8.14967
32,64,1,64,8.37333
32,64,1,128,9.84533
32,64,1,256,12.5333
32,64,1,512,17.536
32,64,1,1024,28.885
32,64,1,2048,51.4233
32,64,1,4096,97.1407
32,64,1,8192,187.786
32,64,1,16384,364.713
32,64,1,32768,725.639
32,64,1,65536,1463.05
32,64,1,131055,2890.09
32,64,2,16,8.128
32,64,2,32,8.20267
32,64,2,64,8.27733
32,64,2,128,9.98433
32,64,2,256,12.31
32,64,2,512,17.6743
32,64,2,1024,28.9173
32,64,2,2048,52.0537
32,64,2,4096,96.3093
32,64,2,8192,190.505
32,64,2,16384,367.241
32,64,2,32768,728.807
32,64,2,65536,1449.38
32,64,2,131055,2886.6
32,64,4,16,8.07467
32,64,4,32,8.06433
32,64,4,64,8.117
32,64,4,128,9.909
32,64,4,256,12.5223
32,64,4,512,17.8773
32,64,4,1024,29.1837
32,64,4,2048,51.9893
32,64,4,4096,97.1623
32,64,4,8192,188.106
32,64,4,16384,372.542
32,64,4,32768,730.834
32,64,4,65536,1439.53
32,64,4,131055,2902.62
32,64,8,16,8.096
32,64,8,32,8.128
32,64,8,64,8.32
32,64,8,128,10.0373
32,64,8,256,12.7787
32,64,8,512,18.528
32,64,8,1024,30.1653
32,64,8,2048,54.549
32,64,8,4096,101.269
32,64,8,8192,193.567
32,64,8,16384,377.139
32,64,8,32768,741.767
32,64,8,65536,1468.13
32,64,8,131055,2933.14
32,64,16,16,12.6613
32,64,16,32,12.6613
32,64,16,64,13.0667
32,64,16,128,16.96
32,64,16,256,22.6453
32,64,16,512,34.1863
32,64,16,1024,58.368
32,64,16,2048,104.17
32,64,16,4096,194.218
32,64,16,8192,382.782
32,64,16,16384,759.996
32,64,16,32768,1491.31
32,64,16,65536,2981.52
32,64,16,131055,5906.21
32,64,32,16,16.9703
32,64,32,32,17.0987
32,64,32,64,17.6637
32,64,32,128,24.4373
32,64,32,256,33.1727
32,64,32,512,51.072
32,64,32,1024,86.8473
32,64,32,2048,154.954
32,64,32,4096,293.396
32,64,32,8192,588.371
32,64,32,16384,1155.68
32,64,32,32768,2290.61
32,64,32,65536,4586.76
32,64,32,131055,9098.76
32,64,64,16,29.4613
32,64,64,32,29.8453
32,64,64,64,30.8587
32,64,64,128,46.2183
32,64,64,256,64.458
32,64,64,512,98.4107
32,64,64,1024,167.573
32,64,64,2048,304.894
32,64,64,4096,735.324
32,64,64,8192,1485.5
32,64,64,16384,2957.71
32,64,64,32768,5958.38
32,64,64,65536,12464.9
32,64,64,131055,23894.4
32,128,0,0,10.9017
32,128,1,16,10.1657
32,128,1,32,10.1227
32,128,1,64,10.1013
32,128,1,128,10.4537
32,128,1,256,12.341
32,128,1,512,17.4613
32,128,1,1024,29.0663
32,128,1,2048,51.8397
32,128,1,4096,97.2363
32,128,1,8192,185.61
32,128,1,16384,370.036
32,128,1,32768,731.196
32,128,1,65536,1447.32
32,128,1,131055,2882.15
32,128,2,16,10.1543
32,128,2,32,10.08
32,128,2,64,10.0907
32,128,2,128,10.6663
32,128,2,256,12.4693
32,128,2,512,17.7277
32,128,2,1024,28.8213
32,128,2,2048,51.7863
32,128,2,4096,97.227
32,128,2,8192,189.098
32,128,2,16384,369.534
32,128,2,32768,731.836
32,128,2,65536,1449.61
32,128,2,131055,2873.16
32,128,4,16,9.995
32,128,4,32,10.0583
32,128,4,64,10.016
32,128,4,128,10.475
32,128,4,256,12.5117
32,128,4,512,17.717
32,128,4,1024,28.9493
32,128,4,2048,52.1167
32,128,4,4096,97.4287
32,128,4,8192,189.301
32,128,4,16384,372.99
32,128,4,32768,735.835
32,128,4,65536,1448.96
32,128,4,131055,2895.22
32,128,8,16,9.99467
32,128,8,32,10.1653
32,128,8,64,10.0903
32,128,8,128,10.5173
32,128,8,256,12.7573
32,128,8,512,18.091
32,128,8,1024,30.2293
32,128,8,2048,54.4747
32,128,8,4096,100.906
32,128,8,8192,192.436
32,128,8,16384,376.681
32,128,8,32768,740.71
32,128,8,65536,1474.74
32,128,8,131055,2935.29
32,128,16,16,15.1893
32,128,16,32,15.2427
32,128,16,64,15.3173
32,128,16,128,17.835
32,128,16,256,22.6667
32,128,16,512,34.08
32,128,16,1024,58.421
32,128,16,2048,104.064
32,128,16,4096,194.987
32,128,16,8192,382.718
32,128,16,16384,760.487
32,128,16,32768,1494.09
32,128,16,65536,2974.46
32,128,16,131055,5920.99
32,128,32,16,19.7223
32,128,32,32,19.6697
32,128,32,64,20.181
32,128,32,128,24.9387
32,128,32,256,33.632
32,128,32,512,51.6697
32,128,32,1024,87.1997
32,128,32,2048,155.988
32,128,32,4096,295.626
32,128,32,8192,590.727
32,128,32,16384,1160.74
32,128,32,32768,2302.59
32,128,32,65536,4597.67
32,128,32,131055,9063.26
32,128,64,16,32.138
32,128,64,32,32.3297
32,128,64,64,33.184
32,128,64,128,46.8483
32,128,64,256,64.5113
32,128,64,512,98.6663
32,128,64,1024,167.967
32,128,64,2048,305.609
32,128,64,4096,734.845
32,128,64,8192,1486.84
32,128,64,16384,2952.94
32,128,64,32768,5991.29
32,128,64,65536,12264.2
32,128,64,131055,24128.3
32,256,0,0,13.248
32,256,1,16,12.779
32,256,1,32,12.587
32,256,1,64,12.6187
32,256,1,128,12.6717
32,256,1,256,12.9067
32,256,1,512,17.504
32,256,1,1024,28.7037
32,256,1,2048,50.7197
32,256,1,4096,96.608
32,256,1,8192,186.986
32,256,1,16384,366.388
32,256,1,32768,719.772
32,256,1,65536,1451.89
32,256,1,131055,2883.73
32,256,2,16,12.5113
32,256,2,32,12.725
32,256,2,64,12.5973
32,256,2,128,12.6393
32,256,2,256,12.97
32,256,2,512,17.5677
32,256,2,1024,28.981
32,256,2,2048,51.3167
32,256,2,4096,96.469
32,256,2,8192,188.692
32,256,2,16384,369.908
32,256,2,32768,736.072
32,256,2,65536,1442.21
32,256,2,131055,2876.81
32,256,4,16,12.7037
32,256,4,32,12.5977
32,256,4,64,12.768
32,256,4,128,12.736
32,256,4,256,12.9713
32,256,4,512,17.8133
32,256,4,1024,29.1937
32,256,4,2048,52.469
32,256,4,4096,97.6423
32,256,4,8192,187.977
32,256,4,16384,372.948
32,256,4,32768,735.603
32,256,4,65536,1450.93
32,256,4,131055,2905.03
32,256,8,16,12.6823
32,256,8,32,12.6613
32,256,8,64,12.7247
32,256,8,128,12.832
32,256,8,256,13.0667
32,256,8,512,18.1547
32,256,8,1024,30.1223
32,256,8,2048,54.464
32,256,8,4096,101.322
32,256,8,8192,194.036
32,256,8,16384,375.199
32,256,8,32768,743.271
32,256,8,65536,1463.82
32,256,8,131055,2918.2
32,256,16,16,17.685
32,256,16,32,17.9413
32,256,16,64,18.027
32,256,16,128,20.6933
32,256,16,256,23.392
32,256,16,512,33.9943
32,256,16,1024,58.2397
32,256,16,2048,103.199
32,256,16,4096,193.813
32,256,16,8192,381.331
32,256,16,16384,754.439
32,256,16,32768,1484.7
32,256,16,65536,2972.84
32,256,16,131055,5905.48
32,256,32,16,22.496
32,256,32,32,22.56
32,256,32,64,22.9123
32,256,32,128,27.5627
32,256,32,256,34.208
32,256,32,512,51.5733
32,256,32,1024,87.5947
32,256,32,2048,156.308
32,256,32,4096,295.476
32,256,32,8192,592.499
32,256,32,16384,1155.62
32,256,32,32768,2303.73
32,256,32,65536,4611.63
32,256,32,131055,9063.37
32,256,64,16,34.8367
32,256,64,32,35.242
32,256,64,64,35.8827
32,256,64,128,49.0027
32,256,64,256,64.9703
32,256,64,512,98.389
32,256,64,1024,168.127
32,256,64,2048,306.026
32,256,64,4096,738.567
32,256,64,8192,1488.68
32,256,64,16384,2972.97
32,256,64,32768,6044.91
32,256,64,65536,12230.7
32,256,64,131055,23723.5
32,512,0,0,18.304
32,512,1,16,17.8343
32,512,1,32,17.6957
32,512,1,64,17.749
32,512,1,128,17.8883
32,512,1,256,17.707
32,512,1,512,18.0163
32,512,1,1024,28.4583
32,512,1,2048,51.157
32,512,1,4096,96.394
32,512,1,8192,186.644
32,512,1,16384,366.462
32,512,1,32768,729.588
32,512,1,65536,1457.56
32,512,1,131055,2881.66
32,512,2,16,17.8237
32,512,2,32,17.941
32,512,2,64,18.0477
32,512,2,128,17.9203
32,512,2,256,17.7387
32,512,2,512,18.2077
32,512,2,1024,29.2267
32,512,2,2048,51.6047
32,512,2,4096,96.789
32,512,2,8192,188.265
32,512,2,16384,369.876
32,512,2,32768,727.634
32,512,2,65536,1446.41
32,512,2,131055,2888.01
32,512,4,16,17.6853
32,512,4,32,17.984
32,512,4,64,17.8347
32,512,4,128,17.696
32,512,4,256,17.8027
32,512,4,512,18.048
32,512,4,1024,29.2373
32,512,4,2048,52.3193
32,512,4,4096,97.536
32,512,4,8192,187.188
32,512,4,16384,370.9
32,512,4,32768,733.372
32,512,4,65536,1450.54
32,512,4,131055,2902.65
32,512,8,16,17.9627
32,512,8,32,17.8563
32,512,8,64,17.899
32,512,8,128,18.1977
32,512,8,256,17.9623
32,512,8,512,18.5387
32,512,8,1024,30.2823
32,512,8,2048,54.5383
32,512,8,4096,101.194
32,512,8,8192,194.868
32,512,8,16384,379.423
32,512,8,32768,745.511
32,512,8,65536,1476.26
32,512,8,131055,2927.11
32,512,16,16,23.2103
32,512,16,32,23.1787
32,512,16,64,23.477
32,512,16,128,26.112
32,512,16,256,28.981
32,512,16,512,34.773
32,512,16,1024,58.4957
32,512,16,2048,104.213
32,512,16,4096,195.701
32,512,16,8192,381.321
32,512,16,16384,753.448
32,512,16,32768,1497.39
32,512,16,65536,2977.13
32,512,16,131055,5904.52
32,512,32,16,27.755
32,512,32,32,27.7333
32,512,32,64,28.053
32,512,32,128,33.5143
32,512,32,256,39.3707
32,512,32,512,51.808
32,512,32,1024,87.488
32,512,32,2048,156.341
32,512,32,4096,295.231
32,512,32,8192,593.694
32,512,32,16384,1163.06
32,512,32,32768,2308.97
32,512,32,65536,4600.88
32,512,32,131055,9075.94
32,512,64,16,40.3307
32,512,64,32,40.864
32,512,64,64,41.5043
32,512,64,128,54.8583
32,512,64,256,69.4073
32,512,64,512,99.1567
32,512,64,1024,167.701
32,512,64,2048,306.175
32,512,64,4096,736.914
32,512,64,8192,1487.03
32,512,64,16384,2959.8
32,512,64,32768,5985.3
32,512,64,65536,12339.6
32,512,64,131055,23958.9
32,1024,0,0,29.8557
32,1024,1,16,28.6507
32,1024,1,32,29.1413
32,1024,1,64,28.992
32,1024,1,128,29.3443
32,1024,1,256,28.8633
32,1024,1,512,28.7363
32,1024,1,1024,29.4827
32,1024,1,2048,50.997
32,1024,1,4096,96.9917
32,1024,1,8192,185.481
32,1024,1,16384,365.407
32,1024,1,32768,722.29
32,1024,1,65536,1444.08
32,1024,1,131055,2880.56
32,1024,2,16,28.842
32,1024,2,32,29.1627
32,1024,2,64,29.248
32,1024,2,128,28.853
32,1024,2,256,28.8637
32,1024,2,512,29.3117
32,1024,2,1024,29.7387
32,1024,2,2048,51.9997
32,1024,2,4096,97.6103
32,1024,2,8192,188.255
32,1024,2,16384,371.349
32,1024,2,32768,725.597
32,1024,2,65536,1453.24
32,1024,2,131055,2907.17
32,1024,4,16,29.0447
32,1024,4,32,28.81
32,1024,4,64,28.8317
32,1024,4,128,29.0343
32,1024,4,256,29.3007
32,1024,4,512,29.0877
32,1024,4,1024,29.493
32,1024,4,2048,52.4477
32,1024,4,4096,98.2073
32,1024,4,8192,187.53
32,1024,4,16384,369.034
32,1024,4,32768,736.029
32,1024,4,65536,1450.42
32,1024,4,131055,2883.57
32,1024,8,16,28.9283
32,1024,8,32,28.9283
32,1024,8,64,28.736
32,1024,8,128,29.3653
32,1024,8,256,29.6533
32,1024,8,512,29.6533
32,1024,8,1024,30.4
32,1024,8,2048,54.6873
32,1024,8,4096,101.578
32,1024,8,8192,194.922
32,1024,8,16384,379.294
32,1024,8,32768,746.375
32,1024,8,65536,1470.71
32,1024,8,131055,2927.54
32,1024,16,16,33.4937
32,1024,16,32,33.7387
32,1024,16,64,33.6853
32,1024,16,128,36.416
32,1024,16,256,40.2667
32,1024,16,512,46.0263
32,1024,16,1024,59.296
32,1024,16,2048,104.853
32,1024,16,4096,194.239
32,1024,16,8192,382.526
32,1024,16,16384,759.804
32,1024,16,32768,1503.99
32,1024,16,65536,2987.56
32,1024,16,131055,5904.97
32,1024,32,16,38.3893
32,1024,32,32,38.485
32,1024,32,64,38.9973
32,1024,32,128,44.3307
32,1024,32,256,50.922
32,1024,32,512,62.9437
32,1024,32,1024,87.605
32,1024,32,2048,156.842
32,1024,32,4096,295.828
32,1024,32,8192,592.925
32,1024,32,16384,1160.99
32,1024,32,32768,2300.55
32,1024,32,65536,4591.77
32,1024,32,131055,9095.44
32,1024,64,16,50.7837
32,1024,64,32,51.5837
32,1024,64,64,52.746
32,1024,64,128,65.3013
32,1024,64,256,80.597
32,1024,64,512,108.373
32,1024,64,1024,168.97
32,1024,64,2048,306.484
32,1024,64,4096,740.136
32,1024,64,8192,1486.83
32,1024,64,16384,2978.55
32,1024,64,32768,5982.48
32,1024,64,65536,12263.4
32,1024,64,131055,23733.8
32,2048,0,0,51.968
32,2048,1,16,52.2667
32,2048,1,32,51.669
32,2048,1,64,52.0213
32,2048,1,128,51.2853
32,2048,1,256,50.9863
32,2048,1,512,51.5737
32,2048,1,1024,51.808
32,2048,1,2048,51.584
32,2048,1,4096,96.6397
32,2048,1,8192,187.178
32,2048,1,16384,367.284
32,2048,1,32768,722.226
32,2048,1,65536,1450.51
32,2048,1,131055,2879.84
32,2048,2,16,51.5523
32,2048,2,32,51.5733
32,2048,2,64,50.9977
32,2048,2,128,51.9147
32,2048,2,256,51.8183
32,2048,2,512,51.3067
32,2048,2,1024,51.6693
32,2048,2,2048,52.1277
32,2048,2,4096,96.1383
32,2048,2,8192,189.29
32,2048,2,16384,369.427
32,2048,2,32768,740.562
32,2048,2,65536,1456.9
32,2048,2,131055,2879.37
32,2048,4,16,51.9783
32,2048,4,32,51.4237
32,2048,4,64,51.4553
32,2048,4,128,51.6797
32,2048,4,256,51.8827
32,2048,4,512,51.978
32,2048,4,1024,52.0533
32,2048,4,2048,52.789
32,2048,4,4096,98.4313
32,2048,4,8192,187.199
32,2048,4,16384,374.91
32,2048,4,32768,730.749
32,2048,4,65536,1448.18
32,2048,4,131055,2889.34
32,2048,8,16,51.2423
32,2048,8,32,51.648
32,2048,8,64,51.2
32,2048,8,128,51.4883
32,2048,8,256,52.266
32,2048,8,512,53.0233
32,2048,8,1024,54.3787
32,2048,8,2048,54.8587
32,2048,8,4096,101.771
32,2048,8,8192,194.271
32,2048,8,16384,377.396
32,2048,8,32768,739.314
32,2048,8,65536,1483.26
32,2048,8,131055,2943.27
32,2048,16,16,54.442
32,2048,16,32,55.0717
32,2048,16,64,54.9223
32,2048,16,128,58.112
32,2048,16,256,60.906
32,2048,16,512,67.499
32,2048,16,1024,80.554
32,2048,16,2048,105.151
32,2048,16,4096,195.05
32,2048,16,8192,381.748
32,2048,16,16384,759.41
32,2048,16,32768,1490.29
32,2048,16,65536,2973.11
32,2048,16,131055,5928.94
32,2048,32,16,59.669
32,2048,32,32,59.6153
32,2048,32,64,60.3947
32,2048,32,128,65.909
32,2048,32,256,72.6607
32,2048,32,512,84.3723
32,2048,32,1024,108.48
32,2048,32,2048,156.085
32,2048,32,4096,297.183
32,2048,32,8192,593.96
32,2048,32,16384,1161.97
32,2048,32,32768,2304.68
32,2048,32,65536,4615.58
32,2048,32,131055,9060.07
32,2048,64,16,72.0533
32,2048,64,32,72.917
32,2048,64,64,73.589
32,2048,64,128,87.0607
32,2048,64,256,101.952
32,2048,64,512,129.642
32,2048,64,1024,188.703
32,2048,64,2048,307.679
32,2048,64,4096,732.456
32,2048,64,8192,1492.87
32,2048,64,16384,2974.77
32,2048,64,32768,5998.31
32,2048,64,65536,12045.3
32,2048,64,131055,23654.6
32,4096,0,0,97.28
32,4096,1,16,97.2263
32,4096,1,32,97.429
32,4096,1,64,96.896
32,4096,1,128,97.024
32,4096,1,256,97.0557
32,4096,1,512,97.4717
32,4096,1,1024,97.61
32,4096,1,2048,97.376
32,4096,1,4096,97.9517
32,4096,1,8192,188.426
32,4096,1,16384,367.625
32,4096,1,32768,719.966
32,4096,1,65536,1446.04
32,4096,1,131055,2891.05
32,4096,2,16,97.6427
32,4096,2,32,97.0127
32,4096,2,64,97.4503
32,4096,2,128,98.0793
32,4096,2,256,97.642
32,4096,2,512,97.2793
32,4096,2,1024,96.8637
32,4096,2,2048,97.2583
32,4096,2,4096,96.971
32,4096,2,8192,188.554
32,4096,2,16384,369.726
32,4096,2,32768,725.78
32,4096,2,65536,1442.16
32,4096,2,131055,2874.81
32,4096,4,16,97.461
32,4096,4,32,96.6613
32,4096,4,64,96.81
32,4096,4,128,96.6177
32,4096,4,256,96.9707
32,4096,4,512,97.0023
32,4096,4,1024,97.6103
32,4096,4,2048,97.6207
32,4096,4,4096,98.25
32,4096,4,8192,188.682
32,4096,4,16384,373.076
32,4096,4,32768,735.368
32,4096,4,65536,1456.3
32,4096,4,131055,2908.66
32,4096,8,16,97.5777
32,4096,8,32,96.2877
32,4096,8,64,96.7993
32,4096,8,128,97.4827
32,4096,8,256,97.5887
32,4096,8,512,98.8797
32,4096,8,1024,99.157
32,4096,8,2048,100.896
32,4096,8,4096,102.133
32,4096,8,8192,194.026
32,4096,8,16384,377.759
32,4096,8,32768,743.207
32,4096,8,65536,1472.76
32,4096,8,131055,2936.08
32,4096,16,16,96.181
32,4096,16,32,97.0553
32,4096,16,64,97.0017
32,4096,16,128,99.3277
32,4096,16,256,104.597
32,4096,16,512,109.76
32,4096,16,1024,121.695
32,4096,16,2048,146.516
32,4096,16,4096,197.503
32,4096,16,8192,382.441
32,4096,16,16384,757.768
32,4096,16,32768,1496.7
32,4096,16,65536,2985.96
32,4096,16,131055,5916.39
32,4096,32,16,101.088
32,4096,32,32,101.557
32,4096,32,64,101.814
32,4096,32,128,107.616
32,4096,32,256,114.72
32,4096,32,512,126.176
32,4096,32,1024,151.124
32,4096,32,2048,197.79
32,4096,32,4096,297.396
32,4096,32,8192,598.472
32,4096,32,16384,1197.63
32,4096,32,32768,2340.94
32,4096,32,65536,4631.23
32,4096,32,131055,9101.2
32,4096,64,16,113.621
32,4096,64,32,115.007
32,4096,64,64,115.338
32,4096,64,128,128.96
32,4096,64,256,143.754
32,4096,64,512,172.693
32,4096,64,1024,232.212
32,4096,64,2048,342.345
32,4096,64,4096,750.066
32,4096,64,8192,1547.26
32,4096,64,16384,3103.02
32,4096,64,32768,6205.75
32,4096,64,65536,12710.6
32,4096,64,131055,24704.6
32,8192,0,0,189.482
32,8192,1,16,186.911
32,8192,1,32,186.176
32,8192,1,64,185.631
32,8192,1,128,187.157
32,8192,1,256,187.701
32,8192,1,512,187.808
32,8192,1,1024,187.124
32,8192,1,2048,186.687
32,8192,1,4096,188.116
32,8192,1,8192,187.092
32,8192,1,16384,367.658
32,8192,1,32768,730.588
32,8192,1,65536,1443.07
32,8192,1,131055,2883.58
32,8192,2,16,185.546
32,8192,2,32,189.236
32,8192,2,64,185.503
32,8192,2,128,187.551
32,8192,2,256,189.183
32,8192,2,512,186.986
32,8192,2,1024,187.914
32,8192,2,2048,186.186
32,8192,2,4096,188.191
32,8192,2,8192,188.682
32,8192,2,16384,368.99
32,8192,2,32768,735.016
32,8192,2,65536,1451.5
32,8192,2,131055,2893.72
32,8192,4,16,184.81
32,8192,4,32,187.52
32,8192,4,64,187.605
32,8192,4,128,184.959
32,8192,4,256,187.754
32,8192,4,512,187.455
32,8192,4,1024,187.125
32,8192,4,2048,188.651
32,8192,4,4096,187.562
32,8192,4,8192,191.028
32,8192,4,16384,370.537
32,8192,4,32768,731.325
32,8192,4,65536,1460.03
32,8192,4,131055,2897.03
32,8192,8,16,187.082
32,8192,8,32,186.72
32,8192,8,64,186.911
32,8192,8,128,189.045
32,8192,8,256,189.515
32,8192,8,512,187.103
32,8192,8,1024,190.186
32,8192,8,2048,189.567
32,8192,8,4096,191.615
32,8192,8,8192,194.602
32,8192,8,16384,379.082
32,8192,8,32768,747.645
32,8192,8,65536,1479.3
32,8192,8,131055,2919.35
32,8192,16,16,186.591
32,8192,16,32,186.303
32,8192,16,64,186.933
32,8192,16,128,187.114
32,8192,16,256,187.797
32,8192,16,512,193.258
32,8192,16,1024,206.517
32,8192,16,2048,230.805
32,8192,16,4096,282.291
32,8192,16,8192,387.914
32,8192,16,16384,753.224
32,8192,16,32768,1508.19
32,8192,16,65536,2992
32,8192,16,131055,5936.46
32,8192,32,16,186.74
32,8192,32,32,188.682
32,8192,32,64,185.631
32,8192,32,128,193.311
32,8192,32,256,198.196
32,8192,32,512,210.388
32,8192,32,1024,236.042
32,8192,32,2048,281.321
32,8192,32,4096,382.623
32,8192,32,8192,599.794
32,8192,32,16384,1196.31
32,8192,32,32768,2401.69
32,8192,32,65536,4822.3
32,8192,32,131055,9558.46
32,8192,64,16,197.386
32,8192,64,32,199.658
32,8192,64,64,200.586
32,8192,64,128,212.682
32,8192,64,256,225.865
32,8192,64,512,255.572
32,8192,64,1024,318.527
32,8192,64,2048,430.143
32,8192,64,4096,836.957
32,8192,64,8192,1514.15
32,8192,64,16384,3127.17
32,8192,64,32768,6479.05
32,8192,64,65536,12961.3
32,8192,64,131055,25230.2
32,16384,0,0,370.975
32,16384,1,16,367.412
32,16384,1,32,368.991
32,16384,1,64,364.777
32,16384,1,128,370.111
32,16384,1,256,366.985
32,16384,1,512,371.295
32,16384,1,1024,364.894
32,16384,1,2048,371.273
32,16384,1,4096,370.355
32,16384,1,8192,368.436
32,16384,1,16384,365.887
32,16384,1,32768,720.724
32,16384,1,65536,1453.73
32,16384,1,131055,2884.27
32,16384,2,16,372.19
32,16384,2,32,366.1
32,16384,2,64,368.084
32,16384,2,128,366.869
32,16384,2,256,369.204
32,16384,2,512,367.327
32,16384,2,1024,366.794
32,16384,2,2048,367.646
32,16384,2,4096,368.329
32,16384,2,8192,367.433
32,16384,2,16384,372.574
32,16384,2,32768,733.555
32,16384,2,65536,1450.7
32,16384,2,131055,2887.64
32,16384,4,16,366.185
32,16384,4,32,366.494
32,16384,4,64,364.169
32,16384,4,128,363.37
32,16384,4,256,365.812
32,16384,4,512,369.129
32,16384,4,1024,371.263
32,16384,4,2048,365.257
32,16384,4,4096,367.081
32,16384,4,8192,366.517
32,16384,4,16384,368.137
32,16384,4,32768,736.359
32,16384,4,65536,1459.3
32,16384,4,131055,2886.22
32,16384,8,16,367.241
32,16384,8,32,371.508
32,16384,8,64,365.289
32,16384,8,128,368.746
32,16384,8,256,365.279
32,16384,8,512,371.305
32,16384,8,1024,372.874
32,16384,8,2048,370.101
32,16384,8,4096,373.033
32,16384,8,8192,373.076
32,16384,8,16384,380.298
32,16384,8,32768,746.503
32,16384,8,65536,1469.54
32,16384,8,131055,2941.01
32,16384,16,16,365.225
32,16384,16,32,369.865
32,16384,16,64,364.703
32,16384,16,128,363.775
32,16384,16,256,366.538
32,16384,16,512,368.725
32,16384,16,1024,373.812
32,16384,16,2048,397.044
32,16384,16,4096,449.673
32,16384,16,8192,558.802
32,16384,16,16384,761.448
32,16384,16,32768,1505.44
32,16384,16,65536,2983.75
32,16384,16,131055,5942.83
32,16384,32,16,363.625
32,16384,32,32,364.841
32,16384,32,64,362.74
32,16384,32,128,364.712
32,16384,32,256,369.055
32,16384,32,512,374.057
32,16384,32,1024,400.436
32,16384,32,2048,452.222
32,16384,32,4096,556.147
32,16384,32,8192,778.269
32,16384,32,16384,1172.77
32,16384,32,32768,2400.62
32,16384,32,65536,4854.95
32,16384,32,131055,9482.8
32,16384,64,16,367.337
32,16384,64,32,365.844
32,16384,64,64,364.937
32,16384,64,128,379.177
32,16384,64,256,394.783
32,16384,64,512,425.129
32,16384,64,1024,485.428
32,16384,64,2048,603.433
32,16384,64,4096,1032.28
32,16384,64,8192,1703.44
32,16384,64,16384,2998.53
32,16384,64,32768,6436.39
32,16384,64,65536,12925.5
32,16384,64,131055,25498.2
32,32768,0,0,733.577
32,32768,1,16,721.245
32,32768,1,32,721.768
32,32768,1,64,731.763
32,32768,1,128,721.95
32,32768,1,256,721.661
32,32768,1,512,726.855
32,32768,1,1024,728.829
32,32768,1,2048,722.717
32,32768,1,4096,731.559
32,32768,1,8192,727.581
32,32768,1,16384,721.928
32,32768,1,32768,726.652
32,32768,1,65536,1443.15
32,32768,1,131055,2887.18
32,32768,2,16,726.601
32,32768,2,32,720.925
32,32768,2,64,721.725
32,32768,2,128,726.974
32,32768,2,256,731.102
32,32768,2,512,720.542
32,32768,2,1024,728.041
32,32768,2,2048,731.463
32,32768,2,4096,729.629
32,32768,2,8192,732.126
32,32768,2,16384,721.756
32,32768,2,32768,729.842
32,32768,2,65536,1451.42
32,32768,2,131055,2874.33
32,32768,4,16,719.656
32,32768,4,32,726.62
32,32768,4,64,728.861
32,32768,4,128,729.608
32,32768,4,256,729.897
32,32768,4,512,719.857
32,32768,4,1024,724.542
32,32768,4,2048,724.797
32,32768,4,4096,730.322
32,32768,4,8192,725.492
32,32768,4,16384,732.082
32,32768,4,32768,731.464
32,32768,4,65536,1437.7
32,32768,4,131055,2877.86
32,32768,8,16,719.603
32,32768,8,32,724.552
32,32768,8,64,729.372
32,32768,8,128,727.058
32,32768,8,256,725.694
32,32768,8,512,721.875
32,32768,8,1024,721.758
32,32768,8,2048,731.218
32,32768,8,4096,729.16
32,32768,8,8192,739.153
32,32768,8,16384,731.059
32,32768,8,32768,742.291
32,32768,8,65536,1480.99
32,32768,8,131055,2951.67
32,32768,16,16,718.461
32,32768,16,32,717.49
32,32768,16,64,728.819
32,32768,16,128,723.229
32,32768,16,256,719.72
32,32768,16,512,721.512
32,32768,16,1024,728.169
32,32768,16,2048,725.533
32,32768,16,4096,788.253
32,32768,16,8192,894.472
32,32768,16,16384,1103.88
32,32768,16,32768,1503.66
32,32768,16,65536,2976.96
32,32768,16,131055,5919.32
32,32768,32,16,717.714
32,32768,32,32,726.846
32,32768,32,64,726.92
32,32768,32,128,725.309
32,32768,32,256,726.376
32,32768,32,512,722.611
32,32768,32,1024,741.661
32,32768,32,2048,794.898
32,32768,32,4096,895.666
32,32768,32,8192,1117.91
32,32768,32,16384,1536.03
32,32768,32,32768,2321.63
32,32768,32,65536,4812.35
32,32768,32,131055,9606.74
32,32768,64,16,720.894
32,32768,64,32,719.922
32,32768,64,64,724.338
32,32768,64,128,726.408
32,32768,64,256,733.458
32,32768,64,512,767.058
32,32768,64,1024,822.087
32,32768,64,2048,943.016
32,32768,64,4096,1363.64
32,32768,64,8192,2075.62
32,32768,64,16384,3392.3
32,32768,64,32768,6136.77
32,32768,64,65536,13026.1
32,32768,64,131055,25451.2
32,65536,0,0,1460.53
32,65536,1,16,1445.37
32,65536,1,32,1446.57
32,65536,1,64,1452.31
32,65536,1,128,1454.86
32,65536,1,256,1466.98
32,65536,1,512,1455.08
32,65536,1,1024,1445.4
32,65536,1,2048,1454.26
32,65536,1,4096,1449.22
32,65536,1,8192,1457.67
32,65536,1,16384,1452.35
32,65536,1,32768,1448.22
32,65536,1,65536,1448.5
32,65536,1,131055,2893.29
32,65536,2,16,1450.36
32,65536,2,32,1446.35
32,65536,2,64,1445.62
32,65536,2,128,1448.75
32,65536,2,256,1462.86
32,65536,2,512,1450.08
32,65536,2,1024,1445.59
32,65536,2,2048,1455.23
32,65536,2,4096,1445.83
32,65536,2,8192,1454.48
32,65536,2,16384,1450.32
32,65536,2,32768,1451.48
32,65536,2,65536,1451.38
32,65536,2,131055,2879.48
32,65536,4,16,1446.61
32,65536,4,32,1449.7
32,65536,4,64,1460.02
32,65536,4,128,1456.47
32,65536,4,256,1440.27
32,65536,4,512,1456.9
32,65536,4,1024,1456.31
32,65536,4,2048,1441.01
32,65536,4,4096,1450.09
32,65536,4,8192,1439.76
32,65536,4,16384,1465.59
32,65536,4,32768,1457.21
32,65536,4,65536,1442.12
32,65536,4,131055,2880.64
32,65536,8,16,1458.93
32,65536,8,32,1441.54
32,65536,8,64,1447.06
32,65536,8,128,1453.87
32,65536,8,256,1442.55
32,65536,8,512,1456.19
32,65536,8,1024,1460.09
32,65536,8,2048,1452.02
32,65536,8,4096,1456.16
32,65536,8,8192,1445.79
32,65536,8,16384,1475.44
32,65536,8,32768,1463.85
32,65536,8,65536,1486.75
32,65536,8,131055,2937.92
32,65536,16,16,1437
32,65536,16,32,1456.09
32,65536,16,64,1450.73
32,65536,16,128,1452.85
32,65536,16,256,1444.03
32,65536,16,512,1438.6
32,65536,16,1024,1446.16
32,65536,16,2048,1455.7
32,65536,16,4096,1476.31
32,65536,16,8192,1575.29
32,65536,16,16384,1800.58
32,65536,16,32768,2222.46
32,65536,16,65536,3000.31
32,65536,16,131055,5951.38
32,65536,32,16,1444.83
32,65536,32,32,1459.03
32,65536,32,64,1435.9
32,65536,32,128,1447.07
32,65536,32,256,1463.46
32,65536,32,512,1440.24
32,65536,32,1024,1450.34
32,65536,32,2048,1466.26
32,65536,32,4096,1561.02
32,65536,32,8192,1796.72
32,65536,32,16384,2206.7
32,65536,32,32768,3073.69
32,65536,32,65536,4659.88
32,65536,32,131055,9400.2
32,65536,64,16,1437
32,65536,64,32,1443.9
32,65536,64,64,1447.09
32,65536,64,128,1452.03
32,65536,64,256,1458.14
32,65536,64,512,1470.02
32,65536,64,1024,1503.79
32,65536,64,2048,1619.74
32,65536,64,4096,2039.8
32,65536,64,8192,2717.49
32,65536,64,16384,4171.39
32,65536,64,32768,6888.38
32,65536,64,65536,12606.7
32,65536,64,131055,25220.5
64,0,0,0,8.58633
64,0,1,16,8.16
64,0,1,32,8.18133
64,0,1,64,8.405
64,0,1,128,9.90867
64,0,1,256,12.373
64,0,1,512,17.664
64,0,1,1024,28.587
64,0,1,2048,51.5417
64,0,1,4096,96.768
64,0,1,8192,186.623
64,0,1,16384,364.755
64,0,1,32768,721.64
64,0,1,65536,1445.71
64,0,1,131055,2885.71
64,0,2,16,8.277
64,0,2,32,8.16033
64,0,2,64,8.35233
64,0,2,128,10.0373
64,0,2,256,12.4797
64,0,2,512,17.803
64,0,2,1024,29.2373
64,0,2,2048,51.1787
64,0,2,4096,96.5227
64,0,2,8192,186.976
64,0,2,16384,367.87
64,0,2,32768,731.134
64,0,2,65536,1447.2
64,0,2,131055,2891.35
64,0,4,16,8.05367
64,0,4,32,8.171
64,0,4,64,8.16
64,0,4,128,9.91933
64,0,4,256,12.5653
64,0,4,512,17.9627
64,0,4,1024,28.864
64,0,4,2048,52.3407
64,0,4,4096,97.7703
64,0,4,8192,188.906
64,0,4,16384,370.825
64,0,4,32768,731.697
64,0,4,65536,1448.45
64,0,4,131055,2870.77
64,0,8,16,8.18133
64,0,8,32,8.171
64,0,8,64,8.30933
64,0,8,128,10.197
64,0,8,256,12.7897
64,0,8,512,18.2927
64,0,8,1024,29.984
64,0,8,2048,54.335
64,0,8,4096,100.832
64,0,8,8192,193.823
64,0,8,16384,375.091
64,0,8,32768,736.935
64,0,8,65536,1471.1
64,0,8,131055,2931.42
64,0,16,16,12.6613
64,0,16,32,12.6933
64,0,16,64,12.928
64,0,16,128,16.9917
64,0,16,256,22.7307
64,0,16,512,34.208
64,0,16,1024,58.442
64,0,16,2048,104.96
64,0,16,4096,195.038
64,0,16,8192,382.174
64,0,16,16384,756.915
64,0,16,32768,1497.91
64,0,16,65536,2974.04
64,0,16,131055,5911.49
64,0,32,16,17.1423
64,0,32,32,17.2373
64,0,32,64,17.5677
64,0,32,128,24.662
64,0,32,256,33.248
64,0,32,512,51.445
64,0,32,1024,87.3703
64,0,32,2048,156.17
64,0,32,4096,294.506
64,0,32,8192,593.534
64,0,32,16384,1163.44
64,0,32,32768,2294.5
64,0,32,65536,4616.6
64,0,32,131055,9076.42
64,0,64,16,29.685
64,0,64,32,29.9627
64,0,64,64,30.9227
64,0,64,128,46.2827
64,0,64,256,64.128
64,0,64,512,98.5173
64,0,64,1024,168.17
64,0,64,2048,303.935
64,0,64,4096,735.442
64,0,64,8192,1484.34
64,0,64,16384,2971.09
64,0,64,32768,6152.09
64,0,64,65536,12161.2
64,0,64,131055,23699.5
64,16,0,0,8.49
64,16,1,16,8.17067
64,16,1,32,8.34133
64,16,1,64,8.33067
64,16,1,128,10.0263
64,16,1,256,12.6503
64,16,1,512,17.7813
64,16,1,1024,28.9063
64,16,1,2048,51.456
64,16,1,4096,96.202
64,16,1,8192,185.417
64,16,1,16384,369.246
64,16,1,32768,722.578
64,16,1,65536,1446.67
64,16,1,131055,2883.35
64,16,2,16,8.17067
64,16,2,32,8.42633
64,16,2,64,8.40533
64,16,2,128,9.89867
64,16,2,256,12.5017
64,16,2,512,17.7177
64,16,2,1024,28.8423
64,16,2,2048,51.562
64,16,2,4096,97.4073
64,16,2,8192,187.967
64,16,2,16384,368.404
64,16,2,32768,735.334
64,16,2,65536,1460.15
64,16,2,131055,2877.49
64,16,4,16,8.032
64,16,4,32,8.07467
64,16,4,64,8.416
64,16,4,128,9.995
64,16,4,256,12.5973
64,16,4,512,17.792
64,16,4,1024,28.938
64,16,4,2048,51.84
64,16,4,4096,97.9623
64,16,4,8192,188.341
64,16,4,16384,373.577
64,16,4,32768,724.745
64,16,4,65536,1440.43
64,16,4,131055,2882.67
64,16,8,16,8.24533
64,16,8,32,8.09567
64,16,8,64,8.43733
64,16,8,128,10.0267
64,16,8,256,12.896
64,16,8,512,18.272
64,16,8,1024,30.2497
64,16,8,2048,54.4963
64,16,8,4096,100.831
64,16,8,8192,194.175
64,16,8,16384,376.735
64,16,8,32768,735.666
64,16,8,65536,1468.9
64,16,8,131055,2911.79
64,16,16,16,12.917
64,16,16,32,12.8
64,16,16,64,12.9387
64,16,16,128,16.928
64,16,16,256,22.8693
64,16,16,512,34.144
64,16,16,1024,58.6667
64,16,16,2048,104.48
64,16,16,4096,194.582
64,16,16,8192,381.748
64,16,16,16384,757.309
64,16,16,32768,1492.27
64,16,16,65536,2978.79
64,16,16,131055,5893.79
64,16,32,16,16.9597
64,16,32,32,17.067
64,16,32,64,17.7387
64,16,32,128,24.704
64,16,32,256,33.333
64,16,32,512,51.274
64,16,32,1024,87.37
64,16,32,2048,155.936
64,16,32,4096,296.34
64,16,32,8192,594.76
64,16,32,16384,1165.63
64,16,32,32768,2302.7
64,16,32,65536,4615.04
64,16,32,131055,9062.23
64,16,64,16,29.493
64,16,64,32,29.7923
64,16,64,64,30.731
64,16,64,128,46.1753
64,16,64,256,64.544
64,16,64,512,98.5387
64,16,64,1024,168.159
64,16,64,2048,305.076
64,16,64,4096,737.448
64,16,64,8192,1489.55
64,16,64,16384,2968.93
64,16,64,32768,6067.88
64,16,64,65536,12668.6
64,16,64,131055,24113
64,32,0,0,8.66133
64,32,1,16,8.20267
64,32,1,32,8.37367
64,32,1,64,8.35233
64,32,1,128,9.97367
64,32,1,256,12.373
64,32,1,512,17.6317
64,32,1,1024,28.459
64,32,1,2048,51.637
64,32,1,4096,95.7433
64,32,1,8192,188.106
64,32,1,16384,365.246
64,32,1,32768,726.429
64,32,1,65536,1452.12
64,32,1,131055,2895.69
64,32,2,16,8.31
64,32,2,32,8.256
64,32,2,64,8.48
64,32,2,128,10.165
64,32,2,256,12.6727
64,32,2,512,17.6847
64,32,2,1024,28.7473
64,32,2,2048,51.9467
64,32,2,4096,97.1307
64,32,2,8192,188.309
64,32,2,16384,369.907
64,32,2,32768,731.655
64,32,2,65536,1442.69
64,32,2,131055,2874.87
64,32,4,16,8.13833
64,32,4,32,8.128
64,32,4,64,8.28767
64,32,4,128,10.059
64,32,4,256,12.608
64,32,4,512,17.8133
64,32,4,1024,29.0667
64,32,4,2048,52.117
64,32,4,4096,96.9813
64,32,4,8192,187.519
64,32,4,16384,376.031
64,32,4,32768,725.971
64,32,4,65536,1446.51
64,32,4,131055,2894.32
64,32,8,16,8.192
64,32,8,32,8.30933
64,32,8,64,8.33
64,32,8,128,10.1117
64,32,8,256,12.811
64,32,8,512,18.101
64,32,8,1024,30.1227
64,32,8,2048,54.336
64,32,8,4096,100.575
64,32,8,8192,193.941
64,32,8,16384,379.263
64,32,8,32768,736.221
64,32,8,65536,1467.55
64,32,8,131055,2938.45
64,32,16,16,12.6613
64,32,16,32,12.811
64,32,16,64,13.2263
64,32,16,128,16.96
64,32,16,256,22.4953
64,32,16,512,34.346
64,32,16,1024,58.8377
64,32,16,2048,104.053
64,32,16,4096,194.069
64,32,16,8192,382.366
64,32,16,16384,759.763
64,32,16,32768,1495.42
64,32,16,65536,2977.15
64,32,16,131055,5893.74
64,32,32,16,17.2163
64,32,32,32,17.1307
64,32,32,64,17.8987
64,32,32,128,24.6723
64,32,32,256,33.4933
64,32,32,512,51.5947
64,32,32,1024,87.5837
64,32,32,2048,155.967
64,32,32,4096,295.679
64,32,32,8192,593.982
64,32,32,16384,1157.57
64,32,32,32768,2301.13
64,32,32,65536,4607.69
64,32,32,131055,9100.37
64,32,64,16,29.547
64,32,64,32,29.8987
64,32,64,64,30.8153
64,32,64,128,46.357
64,32,64,256,64.4047
64,32,64,512,98.5597
64,32,64,1024,168.095
64,32,64,2048,305.033
64,32,64,4096,735.86
64,32,64,8192,1486.92
64,32,64,16384,2961.15
64,32,64,32768,5993.38
64,32,64,65536,12102.8
64,32,64,131055,23795.4
64,64,0,0,8.832
64,64,1,16,8.24533
64,64,1,32,8.341
64,64,1,64,8.38467
64,64,1,128,9.93067
64,64,1,256,12.5653
64,64,1,512,17.675
64,64,1,1024,28.597
64,64,1,2048,51.6587
64,64,1,4096,96.3303
64,64,1,8192,187.466
64,64,1,16384,367.156
64,64,1,32768,726.609
64,64,1,65536,1458.22
64,64,1,131055,2880.44
64,64,2,16,8.40567
64,64,2,32,8.33067
64,64,2,64,8.36233
64,64,2,128,10.048
64,64,2,256,12.5977
64,64,2,512,17.845
64,64,2,1024,28.7143
64,64,2,2048,51.6793
64,64,2,4096,96.1597
64,64,2,8192,187.989
64,64,2,16384,367.358
64,64,2,32768,725.81
64,64,2,65536,1450.9
64,64,2,131055,2892.74
64,64,4,16,8.12767
64,64,4,32,8.043
64,64,4,64,8.235
64,64,4,128,10.1013
64,64,4,256,12.7363
64,64,4,512,18.1337
64,64,4,1024,29.0027
64,64,4,2048,51.9353
64,64,4,4096,97.8013
64,64,4,8192,188.34
64,64,4,16384,368.052
64,64,4,32768,730.173
64,64,4,65536,1439.2
64,64,4,131055,2870.29
64,64,8,16,8.17033
64,64,8,32,8.19167
64,64,8,64,8.32067
64,64,8,128,10.0693
64,64,8,256,12.896
64,64,8,512,18.1757
64,64,8,1024,30.176
64,64,8,2048,54.2407
64,64,8,4096,100.97
64,64,8,8192,194.271
64,64,8,16384,377.044
64,64,8,32768,740.712
64,64,8,65536,1471.74
64,64,8,131055,2920.98
64,64,16,16,12.8427
64,64,16,32,13.056
64,64,16,64,13.0453
64,64,16,128,17.1093
64,64,16,256,22.6663
64,64,16,512,33.9513
64,64,16,1024,58.485
64,64,16,2048,103.968
64,64,16,4096,193.535
64,64,16,8192,383.294
64,64,16,16384,757.627
64,64,16,32768,1496.61
64,64,16,65536,2985.15
64,64,16,131055,5905.32
64,64,32,16,17.408
64,64,32,32,17.6533
64,64,32,64,17.8877
64,64,32,128,25.0133
64,64,32,256,33.6643
64,64,32,512,51.648
64,64,32,1024,87.7757
64,64,32,2048,156.213
64,64,32,4096,295.348
64,64,32,8192,592.957
64,64,32,16384,1158.52
64,64,32,32768,2306.72
64,64,32,65536,4594.98
64,64,32,131055,9073.48
64,64,64,16,29.7703
64,64,64,32,30.1543
64,64,64,64,31.0183
64,64,64,128,46.336
64,64,64,256,64.5013
64,64,64,512,98.3567
64,64,64,1024,167.871
64,64,64,2048,305.695
64,64,64,4096,735.592
64,64,64,8192,1489.85
64,64,64,16384,2965.03
64,64,64,32768,6093.12
64,64,64,65536,12272.1
64,64,64,131055,24028.6
64,128,0,0,11.2967
64,128,1,16,10.3577
64,128,1,32,10.336
64,128,1,64,10.5387
64,128,1,128,10.5607
64,128,1,256,12.4373
64,128,1,512,17.4713
64,128,1,1024,28.5333
64,128,1,2048,51.3487
64,128,1,4096,96.9173
64,128,1,8192,186.635
64,128,1,16384,366.004
64,128,1,32768,725.811
64,128,1,65536,1459.73
64,128,1,131055,2888.02
64,128,2,16,10.304
64,128,2,32,10.4
64,128,2,64,10.3253
64,128,2,128,10.677
64,128,2,256,12.469
64,128,2,512,17.568
64,128,2,1024,29.0347
64,128,2,2048,51.5733
64,128,2,4096,97.3433
64,128,2,8192,187.626
64,128,2,16384,367.049
64,128,2,32768,726.887
64,128,2,65536,1443.1
64,128,2,131055,2886.48
64,128,4,16,10.3473
64,128,4,32,10.293
64,128,4,64,10.2823
64,128,4,128,10.5273
64,128,4,256,12.5123
64,128,4,512,17.6853
64,128,4,1024,29.1093
64,128,4,2048,52.5757
64,128,4,4096,97.9413
64,128,4,8192,189.269
64,128,4,16384,370.9
64,128,4,32768,726.877
64,128,4,65536,1442.85
64,128,4,131055,2870.79
64,128,8,16,10.4213
64,128,8,32,10.379
64,128,8,64,10.3997
64,128,8,128,10.6237
64,128,8,256,12.779
64,128,8,512,18.176
64,128,8,1024,30.1973
64,128,8,2048,54.3997
64,128,8,4096,101.376
64,128,8,8192,193.78
64,128,8,16384,375.892
64,128,8,32768,739.816
64,128,8,65536,1468.7
64,128,8,131055,2940.46
64,128,16,16,15.467
64,128,16,32,15.573
64,128,16,64,15.7223
64,128,16,128,18.2823
64,128,16,256,22.6773
64,128,16,512,34.0693
64,128,16,1024,58.1867
64,128,16,2048,103.733
64,128,16,4096,194.068
64,128,16,8192,383.753
64,128,16,16384,760.008
64,128,16,32768,1496.95
64,128,16,65536,2984.28
64,128,16,131055,5903.41
64,128,32,16,19.8717
64,128,32,32,19.9573
64,128,32,64,20.619
64,128,32,128,25.5673
64,128,32,256,33.472
64,128,32,512,51.5197
64,128,32,1024,87.509
64,128,32,2048,156.351
64,128,32,4096,296.095
64,128,32,8192,588.339
64,128,32,16384,1158.96
64,128,32,32768,2298.6
64,128,32,65536,4624.44
64,128,32,131055,9064.49
64,128,64,16,32.1597
64,128,64,32,32.6923
64,128,64,64,33.8553
64,128,64,128,46.752
64,128,64,256,64.48
64,128,64,512,98.912
64,128,64,1024,167.594
64,128,64,2048,306.025
64,128,64,4096,736.69
64,128,64,8192,1491.07
64,128,64,16384,2976.52
64,128,64,32768,6003.7
64,128,64,65536,12481.5
64,128,64,131055,23938.8
64,256,0,0,13.6533
64,256,1,16,12.9067
64,256,1,32,12.9067
64,256,1,64,12.9603
64,256,1,128,13.0667
64,256,1,256,13.0563
64,256,1,512,17.5147
64,256,1,1024,28.3413
64,256,1,2048,50.752
64,256,1,4096,96.117
64,256,1,8192,186.4
64,256,1,16384,365.588
64,256,1,32768,725.864
64,256,1,65536,1463.87
64,256,1,131055,2889.91
64,256,2,16,13.003
64,256,2,32,12.8743
64,256,2,64,12.9383
64,256,2,128,12.9813
64,256,2,256,13.184
64,256,2,512,17.7173
64,256,2,1024,28.768
64,256,2,2048,51.4137
64,256,2,4096,97.5253
64,256,2,8192,189.429
64,256,2,16384,369.182
64,256,2,32768,729.672
64,256,2,65536,1447.4
64,256,2,131055,2883.37
64,256,4,16,12.992
64,256,4,32,12.821
64,256,4,64,13.0027
64,256,4,128,13.0347
64,256,4,256,13.1093
64,256,4,512,17.8777
64,256,4,1024,29.0877
64,256,4,2048,52.2237
64,256,4,4096,97.578
64,256,4,8192,186.954
64,256,4,16384,368.244
64,256,4,32768,726.067
64,256,4,65536,1440.13
64,256,4,131055,2874.51
64,256,8,16,13.0347
64,256,8,32,13.099
64,256,8,64,12.9923
64,256,8,128,13.0983
64,256,8,256,13.3227
64,256,8,512,18.1767
64,256,8,1024,30.368
64,256,8,2048,54.506
64,256,8,4096,101.119
64,256,8,8192,194.143
64,256,8,16384,379.348
64,256,8,32768,737.682
64,256,8,65536,1463.96
64,256,8,131055,2923.62
64,256,16,16,18.272
64,256,16,32,18.1223
64,256,16,64,18.2293
64,256,16,128,20.9067
64,256,16,256,23.6267
64,256,16,512,34.1013
64,256,16,1024,58.5493
64,256,16,2048,103.936
64,256,16,4096,194.079
64,256,16,8192,383.155
64,256,16,16384,756.392
64,256,16,32768,1502.65
64,256,16,65536,2989.8
64,256,16,131055,5906.56
64,256,32,16,22.6553
64,256,32,32,22.5703
64,256,32,64,23.0717
64,256,32,128,28.2453
64,256,32,256,34.261
64,256,32,512,51.4123
64,256,32,1024,87.8077
64,256,32,2048,156.191
64,256,32,4096,294.708
64,256,32,8192,593.224
64,256,32,16384,1158.24
64,256,32,32768,2306.64
64,256,32,65536,4607.48
64,256,32,131055,9058.1
64,256,64,16,35.1997
64,256,64,32,35.4987
64,256,64,64,36.4053
64,256,64,128,49.365
64,256,64,256,65.066
64,256,64,512,98.8373
64,256,64,1024,167.765
64,256,64,2048,306.068
64,256,64,4096,736.136
64,256,64,8192,1487.77
64,256,64,16384,2969.74
64,256,64,32768,5986.45
64,256,64,65536,12034.7
64,256,64,131055,23723.5
64,512,0,0,18.73
64,512,1,16,18.0473
64,512,1,32,18.0693
64,512,1,64,17.9947
64,512,1,128,17.9947
64,512,1,256,18.112
64,512,1,512,18.1867
64,512,1,1024,28.448
64,512,1,2048,50.7627
64,512,1,4096,95.5623
64,512,1,8192,188.991
64,512,1,16384,365.001
64,512,1,32768,725.14
64,512,1,65536,1445.45
64,512,1,131055,2885.24
64,512,2,16,18.0907
64,512,2,32,18.2187
64,512,2,64,18.1013
64,512,2,128,18.1653
64,512,2,256,18.144
64,512,2,512,18.1333
64,512,2,1024,28.6723
64,512,2,2048,51.5413
64,512,2,4096,97.13
64,512,2,8192,186.463
64,512,2,16384,368.574
64,512,2,32768,736.134
64,512,2,65536,1453.56
64,512,2,131055,2871.32
64,512,4,16,17.9413
64,512,4,32,18.0057
64,512,4,64,18.24
64,512,4,128,18.1867
64,512,4,256,18.304
64,512,4,512,18.4643
64,512,4,1024,29.0983
64,512,4,2048,52.33
64,512,4,4096,97.845
64,512,4,8192,188.01
64,512,4,16384,370.591
64,512,4,32768,729.789
64,512,4,65536,1438.27
64,512,4,131055,2885.86
64,512,8,16,18.1867
64,512,8,32,18.069
64,512,8,64,18.1973
64,512,8,128,18.1437
64,512,8,256,18.357
64,512,8,512,18.795
64,512,8,1024,30.3787
64,512,8,2048,54.645
64,512,8,4096,101.215
64,512,8,8192,194.41
64,512,8,16384,375.401
64,512,8,32768,739.336
64,512,8,65536,1463.69
64,512,8,131055,2916.2
64,512,16,16,23.253
64,512,16,32,23.3597
64,512,16,64,23.595
64,512,16,128,26.0797
64,512,16,256,29.1837
64,512,16,512,34.8797
64,512,16,1024,58.4313
64,512,16,2048,103.722
64,512,16,4096,195.125
64,512,16,8192,382.922
64,512,16,16384,758.61
64,512,16,32768,1500.85
64,512,16,65536,2973.25
64,512,16,131055,5891.21
64,512,32,16,27.9043
64,512,32,32,27.8937
64,512,32,64,28.6083
64,512,32,128,33.4613
64,512,32,256,39.4987
64,512,32,512,51.3597
64,512,32,1024,86.933
64,512,32,2048,155.285
64,512,32,4096,294.591
64,512,32,8192,591.528
64,512,32,16384,1157.83
64,512,32,32768,2292.12
64,512,32,65536,4597.58
64,512,32,131055,9038.07
64,512,64,16,40.3947
64,512,64,32,41.216
64,512,64,64,41.749
64,512,64,128,54.975
64,512,64,256,69.5573
64,512,64,512,99.0073
64,512,64,1024,167.871
64,512,64,2048,305.994
64,512,64,4096,740.381
64,512,64,8192,1486.66
64,512,64,16384,2962.64
64,512,64,32768,6184.03
64,512,64,65536,12363.8
64,512,64,131055,24017.4
64,1024,0,0,30.1227
64,1024,1,16,29.0563
64,1024,1,32,29.4823
64,1024,1,64,29.301
64,1024,1,128,29.248
64,1024,1,256,28.9923
64,1024,1,512,29.5997
64,1024,1,1024,29.2157
64,1024,1,2048,51.0823
64,1024,1,4096,95.915
64,1024,1,8192,185.354
64,1024,1,16384,364.031
64,1024,1,32768,720.466
64,1024,1,65536,1444.8
64,1024,1,131055,2879.34
64,1024,2,16,29.4503
64,1024,2,32,29.2263
64,1024,2,64,29.2163
64,1024,2,128,28.9917
64,1024,2,256,29.4503
64,1024,2,512,29.1417
64,1024,2,1024,29.418
64,1024,2,2048,51.5197
64,1024,2,4096,98.261
64,1024,2,8192,188.49
64,1024,2,16384,369
64,1024,2,32768,731.401
64,1024,2,65536,1440.68
64,1024,2,131055,2876.66
64,1024,4,16,28.9173
64,1024,4,32,29.312
64,1024,4,64,29.1093
64,1024,4,128,29.2373
64,1024,4,256,29.322
64,1024,4,512,29.226
64,1024,4,1024,30.005
64,1024,4,2048,52.5757
64,1024,4,4096,98.0687
64,1024,4,8192,189.076
64,1024,4,16384,368.457
64,1024,4,32768,726.493
64,1024,4,65536,1450.03
64,1024,4,131055,2868.43
64,1024,8,16,29.2477
64,1024,8,32,29.0773
64,1024,8,64,29.2907
64,1024,8,128,29.8557
64,1024,8,256,29.8987
64,1024,8,512,30.0047
64,1024,8,1024,30.72
64,1024,8,2048,54.7523
64,1024,8,4096,101.525
64,1024,8,8192,194.474
64,1024,8,16384,378.75
64,1024,8,32768,742.643
64,1024,8,65536,1478.78
64,1024,8,131055,2938.88
64,1024,16,16,34.0057
64,1024,16,32,33.9627
64,1024,16,64,34.1967
64,1024,16,128,36.9813
64,1024,16,256,40.3943
64,1024,16,512,46.2613
64,1024,16,1024,59.424
64,1024,16,2048,104.138
64,1024,16,4096,193.343
64,1024,16,8192,383.86
64,1024,16,16384,758.706
64,1024,16,32768,1488.4
64,1024,16,65536,2973.36
64,1024,16,131055,5896.2
64,1024,32,16,38.5273
64,1024,32,32,38.8267
64,1024,32,64,39.093
64,1024,32,128,44.5863
64,1024,32,256,50.7307
64,1024,32,512,62.7403
64,1024,32,1024,87.2953
64,1024,32,2048,156.395
64,1024,32,4096,295.636
64,1024,32,8192,594.366
64,1024,32,16384,1160.56
64,1024,32,32768,2291.55
64,1024,32,65536,4581.32
64,1024,32,131055,9068.95
64,1024,64,16,51.7753
64,1024,64,32,52.2453
64,1024,64,64,52.9813
64,1024,64,128,66.1227
64,1024,64,256,80.565
64,1024,64,512,109.322
64,1024,64,1024,168.992
64,1024,64,2048,304.244
64,1024,64,4096,736.936
64,1024,64,8192,1489.53
64,1024,64,16384,2965.52
64,1024,64,32768,6029.52
64,1024,64,65536,12164.2
64,1024,64,131055,23986.1
64,2048,0,0,53.5673
64,2048,1,16,51.8073
64,2048,1,32,51.5733
64,2048,1,64,51.8397
64,2048,1,128,51.7227
64,2048,1,256,51.221
64,2048,1,512,51.84
64,2048,1,1024,51.627
64,2048,1,2048,52.032
64,2048,1,4096,95.8933
64,2048,1,8192,186.719
64,2048,1,16384,366.164
64,2048,1,32768,721.693
64,2048,1,65536,1445.4
64,2048,1,131055,2881.53
64,2048,2,16,52.1813
64,2048,2,32,51.4987
64,2048,2,64,51.7013
64,2048,2,128,51.68
64,2048,2,256,51.9143
64,2048,2,512,51.712
64,2048,2,1024,51.7007
64,2048,2,2048,52.0747
64,2048,2,4096,97.6853
64,2048,2,8192,188.074
64,2048,2,16384,370.388
64,2048,2,32768,726.941
64,2048,2,65536,1443.31
64,2048,2,131055,2875.94
64,2048,4,16,51.552
64,2048,4,32,51.786
64,2048,4,64,51.9463
64,2048,4,128,51.946
64,2048,4,256,51.777
64,2048,4,512,52.1167
64,2048,4,1024,52.832
64,2048,4,2048,53.1627
64,2048,4,4096,98.6447
64,2048,4,8192,188.297
64,2048,4,16384,369.118
64,2048,4,32768,728.222
64,2048,4,65536,1445.97
64,2048,4,131055,2885.66
64,2048,8,16,51.7757
64,2048,8,32,52.085
64,2048,8,64,51.36
64,2048,8,128,52.5117
64,2048,8,256,53.0023
64,2048,8,512,53.344
64,2048,8,1024,54.8797
64,2048,8,2048,55.4877
64,2048,8,4096,101.845
64,2048,8,8192,195.05
64,2048,8,16384,377.993
64,2048,8,32768,741.896
64,2048,8,65536,1471.58
64,2048,8,131055,2942.56
64,2048,16,16,54.7947
64,2048,16,32,55.0823
64,2048,16,64,55.594
64,2048,16,128,58.261
64,2048,16,256,61.4613
64,2048,16,512,67.6693
64,2048,16,1024,80.639
64,2048,16,2048,104.917
64,2048,16,4096,194.698
64,2048,16,8192,383.497
64,2048,16,16384,760.829
64,2048,16,32768,1494.38
64,2048,16,65536,2967.84
64,2048,16,131055,5900.65
64,2048,32,16,59.6903
64,2048,32,32,60.0317
64,2048,32,64,60.2347
64,2048,32,128,65.6207
64,2048,32,256,72.2453
64,2048,32,512,83.8293
64,2048,32,1024,108.223
64,2048,32,2048,155.179
64,2048,32,4096,295.423
64,2048,32,8192,588.787
64,2048,32,16384,1155.75
64,2048,32,32768,2295.51
64,2048,32,65536,4576.23
64,2048,32,131055,9078.12
64,2048,64,16,72.2237
64,2048,64,32,73.2473
64,2048,64,64,74.5063
64,2048,64,128,86.7723
64,2048,64,256,101.855
64,2048,64,512,130.591
64,2048,64,1024,188.618
64,2048,64,2048,306.772
64,2048,64,4096,735.165
64,2048,64,8192,1488.35
64,2048,64,16384,2966.03
64,2048,64,32768,5992.67
64,2048,64,65536,12409.5
64,2048,64,131055,24026.3
64,4096,0,0,98.229
64,4096,1,16,97.0663
64,4096,1,32,97.1833
64,4096,1,64,97.0763
64,4096,1,128,97.2367
64,4096,1,256,96.65
64,4096,1,512,97.0443
64,4096,1,1024,97.0023
64,4096,1,2048,96.725
64,4096,1,4096,97.1947
64,4096,1,8192,186.592
64,4096,1,16384,365.983
64,4096,1,32768,721.725
64,4096,1,65536,1453.38
64,4096,1,131055,2881.38
64,4096,2,16,97.226
64,4096,2,32,98.0263
64,4096,2,64,96.501
64,4096,2,128,97.695
64,4096,2,256,97.0023
64,4096,2,512,97.0343
64,4096,2,1024,96.7783
64,4096,2,2048,97.3437
64,4096,2,4096,96.5757
64,4096,2,8192,186.367
64,4096,2,16384,366.772
64,4096,2,32768,734.355
64,4096,2,65536,1443.79
64,4096,2,131055,2874.63
64,4096,4,16,96.2773
64,4096,4,32,97.0453
64,4096,4,64,97.1093
64,4096,4,128,97.1517
64,4096,4,256,96.5433
64,4096,4,512,96.8953
64,4096,4,1024,97.4287
64,4096,4,2048,98.2603
64,4096,4,4096,98.699
64,4096,4,8192,189.108
64,4096,4,16384,370.57
64,4096,4,32768,724.914
64,4096,4,65536,1439.52
64,4096,4,131055,2878.06
64,4096,8,16,96.8633
64,4096,8,32,97.3537
64,4096,8,64,96.8207
64,4096,8,128,97.0337
64,4096,8,256,98.282
64,4096,8,512,98.229
64,4096,8,1024,99.904
64,4096,8,2048,101.044
64,4096,8,4096,101.792
64,4096,8,8192,193.386
64,4096,8,16384,376.691
64,4096,8,32768,744.103
64,4096,8,65536,1470.75
64,4096,8,131055,2938.44
64,4096,16,16,96.9703
64,4096,16,32,97.0027
64,4096,16,64,97.5353
64,4096,16,128,99.978
64,4096,16,256,103.232
64,4096,16,512,109.504
64,4096,16,1024,123.094
64,4096,16,2048,147.178
64,4096,16,4096,195.797
64,4096,16,8192,380.019
64,4096,16,16384,753.351
64,4096,16,32768,1497.12
64,4096,16,65536,2983.58
64,4096,16,131055,5905.91
64,4096,32,16,101.109
64,4096,32,32,101.653
64,4096,32,64,102.133
64,4096,32,128,107.316
64,4096,32,256,113.994
64,4096,32,512,125.61
64,4096,32,1024,150.068
64,4096,32,2048,196.842
64,4096,32,4096,295.626
64,4096,32,8192,595.048
64,4096,32,16384,1193.54
64,4096,32,32768,2323.72
64,4096,32,65536,4631.28
64,4096,32,131055,9085.81
64,4096,64,16,113.364
64,4096,64,32,114.57
64,4096,64,64,115.903
64,4096,64,128,128.768
64,4096,64,256,144.085
64,4096,64,512,172.565
64,4096,64,1024,231.967
64,4096,64,2048,342.559
64,4096,64,4096,748.839
64,4096,64,8192,1547.92
64,4096,64,16384,3121.52
64,4096,64,32768,6591.55
64,4096,64,65536,12688.7
64,4096,64,131055,24806.7
64,8192,0,0,188.383
64,8192,1,16,186.698
64,8192,1,32,186.634
64,8192,1,64,185.61
64,8192,1,128,185.771
64,8192,1,256,187.562
64,8192,1,512,188.255
64,8192,1,1024,185.887
64,8192,1,2048,186.581
64,8192,1,4096,185.717
64,8192,1,8192,186.613
64,8192,1,16384,366.356
64,8192,1,32768,721.758
64,8192,1,65536,1443.9
64,8192,1,131055,2886.68
64,8192,2,16,186.708
64,8192,2,32,186.078
64,8192,2,64,185.717
64,8192,2,128,187.061
64,8192,2,256,185.557
64,8192,2,512,186.698
64,8192,2,1024,186.1
64,8192,2,2048,187.658
64,8192,2,4096,186.805
64,8192,2,8192,187.444
64,8192,2,16384,369.108
64,8192,2,32768,725.81
64,8192,2,65536,1442.47
64,8192,2,131055,2875.64
64,8192,4,16,186.762
64,8192,4,32,186.602
64,8192,4,64,188.97
64,8192,4,128,187.871
64,8192,4,256,185.045
64,8192,4,512,187.179
64,8192,4,1024,187.626
64,8192,4,2048,188.533
64,8192,4,4096,188.234
64,8192,4,8192,187.637
64,8192,4,16384,367.988
64,8192,4,32768,730.227
64,8192,4,65536,1438.39
64,8192,4,131055,2888.25
64,8192,8,16,187.476
64,8192,8,32,185.61
64,8192,8,64,185.61
64,8192,8,128,188.906
64,8192,8,256,186.292
64,8192,8,512,187.551
64,8192,8,1024,189.621
64,8192,8,2048,191.306
64,8192,8,4096,191.402
64,8192,8,8192,196.96
64,8192,8,16384,377.311
64,8192,8,32768,745.853
64,8192,8,65536,1470.58
64,8192,8,131055,2942.68
64,8192,16,16,184.148
64,8192,16,32,185.61
64,8192,16,64,186.677
64,8192,16,128,187.231
64,8192,16,256,187.466
64,8192,16,512,194.868
64,8192,16,1024,206.41
64,8192,16,2048,229.365
64,8192,16,4096,282.026
64,8192,16,8192,384.148
64,8192,16,16384,757.491
64,8192,16,32768,1502.32
64,8192,16,65536,2975.23
64,8192,16,131055,5935.69
64,8192,32,16,186.761
64,8192,32,32,185.674
64,8192,32,64,187.413
64,8192,32,128,193.205
64,8192,32,256,197.588
64,8192,32,512,212.106
64,8192,32,1024,236.309
64,8192,32,2048,283.956
64,8192,32,4096,385.193
64,8192,32,8192,600.787
64,8192,32,16384,1198.63
64,8192,32,32768,2408.6
64,8192,32,65536,4810.77
64,8192,32,131055,9506.6
64,8192,64,16,197.791
64,8192,64,32,198.804
64,8192,64,64,198.326
64,8192,64,128,214.975
64,8192,64,256,225.909
64,8192,64,512,256.863
64,8192,64,1024,316.319
64,8192,64,2048,429.043
64,8192,64,4096,834.46
64,8192,64,8192,1517.34
64,8192,64,16384,3130.48
64,8192,64,32768,6600.79
64,8192,64,65536,13068.9
64,8192,64,131055,25199.3
64,16384,0,0,372.169
64,16384,1,16,365.118
64,16384,1,32,365.908
64,16384,1,64,368.256
64,16384,1,128,365.652
64,16384,1,256,367.209
64,16384,1,512,367.112
64,16384,1,1024,368.148
64,16384,1,2048,369.769
64,16384,1,4096,367.732
64,16384,1,8192,366.111
64,16384,1,16384,366.793
64,16384,1,32768,721.299
64,16384,1,65536,1452.65
64,16384,1,131055,2880.32
64,16384,2,16,365.342
64,16384,2,32,365.589
64,16384,2,64,368.671
64,16384,2,128,367.647
64,16384,2,256,365.801
64,16384,2,512,365.407
64,16384,2,1024,369.77
64,16384,2,2048,371.721
64,16384,2,4096,367.658
64,16384,2,8192,365.119
64,16384,2,16384,369.448
64,16384,2,32768,731.976
64,16384,2,65536,1445.32
64,16384,2,131055,2873.79
64,16384,4,16,366.228
64,16384,4,32,367.678
64,16384,4,64,363.583
64,16384,4,128,366.986
64,16384,4,256,365.972
64,16384,4,512,364.489
64,16384,4,1024,364.564
64,16384,4,2048,365.163
64,16384,4,4096,367.753
64,16384,4,8192,366.366
64,16384,4,16384,371.092
64,16384,4,32768,725.661
64,16384,4,65536,1448.9
64,16384,4,131055,2872.15
64,16384,8,16,364.734
64,16384,8,32,366.75
64,16384,8,64,371.689
64,16384,8,128,365.78
64,16384,8,256,365.854
64,16384,8,512,366.206
64,16384,8,1024,368.916
64,16384,8,2048,373.748
64,16384,8,4096,374.345
64,16384,8,8192,374.196
64,16384,8,16384,380.105
64,16384,8,32768,736.978
64,16384,8,65536,1476.03
64,16384,8,131055,2936.19
64,16384,16,16,364.627
64,16384,16,32,365.546
64,16384,16,64,367.05
64,16384,16,128,366.398
64,16384,16,256,370.089
64,16384,16,512,364.809
64,16384,16,1024,373.268
64,16384,16,2048,402.537
64,16384,16,4096,453.534
64,16384,16,8192,555.698
64,16384,16,16384,760.85
64,16384,16,32768,1498.84
64,16384,16,65536,2987.31
64,16384,16,131055,5941.33
64,16384,32,16,365.204
64,16384,32,32,363.006
64,16384,32,64,363.551
64,16384,32,128,364.372
64,16384,32,256,367.444
64,16384,32,512,378.335
64,16384,32,1024,402.676
64,16384,32,2048,449.204
64,16384,32,4096,550.281
64,16384,32,8192,776.903
64,16384,32,16384,1166.77
64,16384,32,32768,2397.18
64,16384,32,65536,4834.85
64,16384,32,131055,9547.37
64,16384,64,16,364.308
64,16384,64,32,369.364
64,16384,64,64,366.878
64,16384,64,128,379.081
64,16384,64,256,397.235
64,16384,64,512,424.894
64,16384,64,1024,484.179
64,16384,64,2048,600.915
64,16384,64,4096,1038.69
64,16384,64,8192,1706.51
64,16384,64,16384,3023.2
64,16384,64,32768,6540.02
64,16384,64,65536,13198.8
64,16384,64,131055,25335.1
64,32768,0,0,731.57
64,32768,1,16,721.468
64,32768,1,32,721.939
64,32768,1,64,731.795
64,32768,1,128,727.153
64,32768,1,256,725.276
64,32768,1,512,726.909
64,32768,1,1024,721.81
64,32768,1,2048,726.793
64,32768,1,4096,724.742
64,32768,1,8192,721.886
64,32768,1,16384,722.461
64,32768,1,32768,727.442
64,32768,1,65536,1443.02
64,32768,1,131055,2880.26
64,32768,2,16,723.624
64,32768,2,32,726.921
64,32768,2,64,725.117
64,32768,2,128,721.341
64,32768,2,256,726.184
64,32768,2,512,726.183
64,32768,2,1024,721.234
64,32768,2,2048,721.822
64,32768,2,4096,722.503
64,32768,2,8192,721.895
64,32768,2,16384,722.28
64,32768,2,32768,730.194
64,32768,2,65536,1440.12
64,32768,2,131055,2877.09
64,32768,4,16,730.548
64,32768,4,32,719.251
64,32768,4,64,720.821
64,32768,4,128,726.152
64,32768,4,256,718.771
64,32768,4,512,721.543
64,32768,4,1024,719.282
64,32768,4,2048,724.733
64,32768,4,4096,724.958
64,32768,4,8192,727.005
64,32768,4,16384,728.307
64,32768,4,32768,735.741
64,32768,4,65536,1449.05
64,32768,4,131055,2869.89
64,32768,8,16,724.937
64,32768,8,32,725.48
64,32768,8,64,720.317
64,32768,8,128,725.554
64,32768,8,256,730.216
64,32768,8,512,722.748
64,32768,8,1024,727.624
64,32768,8,2048,726.206
64,32768,8,4096,733.833
64,32768,8,8192,738.973
64,32768,8,16384,736.563
64,32768,8,32768,751.452
64,32768,8,65536,1475.81
64,32768,8,131055,2956.17
64,32768,16,16,717.639
64,32768,16,32,721.513
64,32768,16,64,717.331
64,32768,16,128,733.96
64,32768,16,256,724.808
64,32768,16,512,720.198
64,32768,16,1024,726.386
64,32768,16,2048,738.567
64,32768,16,4096,792.328
64,32768,16,8192,888.679
64,32768,16,16384,1112.42
64,32768,16,32768,1508.57
64,32768,16,65536,3002.39
64,32768,16,131055,5943.73
64,32768,32,16,717.404
64,32768,32,32,722.898
64,32768,32,64,720.787
64,32768,32,128,726.759
64,32768,32,256,719.783
64,32768,32,512,730.845
64,32768,32,1024,736.797
64,32768,32,2048,789.565
64,32768,32,4096,897.127
64,32768,32,8192,1118.46
64,32768,32,16384,1534.78
64,32768,32,32768,2330.49
64,32768,32,65536,4767.96
64,32768,32,131055,9503.14
64,32768,64,16,719.1
64,32768,64,32,723.848
64,32768,64,64,721.149
64,32768,64,128,725.831
64,32768,64,256,723.603
64,32768,64,512,759.751
64,32768,64,1024,814.941
64,32768,64,2048,943.9
64,32768,64,4096,1361.94
64,32768,64,8192,2084.96
64,32768,64,16384,3407.72
64,32768,64,32768,6182.11
64,32768,64,65536,12942.9
64,32768,64,131055,25528.9
64,65536,0,0,1458.02
64,65536,1,16,1451.67
64,65536,1,32,1451.79
64,65536,1,64,1446.22
64,65536,1,128,1446.37
64,65536,1,256,1447.76
64,65536,1,512,1459.58
64,65536,1,1024,1445.99
64,65536,1,2048,1453.9
64,65536,1,4096,1444.69
64,65536,1,8192,1444.85
64,65536,1,16384,1446.31
64,65536,1,32768,1444.46
64,65536,1,65536,1451.96
64,65536,1,131055,2875.76
64,65536,2,16,1458.42
64,65536,2,32,1454.99
64,65536,2,64,1451.6
64,65536,2,128,1450.31
64,65536,2,256,1447.01
64,65536,2,512,1452.95
64,65536,2,1024,1447.22
64,65536,2,2048,1453.33
64,65536,2,4096,1450.13
64,65536,2,8192,1449.26
64,65536,2,16384,1448.7
64,65536,2,32768,1452.71
64,65536,2,65536,1443.73
64,65536,2,131055,2887.55
64,65536,4,16,1440.62
64,65536,4,32,1441.69
64,65536,4,64,1441.4
64,65536,4,128,1440.62
64,65536,4,256,1440.29
64,65536,4,512,1450.56
64,65536,4,1024,1446.99
64,65536,4,2048,1447.36
64,65536,4,4096,1453.59
64,65536,4,8192,1457.14
64,65536,4,16384,1439.07
64,65536,4,32768,1449.11
64,65536,4,65536,1451.14
64,65536,4,131055,2871.95
64,65536,8,16,1448.15
64,65536,8,32,1451.53
64,65536,8,64,1446.95
64,65536,8,128,1448.77
64,65536,8,256,1450.8
64,65536,8,512,1442.97
64,65536,8,1024,1452.7
64,65536,8,2048,1452.86
64,65536,8,4096,1466.96
64,65536,8,8192,1461.07
64,65536,8,16384,1449.34
64,65536,8,32768,1477.52
64,65536,8,65536,1484.24
64,65536,8,131055,2945.92
64,65536,16,16,1437.5
64,65536,16,32,1437.7
64,65536,16,64,1437.9
64,65536,16,128,1447.95
64,65536,16,256,1444.65
64,65536,16,512,1453.15
64,65536,16,1024,1446.3
64,65536,16,2048,1453.65
64,65536,16,4096,1465.27
64,65536,16,8192,1572.02
64,65536,16,16384,1792.39
64,65536,16,32768,2219.8
64,65536,16,65536,2996.23
64,65536,16,131055,5920.23
64,65536,32,16,1443.93
64,65536,32,32,1436.53
64,65536,32,64,1442.31
64,65536,32,128,1444.55
64,65536,32,256,1441.74
64,65536,32,512,1446.81
64,65536,32,1024,1440.96
64,65536,32,2048,1459.5
64,65536,32,4096,1559.43
64,65536,32,8192,1789.52
64,65536,32,16384,2199.18
64,65536,32,32768,3068.36
64,65536,32,65536,4638.36
64,65536,32,131055,9562.38
64,65536,64,16,1452.43
64,65536,64,32,1439.22
64,65536,64,64,1443.61
64,65536,64,128,1448.45
64,65536,64,256,1440.19
64,65536,64,512,1458.02
64,65536,64,1024,1503.9
64,65536,64,2048,1611.42
64,65536,64,4096,2032.28
64,65536,64,8192,2718.9
64,65536,64,16384,4177.35
64,65536,64,32768,7035.28
64,65536,64,65536,12339.6
64,65536,64,131055,25763.6
128,0,0,0,8.74667
128,0,1,16,8.405
128,0,1,32,8.56533
128,0,1,64,8.60833
128,0,1,128,9.93067
128,0,1,256,12.384
128,0,1,512,17.3657
128,0,1,1024,29.0023
128,0,1,2048,50.891
128,0,1,4096,96.618
128,0,1,8192,185.973
128,0,1,16384,363.603
128,0,1,32768,721.862
128,0,1,65536,1455.53
128,0,1,131055,2874.11
128,0,2,16,8.49033
128,0,2,32,8.50133
128,0,2,64,8.48
128,0,2,128,9.952
128,0,2,256,12.5337
128,0,2,512,17.6747
128,0,2,1024,28.8313
128,0,2,2048,52.0213
128,0,2,4096,97.525
128,0,2,8192,187.999
128,0,2,16384,371.731
128,0,2,32768,725.938
128,0,2,65536,1445.14
128,0,2,131055,2866.29
128,0,4,16,8.49033
128,0,4,32,8.373
128,0,4,64,8.736
128,0,4,128,10.1657
128,0,4,256,12.8747
128,0,4,512,18.3467
128,0,4,1024,29.845
128,0,4,2048,52.576
128,0,4,4096,97.8553
128,0,4,8192,189.002
128,0,4,16384,369.108
128,0,4,32768,733.8
128,0,4,65536,1446.19
128,0,4,131055,2881.4
128,0,8,16,8.46867
128,0,8,32,8.46967
128,0,8,64,8.64
128,0,8,128,10.752
128,0,8,256,13.643
128,0,8,512,19.189
128,0,8,1024,30.4317
128,0,8,2048,54.7843
128,0,8,4096,101.6
128,0,8,8192,195.007
128,0,8,16384,377.417
128,0,8,32768,746.322
128,0,8,65536,1476.36
128,0,8,131055,2929.36
128,0,16,16,13.1947
128,0,16,32,13.4717
128,0,16,64,13.5467
128,0,16,128,17.7813
128,0,16,256,23.2643
128,0,16,512,34.6983
128,0,16,1024,58.965
128,0,16,2048,104.479
128,0,16,4096,195.092
128,0,16,8192,381.673
128,0,16,16384,756.85
128,0,16,32768,1500.84
128,0,16,65536,2985.73
128,0,16,131055,5870.1
128,0,32,16,18.7947
128,0,32,32,18.9973
128,0,32,64,19.339
128,0,32,128,26.6553
128,0,32,256,35.0933
128,0,32,512,53.259
128,0,32,1024,88.085
128,0,32,2048,156.106
128,0,32,4096,295.263
128,0,32,8192,590.76
128,0,32,16384,1154.92
128,0,32,32768,2290.2
128,0,32,65536,4571.78
128,0,32,131055,9057.63
128,0,64,16,31.9037
128,0,64,32,32.32
128,0,64,64,33.0563
128,0,64,128,49.312
128,0,64,256,67.0187
128,0,64,512,100.981
128,0,64,1024,170.816
128,0,64,2048,308.66
128,0,64,4096,737.715
128,0,64,8192,1491.02
128,0,64,16384,2972.29
128,0,64,32768,6039.95
128,0,64,65536,12142.6
128,0,64,131055,23714
128,16,0,0,10.229
128,16,1,16,10.304
128,16,1,32,10.336
128,16,1,64,10.3467
128,16,1,128,10.3253
128,16,1,256,12.437
128,16,1,512,17.632
128,16,1,1024,28.6827
128,16,1,2048,50.859
128,16,1,4096,96.3413
128,16,1,8192,185.14
128,16,1,16384,368.83
128,16,1,32768,718.632
128,16,1,65536,1451.2
128,16,1,131055,2875.04
128,16,2,16,10.3143
128,16,2,32,10.3143
128,16,2,64,10.3463
128,16,2,128,10.3573
128,16,2,256,12.4693
128,16,2,512,17.941
128,16,2,1024,28.8747
128,16,2,2048,51.3173
128,16,2,4096,96.2127
128,16,2,8192,186.399
128,16,2,16384,365.599
128,16,2,32768,729.949
128,16,2,65536,1440.22
128,16,2,131055,2875.88
128,16,4,16,10.2823
128,16,4,32,10.4743
128,16,4,64,10.592
128,16,4,128,10.517
128,16,4,256,12.9173
128,16,4,512,18.4647
128,16,4,1024,29.696
128,16,4,2048,52.7787
128,16,4,4096,98.4423
128,16,4,8192,189.386
128,16,4,16384,371.722
128,16,4,32768,729.81
128,16,4,65536,1442.13
128,16,4,131055,2887.52
128,16,8,16,10.6563
128,16,8,32,10.7093
128,16,8,64,10.8267
128,16,8,128,10.8373
128,16,8,256,13.685
128,16,8,512,19.1147
128,16,8,1024,30.389
128,16,8,2048,54.635
128,16,8,4096,101.482
128,16,8,8192,194.548
128,16,8,16384,375.155
128,16,8,32768,741.778
128,16,8,65536,1477.56
128,16,8,131055,2933.52
128,16,16,16,15.8183
128,16,16,32,15.6263
128,16,16,64,15.8933
128,16,16,128,17.802
128,16,16,256,23.1787
128,16,16,512,34.6983
128,16,16,1024,58.7093
128,16,16,2048,103.968
128,16,16,4096,196.799
128,16,16,8192,380.926
128,16,16,16384,758.685
128,16,16,32768,1501.7
128,16,16,65536,2979.69
128,16,16,131055,5887.74
128,16,32,16,20.843
128,16,32,32,21.216
128,16,32,64,21.3757
128,16,32,128,26.8587
128,16,32,256,35.0933
128,16,32,512,53.2053
128,16,32,1024,88.0953
128,16,32,2048,156.319
128,16,32,4096,296.062
128,16,32,8192,590.835
128,16,32,16384,1152.9
128,16,32,32768,2301.36
128,16,32,65536,4582.3
128,16,32,131055,9065.74
128,16,64,16,33.803
128,16,64,32,34.2073
128,16,64,64,34.784
128,16,64,128,48.896
128,16,64,256,66.9857
128,16,64,512,101.12
128,16,64,1024,171.359
128,16,64,2048,308.522
128,16,64,4096,739.25
128,16,64,8192,1487.92
128,16,64,16384,2962.27
128,16,64,32768,6091.19
128,16,64,65536,12215.4
128,16,64,131055,23836.3
128,32,0,0,10.304
128,32,1,16,10.453
128,32,1,32,10.4217
128,32,1,64,10.5067
128,32,1,128,10.368
128,32,1,256,12.3413
128,32,1,512,17.525
128,32,1,1024,28.917
128,32,1,2048,51.2843
128,32,1,4096,97.2473
128,32,1,8192,185.578
128,32,1,16384,363.636
128,32,1,32768,724.552
128,32,1,65536,1441.72
128,32,1,131055,2874.28
128,32,2,16,10.4533
128,32,2,32,10.3463
128,32,2,64,10.453
128,32,2,128,10.5173
128,32,2,256,12.715
128,32,2,512,17.6107
128,32,2,1024,29.024
128,32,2,2048,51.296
128,32,2,4096,96.5013
128,32,2,8192,186.783
128,32,2,16384,369.311
128,32,2,32768,729.661
128,32,2,65536,1457.34
128,32,2,131055,2875.85
128,32,4,16,10.2933
128,32,4,32,10.3893
128,32,4,64,10.5067
128,32,4,128,10.5813
128,32,4,256,12.7997
128,32,4,512,18.208
128,32,4,1024,29.6427
128,32,4,2048,52.6507
128,32,4,4096,98.357
128,32,4,8192,189.685
128,32,4,16384,374.9
128,32,4,32768,727.016
128,32,4,65536,1442.56
128,32,4,131055,2881.76
128,32,8,16,10.603
128,32,8,32,10.7733
128,32,8,64,10.8263
128,32,8,128,10.8057
128,32,8,256,13.685
128,32,8,512,19.029
128,32,8,1024,30.432
128,32,8,2048,54.592
128,32,8,4096,101.301
128,32,8,8192,192.49
128,32,8,16384,376.073
128,32,8,32768,743.25
128,32,8,65536,1471.35
128,32,8,131055,2932.79
128,32,16,16,15.8403
128,32,16,32,15.7547
128,32,16,64,15.893
128,32,16,128,17.7707
128,32,16,256,23.0823
128,32,16,512,34.634
128,32,16,1024,59.0613
128,32,16,2048,104.394
128,32,16,4096,196.191
128,32,16,8192,382.025
128,32,16,16384,761.596
128,32,16,32768,1499.28
128,32,16,65536,2987.6
128,32,16,131055,5886.61
128,32,32,16,21.3653
128,32,32,32,20.992
128,32,32,64,21.653
128,32,32,128,26.8263
128,32,32,256,35.2957
128,32,32,512,53.1627
128,32,32,1024,87.8713
128,32,32,2048,156.287
128,32,32,4096,295.017
128,32,32,8192,590.195
128,32,32,16384,1153.34
128,32,32,32768,2291.33
128,32,32,65536,4624.18
128,32,32,131055,9073.75
128,32,64,16,34.1543
128,32,64,32,34.5173
128,32,64,64,34.7947
128,32,64,128,49.098
128,32,64,256,66.9223
128,32,64,512,100.959
128,32,64,1024,171.156
128,32,64,2048,309.034
128,32,64,4096,739.581
128,32,64,8192,1488.05
128,32,64,16384,2958.58
128,32,64,32768,6113.4
128,32,64,65536,12135.2
128,32,64,131055,23766.7
128,64,0,0,10.336
128,64,1,16,10.3997
128,64,1,32,10.4
128,64,1,64,10.5493
128,64,1,128,10.5713
128,64,1,256,12.3837
128,64,1,512,17.493
128,64,1,1024,28.512
128,64,1,2048,51.0933
128,64,1,4096,96.5437
128,64,1,8192,185.322
128,64,1,16384,366.654
128,64,1,32768,719.506
128,64,1,65536,1449
128,64,1,131055,2880.05
128,64,2,16,10.5277
128,64,2,32,10.432
128,64,2,64,10.4743
128,64,2,128,10.5177
128,64,2,256,12.4263
128,64,2,512,17.5783
128,64,2,1024,28.6827
128,64,2,2048,51.0507
128,64,2,4096,96.1063
128,64,2,8192,187.327
128,64,2,16384,368.202
128,64,2,32768,729.277
128,64,2,65536,1445.13
128,64,2,131055,2874.69
128,64,4,16,10.4637
128,64,4,32,10.4
128,64,4,64,10.4427
128,64,4,128,10.7947
128,64,4,256,12.704
128,64,4,512,17.7603
128,64,4,1024,29.184
128,64,4,2048,52.5437
128,64,4,4096,98.048
128,64,4,8192,188.084
128,64,4,16384,371.262
128,64,4,32768,732.68
128,64,4,65536,1443.53
128,64,4,131055,2883.1
128,64,8,16,10.8163
128,64,8,32,11.1247
128,64,8,64,10.912
128,64,8,128,10.9227
128,64,8,256,13.5467
128,64,8,512,18.8157
128,64,8,1024,30.1657
128,64,8,2048,54.4
128,64,8,4096,100.532
128,64,8,8192,192.032
128,64,8,16384,373.684
128,64,8,32768,737.502
128,64,8,65536,1461.53
128,64,8,131055,2912.63
128,64,16,16,15.6477
128,64,16,32,15.798
128,64,16,64,15.9787
128,64,16,128,17.856
128,64,16,256,23.0933
128,64,16,512,34.3683
128,64,16,1024,58.3357
128,64,16,2048,103.093
128,64,16,4096,193.77
128,64,16,8192,379.039
128,64,16,16384,753.363
128,64,16,32768,1483.17
128,64,16,65536,2966.38
128,64,16,131055,5891.8
128,64,32,16,21.3017
128,64,32,32,21.2907
128,64,32,64,21.621
128,64,32,128,26.645
128,64,32,256,35.061
128,64,32,512,53.2367
128,64,32,1024,87.893
128,64,32,2048,155.882
128,64,32,4096,295.156
128,64,32,8192,589.085
128,64,32,16384,1158.66
128,64,32,32768,2295.84
128,64,32,65536,4586.09
128,64,32,131055,9073.17
128,64,64,16,33.9837
128,64,64,32,34.3893
128,64,64,64,34.9227
128,64,64,128,48.7573
128,64,64,256,67.0293
128,64,64,512,101.461
128,64,64,1024,170.879
128,64,64,2048,308.469
128,64,64,4096,737.341
128,64,64,8192,1489.97
128,64,64,16384,2959.94
128,64,64,32768,6087.59
128,64,64,65536,12113.3
128,64,64,131055,23712.3
128,128,0,0,11.2747
128,128,1,16,10.8267
128,128,1,32,11.0083
128,128,1,64,10.9867
128,128,1,128,10.9653
128,128,1,256,12.4057
128,128,1,512,17.728
128,128,1,1024,29.024
128,128,1,2048,51.6587
128,128,1,4096,96.0313
128,128,1,8192,185.909
128,128,1,16384,365.631
128,128,1,32768,734.621
128,128,1,65536,1448.55
128,128,1,131055,2877.5
128,128,2,16,11.019
128,128,2,32,10.9653
128,128,2,64,10.9863
128,128,2,128,11.029
128,128,2,256,12.576
128,128,2,512,17.7173
128,128,2,1024,28.7463
128,128,2,2048,51.5833
128,128,2,4096,96.6287
128,128,2,8192,189.034
128,128,2,16384,366.408
128,128,2,32768,730.877
128,128,2,65536,1454.42
128,128,2,131055,2902.21
128,128,4,16,10.944
128,128,4,32,10.944
128,128,4,64,10.976
128,128,4,128,11.0077
128,128,4,256,12.885
128,128,4,512,18.1337
128,128,4,1024,29.6853
128,128,4,2048,52.5333
128,128,4,4096,98.4847
128,128,4,8192,188.298
128,128,4,16384,372.383
128,128,4,32768,733.502
128,128,4,65536,1443.62
128,128,4,131055,2885.18
128,128,8,16,11.2853
128,128,8,32,11.3917
128,128,8,64,11.3813
128,128,8,128,11.4243
128,128,8,256,13.8883
128,128,8,512,18.976
128,128,8,1024,30.4213
128,128,8,2048,54.9017
128,128,8,4096,101.461
128,128,8,8192,194.026
128,128,8,16384,376.926
128,128,8,32768,735.816
128,128,8,65536,1469.91
128,128,8,131055,2935.22
128,128,16,16,16.032
128,128,16,32,16.1173
128,128,16,64,16.533
128,128,16,128,18.667
128,128,16,256,23.3913
128,128,16,512,34.784
128,128,16,1024,59.008
128,128,16,2048,103.744
128,128,16,4096,195.85
128,128,16,8192,382.004
128,128,16,16384,757.362
128,128,16,32768,1494.42
128,128,16,65536,2979.27
128,128,16,131055,5897.46
128,128,32,16,21.354
128,128,32,32,21.696
128,128,32,64,22.0273
128,128,32,128,27.36
128,128,32,256,35.3597
128,128,32,512,53.1517
128,128,32,1024,88.085
128,128,32,2048,156.106
128,128,32,4096,295.135
128,128,32,8192,590.578
128,128,32,16384,1156.88
128,128,32,32768,2289.28
128,128,32,65536,4601.92
128,128,32,131055,9051.64
128,128,64,16,34.5277
128,128,64,32,34.8053
128,128,64,64,35.8393
128,128,64,128,49.7177
128,128,64,256,66.912
128,128,64,512,101.024
128,128,64,1024,170.709
128,128,64,2048,308.852
128,128,64,4096,738.579
128,128,64,8192,1489.48
128,128,64,16384,2958.19
128,128,64,32768,5916.7
128,128,64,65536,12323.4
128,128,64,131055,23988.5
128,256,0,0,13.803
128,256,1,16,13.44
128,256,1,32,13.3543
128,256,1,64,13.472
128,256,1,128,13.344
128,256,1,256,13.3653
128,256,1,512,17.6107
128,256,1,1024,28.5973
128,256,1,2048,51.2107
128,256,1,4096,96.4263
128,256,1,8192,186.292
128,256,1,16384,363.475
128,256,1,32768,720.584
128,256,1,65536,1444.88
128,256,1,131055,2871.58
128,256,2,16,13.4507
128,256,2,32,13.3763
128,256,2,64,13.4617
128,256,2,128,13.5463
128,256,2,256,13.4293
128,256,2,512,17.5787
128,256,2,1024,28.8427
128,256,2,2048,51.0503
128,256,2,4096,96.8317
128,256,2,8192,186.964
128,256,2,16384,366.495
128,256,2,32768,724.242
128,256,2,65536,1439.33
128,256,2,131055,2879.7
128,256,4,16,13.536
128,256,4,32,13.3867
128,256,4,64,13.4613
128,256,4,128,13.4507
128,256,4,256,13.589
128,256,4,512,18.112
128,256,4,1024,29.1947
128,256,4,2048,52.426
128,256,4,4096,97.995
128,256,4,8192,189.866
128,256,4,16384,369.396
128,256,4,32768,728.072
128,256,4,65536,1442.16
128,256,4,131055,2884.77
128,256,8,16,13.9947
128,256,8,32,13.8343
128,256,8,64,14.0587
128,256,8,128,14.1653
128,256,8,256,14.0483
128,256,8,512,19.1887
128,256,8,1024,30.2827
128,256,8,2048,54.2607
128,256,8,4096,100.458
128,256,8,8192,193.951
128,256,8,16384,375.881
128,256,8,32768,741.468
128,256,8,65536,1465.66
128,256,8,131055,2927.39
128,256,16,16,18.8587
128,256,16,32,18.8693
128,256,16,64,19.0823
128,256,16,128,21.3223
128,256,16,256,24.2773
128,256,16,512,34.4427
128,256,16,1024,58.4
128,256,16,2048,103.392
128,256,16,4096,194.25
128,256,16,8192,380.617
128,256,16,16384,749.309
128,256,16,32768,1492.13
128,256,16,65536,2962.63
128,256,16,131055,5911.97
128,256,32,16,24.714
128,256,32,32,24.2987
128,256,32,64,24.8957
128,256,32,128,29.888
128,256,32,256,35.6377
128,256,32,512,53.3333
128,256,32,1024,88.0423
128,256,32,2048,156.971
128,256,32,4096,295.391
128,256,32,8192,591.55
128,256,32,16384,1156.72
128,256,32,32768,2295.25
128,256,32,65536,4582.3
128,256,32,131055,9049.25
128,256,64,16,37.4717
128,256,64,32,37.8343
128,256,64,64,38.7303
128,256,64,128,51.8187
128,256,64,256,67.8293
128,256,64,512,100.992
128,256,64,1024,170.89
128,256,64,2048,309.951
128,256,64,4096,739.506
128,256,64,8192,1490.7
128,256,64,16384,2966.5
128,256,64,32768,6077.94
128,256,64,65536,12328.6
128,256,64,131055,23911.7
128,512,0,0,18.8483
128,512,1,16,18.6983
128,512,1,32,18.88
128,512,1,64,18.72
128,512,1,128,18.5383
128,512,1,256,18.6023
128,512,1,512,18.7843
128,512,1,1024,28.544
128,512,1,2048,50.912
128,512,1,4096,96.5647
128,512,1,8192,185.247
128,512,1,16384,366.142
128,512,1,32768,719.91
128,512,1,65536,1445.78
128,512,1,131055,2871.38
128,512,2,16,18.6773
128,512,2,32,18.7203
128,512,2,64,18.7947
128,512,2,128,18.741
128,512,2,256,18.6343
128,512,2,512,18.7517
128,512,2,1024,28.9277
128,512,2,2048,51.4347
128,512,2,4096,96.544
128,512,2,8192,188.106
128,512,2,16384,371.316
128,512,2,32768,730.46
128,512,2,65536,1447.44
128,512,2,131055,2882.2
128,512,4,16,18.6987
128,512,4,32,18.88
128,512,4,64,18.6347
128,512,4,128,18.752
128,512,4,256,18.784
128,512,4,512,18.9977
128,512,4,1024,29.5353
128,512,4,2048,53.1943
128,512,4,4096,99.0393
128,512,4,8192,189.524
128,512,4,16384,373.769
128,512,4,32768,733.832
128,512,4,65536,1461.64
128,512,4,131055,2880.37
128,512,8,16,19.2103
128,512,8,32,19.2747
128,512,8,64,19.158
128,512,8,128,19.36
128,512,8,256,19.584
128,512,8,512,19.6583
128,512,8,1024,30.7947
128,512,8,2048,55.1677
128,512,8,4096,101.547
128,512,8,8192,195.242
128,512,8,16384,380.979
128,512,8,32768,745.031
128,512,8,65536,1482.42
128,512,8,131055,2924.47
128,512,16,16,23.9257
128,512,16,32,24.1067
128,512,16,64,24.3093
128,512,16,128,27.0293
128,512,16,256,29.92
128,512,16,512,35.7337
128,512,16,1024,58.9547
128,512,16,2048,104.447
128,512,16,4096,195.455
128,512,16,8192,382.868
128,512,16,16384,753.522
128,512,16,32768,1501.94
128,512,16,65536,2984.33
128,512,16,131055,5904.84
128,512,32,16,30.251
128,512,32,32,30.208
128,512,32,64,30.7197
128,512,32,128,35.754
128,512,32,256,41.856
128,512,32,512,54.2507
128,512,32,1024,89.1517
128,512,32,2048,157.878
128,512,32,4096,298.367
128,512,32,8192,594.056
128,512,32,16384,1162.91
128,512,32,32768,2304.24
128,512,32,65536,4600.75
128,512,32,131055,9036.83
128,512,64,16,43.4023
128,512,64,32,43.829
128,512,64,64,44.7143
128,512,64,128,57.7483
128,512,64,256,72.4903
128,512,64,512,101.589
128,512,64,1024,170.932
128,512,64,2048,308.724
128,512,64,4096,743.1
128,512,64,8192,1489.17
128,512,64,16384,2963.05
128,512,64,32768,6037.29
128,512,64,65536,12068.2
128,512,64,131055,23731.4
128,1024,0,0,30.048
128,1024,1,16,29.6313
128,1024,1,32,29.504
128,1024,1,64,30.0483
128,1024,1,128,29.9733
128,1024,1,256,29.952
128,1024,1,512,29.824
128,1024,1,1024,29.5993
128,1024,1,2048,51.0187
128,1024,1,4096,96.2453
128,1024,1,8192,185.93
128,1024,1,16384,367.06
128,1024,1,32768,726.994
128,1024,1,65536,1453.56
128,1024,1,131055,2878.19
128,1024,2,16,29.7597
128,1024,2,32,29.739
128,1024,2,64,29.6533
128,1024,2,128,29.7707
128,1024,2,256,29.6107
128,1024,2,512,29.728
128,1024,2,1024,29.6957
128,1024,2,2048,51.6263
128,1024,2,4096,97.706
128,1024,2,8192,186.954
128,1024,2,16384,369.749
128,1024,2,32768,725.532
128,1024,2,65536,1446.32
128,1024,2,131055,2869.66
128,1024,4,16,30.0053
128,1024,4,32,29.429
128,1024,4,64,29.4933
128,1024,4,128,29.76
128,1024,4,256,30.016
128,1024,4,512,29.8773
128,1024,4,1024,30.464
128,1024,4,2048,52.8853
128,1024,4,4096,98.997
128,1024,4,8192,190.805
128,1024,4,16384,370.26
128,1024,4,32768,735.72
128,1024,4,65536,1451.72
128,1024,4,131055,2907.61
128,1024,8,16,29.7597
128,1024,8,32,30.41
128,1024,8,64,30.2503
128,1024,8,128,30.5813
128,1024,8,256,30.645
128,1024,8,512,30.8693
128,1024,8,1024,31.2217
128,1024,8,2048,55.2753
128,1024,8,4096,101.696
128,1024,8,8192,194.153
128,1024,8,16384,378.131
128,1024,8,32768,746.119
128,1024,8,65536,1481.5
128,1024,8,131055,2929.43
128,1024,16,16,34.571
128,1024,16,32,34.9757
128,1024,16,64,34.9863
128,1024,16,128,37.6847
128,1024,16,256,40.992
128,1024,16,512,47.392
128,1024,16,1024,59.7117
128,1024,16,2048,104.64
128,1024,16,4096,194.186
128,1024,16,8192,384.403
128,1024,16,16384,759.368
128,1024,16,32768,1496.77
128,1024,16,65536,2979.61
128,1024,16,131055,5898.41
128,1024,32,16,40.5547
128,1024,32,32,40.9277
128,1024,32,64,41.344
128,1024,32,128,46.8157
128,1024,32,256,53.333
128,1024,32,512,65.2157
128,1024,32,1024,89.1303
128,1024,32,2048,156.212
128,1024,32,4096,295.731
128,1024,32,8192,592.553
128,1024,32,16384,1158.16
128,1024,32,32768,2289.24
128,1024,32,65536,4575.54
128,1024,32,131055,9076.23
128,1024,64,16,54.6773
128,1024,64,32,55.232
128,1024,64,64,56.234
128,1024,64,128,69.3323
128,1024,64,256,83.9143
128,1024,64,512,111.893
128,1024,64,1024,172.554
128,1024,64,2048,309.375
128,1024,64,4096,741.01
128,1024,64,8192,1489.72
128,1024,64,16384,2975.29
128,1024,64,32768,6050.14
128,1024,64,65536,12638.1
128,1024,64,131055,23977.1
128,2048,0,0,52.9493
128,2048,1,16,52.33
128,2048,1,32,52.416
128,2048,1,64,52.5647
128,2048,1,128,52.33
128,2048,1,256,52.7253
128,2048,1,512,52.576
128,2048,1,1024,51.9563
128,2048,1,2048,52.288
128,2048,1,4096,96.426
128,2048,1,8192,186.41
128,2048,1,16384,365.503
128,2048,1,32768,722.62
128,2048,1,65536,1440.24
128,2048,1,131055,2877.72
128,2048,2,16,52.5867
128,2048,2,32,52.299
128,2048,2,64,52.7353
128,2048,2,128,52.405
128,2048,2,256,52.3307
128,2048,2,512,52.1597
128,2048,2,1024,52.1173
128,2048,2,2048,52.2877
128,2048,2,4096,96.8207
128,2048,2,8192,186.9
128,2048,2,16384,368.073
128,2048,2,32768,727.027
128,2048,2,65536,1443.34
128,2048,2,131055,2880.64
128,2048,4,16,52.0317
128,2048,4,32,52.405
128,2048,4,64,52.5333
128,2048,4,128,51.9997
128,2048,4,256,52.1703
128,2048,4,512,52.693
128,2048,4,1024,53.2267
128,2048,4,2048,53.7063
128,2048,4,4096,98.7083
128,2048,4,8192,188.746
128,2048,4,16384,371.209
128,2048,4,32768,731.539
128,2048,4,65536,1444.68
128,2048,4,131055,2889.84
128,2048,8,16,52.6507
128,2048,8,32,51.9257
128,2048,8,64,52.0313
128,2048,8,128,53.2053
128,2048,8,256,52.9813
128,2048,8,512,53.4397
128,2048,8,1024,54.7623
128,2048,8,2048,55.466
128,2048,8,4096,101.259
128,2048,8,8192,194.217
128,2048,8,16384,377.492
128,2048,8,32768,740.189
128,2048,8,65536,1470.4
128,2048,8,131055,2922.7
128,2048,16,16,55.744
128,2048,16,32,56.3093
128,2048,16,64,56.2027
128,2048,16,128,58.7837
128,2048,16,256,62.41
128,2048,16,512,68.4683
128,2048,16,1024,81.408
128,2048,16,2048,104.298
128,2048,16,4096,194.889
128,2048,16,8192,380.286
128,2048,16,16384,753.16
128,2048,16,32768,1492.11
128,2048,16,65536,2964.92
128,2048,16,131055,5885.86
128,2048,32,16,61.9837
128,2048,32,32,62.165
128,2048,32,64,62.346
128,2048,32,128,68.2773
128,2048,32,256,74.7627
128,2048,32,512,86.7943
128,2048,32,1024,110.389
128,2048,32,2048,157.919
128,2048,32,4096,297.503
128,2048,32,8192,591.144
128,2048,32,16384,1155.42
128,2048,32,32768,2290.83
128,2048,32,65536,4582.04
128,2048,32,131055,9045.01
128,2048,64,16,76.202
128,2048,64,32,76.0957
128,2048,64,64,77.1727
128,2048,64,128,91.8397
128,2048,64,256,106.101
128,2048,64,512,134.262
128,2048,64,1024,193.055
128,2048,64,2048,311.615
128,2048,64,4096,735.837
128,2048,64,8192,1494.56
128,2048,64,16384,2956.58
128,2048,64,32768,6129.07
128,2048,64,65536,12267.9
128,2048,64,131055,24223.1
128,4096,0,0,98.677
128,4096,1,16,97.77
128,4096,1,32,97.7167
128,4096,1,64,97.6203
128,4096,1,128,97.9723
128,4096,1,256,97.5247
128,4096,1,512,97.5567
128,4096,1,1024,97.7273
128,4096,1,2048,96.9597
128,4096,1,4096,97.045
128,4096,1,8192,187.221
128,4096,1,16384,364.179
128,4096,1,32768,727.549
128,4096,1,65536,1444.35
128,4096,1,131055,2873.05
128,4096,2,16,97.9623
128,4096,2,32,97.3753
128,4096,2,64,97.4933
128,4096,2,128,97.461
128,4096,2,256,97.3753
128,4096,2,512,97.5573
128,4096,2,1024,97.759
128,4096,2,2048,97.248
128,4096,2,4096,97.2373
128,4096,2,8192,187.54
128,4096,2,16384,368.479
128,4096,2,32768,735.241
128,4096,2,65536,1444.74
128,4096,2,131055,2873.14
128,4096,4,16,98.0047
128,4096,4,32,97.439
128,4096,4,64,97.749
128,4096,4,128,97.418
128,4096,4,256,97.7277
128,4096,4,512,97.7177
128,4096,4,1024,98.101
128,4096,4,2048,98.3353
128,4096,4,4096,99.1677
128,4096,4,8192,188.959
128,4096,4,16384,370.313
128,4096,4,32768,733.639
128,4096,4,65536,1451.89
128,4096,4,131055,2878.71
128,4096,8,16,97.344
128,4096,8,32,97.3223
128,4096,8,64,96.9273
128,4096,8,128,97.9297
128,4096,8,256,97.9197
128,4096,8,512,98.3577
128,4096,8,1024,99.989
128,4096,8,2048,101.184
128,4096,8,4096,102.826
128,4096,8,8192,194.57
128,4096,8,16384,378.793
128,4096,8,32768,741.202
128,4096,8,65536,1470.68
128,4096,8,131055,2925.45
128,4096,16,16,98.997
128,4096,16,32,98.3137
128,4096,16,64,97.8347
128,4096,16,128,102.038
128,4096,16,256,104.96
128,4096,16,512,110.644
128,4096,16,1024,123.808
128,4096,16,2048,146.858
128,4096,16,4096,196.149
128,4096,16,8192,372.713
128,4096,16,16384,755.965
128,4096,16,32768,1489.66
128,4096,16,65536,2968.81
128,4096,16,131055,5907.74
128,4096,32,16,104.863
128,4096,32,32,104.266
128,4096,32,64,105.12
128,4096,32,128,111.157
128,4096,32,256,118.016
128,4096,32,512,129.781
128,4096,32,1024,153.77
128,4096,32,2048,201.364
128,4096,32,4096,301.268
128,4096,32,8192,622.866
128,4096,32,16384,1274.91
128,4096,32,32768,2423.26
128,4096,32,65536,4891.83
128,4096,32,131055,9383.83
128,4096,64,16,117.151
128,4096,64,32,119.114
128,4096,64,64,119.829
128,4096,64,128,133.173
128,4096,64,256,148.597
128,4096,64,512,177.172
128,4096,64,1024,237.268
128,4096,64,2048,351.124
128,4096,64,4096,761.096
128,4096,64,8192,1613.48
128,4096,64,16384,3322.42
128,4096,64,32768,6818.16
128,4096,64,65536,12755.8
128,4096,64,131055,24804.1
128,8192,0,0,188.245
128,8192,1,16,186.581
128,8192,1,32,189.002
128,8192,1,64,186.965
128,8192,1,128,188.97
128,8192,1,256,186.815
128,8192,1,512,187.668
128,8192,1,1024,186.133
128,8192,1,2048,187.861
128,8192,1,4096,186.068
128,8192,1,8192,189.108
128,8192,1,16384,365.321
128,8192,1,32768,726.258
128,8192,1,65536,1442.25
128,8192,1,131055,2871.96
128,8192,2,16,187.082
128,8192,2,32,187.392
128,8192,2,64,188.489
128,8192,2,128,187.487
128,8192,2,256,186.399
128,8192,2,512,187.391
128,8192,2,1024,187.263
128,8192,2,2048,188.02
128,8192,2,4096,188.18
128,8192,2,8192,188.789
128,8192,2,16384,366.398
128,8192,2,32768,730.28
128,8192,2,65536,1439.88
128,8192,2,131055,2896.5
128,8192,4,16,187.423
128,8192,4,32,188.916
128,8192,4,64,188.447
128,8192,4,128,188.597
128,8192,4,256,186.996
128,8192,4,512,187.21
128,8192,4,1024,188.757
128,8192,4,2048,189.919
128,8192,4,4096,188.65
128,8192,4,8192,190.847
128,8192,4,16384,376.82
128,8192,4,32768,737.949
128,8192,4,65536,1460.77
128,8192,4,131055,2901.98
128,8192,8,16,187.188
128,8192,8,32,186.591
128,8192,8,64,188.127
128,8192,8,128,187.189
128,8192,8,256,187.444
128,8192,8,512,188.725
128,8192,8,1024,190.218
128,8192,8,2048,192.351
128,8192,8,4096,192.607
128,8192,8,8192,197.247
128,8192,8,16384,379.763
128,8192,8,32768,749.266
128,8192,8,65536,1479.39
128,8192,8,131055,2946.19
128,8192,16,16,187.317
128,8192,16,32,185.802
128,8192,16,64,188.607
128,8192,16,128,187.712
128,8192,16,256,189.45
128,8192,16,512,196.447
128,8192,16,1024,210.794
128,8192,16,2048,232.084
128,8192,16,4096,282.708
128,8192,16,8192,390.345
128,8192,16,16384,758.919
128,8192,16,32768,1509.07
128,8192,16,65536,3013.72
128,8192,16,131055,5989.54
128,8192,32,16,187.263
128,8192,32,32,187.818
128,8192,32,64,189.748
128,8192,32,128,195.679
128,8192,32,256,201.941
128,8192,32,512,212.853
128,8192,32,1024,238.345
128,8192,32,2048,285.833
128,8192,32,4096,384.393
128,8192,32,8192,608.136
128,8192,32,16384,1258.1
128,8192,32,32768,2544.11
128,8192,32,65536,5110.13
128,8192,32,131055,10138.8
128,8192,64,16,201.226
128,8192,64,32,204.244
128,8192,64,64,202.591
128,8192,64,128,217.248
128,8192,64,256,234.655
128,8192,64,512,260.095
128,8192,64,1024,323.22
128,8192,64,2048,441.246
128,8192,64,4096,851.965
128,8192,64,8192,1524.4
128,8192,64,16384,3364.47
128,8192,64,32768,7154.55
128,8192,64,65536,13517.2
128,8192,64,131055,27002.1
128,16384,0,0,370.355
128,16384,1,16,369.226
128,16384,1,32,365.844
128,16384,1,64,365.845
128,16384,1,128,366.676
128,16384,1,256,367.882
128,16384,1,512,366.003
128,16384,1,1024,368.884
128,16384,1,2048,368.532
128,16384,1,4096,367.892
128,16384,1,8192,368.169
128,16384,1,16384,365.78
128,16384,1,32768,722.94
128,16384,1,65536,1454.34
128,16384,1,131055,2873.37
128,16384,2,16,367.658
128,16384,2,32,366.782
128,16384,2,64,368.084
128,16384,2,128,370.228
128,16384,2,256,366.857
128,16384,2,512,366.1
128,16384,2,1024,366.26
128,16384,2,2048,368.681
128,16384,2,4096,366.9
128,16384,2,8192,368.318
128,16384,2,16384,367.445
128,16384,2,32768,725.17
128,16384,2,65536,1445.66
128,16384,2,131055,2872.1
128,16384,4,16,368.499
128,16384,4,32,368.255
128,16384,4,64,365.854
128,16384,4,128,367.146
128,16384,4,256,367.71
128,16384,4,512,368.202
128,16384,4,1024,368.649
128,16384,4,2048,369.226
128,16384,4,4096,370.079
128,16384,4,8192,368.222
128,16384,4,16384,375.092
128,16384,4,32768,730.578
128,16384,4,65536,1451.67
128,16384,4,131055,2883.55
128,16384,8,16,368.041
128,16384,8,32,367.732
128,16384,8,64,367.018
128,16384,8,128,366.036
128,16384,8,256,367.881
128,16384,8,512,367.754
128,16384,8,1024,369.29
128,16384,8,2048,370.975
128,16384,8,4096,372.702
128,16384,8,8192,375.871
128,16384,8,16384,379.668
128,16384,8,32768,743.784
128,16384,8,65536,1464.82
128,16384,8,131055,2925.62
128,16384,16,16,364.575
128,16384,16,32,368.265
128,16384,16,64,364.969
128,16384,16,128,367.263
128,16384,16,256,366.526
128,16384,16,512,367.509
128,16384,16,1024,375.518
128,16384,16,2048,400.681
128,16384,16,4096,450.845
128,16384,16,8192,559.474
128,16384,16,16384,757.288
128,16384,16,32768,1504.58
128,16384,16,65536,2997.22
128,16384,16,131055,5980.97
128,16384,32,16,366.868
128,16384,32,32,366.452
128,16384,32,64,364.201
128,16384,32,128,370.175
128,16384,32,256,375.081
128,16384,32,512,384.042
128,16384,32,1024,406.089
128,16384,32,2048,456.393
128,16384,32,4096,557.544
128,16384,32,8192,785.213
128,16384,32,16384,1189.07
128,16384,32,32768,2507.31
128,16384,32,65536,5060.66
128,16384,32,131055,10230.4
128,16384,64,16,372.67
128,16384,64,32,369.279
128,16384,64,64,373.673
128,16384,64,128,388.66
128,16384,64,256,401.822
128,16384,64,512,429.844
128,16384,64,1024,493.78
128,16384,64,2048,613.437
128,16384,64,4096,1043.81
128,16384,64,8192,1697.19
128,16384,64,16384,3033.88
128,16384,64,32768,6842.77
128,16384,64,65536,13617.3
128,16384,64,131055,27431.8
128,32768,0,0,732.553
128,32768,1,16,723.389
128,32768,1,32,726.44
128,32768,1,64,726.76
128,32768,1,128,729.117
128,32768,1,256,723.806
128,32768,1,512,723.847
128,32768,1,1024,727.336
128,32768,1,2048,726.527
128,32768,1,4096,722.857
128,32768,1,8192,727.177
128,32768,1,16384,729.78
128,32768,1,32768,723.869
128,32768,1,65536,1440.81
128,32768,1,131055,2880.03
128,32768,2,16,728.541
128,32768,2,32,724.744
128,32768,2,64,726.866
128,32768,2,128,725.212
128,32768,2,256,724.956
128,32768,2,512,729.256
128,32768,2,1024,724.349
128,32768,2,2048,720.509
128,32768,2,4096,725.396
128,32768,2,8192,725.737
128,32768,2,16384,726.366
128,32768,2,32768,730.994
128,32768,2,65536,1438.85
128,32768,2,131055,2869.42
128,32768,4,16,721.011
128,32768,4,32,720.734
128,32768,4,64,725.619
128,32768,4,128,725.642
128,32768,4,256,728.935
128,32768,4,512,721.491
128,32768,4,1024,724.168
128,32768,4,2048,722.343
128,32768,4,4096,727.325
128,32768,4,8192,727.229
128,32768,4,16384,724.135
128,32768,4,32768,734.076
128,32768,4,65536,1453.44
128,32768,4,131055,2891.22
128,32768,8,16,720.137
128,32768,8,32,719.486
128,32768,8,64,719.262
128,32768,8,128,724.168
128,32768,8,256,719.239
128,32768,8,512,720.552
128,32768,8,1024,725.172
128,32768,8,2048,728.414
128,32768,8,4096,730.92
128,32768,8,8192,733.896
128,32768,8,16384,739.794
128,32768,8,32768,747.496
128,32768,8,65536,1479.34
128,32768,8,131055,2934.22
128,32768,16,16,719.592
128,32768,16,32,728.914
128,32768,16,64,727.623
128,32768,16,128,724.414
128,32768,16,256,723.859
128,32768,16,512,730.237
128,32768,16,1024,724.915
128,32768,16,2048,740.477
128,32768,16,4096,793.096
128,32768,16,8192,899.069
128,32768,16,16384,1108.53
128,32768,16,32768,1500.85
128,32768,16,65536,2989.38
128,32768,16,131055,5979.35
128,32768,32,16,719.826
128,32768,32,32,719.666
128,32768,32,64,720.51
128,32768,32,128,728.316
128,32768,32,256,724.873
128,32768,32,512,732.786
128,32768,32,1024,748.435
128,32768,32,2048,801.288
128,32768,32,4096,894.183
128,32768,32,8192,1131.38
128,32768,32,16384,1543.95
128,32768,32,32768,2362.47
128,32768,32,65536,5019.93
128,32768,32,131055,10220.5
128,32768,64,16,725.683
128,32768,64,32,720.147
128,32768,64,64,719.614
128,32768,64,128,729.801
128,32768,64,256,734.355
128,32768,64,512,773.811
128,32768,64,1024,829.831
128,32768,64,2048,946.365
128,32768,64,4096,1391.51
128,32768,64,8192,2086.09
128,32768,64,16384,3376.21
128,32768,64,32768,6139.04
128,32768,64,65536,13860.1
128,32768,64,131055,27563.3
128,65536,0,0,1464.65
128,65536,1,16,1448.76
128,65536,1,32,1453.24
128,65536,1,64,1448.57
128,65536,1,128,1449.85
128,65536,1,256,1447.66
128,65536,1,512,1448.33
128,65536,1,1024,1446.64
128,65536,1,2048,1448.66
128,65536,1,4096,1456.58
128,65536,1,8192,1449.04
128,65536,1,16384,1457.84
128,65536,1,32768,1450.42
128,65536,1,65536,1448.23
128,65536,1,131055,2871.24
128,65536,2,16,1462.48
128,65536,2,32,1446.9
128,65536,2,64,1451.29
128,65536,2,128,1460.71
128,65536,2,256,1451.16
128,65536,2,512,1454.01
128,65536,2,1024,1451.28
128,65536,2,2048,1451.2
128,65536,2,4096,1446.06
128,65536,2,8192,1445.06
128,65536,2,16384,1445.6
128,65536,2,32768,1449.55
128,65536,2,65536,1442.98
128,65536,2,131055,2878.57
128,65536,4,16,1449.42
128,65536,4,32,1453.13
128,65536,4,64,1444.11
128,65536,4,128,1450.43
128,65536,4,256,1449.43
128,65536,4,512,1444.9
128,65536,4,1024,1466.53
128,65536,4,2048,1445.51
128,65536,4,4096,1453.34
128,65536,4,8192,1446.66
128,65536,4,16384,1444.86
128,65536,4,32768,1451.23
128,65536,4,65536,1460.05
128,65536,4,131055,2896.95
128,65536,8,16,1445.94
128,65536,8,32,1442.34
128,65536,8,64,1439.26
128,65536,8,128,1442.16
128,65536,8,256,1440.9
128,65536,8,512,1456.57
128,65536,8,1024,1459.16
128,65536,8,2048,1451.51
128,65536,8,4096,1462.35
128,65536,8,8192,1460.29
128,65536,8,16384,1474.42
128,65536,8,32768,1476.53
128,65536,8,65536,1484.37
128,65536,8,131055,2954.38
128,65536,16,16,1440.42
128,65536,16,32,1445.22
128,65536,16,64,1440.36
128,65536,16,128,1445.99
128,65536,16,256,1442.39
128,65536,16,512,1449.08
128,65536,16,1024,1450.57
128,65536,16,2048,1462.15
128,65536,16,4096,1483.22
128,65536,16,8192,1587.72
128,65536,16,16384,1789.7
128,65536,16,32768,2227.33
128,65536,16,65536,2994.45
128,65536,16,131055,5949.92
128,65536,32,16,1441.46
128,65536,32,32,1439.83
128,65536,32,64,1441.43
128,65536,32,128,1446.98
128,65536,32,256,1448.7
128,65536,32,512,1455.97
128,65536,32,1024,1455.43
128,65536,32,2048,1455.77
128,65536,32,4096,1565.18
128,65536,32,8192,1814.96
128,65536,32,16384,2247.44
128,65536,32,32768,3062.52
128,65536,32,65536,4691.41
128,65536,32,131055,10456.2
128,65536,64,16,1438.81
128,65536,64,32,1452.31
128,65536,64,64,1442.92
128,65536,64,128,1449.65
128,65536,64,256,1464.79
128,65536,64,512,1471.67
128,65536,64,1024,1511.53
128,65536,64,2048,1640.32
128,65536,64,4096,2061.3
128,65536,64,8192,2761.59
128,65536,64,16384,4201.99
128,65536,64,32768,6977.15
128,65536,64,65536,12707.5
128,65536,64,131055,27795.5
256,0,0,0,11.0507
256,0,1,16,11.2317
256,0,1,32,11.2747
256,0,1,64,11.36
256,0,1,128,11.2853
256,0,1,256,12.96
256,0,1,512,17.8767
256,0,1,1024,28.629
256,0,1,2048,51.093
256,0,1,4096,97.0667
256,0,1,8192,184.831
256,0,1,16384,362.836
256,0,1,32768,718.334
256,0,1,65536,1441.06
256,0,1,131055,2877.47
256,0,2,16,11.2103
256,0,2,32,11.2107
256,0,2,64,11.1787
256,0,2,128,11.2747
256,0,2,256,13.238
256,0,2,512,18.6137
256,0,2,1024,29.1407
256,0,2,2048,51.3493
256,0,2,4096,97.162
256,0,2,8192,187.935
256,0,2,16384,370.014
256,0,2,32768,725.169
256,0,2,65536,1437.38
256,0,2,131055,2871.42
256,0,4,16,11.648
256,0,4,32,11.5733
256,0,4,64,11.5417
256,0,4,128,11.6907
256,0,4,256,13.664
256,0,4,512,18.9437
256,0,4,1024,29.995
256,0,4,2048,52.9173
256,0,4,4096,98.5277
256,0,4,8192,190.143
256,0,4,16384,369.471
256,0,4,32768,727.219
256,0,4,65536,1440.77
256,0,4,131055,2874.79
256,0,8,16,13.771
256,0,8,32,13.8237
256,0,8,64,13.8773
256,0,8,128,16.288
256,0,8,256,19.6053
256,0,8,512,24.608
256,0,8,1024,35.9037
256,0,8,2048,58.7197
256,0,8,4096,104.031
256,0,8,8192,196.447
256,0,8,16384,381.225
256,0,8,32768,749.874
256,0,8,65536,1471.27
256,0,8,131055,2940.68
256,0,16,16,17.6857
256,0,16,32,18.048
256,0,16,64,17.9093
256,0,16,128,19.7543
256,0,16,256,24.9493
256,0,16,512,36.3843
256,0,16,1024,60.4047
256,0,16,2048,105.972
256,0,16,4096,196.767
256,0,16,8192,384.563
256,0,16,16384,758.141
256,0,16,32768,1499.18
256,0,16,65536,2984.1
256,0,16,131055,5871.46
256,0,32,16,25.216
256,0,32,32,25.2587
256,0,32,64,25.6107
256,0,32,128,32.4377
256,0,32,256,42.272
256,0,32,512,59.935
256,0,32,1024,94.079
256,0,32,2048,161.376
256,0,32,4096,299.647
256,0,32,8192,591.144
256,0,32,16384,1160.84
256,0,32,32768,2290.57
256,0,32,65536,4569.63
256,0,32,131055,9053.14
256,0,64,16,39.189
256,0,64,32,39.68
256,0,64,64,40.0957
256,0,64,128,54.9223
256,0,64,256,72.7353
256,0,64,512,106.208
256,0,64,1024,176.244
256,0,64,2048,312.756
256,0,64,4096,740.115
256,0,64,8192,1494.63
256,0,64,16384,2960.84
256,0,64,32768,6030.16
256,0,64,65536,12012.4
256,0,64,131055,23773.4
256,16,0,0,13.2693
256,16,1,16,13.248
256,16,1,32,13.2907
256,16,1,64,13.3123
256,16,1,128,13.3227
256,16,1,256,13.237
256,16,1,512,18.048
256,16,1,1024,28.9173
256,16,1,2048,51.7977
256,16,1,4096,95.8933
256,16,1,8192,185.685
256,16,1,16384,362.239
256,16,1,32768,721.608
256,16,1,65536,1442.38
256,16,1,131055,2867.17
256,16,2,16,13.2267
256,16,2,32,13.3117
256,16,2,64,13.2903
256,16,2,128,13.3547
256,16,2,256,13.3867
256,16,2,512,18.688
256,16,2,1024,28.9917
256,16,2,2048,51.7757
256,16,2,4096,97.0233
256,16,2,8192,186.367
256,16,2,16384,368.03
256,16,2,32768,723.623
256,16,2,65536,1444.39
256,16,2,131055,2867.32
256,16,4,16,13.6637
256,16,4,32,13.6637
256,16,4,64,13.664
256,16,4,128,13.6957
256,16,4,256,13.664
256,16,4,512,19.072
256,16,4,1024,30.208
256,16,4,2048,52.5333
256,16,4,4096,98.0683
256,16,4,8192,187.508
256,16,4,16384,369.385
256,16,4,32768,733.064
256,16,4,65536,1445.44
256,16,4,131055,2885.51
256,16,8,16,16.0103
256,16,8,32,16.0207
256,16,8,64,15.989
256,16,8,128,16.5223
256,16,8,256,19.658
256,16,8,512,24.9813
256,16,8,1024,35.9883
256,16,8,2048,59.423
256,16,8,4096,103.381
256,16,8,8192,194.368
256,16,8,16384,377.993
256,16,8,32768,741.874
256,16,8,65536,1466.17
256,16,8,131055,2918.32
256,16,16,16,20.011
256,16,16,32,20.0637
256,16,16,64,20.2987
256,16,16,128,22.0797
256,16,16,256,25.056
256,16,16,512,36.576
256,16,16,1024,59.776
256,16,16,2048,104.725
256,16,16,4096,196.095
256,16,16,8192,381.939
256,16,16,16384,751.922
256,16,16,32768,1490.01
256,16,16,65536,2956.12
256,16,16,131055,5864.73
256,16,32,16,27.7437
256,16,32,32,27.872
256,16,32,64,27.8933
256,16,32,128,33.5573
256,16,32,256,43.168
256,16,32,512,60.4153
256,16,32,1024,94.9113
256,16,32,2048,162.015
256,16,32,4096,301.257
256,16,32,8192,594.558
256,16,32,16384,1157.14
256,16,32,32768,2289.35
256,16,32,65536,4574.33
256,16,32,131055,9078.99
256,16,64,16,41.962
256,16,64,32,42.3243
256,16,64,64,42.8053
256,16,64,128,55.5733
256,16,64,256,73.002
256,16,64,512,106.176
256,16,64,1024,176.159
256,16,64,2048,312.809
256,16,64,4096,743.933
256,16,64,8192,1493.51
256,16,64,16384,2973.6
256,16,64,32768,5992.52
256,16,64,65536,12253
256,16,64,131055,23774.2
256,32,0,0,13.1733
256,32,1,16,13.408
256,32,1,32,13.3653
256,32,1,64,13.3227
256,32,1,128,13.2693
256,32,1,256,13.4293
256,32,1,512,17.931
256,32,1,1024,28.9063
256,32,1,2048,51.1573
256,32,1,4096,95.9677
256,32,1,8192,185.29
256,32,1,16384,365.663
256,32,1,32768,716.978
256,32,1,65536,1444.81
256,32,1,131055,2874.36
256,32,2,16,13.376
256,32,2,32,13.248
256,32,2,64,13.3227
256,32,2,128,13.3437
256,32,2,256,13.408
256,32,2,512,18.5703
256,32,2,1024,29.0133
256,32,2,2048,51.5943
256,32,2,4096,97.1937
256,32,2,8192,186.826
256,32,2,16384,366.495
256,32,2,32768,724.371
256,32,2,65536,1437.31
256,32,2,131055,2862.9
256,32,4,16,13.6743
256,32,4,32,13.792
256,32,4,64,13.781
256,32,4,128,13.7277
256,32,4,256,13.7707
256,32,4,512,18.944
256,32,4,1024,30.016
256,32,4,2048,52.5863
256,32,4,4096,97.4073
256,32,4,8192,187.637
256,32,4,16384,371.614
256,32,4,32768,725.928
256,32,4,65536,1447.65
256,32,4,131055,2872.3
256,32,8,16,15.8617
256,32,8,32,15.829
256,32,8,64,15.9893
256,32,8,128,16.6187
256,32,8,256,19.5943
256,32,8,512,25.1623
256,32,8,1024,36.3627
256,32,8,2048,59.5197
256,32,8,4096,102.741
256,32,8,8192,193.684
256,32,8,16384,376.713
256,32,8,32768,744.232
256,32,8,65536,1470.56
256,32,8,131055,2941.51
256,32,16,16,20.1493
256,32,16,32,20.1387
256,32,16,64,20.2563
256,32,16,128,22.4003
256,32,16,256,25.216
256,32,16,512,36.5547
256,32,16,1024,60.5973
256,32,16,2048,105.173
256,32,16,4096,196.298
256,32,16,8192,383.326
256,32,16,16384,759.623
256,32,16,32768,1495.09
256,32,16,65536,2973.91
256,32,16,131055,5903.73
256,32,32,16,27.669
256,32,32,32,28.0107
256,32,32,64,28.0213
256,32,32,128,33.5677
256,32,32,256,43.3817
256,32,32,512,60.7677
256,32,32,1024,95.0503
256,32,32,2048,161.556
256,32,32,4096,300.489
256,32,32,8192,593.491
256,32,32,16384,1159.32
256,32,32,32768,2297.72
256,32,32,65536,4574.56
256,32,32,131055,9073.6
256,32,64,16,41.7067
256,32,64,32,42.485
256,32,64,64,43.0187
256,32,64,128,55.6583
256,32,64,256,73.29
256,32,64,512,106.741
256,32,64,1024,175.925
256,32,64,2048,311.774
256,32,64,4096,742.535
256,32,64,8192,1487.93
256,32,64,16384,2976.37
256,32,64,32768,6025.28
256,32,64,65536,12512.8
256,32,64,131055,23671.3
256,64,0,0,13.248
256,64,1,16,13.3757
256,64,1,32,13.4507
256,64,1,64,13.3333
256,64,1,128,13.3227
256,64,1,256,13.3653
256,64,1,512,17.8773
256,64,1,1024,28.6403
256,64,1,2048,51.328
256,64,1,4096,96.234
256,64,1,8192,185.45
256,64,1,16384,365.598
256,64,1,32768,718.579
256,64,1,65536,1446.13
256,64,1,131055,2867.24
256,64,2,16,13.4083
256,64,2,32,13.4083
256,64,2,64,13.3767
256,64,2,128,13.4507
256,64,2,256,13.483
256,64,2,512,18.3887
256,64,2,1024,28.9383
256,64,2,2048,51.755
256,64,2,4096,97.1297
256,64,2,8192,187.146
256,64,2,16384,367.711
256,64,2,32768,725.587
256,64,2,65536,1445.63
256,64,2,131055,2867.83
256,64,4,16,13.9093
256,64,4,32,13.6107
256,64,4,64,13.877
256,64,4,128,13.8133
256,64,4,256,13.9627
256,64,4,512,18.9117
256,64,4,1024,29.9733
256,64,4,2048,53.0873
256,64,4,4096,98.3567
256,64,4,8192,188.938
256,64,4,16384,372.276
256,64,4,32768,728.957
256,64,4,65536,1439.59
256,64,4,131055,2880.82
256,64,8,16,16.1593
256,64,8,32,16.2987
256,64,8,64,16.2553
256,64,8,128,16.6613
256,64,8,256,19.6583
256,64,8,512,24.9493
256,64,8,1024,36.352
256,64,8,2048,59.7967
256,64,8,4096,104.138
256,64,8,8192,195.669
256,64,8,16384,381.544
256,64,8,32768,743.218
256,64,8,65536,1466.88
256,64,8,131055,2928.57
256,64,16,16,20.235
256,64,16,32,20.256
256,64,16,64,20.4793
256,64,16,128,22.528
256,64,16,256,25.184
256,64,16,512,36.32
256,64,16,1024,60.4907
256,64,16,2048,105.322
256,64,16,4096,196.341
256,64,16,8192,384.702
256,64,16,16384,759.283
256,64,16,32768,1496.64
256,64,16,65536,2975.25
256,64,16,131055,5891.52
256,64,32,16,28.1067
256,64,32,32,27.9783
256,64,32,64,28.3517
256,64,32,128,33.515
256,64,32,256,43.2427
256,64,32,512,60.5333
256,64,32,1024,94.912
256,64,32,2048,161.866
256,64,32,4096,300.361
256,64,32,8192,592.605
256,64,32,16384,1155.34
256,64,32,32768,2295.37
256,64,32,65536,4601.92
256,64,32,131055,9055.41
256,64,64,16,41.6637
256,64,64,32,42.2397
256,64,64,64,43.061
256,64,64,128,55.8933
256,64,64,256,73.1093
256,64,64,512,106.315
256,64,64,1024,176.479
256,64,64,2048,313.556
256,64,64,4096,741.693
256,64,64,8192,1491.61
256,64,64,16384,2972.39
256,64,64,32768,5989.05
256,64,64,65536,12075.4
256,64,64,131055,23728.2
256,128,0,0,13.632
256,128,1,16,13.7057
256,128,1,32,13.856
256,128,1,64,13.792
256,128,1,128,13.7807
256,128,1,256,13.888
256,128,1,512,18.24
256,128,1,1024,28.8633
256,128,1,2048,51.1997
256,128,1,4096,96.341
256,128,1,8192,185.023
256,128,1,16384,364.745
256,128,1,32768,717.074
256,128,1,65536,1444.82
256,128,1,131055,2867.61
256,128,2,16,13.792
256,128,2,32,13.76
256,128,2,64,13.8347
256,128,2,128,13.7703
256,128,2,256,13.9737
256,128,2,512,18.3997
256,128,2,1024,29.152
256,128,2,2048,51.808
256,128,2,4096,96.3627
256,128,2,8192,186.517
256,128,2,16384,366.323
256,128,2,32768,725.277
256,128,2,65536,1438.62
256,128,2,131055,2862.4
256,128,4,16,14.2187
256,128,4,32,14.304
256,128,4,64,14.1227
256,128,4,128,14.2933
256,128,4,256,14.5387
256,128,4,512,19.1573
256,128,4,1024,30.133
256,128,4,2048,53.0667
256,128,4,4096,98.816
256,128,4,8192,189.972
256,128,4,16384,369.578
256,128,4,32768,728.264
256,128,4,65536,1440.15
256,128,4,131055,2875.91
256,128,8,16,16.4693
256,128,8,32,16.608
256,128,8,64,16.4693
256,128,8,128,17.9307
256,128,8,256,22.0903
256,128,8,512,28.1917
256,128,8,1024,39.0933
256,128,8,2048,62.8693
256,128,8,4096,105.856
256,128,8,8192,194.676
256,128,8,16384,380.905
256,128,8,32768,751.698
256,128,8,65536,1466.88
256,128,8,131055,2942.4
256,128,16,16,20.832
256,128,16,32,20.8107
256,128,16,64,20.9707
256,128,16,128,23.2857
256,128,16,256,25.5893
256,128,16,512,36.7043
256,128,16,1024,60.3513
256,128,16,2048,105.855
256,128,16,4096,195.786
256,128,16,8192,383.668
256,128,16,16384,756.21
256,128,16,32768,1505.66
256,128,16,65536,2976.53
256,128,16,131055,5894.87
256,128,32,16,28.3943
256,128,32,32,28.8
256,128,32,64,29.1413
256,128,32,128,34.5707
256,128,32,256,43.9893
256,128,32,512,62.3787
256,128,32,1024,96.6407
256,128,32,2048,163.701
256,128,32,4096,299.593
256,128,32,8192,592.51
256,128,32,16384,1155.38
256,128,32,32768,2295.66
256,128,32,65536,4587.01
256,128,32,131055,9063.12
256,128,64,16,42.9013
256,128,64,32,43.1787
256,128,64,64,43.84
256,128,64,128,56.3733
256,128,64,256,73.728
256,128,64,512,107.072
256,128,64,1024,176.394
256,128,64,2048,313.118
256,128,64,4096,742.248
256,128,64,8192,1491.46
256,128,64,16384,2970.45
256,128,64,32768,6056.55
256,128,64,65536,12498.8
256,128,64,131055,23835.8
256,256,0,0,16.277
256,256,1,16,16.48
256,256,1,32,16.299
256,256,1,64,16.3627
256,256,1,128,16.4907
256,256,1,256,16.3413
256,256,1,512,18.0907
256,256,1,1024,28.853
256,256,1,2048,51.5517
256,256,1,4096,95.669
256,256,1,8192,184.469
256,256,1,16384,362.559
256,256,1,32768,716.999
256,256,1,65536,1439.61
256,256,1,131055,2874.09
256,256,2,16,16.4587
256,256,2,32,16.3943
256,256,2,64,16.4373
256,256,2,128,16.512
256,256,2,256,16.363
256,256,2,512,18.624
256,256,2,1024,29.3757
256,256,2,2048,51.8293
256,256,2,4096,97.4187
256,256,2,8192,187.584
256,256,2,16384,367.092
256,256,2,32768,725.256
256,256,2,65536,1437.4
256,256,2,131055,2871.27
256,256,4,16,16.9173
256,256,4,32,17.1403
256,256,4,64,16.7787
256,256,4,128,16.7253
256,256,4,256,16.96
256,256,4,512,19.296
256,256,4,1024,30.3573
256,256,4,2048,53.365
256,256,4,4096,98.5813
256,256,4,8192,189.62
256,256,4,16384,372.019
256,256,4,32768,732.21
256,256,4,65536,1450.41
256,256,4,131055,2878.21
256,256,8,16,19.1467
256,256,8,32,19.296
256,256,8,64,19.179
256,256,8,128,19.1893
256,256,8,256,23.5413
256,256,8,512,30.8157
256,256,8,1024,42.0693
256,256,8,2048,65.8873
256,256,8,4096,109.493
256,256,8,8192,196.81
256,256,8,16384,381.162
256,256,8,32768,747.486
256,256,8,65536,1485.29
256,256,8,131055,2930.76
256,256,16,16,23.4023
256,256,16,32,23.5517
256,256,16,64,23.5837
256,256,16,128,26.2507
256,256,16,256,28.832
256,256,16,512,36.6187
256,256,16,1024,60.8
256,256,16,2048,105.664
256,256,16,4096,196.821
256,256,16,8192,384.607
256,256,16,16384,761.533
256,256,16,32768,1491.52
256,256,16,65536,2977.16
256,256,16,131055,5882.4
256,256,32,16,31.5093
256,256,32,32,31.7547
256,256,32,64,31.9997
256,256,32,128,38.688
256,256,32,256,45.1733
256,256,32,512,65.4187
256,256,32,1024,99.7123
256,256,32,2048,165.717
256,256,32,4096,300.511
256,256,32,8192,592.179
256,256,32,16384,1154.19
256,256,32,32768,2292.16
256,256,32,65536,4579.19
256,256,32,131055,9051.44
256,256,64,16,46.144
256,256,64,32,46.453
256,256,64,64,47.0827
256,256,64,128,60.234
256,256,64,256,74.7303
256,256,64,512,107.53
256,256,64,1024,176.724
256,256,64,2048,313.055
256,256,64,4096,742.61
256,256,64,8192,1492.69
256,256,64,16384,2990.23
256,256,64,32768,5968.57
256,256,64,65536,12282.1
256,256,64,131055,23783
256,512,0,0,21.7067
256,512,1,16,21.6533
256,512,1,32,21.6533
256,512,1,64,21.653
256,512,1,128,21.5677
256,512,1,256,21.8773
256,512,1,512,21.845
256,512,1,1024,29.034
256,512,1,2048,51.3703
256,512,1,4096,96.2667
256,512,1,8192,186.709
256,512,1,16384,363.571
256,512,1,32768,722.44
256,512,1,65536,1438.07
256,512,1,131055,2865.82
256,512,2,16,21.856
256,512,2,32,21.9197
256,512,2,64,21.92
256,512,2,128,21.696
256,512,2,256,21.8133
256,512,2,512,22.0693
256,512,2,1024,29.3973
256,512,2,2048,52.395
256,512,2,4096,97.813
256,512,2,8192,187.616
256,512,2,16384,367.081
256,512,2,32768,725.576
256,512,2,65536,1438.18
256,512,2,131055,2871.69
256,512,4,16,22.282
256,512,4,32,22.3463
256,512,4,64,22.1013
256,512,4,128,22.3463
256,512,4,256,22.6027
256,512,4,512,22.57
256,512,4,1024,30.4
256,512,4,2048,53.7277
256,512,4,4096,98.9973
256,512,4,8192,188.362
256,512,4,16384,370.666
256,512,4,32768,737.042
256,512,4,65536,1440.22
256,512,4,131055,2883.21
256,512,8,16,24.7463
256,512,8,32,24.4157
256,512,8,64,24.8313
256,512,8,128,24.7893
256,512,8,256,24.885
256,512,8,512,34.656
256,512,8,1024,48.277
256,512,8,2048,70.9863
256,512,8,4096,114.037
256,512,8,8192,199.604
256,512,8,16384,379.455
256,512,8,32768,739.815
256,512,8,65536,1481.01
256,512,8,131055,2955.59
256,512,16,16,28.928
256,512,16,32,28.9707
256,512,16,64,29.2267
256,512,16,128,31.8827
256,512,16,256,34.965
256,512,16,512,40.597
256,512,16,1024,60.64
256,512,16,2048,105.386
256,512,16,4096,197.077
256,512,16,8192,385.374
256,512,16,16384,755.816
256,512,16,32768,1503.81
256,512,16,65536,2957.41
256,512,16,131055,5876.62
256,512,32,16,37.568
256,512,32,32,37.8983
256,512,32,64,38.453
256,512,32,128,45.6213
256,512,32,256,52.3093
256,512,32,512,68.1387
256,512,32,1024,104.725
256,512,32,2048,171.435
256,512,32,4096,302.334
256,512,32,8192,594.91
256,512,32,16384,1160.65
256,512,32,32768,2304.65
256,512,32,65536,4585.54
256,512,32,131055,9076.73
256,512,64,16,52.4797
256,512,64,32,52.8747
256,512,64,64,53.461
256,512,64,128,66.528
256,512,64,256,80.693
256,512,64,512,108.351
256,512,64,1024,175.637
256,512,64,2048,312.254
256,512,64,4096,740.584
256,512,64,8192,1491.5
256,512,64,16384,2968.5
256,512,64,32768,6031.27
256,512,64,65536,12300
256,512,64,131055,23620
256,1024,0,0,32.1917
256,1024,1,16,32.6293
256,1024,1,32,32.5013
256,1024,1,64,32.8107
256,1024,1,128,32.3733
256,1024,1,256,32.619
256,1024,1,512,32.608
256,1024,1,1024,32.544
256,1024,1,2048,52.1277
256,1024,1,4096,96.8847
256,1024,1,8192,186.805
256,1024,1,16384,368.617
256,1024,1,32768,723.198
256,1024,1,65536,1440.69
256,1024,1,131055,2875.36
256,1024,2,16,32.5223
256,1024,2,32,32.5333
256,1024,2,64,32.6933
256,1024,2,128,32.5977
256,1024,2,256,32.7897
256,1024,2,512,32.864
256,1024,2,1024,32.9067
256,1024,2,2048,52.629
256,1024,2,4096,98.1217
256,1024,2,8192,190.229
256,1024,2,16384,370.324
256,1024,2,32768,724.788
256,1024,2,65536,1448.66
256,1024,2,131055,2874.27
256,1024,4,16,32.917
256,1024,4,32,32.885
256,1024,4,64,33.6423
256,1024,4,128,33.3117
256,1024,4,256,33.429
256,1024,4,512,33.632
256,1024,4,1024,33.568
256,1024,4,2048,53.9837
256,1024,4,4096,100.351
256,1024,4,8192,190.688
256,1024,4,16384,376.351
256,1024,4,32768,728.957
256,1024,4,65536,1460.71
256,1024,4,131055,2905.63
256,1024,8,16,35.3707
256,1024,8,32,35.488
256,1024,8,64,35.5413
256,1024,8,128,35.4027
256,1024,8,256,35.9677
256,1024,8,512,36.6077
256,1024,8,1024,58.5813
256,1024,8,2048,82.453
256,1024,8,4096,126.282
256,1024,8,8192,212.33
256,1024,8,16384,380.372
256,1024,8,32768,744.722
256,1024,8,65536,1473.36
256,1024,8,131055,2943.58
256,1024,16,16,40.0317
256,1024,16,32,40.1177
256,1024,16,64,40.0207
256,1024,16,128,43.21
256,1024,16,256,46.1333
256,1024,16,512,52.7787
256,1024,16,1024,65.4073
256,1024,16,2048,106.058
256,1024,16,4096,197.76
256,1024,16,8192,383.54
256,1024,16,16384,757.682
256,1024,16,32768,1492.8
256,1024,16,65536,2975.88
256,1024,16,131055,5890.66
256,1024,32,16,48.5333
256,1024,32,32,48.96
256,1024,32,64,49.237
256,1024,32,128,57.344
256,1024,32,256,66.0907
256,1024,32,512,80.6507
256,1024,32,1024,113.236
256,1024,32,2048,182.165
256,1024,32,4096,313.3
256,1024,32,8192,594.088
256,1024,32,16384,1158.34
256,1024,32,32768,2296.75
256,1024,32,65536,4590.51
256,1024,32,131055,9045.89
256,1024,64,16,65.28
256,1024,64,32,65.5567
256,1024,64,64,66.752
256,1024,64,128,80.4053
256,1024,64,256,95.1457
256,1024,64,512,120.938
256,1024,64,1024,180.383
256,1024,64,2048,314.762
256,1024,64,4096,737.565
256,1024,64,8192,1495.18
256,1024,64,16384,2972.24
256,1024,64,32768,5982.47
256,1024,64,65536,12336.6
256,1024,64,131055,23841.4
256,2048,0,0,53.685
256,2048,1,16,53.9517
256,2048,1,32,53.8133
256,2048,1,64,53.7813
256,2048,1,128,54.5483
256,2048,1,256,53.749
256,2048,1,512,54.3037
256,2048,1,1024,54.1867
256,2048,1,2048,54.581
256,2048,1,4096,96.5653
256,2048,1,8192,185.567
256,2048,1,16384,365.162
256,2048,1,32768,718.696
256,2048,1,65536,1438.52
256,2048,1,131055,2874.62
256,2048,2,16,53.6107
256,2048,2,32,54.2187
256,2048,2,64,53.8237
256,2048,2,128,53.738
256,2048,2,256,54.0477
256,2048,2,512,54.2503
256,2048,2,1024,54.88
256,2048,2,2048,55.5087
256,2048,2,4096,97.6317
256,2048,2,8192,188.341
256,2048,2,16384,368.532
256,2048,2,32768,726.398
256,2048,2,65536,1438.88
256,2048,2,131055,2867.44
256,2048,4,16,54.592
256,2048,4,32,54.464
256,2048,4,64,54.5067
256,2048,4,128,54.336
256,2048,4,256,54.7517
256,2048,4,512,55.6153
256,2048,4,1024,56.053
256,2048,4,2048,56.277
256,2048,4,4096,99.7223
256,2048,4,8192,188.981
256,2048,4,16384,374.58
256,2048,4,32768,730.28
256,2048,4,65536,1451.43
256,2048,4,131055,2887.7
256,2048,8,16,56.3307
256,2048,8,32,56.6927
256,2048,8,64,56.9063
256,2048,8,128,57.3113
256,2048,8,256,57.632
256,2048,8,512,58.4103
256,2048,8,1024,60.1063
256,2048,8,2048,102.496
256,2048,8,4096,148.085
256,2048,8,8192,232.51
256,2048,8,16384,407.326
256,2048,8,32768,746.483
256,2048,8,65536,1474.84
256,2048,8,131055,2933.98
256,2048,16,16,60.7253
256,2048,16,32,61.4827
256,2048,16,64,61.354
256,2048,16,128,63.999
256,2048,16,256,67.6573
256,2048,16,512,74.1653
256,2048,16,1024,86.4957
256,2048,16,2048,109.408
256,2048,16,4096,195.679
256,2048,16,8192,379.209
256,2048,16,16384,755.164
256,2048,16,32768,1493.62
256,2048,16,65536,2964.71
256,2048,16,131055,5883.42
256,2048,32,16,70.229
256,2048,32,32,70.613
256,2048,32,64,70.4743
256,2048,32,128,79.2317
256,2048,32,256,88.0527
256,2048,32,512,105.237
256,2048,32,1024,137.461
256,2048,32,2048,202.196
256,2048,32,4096,335.071
256,2048,32,8192,597.789
256,2048,32,16384,1163.96
256,2048,32,32768,2298.56
256,2048,32,65536,4582
256,2048,32,131055,9041.33
256,2048,64,16,87.21
256,2048,64,32,87.3807
256,2048,64,64,88.5007
256,2048,64,128,104.703
256,2048,64,256,120.48
256,2048,64,512,145.738
256,2048,64,1024,203.338
256,2048,64,2048,317.418
256,2048,64,4096,737.554
256,2048,64,8192,1499.5
256,2048,64,16384,2993.05
256,2048,64,32768,6103.72
256,2048,64,65536,12240
256,2048,64,131055,24107
256,4096,0,0,97.8877
256,4096,1,16,97.93
256,4096,1,32,98.1863
256,4096,1,64,97.4607
256,4096,1,128,98.4537
256,4096,1,256,98.197
256,4096,1,512,98.1227
256,4096,1,1024,98.421
256,4096,1,2048,98.0903
256,4096,1,4096,97.9193
256,4096,1,8192,187.017
256,4096,1,16384,363.753
256,4096,1,32768,722.823
256,4096,1,65536,1438.12
256,4096,1,131055,2868.44
256,4096,2,16,97.824
256,4096,2,32,97.9733
256,4096,2,64,98.0473
256,4096,2,128,97.621
256,4096,2,256,97.7803
256,4096,2,512,98.2927
256,4096,2,1024,98.485
256,4096,2,2048,98.7627
256,4096,2,4096,99.669
256,4096,2,8192,189.109
256,4096,2,16384,370.11
256,4096,2,32768,729.587
256,4096,2,65536,1447.75
256,4096,2,131055,2871.37
256,4096,4,16,97.5677
256,4096,4,32,97.77
256,4096,4,64,98.6347
256,4096,4,128,98.0263
256,4096,4,256,98.5913
256,4096,4,512,98.5707
256,4096,4,1024,99.7437
256,4096,4,2048,100.351
256,4096,4,4096,101.184
256,4096,4,8192,190.975
256,4096,4,16384,374.719
256,4096,4,32768,738.727
256,4096,4,65536,1453.18
256,4096,4,131055,2898.85
256,4096,8,16,99.626
256,4096,8,32,99.4447
256,4096,8,64,98.8477
256,4096,8,128,99.8077
256,4096,8,256,101.429
256,4096,8,512,101.888
256,4096,8,1024,102.986
256,4096,8,2048,105.034
256,4096,8,4096,190.837
256,4096,8,8192,279.669
256,4096,8,16384,452.297
256,4096,8,32768,795.176
256,4096,8,65536,1492.66
256,4096,8,131055,2932.67
256,4096,16,16,103.274
256,4096,16,32,103.467
256,4096,16,64,104.597
256,4096,16,128,107.67
256,4096,16,256,110.229
256,4096,16,512,116.896
256,4096,16,1024,129.162
256,4096,16,2048,153.333
256,4096,16,4096,201.023
256,4096,16,8192,378.208
256,4096,16,16384,760.637
256,4096,16,32768,1504.15
256,4096,16,65536,2970.64
256,4096,16,131055,5904.21
256,4096,32,16,112.629
256,4096,32,32,112.735
256,4096,32,64,113.418
256,4096,32,128,121.535
256,4096,32,256,130.89
256,4096,32,512,147.093
256,4096,32,1024,182.037
256,4096,32,2048,247.402
256,4096,32,4096,386.504
256,4096,32,8192,747.965
256,4096,32,16384,1442.62
256,4096,32,32768,2666.42
256,4096,32,65536,5603.87
256,4096,32,131055,11211.5
256,4096,64,16,130.453
256,4096,64,32,130.143
256,4096,64,64,131.776
256,4096,64,128,146.645
256,4096,64,256,164.404
256,4096,64,512,197.951
256,4096,64,1024,252.618
256,4096,64,2048,364.361
256,4096,64,4096,776.295
256,4096,64,8192,1784.77
256,4096,64,16384,3733.49
256,4096,64,32768,7405.9
256,4096,64,65536,14423.4
256,4096,64,131055,27942.4
256,8192,0,0,188.724
256,8192,1,16,188.671
256,8192,1,32,188.767
256,8192,1,64,189.183
256,8192,1,128,188.949
256,8192,1,256,189.183
256,8192,1,512,187.381
256,8192,1,1024,189.247
256,8192,1,2048,188.618
256,8192,1,4096,189.673
256,8192,1,8192,189.322
256,8192,1,16384,366.345
256,8192,1,32768,725.33
256,8192,1,65536,1445.78
256,8192,1,131055,2869
256,8192,2,16,188.565
256,8192,2,32,189.194
256,8192,2,64,187.904
256,8192,2,128,187.946
256,8192,2,256,189.482
256,8192,2,512,189.514
256,8192,2,1024,189.834
256,8192,2,2048,189.204
256,8192,2,4096,189.503
256,8192,2,8192,189.93
256,8192,2,16384,371.263
256,8192,2,32768,732.105
256,8192,2,65536,1459.28
256,8192,2,131055,2906.78
256,8192,4,16,188.788
256,8192,4,32,187.935
256,8192,4,64,187.797
256,8192,4,128,189.536
256,8192,4,256,189.3
256,8192,4,512,189.524
256,8192,4,1024,190.389
256,8192,4,2048,191.103
256,8192,4,4096,192.725
256,8192,4,8192,192.778
256,8192,4,16384,376.829
256,8192,4,32768,741.479
256,8192,4,65536,1461.41
256,8192,4,131055,2900.28
256,8192,8,16,188.319
256,8192,8,32,188.405
256,8192,8,64,187.626
256,8192,8,128,188.853
256,8192,8,256,188.895
256,8192,8,512,190.122
256,8192,8,1024,190.975
256,8192,8,2048,192.383
256,8192,8,4096,195.028
256,8192,8,8192,372.371
256,8192,8,16384,564.104
256,8192,8,32768,929.842
256,8192,8,65536,1678.2
256,8192,8,131055,3137.65
256,8192,16,16,191.359
256,8192,16,32,188.415
256,8192,16,64,190.879
256,8192,16,128,193.396
256,8192,16,256,196.34
256,8192,16,512,203.476
256,8192,16,1024,213.824
256,8192,16,2048,238.494
256,8192,16,4096,288.991
256,8192,16,8192,390.206
256,8192,16,16384,760.082
256,8192,16,32768,1527.12
256,8192,16,65536,3053.35
256,8192,16,131055,6094.1
256,8192,32,16,198.218
256,8192,32,32,197.311
256,8192,32,64,197.738
256,8192,32,128,205.407
256,8192,32,256,215.22
256,8192,32,512,232.212
256,8192,32,1024,266.953
256,8192,32,2048,334.633
256,8192,32,4096,477.257
256,8192,32,8192,770.354
256,8192,32,16384,1532.39
256,8192,32,32768,3005.29
256,8192,32,65536,5802.79
256,8192,32,131055,11521.3
256,8192,64,16,215.37
256,8192,64,32,212.98
256,8192,64,64,214.527
256,8192,64,128,230.516
256,8192,64,256,247.978
256,8192,64,512,282.111
256,8192,64,1024,352.479
256,8192,64,2048,479.987
256,8192,64,4096,857.576
256,8192,64,8192,1546.68
256,8192,64,16384,3717.24
256,8192,64,32768,7774.86
256,8192,64,65536,14985.7
256,8192,64,131055,30324.2
256,16384,0,0,369.268
256,16384,1,16,368.116
256,16384,1,32,367.561
256,16384,1,64,368.98
256,16384,1,128,368.03
256,16384,1,256,367.38
256,16384,1,512,368.234
256,16384,1,1024,368.382
256,16384,1,2048,367.795
256,16384,1,4096,369.278
256,16384,1,8192,368.5
256,16384,1,16384,368.233
256,16384,1,32768,726.334
256,16384,1,65536,1440.53
256,16384,1,131055,2882.62
256,16384,2,16,367.732
256,16384,2,32,367.262
256,16384,2,64,367.763
256,16384,2,128,368.084
256,16384,2,256,370.612
256,16384,2,512,368.201
256,16384,2,1024,368.33
256,16384,2,2048,369.385
256,16384,2,4096,370.28
256,16384,2,8192,368.522
256,16384,2,16384,371.561
256,16384,2,32768,730.973
256,16384,2,65536,1444.92
256,16384,2,131055,2895.27
256,16384,4,16,367.048
256,16384,4,32,368.533
256,16384,4,64,369.993
256,16384,4,128,366.633
256,16384,4,256,367.912
256,16384,4,512,367.721
256,16384,4,1024,368.308
256,16384,4,2048,370.942
256,16384,4,4096,371.123
256,16384,4,8192,369.726
256,16384,4,16384,376.372
256,16384,4,32768,736.786
256,16384,4,65536,1458.4
256,16384,4,131055,2897.91
256,16384,8,16,366.356
256,16384,8,32,367.625
256,16384,8,64,367.625
256,16384,8,128,368.575
256,16384,8,256,368.574
256,16384,8,512,371.113
256,16384,8,1024,371.348
256,16384,8,2048,372.671
256,16384,8,4096,375.06
256,16384,8,8192,382.612
256,16384,8,16384,742.13
256,16384,8,32768,1121.15
256,16384,8,65536,1859.39
256,16384,8,131055,3340.66
256,16384,16,16,367.593
256,16384,16,32,368.19
256,16384,16,64,366.356
256,16384,16,128,369.278
256,16384,16,256,369.524
256,16384,16,512,374.335
256,16384,16,1024,385.908
256,16384,16,2048,411.199
256,16384,16,4096,459.465
256,16384,16,8192,563.912
256,16384,16,16384,760.456
256,16384,16,32768,1510.13
256,16384,16,65536,3039.32
256,16384,16,131055,6085.85
256,16384,32,16,369.406
256,16384,32,32,369.043
256,16384,32,64,370.089
256,16384,32,128,379.454
256,16384,32,256,390.163
256,16384,32,512,404.638
256,16384,32,1024,439.443
256,16384,32,2048,505.437
256,16384,32,4096,651.122
256,16384,32,8192,947.804
256,16384,32,16384,1510.64
256,16384,32,32768,3062.53
256,16384,32,65536,5971.38
256,16384,32,131055,11762.7
256,16384,64,16,385.193
256,16384,64,32,387.699
256,16384,64,64,389.332
256,16384,64,128,402.654
256,16384,64,256,421.374
256,16384,64,512,458.036
256,16384,64,1024,523.283
256,16384,64,2048,661.213
256,16384,64,4096,1059.4
256,16384,64,8192,1706.62
256,16384,64,16384,3067.66
256,16384,64,32768,7844.69
256,16384,64,65536,15095.1
256,16384,64,131055,29961.8
256,32768,0,0,729.042
256,32768,1,16,728.018
256,32768,1,32,726.323
256,32768,1,64,728.371
256,32768,1,128,725.468
256,32768,1,256,724.796
256,32768,1,512,725.703
256,32768,1,1024,729.223
256,32768,1,2048,728.979
256,32768,1,4096,723.655
256,32768,1,8192,724.381
256,32768,1,16384,725.671
256,32768,1,32768,725.831
256,32768,1,65536,1446.68
256,32768,1,131055,2878.08
256,32768,2,16,726.685
256,32768,2,32,726.696
256,32768,2,64,730.493
256,32768,2,128,731.357
256,32768,2,256,724.871
256,32768,2,512,730.6
256,32768,2,1024,728.626
256,32768,2,2048,733.798
256,32768,2,4096,727.784
256,32768,2,8192,730.684
256,32768,2,16384,726.781
256,32768,2,32768,735.559
256,32768,2,65536,1452.72
256,32768,2,131055,2882.17
256,32768,4,16,722.771
256,32768,4,32,731.603
256,32768,4,64,724.701
256,32768,4,128,728.403
256,32768,4,256,724.232
256,32768,4,512,726.621
256,32768,4,1024,727.709
256,32768,4,2048,733.181
256,32768,4,4096,729.457
256,32768,4,8192,735.698
256,32768,4,16384,730.279
256,32768,4,32768,742.279
256,32768,4,65536,1457.31
256,32768,4,131055,2897.95
256,32768,8,16,732.155
256,32768,8,32,728.285
256,32768,8,64,723.966
256,32768,8,128,722.696
256,32768,8,256,725.063
256,32768,8,512,727.795
256,32768,8,1024,726.866
256,32768,8,2048,730.044
256,32768,8,4096,740.605
256,32768,8,8192,744.925
256,32768,8,16384,749.736
256,32768,8,32768,1485.79
256,32768,8,65536,2226.97
256,32768,8,131055,3702.48
256,32768,16,16,723.794
256,32768,16,32,722.312
256,32768,16,64,723.026
256,32768,16,128,728.008
256,32768,16,256,726.556
256,32768,16,512,729.362
256,32768,16,1024,731.219
256,32768,16,2048,751.762
256,32768,16,4096,802.428
256,32768,16,8192,900.764
256,32768,16,16384,1116.19
256,32768,16,32768,1503.16
256,32768,16,65536,3002.84
256,32768,16,131055,6037.14
256,32768,32,16,725.937
256,32768,32,32,724.327
256,32768,32,64,726.109
256,32768,32,128,729.521
256,32768,32,256,731.667
256,32768,32,512,735.741
256,32768,32,1024,774.716
256,32768,32,2048,849.469
256,32768,32,4096,997.33
256,32768,32,8192,1314.13
256,32768,32,16384,1876.71
256,32768,32,32768,3015.76
256,32768,32,65536,6217.07
256,32768,32,131055,12111
256,32768,64,16,723.112
256,32768,64,32,726.526
256,32768,64,64,722.419
256,32768,64,128,739.72
256,32768,64,256,757.405
256,32768,64,512,792.86
256,32768,64,1024,866.397
256,32768,64,2048,995.133
256,32768,64,4096,1392.07
256,32768,64,8192,2139.16
256,32768,64,16384,3442.42
256,32768,64,32768,6268.24
256,32768,64,65536,15165.8
256,32768,64,131055,30407
256,65536,0,0,1460.71
256,65536,1,16,1450.48
256,65536,1,32,1449.74
256,65536,1,64,1449.03
256,65536,1,128,1448.33
256,65536,1,256,1448.59
256,65536,1,512,1451.73
256,65536,1,1024,1448.67
256,65536,1,2048,1448.04
256,65536,1,4096,1453.05
256,65536,1,8192,1452.68
256,65536,1,16384,1452.32
256,65536,1,32768,1445.01
256,65536,1,65536,1447.26
256,65536,1,131055,2880.83
256,65536,2,16,1455.27
256,65536,2,32,1454.67
256,65536,2,64,1455.98
256,65536,2,128,1455.69
256,65536,2,256,1453.49
256,65536,2,512,1451.2
256,65536,2,1024,1453.34
256,65536,2,2048,1452.05
256,65536,2,4096,1449.83
256,65536,2,8192,1450.53
256,65536,2,16384,1450.14
256,65536,2,32768,1447.14
256,65536,2,65536,1447.67
256,65536,2,131055,2888.55
256,65536,4,16,1444.32
256,65536,4,32,1445.97
256,65536,4,64,1452.83
256,65536,4,128,1444.61
256,65536,4,256,1450.81
256,65536,4,512,1446.99
256,65536,4,1024,1453.39
256,65536,4,2048,1447.66
256,65536,4,4096,1452.48
256,65536,4,8192,1456.85
256,65536,4,16384,1457.7
256,65536,4,32768,1453.7
256,65536,4,65536,1467.84
256,65536,4,131055,2892.61
256,65536,8,16,1454.36
256,65536,8,32,1452.59
256,65536,8,64,1449.71
256,65536,8,128,1452.53
256,65536,8,256,1450.49
256,65536,8,512,1458.7
256,65536,8,1024,1458.12
256,65536,8,2048,1449.22
256,65536,8,4096,1464.38
256,65536,8,8192,1469.59
256,65536,8,16384,1463.97
256,65536,8,32768,1486.84
256,65536,8,65536,2951.53
256,65536,8,131055,4427.36
256,65536,16,16,1446.56
256,65536,16,32,1456.98
256,65536,16,64,1445.24
256,65536,16,128,1449.65
256,65536,16,256,1452.75
256,65536,16,512,1447.39
256,65536,16,1024,1454.86
256,65536,16,2048,1468.75
256,65536,16,4096,1506.36
256,65536,16,8192,1585.1
256,65536,16,16384,1799.4
256,65536,16,32768,2213.48
256,65536,16,65536,2981.26
256,65536,16,131055,5965.75
256,65536,32,16,1456.1
256,65536,32,32,1443.23
256,65536,32,64,1456.04
256,65536,32,128,1445.81
256,65536,32,256,1451.94
256,65536,32,512,1449.47
256,65536,32,1024,1461.67
256,65536,32,2048,1546.82
256,65536,32,4096,1675.29
256,65536,32,8192,1994.02
256,65536,32,16384,2566.16
256,65536,32,32768,3761.18
256,65536,32,65536,6148.25
256,65536,32,131055,12309
256,65536,64,16,1443.66
256,65536,64,32,1443.64
256,65536,64,64,1449.43
256,65536,64,128,1446.11
256,65536,64,256,1461.95
256,65536,64,512,1496.73
256,65536,64,1024,1539.23
256,65536,64,2048,1680.33
256,65536,64,4096,2069.14
256,65536,64,8192,2807.85
256,65536,64,16384,4296.07
256,65536,64,32768,7417.83
256,65536,64,65536,13103.8
256,65536,64,131055,30550.1
512,0,0,0,17.8133
512,0,1,16,18.2507
512,0,1,32,18.24
512,0,1,64,18.101
512,0,1,128,18.2827
512,0,1,256,18.4217
512,0,1,512,19.915
512,0,1,1024,30.7733
512,0,1,2048,52.5223
512,0,1,4096,97.6747
512,0,1,8192,186.57
512,0,1,16384,367.188
512,0,1,32768,727.249
512,0,1,65536,1447
512,0,1,131055,2873.18
512,0,2,16,18.5063
512,0,2,32,18.5277
512,0,2,64,18.464
512,0,2,128,18.5387
512,0,2,256,18.6663
512,0,2,512,20.7573
512,0,2,1024,31.264
512,0,2,2048,53.3543
512,0,2,4096,98.2823
512,0,2,8192,189.174
512,0,2,16384,371.977
512,0,2,32768,735.806
512,0,2,65536,1445.97
512,0,2,131055,2878.52
512,0,4,16,20.768
512,0,4,32,21.0347
512,0,4,64,20.8963
512,0,4,128,21.0767
512,0,4,256,21.0027
512,0,4,512,25.4507
512,0,4,1024,36.427
512,0,4,2048,58.2827
512,0,4,4096,101.13
512,0,4,8192,190.261
512,0,4,16384,376.468
512,0,4,32768,732.168
512,0,4,65536,1447.54
512,0,4,131055,2886.86
512,0,8,16,24.2663
512,0,8,32,24.416
512,0,8,64,24.384
512,0,8,128,26.4317
512,0,8,256,27.9463
512,0,8,512,33.6853
512,0,8,1024,45.7493
512,0,8,2048,68.341
512,0,8,4096,112.811
512,0,8,8192,198.708
512,0,8,16384,381.685
512,0,8,32768,746.024
512,0,8,65536,1466.37
512,0,8,131055,2921.9
512,0,16,16,29.45
512,0,16,32,29.4613
512,0,16,64,29.888
512,0,16,128,32.9387
512,0,16,256,35.2637
512,0,16,512,44.2027
512,0,16,1024,65.77
512,0,16,2048,109.866
512,0,16,4096,200
512,0,16,8192,383.924
512,0,16,16384,758.643
512,0,16,32768,1498.35
512,0,16,65536,2964.79
512,0,16,131055,5871.87
512,0,32,16,38.688
512,0,32,32,38.9973
512,0,32,64,39.0823
512,0,32,128,45.4613
512,0,32,256,52.5117
512,0,32,512,71.3383
512,0,32,1024,106.635
512,0,32,2048,172.874
512,0,32,4096,314.708
512,0,32,8192,605.629
512,0,32,16384,1170.67
512,0,32,32768,2306.66
512,0,32,65536,4584.56
512,0,32,131055,9074.68
512,0,64,16,56.746
512,0,64,32,57.205
512,0,64,64,58.1117
512,0,64,128,71.0187
512,0,64,256,86.623
512,0,64,512,120.256
512,0,64,1024,188.628
512,0,64,2048,325.268
512,0,64,4096,754.152
512,0,64,8192,1502.37
512,0,64,16384,2987.09
512,0,64,32768,6020.81
512,0,64,65536,12054.2
512,0,64,131055,23674.3
512,16,0,0,19.7013
512,16,1,16,20.4903
512,16,1,32,20.213
512,16,1,64,20.6187
512,16,1,128,20.352
512,16,1,256,20.8107
512,16,1,512,20.4477
512,16,1,1024,30.773
512,16,1,2048,52.8957
512,16,1,4096,98.2717
512,16,1,8192,187.177
512,16,1,16384,363.583
512,16,1,32768,727.698
512,16,1,65536,1445.81
512,16,1,131055,2886.14
512,16,2,16,20.7467
512,16,2,32,20.6723
512,16,2,64,20.8317
512,16,2,128,21.1193
512,16,2,256,20.7893
512,16,2,512,21.0237
512,16,2,1024,31.2853
512,16,2,2048,53.3547
512,16,2,4096,99.0177
512,16,2,8192,188.287
512,16,2,16384,368.926
512,16,2,32768,726.354
512,16,2,65536,1447.31
512,16,2,131055,2884.18
512,16,4,16,22.9333
512,16,4,32,22.9227
512,16,4,64,23.0503
512,16,4,128,23.1143
512,16,4,256,23.403
512,16,4,512,26.1547
512,16,4,1024,37.0773
512,16,4,2048,58.8687
512,16,4,4096,102.016
512,16,4,8192,191.018
512,16,4,16384,373.545
512,16,4,32768,737.159
512,16,4,65536,1451.69
512,16,4,131055,2897.75
512,16,8,16,26.9227
512,16,8,32,26.752
512,16,8,64,26.7947
512,16,8,128,28.4157
512,16,8,256,30.922
512,16,8,512,34.7623
512,16,8,1024,46.496
512,16,8,2048,69.621
512,16,8,4096,113.674
512,16,8,8192,198.9
512,16,8,16384,379.891
512,16,8,32768,745.683
512,16,8,65536,1474.78
512,16,8,131055,2922.69
512,16,16,16,32.1487
512,16,16,32,32.373
512,16,16,64,32.3733
512,16,16,128,35.3603
512,16,16,256,37.8983
512,16,16,512,45.3653
512,16,16,1024,66.6027
512,16,16,2048,109.493
512,16,16,4096,199.551
512,16,16,8192,384.329
512,16,16,16384,757.586
512,16,16,32768,1497.56
512,16,16,65536,2968.5
512,16,16,131055,5884.83
512,16,32,16,41.504
512,16,32,32,41.525
512,16,32,64,42.1013
512,16,32,128,48.427
512,16,32,256,55.3387
512,16,32,512,72.1063
512,16,32,1024,108.267
512,16,32,2048,174.996
512,16,32,4096,317.407
512,16,32,8192,603.922
512,16,32,16384,1165.61
512,16,32,32768,2298.96
512,16,32,65536,4575.1
512,16,32,131055,9060.07
512,16,64,16,59.9783
512,16,64,32,60.5867
512,16,64,64,61.2903
512,16,64,128,74.2607
512,16,64,256,89.013
512,16,64,512,122.037
512,16,64,1024,190.602
512,16,64,2048,326.793
512,16,64,4096,753.362
512,16,64,8192,1502.12
512,16,64,16384,2975.28
512,16,64,32768,5985.63
512,16,64,65536,12180.5
512,16,64,131055,23704.3
512,32,0,0,19.947
512,32,1,16,20.8207
512,32,1,32,20.7037
512,32,1,64,20.4377
512,32,1,128,20.81
512,32,1,256,20.4693
512,32,1,512,20.5013
512,32,1,1024,30.816
512,32,1,2048,52.693
512,32,1,4096,97.546
512,32,1,8192,187.487
512,32,1,16384,366.037
512,32,1,32768,732.156
512,32,1,65536,1448.9
512,32,1,131055,2880.95
512,32,2,16,21.003
512,32,2,32,21.0023
512,32,2,64,20.8
512,32,2,128,20.853
512,32,2,256,21.045
512,32,2,512,20.896
512,32,2,1024,31.573
512,32,2,2048,53.4293
512,32,2,4096,98.2927
512,32,2,8192,189.663
512,32,2,16384,370.079
512,32,2,32768,732.765
512,32,2,65536,1447.44
512,32,2,131055,2876.42
512,32,4,16,23.0077
512,32,4,32,22.859
512,32,4,64,22.901
512,32,4,128,23.4457
512,32,4,256,23.2747
512,32,4,512,26.3253
512,32,4,1024,36.864
512,32,4,2048,58.6987
512,32,4,4096,102.005
512,32,4,8192,191.572
512,32,4,16384,375.081
512,32,4,32768,735.133
512,32,4,65536,1447.11
512,32,4,131055,2891.59
512,32,8,16,26.944
512,32,8,32,26.8477
512,32,8,64,26.9657
512,32,8,128,28.8533
512,32,8,256,31.0823
512,32,8,512,34.9333
512,32,8,1024,46.7733
512,32,8,2048,69.941
512,32,8,4096,113.023
512,32,8,8192,198.921
512,32,8,16384,380.201
512,32,8,32768,743.571
512,32,8,65536,1473.98
512,32,8,131055,2932.82
512,32,16,16,32.128
512,32,16,32,32.352
512,32,16,64,32.352
512,32,16,128,35.6693
512,32,16,256,38.3353
512,32,16,512,45.376
512,32,16,1024,66.3893
512,32,16,2048,109.493
512,32,16,4096,199.072
512,32,16,8192,384.862
512,32,16,16384,761.193
512,32,16,32768,1500.04
512,32,16,65536,2970.56
512,32,16,131055,5890.86
512,32,32,16,41.632
512,32,32,32,41.7707
512,32,32,64,42.3467
512,32,32,128,48.629
512,32,32,256,55.349
512,32,32,512,71.9783
512,32,32,1024,108.191
512,32,32,2048,174.933
512,32,32,4096,316.159
512,32,32,8192,600.968
512,32,32,16384,1165.86
512,32,32,32768,2310.16
512,32,32,65536,4575.63
512,32,32,131055,9075.62
512,32,64,16,59.8397
512,32,64,32,60.2343
512,32,64,64,61.3007
512,32,64,128,74.0373
512,32,64,256,88.2767
512,32,64,512,120.757
512,32,64,1024,189.045
512,32,64,2048,326.239
512,32,64,4096,753.874
512,32,64,8192,1500.3
512,32,64,16384,2977.84
512,32,64,32768,5970.37
512,32,64,65536,12066.8
512,32,64,131055,23728.2
512,64,0,0,20.128
512,64,1,16,20.7363
512,64,1,32,20.6187
512,64,1,64,20.5757
512,64,1,128,20.7143
512,64,1,256,20.693
512,64,1,512,20.6403
512,64,1,1024,30.6347
512,64,1,2048,52.9703
512,64,1,4096,97.8347
512,64,1,8192,186.773
512,64,1,16384,364.159
512,64,1,32768,721.139
512,64,1,65536,1443.01
512,64,1,131055,2870.75
512,64,2,16,21.0663
512,64,2,32,20.9383
512,64,2,64,20.715
512,64,2,128,20.821
512,64,2,256,21.0453
512,64,2,512,20.96
512,64,2,1024,31.3703
512,64,2,2048,53.5463
512,64,2,4096,98.7093
512,64,2,8192,188.575
512,64,2,16384,370.27
512,64,2,32768,726.46
512,64,2,65536,1445.03
512,64,2,131055,2875.52
512,64,4,16,23.3817
512,64,4,32,23.4453
512,64,4,64,23.2207
512,64,4,128,23.3383
512,64,4,256,23.4883
512,64,4,512,26.325
512,64,4,1024,36.789
512,64,4,2048,58.8373
512,64,4,4096,102.73
512,64,4,8192,191.551
512,64,4,16384,373.502
512,64,4,32768,734.525
512,64,4,65536,1451.03
512,64,4,131055,2884.53
512,64,8,16,27.0077
512,64,8,32,27.0293
512,64,8,64,27.051
512,64,8,128,28.7897
512,64,8,256,31.029
512,64,8,512,34.666
512,64,8,1024,46.901
512,64,8,2048,69.8877
512,64,8,4096,113.504
512,64,8,8192,199.242
512,64,8,16384,382.623
512,64,8,32768,743.005
512,64,8,65536,1467.69
512,64,8,131055,2917.52
512,64,16,16,32.4267
512,64,16,32,32.234
512,64,16,64,32.5223
512,64,16,128,35.8927
512,64,16,256,38.2293
512,64,16,512,45.3333
512,64,16,1024,66.059
512,64,16,2048,109.525
512,64,16,4096,199.508
512,64,16,8192,383.123
512,64,16,16384,757.523
512,64,16,32768,1498.5
512,64,16,65536,2967.46
512,64,16,131055,5892.17
512,64,32,16,41.696
512,64,32,32,41.8983
512,64,32,64,42.5707
512,64,32,128,48.437
512,64,32,256,55.8183
512,64,32,512,73.3007
512,64,32,1024,108.725
512,64,32,2048,175.786
512,64,32,4096,316.575
512,64,32,8192,604.616
512,64,32,16384,1169.14
512,64,32,32768,2300.24
512,64,32,65536,4603.45
512,64,32,131055,9075.39
512,64,64,16,60.3413
512,64,64,32,60.4157
512,64,64,64,61.109
512,64,64,128,74.08
512,64,64,256,88.01
512,64,64,512,121.184
512,64,64,1024,189.258
512,64,64,2048,324.628
512,64,64,4096,753.277
512,64,64,8192,1500.83
512,64,64,16384,2975.57
512,64,64,32768,6006.66
512,64,64,65536,12215.4
512,64,64,131055,23904.6
512,128,0,0,20.384
512,128,1,16,20.853
512,128,1,32,21.0563
512,128,1,64,21.205
512,128,1,128,21.2587
512,128,1,256,21.0663
512,128,1,512,21.1197
512,128,1,1024,31.1463
512,128,1,2048,53.0667
512,128,1,4096,97.5357
512,128,1,8192,187.999
512,128,1,16384,363.401
512,128,1,32768,722.461
512,128,1,65536,1451.76
512,128,1,131055,2866.9
512,128,2,16,21.3757
512,128,2,32,21.3867
512,128,2,64,21.3437
512,128,2,128,21.2907
512,128,2,256,21.6533
512,128,2,512,21.4827
512,128,2,1024,31.6267
512,128,2,2048,53.7917
512,128,2,4096,99.274
512,128,2,8192,189.343
512,128,2,16384,369.492
512,128,2,32768,732.636
512,128,2,65536,1439.97
512,128,2,131055,2882.21
512,128,4,16,23.6373
512,128,4,32,23.392
512,128,4,64,23.7333
512,128,4,128,23.7547
512,128,4,256,23.8713
512,128,4,512,28.6507
512,128,4,1024,39.7123
512,128,4,2048,61.461
512,128,4,4096,104.64
512,128,4,8192,191.402
512,128,4,16384,377.587
512,128,4,32768,733.725
512,128,4,65536,1457.93
512,128,4,131055,2897.8
512,128,8,16,27.552
512,128,8,32,27.5517
512,128,8,64,27.648
512,128,8,128,29.7387
512,128,8,256,31.7867
512,128,8,512,35.7653
512,128,8,1024,48.4583
512,128,8,2048,71.5303
512,128,8,4096,115.093
512,128,8,8192,200.895
512,128,8,16384,382.42
512,128,8,32768,740.808
512,128,8,65536,1473.33
512,128,8,131055,2928.22
512,128,16,16,33.1733
512,128,16,32,33.3437
512,128,16,64,33.5143
512,128,16,128,36.8217
512,128,16,256,39.8293
512,128,16,512,47.029
512,128,16,1024,67.1997
512,128,16,2048,109.578
512,128,16,4096,199.583
512,128,16,8192,383.85
512,128,16,16384,758.323
512,128,16,32768,1495.46
512,128,16,65536,2970.9
512,128,16,131055,5893.45
512,128,32,16,42.912
512,128,32,32,43.0293
512,128,32,64,43.3173
512,128,32,128,49.7173
512,128,32,256,56.8107
512,128,32,512,72.693
512,128,32,1024,109.611
512,128,32,2048,175.637
512,128,32,4096,317.535
512,128,32,8192,605.875
512,128,32,16384,1166.27
512,128,32,32768,2308.27
512,128,32,65536,4582.27
512,128,32,131055,9073.8
512,128,64,16,61.3117
512,128,64,32,61.4613
512,128,64,64,62.5597
512,128,64,128,75.2
512,128,64,256,89.7487
512,128,64,512,122.271
512,128,64,1024,190.282
512,128,64,2048,325.31
512,128,64,4096,755.742
512,128,64,8192,1503.4
512,128,64,16384,2981.31
512,128,64,32768,6037.8
512,128,64,65536,12321.6
512,128,64,131055,23919
512,256,0,0,23.4023
512,256,1,16,23.723
512,256,1,32,23.4987
512,256,1,64,23.8717
512,256,1,128,23.7863
512,256,1,256,23.584
512,256,1,512,23.8933
512,256,1,1024,30.8157
512,256,1,2048,53.4183
512,256,1,4096,98.8263
512,256,1,8192,188.244
512,256,1,16384,367.519
512,256,1,32768,723.134
512,256,1,65536,1440.02
512,256,1,131055,2870.21
512,256,2,16,24.096
512,256,2,32,23.893
512,256,2,64,23.9147
512,256,2,128,24.0853
512,256,2,256,24.128
512,256,2,512,24.2133
512,256,2,1024,31.552
512,256,2,2048,54.0047
512,256,2,4096,99.4987
512,256,2,8192,190.474
512,256,2,16384,372.874
512,256,2,32768,734.237
512,256,2,65536,1450.54
512,256,2,131055,2877.13
512,256,4,16,26.336
512,256,4,32,26.453
512,256,4,64,26.496
512,256,4,128,26.5813
512,256,4,256,26.795
512,256,4,512,31.669
512,256,4,1024,43.0503
512,256,4,2048,64.6503
512,256,4,4096,107.338
512,256,4,8192,191.156
512,256,4,16384,378.377
512,256,4,32768,736.361
512,256,4,65536,1451.46
512,256,4,131055,2884.15
512,256,8,16,30.528
512,256,8,32,30.2933
512,256,8,64,30.709
512,256,8,128,33.109
512,256,8,256,35.552
512,256,8,512,39.6157
512,256,8,1024,51.445
512,256,8,2048,74.3567
512,256,8,4096,118.26
512,256,8,8192,203.295
512,256,8,16384,379.807
512,256,8,32768,744.061
512,256,8,65536,1471.67
512,256,8,131055,2923.63
512,256,16,16,36.5973
512,256,16,32,36.9173
512,256,16,64,37.0877
512,256,16,128,40.6287
512,256,16,256,44.352
512,256,16,512,50.1973
512,256,16,1024,68.896
512,256,16,2048,110.026
512,256,16,4096,200.404
512,256,16,8192,384.201
512,256,16,16384,756.658
512,256,16,32768,1488.95
512,256,16,65536,2974.38
512,256,16,131055,5881.82
512,256,32,16,46.859
512,256,32,32,46.7943
512,256,32,64,47.424
512,256,32,128,53.28
512,256,32,256,61.098
512,256,32,512,75.4027
512,256,32,1024,112.65
512,256,32,2048,179.071
512,256,32,4096,319.849
512,256,32,8192,602.803
512,256,32,16384,1168.07
512,256,32,32768,2303.95
512,256,32,65536,4589.64
512,256,32,131055,9060.83
512,256,64,16,65.3017
512,256,64,32,65.5673
512,256,64,64,65.8023
512,256,64,128,79.4667
512,256,64,256,93.397
512,256,64,512,123.754
512,256,64,1024,192.725
512,256,64,2048,326.612
512,256,64,4096,754.973
512,256,64,8192,1502.82
512,256,64,16384,2978.54
512,256,64,32768,6114.44
512,256,64,65536,11937
512,256,64,131055,23744.9
512,512,0,0,28.7573
512,512,1,16,29.3653
512,512,1,32,29.461
512,512,1,64,29.354
512,512,1,128,29.3753
512,512,1,256,29.344
512,512,1,512,29.2373
512,512,1,1024,30.901
512,512,1,2048,53.8343
512,512,1,4096,98.8047
512,512,1,8192,186.901
512,512,1,16384,364.725
512,512,1,32768,720.839
512,512,1,65536,1440.63
512,512,1,131055,2872.27
512,512,2,16,29.7497
512,512,2,32,29.621
512,512,2,64,29.429
512,512,2,128,29.7707
512,512,2,256,29.6003
512,512,2,512,29.6427
512,512,2,1024,32.107
512,512,2,2048,54.4637
512,512,2,4096,100.01
512,512,2,8192,190.133
512,512,2,16384,372.531
512,512,2,32768,734.033
512,512,2,65536,1445.34
512,512,2,131055,2876.06
512,512,4,16,32
512,512,4,32,31.85
512,512,4,64,32.1597
512,512,4,128,32.4267
512,512,4,256,32.5117
512,512,4,512,36.1063
512,512,4,1024,48.618
512,512,4,2048,70.368
512,512,4,4096,113.429
512,512,4,8192,198.431
512,512,4,16384,376.788
512,512,4,32768,736.114
512,512,4,65536,1460.58
512,512,4,131055,2907.04
512,512,8,16,36.096
512,512,8,32,36.2343
512,512,8,64,36.2133
512,512,8,128,38.848
512,512,8,256,41.8667
512,512,8,512,47.0613
512,512,8,1024,57.408
512,512,8,2048,80.0743
512,512,8,4096,123.605
512,512,8,8192,209.055
512,512,8,16384,385.363
512,512,8,32768,741.789
512,512,8,65536,1468.69
512,512,8,131055,2929.08
512,512,16,16,43.4027
512,512,16,32,43.637
512,512,16,64,43.669
512,512,16,128,47.957
512,512,16,256,52.4477
512,512,16,512,56.448
512,512,16,1024,76.352
512,512,16,2048,111.114
512,512,16,4096,199.221
512,512,16,8192,384.233
512,512,16,16384,758.876
512,512,16,32768,1491.7
512,512,16,65536,2964.7
512,512,16,131055,5880.23
512,512,32,16,54.6557
512,512,32,32,54.5817
512,512,32,64,55.2107
512,512,32,128,61.877
512,512,32,256,68.874
512,512,32,512,83.3163
512,512,32,1024,116.565
512,512,32,2048,185.716
512,512,32,4096,329.396
512,512,32,8192,607.016
512,512,32,16384,1171.24
512,512,32,32768,2304.97
512,512,32,65536,4592.39
512,512,32,131055,9066.19
512,512,64,16,73.2907
512,512,64,32,73.621
512,512,64,64,74.8257
512,512,64,128,88.0633
512,512,64,256,102.751
512,512,64,512,130.229
512,512,64,1024,199.999
512,512,64,2048,332.553
512,512,64,4096,753.789
512,512,64,8192,1506.63
512,512,64,16384,2982.95
512,512,64,32768,5987.27
512,512,64,65536,12020.4
512,512,64,131055,23645.7
512,1024,0,0,39.9247
512,1024,1,16,40.4267
512,1024,1,32,40.618
512,1024,1,64,40.3623
512,1024,1,128,40.352
512,1024,1,256,40.555
512,1024,1,512,40.704
512,1024,1,1024,40.8103
512,1024,1,2048,54.2823
512,1024,1,4096,99.605
512,1024,1,8192,188.97
512,1024,1,16384,368.713
512,1024,1,32768,721.746
512,1024,1,65536,1446.91
512,1024,1,131055,2871.34
512,1024,2,16,40.7253
512,1024,2,32,40.8107
512,1024,2,64,40.9493
512,1024,2,128,40.7363
512,1024,2,256,41.0233
512,1024,2,512,41.1303
512,1024,2,1024,41.0773
512,1024,2,2048,55.1147
512,1024,2,4096,100.565
512,1024,2,8192,191.69
512,1024,2,16384,374.014
512,1024,2,32768,733.064
512,1024,2,65536,1449.33
512,1024,2,131055,2869.59
512,1024,4,16,43.1677
512,1024,4,32,43.2533
512,1024,4,64,42.805
512,1024,4,128,43.2743
512,1024,4,256,43.5837
512,1024,4,512,43.541
512,1024,4,1024,58.9653
512,1024,4,2048,82.3147
512,1024,4,4096,125.62
512,1024,4,8192,210.516
512,1024,4,16384,378.036
512,1024,4,32768,732.318
512,1024,4,65536,1449.9
512,1024,4,131055,2897.92
512,1024,8,16,47.392
512,1024,8,32,47.3493
512,1024,8,64,47.36
512,1024,8,128,49.909
512,1024,8,256,53.3437
512,1024,8,512,59.04
512,1024,8,1024,70.111
512,1024,8,2048,90.8797
512,1024,8,4096,135.178
512,1024,8,8192,221.62
512,1024,8,16384,394.963
512,1024,8,32768,747.708
512,1024,8,65536,1469.9
512,1024,8,131055,2924.88
512,1024,16,16,55.0197
512,1024,16,32,54.9227
512,1024,16,64,55.146
512,1024,16,128,60.576
512,1024,16,256,66.7947
512,1024,16,512,74.6663
512,1024,16,1024,88.511
512,1024,16,2048,120.704
512,1024,16,4096,199.999
512,1024,16,8192,382.036
512,1024,16,16384,758.92
512,1024,16,32768,1495.49
512,1024,16,65536,2963.99
512,1024,16,131055,5882.63
512,1024,32,16,68.8423
512,1024,32,32,68.7357
512,1024,32,64,69.5143
512,1024,32,128,77.408
512,1024,32,256,85.3653
512,1024,32,512,97.7063
512,1024,32,1024,128.575
512,1024,32,2048,196.255
512,1024,32,4096,337.044
512,1024,32,8192,615.677
512,1024,32,16384,1168.55
512,1024,32,32768,2308.61
512,1024,32,65536,4591.8
512,1024,32,131055,9060.84
512,1024,64,16,88.128
512,1024,64,32,89.4183
512,1024,64,64,89.909
512,1024,64,128,103.989
512,1024,64,256,119.21
512,1024,64,512,146.271
512,1024,64,1024,208.148
512,1024,64,2048,339.37
512,1024,64,4096,751.858
512,1024,64,8192,1509.71
512,1024,64,16384,2992.95
512,1024,64,32768,6081.55
512,1024,64,65536,12071
512,1024,64,131055,23751.5
512,2048,0,0,62.3567
512,2048,1,16,63.136
512,2048,1,32,62.9543
512,2048,1,64,62.9757
512,2048,1,128,62.848
512,2048,1,256,62.9223
512,2048,1,512,62.9443
512,2048,1,1024,63.445
512,2048,1,2048,63.5413
512,2048,1,4096,100.074
512,2048,1,8192,190.282
512,2048,1,16384,368.202
512,2048,1,32768,723.154
512,2048,1,65536,1448.46
512,2048,1,131055,2882.6
512,2048,2,16,63.2743
512,2048,2,32,63.8497
512,2048,2,64,63.6263
512,2048,2,128,63.1787
512,2048,2,256,63.6793
512,2048,2,512,64.213
512,2048,2,1024,64.128
512,2048,2,2048,64.97
512,2048,2,4096,101.418
512,2048,2,8192,191.956
512,2048,2,16384,371.743
512,2048,2,32768,734.419
512,2048,2,65536,1455.71
512,2048,2,131055,2872.52
512,2048,4,16,65.2907
512,2048,4,32,65.1837
512,2048,4,64,65.674
512,2048,4,128,65.3973
512,2048,4,256,66.133
512,2048,4,512,66.2187
512,2048,4,1024,67.221
512,2048,4,2048,104.79
512,2048,4,4096,147.903
512,2048,4,8192,233.972
512,2048,4,16384,398.942
512,2048,4,32768,738.782
512,2048,4,65536,1461.94
512,2048,4,131055,2896.85
512,2048,8,16,69.7703
512,2048,8,32,69.4177
512,2048,8,64,69.5997
512,2048,8,128,72.9173
512,2048,8,256,75.3703
512,2048,8,512,81.1943
512,2048,8,1024,92.8207
512,2048,8,2048,114.997
512,2048,8,4096,157.141
512,2048,8,8192,243.541
512,2048,8,16384,415.551
512,2048,8,32768,764.456
512,2048,8,65536,1470.32
512,2048,8,131055,2930.7
512,2048,16,16,76.7787
512,2048,16,32,76.5857
512,2048,16,64,76.9063
512,2048,16,128,82.8267
512,2048,16,256,88.6717
512,2048,16,512,99.7323
512,2048,16,1024,119.658
512,2048,16,2048,155.412
512,2048,16,4096,206.826
512,2048,16,8192,383.966
512,2048,16,16384,760.231
512,2048,16,32768,1497.63
512,2048,16,65536,2966.65
512,2048,16,131055,5895.12
512,2048,32,16,90.9013
512,2048,32,32,90.581
512,2048,32,64,91.4877
512,2048,32,128,103.082
512,2048,32,256,114.357
512,2048,32,512,131.061
512,2048,32,1024,152.906
512,2048,32,2048,216.863
512,2048,32,4096,357.877
512,2048,32,8192,651.923
512,2048,32,16384,1180.53
512,2048,32,32768,2327.33
512,2048,32,65536,4660.96
512,2048,32,131055,9136.43
512,2048,64,16,118.794
512,2048,64,32,118.4
512,2048,64,64,119.915
512,2048,64,128,134.57
512,2048,64,256,147.627
512,2048,64,512,176.736
512,2048,64,1024,238.857
512,2048,64,2048,361.406
512,2048,64,4096,759.442
512,2048,64,8192,1526.43
512,2048,64,16384,2996.94
512,2048,64,32768,6346.92
512,2048,64,65536,12474.8
512,2048,64,131055,23837.7
512,4096,0,0,106.218
512,4096,1,16,107.103
512,4096,1,32,107.264
512,4096,1,64,106.315
512,4096,1,128,106.687
512,4096,1,256,107.125
512,4096,1,512,106.911
512,4096,1,1024,107.723
512,4096,1,2048,108.159
512,4096,1,4096,108.106
512,4096,1,8192,191.284
512,4096,1,16384,370.975
512,4096,1,32768,730.184
512,4096,1,65536,1454.29
512,4096,1,131055,2889.11
512,4096,2,16,107.509
512,4096,2,32,107.327
512,4096,2,64,107.146
512,4096,2,128,106.933
512,4096,2,256,107.637
512,4096,2,512,108.149
512,4096,2,1024,108.074
512,4096,2,2048,108.704
512,4096,2,4096,109.791
512,4096,2,8192,193.322
512,4096,2,16384,374.921
512,4096,2,32768,738.834
512,4096,2,65536,1457.74
512,4096,2,131055,2878.23
512,4096,4,16,108.596
512,4096,4,32,109.024
512,4096,4,64,109.866
512,4096,4,128,109.642
512,4096,4,256,109.994
512,4096,4,512,110.176
512,4096,4,1024,111.306
512,4096,4,2048,112.735
512,4096,4,4096,192.65
512,4096,4,8192,279.103
512,4096,4,16384,446.847
512,4096,4,32768,788.947
512,4096,4,65536,1471.52
512,4096,4,131055,2905.12
512,4096,8,16,113.024
512,4096,8,32,113.663
512,4096,8,64,113.055
512,4096,8,128,116.543
512,4096,8,256,119.509
512,4096,8,512,124.757
512,4096,8,1024,135.242
512,4096,8,2048,159.551
512,4096,8,4096,204.212
512,4096,8,8192,287.253
512,4096,8,16384,460.371
512,4096,8,32768,808.754
512,4096,8,65536,1509.27
512,4096,8,131055,2930.23
512,4096,16,16,119.872
512,4096,16,32,120.266
512,4096,16,64,120.81
512,4096,16,128,125.375
512,4096,16,256,132.107
512,4096,16,512,142.954
512,4096,16,1024,166.315
512,4096,16,2048,207.785
512,4096,16,4096,286.196
512,4096,16,8192,386.313
512,4096,16,16384,762.152
512,4096,16,32768,1524.52
512,4096,16,65536,3042.27
512,4096,16,131055,6011.22
512,4096,32,16,133.908
512,4096,32,32,134.026
512,4096,32,64,135.189
512,4096,32,128,145.909
512,4096,32,256,157.909
512,4096,32,512,181.823
512,4096,32,1024,219.253
512,4096,32,2048,265.428
512,4096,32,4096,399.294
512,4096,32,8192,830.514
512,4096,32,16384,1644.2
512,4096,32,32768,2682.11
512,4096,32,65536,5739.24
512,4096,32,131055,11146.1
512,4096,64,16,162.452
512,4096,64,32,162.527
512,4096,64,64,163.882
512,4096,64,128,186.047
512,4096,64,256,206.442
512,4096,64,512,237.183
512,4096,64,1024,300.842
512,4096,64,2048,414.057
512,4096,64,4096,860.231
512,4096,64,8192,2085.21
512,4096,64,16384,4471.25
512,4096,64,32768,9097.22
512,4096,64,65536,15648.3
512,4096,64,131055,30083.4
512,8192,0,0,192.564
512,8192,1,16,194.687
512,8192,1,32,194.282
512,8192,1,64,194.419
512,8192,1,128,194.239
512,8192,1,256,194.623
512,8192,1,512,194.143
512,8192,1,1024,194.943
512,8192,1,2048,195.072
512,8192,1,4096,194.655
512,8192,1,8192,196.927
512,8192,1,16384,372.009
512,8192,1,32768,734.953
512,8192,1,65536,1452.58
512,8192,1,131055,2900.53
512,8192,2,16,195.594
512,8192,2,32,195.039
512,8192,2,64,195.701
512,8192,2,128,195.829
512,8192,2,256,195.029
512,8192,2,512,194.804
512,8192,2,1024,196.672
512,8192,2,2048,196.618
512,8192,2,4096,198.218
512,8192,2,8192,198.506
512,8192,2,16384,377.439
512,8192,2,32768,739.303
512,8192,2,65536,1455.75
512,8192,2,131055,2900.09
512,8192,4,16,196.362
512,8192,4,32,196.617
512,8192,4,64,197.556
512,8192,4,128,196.276
512,8192,4,256,197.929
512,8192,4,512,196.426
512,8192,4,1024,197.108
512,8192,4,2048,198.41
512,8192,4,4096,201.951
512,8192,4,8192,369.908
512,8192,4,16384,539.389
512,8192,4,32768,878.033
512,8192,4,65536,1562.33
512,8192,4,131055,2941.44
512,8192,8,16,200.362
512,8192,8,32,200.491
512,8192,8,64,200.735
512,8192,8,128,202.441
512,8192,8,256,206.474
512,8192,8,512,212.639
512,8192,8,1024,224.116
512,8192,8,2048,245.919
512,8192,8,4096,291.487
512,8192,8,8192,384.063
512,8192,8,16384,557.779
512,8192,8,32768,918.971
512,8192,8,65536,1631.76
512,8192,8,131055,3056.63
512,8192,16,16,206.857
512,8192,16,32,206.357
512,8192,16,64,208.8
512,8192,16,128,213.866
512,8192,16,256,219.209
512,8192,16,512,230.922
512,8192,16,1024,252.574
512,8192,16,2048,298.303
512,8192,16,4096,384.34
512,8192,16,8192,552.265
512,8192,16,16384,760.242
512,8192,16,32768,1531.39
512,8192,16,65536,3089.18
512,8192,16,131055,6191.6
512,8192,32,16,220.533
512,8192,32,32,220.97
512,8192,32,64,220.084
512,8192,32,128,231.188
512,8192,32,256,244.18
512,8192,32,512,267.028
512,8192,32,1024,309.802
512,8192,32,2048,393.428
512,8192,32,4096,483.731
512,8192,32,8192,782.983
512,8192,32,16384,1726.73
512,8192,32,32768,3349.3
512,8192,32,65536,6473.24
512,8192,32,131055,13598.6
512,8192,64,16,246.207
512,8192,64,32,249.087
512,8192,64,64,250.153
512,8192,64,128,271.892
512,8192,64,256,297.034
512,8192,64,512,341.887
512,8192,64,1024,413.971
512,8192,64,2048,529.694
512,8192,64,4096,925.202
512,8192,64,8192,1705.98
512,8192,64,16384,4413.83
512,8192,64,32768,10016.7
512,8192,64,65536,17745.6
512,8192,64,131055,36600.3
512,16384,0,0,376.35
512,16384,1,16,374.463
512,16384,1,32,374.655
512,16384,1,64,373.652
512,16384,1,128,375.486
512,16384,1,256,374.111
512,16384,1,512,374.879
512,16384,1,1024,375.53
512,16384,1,2048,376.64
512,16384,1,4096,376.233
512,16384,1,8192,375.476
512,16384,1,16384,375.658
512,16384,1,32768,736.861
512,16384,1,65536,1453.76
512,16384,1,131055,2893.1
512,16384,2,16,373.897
512,16384,2,32,374.719
512,16384,2,64,374.782
512,16384,2,128,374.121
512,16384,2,256,374.238
512,16384,2,512,375.22
512,16384,2,1024,374.579
512,16384,2,2048,375.156
512,16384,2,4096,375.614
512,16384,2,8192,374.985
512,16384,2,16384,379.87
512,16384,2,32768,744.338
512,16384,2,65536,1465.39
512,16384,2,131055,2903.59
512,16384,4,16,374.953
512,16384,4,32,374.75
512,16384,4,64,374.558
512,16384,4,128,374.153
512,16384,4,256,374.698
512,16384,4,512,376.425
512,16384,4,1024,375.379
512,16384,4,2048,376.81
512,16384,4,4096,378.515
512,16384,4,8192,379.924
512,16384,4,16384,732.339
512,16384,4,32768,1113.53
512,16384,4,65536,1827.2
512,16384,4,131055,3272.22
512,16384,8,16,377.78
512,16384,8,32,377.727
512,16384,8,64,376.362
512,16384,8,128,376.628
512,16384,8,256,378.611
512,16384,8,512,387.775
512,16384,8,1024,396.095
512,16384,8,2048,420.275
512,16384,8,4096,463.315
512,16384,8,8192,556.872
512,16384,8,16384,751.08
512,16384,8,32768,1116.74
512,16384,8,65536,1851.89
512,16384,8,131055,3321.72
512,16384,16,16,380.425
512,16384,16,32,382.154
512,16384,16,64,383.412
512,16384,16,128,385.96
512,16384,16,256,391.7
512,16384,16,512,403.219
512,16384,16,1024,427.038
512,16384,16,2048,471.849
512,16384,16,4096,557.246
512,16384,16,8192,738.108
512,16384,16,16384,1084.5
512,16384,16,32768,1487.87
512,16384,16,65536,3052.42
512,16384,16,131055,6142.73
512,16384,32,16,390.985
512,16384,32,32,394.579
512,16384,32,64,395.049
512,16384,32,128,402.408
512,16384,32,256,418.366
512,16384,32,512,440.659
512,16384,32,1024,482.388
512,16384,32,2048,571.645
512,16384,32,4096,744.552
512,16384,32,8192,943.91
512,16384,32,16384,1527.42
512,16384,32,32768,3494.81
512,16384,32,65536,6631.21
512,16384,32,131055,14145
512,16384,64,16,418.911
512,16384,64,32,418.067
512,16384,64,64,418.889
512,16384,64,128,444.243
512,16384,64,256,469.257
512,16384,64,512,512.809
512,16384,64,1024,608.691
512,16384,64,2048,773.042
512,16384,64,4096,1227.3
512,16384,64,8192,1842.09
512,16384,64,16384,3462.77
512,16384,64,32768,10154.3
512,16384,64,65536,17844.6
512,16384,64,131055,35989.5
512,32768,0,0,738.653
512,32768,1,16,734.674
512,32768,1,32,735.933
512,32768,1,64,734.995
512,32768,1,128,735.986
512,32768,1,256,733.192
512,32768,1,512,734.759
512,32768,1,1024,735.282
512,32768,1,2048,735.785
512,32768,1,4096,736.604
512,32768,1,8192,734.045
512,32768,1,16384,734.696
512,32768,1,32768,742.375
512,32768,1,65536,1469.44
512,32768,1,131055,2899.24
512,32768,2,16,735.229
512,32768,2,32,735.71
512,32768,2,64,734.067
512,32768,2,128,736.936
512,32768,2,256,735.09
512,32768,2,512,733.874
512,32768,2,1024,733.361
512,32768,2,2048,738.375
512,32768,2,4096,736.083
512,32768,2,8192,736.391
512,32768,2,16384,741.703
512,32768,2,32768,747.538
512,32768,2,65536,1475.08
512,32768,2,131055,2882.67
512,32768,4,16,735.601
512,32768,4,32,734.109
512,32768,4,64,736.381
512,32768,4,128,734.44
512,32768,4,256,737.512
512,32768,4,512,737.959
512,32768,4,1024,738.247
512,32768,4,2048,737.66
512,32768,4,4096,739.367
512,32768,4,8192,740.476
512,32768,4,16384,749.373
512,32768,4,32768,1475.85
512,32768,4,65536,2207.36
512,32768,4,131055,3658.41
512,32768,8,16,733.725
512,32768,8,32,736.67
512,32768,8,64,733.319
512,32768,8,128,738.611
512,32768,8,256,739.048
512,32768,8,512,738.162
512,32768,8,1024,742.962
512,32768,8,2048,768.594
512,32768,8,4096,810.822
512,32768,8,8192,904.732
512,32768,8,16384,1090.15
512,32768,8,32768,1486.61
512,32768,8,65536,2218.24
512,32768,8,131055,3690.6
512,32768,16,16,731.998
512,32768,16,32,739.74
512,32768,16,64,736.818
512,32768,16,128,741.074
512,32768,16,256,739.975
512,32768,16,512,743.198
512,32768,16,1024,770.206
512,32768,16,2048,812.616
512,32768,16,4096,900.966
512,32768,16,8192,1094.39
512,32768,16,16384,1449.28
512,32768,16,32768,2152.7
512,32768,16,65536,2946.31
512,32768,16,131055,6056.23
512,32768,32,16,734.547
512,32768,32,32,737.703
512,32768,32,64,738.397
512,32768,32,128,754.875
512,32768,32,256,761.501
512,32768,32,512,782.279
512,32768,32,1024,828.615
512,32768,32,2048,916.957
512,32768,32,4096,1094.5
512,32768,32,8192,1474.13
512,32768,32,16384,1850.96
512,32768,32,32768,3028.41
512,32768,32,65536,7014.7
512,32768,32,131055,13993.5
512,32768,64,16,761.49
512,32768,64,32,764.456
512,32768,64,64,771.004
512,32768,64,128,785.789
512,32768,64,256,806.161
512,32768,64,512,853.703
512,32768,64,1024,954.865
512,32768,64,2048,1138.86
512,32768,64,4096,1658.06
512,32768,64,8192,2469.64
512,32768,64,16384,3975.04
512,32768,64,32768,8275.69
512,32768,64,65536,17812.2
512,32768,64,131055,36056.5
512,65536,0,0,1467.86
512,65536,1,16,1459.88
512,65536,1,32,1464.05
512,65536,1,64,1464.56
512,65536,1,128,1460.98
512,65536,1,256,1460.55
512,65536,1,512,1463.37
512,65536,1,1024,1461.89
512,65536,1,2048,1468.28
512,65536,1,4096,1459.39
512,65536,1,8192,1466.04
512,65536,1,16384,1463.94
512,65536,1,32768,1464.44
512,65536,1,65536,1470.12
512,65536,1,131055,2908.16
512,65536,2,16,1459.15
512,65536,2,32,1461.81
512,65536,2,64,1462.21
512,65536,2,128,1460.24
512,65536,2,256,1459.8
512,65536,2,512,1463.97
512,65536,2,1024,1461.87
512,65536,2,2048,1461.76
512,65536,2,4096,1465.3
512,65536,2,8192,1461.93
512,65536,2,16384,1468.45
512,65536,2,32768,1478.02
512,65536,2,65536,1486.8
512,65536,2,131055,2922.04
512,65536,4,16,1462.14
512,65536,4,32,1466.44
512,65536,4,64,1463.22
512,65536,4,128,1462.43
512,65536,4,256,1466.41
512,65536,4,512,1469.12
512,65536,4,1024,1468.95
512,65536,4,2048,1468.73
512,65536,4,4096,1464.46
512,65536,4,8192,1472.86
512,65536,4,16384,1476.48
512,65536,4,32768,1510.8
512,65536,4,65536,2962.17
512,65536,4,131055,4412.95
512,65536,8,16,1462
512,65536,8,32,1467.04
512,65536,8,64,1461.91
512,65536,8,128,1467.34
512,65536,8,256,1466.33
512,65536,8,512,1464.7
512,65536,8,1024,1468.22
512,65536,8,2048,1477.99
512,65536,8,4096,1502.87
512,65536,8,8192,1602.09
512,65536,8,16384,1796.45
512,65536,8,32768,2192.6
512,65536,8,65536,2961.63
512,65536,8,131055,4420.99
512,65536,16,16,1465.39
512,65536,16,32,1462.92
512,65536,16,64,1463.49
512,65536,16,128,1465.46
512,65536,16,256,1465.22
512,65536,16,512,1460.9
512,65536,16,1024,1472.55
512,65536,16,2048,1514.4
512,65536,16,4096,1606.45
512,65536,16,8192,1787.12
512,65536,16,16384,2167.99
512,65536,16,32768,2898.55
512,65536,16,65536,4347.77
512,65536,16,131055,5892.41
512,65536,32,16,1462.82
512,65536,32,32,1461
512,65536,32,64,1462.44
512,65536,32,128,1467.15
512,65536,32,256,1470.54
512,65536,32,512,1477.04
512,65536,32,1024,1520.57
512,65536,32,2048,1626.11
512,65536,32,4096,1784.53
512,65536,32,8192,2177.05
512,65536,32,16384,2912.89
512,65536,32,32768,3672.28
512,65536,32,65536,6559.77
512,65536,32,131055,14164.1
512,65536,64,16,1463.03
512,65536,64,32,1460.09
512,65536,64,64,1467.93
512,65536,64,128,1473.81
512,65536,64,256,1502
512,65536,64,512,1562.68
512,65536,64,1024,1646.53
512,65536,64,2048,1828.09
512,65536,64,4096,2365.39
512,65536,64,8192,3334.54
512,65536,64,16384,4908.53
512,65536,64,32768,8050.88
512,65536,64,65536,15857.7
512,65536,64,131055,36121.8
1024,0,0,0,41.6747
1024,0,1,16,42.25
1024,0,1,32,42.3467
1024,0,1,64,42.2823
1024,0,1,128,43.4667
1024,0,1,256,42.549
1024,0,1,512,43.5413
1024,0,1,1024,45.9093
1024,0,1,2048,67.5947
1024,0,1,4096,109.578
1024,0,1,8192,193.172
1024,0,1,16384,369.77
1024,0,1,32768,728.337
1024,0,1,65536,1453.46
1024,0,1,131055,2891.54
1024,0,2,16,43.072
1024,0,2,32,42.816
1024,0,2,64,42.997
1024,0,2,128,43.6907
1024,0,2,256,44.021
1024,0,2,512,46.2187
1024,0,2,1024,49.5243
1024,0,2,2048,71.1147
1024,0,2,4096,113.398
1024,0,2,8192,197.354
1024,0,2,16384,375.412
1024,0,2,32768,730.771
1024,0,2,65536,1449.05
1024,0,2,131055,2872.63
1024,0,4,16,45.2157
1024,0,4,32,44.9607
1024,0,4,64,45.184
1024,0,4,128,46.5173
1024,0,4,256,46.6773
1024,0,4,512,48.5977
1024,0,4,1024,55.5837
1024,0,4,2048,77.5463
1024,0,4,4096,120.725
1024,0,4,8192,207.86
1024,0,4,16384,379.198
1024,0,4,32768,744.477
1024,0,4,65536,1455.64
1024,0,4,131055,2890.04
1024,0,8,16,49.3977
1024,0,8,32,49.2263
1024,0,8,64,49.3223
1024,0,8,128,51.4663
1024,0,8,256,53.4503
1024,0,8,512,55.893
1024,0,8,1024,64.5977
1024,0,8,2048,96.2027
1024,0,8,4096,139.124
1024,0,8,8192,225.151
1024,0,8,16384,398.153
1024,0,8,32768,749.811
1024,0,8,65536,1477.66
1024,0,8,131055,2926.22
1024,0,16,16,56.544
1024,0,16,32,56.117
1024,0,16,64,56.319
1024,0,16,128,60.448
1024,0,16,256,63.3387
1024,0,16,512,70.367
1024,0,16,1024,89.2793
1024,0,16,2048,129.93
1024,0,16,4096,216.426
1024,0,16,8192,399.39
1024,0,16,16384,769.117
1024,0,16,32768,1503.67
1024,0,16,65536,2975.85
1024,0,16,131055,5898.04
1024,0,32,16,69.333
1024,0,32,32,70.5487
1024,0,32,64,69.706
1024,0,32,128,77.0877
1024,0,32,256,84.469
1024,0,32,512,98.1327
1024,0,32,1024,131.061
1024,0,32,2048,205.503
1024,0,32,4096,350.015
1024,0,32,8192,635.357
1024,0,32,16384,1186.28
1024,0,32,32768,2325.45
1024,0,32,65536,4590.38
1024,0,32,131055,9090.2
1024,0,64,16,95.0927
1024,0,64,32,95.4557
1024,0,64,64,96.5543
1024,0,64,128,109.471
1024,0,64,256,123.733
1024,0,64,512,151.35
1024,0,64,1024,220.831
1024,0,64,2048,356.894
1024,0,64,4096,776.765
1024,0,64,8192,1527.56
1024,0,64,16384,2985.45
1024,0,64,32768,6054.42
1024,0,64,65536,12076.1
1024,0,64,131055,23835.1
1024,16,0,0,45.6743
1024,16,1,16,45.9307
1024,16,1,32,45.7707
1024,16,1,64,45.9947
1024,16,1,128,46.1973
1024,16,1,256,46.3997
1024,16,1,512,47.552
1024,16,1,1024,48.3627
1024,16,1,2048,69.407
1024,16,1,4096,111.018
1024,16,1,8192,194.506
1024,16,1,16384,370.782
1024,16,1,32768,729.308
1024,16,1,65536,1458.07
1024,16,1,131055,2874.45
1024,16,2,16,46.2717
1024,16,2,32,46.581
1024,16,2,64,46.527
1024,16,2,128,47.1783
1024,16,2,256,47.968
1024,16,2,512,48.97
1024,16,2,1024,51.2097
1024,16,2,2048,72.746
1024,16,2,4096,115.082
1024,16,2,8192,199.306
1024,16,2,16384,374.495
1024,16,2,32768,734.824
1024,16,2,65536,1452.71
1024,16,2,131055,2900.45
1024,16,4,16,48.7897
1024,16,4,32,49.109
1024,16,4,64,48.885
1024,16,4,128,49.909
1024,16,4,256,50.496
1024,16,4,512,51.4347
1024,16,4,1024,57.5677
1024,16,4,2048,79.1783
1024,16,4,4096,122.186
1024,16,4,8192,206.697
1024,16,4,16384,378.749
1024,16,4,32768,739.208
1024,16,4,65536,1466.87
1024,16,4,131055,2890.15
1024,16,8,16,52.7673
1024,16,8,32,53.0133
1024,16,8,64,52.7793
1024,16,8,128,54.6347
1024,16,8,256,56.6827
1024,16,8,512,59.381
1024,16,8,1024,65.7917
1024,16,8,2048,99.4553
1024,16,8,4096,142.73
1024,16,8,8192,228.852
1024,16,8,16384,398.846
1024,16,8,32768,747.657
1024,16,8,65536,1471.42
1024,16,8,131055,2931.44
1024,16,16,16,59.5947
1024,16,16,32,59.861
1024,16,16,64,59.957
1024,16,16,128,63.8077
1024,16,16,256,67.4553
1024,16,16,512,74.2713
1024,16,16,1024,90.2937
1024,16,16,2048,132.309
1024,16,16,4096,218.282
1024,16,16,8192,398.078
1024,16,16,16384,768.21
1024,16,16,32768,1503.79
1024,16,16,65536,2974.34
1024,16,16,131055,5897.78
1024,16,32,16,73.2267
1024,16,32,32,73.6637
1024,16,32,64,73.258
1024,16,32,128,80.1807
1024,16,32,256,88.4473
1024,16,32,512,101.482
1024,16,32,1024,133.067
1024,16,32,2048,207.999
1024,16,32,4096,352.404
1024,16,32,8192,636.403
1024,16,32,16384,1189.79
1024,16,32,32768,2325.54
1024,16,32,65536,4595.22
1024,16,32,131055,9069.78
1024,16,64,16,99.8503
1024,16,64,32,99.413
1024,16,64,64,100.074
1024,16,64,128,112.64
1024,16,64,256,126.933
1024,16,64,512,154.538
1024,16,64,1024,223.423
1024,16,64,2048,360.009
1024,16,64,4096,780.231
1024,16,64,8192,1525.25
1024,16,64,16384,2991.23
1024,16,64,32768,5968.12
1024,16,64,65536,11996.8
1024,16,64,131055,23882.9
1024,32,0,0,46.0267
1024,32,1,16,46.2287
1024,32,1,32,46.0043
1024,32,1,64,45.9947
1024,32,1,128,46.6237
1024,32,1,256,46.314
1024,32,1,512,47.7753
1024,32,1,1024,48.5547
1024,32,1,2048,69.6853
1024,32,1,4096,110.506
1024,32,1,8192,195.669
1024,32,1,16384,372.222
1024,32,1,32768,729.915
1024,32,1,65536,1451.28
1024,32,1,131055,2880.88
1024,32,2,16,46.4317
1024,32,2,32,46.7093
1024,32,2,64,46.7627
1024,32,2,128,47.136
1024,32,2,256,47.68
1024,32,2,512,49.0557
1024,32,2,1024,51.2427
1024,32,2,2048,73.013
1024,32,2,4096,114.495
1024,32,2,8192,199.37
1024,32,2,16384,375.145
1024,32,2,32768,730.887
1024,32,2,65536,1450.94
1024,32,2,131055,2893.79
1024,32,4,16,48.426
1024,32,4,32,48.96
1024,32,4,64,48.693
1024,32,4,128,49.813
1024,32,4,256,50.6663
1024,32,4,512,51.8297
1024,32,4,1024,57.2153
1024,32,4,2048,79.2207
1024,32,4,4096,122.164
1024,32,4,8192,207.007
1024,32,4,16384,382.27
1024,32,4,32768,745.256
1024,32,4,65536,1449.36
1024,32,4,131055,2898.32
1024,32,8,16,52.9603
1024,32,8,32,52.9813
1024,32,8,64,53.0557
1024,32,8,128,54.208
1024,32,8,256,56.736
1024,32,8,512,59.6053
1024,32,8,1024,65.696
1024,32,8,2048,99.669
1024,32,8,4096,143.242
1024,32,8,8192,228.149
1024,32,8,16384,402.206
1024,32,8,32768,751.175
1024,32,8,65536,1489
1024,32,8,131055,2922.89
1024,32,16,16,59.8823
1024,32,16,32,60.4797
1024,32,16,64,60.416
1024,32,16,128,63.4557
1024,32,16,256,67.5413
1024,32,16,512,74.8477
1024,32,16,1024,90.7517
1024,32,16,2048,131.818
1024,32,16,4096,217.833
1024,32,16,8192,400.169
1024,32,16,16384,768.498
1024,32,16,32768,1500.74
1024,32,16,65536,2975.48
1024,32,16,131055,5895.58
1024,32,32,16,73.376
1024,32,32,32,73.6537
1024,32,32,64,73.9303
1024,32,32,128,80.1277
1024,32,32,256,87.9463
1024,32,32,512,101.643
1024,32,32,1024,133.183
1024,32,32,2048,209.322
1024,32,32,4096,352.991
1024,32,32,8192,636.573
1024,32,32,16384,1192.52
1024,32,32,32768,2322.03
1024,32,32,65536,4600.2
1024,32,32,131055,9082.71
1024,32,64,16,98.8263
1024,32,64,32,98.9223
1024,32,64,64,100.234
1024,32,64,128,112.981
1024,32,64,256,127.359
1024,32,64,512,155.263
1024,32,64,1024,222.421
1024,32,64,2048,359.615
1024,32,64,4096,777.906
1024,32,64,8192,1525.43
1024,32,64,16384,2992.49
1024,32,64,32768,6040.51
1024,32,64,65536,12041.6
1024,32,64,131055,23533.8
1024,64,0,0,45.984
1024,64,1,16,46.3243
1024,64,1,32,46.0263
1024,64,1,64,46.272
1024,64,1,128,46.72
1024,64,1,256,46.2293
1024,64,1,512,48.021
1024,64,1,1024,48.181
1024,64,1,2048,69.183
1024,64,1,4096,110.41
1024,64,1,8192,194.229
1024,64,1,16384,373.267
1024,64,1,32768,727.644
1024,64,1,65536,1454.91
1024,64,1,131055,2888.98
1024,64,2,16,46.752
1024,64,2,32,46.9227
1024,64,2,64,46.7307
1024,64,2,128,47.4773
1024,64,2,256,48.0527
1024,64,2,512,49.0877
1024,64,2,1024,51.2313
1024,64,2,2048,72.6073
1024,64,2,4096,114.059
1024,64,2,8192,198.879
1024,64,2,16384,375.775
1024,64,2,32768,740.734
1024,64,2,65536,1454.62
1024,64,2,131055,2872.69
1024,64,4,16,48.8423
1024,64,4,32,49.0237
1024,64,4,64,49.002
1024,64,4,128,49.8237
1024,64,4,256,51.4663
1024,64,4,512,52.3943
1024,64,4,1024,57.3967
1024,64,4,2048,79.3913
1024,64,4,4096,122.495
1024,64,4,8192,206.58
1024,64,4,16384,379.988
1024,64,4,32768,739.079
1024,64,4,65536,1454.17
1024,64,4,131055,2903.65
1024,64,8,16,52.906
1024,64,8,32,53.2907
1024,64,8,64,53.0563
1024,64,8,128,55.0077
1024,64,8,256,56.7363
1024,64,8,512,60.149
1024,64,8,1024,65.9837
1024,64,8,2048,99.498
1024,64,8,4096,142.378
1024,64,8,8192,228.042
1024,64,8,16384,401.641
1024,64,8,32768,750.344
1024,64,8,65536,1468.89
1024,64,8,131055,2932.86
1024,64,16,16,59.7547
1024,64,16,32,60.4053
1024,64,16,64,60.064
1024,64,16,128,63.413
1024,64,16,256,67.435
1024,64,16,512,74.645
1024,64,16,1024,90.7407
1024,64,16,2048,132.522
1024,64,16,4096,217.866
1024,64,16,8192,398.195
1024,64,16,16384,766.162
1024,64,16,32768,1503.17
1024,64,16,65536,2978.04
1024,64,16,131055,5895.89
1024,64,32,16,73.4927
1024,64,32,32,73.0133
1024,64,32,64,73.888
1024,64,32,128,80.3623
1024,64,32,256,88.0533
1024,64,32,512,101.376
1024,64,32,1024,132.778
1024,64,32,2048,208.244
1024,64,32,4096,352.202
1024,64,32,8192,636.018
1024,64,32,16384,1192.36
1024,64,32,32768,2328.41
1024,64,32,65536,4597.59
1024,64,32,131055,9091.7
1024,64,64,16,99.232
1024,64,64,32,99.466
1024,64,64,64,99.5197
1024,64,64,128,113.547
1024,64,64,256,127.286
1024,64,64,512,155.306
1024,64,64,1024,223.082
1024,64,64,2048,359.273
1024,64,64,4096,780.786
1024,64,64,8192,1527.16
1024,64,64,16384,3001.57
1024,64,64,32768,5995.85
1024,64,64,65536,11937.6
1024,64,64,131055,23622.8
1024,128,0,0,46.6877
1024,128,1,16,48.0533
1024,128,1,32,48.4157
1024,128,1,64,48.3947
1024,128,1,128,48.683
1024,128,1,256,48.5753
1024,128,1,512,49.1837
1024,128,1,1024,49.845
1024,128,1,2048,71.104
1024,128,1,4096,112.64
1024,128,1,8192,195.253
1024,128,1,16384,369.374
1024,128,1,32768,732.647
1024,128,1,65536,1465.17
1024,128,1,131055,2881.5
1024,128,2,16,48.747
1024,128,2,32,48.917
1024,128,2,64,49.1093
1024,128,2,128,49.845
1024,128,2,256,49.6637
1024,128,2,512,50.485
1024,128,2,1024,52.9273
1024,128,2,2048,74.2077
1024,128,2,4096,116.714
1024,128,2,8192,201.482
1024,128,2,16384,376.157
1024,128,2,32768,734.301
1024,128,2,65536,1453.81
1024,128,2,131055,2873.53
1024,128,4,16,51.0933
1024,128,4,32,50.9113
1024,128,4,64,50.965
1024,128,4,128,51.4557
1024,128,4,256,53.0137
1024,128,4,512,53.578
1024,128,4,1024,59.5087
1024,128,4,2048,81.3863
1024,128,4,4096,125.045
1024,128,4,8192,210.11
1024,128,4,16384,381.972
1024,128,4,32768,740.231
1024,128,4,65536,1458.91
1024,128,4,131055,2891.13
1024,128,8,16,54.5813
1024,128,8,32,54.5593
1024,128,8,64,55.8503
1024,128,8,128,57.0237
1024,128,8,256,58.5597
1024,128,8,512,61.6953
1024,128,8,1024,67.1573
1024,128,8,2048,102.282
1024,128,8,4096,145.546
1024,128,8,8192,231.028
1024,128,8,16384,403.604
1024,128,8,32768,748.232
1024,128,8,65536,1474.78
1024,128,8,131055,2929.1
1024,128,16,16,61.8453
1024,128,16,32,62.1227
1024,128,16,64,62.2507
1024,128,16,128,65.8237
1024,128,16,256,69.3973
1024,128,16,512,76.341
1024,128,16,1024,92.0107
1024,128,16,2048,134.336
1024,128,16,4096,220.725
1024,128,16,8192,399.551
1024,128,16,16384,767.389
1024,128,16,32768,1497.55
1024,128,16,65536,2981.79
1024,128,16,131055,5890.77
1024,128,32,16,75.3597
1024,128,32,32,75.4763
1024,128,32,64,75.915
1024,128,32,128,82.8157
1024,128,32,256,90.111
1024,128,32,512,104.01
1024,128,32,1024,134.463
1024,128,32,2048,211.53
1024,128,32,4096,354.378
1024,128,32,8192,639.624
1024,128,32,16384,1192.78
1024,128,32,32768,2322.25
1024,128,32,65536,4595.87
1024,128,32,131055,9080.76
1024,128,64,16,100.885
1024,128,64,32,101.482
1024,128,64,64,101.493
1024,128,64,128,115.2
1024,128,64,256,129.471
1024,128,64,512,158.058
1024,128,64,1024,224.415
1024,128,64,2048,361.716
1024,128,64,4096,777.885
1024,128,64,8192,1527.89
1024,128,64,16384,2998.46
1024,128,64,32768,6119.49
1024,128,64,65536,12058.7
1024,128,64,131055,23693.3
1024,256,0,0,52.3517
1024,256,1,16,53.952
1024,256,1,32,53.803
1024,256,1,64,53.888
1024,256,1,128,53.7707
1024,256,1,256,54.282
1024,256,1,512,54.464
1024,256,1,1024,55.3173
1024,256,1,2048,73.8873
1024,256,1,4096,116.149
1024,256,1,8192,199.306
1024,256,1,16384,370.036
1024,256,1,32768,729.299
1024,256,1,65536,1458.05
1024,256,1,131055,2878.19
1024,256,2,16,54.3893
1024,256,2,32,54.3353
1024,256,2,64,54.4213
1024,256,2,128,54.8267
1024,256,2,256,55.1677
1024,256,2,512,55.3703
1024,256,2,1024,58.208
1024,256,2,2048,77.3967
1024,256,2,4096,120.736
1024,256,2,8192,205.279
1024,256,2,16384,374.537
1024,256,2,32768,736.039
1024,256,2,65536,1457.02
1024,256,2,131055,2885.92
1024,256,4,16,56.394
1024,256,4,32,56.3093
1024,256,4,64,56.3197
1024,256,4,128,57.3437
1024,256,4,256,58.1543
1024,256,4,512,59.1353
1024,256,4,1024,63.4987
1024,256,4,2048,84.9593
1024,256,4,4096,127.872
1024,256,4,8192,214.986
1024,256,4,16384,380.628
1024,256,4,32768,739.187
1024,256,4,65536,1451.32
1024,256,4,131055,2904.36
1024,256,8,16,60.138
1024,256,8,32,60.7253
1024,256,8,64,60.6503
1024,256,8,128,62.1113
1024,256,8,256,63.9993
1024,256,8,512,67.4133
1024,256,8,1024,71.3173
1024,256,8,2048,106.592
1024,256,8,4096,151.477
1024,256,8,8192,237.066
1024,256,8,16384,411.284
1024,256,8,32768,760.723
1024,256,8,65536,1481.76
1024,256,8,131055,2935.77
1024,256,16,16,67.2
1024,256,16,32,67.157
1024,256,16,64,67.8607
1024,256,16,128,70.7947
1024,256,16,256,75.2103
1024,256,16,512,81.8987
1024,256,16,1024,95.082
1024,256,16,2048,138.719
1024,256,16,4096,222.933
1024,256,16,8192,403.231
1024,256,16,16384,769.159
1024,256,16,32768,1500.56
1024,256,16,65536,2967.35
1024,256,16,131055,5893.71
1024,256,32,16,80.309
1024,256,32,32,81.1303
1024,256,32,64,81.4823
1024,256,32,128,88.597
1024,256,32,256,95.8713
1024,256,32,512,109.354
1024,256,32,1024,138.57
1024,256,32,2048,213.034
1024,256,32,4096,359.027
1024,256,32,8192,642.004
1024,256,32,16384,1196.04
1024,256,32,32768,2328.43
1024,256,32,65536,4603.98
1024,256,32,131055,9075.98
1024,256,64,16,106.421
1024,256,64,32,106.741
1024,256,64,64,107.263
1024,256,64,128,120.522
1024,256,64,256,136.489
1024,256,64,512,163.647
1024,256,64,1024,226.868
1024,256,64,2048,364.841
1024,256,64,4096,777.874
1024,256,64,8192,1528.48
1024,256,64,16384,2994.18
1024,256,64,32768,5995.38
1024,256,64,65536,12081
1024,256,64,131055,23645.3
1024,512,0,0,63.1997
1024,512,1,16,64.896
1024,512,1,32,65.3653
1024,512,1,64,65.0447
1024,512,1,128,65.5673
1024,512,1,256,65.5243
1024,512,1,512,65.4397
1024,512,1,1024,66.3683
1024,512,1,2048,79.7857
1024,512,1,4096,122.762
1024,512,1,8192,206.943
1024,512,1,16384,375.935
1024,512,1,32768,734.152
1024,512,1,65536,1457.43
1024,512,1,131055,2881.76
1024,512,2,16,65.717
1024,512,2,32,65.6637
1024,512,2,64,65.7493
1024,512,2,128,66.1007
1024,512,2,256,66.3783
1024,512,2,512,66.4527
1024,512,2,1024,69.5567
1024,512,2,2048,83.5403
1024,512,2,4096,126.015
1024,512,2,8192,210.623
1024,512,2,16384,379.934
1024,512,2,32768,734.567
1024,512,2,65536,1447
1024,512,2,131055,2898.42
1024,512,4,16,67.669
1024,512,4,32,67.6907
1024,512,4,64,67.552
1024,512,4,128,68.491
1024,512,4,256,68.682
1024,512,4,512,70.0683
1024,512,4,1024,72.768
1024,512,4,2048,91.946
1024,512,4,4096,134.036
1024,512,4,8192,218.729
1024,512,4,16384,390.153
1024,512,4,32768,744.37
1024,512,4,65536,1457.77
1024,512,4,131055,2894.9
1024,512,8,16,71.3377
1024,512,8,32,71.072
1024,512,8,64,72.053
1024,512,8,128,72.8747
1024,512,8,256,74.431
1024,512,8,512,78.378
1024,512,8,1024,81.8237
1024,512,8,2048,109.035
1024,512,8,4096,164.501
1024,512,8,8192,248.767
1024,512,8,16384,422.76
1024,512,8,32768,767.538
1024,512,8,65536,1476.2
1024,512,8,131055,2934.18
1024,512,16,16,77.7707
1024,512,16,32,77.9197
1024,512,16,64,78.2403
1024,512,16,128,81.2373
1024,512,16,256,84.661
1024,512,16,512,93.962
1024,512,16,1024,105.824
1024,512,16,2048,146.847
1024,512,16,4096,231.69
1024,512,16,8192,408.884
1024,512,16,16384,769.661
1024,512,16,32768,1498.24
1024,512,16,65536,2979.36
1024,512,16,131055,5885.24
1024,512,32,16,91.648
1024,512,32,32,91.221
1024,512,32,64,91.3173
1024,512,32,128,99.8717
1024,512,32,256,106.24
1024,512,32,512,121.429
1024,512,32,1024,146.911
1024,512,32,2048,218.25
1024,512,32,4096,367.55
1024,512,32,8192,651.741
1024,512,32,16384,1205.09
1024,512,32,32768,2327.29
1024,512,32,65536,4592.07
1024,512,32,131055,9081.98
1024,512,64,16,117.792
1024,512,64,32,118.133
1024,512,64,64,118.197
1024,512,64,128,132.863
1024,512,64,256,146.57
1024,512,64,512,174.218
1024,512,64,1024,234.569
1024,512,64,2048,372.18
1024,512,64,4096,778.589
1024,512,64,8192,1531.12
1024,512,64,16384,3005.58
1024,512,64,32768,6006.24
1024,512,64,65536,11976.5
1024,512,64,131055,23704.3
1024,1024,0,0,84.7573
1024,1024,1,16,86.3043
1024,1024,1,32,86.6983
1024,1024,1,64,86.527
1024,1024,1,128,86.9013
1024,1024,1,256,87.2317
1024,1024,1,512,86.7093
1024,1024,1,1024,86.7093
1024,1024,1,2048,92.011
1024,1024,1,4096,133.919
1024,1024,1,8192,217.119
1024,1024,1,16384,386.196
1024,1024,1,32768,737.885
1024,1024,1,65536,1448.74
1024,1024,1,131055,2889.82
1024,1024,2,16,87.5407
1024,1024,2,32,86.9223
1024,1024,2,64,87.189
1024,1024,2,128,87.295
1024,1024,2,256,87.7757
1024,1024,2,512,87.658
1024,1024,2,1024,88.085
1024,1024,2,2048,95.2207
1024,1024,2,4096,137.408
1024,1024,2,8192,221.812
1024,1024,2,16384,393.257
1024,1024,2,32768,737.074
1024,1024,2,65536,1449.24
1024,1024,2,131055,2879.08
1024,1024,4,16,88.906
1024,1024,4,32,89.4083
1024,1024,4,64,89.0133
1024,1024,4,128,89.8027
1024,1024,4,256,90.5703
1024,1024,4,512,90.2933
1024,1024,4,1024,92.17
1024,1024,4,2048,103.509
1024,1024,4,4096,147.135
1024,1024,4,8192,231.199
1024,1024,4,16384,402.43
1024,1024,4,32768,744.722
1024,1024,4,65536,1464.95
1024,1024,4,131055,2905.66
1024,1024,8,16,92.4897
1024,1024,8,32,92.9163
1024,1024,8,64,92.3843
1024,1024,8,128,93.728
1024,1024,8,256,95.275
1024,1024,8,512,98.016
1024,1024,8,1024,103.658
1024,1024,8,2048,123.744
1024,1024,8,4096,186.293
1024,1024,8,8192,271.369
1024,1024,8,16384,443.188
1024,1024,8,32768,790.45
1024,1024,8,65536,1488.44
1024,1024,8,131055,2940.69
1024,1024,16,16,98.1543
1024,1024,16,32,98.4203
1024,1024,16,64,99.1243
1024,1024,16,128,101.216
1024,1024,16,256,106.389
1024,1024,16,512,112.618
1024,1024,16,1024,127.69
1024,1024,16,2048,159.594
1024,1024,16,4096,245.439
1024,1024,16,8192,420.339
1024,1024,16,16384,779.547
1024,1024,16,32768,1505.72
1024,1024,16,65536,2984.29
1024,1024,16,131055,5909.06
1024,1024,32,16,111.125
1024,1024,32,32,111.626
1024,1024,32,64,111.402
1024,1024,32,128,119.21
1024,1024,32,256,128.437
1024,1024,32,512,142.048
1024,1024,32,1024,170.09
1024,1024,32,2048,230.9
1024,1024,32,4096,389.118
1024,1024,32,8192,669.544
1024,1024,32,16384,1228.57
1024,1024,32,32768,2361.91
1024,1024,32,65536,4677.54
1024,1024,32,131055,9129.72
1024,1024,64,16,138.453
1024,1024,64,32,138.539
1024,1024,64,64,139.957
1024,1024,64,128,152.991
1024,1024,64,256,169.13
1024,1024,64,512,197.812
1024,1024,64,1024,256.916
1024,1024,64,2048,384.447
1024,1024,64,4096,788.295
1024,1024,64,8192,1541.9
1024,1024,64,16384,3021.5
1024,1024,64,32768,6459.21
1024,1024,64,65536,12175.5
1024,1024,64,131055,23720.7
1024,2048,0,0,127.531
1024,2048,1,16,128.714
1024,2048,1,32,128.874
1024,2048,1,64,129.099
1024,2048,1,128,129.12
1024,2048,1,256,129.172
1024,2048,1,512,129.184
1024,2048,1,1024,129.696
1024,2048,1,2048,129.738
1024,2048,1,4096,155.487
1024,2048,1,8192,239.647
1024,2048,1,16384,410.718
1024,2048,1,32768,752.625
1024,2048,1,65536,1448.26
1024,2048,1,131055,2901.22
1024,2048,2,16,128.81
1024,2048,2,32,129.013
1024,2048,2,64,129.546
1024,2048,2,128,130.165
1024,2048,2,256,129.514
1024,2048,2,512,130.25
1024,2048,2,1024,130.484
1024,2048,2,2048,130.335
1024,2048,2,4096,159.861
1024,2048,2,8192,245.161
1024,2048,2,16384,412.18
1024,2048,2,32768,751.25
1024,2048,2,65536,1454.81
1024,2048,2,131055,2882.38
1024,2048,4,16,131.487
1024,2048,4,32,131.488
1024,2048,4,64,131.733
1024,2048,4,128,132.032
1024,2048,4,256,132.266
1024,2048,4,512,133.023
1024,2048,4,1024,133.407
1024,2048,4,2048,134.666
1024,2048,4,4096,170.164
1024,2048,4,8192,254.42
1024,2048,4,16384,424.5
1024,2048,4,32768,763.57
1024,2048,4,65536,1458.84
1024,2048,4,131055,2896.78
1024,2048,8,16,135.071
1024,2048,8,32,134.772
1024,2048,8,64,135.103
1024,2048,8,128,136.127
1024,2048,8,256,138.09
1024,2048,8,512,138.73
1024,2048,8,1024,140.863
1024,2048,8,2048,159.615
1024,2048,8,4096,210.399
1024,2048,8,8192,314.911
1024,2048,8,16384,486.58
1024,2048,8,32768,838.118
1024,2048,8,65536,1532.25
1024,2048,8,131055,2935.07
1024,2048,16,16,141.002
1024,2048,16,32,141.226
1024,2048,16,64,141.429
1024,2048,16,128,143.52
1024,2048,16,256,146.495
1024,2048,16,512,153.055
1024,2048,16,1024,169.428
1024,2048,16,2048,191.284
1024,2048,16,4096,275.273
1024,2048,16,8192,448.979
1024,2048,16,16384,799.134
1024,2048,16,32768,1540.69
1024,2048,16,65536,3033.57
1024,2048,16,131055,6032.73
1024,2048,32,16,152.714
1024,2048,32,32,153.098
1024,2048,32,64,152.373
1024,2048,32,128,160.223
1024,2048,32,256,166.805
1024,2048,32,512,184.778
1024,2048,32,1024,214.229
1024,2048,32,2048,267.156
1024,2048,32,4096,406.643
1024,2048,32,8192,716.552
1024,2048,32,16384,1308.58
1024,2048,32,32768,2529.38
1024,2048,32,65536,4999.35
1024,2048,32,131055,9892.37
1024,2048,64,16,177.098
1024,2048,64,32,177.61
1024,2048,64,64,181.13
1024,2048,64,128,195.573
1024,2048,64,256,210.805
1024,2048,64,512,240.159
1024,2048,64,1024,303.273
1024,2048,64,2048,411.593
1024,2048,64,4096,839.208
1024,2048,64,8192,1751.79
1024,2048,64,16384,3393.74
1024,2048,64,32768,6946.04
1024,2048,64,65536,12232.9
1024,2048,64,131055,24697.7
1024,4096,0,0,212.938
1024,4096,1,16,213.684
1024,4096,1,32,212.479
1024,4096,1,64,213.941
1024,4096,1,128,213.066
1024,4096,1,256,214.601
1024,4096,1,512,214.132
1024,4096,1,1024,214.153
1024,4096,1,2048,214.399
1024,4096,1,4096,215.38
1024,4096,1,8192,287.37
1024,4096,1,16384,454.453
1024,4096,1,32768,791.239
1024,4096,1,65536,1468.33
1024,4096,1,131055,2897.29
1024,4096,2,16,213.855
1024,4096,2,32,214.729
1024,4096,2,64,214.645
1024,4096,2,128,215.125
1024,4096,2,256,215.104
1024,4096,2,512,214.709
1024,4096,2,1024,215.37
1024,4096,2,2048,215.135
1024,4096,2,4096,217.696
1024,4096,2,8192,290.857
1024,4096,2,16384,457.321
1024,4096,2,32768,797.416
1024,4096,2,65536,1482.15
1024,4096,2,131055,2889.74
1024,4096,4,16,215.892
1024,4096,4,32,217.151
1024,4096,4,64,216.757
1024,4096,4,128,217.193
1024,4096,4,256,217.279
1024,4096,4,512,217.653
1024,4096,4,1024,217.684
1024,4096,4,2048,218.922
1024,4096,4,4096,221.066
1024,4096,4,8192,300.308
1024,4096,4,16384,467.71
1024,4096,4,32768,812.722
1024,4096,4,65536,1497.72
1024,4096,4,131055,2902.04
1024,4096,8,16,220.095
1024,4096,8,32,219.999
1024,4096,8,64,219.775
1024,4096,8,128,220.628
1024,4096,8,256,222.548
1024,4096,8,512,223.231
1024,4096,8,1024,224.436
1024,4096,8,2048,226.26
1024,4096,8,4096,290.986
1024,4096,8,8192,383.337
1024,4096,8,16384,571.678
1024,4096,8,32768,919.271
1024,4096,8,65536,1625.25
1024,4096,8,131055,3021.8
1024,4096,16,16,225.493
1024,4096,16,32,225.343
1024,4096,16,64,226.026
1024,4096,16,128,227.349
1024,4096,16,256,229.546
1024,4096,16,512,234.74
1024,4096,16,1024,247.978
1024,4096,16,2048,275.711
1024,4096,16,4096,323.134
1024,4096,16,8192,498.355
1024,4096,16,16384,900.285
1024,4096,16,32768,1709.34
1024,4096,16,65536,3466.02
1024,4096,16,131055,6336.31
1024,4096,32,16,235.199
1024,4096,32,32,235.541
1024,4096,32,64,236.095
1024,4096,32,128,241.428
1024,4096,32,256,247.924
1024,4096,32,512,262.228
1024,4096,32,1024,297.044
1024,4096,32,2048,362.644
1024,4096,32,4096,485.79
1024,4096,32,8192,832.541
1024,4096,32,16384,1824.82
1024,4096,32,32768,3117.78
1024,4096,32,65536,5896.03
1024,4096,32,131055,11945.2
1024,4096,64,16,257.887
1024,4096,64,32,258.335
1024,4096,64,64,260.501
1024,4096,64,128,273.279
1024,4096,64,256,290.709
1024,4096,64,512,323.518
1024,4096,64,1024,386.644
1024,4096,64,2048,506.014
1024,4096,64,4096,869.042
1024,4096,64,8192,2413.85
1024,4096,64,16384,5254.6
1024,4096,64,32768,10400.7
1024,4096,64,65536,20592.2
1024,4096,64,131055,41203.3
1024,8192,0,0,385.203
1024,8192,1,16,383.839
1024,8192,1,32,383.87
1024,8192,1,64,384.106
1024,8192,1,128,384.276
1024,8192,1,256,383.987
1024,8192,1,512,384.105
1024,8192,1,1024,384.211
1024,8192,1,2048,383.785
1024,8192,1,4096,384.617
1024,8192,1,8192,388.414
1024,8192,1,16384,546.654
1024,8192,1,32768,885.736
1024,8192,1,65536,1563.41
1024,8192,1,131055,2902.66
1024,8192,2,16,384.724
1024,8192,2,32,384.073
1024,8192,2,64,384.499
1024,8192,2,128,383.977
1024,8192,2,256,384.148
1024,8192,2,512,384.265
1024,8192,2,1024,384.244
1024,8192,2,2048,384.627
1024,8192,2,4096,385.716
1024,8192,2,8192,393.512
1024,8192,2,16384,549.779
1024,8192,2,32768,890.299
1024,8192,2,65536,1569.86
1024,8192,2,131055,2933.27
1024,8192,4,16,385.801
1024,8192,4,32,386.046
1024,8192,4,64,385.917
1024,8192,4,128,385.524
1024,8192,4,256,386.079
1024,8192,4,512,387.114
1024,8192,4,1024,386.686
1024,8192,4,2048,387.817
1024,8192,4,4096,393.727
1024,8192,4,8192,399.999
1024,8192,4,16384,560.222
1024,8192,4,32768,903.537
1024,8192,4,65536,1589.25
1024,8192,4,131055,2956.9
1024,8192,8,16,389.556
1024,8192,8,32,389.119
1024,8192,8,64,388.969
1024,8192,8,128,389.194
1024,8192,8,256,392.328
1024,8192,8,512,392.265
1024,8192,8,1024,392.808
1024,8192,8,2048,394.036
1024,8192,8,4096,401.674
1024,8192,8,8192,549.747
1024,8192,8,16384,735.572
1024,8192,8,32768,1099.95
1024,8192,8,65536,1820.29
1024,8192,8,131055,3304.18
1024,8192,16,16,395.07
1024,8192,16,32,394.089
1024,8192,16,64,393.705
1024,8192,16,128,396.489
1024,8192,16,256,399.497
1024,8192,16,512,403.241
1024,8192,16,1024,414.569
1024,8192,16,2048,439.144
1024,8192,16,4096,496.286
1024,8192,16,8192,594.344
1024,8192,16,16384,957.596
1024,8192,16,32768,1910.82
1024,8192,16,65536,3753.62
1024,8192,16,131055,7375.97
1024,8192,32,16,403.294
1024,8192,32,32,404.212
1024,8192,32,64,403.839
1024,8192,32,128,410.355
1024,8192,32,256,415.059
1024,8192,32,512,425.855
1024,8192,32,1024,456.148
1024,8192,32,2048,515.199
1024,8192,32,4096,662.301
1024,8192,32,8192,941.852
1024,8192,32,16384,1708.93
1024,8192,32,32768,3905.85
1024,8192,32,65536,7545.29
1024,8192,32,131055,15274.2
1024,8192,64,16,423.369
1024,8192,64,32,424.094
1024,8192,64,64,424.532
1024,8192,64,128,435.699
1024,8192,64,256,451.251
1024,8192,64,512,480.179
1024,8192,64,1024,557.096
1024,8192,64,2048,683.742
1024,8192,64,4096,922.247
1024,8192,64,8192,1739.73
1024,8192,64,16384,5099.32
1024,8192,64,32768,10449.3
1024,8192,64,65536,20603.9
1024,8192,64,131055,41201.2
1024,16384,0,0,729.469
1024,16384,1,16,727.912
1024,16384,1,32,727.602
1024,16384,1,64,727.196
1024,16384,1,128,727.294
1024,16384,1,256,727.453
1024,16384,1,512,728.136
1024,16384,1,1024,727.41
1024,16384,1,2048,729.374
1024,16384,1,4096,726.76
1024,16384,1,8192,727.527
1024,16384,1,16384,743.944
1024,16384,1,32768,1072.29
1024,16384,1,65536,1750.14
1024,16384,1,131055,3090.46
1024,16384,2,16,729.789
1024,16384,2,32,729.95
1024,16384,2,64,728.381
1024,16384,2,128,726.994
1024,16384,2,256,729.299
1024,16384,2,512,727.378
1024,16384,2,1024,728.22
1024,16384,2,2048,725.989
1024,16384,2,4096,728.702
1024,16384,2,8192,727.549
1024,16384,2,16384,749.02
1024,16384,2,32768,1079.75
1024,16384,2,65536,1758.6
1024,16384,2,131055,3109.45
1024,16384,4,16,729.181
1024,16384,4,32,726.886
1024,16384,4,64,729.736
1024,16384,4,128,727.847
1024,16384,4,256,728.925
1024,16384,4,512,729.554
1024,16384,4,1024,730.759
1024,16384,4,2048,730.769
1024,16384,4,4096,729.5
1024,16384,4,8192,743.857
1024,16384,4,16384,759.955
1024,16384,4,32768,1109.86
1024,16384,4,65536,1806.94
1024,16384,4,131055,3226.65
1024,16384,8,16,729.97
1024,16384,8,32,731.176
1024,16384,8,64,729.427
1024,16384,8,128,728.167
1024,16384,8,256,729.245
1024,16384,8,512,731.911
1024,16384,8,1024,729.703
1024,16384,8,2048,731.581
1024,16384,8,4096,732.35
1024,16384,8,8192,754.557
1024,16384,8,16384,1084.65
1024,16384,8,32768,1449.69
1024,16384,8,65536,2196.11
1024,16384,8,131055,3673.29
1024,16384,16,16,735.857
1024,16384,16,32,734.354
1024,16384,16,64,733.864
1024,16384,16,128,735.079
1024,16384,16,256,738.685
1024,16384,16,512,742.322
1024,16384,16,1024,754.727
1024,16384,16,2048,778.728
1024,16384,16,4096,831.027
1024,16384,16,8192,945.36
1024,16384,16,16384,1137.67
1024,16384,16,32768,1878.53
1024,16384,16,65536,3889.67
1024,16384,16,131055,7473.29
1024,16384,32,16,745.99
1024,16384,32,32,744.275
1024,16384,32,64,745.277
1024,16384,32,128,749.139
1024,16384,32,256,754.609
1024,16384,32,512,768.455
1024,16384,32,1024,789.673
1024,16384,32,2048,842.482
1024,16384,32,4096,951.377
1024,16384,32,8192,1275.76
1024,16384,32,16384,1851.43
1024,16384,32,32768,3454.34
1024,16384,32,65536,7682.67
1024,16384,32,131055,15507.6
1024,16384,64,16,766.984
1024,16384,64,32,763.186
1024,16384,64,64,765.48
1024,16384,64,128,776.338
1024,16384,64,256,791.633
1024,16384,64,512,813.255
1024,16384,64,1024,883.304
1024,16384,64,2048,1005.55
1024,16384,64,4096,1330.13
1024,16384,64,8192,1790.24
1024,16384,64,16384,3550.27
1024,16384,64,32768,10507.1
1024,16384,64,65536,20740
1024,16384,64,131055,41417.1
1024,32768,0,0,1423.91
1024,32768,1,16,1424.89
1024,32768,1,32,1418.88
1024,32768,1,64,1423.43
1024,32768,1,128,1424.53
1024,32768,1,256,1420.22
1024,32768,1,512,1419.91
1024,32768,1,1024,1418.33
1024,32768,1,2048,1420.29
1024,32768,1,4096,1425.63
1024,32768,1,8192,1424.39
1024,32768,1,16384,1425.04
1024,32768,1,32768,1440.59
1024,32768,1,65536,2107.29
1024,32768,1,131055,3453.19
1024,32768,2,16,1417.93
1024,32768,2,32,1424.93
1024,32768,2,64,1419.78
1024,32768,2,128,1417.02
1024,32768,2,256,1416.89
1024,32768,2,512,1416.29
1024,32768,2,1024,1421.21
1024,32768,2,2048,1422.7
1024,32768,2,4096,1422.91
1024,32768,2,8192,1424.74
1024,32768,2,16384,1421.47
1024,32768,2,32768,1458.61
1024,32768,2,65536,2182.03
1024,32768,2,131055,3607.76
1024,32768,4,16,1423.75
1024,32768,4,32,1426.38
1024,32768,4,64,1423.56
1024,32768,4,128,1421.62
1024,32768,4,256,1424.9
1024,32768,4,512,1419.87
1024,32768,4,1024,1423.08
1024,32768,4,2048,1421.73
1024,32768,4,4096,1420.42
1024,32768,4,8192,1423.91
1024,32768,4,16384,1431.51
1024,32768,4,32768,1492.02
1024,32768,4,65536,2218.35
1024,32768,4,131055,3637.55
1024,32768,8,16,1419.58
1024,32768,8,32,1417.92
1024,32768,8,64,1420.08
1024,32768,8,128,1424.78
1024,32768,8,256,1423.68
1024,32768,8,512,1424.2
1024,32768,8,1024,1425.77
1024,32768,8,2048,1420.2
1024,32768,8,4096,1422.09
1024,32768,8,8192,1428.22
1024,32768,8,16384,1433.19
1024,32768,8,32768,2170.52
1024,32768,8,65536,2899.66
1024,32768,8,131055,4372.16
1024,32768,16,16,1430.65
1024,32768,16,32,1423.54
1024,32768,16,64,1421.95
1024,32768,16,128,1414.49
1024,32768,16,256,1425.71
1024,32768,16,512,1432.47
1024,32768,16,1024,1438.24
1024,32768,16,2048,1460.41
1024,32768,16,4096,1507.69
1024,32768,16,8192,1626.22
1024,32768,16,16384,1842.63
1024,32768,16,32768,2230.42
1024,32768,16,65536,3767.03
1024,32768,16,131055,7751.76
1024,32768,32,16,1435.34
1024,32768,32,32,1435.45
1024,32768,32,64,1435.06
1024,32768,32,128,1434.3
1024,32768,32,256,1441.83
1024,32768,32,512,1452.44
1024,32768,32,1024,1475.63
1024,32768,32,2048,1525.78
1024,32768,32,4096,1623.06
1024,32768,32,8192,1859.14
1024,32768,32,16384,2535.15
1024,32768,32,32768,3632.26
1024,32768,32,65536,7731.88
1024,32768,32,131055,17042.3
1024,32768,64,16,1446.26
1024,32768,64,32,1450.01
1024,32768,64,64,1449.24
1024,32768,64,128,1459.29
1024,32768,64,256,1477.22
1024,32768,64,512,1499.28
1024,32768,64,1024,1544.7
1024,32768,64,2048,1674.46
1024,32768,64,4096,1972.73
1024,32768,64,8192,2728.39
1024,32768,64,16384,3719.77
1024,32768,64,32768,9146.21
1024,32768,64,65536,20784.7
1024,32768,64,131055,41530.2
1024,65536,0,0,2826.98
1024,65536,1,16,2821.11
1024,65536,1,32,2827.91
1024,65536,1,64,2818.48
1024,65536,1,128,2813.66
1024,65536,1,256,2826.67
1024,65536,1,512,2816.94
1024,65536,1,1024,2818.85
1024,65536,1,2048,2822.59
1024,65536,1,4096,2820.05
1024,65536,1,8192,2812.43
1024,65536,1,16384,2824.9
1024,65536,1,32768,2838.63
1024,65536,1,65536,2932.72
1024,65536,1,131055,4317.46
1024,65536,2,16,2811.83
1024,65536,2,32,2806.99
1024,65536,2,64,2819.36
1024,65536,2,128,2815.51
1024,65536,2,256,2824.35
1024,65536,2,512,2819.6
1024,65536,2,1024,2838.5
1024,65536,2,2048,2832.64
1024,65536,2,4096,2818.32
1024,65536,2,8192,2825.94
1024,65536,2,16384,2843.25
1024,65536,2,32768,2831.2
1024,65536,2,65536,2928.62
1024,65536,2,131055,4364.94
1024,65536,4,16,2809.86
1024,65536,4,32,2824.09
1024,65536,4,64,2813.62
1024,65536,4,128,2818.18
1024,65536,4,256,2812.02
1024,65536,4,512,2811.82
1024,65536,4,1024,2816.9
1024,65536,4,2048,2825.48
1024,65536,4,4096,2814.75
1024,65536,4,8192,2829.1
1024,65536,4,16384,2832.98
1024,65536,4,32768,2857.9
1024,65536,4,65536,2951.57
1024,65536,4,131055,4393.58
1024,65536,8,16,2823.23
1024,65536,8,32,2813.59
1024,65536,8,64,2810.48
1024,65536,8,128,2819.86
1024,65536,8,256,2828.8
1024,65536,8,512,2830.7
1024,65536,8,1024,2822.57
1024,65536,8,2048,2817.47
1024,65536,8,4096,2823.39
1024,65536,8,8192,2834.56
1024,65536,8,16384,2853.41
1024,65536,8,32768,2870.7
1024,65536,8,65536,4331.49
1024,65536,8,131055,5788.7
1024,65536,16,16,2831.24
1024,65536,16,32,2837.02
1024,65536,16,64,2820.56
1024,65536,16,128,2829.6
1024,65536,16,256,2821.13
1024,65536,16,512,2823.78
1024,65536,16,1024,2841.54
1024,65536,16,2048,2833.02
1024,65536,16,4096,2904.72
1024,65536,16,8192,3001.62
1024,65536,16,16384,3245.24
1024,65536,16,32768,3646.75
1024,65536,16,65536,4407.99
1024,65536,16,131055,7630.21
1024,65536,32,16,2816.24
1024,65536,32,32,2827.98
1024,65536,32,64,2826.44
1024,65536,32,128,2836.66
1024,65536,32,256,2847.46
1024,65536,32,512,2849.93
1024,65536,32,1024,2871.77
1024,65536,32,2048,2913.52
1024,65536,32,4096,2991.93
1024,65536,32,8192,3221.7
1024,65536,32,16384,3684.93
1024,65536,32,32768,5085.01
1024,65536,32,65536,7202.23
1024,65536,32,131055,16609.2
1024,65536,64,16,2836.84
1024,65536,64,32,2830.54
1024,65536,64,64,2843.9
1024,65536,64,128,2853.98
1024,65536,64,256,2870.34
1024,65536,64,512,2903.21
1024,65536,64,1024,2940.53
1024,65536,64,2048,3044.53
1024,65536,64,4096,3286.53
1024,65536,64,8192,4025.32
1024,65536,64,16384,5488.05
1024,65536,64,32768,8937.12
1024,65536,64,65536,18216.9
1024,65536,64,131055,41633
2048,0,0,0,109.632
2048,0,1,16,111.616
2048,0,1,32,111.275
2048,0,1,64,112.138
2048,0,1,128,111.801
2048,0,1,256,111.562
2048,0,1,512,112.448
2048,0,1,1024,113.237
2048,0,1,2048,116.202
2048,0,1,4096,160
2048,0,1,8192,243.978
2048,0,1,16384,412.692
2048,0,1,32768,749.543
2048,0,1,65536,1464.81
2048,0,1,131055,2903.61
2048,0,2,16,112.5
2048,0,2,32,113.055
2048,0,2,64,112.768
2048,0,2,128,112.831
2048,0,2,256,113.696
2048,0,2,512,115.157
2048,0,2,1024,116.266
2048,0,2,2048,123.061
2048,0,2,4096,167.647
2048,0,2,8192,252.809
2048,0,2,16384,421.289
2048,0,2,32768,758.62
2048,0,2,65536,1466.84
2048,0,2,131055,2898.16
2048,0,4,16,114.132
2048,0,4,32,113.781
2048,0,4,64,114.432
2048,0,4,128,115.797
2048,0,4,256,116.831
2048,0,4,512,118.293
2048,0,4,1024,122.986
2048,0,4,2048,134.015
2048,0,4,4096,183.541
2048,0,4,8192,268.873
2048,0,4,16384,439.497
2048,0,4,32768,780.786
2048,0,4,65536,1469.37
2048,0,4,131055,2914.71
2048,0,8,16,119.498
2048,0,8,32,121.237
2048,0,8,64,120.394
2048,0,8,128,122.442
2048,0,8,256,123.967
2048,0,8,512,127.732
2048,0,8,1024,135.935
2048,0,8,2048,155.381
2048,0,8,4096,215.637
2048,0,8,8192,316.233
2048,0,8,16384,488.436
2048,0,8,32768,835.784
2048,0,8,65536,1531.4
2048,0,8,131055,2936.29
2048,0,16,16,131.338
2048,0,16,32,131.391
2048,0,16,64,131.552
2048,0,16,128,134.816
2048,0,16,256,139.391
2048,0,16,512,146.581
2048,0,16,1024,160.565
2048,0,16,2048,194.89
2048,0,16,4096,283.54
2048,0,16,8192,455.369
2048,0,16,16384,804.807
2048,0,16,32768,1527.42
2048,0,16,65536,3009.67
2048,0,16,131055,5945.78
2048,0,32,16,151.786
2048,0,32,32,152.234
2048,0,32,64,153.194
2048,0,32,128,160.021
2048,0,32,256,167.925
2048,0,32,512,182.153
2048,0,32,1024,208.639
2048,0,32,2048,275.178
2048,0,32,4096,423.348
2048,0,32,8192,719.986
2048,0,32,16384,1295.5
2048,0,32,32768,2492.33
2048,0,32,65536,4912.3
2048,0,32,131055,9640.16
2048,0,64,16,193.972
2048,0,64,32,195.199
2048,0,64,64,195.242
2048,0,64,128,208.661
2048,0,64,256,223.679
2048,0,64,512,251.156
2048,0,64,1024,311.167
2048,0,64,2048,444.351
2048,0,64,4096,823.57
2048,0,64,8192,1660.15
2048,0,64,16384,3162.9
2048,0,64,32768,6659.76
2048,0,64,65536,12149.1
2048,0,64,131055,23960.4
2048,16,0,0,115.199
2048,16,1,16,115.594
2048,16,1,32,115.968
2048,16,1,64,116.052
2048,16,1,128,116.693
2048,16,1,256,116.863
2048,16,1,512,116.458
2048,16,1,1024,118.08
2048,16,1,2048,120.501
2048,16,1,4096,162.527
2048,16,1,8192,249.183
2048,16,1,16384,416.35
2048,16,1,32768,749.384
2048,16,1,65536,1472.48
2048,16,1,131055,2892.27
2048,16,2,16,116.928
2048,16,2,32,116.724
2048,16,2,64,117.61
2048,16,2,128,117.855
2048,16,2,256,117.813
2048,16,2,512,119.584
2048,16,2,1024,121.525
2048,16,2,2048,126.144
2048,16,2,4096,171.892
2048,16,2,8192,255.903
2048,16,2,16384,426.654
2048,16,2,32768,765.671
2048,16,2,65536,1472.97
2048,16,2,131055,2899.4
2048,16,4,16,120.116
2048,16,4,32,119.616
2048,16,4,64,120.095
2048,16,4,128,119.647
2048,16,4,256,120.885
2048,16,4,512,123.647
2048,16,4,1024,127.466
2048,16,4,2048,137.141
2048,16,4,4096,187.371
2048,16,4,8192,272.927
2048,16,4,16384,442.131
2048,16,4,32768,783.239
2048,16,4,65536,1467.16
2048,16,4,131055,2905.65
2048,16,8,16,125.674
2048,16,8,32,126.389
2048,16,8,64,125.066
2048,16,8,128,127.572
2048,16,8,256,130.772
2048,16,8,512,133.77
2048,16,8,1024,140.415
2048,16,8,2048,158.421
2048,16,8,4096,219.754
2048,16,8,8192,321.63
2048,16,8,16384,494.665
2048,16,8,32768,839.496
2048,16,8,65536,1544.03
2048,16,8,131055,2930.19
2048,16,16,16,136.543
2048,16,16,32,136.288
2048,16,16,64,136.299
2048,16,16,128,139.114
2048,16,16,256,143.52
2048,16,16,512,151.701
2048,16,16,1024,165.46
2048,16,16,2048,198.431
2048,16,16,4096,287.103
2048,16,16,8192,457.833
2048,16,16,16384,807.121
2048,16,16,32768,1529.24
2048,16,16,65536,3006.59
2048,16,16,131055,5950.17
2048,16,32,16,157.14
2048,16,32,32,157.695
2048,16,32,64,158.324
2048,16,32,128,164.565
2048,16,32,256,172.373
2048,16,32,512,186.133
2048,16,32,1024,213.78
2048,16,32,2048,279.849
2048,16,32,4096,426.515
2048,16,32,8192,723.283
2048,16,32,16384,1304.01
2048,16,32,32768,2510.9
2048,16,32,65536,4965.56
2048,16,32,131055,9684.77
2048,16,64,16,199.093
2048,16,64,32,198.473
2048,16,64,64,199.252
2048,16,64,128,213.354
2048,16,64,256,228.682
2048,16,64,512,256.425
2048,16,64,1024,316.329
2048,16,64,2048,446.451
2048,16,64,4096,822.93
2048,16,64,8192,1696.86
2048,16,64,16384,3189.52
2048,16,64,32768,6529.22
2048,16,64,65536,12161.7
2048,16,64,131055,24052.7
2048,32,0,0,115.018
2048,32,1,16,115.967
2048,32,1,32,115.775
2048,32,1,64,115.957
2048,32,1,128,117.099
2048,32,1,256,116.757
2048,32,1,512,117.429
2048,32,1,1024,118.666
2048,32,1,2048,120.906
2048,32,1,4096,163.711
2048,32,1,8192,247.796
2048,32,1,16384,418.269
2048,32,1,32768,754.077
2048,32,1,65536,1458.45
2048,32,1,131055,2888.42
2048,32,2,16,116.138
2048,32,2,32,117.47
2048,32,2,64,117.493
2048,32,2,128,118.56
2048,32,2,256,117.994
2048,32,2,512,119.924
2048,32,2,1024,120.949
2048,32,2,2048,126.079
2048,32,2,4096,170.816
2048,32,2,8192,256.106
2048,32,2,16384,420.532
2048,32,2,32768,764.85
2048,32,2,65536,1467.06
2048,32,2,131055,2909.92
2048,32,4,16,119.392
2048,32,4,32,119.125
2048,32,4,64,119.508
2048,32,4,128,120.522
2048,32,4,256,122.613
2048,32,4,512,123.615
2048,32,4,1024,127.2
2048,32,4,2048,137.706
2048,32,4,4096,187.391
2048,32,4,8192,273.023
2048,32,4,16384,438.953
2048,32,4,32768,779.869
2048,32,4,65536,1470
2048,32,4,131055,2916.49
2048,32,8,16,125.055
2048,32,8,32,125.333
2048,32,8,64,125.515
2048,32,8,128,127.519
2048,32,8,256,129.919
2048,32,8,512,132.832
2048,32,8,1024,140.896
2048,32,8,2048,158.868
2048,32,8,4096,219.359
2048,32,8,8192,322.249
2048,32,8,16384,494.237
2048,32,8,32768,844.028
2048,32,8,65536,1543.9
2048,32,8,131055,2934.93
2048,32,16,16,136.266
2048,32,16,32,136.832
2048,32,16,64,136.106
2048,32,16,128,139.722
2048,32,16,256,144.244
2048,32,16,512,151.402
2048,32,16,1024,165.653
2048,32,16,2048,198.207
2048,32,16,4096,288.169
2048,32,16,8192,456.233
2048,32,16,16384,808.936
2048,32,16,32768,1525.7
2048,32,16,65536,3002.13
2048,32,16,131055,5952.86
2048,32,32,16,157.888
2048,32,32,32,157.813
2048,32,32,64,158.431
2048,32,32,128,165.151
2048,32,32,256,172.106
2048,32,32,512,186.751
2048,32,32,1024,214.196
2048,32,32,2048,279.551
2048,32,32,4096,427.646
2048,32,32,8192,726.547
2048,32,32,16384,1305.53
2048,32,32,32768,2515.05
2048,32,32,65536,4955.94
2048,32,32,131055,9720.38
2048,32,64,16,198.719
2048,32,64,32,198.932
2048,32,64,64,198.335
2048,32,64,128,213.503
2048,32,64,256,228.202
2048,32,64,512,255.636
2048,32,64,1024,316.158
2048,32,64,2048,447.39
2048,32,64,4096,826.791
2048,32,64,8192,1698.65
2048,32,64,16384,3223.6
2048,32,64,32768,6656.39
2048,32,64,65536,12112.3
2048,32,64,131055,24108
2048,64,0,0,114.485
2048,64,1,16,114.613
2048,64,1,32,115.946
2048,64,1,64,116.554
2048,64,1,128,116.064
2048,64,1,256,115.285
2048,64,1,512,116.916
2048,64,1,1024,118.421
2048,64,1,2048,120.586
2048,64,1,4096,163.466
2048,64,1,8192,248.308
2048,64,1,16384,417.086
2048,64,1,32768,754.739
2048,64,1,65536,1461.2
2048,64,1,131055,2904.94
2048,64,2,16,117.781
2048,64,2,32,116.938
2048,64,2,64,117.226
2048,64,2,128,118.538
2048,64,2,256,118.826
2048,64,2,512,120.406
2048,64,2,1024,122.197
2048,64,2,2048,126.698
2048,64,2,4096,171.594
2048,64,2,8192,255.359
2048,64,2,16384,424.297
2048,64,2,32768,764.211
2048,64,2,65536,1466.47
2048,64,2,131055,2884.96
2048,64,4,16,119.061
2048,64,4,32,120.672
2048,64,4,64,120.714
2048,64,4,128,121.792
2048,64,4,256,122.048
2048,64,4,512,123.488
2048,64,4,1024,127.659
2048,64,4,2048,137.92
2048,64,4,4096,187.572
2048,64,4,8192,272.447
2048,64,4,16384,442.452
2048,64,4,32768,781.865
2048,64,4,65536,1473.28
2048,64,4,131055,2910.82
2048,64,8,16,125.12
2048,64,8,32,126.314
2048,64,8,64,125.653
2048,64,8,128,127.754
2048,64,8,256,128.724
2048,64,8,512,133.887
2048,64,8,1024,140.811
2048,64,8,2048,159.306
2048,64,8,4096,219.402
2048,64,8,8192,321.844
2048,64,8,16384,495.497
2048,64,8,32768,844.263
2048,64,8,65536,1544.82
2048,64,8,131055,2950.47
2048,64,16,16,135.935
2048,64,16,32,136.288
2048,64,16,64,136.384
2048,64,16,128,141.024
2048,64,16,256,144.405
2048,64,16,512,151.551
2048,64,16,1024,165.696
2048,64,16,2048,198.634
2048,64,16,4096,287.785
2048,64,16,8192,457.95
2048,64,16,16384,811.966
2048,64,16,32768,1525.72
2048,64,16,65536,3008.79
2048,64,16,131055,5947.21
2048,64,32,16,157.098
2048,64,32,32,157.887
2048,64,32,64,158.282
2048,64,32,128,165.343
2048,64,32,256,173.023
2048,64,32,512,186.175
2048,64,32,1024,215.38
2048,64,32,2048,280.159
2048,64,32,4096,426.665
2048,64,32,8192,723.517
2048,64,32,16384,1305.26
2048,64,32,32768,2503.55
2048,64,32,65536,4925.41
2048,64,32,131055,9702.69
2048,64,64,16,198.292
2048,64,64,32,199.061
2048,64,64,64,199.829
2048,64,64,128,214.73
2048,64,64,256,228.522
2048,64,64,512,256.65
2048,64,64,1024,317.162
2048,64,64,2048,447.369
2048,64,64,4096,825.138
2048,64,64,8192,1688.02
2048,64,64,16384,3262.89
2048,64,64,32768,6624.15
2048,64,64,65536,12106
2048,64,64,131055,24012.1
2048,128,0,0,118.933
2048,128,1,16,120.896
2048,128,1,32,120.447
2048,128,1,64,120.213
2048,128,1,128,119.797
2048,128,1,256,121.087
2048,128,1,512,120.8
2048,128,1,1024,122.069
2048,128,1,2048,124.234
2048,128,1,4096,167.114
2048,128,1,8192,251.135
2048,128,1,16384,419.764
2048,128,1,32768,757.748
2048,128,1,65536,1465.95
2048,128,1,131055,2901.72
2048,128,2,16,121.845
2048,128,2,32,120.768
2048,128,2,64,120.853
2048,128,2,128,122.1
2048,128,2,256,121.845
2048,128,2,512,123.882
2048,128,2,1024,125.813
2048,128,2,2048,129.376
2048,128,2,4096,174.911
2048,128,2,8192,259.989
2048,128,2,16384,427.423
2048,128,2,32768,765.353
2048,128,2,65536,1467.58
2048,128,2,131055,2905.02
2048,128,4,16,124.138
2048,128,4,32,124.469
2048,128,4,64,124.351
2048,128,4,128,125.205
2048,128,4,256,125.237
2048,128,4,512,128.586
2048,128,4,1024,132.298
2048,128,4,2048,140.768
2048,128,4,4096,191.669
2048,128,4,8192,276.095
2048,128,4,16384,446.344
2048,128,4,32768,789.693
2048,128,4,65536,1484.66
2048,128,4,131055,2925.72
2048,128,8,16,129.589
2048,128,8,32,129.525
2048,128,8,64,129.493
2048,128,8,128,131.199
2048,128,8,256,132.831
2048,128,8,512,137.813
2048,128,8,1024,144.064
2048,128,8,2048,161.653
2048,128,8,4096,223.594
2048,128,8,8192,328.894
2048,128,8,16384,501.737
2048,128,8,32768,849.714
2048,128,8,65536,1544.55
2048,128,8,131055,2933.68
2048,128,16,16,140.202
2048,128,16,32,138.911
2048,128,16,64,140.266
2048,128,16,128,143.967
2048,128,16,256,147.487
2048,128,16,512,156.021
2048,128,16,1024,170.057
2048,128,16,2048,202.399
2048,128,16,4096,293.022
2048,128,16,8192,461.491
2048,128,16,16384,813.277
2048,128,16,32768,1526.88
2048,128,16,65536,2999.1
2048,128,16,131055,5964.8
2048,128,32,16,161.354
2048,128,32,32,161.706
2048,128,32,64,161.588
2048,128,32,128,168.575
2048,128,32,256,175.839
2048,128,32,512,190.741
2048,128,32,1024,218.623
2048,128,32,2048,283.531
2048,128,32,4096,430.409
2048,128,32,8192,728.029
2048,128,32,16384,1312.52
2048,128,32,32768,2523.3
2048,128,32,65536,4956.72
2048,128,32,131055,9783.43
2048,128,64,16,203.444
2048,128,64,32,203.402
2048,128,64,64,202.218
2048,128,64,128,218.09
2048,128,64,256,231.85
2048,128,64,512,260.628
2048,128,64,1024,320.627
2048,128,64,2048,451.433
2048,128,64,4096,831.57
2048,128,64,8192,1720.92
2048,128,64,16384,3265.29
2048,128,64,32768,7046.25
2048,128,64,65536,12279.6
2048,128,64,131055,24081.3
2048,256,0,0,127.391
2048,256,1,16,127.839
2048,256,1,32,129.109
2048,256,1,64,129.237
2048,256,1,128,128.884
2048,256,1,256,129.44
2048,256,1,512,129.696
2048,256,1,1024,131.893
2048,256,1,2048,132.49
2048,256,1,4096,173.482
2048,256,1,8192,257.279
2048,256,1,16384,426.175
2048,256,1,32768,758.279
2048,256,1,65536,1461.12
2048,256,1,131055,2903
2048,256,2,16,130.965
2048,256,2,32,131.253
2048,256,2,64,130.431
2048,256,2,128,130.378
2048,256,2,256,131.37
2048,256,2,512,132.128
2048,256,2,1024,134.474
2048,256,2,2048,138.015
2048,256,2,4096,182.741
2048,256,2,8192,267.754
2048,256,2,16384,436.361
2048,256,2,32768,775.976
2048,256,2,65536,1468.94
2048,256,2,131055,2895.27
2048,256,4,16,132.884
2048,256,4,32,132.394
2048,256,4,64,133.002
2048,256,4,128,134.24
2048,256,4,256,135.168
2048,256,4,512,137.013
2048,256,4,1024,140.191
2048,256,4,2048,148.501
2048,256,4,4096,199.839
2048,256,4,8192,285.044
2048,256,4,16384,454.835
2048,256,4,32768,797.704
2048,256,4,65536,1473.55
2048,256,4,131055,2908.05
2048,256,8,16,138.506
2048,256,8,32,138.059
2048,256,8,64,138.474
2048,256,8,128,139.946
2048,256,8,256,142.762
2048,256,8,512,146.645
2048,256,8,1024,152.607
2048,256,8,2048,167.957
2048,256,8,4096,230.975
2048,256,8,8192,341.599
2048,256,8,16384,514.644
2048,256,8,32768,866.418
2048,256,8,65536,1563.62
2048,256,8,131055,2947.56
2048,256,16,16,148.821
2048,256,16,32,148.437
2048,256,16,64,147.914
2048,256,16,128,152.724
2048,256,16,256,156.34
2048,256,16,512,163.999
2048,256,16,1024,178.697
2048,256,16,2048,208.895
2048,256,16,4096,300.159
2048,256,16,8192,469.065
2048,256,16,16384,813.372
2048,256,16,32768,1539.47
2048,256,16,65536,3007.37
2048,256,16,131055,5975.37
2048,256,32,16,169.771
2048,256,32,32,170.036
2048,256,32,64,170.591
2048,256,32,128,178.176
2048,256,32,256,185.578
2048,256,32,512,199.615
2048,256,32,1024,227.391
2048,256,32,2048,290.612
2048,256,32,4096,437.076
2048,256,32,8192,740.167
2048,256,32,16384,1323.43
2048,256,32,32768,2542.62
2048,256,32,65536,4997.55
2048,256,32,131055,9873.73
2048,256,64,16,212.394
2048,256,64,32,212.437
2048,256,64,64,211.211
2048,256,64,128,225.961
2048,256,64,256,242.303
2048,256,64,512,269.098
2048,256,64,1024,329.204
2048,256,64,2048,457.769
2048,256,64,4096,831.816
2048,256,64,8192,1786.77
2048,256,64,16384,3361.51
2048,256,64,32768,6856.9
2048,256,64,65536,12423.2
2048,256,64,131055,25627.1
2048,512,0,0,145.951
2048,512,1,16,146.388
2048,512,1,32,146.549
2048,512,1,64,147.626
2048,512,1,128,147.061
2048,512,1,256,147.338
2048,512,1,512,147.764
2048,512,1,1024,148.17
2048,512,1,2048,151.241
2048,512,1,4096,186.57
2048,512,1,8192,271.22
2048,512,1,16384,442.111
2048,512,1,32768,776.914
2048,512,1,65536,1471.07
2048,512,1,131055,2899.95
2048,512,2,16,148.159
2048,512,2,32,148.256
2048,512,2,64,148.138
2048,512,2,128,148.202
2048,512,2,256,148.917
2048,512,2,512,150.047
2048,512,2,1024,152.128
2048,512,2,2048,155.764
2048,512,2,4096,195.978
2048,512,2,8192,281.684
2048,512,2,16384,451.166
2048,512,2,32768,792.359
2048,512,2,65536,1477.85
2048,512,2,131055,2900.15
2048,512,4,16,149.247
2048,512,4,32,150.261
2048,512,4,64,151.146
2048,512,4,128,151.53
2048,512,4,256,152.554
2048,512,4,512,154.634
2048,512,4,1024,158.228
2048,512,4,2048,164.692
2048,512,4,4096,211.434
2048,512,4,8192,301.439
2048,512,4,16384,474.666
2048,512,4,32768,814.108
2048,512,4,65536,1501.64
2048,512,4,131055,2919.09
2048,512,8,16,155.275
2048,512,8,32,155.541
2048,512,8,64,155.563
2048,512,8,128,157.631
2048,512,8,256,159.509
2048,512,8,512,163.701
2048,512,8,1024,170.687
2048,512,8,2048,181.919
2048,512,8,4096,245.929
2048,512,8,8192,363.657
2048,512,8,16384,535.305
2048,512,8,32768,882.141
2048,512,8,65536,1580.14
2048,512,8,131055,2969.68
2048,512,16,16,165.215
2048,512,16,32,165.504
2048,512,16,64,165.823
2048,512,16,128,170.25
2048,512,16,256,173.738
2048,512,16,512,181.673
2048,512,16,1024,195.626
2048,512,16,2048,222.036
2048,512,16,4096,311.582
2048,512,16,8192,483.411
2048,512,16,16384,826.418
2048,512,16,32768,1550.19
2048,512,16,65536,3025.52
2048,512,16,131055,6048.23
2048,512,32,16,187.668
2048,512,32,32,187.818
2048,512,32,64,188.298
2048,512,32,128,195.349
2048,512,32,256,202.954
2048,512,32,512,217.556
2048,512,32,1024,244.874
2048,512,32,2048,304.958
2048,512,32,4096,449.225
2048,512,32,8192,765.543
2048,512,32,16384,1333.18
2048,512,32,32768,2556.49
2048,512,32,65536,5093.35
2048,512,32,131055,9928.61
2048,512,64,16,227.977
2048,512,64,32,230.431
2048,512,64,64,230.741
2048,512,64,128,245.556
2048,512,64,256,259.722
2048,512,64,512,287.924
2048,512,64,1024,348.734
2048,512,64,2048,471.251
2048,512,64,4096,842.812
2048,512,64,8192,1880.07
2048,512,64,16384,3652.07
2048,512,64,32768,7101.55
2048,512,64,65536,13552.3
2048,512,64,131055,26617.8
2048,1024,0,0,178.687
2048,1024,1,16,180.266
2048,1024,1,32,179.85
2048,1024,1,64,180.938
2048,1024,1,128,181.172
2048,1024,1,256,180.629
2048,1024,1,512,182.036
2048,1024,1,1024,182.421
2048,1024,1,2048,185.226
2048,1024,1,4096,211.466
2048,1024,1,8192,296.543
2048,1024,1,16384,465.834
2048,1024,1,32768,805.277
2048,1024,1,65536,1476
2048,1024,1,131055,2893.53
2048,1024,2,16,181.749
2048,1024,2,32,181.898
2048,1024,2,64,182.005
2048,1024,2,128,183.082
2048,1024,2,256,183.743
2048,1024,2,512,184.277
2048,1024,2,1024,186.399
2048,1024,2,2048,189.557
2048,1024,2,4096,221.513
2048,1024,2,8192,309.769
2048,1024,2,16384,478.43
2048,1024,2,32768,818.876
2048,1024,2,65536,1496.59
2048,1024,2,131055,2900.27
2048,1024,4,16,184.308
2048,1024,4,32,184.458
2048,1024,4,64,184.298
2048,1024,4,128,185.077
2048,1024,4,256,186.943
2048,1024,4,512,189.738
2048,1024,4,1024,193.151
2048,1024,4,2048,199.167
2048,1024,4,4096,240.458
2048,1024,4,8192,335.284
2048,1024,4,16384,505.715
2048,1024,4,32768,845.104
2048,1024,4,65536,1535.13
2048,1024,4,131055,2910.38
2048,1024,8,16,189.354
2048,1024,8,32,189.706
2048,1024,8,64,189.951
2048,1024,8,128,191.839
2048,1024,8,256,193.344
2048,1024,8,512,197.898
2048,1024,8,1024,204.735
2048,1024,8,2048,221.055
2048,1024,8,4096,271.39
2048,1024,8,8192,392.158
2048,1024,8,16384,583.785
2048,1024,8,32768,927.622
2048,1024,8,65536,1628.44
2048,1024,8,131055,3025.09
2048,1024,16,16,198.783
2048,1024,16,32,198.996
2048,1024,16,64,200.49
2048,1024,16,128,203.669
2048,1024,16,256,206.708
2048,1024,16,512,215.86
2048,1024,16,1024,230.388
2048,1024,16,2048,256.223
2048,1024,16,4096,341.396
2048,1024,16,8192,515.113
2048,1024,16,16384,847.635
2048,1024,16,32768,1578.35
2048,1024,16,65536,3122.82
2048,1024,16,131055,6127.39
2048,1024,32,16,221.877
2048,1024,32,32,221.834
2048,1024,32,64,221.748
2048,1024,32,128,228.927
2048,1024,32,256,236.191
2048,1024,32,512,252.511
2048,1024,32,1024,280.148
2048,1024,32,2048,334.847
2048,1024,32,4096,478.931
2048,1024,32,8192,804.904
2048,1024,32,16384,1502.51
2048,1024,32,32768,2859.73
2048,1024,32,65536,5912.14
2048,1024,32,131055,11327.2
2048,1024,64,16,262.399
2048,1024,64,32,264.372
2048,1024,64,64,264.543
2048,1024,64,128,278.463
2048,1024,64,256,294.281
2048,1024,64,512,322.484
2048,1024,64,1024,383.262
2048,1024,64,2048,500.531
2048,1024,64,4096,847.357
2048,1024,64,8192,2032.72
2048,1024,64,16384,4120.81
2048,1024,64,32768,7782.15
2048,1024,64,65536,14565.9
2048,1024,64,131055,28305.3
2048,2048,0,0,245.535
2048,2048,1,16,245.877
2048,2048,1,32,245.791
2048,2048,1,64,246.911
2048,2048,1,128,245.578
2048,2048,1,256,247.444
2048,2048,1,512,247.7
2048,2048,1,1024,248.031
2048,2048,1,2048,249.322
2048,2048,1,4096,255.786
2048,2048,1,8192,343.881
2048,2048,1,16384,513.065
2048,2048,1,32768,849.961
2048,2048,1,65536,1527.55
2048,2048,1,131055,2901.61
2048,2048,2,16,247.103
2048,2048,2,32,247.103
2048,2048,2,64,246.367
2048,2048,2,128,247.743
2048,2048,2,256,246.698
2048,2048,2,512,249.556
2048,2048,2,1024,251.039
2048,2048,2,2048,255.348
2048,2048,2,4096,267.167
2048,2048,2,8192,367.603
2048,2048,2,16384,534.91
2048,2048,2,32768,873.917
2048,2048,2,65536,1545.23
2048,2048,2,131055,2904.26
2048,2048,4,16,247.828
2048,2048,4,32,248.448
2048,2048,4,64,248.094
2048,2048,4,128,249.941
2048,2048,4,256,251.327
2048,2048,4,512,252.693
2048,2048,4,1024,258.25
2048,2048,4,2048,270.751
2048,2048,4,4096,291.903
2048,2048,4,8192,391.614
2048,2048,4,16384,570.495
2048,2048,4,32768,911.08
2048,2048,4,65536,1591.34
2048,2048,4,131055,2991.19
2048,2048,8,16,253.044
2048,2048,8,32,253.599
2048,2048,8,64,254.122
2048,2048,8,128,256.639
2048,2048,8,256,257.365
2048,2048,8,512,262.398
2048,2048,8,1024,271.413
2048,2048,8,2048,291.754
2048,2048,8,4096,327.167
2048,2048,8,8192,451.486
2048,2048,8,16384,673.555
2048,2048,8,32768,1019.43
2048,2048,8,65536,1717.86
2048,2048,8,131055,3106.92
2048,2048,16,16,264.02
2048,2048,16,32,263.721
2048,2048,16,64,264.458
2048,2048,16,128,268.148
2048,2048,16,256,272.959
2048,2048,16,512,281.47
2048,2048,16,1024,299.572
2048,2048,16,2048,326.761
2048,2048,16,4096,394.665
2048,2048,16,8192,575.56
2048,2048,16,16384,900.584
2048,2048,16,32768,1631.85
2048,2048,16,65536,3123.78
2048,2048,16,131055,6210.27
2048,2048,32,16,286.09
2048,2048,32,32,287.913
2048,2048,32,64,286.633
2048,2048,32,128,295.423
2048,2048,32,256,303.924
2048,2048,32,512,319.786
2048,2048,32,1024,349.278
2048,2048,32,2048,406.11
2048,2048,32,4096,538.462
2048,2048,32,8192,876.658
2048,2048,32,16384,1943.83
2048,2048,32,32768,3407.76
2048,2048,32,65536,6437.22
2048,2048,32,131055,11793.8
2048,2048,64,16,332.948
2048,2048,64,32,333.994
2048,2048,64,64,332.553
2048,2048,64,128,349.492
2048,2048,64,256,364.382
2048,2048,64,512,394.377
2048,2048,64,1024,454.963
2048,2048,64,2048,568.541
2048,2048,64,4096,835.069
2048,2048,64,8192,2399.18
2048,2048,64,16384,4845.27
2048,2048,64,32768,8790.47
2048,2048,64,65536,17004.3
2048,2048,64,131055,33072.6
2048,4096,0,0,372.766
2048,4096,1,16,372.467
2048,4096,1,32,372.991
2048,4096,1,64,372.692
2048,4096,1,128,371.518
2048,4096,1,256,373.662
2048,4096,1,512,372.052
2048,4096,1,1024,374.633
2048,4096,1,2048,376.415
2048,4096,1,4096,375.509
2048,4096,1,8192,426.933
2048,4096,1,16384,599.827
2048,4096,1,32768,935.688
2048,4096,1,65536,1618.7
2048,4096,1,131055,2936.4
2048,4096,2,16,372.308
2048,4096,2,32,372.297
2048,4096,2,64,373.022
2048,4096,2,128,373.801
2048,4096,2,256,374.399
2048,4096,2,512,376.414
2048,4096,2,1024,377.524
2048,4096,2,2048,382.1
2048,4096,2,4096,382.793
2048,4096,2,8192,455.197
2048,4096,2,16384,662.429
2048,4096,2,32768,1001.56
2048,4096,2,65536,1688.02
2048,4096,2,131055,3030.16
2048,4096,4,16,375.635
2048,4096,4,32,374.697
2048,4096,4,64,373.609
2048,4096,4,128,376.778
2048,4096,4,256,376.414
2048,4096,4,512,379.189
2048,4096,4,1024,384.895
2048,4096,4,2048,397.61
2048,4096,4,4096,437.407
2048,4096,4,8192,505.906
2048,4096,4,16384,697.48
2048,4096,4,32768,1038.44
2048,4096,4,65536,1712.48
2048,4096,4,131055,3090.7
2048,4096,8,16,378.611
2048,4096,8,32,380.201
2048,4096,8,64,379.53
2048,4096,8,128,383.39
2048,4096,8,256,383.743
2048,4096,8,512,389.108
2048,4096,8,1024,399.807
2048,4096,8,2048,422.079
2048,4096,8,4096,462.046
2048,4096,8,8192,551.507
2048,4096,8,16384,815.635
2048,4096,8,32768,1190.32
2048,4096,8,65536,1886.1
2048,4096,8,131055,3291.18
2048,4096,16,16,393.513
2048,4096,16,32,389.811
2048,4096,16,64,390.665
2048,4096,16,128,394.356
2048,4096,16,256,400.841
2048,4096,16,512,407.625
2048,4096,16,1024,430.708
2048,4096,16,2048,468.873
2048,4096,16,4096,523.401
2048,4096,16,8192,690.045
2048,4096,16,16384,1060.68
2048,4096,16,32768,1960.9
2048,4096,16,65536,3694.26
2048,4096,16,131055,6775.97
2048,4096,32,16,412.82
2048,4096,32,32,413.737
2048,4096,32,64,414.238
2048,4096,32,128,422.676
2048,4096,32,256,432.446
2048,4096,32,512,454.174
2048,4096,32,1024,485.395
2048,4096,32,2048,543.934
2048,4096,32,4096,664.669
2048,4096,32,8192,954.547
2048,4096,32,16384,2429.46
2048,4096,32,32768,4909.93
2048,4096,32,65536,9433.1
2048,4096,32,131055,18569.6
2048,4096,64,16,462.963
2048,4096,64,32,463.507
2048,4096,64,64,465.395
2048,4096,64,128,480.5
2048,4096,64,256,498.206
2048,4096,64,512,530.397
2048,4096,64,1024,592.285
2048,4096,64,2048,709.63
2048,4096,64,4096,991.708
2048,4096,64,8192,2572.71
2048,4096,64,16384,5390.19
2048,4096,64,32768,10624.3
2048,4096,64,65536,21043.4
2048,4096,64,131055,41990.2
2048,8192,0,0,623.613
2048,8192,1,16,624.841
2048,8192,1,32,623.335
2048,8192,1,64,625.874
2048,8192,1,128,626.921
2048,8192,1,256,625.652
2048,8192,1,512,626.772
2048,8192,1,1024,626.963
2048,8192,1,2048,625.076
2048,8192,1,4096,630.974
2048,8192,1,8192,630.196
2048,8192,1,16384,767.527
2048,8192,1,32768,1109.23
2048,8192,1,65536,1788.04
2048,8192,1,131055,3105.73
2048,8192,2,16,627.988
2048,8192,2,32,626.387
2048,8192,2,64,625.13
2048,8192,2,128,625.64
2048,8192,2,256,630.055
2048,8192,2,512,629.502
2048,8192,2,1024,629.151
2048,8192,2,2048,634.334
2048,8192,2,4096,636.712
2048,8192,2,8192,637.15
2048,8192,2,16384,795.25
2048,8192,2,32768,1252.51
2048,8192,2,65536,1938.1
2048,8192,2,131055,3268.81
2048,8192,4,16,628.884
2048,8192,4,32,628.467
2048,8192,4,64,624.028
2048,8192,4,128,627.902
2048,8192,4,256,629.203
2048,8192,4,512,632.093
2048,8192,4,1024,638.142
2048,8192,4,2048,650.825
2048,8192,4,4096,693.907
2048,8192,4,8192,779.732
2048,8192,4,16384,937.736
2048,8192,4,32768,1288.43
2048,8192,4,65536,1995.15
2048,8192,4,131055,3366.36
2048,8192,8,16,633.384
2048,8192,8,32,632.627
2048,8192,8,64,634.206
2048,8192,8,128,635.314
2048,8192,8,256,637.854
2048,8192,8,512,641.886
2048,8192,8,1024,653.715
2048,8192,8,2048,673.278
2048,8192,8,4096,722.409
2048,8192,8,8192,801.736
2048,8192,8,16384,978.067
2048,8192,8,32768,1504.4
2048,8192,8,65536,2262.41
2048,8192,8,131055,3750.62
2048,8192,16,16,644.307
2048,8192,16,32,642.387
2048,8192,16,64,643.092
2048,8192,16,128,647.486
2048,8192,16,256,650.696
2048,8192,16,512,659.262
2048,8192,16,1024,682.761
2048,8192,16,2048,726.109
2048,8192,16,4096,809.31
2048,8192,16,8192,940.232
2048,8192,16,16384,1330.48
2048,8192,16,32768,2092.09
2048,8192,16,65536,4132.51
2048,8192,16,131055,7712.21
2048,8192,32,16,665.865
2048,8192,32,32,669.268
2048,8192,32,64,666.835
2048,8192,32,128,673.597
2048,8192,32,256,684.98
2048,8192,32,512,703.762
2048,8192,32,1024,748.039
2048,8192,32,2048,822.398
2048,8192,32,4096,927.986
2048,8192,32,8192,1208.01
2048,8192,32,16384,1800.36
2048,8192,32,32768,5109.97
2048,8192,32,65536,10013.4
2048,8192,32,131055,19702.2
2048,8192,64,16,713.586
2048,8192,64,32,712.456
2048,8192,64,64,713.438
2048,8192,64,128,731.954
2048,8192,64,256,748.456
2048,8192,64,512,787.112
2048,8192,64,1024,857.917
2048,8192,64,2048,991.934
2048,8192,64,4096,1281.62
2048,8192,64,8192,1902.64
2048,8192,64,16384,5275.72
2048,8192,64,32768,10698.6
2048,8192,64,65536,21145
2048,8192,64,131055,42098.6
2048,16384,0,0,1130.82
2048,16384,1,16,1133.98
2048,16384,1,32,1137.01
2048,16384,1,64,1132.37
2048,16384,1,128,1132.44
2048,16384,1,256,1132.68
2048,16384,1,512,1135.79
2048,16384,1,1024,1133.45
2048,16384,1,2048,1135.98
2048,16384,1,4096,1138.48
2048,16384,1,8192,1138.03
2048,16384,1,16384,1138.95
2048,16384,1,32768,1447.06
2048,16384,1,65536,2124.9
2048,16384,1,131055,3443.52
2048,16384,2,16,1130.75
2048,16384,2,32,1136.42
2048,16384,2,64,1133.38
2048,16384,2,128,1134.72
2048,16384,2,256,1134.1
2048,16384,2,512,1132.68
2048,16384,2,1024,1137.44
2048,16384,2,2048,1138.88
2048,16384,2,4096,1139.4
2048,16384,2,8192,1141.91
2048,16384,2,16384,1150.53
2048,16384,2,32768,1481.3
2048,16384,2,65536,2444.79
2048,16384,2,131055,3769.87
2048,16384,4,16,1134.56
2048,16384,4,32,1134.25
2048,16384,4,64,1137.86
2048,16384,4,128,1139.88
2048,16384,4,256,1135.06
2048,16384,4,512,1142.17
2048,16384,4,1024,1143.91
2048,16384,4,2048,1155.97
2048,16384,4,4096,1203.45
2048,16384,4,8192,1290.57
2048,16384,4,16384,1461.21
2048,16384,4,32768,1795.97
2048,16384,4,65536,2527.59
2048,16384,4,131055,3970.13
2048,16384,8,16,1141.28
2048,16384,8,32,1140.72
2048,16384,8,64,1138.87
2048,16384,8,128,1140.54
2048,16384,8,256,1145.49
2048,16384,8,512,1154.33
2048,16384,8,1024,1167
2048,16384,8,2048,1182.92
2048,16384,8,4096,1232.23
2048,16384,8,8192,1326.35
2048,16384,8,16384,1489.58
2048,16384,8,32768,1842.04
2048,16384,8,65536,2942.78
2048,16384,8,131055,4427.27
2048,16384,16,16,1151.56
2048,16384,16,32,1148.1
2048,16384,16,64,1151.4
2048,16384,16,128,1156.89
2048,16384,16,256,1164.57
2048,16384,16,512,1170.45
2048,16384,16,1024,1192.31
2048,16384,16,2048,1233.79
2048,16384,16,4096,1326.82
2048,16384,16,8192,1496.75
2048,16384,16,16384,1845.58
2048,16384,16,32768,2601.29
2048,16384,16,65536,4105.13
2048,16384,16,131055,8159.7
2048,16384,32,16,1174.01
2048,16384,32,32,1175.6
2048,16384,32,64,1174.98
2048,16384,32,128,1187.1
2048,16384,32,256,1196.41
2048,16384,32,512,1214.01
2048,16384,32,1024,1257.1
2048,16384,32,2048,1343.35
2048,16384,32,4096,1504.36
2048,16384,32,8192,1731.94
2048,16384,32,16384,2284.39
2048,16384,32,32768,3499.51
2048,16384,32,65536,10412.1
2048,16384,32,131055,20072.1
2048,16384,64,16,1226.6
2048,16384,64,32,1224.12
2048,16384,64,64,1225.54
2048,16384,64,128,1242.98
2048,16384,64,256,1258.33
2048,16384,64,512,1297.82
2048,16384,64,1024,1371.93
2048,16384,64,2048,1528.78
2048,16384,64,4096,1837.4
2048,16384,64,8192,2766.38
2048,16384,64,16384,4402.84
2048,16384,64,32768,10867.6
2048,16384,64,65536,21296.4
2048,16384,64,131055,42300.2
2048,32768,0,0,2163.97
2048,32768,1,16,2165.89
2048,32768,1,32,2163.71
2048,32768,1,64,2164.65
2048,32768,1,128,2162.93
2048,32768,1,256,2163.32
2048,32768,1,512,2165.93
2048,32768,1,1024,2168.61
2048,32768,1,2048,2172.91
2048,32768,1,4096,2171.51
2048,32768,1,8192,2165.38
2048,32768,1,16384,2166.14
2048,32768,1,32768,2177.17
2048,32768,1,65536,2824.03
2048,32768,1,131055,4148.63
2048,32768,2,16,2171.91
2048,32768,2,32,2169.05
2048,32768,2,64,2167.84
2048,32768,2,128,2171.21
2048,32768,2,256,2167.92
2048,32768,2,512,2167.91
2048,32768,2,1024,2171.39
2048,32768,2,2048,2167.79
2048,32768,2,4096,2163.94
2048,32768,2,8192,2172.15
2048,32768,2,16384,2173.07
2048,32768,2,32768,2186.42
2048,32768,2,65536,2873.93
2048,32768,2,131055,4927.94
2048,32768,4,16,2164.53
2048,32768,4,32,2172.55
2048,32768,4,64,2165.57
2048,32768,4,128,2161.4
2048,32768,4,256,2171.32
2048,32768,4,512,2174.97
2048,32768,4,1024,2172.45
2048,32768,4,2048,2188.34
2048,32768,4,4096,2231.29
2048,32768,4,8192,2308.79
2048,32768,4,16384,2489.9
2048,32768,4,32768,2843.62
2048,32768,4,65536,3567.75
2048,32768,4,131055,5023.16
2048,32768,8,16,2174.42
2048,32768,8,32,2167.96
2048,32768,8,64,2161.55
2048,32768,8,128,2181.08
2048,32768,8,256,2180.05
2048,32768,8,512,2179.26
2048,32768,8,1024,2189.13
2048,32768,8,2048,2212.26
2048,32768,8,4096,2254.36
2048,32768,8,8192,2349.19
2048,32768,8,16384,2538.11
2048,32768,8,32768,2889.34
2048,32768,8,65536,3616.76
2048,32768,8,131055,5774.29
2048,32768,16,16,2184.27
2048,32768,16,32,2184.84
2048,32768,16,64,2184
2048,32768,16,128,2184.1
2048,32768,16,256,2186.33
2048,32768,16,512,2197.34
2048,32768,16,1024,2225.76
2048,32768,16,2048,2268.6
2048,32768,16,4096,2349.75
2048,32768,16,8192,2545.67
2048,32768,16,16384,2870.07
2048,32768,16,32768,3590.71
2048,32768,16,65536,5065.74
2048,32768,16,131055,8469.04
2048,32768,32,16,2203.96
2048,32768,32,32,2206.14
2048,32768,32,64,2191.21
2048,32768,32,128,2203.61
2048,32768,32,256,2221.2
2048,32768,32,512,2240.24
2048,32768,32,1024,2278.56
2048,32768,32,2048,2356.16
2048,32768,32,4096,2547.13
2048,32768,32,8192,2876.95
2048,32768,32,16384,3326.76
2048,32768,32,32768,4483.98
2048,32768,32,65536,8609.81
2048,32768,32,131055,20799.9
2048,32768,64,16,2260
2048,32768,64,32,2254.44
2048,32768,64,64,2249.54
2048,32768,64,128,2272.35
2048,32768,64,256,2288
2048,32768,64,512,2323.94
2048,32768,64,1024,2407.74
2048,32768,64,2048,2549.77
2048,32768,64,4096,2923.24
2048,32768,64,8192,3643
2048,32768,64,16384,5533.91
2048,32768,64,32768,9701.81
2048,32768,64,65536,21727.8
2048,32768,64,131055,42511.8
2048,65536,0,0,4233.53
2048,65536,1,16,4248.15
2048,65536,1,32,4230.25
2048,65536,1,64,4247.14
2048,65536,1,128,4253.14
2048,65536,1,256,4226.92
2048,65536,1,512,4259.73
2048,65536,1,1024,4250.43
2048,65536,1,2048,4248.95
2048,65536,1,4096,4244.98
2048,65536,1,8192,4248.74
2048,65536,1,16384,4235.54
2048,65536,1,32768,4254.21
2048,65536,1,65536,4266.87
2048,65536,1,131055,5693.08
2048,65536,2,16,4232.55
2048,65536,2,32,4247.95
2048,65536,2,64,4238.54
2048,65536,2,128,4244.96
2048,65536,2,256,4242.43
2048,65536,2,512,4241.19
2048,65536,2,1024,4234.85
2048,65536,2,2048,4259.91
2048,65536,2,4096,4272.16
2048,65536,2,8192,4245.63
2048,65536,2,16384,4236.75
2048,65536,2,32768,4268.08
2048,65536,2,65536,4318.76
2048,65536,2,131055,5760.32
2048,65536,4,16,4250.23
2048,65536,4,32,4234.48
2048,65536,4,64,4256.45
2048,65536,4,128,4242.24
2048,65536,4,256,4225.35
2048,65536,4,512,4233.14
2048,65536,4,1024,4241.77
2048,65536,4,2048,4277.11
2048,65536,4,4096,4295.33
2048,65536,4,8192,4386.28
2048,65536,4,16384,4557.47
2048,65536,4,32768,4966.82
2048,65536,4,65536,5682.85
2048,65536,4,131055,7126.82
2048,65536,8,16,4248.53
2048,65536,8,32,4246.05
2048,65536,8,64,4246.15
2048,65536,8,128,4243.31
2048,65536,8,256,4238.11
2048,65536,8,512,4247.92
2048,65536,8,1024,4244.84
2048,65536,8,2048,4288.25
2048,65536,8,4096,4335.85
2048,65536,8,8192,4413.73
2048,65536,8,16384,4614.8
2048,65536,8,32768,5003.83
2048,65536,8,65536,5725.12
2048,65536,8,131055,7179.54
2048,65536,16,16,4267.69
2048,65536,16,32,4260.18
2048,65536,16,64,4254.17
2048,65536,16,128,4255.36
2048,65536,16,256,4258.37
2048,65536,16,512,4273.06
2048,65536,16,1024,4298.26
2048,65536,16,2048,4318.8
2048,65536,16,4096,4398.12
2048,65536,16,8192,4617.58
2048,65536,16,16384,4991.12
2048,65536,16,32768,5663.46
2048,65536,16,65536,7116.06
2048,65536,16,131055,10116.1
2048,65536,32,16,4275.68
2048,65536,32,32,4304.08
2048,65536,32,64,4277.21
2048,65536,32,128,4278.76
2048,65536,32,256,4286.98
2048,65536,32,512,4301.53
2048,65536,32,1024,4344.6
2048,65536,32,2048,4419.91
2048,65536,32,4096,4625.36
2048,65536,32,8192,5039.78
2048,65536,32,16384,5718.65
2048,65536,32,32768,6547.41
2048,65536,32,65536,10644.3
2048,65536,32,131055,20223
2048,65536,64,16,4311.97
2048,65536,64,32,4318.32
2048,65536,64,64,4327.54
2048,65536,64,128,4334.12
2048,65536,64,256,4351.29
2048,65536,64,512,4366.55
2048,65536,64,1024,4454.27
2048,65536,64,2048,4603.95
2048,65536,64,4096,4986.34
2048,65536,64,8192,5758.85
2048,65536,64,16384,7282.62
2048,65536,64,32768,11516.1
2048,65536,64,65536,20480.1
2048,65536,64,131055,43492.6
4096,0,0,0,329.289
4096,0,1,16,329.738
4096,0,1,32,329.898
4096,0,1,64,330.569
4096,0,1,128,330.634
4096,0,1,256,330.975
4096,0,1,512,332.469
4096,0,1,1024,332.202
4096,0,1,2048,334.367
4096,0,1,4096,340.468
4096,0,1,8192,429.577
4096,0,1,16384,600.287
4096,0,1,32768,939.526
4096,0,1,65536,1608.01
4096,0,1,131055,2928.9
4096,0,2,16,332.693
4096,0,2,32,332.223
4096,0,2,64,331.626
4096,0,2,128,330.985
4096,0,2,256,333.812
4096,0,2,512,334.196
4096,0,2,1024,337.246
4096,0,2,2048,340.426
4096,0,2,4096,352.138
4096,0,2,8192,446.698
4096,0,2,16384,620.959
4096,0,2,32768,956.391
4096,0,2,65536,1633.5
4096,0,2,131055,2984.71
4096,0,4,16,336.319
4096,0,4,32,336.821
4096,0,4,64,337.299
4096,0,4,128,338.357
4096,0,4,256,338.1
4096,0,4,512,340.691
4096,0,4,1024,344.383
4096,0,4,2048,350.207
4096,0,4,4096,373.118
4096,0,4,8192,477.566
4096,0,4,16384,662.857
4096,0,4,32768,1004.65
4096,0,4,65536,1669.56
4096,0,4,131055,3052.82
4096,0,8,16,345.77
4096,0,8,32,346.1
4096,0,8,64,344.841
4096,0,8,128,347.934
4096,0,8,256,350.516
4096,0,8,512,354.538
4096,0,8,1024,362.186
4096,0,8,2048,376.276
4096,0,8,4096,413.876
4096,0,8,8192,539.999
4096,0,8,16384,783.709
4096,0,8,32768,1156.39
4096,0,8,65536,1861.7
4096,0,8,131055,3275.58
4096,0,16,16,364.383
4096,0,16,32,362.793
4096,0,16,64,363.338
4096,0,16,128,367.892
4096,0,16,256,371.849
4096,0,16,512,379.7
4096,0,16,1024,395.647
4096,0,16,2048,421.684
4096,0,16,4096,492.126
4096,0,16,8192,668.776
4096,0,16,16384,1008.87
4096,0,16,32768,1825.83
4096,0,16,65536,3571.54
4096,0,16,131055,6796.38
4096,0,32,16,399.646
4096,0,32,32,401.14
4096,0,32,64,399.4
4096,0,32,128,406.964
4096,0,32,256,415.998
4096,0,32,512,429.982
4096,0,32,1024,458.419
4096,0,32,2048,513.459
4096,0,32,4096,648.467
4096,0,32,8192,951.303
4096,0,32,16384,2299.98
4096,0,32,32768,4223.81
4096,0,32,65536,7989.35
4096,0,32,131055,15277.1
4096,0,64,16,474.271
4096,0,64,32,475.742
4096,0,64,64,476.201
4096,0,64,128,489.854
4096,0,64,256,503.454
4096,0,64,512,531.732
4096,0,64,1024,593.342
4096,0,64,2048,706.131
4096,0,64,4096,993.832
4096,0,64,8192,2784.62
4096,0,64,16384,5386.5
4096,0,64,32768,10527.2
4096,0,64,65536,20987.6
4096,0,64,131055,40062.4
4096,16,0,0,336.297
4096,16,1,16,338.601
4096,16,1,32,337.791
4096,16,1,64,339.902
4096,16,1,128,339.754
4096,16,1,256,339.583
4096,16,1,512,340.329
4096,16,1,1024,340.159
4096,16,1,2048,341.642
4096,16,1,4096,346.74
4096,16,1,8192,435.434
4096,16,1,16384,609.235
4096,16,1,32768,949.181
4096,16,1,65536,1618.8
4096,16,1,131055,2939.88
4096,16,2,16,341.311
4096,16,2,32,341.726
4096,16,2,64,342.612
4096,16,2,128,341.556
4096,16,2,256,342.238
4096,16,2,512,343.135
4096,16,2,1024,343.626
4096,16,2,2048,347.712
4096,16,2,4096,359.188
4096,16,2,8192,454.911
4096,16,2,16384,629.79
4096,16,2,32768,968.839
4096,16,2,65536,1641.09
4096,16,2,131055,2978.41
4096,16,4,16,345.012
4096,16,4,32,346.495
4096,16,4,64,345.086
4096,16,4,128,344.97
4096,16,4,256,346.228
4096,16,4,512,350.175
4096,16,4,1024,352.884
4096,16,4,2048,360.585
4096,16,4,4096,379.369
4096,16,4,8192,483.518
4096,16,4,16384,670.568
4096,16,4,32768,1011.44
4096,16,4,65536,1686.66
4096,16,4,131055,3070.85
4096,16,8,16,354.686
4096,16,8,32,354.569
4096,16,8,64,353.546
4096,16,8,128,355.551
4096,16,8,256,358.185
4096,16,8,512,363.189
4096,16,8,1024,369.675
4096,16,8,2048,385.044
4096,16,8,4096,421.706
4096,16,8,8192,547.71
4096,16,8,16384,787.538
4096,16,8,32768,1170.2
4096,16,8,65536,1871.46
4096,16,8,131055,3287.18
4096,16,16,16,371.37
4096,16,16,32,372.286
4096,16,16,64,371.498
4096,16,16,128,376.393
4096,16,16,256,379.231
4096,16,16,512,388.575
4096,16,16,1024,403.114
4096,16,16,2048,430.622
4096,16,16,4096,501.812
4096,16,16,8192,679.39
4096,16,16,16384,1013.86
4096,16,16,32768,1855.61
4096,16,16,65536,3656.34
4096,16,16,131055,6882.47
4096,16,32,16,409.183
4096,16,32,32,409.31
4096,16,32,64,407.625
4096,16,32,128,416.169
4096,16,32,256,424.393
4096,16,32,512,439.178
4096,16,32,1024,467.262
4096,16,32,2048,524.03
4096,16,32,4096,654.1
4096,16,32,8192,955.72
4096,16,32,16384,2330.91
4096,16,32,32768,4267.72
4096,16,32,65536,8179.11
4096,16,32,131055,15437.6
4096,16,64,16,482.111
4096,16,64,32,484.159
4096,16,64,64,482.335
4096,16,64,128,498.772
4096,16,64,256,514.59
4096,16,64,512,540.329
4096,16,64,1024,597.802
4096,16,64,2048,712.52
4096,16,64,4096,1002.7
4096,16,64,8192,2790.7
4096,16,64,16384,5387.15
4096,16,64,32768,10601.4
4096,16,64,65536,21005.9
4096,16,64,131055,41585.8
4096,32,0,0,336.416
4096,32,1,16,338.079
4096,32,1,32,339.605
4096,32,1,64,338.132
4096,32,1,128,339.626
4096,32,1,256,339.05
4096,32,1,512,340.703
4096,32,1,1024,340.468
4096,32,1,2048,343.146
4096,32,1,4096,348.511
4096,32,1,8192,435.646
4096,32,1,16384,606.995
4096,32,1,32768,939.612
4096,32,1,65536,1610.73
4096,32,1,131055,2942.32
4096,32,2,16,340.661
4096,32,2,32,342.633
4096,32,2,64,340.34
4096,32,2,128,341.471
4096,32,2,256,341.812
4096,32,2,512,341.962
4096,32,2,1024,344.905
4096,32,2,2048,348.468
4096,32,2,4096,358.42
4096,32,2,8192,450.314
4096,32,2,16384,627.764
4096,32,2,32768,966.449
4096,32,2,65536,1635.87
4096,32,2,131055,2970.51
4096,32,4,16,344.852
4096,32,4,32,346.036
4096,32,4,64,345.737
4096,32,4,128,346.976
4096,32,4,256,347.263
4096,32,4,512,349.983
4096,32,4,1024,352.052
4096,32,4,2048,359.882
4096,32,4,4096,379.85
4096,32,4,8192,484.937
4096,32,4,16384,674.899
4096,32,4,32768,1012.52
4096,32,4,65536,1696.48
4096,32,4,131055,3049.03
4096,32,8,16,355.711
4096,32,8,32,355.614
4096,32,8,64,355.422
4096,32,8,128,355.946
4096,32,8,256,356.405
4096,32,8,512,361.64
4096,32,8,1024,370.378
4096,32,8,2048,384.19
4096,32,8,4096,422.174
4096,32,8,8192,549.78
4096,32,8,16384,789.982
4096,32,8,32768,1173.19
4096,32,8,65536,1886.46
4096,32,8,131055,3287.54
4096,32,16,16,372.159
4096,32,16,32,372.244
4096,32,16,64,372.937
4096,32,16,128,376.788
4096,32,16,256,380.5
4096,32,16,512,386.985
4096,32,16,1024,403.509
4096,32,16,2048,431.113
4096,32,16,4096,498.996
4096,32,16,8192,678.846
4096,32,16,16384,1017.2
4096,32,16,32768,1874.75
4096,32,16,65536,3655.71
4096,32,16,131055,6871.26
4096,32,32,16,407.71
4096,32,32,32,409.503
4096,32,32,64,409.374
4096,32,32,128,415.518
4096,32,32,256,423.028
4096,32,32,512,438.047
4096,32,32,1024,467.572
4096,32,32,2048,522.259
4096,32,32,4096,655.646
4096,32,32,8192,956.018
4096,32,32,16384,2327.52
4096,32,32,32768,4303.28
4096,32,32,65536,8177.17
4096,32,32,131055,15522.8
4096,32,64,16,483.177
4096,32,64,32,484.863
4096,32,64,64,484.372
4096,32,64,128,496.894
4096,32,64,256,511.081
4096,32,64,512,541.193
4096,32,64,1024,600.542
4096,32,64,2048,712.317
4096,32,64,4096,1002.36
4096,32,64,8192,2783.54
4096,32,64,16384,5384
4096,32,64,32768,10597
4096,32,64,65536,20962
4096,32,64,131055,41516
4096,64,0,0,337.396
4096,64,1,16,337.865
4096,64,1,32,339.444
4096,64,1,64,339.102
4096,64,1,128,339.817
4096,64,1,256,339.807
4096,64,1,512,340.426
4096,64,1,1024,341.279
4096,64,1,2048,343.422
4096,64,1,4096,346.847
4096,64,1,8192,435.935
4096,64,1,16384,606.471
4096,64,1,32768,948.412
4096,64,1,65536,1611.95
4096,64,1,131055,2943.76
4096,64,2,16,342.058
4096,64,2,32,341.621
4096,64,2,64,341.289
4096,64,2,128,342.174
4096,64,2,256,342.271
4096,64,2,512,342.677
4096,64,2,1024,344.756
4096,64,2,2048,347.838
4096,64,2,4096,359.135
4096,64,2,8192,452.65
4096,64,2,16384,628.841
4096,64,2,32768,962.907
4096,64,2,65536,1639.15
4096,64,2,131055,2970.26
4096,64,4,16,347.273
4096,64,4,32,345.747
4096,64,4,64,346.345
4096,64,4,128,347.348
4096,64,4,256,346.111
4096,64,4,512,349.002
4096,64,4,1024,353.567
4096,64,4,2048,359.519
4096,64,4,4096,379.561
4096,64,4,8192,485.503
4096,64,4,16384,671.827
4096,64,4,32768,1009.2
4096,64,4,65536,1695.27
4096,64,4,131055,3049.18
4096,64,8,16,354.047
4096,64,8,32,354.271
4096,64,8,64,355.455
4096,64,8,128,356.649
4096,64,8,256,358.122
4096,64,8,512,362.932
4096,64,8,1024,370.057
4096,64,8,2048,384.319
4096,64,8,4096,420.5
4096,64,8,8192,549.065
4096,64,8,16384,789.181
4096,64,8,32768,1172.06
4096,64,8,65536,1876.9
4096,64,8,131055,3260.92
4096,64,16,16,372.009
4096,64,16,32,372.287
4096,64,16,64,373.033
4096,64,16,128,375.764
4096,64,16,256,380.361
4096,64,16,512,387.039
4096,64,16,1024,403.21
4096,64,16,2048,429.331
4096,64,16,4096,499.443
4096,64,16,8192,681.001
4096,64,16,16384,1021.06
4096,64,16,32768,1853.6
4096,64,16,65536,3700.46
4096,64,16,131055,6870.82
4096,64,32,16,408.02
4096,64,32,32,407.625
4096,64,32,64,408.991
4096,64,32,128,415.55
4096,64,32,256,423.049
4096,64,32,512,438.335
4096,64,32,1024,467.826
4096,64,32,2048,524.02
4096,64,32,4096,656.745
4096,64,32,8192,955.655
4096,64,32,16384,2334.08
4096,64,32,32768,4366.02
4096,64,32,65536,8155.46
4096,64,32,131055,15474.2
4096,64,64,16,483.86
4096,64,64,32,483.444
4096,64,64,64,485.161
4096,64,64,128,498.707
4096,64,64,256,511.092
4096,64,64,512,540.83
4096,64,64,1024,598.707
4096,64,64,2048,714.675
4096,64,64,4096,999.367
4096,64,64,8192,2784.7
4096,64,64,16384,5385.47
4096,64,64,32768,10585.1
4096,64,64,65536,20996.9
4096,64,64,131055,39820.4
4096,128,0,0,344.128
4096,128,1,16,346.089
4096,128,1,32,347.326
4096,128,1,64,347.028
4096,128,1,128,346.323
4096,128,1,256,346.772
4096,128,1,512,346.665
4096,128,1,1024,348.468
4096,128,1,2048,349.802
4096,128,1,4096,354.43
4096,128,1,8192,443.86
4096,128,1,16384,613.097
4096,128,1,32768,954.62
4096,128,1,65536,1627.1
4096,128,1,131055,2944.71
4096,128,2,16,348.063
4096,128,2,32,349.759
4096,128,2,64,349.023
4096,128,2,128,350.047
4096,128,2,256,349.769
4096,128,2,512,351.188
4096,128,2,1024,351.305
4096,128,2,2048,356.286
4096,128,2,4096,367.22
4096,128,2,8192,459.476
4096,128,2,16384,637.309
4096,128,2,32768,971.069
4096,128,2,65536,1649.57
4096,128,2,131055,2976.97
4096,128,4,16,353.364
4096,128,4,32,353.716
4096,128,4,64,353.396
4096,128,4,128,354.078
4096,128,4,256,354.047
4096,128,4,512,356.607
4096,128,4,1024,359.743
4096,128,4,2048,367.049
4096,128,4,4096,387.433
4096,128,4,8192,491.475
4096,128,4,16384,682.291
4096,128,4,32768,1018.23
4096,128,4,65536,1704.2
4096,128,4,131055,3049.55
4096,128,8,16,363.529
4096,128,8,32,362.431
4096,128,8,64,362.633
4096,128,8,128,364.682
4096,128,8,256,365.375
4096,128,8,512,370.122
4096,128,8,1024,376.254
4096,128,8,2048,391.209
4096,128,8,4096,428.233
4096,128,8,8192,557.076
4096,128,8,16384,798.685
4096,128,8,32768,1182.46
4096,128,8,65536,1889.5
4096,128,8,131055,3306.73
4096,128,16,16,378.398
4096,128,16,32,379.241
4096,128,16,64,380.159
4096,128,16,128,382.858
4096,128,16,256,388.042
4096,128,16,512,396.927
4096,128,16,1024,409.46
4096,128,16,2048,438.1
4096,128,16,4096,507.048
4096,128,16,8192,685.949
4096,128,16,16384,1020.62
4096,128,16,32768,1883.37
4096,128,16,65536,3708.74
4096,128,16,131055,6982.5
4096,128,32,16,416.788
4096,128,32,32,415.925
4096,128,32,64,415.945
4096,128,32,128,422.687
4096,128,32,256,430.249
4096,128,32,512,445.14
4096,128,32,1024,476.383
4096,128,32,2048,529.363
4096,128,32,4096,663.817
4096,128,32,8192,964.68
4096,128,32,16384,2359.67
4096,128,32,32768,4381.48
4096,128,32,65536,8244.77
4096,128,32,131055,15968.3
4096,128,64,16,492.211
4096,128,64,32,491.582
4096,128,64,64,491.347
4096,128,64,128,504.083
4096,128,64,256,516.724
4096,128,64,512,547.199
4096,128,64,1024,606.92
4096,128,64,2048,720.222
4096,128,64,4096,1011.59
4096,128,64,8192,2784.93
4096,128,64,16384,5383.55
4096,128,64,32768,10599.1
4096,128,64,65536,20955.1
4096,128,64,131055,41785.1
4096,256,0,0,360.361
4096,256,1,16,362.836
4096,256,1,32,362.675
4096,256,1,64,362.154
4096,256,1,128,362.857
4096,256,1,256,361.716
4096,256,1,512,362.537
4096,256,1,1024,365.364
4096,256,1,2048,365.929
4096,256,1,4096,368.532
4096,256,1,8192,456.308
4096,256,1,16384,630.11
4096,256,1,32768,966.833
4096,256,1,65536,1636.3
4096,256,1,131055,2959.66
4096,256,2,16,364.788
4096,256,2,32,364.959
4096,256,2,64,364.98
4096,256,2,128,365.235
4096,256,2,256,365.929
4096,256,2,512,366.815
4096,256,2,1024,368.02
4096,256,2,2048,372.33
4096,256,2,4096,380.255
4096,256,2,8192,474.643
4096,256,2,16384,649.63
4096,256,2,32768,987.057
4096,256,2,65536,1663.55
4096,256,2,131055,2968
4096,256,4,16,368.511
4096,256,4,32,367.551
4096,256,4,64,369.535
4096,256,4,128,370.398
4096,256,4,256,371.764
4096,256,4,512,373.108
4096,256,4,1024,376.148
4096,256,4,2048,383.956
4096,256,4,4096,400.649
4096,256,4,8192,507.699
4096,256,4,16384,697.118
4096,256,4,32768,1038.39
4096,256,4,65536,1721.62
4096,256,4,131055,3094.36
4096,256,8,16,378.698
4096,256,8,32,377.822
4096,256,8,64,377.481
4096,256,8,128,378.857
4096,256,8,256,381.226
4096,256,8,512,385.204
4096,256,8,1024,394.271
4096,256,8,2048,407.454
4096,256,8,4096,441.823
4096,256,8,8192,571.987
4096,256,8,16384,815.325
4096,256,8,32768,1210.45
4096,256,8,65536,1916.67
4096,256,8,131055,3345.5
4096,256,16,16,395.135
4096,256,16,32,394.602
4096,256,16,64,395.871
4096,256,16,128,399.379
4096,256,16,256,402.601
4096,256,16,512,411.7
4096,256,16,1024,427.251
4096,256,16,2048,453.598
4096,256,16,4096,520.179
4096,256,16,8192,701.481
4096,256,16,16384,1045.98
4096,256,16,32768,1908.89
4096,256,16,65536,3794.29
4096,256,16,131055,7120.8
4096,256,32,16,431.306
4096,256,32,32,431.177
4096,256,32,64,432.745
4096,256,32,128,436.659
4096,256,32,256,448.168
4096,256,32,512,462.046
4096,256,32,1024,488.786
4096,256,32,2048,545.171
4096,256,32,4096,675.815
4096,256,32,8192,981.693
4096,256,32,16384,2395.22
4096,256,32,32768,4412.66
4096,256,32,65536,8411.85
4096,256,32,131055,15962.5
4096,256,64,16,506.366
4096,256,64,32,507.283
4096,256,64,64,505.907
4096,256,64,128,521.321
4096,256,64,256,536.265
4096,256,64,512,562.536
4096,256,64,1024,620.67
4096,256,64,2048,733.246
4096,256,64,4096,1029.08
4096,256,64,8192,2789.27
4096,256,64,16384,5390.23
4096,256,64,32768,10618.8
4096,256,64,65536,21018
4096,256,64,131055,41713.1
4096,512,0,0,391.988
4096,512,1,16,393.342
4096,512,1,32,395.647
4096,512,1,64,394.303
4096,512,1,128,394.558
4096,512,1,256,394.335
4096,512,1,512,395.188
4096,512,1,1024,396.223
4096,512,1,2048,397.865
4096,512,1,4096,401.076
4096,512,1,8192,483.529
4096,512,1,16384,655.901
4096,512,1,32768,993.969
4096,512,1,65536,1671.37
4096,512,1,131055,3003.4
4096,512,2,16,395.551
4096,512,2,32,395.103
4096,512,2,64,397.428
4096,512,2,128,397.46
4096,512,2,256,396.991
4096,512,2,512,397.236
4096,512,2,1024,400.202
4096,512,2,2048,403.06
4096,512,2,4096,410.441
4096,512,2,8192,503.71
4096,512,2,16384,680.723
4096,512,2,32768,1019.31
4096,512,2,65536,1696.9
4096,512,2,131055,3032.1
4096,512,4,16,401.204
4096,512,4,32,399.807
4096,512,4,64,401.001
4096,512,4,128,401.908
4096,512,4,256,403.027
4096,512,4,512,404.276
4096,512,4,1024,406.527
4096,512,4,2048,417.076
4096,512,4,4096,427.925
4096,512,4,8192,533.695
4096,512,4,16384,732.616
4096,512,4,32768,1072.82
4096,512,4,65536,1759.69
4096,512,4,131055,3105.28
4096,512,8,16,409.289
4096,512,8,32,410.366
4096,512,8,64,409.033
4096,512,8,128,411.882
4096,512,8,256,412.233
4096,512,8,512,417.641
4096,512,8,1024,424.724
4096,512,8,2048,440.256
4096,512,8,4096,469.854
4096,512,8,8192,598.76
4096,512,8,16384,845.542
4096,512,8,32768,1257.38
4096,512,8,65536,1984.57
4096,512,8,131055,3443.47
4096,512,16,16,427.369
4096,512,16,32,426.59
4096,512,16,64,426.441
4096,512,16,128,430.313
4096,512,16,256,434.9
4096,512,16,512,443.54
4096,512,16,1024,457.375
4096,512,16,2048,485.865
4096,512,16,4096,550.452
4096,512,16,8192,729.832
4096,512,16,16384,1081.69
4096,512,16,32768,1970.86
4096,512,16,65536,3922.06
4096,512,16,131055,7447.1
4096,512,32,16,461.94
4096,512,32,32,462.494
4096,512,32,64,462.569
4096,512,32,128,469.683
4096,512,32,256,476.499
4096,512,32,512,494.089
4096,512,32,1024,521.758
4096,512,32,2048,577.747
4096,512,32,4096,706.205
4096,512,32,8192,1014.12
4096,512,32,16384,2426.34
4096,512,32,32768,4543.23
4096,512,32,65536,8569.68
4096,512,32,131055,16621.9
4096,512,64,16,536.073
4096,512,64,32,536.062
4096,512,64,64,537.79
4096,512,64,128,552.969
4096,512,64,256,566.782
4096,512,64,512,592.798
4096,512,64,1024,652.809
4096,512,64,2048,767.497
4096,512,64,4096,1074.67
4096,512,64,8192,2808.63
4096,512,64,16384,5443.21
4096,512,64,32768,10652.2
4096,512,64,65536,21012.1
4096,512,64,131055,41918.5
4096,1024,0,0,456.094
4096,1024,1,16,457.567
4096,1024,1,32,455.764
4096,1024,1,64,459.017
4096,1024,1,128,457.236
4096,1024,1,256,457.843
4096,1024,1,512,458.612
4096,1024,1,1024,460.105
4096,1024,1,2048,462.313
4096,1024,1,4096,463.274
4096,1024,1,8192,535.262
4096,1024,1,16384,711.997
4096,1024,1,32768,1052.3
4096,1024,1,65536,1727.97
4096,1024,1,131055,3056.09
4096,1024,2,16,458.814
4096,1024,2,32,457.674
4096,1024,2,64,460.308
4096,1024,2,128,459.252
4096,1024,2,256,461.396
4096,1024,2,512,461.481
4096,1024,2,1024,463.017
4096,1024,2,2048,467.166
4096,1024,2,4096,475.497
4096,1024,2,8192,557.022
4096,1024,2,16384,741.149
4096,1024,2,32768,1078.37
4096,1024,2,65536,1754.33
4096,1024,2,131055,3102.47
4096,1024,4,16,463.519
4096,1024,4,32,464.542
4096,1024,4,64,462.644
4096,1024,4,128,464.095
4096,1024,4,256,467.018
4096,1024,4,512,467.529
4096,1024,4,1024,472.478
4096,1024,4,2048,477.565
4096,1024,4,4096,491.144
4096,1024,4,8192,590.28
4096,1024,4,16384,792.584
4096,1024,4,32768,1136.08
4096,1024,4,65536,1818.74
4096,1024,4,131055,3189.44
4096,1024,8,16,473.961
4096,1024,8,32,473.652
4096,1024,8,64,471.358
4096,1024,8,128,473.492
4096,1024,8,256,476.99
4096,1024,8,512,481.47
4096,1024,8,1024,489.875
4096,1024,8,2048,502.506
4096,1024,8,4096,527.283
4096,1024,8,8192,656.456
4096,1024,8,16384,901.66
4096,1024,8,32768,1350.47
4096,1024,8,65536,2090
4096,1024,8,131055,3534.73
4096,1024,16,16,490.75
4096,1024,16,32,489.683
4096,1024,16,64,487.688
4096,1024,16,128,492.916
4096,1024,16,256,497.332
4096,1024,16,512,505.439
4096,1024,16,1024,522.173
4096,1024,16,2048,547.518
4096,1024,16,4096,602.814
4096,1024,16,8192,787.421
4096,1024,16,16384,1153.57
4096,1024,16,32768,2078.47
4096,1024,16,65536,4171.22
4096,1024,16,131055,7481.97
4096,1024,32,16,522.952
4096,1024,32,32,525.332
4096,1024,32,64,523.006
4096,1024,32,128,531.849
4096,1024,32,256,541.353
4096,1024,32,512,556.606
4096,1024,32,1024,586.335
4096,1024,32,2048,642.558
4096,1024,32,4096,764.242
4096,1024,32,8192,1085.36
4096,1024,32,16384,2497.57
4096,1024,32,32768,4830.17
4096,1024,32,65536,9243.93
4096,1024,32,131055,17779.6
4096,1024,64,16,597.95
4096,1024,64,32,598.206
4096,1024,64,64,600.553
4096,1024,64,128,613.481
4096,1024,64,256,628.254
4096,1024,64,512,658.056
4096,1024,64,1024,715.027
4096,1024,64,2048,825.831
4096,1024,64,4096,1147.83
4096,1024,64,8192,2877.34
4096,1024,64,16384,5586.57
4096,1024,64,32768,10817
4096,1024,64,65536,21179.5
4096,1024,64,131055,42064.5
4096,2048,0,0,582.237
4096,2048,1,16,583.519
4096,2048,1,32,582.601
4096,2048,1,64,582.473
4096,2048,1,128,584.244
4096,2048,1,256,582.728
4096,2048,1,512,585.204
4096,2048,1,1024,584.51
4096,2048,1,2048,588.425
4096,2048,1,4096,589.097
4096,2048,1,8192,642.206
4096,2048,1,16384,822.237
4096,2048,1,32768,1161.08
4096,2048,1,65536,1835.99
4096,2048,1,131055,3157.13
4096,2048,2,16,585.279
4096,2048,2,32,585.683
4096,2048,2,64,584.543
4096,2048,2,128,586.473
4096,2048,2,256,583.913
4096,2048,2,512,586.068
4096,2048,2,1024,587.346
4096,2048,2,2048,592.797
4096,2048,2,4096,599.827
4096,2048,2,8192,660.862
4096,2048,2,16384,851.56
4096,2048,2,32768,1197.87
4096,2048,2,65536,1869.25
4096,2048,2,131055,3199.16
4096,2048,4,16,590.814
4096,2048,4,32,588.563
4096,2048,4,64,588.489
4096,2048,4,128,589.31
4096,2048,4,256,591.433
4096,2048,4,512,591.475
4096,2048,4,1024,596.713
4096,2048,4,2048,606.568
4096,2048,4,4096,617.075
4096,2048,4,8192,700.276
4096,2048,4,16384,903.229
4096,2048,4,32768,1272.45
4096,2048,4,65536,1950.19
4096,2048,4,131055,3307.39
4096,2048,8,16,598.867
4096,2048,8,32,597.459
4096,2048,8,64,598.824
4096,2048,8,128,599.944
4096,2048,8,256,601.684
4096,2048,8,512,604.574
4096,2048,8,1024,614.707
4096,2048,8,2048,629.502
4096,2048,8,4096,656.083
4096,2048,8,8192,763.497
4096,2048,8,16384,1019.03
4096,2048,8,32768,1520.48
4096,2048,8,65536,2306.95
4096,2048,8,131055,3839.57
4096,2048,16,16,616.745
4096,2048,16,32,616.18
4096,2048,16,64,615.602
4096,2048,16,128,618.153
4096,2048,16,256,620.008
4096,2048,16,512,627.902
4096,2048,16,1024,648.18
4096,2048,16,2048,675.646
4096,2048,16,4096,729.406
4096,2048,16,8192,898.834
4096,2048,16,16384,1266.97
4096,2048,16,32768,2159.75
4096,2048,16,65536,4465.85
4096,2048,16,131055,7927.59
4096,2048,32,16,647.134
4096,2048,32,32,650.557
4096,2048,32,64,650.707
4096,2048,32,128,657.683
4096,2048,32,256,667.507
4096,2048,32,512,679.752
4096,2048,32,1024,713.543
4096,2048,32,2048,765.885
4096,2048,32,4096,874.503
4096,2048,32,8192,1221.88
4096,2048,32,16384,2807.87
4096,2048,32,32768,5434.87
4096,2048,32,65536,10569.8
4096,2048,32,131055,20606.1
4096,2048,64,16,723.518
4096,2048,64,32,725.352
4096,2048,64,64,720.808
4096,2048,64,128,738.462
4096,2048,64,256,751.986
4096,2048,64,512,784.36
4096,2048,64,1024,840.754
4096,2048,64,2048,958.94
4096,2048,64,4096,1245.84
4096,2048,64,8192,2923.96
4096,2048,64,16384,5730.15
4096,2048,64,32768,11180.1
4096,2048,64,65536,22245.6
4096,2048,64,131055,43902.6
4096,4096,0,0,835.656
4096,4096,1,16,837.395
4096,4096,1,32,839.529
4096,4096,1,64,834.398
4096,4096,1,128,838.876
4096,4096,1,256,837.865
4096,4096,1,512,838.695
4096,4096,1,1024,838.269
4096,4096,1,2048,840.957
4096,4096,1,4096,846.409
4096,4096,1,8192,857.384
4096,4096,1,16384,1038.08
4096,4096,1,32768,1380.42
4096,4096,1,65536,2057.3
4096,4096,1,131055,3377.7
4096,4096,2,16,834.536
4096,4096,2,32,838.706
4096,4096,2,64,835.539
4096,4096,2,128,839.367
4096,4096,2,256,836.636
4096,4096,2,512,840.882
4096,4096,2,1024,840.391
4096,4096,2,2048,842.812
4096,4096,2,4096,855.442
4096,4096,2,8192,880.936
4096,4096,2,16384,1067.67
4096,4096,2,32768,1431.25
4096,4096,2,65536,2096.65
4096,4096,2,131055,3427.69
4096,4096,4,16,841.074
4096,4096,4,32,839.581
4096,4096,4,64,840.712
4096,4096,4,128,843.463
4096,4096,4,256,842.344
4096,4096,4,512,846.515
4096,4096,4,1024,847.911
4096,4096,4,2048,857.768
4096,4096,4,4096,872.115
4096,4096,4,8192,914.193
4096,4096,4,16384,1125.16
4096,4096,4,32768,1520.66
4096,4096,4,65536,2213.8
4096,4096,4,131055,3563.56
4096,4096,8,16,852.572
4096,4096,8,32,852.904
4096,4096,8,64,851.922
4096,4096,8,128,851.571
4096,4096,8,256,853.479
4096,4096,8,512,860.605
4096,4096,8,1024,864.968
4096,4096,8,2048,880.06
4096,4096,8,4096,911.035
4096,4096,8,8192,985.68
4096,4096,8,16384,1243.71
4096,4096,8,32768,1743.36
4096,4096,8,65536,2749.54
4096,4096,8,131055,4373.99
4096,4096,16,16,869.277
4096,4096,16,32,870.685
4096,4096,16,64,867.368
4096,4096,16,128,873.864
4096,4096,16,256,875.495
4096,4096,16,512,882.023
4096,4096,16,1024,897.586
4096,4096,16,2048,923.986
4096,4096,16,4096,988.871
4096,4096,16,8192,1124.21
4096,4096,16,16384,1509.2
4096,4096,16,32768,2633.7
4096,4096,16,65536,5195.74
4096,4096,16,131055,9376.28
4096,4096,32,16,902.642
4096,4096,32,32,901.864
4096,4096,32,64,903.303
4096,4096,32,128,907.816
4096,4096,32,256,913.159
4096,4096,32,512,926.482
4096,4096,32,1024,958.098
4096,4096,32,2048,1023.91
4096,4096,32,4096,1131.31
4096,4096,32,8192,1412.04
4096,4096,32,16384,2849.82
4096,4096,32,32768,5547.77
4096,4096,32,65536,10790.3
4096,4096,32,131055,21279.8
4096,4096,64,16,969.244
4096,4096,64,32,971.901
4096,4096,64,64,969.255
4096,4096,64,128,983.815
4096,4096,64,256,998.609
4096,4096,64,512,1029.2
4096,4096,64,1024,1090.62
4096,4096,64,2048,1220.56
4096,4096,64,4096,1455.66
4096,4096,64,8192,2976.08
4096,4096,64,16384,5790.38
4096,4096,64,32768,11370.1
4096,4096,64,65536,22507.7
4096,4096,64,131055,44797.4
4096,8192,0,0,1338.77
4096,8192,1,16,1342.85
4096,8192,1,32,1341.19
4096,8192,1,64,1343.77
4096,8192,1,128,1336.16
4096,8192,1,256,1338.44
4096,8192,1,512,1343.42
4096,8192,1,1024,1342.78
4096,8192,1,2048,1350.34
4096,8192,1,4096,1350.19
4096,8192,1,8192,1349.48
4096,8192,1,16384,1451.22
4096,8192,1,32768,1802.55
4096,8192,1,65536,2463.98
4096,8192,1,131055,3791.61
4096,8192,2,16,1339.64
4096,8192,2,32,1343.02
4096,8192,2,64,1342.38
4096,8192,2,128,1345.94
4096,8192,2,256,1347.7
4096,8192,2,512,1346.95
4096,8192,2,1024,1346.6
4096,8192,2,2048,1348.69
4096,8192,2,4096,1351.03
4096,8192,2,8192,1355.61
4096,8192,2,16384,1478.46
4096,8192,2,32768,1856.28
4096,8192,2,65536,2569.88
4096,8192,2,131055,3895.44
4096,8192,4,16,1346.04
4096,8192,4,32,1342.8
4096,8192,4,64,1347.23
4096,8192,4,128,1350.12
4096,8192,4,256,1346.99
4096,8192,4,512,1351.98
4096,8192,4,1024,1352.83
4096,8192,4,2048,1354.31
4096,8192,4,4096,1370.35
4096,8192,4,8192,1379.14
4096,8192,4,16384,1566.98
4096,8192,4,32768,1978.99
4096,8192,4,65536,2721.74
4096,8192,4,131055,4101.32
4096,8192,8,16,1351.94
4096,8192,8,32,1355.6
4096,8192,8,64,1358.49
4096,8192,8,128,1355.08
4096,8192,8,256,1355.77
4096,8192,8,512,1360.23
4096,8192,8,1024,1368.48
4096,8192,8,2048,1379.64
4096,8192,8,4096,1406.46
4096,8192,8,8192,1476.33
4096,8192,8,16384,1685.29
4096,8192,8,32768,2210.58
4096,8192,8,65536,3307.42
4096,8192,8,131055,5631.3
4096,8192,16,16,1372.36
4096,8192,16,32,1369.56
4096,8192,16,64,1370.57
4096,8192,16,128,1375.4
4096,8192,16,256,1376.37
4096,8192,16,512,1385.59
4096,8192,16,1024,1397.2
4096,8192,16,2048,1421.31
4096,8192,16,4096,1481.61
4096,8192,16,8192,1591.23
4096,8192,16,16384,1944.94
4096,8192,16,32768,2930.25
4096,8192,16,65536,5200.1
4096,8192,16,131055,9769.26
4096,8192,32,16,1404.71
4096,8192,32,32,1405.86
4096,8192,32,64,1399.13
4096,8192,32,128,1414.84
4096,8192,32,256,1419.36
4096,8192,32,512,1432.26
4096,8192,32,1024,1460.62
4096,8192,32,2048,1506.94
4096,8192,32,4096,1636.71
4096,8192,32,8192,1889.62
4096,8192,32,16384,2668.64
4096,8192,32,32768,5620.98
4096,8192,32,65536,11055.6
4096,8192,32,131055,21477
4096,8192,64,16,1471.09
4096,8192,64,32,1477.4
4096,8192,64,64,1471.43
4096,8192,64,128,1487.75
4096,8192,64,256,1503.22
4096,8192,64,512,1529.58
4096,8192,64,1024,1586.49
4096,8192,64,2048,1705.48
4096,8192,64,4096,1991.45
4096,8192,64,8192,2708.37
4096,8192,64,16384,5931.04
4096,8192,64,32768,11444
4096,8192,64,65536,22614.2
4096,8192,64,131055,44900.7
4096,16384,0,0,2349.85
4096,16384,1,16,2349.31
4096,16384,1,32,2344.6
4096,16384,1,64,2351.46
4096,16384,1,128,2352.15
4096,16384,1,256,2357.47
4096,16384,1,512,2355.16
4096,16384,1,1024,2349.83
4096,16384,1,2048,2354.65
4096,16384,1,4096,2362.62
4096,16384,1,8192,2357.87
4096,16384,1,16384,2355.31
4096,16384,1,32768,2636.35
4096,16384,1,65536,3316.44
4096,16384,1,131055,4646.32
4096,16384,2,16,2356.52
4096,16384,2,32,2342.84
4096,16384,2,64,2345.99
4096,16384,2,128,2344.97
4096,16384,2,256,2348.05
4096,16384,2,512,2359.81
4096,16384,2,1024,2354.79
4096,16384,2,2048,2357.36
4096,16384,2,4096,2362.48
4096,16384,2,8192,2362.13
4096,16384,2,16384,2374.79
4096,16384,2,32768,2655.81
4096,16384,2,65536,3384.24
4096,16384,2,131055,4944.57
4096,16384,4,16,2372.66
4096,16384,4,32,2366.06
4096,16384,4,64,2363.66
4096,16384,4,128,2366.42
4096,16384,4,256,2360.1
4096,16384,4,512,2354.66
4096,16384,4,1024,2364.99
4096,16384,4,2048,2378.58
4096,16384,4,4096,2377.43
4096,16384,4,8192,2373.15
4096,16384,4,16384,2402.58
4096,16384,4,32768,2913.52
4096,16384,4,65536,3683.56
4096,16384,4,131055,5158.63
4096,16384,8,16,2364.1
4096,16384,8,32,2366.54
4096,16384,8,64,2370.86
4096,16384,8,128,2364.49
4096,16384,8,256,2365.71
4096,16384,8,512,2366.63
4096,16384,8,1024,2367.82
4096,16384,8,2048,2388.52
4096,16384,8,4096,2406.28
4096,16384,8,8192,2452.15
4096,16384,8,16384,2660.94
4096,16384,8,32768,3063.58
4096,16384,8,65536,4112.06
4096,16384,8,131055,6512.44
4096,16384,16,16,2391.07
4096,16384,16,32,2378.97
4096,16384,16,64,2374.39
4096,16384,16,128,2386.99
4096,16384,16,256,2400.31
4096,16384,16,512,2397.03
4096,16384,16,1024,2402.69
4096,16384,16,2048,2437.76
4096,16384,16,4096,2484.49
4096,16384,16,8192,2583.77
4096,16384,16,16384,2784.92
4096,16384,16,32768,3567.92
4096,16384,16,65536,5517.95
4096,16384,16,131055,10421.1
4096,16384,32,16,2429.02
4096,16384,32,32,2421.02
4096,16384,32,64,2414.5
4096,16384,32,128,2424.11
4096,16384,32,256,2422.82
4096,16384,32,512,2442.86
4096,16384,32,1024,2467.82
4096,16384,32,2048,2513.66
4096,16384,32,4096,2627.89
4096,16384,32,8192,2907.94
4096,16384,32,16384,3465.8
4096,16384,32,32768,5757.17
4096,16384,32,65536,11288.1
4096,16384,32,131055,21950.2
4096,16384,64,16,2484.56
4096,16384,64,32,2486.63
4096,16384,64,64,2483.45
4096,16384,64,128,2497.13
4096,16384,64,256,2513.45
4096,16384,64,512,2536.46
4096,16384,64,1024,2584.22
4096,16384,64,2048,2696.9
4096,16384,64,4096,2982.26
4096,16384,64,8192,3583.88
4096,16384,64,16384,5398.45
4096,16384,64,32768,11680.7
4096,16384,64,65536,22894.1
4096,16384,64,131055,45143
4096,32768,0,0,4351.92
4096,32768,1,16,4368.53
4096,32768,1,32,4372.56
4096,32768,1,64,4386.04
4096,32768,1,128,4382.94
4096,32768,1,256,4362.49
4096,32768,1,512,4356.49
4096,32768,1,1024,4366.18
4096,32768,1,2048,4369.96
4096,32768,1,4096,4378.77
4096,32768,1,8192,4362.91
4096,32768,1,16384,4385.77
4096,32768,1,32768,4380.24
4096,32768,1,65536,5002.73
4096,32768,1,131055,6343.06
4096,32768,2,16,4392.21
4096,32768,2,32,4387.73
4096,32768,2,64,4368.31
4096,32768,2,128,4383.49
4096,32768,2,256,4378.94
4096,32768,2,512,4388.17
4096,32768,2,1024,4383.73
4096,32768,2,2048,4373.88
4096,32768,2,4096,4365.97
4096,32768,2,8192,4375.93
4096,32768,2,16384,4379.54
4096,32768,2,32768,4408.63
4096,32768,2,65536,5048.23
4096,32768,2,131055,6444.92
4096,32768,4,16,4375.84
4096,32768,4,32,4362.99
4096,32768,4,64,4370.29
4096,32768,4,128,4377.82
4096,32768,4,256,4377.93
4096,32768,4,512,4396.12
4096,32768,4,1024,4384.87
4096,32768,4,2048,4381.88
4096,32768,4,4096,4406.4
4096,32768,4,8192,4388.12
4096,32768,4,16384,4402.14
4096,32768,4,32768,4431.44
4096,32768,4,65536,5695.51
4096,32768,4,131055,7172.89
4096,32768,8,16,4394.11
4096,32768,8,32,4375.1
4096,32768,8,64,4388.45
4096,32768,8,128,4387.8
4096,32768,8,256,4388.01
4096,32768,8,512,4399.41
4096,32768,8,1024,4382.05
4096,32768,8,2048,4402.36
4096,32768,8,4096,4447.22
4096,32768,8,8192,4454
4096,32768,8,16384,4448.6
4096,32768,8,32768,5058.05
4096,32768,8,65536,5864.55
4096,32768,8,131055,8071.93
4096,32768,16,16,4394.17
4096,32768,16,32,4397.41
4096,32768,16,64,4413.91
4096,32768,16,128,4405.86
4096,32768,16,256,4410.18
4096,32768,16,512,4415.73
4096,32768,16,1024,4427.51
4096,32768,16,2048,4459.61
4096,32768,16,4096,4504.14
4096,32768,16,8192,4592.86
4096,32768,16,16384,4795.37
4096,32768,16,32768,5219.72
4096,32768,16,65536,6689.02
4096,32768,16,131055,11325
4096,32768,32,16,4415.17
4096,32768,32,32,4432.34
4096,32768,32,64,4427.04
4096,32768,32,128,4427.23
4096,32768,32,256,4461.54
4096,32768,32,512,4455.41
4096,32768,32,1024,4497.08
4096,32768,32,2048,4523.36
4096,32768,32,4096,4639.44
4096,32768,32,8192,4881.38
4096,32768,32,16384,5519.31
4096,32768,32,32768,6681.17
4096,32768,32,65536,11555.5
4096,32768,32,131055,22500.9
4096,32768,64,16,4496.97
4096,32768,64,32,4494.16
4096,32768,64,64,4500.89
4096,32768,64,128,4514.67
4096,32768,64,256,4523.7
4096,32768,64,512,4545.71
4096,32768,64,1024,4608.6
4096,32768,64,2048,4715.99
4096,32768,64,4096,4987.03
4096,32768,64,8192,5554.92
4096,32768,64,16384,6782.28
4096,32768,64,32768,11372.3
4096,32768,64,65536,23409.5
4096,32768,64,131055,45837
4096,65536,0,0,8472.97
4096,65536,1,16,8465.9
4096,65536,1,32,8489.48
4096,65536,1,64,8477.53
4096,65536,1,128,8485.6
4096,65536,1,256,8485.2
4096,65536,1,512,8474.33
4096,65536,1,1024,8485.07
4096,65536,1,2048,8491.15
4096,65536,1,4096,8485.19
4096,65536,1,8192,8504.9
4096,65536,1,16384,8484.76
4096,65536,1,32768,8488.52
4096,65536,1,65536,8508.36
4096,65536,1,131055,9851.49
4096,65536,2,16,8473.87
4096,65536,2,32,8491.87
4096,65536,2,64,8489.8
4096,65536,2,128,8476.99
4096,65536,2,256,8480.09
4096,65536,2,512,8481.58
4096,65536,2,1024,8488.91
4096,65536,2,2048,8484.32
4096,65536,2,4096,8496.06
4096,65536,2,8192,8511.96
4096,65536,2,16384,8486.87
4096,65536,2,32768,8469.85
4096,65536,2,65536,8517.87
4096,65536,2,131055,9920.15
4096,65536,4,16,8475.31
4096,65536,4,32,8459.14
4096,65536,4,64,8486.98
4096,65536,4,128,8489.56
4096,65536,4,256,8487.04
4096,65536,4,512,8489.79
4096,65536,4,1024,8501.91
4096,65536,4,2048,8479.08
4096,65536,4,4096,8504.15
4096,65536,4,8192,8503.6
4096,65536,4,16384,8511.43
4096,65536,4,32768,8523.46
4096,65536,4,65536,8570.93
4096,65536,4,131055,11349.6
4096,65536,8,16,8483.45
4096,65536,8,32,8490.62
4096,65536,8,64,8472.94
4096,65536,8,128,8503.38
4096,65536,8,256,8501.12
4096,65536,8,512,8494.46
4096,65536,8,1024,8499.27
4096,65536,8,2048,8519.34
4096,65536,8,4096,8537.94
4096,65536,8,8192,8559.59
4096,65536,8,16384,8567.35
4096,65536,8,32768,8626.69
4096,65536,8,65536,9917.52
4096,65536,8,131055,11494.7
4096,65536,16,16,8503.77
4096,65536,16,32,8523.2
4096,65536,16,64,8501.94
4096,65536,16,128,8510.11
4096,65536,16,256,8519.42
4096,65536,16,512,8505.15
4096,65536,16,1024,8537.52
4096,65536,16,2048,8540.4
4096,65536,16,4096,8592.25
4096,65536,16,8192,8680.18
4096,65536,16,16384,8901.24
4096,65536,16,32768,9340.19
4096,65536,16,65536,10144.3
4096,65536,16,131055,13454.4
4096,65536,32,16,8535.98
4096,65536,32,32,8535.25
4096,65536,32,64,8529.8
4096,65536,32,128,8560.61
4096,65536,32,256,8532.68
4096,65536,32,512,8545.58
4096,65536,32,1024,8596.76
4096,65536,32,2048,8638.26
4096,65536,32,4096,8742.47
4096,65536,32,8192,8970.22
4096,65536,32,16384,9382.79
4096,65536,32,32768,10782.2
4096,65536,32,65536,13170.1
4096,65536,32,131055,23491.4
4096,65536,64,16,8634.01
4096,65536,64,32,8596.46
4096,65536,64,64,8600.06
4096,65536,64,128,8620.13
4096,65536,64,256,8632.74
4096,65536,64,512,8668.96
4096,65536,64,1024,8706.12
4096,65536,64,2048,8820.12
4096,65536,64,4096,9090.46
4096,65536,64,8192,9663.56
4096,65536,64,16384,10770.2
4096,65536,64,32768,13554.8
4096,65536,64,65536,22980.2
4096,65536,64,131055,46924.6
8192,0,0,0,1117.03
8192,0,1,16,1124.62
8192,0,1,32,1125.78
8192,0,1,64,1120.31
8192,0,1,128,1116.97
8192,0,1,256,1119.13
8192,0,1,512,1125.97
8192,0,1,1024,1122.39
8192,0,1,2048,1124.13
8192,0,1,4096,1126.67
8192,0,1,8192,1140.48
8192,0,1,16384,1319.11
8192,0,1,32768,1672.41
8192,0,1,65536,2335.99
8192,0,1,131055,3674.4
8192,0,2,16,1123.24
8192,0,2,32,1122.95
8192,0,2,64,1128.23
8192,0,2,128,1124.87
8192,0,2,256,1126.55
8192,0,2,512,1127.96
8192,0,2,1024,1123.97
8192,0,2,2048,1131.54
8192,0,2,4096,1144.54
8192,0,2,8192,1167.1
8192,0,2,16384,1363.13
8192,0,2,32768,1733.86
8192,0,2,65536,2414.38
8192,0,2,131055,3747.63
8192,0,4,16,1131.54
8192,0,4,32,1133.77
8192,0,4,64,1131.73
8192,0,4,128,1137.46
8192,0,4,256,1135.65
8192,0,4,512,1134.16
8192,0,4,1024,1138.24
8192,0,4,2048,1148.22
8192,0,4,4096,1162.47
8192,0,4,8192,1207.85
8192,0,4,16384,1421.1
8192,0,4,32768,1824.27
8192,0,4,65536,2546.03
8192,0,4,131055,3925.86
8192,0,8,16,1149.78
8192,0,8,32,1150.94
8192,0,8,64,1152.21
8192,0,8,128,1150.62
8192,0,8,256,1154.1
8192,0,8,512,1160.68
8192,0,8,1024,1167.67
8192,0,8,2048,1176.5
8192,0,8,4096,1206.74
8192,0,8,8192,1283.76
8192,0,8,16384,1544.23
8192,0,8,32768,2048.79
8192,0,8,65536,3237.15
8192,0,8,131055,5301.04
8192,0,16,16,1184.31
8192,0,16,32,1183.93
8192,0,16,64,1188.27
8192,0,16,128,1185.28
8192,0,16,256,1193.14
8192,0,16,512,1191.83
8192,0,16,1024,1211.11
8192,0,16,2048,1239.02
8192,0,16,4096,1301.91
8192,0,16,8192,1443.6
8192,0,16,16384,1826.91
8192,0,16,32768,3060.73
8192,0,16,65536,5801.07
8192,0,16,131055,10701.2
8192,0,32,16,1244.42
8192,0,32,32,1247.29
8192,0,32,64,1250.29
8192,0,32,128,1249.65
8192,0,32,256,1259.32
8192,0,32,512,1280.67
8192,0,32,1024,1303.48
8192,0,32,2048,1366.98
8192,0,32,4096,1476.53
8192,0,32,8192,1767.3
8192,0,32,16384,3094.65
8192,0,32,32768,5917.09
8192,0,32,65536,11425.2
8192,0,32,131055,22448.6
8192,0,64,16,1384.71
8192,0,64,32,1377.21
8192,0,64,64,1377.64
8192,0,64,128,1394.61
8192,0,64,256,1402.42
8192,0,64,512,1429.54
8192,0,64,1024,1496.64
8192,0,64,2048,1612.77
8192,0,64,4096,1891.05
8192,0,64,8192,3065.98
8192,0,64,16384,5904.43
8192,0,64,32768,11476.6
8192,0,64,65536,22617.1
8192,0,64,131055,44904.2
8192,16,0,0,1135.79
8192,16,1,16,1134.18
8192,16,1,32,1140.66
8192,16,1,64,1137.8
8192,16,1,128,1139.9
8192,16,1,256,1134.6
8192,16,1,512,1135.4
8192,16,1,1024,1137.15
8192,16,1,2048,1136.99
8192,16,1,4096,1145.04
8192,16,1,8192,1151.48
8192,16,1,16384,1332.76
8192,16,1,32768,1692.93
8192,16,1,65536,2361.9
8192,16,1,131055,3685.61
8192,16,2,16,1136.69
8192,16,2,32,1138.9
8192,16,2,64,1138.6
8192,16,2,128,1136.92
8192,16,2,256,1143.22
8192,16,2,512,1146.57
8192,16,2,1024,1140.94
8192,16,2,2048,1146.37
8192,16,2,4096,1156.99
8192,16,2,8192,1175.04
8192,16,2,16384,1372.97
8192,16,2,32768,1739.95
8192,16,2,65536,2418.69
8192,16,2,131055,3761.2
8192,16,4,16,1148.79
8192,16,4,32,1145.17
8192,16,4,64,1143.95
8192,16,4,128,1148.55
8192,16,4,256,1145.85
8192,16,4,512,1156.25
8192,16,4,1024,1151.06
8192,16,4,2048,1157.88
8192,16,4,4096,1176.58
8192,16,4,8192,1223.7
8192,16,4,16384,1433.45
8192,16,4,32768,1836.88
8192,16,4,65536,2585.14
8192,16,4,131055,3914.38
8192,16,8,16,1159.39
8192,16,8,32,1165.19
8192,16,8,64,1167.75
8192,16,8,128,1165.18
8192,16,8,256,1170.2
8192,16,8,512,1170.8
8192,16,8,1024,1168.9
8192,16,8,2048,1192.48
8192,16,8,4096,1220.21
8192,16,8,8192,1299.38
8192,16,8,16384,1564.83
8192,16,8,32768,2085.01
8192,16,8,65536,3266.24
8192,16,8,131055,5331.51
8192,16,16,16,1197.53
8192,16,16,32,1197.45
8192,16,16,64,1198.28
8192,16,16,128,1196.27
8192,16,16,256,1201.36
8192,16,16,512,1208.54
8192,16,16,1024,1226.4
8192,16,16,2048,1252.99
8192,16,16,4096,1316.04
8192,16,16,8192,1451.52
8192,16,16,16384,1844.25
8192,16,16,32768,3050.45
8192,16,16,65536,5813.71
8192,16,16,131055,10865.3
8192,16,32,16,1261.08
8192,16,32,32,1254.49
8192,16,32,64,1262.78
8192,16,32,128,1261.2
8192,16,32,256,1271.14
8192,16,32,512,1285.68
8192,16,32,1024,1313.69
8192,16,32,2048,1380.36
8192,16,32,4096,1497.09
8192,16,32,8192,1785.56
8192,16,32,16384,3110.01
8192,16,32,32768,5923.72
8192,16,32,65536,11460
8192,16,32,131055,22493.4
8192,16,64,16,1400.06
8192,16,64,32,1397.5
8192,16,64,64,1397.3
8192,16,64,128,1406.16
8192,16,64,256,1419.63
8192,16,64,512,1444.02
8192,16,64,1024,1501.69
8192,16,64,2048,1631.73
8192,16,64,4096,1898.41
8192,16,64,8192,3070.97
8192,16,64,16384,5903.26
8192,16,64,32768,11484.5
8192,16,64,65536,22619.6
8192,16,64,131055,44907.7
8192,32,0,0,1131.12
8192,32,1,16,1137.22
8192,32,1,32,1132.67
8192,32,1,64,1142.38
8192,32,1,128,1138.12
8192,32,1,256,1137.84
8192,32,1,512,1139.4
8192,32,1,1024,1133.2
8192,32,1,2048,1139.51
8192,32,1,4096,1145.78
8192,32,1,8192,1156.33
8192,32,1,16384,1337.02
8192,32,1,32768,1682.99
8192,32,1,65536,2362.44
8192,32,1,131055,3688.52
8192,32,2,16,1141.36
8192,32,2,32,1139.7
8192,32,2,64,1137.66
8192,32,2,128,1143.2
8192,32,2,256,1137.96
8192,32,2,512,1143.7
8192,32,2,1024,1144.1
8192,32,2,2048,1150.67
8192,32,2,4096,1152.11
8192,32,2,8192,1178.93
8192,32,2,16384,1374.08
8192,32,2,32768,1742.63
8192,32,2,65536,2416.27
8192,32,2,131055,3742.74
8192,32,4,16,1144.25
8192,32,4,32,1152.34
8192,32,4,64,1143.12
8192,32,4,128,1153.34
8192,32,4,256,1150.61
8192,32,4,512,1151.89
8192,32,4,1024,1158.44
8192,32,4,2048,1163.07
8192,32,4,4096,1179.25
8192,32,4,8192,1216.1
8192,32,4,16384,1444.2
8192,32,4,32768,1838.59
8192,32,4,65536,2586.05
8192,32,4,131055,3933.81
8192,32,8,16,1162.61
8192,32,8,32,1166.18
8192,32,8,64,1163.4
8192,32,8,128,1167.93
8192,32,8,256,1170.04
8192,32,8,512,1169.12
8192,32,8,1024,1178.67
8192,32,8,2048,1195.1
8192,32,8,4096,1223.52
8192,32,8,8192,1298.93
8192,32,8,16384,1565.93
8192,32,8,32768,2086.41
8192,32,8,65536,3253.65
8192,32,8,131055,5370.22
8192,32,16,16,1197.28
8192,32,16,32,1198.1
8192,32,16,64,1196.87
8192,32,16,128,1202.05
8192,32,16,256,1197.7
8192,32,16,512,1208.1
8192,32,16,1024,1227.67
8192,32,16,2048,1256.59
8192,32,16,4096,1313.78
8192,32,16,8192,1458.02
8192,32,16,16384,1835.87
8192,32,16,32768,3055.48
8192,32,16,65536,5810.65
8192,32,16,131055,10814.5
8192,32,32,16,1260.4
8192,32,32,32,1260.3
8192,32,32,64,1259.58
8192,32,32,128,1268.25
8192,32,32,256,1277.68
8192,32,32,512,1288.53
8192,32,32,1024,1320.54
8192,32,32,2048,1377.87
8192,32,32,4096,1486.47
8192,32,32,8192,1788.96
8192,32,32,16384,3099.22
8192,32,32,32768,5929.94
8192,32,32,65536,11471.9
8192,32,32,131055,22427.6
8192,32,64,16,1397.14
8192,32,64,32,1395
8192,32,64,64,1399.29
8192,32,64,128,1405.67
8192,32,64,256,1415.12
8192,32,64,512,1447.23
8192,32,64,1024,1508.93
8192,32,64,2048,1629.1
8192,32,64,4096,1900.67
8192,32,64,8192,3072.68
8192,32,64,16384,5901.75
8192,32,64,32768,11476.3
8192,32,64,65536,22631.9
8192,32,64,131055,44910
8192,64,0,0,1135.15
8192,64,1,16,1136.7
8192,64,1,32,1136.94
8192,64,1,64,1139.45
8192,64,1,128,1129.65
8192,64,1,256,1138.32
8192,64,1,512,1133.71
8192,64,1,1024,1137.65
8192,64,1,2048,1140.36
8192,64,1,4096,1146.33
8192,64,1,8192,1153.87
8192,64,1,16384,1336.57
8192,64,1,32768,1675.71
8192,64,1,65536,2354.5
8192,64,1,131055,3704.24
8192,64,2,16,1137.02
8192,64,2,32,1139.56
8192,64,2,64,1140.34
8192,64,2,128,1140.44
8192,64,2,256,1137.48
8192,64,2,512,1144.66
8192,64,2,1024,1146.28
8192,64,2,2048,1146.15
8192,64,2,4096,1154.48
8192,64,2,8192,1181.46
8192,64,2,16384,1369.29
8192,64,2,32768,1732.33
8192,64,2,65536,2427.31
8192,64,2,131055,3755
8192,64,4,16,1149.17
8192,64,4,32,1148.57
8192,64,4,64,1145.02
8192,64,4,128,1153.18
8192,64,4,256,1149.76
8192,64,4,512,1151.53
8192,64,4,1024,1155.44
8192,64,4,2048,1161.06
8192,64,4,4096,1177.25
8192,64,4,8192,1217.21
8192,64,4,16384,1439.48
8192,64,4,32768,1843.76
8192,64,4,65536,2567.63
8192,64,4,131055,3955.68
8192,64,8,16,1162.67
8192,64,8,32,1157.69
8192,64,8,64,1160.74
8192,64,8,128,1162.88
8192,64,8,256,1162.51
8192,64,8,512,1173.03
8192,64,8,1024,1181
8192,64,8,2048,1191.14
8192,64,8,4096,1229.35
8192,64,8,8192,1298.74
8192,64,8,16384,1561.55
8192,64,8,32768,2076.57
8192,64,8,65536,3257.04
8192,64,8,131055,5416.01
8192,64,16,16,1200.83
8192,64,16,32,1200.76
8192,64,16,64,1190.01
8192,64,16,128,1200.07
8192,64,16,256,1204.92
8192,64,16,512,1211.3
8192,64,16,1024,1228.08
8192,64,16,2048,1258.32
8192,64,16,4096,1312.76
8192,64,16,8192,1459.8
8192,64,16,16384,1835.87
8192,64,16,32768,3056.07
8192,64,16,65536,5800.32
8192,64,16,131055,10799.6
8192,64,32,16,1259.1
8192,64,32,32,1260.24
8192,64,32,64,1259.95
8192,64,32,128,1266.56
8192,64,32,256,1279.88
8192,64,32,512,1289.48
8192,64,32,1024,1315.2
8192,64,32,2048,1378.99
8192,64,32,4096,1490.43
8192,64,32,8192,1786.64
8192,64,32,16384,3103.33
8192,64,32,32768,5927.14
8192,64,32,65536,11465.3
8192,64,32,131055,22470.8
8192,64,64,16,1399.08
8192,64,64,32,1396.17
8192,64,64,64,1397.61
8192,64,64,128,1409.4
8192,64,64,256,1424.61
8192,64,64,512,1455.65
8192,64,64,1024,1508.1
8192,64,64,2048,1632.52
8192,64,64,4096,1895.24
8192,64,64,8192,3069.23
8192,64,64,16384,5899.62
8192,64,64,32768,11478.2
8192,64,64,65536,22617.8
8192,64,64,131055,44897.8
8192,128,0,0,1150.04
8192,128,1,16,1150.14
8192,128,1,32,1148.08
8192,128,1,64,1152.94
8192,128,1,128,1153.12
8192,128,1,256,1149.29
8192,128,1,512,1153.12
8192,128,1,1024,1154.67
8192,128,1,2048,1158.23
8192,128,1,4096,1158.82
8192,128,1,8192,1167.09
8192,128,1,16384,1352.61
8192,128,1,32768,1694.19
8192,128,1,65536,2379.01
8192,128,1,131055,3714.33
8192,128,2,16,1151.43
8192,128,2,32,1152.51
8192,128,2,64,1155.96
8192,128,2,128,1155.03
8192,128,2,256,1152.75
8192,128,2,512,1161.24
8192,128,2,1024,1159.62
8192,128,2,2048,1159.03
8192,128,2,4096,1169.98
8192,128,2,8192,1190.78
8192,128,2,16384,1384.71
8192,128,2,32768,1746.23
8192,128,2,65536,2434
8192,128,2,131055,3777.62
8192,128,4,16,1158.84
8192,128,4,32,1164.6
8192,128,4,64,1160.37
8192,128,4,128,1163.53
8192,128,4,256,1167.72
8192,128,4,512,1170.82
8192,128,4,1024,1170.01
8192,128,4,2048,1178.84
8192,128,4,4096,1192.03
8192,128,4,8192,1234.87
8192,128,4,16384,1452.61
8192,128,4,32768,1857.74
8192,128,4,65536,2597.47
8192,128,4,131055,3949.44
8192,128,8,16,1181.32
8192,128,8,32,1177.11
8192,128,8,64,1182.77
8192,128,8,128,1179.04
8192,128,8,256,1177.13
8192,128,8,512,1185.77
8192,128,8,1024,1192.32
8192,128,8,2048,1210.3
8192,128,8,4096,1236.4
8192,128,8,8192,1314.15
8192,128,8,16384,1576.7
8192,128,8,32768,2090.51
8192,128,8,65536,3274.06
8192,128,8,131055,5446.93
8192,128,16,16,1215.47
8192,128,16,32,1212.47
8192,128,16,64,1218.39
8192,128,16,128,1219.79
8192,128,16,256,1220.15
8192,128,16,512,1224.91
8192,128,16,1024,1241.9
8192,128,16,2048,1268.82
8192,128,16,4096,1331.36
8192,128,16,8192,1464.35
8192,128,16,16384,1853.81
8192,128,16,32768,3078.69
8192,128,16,65536,5814.54
8192,128,16,131055,10817.6
8192,128,32,16,1274.15
8192,128,32,32,1276.34
8192,128,32,64,1272.35
8192,128,32,128,1288.55
8192,128,32,256,1284.83
8192,128,32,512,1302.91
8192,128,32,1024,1326.51
8192,128,32,2048,1398.74
8192,128,32,4096,1509.46
8192,128,32,8192,1797.32
8192,128,32,16384,3108.1
8192,128,32,32768,5930.22
8192,128,32,65536,11510.2
8192,128,32,131055,22474.7
8192,128,64,16,1413.26
8192,128,64,32,1411.02
8192,128,64,64,1414.37
8192,128,64,128,1424.94
8192,128,64,256,1438.9
8192,128,64,512,1466.19
8192,128,64,1024,1525.33
8192,128,64,2048,1637.24
8192,128,64,4096,1916.6
8192,128,64,8192,3066.97
8192,128,64,16384,5905.24
8192,128,64,32768,11481.8
8192,128,64,65536,22626.1
8192,128,64,131055,44904.7
8192,256,0,0,1180.71
8192,256,1,16,1179.79
8192,256,1,32,1178.3
8192,256,1,64,1182.8
8192,256,1,128,1183.95
8192,256,1,256,1183.03
8192,256,1,512,1181.87
8192,256,1,1024,1184.17
8192,256,1,2048,1182.29
8192,256,1,4096,1192.32
8192,256,1,8192,1197.65
8192,256,1,16384,1379.31
8192,256,1,32768,1731.64
8192,256,1,65536,2402.36
8192,256,1,131055,3730.77
8192,256,2,16,1177.96
8192,256,2,32,1185.68
8192,256,2,64,1188.72
8192,256,2,128,1185.95
8192,256,2,256,1185.22
8192,256,2,512,1190.67
8192,256,2,1024,1187.33
8192,256,2,2048,1190.94
8192,256,2,4096,1202.76
8192,256,2,8192,1223.45
8192,256,2,16384,1410.97
8192,256,2,32768,1776.31
8192,256,2,65536,2468.53
8192,256,2,131055,3818.62
8192,256,4,16,1190.07
8192,256,4,32,1189.52
8192,256,4,64,1192.9
8192,256,4,128,1191.16
8192,256,4,256,1191.57
8192,256,4,512,1190.52
8192,256,4,1024,1199.72
8192,256,4,2048,1203.09
8192,256,4,4096,1223.22
8192,256,4,8192,1262.53
8192,256,4,16384,1482.79
8192,256,4,32768,1885.86
8192,256,4,65536,2615.88
8192,256,4,131055,3991.13
8192,256,8,16,1207.42
8192,256,8,32,1212.26
8192,256,8,64,1208.66
8192,256,8,128,1212.4
8192,256,8,256,1210.34
8192,256,8,512,1219.08
8192,256,8,1024,1224.83
8192,256,8,2048,1233.36
8192,256,8,4096,1266.41
8192,256,8,8192,1345.69
8192,256,8,16384,1605.79
8192,256,8,32768,2126.75
8192,256,8,65536,3278.74
8192,256,8,131055,5440.34
8192,256,16,16,1245.37
8192,256,16,32,1248.84
8192,256,16,64,1242.73
8192,256,16,128,1245.42
8192,256,16,256,1248.45
8192,256,16,512,1257.32
8192,256,16,1024,1274.75
8192,256,16,2048,1299.13
8192,256,16,4096,1362.49
8192,256,16,8192,1497.37
8192,256,16,16384,1887.3
8192,256,16,32768,3084.11
8192,256,16,65536,5825.86
8192,256,16,131055,10878.3
8192,256,32,16,1306.07
8192,256,32,32,1303.24
8192,256,32,64,1305.2
8192,256,32,128,1309.23
8192,256,32,256,1320.52
8192,256,32,512,1330.58
8192,256,32,1024,1358.14
8192,256,32,2048,1420.63
8192,256,32,4096,1541.38
8192,256,32,8192,1829.34
8192,256,32,16384,3115.05
8192,256,32,32768,5954.93
8192,256,32,65536,11516.1
8192,256,32,131055,22494.7
8192,256,64,16,1446.29
8192,256,64,32,1443.79
8192,256,64,64,1441.72
8192,256,64,128,1452.42
8192,256,64,256,1465.6
8192,256,64,512,1494.61
8192,256,64,1024,1553.99
8192,256,64,2048,1675.32
8192,256,64,4096,1943.9
8192,256,64,8192,3075.14
8192,256,64,16384,5899.68
8192,256,64,32768,11484.3
8192,256,64,65536,22634.2
8192,256,64,131055,44904.9
8192,512,0,0,1241.25
8192,512,1,16,1241.44
8192,512,1,32,1241.5
8192,512,1,64,1242.74
8192,512,1,128,1243.12
8192,512,1,256,1243.76
8192,512,1,512,1244.83
8192,512,1,1024,1242.88
8192,512,1,2048,1243.72
8192,512,1,4096,1248.49
8192,512,1,8192,1260.92
8192,512,1,16384,1432.42
8192,512,1,32768,1782.87
8192,512,1,65536,2468.58
8192,512,1,131055,3789.11
8192,512,2,16,1247.6
8192,512,2,32,1242.63
8192,512,2,64,1233.34
8192,512,2,128,1247.08
8192,512,2,256,1248
8192,512,2,512,1242.41
8192,512,2,1024,1253.82
8192,512,2,2048,1256.23
8192,512,2,4096,1261
8192,512,2,8192,1277.68
8192,512,2,16384,1464.92
8192,512,2,32768,1836.37
8192,512,2,65536,2519.95
8192,512,2,131055,3865.42
8192,512,4,16,1253.91
8192,512,4,32,1256.33
8192,512,4,64,1246.65
8192,512,4,128,1256.71
8192,512,4,256,1255.39
8192,512,4,512,1255.6
8192,512,4,1024,1258.48
8192,512,4,2048,1263.15
8192,512,4,4096,1283.08
8192,512,4,8192,1319.87
8192,512,4,16384,1532.42
8192,512,4,32768,1937.21
8192,512,4,65536,2698.72
8192,512,4,131055,4069.52
8192,512,8,16,1272.92
8192,512,8,32,1271.69
8192,512,8,64,1268.62
8192,512,8,128,1277.15
8192,512,8,256,1271.85
8192,512,8,512,1278.53
8192,512,8,1024,1283.27
8192,512,8,2048,1296.15
8192,512,8,4096,1330.46
8192,512,8,8192,1392.76
8192,512,8,16384,1670.83
8192,512,8,32768,2186.53
8192,512,8,65536,3340.62
8192,512,8,131055,5606.02
8192,512,16,16,1291.54
8192,512,16,32,1300.67
8192,512,16,64,1301.48
8192,512,16,128,1304.59
8192,512,16,256,1306.25
8192,512,16,512,1314.17
8192,512,16,1024,1325.98
8192,512,16,2048,1360.23
8192,512,16,4096,1423.04
8192,512,16,8192,1546.43
8192,512,16,16384,1944.02
8192,512,16,32768,3102.13
8192,512,16,65536,5857.9
8192,512,16,131055,10994.3
8192,512,32,16,1370.49
8192,512,32,32,1364.59
8192,512,32,64,1368.12
8192,512,32,128,1374.15
8192,512,32,256,1380.51
8192,512,32,512,1398.27
8192,512,32,1024,1426.98
8192,512,32,2048,1481.79
8192,512,32,4096,1598.34
8192,512,32,8192,1889.12
8192,512,32,16384,3128.22
8192,512,32,32768,5962.14
8192,512,32,65536,11550.6
8192,512,32,131055,22642.9
8192,512,64,16,1500.99
8192,512,64,32,1506.96
8192,512,64,64,1500.52
8192,512,64,128,1519.21
8192,512,64,256,1528.65
8192,512,64,512,1550.9
8192,512,64,1024,1618.8
8192,512,64,2048,1730.93
8192,512,64,4096,2002.98
8192,512,64,8192,3078.89
8192,512,64,16384,5904.69
8192,512,64,32768,11485.7
8192,512,64,65536,22630.4
8192,512,64,131055,44911.9
8192,1024,0,0,1358.8
8192,1024,1,16,1363.45
8192,1024,1,32,1359.73
8192,1024,1,64,1363.61
8192,1024,1,128,1359.52
8192,1024,1,256,1362.73
8192,1024,1,512,1372.86
8192,1024,1,1024,1361.59
8192,1024,1,2048,1368.99
8192,1024,1,4096,1371.91
8192,1024,1,8192,1374.27
8192,1024,1,16384,1539.13
8192,1024,1,32768,1887.69
8192,1024,1,65536,2575.01
8192,1024,1,131055,3898.78
8192,1024,2,16,1368.9
8192,1024,2,32,1364.04
8192,1024,2,64,1366.11
8192,1024,2,128,1368.23
8192,1024,2,256,1366.69
8192,1024,2,512,1370.79
8192,1024,2,1024,1373.59
8192,1024,2,2048,1374.64
8192,1024,2,4096,1381.83
8192,1024,2,8192,1393.68
8192,1024,2,16384,1583.96
8192,1024,2,32768,1948.93
8192,1024,2,65536,2647.26
8192,1024,2,131055,3990.84
8192,1024,4,16,1378.09
8192,1024,4,32,1376.68
8192,1024,4,64,1374.91
8192,1024,4,128,1371.61
8192,1024,4,256,1377.09
8192,1024,4,512,1381.26
8192,1024,4,1024,1382.44
8192,1024,4,2048,1384.53
8192,1024,4,4096,1406.26
8192,1024,4,8192,1430.85
8192,1024,4,16384,1646.82
8192,1024,4,32768,2071.1
8192,1024,4,65536,2825.43
8192,1024,4,131055,4219.23
8192,1024,8,16,1393.19
8192,1024,8,32,1386.87
8192,1024,8,64,1386.15
8192,1024,8,128,1393.32
8192,1024,8,256,1395.85
8192,1024,8,512,1397.7
8192,1024,8,1024,1406.17
8192,1024,8,2048,1421.49
8192,1024,8,4096,1448.83
8192,1024,8,8192,1509.96
8192,1024,8,16384,1773.51
8192,1024,8,32768,2303.03
8192,1024,8,65536,3452.68
8192,1024,8,131055,5940.45
8192,1024,16,16,1423.57
8192,1024,16,32,1423.86
8192,1024,16,64,1423.5
8192,1024,16,128,1422.89
8192,1024,16,256,1435.99
8192,1024,16,512,1442.04
8192,1024,16,1024,1456.04
8192,1024,16,2048,1482.78
8192,1024,16,4096,1535.75
8192,1024,16,8192,1663.63
8192,1024,16,16384,2059.5
8192,1024,16,32768,3189.44
8192,1024,16,65536,5931.5
8192,1024,16,131055,11086.5
8192,1024,32,16,1483.09
8192,1024,32,32,1487.86
8192,1024,32,64,1491.91
8192,1024,32,128,1491.33
8192,1024,32,256,1502.63
8192,1024,32,512,1518.09
8192,1024,32,1024,1544.4
8192,1024,32,2048,1597.48
8192,1024,32,4096,1718.81
8192,1024,32,8192,2008.25
8192,1024,32,16384,3142.03
8192,1024,32,32768,5977.84
8192,1024,32,65536,11584.7
8192,1024,32,131055,22716.3
8192,1024,64,16,1626.34
8192,1024,64,32,1631.71
8192,1024,64,64,1624.25
8192,1024,64,128,1639.45
8192,1024,64,256,1650.18
8192,1024,64,512,1677.07
8192,1024,64,1024,1731.4
8192,1024,64,2048,1851.87
8192,1024,64,4096,2130.28
8192,1024,64,8192,3089.28
8192,1024,64,16384,5907.56
8192,1024,64,32768,11499.7
8192,1024,64,65536,22643.7
8192,1024,64,131055,44911.3
8192,2048,0,0,1600.73
8192,2048,1,16,1599.63
8192,2048,1,32,1593.88
8192,2048,1,64,1603.77
8192,2048,1,128,1604.48
8192,2048,1,256,1607.39
8192,2048,1,512,1602.31
8192,2048,1,1024,1609.77
8192,2048,1,2048,1602.43
8192,2048,1,4096,1620.24
8192,2048,1,8192,1619.23
8192,2048,1,16384,1761.67
8192,2048,1,32768,2109.88
8192,2048,1,65536,2798.97
8192,2048,1,131055,4138.33
8192,2048,2,16,1602.9
8192,2048,2,32,1607.63
8192,2048,2,64,1612.01
8192,2048,2,128,1608.94
8192,2048,2,256,1607.59
8192,2048,2,512,1609.81
8192,2048,2,1024,1613.34
8192,2048,2,2048,1613.73
8192,2048,2,4096,1622.76
8192,2048,2,8192,1633.55
8192,2048,2,16384,1793.47
8192,2048,2,32768,2183.64
8192,2048,2,65536,2895.72
8192,2048,2,131055,4202.05
8192,2048,4,16,1611.74
8192,2048,4,32,1619.15
8192,2048,4,64,1612.35
8192,2048,4,128,1614.1
8192,2048,4,256,1617.25
8192,2048,4,512,1607.81
8192,2048,4,1024,1617.84
8192,2048,4,2048,1623.49
8192,2048,4,4096,1645.88
8192,2048,4,8192,1668.09
8192,2048,4,16384,1865.23
8192,2048,4,32768,2286.02
8192,2048,4,65536,3087.54
8192,2048,4,131055,4541.66
8192,2048,8,16,1632.01
8192,2048,8,32,1636.76
8192,2048,8,64,1630.33
8192,2048,8,128,1635.36
8192,2048,8,256,1635.87
8192,2048,8,512,1641.22
8192,2048,8,1024,1647.64
8192,2048,8,2048,1654.86
8192,2048,8,4096,1692.13
8192,2048,8,8192,1745.8
8192,2048,8,16384,1998.92
8192,2048,8,32768,2536.7
8192,2048,8,65536,3705.48
8192,2048,8,131055,6337.53
8192,2048,16,16,1660.59
8192,2048,16,32,1648.57
8192,2048,16,64,1672.57
8192,2048,16,128,1670.52
8192,2048,16,256,1673.02
8192,2048,16,512,1680.44
8192,2048,16,1024,1698.89
8192,2048,16,2048,1720.46
8192,2048,16,4096,1781.86
8192,2048,16,8192,1883.55
8192,2048,16,16384,2291.46
8192,2048,16,32768,3333.23
8192,2048,16,65536,6139.52
8192,2048,16,131055,11452.3
8192,2048,32,16,1726.32
8192,2048,32,32,1723.04
8192,2048,32,64,1727.76
8192,2048,32,128,1738.56
8192,2048,32,256,1740.45
8192,2048,32,512,1751.6
8192,2048,32,1024,1788.56
8192,2048,32,2048,1836.84
8192,2048,32,4096,1957.78
8192,2048,32,8192,2234.47
8192,2048,32,16384,3190.37
8192,2048,32,32768,6012.86
8192,2048,32,65536,11635.4
8192,2048,32,131055,22785.4
8192,2048,64,16,1860.93
8192,2048,64,32,1857.66
8192,2048,64,64,1859.2
8192,2048,64,128,1870.23
8192,2048,64,256,1887.65
8192,2048,64,512,1912.09
8192,2048,64,1024,1964.68
8192,2048,64,2048,2085.63
8192,2048,64,4096,2361.64
8192,2048,64,8192,3149.55
8192,2048,64,16384,5907.77
8192,2048,64,32768,11505.2
8192,2048,64,65536,22653.1
8192,2048,64,131055,44945.6
8192,4096,0,0,2073.17
8192,4096,1,16,2068.39
8192,4096,1,32,2072.74
8192,4096,1,64,2081.02
8192,4096,1,128,2080.91
8192,4096,1,256,2088.19
8192,4096,1,512,2085.84
8192,4096,1,1024,2093.03
8192,4096,1,2048,2081.86
8192,4096,1,4096,2093.41
8192,4096,1,8192,2094.42
8192,4096,1,16384,2201.34
8192,4096,1,32768,2550.41
8192,4096,1,65536,3250.97
8192,4096,1,131055,4595.75
8192,4096,2,16,2097.37
8192,4096,2,32,2089.04
8192,4096,2,64,2078.99
8192,4096,2,128,2082.23
8192,4096,2,256,2074.67
8192,4096,2,512,2092.25
8192,4096,2,1024,2085.56
8192,4096,2,2048,2076.69
8192,4096,2,4096,2094.15
8192,4096,2,8192,2117.04
8192,4096,2,16384,2240.87
8192,4096,2,32768,2622.42
8192,4096,2,65536,3349.81
8192,4096,2,131055,4704.14
8192,4096,4,16,2089.69
8192,4096,4,32,2093.13
8192,4096,4,64,2094.26
8192,4096,4,128,2097.76
8192,4096,4,256,2093.94
8192,4096,4,512,2099.54
8192,4096,4,1024,2107.29
8192,4096,4,2048,2099.97
8192,4096,4,4096,2119.1
8192,4096,4,8192,2161.93
8192,4096,4,16384,2298.66
8192,4096,4,32768,2745.59
8192,4096,4,65536,3554.08
8192,4096,4,131055,5122.15
8192,4096,8,16,2118.83
8192,4096,8,32,2115.59
8192,4096,8,64,2118.39
8192,4096,8,128,2116.62
8192,4096,8,256,2118.41
8192,4096,8,512,2119.21
8192,4096,8,1024,2129.7
8192,4096,8,2048,2124.93
8192,4096,8,4096,2160.68
8192,4096,8,8192,2215.98
8192,4096,8,16384,2438.77
8192,4096,8,32768,3001.01
8192,4096,8,65536,4114.66
8192,4096,8,131055,6755.56
8192,4096,16,16,2156.93
8192,4096,16,32,2152.32
8192,4096,16,64,2150.18
8192,4096,16,128,2147
8192,4096,16,256,2151.77
8192,4096,16,512,2161.47
8192,4096,16,1024,2176.14
8192,4096,16,2048,2213.67
8192,4096,16,4096,2259.04
8192,4096,16,8192,2379.62
8192,4096,16,16384,2744.71
8192,4096,16,32768,3629.96
8192,4096,16,65536,6351.73
8192,4096,16,131055,11868.4
8192,4096,32,16,2197.26
8192,4096,32,32,2185.19
8192,4096,32,64,2187.88
8192,4096,32,128,2189
8192,4096,32,256,2210.51
8192,4096,32,512,2232.07
8192,4096,32,1024,2255.11
8192,4096,32,2048,2305.74
8192,4096,32,4096,2440.96
8192,4096,32,8192,2691.37
8192,4096,32,16384,3424.02
8192,4096,32,32768,6068.47
8192,4096,32,65536,11762.5
8192,4096,32,131055,22880.1
8192,4096,64,16,2336.1
8192,4096,64,32,2328.82
8192,4096,64,64,2322.27
8192,4096,64,128,2345.2
8192,4096,64,256,2357.55
8192,4096,64,512,2387.72
8192,4096,64,1024,2443.15
8192,4096,64,2048,2550.16
8192,4096,64,4096,2815.4
8192,4096,64,8192,3422.11
8192,4096,64,16384,5926.48
8192,4096,64,32768,11544.4
8192,4096,64,65536,22701.7
8192,4096,64,131055,44984
8192,8192,0,0,3049.04
8192,8192,1,16,3045.13
8192,8192,1,32,3030.99
8192,8192,1,64,3060.24
8192,8192,1,128,3032.92
8192,8192,1,256,3040.97
8192,8192,1,512,3022.06
8192,8192,1,1024,3043.87
8192,8192,1,2048,3044.73
8192,8192,1,4096,3042.21
8192,8192,1,8192,3047.04
8192,8192,1,16384,3073.78
8192,8192,1,32768,3447.5
8192,8192,1,65536,4147.91
8192,8192,1,131055,5520.65
8192,8192,2,16,3030.85
8192,8192,2,32,3055.84
8192,8192,2,64,3043.12
8192,8192,2,128,3035.75
8192,8192,2,256,3052.27
8192,8192,2,512,3047.76
8192,8192,2,1024,3042.87
8192,8192,2,2048,3051.63
8192,8192,2,4096,3052.93
8192,8192,2,8192,3079.85
8192,8192,2,16384,3119.57
8192,8192,2,32768,3514.84
8192,8192,2,65536,4254.7
8192,8192,2,131055,5674.51
8192,8192,4,16,3036.1
8192,8192,4,32,3029.71
8192,8192,4,64,3052.79
8192,8192,4,128,3043.62
8192,8192,4,256,3051.01
8192,8192,4,512,3055.6
8192,8192,4,1024,3058.28
8192,8192,4,2048,3068.81
8192,8192,4,4096,3086.06
8192,8192,4,8192,3105.1
8192,8192,4,16384,3206.98
8192,8192,4,32768,3619.41
8192,8192,4,65536,4493.37
8192,8192,4,131055,6175.68
8192,8192,8,16,3067.04
8192,8192,8,32,3062.06
8192,8192,8,64,3056.29
8192,8192,8,128,3061.47
8192,8192,8,256,3066.73
8192,8192,8,512,3059.72
8192,8192,8,1024,3087.57
8192,8192,8,2048,3097.28
8192,8192,8,4096,3125.22
8192,8192,8,8192,3175.64
8192,8192,8,16384,3336.86
8192,8192,8,32768,3904.03
8192,8192,8,65536,5049.59
8192,8192,8,131055,7495.59
8192,8192,16,16,3080.69
8192,8192,16,32,3064.4
8192,8192,16,64,3087.26
8192,8192,16,128,3091.37
8192,8192,16,256,3110.96
8192,8192,16,512,3095.84
8192,8192,16,1024,3130.03
8192,8192,16,2048,3146.3
8192,8192,16,4096,3209.12
8192,8192,16,8192,3353.91
8192,8192,16,16384,3637.84
8192,8192,16,32768,4507.82
8192,8192,16,65536,6608.84
8192,8192,16,131055,12305.8
8192,8192,32,16,3149.59
8192,8192,32,32,3149.82
8192,8192,32,64,3127.89
8192,8192,32,128,3167.37
8192,8192,32,256,3170.55
8192,8192,32,512,3171.37
8192,8192,32,1024,3196.5
8192,8192,32,2048,3257.18
8192,8192,32,4096,3371.86
8192,8192,32,8192,3665.97
8192,8192,32,16384,4288.32
8192,8192,32,32768,6183.18
8192,8192,32,65536,11962.5
8192,8192,32,131055,23356.3
8192,8192,64,16,3254.66
8192,8192,64,32,3265.14
8192,8192,64,64,3267.35
8192,8192,64,128,3299.08
8192,8192,64,256,3301.92
8192,8192,64,512,3331.92
8192,8192,64,1024,3374.83
8192,8192,64,2048,3480.78
8192,8192,64,4096,3766.99
8192,8192,64,8192,4348.78
8192,8192,64,16384,6095.62
8192,8192,64,32768,11726.6
8192,8192,64,65536,23020.7
8192,8192,64,131055,45314.1
8192,16384,0,0,4953.44
8192,16384,1,16,4924.04
8192,16384,1,32,4925.47
8192,16384,1,64,4938.59
8192,16384,1,128,4930.99
8192,16384,1,256,4938.92
8192,16384,1,512,4933.11
8192,16384,1,1024,4936.2
8192,16384,1,2048,4936.63
8192,16384,1,4096,4937.82
8192,16384,1,8192,4952.48
8192,16384,1,16384,4959.68
8192,16384,1,32768,5194.38
8192,16384,1,65536,5910.93
8192,16384,1,131055,7313.4
8192,16384,2,16,4944.64
8192,16384,2,32,4936.45
8192,16384,2,64,4950.16
8192,16384,2,128,4942.6
8192,16384,2,256,4940.2
8192,16384,2,512,4944.77
8192,16384,2,1024,4929.91
8192,16384,2,2048,4936.37
8192,16384,2,4096,4936.57
8192,16384,2,8192,4963.74
8192,16384,2,16384,4993.73
8192,16384,2,32768,5271.52
8192,16384,2,65536,6047.56
8192,16384,2,131055,7525.19
8192,16384,4,16,4922.07
8192,16384,4,32,4919.25
8192,16384,4,64,4908.67
8192,16384,4,128,4936.74
8192,16384,4,256,4923.59
8192,16384,4,512,4907.53
8192,16384,4,1024,4939.03
8192,16384,4,2048,4933.22
8192,16384,4,4096,4969.92
8192,16384,4,8192,5003.36
8192,16384,4,16384,5082.14
8192,16384,4,32768,5390.22
8192,16384,4,65536,6288.01
8192,16384,4,131055,8083.33
8192,16384,8,16,4943.66
8192,16384,8,32,4920.16
8192,16384,8,64,4918.02
8192,16384,8,128,4930.58
8192,16384,8,256,4920.32
8192,16384,8,512,4933.29
8192,16384,8,1024,4958.23
8192,16384,8,2048,4950.69
8192,16384,8,4096,4979.23
8192,16384,8,8192,5083.35
8192,16384,8,16384,5203.25
8192,16384,8,32768,5716.44
8192,16384,8,65536,6856.81
8192,16384,8,131055,9091.96
8192,16384,16,16,4955.62
8192,16384,16,32,4933.7
8192,16384,16,64,4951.36
8192,16384,16,128,4933.91
8192,16384,16,256,4956.36
8192,16384,16,512,4959.02
8192,16384,16,1024,4970.14
8192,16384,16,2048,5012.24
8192,16384,16,4096,5103.99
8192,16384,16,8192,5222.33
8192,16384,16,16384,5511.54
8192,16384,16,32768,6302.68
8192,16384,16,65536,7936.37
8192,16384,16,131055,13010.6
8192,16384,32,16,4986.03
8192,16384,32,32,4990.9
8192,16384,32,64,4976.35
8192,16384,32,128,4978.16
8192,16384,32,256,5016.19
8192,16384,32,512,5016.43
8192,16384,32,1024,5062.06
8192,16384,32,2048,5130.61
8192,16384,32,4096,5260.91
8192,16384,32,8192,5523.14
8192,16384,32,16384,6091.42
8192,16384,32,32768,7417.24
8192,16384,32,65536,12183.8
8192,16384,32,131055,23905.1
8192,16384,64,16,5119.9
8192,16384,64,32,5121.67
8192,16384,64,64,5123.14
8192,16384,64,128,5154.41
8192,16384,64,256,5169.76
8192,16384,64,512,5194.18
8192,16384,64,1024,5270.59
8192,16384,64,2048,5386.01
8192,16384,64,4096,5645.64
8192,16384,64,8192,6151.92
8192,16384,64,16384,7306.06
8192,16384,64,32768,11896.6
8192,16384,64,65536,23515.8
8192,16384,64,131055,45962.8
8192,32768,0,0,8658.54
8192,32768,1,16,8634.28
8192,32768,1,32,8646.89
8192,32768,1,64,8650
8192,32768,1,128,8644.05
8192,32768,1,256,8639.9
8192,32768,1,512,8660.67
8192,32768,1,1024,8637.77
8192,32768,1,2048,8679.02
8192,32768,1,4096,8675.87
8192,32768,1,8192,8652.87
8192,32768,1,16384,8692.67
8192,32768,1,32768,8715.45
8192,32768,1,65536,9523.09
8192,32768,1,131055,10937.6
8192,32768,2,16,8649.31
8192,32768,2,32,8649.67
8192,32768,2,64,8640.43
8192,32768,2,128,8630.6
8192,32768,2,256,8653.46
8192,32768,2,512,8637.56
8192,32768,2,1024,8643.29
8192,32768,2,2048,8665.03
8192,32768,2,4096,8664.78
8192,32768,2,8192,8714.7
8192,32768,2,16384,8768.4
8192,32768,2,32768,9005.11
8192,32768,2,65536,9621.67
8192,32768,2,131055,11185.4
8192,32768,4,16,8639.07
8192,32768,4,32,8648.21
8192,32768,4,64,8648.87
8192,32768,4,128,8643.19
8192,32768,4,256,8645.23
8192,32768,4,512,8640.81
8192,32768,4,1024,8654.91
8192,32768,4,2048,8636.09
8192,32768,4,4096,8661.76
8192,32768,4,8192,8745.39
8192,32768,4,16384,8885.5
8192,32768,4,32768,9105.44
8192,32768,4,65536,9887.02
8192,32768,4,131055,11836.2
8192,32768,8,16,8646.08
8192,32768,8,32,8667.57
8192,32768,8,64,8655.04
8192,32768,8,128,8662.43
8192,32768,8,256,8653.31
8192,32768,8,512,8650.87
8192,32768,8,1024,8654.67
8192,32768,8,2048,8668.36
8192,32768,8,4096,8733.95
8192,32768,8,8192,8842.66
8192,32768,8,16384,9052.5
8192,32768,8,32768,9297.34
8192,32768,8,65536,10540.7
8192,32768,8,131055,12886.3
8192,32768,16,16,8661.03
8192,32768,16,32,8689.18
8192,32768,16,64,8665.22
8192,32768,16,128,8662.14
8192,32768,16,256,8678.03
8192,32768,16,512,8677.94
8192,32768,16,1024,8679.49
8192,32768,16,2048,8711.02
8192,32768,16,4096,8803.44
8192,32768,16,8192,8970.2
8192,32768,16,16384,9284.2
8192,32768,16,32768,9943.17
8192,32768,16,65536,11601.8
8192,32768,16,131055,14784.7
8192,32768,32,16,8694.39
8192,32768,32,32,8688.43
8192,32768,32,64,8696.46
8192,32768,32,128,8704.03
8192,32768,32,256,8699.03
8192,32768,32,512,8719.08
8192,32768,32,1024,8752.29
8192,32768,32,2048,8827.64
8192,32768,32,4096,9028.6
8192,32768,32,8192,9363.34
8192,32768,32,16384,9810.66
8192,32768,32,32768,11024.8
8192,32768,32,65536,13662.6
8192,32768,32,131055,24237.7
8192,32768,64,16,8830.1
8192,32768,64,32,8838.22
8192,32768,64,64,8818.74
8192,32768,64,128,8835.74
8192,32768,64,256,8889.1
8192,32768,64,512,8919.35
8192,32768,64,1024,8973.99
8192,32768,64,2048,9189.52
8192,32768,64,4096,9487.06
8192,32768,64,8192,9967.14
8192,32768,64,16384,11045.4
8192,32768,64,32768,13309.8
8192,32768,64,65536,23781.7
8192,32768,64,131055,46458.6
8192,65536,0,0,16172.4
8192,65536,1,16,16182.8
8192,65536,1,32,16178.5
8192,65536,1,64,16188.7
8192,65536,1,128,16193.1
8192,65536,1,256,16169.5
8192,65536,1,512,16161.7
8192,65536,1,1024,16175.1
8192,65536,1,2048,15857.9
8192,65536,1,4096,16093.6
8192,65536,1,8192,16196
8192,65536,1,16384,15903.9
8192,65536,1,32768,16248.1
8192,65536,1,65536,16232.1
8192,65536,1,131055,18394.6
8192,65536,2,16,16212.1
8192,65536,2,32,16187.1
8192,65536,2,64,16016.5
8192,65536,2,128,16067.2
8192,65536,2,256,16012.3
8192,65536,2,512,16088.5
8192,65536,2,1024,16039.9
8192,65536,2,2048,15883.8
8192,65536,2,4096,16186.4
8192,65536,2,8192,16060.2
8192,65536,2,16384,16169.4
8192,65536,2,32768,16557.6
8192,65536,2,65536,16985.7
8192,65536,2,131055,18700.9
8192,65536,4,16,15835.8
8192,65536,4,32,16053.2
8192,65536,4,64,15849.2
8192,65536,4,128,15911.3
8192,65536,4,256,16121.4
8192,65536,4,512,16183.2
8192,65536,4,1024,16067.8
8192,65536,4,2048,15835.6
8192,65536,4,4096,16051.1
8192,65536,4,8192,16195.1
8192,65536,4,16384,16068.3
8192,65536,4,32768,16582.8
8192,65536,4,65536,17125.3
8192,65536,4,131055,18798.4
8192,65536,8,16,15859.4
8192,65536,8,32,15874.3
8192,65536,8,64,16153.9
8192,65536,8,128,15844.5
8192,65536,8,256,15853.6
8192,65536,8,512,16112
8192,65536,8,1024,15720.9
8192,65536,8,2048,16136.3
8192,65536,8,4096,15779.2
8192,65536,8,8192,16152.2
8192,65536,8,16384,16469
8192,65536,8,32768,16923.1
8192,65536,8,65536,17190
8192,65536,8,131055,20088
8192,65536,16,16,16128.3
8192,65536,16,32,15841.3
8192,65536,16,64,15850.7
8192,65536,16,128,15864.3
8192,65536,16,256,15881.8
8192,65536,16,512,15887
8192,65536,16,1024,15936.9
8192,65536,16,2048,16100
8192,65536,16,4096,15966.3
8192,65536,16,8192,16139.6
8192,65536,16,16384,16871.5
8192,65536,16,32768,17074
8192,65536,16,65536,18528.2
8192,65536,16,131055,21910.7
8192,65536,32,16,16145.3
8192,65536,32,32,15935.2
8192,65536,32,64,16001.6
8192,65536,32,128,15908
8192,65536,32,256,16100.1
8192,65536,32,512,15912.1
8192,65536,32,1024,15996.9
8192,65536,32,2048,16283.8
8192,65536,32,4096,16403.7
8192,65536,32,8192,16678.2
8192,65536,32,16384,17518
8192,65536,32,32768,18340.4
8192,65536,32,65536,20818.2
8192,65536,32,131055,26598.2
8192,65536,64,16,16241
8192,65536,64,32,16037.3
8192,65536,64,64,16249.3
8192,65536,64,128,16073.6
8192,65536,64,256,16057
8192,65536,64,512,16124
8192,65536,64,1024,16195.8
8192,65536,64,2048,16516
8192,65536,64,4096,16923.9
8192,65536,64,8192,17649
8192,65536,64,16384,18503.5
8192,65536,64,32768,20927.5
8192,65536,64,65536,25928.6
8192,65536,64,131055,47826.2
16384,0,0,0,4020.81
16384,0,1,16,4009.96
16384,0,1,32,3997.46
16384,0,1,64,4028.34
16384,0,1,128,4037.99
16384,0,1,256,3964.7
16384,0,1,512,3998.88
16384,0,1,1024,3966.12
16384,0,1,2048,3996.81
16384,0,1,4096,3969.17
16384,0,1,8192,3997.37
16384,0,1,16384,4066.54
16384,0,1,32768,4436.67
16384,0,1,65536,5105.68
16384,0,1,131055,6550.8
16384,0,2,16,3991.67
16384,0,2,32,4031.97
16384,0,2,64,4012.11
16384,0,2,128,3966.52
16384,0,2,256,4003.38
16384,0,2,512,4063.04
16384,0,2,1024,3973.48
16384,0,2,2048,4013.97
16384,0,2,4096,4070.41
16384,0,2,8192,4048.81
16384,0,2,16384,4040.61
16384,0,2,32768,4519.26
16384,0,2,65536,5253.99
16384,0,2,131055,6620.83
16384,0,4,16,3986.75
16384,0,4,32,4042.9
16384,0,4,64,4026.35
16384,0,4,128,4023.55
16384,0,4,256,3990.91
16384,0,4,512,3984.59
16384,0,4,1024,4061.6
16384,0,4,2048,4018.34
16384,0,4,4096,4053.96
16384,0,4,8192,4073.79
16384,0,4,16384,4121.79
16384,0,4,32768,4539.04
16384,0,4,65536,5482.3
16384,0,4,131055,7258.05
16384,0,8,16,4090.31
16384,0,8,32,4026.22
16384,0,8,64,4015.49
16384,0,8,128,4061.09
16384,0,8,256,4110.75
16384,0,8,512,4009.54
16384,0,8,1024,4058.49
16384,0,8,2048,4067.17
16384,0,8,4096,4150.9
16384,0,8,8192,4122.73
16384,0,8,16384,4335.8
16384,0,8,32768,4853.21
16384,0,8,65536,5947.47
16384,0,8,131055,8349.21
16384,0,16,16,4099.25
16384,0,16,32,4124.16
16384,0,16,64,4116.63
16384,0,16,128,4114.38
16384,0,16,256,4109.85
16384,0,16,512,4110.55
16384,0,16,1024,4119.8
16384,0,16,2048,4093.52
16384,0,16,4096,4256.09
16384,0,16,8192,4286.57
16384,0,16,16384,4706.95
16384,0,16,32768,5429.77
16384,0,16,65536,7232.76
16384,0,16,131055,12731.4
16384,0,32,16,4240.27
16384,0,32,32,4196.36
16384,0,32,64,4300.78
16384,0,32,128,4245.42
16384,0,32,256,4220.02
16384,0,32,512,4230.8
16384,0,32,1024,4347.16
16384,0,32,2048,4391.98
16384,0,32,4096,4463.73
16384,0,32,8192,4731.35
16384,0,32,16384,5369.11
16384,0,32,32768,6835.16
16384,0,32,65536,12161.4
16384,0,32,131055,23450.2
16384,0,64,16,4574.78
16384,0,64,32,4499.26
16384,0,64,64,4533.51
16384,0,64,128,4508.26
16384,0,64,256,4571.15
16384,0,64,512,4604.19
16384,0,64,1024,4652
16384,0,64,2048,4741.79
16384,0,64,4096,4993.14
16384,0,64,8192,5516.76
16384,0,64,16384,6824.18
16384,0,64,32768,11877.8
16384,0,64,65536,23090.5
16384,0,64,131055,45379.7
16384,16,0,0,4064.67
16384,16,1,16,4051.98
16384,16,1,32,3993.5
16384,16,1,64,4086.5
16384,16,1,128,4017.54
16384,16,1,256,4064.08
16384,16,1,512,4039.81
16384,16,1,1024,4075.71
16384,16,1,2048,4035.24
16384,16,1,4096,4081.51
16384,16,1,8192,3996.43
16384,16,1,16384,4054.77
16384,16,1,32768,4486.26
16384,16,1,65536,5160.48
16384,16,1,131055,6507.55
16384,16,2,16,4001.02
16384,16,2,32,4026.9
16384,16,2,64,3993.39
16384,16,2,128,4050.58
16384,16,2,256,3987.08
16384,16,2,512,4021.24
16384,16,2,1024,3989.29
16384,16,2,2048,4042.58
16384,16,2,4096,4055.08
16384,16,2,8192,4024.1
16384,16,2,16384,4168.62
16384,16,2,32768,4500.1
16384,16,2,65536,5314.3
16384,16,2,131055,6726.91
16384,16,4,16,4072.39
16384,16,4,32,4063.6
16384,16,4,64,4050.4
16384,16,4,128,4010.62
16384,16,4,256,4100.22
16384,16,4,512,4103.87
16384,16,4,1024,4063.71
16384,16,4,2048,4071.16
16384,16,4,4096,4032.99
16384,16,4,8192,4133.97
16384,16,4,16384,4175.68
16384,16,4,32768,4611.95
16384,16,4,65536,5507.17
16384,16,4,131055,7141.91
16384,16,8,16,4084.91
16384,16,8,32,4078.13
16384,16,8,64,4038.69
16384,16,8,128,4091.74
16384,16,8,256,4123.13
16384,16,8,512,4055.25
16384,16,8,1024,4049.97
16384,16,8,2048,4114.5
16384,16,8,4096,4121.11
16384,16,8,8192,4143.63
16384,16,8,16384,4344.79
16384,16,8,32768,4884.52
16384,16,8,65536,5976.72
16384,16,8,131055,8370.55
16384,16,16,16,4115.29
16384,16,16,32,4107.8
16384,16,16,64,4146.9
16384,16,16,128,4164.69
16384,16,16,256,4132.57
16384,16,16,512,4154.32
16384,16,16,1024,4149.11
16384,16,16,2048,4115.37
16384,16,16,4096,4289.71
16384,16,16,8192,4303.31
16384,16,16,16384,4655.01
16384,16,16,32768,5513.79
16384,16,16,65536,7273.39
16384,16,16,131055,12730.5
16384,16,32,16,4282.42
16384,16,32,32,4221.99
16384,16,32,64,4230.4
16384,16,32,128,4331.89
16384,16,32,256,4279.01
16384,16,32,512,4311.84
16384,16,32,1024,4280.89
16384,16,32,2048,4420.8
16384,16,32,4096,4434.62
16384,16,32,8192,4716.14
16384,16,32,16384,5354.54
16384,16,32,32768,6852.48
16384,16,32,65536,12155
16384,16,32,131055,23434.4
16384,16,64,16,4565.03
16384,16,64,32,4561.69
16384,16,64,64,4532.53
16384,16,64,128,4591.44
16384,16,64,256,4631.07
16384,16,64,512,4595.13
16384,16,64,1024,4676.35
16384,16,64,2048,4768.96
16384,16,64,4096,5023.82
16384,16,64,8192,5484.1
16384,16,64,16384,6860.63
16384,16,64,32768,11878.9
16384,16,64,65536,23097.7
16384,16,64,131055,45380.1
16384,32,0,0,4053.7
16384,32,1,16,4025.77
16384,32,1,32,3991.17
16384,32,1,64,4072.22
16384,32,1,128,4026.09
16384,32,1,256,4059.78
16384,32,1,512,4038.52
16384,32,1,1024,3992.44
16384,32,1,2048,4027.66
16384,32,1,4096,4073.73
16384,32,1,8192,4025.87
16384,32,1,16384,4042.78
16384,32,1,32768,4432.82
16384,32,1,65536,5132.74
16384,32,1,131055,6513.94
16384,32,2,16,4011.57
16384,32,2,32,4048.24
16384,32,2,64,3997.02
16384,32,2,128,4045.5
16384,32,2,256,3992.87
16384,32,2,512,4044.06
16384,32,2,1024,3996.22
16384,32,2,2048,4051.59
16384,32,2,4096,4080.47
16384,32,2,8192,4044.8
16384,32,2,16384,4060.53
16384,32,2,32768,4450.94
16384,32,2,65536,5203.32
16384,32,2,131055,6709.03
16384,32,4,16,4056.51
16384,32,4,32,4008.05
16384,32,4,64,4080.12
16384,32,4,128,4030.89
16384,32,4,256,3999.85
16384,32,4,512,4055.77
16384,32,4,1024,4062.13
16384,32,4,2048,4016.76
16384,32,4,4096,4118.06
16384,32,4,8192,4101.55
16384,32,4,16384,4174.82
16384,32,4,32768,4627.47
16384,32,4,65536,5398.63
16384,32,4,131055,7124.86
16384,32,8,16,4045.38
16384,32,8,32,4037.59
16384,32,8,64,4046.14
16384,32,8,128,4083.76
16384,32,8,256,4005.27
16384,32,8,512,4042.88
16384,32,8,1024,4047.35
16384,32,8,2048,4108.63
16384,32,8,4096,4123.26
16384,32,8,8192,4233.02
16384,32,8,16384,4302.38
16384,32,8,32768,4955.71
16384,32,8,65536,5979.45
16384,32,8,131055,8362.16
16384,32,16,16,4140.81
16384,32,16,32,4137.04
16384,32,16,64,4134.33
16384,32,16,128,4129.33
16384,32,16,256,4130.66
16384,32,16,512,4210.65
16384,32,16,1024,4204.78
16384,32,16,2048,4149.43
16384,32,16,4096,4203.95
16384,32,16,8192,4351.7
16384,32,16,16384,4650.75
16384,32,16,32768,5516.84
16384,32,16,65536,7323.89
16384,32,16,131055,12739.9
16384,32,32,16,4282.85
16384,32,32,32,4235
16384,32,32,64,4299.64
16384,32,32,128,4258.64
16384,32,32,256,4295.54
16384,32,32,512,4305.61
16384,32,32,1024,4276.39
16384,32,32,2048,4442.46
16384,32,32,4096,4452.09
16384,32,32,8192,4711.3
16384,32,32,16384,5317.16
16384,32,32,32768,6861.36
16384,32,32,65536,12160.7
16384,32,32,131055,23438.4
16384,32,64,16,4573.37
16384,32,64,32,4542.2
16384,32,64,64,4488.14
16384,32,64,128,4531.53
16384,32,64,256,4530.61
16384,32,64,512,4595.39
16384,32,64,1024,4692.51
16384,32,64,2048,4696.58
16384,32,64,4096,4944.25
16384,32,64,8192,5536.46
16384,32,64,16384,6817.95
16384,32,64,32768,11877
16384,32,64,65536,23085.4
16384,32,64,131055,45386.6
16384,64,0,0,4064.61
16384,64,1,16,4087.71
16384,64,1,32,4067.05
16384,64,1,64,4073.19
16384,64,1,128,4075.73
16384,64,1,256,4043.32
16384,64,1,512,4074.05
16384,64,1,1024,3982.34
16384,64,1,2048,4091.68
16384,64,1,4096,3995.76
16384,64,1,8192,4040.77
16384,64,1,16384,4018.38
16384,64,1,32768,4469.95
16384,64,1,65536,5200.33
16384,64,1,131055,6562.15
16384,64,2,16,4036.84
16384,64,2,32,3990.89
16384,64,2,64,4078
16384,64,2,128,4037.49
16384,64,2,256,4067.18
16384,64,2,512,4037.45
16384,64,2,1024,4075.47
16384,64,2,2048,4053.06
16384,64,2,4096,4087
16384,64,2,8192,4015.31
16384,64,2,16384,4132.97
16384,64,2,32768,4485.9
16384,64,2,65536,5299.1
16384,64,2,131055,6721.32
16384,64,4,16,4056.54
16384,64,4,32,4040.22
16384,64,4,64,4007.95
16384,64,4,128,4082.96
16384,64,4,256,4065.47
16384,64,4,512,4102.33
16384,64,4,1024,4015.89
16384,64,4,2048,3991.85
16384,64,4,4096,4098.32
16384,64,4,8192,4096.74
16384,64,4,16384,4159.23
16384,64,4,32768,4622.07
16384,64,4,65536,5477.48
16384,64,4,131055,7138.96
16384,64,8,16,4031.32
16384,64,8,32,4045.47
16384,64,8,64,4061.95
16384,64,8,128,4004.1
16384,64,8,256,4043.65
16384,64,8,512,4045.52
16384,64,8,1024,4091.04
16384,64,8,2048,4093.75
16384,64,8,4096,4123.78
16384,64,8,8192,4224.1
16384,64,8,16384,4357.46
16384,64,8,32768,4878.81
16384,64,8,65536,6044.53
16384,64,8,131055,8363.44
16384,64,16,16,4134.44
16384,64,16,32,4118.81
16384,64,16,64,4065.32
16384,64,16,128,4121.19
16384,64,16,256,4119.46
16384,64,16,512,4115.41
16384,64,16,1024,4118.55
16384,64,16,2048,4205.84
16384,64,16,4096,4274.35
16384,64,16,8192,4403.66
16384,64,16,16384,4754.6
16384,64,16,32768,5469.27
16384,64,16,65536,7315.68
16384,64,16,131055,12747.2
16384,64,32,16,4305.22
16384,64,32,32,4268.98
16384,64,32,64,4277.46
16384,64,32,128,4280.62
16384,64,32,256,4249.59
16384,64,32,512,4252.91
16384,64,32,1024,4240.84
16384,64,32,2048,4374.23
16384,64,32,4096,4492.44
16384,64,32,8192,4724.54
16384,64,32,16384,5293.43
16384,64,32,32768,6868.25
16384,64,32,65536,12169.1
16384,64,32,131055,23431.6
16384,64,64,16,4596.38
16384,64,64,32,4593.1
16384,64,64,64,4475.77
16384,64,64,128,4587.01
16384,64,64,256,4610.74
16384,64,64,512,4538.48
16384,64,64,1024,4649.67
16384,64,64,2048,4747.69
16384,64,64,4096,5029.94
16384,64,64,8192,5468.54
16384,64,64,16384,6852.79
16384,64,64,32768,11878
16384,64,64,65536,23097.8
16384,64,64,131055,45387.9
16384,128,0,0,4084.17
16384,128,1,16,4045.9
16384,128,1,32,4014.32
16384,128,1,64,4101.15
16384,128,1,128,4046.66
16384,128,1,256,4075.75
16384,128,1,512,4048.34
16384,128,1,1024,4007.39
16384,128,1,2048,4078.6
16384,128,1,4096,4026.16
16384,128,1,8192,4070.47
16384,128,1,16384,4055.91
16384,128,1,32768,4404.44
16384,128,1,65536,5102.63
16384,128,1,131055,6543.63
16384,128,2,16,4031.8
16384,128,2,32,4115.33
16384,128,2,64,4060.39
16384,128,2,128,4026.85
16384,128,2,256,4079.27
16384,128,2,512,4031.98
16384,128,2,1024,4065.9
16384,128,2,2048,4032.83
16384,128,2,4096,4044.09
16384,128,2,8192,4052.07
16384,128,2,16384,4123.39
16384,128,2,32768,4522.39
16384,128,2,65536,5265.97
16384,128,2,131055,6691.2
16384,128,4,16,4100.67
16384,128,4,32,4061.5
16384,128,4,64,4090.92
16384,128,4,128,4026.91
16384,128,4,256,4003.79
16384,128,4,512,4051.51
16384,128,4,1024,4043.64
16384,128,4,2048,4104.87
16384,128,4,4096,4088.82
16384,128,4,8192,4119
16384,128,4,16384,4181.41
16384,128,4,32768,4599.39
16384,128,4,65536,5542.78
16384,128,4,131055,7295.41
16384,128,8,16,4026.48
16384,128,8,32,4063.53
16384,128,8,64,4069.46
16384,128,8,128,4089.03
16384,128,8,256,4028.71
16384,128,8,512,4074.29
16384,128,8,1024,4070.93
16384,128,8,2048,4150.32
16384,128,8,4096,4145.83
16384,128,8,8192,4132.22
16384,128,8,16384,4324.77
16384,128,8,32768,4904.93
16384,128,8,65536,6011.48
16384,128,8,131055,8388.8
16384,128,16,16,4126.78
16384,128,16,32,4164.41
16384,128,16,64,4169.74
16384,128,16,128,4163.59
16384,128,16,256,4154.13
16384,128,16,512,4176.56
16384,128,16,1024,4174.79
16384,128,16,2048,4142.24
16384,128,16,4096,4198.49
16384,128,16,8192,4300.37
16384,128,16,16384,4682.63
16384,128,16,32768,5487.5
16384,128,16,65536,7346.23
16384,128,16,131055,12718.9
16384,128,32,16,4251.6
16384,128,32,32,4337.42
16384,128,32,64,4283.26
16384,128,32,128,4305.48
16384,128,32,256,4315.97
16384,128,32,512,4280.89
16384,128,32,1024,4386.38
16384,128,32,2048,4423.45
16384,128,32,4096,4481.09
16384,128,32,8192,4760.97
16384,128,32,16384,5327.1
16384,128,32,32768,6857.35
16384,128,32,65536,12168.6
16384,128,32,131055,23455.5
16384,128,64,16,4611.15
16384,128,64,32,4609.43
16384,128,64,64,4622.43
16384,128,64,128,4637.62
16384,128,64,256,4640.66
16384,128,64,512,4636.01
16384,128,64,1024,4724.74
16384,128,64,2048,4803.81
16384,128,64,4096,4968.66
16384,128,64,8192,5584.65
16384,128,64,16384,6848.56
16384,128,64,32768,11880.6
16384,128,64,65536,23091.7
16384,128,64,131055,45386.8
16384,256,0,0,4099.28
16384,256,1,16,4104.21
16384,256,1,32,4099.73
16384,256,1,64,4069.52
16384,256,1,128,4160.25
16384,256,1,256,4083.75
16384,256,1,512,4134.36
16384,256,1,1024,4079.75
16384,256,1,2048,4118.8
16384,256,1,4096,4157.12
16384,256,1,8192,4136.94
16384,256,1,16384,4167.2
16384,256,1,32768,4555.7
16384,256,1,65536,5275.77
16384,256,1,131055,6600.29
16384,256,2,16,4173.3
16384,256,2,32,4121.4
16384,256,2,64,4079.05
16384,256,2,128,4123.23
16384,256,2,256,4074.79
16384,256,2,512,4111.15
16384,256,2,1024,4077.34
16384,256,2,2048,4122.31
16384,256,2,4096,4175.38
16384,256,2,8192,4156.07
16384,256,2,16384,4140.08
16384,256,2,32768,4546.27
16384,256,2,65536,5281.84
16384,256,2,131055,6734.18
16384,256,4,16,4091.49
16384,256,4,32,4155.07
16384,256,4,64,4116.93
16384,256,4,128,4138.77
16384,256,4,256,4098.88
16384,256,4,512,4181.69
16384,256,4,1024,4135.7
16384,256,4,2048,4138.34
16384,256,4,4096,4127.83
16384,256,4,8192,4143.15
16384,256,4,16384,4306.22
16384,256,4,32768,4714.48
16384,256,4,65536,5545.32
16384,256,4,131055,7234.05
16384,256,8,16,4152.83
16384,256,8,32,4140.25
16384,256,8,64,4155.12
16384,256,8,128,4245.24
16384,256,8,256,4182.54
16384,256,8,512,4159.15
16384,256,8,1024,4197.26
16384,256,8,2048,4137.05
16384,256,8,4096,4217.78
16384,256,8,8192,4266.33
16384,256,8,16384,4375
16384,256,8,32768,5039.6
16384,256,8,65536,6009.12
16384,256,8,131055,8423.21
16384,256,16,16,4210.02
16384,256,16,32,4207.74
16384,256,16,64,4146.9
16384,256,16,128,4263.6
16384,256,16,256,4195.47
16384,256,16,512,4187.74
16384,256,16,1024,4215.06
16384,256,16,2048,4238.45
16384,256,16,4096,4341.16
16384,256,16,8192,4427.52
16384,256,16,16384,4766.98
16384,256,16,32768,5559.75
16384,256,16,65536,7396.67
16384,256,16,131055,12756.4
16384,256,32,16,4270.15
16384,256,32,32,4343.16
16384,256,32,64,4368.19
16384,256,32,128,4365.51
16384,256,32,256,4338.54
16384,256,32,512,4332.93
16384,256,32,1024,4428.4
16384,256,32,2048,4424.63
16384,256,32,4096,4568.04
16384,256,32,8192,4763.14
16384,256,32,16384,5439.62
16384,256,32,32768,6858.99
16384,256,32,65536,12176.2
16384,256,32,131055,23448
16384,256,64,16,4681.73
16384,256,64,32,4626.52
16384,256,64,64,4686.9
16384,256,64,128,4571.79
16384,256,64,256,4644.85
16384,256,64,512,4706.76
16384,256,64,1024,4746.06
16384,256,64,2048,4783.25
16384,256,64,4096,5018.74
16384,256,64,8192,5608.89
16384,256,64,16384,6863.5
16384,256,64,32768,11883.5
16384,256,64,65536,23090.3
16384,256,64,131055,45387.7
16384,512,0,0,4270.97
16384,512,1,16,4269.94
16384,512,1,32,4182.74
16384,512,1,64,4200.4
16384,512,1,128,4243.01
16384,512,1,256,4197.34
16384,512,1,512,4222.37
16384,512,1,1024,4188.76
16384,512,1,2048,4268.61
16384,512,1,4096,4227.24
16384,512,1,8192,4157.5
16384,512,1,16384,4202.84
16384,512,1,32768,4607.3
16384,512,1,65536,5294.23
16384,512,1,131055,6654.36
16384,512,2,16,4220.99
16384,512,2,32,4193.17
16384,512,2,64,4235.21
16384,512,2,128,4184.75
16384,512,2,256,4229.65
16384,512,2,512,4188.59
16384,512,2,1024,4221.88
16384,512,2,2048,4189.81
16384,512,2,4096,4275.06
16384,512,2,8192,4251.26
16384,512,2,16384,4292.72
16384,512,2,32768,4593.73
16384,512,2,65536,5391.92
16384,512,2,131055,6840.23
16384,512,4,16,4195.76
16384,512,4,32,4163.66
16384,512,4,64,4224.54
16384,512,4,128,4238.17
16384,512,4,256,4203.07
16384,512,4,512,4245.52
16384,512,4,1024,4234.53
16384,512,4,2048,4272.89
16384,512,4,4096,4223.04
16384,512,4,8192,4248.9
16384,512,4,16384,4411.19
16384,512,4,32768,4819.52
16384,512,4,65536,5681.59
16384,512,4,131055,7472.09
16384,512,8,16,4285.61
16384,512,8,32,4192.26
16384,512,8,64,4263.16
16384,512,8,128,4197.79
16384,512,8,256,4238.2
16384,512,8,512,4230.92
16384,512,8,1024,4291.96
16384,512,8,2048,4222.09
16384,512,8,4096,4246.99
16384,512,8,8192,4341.07
16384,512,8,16384,4505.43
16384,512,8,32768,5106.08
16384,512,8,65536,6190.17
16384,512,8,131055,8525.09
16384,512,16,16,4342.8
16384,512,16,32,4340.7
16384,512,16,64,4310.92
16384,512,16,128,4262.27
16384,512,16,256,4354.24
16384,512,16,512,4312.29
16384,512,16,1024,4326.82
16384,512,16,2048,4355.22
16384,512,16,4096,4457.88
16384,512,16,8192,4554.43
16384,512,16,16384,4882.92
16384,512,16,32768,5658.46
16384,512,16,65536,7490.74
16384,512,16,131055,12801.1
16384,512,32,16,4437.24
16384,512,32,32,4485.03
16384,512,32,64,4464.72
16384,512,32,128,4436.81
16384,512,32,256,4387.09
16384,512,32,512,4407.66
16384,512,32,1024,4509.73
16384,512,32,2048,4612.72
16384,512,32,4096,4636.68
16384,512,32,8192,4926.72
16384,512,32,16384,5503.57
16384,512,32,32768,7021.19
16384,512,32,65536,12191.8
16384,512,32,131055,23517.4
16384,512,64,16,4764.2
16384,512,64,32,4751.36
16384,512,64,64,4723.68
16384,512,64,128,4792.55
16384,512,64,256,4735.85
16384,512,64,512,4807.14
16384,512,64,1024,4889.98
16384,512,64,2048,4896.96
16384,512,64,4096,5117.34
16384,512,64,8192,5711.18
16384,512,64,16384,6971.45
16384,512,64,32768,11892.2
16384,512,64,65536,23101.8
16384,512,64,131055,45403.3
16384,1024,0,0,4403.38
16384,1024,1,16,4482.19
16384,1024,1,32,4470.05
16384,1024,1,64,4444.72
16384,1024,1,128,4455.8
16384,1024,1,256,4414.05
16384,1024,1,512,4448.27
16384,1024,1,1024,4420.71
16384,1024,1,2048,4489.05
16384,1024,1,4096,4459.87
16384,1024,1,8192,4512.71
16384,1024,1,16384,4462.25
16384,1024,1,32768,4844.63
16384,1024,1,65536,5486.5
16384,1024,1,131055,6924.66
16384,1024,2,16,4413.89
16384,1024,2,32,4482.85
16384,1024,2,64,4443.94
16384,1024,2,128,4430.14
16384,1024,2,256,4379.99
16384,1024,2,512,4460.31
16384,1024,2,1024,4419.29
16384,1024,2,2048,4469.15
16384,1024,2,4096,4515.81
16384,1024,2,8192,4466.94
16384,1024,2,16384,4517.87
16384,1024,2,32768,4852.43
16384,1024,2,65536,5599.6
16384,1024,2,131055,7151.44
16384,1024,4,16,4439.83
16384,1024,4,32,4457.93
16384,1024,4,64,4484.1
16384,1024,4,128,4474.03
16384,1024,4,256,4426.99
16384,1024,4,512,4481.69
16384,1024,4,1024,4504.99
16384,1024,4,2048,4480.28
16384,1024,4,4096,4445.16
16384,1024,4,8192,4490.22
16384,1024,4,16384,4555.87
16384,1024,4,32768,4977.04
16384,1024,4,65536,5900.01
16384,1024,4,131055,7567.93
16384,1024,8,16,4465.77
16384,1024,8,32,4493.83
16384,1024,8,64,4461.18
16384,1024,8,128,4527.56
16384,1024,8,256,4459.79
16384,1024,8,512,4527.19
16384,1024,8,1024,4495.05
16384,1024,8,2048,4488.4
16384,1024,8,4096,4551.6
16384,1024,8,8192,4585.46
16384,1024,8,16384,4710.88
16384,1024,8,32768,5294.16
16384,1024,8,65536,6396.18
16384,1024,8,131055,8708.97
16384,1024,16,16,4562.2
16384,1024,16,32,4538.47
16384,1024,16,64,4569
16384,1024,16,128,4535.31
16384,1024,16,256,4537.38
16384,1024,16,512,4578.94
16384,1024,16,1024,4573.04
16384,1024,16,2048,4583.74
16384,1024,16,4096,4598.04
16384,1024,16,8192,4728.54
16384,1024,16,16384,5056.73
16384,1024,16,32768,5916.72
16384,1024,16,65536,7655.99
16384,1024,16,131055,12863.9
16384,1024,32,16,4676.44
16384,1024,32,32,4692.43
16384,1024,32,64,4704.24
16384,1024,32,128,4715.1
16384,1024,32,256,4712.41
16384,1024,32,512,4682.36
16384,1024,32,1024,4710.1
16384,1024,32,2048,4828.92
16384,1024,32,4096,4872.75
16384,1024,32,8192,5120.46
16384,1024,32,16384,5753.74
16384,1024,32,32768,7204.31
16384,1024,32,65536,12224.1
16384,1024,32,131055,23528.6
16384,1024,64,16,4910.17
16384,1024,64,32,4975.73
16384,1024,64,64,4997.81
16384,1024,64,128,4919.65
16384,1024,64,256,4978.06
16384,1024,64,512,5005.69
16384,1024,64,1024,5109.93
16384,1024,64,2048,5202.07
16384,1024,64,4096,5361.77
16384,1024,64,8192,5934.11
16384,1024,64,16384,7197.32
16384,1024,64,32768,11929.2
16384,1024,64,65536,23119.2
16384,1024,64,131055,45426.6
16384,2048,0,0,4974.69
16384,2048,1,16,4944.59
16384,2048,1,32,4909.92
16384,2048,1,64,4933.05
16384,2048,1,128,4938.96
16384,2048,1,256,4886.37
16384,2048,1,512,4905.68
16384,2048,1,1024,4868.29
16384,2048,1,2048,4931.62
16384,2048,1,4096,4885.18
16384,2048,1,8192,4928.66
16384,2048,1,16384,4885.57
16384,2048,1,32768,5268.13
16384,2048,1,65536,6046.59
16384,2048,1,131055,7357.56
16384,2048,2,16,4865.09
16384,2048,2,32,4829.17
16384,2048,2,64,4907.53
16384,2048,2,128,4917.86
16384,2048,2,256,4862.62
16384,2048,2,512,4921.19
16384,2048,2,1024,4909.65
16384,2048,2,2048,4919.62
16384,2048,2,4096,4926.54
16384,2048,2,8192,4936.1
16384,2048,2,16384,4926.34
16384,2048,2,32768,5288.93
16384,2048,2,65536,6159.91
16384,2048,2,131055,7545.97
16384,2048,4,16,4917.92
16384,2048,4,32,4929.6
16384,2048,4,64,4916.93
16384,2048,4,128,4947.82
16384,2048,4,256,4941.32
16384,2048,4,512,4951.98
16384,2048,4,1024,4887.95
16384,2048,4,2048,4901.14
16384,2048,4,4096,4903.31
16384,2048,4,8192,4927.44
16384,2048,4,16384,4985.11
16384,2048,4,32768,5521.99
16384,2048,4,65536,6316.48
16384,2048,4,131055,8138.82
16384,2048,8,16,4918.1
16384,2048,8,32,4954.98
16384,2048,8,64,4952.9
16384,2048,8,128,4921.46
16384,2048,8,256,4935.62
16384,2048,8,512,4928.06
16384,2048,8,1024,4974.74
16384,2048,8,2048,4936.67
16384,2048,8,4096,4992.2
16384,2048,8,8192,5032.56
16384,2048,8,16384,5155.33
16384,2048,8,32768,5805.81
16384,2048,8,65536,6843.5
16384,2048,8,131055,9147.38
16384,2048,16,16,4993.69
16384,2048,16,32,4942.03
16384,2048,16,64,5029.71
16384,2048,16,128,5002.8
16384,2048,16,256,4978.3
16384,2048,16,512,5059.44
16384,2048,16,1024,4966.19
16384,2048,16,2048,5046.11
16384,2048,16,4096,5125.36
16384,2048,16,8192,5185.17
16384,2048,16,16384,5501.4
16384,2048,16,32768,6424.95
16384,2048,16,65536,8073.66
16384,2048,16,131055,12973.9
16384,2048,32,16,5124.88
16384,2048,32,32,5141.25
16384,2048,32,64,5127.2
16384,2048,32,128,5125.72
16384,2048,32,256,5122.64
16384,2048,32,512,5141.1
16384,2048,32,1024,5112.12
16384,2048,32,2048,5272.74
16384,2048,32,4096,5352.72
16384,2048,32,8192,5573.19
16384,2048,32,16384,6150.61
16384,2048,32,32768,7699.9
16384,2048,32,65536,12276.8
16384,2048,32,131055,23603.3
16384,2048,64,16,5391.8
16384,2048,64,32,5407.91
16384,2048,64,64,5427.15
16384,2048,64,128,5381.6
16384,2048,64,256,5386.5
16384,2048,64,512,5487.15
16384,2048,64,1024,5513.19
16384,2048,64,2048,5548.18
16384,2048,64,4096,5909.47
16384,2048,64,8192,6363.03
16384,2048,64,16384,7657.4
16384,2048,64,32768,12042.2
16384,2048,64,65536,23163.6
16384,2048,64,131055,45469.7
16384,4096,0,0,5769.9
16384,4096,1,16,5840.91
16384,4096,1,32,5830.44
16384,4096,1,64,5805.06
16384,4096,1,128,5806.29
16384,4096,1,256,5849.43
16384,4096,1,512,5863.42
16384,4096,1,1024,5729.75
16384,4096,1,2048,5783.68
16384,4096,1,4096,5784.15
16384,4096,1,8192,5864.62
16384,4096,1,16384,5814.13
16384,4096,1,32768,6097.29
16384,4096,1,65536,6822.73
16384,4096,1,131055,8329.4
16384,4096,2,16,5794.22
16384,4096,2,32,5773.55
16384,4096,2,64,5732.89
16384,4096,2,128,5731.1
16384,4096,2,256,5794.43
16384,4096,2,512,5732.53
16384,4096,2,1024,5787.78
16384,4096,2,2048,5738.27
16384,4096,2,4096,5823.21
16384,4096,2,8192,5757.47
16384,4096,2,16384,5848.32
16384,4096,2,32768,6150.11
16384,4096,2,65536,6917.7
16384,4096,2,131055,8427.35
16384,4096,4,16,5787.14
16384,4096,4,32,5816.82
16384,4096,4,64,5809.38
16384,4096,4,128,5749.47
16384,4096,4,256,5785.63
16384,4096,4,512,5818.72
16384,4096,4,1024,5781.37
16384,4096,4,2048,5834.88
16384,4096,4,4096,5769.87
16384,4096,4,8192,5844.49
16384,4096,4,16384,5918.8
16384,4096,4,32768,6279.91
16384,4096,4,65536,7183.95
16384,4096,4,131055,8863.91
16384,4096,8,16,5800.36
16384,4096,8,32,5782.34
16384,4096,8,64,5878.48
16384,4096,8,128,5805.69
16384,4096,8,256,5827.56
16384,4096,8,512,5790.21
16384,4096,8,1024,5854.71
16384,4096,8,2048,5809.55
16384,4096,8,4096,5863.3
16384,4096,8,8192,5882.77
16384,4096,8,16384,5995.95
16384,4096,8,32768,6545.42
16384,4096,8,65536,7673.91
16384,4096,8,131055,10060.8
16384,4096,16,16,5845.34
16384,4096,16,32,5860.56
16384,4096,16,64,5837.36
16384,4096,16,128,5913.57
16384,4096,16,256,5887.85
16384,4096,16,512,5849.64
16384,4096,16,1024,5865.19
16384,4096,16,2048,5935.26
16384,4096,16,4096,6006.38
16384,4096,16,8192,6071.3
16384,4096,16,16384,6378.5
16384,4096,16,32768,7235.18
16384,4096,16,65536,8944.85
16384,4096,16,131055,13236.6
16384,4096,32,16,5960.84
16384,4096,32,32,5954.9
16384,4096,32,64,5985.24
16384,4096,32,128,6027.65
16384,4096,32,256,5968.27
16384,4096,32,512,6014.2
16384,4096,32,1024,6143.49
16384,4096,32,2048,6122.77
16384,4096,32,4096,6223.5
16384,4096,32,8192,6490.44
16384,4096,32,16384,7004.98
16384,4096,32,32768,8488.72
16384,4096,32,65536,12422.9
16384,4096,32,131055,23726.6
16384,4096,64,16,6184.62
16384,4096,64,32,6223.87
16384,4096,64,64,6238.46
16384,4096,64,128,6231.26
16384,4096,64,256,6316.19
16384,4096,64,512,6372.72
16384,4096,64,1024,6375.88
16384,4096,64,2048,6509.29
16384,4096,64,4096,6722.31
16384,4096,64,8192,7288.42
16384,4096,64,16384,8555.25
16384,4096,64,32768,12304.4
16384,4096,64,65536,23361.5
16384,4096,64,131055,45578.6
16384,8192,0,0,7600
16384,8192,1,16,7611.85
16384,8192,1,32,7631.28
16384,8192,1,64,7583.11
16384,8192,1,128,7602.62
16384,8192,1,256,7552.2
16384,8192,1,512,7530.81
16384,8192,1,1024,7537.2
16384,8192,1,2048,7530.63
16384,8192,1,4096,7551.16
16384,8192,1,8192,7535.52
16384,8192,1,16384,7585.09
16384,8192,1,32768,7845.73
16384,8192,1,65536,8457.51
16384,8192,1,131055,9832.24
16384,8192,2,16,7538.62
16384,8192,2,32,7533.88
16384,8192,2,64,7532.93
16384,8192,2,128,7530.72
16384,8192,2,256,7620.19
16384,8192,2,512,7567.76
16384,8192,2,1024,7528.22
16384,8192,2,2048,7548.31
16384,8192,2,4096,7568.89
16384,8192,2,8192,7560.19
16384,8192,2,16384,7671.92
16384,8192,2,32768,7837.37
16384,8192,2,65536,8587.56
16384,8192,2,131055,10190
16384,8192,4,16,7538.57
16384,8192,4,32,7548.16
16384,8192,4,64,7547.83
16384,8192,4,128,7565.53
16384,8192,4,256,7543.52
16384,8192,4,512,7560.15
16384,8192,4,1024,7568.67
16384,8192,4,2048,7582.52
16384,8192,4,4096,7568.18
16384,8192,4,8192,7592.45
16384,8192,4,16384,7647.72
16384,8192,4,32768,7961.15
16384,8192,4,65536,8878.73
16384,8192,4,131055,10779.8
16384,8192,8,16,7565.71
16384,8192,8,32,7652.87
16384,8192,8,64,7643.14
16384,8192,8,128,7566.12
16384,8192,8,256,7585.31
16384,8192,8,512,7584.37
16384,8192,8,1024,7577.98
16384,8192,8,2048,7629.24
16384,8192,8,4096,7622.15
16384,8192,8,8192,7677.55
16384,8192,8,16384,7779
16384,8192,8,32768,8299.06
16384,8192,8,65536,9413.33
16384,8192,8,131055,11728.1
16384,8192,16,16,7620.49
16384,8192,16,32,7615.94
16384,8192,16,64,7619.2
16384,8192,16,128,7620.29
16384,8192,16,256,7625.19
16384,8192,16,512,7662.96
16384,8192,16,1024,7659.86
16384,8192,16,2048,7683.13
16384,8192,16,4096,7725.1
16384,8192,16,8192,7834.48
16384,8192,16,16384,8251.71
16384,8192,16,32768,8882.8
16384,8192,16,65536,10484.4
16384,8192,16,131055,14311.4
16384,8192,32,16,7736.8
16384,8192,32,32,7739.72
16384,8192,32,64,7755.33
16384,8192,32,128,7737.84
16384,8192,32,256,7740.5
16384,8192,32,512,7764.57
16384,8192,32,1024,7787.19
16384,8192,32,2048,7834.26
16384,8192,32,4096,7948.08
16384,8192,32,8192,8194.13
16384,8192,32,16384,8787.72
16384,8192,32,32768,10178.9
16384,8192,32,65536,13335.4
16384,8192,32,131055,24013.7
16384,8192,64,16,7966.12
16384,8192,64,32,8129.28
16384,8192,64,64,7991.95
16384,8192,64,128,8144.03
16384,8192,64,256,8116.14
16384,8192,64,512,8111
16384,8192,64,1024,8126.65
16384,8192,64,2048,8176.7
16384,8192,64,4096,8454.12
16384,8192,64,8192,9027.62
16384,8192,64,16384,10267
16384,8192,64,32768,12952.7
16384,8192,64,65536,23510.1
16384,8192,64,131055,46378.2
16384,16384,0,0,11215.5
16384,16384,1,16,11217.1
16384,16384,1,32,11111.7
16384,16384,1,64,11121.6
16384,16384,1,128,11109.9
16384,16384,1,256,11115.7
16384,16384,1,512,11119.9
16384,16384,1,1024,11118.3
16384,16384,1,2048,11118.3
16384,16384,1,4096,11116.6
16384,16384,1,8192,11129.2
16384,16384,1,16384,11224
16384,16384,1,32768,11196.9
16384,16384,1,65536,11903.1
16384,16384,1,131055,13285.4
16384,16384,2,16,11121.2
16384,16384,2,32,11120.5
16384,16384,2,64,11118.6
16384,16384,2,128,11119.5
16384,16384,2,256,11121
16384,16384,2,512,11115.7
16384,16384,2,1024,11121.1
16384,16384,2,2048,11120.8
16384,16384,2,4096,11143.6
16384,16384,2,8192,11142.3
16384,16384,2,16384,11181.6
16384,16384,2,32768,11270.9
16384,16384,2,65536,12040.9
16384,16384,2,131055,13632
16384,16384,4,16,11128.5
16384,16384,4,32,11127.3
16384,16384,4,64,11129.1
16384,16384,4,128,11129.9
16384,16384,4,256,11136.2
16384,16384,4,512,11133.3
16384,16384,4,1024,11134.9
16384,16384,4,2048,11147.5
16384,16384,4,4096,11160.2
16384,16384,4,8192,11185
16384,16384,4,16384,11251.7
16384,16384,4,32768,11424.5
16384,16384,4,65536,12386.2
16384,16384,4,131055,14194.3
16384,16384,8,16,11160.2
16384,16384,8,32,11155.1
16384,16384,8,64,11159.2
16384,16384,8,128,11156
16384,16384,8,256,11251
16384,16384,8,512,11165.2
16384,16384,8,1024,11177.6
16384,16384,8,2048,11187.9
16384,16384,8,4096,11211.5
16384,16384,8,8192,11261.5
16384,16384,8,16384,11391.8
16384,16384,8,32768,11796.9
16384,16384,8,65536,12953.2
16384,16384,8,131055,15199.8
16384,16384,16,16,11229
16384,16384,16,32,11226.3
16384,16384,16,64,11235.3
16384,16384,16,128,11231.4
16384,16384,16,256,11241
16384,16384,16,512,11241.5
16384,16384,16,1024,11264.3
16384,16384,16,2048,11286.7
16384,16384,16,4096,11341.6
16384,16384,16,8192,11437.8
16384,16384,16,16384,11700.6
16384,16384,16,32768,12375.2
16384,16384,16,65536,13980.2
16384,16384,16,131055,17556.9
16384,16384,32,16,11334.6
16384,16384,32,32,11344.7
16384,16384,32,64,11344.2
16384,16384,32,128,11344.4
16384,16384,32,256,11348.6
16384,16384,32,512,11364.1
16384,16384,32,1024,11389.6
16384,16384,32,2048,11436.3
16384,16384,32,4096,11550
16384,16384,32,8192,11836.1
16384,16384,32,16384,12314.5
16384,16384,32,32768,13494
16384,16384,32,65536,16606.1
16384,16384,32,131055,24765.7
16384,16384,64,16,11563.2
16384,16384,64,32,11565.7
16384,16384,64,64,11569.1
16384,16384,64,128,11585.3
16384,16384,64,256,11593.6
16384,16384,64,512,11625.9
16384,16384,64,1024,11665.6
16384,16384,64,2048,11779.2
16384,16384,64,4096,12054.8
16384,16384,64,8192,12579.9
16384,16384,64,16384,13565.5
16384,16384,64,32768,16396.6
16384,16384,64,65536,24359.1
16384,16384,64,131055,47247.2
16384,32768,0,0,18441.3
16384,32768,1,16,18444
16384,32768,1,32,18447
16384,32768,1,64,18447.8
16384,32768,1,128,18433.7
16384,32768,1,256,18439.3
16384,32768,1,512,18447.1
16384,32768,1,1024,18440.7
16384,32768,1,2048,18444.1
16384,32768,1,4096,18442.3
16384,32768,1,8192,18455.9
16384,32768,1,16384,18462.5
16384,32768,1,32768,18503.5
16384,32768,1,65536,18909.7
16384,32768,1,131055,20302.1
16384,32768,2,16,18446.6
16384,32768,2,32,18453.6
16384,32768,2,64,18446.6
16384,32768,2,128,18449
16384,32768,2,256,18446.7
16384,32768,2,512,18445
16384,32768,2,1024,18446.4
16384,32768,2,2048,18458.7
16384,32768,2,4096,18450.2
16384,32768,2,8192,18469.6
16384,32768,2,16384,18504.6
16384,32768,2,32768,18549.4
16384,32768,2,65536,19066.9
16384,32768,2,131055,20709.4
16384,32768,4,16,18457.1
16384,32768,4,32,18459
16384,32768,4,64,18455.5
16384,32768,4,128,18465.1
16384,32768,4,256,18457.9
16384,32768,4,512,18446.4
16384,32768,4,1024,18457
16384,32768,4,2048,18465
16384,32768,4,4096,18472.5
16384,32768,4,8192,18501.9
16384,32768,4,16384,18572.2
16384,32768,4,32768,18681.3
16384,32768,4,65536,19447.9
16384,32768,4,131055,21265.8
16384,32768,8,16,18467.8
16384,32768,8,32,18481.4
16384,32768,8,64,18481.2
16384,32768,8,128,18475.3
16384,32768,8,256,18478.4
16384,32768,8,512,18474.6
16384,32768,8,1024,18486.8
16384,32768,8,2048,18492.9
16384,32768,8,4096,18523.7
16384,32768,8,8192,18574.3
16384,32768,8,16384,18712.5
16384,32768,8,32768,18981.7
16384,32768,8,65536,19981.2
16384,32768,8,131055,22257.8
16384,32768,16,16,18518.5
16384,32768,16,32,18511.7
16384,32768,16,64,18513.7
16384,32768,16,128,18525.3
16384,32768,16,256,18523
16384,32768,16,512,18523.6
16384,32768,16,1024,18528.4
16384,32768,16,2048,18553.2
16384,32768,16,4096,18604.1
16384,32768,16,8192,18731.3
16384,32768,16,16384,19039.3
16384,32768,16,32768,19516.4
16384,32768,16,65536,21042.9
16384,32768,16,131055,24486.1
16384,32768,32,16,18593.8
16384,32768,32,32,18583.7
16384,32768,32,64,18585
16384,32768,32,128,18588.3
16384,32768,32,256,18603.1
16384,32768,32,512,18614.2
16384,32768,32,1024,18628.6
16384,32768,32,2048,18684.7
16384,32768,32,4096,18798.8
16384,32768,32,8192,19110.6
16384,32768,32,16384,19645.2
16384,32768,32,32768,20593.1
16384,32768,32,65536,23455.9
16384,32768,32,131055,29288.6
16384,32768,64,16,18800.2
16384,32768,64,32,18801.2
16384,32768,64,64,18797.6
16384,32768,64,128,18807.9
16384,32768,64,256,18818.5
16384,32768,64,512,18848.1
16384,32768,64,1024,18904.6
16384,32768,64,2048,19020.6
16384,32768,64,4096,19318.5
16384,32768,64,8192,19846.8
16384,32768,64,16384,20877.2
16384,32768,64,32768,23224.8
16384,32768,64,65536,28407.8
16384,32768,64,131055,48447.6
16384,65536,0,0,33036.1
16384,65536,1,16,33041.1
16384,65536,1,32,33043.9
16384,65536,1,64,33043.7
16384,65536,1,128,33049
16384,65536,1,256,33050.7
16384,65536,1,512,33045.2
16384,65536,1,1024,33044.8
16384,65536,1,2048,33052.8
16384,65536,1,4096,33061
16384,65536,1,8192,33055.9
16384,65536,1,16384,33067
16384,65536,1,32768,33106.1
16384,65536,1,65536,33120.4
16384,65536,1,131055,34267.2
16384,65536,2,16,33052.3
16384,65536,2,32,33057.3
16384,65536,2,64,33051.6
16384,65536,2,128,33048
16384,65536,2,256,33044.4
16384,65536,2,512,33063.9
16384,65536,2,1024,33063.4
16384,65536,2,2048,33058.4
16384,65536,2,4096,33058
16384,65536,2,8192,33061.9
16384,65536,2,16384,33103.5
16384,65536,2,32768,33171.4
16384,65536,2,65536,33245.9
16384,65536,2,131055,35124.5
16384,65536,4,16,33066.3
16384,65536,4,32,33059.5
16384,65536,4,64,33058.1
16384,65536,4,128,33054.7
16384,65536,4,256,33058.2
16384,65536,4,512,33051.3
16384,65536,4,1024,33069
16384,65536,4,2048,33061.5
16384,65536,4,4096,33073.4
16384,65536,4,8192,33106
16384,65536,4,16384,33173.6
16384,65536,4,32768,33335.7
16384,65536,4,65536,33869.7
16384,65536,4,131055,35527.5
16384,65536,8,16,33066.5
16384,65536,8,32,33057.1
16384,65536,8,64,33063.5
16384,65536,8,128,33071.1
16384,65536,8,256,33078.5
16384,65536,8,512,33068.3
16384,65536,8,1024,33086.5
16384,65536,8,2048,33074.3
16384,65536,8,4096,33102.4
16384,65536,8,8192,33160.4
16384,65536,8,16384,33313
16384,65536,8,32768,33747
16384,65536,8,65536,34280.4
16384,65536,8,131055,36749.1
16384,65536,16,16,33089.2
16384,65536,16,32,33096.4
16384,65536,16,64,33087.6
16384,65536,16,128,33088.7
16384,65536,16,256,33095.8
16384,65536,16,512,33096.8
16384,65536,16,1024,33101.3
16384,65536,16,2048,33124.6
16384,65536,16,4096,33169.6
16384,65536,16,8192,33311.3
16384,65536,16,16384,33631.3
16384,65536,16,32768,34287.2
16384,65536,16,65536,35563.7
16384,65536,16,131055,38563.1
16384,65536,32,16,33157.6
16384,65536,32,32,33165
16384,65536,32,64,33164
16384,65536,32,128,33154.4
16384,65536,32,256,33165.4
16384,65536,32,512,33196.7
16384,65536,32,1024,33214.6
16384,65536,32,2048,33263.8
16384,65536,32,4096,33387
16384,65536,32,8192,33689.7
16384,65536,32,16384,34318
16384,65536,32,32768,35332.8
16384,65536,32,65536,37398.3
16384,65536,32,131055,43859.1
16384,65536,64,16,33377.9
16384,65536,64,32,33371.4
16384,65536,64,64,33362.2
16384,65536,64,128,33388.8
16384,65536,64,256,33401
16384,65536,64,512,33420.2
16384,65536,64,1024,33471.7
16384,65536,64,2048,33619.5
16384,65536,64,4096,33924.6
16384,65536,64,8192,34513.4
16384,65536,64,16384,35567.7
16384,65536,64,32768,37691.1
16384,65536,64,65536,42983.1
16384,65536,64,131055,52410.1
