layer,tokens,time_us
embedding,1,3.28533
embedding,2,3.46667
embedding,3,3.65867
embedding,4,3.915
embedding,5,4.256
embedding,6,4.448
embedding,7,4.71467
embedding,8,4.71467
embedding,9,5.22667
embedding,10,5.44967
embedding,11,5.632
embedding,12,5.89867
embedding,13,6.26133
embedding,14,6.48567
embedding,15,6.752
embedding,16,6.69867
embedding,20,3.06167
embedding,24,2.88033
embedding,28,3.09367
embedding,32,2.838
embedding,36,2.965
embedding,40,2.80533
embedding,44,3.02867
embedding,48,2.80533
embedding,52,3.008
embedding,56,2.89067
embedding,60,3.00833
embedding,64,2.96533
embedding,80,2.976
embedding,96,3.00833
embedding,112,3.08267
embedding,128,3.15733
embedding,144,3.49833
embedding,160,3.54067
embedding,176,3.659
embedding,192,3.72233
embedding,208,3.81867
embedding,224,3.829
embedding,240,3.81867
embedding,256,3.78667
embedding,272,4.128
embedding,288,4.20233
embedding,304,4.22367
embedding,320,4.23433
embedding,336,4.256
embedding,352,4.27733
embedding,368,4.288
embedding,384,4.36233
embedding,400,4.704
embedding,416,4.72533
embedding,432,4.725
embedding,448,4.84233
embedding,464,4.85333
embedding,480,4.85367
embedding,496,4.87467
embedding,512,4.94867
embedding,528,4.94867
embedding,544,5.00267
embedding,560,5.03467
embedding,576,5.05567
embedding,592,5.09867
embedding,608,5.17333
embedding,624,5.19433
embedding,640,5.22667
embedding,656,5.29033
embedding,672,5.376
embedding,688,5.344
embedding,704,5.365
embedding,720,5.39767
embedding,736,5.44
embedding,752,5.45033
embedding,768,5.56767
embedding,784,5.57933
embedding,800,5.58867
embedding,816,5.664
embedding,832,5.78167
embedding,848,5.80267
embedding,864,5.781
embedding,880,5.76
embedding,896,5.792
embedding,912,5.856
embedding,928,5.89867
embedding,944,5.95133
embedding,960,5.952
embedding,976,6.01633
embedding,992,5.99467
embedding,1008,5.94167
embedding,1024,5.97367
embedding,1040,6.03733
embedding,1056,6.08
embedding,1072,6.15433
embedding,1088,6.112
embedding,1104,6.208
embedding,1120,6.28233
embedding,1136,6.336
embedding,1152,6.49567
embedding,1168,6.421
embedding,1184,6.44267
embedding,1200,6.52767
embedding,1216,6.475
embedding,1232,6.592
embedding,1248,6.614
embedding,1264,6.68833
embedding,1280,6.709
embedding,1296,6.67767
embedding,1312,6.88
embedding,1328,6.85867
embedding,1344,6.80533
embedding,1360,6.85833
embedding,1376,6.93333
embedding,1392,6.92267
embedding,1408,7.029
embedding,1424,7.11467
embedding,1440,7.08267
embedding,1456,7.05033
embedding,1472,7.15733
embedding,1488,7.16833
embedding,1504,7.20033
embedding,1520,7.20033
embedding,1536,7.23233
embedding,1552,7.232
embedding,1568,7.264
embedding,1584,7.414
embedding,1600,7.33867
embedding,1616,7.307
embedding,1632,7.413
embedding,1648,7.42433
embedding,1664,7.51967
embedding,1680,7.552
embedding,1696,7.56267
embedding,1712,7.57333
embedding,1728,7.63733
embedding,1744,7.63767
embedding,1760,7.776
embedding,1776,7.78733
embedding,1792,7.77567
embedding,1808,7.808
embedding,1824,7.85133
embedding,1840,7.893
embedding,1856,7.893
embedding,1872,7.91467
embedding,1888,8.05333
embedding,1904,7.99967
embedding,1920,8.08567
embedding,1936,8.085
embedding,1952,8.27767
embedding,1968,8.224
embedding,1984,8.181
embedding,2000,8.27733
embedding,2016,8.27767
embedding,2032,8.29867
embedding,2048,8.39433
embedding,2064,8.43733
embedding,2080,8.43733
embedding,2096,8.43667
embedding,2112,8.45867
embedding,2128,8.50133
embedding,2144,8.62933
embedding,2160,8.58667
embedding,2176,8.608
embedding,2192,8.60833
embedding,2208,8.725
embedding,2224,8.66133
embedding,2240,8.84267
embedding,2256,8.93833
embedding,2272,8.79967
embedding,2288,8.928
embedding,2304,8.97033
embedding,2320,8.98133
embedding,2336,8.92833
embedding,2352,8.98133
embedding,2368,9.00267
embedding,2384,9.152
embedding,2400,9.10933
embedding,2416,9.15233
embedding,2432,9.17367
embedding,2448,9.22667
embedding,2464,9.24867
embedding,2480,9.26933
embedding,2496,9.35467
embedding,2512,9.30133
embedding,2528,9.44
embedding,2544,9.53667
embedding,2560,9.462
embedding,2576,9.63133
embedding,2592,9.78167
embedding,2608,9.84433
embedding,2624,9.79167
embedding,2640,9.80267
embedding,2656,10.016
embedding,2672,9.867
embedding,2688,9.888
embedding,2704,10.112
embedding,2720,9.984
embedding,2736,10.144
embedding,2752,10.0907
embedding,2768,10.3147
embedding,2784,10.4537
embedding,2800,10.3243
embedding,2816,10.2293
embedding,2832,10.0487
embedding,2848,10.112
embedding,2864,10.1763
embedding,2880,10.1333
embedding,2896,10.2507
embedding,2912,10.3573
embedding,2928,10.3143
embedding,2944,10.346
embedding,2960,10.4317
embedding,2976,10.4313
embedding,2992,10.496
embedding,3008,10.4853
embedding,3024,10.528
embedding,3040,10.4857
embedding,3056,10.528
embedding,3072,10.699
embedding,3088,10.6237
embedding,3104,10.7413
embedding,3120,10.6987
embedding,3136,10.7413
embedding,3152,10.8587
embedding,3168,10.8693
embedding,3184,10.9437
embedding,3200,10.9333
embedding,3216,11.008
embedding,3232,10.901
embedding,3248,11.0283
embedding,3264,10.965
embedding,3280,11.1257
embedding,3296,10.976
embedding,3312,11.1033
embedding,3328,11.264
embedding,3344,11.1787
embedding,3360,11.3067
embedding,3376,11.2643
embedding,3392,11.4023
embedding,3408,11.402
embedding,3424,11.392
embedding,3440,11.4027
embedding,3456,11.5307
embedding,3472,11.5417
embedding,3488,11.531
embedding,3504,11.5943
embedding,3520,11.5513
embedding,3536,11.6907
embedding,3552,11.5837
embedding,3568,11.744
embedding,3584,11.786
embedding,3600,11.7547
embedding,3616,11.7437
embedding,3632,11.9147
embedding,3648,11.8933
embedding,3664,11.9147
embedding,3680,11.9467
embedding,3696,11.9787
embedding,3712,12.0743
embedding,3728,12.0633
embedding,3744,12.3627
embedding,3760,12.2987
embedding,3776,12.2987
embedding,3792,12.4373
embedding,3808,12.352
embedding,3824,12.5333
embedding,3840,12.5013
embedding,3856,12.5653
embedding,3872,12.7467
embedding,3888,12.6937
embedding,3904,12.8103
embedding,3920,12.7993
embedding,3936,12.8423
embedding,3952,12.8953
embedding,3968,12.9177
embedding,3984,12.9703
embedding,4000,13.0347
embedding,4016,13.056
embedding,4032,13.1517
embedding,4048,13.333
embedding,4064,13.2273
embedding,4080,13.323
embedding,4096,13.3653
embedding,4112,13.472
embedding,4128,13.3127
embedding,4144,13.4933
embedding,4160,13.6853
embedding,4176,13.3227
embedding,4192,13.3873
embedding,4208,13.5147
embedding,4224,13.5573
embedding,4240,13.7387
embedding,4256,13.5893
embedding,4272,13.76
embedding,4288,13.6213
embedding,4304,13.6317
embedding,4320,13.632
embedding,4336,13.984
embedding,4352,14.027
embedding,4368,14.144
embedding,4384,14.3147
embedding,4400,14.0693
embedding,4416,14.176
embedding,4432,14.059
embedding,4448,14.5703
embedding,4464,14.6027
embedding,4480,14.645
embedding,4496,14.2933
embedding,4512,14.3783
embedding,4528,14.3993
embedding,4544,14.5607
embedding,4560,14.539
embedding,4576,14.485
embedding,4592,14.453
embedding,4608,14.6773
embedding,4624,14.571
embedding,4640,14.56
embedding,4656,14.6233
embedding,4672,14.7623
embedding,4688,14.7303
embedding,4704,14.5493
embedding,4720,15.0297
embedding,4736,14.7417
embedding,4752,14.827
embedding,4768,14.9007
embedding,4784,15.0827
embedding,4800,15.211
embedding,4816,15.1147
embedding,4832,15.3073
embedding,4848,15.1893
embedding,4864,15.3497
embedding,4880,15.2213
embedding,4896,15.488
embedding,4912,15.104
embedding,4928,15.2957
embedding,4944,15.275
embedding,4960,15.3173
embedding,4976,15.4343
embedding,4992,15.275
embedding,5008,15.4347
embedding,5024,15.616
embedding,5040,15.3493
embedding,5056,15.5947
embedding,5072,15.5733
embedding,5088,15.4773
embedding,5104,15.712
embedding,5120,15.84
embedding,5136,15.4877
embedding,5152,16.1917
embedding,5168,15.552
embedding,5184,15.7547
embedding,5200,16.1387
embedding,5216,16.011
embedding,5232,16.1177
embedding,5248,15.8297
embedding,5264,15.915
embedding,5280,15.8823
embedding,5296,16.1387
embedding,5312,16
embedding,5328,16.0427
embedding,5344,15.904
embedding,5360,16.3413
embedding,5376,16.053
embedding,5392,16.4693
embedding,5408,16.3627
embedding,5424,16.3193
embedding,5440,16.1067
embedding,5456,16.3187
embedding,5472,16.3843
embedding,5488,16.5973
embedding,5504,16.4483
embedding,5520,16.6827
embedding,5536,16.5757
embedding,5552,16.4377
embedding,5568,16.5333
embedding,5584,16.5227
embedding,5600,16.7893
embedding,5616,16.5973
embedding,5632,16.5857
embedding,5648,16.5863
embedding,5664,16.651
embedding,5680,16.48
embedding,5696,16.8533
embedding,5712,16.8107
embedding,5728,17.184
embedding,5744,17.1413
embedding,5760,17.259
embedding,5776,16.8533
embedding,5792,17.2587
embedding,5808,17.0983
embedding,5824,17.0347
embedding,5840,17.2687
embedding,5856,17.3753
embedding,5872,17.2373
embedding,5888,17.1517
embedding,5904,17.184
embedding,5920,17.28
embedding,5936,17.5043
embedding,5952,17.4183
embedding,5968,17.4183
embedding,5984,17.5147
embedding,6000,17.6857
embedding,6016,17.5783
embedding,6032,17.5787
embedding,6048,17.674
embedding,6064,17.4927
embedding,6080,17.824
embedding,6096,17.5787
embedding,6112,17.62
embedding,6128,17.7383
embedding,6144,17.738
embedding,6160,17.835
embedding,6176,17.781
embedding,6192,18.048
embedding,6208,17.76
embedding,6224,18.037
embedding,6240,18.1973
embedding,6256,17.984
embedding,6272,18.304
embedding,6288,17.952
embedding,6304,17.9513
embedding,6320,18.176
embedding,6336,18.2293
embedding,6352,18.3573
embedding,6368,18.496
embedding,6384,18.325
embedding,6400,18.2297
embedding,6416,18.346
embedding,6432,18.4003
embedding,6448,18.3147
embedding,6464,18.4107
embedding,6480,18.4213
embedding,6496,18.4317
embedding,6512,18.8267
embedding,6528,18.848
embedding,6544,19.0607
embedding,6560,18.6773
embedding,6576,18.88
embedding,6592,18.731
embedding,6608,18.8373
embedding,6624,18.848
embedding,6640,19.1893
embedding,6656,18.7093
embedding,6672,18.944
embedding,6688,18.901
embedding,6704,19.1573
embedding,6720,19.2963
embedding,6736,19.1573
embedding,6752,19.7323
embedding,6768,19.0077
embedding,6784,19.4027
embedding,6800,19.1257
embedding,6816,19.2957
embedding,6832,19.5203
embedding,6848,19.338
embedding,6864,19.6693
embedding,6880,19.2
embedding,6896,19.4987
embedding,6912,19.4033
embedding,6928,19.4353
embedding,6944,19.5947
embedding,6960,19.584
embedding,6976,19.7017
embedding,6992,19.605
embedding,7008,19.477
embedding,7024,19.905
embedding,7040,19.7013
embedding,7056,19.7013
embedding,7072,19.936
embedding,7088,19.6907
embedding,7104,19.6907
embedding,7120,19.776
embedding,7136,19.712
embedding,7152,20.0107
embedding,7168,19.904
embedding,7184,19.8613
embedding,7200,19.8503
embedding,7216,20.0423
embedding,7232,20.0957
embedding,7248,20.0317
embedding,7264,20.1067
embedding,7280,20.245
embedding,7296,20.32
embedding,7312,20.3733
embedding,7328,20.5113
embedding,7344,20.4157
embedding,7360,20.1707
embedding,7376,20.3097
embedding,7392,20.618
embedding,7408,20.416
embedding,7424,20.469
embedding,7440,20.448
embedding,7456,20.672
embedding,7472,20.7253
embedding,7488,20.715
embedding,7504,20.5867
embedding,7520,20.6603
embedding,7536,20.779
embedding,7552,20.8
embedding,7568,20.8747
embedding,7584,21.0343
embedding,7600,20.9173
embedding,7616,20.949
embedding,7632,20.9173
embedding,7648,20.854
embedding,7664,20.8213
embedding,7680,21.0563
embedding,7696,20.8967
embedding,7712,20.7893
embedding,7728,20.939
embedding,7744,21.035
embedding,7760,21.3227
embedding,7776,21.344
embedding,7792,21.173
embedding,7808,21.1093
embedding,7824,21.5147
embedding,7840,21.248
embedding,7856,21.3333
embedding,7872,21.4613
embedding,7888,21.6533
embedding,7904,21.8023
embedding,7920,21.6107
embedding,7936,21.408
embedding,7952,21.6633
embedding,7968,21.8023
embedding,7984,21.6537
embedding,8000,21.6743
embedding,8016,21.5997
embedding,8032,21.685
embedding,8048,21.8343
embedding,8064,21.7067
embedding,8080,22.08
embedding,8096,21.7913
embedding,8112,22.027
embedding,8128,22.0263
embedding,8144,21.9947
embedding,8160,22.8587
embedding,8176,22.3467
embedding,8192,22.272
embedding,8208,22.2833
embedding,8224,22.1653
embedding,8240,22.56
embedding,8256,22.3573
embedding,8272,22.4537
embedding,8288,22.6667
embedding,8304,22.4857
embedding,8320,22.336
embedding,8336,22.5703
embedding,8352,22.5707
embedding,8368,22.528
embedding,8384,22.464
embedding,8400,22.5707
embedding,8416,22.6663
embedding,8432,22.6023
embedding,8448,22.624
embedding,8464,22.7947
embedding,8480,22.7413
embedding,8496,22.752
embedding,8512,22.9433
embedding,8528,22.816
embedding,8544,23.0407
embedding,8560,22.773
embedding,8576,22.8587
embedding,8592,22.9013
embedding,8608,23.3493
embedding,8624,22.923
embedding,8640,22.9557
embedding,8656,23.2107
embedding,8672,23.083
embedding,8688,22.9753
embedding,8704,23.0827
embedding,8720,23.008
embedding,8736,23.306
embedding,8752,23.1673
embedding,8768,23.264
embedding,8784,23.157
embedding,8800,23.1467
embedding,8816,23.2643
embedding,8832,23.275
embedding,8848,23.392
embedding,8864,23.3493
embedding,8880,23.402
embedding,8896,23.5947
embedding,8912,23.7227
embedding,8928,23.584
embedding,8944,23.8507
embedding,8960,23.5737
embedding,8976,23.9253
embedding,8992,23.6373
embedding,9008,24.0957
embedding,9024,23.8293
embedding,9040,24.0747
embedding,9056,23.968
embedding,9072,23.8717
embedding,9088,23.9573
embedding,9104,24.0643
embedding,9120,24.032
embedding,9136,24.1703
embedding,9152,24.3733
embedding,9168,24.256
embedding,9184,24.4053
embedding,9200,24.1173
embedding,9216,24.1067
embedding,9232,24.2127
embedding,9248,24.1597
embedding,9264,24.224
embedding,9280,24.3097
embedding,9296,24.224
embedding,9312,24.6933
embedding,9328,24.5013
embedding,9344,24.4907
embedding,9360,24.672
embedding,9376,24.448
embedding,9392,24.7147
embedding,9408,24.7677
embedding,9424,24.5227
embedding,9440,24.9703
embedding,9456,24.6187
embedding,9472,25.0133
embedding,9488,24.7043
embedding,9504,25.0023
embedding,9520,25.0343
embedding,9536,24.8213
embedding,9552,24.683
embedding,9568,24.885
embedding,9584,25.0667
embedding,9600,25.0133
embedding,9616,25.152
embedding,9632,25.2263
embedding,9648,25.056
embedding,9664,25.131
embedding,9680,25.0773
embedding,9696,25.1087
embedding,9712,25.3973
embedding,9728,25.5147
embedding,9744,25.237
embedding,9760,25.546
embedding,9776,25.333
embedding,9792,25.6107
embedding,9808,25.333
embedding,9824,25.4613
embedding,9840,25.4397
embedding,9856,25.4293
embedding,9872,25.5253
embedding,9888,26.0267
embedding,9904,25.6957
embedding,9920,25.536
embedding,9936,25.7383
embedding,9952,25.6747
embedding,9968,25.9197
embedding,9984,25.6427
embedding,10000,25.7383
embedding,10016,26.1867
embedding,10032,26.0693
embedding,10048,26.23
embedding,10064,26.336
embedding,10080,26.101
embedding,10096,26.059
embedding,10112,26.037
embedding,10128,26.613
embedding,10144,26.4003
embedding,10160,26.624
embedding,10176,26.496
embedding,10192,26.272
embedding,10208,26.2073
embedding,10224,26.2823
embedding,10240,26.3357
embedding,10256,26.56
embedding,10272,26.6453
embedding,10288,26.3787
embedding,10304,26.56
embedding,10320,26.6877
embedding,10336,26.6347
embedding,10352,27.0293
embedding,10368,26.8587
embedding,10384,27.0613
embedding,10400,27.04
embedding,10416,27.253
embedding,10432,26.9547
embedding,10448,27.029
embedding,10464,27.0613
embedding,10480,27.1147
embedding,10496,26.8913
embedding,10512,27.4023
embedding,10528,27.1893
embedding,10544,27.36
embedding,10560,27.1357
embedding,10576,27.7223
embedding,10592,27.7867
embedding,10608,28.0957
embedding,10624,27.8397
embedding,10640,27.9787
embedding,10656,28.1177
embedding,10672,27.8187
embedding,10688,27.9363
embedding,10704,28.3093
embedding,10720,27.979
embedding,10736,27.925
embedding,10752,27.9143
embedding,10768,28.48
embedding,10784,28.2453
embedding,10800,28.3413
embedding,10816,28.6283
embedding,10832,28.6293
embedding,10848,28.5867
embedding,10864,28.8427
embedding,10880,28.533
embedding,10896,28.7997
embedding,10912,28.7037
embedding,10928,28.8533
embedding,10944,28.9173
embedding,10960,28.992
embedding,10976,28.9813
embedding,10992,29.2907
embedding,11008,29.184
embedding,11024,28.981
embedding,11040,29.76
embedding,11056,29.1093
embedding,11072,29.28
embedding,11088,29.3223
embedding,11104,28.9493
embedding,11120,29.4293
embedding,11136,29.44
embedding,11152,29.6213
embedding,11168,29.6107
embedding,11184,29.6963
embedding,11200,29.7387
embedding,11216,29.8347
embedding,11232,29.952
embedding,11248,29.8983
embedding,11264,30.1233
embedding,11280,29.9413
embedding,11296,30.005
embedding,11312,30.571
embedding,11328,30.2187
embedding,11344,31.168
embedding,11360,29.9617
embedding,11376,30.219
embedding,11392,30.5177
embedding,11408,30.2613
embedding,11424,30.379
embedding,11440,30.3247
embedding,11456,30.4853
embedding,11472,30.5067
embedding,11488,30.1867
embedding,11504,30.4
embedding,11520,30.4427
embedding,11536,31.1147
embedding,11552,30.6343
embedding,11568,30.741
embedding,11584,30.9757
embedding,11600,31.4883
embedding,11616,30.9227
embedding,11632,31.4563
embedding,11648,31.0823
embedding,11664,31.4563
embedding,11680,31.093
embedding,11696,31.68
embedding,11712,31.7863
embedding,11728,31.6477
embedding,11744,31.68
embedding,11760,32.1067
embedding,11776,31.488
embedding,11792,31.957
embedding,11808,32.693
embedding,11824,31.9147
embedding,11840,33.344
embedding,11856,32.864
embedding,11872,32.16
embedding,11888,32.96
embedding,11904,33.3437
embedding,11920,35.3387
embedding,11936,36.576
embedding,11952,33.578
embedding,11968,32.854
embedding,11984,35.658
embedding,12000,36.01
embedding,12016,35.7867
embedding,12032,33.056
embedding,12048,37.515
embedding,12064,35.0397
embedding,12080,36.5227
embedding,12096,37.4827
embedding,12112,37.152
embedding,12128,35.7653
embedding,12144,33.2373
embedding,12160,37.579
embedding,12176,33.6747
embedding,12192,37.376
embedding,12208,36.107
embedding,12224,33.6107
embedding,12240,36.0537
embedding,12256,37.6637
embedding,12272,33.8877
embedding,12288,36.6717
embedding,12304,38.5273
embedding,12320,33.9307
embedding,12336,38.272
embedding,12352,39.136
embedding,12368,36.032
embedding,12384,38.72
embedding,12400,37.6853
embedding,12416,34.3783
embedding,12432,35.008
embedding,12448,36.256
embedding,12464,39.3063
embedding,12480,34.6347
embedding,12496,37.4293
embedding,12512,38.2507
embedding,12528,37.3543
embedding,12544,36.992
embedding,12560,35.6053
embedding,12576,35.2853
embedding,12592,35.52
embedding,12608,35.6267
embedding,12624,35.4877
embedding,12640,34.7307
embedding,12656,34.9013
embedding,12672,36.106
embedding,12688,35.1573
embedding,12704,35.562
embedding,12720,35.5733
embedding,12736,35.6267
embedding,12752,36.5647
embedding,12768,36.8
embedding,12784,36.6933
embedding,12800,36.3413
embedding,12816,36.8527
embedding,12832,36.789
embedding,12848,36.864
embedding,12864,36.352
embedding,12880,35.9893
embedding,12896,36.4697
embedding,12912,37.3857
embedding,12928,37.1197
embedding,12944,36.1493
embedding,12960,36.9173
embedding,12976,36.8107
embedding,12992,37.12
embedding,13008,37.7173
embedding,13024,37.1627
embedding,13040,37.323
embedding,13056,37.376
embedding,13072,37.259
embedding,13088,37.312
embedding,13104,37.056
embedding,13120,37.9413
embedding,13136,37.3867
embedding,13152,37.248
embedding,13168,36.8213
embedding,13184,38.1443
embedding,13200,36.6823
embedding,13216,37.6747
embedding,13232,36.9067
embedding,13248,37.1093
embedding,13264,37.9627
embedding,13280,38.5173
embedding,13296,39.0187
embedding,13312,38.1333
embedding,13328,38.752
embedding,13344,40.0963
embedding,13360,39.5413
embedding,13376,42.176
embedding,13392,41.6533
embedding,13408,41.4507
embedding,13424,41.802
embedding,13440,41.8133
embedding,13456,41.088
embedding,13472,41.216
embedding,13488,41.4187
embedding,13504,42.2613
embedding,13520,42.155
embedding,13536,42.4
embedding,13552,43.2533
embedding,13568,42.7197
embedding,13584,43.2107
embedding,13600,42.6993
embedding,13616,42.784
embedding,13632,41.8663
embedding,13648,42.5713
embedding,13664,41.9627
embedding,13680,42.5493
embedding,13696,42.24
embedding,13712,42.5173
embedding,13728,42.6343
embedding,13744,42.806
embedding,13760,43.1137
embedding,13776,43.2107
embedding,13792,43.552
embedding,13808,43.4663
embedding,13824,44.683
embedding,13840,43.6693
embedding,13856,43.648
embedding,13872,43.7327
embedding,13888,43.6373
embedding,13904,43.392
embedding,13920,43.4667
embedding,13936,44.4373
embedding,13952,43.6473
embedding,13968,43.7327
embedding,13984,43.8827
embedding,14000,44.1923
embedding,14016,44.5013
embedding,14032,44.0427
embedding,14048,44.3413
embedding,14064,44.3517
embedding,14080,44.2243
embedding,14096,45.3013
embedding,14112,44.3307
embedding,14128,44.288
embedding,14144,44.715
embedding,14160,45.1837
embedding,14176,44.3847
embedding,14192,44.3943
embedding,14208,44.2667
embedding,14224,44.7253
embedding,14240,43.9897
embedding,14256,45.2053
embedding,14272,45.793
embedding,14288,45.3227
embedding,14304,45.2267
embedding,14320,45.2477
embedding,14336,45.28
embedding,14352,45.717
embedding,14368,45.8027
embedding,14384,46.4
embedding,14400,46.0903
embedding,14416,46.261
embedding,14432,47.0297
embedding,14448,45.9627
embedding,14464,46.7523
embedding,14480,45.7383
embedding,14496,47.0613
embedding,14512,47.744
embedding,14528,47.2113
embedding,14544,47.2427
embedding,14560,47.8293
embedding,14576,47.466
embedding,14592,47.616
embedding,14608,47.392
embedding,14624,48.0957
embedding,14640,47.744
embedding,14656,48.629
embedding,14672,47.733
embedding,14688,48.341
embedding,14704,47.0293
embedding,14720,47.0507
embedding,14736,48.2667
embedding,14752,47.3707
embedding,14768,47.3387
embedding,14784,49.1307
embedding,14800,48.1603
embedding,14816,48.064
embedding,14832,47.9467
embedding,14848,49.003
embedding,14864,48.181
embedding,14880,48.64
embedding,14896,47.808
embedding,14912,46.528
embedding,14928,48.704
embedding,14944,47.9143
embedding,14960,47.9467
embedding,14976,47.968
embedding,14992,47.776
embedding,15008,49.0557
embedding,15024,49.952
embedding,15040,48.278
embedding,15056,48.3517
embedding,15072,49.0347
embedding,15088,48.384
embedding,15104,48.992
embedding,15120,48.9493
embedding,15136,48.7893
embedding,15152,48.1707
embedding,15168,48.7357
embedding,15184,49.1523
embedding,15200,49.1617
embedding,15216,48.821
embedding,15232,49.1197
embedding,15248,48.074
embedding,15264,48.9707
embedding,15280,49.6427
embedding,15296,48.9173
embedding,15312,49.4503
embedding,15328,49.3543
embedding,15344,49.4613
embedding,15360,50.1223
embedding,15376,51.1253
embedding,15392,50.5597
embedding,15408,50.5597
embedding,15424,51.018
embedding,15440,50.6557
embedding,15456,50.464
embedding,15472,50.869
embedding,15488,50.3037
embedding,15504,49.8027
embedding,15520,51.04
embedding,15536,51.0503
embedding,15552,52.1387
embedding,15568,52.2983
embedding,15584,51.6907
embedding,15600,52.1277
embedding,15616,51.8183
embedding,15632,53.1733
embedding,15648,52.693
embedding,15664,52.7783
embedding,15680,52.3627
embedding,15696,52.2133
embedding,15712,51.9893
embedding,15728,52.8427
embedding,15744,53.056
embedding,15760,53.8773
embedding,15776,53.4933
embedding,15792,52.5117
embedding,15808,53.2697
embedding,15824,53.8343
embedding,15840,53.653
embedding,15856,54.24
embedding,15872,53.856
embedding,15888,54.304
embedding,15904,54.0907
embedding,15920,54.901
embedding,15936,55.157
embedding,15952,54.944
embedding,15968,54.9123
embedding,15984,55.8403
embedding,16000,55.456
embedding,16016,55.552
embedding,16032,56.8107
embedding,16048,56.5013
embedding,16064,57.355
embedding,16080,56.0207
embedding,16096,57.088
embedding,16112,57.1303
embedding,16128,57.44
embedding,16144,57.2693
embedding,16160,57.12
embedding,16176,56.5437
embedding,16192,57.4823
embedding,16208,57.995
embedding,16224,56.64
embedding,16240,57.4827
embedding,16256,57.696
embedding,16272,57.259
embedding,16288,57.3547
embedding,16304,58.0373
embedding,16320,58.3147
embedding,16336,58.7093
embedding,16352,58.1757
embedding,16368,58.581
embedding,16384,58.154
final_layernorm,1,8.02133
final_layernorm,2,8.04233
final_layernorm,3,7.92533
final_layernorm,4,8
final_layernorm,5,8.04267
final_layernorm,6,8.01067
final_layernorm,7,8.032
final_layernorm,8,7.96867
final_layernorm,9,7.97867
final_layernorm,10,8.02133
final_layernorm,11,7.92533
final_layernorm,12,7.97867
final_layernorm,13,8.064
final_layernorm,14,8.06333
final_layernorm,15,8.06367
final_layernorm,16,8.02133
final_layernorm,20,8.149
final_layernorm,24,8.16033
final_layernorm,28,8.08567
final_layernorm,32,8.16
final_layernorm,36,8.16
final_layernorm,40,8.15967
final_layernorm,44,8.12767
final_layernorm,48,8.16
final_layernorm,52,8.171
final_layernorm,56,8.20233
final_layernorm,60,8.27733
final_layernorm,64,8.235
final_layernorm,80,8.21333
final_layernorm,96,8.71433
final_layernorm,112,8.58633
final_layernorm,128,8.67167
final_layernorm,144,8.68267
final_layernorm,160,8.70367
final_layernorm,176,8.74667
final_layernorm,192,9.00267
final_layernorm,208,8.86367
final_layernorm,224,8.928
final_layernorm,240,9.00267
final_layernorm,256,8.981
final_layernorm,272,9.04533
final_layernorm,288,9.152
final_layernorm,304,8.97067
final_layernorm,320,9.00267
final_layernorm,336,9.00267
final_layernorm,352,8.96
final_layernorm,368,9.141
final_layernorm,384,9.099
final_layernorm,400,9.184
final_layernorm,416,9.19467
final_layernorm,432,9.376
final_layernorm,448,9.13067
final_layernorm,464,9.25833
final_layernorm,480,9.237
final_layernorm,496,9.216
final_layernorm,512,9.312
final_layernorm,528,9.40767
final_layernorm,544,9.205
final_layernorm,560,9.19467
final_layernorm,576,9.33333
final_layernorm,592,9.461
final_layernorm,608,9.45033
final_layernorm,624,9.39733
final_layernorm,640,9.28
final_layernorm,656,9.21567
final_layernorm,672,9.365
final_layernorm,688,9.344
final_layernorm,704,9.30133
final_layernorm,720,9.312
final_layernorm,736,9.312
final_layernorm,752,9.48267
final_layernorm,768,9.493
final_layernorm,784,9.29067
final_layernorm,800,9.27967
final_layernorm,816,9.23733
final_layernorm,832,9.312
final_layernorm,848,9.45067
final_layernorm,864,9.387
final_layernorm,880,9.344
final_layernorm,896,9.42933
final_layernorm,912,9.34367
final_layernorm,928,9.504
final_layernorm,944,9.45067
final_layernorm,960,9.53567
final_layernorm,976,9.68533
final_layernorm,992,9.49333
final_layernorm,1008,9.57867
final_layernorm,1024,9.52533
final_layernorm,1040,9.60033
final_layernorm,1056,9.63167
final_layernorm,1072,9.6
final_layernorm,1088,9.696
final_layernorm,1104,9.77067
final_layernorm,1120,9.728
final_layernorm,1136,9.71733
final_layernorm,1152,9.92
final_layernorm,1168,10.0053
final_layernorm,1184,9.941
final_layernorm,1200,10.1973
final_layernorm,1216,10.261
final_layernorm,1232,10.069
final_layernorm,1248,10.2077
final_layernorm,1264,10.144
final_layernorm,1280,10.2187
final_layernorm,1296,10.3357
final_layernorm,1312,10.4217
final_layernorm,1328,10.1227
final_layernorm,1344,10.4427
final_layernorm,1360,10.528
final_layernorm,1376,10.5387
final_layernorm,1392,10.6457
final_layernorm,1408,10.6773
final_layernorm,1424,10.816
final_layernorm,1440,10.9227
final_layernorm,1456,10.9973
final_layernorm,1472,11.0293
final_layernorm,1488,11.317
final_layernorm,1504,11.1253
final_layernorm,1520,11.3707
final_layernorm,1536,11.4023
final_layernorm,1552,11.168
final_layernorm,1568,11.0507
final_layernorm,1584,11.2853
final_layernorm,1600,11.264
final_layernorm,1616,11.6583
final_layernorm,1632,11.584
final_layernorm,1648,11.5307
final_layernorm,1664,11.7973
final_layernorm,1680,12.117
final_layernorm,1696,12.224
final_layernorm,1712,12.5333
final_layernorm,1728,12.341
final_layernorm,1744,12.2137
final_layernorm,1760,12.4587
final_layernorm,1776,12.8
final_layernorm,1792,12.5757
final_layernorm,1808,13.248
final_layernorm,1824,13.8453
final_layernorm,1840,13.3867
final_layernorm,1856,13.888
final_layernorm,1872,13.5467
final_layernorm,1888,13.8453
final_layernorm,1904,14.3893
final_layernorm,1920,14.176
final_layernorm,1936,14.0693
final_layernorm,1952,14.752
final_layernorm,1968,14.5283
final_layernorm,1984,14.5703
final_layernorm,2000,14.592
final_layernorm,2016,14.6987
final_layernorm,2032,14.7413
final_layernorm,2048,14.7093
final_layernorm,2064,14.325
final_layernorm,2080,15.0077
final_layernorm,2096,15.104
final_layernorm,2112,14.88
final_layernorm,2128,14.965
final_layernorm,2144,15.6157
final_layernorm,2160,14.5173
final_layernorm,2176,14.4107
final_layernorm,2192,14.5063
final_layernorm,2208,14.56
final_layernorm,2224,14.944
final_layernorm,2240,13.0773
final_layernorm,2256,13.1093
final_layernorm,2272,16.0427
final_layernorm,2288,17.1737
final_layernorm,2304,17.3867
final_layernorm,2320,16.917
final_layernorm,2336,17.3653
final_layernorm,2352,17.1733
final_layernorm,2368,17.451
final_layernorm,2384,17.4507
final_layernorm,2400,17.5357
final_layernorm,2416,17.803
final_layernorm,2432,18.1333
final_layernorm,2448,18.336
final_layernorm,2464,18.4533
final_layernorm,2480,18.2297
final_layernorm,2496,18.72
final_layernorm,2512,18.1653
final_layernorm,2528,18.976
final_layernorm,2544,19.6157
final_layernorm,2560,19.1253
final_layernorm,2576,19.0823
final_layernorm,2592,23.2213
final_layernorm,2608,22.9653
final_layernorm,2624,23.4667
final_layernorm,2640,23.6587
final_layernorm,2656,23.8613
final_layernorm,2672,23.989
final_layernorm,2688,23.7013
final_layernorm,2704,25.2263
final_layernorm,2720,24.939
final_layernorm,2736,25.0347
final_layernorm,2752,25.6107
final_layernorm,2768,25.536
final_layernorm,2784,26.1547
final_layernorm,2800,25.0983
final_layernorm,2816,25.0777
final_layernorm,2832,26.6877
final_layernorm,2848,25.567
final_layernorm,2864,25.856
final_layernorm,2880,27.1147
final_layernorm,2896,25.632
final_layernorm,2912,26.005
final_layernorm,2928,26.6773
final_layernorm,2944,27.0717
final_layernorm,2960,26.848
final_layernorm,2976,27.8717
final_layernorm,2992,27.317
final_layernorm,3008,27.168
final_layernorm,3024,27.7547
final_layernorm,3040,28.096
final_layernorm,3056,28.6397
final_layernorm,3072,27.989
final_layernorm,3088,28.1387
final_layernorm,3104,27.488
final_layernorm,3120,26.5383
final_layernorm,3136,26.9117
final_layernorm,3152,27.445
final_layernorm,3168,27.36
final_layernorm,3184,26.7093
final_layernorm,3200,26.3147
final_layernorm,3216,27.3707
final_layernorm,3232,23.9787
final_layernorm,3248,24.224
final_layernorm,3264,24.5973
final_layernorm,3280,24.7253
final_layernorm,3296,24.6933
final_layernorm,3312,24.9493
final_layernorm,3328,25.1307
final_layernorm,3344,24.864
final_layernorm,3360,24.8637
final_layernorm,3376,25.419
final_layernorm,3392,27.5307
final_layernorm,3408,25.2587
final_layernorm,3424,25.5783
final_layernorm,3440,25.3547
final_layernorm,3456,25.4507
final_layernorm,3472,25.888
final_layernorm,3488,25.9307
final_layernorm,3504,25.5893
final_layernorm,3520,25.6107
final_layernorm,3536,25.12
final_layernorm,3552,26.3887
final_layernorm,3568,26.411
final_layernorm,3584,25.1947
final_layernorm,3600,25.1307
final_layernorm,3616,25.6103
final_layernorm,3632,25.5143
final_layernorm,3648,25.7173
final_layernorm,3664,25.7707
final_layernorm,3680,25.888
final_layernorm,3696,26.197
final_layernorm,3712,25.6853
final_layernorm,3728,26.112
final_layernorm,3744,25.8773
final_layernorm,3760,25.824
final_layernorm,3776,25.8347
final_layernorm,3792,25.9413
final_layernorm,3808,26.24
final_layernorm,3824,26.4427
final_layernorm,3840,26.5707
final_layernorm,3856,25.824
final_layernorm,3872,26.6133
final_layernorm,3888,26.3893
final_layernorm,3904,27.4133
final_layernorm,3920,26.176
final_layernorm,3936,27.0827
final_layernorm,3952,27.3387
final_layernorm,3968,27.8503
final_layernorm,3984,28.64
final_layernorm,4000,28.768
final_layernorm,4016,28.8747
final_layernorm,4032,28.6507
final_layernorm,4048,28.8853
final_layernorm,4064,29.3227
final_layernorm,4080,28.8427
final_layernorm,4096,28.64
final_layernorm,4112,28.1707
final_layernorm,4128,28.4373
final_layernorm,4144,29.5783
final_layernorm,4160,28.4267
final_layernorm,4176,28.2773
final_layernorm,4192,28.896
final_layernorm,4208,28.5547
final_layernorm,4224,28.832
final_layernorm,4240,29.9943
final_layernorm,4256,29.9843
final_layernorm,4272,29.6103
final_layernorm,4288,29.4507
final_layernorm,4304,28.9597
final_layernorm,4320,30.1867
final_layernorm,4336,29.429
final_layernorm,4352,29.024
final_layernorm,4368,29.8027
final_layernorm,4384,29.9517
final_layernorm,4400,29.909
final_layernorm,4416,29.7707
final_layernorm,4432,29.984
final_layernorm,4448,30.2397
final_layernorm,4464,29.12
final_layernorm,4480,29.5147
final_layernorm,4496,30.016
final_layernorm,4512,30.4527
final_layernorm,4528,30.9547
final_layernorm,4544,30.9013
final_layernorm,4560,30.517
final_layernorm,4576,31.403
final_layernorm,4592,30.9223
final_layernorm,4608,31.115
final_layernorm,4624,30.9973
final_layernorm,4640,32.491
final_layernorm,4656,30.5493
final_layernorm,4672,32.096
final_layernorm,4688,31.3493
final_layernorm,4704,31.5947
final_layernorm,4720,32.0427
final_layernorm,4736,31.9573
final_layernorm,4752,30.805
final_layernorm,4768,32.256
final_layernorm,4784,31.3813
final_layernorm,4800,31.8933
final_layernorm,4816,32.032
final_layernorm,4832,31.2427
final_layernorm,4848,32.5757
final_layernorm,4864,31.6803
final_layernorm,4880,31.8613
final_layernorm,4896,32.597
final_layernorm,4912,32.9813
final_layernorm,4928,32.1493
final_layernorm,4944,32.8637
final_layernorm,4960,31.5947
final_layernorm,4976,31.6587
final_layernorm,4992,33.3867
final_layernorm,5008,31.9787
final_layernorm,5024,32.1383
final_layernorm,5040,31.787
final_layernorm,5056,32.3307
final_layernorm,5072,32.416
final_layernorm,5088,32.384
final_layernorm,5104,32.4267
final_layernorm,5120,33.088
final_layernorm,5136,33.4293
final_layernorm,5152,32.4907
final_layernorm,5168,32.512
final_layernorm,5184,32.9493
final_layernorm,5200,32.6293
final_layernorm,5216,32.864
final_layernorm,5232,32.896
final_layernorm,5248,32.971
final_layernorm,5264,33.856
final_layernorm,5280,33.6107
final_layernorm,5296,33.8987
final_layernorm,5312,33.173
final_layernorm,5328,33.0237
final_layernorm,5344,34.24
final_layernorm,5360,33.7177
final_layernorm,5376,33.8453
final_layernorm,5392,34.2827
final_layernorm,5408,33.9303
final_layernorm,5424,33.7603
final_layernorm,5440,33.685
final_layernorm,5456,34.1227
final_layernorm,5472,34.1867
final_layernorm,5488,33.92
final_layernorm,5504,33.8557
final_layernorm,5520,34.4
final_layernorm,5536,34.7727
final_layernorm,5552,34.2823
final_layernorm,5568,34.304
final_layernorm,5584,34.5707
final_layernorm,5600,34.3143
final_layernorm,5616,34.485
final_layernorm,5632,34.3463
final_layernorm,5648,34.421
final_layernorm,5664,35.2
final_layernorm,5680,33.984
final_layernorm,5696,34.304
final_layernorm,5712,34.9867
final_layernorm,5728,35.083
final_layernorm,5744,34.112
final_layernorm,5760,34.9757
final_layernorm,5776,35.0187
final_layernorm,5792,34.4743
final_layernorm,5808,35.4773
final_layernorm,5824,34.656
final_layernorm,5840,34.9227
final_layernorm,5856,35.5733
final_layernorm,5872,35.36
final_layernorm,5888,34.997
final_layernorm,5904,35.4453
final_layernorm,5920,35.2853
final_layernorm,5936,35.712
final_layernorm,5952,36.2347
final_layernorm,5968,35.9573
final_layernorm,5984,36.5653
final_layernorm,6000,35.6583
final_layernorm,6016,35.552
final_layernorm,6032,35.4343
final_layernorm,6048,35.616
final_layernorm,6064,35.637
final_layernorm,6080,35.6587
final_layernorm,6096,36.4907
final_layernorm,6112,36.032
final_layernorm,6128,35.915
final_layernorm,6144,35.2743
final_layernorm,6160,36.4587
final_layernorm,6176,36.0853
final_layernorm,6192,36.544
final_layernorm,6208,36.064
final_layernorm,6224,36.2027
final_layernorm,6240,37.269
final_layernorm,6256,37.1303
final_layernorm,6272,36.9067
final_layernorm,6288,36.7893
final_layernorm,6304,35.84
final_layernorm,6320,37.013
final_layernorm,6336,36.341
final_layernorm,6352,37.4507
final_layernorm,6368,36.7257
final_layernorm,6384,36.7677
final_layernorm,6400,38.133
final_layernorm,6416,37.3653
final_layernorm,6432,37.482
final_layernorm,6448,36.9603
final_layernorm,6464,37.6323
final_layernorm,6480,37.3013
final_layernorm,6496,37.44
final_layernorm,6512,37.8453
final_layernorm,6528,37.9307
final_layernorm,6544,38.0053
final_layernorm,6560,38.56
final_layernorm,6576,37.653
final_layernorm,6592,37.984
final_layernorm,6608,37.461
final_layernorm,6624,38.624
final_layernorm,6640,38.4107
final_layernorm,6656,38.3253
final_layernorm,6672,38.2187
final_layernorm,6688,38.592
final_layernorm,6704,39.168
final_layernorm,6720,38.688
final_layernorm,6736,39.392
final_layernorm,6752,38.539
final_layernorm,6768,38.8263
final_layernorm,6784,38.08
final_layernorm,6800,38.56
final_layernorm,6816,39.264
final_layernorm,6832,38.752
final_layernorm,6848,38.9017
final_layernorm,6864,39.3813
final_layernorm,6880,39.4667
final_layernorm,6896,39.8187
final_layernorm,6912,39.3493
final_layernorm,6928,39.669
final_layernorm,6944,39.2427
final_layernorm,6960,39.659
final_layernorm,6976,38.9333
final_layernorm,6992,40.0857
final_layernorm,7008,40.416
final_layernorm,7024,40.6187
final_layernorm,7040,39.968
final_layernorm,7056,41.5143
final_layernorm,7072,40.384
final_layernorm,7088,40.8853
final_layernorm,7104,40.875
final_layernorm,7120,40.608
final_layernorm,7136,40.8
final_layernorm,7152,41.7387
final_layernorm,7168,41.568
final_layernorm,7184,40.7573
final_layernorm,7200,41.376
final_layernorm,7216,40.5333
final_layernorm,7232,41.0663
final_layernorm,7248,41.5893
final_layernorm,7264,41.3657
final_layernorm,7280,41.0773
final_layernorm,7296,42.4
final_layernorm,7312,41.28
final_layernorm,7328,42.432
final_layernorm,7344,41.2157
final_layernorm,7360,42.571
final_layernorm,7376,42.027
final_layernorm,7392,41.141
final_layernorm,7408,41.472
final_layernorm,7424,42.1973
final_layernorm,7440,42.4107
final_layernorm,7456,42.5067
final_layernorm,7472,42.7093
final_layernorm,7488,41.9413
final_layernorm,7504,42.432
final_layernorm,7520,41.664
final_layernorm,7536,43.2213
final_layernorm,7552,42.1867
final_layernorm,7568,42.848
final_layernorm,7584,42.3893
final_layernorm,7600,42.816
final_layernorm,7616,43.296
final_layernorm,7632,43.2533
final_layernorm,7648,43.648
final_layernorm,7664,43.936
final_layernorm,7680,42.656
final_layernorm,7696,43.3383
final_layernorm,7712,44.1917
final_layernorm,7728,43.7333
final_layernorm,7744,44.5977
final_layernorm,7760,43.1893
final_layernorm,7776,44.8747
final_layernorm,7792,43.1787
final_layernorm,7808,44.128
final_layernorm,7824,43.499
final_layernorm,7840,43.6373
final_layernorm,7856,44.245
final_layernorm,7872,44.4267
final_layernorm,7888,45.2907
final_layernorm,7904,44.8
final_layernorm,7920,44.3093
final_layernorm,7936,45.973
final_layernorm,7952,44.7783
final_layernorm,7968,45.0453
final_layernorm,7984,46.1653
final_layernorm,8000,46.5173
final_layernorm,8016,47.5413
final_layernorm,8032,46.7517
final_layernorm,8048,45.8983
final_layernorm,8064,45.888
final_layernorm,8080,46.4213
final_layernorm,8096,46.4853
final_layernorm,8112,48.704
final_layernorm,8128,46.976
final_layernorm,8144,45.504
final_layernorm,8160,46.944
final_layernorm,8176,45.3867
final_layernorm,8192,47.04
final_layernorm,8208,47.1677
final_layernorm,8224,47.712
final_layernorm,8240,47.5203
final_layernorm,8256,47.3493
final_layernorm,8272,47.488
final_layernorm,8288,47.6797
final_layernorm,8304,47.8187
final_layernorm,8320,47.5097
final_layernorm,8336,49.7493
final_layernorm,8352,49.7813
final_layernorm,8368,52.5973
final_layernorm,8384,48.1493
final_layernorm,8400,51.936
final_layernorm,8416,50.336
final_layernorm,8432,49.8987
final_layernorm,8448,52.8427
final_layernorm,8464,47.9893
final_layernorm,8480,51.6587
final_layernorm,8496,52.2343
final_layernorm,8512,52.501
final_layernorm,8528,52.288
final_layernorm,8544,52.4267
final_layernorm,8560,52.9813
final_layernorm,8576,53.4507
final_layernorm,8592,53.7707
final_layernorm,8608,53.5467
final_layernorm,8624,53.6533
final_layernorm,8640,53.3547
final_layernorm,8656,53.973
final_layernorm,8672,52.779
final_layernorm,8688,51.6693
final_layernorm,8704,52.7363
final_layernorm,8720,53.3653
final_layernorm,8736,52.5867
final_layernorm,8752,52.0107
final_layernorm,8768,51.872
final_layernorm,8784,52.6937
final_layernorm,8800,52.6187
final_layernorm,8816,50.8693
final_layernorm,8832,52.1387
final_layernorm,8848,50.8373
final_layernorm,8864,52.128
final_layernorm,8880,51.893
final_layernorm,8896,52.8853
final_layernorm,8912,51.893
final_layernorm,8928,53.6423
final_layernorm,8944,53.28
final_layernorm,8960,53.376
final_layernorm,8976,53.1413
final_layernorm,8992,52.4057
final_layernorm,9008,52.9173
final_layernorm,9024,53.2903
final_layernorm,9040,53.1197
final_layernorm,9056,55.296
final_layernorm,9072,53.0773
final_layernorm,9088,56.16
final_layernorm,9104,55.4453
final_layernorm,9120,56.5757
final_layernorm,9136,54.72
final_layernorm,9152,55.1353
final_layernorm,9168,55.2533
final_layernorm,9184,53.952
final_layernorm,9200,59.136
final_layernorm,9216,57.4827
final_layernorm,9232,57.3333
final_layernorm,9248,56
final_layernorm,9264,56.7467
final_layernorm,9280,55.5733
final_layernorm,9296,59.36
final_layernorm,9312,57.3653
final_layernorm,9328,58.1547
final_layernorm,9344,57.7277
final_layernorm,9360,60.3943
final_layernorm,9376,59.2747
final_layernorm,9392,56.9067
final_layernorm,9408,58.773
final_layernorm,9424,58.1227
final_layernorm,9440,60.064
final_layernorm,9456,58.4747
final_layernorm,9472,58.752
final_layernorm,9488,64.0747
final_layernorm,9504,61.088
final_layernorm,9520,60.1703
final_layernorm,9536,61.152
final_layernorm,9552,61.6857
final_layernorm,9568,62.1973
final_layernorm,9584,62.1657
final_layernorm,9600,64
final_layernorm,9616,63.0077
final_layernorm,9632,65.472
final_layernorm,9648,64.8533
final_layernorm,9664,66.8373
final_layernorm,9680,64.832
final_layernorm,9696,65.9413
final_layernorm,9712,67.296
final_layernorm,9728,67.7547
final_layernorm,9744,68.9597
final_layernorm,9760,71.712
final_layernorm,9776,67.115
final_layernorm,9792,65.4187
final_layernorm,9808,67.541
final_layernorm,9824,70.1547
final_layernorm,9840,67.3707
final_layernorm,9856,65.8453
final_layernorm,9872,67.5733
final_layernorm,9888,67.584
final_layernorm,9904,68.5547
final_layernorm,9920,67.264
final_layernorm,9936,68.7147
final_layernorm,9952,67.776
final_layernorm,9968,67.4347
final_layernorm,9984,67.1357
final_layernorm,10000,69.248
final_layernorm,10016,67.4343
final_layernorm,10032,69.7283
final_layernorm,10048,68.4267
final_layernorm,10064,70.848
final_layernorm,10080,70.891
final_layernorm,10096,72.16
final_layernorm,10112,70.9013
final_layernorm,10128,71.7867
final_layernorm,10144,69.248
final_layernorm,10160,71.861
final_layernorm,10176,69.696
final_layernorm,10192,72.064
final_layernorm,10208,76.9387
final_layernorm,10224,73.4187
final_layernorm,10240,74.8587
final_layernorm,10256,71.168
final_layernorm,10272,73.3333
final_layernorm,10288,77.1943
final_layernorm,10304,77.0773
final_layernorm,10320,74.976
final_layernorm,10336,75.4133
final_layernorm,10352,78.3253
final_layernorm,10368,77.0133
final_layernorm,10384,77.4827
final_layernorm,10400,77.856
final_layernorm,10416,80.0427
final_layernorm,10432,78.5067
final_layernorm,10448,80.9703
final_layernorm,10464,80.9383
final_layernorm,10480,79.9573
final_layernorm,10496,83.339
final_layernorm,10512,85.568
final_layernorm,10528,82.6453
final_layernorm,10544,79.2213
final_layernorm,10560,81.493
final_layernorm,10576,81.6
final_layernorm,10592,82.6453
final_layernorm,10608,82.2827
final_layernorm,10624,81.248
final_layernorm,10640,82.2933
final_layernorm,10656,83.6267
final_layernorm,10672,83.115
final_layernorm,10688,81.9303
final_layernorm,10704,83.1463
final_layernorm,10720,83.7547
final_layernorm,10736,83.0183
final_layernorm,10752,84.9173
final_layernorm,10768,84.448
final_layernorm,10784,85.0347
final_layernorm,10800,85.1413
final_layernorm,10816,84.768
final_layernorm,10832,87.0717
final_layernorm,10848,85.8983
final_layernorm,10864,87.2427
final_layernorm,10880,83.819
final_layernorm,10896,83.0293
final_layernorm,10912,85.5147
final_layernorm,10928,87.4667
final_layernorm,10944,85.3977
final_layernorm,10960,86.336
final_layernorm,10976,84.438
final_layernorm,10992,85.3653
final_layernorm,11008,88.832
final_layernorm,11024,84.9813
final_layernorm,11040,92.672
final_layernorm,11056,88.1923
final_layernorm,11072,89.568
final_layernorm,11088,89.9947
final_layernorm,11104,88.0427
final_layernorm,11120,90.9973
final_layernorm,11136,90.7943
final_layernorm,11152,89.3123
final_layernorm,11168,94.5707
final_layernorm,11184,91.5413
final_layernorm,11200,94.6883
final_layernorm,11216,93.2053
final_layernorm,11232,93.7173
final_layernorm,11248,95.221
final_layernorm,11264,95.008
final_layernorm,11280,96.064
final_layernorm,11296,100.021
final_layernorm,11312,97.1413
final_layernorm,11328,97.8663
final_layernorm,11344,97.8663
final_layernorm,11360,96.96
final_layernorm,11376,99.8187
final_layernorm,11392,98.9977
final_layernorm,11408,98.2933
final_layernorm,11424,98.4327
final_layernorm,11440,100.843
final_layernorm,11456,100.309
final_layernorm,11472,102.795
final_layernorm,11488,100.437
final_layernorm,11504,101.365
final_layernorm,11520,112.726
final_layernorm,11536,103.339
final_layernorm,11552,103.285
final_layernorm,11568,102.869
final_layernorm,11584,103.285
final_layernorm,11600,102.944
final_layernorm,11616,101.728
final_layernorm,11632,105.408
final_layernorm,11648,106.251
final_layernorm,11664,108.416
final_layernorm,11680,105.077
final_layernorm,11696,108.054
final_layernorm,11712,106.987
final_layernorm,11728,108.053
final_layernorm,11744,107.435
final_layernorm,11760,111.435
final_layernorm,11776,106.592
final_layernorm,11792,110.997
final_layernorm,11808,109.611
final_layernorm,11824,111.072
final_layernorm,11840,112.618
final_layernorm,11856,111.52
final_layernorm,11872,115.093
final_layernorm,11888,110.613
final_layernorm,11904,112.491
final_layernorm,11920,113.525
final_layernorm,11936,112.97
final_layernorm,11952,111.403
final_layernorm,11968,115.701
final_layernorm,11984,112.512
final_layernorm,12000,113.493
final_layernorm,12016,114.038
final_layernorm,12032,113.835
final_layernorm,12048,114.72
final_layernorm,12064,115.446
final_layernorm,12080,117.696
final_layernorm,12096,116.662
final_layernorm,12112,116.576
final_layernorm,12128,117.749
final_layernorm,12144,115.541
final_layernorm,12160,120.202
final_layernorm,12176,119.381
final_layernorm,12192,120.661
final_layernorm,12208,120.373
final_layernorm,12224,122.635
final_layernorm,12240,122.816
final_layernorm,12256,124.16
final_layernorm,12272,125.76
final_layernorm,12288,123.915
final_layernorm,12304,121.888
final_layernorm,12320,128.043
final_layernorm,12336,124.682
final_layernorm,12352,124.811
final_layernorm,12368,128.021
final_layernorm,12384,129.899
final_layernorm,12400,127.029
final_layernorm,12416,126.699
final_layernorm,12432,128.448
final_layernorm,12448,130.678
final_layernorm,12464,132
final_layernorm,12480,130.837
final_layernorm,12496,130.251
final_layernorm,12512,130.934
final_layernorm,12528,132.629
final_layernorm,12544,132.107
final_layernorm,12560,135.2
final_layernorm,12576,134.986
final_layernorm,12592,133.739
final_layernorm,12608,134.688
final_layernorm,12624,134.475
final_layernorm,12640,133.259
final_layernorm,12656,136.235
final_layernorm,12672,134.315
final_layernorm,12688,132.64
final_layernorm,12704,137.227
final_layernorm,12720,138.112
final_layernorm,12736,139.595
final_layernorm,12752,137.301
final_layernorm,12768,138.059
final_layernorm,12784,137.696
final_layernorm,12800,140.416
final_layernorm,12816,138.219
final_layernorm,12832,136.011
final_layernorm,12848,140.491
final_layernorm,12864,140.267
final_layernorm,12880,138.571
final_layernorm,12896,137.312
final_layernorm,12912,138.368
final_layernorm,12928,142.272
final_layernorm,12944,139.094
final_layernorm,12960,139.755
final_layernorm,12976,142.965
final_layernorm,12992,141.355
final_layernorm,13008,140.533
final_layernorm,13024,141.237
final_layernorm,13040,144.277
final_layernorm,13056,143.723
final_layernorm,13072,144.619
final_layernorm,13088,145.056
final_layernorm,13104,147.265
final_layernorm,13120,145.099
final_layernorm,13136,145.376
final_layernorm,13152,147.029
final_layernorm,13168,146.304
final_layernorm,13184,147.541
final_layernorm,13200,147.659
final_layernorm,13216,148.192
final_layernorm,13232,147.317
final_layernorm,13248,148.821
final_layernorm,13264,149.355
final_layernorm,13280,149.333
final_layernorm,13296,150.731
final_layernorm,13312,152.043
final_layernorm,13328,149.6
final_layernorm,13344,150.453
final_layernorm,13360,152.917
final_layernorm,13376,150.869
final_layernorm,13392,150.581
final_layernorm,13408,151.317
final_layernorm,13424,149.803
final_layernorm,13440,151.114
final_layernorm,13456,152.822
final_layernorm,13472,152.565
final_layernorm,13488,154.389
final_layernorm,13504,153.717
final_layernorm,13520,153.248
final_layernorm,13536,154.784
final_layernorm,13552,151.424
final_layernorm,13568,153.366
final_layernorm,13584,152.299
final_layernorm,13600,154.261
final_layernorm,13616,155.179
final_layernorm,13632,154.272
final_layernorm,13648,155.136
final_layernorm,13664,155.04
final_layernorm,13680,155.861
final_layernorm,13696,153.579
final_layernorm,13712,155.797
final_layernorm,13728,155.797
final_layernorm,13744,156.779
final_layernorm,13760,157.578
final_layernorm,13776,156.032
final_layernorm,13792,156.341
final_layernorm,13808,155.989
final_layernorm,13824,156.629
final_layernorm,13840,158.016
final_layernorm,13856,154.517
final_layernorm,13872,156.48
final_layernorm,13888,157.728
final_layernorm,13904,155.808
final_layernorm,13920,158.453
final_layernorm,13936,158.069
final_layernorm,13952,158.763
final_layernorm,13968,159.317
final_layernorm,13984,157.738
final_layernorm,14000,158.122
final_layernorm,14016,158.677
final_layernorm,14032,156.725
final_layernorm,14048,160.533
final_layernorm,14064,159.232
final_layernorm,14080,158.667
final_layernorm,14096,159.477
final_layernorm,14112,157.301
final_layernorm,14128,162.379
final_layernorm,14144,159.829
final_layernorm,14160,159.765
final_layernorm,14176,161.28
final_layernorm,14192,162.549
final_layernorm,14208,161.931
final_layernorm,14224,162.539
final_layernorm,14240,161.824
final_layernorm,14256,161.995
final_layernorm,14272,164.757
final_layernorm,14288,162.656
final_layernorm,14304,162.795
final_layernorm,14320,162.229
final_layernorm,14336,164.203
final_layernorm,14352,162.656
final_layernorm,14368,163.627
final_layernorm,14384,163.616
final_layernorm,14400,164.192
final_layernorm,14416,164.053
final_layernorm,14432,162.07
final_layernorm,14448,163.232
final_layernorm,14464,163.915
final_layernorm,14480,164.053
final_layernorm,14496,164.811
final_layernorm,14512,164.928
final_layernorm,14528,165.12
final_layernorm,14544,163.541
final_layernorm,14560,165.173
final_layernorm,14576,164.8
final_layernorm,14592,165.301
final_layernorm,14608,164.555
final_layernorm,14624,168.213
final_layernorm,14640,167.51
final_layernorm,14656,167.403
final_layernorm,14672,167.915
final_layernorm,14688,167.445
final_layernorm,14704,167.403
final_layernorm,14720,168.619
final_layernorm,14736,169.493
final_layernorm,14752,168.32
final_layernorm,14768,168.501
final_layernorm,14784,169.835
final_layernorm,14800,169.76
final_layernorm,14816,167.253
final_layernorm,14832,168.629
final_layernorm,14848,168.907
final_layernorm,14864,169.12
final_layernorm,14880,170.55
final_layernorm,14896,171.008
final_layernorm,14912,170.037
final_layernorm,14928,169.707
final_layernorm,14944,168.725
final_layernorm,14960,167.669
final_layernorm,14976,170.827
final_layernorm,14992,169.835
final_layernorm,15008,171.776
final_layernorm,15024,170.112
final_layernorm,15040,172.171
final_layernorm,15056,171.062
final_layernorm,15072,171.616
final_layernorm,15088,169.408
final_layernorm,15104,170.155
final_layernorm,15120,171.499
final_layernorm,15136,173.696
final_layernorm,15152,171.862
final_layernorm,15168,171.669
final_layernorm,15184,172.992
final_layernorm,15200,171.808
final_layernorm,15216,173.045
final_layernorm,15232,174.389
final_layernorm,15248,173.408
final_layernorm,15264,175.275
final_layernorm,15280,175.776
final_layernorm,15296,175.733
final_layernorm,15312,176.779
final_layernorm,15328,175.787
final_layernorm,15344,172.981
final_layernorm,15360,175.797
final_layernorm,15376,174.443
final_layernorm,15392,176.171
final_layernorm,15408,174.976
final_layernorm,15424,175.797
final_layernorm,15440,175.755
final_layernorm,15456,177.109
final_layernorm,15472,178.048
final_layernorm,15488,176.182
final_layernorm,15504,177.11
final_layernorm,15520,175.467
final_layernorm,15536,175.765
final_layernorm,15552,174.837
final_layernorm,15568,177.109
final_layernorm,15584,174.528
final_layernorm,15600,174.773
final_layernorm,15616,179.733
final_layernorm,15632,176.683
final_layernorm,15648,180.021
final_layernorm,15664,177.579
final_layernorm,15680,176.949
final_layernorm,15696,176.598
final_layernorm,15712,178.752
final_layernorm,15728,178.56
final_layernorm,15744,179.712
final_layernorm,15760,180.214
final_layernorm,15776,179.947
final_layernorm,15792,180.928
final_layernorm,15808,180.533
final_layernorm,15824,181.184
final_layernorm,15840,180.128
final_layernorm,15856,181.515
final_layernorm,15872,179.574
final_layernorm,15888,181.931
final_layernorm,15904,182.208
final_layernorm,15920,182.229
final_layernorm,15936,179.979
final_layernorm,15952,182.816
final_layernorm,15968,183.029
final_layernorm,15984,182.177
final_layernorm,16000,183.307
final_layernorm,16016,182.485
final_layernorm,16032,180.928
final_layernorm,16048,183.883
final_layernorm,16064,182.933
final_layernorm,16080,182.592
final_layernorm,16096,181.835
final_layernorm,16112,184.181
final_layernorm,16128,182.453
final_layernorm,16144,183.477
final_layernorm,16160,182.763
final_layernorm,16176,182.71
final_layernorm,16192,184.48
final_layernorm,16208,181.227
final_layernorm,16224,183.062
final_layernorm,16240,183.296
final_layernorm,16256,184.427
final_layernorm,16272,184.917
final_layernorm,16288,185.12
final_layernorm,16304,185.088
final_layernorm,16320,185.611
final_layernorm,16336,186.336
final_layernorm,16352,186.219
final_layernorm,16368,185.686
final_layernorm,16384,186.752
layernorm,1,8.05867
layernorm,2,7.84533
layernorm,3,7.89333
layernorm,4,7.9145
layernorm,5,7.9145
layernorm,6,7.888
layernorm,7,7.96283
layernorm,8,8.139
layernorm,9,7.93583
layernorm,10,7.92533
layernorm,11,7.94167
layernorm,12,8.06383
layernorm,13,7.94667
layernorm,14,8.0055
layernorm,15,8.0375
layernorm,16,8.09067
layernorm,20,8.05333
layernorm,24,8.11733
layernorm,28,8.1065
layernorm,32,8.048
layernorm,36,8.2025
layernorm,40,8.21317
layernorm,44,8.14383
layernorm,48,8.224
layernorm,52,8.19733
layernorm,56,8.18683
layernorm,60,8.13883
layernorm,64,8.32
layernorm,80,8.17067
layernorm,96,8.30933
layernorm,112,8.33083
layernorm,128,8.44267
layernorm,144,8.69333
layernorm,160,8.77317
layernorm,176,8.93333
layernorm,192,8.93867
layernorm,208,9.06667
layernorm,224,9.20533
layernorm,240,9.237
layernorm,256,9.12
layernorm,272,9.10933
layernorm,288,9.14133
layernorm,304,9.18417
layernorm,320,9.1575
layernorm,336,8.87467
layernorm,352,8.832
layernorm,368,8.88567
layernorm,384,8.99733
layernorm,400,9.14633
layernorm,416,8.94933
layernorm,432,8.9705
layernorm,448,9.02917
layernorm,464,9.01867
layernorm,480,9.0135
layernorm,496,8.9975
layernorm,512,9.10933
layernorm,528,9.09867
layernorm,544,9.136
layernorm,560,9.13083
layernorm,576,9.27483
layernorm,592,9.29083
layernorm,608,9.12017
layernorm,624,9.2
layernorm,640,9.31733
layernorm,656,9.232
layernorm,672,9.1895
layernorm,688,9.17333
layernorm,704,9.19483
layernorm,720,9.05583
layernorm,736,9.08267
layernorm,752,9.13067
layernorm,768,9.15717
layernorm,784,9.04533
layernorm,800,9.18417
layernorm,816,9.13567
layernorm,832,9.14117
layernorm,848,9.184
layernorm,864,9.15217
layernorm,880,9.16283
layernorm,896,9.31733
layernorm,912,9.30133
layernorm,928,9.344
layernorm,944,9.328
layernorm,960,9.40217
layernorm,976,9.59467
layernorm,992,9.42433
layernorm,1008,9.57333
layernorm,1024,9.53033
layernorm,1040,9.472
layernorm,1056,9.46117
layernorm,1072,9.43983
layernorm,1088,9.365
layernorm,1104,9.509
layernorm,1120,9.41333
layernorm,1136,10.0853
layernorm,1152,10.1385
layernorm,1168,10.0747
layernorm,1184,10.0482
layernorm,1200,10.0107
layernorm,1216,9.97867
layernorm,1232,10.1225
layernorm,1248,10.2293
layernorm,1264,10.304
layernorm,1280,10.3945
layernorm,1296,10.4213
layernorm,1312,10.4215
layernorm,1328,10.533
layernorm,1344,10.7892
layernorm,1360,10.8747
layernorm,1376,11.1892
layernorm,1392,11.3868
layernorm,1408,11.1842
layernorm,1424,11.6748
layernorm,1440,11.4667
layernorm,1456,11.3705
layernorm,1472,11.616
layernorm,1488,11.6053
layernorm,1504,11.7653
layernorm,1520,11.568
layernorm,1536,11.9732
layernorm,1552,12
layernorm,1568,12.144
layernorm,1584,12.0373
layernorm,1600,12.6933
layernorm,1616,12.3253
layernorm,1632,12.3733
layernorm,1648,12.5387
layernorm,1664,12.4267
layernorm,1680,12.5277
layernorm,1696,12.6507
layernorm,1712,13.2213
layernorm,1728,13.4295
layernorm,1744,13.5732
layernorm,1760,13.4343
layernorm,1776,13.2
layernorm,1792,13.3173
layernorm,1808,13.2642
layernorm,1824,13.264
layernorm,1840,13.3707
layernorm,1856,12.5493
layernorm,1872,12.4162
layernorm,1888,12.6933
layernorm,1904,12.7358
layernorm,1920,12.8212
layernorm,1936,12.784
layernorm,1952,12.4908
layernorm,1968,12.9867
layernorm,1984,12.885
layernorm,2000,14.6238
layernorm,2016,13.952
layernorm,2032,14.2772
layernorm,2048,14.0162
layernorm,2064,14.8637
layernorm,2080,14.6718
layernorm,2096,14.3358
layernorm,2112,14.9652
layernorm,2128,13.04
layernorm,2144,13.3012
layernorm,2160,13.3333
layernorm,2176,13.5148
layernorm,2192,13.3867
layernorm,2208,13.3867
layernorm,2224,13.7172
layernorm,2240,14.992
layernorm,2256,15.0345
layernorm,2272,19.2267
layernorm,2288,20.3253
layernorm,2304,20.9867
layernorm,2320,20.0158
layernorm,2336,20.7625
layernorm,2352,20.4588
layernorm,2368,20.5385
layernorm,2384,20.4638
layernorm,2400,21.5945
layernorm,2416,20.8853
layernorm,2432,21.1092
layernorm,2448,21.3173
layernorm,2464,21.3545
layernorm,2480,22.4478
layernorm,2496,22.2293
layernorm,2512,22.4425
layernorm,2528,23.088
layernorm,2544,22.416
layernorm,2560,23.6853
layernorm,2576,23.7172
layernorm,2592,22.7785
layernorm,2608,23.0398
layernorm,2624,23.4027
layernorm,2640,23.1465
layernorm,2656,23.344
layernorm,2672,23.2053
layernorm,2688,23.712
layernorm,2704,23.6105
layernorm,2720,24.4268
layernorm,2736,24.1602
layernorm,2752,24.4798
layernorm,2768,24.1437
layernorm,2784,24.4055
layernorm,2800,24.4428
layernorm,2816,24.069
layernorm,2832,24.752
layernorm,2848,24.7732
layernorm,2864,24.736
layernorm,2880,24.9118
layernorm,2896,24.9173
layernorm,2912,25.3225
layernorm,2928,25.4667
layernorm,2944,24.9973
layernorm,2960,24.8743
layernorm,2976,25.0665
layernorm,2992,24.7413
layernorm,3008,24.64
layernorm,3024,24.7573
layernorm,3040,25.4827
layernorm,3056,25.1305
layernorm,3072,24.8105
layernorm,3088,24.992
layernorm,3104,24.88
layernorm,3120,25.1413
layernorm,3136,25.1305
layernorm,3152,25.0188
layernorm,3168,25.952
layernorm,3184,25.1625
layernorm,3200,24.8693
layernorm,3216,24.7307
layernorm,3232,26.1332
layernorm,3248,26.3785
layernorm,3264,26.0853
layernorm,3280,25.888
layernorm,3296,26.4267
layernorm,3312,26.4268
layernorm,3328,25.9522
layernorm,3344,26.448
layernorm,3360,26.2025
layernorm,3376,25.5623
layernorm,3392,24.5812
layernorm,3408,27.493
layernorm,3424,27.5093
layernorm,3440,28.1013
layernorm,3456,28.1812
layernorm,3472,27.6053
layernorm,3488,27.7655
layernorm,3504,28.0213
layernorm,3520,27.3758
layernorm,3536,27.8503
layernorm,3552,28.0213
layernorm,3568,28.2185
layernorm,3584,27.8823
layernorm,3600,27.6855
layernorm,3616,27.8825
layernorm,3632,28.5867
layernorm,3648,28.7785
layernorm,3664,29.0238
layernorm,3680,28.5282
layernorm,3696,28.8055
layernorm,3712,29.568
layernorm,3728,28.3947
layernorm,3744,28.6667
layernorm,3760,28.9652
layernorm,3776,28.3253
layernorm,3792,27.9892
layernorm,3808,28.2133
layernorm,3824,28.7573
layernorm,3840,28.6295
layernorm,3856,28.5385
layernorm,3872,28.7998
layernorm,3888,28.4372
layernorm,3904,28.4693
layernorm,3920,28.416
layernorm,3936,28.3257
layernorm,3952,28.5013
layernorm,3968,29.36
layernorm,3984,26.2718
layernorm,4000,26.4425
layernorm,4016,26.4958
layernorm,4032,25.936
layernorm,4048,26.1548
layernorm,4064,25.9252
layernorm,4080,26.4427
layernorm,4096,26.6187
layernorm,4112,26.9602
layernorm,4128,26.8265
layernorm,4144,26.6878
layernorm,4160,26.3678
layernorm,4176,26.448
layernorm,4192,26.6613
layernorm,4208,26.4267
layernorm,4224,26.7893
layernorm,4240,26.3627
layernorm,4256,26.2293
layernorm,4272,26.4853
layernorm,4288,26.5227
layernorm,4304,26.5973
layernorm,4320,27.04
layernorm,4336,27.2373
layernorm,4352,27.1307
layernorm,4368,26.7893
layernorm,4384,26.9495
layernorm,4400,26.9385
layernorm,4416,26.912
layernorm,4432,27.5253
layernorm,4448,26.9388
layernorm,4464,26.9918
layernorm,4480,27.616
layernorm,4496,27.1627
layernorm,4512,27.3387
layernorm,4528,28.4372
layernorm,4544,28.2078
layernorm,4560,28.064
layernorm,4576,28.9172
layernorm,4592,28.3842
layernorm,4608,28.0905
layernorm,4624,28.3467
layernorm,4640,29.1467
layernorm,4656,29.205
layernorm,4672,28.7092
layernorm,4688,28.8
layernorm,4704,28.816
layernorm,4720,28.981
layernorm,4736,29.0133
layernorm,4752,29.4668
layernorm,4768,28.8213
layernorm,4784,28.3947
layernorm,4800,29.136
layernorm,4816,29.2747
layernorm,4832,28.624
layernorm,4848,29.2798
layernorm,4864,29.0665
layernorm,4880,29.1785
layernorm,4896,28.8107
layernorm,4912,29.1625
layernorm,4928,29.0293
layernorm,4944,29.1947
layernorm,4960,29.0025
layernorm,4976,29.5467
layernorm,4992,29.5305
layernorm,5008,29.3973
layernorm,5024,29.6427
layernorm,5040,29.6265
layernorm,5056,29.2318
layernorm,5072,29.5465
layernorm,5088,29.952
layernorm,5104,30.2292
layernorm,5120,29.8558
layernorm,5136,29.9202
layernorm,5152,29.9307
layernorm,5168,30.3412
layernorm,5184,30.3145
layernorm,5200,30.2078
layernorm,5216,30.768
layernorm,5232,30.1173
layernorm,5248,30.384
layernorm,5264,30.6027
layernorm,5280,30.9388
layernorm,5296,30.4905
layernorm,5312,30.688
layernorm,5328,30.5867
layernorm,5344,30.1868
layernorm,5360,30.3468
layernorm,5376,30.7998
layernorm,5392,31.0397
layernorm,5408,30.9705
layernorm,5424,30.8265
layernorm,5440,31.1623
layernorm,5456,31.3493
layernorm,5472,31.1945
layernorm,5488,30.9917
layernorm,5504,31.6105
layernorm,5520,31.3707
layernorm,5536,31.4558
layernorm,5552,29.6158
layernorm,5568,29.3547
layernorm,5584,29.6215
layernorm,5600,29.4078
layernorm,5616,29.8773
layernorm,5632,30.0053
layernorm,5648,29.8987
layernorm,5664,29.7812
layernorm,5680,30.0638
layernorm,5696,30.016
layernorm,5712,29.8825
layernorm,5728,30.1867
layernorm,5744,29.6907
layernorm,5760,30.304
layernorm,5776,30.08
layernorm,5792,30.3788
layernorm,5808,30.4907
layernorm,5824,30.3198
layernorm,5840,30.5762
layernorm,5856,30.8958
layernorm,5872,30.693
layernorm,5888,30.64
layernorm,5904,31.1468
layernorm,5920,31.2053
layernorm,5936,31.0133
layernorm,5952,31.4237
layernorm,5968,30.8747
layernorm,5984,31.264
layernorm,6000,31.4987
layernorm,6016,31.3813
layernorm,6032,31.36
layernorm,6048,31.013
layernorm,6064,31.4613
layernorm,6080,31.1252
layernorm,6096,31.2798
layernorm,6112,31.1093
layernorm,6128,31.2853
layernorm,6144,31.2907
layernorm,6160,32.048
layernorm,6176,32.2135
layernorm,6192,32.1758
layernorm,6208,32.2453
layernorm,6224,32.4533
layernorm,6240,32.4692
layernorm,6256,33.0613
layernorm,6272,32.7253
layernorm,6288,32.6345
layernorm,6304,32.5598
layernorm,6320,32.7733
layernorm,6336,32.9173
layernorm,6352,33.2958
layernorm,6368,33.888
layernorm,6384,33.376
layernorm,6400,33.5093
layernorm,6416,33.3655
layernorm,6432,33.4347
layernorm,6448,35.3065
layernorm,6464,36.128
layernorm,6480,35.7972
layernorm,6496,36.3303
layernorm,6512,35.6
layernorm,6528,35.4933
layernorm,6544,36.2612
layernorm,6560,36.368
layernorm,6576,35.6907
layernorm,6592,36.5332
layernorm,6608,36.6827
layernorm,6624,36.7147
layernorm,6640,36.56
layernorm,6656,36.5547
layernorm,6672,37.1947
layernorm,6688,36.7145
layernorm,6704,36.7945
layernorm,6720,37.8503
layernorm,6736,37.296
layernorm,6752,37.3973
layernorm,6768,37.12
layernorm,6784,38.2025
layernorm,6800,38.3253
layernorm,6816,37.7917
layernorm,6832,38.1387
layernorm,6848,38.3147
layernorm,6864,38.3467
layernorm,6880,38.896
layernorm,6896,38.8
layernorm,6912,38.9493
layernorm,6928,38.6613
layernorm,6944,39.1035
layernorm,6960,39.744
layernorm,6976,40.2077
layernorm,6992,39.3227
layernorm,7008,39.6158
layernorm,7024,39.9628
layernorm,7040,39.7813
layernorm,7056,39.728
layernorm,7072,40.208
layernorm,7088,39.8505
layernorm,7104,40.3145
layernorm,7120,39.5358
layernorm,7136,39.888
layernorm,7152,40.3838
layernorm,7168,41.0293
layernorm,7184,40.736
layernorm,7200,41.296
layernorm,7216,40.8585
layernorm,7232,41.1253
layernorm,7248,41.424
layernorm,7264,40.7837
layernorm,7280,41.5095
layernorm,7296,41.2642
layernorm,7312,41.5573
layernorm,7328,42.1332
layernorm,7344,41.9678
layernorm,7360,41.5682
layernorm,7376,41.7545
layernorm,7392,42.3253
layernorm,7408,42.3465
layernorm,7424,41.8082
layernorm,7440,42.1972
layernorm,7456,42.453
layernorm,7472,42.1973
layernorm,7488,42.8
layernorm,7504,42.4908
layernorm,7520,43.0398
layernorm,7536,42.5707
layernorm,7552,43.1252
layernorm,7568,43.5945
layernorm,7584,43.3172
layernorm,7600,43.7013
layernorm,7616,44.2827
layernorm,7632,43.3813
layernorm,7648,43.6373
layernorm,7664,43.8773
layernorm,7680,44.1333
layernorm,7696,44.0267
layernorm,7712,43.7812
layernorm,7728,43.9787
layernorm,7744,44.88
layernorm,7760,44.704
layernorm,7776,44.8855
layernorm,7792,44.6987
layernorm,7808,44.8692
layernorm,7824,45.1202
layernorm,7840,45.2695
layernorm,7856,45.4505
layernorm,7872,45.7068
layernorm,7888,45.6267
layernorm,7904,46.6398
layernorm,7920,46.1598
layernorm,7936,46.224
layernorm,7952,46.6507
layernorm,7968,46.7038
layernorm,7984,46.373
layernorm,8000,46.544
layernorm,8016,47.136
layernorm,8032,46.2507
layernorm,8048,46.9653
layernorm,8064,46.9013
layernorm,8080,47.2053
layernorm,8096,47.1948
layernorm,8112,47.7282
layernorm,8128,47.5253
layernorm,8144,47.877
layernorm,8160,49.3118
layernorm,8176,48.688
layernorm,8192,48.2718
layernorm,8208,49.3012
layernorm,8224,49.1733
layernorm,8240,48.8105
layernorm,8256,49.3547
layernorm,8272,49.3973
layernorm,8288,49.1147
layernorm,8304,49.376
layernorm,8320,49.0882
layernorm,8336,46.9333
layernorm,8352,46.9493
layernorm,8368,47.088
layernorm,8384,45.7227
layernorm,8400,46.3465
layernorm,8416,47.52
layernorm,8432,47.4825
layernorm,8448,47.4453
layernorm,8464,51.8135
layernorm,8480,53.552
layernorm,8496,52.7838
layernorm,8512,53.2107
layernorm,8528,52.528
layernorm,8544,52.2293
layernorm,8560,52.752
layernorm,8576,52.9118
layernorm,8592,54.4693
layernorm,8608,52.6132
layernorm,8624,53.5518
layernorm,8640,52.7307
layernorm,8656,53.1627
layernorm,8672,55.7282
layernorm,8688,54.1918
layernorm,8704,53.8507
layernorm,8720,58.155
layernorm,8736,59.5998
layernorm,8752,58.8585
layernorm,8768,59.072
layernorm,8784,58.7787
layernorm,8800,59.7652
layernorm,8816,59.3497
layernorm,8832,59.1948
layernorm,8848,60.4587
layernorm,8864,59.44
layernorm,8880,59.2373
layernorm,8896,60.144
layernorm,8912,60.5067
layernorm,8928,60.3362
layernorm,8944,61.4185
layernorm,8960,61.7278
layernorm,8976,62.1175
layernorm,8992,63.1465
layernorm,9008,62.3252
layernorm,9024,63.1628
layernorm,9040,62.8587
layernorm,9056,62.448
layernorm,9072,64.032
layernorm,9088,64.1653
layernorm,9104,62.3573
layernorm,9120,63.9147
layernorm,9136,64.2718
layernorm,9152,64.4108
layernorm,9168,64.368
layernorm,9184,63.7012
layernorm,9200,64.288
layernorm,9216,66.256
layernorm,9232,64.4587
layernorm,9248,64.048
layernorm,9264,64.528
layernorm,9280,63.9412
layernorm,9296,65.8877
layernorm,9312,64.3307
layernorm,9328,64.1122
layernorm,9344,66.7627
layernorm,9360,65.76
layernorm,9376,66.2453
layernorm,9392,66.8802
layernorm,9408,66.5598
layernorm,9424,65.8772
layernorm,9440,66.8217
layernorm,9456,66.8213
layernorm,9472,66.2345
layernorm,9488,69.1362
layernorm,9504,68.1707
layernorm,9520,67.4718
layernorm,9536,67.3598
layernorm,9552,67.536
layernorm,9568,66.8427
layernorm,9584,67.8772
layernorm,9600,69.9255
layernorm,9616,68.4798
layernorm,9632,67.8827
layernorm,9648,68.8052
layernorm,9664,69.0882
layernorm,9680,70.528
layernorm,9696,69.5465
layernorm,9712,70.0213
layernorm,9728,70.352
layernorm,9744,71.36
layernorm,9760,70.4907
layernorm,9776,71.9892
layernorm,9792,72.7413
layernorm,9808,72.4215
layernorm,9824,75.1413
layernorm,9840,74.4263
layernorm,9856,76.3198
layernorm,9872,76.9495
layernorm,9888,77.1892
layernorm,9904,76.816
layernorm,9920,77.8508
layernorm,9936,78.5437
layernorm,9952,79.7493
layernorm,9968,79.5307
layernorm,9984,79.856
layernorm,10000,80.3945
layernorm,10016,80.1118
layernorm,10032,79.712
layernorm,10048,79.9838
layernorm,10064,79.2427
layernorm,10080,80.816
layernorm,10096,80.1493
layernorm,10112,80.72
layernorm,10128,80.2452
layernorm,10144,80.9387
layernorm,10160,81.184
layernorm,10176,81.3708
layernorm,10192,81.8187
layernorm,10208,82.688
layernorm,10224,82.5655
layernorm,10240,82.5548
layernorm,10256,82.2453
layernorm,10272,83.3227
layernorm,10288,83.1092
layernorm,10304,83.536
layernorm,10320,82.944
layernorm,10336,82.7943
layernorm,10352,83.248
layernorm,10368,83.3708
layernorm,10384,84.1548
layernorm,10400,83.9573
layernorm,10416,83.5945
layernorm,10432,85.0398
layernorm,10448,84.3147
layernorm,10464,85.4613
layernorm,10480,85.7282
layernorm,10496,85.5095
layernorm,10512,86.3147
layernorm,10528,86.2827
layernorm,10544,86.8267
layernorm,10560,86.3627
layernorm,10576,86.5547
layernorm,10592,85.5787
layernorm,10608,85.6478
layernorm,10624,86.3307
layernorm,10640,85.8133
layernorm,10656,87.3867
layernorm,10672,87.8025
layernorm,10688,87.9627
layernorm,10704,88.2402
layernorm,10720,88.0158
layernorm,10736,89.1148
layernorm,10752,89.4027
layernorm,10768,88.8695
layernorm,10784,89.3012
layernorm,10800,89.6373
layernorm,10816,91.5998
layernorm,10832,90.8373
layernorm,10848,90.6187
layernorm,10864,91.3067
layernorm,10880,92.8322
layernorm,10896,91.9947
layernorm,10912,92.1437
layernorm,10928,93.3065
layernorm,10944,92.784
layernorm,10960,93.5678
layernorm,10976,93.7385
layernorm,10992,94.4907
layernorm,11008,94.5705
layernorm,11024,94.0907
layernorm,11040,93.7278
layernorm,11056,95.4082
layernorm,11072,95.3387
layernorm,11088,94.9813
layernorm,11104,95.44
layernorm,11120,94.3467
layernorm,11136,95.9308
layernorm,11152,95.9145
layernorm,11168,94.976
layernorm,11184,97.3493
layernorm,11200,95.6587
layernorm,11216,98.0802
layernorm,11232,97.0617
layernorm,11248,96.2937
layernorm,11264,98.1653
layernorm,11280,98.1338
layernorm,11296,98.5653
layernorm,11312,98.5068
layernorm,11328,99.1038
layernorm,11344,98.8107
layernorm,11360,99.1735
layernorm,11376,100.096
layernorm,11392,100.464
layernorm,11408,100.645
layernorm,11424,101.051
layernorm,11440,101.157
layernorm,11456,103.419
layernorm,11472,103.893
layernorm,11488,102.016
layernorm,11504,102.043
layernorm,11520,103.717
layernorm,11536,104.171
layernorm,11552,104.304
layernorm,11568,105.163
layernorm,11584,105.547
layernorm,11600,105.755
layernorm,11616,105.45
layernorm,11632,106.443
layernorm,11648,105.722
layernorm,11664,105.819
layernorm,11680,106.997
layernorm,11696,107.104
layernorm,11712,107.392
layernorm,11728,107.285
layernorm,11744,107.493
layernorm,11760,108.832
layernorm,11776,108.768
layernorm,11792,109.232
layernorm,11808,108.432
layernorm,11824,109.424
layernorm,11840,108.918
layernorm,11856,107.947
layernorm,11872,110.139
layernorm,11888,109.072
layernorm,11904,109.189
layernorm,11920,110.672
layernorm,11936,109.061
layernorm,11952,109.184
layernorm,11968,110.32
layernorm,11984,110.144
layernorm,12000,111.776
layernorm,12016,111.728
layernorm,12032,111.685
layernorm,12048,112.123
layernorm,12064,111.904
layernorm,12080,113.712
layernorm,12096,114.107
layernorm,12112,113.301
layernorm,12128,113.088
layernorm,12144,113.2
layernorm,12160,114.917
layernorm,12176,114.736
layernorm,12192,114.928
layernorm,12208,114.533
layernorm,12224,115.573
layernorm,12240,115.867
layernorm,12256,116.555
layernorm,12272,116.022
layernorm,12288,116.326
layernorm,12304,117.008
layernorm,12320,117.291
layernorm,12336,117.189
layernorm,12352,117.995
layernorm,12368,117.654
layernorm,12384,117.531
layernorm,12400,118.086
layernorm,12416,117.803
layernorm,12432,119.019
layernorm,12448,119.093
layernorm,12464,119.931
layernorm,12480,119.557
layernorm,12496,120.112
layernorm,12512,120.053
layernorm,12528,120.347
layernorm,12544,121.008
layernorm,12560,120.203
layernorm,12576,121.51
layernorm,12592,121.968
layernorm,12608,120.949
layernorm,12624,122.501
layernorm,12640,121.264
layernorm,12656,122.187
layernorm,12672,120.155
layernorm,12688,121.877
layernorm,12704,120.288
layernorm,12720,123.136
layernorm,12736,122.491
layernorm,12752,123.717
layernorm,12768,123.574
layernorm,12784,123.888
layernorm,12800,123.814
layernorm,12816,124.939
layernorm,12832,124.325
layernorm,12848,124.88
layernorm,12864,122.811
layernorm,12880,124.608
layernorm,12896,123.84
layernorm,12912,125.632
layernorm,12928,123.968
layernorm,12944,124.661
layernorm,12960,125.125
layernorm,12976,125.675
layernorm,12992,127.061
layernorm,13008,125.744
layernorm,13024,125.675
layernorm,13040,124.827
layernorm,13056,125.776
layernorm,13072,125.445
layernorm,13088,127.131
layernorm,13104,127.398
layernorm,13120,128.485
layernorm,13136,127.563
layernorm,13152,128.358
layernorm,13168,128.432
layernorm,13184,128.72
layernorm,13200,127.776
layernorm,13216,129.243
layernorm,13232,128.054
layernorm,13248,130.421
layernorm,13264,131.333
layernorm,13280,130.869
layernorm,13296,130.315
layernorm,13312,130.198
layernorm,13328,132.219
layernorm,13344,129.712
layernorm,13360,131.477
layernorm,13376,130.213
layernorm,13392,130.912
layernorm,13408,131.312
layernorm,13424,130.021
layernorm,13440,132.107
layernorm,13456,131.995
layernorm,13472,132.965
layernorm,13488,132.203
layernorm,13504,132.469
layernorm,13520,133.317
layernorm,13536,134.262
layernorm,13552,134.251
layernorm,13568,133.84
layernorm,13584,134.202
layernorm,13600,135.082
layernorm,13616,134.592
layernorm,13632,133.589
layernorm,13648,134.731
layernorm,13664,134.832
layernorm,13680,134.523
layernorm,13696,134.565
layernorm,13712,134.683
layernorm,13728,135.088
layernorm,13744,136.394
layernorm,13760,134.965
layernorm,13776,135.275
layernorm,13792,136.144
layernorm,13808,134.384
layernorm,13824,136.133
layernorm,13840,135.851
layernorm,13856,135.861
layernorm,13872,136.16
layernorm,13888,136.768
layernorm,13904,137.184
layernorm,13920,136.507
layernorm,13936,135.419
layernorm,13952,137.808
layernorm,13968,138.192
layernorm,13984,136.592
layernorm,14000,137.563
layernorm,14016,138.283
layernorm,14032,136.384
layernorm,14048,138.138
layernorm,14064,138.069
layernorm,14080,137.84
layernorm,14096,137.099
layernorm,14112,138.448
layernorm,14128,139.04
layernorm,14144,139.163
layernorm,14160,139.712
layernorm,14176,140.235
layernorm,14192,139.968
layernorm,14208,140.24
layernorm,14224,140.624
layernorm,14240,140.576
layernorm,14256,141.029
layernorm,14272,140.608
layernorm,14288,142.933
layernorm,14304,141.653
layernorm,14320,142.23
layernorm,14336,142.742
layernorm,14352,143.286
layernorm,14368,142.965
layernorm,14384,143.563
layernorm,14400,142.464
layernorm,14416,144.283
layernorm,14432,144.821
layernorm,14448,143.387
layernorm,14464,145.232
layernorm,14480,144.112
layernorm,14496,143.878
layernorm,14512,144.992
layernorm,14528,144.443
layernorm,14544,145.51
layernorm,14560,144.891
layernorm,14576,145.36
layernorm,14592,145.067
layernorm,14608,144.955
layernorm,14624,146.464
layernorm,14640,146.229
layernorm,14656,145.792
layernorm,14672,147.269
layernorm,14688,147.297
layernorm,14704,148.811
layernorm,14720,148.528
layernorm,14736,148.155
layernorm,14752,149.285
layernorm,14768,149.925
layernorm,14784,148.997
layernorm,14800,148.773
layernorm,14816,149.12
layernorm,14832,149.669
layernorm,14848,148.715
layernorm,14864,148.928
layernorm,14880,148.832
layernorm,14896,149.28
layernorm,14912,150.747
layernorm,14928,149.211
layernorm,14944,150.678
layernorm,14960,150.651
layernorm,14976,151.509
layernorm,14992,150.357
layernorm,15008,150.485
layernorm,15024,151.451
layernorm,15040,151.088
layernorm,15056,150.891
layernorm,15072,150.827
layernorm,15088,151.333
layernorm,15104,151.168
layernorm,15120,151.808
layernorm,15136,151.894
layernorm,15152,152.043
layernorm,15168,152.635
layernorm,15184,153.461
layernorm,15200,154.326
layernorm,15216,154.683
layernorm,15232,154.672
layernorm,15248,154.016
layernorm,15264,155.419
layernorm,15280,155.024
layernorm,15296,155.792
layernorm,15312,156.427
layernorm,15328,154.917
layernorm,15344,155.648
layernorm,15360,155.462
layernorm,15376,155.552
layernorm,15392,155.589
layernorm,15408,155.675
layernorm,15424,156.373
layernorm,15440,157.045
layernorm,15456,157.739
layernorm,15472,157.675
layernorm,15488,157.75
layernorm,15504,157.504
layernorm,15520,158.587
layernorm,15536,157.691
layernorm,15552,159.52
layernorm,15568,158.8
layernorm,15584,158.379
layernorm,15600,159.318
layernorm,15616,159.989
layernorm,15632,160.554
layernorm,15648,160.325
layernorm,15664,160.853
layernorm,15680,161.184
layernorm,15696,161.317
layernorm,15712,161.936
layernorm,15728,160.864
layernorm,15744,161.931
layernorm,15760,163.419
layernorm,15776,162.363
layernorm,15792,163.008
layernorm,15808,162.277
layernorm,15824,163.718
layernorm,15840,163.573
layernorm,15856,162.848
layernorm,15872,163.334
layernorm,15888,163.632
layernorm,15904,162.971
layernorm,15920,164.987
layernorm,15936,164.854
layernorm,15952,164.326
layernorm,15968,163.515
layernorm,15984,163.339
layernorm,16000,164.821
layernorm,16016,165.574
layernorm,16032,164.31
layernorm,16048,164.747
layernorm,16064,165.984
layernorm,16080,165.435
layernorm,16096,164.843
layernorm,16112,165.696
layernorm,16128,166.23
layernorm,16144,165.333
layernorm,16160,166.453
layernorm,16176,166.091
layernorm,16192,167.877
layernorm,16208,166.619
layernorm,16224,167.222
layernorm,16240,168.107
layernorm,16256,167.904
layernorm,16272,168.24
layernorm,16288,167.749
layernorm,16304,167.205
layernorm,16320,168.091
layernorm,16336,169.222
layernorm,16352,168.923
layernorm,16368,168.715
layernorm,16384,167.702
o_proj,1,15.5093
o_proj,2,14.8907
o_proj,3,14.752
o_proj,4,14.7413
o_proj,5,14.7733
o_proj,6,14.8587
o_proj,7,15.1257
o_proj,8,14.816
o_proj,9,14.8053
o_proj,10,14.6667
o_proj,11,15.1253
o_proj,12,14.7627
o_proj,13,14.9227
o_proj,14,14.9653
o_proj,15,15.125
o_proj,16,14.7837
o_proj,20,14.858
o_proj,24,14.9333
o_proj,28,14.9653
o_proj,32,14.965
o_proj,36,16.48
o_proj,40,16.768
o_proj,44,16.7363
o_proj,48,16.768
o_proj,52,16.8643
o_proj,56,17.1307
o_proj,60,17.2587
o_proj,64,17.632
o_proj,80,24.9067
o_proj,96,26.165
o_proj,112,23.296
o_proj,128,22.72
o_proj,144,32.341
o_proj,160,33.1197
o_proj,176,18.357
o_proj,192,18.464
o_proj,208,20.1707
o_proj,224,20.2233
o_proj,240,20.224
o_proj,256,20.3627
o_proj,272,23.0827
o_proj,288,22.9867
o_proj,304,23.104
o_proj,320,22.8477
o_proj,336,34.368
o_proj,352,34.2827
o_proj,368,34.208
o_proj,384,34.2827
o_proj,400,35.1673
o_proj,416,35.0823
o_proj,432,34.592
o_proj,448,34.5597
o_proj,464,34.5813
o_proj,480,34.7733
o_proj,496,34.8373
o_proj,512,34.592
o_proj,528,35.2213
o_proj,544,35.2747
o_proj,560,35.1783
o_proj,576,35.4447
o_proj,592,37.312
o_proj,608,37.3333
o_proj,624,37.4393
o_proj,640,37.0873
o_proj,656,41.0343
o_proj,672,40.9173
o_proj,688,40.885
o_proj,704,40.7783
o_proj,720,72.8423
o_proj,736,72.7033
o_proj,752,72.736
o_proj,768,72.778
o_proj,784,73.5887
o_proj,800,72.9917
o_proj,816,72.9597
o_proj,832,73.173
o_proj,848,74.592
o_proj,864,75.04
o_proj,880,75.6477
o_proj,896,75.637
o_proj,912,77.7487
o_proj,928,78.3247
o_proj,944,76.1067
o_proj,960,76.0527
o_proj,976,78.6237
o_proj,992,77.8127
o_proj,1008,76.3623
o_proj,1024,76.149
o_proj,1040,77.8347
o_proj,1056,78.154
o_proj,1072,77.418
o_proj,1088,76.2983
o_proj,1104,78.485
o_proj,1120,78.2187
o_proj,1136,76.5543
o_proj,1152,76.4797
o_proj,1168,77.653
o_proj,1184,78.2933
o_proj,1200,78.9117
o_proj,1216,77.002
o_proj,1232,78.976
o_proj,1248,78.997
o_proj,1264,78.7627
o_proj,1280,78.0587
o_proj,1296,78.6133
o_proj,1312,79.402
o_proj,1328,79.5623
o_proj,1344,78.6663
o_proj,1360,80
o_proj,1376,79.7547
o_proj,1392,80.8213
o_proj,1408,80.3083
o_proj,1424,80.7357
o_proj,1440,80.6293
o_proj,1456,81.0237
o_proj,1472,81.333
o_proj,1488,108.48
o_proj,1504,108.352
o_proj,1520,108.501
o_proj,1536,107.434
o_proj,1552,108.341
o_proj,1568,109.312
o_proj,1584,109.45
o_proj,1600,109.653
o_proj,1616,113.429
o_proj,1632,112.778
o_proj,1648,113.141
o_proj,1664,112.533
o_proj,1680,113.268
o_proj,1696,113.407
o_proj,1712,113.674
o_proj,1728,113.536
o_proj,1744,113.876
o_proj,1760,113.227
o_proj,1776,113.279
o_proj,1792,113.332
o_proj,1808,116.063
o_proj,1824,113.845
o_proj,1840,113.952
o_proj,1856,113.589
o_proj,1872,115.732
o_proj,1888,115.296
o_proj,1904,114.549
o_proj,1920,114.496
o_proj,1936,118.048
o_proj,1952,115.296
o_proj,1968,115.552
o_proj,1984,113.856
o_proj,2000,130.943
o_proj,2016,129.791
o_proj,2032,131.093
o_proj,2048,129.567
o_proj,2064,129.973
o_proj,2080,129.844
o_proj,2096,129.92
o_proj,2112,129.802
o_proj,2128,131.189
o_proj,2144,131.146
o_proj,2160,131.456
o_proj,2176,131.061
o_proj,2192,130.645
o_proj,2208,131.349
o_proj,2224,130.016
o_proj,2240,130.218
o_proj,2256,130.187
o_proj,2272,131.914
o_proj,2288,131.68
o_proj,2304,131.349
o_proj,2320,131.925
o_proj,2336,130.911
o_proj,2352,132.821
o_proj,2368,132.64
o_proj,2384,131.124
o_proj,2400,131.051
o_proj,2416,131.349
o_proj,2432,131.114
o_proj,2448,132.117
o_proj,2464,132.148
o_proj,2480,132.415
o_proj,2496,133.76
o_proj,2512,133.812
o_proj,2528,134.165
o_proj,2544,132.576
o_proj,2560,133.962
o_proj,2576,133.557
o_proj,2592,133.813
o_proj,2608,133.6
o_proj,2624,133.61
o_proj,2640,133.994
o_proj,2656,134.954
o_proj,2672,134.005
o_proj,2688,133.973
o_proj,2704,134.538
o_proj,2720,135.691
o_proj,2736,134.623
o_proj,2752,134.922
o_proj,2768,134.869
o_proj,2784,134.816
o_proj,2800,134.933
o_proj,2816,134.901
o_proj,2832,135.946
o_proj,2848,135.7
o_proj,2864,135.797
o_proj,2880,136.053
o_proj,2896,135.946
o_proj,2912,135.903
o_proj,2928,136.01
o_proj,2944,135.776
o_proj,2960,196.565
o_proj,2976,196.394
o_proj,2992,196.32
o_proj,3008,196.191
o_proj,3024,197.716
o_proj,3040,197.429
o_proj,3056,197.45
o_proj,3072,197.972
o_proj,3088,197.695
o_proj,3104,198.175
o_proj,3120,198.207
o_proj,3136,197.994
o_proj,3152,197.887
o_proj,3168,197.919
o_proj,3184,198.431
o_proj,3200,198.441
o_proj,3216,197.962
o_proj,3232,198.762
o_proj,3248,198.228
o_proj,3264,198.079
o_proj,3280,198.346
o_proj,3296,198.08
o_proj,3312,197.994
o_proj,3328,198.229
o_proj,3344,198.09
o_proj,3360,198.079
o_proj,3376,198.665
o_proj,3392,197.952
o_proj,3408,197.567
o_proj,3424,197.909
o_proj,3440,197.876
o_proj,3456,197.653
o_proj,3472,197.525
o_proj,3488,197.546
o_proj,3504,197.962
o_proj,3520,198.122
o_proj,3536,197.61
o_proj,3552,197.737
o_proj,3568,197.941
o_proj,3584,198.282
o_proj,3600,198.037
o_proj,3616,197.77
o_proj,3632,198.004
o_proj,3648,197.866
o_proj,3664,197.855
o_proj,3680,198.037
o_proj,3696,198.026
o_proj,3712,198.068
o_proj,3728,197.77
o_proj,3744,198.133
o_proj,3760,198.25
o_proj,3776,198.304
o_proj,3792,198.538
o_proj,3808,198.015
o_proj,3824,197.898
o_proj,3840,198.346
o_proj,3856,198.271
o_proj,3872,198.452
o_proj,3888,198.111
o_proj,3904,198.368
o_proj,3920,198.389
o_proj,3936,199.455
o_proj,3952,198.709
o_proj,3968,198.463
o_proj,3984,198.847
o_proj,4000,199.167
o_proj,4016,198.559
o_proj,4032,198.996
o_proj,4048,198.986
o_proj,4064,199.818
o_proj,4080,198.912
o_proj,4096,199.082
o_proj,4112,199.796
o_proj,4128,199.946
o_proj,4144,199.562
o_proj,4160,199.732
o_proj,4176,199.615
o_proj,4192,199.54
o_proj,4208,199.871
o_proj,4224,200.18
o_proj,4240,200.629
o_proj,4256,200.415
o_proj,4272,200.415
o_proj,4288,200.831
o_proj,4304,200.384
o_proj,4320,200.981
o_proj,4336,200.756
o_proj,4352,200.244
o_proj,4368,200.981
o_proj,4384,201.098
o_proj,4400,201.109
o_proj,4416,200.981
o_proj,4432,201.183
o_proj,4448,200.906
o_proj,4464,201.248
o_proj,4480,201.269
o_proj,4496,259.412
o_proj,4512,259.113
o_proj,4528,259.433
o_proj,4544,259.498
o_proj,4560,259.722
o_proj,4576,259.401
o_proj,4592,259.807
o_proj,4608,260.042
o_proj,4624,260.064
o_proj,4640,259.935
o_proj,4656,259.935
o_proj,4672,259.733
o_proj,4688,260.191
o_proj,4704,260.042
o_proj,4720,260.522
o_proj,4736,260.223
o_proj,4752,259.828
o_proj,4768,260.191
o_proj,4784,259.935
o_proj,4800,259.882
o_proj,4816,260.053
o_proj,4832,259.69
o_proj,4848,259.934
o_proj,4864,260.181
o_proj,4880,259.551
o_proj,4896,259.689
o_proj,4912,259.422
o_proj,4928,259.882
o_proj,4944,260.096
o_proj,4960,259.946
o_proj,4976,260.735
o_proj,4992,260.448
o_proj,5008,260.66
o_proj,5024,260.352
o_proj,5040,260.223
o_proj,5056,260.745
o_proj,5072,260.266
o_proj,5088,260.106
o_proj,5104,261.194
o_proj,5120,260.66
o_proj,5136,260.681
o_proj,5152,260.767
o_proj,5168,261.033
o_proj,5184,260.628
o_proj,5200,260.746
o_proj,5216,261.044
o_proj,5232,260.821
o_proj,5248,261.023
o_proj,5264,260.831
o_proj,5280,260.896
o_proj,5296,261.183
o_proj,5312,260.736
o_proj,5328,261.396
o_proj,5344,260.798
o_proj,5360,261.343
o_proj,5376,261.279
o_proj,5392,261.994
o_proj,5408,262.047
o_proj,5424,261.567
o_proj,5440,261.45
o_proj,5456,261.577
o_proj,5472,261.353
o_proj,5488,261.748
o_proj,5504,261.887
o_proj,5520,262.303
o_proj,5536,262.495
o_proj,5552,262.047
o_proj,5568,262.207
o_proj,5584,262.346
o_proj,5600,262.708
o_proj,5616,262.367
o_proj,5632,262.42
o_proj,5648,263.572
o_proj,5664,263.444
o_proj,5680,263.562
o_proj,5696,263.572
o_proj,5712,263.54
o_proj,5728,263.253
o_proj,5744,263.69
o_proj,5760,263.882
o_proj,5776,264.533
o_proj,5792,264.437
o_proj,5808,264.489
o_proj,5824,264.255
o_proj,5840,264.34
o_proj,5856,264.789
o_proj,5872,264.308
o_proj,5888,264.884
o_proj,5904,265.908
o_proj,5920,265.908
o_proj,5936,266.132
o_proj,5952,266.474
o_proj,5968,266.196
o_proj,5984,266.645
o_proj,6000,267.359
o_proj,6016,266.655
o_proj,6032,325.865
o_proj,6048,326.121
o_proj,6064,325.706
o_proj,6080,325.898
o_proj,6096,326.175
o_proj,6112,326.399
o_proj,6128,326.186
o_proj,6144,326.121
o_proj,6160,326.335
o_proj,6176,326.41
o_proj,6192,326.794
o_proj,6208,326.377
o_proj,6224,326.825
o_proj,6240,326.772
o_proj,6256,327.124
o_proj,6272,326.762
o_proj,6288,326.42
o_proj,6304,326.345
o_proj,6320,326.9
o_proj,6336,326.975
o_proj,6352,326.09
o_proj,6368,326.858
o_proj,6384,326.739
o_proj,6400,326.729
o_proj,6416,326.655
o_proj,6432,327.039
o_proj,6448,326.687
o_proj,6464,327.007
o_proj,6480,326.612
o_proj,6496,326.431
o_proj,6512,326.634
o_proj,6528,327.06
o_proj,6544,326.409
o_proj,6560,326.654
o_proj,6576,327.06
o_proj,6592,327.177
o_proj,6608,326.943
o_proj,6624,327.252
o_proj,6640,327.188
o_proj,6656,327.007
o_proj,6672,327.167
o_proj,6688,326.494
o_proj,6704,326.666
o_proj,6720,327.188
o_proj,6736,327.732
o_proj,6752,327.252
o_proj,6768,327.444
o_proj,6784,327.658
o_proj,6800,327.285
o_proj,6816,327.626
o_proj,6832,327.124
o_proj,6848,328.201
o_proj,6864,327.711
o_proj,6880,326.762
o_proj,6896,327.06
o_proj,6912,327.21
o_proj,6928,327.081
o_proj,6944,327.423
o_proj,6960,326.634
o_proj,6976,328.692
o_proj,6992,327.327
o_proj,7008,327.114
o_proj,7024,327.402
o_proj,7040,327.86
o_proj,7056,328.575
o_proj,7072,326.986
o_proj,7088,328.244
o_proj,7104,327.594
o_proj,7120,327.54
o_proj,7136,327.988
o_proj,7152,327.551
o_proj,7168,327.594
o_proj,7184,328.884
o_proj,7200,328.138
o_proj,7216,327.871
o_proj,7232,328.873
o_proj,7248,328.202
o_proj,7264,328.778
o_proj,7280,329.171
o_proj,7296,329.194
o_proj,7312,329.194
o_proj,7328,329.055
o_proj,7344,329.151
o_proj,7360,329.194
o_proj,7376,329.428
o_proj,7392,329.396
o_proj,7408,329.044
o_proj,7424,330.815
o_proj,7440,385.929
o_proj,7456,385.524
o_proj,7472,385.727
o_proj,7488,385.983
o_proj,7504,385.385
o_proj,7520,386.122
o_proj,7536,386.708
o_proj,7552,386.698
o_proj,7568,386.943
o_proj,7584,387.146
o_proj,7600,386.506
o_proj,7616,387.177
o_proj,7632,387.7
o_proj,7648,386.697
o_proj,7664,386.921
o_proj,7680,387.018
o_proj,7696,387.53
o_proj,7712,387.135
o_proj,7728,387.625
o_proj,7744,387.486
o_proj,7760,387.039
o_proj,7776,386.921
o_proj,7792,387.294
o_proj,7808,387.604
o_proj,7824,388.542
o_proj,7840,388.031
o_proj,7856,387.391
o_proj,7872,388.095
o_proj,7888,387.113
o_proj,7904,388.714
o_proj,7920,388.351
o_proj,7936,387.54
o_proj,7952,387.966
o_proj,7968,387.753
o_proj,7984,388.767
o_proj,8000,388.596
o_proj,8016,388.906
o_proj,8032,388.511
o_proj,8048,388.404
o_proj,8064,388.297
o_proj,8080,389.161
o_proj,8096,388.873
o_proj,8112,388.745
o_proj,8128,388.522
o_proj,8144,388.585
o_proj,8160,389.492
o_proj,8176,389.545
o_proj,8192,388.277
o_proj,8208,389.023
o_proj,8224,388.959
o_proj,8240,388.447
o_proj,8256,388.169
o_proj,8272,388.703
o_proj,8288,388.852
o_proj,8304,389.449
o_proj,8320,387.156
o_proj,8336,389.172
o_proj,8352,389.94
o_proj,8368,388.34
o_proj,8384,388.895
o_proj,8400,389.364
o_proj,8416,389.428
o_proj,8432,389.226
o_proj,8448,390.057
o_proj,8464,389.29
o_proj,8480,389.322
o_proj,8496,389.002
o_proj,8512,389.129
o_proj,8528,389.3
o_proj,8544,389.865
o_proj,8560,389.556
o_proj,8576,389.364
o_proj,8592,390.409
o_proj,8608,389.524
o_proj,8624,389.321
o_proj,8640,390.218
o_proj,8656,389.908
o_proj,8672,389.588
o_proj,8688,389.759
o_proj,8704,391.476
o_proj,8720,390.847
o_proj,8736,391.551
o_proj,8752,392.106
o_proj,8768,391.028
o_proj,8784,391.519
o_proj,8800,391.487
o_proj,8816,392.265
o_proj,8832,391.764
o_proj,8848,393.641
o_proj,8864,392.65
o_proj,8880,394.1
o_proj,8896,393.044
o_proj,8912,393.513
o_proj,8928,392.884
o_proj,8944,393.407
o_proj,8960,393.716
o_proj,8976,452.596
o_proj,8992,453.599
o_proj,9008,452.596
o_proj,9024,453.023
o_proj,9040,452.265
o_proj,9056,452.916
o_proj,9072,453.289
o_proj,9088,454.079
o_proj,9104,452.426
o_proj,9120,454.356
o_proj,9136,454.601
o_proj,9152,453.46
o_proj,9168,454.047
o_proj,9184,454.09
o_proj,9200,455.614
o_proj,9216,452.82
o_proj,9232,454.346
o_proj,9248,453.802
o_proj,9264,454.612
o_proj,9280,453.77
o_proj,9296,454.228
o_proj,9312,454.985
o_proj,9328,455.732
o_proj,9344,455.028
o_proj,9360,454.378
o_proj,9376,455.038
o_proj,9392,454.772
o_proj,9408,454.943
o_proj,9424,455.668
o_proj,9440,454.153
o_proj,9456,454.356
o_proj,9472,454.452
o_proj,9488,453.844
o_proj,9504,455.562
o_proj,9520,455.156
o_proj,9536,453.78
o_proj,9552,455.263
o_proj,9568,455.081
o_proj,9584,455.476
o_proj,9600,456.041
o_proj,9616,455.263
o_proj,9632,454.943
o_proj,9648,454.527
o_proj,9664,456.106
o_proj,9680,454.761
o_proj,9696,454.58
o_proj,9712,455.434
o_proj,9728,454.942
o_proj,9744,454.676
o_proj,9760,455.817
o_proj,9776,455.626
o_proj,9792,455.252
o_proj,9808,454.442
o_proj,9824,456.127
o_proj,9840,455.86
o_proj,9856,455.989
o_proj,9872,456.009
o_proj,9888,455.732
o_proj,9904,455.092
o_proj,9920,455.743
o_proj,9936,455.305
o_proj,9952,456.319
o_proj,9968,455.796
o_proj,9984,456.159
o_proj,10000,455.498
o_proj,10016,454.847
o_proj,10032,455.007
o_proj,10048,455.134
o_proj,10064,456.244
o_proj,10080,456.212
o_proj,10096,456.052
o_proj,10112,456.201
o_proj,10128,456.329
o_proj,10144,456.34
o_proj,10160,456.159
o_proj,10176,454.079
o_proj,10192,456.586
o_proj,10208,456.436
o_proj,10224,457.514
o_proj,10240,457.151
o_proj,10256,457.45
o_proj,10272,456.938
o_proj,10288,456.361
o_proj,10304,457.727
o_proj,10320,458.324
o_proj,10336,457.951
o_proj,10352,457.834
o_proj,10368,458.025
o_proj,10384,459.092
o_proj,10400,458.409
o_proj,10416,459.465
o_proj,10432,459.401
o_proj,10448,458.452
o_proj,10464,457.226
o_proj,10480,459.412
o_proj,10496,458.943
o_proj,10512,514.452
o_proj,10528,514.399
o_proj,10544,514.27
o_proj,10560,514.153
o_proj,10576,514.335
o_proj,10592,515.625
o_proj,10608,514.932
o_proj,10624,514.676
o_proj,10640,515.54
o_proj,10656,515.582
o_proj,10672,516.201
o_proj,10688,516.351
o_proj,10704,516.606
o_proj,10720,514.527
o_proj,10736,516.233
o_proj,10752,516.372
o_proj,10768,516.329
o_proj,10784,516.905
o_proj,10800,517.172
o_proj,10816,517.108
o_proj,10832,515.903
o_proj,10848,515.881
o_proj,10864,517.78
o_proj,10880,517.599
o_proj,10896,518.238
o_proj,10912,518.142
o_proj,10928,517.609
o_proj,10944,517.802
o_proj,10960,518.345
o_proj,10976,516.852
o_proj,10992,517.673
o_proj,11008,518.452
o_proj,11024,517.93
o_proj,11040,517.674
o_proj,11056,518.655
o_proj,11072,518.196
o_proj,11088,517.791
o_proj,11104,518.569
o_proj,11120,518.804
o_proj,11136,519.295
o_proj,11152,518.591
o_proj,11168,518.9
o_proj,11184,519.028
o_proj,11200,519.402
o_proj,11216,518.911
o_proj,11232,518.954
o_proj,11248,518.676
o_proj,11264,519.796
o_proj,11280,517.012
o_proj,11296,518.473
o_proj,11312,519.123
o_proj,11328,518.858
o_proj,11344,519.284
o_proj,11360,518.825
o_proj,11376,519.54
o_proj,11392,519.497
o_proj,11408,519.284
o_proj,11424,519.412
o_proj,11440,518.026
o_proj,11456,519.146
o_proj,11472,516.938
o_proj,11488,519.7
o_proj,11504,519.625
o_proj,11520,519.795
o_proj,11536,518.975
o_proj,11552,519.807
o_proj,11568,520.542
o_proj,11584,520.778
o_proj,11600,519.934
o_proj,11616,519.785
o_proj,11632,518.996
o_proj,11648,519.828
o_proj,11664,519.38
o_proj,11680,521.279
o_proj,11696,520.745
o_proj,11712,520.777
o_proj,11728,520.703
o_proj,11744,520.202
o_proj,11760,521.332
o_proj,11776,520.916
o_proj,11792,522.57
o_proj,11808,522.25
o_proj,11824,522.1
o_proj,11840,520.831
o_proj,11856,522.122
o_proj,11872,521.034
o_proj,11888,521.94
o_proj,11904,521.566
o_proj,11920,523.423
o_proj,11936,523.999
o_proj,11952,524.233
o_proj,11968,524.415
o_proj,11984,522.633
o_proj,12000,524.533
o_proj,12016,524.49
o_proj,12032,524.82
o_proj,12048,580.447
o_proj,12064,581.642
o_proj,12080,580.799
o_proj,12096,581.044
o_proj,12112,582.58
o_proj,12128,580.542
o_proj,12144,581.396
o_proj,12160,580.735
o_proj,12176,583.219
o_proj,12192,582.879
o_proj,12208,583.113
o_proj,12224,582.868
o_proj,12240,582.538
o_proj,12256,582.143
o_proj,12272,582.271
o_proj,12288,583.423
o_proj,12304,584.212
o_proj,12320,583.721
o_proj,12336,583.796
o_proj,12352,583.433
o_proj,12368,584.596
o_proj,12384,582.175
o_proj,12400,583.658
o_proj,12416,584.681
o_proj,12432,582.836
o_proj,12448,582.921
o_proj,12464,583.38
o_proj,12480,583.561
o_proj,12496,584.916
o_proj,12512,584.34
o_proj,12528,585.695
o_proj,12544,583.86
o_proj,12560,583.594
o_proj,12576,584.18
o_proj,12592,584.084
o_proj,12608,584.265
o_proj,12624,584.244
o_proj,12640,571.348
o_proj,12656,585.248
o_proj,12672,584.618
o_proj,12688,583.946
o_proj,12704,584.105
o_proj,12720,584.564
o_proj,12736,584.51
o_proj,12752,585.194
o_proj,12768,583.572
o_proj,12784,584.297
o_proj,12800,585.278
o_proj,12816,585.342
o_proj,12832,585.044
o_proj,12848,585.076
o_proj,12864,585.695
o_proj,12880,583.583
o_proj,12896,584.639
o_proj,12912,584.586
o_proj,12928,585.407
o_proj,12944,585.407
o_proj,12960,585.77
o_proj,12976,587.188
o_proj,12992,585.855
o_proj,13008,586.122
o_proj,13024,580.5
o_proj,13040,573.461
o_proj,13056,573.449
o_proj,13072,587.039
o_proj,13088,586.9
o_proj,13104,587.722
o_proj,13120,586.537
o_proj,13136,586.975
o_proj,13152,587.658
o_proj,13168,577.791
o_proj,13184,586.9
o_proj,13200,587.828
o_proj,13216,587.807
o_proj,13232,578.602
o_proj,13248,586.676
o_proj,13264,588.767
o_proj,13280,588.767
o_proj,13296,575.604
o_proj,13312,589.065
o_proj,13328,578.793
o_proj,13344,566.431
o_proj,13360,589.055
o_proj,13376,589.151
o_proj,13392,576.756
o_proj,13408,588.884
o_proj,13424,589.598
o_proj,13440,589.962
o_proj,13456,642.057
o_proj,13472,629.257
o_proj,13488,641.972
o_proj,13504,642.964
o_proj,13520,618.527
o_proj,13536,641.983
o_proj,13552,642.367
o_proj,13568,642.836
o_proj,13584,634.953
o_proj,13600,621.791
o_proj,13616,643.743
o_proj,13632,645.129
o_proj,13648,645.876
o_proj,13664,645.94
o_proj,13680,645.833
o_proj,13696,646.612
o_proj,13712,646.751
o_proj,13728,633.022
o_proj,13744,647.092
o_proj,13760,623.955
o_proj,13776,646.111
o_proj,13792,646.761
o_proj,13808,624.009
o_proj,13824,635.039
o_proj,13840,644.415
o_proj,13856,648.66
o_proj,13872,649.076
o_proj,13888,628.158
o_proj,13904,648.66
o_proj,13920,647.924
o_proj,13936,625.215
o_proj,13952,635.167
o_proj,13968,647.498
o_proj,13984,649.886
o_proj,14000,649.843
o_proj,14016,648.863
o_proj,14032,648.937
o_proj,14048,625.663
o_proj,14064,636.692
o_proj,14080,638.463
o_proj,14096,635.817
o_proj,14112,649.492
o_proj,14128,650.228
o_proj,14144,649.481
o_proj,14160,650.911
o_proj,14176,650.686
o_proj,14192,651.028
o_proj,14208,651.508
o_proj,14224,636.639
o_proj,14240,638.932
o_proj,14256,637.599
o_proj,14272,641.236
o_proj,14288,638.602
o_proj,14304,650.452
o_proj,14320,647.188
o_proj,14336,627.935
o_proj,14352,652.788
o_proj,14368,650.26
o_proj,14384,617.173
o_proj,14400,651.604
o_proj,14416,617.161
o_proj,14432,638.346
o_proj,14448,639.38
o_proj,14464,637.972
o_proj,14480,641.076
o_proj,14496,638.826
o_proj,14512,627.295
o_proj,14528,632.702
o_proj,14544,653.076
o_proj,14560,652.49
o_proj,14576,639.562
o_proj,14592,628.425
o_proj,14608,644.18
o_proj,14624,628.874
o_proj,14640,618.676
o_proj,14656,640.137
o_proj,14672,628.447
o_proj,14688,653.449
o_proj,14704,640.298
o_proj,14720,629.994
o_proj,14736,618.826
o_proj,14752,640.148
o_proj,14768,627.199
o_proj,14784,620.34
o_proj,14800,640.404
o_proj,14816,628.874
o_proj,14832,632.98
o_proj,14848,630.741
o_proj,14864,637.919
o_proj,14880,656.255
o_proj,14896,642.015
o_proj,14912,629.866
o_proj,14928,620.319
o_proj,14944,640.916
o_proj,14960,628.98
o_proj,14976,620.362
o_proj,14992,693.289
o_proj,15008,680.884
o_proj,15024,708.745
o_proj,15040,678.399
o_proj,15056,697.716
o_proj,15072,693.834
o_proj,15088,680.959
o_proj,15104,671.338
o_proj,15120,699.039
o_proj,15136,698.538
o_proj,15152,685.087
o_proj,15168,675.604
o_proj,15184,698.623
o_proj,15200,687.124
o_proj,15216,689.044
o_proj,15232,685.887
o_proj,15248,688.542
o_proj,15264,675.263
o_proj,15280,693.759
o_proj,15296,704.82
o_proj,15312,693.695
o_proj,15328,688.159
o_proj,15344,690.953
o_proj,15360,691.274
o_proj,15376,702.549
o_proj,15392,705.332
o_proj,15408,706.09
o_proj,15424,703.423
o_proj,15440,696.756
o_proj,15456,692.703
o_proj,15472,690.122
o_proj,15488,683.38
o_proj,15504,678.228
o_proj,15520,682.282
o_proj,15536,696.916
o_proj,15552,705.012
o_proj,15568,707.22
o_proj,15584,696.084
o_proj,15600,707.071
o_proj,15616,708.094
o_proj,15632,706.335
o_proj,15648,684.116
o_proj,15664,697.364
o_proj,15680,697.844
o_proj,15696,696.735
o_proj,15712,691.765
o_proj,15728,692.02
o_proj,15744,697.994
o_proj,15760,697.983
o_proj,15776,697.396
o_proj,15792,697.983
o_proj,15808,698.314
o_proj,15824,696.266
o_proj,15840,697.343
o_proj,15856,698.709
o_proj,15872,697.428
o_proj,15888,695.978
o_proj,15904,692.266
o_proj,15920,697.364
o_proj,15936,698.207
o_proj,15952,695.018
o_proj,15968,699.103
o_proj,15984,698.313
o_proj,16000,699.582
o_proj,16016,699.679
o_proj,16032,697.865
o_proj,16048,687.156
o_proj,16064,687.583
o_proj,16080,709.386
o_proj,16096,681.055
o_proj,16112,693.417
o_proj,16128,699.381
o_proj,16144,696.66
o_proj,16160,708.522
o_proj,16176,679.209
o_proj,16192,678.879
o_proj,16208,692.18
o_proj,16224,695.487
o_proj,16240,696.138
o_proj,16256,696.607
o_proj,16272,680.276
o_proj,16288,681.951
o_proj,16304,697.012
o_proj,16320,699.668
o_proj,16336,687.028
o_proj,16352,679.764
o_proj,16368,685.919
o_proj,16384,696.778
qkv_proj,1,24.9813
qkv_proj,2,26.304
qkv_proj,3,26.048
qkv_proj,4,26.1013
qkv_proj,5,26.2827
qkv_proj,6,26.5067
qkv_proj,7,26.1543
qkv_proj,8,25.9943
qkv_proj,9,25.9837
qkv_proj,10,26.3787
qkv_proj,11,26.5273
qkv_proj,12,26.2613
qkv_proj,13,26.1333
qkv_proj,14,26.1973
qkv_proj,15,26.2933
qkv_proj,16,26.3253
qkv_proj,20,21.408
qkv_proj,24,21.4183
qkv_proj,28,21.3123
qkv_proj,32,21.952
qkv_proj,36,26.7307
qkv_proj,40,26.6237
qkv_proj,44,26.9333
qkv_proj,48,27.0187
qkv_proj,52,27.04
qkv_proj,56,26.9867
qkv_proj,60,26.9653
qkv_proj,64,27.3813
qkv_proj,80,33.077
qkv_proj,96,32.256
qkv_proj,112,48.2773
qkv_proj,128,50.368
qkv_proj,144,33.248
qkv_proj,160,33.247
qkv_proj,176,33.5463
qkv_proj,192,33.237
qkv_proj,208,35.7867
qkv_proj,224,35.8403
qkv_proj,240,36.1067
qkv_proj,256,35.8187
qkv_proj,272,36.7147
qkv_proj,288,36.5013
qkv_proj,304,37.1947
qkv_proj,320,36.597
qkv_proj,336,37.696
qkv_proj,352,37.5147
qkv_proj,368,37.429
qkv_proj,384,38.1227
qkv_proj,400,41.4823
qkv_proj,416,41.5787
qkv_proj,432,41.5573
qkv_proj,448,41.344
qkv_proj,464,64.8853
qkv_proj,480,65.1627
qkv_proj,496,65.024
qkv_proj,512,65.44
qkv_proj,528,66.9227
qkv_proj,544,67.0823
qkv_proj,560,67.445
qkv_proj,576,67.3387
qkv_proj,592,68.8527
qkv_proj,608,68.5437
qkv_proj,624,68.341
qkv_proj,640,68.8097
qkv_proj,656,67.3913
qkv_proj,672,67.6153
qkv_proj,688,67.6903
qkv_proj,704,73.984
qkv_proj,720,68.0957
qkv_proj,736,68.149
qkv_proj,752,68.416
qkv_proj,768,68.3517
qkv_proj,784,75.072
qkv_proj,800,75.1143
qkv_proj,816,75.2743
qkv_proj,832,75.2533
qkv_proj,848,76.01
qkv_proj,864,75.8183
qkv_proj,880,75.9037
qkv_proj,896,76.0957
qkv_proj,912,76.8953
qkv_proj,928,77.013
qkv_proj,944,76.928
qkv_proj,960,76.7677
qkv_proj,976,135.264
qkv_proj,992,135.103
qkv_proj,1008,134.869
qkv_proj,1024,135.594
qkv_proj,1040,135.659
qkv_proj,1056,136.202
qkv_proj,1072,135.914
qkv_proj,1088,136.469
qkv_proj,1104,137.034
qkv_proj,1120,137.322
qkv_proj,1136,137.567
qkv_proj,1152,137.205
qkv_proj,1168,137.162
qkv_proj,1184,137.173
qkv_proj,1200,138.197
qkv_proj,1216,138.474
qkv_proj,1232,137.844
qkv_proj,1248,138.304
qkv_proj,1264,138.335
qkv_proj,1280,138.709
qkv_proj,1296,146.858
qkv_proj,1312,147.509
qkv_proj,1328,139.69
qkv_proj,1344,139.434
qkv_proj,1360,146.644
qkv_proj,1376,145.546
qkv_proj,1392,141.952
qkv_proj,1408,140.276
qkv_proj,1424,146.89
qkv_proj,1440,147.711
qkv_proj,1456,146.89
qkv_proj,1472,139.903
qkv_proj,1488,147.435
qkv_proj,1504,148.255
qkv_proj,1520,142.655
qkv_proj,1536,140.916
qkv_proj,1552,140.874
qkv_proj,1568,142.656
qkv_proj,1584,143.488
qkv_proj,1600,142.133
qkv_proj,1616,144.341
qkv_proj,1632,143.157
qkv_proj,1648,144.17
qkv_proj,1664,144.874
qkv_proj,1680,144.223
qkv_proj,1696,144.267
qkv_proj,1712,147.21
qkv_proj,1728,146.474
qkv_proj,1744,144.608
qkv_proj,1760,145.418
qkv_proj,1776,146.783
qkv_proj,1792,149.941
qkv_proj,1808,149.706
qkv_proj,1824,150.324
qkv_proj,1840,149.195
qkv_proj,1856,149.354
qkv_proj,1872,150.1
qkv_proj,1888,152.032
qkv_proj,1904,152.319
qkv_proj,1920,152.757
qkv_proj,1936,153.3
qkv_proj,1952,153.631
qkv_proj,1968,153.365
qkv_proj,1984,153.824
qkv_proj,2000,204.831
qkv_proj,2016,203.658
qkv_proj,2032,204.885
qkv_proj,2048,203.764
qkv_proj,2064,203.252
qkv_proj,2080,203.124
qkv_proj,2096,203.327
qkv_proj,2112,203.039
qkv_proj,2128,211.381
qkv_proj,2144,211.797
qkv_proj,2160,212.34
qkv_proj,2176,212.842
qkv_proj,2192,212.607
qkv_proj,2208,213.343
qkv_proj,2224,213.098
qkv_proj,2240,247.434
qkv_proj,2256,247.22
qkv_proj,2272,249.748
qkv_proj,2288,249.397
qkv_proj,2304,249.749
qkv_proj,2320,249.13
qkv_proj,2336,246.858
qkv_proj,2352,249.226
qkv_proj,2368,248.832
qkv_proj,2384,246.73
qkv_proj,2400,246.261
qkv_proj,2416,246.282
qkv_proj,2432,246.655
qkv_proj,2448,246.816
qkv_proj,2464,247.007
qkv_proj,2480,245.108
qkv_proj,2496,248.799
qkv_proj,2512,247.657
qkv_proj,2528,248.511
qkv_proj,2544,246.655
qkv_proj,2560,249.13
qkv_proj,2576,246.122
qkv_proj,2592,244.937
qkv_proj,2608,245.236
qkv_proj,2624,245.908
qkv_proj,2640,245.492
qkv_proj,2656,247.561
qkv_proj,2672,246.623
qkv_proj,2688,246.964
qkv_proj,2704,247.359
qkv_proj,2720,249.269
qkv_proj,2736,247.028
qkv_proj,2752,247.327
qkv_proj,2768,247.007
qkv_proj,2784,247.135
qkv_proj,2800,247.53
qkv_proj,2816,247.54
qkv_proj,2832,246.815
qkv_proj,2848,247.497
qkv_proj,2864,247.402
qkv_proj,2880,247.135
qkv_proj,2896,247.252
qkv_proj,2912,246.804
qkv_proj,2928,246.826
qkv_proj,2944,247.818
qkv_proj,2960,247.594
qkv_proj,2976,247.935
qkv_proj,2992,247.711
qkv_proj,3008,247.391
qkv_proj,3024,246.474
qkv_proj,3040,247.412
qkv_proj,3056,248.063
qkv_proj,3072,248.042
qkv_proj,3088,248.031
qkv_proj,3104,247.871
qkv_proj,3120,247.701
qkv_proj,3136,248.383
qkv_proj,3152,247.935
qkv_proj,3168,247.658
qkv_proj,3184,247.967
qkv_proj,3200,248.137
qkv_proj,3216,248.308
qkv_proj,3232,248.415
qkv_proj,3248,247.872
qkv_proj,3264,247.882
qkv_proj,3280,248.383
qkv_proj,3296,248.02
qkv_proj,3312,248.628
qkv_proj,3328,248.607
qkv_proj,3344,248.021
qkv_proj,3360,248.97
qkv_proj,3376,248.468
qkv_proj,3392,248.255
qkv_proj,3408,248.543
qkv_proj,3424,249.269
qkv_proj,3440,248.788
qkv_proj,3456,249.556
qkv_proj,3472,249.397
qkv_proj,3488,249.951
qkv_proj,3504,249.365
qkv_proj,3520,249.77
qkv_proj,3536,249.557
qkv_proj,3552,249.833
qkv_proj,3568,249.834
qkv_proj,3584,249.738
qkv_proj,3600,250.41
qkv_proj,3616,250.175
qkv_proj,3632,250.868
qkv_proj,3648,250.591
qkv_proj,3664,251.22
qkv_proj,3680,250.591
qkv_proj,3696,250.942
qkv_proj,3712,251.05
qkv_proj,3728,252.052
qkv_proj,3744,252.02
qkv_proj,3760,252.042
qkv_proj,3776,252.533
qkv_proj,3792,252.031
qkv_proj,3808,251.689
qkv_proj,3824,252.095
qkv_proj,3840,252.692
qkv_proj,3856,253.204
qkv_proj,3872,253.716
qkv_proj,3888,253.748
qkv_proj,3904,253.546
qkv_proj,3920,253.685
qkv_proj,3936,253.396
qkv_proj,3952,254.036
qkv_proj,3968,253.994
qkv_proj,3984,370.239
qkv_proj,4000,369.844
qkv_proj,4016,370.238
qkv_proj,4032,370.825
qkv_proj,4048,370.346
qkv_proj,4064,370.58
qkv_proj,4080,371.273
qkv_proj,4096,370.847
qkv_proj,4112,369.94
qkv_proj,4128,370.697
qkv_proj,4144,370.494
qkv_proj,4160,371.882
qkv_proj,4176,371.199
qkv_proj,4192,371.124
qkv_proj,4208,371.54
qkv_proj,4224,371.337
qkv_proj,4240,370.516
qkv_proj,4256,370.771
qkv_proj,4272,370.846
qkv_proj,4288,371.273
qkv_proj,4304,371.626
qkv_proj,4320,372.158
qkv_proj,4336,371.967
qkv_proj,4352,372.724
qkv_proj,4368,373.29
qkv_proj,4384,373.311
qkv_proj,4400,373.514
qkv_proj,4416,373.61
qkv_proj,4432,373.588
qkv_proj,4448,373.609
qkv_proj,4464,373.94
qkv_proj,4480,375.486
qkv_proj,4496,373.545
qkv_proj,4512,374.11
qkv_proj,4528,372.809
qkv_proj,4544,372.756
qkv_proj,4560,372.682
qkv_proj,4576,373.364
qkv_proj,4592,373.183
qkv_proj,4608,374.164
qkv_proj,4624,373.055
qkv_proj,4640,373.151
qkv_proj,4656,372.66
qkv_proj,4672,372.319
qkv_proj,4688,372.916
qkv_proj,4704,372.266
qkv_proj,4720,373.694
qkv_proj,4736,373.151
qkv_proj,4752,373.556
qkv_proj,4768,374.164
qkv_proj,4784,374.302
qkv_proj,4800,373.374
qkv_proj,4816,374.345
qkv_proj,4832,373.705
qkv_proj,4848,374.259
qkv_proj,4864,374.218
qkv_proj,4880,373.364
qkv_proj,4896,373.918
qkv_proj,4912,373.737
qkv_proj,4928,373.855
qkv_proj,4944,374.175
qkv_proj,4960,373.662
qkv_proj,4976,373.823
qkv_proj,4992,373.791
qkv_proj,5008,373.609
qkv_proj,5024,374.1
qkv_proj,5040,374.1
qkv_proj,5056,374.686
qkv_proj,5072,374.633
qkv_proj,5088,373.609
qkv_proj,5104,374.324
qkv_proj,5120,374.196
qkv_proj,5136,373.844
qkv_proj,5152,374.058
qkv_proj,5168,375.092
qkv_proj,5184,374.879
qkv_proj,5200,373.183
qkv_proj,5216,374.548
qkv_proj,5232,374.207
qkv_proj,5248,374.143
qkv_proj,5264,373.449
qkv_proj,5280,374.271
qkv_proj,5296,375.071
qkv_proj,5312,374.164
qkv_proj,5328,375.209
qkv_proj,5344,374.76
qkv_proj,5360,374.388
qkv_proj,5376,374.666
qkv_proj,5392,375.7
qkv_proj,5408,375.7
qkv_proj,5424,374.986
qkv_proj,5440,374.569
qkv_proj,5456,375.594
qkv_proj,5472,375.306
qkv_proj,5488,375.454
qkv_proj,5504,375.316
qkv_proj,5520,375.348
qkv_proj,5536,375.423
qkv_proj,5552,375.156
qkv_proj,5568,376.19
qkv_proj,5584,375.433
qkv_proj,5600,376.233
qkv_proj,5616,376.148
qkv_proj,5632,376.148
qkv_proj,5648,376.286
qkv_proj,5664,377.204
qkv_proj,5680,376.361
qkv_proj,5696,376.478
qkv_proj,5712,377.683
qkv_proj,5728,375.871
qkv_proj,5744,376.223
qkv_proj,5760,376.138
qkv_proj,5776,376.34
qkv_proj,5792,377.844
qkv_proj,5808,376.99
qkv_proj,5824,378.11
qkv_proj,5840,377.972
qkv_proj,5856,377.877
qkv_proj,5872,378.91
qkv_proj,5888,378.836
qkv_proj,5904,379.998
qkv_proj,5920,379.167
qkv_proj,5936,379.636
qkv_proj,5952,379.945
qkv_proj,5968,381.055
qkv_proj,5984,380.191
qkv_proj,6000,379.924
qkv_proj,6016,380.287
qkv_proj,6032,496.254
qkv_proj,6048,495.785
qkv_proj,6064,496.574
qkv_proj,6080,497.033
qkv_proj,6096,496.734
qkv_proj,6112,497.012
qkv_proj,6128,496.627
qkv_proj,6144,496.745
qkv_proj,6160,495.636
qkv_proj,6176,496.895
qkv_proj,6192,497.15
qkv_proj,6208,495.582
qkv_proj,6224,495.72
qkv_proj,6240,495.774
qkv_proj,6256,496.244
qkv_proj,6272,496.777
qkv_proj,6288,495.913
qkv_proj,6304,496.478
qkv_proj,6320,497.524
qkv_proj,6336,496.223
qkv_proj,6352,495.593
qkv_proj,6368,496.446
qkv_proj,6384,495.55
qkv_proj,6400,496.82
qkv_proj,6416,497.812
qkv_proj,6432,495.998
qkv_proj,6448,496.063
qkv_proj,6464,497.225
qkv_proj,6480,495.124
qkv_proj,6496,497.257
qkv_proj,6512,495.369
qkv_proj,6528,496.713
qkv_proj,6544,497.086
qkv_proj,6560,497.011
qkv_proj,6576,496.905
qkv_proj,6592,496.596
qkv_proj,6608,496.84
qkv_proj,6624,496.265
qkv_proj,6640,496.5
qkv_proj,6656,497.331
qkv_proj,6672,495.123
qkv_proj,6688,496.307
qkv_proj,6704,496.703
qkv_proj,6720,497.182
qkv_proj,6736,496.724
qkv_proj,6752,497.247
qkv_proj,6768,496.287
qkv_proj,6784,497.983
qkv_proj,6800,495.498
qkv_proj,6816,497.428
qkv_proj,6832,497.577
qkv_proj,6848,497.555
qkv_proj,6864,497.523
qkv_proj,6880,497.396
qkv_proj,6896,497.79
qkv_proj,6912,498.015
qkv_proj,6928,496.275
qkv_proj,6944,497.811
qkv_proj,6960,496.595
qkv_proj,6976,498.537
qkv_proj,6992,496.958
qkv_proj,7008,496.479
qkv_proj,7024,495.092
qkv_proj,7040,497.267
qkv_proj,7056,497.076
qkv_proj,7072,496.382
qkv_proj,7088,497.139
qkv_proj,7104,497.075
qkv_proj,7120,496.201
qkv_proj,7136,496.713
qkv_proj,7152,497.15
qkv_proj,7168,497.118
qkv_proj,7184,496.115
qkv_proj,7200,496.458
qkv_proj,7216,497.226
qkv_proj,7232,497.556
qkv_proj,7248,497.983
qkv_proj,7264,496.915
qkv_proj,7280,495.774
qkv_proj,7296,497.939
qkv_proj,7312,495.86
qkv_proj,7328,496.244
qkv_proj,7344,496.531
qkv_proj,7360,497.118
qkv_proj,7376,497.886
qkv_proj,7392,497.14
qkv_proj,7408,497.289
qkv_proj,7424,498.612
qkv_proj,7440,498.195
qkv_proj,7456,496.766
qkv_proj,7472,498.91
qkv_proj,7488,499.625
qkv_proj,7504,498.644
qkv_proj,7520,497.214
qkv_proj,7536,498.59
qkv_proj,7552,499.785
qkv_proj,7568,499.529
qkv_proj,7584,498.42
qkv_proj,7600,497.534
qkv_proj,7616,498.366
qkv_proj,7632,499.22
qkv_proj,7648,498.793
qkv_proj,7664,498.59
qkv_proj,7680,499.028
qkv_proj,7696,499.999
qkv_proj,7712,495.806
qkv_proj,7728,498.601
qkv_proj,7744,496.126
qkv_proj,7760,497.055
qkv_proj,7776,496.67
qkv_proj,7792,498.367
qkv_proj,7808,499.656
qkv_proj,7824,499.017
qkv_proj,7840,501.118
qkv_proj,7856,499.124
qkv_proj,7872,501.076
qkv_proj,7888,498.782
qkv_proj,7904,499.177
qkv_proj,7920,500.958
qkv_proj,7936,501.951
qkv_proj,7952,615.401
qkv_proj,7968,613.022
qkv_proj,7984,614.868
qkv_proj,8000,613.726
qkv_proj,8016,615.955
qkv_proj,8032,614.804
qkv_proj,8048,614.526
qkv_proj,8064,613.736
qkv_proj,8080,615.806
qkv_proj,8096,616.308
qkv_proj,8112,615.944
qkv_proj,8128,614.142
qkv_proj,8144,616.051
qkv_proj,8160,618.323
qkv_proj,8176,617.31
qkv_proj,8192,616.692
qkv_proj,8208,614.676
qkv_proj,8224,617.342
qkv_proj,8240,617.438
qkv_proj,8256,614.717
qkv_proj,8272,617.203
qkv_proj,8288,618.6
qkv_proj,8304,617.662
qkv_proj,8320,618.238
qkv_proj,8336,618.334
qkv_proj,8352,620.926
qkv_proj,8368,619.166
qkv_proj,8384,619.145
qkv_proj,8400,618.323
qkv_proj,8416,618.014
qkv_proj,8432,619.284
qkv_proj,8448,618.857
qkv_proj,8464,614.569
qkv_proj,8480,615.604
qkv_proj,8496,615.977
qkv_proj,8512,617.107
qkv_proj,8528,616.478
qkv_proj,8544,618.067
qkv_proj,8560,618.099
qkv_proj,8576,617.641
qkv_proj,8592,616.798
qkv_proj,8608,618.814
qkv_proj,8624,616.873
qkv_proj,8640,617.928
qkv_proj,8656,619.795
qkv_proj,8672,619.849
qkv_proj,8688,618.003
qkv_proj,8704,619.571
qkv_proj,8720,614.963
qkv_proj,8736,614.015
qkv_proj,8752,616.233
qkv_proj,8768,614.079
qkv_proj,8784,614.484
qkv_proj,8800,615.678
qkv_proj,8816,615.401
qkv_proj,8832,616.34
qkv_proj,8848,618.174
qkv_proj,8864,616.371
qkv_proj,8880,618.035
qkv_proj,8896,618.75
qkv_proj,8912,618.388
qkv_proj,8928,616.148
qkv_proj,8944,615.774
qkv_proj,8960,617.31
qkv_proj,8976,616.446
qkv_proj,8992,617.363
qkv_proj,9008,617.513
qkv_proj,9024,618.27
qkv_proj,9040,617.556
qkv_proj,9056,617.854
qkv_proj,9072,619.411
qkv_proj,9088,616.499
qkv_proj,9104,619.305
qkv_proj,9120,619.806
qkv_proj,9136,619.774
qkv_proj,9152,619.252
qkv_proj,9168,620.073
qkv_proj,9184,617.875
qkv_proj,9200,618.27
qkv_proj,9216,619.956
qkv_proj,9232,618.526
qkv_proj,9248,617.043
qkv_proj,9264,620.712
qkv_proj,9280,617.736
qkv_proj,9296,620.584
qkv_proj,9312,618.803
qkv_proj,9328,619.87
qkv_proj,9344,620.329
qkv_proj,9360,620.03
qkv_proj,9376,619.177
qkv_proj,9392,621.779
qkv_proj,9408,621.63
qkv_proj,9424,621.492
qkv_proj,9440,621.683
qkv_proj,9456,621.097
qkv_proj,9472,620.937
qkv_proj,9488,619.476
qkv_proj,9504,620.713
qkv_proj,9520,622.078
qkv_proj,9536,621.364
qkv_proj,9552,622.046
qkv_proj,9568,621.278
qkv_proj,9584,623.124
qkv_proj,9600,622.548
qkv_proj,9616,625.427
qkv_proj,9632,623.433
qkv_proj,9648,623.572
qkv_proj,9664,623.369
qkv_proj,9680,623.476
qkv_proj,9696,623.39
qkv_proj,9712,624.372
qkv_proj,9728,622.771
qkv_proj,9744,624.361
qkv_proj,9760,624.724
qkv_proj,9776,625.129
qkv_proj,9792,625.374
qkv_proj,9808,626.399
qkv_proj,9824,626.686
qkv_proj,9840,625.449
qkv_proj,9856,624.863
qkv_proj,9872,624.766
qkv_proj,9888,624.532
qkv_proj,9904,626.217
qkv_proj,9920,627.017
qkv_proj,9936,627.23
qkv_proj,9952,626.963
qkv_proj,9968,626.911
qkv_proj,9984,628.116
qkv_proj,10000,741.428
qkv_proj,10016,740.745
qkv_proj,10032,741.118
qkv_proj,10048,742.163
qkv_proj,10064,743.07
qkv_proj,10080,743.379
qkv_proj,10096,742.857
qkv_proj,10112,743.859
qkv_proj,10128,743.198
qkv_proj,10144,744.777
qkv_proj,10160,744.307
qkv_proj,10176,743.806
qkv_proj,10192,742.238
qkv_proj,10208,744.83
qkv_proj,10224,744.756
qkv_proj,10240,744.521
qkv_proj,10256,743.731
qkv_proj,10272,743.059
qkv_proj,10288,744.137
qkv_proj,10304,745.896
qkv_proj,10320,745.246
qkv_proj,10336,746.078
qkv_proj,10352,745.182
qkv_proj,10368,746.376
qkv_proj,10384,745.587
qkv_proj,10400,745.491
qkv_proj,10416,746.398
qkv_proj,10432,745.79
qkv_proj,10448,745.758
qkv_proj,10464,745.332
qkv_proj,10480,747.209
qkv_proj,10496,746.739
qkv_proj,10512,745.545
qkv_proj,10528,745.716
qkv_proj,10544,747.369
qkv_proj,10560,748.68
qkv_proj,10576,746.547
qkv_proj,10592,746.579
qkv_proj,10608,747.347
qkv_proj,10624,746.569
qkv_proj,10640,744.937
qkv_proj,10656,746.601
qkv_proj,10672,748.372
qkv_proj,10688,746.633
qkv_proj,10704,748.777
qkv_proj,10720,746.548
qkv_proj,10736,747.358
qkv_proj,10752,748.691
qkv_proj,10768,748.52
qkv_proj,10784,746.676
qkv_proj,10800,747.208
qkv_proj,10816,747.475
qkv_proj,10832,747.667
qkv_proj,10848,747.273
qkv_proj,10864,748.894
qkv_proj,10880,747.646
qkv_proj,10896,748.5
qkv_proj,10912,748.659
qkv_proj,10928,748.776
qkv_proj,10944,749.651
qkv_proj,10960,747.977
qkv_proj,10976,747.124
qkv_proj,10992,747.859
qkv_proj,11008,747.689
qkv_proj,11024,746.708
qkv_proj,11040,748.926
qkv_proj,11056,746.644
qkv_proj,11072,749.161
qkv_proj,11088,748.073
qkv_proj,11104,748.894
qkv_proj,11120,749.385
qkv_proj,11136,748.777
qkv_proj,11152,748.297
qkv_proj,11168,748.671
qkv_proj,11184,747.571
qkv_proj,11200,749.246
qkv_proj,11216,748.659
qkv_proj,11232,748.884
qkv_proj,11248,747.795
qkv_proj,11264,749.236
qkv_proj,11280,748.361
qkv_proj,11296,748.094
qkv_proj,11312,748.542
qkv_proj,11328,747.785
qkv_proj,11344,749.012
qkv_proj,11360,749.107
qkv_proj,11376,748.895
qkv_proj,11392,748.83
qkv_proj,11408,748.531
qkv_proj,11424,750.132
qkv_proj,11440,749.375
qkv_proj,11456,748.467
qkv_proj,11472,748.617
qkv_proj,11488,749.875
qkv_proj,11504,747.742
qkv_proj,11520,750.601
qkv_proj,11536,749.076
qkv_proj,11552,750.974
qkv_proj,11568,751.177
qkv_proj,11584,750.772
qkv_proj,11600,750.355
qkv_proj,11616,750.804
qkv_proj,11632,750.622
qkv_proj,11648,749.737
qkv_proj,11664,751.038
qkv_proj,11680,750.067
qkv_proj,11696,751.657
qkv_proj,11712,751.166
qkv_proj,11728,752.126
qkv_proj,11744,752.382
qkv_proj,11760,752.276
qkv_proj,11776,751.38
qkv_proj,11792,752.649
qkv_proj,11808,752.286
qkv_proj,11824,751.699
qkv_proj,11840,752.617
qkv_proj,11856,753.587
qkv_proj,11872,753.331
qkv_proj,11888,753.172
qkv_proj,11904,752.052
qkv_proj,11920,753.482
qkv_proj,11936,755.091
qkv_proj,11952,753.492
qkv_proj,11968,753.492
qkv_proj,11984,752.468
qkv_proj,12000,755.38
qkv_proj,12016,755.294
qkv_proj,12032,754.078
qkv_proj,12048,868.35
qkv_proj,12064,867.156
qkv_proj,12080,865.268
qkv_proj,12096,867.699
qkv_proj,12112,868.233
qkv_proj,12128,867.625
qkv_proj,12144,864.542
qkv_proj,12160,867.358
qkv_proj,12176,867.145
qkv_proj,12192,867.603
qkv_proj,12208,868.094
qkv_proj,12224,866.665
qkv_proj,12240,866.739
qkv_proj,12256,868.447
qkv_proj,12272,867.123
qkv_proj,12288,867.881
qkv_proj,12304,869.566
qkv_proj,12320,868.211
qkv_proj,12336,867.177
qkv_proj,12352,868.767
qkv_proj,12368,867.977
qkv_proj,12384,867.625
qkv_proj,12400,867.262
qkv_proj,12416,866.665
qkv_proj,12432,868.372
qkv_proj,12448,865.886
qkv_proj,12464,869.919
qkv_proj,12480,867.923
qkv_proj,12496,867.411
qkv_proj,12512,869.758
qkv_proj,12528,867.326
qkv_proj,12544,867.646
qkv_proj,12560,866.387
qkv_proj,12576,867.476
qkv_proj,12592,868.083
qkv_proj,12608,869.139
qkv_proj,12624,867.646
qkv_proj,12640,866.025
qkv_proj,12656,867.262
qkv_proj,12672,868.874
qkv_proj,12688,869.737
qkv_proj,12704,868.926
qkv_proj,12720,867.561
qkv_proj,12736,868.67
qkv_proj,12752,865.673
qkv_proj,12768,870.089
qkv_proj,12784,869.46
qkv_proj,12800,869.342
qkv_proj,12816,866.835
qkv_proj,12832,866.558
qkv_proj,12848,868.447
qkv_proj,12864,867.07
qkv_proj,12880,869.822
qkv_proj,12896,869.897
qkv_proj,12912,870.324
qkv_proj,12928,867.198
qkv_proj,12944,869.289
qkv_proj,12960,867.358
qkv_proj,12976,867.828
qkv_proj,12992,868.19
qkv_proj,13008,869.908
qkv_proj,13024,869.203
qkv_proj,13040,869.129
qkv_proj,13056,870.387
qkv_proj,13072,871.806
qkv_proj,13088,869.908
qkv_proj,13104,871.113
qkv_proj,13120,870.516
qkv_proj,13136,869.961
qkv_proj,13152,869.673
qkv_proj,13168,870.696
qkv_proj,13184,870.547
qkv_proj,13200,869.577
qkv_proj,13216,871.027
qkv_proj,13232,854.942
qkv_proj,13248,869.545
qkv_proj,13264,870.9
qkv_proj,13280,870.345
qkv_proj,13296,869.769
qkv_proj,13312,868.254
qkv_proj,13328,857.086
qkv_proj,13344,857.982
qkv_proj,13360,870.91
qkv_proj,13376,872.66
qkv_proj,13392,872.489
qkv_proj,13408,871.198
qkv_proj,13424,871.433
qkv_proj,13440,872.713
qkv_proj,13456,873.651
qkv_proj,13472,871.849
qkv_proj,13488,872.83
qkv_proj,13504,873.246
qkv_proj,13520,862.047
qkv_proj,13536,873.118
qkv_proj,13552,875.625
qkv_proj,13568,874.803
qkv_proj,13584,860.809
qkv_proj,13600,860.393
qkv_proj,13616,874.111
qkv_proj,13632,877.427
qkv_proj,13648,874.984
qkv_proj,13664,875.241
qkv_proj,13680,873.651
qkv_proj,13696,876.979
qkv_proj,13712,876.585
qkv_proj,13728,876.958
qkv_proj,13744,876.03
qkv_proj,13760,860.777
qkv_proj,13776,874.932
qkv_proj,13792,875.391
qkv_proj,13808,862.302
qkv_proj,13824,878.131
qkv_proj,13840,878.911
qkv_proj,13856,879.113
qkv_proj,13872,878.111
qkv_proj,13888,864.084
qkv_proj,13904,878.025
qkv_proj,13920,877.833
qkv_proj,13936,865.299
qkv_proj,13952,878.015
qkv_proj,13968,987.423
qkv_proj,13984,988.616
qkv_proj,14000,988.136
qkv_proj,14016,990.089
qkv_proj,14032,988.863
qkv_proj,14048,972.211
qkv_proj,14064,990.899
qkv_proj,14080,969.598
qkv_proj,14096,991.273
qkv_proj,14112,991.145
qkv_proj,14128,990.547
qkv_proj,14144,989.193
qkv_proj,14160,990.217
qkv_proj,14176,991.432
qkv_proj,14192,992.478
qkv_proj,14208,993.204
qkv_proj,14224,990.654
qkv_proj,14240,972.745
qkv_proj,14256,993.481
qkv_proj,14272,976.926
qkv_proj,14288,991.945
qkv_proj,14304,990.153
qkv_proj,14320,990.312
qkv_proj,14336,975.849
qkv_proj,14352,992.926
qkv_proj,14368,990.835
qkv_proj,14384,959.21
qkv_proj,14400,991.006
qkv_proj,14416,959.454
qkv_proj,14432,991.987
qkv_proj,14448,971.956
qkv_proj,14464,993.14
qkv_proj,14480,973.193
qkv_proj,14496,993.374
qkv_proj,14512,975.38
qkv_proj,14528,958.259
qkv_proj,14544,992.958
qkv_proj,14560,993.502
qkv_proj,14576,977.94
qkv_proj,14592,973.534
qkv_proj,14608,973.651
qkv_proj,14624,974.079
qkv_proj,14640,961.086
qkv_proj,14656,991.87
qkv_proj,14672,975.924
qkv_proj,14688,992.499
qkv_proj,14704,979.635
qkv_proj,14720,978.079
qkv_proj,14736,960.211
qkv_proj,14752,993.513
qkv_proj,14768,975.529
qkv_proj,14784,960.393
qkv_proj,14800,995.444
qkv_proj,14816,973.993
qkv_proj,14832,959.583
qkv_proj,14848,978.303
qkv_proj,14864,978.783
qkv_proj,14880,990.238
qkv_proj,14896,995.433
qkv_proj,14912,977.459
qkv_proj,14928,960.617
qkv_proj,14944,995.134
qkv_proj,14960,975.358
qkv_proj,14976,961.417
qkv_proj,14992,994.675
qkv_proj,15008,977.716
qkv_proj,15024,995.017
qkv_proj,15040,962.42
qkv_proj,15056,978.836
qkv_proj,15072,995.86
qkv_proj,15088,974.569
qkv_proj,15104,961.62
qkv_proj,15120,976.948
qkv_proj,15136,996.457
qkv_proj,15152,969.971
qkv_proj,15168,960.404
qkv_proj,15184,975.359
qkv_proj,15200,978.196
qkv_proj,15216,959.07
qkv_proj,15232,974.591
qkv_proj,15248,976.062
qkv_proj,15264,957.438
qkv_proj,15280,962.942
qkv_proj,15296,982.015
qkv_proj,15312,960.735
qkv_proj,15328,977.012
qkv_proj,15344,979.465
qkv_proj,15360,958.911
qkv_proj,15376,993.332
qkv_proj,15392,978.388
qkv_proj,15408,976.606
qkv_proj,15424,996.766
qkv_proj,15440,961.599
qkv_proj,15456,960.542
qkv_proj,15472,979.444
qkv_proj,15488,943.679
qkv_proj,15504,959.379
qkv_proj,15520,958.91
qkv_proj,15536,963.87
qkv_proj,15552,1000.41
qkv_proj,15568,977.822
qkv_proj,15584,964.627
qkv_proj,15600,979.028
qkv_proj,15616,976.479
qkv_proj,15632,979.785
qkv_proj,15648,947.934
qkv_proj,15664,961.406
qkv_proj,15680,962.687
qkv_proj,15696,963.518
qkv_proj,15712,982.185
qkv_proj,15728,982.953
qkv_proj,15744,963.561
qkv_proj,15760,964.531
qkv_proj,15776,964.138
qkv_proj,15792,965.854
qkv_proj,15808,965.172
qkv_proj,15824,962.878
qkv_proj,15840,964.394
qkv_proj,15856,964.745
qkv_proj,15872,964.713
qkv_proj,15888,964.436
qkv_proj,15904,983.999
qkv_proj,15920,969.46
qkv_proj,15936,966.356
qkv_proj,15952,965.289
qkv_proj,15968,967.241
qkv_proj,15984,969.481
qkv_proj,16000,966.803
qkv_proj,16016,1075.22
qkv_proj,16032,1076.49
qkv_proj,16048,1058.49
qkv_proj,16064,1060.61
qkv_proj,16080,1093.95
qkv_proj,16096,1076.47
qkv_proj,16112,1095.55
qkv_proj,16128,1079.2
qkv_proj,16144,1080.63
qkv_proj,16160,1094.35
qkv_proj,16176,1075.19
qkv_proj,16192,1073.91
qkv_proj,16208,1099.52
qkv_proj,16224,1073.89
qkv_proj,16240,1073.99
qkv_proj,16256,1081.01
qkv_proj,16272,1077.79
qkv_proj,16288,1058.42
qkv_proj,16304,1078.81
qkv_proj,16320,1078.61
qkv_proj,16336,1062.75
qkv_proj,16352,1074.52
qkv_proj,16368,1055.82
qkv_proj,16384,1075.31
rotary_emb,1,24.587
rotary_emb,2,27.0077
rotary_emb,3,28.106
rotary_emb,4,29.4817
rotary_emb,5,30.187
rotary_emb,6,30.7737
rotary_emb,7,31.455
rotary_emb,8,31.913
rotary_emb,9,32.5437
rotary_emb,10,33.1303
rotary_emb,11,33.4817
rotary_emb,12,34.325
rotary_emb,13,35.337
rotary_emb,14,35.467
rotary_emb,15,36.266
rotary_emb,16,36.629
rotary_emb,20,27.6153
rotary_emb,24,27.6057
rotary_emb,28,27.862
rotary_emb,32,27.7873
rotary_emb,36,28.1167
rotary_emb,40,27.7047
rotary_emb,44,27.9467
rotary_emb,48,28.0317
rotary_emb,52,27.818
rotary_emb,56,28.1167
rotary_emb,60,27.8603
rotary_emb,64,28.011
rotary_emb,80,28.2777
rotary_emb,96,28.7157
rotary_emb,112,28.779
rotary_emb,128,28.9907
rotary_emb,144,29.3863
rotary_emb,160,29.3563
rotary_emb,176,29.4503
rotary_emb,192,29.6637
rotary_emb,208,29.8767
rotary_emb,224,30.016
rotary_emb,240,30.219
rotary_emb,256,30.752
rotary_emb,272,31.159
rotary_emb,288,31.2637
rotary_emb,304,31.5523
rotary_emb,320,31.8403
rotary_emb,336,32.7253
rotary_emb,352,32.469
rotary_emb,368,32.65
rotary_emb,384,33.1617
rotary_emb,400,33.878
rotary_emb,416,33.7603
rotary_emb,432,34.347
rotary_emb,448,34.388
rotary_emb,464,34.8477
rotary_emb,480,35.253
rotary_emb,496,35.2103
rotary_emb,512,35.6903
rotary_emb,528,36.2367
rotary_emb,544,36.2677
rotary_emb,560,36.7157
rotary_emb,576,37.6427
rotary_emb,592,38.133
rotary_emb,608,38.186
rotary_emb,624,38.516
rotary_emb,640,38.4733
rotary_emb,656,39.2527
rotary_emb,672,39.285
rotary_emb,688,39.9563
rotary_emb,704,40.342
rotary_emb,720,40.428
rotary_emb,736,40.907
rotary_emb,752,41.1733
rotary_emb,768,42.0173
rotary_emb,784,42.4103
rotary_emb,800,42.571
rotary_emb,816,43.2953
rotary_emb,832,43.211
rotary_emb,848,43.7553
rotary_emb,864,44.1167
rotary_emb,880,44.362
rotary_emb,896,44.4377
rotary_emb,912,44.971
rotary_emb,928,45.5887
rotary_emb,944,45.7397
rotary_emb,960,46.3247
rotary_emb,976,46.1647
rotary_emb,992,46.7947
rotary_emb,1008,47.104
rotary_emb,1024,47.062
rotary_emb,1040,47.317
rotary_emb,1056,47.9473
rotary_emb,1072,47.9463
rotary_emb,1088,48.4697
rotary_emb,1104,48.927
rotary_emb,1120,49.098
rotary_emb,1136,49.802
rotary_emb,1152,50.3997
rotary_emb,1168,50.6243
rotary_emb,1184,50.4853
rotary_emb,1200,51.1357
rotary_emb,1216,51.3597
rotary_emb,1232,51.4987
rotary_emb,1248,52.2123
rotary_emb,1264,52.351
rotary_emb,1280,52.5857
rotary_emb,1296,53.3213
rotary_emb,1312,53.2163
rotary_emb,1328,54.0057
rotary_emb,1344,54.2917
rotary_emb,1360,54.464
rotary_emb,1376,54.848
rotary_emb,1392,55.3497
rotary_emb,1408,55.3907
rotary_emb,1424,55.9677
rotary_emb,1440,56.0847
rotary_emb,1456,56.565
rotary_emb,1472,57.0217
rotary_emb,1488,57.397
rotary_emb,1504,57.5047
rotary_emb,1520,58.6557
rotary_emb,1536,58.442
rotary_emb,1552,59.072
rotary_emb,1568,59.1997
rotary_emb,1584,59.7327
rotary_emb,1600,59.9703
rotary_emb,1616,60.725
rotary_emb,1632,60.6403
rotary_emb,1648,61.194
rotary_emb,1664,61.0137
rotary_emb,1680,61.8347
rotary_emb,1696,62.2943
rotary_emb,1712,62.624
rotary_emb,1728,62.4527
rotary_emb,1744,62.8273
rotary_emb,1760,63.424
rotary_emb,1776,63.498
rotary_emb,1792,63.6487
rotary_emb,1808,64.256
rotary_emb,1824,64.8733
rotary_emb,1840,64.7777
rotary_emb,1856,65.1107
rotary_emb,1872,65.7717
rotary_emb,1888,66.357
rotary_emb,1904,66.5817
rotary_emb,1920,67.5193
rotary_emb,1936,67.7757
rotary_emb,1952,68.4043
rotary_emb,1968,68.436
rotary_emb,1984,68.34
rotary_emb,2000,69.1097
rotary_emb,2016,69.2477
rotary_emb,2032,69.8983
rotary_emb,2048,69.6747
rotary_emb,2064,69.78
rotary_emb,2080,70.7413
rotary_emb,2096,70.9223
rotary_emb,2112,71.1363
rotary_emb,2128,71.54
rotary_emb,2144,71.8503
rotary_emb,2160,72.0747
rotary_emb,2176,72.4707
rotary_emb,2192,72.2863
rotary_emb,2208,72.8397
rotary_emb,2224,73.099
rotary_emb,2240,73.3973
rotary_emb,2256,73.962
rotary_emb,2272,75.4977
rotary_emb,2288,75.73
rotary_emb,2304,76.0853
rotary_emb,2320,75.9047
rotary_emb,2336,75.8517
rotary_emb,2352,76.66
rotary_emb,2368,76.8527
rotary_emb,2384,76.7037
rotary_emb,2400,77.0763
rotary_emb,2416,77.4827
rotary_emb,2432,77.558
rotary_emb,2448,78.2727
rotary_emb,2464,78.699
rotary_emb,2480,78.7633
rotary_emb,2496,79.69
rotary_emb,2512,79.722
rotary_emb,2528,80.0103
rotary_emb,2544,80.065
rotary_emb,2560,80.522
rotary_emb,2576,80.0957
rotary_emb,2592,80.578
rotary_emb,2608,80.7573
rotary_emb,2624,81.1833
rotary_emb,2640,81.7917
rotary_emb,2656,82.7497
rotary_emb,2672,82.6353
rotary_emb,2688,82.9013
rotary_emb,2704,83.37
rotary_emb,2720,83.902
rotary_emb,2736,84.053
rotary_emb,2752,84.17
rotary_emb,2768,84.6503
rotary_emb,2784,84.7377
rotary_emb,2800,85.3123
rotary_emb,2816,85.5677
rotary_emb,2832,86.1757
rotary_emb,2848,86.1553
rotary_emb,2864,86.4747
rotary_emb,2880,86.7827
rotary_emb,2896,86.9433
rotary_emb,2912,87.487
rotary_emb,2928,88.0397
rotary_emb,2944,88.202
rotary_emb,2960,88.3737
rotary_emb,2976,88.9693
rotary_emb,2992,89.0863
rotary_emb,3008,89.4623
rotary_emb,3024,90.3153
rotary_emb,3040,90.548
rotary_emb,3056,90.8587
rotary_emb,3072,90.7307
rotary_emb,3088,91.1583
rotary_emb,3104,91.254
rotary_emb,3120,91.7123
rotary_emb,3136,92.0743
rotary_emb,3152,92.011
rotary_emb,3168,92.3613
rotary_emb,3184,92.683
rotary_emb,3200,93.2783
rotary_emb,3216,93.695
rotary_emb,3232,93.9193
rotary_emb,3248,94.1767
rotary_emb,3264,94.3347
rotary_emb,3280,94.9543
rotary_emb,3296,94.9333
rotary_emb,3312,95.5737
rotary_emb,3328,95.6893
rotary_emb,3344,95.8497
rotary_emb,3360,96.138
rotary_emb,3376,96.6277
rotary_emb,3392,97.1517
rotary_emb,3408,97.5893
rotary_emb,3424,97.6837
rotary_emb,3440,98.2593
rotary_emb,3456,98.4103
rotary_emb,3472,98.3237
rotary_emb,3488,98.782
rotary_emb,3504,99.083
rotary_emb,3520,99.9147
rotary_emb,3536,100.019
rotary_emb,3552,99.8393
rotary_emb,3568,100.544
rotary_emb,3584,101.109
rotary_emb,3600,101.078
rotary_emb,3616,101.427
rotary_emb,3632,101.642
rotary_emb,3648,102.155
rotary_emb,3664,102.24
rotary_emb,3680,102.633
rotary_emb,3696,103.06
rotary_emb,3712,103.242
rotary_emb,3728,103.659
rotary_emb,3744,104.203
rotary_emb,3760,104.48
rotary_emb,3776,105.441
rotary_emb,3792,105.652
rotary_emb,3808,105.771
rotary_emb,3824,106.379
rotary_emb,3840,106.666
rotary_emb,3856,107.05
rotary_emb,3872,107.488
rotary_emb,3888,107.808
rotary_emb,3904,108.043
rotary_emb,3920,108.512
rotary_emb,3936,108.81
rotary_emb,3952,109.282
rotary_emb,3968,109.48
rotary_emb,3984,112.041
rotary_emb,4000,112.469
rotary_emb,4016,112.584
rotary_emb,4032,112.565
rotary_emb,4048,113.055
rotary_emb,4064,113.525
rotary_emb,4080,114.036
rotary_emb,4096,113.866
rotary_emb,4112,114.145
rotary_emb,4128,114.771
rotary_emb,4144,115.424
rotary_emb,4160,115.455
rotary_emb,4176,116.119
rotary_emb,4192,116.704
rotary_emb,4208,117.088
rotary_emb,4224,117.012
rotary_emb,4240,117.076
rotary_emb,4256,117.301
rotary_emb,4272,118.848
rotary_emb,4288,118.945
rotary_emb,4304,120.449
rotary_emb,4320,121.429
rotary_emb,4336,122.614
rotary_emb,4352,122.91
rotary_emb,4368,121.814
rotary_emb,4384,122.593
rotary_emb,4400,122.592
rotary_emb,4416,122.655
rotary_emb,4432,123.413
rotary_emb,4448,123.318
rotary_emb,4464,123.904
rotary_emb,4480,124.19
rotary_emb,4496,123.905
rotary_emb,4512,122.304
rotary_emb,4528,122.739
rotary_emb,4544,123.562
rotary_emb,4560,123.648
rotary_emb,4576,123.744
rotary_emb,4592,124.596
rotary_emb,4608,125.78
rotary_emb,4624,127.798
rotary_emb,4640,128.499
rotary_emb,4656,128.822
rotary_emb,4672,129.332
rotary_emb,4688,129.259
rotary_emb,4704,130.816
rotary_emb,4720,130.752
rotary_emb,4736,131.208
rotary_emb,4752,130.304
rotary_emb,4768,130.728
rotary_emb,4784,131.744
rotary_emb,4800,131.625
rotary_emb,4816,132.385
rotary_emb,4832,130.218
rotary_emb,4848,130.813
rotary_emb,4864,130.974
rotary_emb,4880,131.403
rotary_emb,4896,131.968
rotary_emb,4912,131.787
rotary_emb,4928,132.48
rotary_emb,4944,132.797
rotary_emb,4960,133.428
rotary_emb,4976,133.91
rotary_emb,4992,134.186
rotary_emb,5008,134.411
rotary_emb,5024,135.232
rotary_emb,5040,136.043
rotary_emb,5056,137.046
rotary_emb,5072,137.184
rotary_emb,5088,137.641
rotary_emb,5104,137.994
rotary_emb,5120,137.58
rotary_emb,5136,139.061
rotary_emb,5152,138.837
rotary_emb,5168,138.613
rotary_emb,5184,139.391
rotary_emb,5200,139.072
rotary_emb,5216,139.006
rotary_emb,5232,139.498
rotary_emb,5248,139.936
rotary_emb,5264,140.991
rotary_emb,5280,141.76
rotary_emb,5296,141.844
rotary_emb,5312,142.644
rotary_emb,5328,142.901
rotary_emb,5344,143.231
rotary_emb,5360,144.171
rotary_emb,5376,143.807
rotary_emb,5392,143.637
rotary_emb,5408,143.584
rotary_emb,5424,144.139
rotary_emb,5440,143.786
rotary_emb,5456,145.034
rotary_emb,5472,145.802
rotary_emb,5488,145.748
rotary_emb,5504,146.335
rotary_emb,5520,146.367
rotary_emb,5536,146.367
rotary_emb,5552,147.061
rotary_emb,5568,147.166
rotary_emb,5584,147.573
rotary_emb,5600,147.84
rotary_emb,5616,148.415
rotary_emb,5632,148.222
rotary_emb,5648,150.047
rotary_emb,5664,150.924
rotary_emb,5680,150.719
rotary_emb,5696,151.36
rotary_emb,5712,150.868
rotary_emb,5728,151.979
rotary_emb,5744,152.382
rotary_emb,5760,152.16
rotary_emb,5776,152.267
rotary_emb,5792,152.981
rotary_emb,5808,153.76
rotary_emb,5824,154.229
rotary_emb,5840,154.901
rotary_emb,5856,154.856
rotary_emb,5872,155.21
rotary_emb,5888,156.032
rotary_emb,5904,156.213
rotary_emb,5920,156.704
rotary_emb,5936,157.312
rotary_emb,5952,157.876
rotary_emb,5968,157.216
rotary_emb,5984,158.463
rotary_emb,6000,159.191
rotary_emb,6016,160.341
rotary_emb,6032,167.691
rotary_emb,6048,168.265
rotary_emb,6064,168.948
rotary_emb,6080,168.948
rotary_emb,6096,170.165
rotary_emb,6112,169.802
rotary_emb,6128,171.177
rotary_emb,6144,171.252
rotary_emb,6160,172.052
rotary_emb,6176,171.19
rotary_emb,6192,173.002
rotary_emb,6208,173.832
rotary_emb,6224,174.699
rotary_emb,6240,175.027
rotary_emb,6256,175.295
rotary_emb,6272,176.042
rotary_emb,6288,176.277
rotary_emb,6304,176.746
rotary_emb,6320,177.621
rotary_emb,6336,177.321
rotary_emb,6352,179.116
rotary_emb,6368,179.487
rotary_emb,6384,180.191
rotary_emb,6400,181.493
rotary_emb,6416,182.058
rotary_emb,6432,182.09
rotary_emb,6448,182.505
rotary_emb,6464,183.017
rotary_emb,6480,183.872
rotary_emb,6496,184.341
rotary_emb,6512,184.757
rotary_emb,6528,185.044
rotary_emb,6544,184.949
rotary_emb,6560,185.769
rotary_emb,6576,185.665
rotary_emb,6592,186.942
rotary_emb,6608,187.157
rotary_emb,6624,187.883
rotary_emb,6640,187.956
rotary_emb,6656,188.608
rotary_emb,6672,188.831
rotary_emb,6688,189.152
rotary_emb,6704,190.208
rotary_emb,6720,190.826
rotary_emb,6736,191.787
rotary_emb,6752,192.01
rotary_emb,6768,192.779
rotary_emb,6784,193.665
rotary_emb,6800,194.248
rotary_emb,6816,194.815
rotary_emb,6832,194.431
rotary_emb,6848,195.775
rotary_emb,6864,195.603
rotary_emb,6880,196.072
rotary_emb,6896,196.969
rotary_emb,6912,198.186
rotary_emb,6928,198.239
rotary_emb,6944,198.803
rotary_emb,6960,200.371
rotary_emb,6976,201.203
rotary_emb,6992,200.79
rotary_emb,7008,201.331
rotary_emb,7024,201.758
rotary_emb,7040,202.281
rotary_emb,7056,203.359
rotary_emb,7072,204.063
rotary_emb,7088,205.311
rotary_emb,7104,205.61
rotary_emb,7120,205.845
rotary_emb,7136,207.925
rotary_emb,7152,209.054
rotary_emb,7168,209.983
rotary_emb,7184,210.067
rotary_emb,7200,210.122
rotary_emb,7216,211.093
rotary_emb,7232,210.741
rotary_emb,7248,212.265
rotary_emb,7264,212.969
rotary_emb,7280,213.226
rotary_emb,7296,213.675
rotary_emb,7312,215.256
rotary_emb,7328,216.447
rotary_emb,7344,217.513
rotary_emb,7360,218.86
rotary_emb,7376,218.986
rotary_emb,7392,219.914
rotary_emb,7408,221.12
rotary_emb,7424,221.491
rotary_emb,7440,222.699
rotary_emb,7456,222.986
rotary_emb,7472,224.139
rotary_emb,7488,224.214
rotary_emb,7504,223.626
rotary_emb,7520,225.504
rotary_emb,7536,226.154
rotary_emb,7552,228.085
rotary_emb,7568,229.718
rotary_emb,7584,230.071
rotary_emb,7600,231.915
rotary_emb,7616,232.735
rotary_emb,7632,233.865
rotary_emb,7648,233.472
rotary_emb,7664,235.125
rotary_emb,7680,235.977
rotary_emb,7696,237.301
rotary_emb,7712,238.207
rotary_emb,7728,239.069
rotary_emb,7744,239.795
rotary_emb,7760,240.555
rotary_emb,7776,243.029
rotary_emb,7792,243.435
rotary_emb,7808,242.963
rotary_emb,7824,244.661
rotary_emb,7840,245.055
rotary_emb,7856,245.654
rotary_emb,7872,246.848
rotary_emb,7888,246.111
rotary_emb,7904,247.554
rotary_emb,7920,248.086
rotary_emb,7936,248.511
rotary_emb,7952,249.014
rotary_emb,7968,249.993
rotary_emb,7984,250.486
rotary_emb,8000,251.274
rotary_emb,8016,252.149
rotary_emb,8032,253.898
rotary_emb,8048,253.962
rotary_emb,8064,255.06
rotary_emb,8080,255.371
rotary_emb,8096,256.127
rotary_emb,8112,256.297
rotary_emb,8128,257.246
rotary_emb,8144,256.756
rotary_emb,8160,258.271
rotary_emb,8176,257.846
rotary_emb,8192,257.973
rotary_emb,8208,258.518
rotary_emb,8224,258.911
rotary_emb,8240,260.639
rotary_emb,8256,260.863
rotary_emb,8272,261.707
rotary_emb,8288,261.921
rotary_emb,8304,263.176
rotary_emb,8320,263.402
rotary_emb,8336,264.777
rotary_emb,8352,265.14
rotary_emb,8368,265.172
rotary_emb,8384,265.312
rotary_emb,8400,266.026
rotary_emb,8416,266.27
rotary_emb,8432,266.506
rotary_emb,8448,267.486
rotary_emb,8464,269.833
rotary_emb,8480,270.473
rotary_emb,8496,270.676
rotary_emb,8512,271.434
rotary_emb,8528,272.052
rotary_emb,8544,273.141
rotary_emb,8560,273.376
rotary_emb,8576,273.387
rotary_emb,8592,274.464
rotary_emb,8608,275.134
rotary_emb,8624,275.221
rotary_emb,8640,275.464
rotary_emb,8656,277.621
rotary_emb,8672,276.745
rotary_emb,8688,276.884
rotary_emb,8704,277.438
rotary_emb,8720,278.923
rotary_emb,8736,279.336
rotary_emb,8752,280.243
rotary_emb,8768,280.117
rotary_emb,8784,280.788
rotary_emb,8800,280.767
rotary_emb,8816,281.984
rotary_emb,8832,282.859
rotary_emb,8848,283.337
rotary_emb,8864,284.042
rotary_emb,8880,284.83
rotary_emb,8896,285.363
rotary_emb,8912,287.314
rotary_emb,8928,286.4
rotary_emb,8944,287.338
rotary_emb,8960,288.425
rotary_emb,8976,287.233
rotary_emb,8992,288.253
rotary_emb,9008,288.929
rotary_emb,9024,289.823
rotary_emb,9040,289.814
rotary_emb,9056,289.483
rotary_emb,9072,291.244
rotary_emb,9088,290.378
rotary_emb,9104,290.258
rotary_emb,9120,290.305
rotary_emb,9136,290.73
rotary_emb,9152,290.784
rotary_emb,9168,290.559
rotary_emb,9184,290.602
rotary_emb,9200,291.775
rotary_emb,9216,291.319
rotary_emb,9232,293.056
rotary_emb,9248,292.819
rotary_emb,9264,294.485
rotary_emb,9280,293.758
rotary_emb,9296,294.824
rotary_emb,9312,294.196
rotary_emb,9328,294.965
rotary_emb,9344,295.017
rotary_emb,9360,295.679
rotary_emb,9376,296.137
rotary_emb,9392,296.521
rotary_emb,9408,297.503
rotary_emb,9424,297.835
rotary_emb,9440,297.601
rotary_emb,9456,298.026
rotary_emb,9472,298.431
rotary_emb,9488,298.442
rotary_emb,9504,299.585
rotary_emb,9520,302.037
rotary_emb,9536,301.418
rotary_emb,9552,302.804
rotary_emb,9568,303.574
rotary_emb,9584,304.937
rotary_emb,9600,304.33
rotary_emb,9616,305.451
rotary_emb,9632,305.163
rotary_emb,9648,304.875
rotary_emb,9664,306.036
rotary_emb,9680,307.892
rotary_emb,9696,306.175
rotary_emb,9712,308.829
rotary_emb,9728,308.576
rotary_emb,9744,307.817
rotary_emb,9760,308.809
rotary_emb,9776,309.631
rotary_emb,9792,310.282
rotary_emb,9808,311.328
rotary_emb,9824,310.72
rotary_emb,9840,310.645
rotary_emb,9856,310.836
rotary_emb,9872,311.902
rotary_emb,9888,311.916
rotary_emb,9904,312.628
rotary_emb,9920,313.367
rotary_emb,9936,313.492
rotary_emb,9952,314.506
rotary_emb,9968,314.848
rotary_emb,9984,315.286
rotary_emb,10000,315.722
rotary_emb,10016,315.838
rotary_emb,10032,316.575
rotary_emb,10048,316.81
rotary_emb,10064,317.751
rotary_emb,10080,317.483
rotary_emb,10096,318.219
rotary_emb,10112,318.101
rotary_emb,10128,319.467
rotary_emb,10144,320.168
rotary_emb,10160,321.023
rotary_emb,10176,321.75
rotary_emb,10192,321.46
rotary_emb,10208,322.379
rotary_emb,10224,323.455
rotary_emb,10240,322.783
rotary_emb,10256,323.701
rotary_emb,10272,324.064
rotary_emb,10288,324.362
rotary_emb,10304,325.716
rotary_emb,10320,326.131
rotary_emb,10336,328.169
rotary_emb,10352,328.3
rotary_emb,10368,327.999
rotary_emb,10384,328.03
rotary_emb,10400,328.735
rotary_emb,10416,329.844
rotary_emb,10432,329.982
rotary_emb,10448,330.39
rotary_emb,10464,330.389
rotary_emb,10480,331.945
rotary_emb,10496,332.33
rotary_emb,10512,331.946
rotary_emb,10528,333.13
rotary_emb,10544,333.685
rotary_emb,10560,333.867
rotary_emb,10576,334.294
rotary_emb,10592,336.107
rotary_emb,10608,336.48
rotary_emb,10624,336.458
rotary_emb,10640,335.424
rotary_emb,10656,336.662
rotary_emb,10672,337.836
rotary_emb,10688,337.94
rotary_emb,10704,339.175
rotary_emb,10720,338.708
rotary_emb,10736,339.926
rotary_emb,10752,340.916
rotary_emb,10768,341.813
rotary_emb,10784,341.121
rotary_emb,10800,342.25
rotary_emb,10816,341.961
rotary_emb,10832,343.349
rotary_emb,10848,343.157
rotary_emb,10864,345.43
rotary_emb,10880,345.237
rotary_emb,10896,345.461
rotary_emb,10912,347.39
rotary_emb,10928,348.564
rotary_emb,10944,348.458
rotary_emb,10960,348.268
rotary_emb,10976,348.938
rotary_emb,10992,349.887
rotary_emb,11008,350.399
rotary_emb,11024,351.701
rotary_emb,11040,351.071
rotary_emb,11056,351.613
rotary_emb,11072,352.906
rotary_emb,11088,353.002
rotary_emb,11104,354.132
rotary_emb,11120,355.232
rotary_emb,11136,355.06
rotary_emb,11152,354.89
rotary_emb,11168,356.233
rotary_emb,11184,356.138
rotary_emb,11200,357.438
rotary_emb,11216,356.403
rotary_emb,11232,357.225
rotary_emb,11248,357.193
rotary_emb,11264,358.43
rotary_emb,11280,358.548
rotary_emb,11296,359.51
rotary_emb,11312,360.082
rotary_emb,11328,360.512
rotary_emb,11344,362.08
rotary_emb,11360,362.826
rotary_emb,11376,363.294
rotary_emb,11392,362.559
rotary_emb,11408,362.847
rotary_emb,11424,364.457
rotary_emb,11440,363.883
rotary_emb,11456,365.631
rotary_emb,11472,366.196
rotary_emb,11488,367.263
rotary_emb,11504,367.68
rotary_emb,11520,369.034
rotary_emb,11536,369.012
rotary_emb,11552,369.439
rotary_emb,11568,370.015
rotary_emb,11584,370.356
rotary_emb,11600,368.65
rotary_emb,11616,370.006
rotary_emb,11632,371.604
rotary_emb,11648,371.435
rotary_emb,11664,372.628
rotary_emb,11680,373.567
rotary_emb,11696,373.759
rotary_emb,11712,373.802
rotary_emb,11728,373.299
rotary_emb,11744,374.163
rotary_emb,11760,374.825
rotary_emb,11776,375.582
rotary_emb,11792,376.608
rotary_emb,11808,379.286
rotary_emb,11824,379.69
rotary_emb,11840,380.512
rotary_emb,11856,382.527
rotary_emb,11872,382.229
rotary_emb,11888,383.552
rotary_emb,11904,383.391
rotary_emb,11920,385.204
rotary_emb,11936,385.844
rotary_emb,11952,385.44
rotary_emb,11968,385.769
rotary_emb,11984,386.848
rotary_emb,12000,388.588
rotary_emb,12016,388.235
rotary_emb,12032,389.813
rotary_emb,12048,389.792
rotary_emb,12064,391.573
rotary_emb,12080,391.808
rotary_emb,12096,392.8
rotary_emb,12112,392.232
rotary_emb,12128,393.459
rotary_emb,12144,393.951
rotary_emb,12160,394.718
rotary_emb,12176,394.26
rotary_emb,12192,395.093
rotary_emb,12208,395.7
rotary_emb,12224,396.374
rotary_emb,12240,397.225
rotary_emb,12256,398.783
rotary_emb,12272,398.7
rotary_emb,12288,399.829
rotary_emb,12304,399.733
rotary_emb,12320,400.489
rotary_emb,12336,401.427
rotary_emb,12352,401.077
rotary_emb,12368,401.15
rotary_emb,12384,402.828
rotary_emb,12400,402.56
rotary_emb,12416,403.946
rotary_emb,12432,403.85
rotary_emb,12448,404.532
rotary_emb,12464,406.004
rotary_emb,12480,406.165
rotary_emb,12496,406.196
rotary_emb,12512,408.074
rotary_emb,12528,409.076
rotary_emb,12544,409.951
rotary_emb,12560,409.258
rotary_emb,12576,409.738
rotary_emb,12592,410.271
rotary_emb,12608,411.357
rotary_emb,12624,412.564
rotary_emb,12640,411.968
rotary_emb,12656,413.365
rotary_emb,12672,414.773
rotary_emb,12688,414.494
rotary_emb,12704,415.04
rotary_emb,12720,415.051
rotary_emb,12736,416.427
rotary_emb,12752,417.643
rotary_emb,12768,417.815
rotary_emb,12784,418.357
rotary_emb,12800,419.573
rotary_emb,12816,421.066
rotary_emb,12832,421.12
rotary_emb,12848,421.995
rotary_emb,12864,422.665
rotary_emb,12880,422.729
rotary_emb,12896,423.669
rotary_emb,12912,425.023
rotary_emb,12928,424.544
rotary_emb,12944,425.322
rotary_emb,12960,425.376
rotary_emb,12976,426.412
rotary_emb,12992,426.879
rotary_emb,13008,428.841
rotary_emb,13024,429.087
rotary_emb,13040,428.918
rotary_emb,13056,429.62
rotary_emb,13072,429.814
rotary_emb,13088,430.463
rotary_emb,13104,431.263
rotary_emb,13120,431.371
rotary_emb,13136,433.131
rotary_emb,13152,432.596
rotary_emb,13168,433.973
rotary_emb,13184,434.838
rotary_emb,13200,435.499
rotary_emb,13216,435.689
rotary_emb,13232,434.953
rotary_emb,13248,437.054
rotary_emb,13264,438.145
rotary_emb,13280,437.163
rotary_emb,13296,438.357
rotary_emb,13312,437.973
rotary_emb,13328,437.77
rotary_emb,13344,438.613
rotary_emb,13360,441.482
rotary_emb,13376,441.694
rotary_emb,13392,442.432
rotary_emb,13408,443.807
rotary_emb,13424,444.618
rotary_emb,13440,444.864
rotary_emb,13456,445.994
rotary_emb,13472,445.61
rotary_emb,13488,445.598
rotary_emb,13504,447.136
rotary_emb,13520,446.794
rotary_emb,13536,449.034
rotary_emb,13552,450.003
rotary_emb,13568,450.505
rotary_emb,13584,448.832
rotary_emb,13600,451.169
rotary_emb,13616,452.842
rotary_emb,13632,453.94
rotary_emb,13648,453.834
rotary_emb,13664,454.281
rotary_emb,13680,456.255
rotary_emb,13696,456.499
rotary_emb,13712,456.383
rotary_emb,13728,458.473
rotary_emb,13744,459.252
rotary_emb,13760,457.738
rotary_emb,13776,460.532
rotary_emb,13792,459.774
rotary_emb,13808,459.531
rotary_emb,13824,463.156
rotary_emb,13840,463.819
rotary_emb,13856,464.255
rotary_emb,13872,466.015
rotary_emb,13888,464.213
rotary_emb,13904,467.233
rotary_emb,13920,468.255
rotary_emb,13936,466.952
rotary_emb,13952,468.906
rotary_emb,13968,468.468
rotary_emb,13984,470.749
rotary_emb,14000,471.039
rotary_emb,14016,471.241
rotary_emb,14032,472.181
rotary_emb,14048,470.73
rotary_emb,14064,474.015
rotary_emb,14080,471.027
rotary_emb,14096,475.188
rotary_emb,14112,475.55
rotary_emb,14128,476.265
rotary_emb,14144,478.013
rotary_emb,14160,478.858
rotary_emb,14176,478.71
rotary_emb,14192,478.964
rotary_emb,14208,480.738
rotary_emb,14224,481.034
rotary_emb,14240,477.663
rotary_emb,14256,481.738
rotary_emb,14272,479.808
rotary_emb,14288,483.114
rotary_emb,14304,482.848
rotary_emb,14320,483.273
rotary_emb,14336,483.252
rotary_emb,14352,486.678
rotary_emb,14368,486.613
rotary_emb,14384,484.575
rotary_emb,14400,488.597
rotary_emb,14416,485.536
rotary_emb,14432,491.199
rotary_emb,14448,486.379
rotary_emb,14464,491.305
rotary_emb,14480,489.014
rotary_emb,14496,492.661
rotary_emb,14512,490.816
rotary_emb,14528,492.288
rotary_emb,14544,495.764
rotary_emb,14560,495.69
rotary_emb,14576,494.933
rotary_emb,14592,493.917
rotary_emb,14608,496.287
rotary_emb,14624,495.125
rotary_emb,14640,496.03
rotary_emb,14656,500.33
rotary_emb,14672,498.933
rotary_emb,14688,501.332
rotary_emb,14704,499.391
rotary_emb,14720,498.998
rotary_emb,14736,499.092
rotary_emb,14752,503.358
rotary_emb,14768,500.873
rotary_emb,14784,502.249
rotary_emb,14800,505.909
rotary_emb,14816,502.281
rotary_emb,14832,504.032
rotary_emb,14848,506.187
rotary_emb,14864,506.838
rotary_emb,14880,509.545
rotary_emb,14896,510.347
rotary_emb,14912,508.384
rotary_emb,14928,509.022
rotary_emb,14944,512.372
rotary_emb,14960,511.828
rotary_emb,14976,511.136
rotary_emb,14992,514.698
rotary_emb,15008,513.515
rotary_emb,15024,516.991
rotary_emb,15040,514.262
rotary_emb,15056,517.717
rotary_emb,15072,519.123
rotary_emb,15088,517.312
rotary_emb,15104,518.058
rotary_emb,15120,521.035
rotary_emb,15136,521.802
rotary_emb,15152,518.538
rotary_emb,15168,517.471
rotary_emb,15184,522.153
rotary_emb,15200,522.176
rotary_emb,15216,523.102
rotary_emb,15232,523.542
rotary_emb,15248,524.18
rotary_emb,15264,520.766
rotary_emb,15280,524.723
rotary_emb,15296,527.583
rotary_emb,15312,527.229
rotary_emb,15328,527.849
rotary_emb,15344,530.249
rotary_emb,15360,525.824
rotary_emb,15376,531.841
rotary_emb,15392,533.418
rotary_emb,15408,534.153
rotary_emb,15424,536.001
rotary_emb,15440,535.423
rotary_emb,15456,536.639
rotary_emb,15472,537.396
rotary_emb,15488,533.803
rotary_emb,15504,536.876
rotary_emb,15520,535.595
rotary_emb,15536,539.68
rotary_emb,15552,543.561
rotary_emb,15568,543.189
rotary_emb,15584,542.218
rotary_emb,15600,545.119
rotary_emb,15616,547.124
rotary_emb,15632,548.307
rotary_emb,15648,544.288
rotary_emb,15664,546.59
rotary_emb,15680,548.523
rotary_emb,15696,548.927
rotary_emb,15712,549.109
rotary_emb,15728,550.667
rotary_emb,15744,551.734
rotary_emb,15760,553.439
rotary_emb,15776,553.834
rotary_emb,15792,554.658
rotary_emb,15808,555.166
rotary_emb,15824,555.915
rotary_emb,15840,556.149
rotary_emb,15856,557.256
rotary_emb,15872,557.717
rotary_emb,15888,556.938
rotary_emb,15904,558.549
rotary_emb,15920,560.457
rotary_emb,15936,560.481
rotary_emb,15952,560.905
rotary_emb,15968,563.402
rotary_emb,15984,564.179
rotary_emb,16000,564.819
rotary_emb,16016,565.483
rotary_emb,16032,565.131
rotary_emb,16048,565.727
rotary_emb,16064,566.57
rotary_emb,16080,571.135
rotary_emb,16096,567.059
rotary_emb,16112,569.685
rotary_emb,16128,571.732
rotary_emb,16144,571.423
rotary_emb,16160,574.102
rotary_emb,16176,571.199
rotary_emb,16192,570.251
rotary_emb,16208,575.081
rotary_emb,16224,575.209
rotary_emb,16240,574.687
rotary_emb,16256,577.737
rotary_emb,16272,576.479
rotary_emb,16288,573.471
rotary_emb,16304,579.254
rotary_emb,16320,582.496
rotary_emb,16336,581.301
rotary_emb,16352,580.64
rotary_emb,16368,581.781
rotary_emb,16384,584.971
