layer,tokens,time_us
act_fn,1,2.76233
act_fn,2,3.53033
act_fn,3,3.53067
act_fn,4,3.60533
act_fn,5,3.53033
act_fn,6,3.60567
act_fn,7,3.56267
act_fn,8,3.60533
act_fn,9,3.584
act_fn,10,3.59467
act_fn,11,3.52033
act_fn,12,3.51967
act_fn,13,3.57367
act_fn,14,3.56267
act_fn,15,3.584
act_fn,16,3.57333
act_fn,20,3.25267
act_fn,24,3.275
act_fn,28,3.28533
act_fn,32,3.39167
act_fn,36,3.211
act_fn,40,3.232
act_fn,44,3.25333
act_fn,48,3.21067
act_fn,52,3.20033
act_fn,56,3.285
act_fn,60,3.232
act_fn,64,3.25333
act_fn,80,3.22133
act_fn,96,3.28533
act_fn,112,3.36033
act_fn,128,3.45567
act_fn,144,3.49867
act_fn,160,3.648
act_fn,176,3.83967
act_fn,192,5.95233
act_fn,208,6.26133
act_fn,224,6.50633
act_fn,240,6.592
act_fn,256,6.72
act_fn,272,9.41867
act_fn,288,9.70667
act_fn,304,10.0587
act_fn,320,10.3677
act_fn,336,10.496
act_fn,352,10.976
act_fn,368,11.2323
act_fn,384,11.648
act_fn,400,12.7787
act_fn,416,13.376
act_fn,432,13.7493
act_fn,448,14.453
act_fn,464,15.1573
act_fn,480,15.9467
act_fn,496,16.64
act_fn,512,16.9813
act_fn,528,16.7787
act_fn,544,17.2587
act_fn,560,17.6317
act_fn,576,17.9303
act_fn,592,18.368
act_fn,608,18.5917
act_fn,624,19.211
act_fn,640,19.6373
act_fn,656,24.416
act_fn,672,24.864
act_fn,688,25.5893
act_fn,704,25.952
act_fn,720,26.1867
act_fn,736,27.0823
act_fn,752,27.8397
act_fn,768,28.565
act_fn,784,24.533
act_fn,800,25.216
act_fn,816,25.6103
act_fn,832,26.4427
act_fn,848,26.624
act_fn,864,26.9757
act_fn,880,27.84
act_fn,896,27.6587
act_fn,912,34.1757
act_fn,928,34.6987
act_fn,944,35.552
act_fn,960,36.021
act_fn,976,36.3307
act_fn,992,36.5123
act_fn,1008,36.9387
act_fn,1024,37.952
act_fn,1040,34.133
act_fn,1056,35.0503
act_fn,1072,35.8507
act_fn,1088,36.6077
act_fn,1104,37.4507
act_fn,1120,38.2293
act_fn,1136,39.2423
act_fn,1152,39.7547
act_fn,1168,42.6773
act_fn,1184,43.3603
act_fn,1200,43.8187
act_fn,1216,44.16
act_fn,1232,44.928
act_fn,1248,45.4507
act_fn,1264,45.589
act_fn,1280,46.24
act_fn,1296,51.0933
act_fn,1312,51.7763
act_fn,1328,52.6507
act_fn,1344,53.3547
act_fn,1360,54.0053
act_fn,1376,54.496
act_fn,1392,55.4767
act_fn,1408,56.256
act_fn,1424,53.6533
act_fn,1440,54.6453
act_fn,1456,55.3493
act_fn,1472,55.9467
act_fn,1488,56.9067
act_fn,1504,57.6747
act_fn,1520,58.1867
act_fn,1536,59.2
act_fn,1552,62.5487
act_fn,1568,63.8403
act_fn,1584,64.8103
act_fn,1600,65.0667
act_fn,1616,66.688
act_fn,1632,67.0933
act_fn,1648,68.5757
act_fn,1664,69.824
act_fn,1680,68.8107
act_fn,1696,69.1967
act_fn,1712,69.76
act_fn,1728,70.6663
act_fn,1744,72.1173
act_fn,1760,73.2263
act_fn,1776,74.3673
act_fn,1792,75.1147
act_fn,1808,77.6743
act_fn,1824,78.73
act_fn,1840,79.3493
act_fn,1856,81.056
act_fn,1872,82.282
act_fn,1888,83.1147
act_fn,1904,84.4373
act_fn,1920,84.6077
act_fn,1936,83.648
act_fn,1952,84.9703
act_fn,1968,86.7307
act_fn,1984,87.904
act_fn,2000,88.2667
act_fn,2016,89.472
act_fn,2032,90.3577
act_fn,2048,92.469
act_fn,2064,96.4587
act_fn,2080,97.344
act_fn,2096,98.2183
act_fn,2112,99.0503
act_fn,2128,100.234
act_fn,2144,101.365
act_fn,2160,102.144
act_fn,2176,102.933
act_fn,2192,101.002
act_fn,2208,101.685
act_fn,2224,103.594
act_fn,2240,104.053
act_fn,2256,105.226
act_fn,2272,106.336
act_fn,2288,107.317
act_fn,2304,108.224
act_fn,2320,111.295
act_fn,2336,112.875
act_fn,2352,113.738
act_fn,2368,114.752
act_fn,2384,115.904
act_fn,2400,116.651
act_fn,2416,117.536
act_fn,2432,118.976
act_fn,2448,115.925
act_fn,2464,117.344
act_fn,2480,117.611
act_fn,2496,118.677
act_fn,2512,119.691
act_fn,2528,120.319
act_fn,2544,120.704
act_fn,2560,122.144
act_fn,2576,126.922
act_fn,2592,127.583
act_fn,2608,128.533
act_fn,2624,129.611
act_fn,2640,130.613
act_fn,2656,132.319
act_fn,2672,132.128
act_fn,2688,132.928
act_fn,2704,132.309
act_fn,2720,133.483
act_fn,2736,134.154
act_fn,2752,135.893
act_fn,2768,136.501
act_fn,2784,137.717
act_fn,2800,138.613
act_fn,2816,139.211
act_fn,2832,141.824
act_fn,2848,143.189
act_fn,2864,144.085
act_fn,2880,144.736
act_fn,2896,145.994
act_fn,2912,147.147
act_fn,2928,147.914
act_fn,2944,148.618
act_fn,2960,148.394
act_fn,2976,149.365
act_fn,2992,150.613
act_fn,3008,149.941
act_fn,3024,150.496
act_fn,3040,151.093
act_fn,3056,151.946
act_fn,3072,152.661
act_fn,3088,155.456
act_fn,3104,155.818
act_fn,3120,156.885
act_fn,3136,158.005
act_fn,3152,158.965
act_fn,3168,160.021
act_fn,3184,161.568
act_fn,3200,161.995
act_fn,3216,162.4
act_fn,3232,163.125
act_fn,3248,164.085
act_fn,3264,165.642
act_fn,3280,166.794
act_fn,3296,167.68
act_fn,3312,168.117
act_fn,3328,169.13
act_fn,3344,172.042
act_fn,3360,173.472
act_fn,3376,173.92
act_fn,3392,175.253
act_fn,3408,175.893
act_fn,3424,177.291
act_fn,3440,177.866
act_fn,3456,178.41
act_fn,3472,177.439
act_fn,3488,179.082
act_fn,3504,180.554
act_fn,3520,180.736
act_fn,3536,181.738
act_fn,3552,182.869
act_fn,3568,183.754
act_fn,3584,184.597
act_fn,3600,181.301
act_fn,3616,182.186
act_fn,3632,183.167
act_fn,3648,184.373
act_fn,3664,185.131
act_fn,3680,185.92
act_fn,3696,186.816
act_fn,3712,187.999
act_fn,3728,192.885
act_fn,3744,193.781
act_fn,3760,194.613
act_fn,3776,195.989
act_fn,3792,197.045
act_fn,3808,197.397
act_fn,3824,198.923
act_fn,3840,200.17
act_fn,3856,197.803
act_fn,3872,198.751
act_fn,3888,200.021
act_fn,3904,200.267
act_fn,3920,202.08
act_fn,3936,202.634
act_fn,3952,203.946
act_fn,3968,204.288
act_fn,3984,209.162
act_fn,4000,209.994
act_fn,4016,211.424
act_fn,4032,212.138
act_fn,4048,213.344
act_fn,4064,213.919
act_fn,4080,215.04
act_fn,4096,216.512
act_fn,4112,213.599
act_fn,4128,214.933
act_fn,4144,216.661
act_fn,4160,216.757
act_fn,4176,218.164
act_fn,4192,218.826
act_fn,4208,220.234
act_fn,4224,221.344
act_fn,4240,223.488
act_fn,4256,224.927
act_fn,4272,225.525
act_fn,4288,226.88
act_fn,4304,227.306
act_fn,4320,228.384
act_fn,4336,229.205
act_fn,4352,230.154
act_fn,4368,230.506
act_fn,4384,231.178
act_fn,4400,232.362
act_fn,4416,233.888
act_fn,4432,234.208
act_fn,4448,235.37
act_fn,4464,236.49
act_fn,4480,237.483
act_fn,4496,238.784
act_fn,4512,238.741
act_fn,4528,240.192
act_fn,4544,240.799
act_fn,4560,241.578
act_fn,4576,242.72
act_fn,4592,242.965
act_fn,4608,245.407
act_fn,4624,246.368
act_fn,4640,247.53
act_fn,4656,248.917
act_fn,4672,249.461
act_fn,4688,250.474
act_fn,4704,251.477
act_fn,4720,252.682
act_fn,4736,253.195
act_fn,4752,250.698
act_fn,4768,252.042
act_fn,4784,254.08
act_fn,4800,254.944
act_fn,4816,255.53
act_fn,4832,256.426
act_fn,4848,256.981
act_fn,4864,258.474
act_fn,4880,262.058
act_fn,4896,263.403
act_fn,4912,264.64
act_fn,4928,265.483
act_fn,4944,266.24
act_fn,4960,267.946
act_fn,4976,268.32
act_fn,4992,268.714
act_fn,5008,267.349
act_fn,5024,268.224
act_fn,5040,269.301
act_fn,5056,270.623
act_fn,5072,272.074
act_fn,5088,272.992
act_fn,5104,274.1
act_fn,5120,274.88
act_fn,5136,276.298
act_fn,5152,277.739
act_fn,5168,278.005
act_fn,5184,279.712
act_fn,5200,280.128
act_fn,5216,281.471
act_fn,5232,282.208
act_fn,5248,283.061
act_fn,5264,284.16
act_fn,5280,285.269
act_fn,5296,286.347
act_fn,5312,286.208
act_fn,5328,287.956
act_fn,5344,289.728
act_fn,5360,289.856
act_fn,5376,291.445
act_fn,5392,291.413
act_fn,5408,292.64
act_fn,5424,293.717
act_fn,5440,294.112
act_fn,5456,295.328
act_fn,5472,295.904
act_fn,5488,297.674
act_fn,5504,297.994
act_fn,5520,299.487
act_fn,5536,300.17
act_fn,5552,300.917
act_fn,5568,301.707
act_fn,5584,302.389
act_fn,5600,303.531
act_fn,5616,305.088
act_fn,5632,306.282
act_fn,5648,305.237
act_fn,5664,306.634
act_fn,5680,308.149
act_fn,5696,308.597
act_fn,5712,309.493
act_fn,5728,310.282
act_fn,5744,311.455
act_fn,5760,312.032
act_fn,5776,313.663
act_fn,5792,315.253
act_fn,5808,315.403
act_fn,5824,316.704
act_fn,5840,317.504
act_fn,5856,318.325
act_fn,5872,319.189
act_fn,5888,320.202
act_fn,5904,321.962
act_fn,5920,322.176
act_fn,5936,323.21
act_fn,5952,323.243
act_fn,5968,325.152
act_fn,5984,326.069
act_fn,6000,328.203
act_fn,6016,327.744
act_fn,6032,327.861
act_fn,6048,329.44
act_fn,6064,330.048
act_fn,6080,330.603
act_fn,6096,331.339
act_fn,6112,332.351
act_fn,6128,332.65
act_fn,6144,334.304
act_fn,6160,336.192
act_fn,6176,336.938
act_fn,6192,339.018
act_fn,6208,339.125
act_fn,6224,339.594
act_fn,6240,341.781
act_fn,6256,341.568
act_fn,6272,343.466
act_fn,6288,343.616
act_fn,6304,344.565
act_fn,6320,345.824
act_fn,6336,346.251
act_fn,6352,347.563
act_fn,6368,348.117
act_fn,6384,348.8
act_fn,6400,349.813
act_fn,6416,351.381
act_fn,6432,351.989
act_fn,6448,353.174
act_fn,6464,353.984
act_fn,6480,355.893
act_fn,6496,356.053
act_fn,6512,357.387
act_fn,6528,357.983
act_fn,6544,359.531
act_fn,6560,360.405
act_fn,6576,361.205
act_fn,6592,362.805
act_fn,6608,363.402
act_fn,6624,363.509
act_fn,6640,364.651
act_fn,6656,365.994
act_fn,6672,365.237
act_fn,6688,366.784
act_fn,6704,367.808
act_fn,6720,367.318
act_fn,6736,369.6
act_fn,6752,370.847
act_fn,6768,370.261
act_fn,6784,371.957
act_fn,6800,373.931
act_fn,6816,374.955
act_fn,6832,375.445
act_fn,6848,376.096
act_fn,6864,377.717
act_fn,6880,379.391
act_fn,6896,379.637
act_fn,6912,379.904
act_fn,6928,380.384
act_fn,6944,381.045
act_fn,6960,381.93
act_fn,6976,383.147
act_fn,6992,384.075
act_fn,7008,384.694
act_fn,7024,385.717
act_fn,7040,387.243
act_fn,7056,388.917
act_fn,7072,388.747
act_fn,7088,389.93
act_fn,7104,390.837
act_fn,7120,391.776
act_fn,7136,392.8
act_fn,7152,394.613
act_fn,7168,394.731
act_fn,7184,395.637
act_fn,7200,396.96
act_fn,7216,397.387
act_fn,7232,398.869
act_fn,7248,400.266
act_fn,7264,400.693
act_fn,7280,402.432
act_fn,7296,403.765
act_fn,7312,402.731
act_fn,7328,403.573
act_fn,7344,404.085
act_fn,7360,405.931
act_fn,7376,405.451
act_fn,7392,407.936
act_fn,7408,407.392
act_fn,7424,408.821
act_fn,7440,411.701
act_fn,7456,412.096
act_fn,7472,414.518
act_fn,7488,414.197
act_fn,7504,415.392
act_fn,7520,417.077
act_fn,7536,417.365
act_fn,7552,417.931
act_fn,7568,417.632
act_fn,7584,419.168
act_fn,7600,419.456
act_fn,7616,420.31
act_fn,7632,420.405
act_fn,7648,422.443
act_fn,7664,423.488
act_fn,7680,424.394
act_fn,7696,425.29
act_fn,7712,426.581
act_fn,7728,426.998
act_fn,7744,428.842
act_fn,7760,429.248
act_fn,7776,430.613
act_fn,7792,431.659
act_fn,7808,432.267
act_fn,7824,433.974
act_fn,7840,433.301
act_fn,7856,434.965
act_fn,7872,435.35
act_fn,7888,436.96
act_fn,7904,437.899
act_fn,7920,438.635
act_fn,7936,439.669
act_fn,7952,439.947
act_fn,7968,441.323
act_fn,7984,441.717
act_fn,8000,442.966
act_fn,8016,443.083
act_fn,8032,444.651
act_fn,8048,446.133
act_fn,8064,446.517
act_fn,8080,447.445
act_fn,8096,448.619
act_fn,8112,449.973
act_fn,8128,450.966
act_fn,8144,451.2
act_fn,8160,452.885
act_fn,8176,453.803
act_fn,8192,454.634
act_fn,8208,454.891
act_fn,8224,455.381
act_fn,8240,455.638
act_fn,8256,456.992
act_fn,8272,458.592
act_fn,8288,458.571
act_fn,8304,460.683
act_fn,8320,460.661
act_fn,8336,462.081
act_fn,8352,462.4
act_fn,8368,464.224
act_fn,8384,464.929
act_fn,8400,466.624
act_fn,8416,467.264
act_fn,8432,468.128
act_fn,8448,468.555
act_fn,8464,469.312
act_fn,8480,471.627
act_fn,8496,472.501
act_fn,8512,472.8
act_fn,8528,473.686
act_fn,8544,473.888
act_fn,8560,475.008
act_fn,8576,476.555
act_fn,8592,475.691
act_fn,8608,477.141
act_fn,8624,477.739
act_fn,8640,480.15
act_fn,8656,480.139
act_fn,8672,481.537
act_fn,8688,482.816
act_fn,8704,482.827
act_fn,8720,486.464
act_fn,8736,486.656
act_fn,8752,488.949
act_fn,8768,487.158
act_fn,8784,489.344
act_fn,8800,489.931
act_fn,8816,490.485
act_fn,8832,490.923
act_fn,8848,490.849
act_fn,8864,491.926
act_fn,8880,492.672
act_fn,8896,493.494
act_fn,8912,494.816
act_fn,8928,495.349
act_fn,8944,497.142
act_fn,8960,497.665
act_fn,8976,498.582
act_fn,8992,501.504
act_fn,9008,501.067
act_fn,9024,502.272
act_fn,9040,502.997
act_fn,9056,505.387
act_fn,9072,504.171
act_fn,9088,506.454
act_fn,9104,506.486
act_fn,9120,506.156
act_fn,9136,506.422
act_fn,9152,508.982
act_fn,9168,509.611
act_fn,9184,512.619
act_fn,9200,512.982
act_fn,9216,512.289
act_fn,9232,513.312
act_fn,9248,514.528
act_fn,9264,516.661
act_fn,9280,517.473
act_fn,9296,516.821
act_fn,9312,518.454
act_fn,9328,518.923
act_fn,9344,518.976
act_fn,9360,521.814
act_fn,9376,523.307
act_fn,9392,523.585
act_fn,9408,524.203
act_fn,9424,525.654
act_fn,9440,526.528
act_fn,9456,527.307
act_fn,9472,527.424
act_fn,9488,528.768
act_fn,9504,528.107
act_fn,9520,530.454
act_fn,9536,531.51
act_fn,9552,531.372
act_fn,9568,531.936
act_fn,9584,534.422
act_fn,9600,533.441
act_fn,9616,536.94
act_fn,9632,537.067
act_fn,9648,537.792
act_fn,9664,538.977
act_fn,9680,539.264
act_fn,9696,542.795
act_fn,9712,541.728
act_fn,9728,542.785
act_fn,9744,543.755
act_fn,9760,543.883
act_fn,9776,544.64
act_fn,9792,546.731
act_fn,9808,547.275
act_fn,9824,548.449
act_fn,9840,548.876
act_fn,9856,550.112
act_fn,9872,549.163
act_fn,9888,552.342
act_fn,9904,550.742
act_fn,9920,552.726
act_fn,9936,552.822
act_fn,9952,556.63
act_fn,9968,556.694
act_fn,9984,557.227
act_fn,10000,558.102
act_fn,10016,559.243
act_fn,10032,560.971
act_fn,10048,561.547
act_fn,10064,562.273
act_fn,10080,564.107
act_fn,10096,564.961
act_fn,10112,565.419
act_fn,10128,562.956
act_fn,10144,566.166
act_fn,10160,566.625
act_fn,10176,566.294
act_fn,10192,569.761
act_fn,10208,569.718
act_fn,10224,570.784
act_fn,10240,571.425
act_fn,10256,574.112
act_fn,10272,574.401
act_fn,10288,576.449
act_fn,10304,577.249
act_fn,10320,576.118
act_fn,10336,577.537
act_fn,10352,580.63
act_fn,10368,580.448
act_fn,10384,580.993
act_fn,10400,581.153
act_fn,10416,583.478
act_fn,10432,584.886
act_fn,10448,584.748
act_fn,10464,585.942
act_fn,10480,586.923
act_fn,10496,586.144
act_fn,10512,587.723
act_fn,10528,587.713
act_fn,10544,590.624
act_fn,10560,591.041
act_fn,10576,590.667
act_fn,10592,591.723
act_fn,10608,592.641
act_fn,10624,593.313
act_fn,10640,594.155
act_fn,10656,595.809
act_fn,10672,598.657
act_fn,10688,598.486
act_fn,10704,599.095
act_fn,10720,599.617
act_fn,10736,601.206
act_fn,10752,602.177
act_fn,10768,602.113
act_fn,10784,602.795
act_fn,10800,603.404
act_fn,10816,604.182
act_fn,10832,604.47
act_fn,10848,605.292
act_fn,10864,606.689
act_fn,10880,607.659
act_fn,10896,610.081
act_fn,10912,611.766
act_fn,10928,612.15
act_fn,10944,613.377
act_fn,10960,614.614
act_fn,10976,615.66
act_fn,10992,616.758
act_fn,11008,616.63
act_fn,11024,615.788
act_fn,11040,616.748
act_fn,11056,619.073
act_fn,11072,618.849
act_fn,11088,620.652
act_fn,11104,620.524
act_fn,11120,623.414
act_fn,11136,622.7
act_fn,11152,623.617
act_fn,11168,624.524
act_fn,11184,625.313
act_fn,11200,627.862
act_fn,11216,628.236
act_fn,11232,628.161
act_fn,11248,629.622
act_fn,11264,631.105
act_fn,11280,632.406
act_fn,11296,632.588
act_fn,11312,635.585
act_fn,11328,634.529
act_fn,11344,636.076
act_fn,11360,636.428
act_fn,11376,637.622
act_fn,11392,638.401
act_fn,11408,638.465
act_fn,11424,638.337
act_fn,11440,642.988
act_fn,11456,640.929
act_fn,11472,641.718
act_fn,11488,642.412
act_fn,11504,645.036
act_fn,11520,644.855
act_fn,11536,647.564
act_fn,11552,647.852
act_fn,11568,649.11
act_fn,11584,650.188
act_fn,11600,650.646
act_fn,11616,651.415
act_fn,11632,653.143
act_fn,11648,653.025
act_fn,11664,652.343
act_fn,11680,654.54
act_fn,11696,655.361
act_fn,11712,655.265
act_fn,11728,655.489
act_fn,11744,657.889
act_fn,11760,660.065
act_fn,11776,660.94
act_fn,11792,660.161
act_fn,11808,661.74
act_fn,11824,664.172
act_fn,11840,665.665
act_fn,11856,663.862
act_fn,11872,666.721
act_fn,11888,666.273
act_fn,11904,668.161
act_fn,11920,667.81
act_fn,11936,670.061
act_fn,11952,670.038
act_fn,11968,670.807
act_fn,11984,672.428
act_fn,12000,673.398
act_fn,12016,674.434
act_fn,12032,675.628
act_fn,12048,675.447
act_fn,12064,676.534
act_fn,12080,676.684
act_fn,12096,677.399
act_fn,12112,679.18
act_fn,12128,678.369
act_fn,12144,678.732
act_fn,12160,681.26
act_fn,12176,683.127
act_fn,12192,684.47
act_fn,12208,683.959
act_fn,12224,685.846
act_fn,12240,687.628
act_fn,12256,687.713
act_fn,12272,688.514
act_fn,12288,689.612
act_fn,12304,688.865
act_fn,12320,690.998
act_fn,12336,690.667
act_fn,12352,692.833
act_fn,12368,693.793
act_fn,12384,693.964
act_fn,12400,694.785
act_fn,12416,695.628
act_fn,12432,698.198
act_fn,12448,698.028
act_fn,12464,699.169
act_fn,12480,699.478
act_fn,12496,700.972
act_fn,12512,702.241
act_fn,12528,703.34
act_fn,12544,703.734
act_fn,12560,704.385
act_fn,12576,706.785
act_fn,12592,705.463
act_fn,12608,707.98
act_fn,12624,708.343
act_fn,12640,709.772
act_fn,12656,711.276
act_fn,12672,711.052
act_fn,12688,710.519
act_fn,12704,713.548
act_fn,12720,714.412
act_fn,12736,712.503
act_fn,12752,713.879
act_fn,12768,715.308
act_fn,12784,716.375
act_fn,12800,717.441
act_fn,12816,719.415
act_fn,12832,722.146
act_fn,12848,721.996
act_fn,12864,722.817
act_fn,12880,723.468
act_fn,12896,724.108
act_fn,12912,725.399
act_fn,12928,725.11
act_fn,12944,727.884
act_fn,12960,726.391
act_fn,12976,729.132
act_fn,12992,729.271
act_fn,13008,728.609
act_fn,13024,731.767
act_fn,13040,731.479
act_fn,13056,732.993
act_fn,13072,733.633
act_fn,13088,734.807
act_fn,13104,736.14
act_fn,13120,737.249
act_fn,13136,738.956
act_fn,13152,738.433
act_fn,13168,740.748
act_fn,13184,740.087
act_fn,13200,741.345
act_fn,13216,742.519
act_fn,13232,743.831
act_fn,13248,742.22
act_fn,13264,744.876
act_fn,13280,745.698
act_fn,13296,748.204
act_fn,13312,750.838
act_fn,13328,749.943
act_fn,13344,750.157
act_fn,13360,750.242
act_fn,13376,751.661
act_fn,13392,752.002
act_fn,13408,752.269
act_fn,13424,752.236
act_fn,13440,755.009
act_fn,13456,758.114
act_fn,13472,758.669
act_fn,13488,758.743
act_fn,13504,759.927
act_fn,13520,760.225
act_fn,13536,761.954
act_fn,13552,761.975
act_fn,13568,765.186
act_fn,13584,762.337
act_fn,13600,763.212
act_fn,13616,765.783
act_fn,13632,766.882
act_fn,13648,766.871
act_fn,13664,767.137
act_fn,13680,770.924
act_fn,13696,771.393
act_fn,13712,772.172
act_fn,13728,770.391
act_fn,13744,772.695
act_fn,13760,774.796
act_fn,13776,774.263
act_fn,13792,779.074
act_fn,13808,775.756
act_fn,13824,777.346
act_fn,13840,779.329
act_fn,13856,779.554
act_fn,13872,782.839
act_fn,13888,783.373
act_fn,13904,784.834
act_fn,13920,783.543
act_fn,13936,784.684
act_fn,13952,786.295
act_fn,13968,786.487
act_fn,13984,785.996
act_fn,14000,785.943
act_fn,14016,788.044
act_fn,14032,787.885
act_fn,14048,788.897
act_fn,14064,790.263
act_fn,14080,792.322
act_fn,14096,793.111
act_fn,14112,795.245
act_fn,14128,795.159
act_fn,14144,795.522
act_fn,14160,798.541
act_fn,14176,798.775
act_fn,14192,798.583
act_fn,14208,799.906
act_fn,14224,798.913
act_fn,14240,799.127
act_fn,14256,801.154
act_fn,14272,801.111
act_fn,14288,802.68
act_fn,14304,803.33
act_fn,14320,803.735
act_fn,14336,804.087
act_fn,14352,806.722
act_fn,14368,807.714
act_fn,14384,808.514
act_fn,14400,811.095
act_fn,14416,811.053
act_fn,14432,811.799
act_fn,14448,817.612
act_fn,14464,816.727
act_fn,14480,814.477
act_fn,14496,815.138
act_fn,14512,814.765
act_fn,14528,816.919
act_fn,14544,816.237
act_fn,14560,819.693
act_fn,14576,820.269
act_fn,14592,820.909
act_fn,14608,820.109
act_fn,14624,821.741
act_fn,14640,822.978
act_fn,14656,822.402
act_fn,14672,825.709
act_fn,14688,827.512
act_fn,14704,827.447
act_fn,14720,826.711
act_fn,14736,827.383
act_fn,14752,831.031
act_fn,14768,830.37
act_fn,14784,831.426
act_fn,14800,834.05
act_fn,14816,832.023
act_fn,14832,834.754
act_fn,14848,837.186
act_fn,14864,836.162
act_fn,14880,838.861
act_fn,14896,836.557
act_fn,14912,838.477
act_fn,14928,839.778
act_fn,14944,840.237
act_fn,14960,840.621
act_fn,14976,841.73
act_fn,14992,843.843
act_fn,15008,845.698
act_fn,15024,845.037
act_fn,15040,849.144
act_fn,15056,848.29
act_fn,15072,849.986
act_fn,15088,848.621
act_fn,15104,851.992
act_fn,15120,851.874
act_fn,15136,852.546
act_fn,15152,853.485
act_fn,15168,854.317
act_fn,15184,854.295
act_fn,15200,855.405
act_fn,15216,854.381
act_fn,15232,855.981
act_fn,15248,857.4
act_fn,15264,859.043
act_fn,15280,860.397
act_fn,15296,861.55
act_fn,15312,860.461
act_fn,15328,862.552
act_fn,15344,863.672
act_fn,15360,866.648
act_fn,15376,865.421
act_fn,15392,870.978
act_fn,15408,866.882
act_fn,15424,869.912
act_fn,15440,868.749
act_fn,15456,870.669
act_fn,15472,873.955
act_fn,15488,871.075
act_fn,15504,872.525
act_fn,15520,873.304
act_fn,15536,873.005
act_fn,15552,873.666
act_fn,15568,874.424
act_fn,15584,874.872
act_fn,15600,874.52
act_fn,15616,878.019
act_fn,15632,880.109
act_fn,15648,882.754
act_fn,15664,882.776
act_fn,15680,883.981
act_fn,15696,883.939
act_fn,15712,885.656
act_fn,15728,886.179
act_fn,15744,886.925
act_fn,15760,886.701
act_fn,15776,886.957
act_fn,15792,888.835
act_fn,15808,889.453
act_fn,15824,892.248
act_fn,15840,892.824
act_fn,15856,892.803
act_fn,15872,895.299
act_fn,15888,894.765
act_fn,15904,894.872
act_fn,15920,896.643
act_fn,15936,894.883
act_fn,15952,898.499
act_fn,15968,900.877
act_fn,15984,898.829
act_fn,16000,899.256
act_fn,16016,901.09
act_fn,16032,903.981
act_fn,16048,902.925
act_fn,16064,906.627
act_fn,16080,905.571
act_fn,16096,905.528
act_fn,16112,907.832
act_fn,16128,908.707
act_fn,16144,907.747
act_fn,16160,908.483
act_fn,16176,909.39
act_fn,16192,912.12
act_fn,16208,911.938
act_fn,16224,913.56
act_fn,16240,913.283
act_fn,16256,913.421
act_fn,16272,917.912
act_fn,16288,916.771
act_fn,16304,920.963
act_fn,16320,920.515
act_fn,16336,921.294
act_fn,16352,921.592
act_fn,16368,923.95
act_fn,16384,922.329
down_proj,1,158.623
down_proj,2,164.992
down_proj,3,164.287
down_proj,4,164.629
down_proj,5,168.896
down_proj,6,168.277
down_proj,7,168.821
down_proj,8,168.8
down_proj,9,169.162
down_proj,10,170.293
down_proj,11,169.418
down_proj,12,170.912
down_proj,13,168.565
down_proj,14,170.506
down_proj,15,169.983
down_proj,16,169.364
down_proj,20,178.41
down_proj,24,179.711
down_proj,28,179.626
down_proj,32,181.941
down_proj,36,189.408
down_proj,40,188.308
down_proj,44,189.13
down_proj,48,189.685
down_proj,52,193.056
down_proj,56,193.781
down_proj,60,194.282
down_proj,64,196.223
down_proj,80,190.208
down_proj,96,193.589
down_proj,112,192.735
down_proj,128,194.154
down_proj,144,202.133
down_proj,160,204.767
down_proj,176,204.693
down_proj,192,205.973
down_proj,208,208.394
down_proj,224,209.311
down_proj,240,210.783
down_proj,256,213.759
down_proj,272,423.006
down_proj,288,423.635
down_proj,304,423.231
down_proj,320,425.29
down_proj,336,424.959
down_proj,352,425.483
down_proj,368,425.215
down_proj,384,425.513
down_proj,400,426.601
down_proj,416,429.002
down_proj,432,427.241
down_proj,448,428.596
down_proj,464,429.983
down_proj,480,426.292
down_proj,496,429.118
down_proj,512,430.08
down_proj,528,633.491
down_proj,544,637.075
down_proj,560,637.427
down_proj,576,637.831
down_proj,592,639.592
down_proj,608,639.955
down_proj,624,638.1
down_proj,640,641.736
down_proj,656,642.739
down_proj,672,642.931
down_proj,688,642.526
down_proj,704,642.303
down_proj,720,644.585
down_proj,736,645.075
down_proj,752,646.547
down_proj,768,647.155
down_proj,784,638.685
down_proj,800,639.743
down_proj,816,659.508
down_proj,832,660.254
down_proj,848,656.329
down_proj,864,660.489
down_proj,880,660.242
down_proj,896,662.194
down_proj,912,661.204
down_proj,928,659.636
down_proj,944,658.132
down_proj,960,664.819
down_proj,976,664.423
down_proj,992,666.099
down_proj,1008,666.25
down_proj,1024,665.94
down_proj,1040,822.432
down_proj,1056,831.507
down_proj,1072,827.733
down_proj,1088,824.937
down_proj,1104,830.601
down_proj,1120,831.176
down_proj,1136,831.005
down_proj,1152,829.397
down_proj,1168,829.106
down_proj,1184,835.21
down_proj,1200,836.66
down_proj,1216,835.38
down_proj,1232,830.631
down_proj,1248,835.455
down_proj,1264,835.294
down_proj,1280,837.225
down_proj,1296,973.896
down_proj,1312,969.586
down_proj,1328,969.609
down_proj,1344,978.697
down_proj,1360,972.946
down_proj,1376,973.641
down_proj,1392,975.08
down_proj,1408,975.562
down_proj,1424,980.638
down_proj,1440,982.931
down_proj,1456,979.433
down_proj,1472,979.475
down_proj,1488,989.128
down_proj,1504,983.017
down_proj,1520,984.914
down_proj,1536,993.063
down_proj,1552,1238.48
down_proj,1568,1237.7
down_proj,1584,1239.12
down_proj,1600,1239.18
down_proj,1616,1238.93
down_proj,1632,1240.24
down_proj,1648,1239.66
down_proj,1664,1241.18
down_proj,1680,1240.95
down_proj,1696,1243.17
down_proj,1712,1242.37
down_proj,1728,1247.31
down_proj,1744,1245.6
down_proj,1760,1248.32
down_proj,1776,1247.72
down_proj,1792,1250.26
down_proj,1808,1240.27
down_proj,1824,1238.2
down_proj,1840,1240.28
down_proj,1856,1243.56
down_proj,1872,1242.13
down_proj,1888,1238.1
down_proj,1904,1244.21
down_proj,1920,1242.32
down_proj,1936,1245.22
down_proj,1952,1246.87
down_proj,1968,1248.36
down_proj,1984,1246.42
down_proj,2000,1246.18
down_proj,2016,1247.31
down_proj,2032,1247.36
down_proj,2048,1249.85
down_proj,2064,1409.5
down_proj,2080,1414.59
down_proj,2096,1414.77
down_proj,2112,1414.24
down_proj,2128,1415.49
down_proj,2144,1415.9
down_proj,2160,1418.2
down_proj,2176,1658.38
down_proj,2192,1656.96
down_proj,2208,1658.67
down_proj,2224,1660.52
down_proj,2240,1662.46
down_proj,2256,1660.12
down_proj,2272,1660.98
down_proj,2288,1661.47
down_proj,2304,1664.66
down_proj,2320,1657.7
down_proj,2336,1656.55
down_proj,2352,1658.8
down_proj,2368,1658.61
down_proj,2384,1654.77
down_proj,2400,1658.86
down_proj,2416,1659.21
down_proj,2432,1659.34
down_proj,2448,1662.62
down_proj,2464,1664.07
down_proj,2480,1662.94
down_proj,2496,1664.19
down_proj,2512,1666.33
down_proj,2528,1665.23
down_proj,2544,1671.51
down_proj,2560,1668.24
down_proj,2576,1663.12
down_proj,2592,1660.86
down_proj,2608,1664.8
down_proj,2624,1660.51
down_proj,2640,1663.14
down_proj,2656,1667.76
down_proj,2672,1662.98
down_proj,2688,1666.92
down_proj,2704,1664.74
down_proj,2720,1666.51
down_proj,2736,1668.35
down_proj,2752,1669.93
down_proj,2768,1668.6
down_proj,2784,1669.63
down_proj,2800,1672.24
down_proj,2816,1671.64
down_proj,2832,2071.93
down_proj,2848,2077.15
down_proj,2864,2070.84
down_proj,2880,2072.75
down_proj,2896,2074.35
down_proj,2912,2072.07
down_proj,2928,2078.2
down_proj,2944,2078.46
down_proj,2960,2074.85
down_proj,2976,2079.79
down_proj,2992,2076.96
down_proj,3008,2073.83
down_proj,3024,2078
down_proj,3040,2076.75
down_proj,3056,2080.96
down_proj,3072,2083.04
down_proj,3088,2075.56
down_proj,3104,2076.24
down_proj,3120,2073.18
down_proj,3136,2076.56
down_proj,3152,2082.13
down_proj,3168,2079.62
down_proj,3184,2076.88
down_proj,3200,2084.91
down_proj,3216,2085.79
down_proj,3232,2082.28
down_proj,3248,2081.64
down_proj,3264,2087.09
down_proj,3280,2083.88
down_proj,3296,2083.69
down_proj,3312,2085.84
down_proj,3328,2090.79
down_proj,3344,2080.37
down_proj,3360,2076.65
down_proj,3376,2083.69
down_proj,3392,2079.59
down_proj,3408,2086.62
down_proj,3424,2084.17
down_proj,3440,2084.88
down_proj,3456,2087.45
down_proj,3472,2088.39
down_proj,3488,2086.82
down_proj,3504,2085.18
down_proj,3520,2091.26
down_proj,3536,2094.54
down_proj,3552,2087.47
down_proj,3568,2091.81
down_proj,3584,2092.14
down_proj,3600,2496.59
down_proj,3616,2498.13
down_proj,3632,2501.81
down_proj,3648,2502.08
down_proj,3664,2502.05
down_proj,3680,2498.07
down_proj,3696,2500.53
down_proj,3712,2500.46
down_proj,3728,2499.56
down_proj,3744,2510.9
down_proj,3760,2507.69
down_proj,3776,2506.39
down_proj,3792,2509.97
down_proj,3808,2510.72
down_proj,3824,2507.64
down_proj,3840,2509.88
down_proj,3856,2506.72
down_proj,3872,2504.18
down_proj,3888,2506.25
down_proj,3904,2510
down_proj,3920,2506.24
down_proj,3936,2510.4
down_proj,3952,2510.52
down_proj,3968,2510.65
down_proj,3984,2510.06
down_proj,4000,2513.13
down_proj,4016,2513.48
down_proj,4032,2511.94
down_proj,4048,2514.72
down_proj,4064,2518.37
down_proj,4080,2516.37
down_proj,4096,2520.7
down_proj,4112,2506.77
down_proj,4128,2510.68
down_proj,4144,2513.23
down_proj,4160,2512.03
down_proj,4176,2519.09
down_proj,4192,2516.89
down_proj,4208,2514.78
down_proj,4224,2518.24
down_proj,4240,2514.47
down_proj,4256,2522.42
down_proj,4272,2515.9
down_proj,4288,2521.26
down_proj,4304,2521.6
down_proj,4320,2524.08
down_proj,4336,2526.93
down_proj,4352,2522.66
down_proj,4368,2932.82
down_proj,4384,2930.61
down_proj,4400,2925.77
down_proj,4416,2933.39
down_proj,4432,2932.84
down_proj,4448,2931.19
down_proj,4464,2935.56
down_proj,4480,2931.39
down_proj,4496,2942.47
down_proj,4512,2937.55
down_proj,4528,2940.35
down_proj,4544,2939.29
down_proj,4560,2940.61
down_proj,4576,2944.75
down_proj,4592,2948.55
down_proj,4608,2944.42
down_proj,4624,2934.69
down_proj,4640,2940.15
down_proj,4656,2938.67
down_proj,4672,2940.44
down_proj,4688,2934.77
down_proj,4704,2940.74
down_proj,4720,2936.79
down_proj,4736,2943.32
down_proj,4752,2951.95
down_proj,4768,2950.17
down_proj,4784,2947.48
down_proj,4800,2946.76
down_proj,4816,2955.44
down_proj,4832,2948.54
down_proj,4848,2948.71
down_proj,4864,2949.58
down_proj,4880,2945.75
down_proj,4896,2942.25
down_proj,4912,2953.15
down_proj,4928,2947.78
down_proj,4944,2945.16
down_proj,4960,2948.22
down_proj,4976,2956.75
down_proj,4992,2952.46
down_proj,5008,2953.92
down_proj,5024,2956.35
down_proj,5040,2954.54
down_proj,5056,2955.57
down_proj,5072,2959.48
down_proj,5088,2955.22
down_proj,5104,2959.9
down_proj,5120,2960.07
down_proj,5136,3365.3
down_proj,5152,3359.67
down_proj,5168,3359.19
down_proj,5184,3364.49
down_proj,5200,3369.04
down_proj,5216,3371.69
down_proj,5232,3366.08
down_proj,5248,3364.71
down_proj,5264,3359.94
down_proj,5280,3373.8
down_proj,5296,3367.72
down_proj,5312,3374.51
down_proj,5328,3370.11
down_proj,5344,3367.89
down_proj,5360,3376.37
down_proj,5376,3380.89
down_proj,5392,3367.91
down_proj,5408,3383.61
down_proj,5424,3372.58
down_proj,5440,3378.68
down_proj,5456,3377.07
down_proj,5472,3377.75
down_proj,5488,3370.15
down_proj,5504,3380.43
down_proj,5520,3380.08
down_proj,5536,3382.81
down_proj,5552,3378.41
down_proj,5568,3380.9
down_proj,5584,3380.32
down_proj,5600,3386.92
down_proj,5616,3380.11
down_proj,5632,3380.49
down_proj,5648,3377.29
down_proj,5664,3383.59
down_proj,5680,3378.92
down_proj,5696,3387.57
down_proj,5712,3386.34
down_proj,5728,3317.07
down_proj,5744,3383.78
down_proj,5760,3387.28
down_proj,5776,3384.3
down_proj,5792,3392.19
down_proj,5808,3393.32
down_proj,5824,3342.95
down_proj,5840,3373.42
down_proj,5856,3373.75
down_proj,5872,3396.8
down_proj,5888,3399.51
down_proj,5904,3799.21
down_proj,5920,3795.12
down_proj,5936,3759.92
down_proj,5952,3799.3
down_proj,5968,3727.16
down_proj,5984,3750.15
down_proj,6000,3738.27
down_proj,6016,3717.96
down_proj,6032,3691.94
down_proj,6048,3721.09
down_proj,6064,3802.96
down_proj,6080,3783.56
down_proj,6096,3728.53
down_proj,6112,3709.14
down_proj,6128,3726.11
down_proj,6144,3808.3
down_proj,6160,3718.62
down_proj,6176,3806.9
down_proj,6192,3719.07
down_proj,6208,3729.44
down_proj,6224,3722.77
down_proj,6240,3802.21
down_proj,6256,3814.77
down_proj,6272,3805.35
down_proj,6288,3677.49
down_proj,6304,3807.71
down_proj,6320,3679.37
down_proj,6336,3721.85
down_proj,6352,3681.31
down_proj,6368,3810.67
down_proj,6384,3729.92
down_proj,6400,3817.43
down_proj,6416,3667.29
down_proj,6432,3814.02
down_proj,6448,3654.77
down_proj,6464,3817.59
down_proj,6480,3729.33
down_proj,6496,3666.24
down_proj,6512,3732.12
down_proj,6528,3695.18
down_proj,6544,3747.33
down_proj,6560,3665.3
down_proj,6576,3738.01
down_proj,6592,3664.34
down_proj,6608,3670.82
down_proj,6624,3744.02
down_proj,6640,3740.17
down_proj,6656,3651.23
down_proj,6672,4052.73
down_proj,6688,4124.35
down_proj,6704,4066.11
down_proj,6720,4061.84
down_proj,6736,4021.33
down_proj,6752,4056.41
down_proj,6768,4152.63
down_proj,6784,4150.21
down_proj,6800,4043.83
down_proj,6816,4140.27
down_proj,6832,4056.14
down_proj,6848,4150.42
down_proj,6864,4144.97
down_proj,6880,4073.21
down_proj,6896,4020.56
down_proj,6912,4144.76
down_proj,6928,4030.91
down_proj,6944,4134.65
down_proj,6960,4059.9
down_proj,6976,3966.38
down_proj,6992,3995.22
down_proj,7008,3988.77
down_proj,7024,3973.62
down_proj,7040,4137.8
down_proj,7056,4050.5
down_proj,7072,4057.83
down_proj,7088,4053.37
down_proj,7104,4069.44
down_proj,7120,3957.04
down_proj,7136,3978.33
down_proj,7152,4051.02
down_proj,7168,4078.5
down_proj,7184,4046.18
down_proj,7200,4059.21
down_proj,7216,3952.67
down_proj,7232,4050.9
down_proj,7248,4059.24
down_proj,7264,4070.53
down_proj,7280,3980.07
down_proj,7296,4009.3
down_proj,7312,3952.14
down_proj,7328,3953.41
down_proj,7344,3976.86
down_proj,7360,3960.07
down_proj,7376,4039.39
down_proj,7392,3956.98
down_proj,7408,3958.82
down_proj,7424,3981.46
down_proj,7440,4333.96
down_proj,7456,4339.31
down_proj,7472,4464.03
down_proj,7488,4552.45
down_proj,7504,4334.43
down_proj,7520,4350.57
down_proj,7536,4392.31
down_proj,7552,4464
down_proj,7568,4451.15
down_proj,7584,4449.74
down_proj,7600,4443
down_proj,7616,4448.48
down_proj,7632,4407.46
down_proj,7648,4347.41
down_proj,7664,4368.05
down_proj,7680,4380.17
down_proj,7696,4352.52
down_proj,7712,4342.9
down_proj,7728,4353.76
down_proj,7744,4365.31
down_proj,7760,4357.77
down_proj,7776,4359.91
down_proj,7792,4358.64
down_proj,7808,4451.02
down_proj,7824,4351.47
down_proj,7840,4359.6
down_proj,7856,4355.07
down_proj,7872,4364.49
down_proj,7888,4352.49
down_proj,7904,4492.07
down_proj,7920,4366.26
down_proj,7936,4362.09
down_proj,7952,4367.86
down_proj,7968,4346.93
down_proj,7984,4361.42
down_proj,8000,4350.67
down_proj,8016,4358.16
down_proj,8032,4462.73
down_proj,8048,4389.5
down_proj,8064,4363.39
down_proj,8080,4384.08
down_proj,8096,4467.15
down_proj,8112,4371.23
down_proj,8128,4360.14
down_proj,8144,4358.62
down_proj,8160,4362.54
down_proj,8176,4359.27
down_proj,8192,4363.11
down_proj,8208,4756.88
down_proj,8224,4735.6
down_proj,8240,4737.76
down_proj,8256,4739.08
down_proj,8272,4737.46
down_proj,8288,4757.57
down_proj,8304,4734.55
down_proj,8320,4755.01
down_proj,8336,4737.7
down_proj,8352,4763.7
down_proj,8368,4734.69
down_proj,8384,4738.01
down_proj,8400,4739.43
down_proj,8416,4749.55
down_proj,8432,4734.65
down_proj,8448,4733.42
down_proj,8464,4739.51
down_proj,8480,4742.07
down_proj,8496,4740.64
down_proj,8512,4755.5
down_proj,8528,4738.01
down_proj,8544,4744.62
down_proj,8560,4740.06
down_proj,8576,4753.38
down_proj,8592,4739.91
down_proj,8608,4740.8
down_proj,8624,4745.61
down_proj,8640,4741.89
down_proj,8656,4742.08
down_proj,8672,4759.01
down_proj,8688,4743.77
down_proj,8704,4770.33
down_proj,8720,4748.75
down_proj,8736,4745.79
down_proj,8752,4751.55
down_proj,8768,4748.21
down_proj,8784,4754.49
down_proj,8800,4741.61
down_proj,8816,4755.53
down_proj,8832,4752.32
down_proj,8848,4761.6
down_proj,8864,4751.48
down_proj,8880,4757.26
down_proj,8896,4761.52
down_proj,8912,4760.94
down_proj,8928,4750.49
down_proj,8944,4755.22
down_proj,8960,4757.19
down_proj,8976,5138.89
down_proj,8992,5139.49
down_proj,9008,5128.63
down_proj,9024,5134.08
down_proj,9040,5127.75
down_proj,9056,5148.16
down_proj,9072,5136.6
down_proj,9088,5136.23
down_proj,9104,5136.46
down_proj,9120,5124.15
down_proj,9136,5144.12
down_proj,9152,5137.07
down_proj,9168,5141.37
down_proj,9184,5136
down_proj,9200,5142.52
down_proj,9216,5150.12
down_proj,9232,5137.45
down_proj,9248,5135.94
down_proj,9264,5139.07
down_proj,9280,5137.34
down_proj,9296,5147.44
down_proj,9312,5144.32
down_proj,9328,5139.39
down_proj,9344,5141.54
down_proj,9360,5135.72
down_proj,9376,5151.25
down_proj,9392,5144.1
down_proj,9408,5137.17
down_proj,9424,5143.24
down_proj,9440,5139.27
down_proj,9456,5138.23
down_proj,9472,5137.16
down_proj,9488,5142.89
down_proj,9504,5148.88
down_proj,9520,5159.58
down_proj,9536,5149.28
down_proj,9552,5148.04
down_proj,9568,5152.27
down_proj,9584,5155.38
down_proj,9600,5151.94
down_proj,9616,5151.76
down_proj,9632,5155.04
down_proj,9648,5154.21
down_proj,9664,5162.68
down_proj,9680,5163.99
down_proj,9696,5162.96
down_proj,9712,5158.56
down_proj,9728,5163.51
down_proj,9744,5529.59
down_proj,9760,5541.73
down_proj,9776,5528.9
down_proj,9792,5541.36
down_proj,9808,5537.97
down_proj,9824,5541.59
down_proj,9840,5534.34
down_proj,9856,5537.04
down_proj,9872,5537.46
down_proj,9888,5538.48
down_proj,9904,5542.19
down_proj,9920,5534.45
down_proj,9936,5536.92
down_proj,9952,5539.51
down_proj,9968,5537.17
down_proj,9984,5553.69
down_proj,10000,5553.99
down_proj,10016,5535.16
down_proj,10032,5542.51
down_proj,10048,5536.57
down_proj,10064,5554.55
down_proj,10080,5542.09
down_proj,10096,5539.45
down_proj,10112,5556.06
down_proj,10128,5541.24
down_proj,10144,5562.66
down_proj,10160,5546.93
down_proj,10176,5543.64
down_proj,10192,5546.8
down_proj,10208,5557.63
down_proj,10224,5541.08
down_proj,10240,5546.46
down_proj,10256,5559.31
down_proj,10272,5544.4
down_proj,10288,5575.08
down_proj,10304,5555.99
down_proj,10320,5565.04
down_proj,10336,5557.43
down_proj,10352,5568.35
down_proj,10368,5551.12
down_proj,10384,5574.43
down_proj,10400,5557.19
down_proj,10416,5571.39
down_proj,10432,5568.29
down_proj,10448,5563.28
down_proj,10464,5585.67
down_proj,10480,5556.89
down_proj,10496,5573.75
down_proj,10512,5931.26
down_proj,10528,5926.48
down_proj,10544,5931.52
down_proj,10560,5952.4
down_proj,10576,5940.99
down_proj,10592,5950.52
down_proj,10608,5966.54
down_proj,10624,5953.63
down_proj,10640,5935.2
down_proj,10656,5966.94
down_proj,10672,5954.95
down_proj,10688,5954.07
down_proj,10704,5959.22
down_proj,10720,5946.04
down_proj,10736,5963.16
down_proj,10752,5965.29
down_proj,10768,5960.11
down_proj,10784,5956
down_proj,10800,5945.56
down_proj,10816,5965.14
down_proj,10832,5959.96
down_proj,10848,5962.99
down_proj,10864,5970.9
down_proj,10880,5939.11
down_proj,10896,5958.4
down_proj,10912,5943.64
down_proj,10928,5955.83
down_proj,10944,5948
down_proj,10960,5972.35
down_proj,10976,5975.38
down_proj,10992,5974.28
down_proj,11008,5970.77
down_proj,11024,5968.8
down_proj,11040,5983.72
down_proj,11056,5954.75
down_proj,11072,5955.22
down_proj,11088,5962.13
down_proj,11104,5947.3
down_proj,11120,5956.39
down_proj,11136,5990.46
down_proj,11152,5972.17
down_proj,11168,5972.61
down_proj,11184,5965.74
down_proj,11200,5971.87
down_proj,11216,6003.52
down_proj,11232,6000.92
down_proj,11248,5986.28
down_proj,11264,5970.25
down_proj,11280,6343.15
down_proj,11296,6351.33
down_proj,11312,6339.53
down_proj,11328,6348.38
down_proj,11344,6363.35
down_proj,11360,6348.69
down_proj,11376,6377.02
down_proj,11392,6327.92
down_proj,11408,6339.05
down_proj,11424,6362.94
down_proj,11440,6366.71
down_proj,11456,6381.18
down_proj,11472,6336.58
down_proj,11488,6373.88
down_proj,11504,6355.07
down_proj,11520,6355.44
down_proj,11536,6350.13
down_proj,11552,6368.27
down_proj,11568,6360.43
down_proj,11584,6372.34
down_proj,11600,6359.65
down_proj,11616,6363.38
down_proj,11632,6343.66
down_proj,11648,6387.97
down_proj,11664,6347.64
down_proj,11680,6357.69
down_proj,11696,6374.08
down_proj,11712,6372.19
down_proj,11728,6363.74
down_proj,11744,6381.09
down_proj,11760,6378.06
down_proj,11776,6370.71
down_proj,11792,6385.24
down_proj,11808,6372.64
down_proj,11824,6382.01
down_proj,11840,6369.43
down_proj,11856,6380.49
down_proj,11872,6376.53
down_proj,11888,6382.42
down_proj,11904,6403.99
down_proj,11920,6415.34
down_proj,11936,6394.24
down_proj,11952,6400.08
down_proj,11968,6386.07
down_proj,11984,6387.66
down_proj,12000,6393.05
down_proj,12016,6387.82
down_proj,12032,6396.37
down_proj,12048,6766.96
down_proj,12064,6760.83
down_proj,12080,6768.61
down_proj,12096,6768.38
down_proj,12112,6752.57
down_proj,12128,6774.82
down_proj,12144,6757.78
down_proj,12160,6741.38
down_proj,12176,6760.88
down_proj,12192,6762.38
down_proj,12208,6766.68
down_proj,12224,6755.01
down_proj,12240,6767.51
down_proj,12256,6770.23
down_proj,12272,6772.21
down_proj,12288,6773.47
down_proj,12304,6773.81
down_proj,12320,6767.66
down_proj,12336,6780.28
down_proj,12352,6784.23
down_proj,12368,6778.12
down_proj,12384,6764.97
down_proj,12400,6782.01
down_proj,12416,6780.13
down_proj,12432,6775.34
down_proj,12448,6783.16
down_proj,12464,6780.76
down_proj,12480,6783.35
down_proj,12496,6799.47
down_proj,12512,6772.09
down_proj,12528,6770.5
down_proj,12544,6782.09
down_proj,12560,6784.3
down_proj,12576,6792.02
down_proj,12592,6787.25
down_proj,12608,6796.44
down_proj,12624,6792.08
down_proj,12640,6805.65
down_proj,12656,6793.41
down_proj,12672,6793.29
down_proj,12688,7181.51
down_proj,12704,7158.96
down_proj,12720,7165.43
down_proj,12736,7164.57
down_proj,12752,7158.52
down_proj,12768,7164.88
down_proj,12784,7177.22
down_proj,12800,7173.75
down_proj,12816,7173.88
down_proj,12832,7186.63
down_proj,12848,7176.51
down_proj,12864,7167.59
down_proj,12880,7167.41
down_proj,12896,7174.3
down_proj,12912,7186.22
down_proj,12928,7173.06
down_proj,12944,7181.14
down_proj,12960,7194.95
down_proj,12976,7176
down_proj,12992,7174.28
down_proj,13008,7171.65
down_proj,13024,7178.19
down_proj,13040,7171.36
down_proj,13056,7180.76
down_proj,13072,7176.41
down_proj,13088,7177.79
down_proj,13104,7188.98
down_proj,13120,7181.37
down_proj,13136,7183.39
down_proj,13152,7195.19
down_proj,13168,7182.12
down_proj,13184,7188.25
down_proj,13200,7190.25
down_proj,13216,7194.06
down_proj,13232,7191.52
down_proj,13248,7205.98
down_proj,13264,7207.8
down_proj,13280,7199.99
down_proj,13296,7209.5
down_proj,13312,7202.6
down_proj,13328,7208.88
down_proj,13344,7223.5
down_proj,13360,7202.53
down_proj,13376,7209.53
down_proj,13392,7201.79
down_proj,13408,7198.4
down_proj,13424,7209.54
down_proj,13440,7202.16
down_proj,13456,7579.48
down_proj,13472,7587.44
down_proj,13488,7599.86
down_proj,13504,7578.51
down_proj,13520,7582.67
down_proj,13536,7578.67
down_proj,13552,7570.99
down_proj,13568,7571.95
down_proj,13584,7595.7
down_proj,13600,7585.79
down_proj,13616,7590.31
down_proj,13632,7583.22
down_proj,13648,7619.54
down_proj,13664,7575.91
down_proj,13680,7580.15
down_proj,13696,7602.56
down_proj,13712,7592.85
down_proj,13728,7588.12
down_proj,13744,7590.09
down_proj,13760,7590.59
down_proj,13776,7588.54
down_proj,13792,7591.53
down_proj,13808,7589.98
down_proj,13824,7598.14
down_proj,13840,7601.79
down_proj,13856,7624.59
down_proj,13872,7638.62
down_proj,13888,7610.07
down_proj,13904,7611.94
down_proj,13920,7616.11
down_proj,13936,7618.95
down_proj,13952,7617.29
down_proj,13968,7618.16
down_proj,13984,7629.24
down_proj,14000,7647.55
down_proj,14016,7636.44
down_proj,14032,7609.9
down_proj,14048,7605.07
down_proj,14064,7630.66
down_proj,14080,7605.96
down_proj,14096,7614.93
down_proj,14112,7660.43
down_proj,14128,7667.72
down_proj,14144,7626.45
down_proj,14160,7618.49
down_proj,14176,7620.01
down_proj,14192,7649.78
down_proj,14208,7633.49
down_proj,14224,8013.96
down_proj,14240,8010.5
down_proj,14256,7995.58
down_proj,14272,8000.51
down_proj,14288,7989.77
down_proj,14304,8057.28
down_proj,14320,7989.77
down_proj,14336,7980.26
down_proj,14352,8046.37
down_proj,14368,8021.22
down_proj,14384,7977.18
down_proj,14400,8026.73
down_proj,14416,8015.79
down_proj,14432,7991.09
down_proj,14448,7991.73
down_proj,14464,8003.99
down_proj,14480,8008.43
down_proj,14496,7993.61
down_proj,14512,8003.44
down_proj,14528,7992.16
down_proj,14544,8044.2
down_proj,14560,8022.29
down_proj,14576,8045.2
down_proj,14592,8009.96
down_proj,14608,8038.9
down_proj,14624,8066.4
down_proj,14640,8026.32
down_proj,14656,8062.78
down_proj,14672,8011.45
down_proj,14688,8003.88
down_proj,14704,8018.04
down_proj,14720,8010.16
down_proj,14736,8024.01
down_proj,14752,8049.31
down_proj,14768,8018.11
down_proj,14784,8055.17
down_proj,14800,8025.37
down_proj,14816,8024.67
down_proj,14832,8094.35
down_proj,14848,8089.49
down_proj,14864,8118.06
down_proj,14880,8076.27
down_proj,14896,8090.62
down_proj,14912,8050.06
down_proj,14928,8048.06
down_proj,14944,8054.26
down_proj,14960,8106.7
down_proj,14976,8104.46
down_proj,14992,8434.18
down_proj,15008,8420.85
down_proj,15024,8414.62
down_proj,15040,8425.56
down_proj,15056,8463.61
down_proj,15072,8412.28
down_proj,15088,8401.06
down_proj,15104,8419.67
down_proj,15120,8421.59
down_proj,15136,8470.44
down_proj,15152,8414.7
down_proj,15168,8425.37
down_proj,15184,8422.73
down_proj,15200,8449.33
down_proj,15216,8468.17
down_proj,15232,8447.84
down_proj,15248,8424.7
down_proj,15264,8435.58
down_proj,15280,8432.15
down_proj,15296,8496.75
down_proj,15312,8437.93
down_proj,15328,8420.23
down_proj,15344,8446.77
down_proj,15360,8440
down_proj,15376,8489.39
down_proj,15392,8434.11
down_proj,15408,8459.64
down_proj,15424,8449.87
down_proj,15440,8444.4
down_proj,15456,8440.51
down_proj,15472,8500.1
down_proj,15488,8469.85
down_proj,15504,8515.89
down_proj,15520,8502.36
down_proj,15536,8498.9
down_proj,15552,8463.73
down_proj,15568,8515.13
down_proj,15584,8508.56
down_proj,15600,8504.82
down_proj,15616,8498.61
down_proj,15632,8508.27
down_proj,15648,8475.68
down_proj,15664,8509.69
down_proj,15680,8474.49
down_proj,15696,8506.06
down_proj,15712,8494.7
down_proj,15728,8508.09
down_proj,15744,8481.08
down_proj,15760,8894.41
down_proj,15776,8866.29
down_proj,15792,8879.59
down_proj,15808,8856.64
down_proj,15824,8860.68
down_proj,15840,8885.22
down_proj,15856,8868.98
down_proj,15872,8861.87
down_proj,15888,8881.68
down_proj,15904,8877.11
down_proj,15920,8863.35
down_proj,15936,8856.55
down_proj,15952,8872.04
down_proj,15968,8881.87
down_proj,15984,8864.95
down_proj,16000,8882.75
down_proj,16016,8881.92
down_proj,16032,8868.37
down_proj,16048,8876.19
down_proj,16064,8862.57
down_proj,16080,8899.51
down_proj,16096,8889.78
down_proj,16112,8865.64
down_proj,16128,8894.01
down_proj,16144,8901.39
down_proj,16160,8888.65
down_proj,16176,8885.49
down_proj,16192,8888.59
down_proj,16208,8913.23
down_proj,16224,8910.09
down_proj,16240,8907.38
down_proj,16256,8906.09
down_proj,16272,8910.23
down_proj,16288,8911.8
down_proj,16304,8920.28
down_proj,16320,8929.41
down_proj,16336,8901.62
down_proj,16352,8911.25
down_proj,16368,8921.02
down_proj,16384,8904.28
embedding,1,2.645
embedding,2,3.34967
embedding,3,3.59533
embedding,4,3.87167
embedding,5,4.23467
embedding,6,4.52267
embedding,7,4.65033
embedding,8,4.67167
embedding,9,5.248
embedding,10,5.46133
embedding,11,5.728
embedding,12,5.83467
embedding,13,6.19733
embedding,14,6.44267
embedding,15,6.69867
embedding,16,6.63467
embedding,20,2.92267
embedding,24,2.74167
embedding,28,2.99733
embedding,32,2.72
embedding,36,3.06133
embedding,40,2.805
embedding,44,2.92267
embedding,48,2.74133
embedding,52,3.08267
embedding,56,2.82633
embedding,60,3.06133
embedding,64,2.80533
embedding,80,2.96567
embedding,96,3.12533
embedding,112,3.2
embedding,128,3.30667
embedding,144,3.77633
embedding,160,3.808
embedding,176,3.872
embedding,192,4.096
embedding,208,4.08467
embedding,224,4.182
embedding,240,4.28867
embedding,256,4.448
embedding,272,4.77867
embedding,288,4.768
embedding,304,4.90667
embedding,320,5.23733
embedding,336,5.04533
embedding,352,5.06667
embedding,368,5.14167
embedding,384,5.22667
embedding,400,5.643
embedding,416,5.62133
embedding,432,5.73867
embedding,448,5.792
embedding,464,5.90933
embedding,480,5.99467
embedding,496,6.05867
embedding,512,6.13367
embedding,528,6.25067
embedding,544,6.22933
embedding,560,6.176
embedding,576,6.43167
embedding,592,6.56
embedding,608,6.624
embedding,624,6.73067
embedding,640,6.84767
embedding,656,6.90133
embedding,672,7.02933
embedding,688,6.97567
embedding,704,7.08233
embedding,720,7.12533
embedding,736,7.296
embedding,752,7.22133
embedding,768,7.27467
embedding,784,7.39233
embedding,800,7.49867
embedding,816,7.60533
embedding,832,7.71233
embedding,848,7.66933
embedding,864,7.85067
embedding,880,7.776
embedding,896,7.91433
embedding,912,8.01033
embedding,928,8.085
embedding,944,8.10667
embedding,960,8.22433
embedding,976,8.37333
embedding,992,8.41567
embedding,1008,8.43733
embedding,1024,8.59733
embedding,1040,8.65067
embedding,1056,8.70367
embedding,1072,8.86333
embedding,1088,8.94933
embedding,1104,8.98167
embedding,1120,9.09867
embedding,1136,9.20533
embedding,1152,9.17267
embedding,1168,9.365
embedding,1184,9.33333
embedding,1200,9.49333
embedding,1216,9.408
embedding,1232,9.50333
embedding,1248,9.64267
embedding,1264,9.58933
embedding,1280,9.685
embedding,1296,9.73867
embedding,1312,9.87733
embedding,1328,9.94067
embedding,1344,9.87733
embedding,1360,9.952
embedding,1376,10.08
embedding,1392,10.1653
embedding,1408,10.2287
embedding,1424,10.272
embedding,1440,10.4853
embedding,1456,10.4857
embedding,1472,10.5493
embedding,1488,10.5383
embedding,1504,10.645
embedding,1520,10.8373
embedding,1536,10.8053
embedding,1552,10.8907
embedding,1568,10.827
embedding,1584,10.912
embedding,1600,11.1683
embedding,1616,11.178
embedding,1632,11.157
embedding,1648,11.3173
embedding,1664,11.3067
embedding,1680,11.445
embedding,1696,11.4453
embedding,1712,11.5843
embedding,1728,11.595
embedding,1744,11.744
embedding,1760,11.7653
embedding,1776,11.8717
embedding,1792,11.968
embedding,1808,12.0323
embedding,1824,12.1067
embedding,1840,12.1597
embedding,1856,12.2667
embedding,1872,12.5013
embedding,1888,12.4057
embedding,1904,12.4483
embedding,1920,12.5547
embedding,1936,12.651
embedding,1952,12.6933
embedding,1968,12.821
embedding,1984,12.95
embedding,2000,13.0347
embedding,2016,13.1093
embedding,2032,13.344
embedding,2048,13.3867
embedding,2064,13.4503
embedding,2080,13.739
embedding,2096,13.7923
embedding,2112,13.6213
embedding,2128,13.8027
embedding,2144,13.76
embedding,2160,13.7487
embedding,2176,14.112
embedding,2192,14.2827
embedding,2208,14.0693
embedding,2224,14.304
embedding,2240,14.4643
embedding,2256,14.4533
embedding,2272,14.6027
embedding,2288,14.5593
embedding,2304,14.571
embedding,2320,14.8373
embedding,2336,15.072
embedding,2352,15.008
embedding,2368,15.2437
embedding,2384,15.5197
embedding,2400,15.1253
embedding,2416,15.3283
embedding,2432,15.5947
embedding,2448,15.68
embedding,2464,15.424
embedding,2480,16
embedding,2496,15.8293
embedding,2512,15.9567
embedding,2528,16.3307
embedding,2544,16.0537
embedding,2560,16.0857
embedding,2576,16.2237
embedding,2592,16.7253
embedding,2608,16.448
embedding,2624,16.5017
embedding,2640,16.7463
embedding,2656,16.832
embedding,2672,16.6293
embedding,2688,16.7893
embedding,2704,16.896
embedding,2720,17.152
embedding,2736,16.9387
embedding,2752,17.1627
embedding,2768,17.131
embedding,2784,17.5147
embedding,2800,17.4397
embedding,2816,17.269
embedding,2832,17.771
embedding,2848,17.4933
embedding,2864,17.696
embedding,2880,17.6743
embedding,2896,17.7067
embedding,2912,17.6107
embedding,2928,17.7493
embedding,2944,18.3893
embedding,2960,17.9837
embedding,2976,17.6533
embedding,2992,18.4953
embedding,3008,18.2937
embedding,3024,18.175
embedding,3040,18.3577
embedding,3056,18.2287
embedding,3072,18.4963
embedding,3088,18.144
embedding,3104,18.6567
embedding,3120,18.5067
embedding,3136,18.624
embedding,3152,18.6457
embedding,3168,18.9333
embedding,3184,19.584
embedding,3200,19.4773
embedding,3216,19.104
embedding,3232,19.413
embedding,3248,19.0607
embedding,3264,19.3173
embedding,3280,19.2747
embedding,3296,19.5307
embedding,3312,19.8613
embedding,3328,20.1917
embedding,3344,19.7003
embedding,3360,19.6163
embedding,3376,19.531
embedding,3392,19.968
embedding,3408,20.032
embedding,3424,20.33
embedding,3440,20.161
embedding,3456,19.872
embedding,3472,20.576
embedding,3488,20.2663
embedding,3504,21.0883
embedding,3520,20.2453
embedding,3536,20.448
embedding,3552,20.288
embedding,3568,21.1097
embedding,3584,20.8107
embedding,3600,20.832
embedding,3616,21.088
embedding,3632,21.2267
embedding,3648,20.7253
embedding,3664,21.248
embedding,3680,21.045
embedding,3696,21.2477
embedding,3712,21.3547
embedding,3728,21.824
embedding,3744,21.344
embedding,3760,21.9307
embedding,3776,21.6537
embedding,3792,21.6107
embedding,3808,21.5893
embedding,3824,21.7607
embedding,3840,21.9947
embedding,3856,21.973
embedding,3872,22.1547
embedding,3888,21.9947
embedding,3904,22.3253
embedding,3920,21.8027
embedding,3936,22.0047
embedding,3952,22.4747
embedding,3968,22.5277
embedding,3984,22.464
embedding,4000,22.3037
embedding,4016,22.5387
embedding,4032,22.88
embedding,4048,22.7627
embedding,4064,22.8793
embedding,4080,22.709
embedding,4096,22.9763
embedding,4112,22.816
embedding,4128,22.944
embedding,4144,23.0933
embedding,4160,23.1893
embedding,4176,23.2427
embedding,4192,23.0827
embedding,4208,23.4873
embedding,4224,23.5947
embedding,4240,23.4347
embedding,4256,23.5947
embedding,4272,24.0107
embedding,4288,24.267
embedding,4304,23.6373
embedding,4320,23.6377
embedding,4336,23.9037
embedding,4352,23.9683
embedding,4368,24.0423
embedding,4384,24.6503
embedding,4400,24.6183
embedding,4416,24.512
embedding,4432,24.96
embedding,4448,24.5653
embedding,4464,25.3013
embedding,4480,24.6293
embedding,4496,25.1947
embedding,4512,25.3223
embedding,4528,25.1413
embedding,4544,25.3013
embedding,4560,25.8347
embedding,4576,25.3227
embedding,4592,25.259
embedding,4608,25.547
embedding,4624,25.898
embedding,4640,25.6853
embedding,4656,26.0587
embedding,4672,25.888
embedding,4688,26.122
embedding,4704,26.1867
embedding,4720,26.2193
embedding,4736,26.453
embedding,4752,26.5173
embedding,4768,27.008
embedding,4784,26.571
embedding,4800,26.6773
embedding,4816,27.168
embedding,4832,27.2107
embedding,4848,27.2527
embedding,4864,27.264
embedding,4880,27.232
embedding,4896,27.6157
embedding,4912,27.5093
embedding,4928,28.2027
embedding,4944,28.8533
embedding,4960,28.512
embedding,4976,28.224
embedding,4992,28.3727
embedding,5008,29.1413
embedding,5024,29.2267
embedding,5040,28.8
embedding,5056,29.131
embedding,5072,29.5787
embedding,5088,29.163
embedding,5104,29.9847
embedding,5120,29.408
embedding,5136,29.8133
embedding,5152,29.397
embedding,5168,29.696
embedding,5184,29.973
embedding,5200,29.622
embedding,5216,30.304
embedding,5232,29.8773
embedding,5248,30.2187
embedding,5264,30.976
embedding,5280,30.5497
embedding,5296,31.0727
embedding,5312,30.933
embedding,5328,31.1893
embedding,5344,32
embedding,5360,31.3067
embedding,5376,33.0023
embedding,5392,32.2453
embedding,5408,32.5973
embedding,5424,32.928
embedding,5440,32.7467
embedding,5456,32.8853
embedding,5472,32.7897
embedding,5488,34.6133
embedding,5504,33.8987
embedding,5520,34.432
embedding,5536,34.7407
embedding,5552,34.9233
embedding,5568,35.3707
embedding,5584,33.9413
embedding,5600,34.8053
embedding,5616,34.3253
embedding,5632,35.019
embedding,5648,34.7097
embedding,5664,34.774
embedding,5680,34.944
embedding,5696,35.3287
embedding,5712,35.7547
embedding,5728,35.1787
embedding,5744,35.4237
embedding,5760,35.6377
embedding,5776,37.5037
embedding,5792,36.9493
embedding,5808,37.9413
embedding,5824,37.4507
embedding,5840,37.3973
embedding,5856,37.568
embedding,5872,37.44
embedding,5888,37.5677
embedding,5904,38.4633
embedding,5920,38.688
embedding,5936,38.539
embedding,5952,38.634
embedding,5968,38.678
embedding,5984,38.4527
embedding,6000,39.808
embedding,6016,40.6507
embedding,6032,38.9973
embedding,6048,39.51
embedding,6064,39.8077
embedding,6080,39.7867
embedding,6096,39.712
embedding,6112,39.8507
embedding,6128,40.6613
embedding,6144,40.704
embedding,6160,41.2583
embedding,6176,40.2877
embedding,6192,40.2663
embedding,6208,41.0347
embedding,6224,40.8637
embedding,6240,41.4187
embedding,6256,41.8233
embedding,6272,40.896
embedding,6288,42.1013
embedding,6304,42.7413
embedding,6320,43.178
embedding,6336,42.7307
embedding,6352,44.8213
embedding,6368,43.1787
embedding,6384,44.6397
embedding,6400,44.6297
embedding,6416,44.3517
embedding,6432,45.067
embedding,6448,45.0773
embedding,6464,45.3867
embedding,6480,45.6963
embedding,6496,46.3143
embedding,6512,45.5473
embedding,6528,46.528
embedding,6544,47.4027
embedding,6560,46.4533
embedding,6576,48.3623
embedding,6592,47.2533
embedding,6608,46.9113
embedding,6624,47.36
embedding,6640,47.264
embedding,6656,47.936
embedding,6672,48.8853
embedding,6688,49.4827
embedding,6704,48.5223
embedding,6720,48.586
embedding,6736,49.1627
embedding,6752,49.2053
embedding,6768,50.0057
embedding,6784,49.6317
embedding,6800,50.6987
embedding,6816,49.0667
embedding,6832,49.6523
embedding,6848,50.101
embedding,6864,50.1227
embedding,6880,50.0373
embedding,6896,50.1333
embedding,6912,50.326
embedding,6928,51.4023
embedding,6944,50.9333
embedding,6960,51.2323
embedding,6976,51.754
embedding,6992,51.4243
embedding,7008,52.2993
embedding,7024,51.6693
embedding,7040,52.1387
embedding,7056,52.3203
embedding,7072,53.0347
embedding,7088,52.5973
embedding,7104,53.3867
embedding,7120,53.12
embedding,7136,53.0773
embedding,7152,53.9727
embedding,7168,53.9623
embedding,7184,53.7493
embedding,7200,53.6747
embedding,7216,54.0587
embedding,7232,54.144
embedding,7248,54.1653
embedding,7264,54.4107
embedding,7280,54.2507
embedding,7296,54.8053
embedding,7312,54.1443
embedding,7328,54.9333
embedding,7344,55.7663
embedding,7360,55.7013
embedding,7376,55.1787
embedding,7392,55.104
embedding,7408,56.3307
embedding,7424,56.106
embedding,7440,55.3707
embedding,7456,56.1387
embedding,7472,56.992
embedding,7488,56.928
embedding,7504,56.608
embedding,7520,57.056
embedding,7536,57.4827
embedding,7552,57.5573
embedding,7568,54.944
embedding,7584,54.9973
embedding,7600,55.52
embedding,7616,55.221
embedding,7632,55.4133
embedding,7648,55.488
embedding,7664,55.968
embedding,7680,56.3207
embedding,7696,55.8713
embedding,7712,56.5867
embedding,7728,57.163
embedding,7744,56.9173
embedding,7760,56.8747
embedding,7776,56.9493
embedding,7792,58.2293
embedding,7808,57.536
embedding,7824,58.347
embedding,7840,58.795
embedding,7856,58.9337
embedding,7872,59.68
embedding,7888,59.648
embedding,7904,59.4663
embedding,7920,60.395
embedding,7936,60.746
embedding,7952,60.32
embedding,7968,60.7463
embedding,7984,61.6003
embedding,8000,61.568
embedding,8016,61.888
embedding,8032,62.112
embedding,8048,62.1973
embedding,8064,61.8027
embedding,8080,62.1867
embedding,8096,63.0503
embedding,8112,62.4
embedding,8128,63.3387
embedding,8144,63.8187
embedding,8160,63.094
embedding,8176,63.7973
embedding,8192,64.5547
embedding,8208,63.616
embedding,8224,64.3307
embedding,8240,64.2023
embedding,8256,64.4583
embedding,8272,65.675
embedding,8288,65.4293
embedding,8304,65.952
embedding,8320,66.1973
embedding,8336,66.2083
embedding,8352,65.6853
embedding,8368,67.136
embedding,8384,67.0187
embedding,8400,66.8373
embedding,8416,66.23
embedding,8432,67.5947
embedding,8448,67.2747
embedding,8464,67.5627
embedding,8480,67.3173
embedding,8496,68.0857
embedding,8512,67.6587
embedding,8528,68.1813
embedding,8544,68.416
embedding,8560,69.3013
embedding,8576,68.128
embedding,8592,68.7467
embedding,8608,68.9173
embedding,8624,68.3413
embedding,8640,68.4693
embedding,8656,69.333
embedding,8672,69.1413
embedding,8688,69.408
embedding,8704,69.5787
embedding,8720,70.2827
embedding,8736,70.517
embedding,8752,69.91
embedding,8768,70.112
embedding,8784,71.3707
embedding,8800,70.6453
embedding,8816,71.861
embedding,8832,70.9117
embedding,8848,72.0323
embedding,8864,71.3173
embedding,8880,71.4343
embedding,8896,71.3707
embedding,8912,72.2987
embedding,8928,72.4053
embedding,8944,72.2453
embedding,8960,72.7997
embedding,8976,73.4507
embedding,8992,72.8427
embedding,9008,72.31
embedding,9024,72.7037
embedding,9040,73.056
embedding,9056,73.5573
embedding,9072,73.6643
embedding,9088,73.8027
embedding,9104,74.475
embedding,9120,73.7387
embedding,9136,74.048
embedding,9152,74.0583
embedding,9168,74.2827
embedding,9184,74.6777
embedding,9200,74.976
embedding,9216,75.4453
embedding,9232,74.774
embedding,9248,74.8907
embedding,9264,74.6567
embedding,9280,76.32
embedding,9296,75.328
embedding,9312,76.0647
embedding,9328,75.4773
embedding,9344,75.6057
embedding,9360,75.072
embedding,9376,76.32
embedding,9392,76.1173
embedding,9408,75.9043
embedding,9424,76.491
embedding,9440,76.5873
embedding,9456,76.8107
embedding,9472,77.2693
embedding,9488,77.5573
embedding,9504,77.7287
embedding,9520,78.5177
embedding,9536,77.7387
embedding,9552,77.909
embedding,9568,77.7497
embedding,9584,77.6743
embedding,9600,78.56
embedding,9616,78.7523
embedding,9632,78.8907
embedding,9648,78.6027
embedding,9664,79.0723
embedding,9680,79.232
embedding,9696,79.2213
embedding,9712,79.5733
embedding,9728,79.616
embedding,9744,79.5733
embedding,9760,80.7253
embedding,9776,79.9153
embedding,9792,79.6907
embedding,9808,81.568
embedding,9824,81.899
embedding,9840,81.11
embedding,9856,80.3727
embedding,9872,81.6217
embedding,9888,81.9413
embedding,9904,82.5707
embedding,9920,82.5067
embedding,9936,82.304
embedding,9952,83.03
embedding,9968,83.104
embedding,9984,82.8907
embedding,10000,83.37
embedding,10016,83.1587
embedding,10032,84.0217
embedding,10048,84.139
embedding,10064,83.3923
embedding,10080,83.797
embedding,10096,84.7147
embedding,10112,84.4907
embedding,10128,84.843
embedding,10144,84.6617
embedding,10160,85.8983
embedding,10176,85.493
embedding,10192,85.675
embedding,10208,85.6107
embedding,10224,86.4643
embedding,10240,85.7173
embedding,10256,86.7407
embedding,10272,86.443
embedding,10288,86.8373
embedding,10304,86.5913
embedding,10320,87.4563
embedding,10336,87.1467
embedding,10352,87.5303
embedding,10368,88.491
embedding,10384,87.936
embedding,10400,87.7333
embedding,10416,87.616
embedding,10432,88.4587
embedding,10448,88.8107
embedding,10464,89.312
embedding,10480,88.4377
embedding,10496,89.3443
embedding,10512,90.4107
embedding,10528,89.9307
embedding,10544,89.8027
embedding,10560,90.208
embedding,10576,89.7923
embedding,10592,90.539
embedding,10608,90.8587
embedding,10624,92.1177
embedding,10640,91.5307
embedding,10656,91.2753
embedding,10672,91.7977
embedding,10688,91.136
embedding,10704,91.68
embedding,10720,91.7863
embedding,10736,92.3413
embedding,10752,92.5653
embedding,10768,92.4483
embedding,10784,92.214
embedding,10800,92.8537
embedding,10816,92.5653
embedding,10832,93.1843
embedding,10848,93.1627
embedding,10864,93.7177
embedding,10880,94.1227
embedding,10896,94.3797
embedding,10912,95.072
embedding,10928,94.3253
embedding,10944,94.944
embedding,10960,94.4853
embedding,10976,95.712
embedding,10992,95.041
embedding,11008,95.51
embedding,11024,95.2763
embedding,11040,94.922
embedding,11056,96.256
embedding,11072,97.0667
embedding,11088,96.2453
embedding,11104,96.6297
embedding,11120,96.7047
embedding,11136,97.109
embedding,11152,97.2697
embedding,11168,97.5683
embedding,11184,97.5257
embedding,11200,97.515
embedding,11216,97.6743
embedding,11232,97.1953
embedding,11248,97.344
embedding,11264,99.115
embedding,11280,98.443
embedding,11296,98.6987
embedding,11312,99.0297
embedding,11328,99.1143
embedding,11344,99.5093
embedding,11360,99.616
embedding,11376,99.6907
embedding,11392,100.117
embedding,11408,99.584
embedding,11424,99.9897
embedding,11440,100.865
embedding,11456,100.939
embedding,11472,100.021
embedding,11488,101.483
embedding,11504,101.099
embedding,11520,102.069
embedding,11536,101.515
embedding,11552,102.016
embedding,11568,102.721
embedding,11584,101.719
embedding,11600,102.07
embedding,11616,102.901
embedding,11632,102.677
embedding,11648,102.859
embedding,11664,102.976
embedding,11680,102.656
embedding,11696,103.211
embedding,11712,104.267
embedding,11728,104.203
embedding,11744,104.128
embedding,11760,103.606
embedding,11776,103.776
embedding,11792,103.979
embedding,11808,104.555
embedding,11824,104.469
embedding,11840,105.142
embedding,11856,105.408
embedding,11872,106.283
embedding,11888,104.747
embedding,11904,105.184
embedding,11920,106.08
embedding,11936,106.262
embedding,11952,106.23
embedding,11968,105.675
embedding,11984,106.379
embedding,12000,106.784
embedding,12016,106.422
embedding,12032,106.293
embedding,12048,107.968
embedding,12064,107.147
embedding,12080,107.638
embedding,12096,107.456
embedding,12112,107.809
embedding,12128,107.84
embedding,12144,108.256
embedding,12160,108.267
embedding,12176,107.872
embedding,12192,108.48
embedding,12208,108.427
embedding,12224,108.789
embedding,12240,109.088
embedding,12256,108.789
embedding,12272,108.95
embedding,12288,108.63
embedding,12304,109.537
embedding,12320,109.334
embedding,12336,109.952
embedding,12352,110.123
embedding,12368,110.176
embedding,12384,110.901
embedding,12400,110.411
embedding,12416,110.123
embedding,12432,112.022
embedding,12448,110.581
embedding,12464,110.763
embedding,12480,111.477
embedding,12496,111.232
embedding,12512,111.35
embedding,12528,111.466
embedding,12544,112.257
embedding,12560,111.894
embedding,12576,112.448
embedding,12592,112.139
embedding,12608,112.577
embedding,12624,112.64
embedding,12640,113.014
embedding,12656,112.842
embedding,12672,112.469
embedding,12688,113.056
embedding,12704,112.843
embedding,12720,113.248
embedding,12736,112.779
embedding,12752,114.912
embedding,12768,114.23
embedding,12784,114.944
embedding,12800,113.493
embedding,12816,114.56
embedding,12832,114.208
embedding,12848,114.624
embedding,12864,114.987
embedding,12880,115.072
embedding,12896,115.147
embedding,12912,115.04
embedding,12928,115.285
embedding,12944,114.742
embedding,12960,114.923
embedding,12976,116.32
embedding,12992,115.84
embedding,13008,116.939
embedding,13024,116.651
embedding,13040,116.459
embedding,13056,116.032
embedding,13072,116.32
embedding,13088,116.545
embedding,13104,117.002
embedding,13120,116.726
embedding,13136,117.44
embedding,13152,117.141
embedding,13168,117.846
embedding,13184,116.641
embedding,13200,117.621
embedding,13216,117.44
embedding,13232,117.536
embedding,13248,118.016
embedding,13264,117.685
embedding,13280,118.87
embedding,13296,118.017
embedding,13312,118.603
embedding,13328,118.507
embedding,13344,119.616
embedding,13360,119.36
embedding,13376,120.065
embedding,13392,119.819
embedding,13408,118.741
embedding,13424,121.12
embedding,13440,121.035
embedding,13456,120.715
embedding,13472,119.829
embedding,13488,120.768
embedding,13504,121.269
embedding,13520,122.038
embedding,13536,121.355
embedding,13552,122.838
embedding,13568,121.216
embedding,13584,122.613
embedding,13600,122.443
embedding,13616,122.933
embedding,13632,122.624
embedding,13648,123.435
embedding,13664,123.221
embedding,13680,123.947
embedding,13696,123.403
embedding,13712,123.574
embedding,13728,124.224
embedding,13744,124.992
embedding,13760,123.637
embedding,13776,124.182
embedding,13792,124.64
embedding,13808,125.141
embedding,13824,124.491
embedding,13840,125.387
embedding,13856,124.587
embedding,13872,125.121
embedding,13888,124.672
embedding,13904,126.017
embedding,13920,125.824
embedding,13936,126.741
embedding,13952,125.536
embedding,13968,126.102
embedding,13984,126.134
embedding,14000,126.229
embedding,14016,126.412
embedding,14032,126.902
embedding,14048,127.2
embedding,14064,127.222
embedding,14080,126.976
embedding,14096,127.659
embedding,14112,127.957
embedding,14128,128.576
embedding,14144,128.32
embedding,14160,128.907
embedding,14176,128.502
embedding,14192,128.597
embedding,14208,128.651
embedding,14224,128.79
embedding,14240,128.96
embedding,14256,128.673
embedding,14272,129.141
embedding,14288,130.667
embedding,14304,129.643
embedding,14320,130.23
embedding,14336,130.496
embedding,14352,131.029
embedding,14368,130.774
embedding,14384,130.849
embedding,14400,130.593
embedding,14416,131.435
embedding,14432,131.019
embedding,14448,131.499
embedding,14464,131.734
embedding,14480,132.021
embedding,14496,131.989
embedding,14512,132.64
embedding,14528,132.843
embedding,14544,133.611
embedding,14560,132.821
embedding,14576,132.875
embedding,14592,133.633
embedding,14608,133.867
embedding,14624,133.195
embedding,14640,134.326
embedding,14656,134.454
embedding,14672,133.569
embedding,14688,134.038
embedding,14704,135.36
embedding,14720,134.219
embedding,14736,135.339
embedding,14752,135.489
embedding,14768,134.539
embedding,14784,135.328
embedding,14800,134.817
embedding,14816,135.521
embedding,14832,135.147
embedding,14848,135.617
embedding,14864,135.713
embedding,14880,136.396
embedding,14896,136.683
embedding,14912,135.99
embedding,14928,136.065
embedding,14944,136.192
embedding,14960,136.705
embedding,14976,137.313
embedding,14992,136.928
embedding,15008,136.224
embedding,15024,138.304
embedding,15040,138.091
embedding,15056,137.654
embedding,15072,137.312
embedding,15088,137.697
embedding,15104,138.251
embedding,15120,138.411
embedding,15136,138.443
embedding,15152,137.963
embedding,15168,138.912
embedding,15184,139.243
embedding,15200,139.808
embedding,15216,139.062
embedding,15232,139.478
embedding,15248,139.446
embedding,15264,140.001
embedding,15280,140.406
embedding,15296,140.512
embedding,15312,139.723
embedding,15328,140.033
embedding,15344,140.321
embedding,15360,140.683
embedding,15376,141.27
embedding,15392,140.917
embedding,15408,141.558
embedding,15424,141.707
embedding,15440,141.749
embedding,15456,142.816
embedding,15472,143.094
embedding,15488,144.683
embedding,15504,142.624
embedding,15520,143.275
embedding,15536,142.944
embedding,15552,143.637
embedding,15568,143.573
embedding,15584,142.827
embedding,15600,144.47
embedding,15616,144.864
embedding,15632,145.152
embedding,15648,144.405
embedding,15664,144.598
embedding,15680,144.619
embedding,15696,144.715
embedding,15712,145.91
embedding,15728,144.928
embedding,15744,145.153
embedding,15760,145.814
embedding,15776,146.731
embedding,15792,146.443
embedding,15808,145.952
embedding,15824,146.699
embedding,15840,146.412
embedding,15856,146.507
embedding,15872,146.507
embedding,15888,146.645
embedding,15904,147.382
embedding,15920,148.587
embedding,15936,147.787
embedding,15952,147.585
embedding,15968,148.192
embedding,15984,148.118
embedding,16000,148.181
embedding,16016,148.565
embedding,16032,148.32
embedding,16048,149.825
embedding,16064,148.769
embedding,16080,148.961
embedding,16096,149.291
embedding,16112,149.515
embedding,16128,149.472
embedding,16144,149.814
embedding,16160,149.931
embedding,16176,150.326
embedding,16192,150.252
embedding,16208,150.262
embedding,16224,150.731
embedding,16240,151.04
embedding,16256,151.073
embedding,16272,151.745
embedding,16288,151.744
embedding,16304,150.987
embedding,16320,150.998
embedding,16336,151.617
embedding,16352,152.225
embedding,16368,151.745
embedding,16384,152.48
final_layernorm,1,2.85867
final_layernorm,2,3.456
final_layernorm,3,3.43433
final_layernorm,4,3.43433
final_layernorm,5,3.424
final_layernorm,6,3.488
final_layernorm,7,3.456
final_layernorm,8,3.456
final_layernorm,9,3.45567
final_layernorm,10,3.43467
final_layernorm,11,3.435
final_layernorm,12,3.50933
final_layernorm,13,3.54133
final_layernorm,14,3.49867
final_layernorm,15,3.54133
final_layernorm,16,3.46633
final_layernorm,20,3.488
final_layernorm,24,3.46633
final_layernorm,28,3.488
final_layernorm,32,3.50933
final_layernorm,36,3.648
final_layernorm,40,3.68
final_layernorm,44,3.70133
final_layernorm,48,3.66933
final_layernorm,52,3.69067
final_layernorm,56,3.63733
final_layernorm,60,3.75467
final_layernorm,64,3.808
final_layernorm,80,3.95733
final_layernorm,96,4.20233
final_layernorm,112,4.43733
final_layernorm,128,4.427
final_layernorm,144,4.81067
final_layernorm,160,4.97067
final_layernorm,176,5.28
final_layernorm,192,6.90133
final_layernorm,208,7.072
final_layernorm,224,7.30667
final_layernorm,240,7.36
final_layernorm,256,6.688
final_layernorm,272,6.901
final_layernorm,288,7.00767
final_layernorm,304,7.28533
final_layernorm,320,7.38133
final_layernorm,336,7.531
final_layernorm,352,7.71233
final_layernorm,368,8.01067
final_layernorm,384,8.35167
final_layernorm,400,8.448
final_layernorm,416,8.61867
final_layernorm,432,8.97067
final_layernorm,448,9.01333
final_layernorm,464,9.44
final_layernorm,480,9.557
final_layernorm,496,9.877
final_layernorm,512,10.0803
final_layernorm,528,10.5067
final_layernorm,544,10.6027
final_layernorm,560,10.9227
final_layernorm,576,11.5307
final_layernorm,592,11.5413
final_layernorm,608,11.7657
final_layernorm,624,11.8507
final_layernorm,640,12.224
final_layernorm,656,12.4267
final_layernorm,672,12.4903
final_layernorm,688,12.939
final_layernorm,704,12.96
final_layernorm,720,13.504
final_layernorm,736,13.6103
final_layernorm,752,13.7387
final_layernorm,768,14.3897
final_layernorm,784,15.0933
final_layernorm,800,15.5947
final_layernorm,816,15.0827
final_layernorm,832,15.4023
final_layernorm,848,15.4453
final_layernorm,864,15.552
final_layernorm,880,15.9147
final_layernorm,896,16.2347
final_layernorm,912,16.4053
final_layernorm,928,16.6083
final_layernorm,944,16.9067
final_layernorm,960,17.6427
final_layernorm,976,17.6313
final_layernorm,992,17.9413
final_layernorm,1008,18.1017
final_layernorm,1024,18.176
final_layernorm,1040,24.8
final_layernorm,1056,25.1093
final_layernorm,1072,25.4823
final_layernorm,1088,25.7067
final_layernorm,1104,26.0907
final_layernorm,1120,26.186
final_layernorm,1136,29.0453
final_layernorm,1152,29.4723
final_layernorm,1168,29.6853
final_layernorm,1184,29.76
final_layernorm,1200,29.9417
final_layernorm,1216,30.2287
final_layernorm,1232,29.8987
final_layernorm,1248,30.368
final_layernorm,1264,31.1253
final_layernorm,1280,30.9653
final_layernorm,1296,24.2667
final_layernorm,1312,24.5653
final_layernorm,1328,24.4263
final_layernorm,1344,24.2773
final_layernorm,1360,24.4373
final_layernorm,1376,24.6187
final_layernorm,1392,24.992
final_layernorm,1408,25.2693
final_layernorm,1424,25.1307
final_layernorm,1440,25.035
final_layernorm,1456,25.664
final_layernorm,1472,25.824
final_layernorm,1488,25.9197
final_layernorm,1504,26.0053
final_layernorm,1520,26.6453
final_layernorm,1536,26.8587
final_layernorm,1552,40.9387
final_layernorm,1568,40.9707
final_layernorm,1584,41.2583
final_layernorm,1600,41.664
final_layernorm,1616,41.9197
final_layernorm,1632,43.3167
final_layernorm,1648,42.88
final_layernorm,1664,43.893
final_layernorm,1680,44.629
final_layernorm,1696,45.185
final_layernorm,1712,45.3327
final_layernorm,1728,45.664
final_layernorm,1744,45.9947
final_layernorm,1760,46.5387
final_layernorm,1776,46.304
final_layernorm,1792,46.6663
final_layernorm,1808,43.8183
final_layernorm,1824,44.277
final_layernorm,1840,44.8213
final_layernorm,1856,45.344
final_layernorm,1872,46.3467
final_layernorm,1888,45.675
final_layernorm,1904,46.304
final_layernorm,1920,47.5307
final_layernorm,1936,47.9783
final_layernorm,1952,48.5653
final_layernorm,1968,48.757
final_layernorm,1984,49.2473
final_layernorm,2000,48.8747
final_layernorm,2016,49.472
final_layernorm,2032,50.016
final_layernorm,2048,49.728
final_layernorm,2064,37.8447
final_layernorm,2080,38.7733
final_layernorm,2096,38.6987
final_layernorm,2112,38.9973
final_layernorm,2128,39.488
final_layernorm,2144,39.456
final_layernorm,2160,40.1493
final_layernorm,2176,53.0453
final_layernorm,2192,53.2267
final_layernorm,2208,54.4637
final_layernorm,2224,53.9627
final_layernorm,2240,54.4747
final_layernorm,2256,56.0423
final_layernorm,2272,57.173
final_layernorm,2288,57.9093
final_layernorm,2304,57.856
final_layernorm,2320,65.3857
final_layernorm,2336,65.696
final_layernorm,2352,65.4823
final_layernorm,2368,65.7383
final_layernorm,2384,66.2077
final_layernorm,2400,66.1867
final_layernorm,2416,66.8157
final_layernorm,2432,68.5117
final_layernorm,2448,68.9493
final_layernorm,2464,70.464
final_layernorm,2480,69.6
final_layernorm,2496,70.2183
final_layernorm,2512,70.7303
final_layernorm,2528,71.2
final_layernorm,2544,71.7757
final_layernorm,2560,71.6583
final_layernorm,2576,68.3627
final_layernorm,2592,68.9597
final_layernorm,2608,69.2587
final_layernorm,2624,69.2797
final_layernorm,2640,70.0583
final_layernorm,2656,69.7387
final_layernorm,2672,70.0907
final_layernorm,2688,71.4347
final_layernorm,2704,71.6697
final_layernorm,2720,71.8613
final_layernorm,2736,71.7227
final_layernorm,2752,72.0527
final_layernorm,2768,72.0957
final_layernorm,2784,73.1523
final_layernorm,2800,73.099
final_layernorm,2816,73.792
final_layernorm,2832,73.557
final_layernorm,2848,73.9947
final_layernorm,2864,74.5707
final_layernorm,2880,74.3993
final_layernorm,2896,74.6983
final_layernorm,2912,74.89
final_layernorm,2928,75.648
final_layernorm,2944,76.192
final_layernorm,2960,77.2157
final_layernorm,2976,77.952
final_layernorm,2992,78.4
final_layernorm,3008,78.752
final_layernorm,3024,78.9863
final_layernorm,3040,80
final_layernorm,3056,79.8937
final_layernorm,3072,80.7997
final_layernorm,3088,88.8743
final_layernorm,3104,89.1837
final_layernorm,3120,89.9947
final_layernorm,3136,90.4957
final_layernorm,3152,90.997
final_layernorm,3168,92.3303
final_layernorm,3184,92.3733
final_layernorm,3200,93.0453
final_layernorm,3216,94.0053
final_layernorm,3232,94.4747
final_layernorm,3248,96.085
final_layernorm,3264,97.4077
final_layernorm,3280,97.8453
final_layernorm,3296,98.2503
final_layernorm,3312,99.4133
final_layernorm,3328,102.122
final_layernorm,3344,93.5573
final_layernorm,3360,95.861
final_layernorm,3376,96.1173
final_layernorm,3392,98.56
final_layernorm,3408,98.7947
final_layernorm,3424,98.4107
final_layernorm,3440,99.552
final_layernorm,3456,98.7093
final_layernorm,3472,100.437
final_layernorm,3488,101.131
final_layernorm,3504,101.739
final_layernorm,3520,102.442
final_layernorm,3536,103.125
final_layernorm,3552,102.73
final_layernorm,3568,102.304
final_layernorm,3584,103.424
final_layernorm,3600,106.219
final_layernorm,3616,106.293
final_layernorm,3632,107.925
final_layernorm,3648,107.584
final_layernorm,3664,109.194
final_layernorm,3680,110.336
final_layernorm,3696,110.144
final_layernorm,3712,111.424
final_layernorm,3728,111.189
final_layernorm,3744,112.053
final_layernorm,3760,112.693
final_layernorm,3776,112.203
final_layernorm,3792,115.637
final_layernorm,3808,116.789
final_layernorm,3824,115.754
final_layernorm,3840,116.885
final_layernorm,3856,121.557
final_layernorm,3872,122.581
final_layernorm,3888,123.157
final_layernorm,3904,122.357
final_layernorm,3920,124.203
final_layernorm,3936,124.576
final_layernorm,3952,125.045
final_layernorm,3968,126.698
final_layernorm,3984,127.114
final_layernorm,4000,126.624
final_layernorm,4016,129.109
final_layernorm,4032,129.717
final_layernorm,4048,130.442
final_layernorm,4064,132.128
final_layernorm,4080,133.28
final_layernorm,4096,133.856
final_layernorm,4112,126.784
final_layernorm,4128,127.68
final_layernorm,4144,128.928
final_layernorm,4160,128.64
final_layernorm,4176,129.514
final_layernorm,4192,129.748
final_layernorm,4208,130.965
final_layernorm,4224,131.424
final_layernorm,4240,132.757
final_layernorm,4256,134.015
final_layernorm,4272,133.834
final_layernorm,4288,134.698
final_layernorm,4304,136.789
final_layernorm,4320,136.245
final_layernorm,4336,138.56
final_layernorm,4352,138.432
final_layernorm,4368,142.827
final_layernorm,4384,144.043
final_layernorm,4400,144.235
final_layernorm,4416,145.333
final_layernorm,4432,144.917
final_layernorm,4448,146.112
final_layernorm,4464,146.869
final_layernorm,4480,147.861
final_layernorm,4496,148.331
final_layernorm,4512,150.378
final_layernorm,4528,150.048
final_layernorm,4544,151.019
final_layernorm,4560,151.37
final_layernorm,4576,150.986
final_layernorm,4592,153.6
final_layernorm,4608,154.176
final_layernorm,4624,159.136
final_layernorm,4640,159.029
final_layernorm,4656,159.84
final_layernorm,4672,161.333
final_layernorm,4688,162.741
final_layernorm,4704,162.538
final_layernorm,4720,163.456
final_layernorm,4736,164.277
final_layernorm,4752,165.739
final_layernorm,4768,165.803
final_layernorm,4784,168.8
final_layernorm,4800,169.365
final_layernorm,4816,170.026
final_layernorm,4832,171.04
final_layernorm,4848,171.786
final_layernorm,4864,170.208
final_layernorm,4880,164.266
final_layernorm,4896,165.333
final_layernorm,4912,165.717
final_layernorm,4928,166.389
final_layernorm,4944,166.901
final_layernorm,4960,166.304
final_layernorm,4976,167.296
final_layernorm,4992,168.213
final_layernorm,5008,170.261
final_layernorm,5024,171.051
final_layernorm,5040,171.754
final_layernorm,5056,172.021
final_layernorm,5072,172.586
final_layernorm,5088,173.333
final_layernorm,5104,173.557
final_layernorm,5120,174.464
final_layernorm,5136,178.453
final_layernorm,5152,179.989
final_layernorm,5168,180.576
final_layernorm,5184,181.749
final_layernorm,5200,180.853
final_layernorm,5216,182.496
final_layernorm,5232,182.336
final_layernorm,5248,184.32
final_layernorm,5264,184.843
final_layernorm,5280,185.685
final_layernorm,5296,186.325
final_layernorm,5312,188.256
final_layernorm,5328,187.051
final_layernorm,5344,190.005
final_layernorm,5360,189.002
final_layernorm,5376,190.005
final_layernorm,5392,194.367
final_layernorm,5408,195.85
final_layernorm,5424,195.008
final_layernorm,5440,196.426
final_layernorm,5456,198.389
final_layernorm,5472,197.899
final_layernorm,5488,198.272
final_layernorm,5504,200.031
final_layernorm,5520,200.416
final_layernorm,5536,200.832
final_layernorm,5552,202.037
final_layernorm,5568,200.661
final_layernorm,5584,201.173
final_layernorm,5600,202.88
final_layernorm,5616,202.816
final_layernorm,5632,202.517
final_layernorm,5648,200.106
final_layernorm,5664,200.811
final_layernorm,5680,201.194
final_layernorm,5696,202.176
final_layernorm,5712,202.742
final_layernorm,5728,203.669
final_layernorm,5744,204.448
final_layernorm,5760,204.64
final_layernorm,5776,206.293
final_layernorm,5792,207.381
final_layernorm,5808,207.968
final_layernorm,5824,208.149
final_layernorm,5840,210.474
final_layernorm,5856,210.784
final_layernorm,5872,210.986
final_layernorm,5888,212.075
final_layernorm,5904,216.075
final_layernorm,5920,216.256
final_layernorm,5936,216.651
final_layernorm,5952,217.45
final_layernorm,5968,217.963
final_layernorm,5984,218.784
final_layernorm,6000,219.84
final_layernorm,6016,221.045
final_layernorm,6032,222.154
final_layernorm,6048,221.941
final_layernorm,6064,222.229
final_layernorm,6080,223.264
final_layernorm,6096,224.576
final_layernorm,6112,224.458
final_layernorm,6128,225.343
final_layernorm,6144,226.464
final_layernorm,6160,229.002
final_layernorm,6176,229.664
final_layernorm,6192,230.218
final_layernorm,6208,231.04
final_layernorm,6224,231.786
final_layernorm,6240,232.17
final_layernorm,6256,233.642
final_layernorm,6272,234.336
final_layernorm,6288,234.741
final_layernorm,6304,236.128
final_layernorm,6320,237.653
final_layernorm,6336,237.419
final_layernorm,6352,237.525
final_layernorm,6368,239.947
final_layernorm,6384,239.264
final_layernorm,6400,240.309
final_layernorm,6416,235.189
final_layernorm,6432,238.133
final_layernorm,6448,236.821
final_layernorm,6464,239.787
final_layernorm,6480,238.219
final_layernorm,6496,240.086
final_layernorm,6512,240.171
final_layernorm,6528,241.76
final_layernorm,6544,241.92
final_layernorm,6560,241.749
final_layernorm,6576,244.181
final_layernorm,6592,243.349
final_layernorm,6608,245.706
final_layernorm,6624,245.877
final_layernorm,6640,246.314
final_layernorm,6656,246.581
final_layernorm,6672,249.344
final_layernorm,6688,249.248
final_layernorm,6704,251.371
final_layernorm,6720,250.912
final_layernorm,6736,251.787
final_layernorm,6752,253.162
final_layernorm,6768,253.195
final_layernorm,6784,254.784
final_layernorm,6800,256.011
final_layernorm,6816,256.832
final_layernorm,6832,256.715
final_layernorm,6848,258.763
final_layernorm,6864,259.819
final_layernorm,6880,259.445
final_layernorm,6896,260.768
final_layernorm,6912,260.853
final_layernorm,6928,264.586
final_layernorm,6944,265.653
final_layernorm,6960,265.205
final_layernorm,6976,265.535
final_layernorm,6992,266.677
final_layernorm,7008,267.989
final_layernorm,7024,267.989
final_layernorm,7040,268.416
final_layernorm,7056,269.099
final_layernorm,7072,269.952
final_layernorm,7088,271.317
final_layernorm,7104,271.402
final_layernorm,7120,271.989
final_layernorm,7136,272.171
final_layernorm,7152,273.045
final_layernorm,7168,273.589
final_layernorm,7184,272.512
final_layernorm,7200,271.851
final_layernorm,7216,273.515
final_layernorm,7232,273.493
final_layernorm,7248,275.072
final_layernorm,7264,274.688
final_layernorm,7280,275.339
final_layernorm,7296,276.928
final_layernorm,7312,277.952
final_layernorm,7328,278.378
final_layernorm,7344,280.341
final_layernorm,7360,280.352
final_layernorm,7376,281.387
final_layernorm,7392,281.781
final_layernorm,7408,282.688
final_layernorm,7424,283.573
final_layernorm,7440,285.163
final_layernorm,7456,285.835
final_layernorm,7472,286.774
final_layernorm,7488,288.139
final_layernorm,7504,289.461
final_layernorm,7520,289.579
final_layernorm,7536,288.885
final_layernorm,7552,290.496
final_layernorm,7568,289.835
final_layernorm,7584,291.264
final_layernorm,7600,291.947
final_layernorm,7616,292.427
final_layernorm,7632,292.448
final_layernorm,7648,293.984
final_layernorm,7664,295.541
final_layernorm,7680,295.936
final_layernorm,7696,299.21
final_layernorm,7712,299.702
final_layernorm,7728,300.331
final_layernorm,7744,300.651
final_layernorm,7760,302.614
final_layernorm,7776,301.717
final_layernorm,7792,302.325
final_layernorm,7808,303.723
final_layernorm,7824,303.915
final_layernorm,7840,304.331
final_layernorm,7856,303.84
final_layernorm,7872,304.416
final_layernorm,7888,305.067
final_layernorm,7904,305.792
final_layernorm,7920,306.603
final_layernorm,7936,306.805
final_layernorm,7952,306.88
final_layernorm,7968,309.238
final_layernorm,7984,308.843
final_layernorm,8000,309.376
final_layernorm,8016,310.528
final_layernorm,8032,311.243
final_layernorm,8048,312.725
final_layernorm,8064,313.963
final_layernorm,8080,312.95
final_layernorm,8096,314.603
final_layernorm,8112,315.061
final_layernorm,8128,315.467
final_layernorm,8144,316.459
final_layernorm,8160,316.352
final_layernorm,8176,317.92
final_layernorm,8192,318.656
final_layernorm,8208,321.995
final_layernorm,8224,323.115
final_layernorm,8240,322.187
final_layernorm,8256,322.613
final_layernorm,8272,323.478
final_layernorm,8288,324.267
final_layernorm,8304,325.419
final_layernorm,8320,326.145
final_layernorm,8336,329.749
final_layernorm,8352,329.825
final_layernorm,8368,331.35
final_layernorm,8384,332.16
final_layernorm,8400,333.088
final_layernorm,8416,333.301
final_layernorm,8432,333.867
final_layernorm,8448,334.902
final_layernorm,8464,336.864
final_layernorm,8480,338.421
final_layernorm,8496,339.968
final_layernorm,8512,339.168
final_layernorm,8528,340.608
final_layernorm,8544,341.579
final_layernorm,8560,342.443
final_layernorm,8576,342.571
final_layernorm,8592,344.171
final_layernorm,8608,344.843
final_layernorm,8624,345.472
final_layernorm,8640,345.867
final_layernorm,8656,345.557
final_layernorm,8672,346.55
final_layernorm,8688,347.691
final_layernorm,8704,347.68
final_layernorm,8720,345.717
final_layernorm,8736,347.862
final_layernorm,8752,347.126
final_layernorm,8768,348
final_layernorm,8784,348.448
final_layernorm,8800,349.301
final_layernorm,8816,349.803
final_layernorm,8832,350.517
final_layernorm,8848,350.454
final_layernorm,8864,350.187
final_layernorm,8880,352.416
final_layernorm,8896,351.829
final_layernorm,8912,354.069
final_layernorm,8928,354.316
final_layernorm,8944,353.227
final_layernorm,8960,355.552
final_layernorm,8976,357.59
final_layernorm,8992,357.664
final_layernorm,9008,358.528
final_layernorm,9024,360.79
final_layernorm,9040,359.221
final_layernorm,9056,360.672
final_layernorm,9072,362.219
final_layernorm,9088,361.91
final_layernorm,9104,365.153
final_layernorm,9120,365.461
final_layernorm,9136,366.016
final_layernorm,9152,366.784
final_layernorm,9168,368.651
final_layernorm,9184,368.576
final_layernorm,9200,369.643
final_layernorm,9216,369.973
final_layernorm,9232,372.512
final_layernorm,9248,372.853
final_layernorm,9264,373.109
final_layernorm,9280,374.198
final_layernorm,9296,374.645
final_layernorm,9312,375.905
final_layernorm,9328,376.854
final_layernorm,9344,377.995
final_layernorm,9360,377.963
final_layernorm,9376,378.678
final_layernorm,9392,378.901
final_layernorm,9408,379.136
final_layernorm,9424,379.382
final_layernorm,9440,379.851
final_layernorm,9456,380.32
final_layernorm,9472,380.693
final_layernorm,9488,380.556
final_layernorm,9504,380.235
final_layernorm,9520,380.608
final_layernorm,9536,381.291
final_layernorm,9552,382.976
final_layernorm,9568,382.283
final_layernorm,9584,383.329
final_layernorm,9600,382.891
final_layernorm,9616,383.04
final_layernorm,9632,382.87
final_layernorm,9648,384.032
final_layernorm,9664,385.077
final_layernorm,9680,385.174
final_layernorm,9696,385.685
final_layernorm,9712,386.165
final_layernorm,9728,387.115
final_layernorm,9744,390.454
final_layernorm,9760,390.955
final_layernorm,9776,391.211
final_layernorm,9792,392.277
final_layernorm,9808,393.835
final_layernorm,9824,393.92
final_layernorm,9840,394.891
final_layernorm,9856,395.403
final_layernorm,9872,397.664
final_layernorm,9888,398.294
final_layernorm,9904,398.902
final_layernorm,9920,399.446
final_layernorm,9936,400.822
final_layernorm,9952,402.348
final_layernorm,9968,401.963
final_layernorm,9984,402.987
final_layernorm,10000,403.617
final_layernorm,10016,404.268
final_layernorm,10032,405.782
final_layernorm,10048,405.451
final_layernorm,10064,407.126
final_layernorm,10080,407.03
final_layernorm,10096,406.689
final_layernorm,10112,408.982
final_layernorm,10128,407.328
final_layernorm,10144,409.408
final_layernorm,10160,409.846
final_layernorm,10176,409.195
final_layernorm,10192,410.273
final_layernorm,10208,410.699
final_layernorm,10224,411.564
final_layernorm,10240,411.681
final_layernorm,10256,411.499
final_layernorm,10272,412.961
final_layernorm,10288,413.846
final_layernorm,10304,414.582
final_layernorm,10320,414.816
final_layernorm,10336,414.763
final_layernorm,10352,415.808
final_layernorm,10368,416.768
final_layernorm,10384,416.033
final_layernorm,10400,418.763
final_layernorm,10416,419.212
final_layernorm,10432,418.432
final_layernorm,10448,420.3
final_layernorm,10464,420.022
final_layernorm,10480,421.11
final_layernorm,10496,421.388
final_layernorm,10512,426.71
final_layernorm,10528,428.054
final_layernorm,10544,428.193
final_layernorm,10560,429.003
final_layernorm,10576,428.865
final_layernorm,10592,430.497
final_layernorm,10608,431.958
final_layernorm,10624,430.881
final_layernorm,10640,433.739
final_layernorm,10656,434.892
final_layernorm,10672,435.158
final_layernorm,10688,435.457
final_layernorm,10704,436.907
final_layernorm,10720,436.331
final_layernorm,10736,437.932
final_layernorm,10752,439.723
final_layernorm,10768,441.195
final_layernorm,10784,441.931
final_layernorm,10800,441.942
final_layernorm,10816,442.283
final_layernorm,10832,442.337
final_layernorm,10848,443.872
final_layernorm,10864,444.897
final_layernorm,10880,446.444
final_layernorm,10896,445.643
final_layernorm,10912,446.134
final_layernorm,10928,445.557
final_layernorm,10944,446.742
final_layernorm,10960,447.98
final_layernorm,10976,447.819
final_layernorm,10992,449.281
final_layernorm,11008,449.227
final_layernorm,11024,448.011
final_layernorm,11040,447.18
final_layernorm,11056,449.014
final_layernorm,11072,448.694
final_layernorm,11088,449.228
final_layernorm,11104,451.99
final_layernorm,11120,452.086
final_layernorm,11136,452.972
final_layernorm,11152,453.601
final_layernorm,11168,453.131
final_layernorm,11184,454.507
final_layernorm,11200,455.083
final_layernorm,11216,456.62
final_layernorm,11232,457.195
final_layernorm,11248,456.971
final_layernorm,11264,458.166
final_layernorm,11280,460.513
final_layernorm,11296,461.473
final_layernorm,11312,461.793
final_layernorm,11328,461.301
final_layernorm,11344,462.7
final_layernorm,11360,463.019
final_layernorm,11376,463.425
final_layernorm,11392,464.471
final_layernorm,11408,467.009
final_layernorm,11424,467.841
final_layernorm,11440,468.491
final_layernorm,11456,468.854
final_layernorm,11472,469.259
final_layernorm,11488,470.188
final_layernorm,11504,470.155
final_layernorm,11520,470.241
final_layernorm,11536,474.902
final_layernorm,11552,474.337
final_layernorm,11568,474.774
final_layernorm,11584,475.712
final_layernorm,11600,476.417
final_layernorm,11616,477.804
final_layernorm,11632,478.209
final_layernorm,11648,479.041
final_layernorm,11664,478.273
final_layernorm,11680,480.012
final_layernorm,11696,480.044
final_layernorm,11712,479.969
final_layernorm,11728,481.601
final_layernorm,11744,482.251
final_layernorm,11760,483.766
final_layernorm,11776,483.884
final_layernorm,11792,483.222
final_layernorm,11808,483.126
final_layernorm,11824,483.19
final_layernorm,11840,484.822
final_layernorm,11856,485.868
final_layernorm,11872,487.19
final_layernorm,11888,486.945
final_layernorm,11904,487.649
final_layernorm,11920,489.057
final_layernorm,11936,488.204
final_layernorm,11952,489.409
final_layernorm,11968,489.728
final_layernorm,11984,490.39
final_layernorm,12000,491.307
final_layernorm,12016,491.766
final_layernorm,12032,493.142
final_layernorm,12048,494.497
final_layernorm,12064,494.497
final_layernorm,12080,495.798
final_layernorm,12096,497.559
final_layernorm,12112,497.644
final_layernorm,12128,497.921
final_layernorm,12144,500.31
final_layernorm,12160,499.148
final_layernorm,12176,502.252
final_layernorm,12192,501.42
final_layernorm,12208,503.553
final_layernorm,12224,504.182
final_layernorm,12240,505.526
final_layernorm,12256,505.366
final_layernorm,12272,506.273
final_layernorm,12288,507.169
final_layernorm,12304,510.571
final_layernorm,12320,510.934
final_layernorm,12336,512.556
final_layernorm,12352,513.58
final_layernorm,12368,513.601
final_layernorm,12384,513.75
final_layernorm,12400,514.379
final_layernorm,12416,515.66
final_layernorm,12432,513.633
final_layernorm,12448,515.617
final_layernorm,12464,515.158
final_layernorm,12480,515.393
final_layernorm,12496,516.214
final_layernorm,12512,517.142
final_layernorm,12528,517.164
final_layernorm,12544,518.742
final_layernorm,12560,517.356
final_layernorm,12576,518.849
final_layernorm,12592,518.486
final_layernorm,12608,519.019
final_layernorm,12624,518.593
final_layernorm,12640,521.132
final_layernorm,12656,520.748
final_layernorm,12672,520.556
final_layernorm,12688,522.102
final_layernorm,12704,523.489
final_layernorm,12720,523.286
final_layernorm,12736,524.15
final_layernorm,12752,525.537
final_layernorm,12768,525.729
final_layernorm,12784,525.985
final_layernorm,12800,527.201
final_layernorm,12816,528.801
final_layernorm,12832,530.593
final_layernorm,12848,533.793
final_layernorm,12864,532.886
final_layernorm,12880,531.5
final_layernorm,12896,533.612
final_layernorm,12912,534.06
final_layernorm,12928,535.212
final_layernorm,12944,537.484
final_layernorm,12960,539.201
final_layernorm,12976,538.412
final_layernorm,12992,538.817
final_layernorm,13008,541.292
final_layernorm,13024,541.228
final_layernorm,13040,540.908
final_layernorm,13056,542.785
final_layernorm,13072,542.732
final_layernorm,13088,544.054
final_layernorm,13104,544.801
final_layernorm,13120,545.484
final_layernorm,13136,546.028
final_layernorm,13152,546.06
final_layernorm,13168,546.977
final_layernorm,13184,548.619
final_layernorm,13200,546.326
final_layernorm,13216,546.294
final_layernorm,13232,546.465
final_layernorm,13248,547.276
final_layernorm,13264,547.51
final_layernorm,13280,548.673
final_layernorm,13296,549.271
final_layernorm,13312,550.241
final_layernorm,13328,550.839
final_layernorm,13344,551.084
final_layernorm,13360,552.15
final_layernorm,13376,553.228
final_layernorm,13392,553.782
final_layernorm,13408,554.679
final_layernorm,13424,554.871
final_layernorm,13440,556.62
final_layernorm,13456,555.894
final_layernorm,13472,557.121
final_layernorm,13488,557.334
final_layernorm,13504,558.454
final_layernorm,13520,559.243
final_layernorm,13536,561.612
final_layernorm,13552,561.463
final_layernorm,13568,561.527
final_layernorm,13584,564.311
final_layernorm,13600,563.81
final_layernorm,13616,564.94
final_layernorm,13632,565.644
final_layernorm,13648,567.585
final_layernorm,13664,567.841
final_layernorm,13680,567.99
final_layernorm,13696,568.95
final_layernorm,13712,572.492
final_layernorm,13728,572.321
final_layernorm,13744,572.001
final_layernorm,13760,573.526
final_layernorm,13776,573.996
final_layernorm,13792,576.396
final_layernorm,13808,576.577
final_layernorm,13824,576.951
final_layernorm,13840,577.676
final_layernorm,13856,578.53
final_layernorm,13872,579.265
final_layernorm,13888,580.236
final_layernorm,13904,580.236
final_layernorm,13920,580.738
final_layernorm,13936,581.153
final_layernorm,13952,581.388
final_layernorm,13968,581.495
final_layernorm,13984,581.249
final_layernorm,14000,582.743
final_layernorm,14016,582.711
final_layernorm,14032,584.215
final_layernorm,14048,585.26
final_layernorm,14064,585.058
final_layernorm,14080,587.201
final_layernorm,14096,585.996
final_layernorm,14112,586.391
final_layernorm,14128,587.383
final_layernorm,14144,587.66
final_layernorm,14160,587.479
final_layernorm,14176,589.484
final_layernorm,14192,589.388
final_layernorm,14208,589.996
final_layernorm,14224,591.617
final_layernorm,14240,593.41
final_layernorm,14256,593.122
final_layernorm,14272,593.932
final_layernorm,14288,594.412
final_layernorm,14304,594.945
final_layernorm,14320,594.988
final_layernorm,14336,596.844
final_layernorm,14352,598.615
final_layernorm,14368,598.466
final_layernorm,14384,600.695
final_layernorm,14400,601.1
final_layernorm,14416,600.428
final_layernorm,14432,602.092
final_layernorm,14448,602.796
final_layernorm,14464,604.108
final_layernorm,14480,605.239
final_layernorm,14496,606.252
final_layernorm,14512,607.297
final_layernorm,14528,607.724
final_layernorm,14544,608.236
final_layernorm,14560,609.356
final_layernorm,14576,610.263
final_layernorm,14592,611.084
final_layernorm,14608,610.658
final_layernorm,14624,611.671
final_layernorm,14640,612.342
final_layernorm,14656,613.634
final_layernorm,14672,613.271
final_layernorm,14688,614.924
final_layernorm,14704,616.641
final_layernorm,14720,615.767
final_layernorm,14736,614.626
final_layernorm,14752,614.977
final_layernorm,14768,616.717
final_layernorm,14784,617.879
final_layernorm,14800,617.73
final_layernorm,14816,619.159
final_layernorm,14832,619.65
final_layernorm,14848,619.458
final_layernorm,14864,619.97
final_layernorm,14880,621.612
final_layernorm,14896,623.01
final_layernorm,14912,623.362
final_layernorm,14928,623.084
final_layernorm,14944,623.98
final_layernorm,14960,624.386
final_layernorm,14976,625.121
final_layernorm,14992,626.21
final_layernorm,15008,627.074
final_layernorm,15024,629.367
final_layernorm,15040,629.399
final_layernorm,15056,629.143
final_layernorm,15072,630.615
final_layernorm,15088,630.871
final_layernorm,15104,632.577
final_layernorm,15120,632.674
final_layernorm,15136,633.762
final_layernorm,15152,635.938
final_layernorm,15168,636.556
final_layernorm,15184,637.665
final_layernorm,15200,637.879
final_layernorm,15216,638.733
final_layernorm,15232,639.084
final_layernorm,15248,641.794
final_layernorm,15264,643.116
final_layernorm,15280,643.095
final_layernorm,15296,644.492
final_layernorm,15312,644.461
final_layernorm,15328,644.748
final_layernorm,15344,645.975
final_layernorm,15360,646.626
final_layernorm,15376,647.757
final_layernorm,15392,648.493
final_layernorm,15408,648.46
final_layernorm,15424,649.133
final_layernorm,15440,649.794
final_layernorm,15456,650.541
final_layernorm,15472,651.469
final_layernorm,15488,651.575
final_layernorm,15504,649.527
final_layernorm,15520,650.807
final_layernorm,15536,651.618
final_layernorm,15552,651.031
final_layernorm,15568,651.095
final_layernorm,15584,651.927
final_layernorm,15600,653.09
final_layernorm,15616,654.679
final_layernorm,15632,656.322
final_layernorm,15648,656.247
final_layernorm,15664,658.007
final_layernorm,15680,657.709
final_layernorm,15696,658.221
final_layernorm,15712,659.608
final_layernorm,15728,660.279
final_layernorm,15744,660.162
final_layernorm,15760,663.661
final_layernorm,15776,663.682
final_layernorm,15792,664.119
final_layernorm,15808,666.615
final_layernorm,15824,666.679
final_layernorm,15840,666.349
final_layernorm,15856,669.143
final_layernorm,15872,667.148
final_layernorm,15888,670.711
final_layernorm,15904,671.404
final_layernorm,15920,672.162
final_layernorm,15936,671.554
final_layernorm,15952,672.333
final_layernorm,15968,674.05
final_layernorm,15984,674.925
final_layernorm,16000,673.602
final_layernorm,16016,676.813
final_layernorm,16032,678.636
final_layernorm,16048,678.103
final_layernorm,16064,679.639
final_layernorm,16080,680.312
final_layernorm,16096,680.023
final_layernorm,16112,680.898
final_layernorm,16128,681.741
final_layernorm,16144,683.319
final_layernorm,16160,684.045
final_layernorm,16176,684.13
final_layernorm,16192,684.951
final_layernorm,16208,685.538
final_layernorm,16224,686.178
final_layernorm,16240,686.595
final_layernorm,16256,687.735
final_layernorm,16272,685.016
final_layernorm,16288,684.813
final_layernorm,16304,686.488
final_layernorm,16320,686.093
final_layernorm,16336,686.434
final_layernorm,16352,686.839
final_layernorm,16368,688.397
final_layernorm,16384,688.984
gate_up_proj,1,308.735
gate_up_proj,2,309.737
gate_up_proj,3,310.176
gate_up_proj,4,309.845
gate_up_proj,5,309.481
gate_up_proj,6,310.218
gate_up_proj,7,310.324
gate_up_proj,8,310.848
gate_up_proj,9,311.06
gate_up_proj,10,311.817
gate_up_proj,11,311.753
gate_up_proj,12,313.354
gate_up_proj,13,312.085
gate_up_proj,14,312.682
gate_up_proj,15,314.581
gate_up_proj,16,315.71
gate_up_proj,20,322.964
gate_up_proj,24,323.753
gate_up_proj,28,324.436
gate_up_proj,32,324.745
gate_up_proj,36,397.291
gate_up_proj,40,397.737
gate_up_proj,44,399.017
gate_up_proj,48,398.325
gate_up_proj,52,397.844
gate_up_proj,56,399.817
gate_up_proj,60,399.018
gate_up_proj,64,400.394
gate_up_proj,80,407.339
gate_up_proj,96,408.095
gate_up_proj,112,404.788
gate_up_proj,128,406.505
gate_up_proj,144,409.193
gate_up_proj,160,412.734
gate_up_proj,176,416.809
gate_up_proj,192,418.389
gate_up_proj,208,420.533
gate_up_proj,224,422.526
gate_up_proj,240,516.329
gate_up_proj,256,517.641
gate_up_proj,272,491.379
gate_up_proj,288,492.009
gate_up_proj,304,491.934
gate_up_proj,320,493.333
gate_up_proj,336,492.937
gate_up_proj,352,495.776
gate_up_proj,368,496.446
gate_up_proj,384,495.305
gate_up_proj,400,732.435
gate_up_proj,416,732.682
gate_up_proj,432,731.347
gate_up_proj,448,733.299
gate_up_proj,464,734.782
gate_up_proj,480,730.675
gate_up_proj,496,735.069
gate_up_proj,512,737.13
gate_up_proj,528,755.752
gate_up_proj,544,756.52
gate_up_proj,560,758.761
gate_up_proj,576,757.521
gate_up_proj,592,759.315
gate_up_proj,608,761.127
gate_up_proj,624,758.516
gate_up_proj,640,760.893
gate_up_proj,656,991.762
gate_up_proj,672,993.382
gate_up_proj,688,990.92
gate_up_proj,704,988.499
gate_up_proj,720,994.194
gate_up_proj,736,992.925
gate_up_proj,752,996.007
gate_up_proj,768,993.927
gate_up_proj,784,1209.28
gate_up_proj,800,1211.85
gate_up_proj,816,1226.7
gate_up_proj,832,1228.95
gate_up_proj,848,1225.03
gate_up_proj,864,1229.61
gate_up_proj,880,1230.11
gate_up_proj,896,1230.84
gate_up_proj,912,1220.81
gate_up_proj,928,1216.16
gate_up_proj,944,1216.62
gate_up_proj,960,1223.88
gate_up_proj,976,1223.89
gate_up_proj,992,1222.24
gate_up_proj,1008,1223.92
gate_up_proj,1024,1223.77
gate_up_proj,1040,1444.19
gate_up_proj,1056,1455.3
gate_up_proj,1072,1451.75
gate_up_proj,1088,1447.27
gate_up_proj,1104,1460.13
gate_up_proj,1120,1459.01
gate_up_proj,1136,1464.19
gate_up_proj,1152,1460.63
gate_up_proj,1168,1452.36
gate_up_proj,1184,1459.76
gate_up_proj,1200,1464.09
gate_up_proj,1216,1462.9
gate_up_proj,1232,1455.84
gate_up_proj,1248,1466.46
gate_up_proj,1264,1464.58
gate_up_proj,1280,1469.6
gate_up_proj,1296,1694.1
gate_up_proj,1312,1686.92
gate_up_proj,1328,1688.08
gate_up_proj,1344,1698.96
gate_up_proj,1360,1688.44
gate_up_proj,1376,1691.69
gate_up_proj,1392,1693.75
gate_up_proj,1408,1692.03
gate_up_proj,1424,1932.24
gate_up_proj,1440,1931.16
gate_up_proj,1456,1925.23
gate_up_proj,1472,1926
gate_up_proj,1488,1942.77
gate_up_proj,1504,1928.89
gate_up_proj,1520,1933.75
gate_up_proj,1536,1946.02
gate_up_proj,1552,1926.56
gate_up_proj,1568,1927.27
gate_up_proj,1584,1928.66
gate_up_proj,1600,1929.63
gate_up_proj,1616,1929.14
gate_up_proj,1632,1930.27
gate_up_proj,1648,1934.84
gate_up_proj,1664,1939.21
gate_up_proj,1680,2155.28
gate_up_proj,1696,2160.34
gate_up_proj,1712,2160.67
gate_up_proj,1728,2163.99
gate_up_proj,1744,2167.57
gate_up_proj,1760,2164.4
gate_up_proj,1776,2168.21
gate_up_proj,1792,2168.88
gate_up_proj,1808,2163.99
gate_up_proj,1824,2161.26
gate_up_proj,1840,2172.93
gate_up_proj,1856,2172.09
gate_up_proj,1872,2173.46
gate_up_proj,1888,2163.32
gate_up_proj,1904,2169.84
gate_up_proj,1920,2168.25
gate_up_proj,1936,2401.5
gate_up_proj,1952,2401.55
gate_up_proj,1968,2399.28
gate_up_proj,1984,2403.94
gate_up_proj,2000,2402.35
gate_up_proj,2016,2407.33
gate_up_proj,2032,2406
gate_up_proj,2048,2413.37
gate_up_proj,2064,2631.86
gate_up_proj,2080,2632.63
gate_up_proj,2096,2635.34
gate_up_proj,2112,2632.66
gate_up_proj,2128,2638.73
gate_up_proj,2144,2634.15
gate_up_proj,2160,2641.02
gate_up_proj,2176,2644.16
gate_up_proj,2192,2644.15
gate_up_proj,2208,2643.58
gate_up_proj,2224,2646.18
gate_up_proj,2240,2645.78
gate_up_proj,2256,2648.23
gate_up_proj,2272,2646.31
gate_up_proj,2288,2650.98
gate_up_proj,2304,2647.46
gate_up_proj,2320,2869.27
gate_up_proj,2336,2870.58
gate_up_proj,2352,2873.85
gate_up_proj,2368,2875.75
gate_up_proj,2384,2874.26
gate_up_proj,2400,2874.29
gate_up_proj,2416,2879.27
gate_up_proj,2432,2875.5
gate_up_proj,2448,2876.77
gate_up_proj,2464,2877.87
gate_up_proj,2480,2880.98
gate_up_proj,2496,2884.28
gate_up_proj,2512,2882.84
gate_up_proj,2528,2885.3
gate_up_proj,2544,2889.66
gate_up_proj,2560,2887.34
gate_up_proj,2576,3118.13
gate_up_proj,2592,3114.33
gate_up_proj,2608,3116.31
gate_up_proj,2624,3113.19
gate_up_proj,2640,3115.98
gate_up_proj,2656,3126.17
gate_up_proj,2672,3118.04
gate_up_proj,2688,3124.29
gate_up_proj,2704,3344.88
gate_up_proj,2720,3347.58
gate_up_proj,2736,3346.99
gate_up_proj,2752,3351.69
gate_up_proj,2768,3343.08
gate_up_proj,2784,3353.08
gate_up_proj,2800,3353.86
gate_up_proj,2816,3356.75
gate_up_proj,2832,3357
gate_up_proj,2848,3363.95
gate_up_proj,2864,3354.93
gate_up_proj,2880,3362.3
gate_up_proj,2896,3365.16
gate_up_proj,2912,3364.66
gate_up_proj,2928,3370.52
gate_up_proj,2944,3375.92
gate_up_proj,2960,3594.84
gate_up_proj,2976,3603.91
gate_up_proj,2992,3595.66
gate_up_proj,3008,3593.24
gate_up_proj,3024,3599.35
gate_up_proj,3040,3593.19
gate_up_proj,3056,3601.75
gate_up_proj,3072,3605.31
gate_up_proj,3088,3598.5
gate_up_proj,3104,3604.08
gate_up_proj,3120,3602.34
gate_up_proj,3136,3599.6
gate_up_proj,3152,3613.21
gate_up_proj,3168,3608.34
gate_up_proj,3184,3610.93
gate_up_proj,3200,3616.14
gate_up_proj,3216,3835.76
gate_up_proj,3232,3831.89
gate_up_proj,3248,3833.32
gate_up_proj,3264,3839.4
gate_up_proj,3280,3838.75
gate_up_proj,3296,3842.61
gate_up_proj,3312,3840.19
gate_up_proj,3328,3849.25
gate_up_proj,3344,4065.78
gate_up_proj,3360,4055.2
gate_up_proj,3376,4071.92
gate_up_proj,3392,4064.17
gate_up_proj,3408,4084.96
gate_up_proj,3424,4077.82
gate_up_proj,3440,4080.82
gate_up_proj,3456,4083.61
gate_up_proj,3472,4079.03
gate_up_proj,3488,4080.74
gate_up_proj,3504,4072.07
gate_up_proj,3520,4077.38
gate_up_proj,3536,4084.97
gate_up_proj,3552,4076.08
gate_up_proj,3568,4084.47
gate_up_proj,3584,4083.81
gate_up_proj,3600,4307.13
gate_up_proj,3616,4303.6
gate_up_proj,3632,4317.06
gate_up_proj,3648,4318.89
gate_up_proj,3664,4313.73
gate_up_proj,3680,4316.58
gate_up_proj,3696,4324.74
gate_up_proj,3712,4316.42
gate_up_proj,3728,4313.58
gate_up_proj,3744,4337.25
gate_up_proj,3760,4325.79
gate_up_proj,3776,4324.78
gate_up_proj,3792,4330.39
gate_up_proj,3808,4332.16
gate_up_proj,3824,4325.56
gate_up_proj,3840,4329.75
gate_up_proj,3856,4559.82
gate_up_proj,3872,4552.37
gate_up_proj,3888,4558.6
gate_up_proj,3904,4566.16
gate_up_proj,3920,4561.17
gate_up_proj,3936,4568.59
gate_up_proj,3952,4570.74
gate_up_proj,3968,4574.01
gate_up_proj,3984,4796.09
gate_up_proj,4000,4800.77
gate_up_proj,4016,4799.8
gate_up_proj,4032,4807.84
gate_up_proj,4048,4796.4
gate_up_proj,4064,4806.61
gate_up_proj,4080,4809.56
gate_up_proj,4096,4809.22
gate_up_proj,4112,4803.4
gate_up_proj,4128,4804.64
gate_up_proj,4144,4812.05
gate_up_proj,4160,4805.98
gate_up_proj,4176,4814.26
gate_up_proj,4192,4810.67
gate_up_proj,4208,4815.57
gate_up_proj,4224,4813.53
gate_up_proj,4240,5038.34
gate_up_proj,4256,5050.04
gate_up_proj,4272,5039.79
gate_up_proj,4288,5050.95
gate_up_proj,4304,5049.39
gate_up_proj,4320,5056.08
gate_up_proj,4336,5056.18
gate_up_proj,4352,5059.75
gate_up_proj,4368,5057.62
gate_up_proj,4384,5063.11
gate_up_proj,4400,5054.64
gate_up_proj,4416,5061.88
gate_up_proj,4432,5057.77
gate_up_proj,4448,5060.15
gate_up_proj,4464,5068.96
gate_up_proj,4480,5065.96
gate_up_proj,4496,5292.58
gate_up_proj,4512,5292.63
gate_up_proj,4528,5301.59
gate_up_proj,4544,5291.87
gate_up_proj,4560,5294.69
gate_up_proj,4576,5306.91
gate_up_proj,4592,5307.89
gate_up_proj,4608,5302.01
gate_up_proj,4624,5526.89
gate_up_proj,4640,5532.92
gate_up_proj,4656,5542.24
gate_up_proj,4672,5543.6
gate_up_proj,4688,5528.78
gate_up_proj,4704,5532.4
gate_up_proj,4720,5537.01
gate_up_proj,4736,5541.42
gate_up_proj,4752,5558.06
gate_up_proj,4768,5545.74
gate_up_proj,4784,5544.7
gate_up_proj,4800,5552.08
gate_up_proj,4816,5561.49
gate_up_proj,4832,5547.12
gate_up_proj,4848,5551.49
gate_up_proj,4864,5551.48
gate_up_proj,4880,5781.94
gate_up_proj,4896,5777.94
gate_up_proj,4912,5797.99
gate_up_proj,4928,5789.11
gate_up_proj,4944,5785.1
gate_up_proj,4960,5787.13
gate_up_proj,4976,5794.8
gate_up_proj,4992,5789.57
gate_up_proj,5008,5809.97
gate_up_proj,5024,5802.97
gate_up_proj,5040,5798.15
gate_up_proj,5056,5800.16
gate_up_proj,5072,5801.3
gate_up_proj,5088,5798.3
gate_up_proj,5104,5811.21
gate_up_proj,5120,5805.59
gate_up_proj,5136,6039.81
gate_up_proj,5152,6031.1
gate_up_proj,5168,6040.06
gate_up_proj,5184,6036.73
gate_up_proj,5200,6041.93
gate_up_proj,5216,6058.67
gate_up_proj,5232,6044.8
gate_up_proj,5248,6041.17
gate_up_proj,5264,6257.46
gate_up_proj,5280,6282.45
gate_up_proj,5296,6270.69
gate_up_proj,5312,6276.11
gate_up_proj,5328,6276.7
gate_up_proj,5344,6268.58
gate_up_proj,5360,6284.23
gate_up_proj,5376,6285.81
gate_up_proj,5392,6283.07
gate_up_proj,5408,6304.18
gate_up_proj,5424,6292.42
gate_up_proj,5440,6297.56
gate_up_proj,5456,6298.25
gate_up_proj,5472,6300.74
gate_up_proj,5488,6285.78
gate_up_proj,5504,6313.09
gate_up_proj,5520,6533.33
gate_up_proj,5536,6528.77
gate_up_proj,5552,6523.03
gate_up_proj,5568,6537.5
gate_up_proj,5584,6526.54
gate_up_proj,5600,6544.31
gate_up_proj,5616,6533.33
gate_up_proj,5632,6538.13
gate_up_proj,5648,6537.97
gate_up_proj,5664,6545.23
gate_up_proj,5680,6538.15
gate_up_proj,5696,6560.68
gate_up_proj,5712,6547.44
gate_up_proj,5728,6546.63
gate_up_proj,5744,6554.13
gate_up_proj,5760,6554.08
gate_up_proj,5776,6771.68
gate_up_proj,5792,6791.06
gate_up_proj,5808,6784.07
gate_up_proj,5824,6793.4
gate_up_proj,5840,6772.91
gate_up_proj,5856,6792.61
gate_up_proj,5872,6798.21
gate_up_proj,5888,6799.72
gate_up_proj,5904,6797.21
gate_up_proj,5920,6795.32
gate_up_proj,5936,6810.1
gate_up_proj,5952,6810.51
gate_up_proj,5968,6670.15
gate_up_proj,5984,6824.24
gate_up_proj,6000,6809.17
gate_up_proj,6016,6793.57
gate_up_proj,6032,6870
gate_up_proj,6048,6999.17
gate_up_proj,6064,7034.71
gate_up_proj,6080,7045.95
gate_up_proj,6096,6999.64
gate_up_proj,6112,6898.72
gate_up_proj,6128,7014.65
gate_up_proj,6144,7038.65
gate_up_proj,6160,7273.87
gate_up_proj,6176,7277.35
gate_up_proj,6192,7264.17
gate_up_proj,6208,7129.5
gate_up_proj,6224,7227.82
gate_up_proj,6240,7267.65
gate_up_proj,6256,7297.21
gate_up_proj,6272,7278.09
gate_up_proj,6288,7129.46
gate_up_proj,6304,7279.74
gate_up_proj,6320,7128.68
gate_up_proj,6336,7256.2
gate_up_proj,6352,7139.55
gate_up_proj,6368,7289.6
gate_up_proj,6384,7293.23
gate_up_proj,6400,7296.5
gate_up_proj,6416,7339.29
gate_up_proj,6432,7516.56
gate_up_proj,6448,7335.56
gate_up_proj,6464,7516.46
gate_up_proj,6480,7514.99
gate_up_proj,6496,7213.92
gate_up_proj,6512,7458.93
gate_up_proj,6528,7347.86
gate_up_proj,6544,7377.99
gate_up_proj,6560,7362.88
gate_up_proj,6576,7472.85
gate_up_proj,6592,7370.24
gate_up_proj,6608,7239.08
gate_up_proj,6624,7484.47
gate_up_proj,6640,7384.96
gate_up_proj,6656,7319.83
gate_up_proj,6672,7579.49
gate_up_proj,6688,7583.78
gate_up_proj,6704,7464.92
gate_up_proj,6720,7543.64
gate_up_proj,6736,7425.47
gate_up_proj,6752,7434.61
gate_up_proj,6768,7665.85
gate_up_proj,6784,7667.69
gate_up_proj,6800,7817.94
gate_up_proj,6816,7835.8
gate_up_proj,6832,7659.52
gate_up_proj,6848,7858.25
gate_up_proj,6864,7833.24
gate_up_proj,6880,7776.48
gate_up_proj,6896,7648.35
gate_up_proj,6912,7829.33
gate_up_proj,6928,7633.31
gate_up_proj,6944,7844.44
gate_up_proj,6960,7757.63
gate_up_proj,6976,7647.8
gate_up_proj,6992,7690.74
gate_up_proj,7008,7700.58
gate_up_proj,7024,7691.39
gate_up_proj,7040,7850.4
gate_up_proj,7056,7979.98
gate_up_proj,7072,7949.09
gate_up_proj,7088,7999.88
gate_up_proj,7104,7993.48
gate_up_proj,7120,7868.15
gate_up_proj,7136,7737.85
gate_up_proj,7152,7873.72
gate_up_proj,7168,7926.55
gate_up_proj,7184,7896.58
gate_up_proj,7200,7948.39
gate_up_proj,7216,7824.66
gate_up_proj,7232,7993.64
gate_up_proj,7248,8007.71
gate_up_proj,7264,7960.08
gate_up_proj,7280,7847.3
gate_up_proj,7296,7887.81
gate_up_proj,7312,8090.3
gate_up_proj,7328,8099.93
gate_up_proj,7344,8053.63
gate_up_proj,7360,8078.46
gate_up_proj,7376,8102.85
gate_up_proj,7392,8062.24
gate_up_proj,7408,8091.45
gate_up_proj,7424,8025.11
gate_up_proj,7440,8291.19
gate_up_proj,7456,8320.19
gate_up_proj,7472,8415.67
gate_up_proj,7488,8546.29
gate_up_proj,7504,8322.44
gate_up_proj,7520,8316.96
gate_up_proj,7536,8323.23
gate_up_proj,7552,8407.72
gate_up_proj,7568,8348.39
gate_up_proj,7584,8412.03
gate_up_proj,7600,8361.81
gate_up_proj,7616,8358.02
gate_up_proj,7632,8347.37
gate_up_proj,7648,8294.7
gate_up_proj,7664,8181.08
gate_up_proj,7680,8212.37
gate_up_proj,7696,8393.91
gate_up_proj,7712,8551.19
gate_up_proj,7728,8439.68
gate_up_proj,7744,8386.43
gate_up_proj,7760,8372.63
gate_up_proj,7776,8379.85
gate_up_proj,7792,8453.73
gate_up_proj,7808,8569.23
gate_up_proj,7824,8536.38
gate_up_proj,7840,8499.37
gate_up_proj,7856,8488.14
gate_up_proj,7872,8391.06
gate_up_proj,7888,8570.3
gate_up_proj,7904,8659.46
gate_up_proj,7920,8398.3
gate_up_proj,7936,8552.73
gate_up_proj,7952,8625.02
gate_up_proj,7968,8583.82
gate_up_proj,7984,8752.81
gate_up_proj,8000,8716.03
gate_up_proj,8016,8606.18
gate_up_proj,8032,8795.88
gate_up_proj,8048,8809.64
gate_up_proj,8064,8603.6
gate_up_proj,8080,8852.88
gate_up_proj,8096,9019.82
gate_up_proj,8112,8825.41
gate_up_proj,8128,8929.63
gate_up_proj,8144,8802.11
gate_up_proj,8160,8798.08
gate_up_proj,8176,8794.68
gate_up_proj,8192,8927.97
gate_up_proj,8208,8848.11
gate_up_proj,8224,8922.25
gate_up_proj,8240,8832.84
gate_up_proj,8256,8817.58
gate_up_proj,8272,8931.1
gate_up_proj,8288,8846.24
gate_up_proj,8304,8909.24
gate_up_proj,8320,8847.33
gate_up_proj,8336,9022.08
gate_up_proj,8352,9083.36
gate_up_proj,8368,9018.76
gate_up_proj,8384,9031.14
gate_up_proj,8400,9038.31
gate_up_proj,8416,9102.67
gate_up_proj,8432,9024.88
gate_up_proj,8448,9030.99
gate_up_proj,8464,9136.42
gate_up_proj,8480,9071.25
gate_up_proj,8496,9042.66
gate_up_proj,8512,9062.48
gate_up_proj,8528,9072.75
gate_up_proj,8544,9052.28
gate_up_proj,8560,9082.8
gate_up_proj,8576,9075.98
gate_up_proj,8592,9278.22
gate_up_proj,8608,9249.21
gate_up_proj,8624,9258.1
gate_up_proj,8640,9259.55
gate_up_proj,8656,9288.82
gate_up_proj,8672,9306.19
gate_up_proj,8688,9251.78
gate_up_proj,8704,9310.52
gate_up_proj,8720,9473.62
gate_up_proj,8736,9488.66
gate_up_proj,8752,9519.44
gate_up_proj,8768,9474.47
gate_up_proj,8784,9479.51
gate_up_proj,8800,9486.8
gate_up_proj,8816,9490.5
gate_up_proj,8832,9481.28
gate_up_proj,8848,9524.5
gate_up_proj,8864,9506.83
gate_up_proj,8880,9500.45
gate_up_proj,8896,9490.47
gate_up_proj,8912,9488.7
gate_up_proj,8928,9486.18
gate_up_proj,8944,9490.34
gate_up_proj,8960,9487.88
gate_up_proj,8976,9725.53
gate_up_proj,8992,9729.95
gate_up_proj,9008,9720.37
gate_up_proj,9024,9726.84
gate_up_proj,9040,9702.35
gate_up_proj,9056,9713.45
gate_up_proj,9072,9699.55
gate_up_proj,9088,9711.21
gate_up_proj,9104,9726.02
gate_up_proj,9120,9716.95
gate_up_proj,9136,9738.64
gate_up_proj,9152,9727.85
gate_up_proj,9168,9731.99
gate_up_proj,9184,9731.93
gate_up_proj,9200,9733.23
gate_up_proj,9216,9757.64
gate_up_proj,9232,9951.14
gate_up_proj,9248,9929.53
gate_up_proj,9264,9931.77
gate_up_proj,9280,9943.07
gate_up_proj,9296,9951.29
gate_up_proj,9312,9934.86
gate_up_proj,9328,9939.83
gate_up_proj,9344,9941.89
gate_up_proj,9360,10138.4
gate_up_proj,9376,10171.4
gate_up_proj,9392,10153.5
gate_up_proj,9408,10141.1
gate_up_proj,9424,10161.1
gate_up_proj,9440,10133.5
gate_up_proj,9456,10166.3
gate_up_proj,9472,10147.6
gate_up_proj,9488,10164.9
gate_up_proj,9504,10181
gate_up_proj,9520,10168.9
gate_up_proj,9536,10175.4
gate_up_proj,9552,10161.8
gate_up_proj,9568,10167
gate_up_proj,9584,10185.3
gate_up_proj,9600,10183.7
gate_up_proj,9616,10376.7
gate_up_proj,9632,10377.4
gate_up_proj,9648,10381.9
gate_up_proj,9664,10392.7
gate_up_proj,9680,10394.3
gate_up_proj,9696,10381.1
gate_up_proj,9712,10376.8
gate_up_proj,9728,10385.1
gate_up_proj,9744,10396.5
gate_up_proj,9760,10419.3
gate_up_proj,9776,10411.7
gate_up_proj,9792,10420.1
gate_up_proj,9808,10415.9
gate_up_proj,9824,10424.6
gate_up_proj,9840,10407.8
gate_up_proj,9856,10417.4
gate_up_proj,9872,10610.8
gate_up_proj,9888,10613
gate_up_proj,9904,10622.9
gate_up_proj,9920,10608
gate_up_proj,9936,10611.9
gate_up_proj,9952,10626.2
gate_up_proj,9968,10617.2
gate_up_proj,9984,10643.4
gate_up_proj,10000,10831
gate_up_proj,10016,10822.8
gate_up_proj,10032,10829.9
gate_up_proj,10048,10817.8
gate_up_proj,10064,10844.7
gate_up_proj,10080,10826.7
gate_up_proj,10096,10825.6
gate_up_proj,10112,10849.3
gate_up_proj,10128,10843.6
gate_up_proj,10144,10857.6
gate_up_proj,10160,10858
gate_up_proj,10176,10850.7
gate_up_proj,10192,10860.7
gate_up_proj,10208,10871.9
gate_up_proj,10224,10845.8
gate_up_proj,10240,10850.8
gate_up_proj,10256,11060.9
gate_up_proj,10272,11043.3
gate_up_proj,10288,11073
gate_up_proj,10304,11064.5
gate_up_proj,10320,11078
gate_up_proj,10336,11076.9
gate_up_proj,10352,11083
gate_up_proj,10368,11065.7
gate_up_proj,10384,11101
gate_up_proj,10400,11086.7
gate_up_proj,10416,11085.9
gate_up_proj,10432,11117.2
gate_up_proj,10448,11095.4
gate_up_proj,10464,11124.4
gate_up_proj,10480,11093.2
gate_up_proj,10496,11096.7
gate_up_proj,10512,11291.7
gate_up_proj,10528,11287.5
gate_up_proj,10544,11298
gate_up_proj,10560,11306.3
gate_up_proj,10576,11304.2
gate_up_proj,10592,11291.6
gate_up_proj,10608,11309.8
gate_up_proj,10624,11294.2
gate_up_proj,10640,11505.1
gate_up_proj,10656,11519.2
gate_up_proj,10672,11503.4
gate_up_proj,10688,11510.9
gate_up_proj,10704,11527.8
gate_up_proj,10720,11519.9
gate_up_proj,10736,11519.3
gate_up_proj,10752,11513.6
gate_up_proj,10768,11543
gate_up_proj,10784,11526.1
gate_up_proj,10800,11547.4
gate_up_proj,10816,11534
gate_up_proj,10832,11549.1
gate_up_proj,10848,11528.5
gate_up_proj,10864,11534.4
gate_up_proj,10880,11526.5
gate_up_proj,10896,11761.5
gate_up_proj,10912,11737
gate_up_proj,10928,11771.2
gate_up_proj,10944,11752.6
gate_up_proj,10960,11770.9
gate_up_proj,10976,11755.6
gate_up_proj,10992,11766.5
gate_up_proj,11008,11752.3
gate_up_proj,11024,11797.3
gate_up_proj,11040,11773.8
gate_up_proj,11056,11783.8
gate_up_proj,11072,11774.2
gate_up_proj,11088,11798.8
gate_up_proj,11104,11770.9
gate_up_proj,11120,11780.9
gate_up_proj,11136,11795.9
gate_up_proj,11152,11989.7
gate_up_proj,11168,11977.3
gate_up_proj,11184,11977.4
gate_up_proj,11200,11983.8
gate_up_proj,11216,12001.5
gate_up_proj,11232,12008.8
gate_up_proj,11248,12007.3
gate_up_proj,11264,11989.7
gate_up_proj,11280,12203.9
gate_up_proj,11296,12207.7
gate_up_proj,11312,12188.1
gate_up_proj,11328,12194.3
gate_up_proj,11344,12201.9
gate_up_proj,11360,12191
gate_up_proj,11376,12218.3
gate_up_proj,11392,12197.4
gate_up_proj,11408,12193.1
gate_up_proj,11424,12245.6
gate_up_proj,11440,12247.5
gate_up_proj,11456,12254.4
gate_up_proj,11472,12219.5
gate_up_proj,11488,12238
gate_up_proj,11504,12248.2
gate_up_proj,11520,12236.3
gate_up_proj,11536,12443.7
gate_up_proj,11552,12440.3
gate_up_proj,11568,12444
gate_up_proj,11584,12437.4
gate_up_proj,11600,12443.2
gate_up_proj,11616,12450.8
gate_up_proj,11632,12434
gate_up_proj,11648,12479.2
gate_up_proj,11664,12461.1
gate_up_proj,11680,12442.5
gate_up_proj,11696,12465.3
gate_up_proj,11712,12507.1
gate_up_proj,11728,12487.2
gate_up_proj,11744,12480.2
gate_up_proj,11760,12512.6
gate_up_proj,11776,12503.7
gate_up_proj,11792,12693.9
gate_up_proj,11808,12701.1
gate_up_proj,11824,12688.8
gate_up_proj,11840,12703.1
gate_up_proj,11856,12706.2
gate_up_proj,11872,12688.6
gate_up_proj,11888,12697
gate_up_proj,11904,12691.6
gate_up_proj,11920,12764.7
gate_up_proj,11936,12748.2
gate_up_proj,11952,12741.2
gate_up_proj,11968,12744.4
gate_up_proj,11984,12758.4
gate_up_proj,12000,12736.9
gate_up_proj,12016,12720.7
gate_up_proj,12032,12778.7
gate_up_proj,12048,12911.9
gate_up_proj,12064,12889.6
gate_up_proj,12080,12939.9
gate_up_proj,12096,12928.9
gate_up_proj,12112,12941.6
gate_up_proj,12128,12935.5
gate_up_proj,12144,12905.5
gate_up_proj,12160,12908.9
gate_up_proj,12176,13107.1
gate_up_proj,12192,13140
gate_up_proj,12208,13160.3
gate_up_proj,12224,13120.1
gate_up_proj,12240,13115.5
gate_up_proj,12256,13124.5
gate_up_proj,12272,13137.5
gate_up_proj,12288,13163.2
gate_up_proj,12304,13141.1
gate_up_proj,12320,13202.2
gate_up_proj,12336,13210.6
gate_up_proj,12352,13196.3
gate_up_proj,12368,13147
gate_up_proj,12384,13191.4
gate_up_proj,12400,13160.4
gate_up_proj,12416,13159.5
gate_up_proj,12432,13398.1
gate_up_proj,12448,13400.8
gate_up_proj,12464,13353.2
gate_up_proj,12480,13366
gate_up_proj,12496,13382.4
gate_up_proj,12512,13386.6
gate_up_proj,12528,13385.6
gate_up_proj,12544,13373.9
gate_up_proj,12560,13446.6
gate_up_proj,12576,13436.6
gate_up_proj,12592,13408.1
gate_up_proj,12608,13430.4
gate_up_proj,12624,13467.9
gate_up_proj,12640,13457.6
gate_up_proj,12656,13440.2
gate_up_proj,12672,13456.7
gate_up_proj,12688,13639.6
gate_up_proj,12704,13610.7
gate_up_proj,12720,13626.6
gate_up_proj,12736,13615.6
gate_up_proj,12752,13610.2
gate_up_proj,12768,13626.5
gate_up_proj,12784,13642.1
gate_up_proj,12800,13626.6
gate_up_proj,12816,13850.2
gate_up_proj,12832,13868.2
gate_up_proj,12848,13880.9
gate_up_proj,12864,13831.6
gate_up_proj,12880,13851.5
gate_up_proj,12896,13855.3
gate_up_proj,12912,13856.6
gate_up_proj,12928,13869.3
gate_up_proj,12944,13907.1
gate_up_proj,12960,13923.7
gate_up_proj,12976,13915.3
gate_up_proj,12992,13896.1
gate_up_proj,13008,13895.8
gate_up_proj,13024,13887.1
gate_up_proj,13040,13901.6
gate_up_proj,13056,13898.1
gate_up_proj,13072,14091.9
gate_up_proj,13088,14085.2
gate_up_proj,13104,14091.2
gate_up_proj,13120,14094.7
gate_up_proj,13136,14093.2
gate_up_proj,13152,14087.2
gate_up_proj,13168,14071.9
gate_up_proj,13184,14123.8
gate_up_proj,13200,14150.5
gate_up_proj,13216,14148.5
gate_up_proj,13232,14165.6
gate_up_proj,13248,14166.2
gate_up_proj,13264,14160.7
gate_up_proj,13280,14141.5
gate_up_proj,13296,14149.5
gate_up_proj,13312,14148.1
gate_up_proj,13328,14355.3
gate_up_proj,13344,14387.7
gate_up_proj,13360,14347.2
gate_up_proj,13376,14349.1
gate_up_proj,13392,14347.4
gate_up_proj,13408,14342.3
gate_up_proj,13424,14368
gate_up_proj,13440,14344.3
gate_up_proj,13456,14558.5
gate_up_proj,13472,14578.2
gate_up_proj,13488,14586.7
gate_up_proj,13504,14547.6
gate_up_proj,13520,14579
gate_up_proj,13536,14553.3
gate_up_proj,13552,14543.9
gate_up_proj,13568,14539.5
gate_up_proj,13584,14599.4
gate_up_proj,13600,14589.3
gate_up_proj,13616,14600.4
gate_up_proj,13632,14578.1
gate_up_proj,13648,14624.6
gate_up_proj,13664,14589
gate_up_proj,13680,14581.9
gate_up_proj,13696,14615.1
gate_up_proj,13712,14807.5
gate_up_proj,13728,14812.4
gate_up_proj,13744,14813.9
gate_up_proj,13760,14790.6
gate_up_proj,13776,14805.9
gate_up_proj,13792,14783
gate_up_proj,13808,14807.4
gate_up_proj,13824,14783.7
gate_up_proj,13840,14865
gate_up_proj,13856,14872.1
gate_up_proj,13872,14903
gate_up_proj,13888,14881
gate_up_proj,13904,14866.3
gate_up_proj,13920,14878.3
gate_up_proj,13936,14884.3
gate_up_proj,13952,14902.5
gate_up_proj,13968,15082.7
gate_up_proj,13984,15067.7
gate_up_proj,14000,15080.4
gate_up_proj,14016,15061.6
gate_up_proj,14032,15059.7
gate_up_proj,14048,15057.9
gate_up_proj,14064,15085.5
gate_up_proj,14080,15071.2
gate_up_proj,14096,15251.8
gate_up_proj,14112,15292.8
gate_up_proj,14128,15287.3
gate_up_proj,14144,15283.1
gate_up_proj,14160,15262.2
gate_up_proj,14176,15269.7
gate_up_proj,14192,15268.1
gate_up_proj,14208,15265.5
gate_up_proj,14224,15328.9
gate_up_proj,14240,15309.9
gate_up_proj,14256,15321.1
gate_up_proj,14272,15311.8
gate_up_proj,14288,15308.9
gate_up_proj,14304,15345.4
gate_up_proj,14320,15312.8
gate_up_proj,14336,15284
gate_up_proj,14352,15524.5
gate_up_proj,14368,15502.3
gate_up_proj,14384,15445.8
gate_up_proj,14400,15510.4
gate_up_proj,14416,15472.7
gate_up_proj,14432,15510.3
gate_up_proj,14448,15473.1
gate_up_proj,14464,15521.5
gate_up_proj,14480,15529.1
gate_up_proj,14496,15554.7
gate_up_proj,14512,15561.3
gate_up_proj,14528,15542.3
gate_up_proj,14544,15583.2
gate_up_proj,14560,15591
gate_up_proj,14576,15567.6
gate_up_proj,14592,15592.6
gate_up_proj,14608,15773.5
gate_up_proj,14624,15772.9
gate_up_proj,14640,15799.8
gate_up_proj,14656,15807.1
gate_up_proj,14672,15750.1
gate_up_proj,14688,15771.6
gate_up_proj,14704,15794.5
gate_up_proj,14720,15732.2
gate_up_proj,14736,15992.9
gate_up_proj,14752,16011.2
gate_up_proj,14768,15938.4
gate_up_proj,14784,16030.9
gate_up_proj,14800,15948.5
gate_up_proj,14816,15996.9
gate_up_proj,14832,16036.9
gate_up_proj,14848,16041.9
gate_up_proj,14864,16037.9
gate_up_proj,14880,16045.1
gate_up_proj,14896,16054.6
gate_up_proj,14912,15991.9
gate_up_proj,14928,15992.9
gate_up_proj,14944,15974
gate_up_proj,14960,16070.7
gate_up_proj,14976,16083.6
gate_up_proj,14992,16201.1
gate_up_proj,15008,16159.9
gate_up_proj,15024,16250.8
gate_up_proj,15040,16208.9
gate_up_proj,15056,16228.4
gate_up_proj,15072,16232.6
gate_up_proj,15088,16153.5
gate_up_proj,15104,16269.5
gate_up_proj,15120,16244.1
gate_up_proj,15136,16265.5
gate_up_proj,15152,16237
gate_up_proj,15168,16241.6
gate_up_proj,15184,16233.3
gate_up_proj,15200,16308.8
gate_up_proj,15216,16311.8
gate_up_proj,15232,16276.8
gate_up_proj,15248,16414.9
gate_up_proj,15264,16467.9
gate_up_proj,15280,16418.1
gate_up_proj,15296,16483.3
gate_up_proj,15312,16511.6
gate_up_proj,15328,16456.4
gate_up_proj,15344,16500.6
gate_up_proj,15360,16432.1
gate_up_proj,15376,16705.4
gate_up_proj,15392,16602.7
gate_up_proj,15408,16650.5
gate_up_proj,15424,16720.4
gate_up_proj,15440,16649.8
gate_up_proj,15456,16653.2
gate_up_proj,15472,16708.1
gate_up_proj,15488,16747
gate_up_proj,15504,16781.2
gate_up_proj,15520,16835
gate_up_proj,15536,16817.9
gate_up_proj,15552,16691.1
gate_up_proj,15568,16786.6
gate_up_proj,15584,16723.9
gate_up_proj,15600,16794.6
gate_up_proj,15616,16826.8
gate_up_proj,15632,16991.7
gate_up_proj,15648,16941.1
gate_up_proj,15664,17020
gate_up_proj,15680,16871
gate_up_proj,15696,16909.2
gate_up_proj,15712,16996.5
gate_up_proj,15728,16926.1
gate_up_proj,15744,16883
gate_up_proj,15760,17042.3
gate_up_proj,15776,17050
gate_up_proj,15792,17000
gate_up_proj,15808,16964.6
gate_up_proj,15824,16943.3
gate_up_proj,15840,17048.3
gate_up_proj,15856,17041.4
gate_up_proj,15872,16933.9
gate_up_proj,15888,17205.1
gate_up_proj,15904,17115.9
gate_up_proj,15920,17221.2
gate_up_proj,15936,17181.3
gate_up_proj,15952,17232.5
gate_up_proj,15968,17228.1
gate_up_proj,15984,17222.1
gate_up_proj,16000,17218.1
gate_up_proj,16016,17458.6
gate_up_proj,16032,17371
gate_up_proj,16048,17450.1
gate_up_proj,16064,17418.5
gate_up_proj,16080,17468.5
gate_up_proj,16096,17460.7
gate_up_proj,16112,17359.3
gate_up_proj,16128,17479
gate_up_proj,16144,17452.4
gate_up_proj,16160,17426
gate_up_proj,16176,17402.2
gate_up_proj,16192,17492.2
gate_up_proj,16208,17488
gate_up_proj,16224,17415.8
gate_up_proj,16240,17523.1
gate_up_proj,16256,17443.7
gate_up_proj,16272,17720.7
gate_up_proj,16288,17643.8
gate_up_proj,16304,17730.6
gate_up_proj,16320,17697.8
gate_up_proj,16336,17624.5
gate_up_proj,16352,17666
gate_up_proj,16368,17674.5
gate_up_proj,16384,17616.4
layernorm,1,2.77317
layernorm,2,3.1145
layernorm,3,3.1145
layernorm,4,3.11983
layernorm,5,3.13067
layernorm,6,3.15733
layernorm,7,3.15183
layernorm,8,3.15733
layernorm,9,3.168
layernorm,10,3.1465
layernorm,11,3.15733
layernorm,12,3.17333
layernorm,13,3.168
layernorm,14,3.17833
layernorm,15,3.20533
layernorm,16,3.15733
layernorm,20,3.21067
layernorm,24,3.24267
layernorm,28,3.22133
layernorm,32,3.31167
layernorm,36,3.248
layernorm,40,3.2265
layernorm,44,3.2695
layernorm,48,3.2585
layernorm,52,3.20567
layernorm,56,3.2105
layernorm,60,3.24817
layernorm,64,3.27467
layernorm,80,3.472
layernorm,96,3.6695
layernorm,112,3.856
layernorm,128,4.10683
layernorm,144,4.19183
layernorm,160,4.44783
layernorm,176,4.69867
layernorm,192,5.78133
layernorm,208,6.08
layernorm,224,6.17617
layernorm,240,6.50133
layernorm,256,6.21883
layernorm,272,6.12267
layernorm,288,6.21867
layernorm,304,6.35733
layernorm,320,6.4
layernorm,336,6.43183
layernorm,352,6.60767
layernorm,368,6.81083
layernorm,384,7.01867
layernorm,400,7.22667
layernorm,416,7.37067
layernorm,432,7.46667
layernorm,448,7.59467
layernorm,464,7.728
layernorm,480,7.824
layernorm,496,8.0055
layernorm,512,8.19717
layernorm,528,8.35733
layernorm,544,8.47467
layernorm,560,8.69333
layernorm,576,9.04517
layernorm,592,9.29583
layernorm,608,9.31733
layernorm,624,9.55733
layernorm,640,9.79183
layernorm,656,9.90933
layernorm,672,10.048
layernorm,688,10.1707
layernorm,704,10.5173
layernorm,720,10.7148
layernorm,736,10.928
layernorm,752,11.184
layernorm,768,11.5308
layernorm,784,11.5838
layernorm,800,11.7547
layernorm,816,11.9467
layernorm,832,12.2238
layernorm,848,12.4802
layernorm,864,12.752
layernorm,880,12.9975
layernorm,896,13.1845
layernorm,912,13.3972
layernorm,928,13.7332
layernorm,944,14.0798
layernorm,960,14.528
layernorm,976,15.056
layernorm,992,15.2532
layernorm,1008,15.4132
layernorm,1024,15.68
layernorm,1040,16.544
layernorm,1056,16.5865
layernorm,1072,17.1093
layernorm,1088,17.4133
layernorm,1104,17.52
layernorm,1120,17.7813
layernorm,1136,19.9413
layernorm,1152,20.5813
layernorm,1168,20.9972
layernorm,1184,21.2425
layernorm,1200,21.7597
layernorm,1216,21.7067
layernorm,1232,21.856
layernorm,1248,22.1815
layernorm,1264,22.5707
layernorm,1280,22.5228
layernorm,1296,23.024
layernorm,1312,23.1733
layernorm,1328,23.3067
layernorm,1344,23.392
layernorm,1360,23.5465
layernorm,1376,23.536
layernorm,1392,23.5253
layernorm,1408,23.7973
layernorm,1424,23.0665
layernorm,1440,23.2373
layernorm,1456,23.3228
layernorm,1472,23.4292
layernorm,1488,23.5252
layernorm,1504,23.392
layernorm,1520,23.8293
layernorm,1536,24.5493
layernorm,1552,24.7093
layernorm,1568,24.8267
layernorm,1584,25.1147
layernorm,1600,25.4293
layernorm,1616,25.1147
layernorm,1632,25.2587
layernorm,1648,25.1627
layernorm,1664,25.1892
layernorm,1680,25.4828
layernorm,1696,26.0058
layernorm,1712,25.6322
layernorm,1728,26.2503
layernorm,1744,26.3733
layernorm,1760,26.8695
layernorm,1776,27.0665
layernorm,1792,27.5947
layernorm,1808,27.5413
layernorm,1824,27.3813
layernorm,1840,27.6477
layernorm,1856,27.9413
layernorm,1872,28.224
layernorm,1888,28.384
layernorm,1904,28.3838
layernorm,1920,28.7733
layernorm,1936,28.9868
layernorm,1952,29.68
layernorm,1968,29.7118
layernorm,1984,29.4612
layernorm,2000,29.5093
layernorm,2016,30.0267
layernorm,2032,30.0692
layernorm,2048,30.576
layernorm,2064,30.4745
layernorm,2080,30.3467
layernorm,2096,31.4188
layernorm,2112,31.7602
layernorm,2128,32.2027
layernorm,2144,31.952
layernorm,2160,32.2292
layernorm,2176,32.64
layernorm,2192,32.6878
layernorm,2208,32.1813
layernorm,2224,32.6933
layernorm,2240,32.7732
layernorm,2256,33.0345
layernorm,2272,34.8425
layernorm,2288,34.8585
layernorm,2304,34.9228
layernorm,2320,35.7118
layernorm,2336,36
layernorm,2352,36.368
layernorm,2368,36.3308
layernorm,2384,36.528
layernorm,2400,36.8958
layernorm,2416,37.392
layernorm,2432,37.8133
layernorm,2448,38.0373
layernorm,2464,37.8612
layernorm,2480,38.1438
layernorm,2496,39.1198
layernorm,2512,39.2853
layernorm,2528,38.8853
layernorm,2544,39.872
layernorm,2560,40.341
layernorm,2576,40.8158
layernorm,2592,40.8958
layernorm,2608,41.4882
layernorm,2624,41.5467
layernorm,2640,42.4907
layernorm,2656,42.224
layernorm,2672,42.4212
layernorm,2688,43.0987
layernorm,2704,43.7707
layernorm,2720,44.2402
layernorm,2736,44.704
layernorm,2752,45.0823
layernorm,2768,45.061
layernorm,2784,45.6905
layernorm,2800,46.4957
layernorm,2816,46.7358
layernorm,2832,48.0318
layernorm,2848,48.0638
layernorm,2864,46.9812
layernorm,2880,47.8823
layernorm,2896,47.9785
layernorm,2912,49.2107
layernorm,2928,49.8132
layernorm,2944,50.3787
layernorm,2960,51.6105
layernorm,2976,51.408
layernorm,2992,52.3307
layernorm,3008,52.6503
layernorm,3024,53.1623
layernorm,3040,53.8023
layernorm,3056,54.5973
layernorm,3072,54.8798
layernorm,3088,55.7438
layernorm,3104,56.0692
layernorm,3120,56.5227
layernorm,3136,57.2212
layernorm,3152,57.2533
layernorm,3168,58.48
layernorm,3184,58.752
layernorm,3200,59.2798
layernorm,3216,60.2347
layernorm,3232,60.2292
layernorm,3248,61.2692
layernorm,3264,60.7092
layernorm,3280,61.3333
layernorm,3296,62.3037
layernorm,3312,62.4693
layernorm,3328,63.9303
layernorm,3344,64.25
layernorm,3360,65.3705
layernorm,3376,65.8292
layernorm,3392,66.7198
layernorm,3408,67.8285
layernorm,3424,68.3997
layernorm,3440,68.6935
layernorm,3456,70.4903
layernorm,3472,69.3065
layernorm,3488,70.8105
layernorm,3504,71.2692
layernorm,3520,71.7387
layernorm,3536,73.3013
layernorm,3552,73.904
layernorm,3568,73.5678
layernorm,3584,73.824
layernorm,3600,73.808
layernorm,3616,75.5465
layernorm,3632,75.3333
layernorm,3648,76.9705
layernorm,3664,76.5328
layernorm,3680,77.173
layernorm,3696,77.6903
layernorm,3712,78.9117
layernorm,3728,77.1093
layernorm,3744,77.8347
layernorm,3760,77.4025
layernorm,3776,78.3677
layernorm,3792,77.5147
layernorm,3808,78.901
layernorm,3824,79.3602
layernorm,3840,78.7573
layernorm,3856,80.218
layernorm,3872,80.9227
layernorm,3888,81.7707
layernorm,3904,82.6773
layernorm,3920,83.3542
layernorm,3936,83.2692
layernorm,3952,84.485
layernorm,3968,84.7787
layernorm,3984,86.933
layernorm,4000,87.0662
layernorm,4016,88.2025
layernorm,4032,88.3147
layernorm,4048,88.7357
layernorm,4064,88.9383
layernorm,4080,89.376
layernorm,4096,90.2558
layernorm,4112,90.8852
layernorm,4128,91.8133
layernorm,4144,92.1223
layernorm,4160,91.8348
layernorm,4176,93.3492
layernorm,4192,93.7917
layernorm,4208,94.629
layernorm,4224,95.0825
layernorm,4240,95.456
layernorm,4256,96.4582
layernorm,4272,97.0347
layernorm,4288,97.7012
layernorm,4304,98.421
layernorm,4320,99.1093
layernorm,4336,99.6265
layernorm,4352,100.795
layernorm,4368,99.7762
layernorm,4384,101.104
layernorm,4400,101.514
layernorm,4416,102.442
layernorm,4432,102.581
layernorm,4448,103.488
layernorm,4464,104.128
layernorm,4480,104.837
layernorm,4496,104.288
layernorm,4512,104.165
layernorm,4528,104.853
layernorm,4544,106.24
layernorm,4560,107.589
layernorm,4576,108.112
layernorm,4592,108.331
layernorm,4608,109.344
layernorm,4624,109.493
layernorm,4640,110.677
layernorm,4656,111.205
layernorm,4672,112.059
layernorm,4688,113.28
layernorm,4704,113.707
layernorm,4720,113.669
layernorm,4736,114.208
layernorm,4752,115.269
layernorm,4768,116.378
layernorm,4784,117.109
layernorm,4800,117.643
layernorm,4816,118.192
layernorm,4832,119.274
layernorm,4848,119.461
layernorm,4864,120.72
layernorm,4880,121.856
layernorm,4896,121.995
layernorm,4912,122.858
layernorm,4928,123.083
layernorm,4944,122.816
layernorm,4960,123.978
layernorm,4976,124.299
layernorm,4992,125.141
layernorm,5008,125.835
layernorm,5024,125.989
layernorm,5040,124.165
layernorm,5056,125.072
layernorm,5072,125.115
layernorm,5088,126.117
layernorm,5104,126.549
layernorm,5120,127.413
layernorm,5136,130.875
layernorm,5152,131.365
layernorm,5168,132.096
layernorm,5184,132.864
layernorm,5200,133.963
layernorm,5216,134.069
layernorm,5232,135.008
layernorm,5248,134.965
layernorm,5264,135.152
layernorm,5280,135.301
layernorm,5296,136.421
layernorm,5312,137.333
layernorm,5328,137.925
layernorm,5344,137.733
layernorm,5360,139.179
layernorm,5376,139.093
layernorm,5392,141.067
layernorm,5408,141.227
layernorm,5424,141.866
layernorm,5440,142.208
layernorm,5456,143.136
layernorm,5472,143.883
layernorm,5488,143.43
layernorm,5504,144.32
layernorm,5520,145.707
layernorm,5536,146.48
layernorm,5552,147.792
layernorm,5568,148.341
layernorm,5584,149.893
layernorm,5600,150.165
layernorm,5616,150.491
layernorm,5632,150.992
layernorm,5648,152.747
layernorm,5664,153.029
layernorm,5680,153.696
layernorm,5696,154.33
layernorm,5712,154.464
layernorm,5728,155.904
layernorm,5744,155.413
layernorm,5760,157.109
layernorm,5776,157.008
layernorm,5792,157.733
layernorm,5808,158.635
layernorm,5824,159.776
layernorm,5840,159.765
layernorm,5856,160.57
layernorm,5872,160.592
layernorm,5888,161.546
layernorm,5904,162.688
layernorm,5920,162.821
layernorm,5936,163.328
layernorm,5952,164.442
layernorm,5968,164.89
layernorm,5984,165.946
layernorm,6000,166.021
layernorm,6016,166.288
layernorm,6032,165.152
layernorm,6048,165.691
layernorm,6064,166.762
layernorm,6080,167.499
layernorm,6096,168.171
layernorm,6112,168.587
layernorm,6128,168.48
layernorm,6144,169.941
layernorm,6160,170.874
layernorm,6176,172.256
layernorm,6192,172.624
layernorm,6208,173.413
layernorm,6224,173.093
layernorm,6240,174.672
layernorm,6256,174.64
layernorm,6272,175.029
layernorm,6288,175.872
layernorm,6304,176.347
layernorm,6320,176.512
layernorm,6336,177.696
layernorm,6352,177.296
layernorm,6368,178.934
layernorm,6384,178.773
layernorm,6400,179.691
layernorm,6416,180.853
layernorm,6432,180.715
layernorm,6448,180.965
layernorm,6464,181.909
layernorm,6480,182.512
layernorm,6496,182.869
layernorm,6512,183.909
layernorm,6528,183.376
layernorm,6544,184.555
layernorm,6560,185.824
layernorm,6576,186.261
layernorm,6592,187.403
layernorm,6608,188.138
layernorm,6624,188.32
layernorm,6640,188.736
layernorm,6656,189.392
layernorm,6672,187.52
layernorm,6688,188.192
layernorm,6704,189.408
layernorm,6720,190.096
layernorm,6736,190.491
layernorm,6752,191.435
layernorm,6768,191.386
layernorm,6784,192.224
layernorm,6800,192.693
layernorm,6816,194.117
layernorm,6832,194.997
layernorm,6848,195.413
layernorm,6864,196.155
layernorm,6880,197.062
layernorm,6896,197.872
layernorm,6912,198.245
layernorm,6928,198.981
layernorm,6944,200.208
layernorm,6960,200.869
layernorm,6976,200.661
layernorm,6992,201.818
layernorm,7008,201.701
layernorm,7024,202.88
layernorm,7040,203.365
layernorm,7056,203.627
layernorm,7072,204.811
layernorm,7088,205.082
layernorm,7104,205.136
layernorm,7120,206.299
layernorm,7136,206.72
layernorm,7152,206.64
layernorm,7168,207.856
layernorm,7184,208.832
layernorm,7200,210.208
layernorm,7216,210.347
layernorm,7232,210.976
layernorm,7248,211.888
layernorm,7264,211.803
layernorm,7280,212.891
layernorm,7296,212.229
layernorm,7312,213.888
layernorm,7328,214.8
layernorm,7344,214.56
layernorm,7360,215.008
layernorm,7376,216.08
layernorm,7392,215.925
layernorm,7408,217.104
layernorm,7424,216.315
layernorm,7440,215.739
layernorm,7456,216.619
layernorm,7472,217.744
layernorm,7488,217.387
layernorm,7504,218.533
layernorm,7520,218.592
layernorm,7536,219.157
layernorm,7552,219.989
layernorm,7568,220.709
layernorm,7584,221.162
layernorm,7600,221.691
layernorm,7616,221.414
layernorm,7632,222.886
layernorm,7648,222.715
layernorm,7664,223.898
layernorm,7680,223.59
layernorm,7696,225.488
layernorm,7712,226.507
layernorm,7728,226.656
layernorm,7744,227.685
layernorm,7760,228.123
layernorm,7776,228.432
layernorm,7792,228.811
layernorm,7808,230.139
layernorm,7824,230.203
layernorm,7840,231.344
layernorm,7856,231.611
layernorm,7872,231.883
layernorm,7888,232.512
layernorm,7904,233.931
layernorm,7920,234.619
layernorm,7936,235.424
layernorm,7952,233.931
layernorm,7968,234.165
layernorm,7984,234.752
layernorm,8000,234.325
layernorm,8016,235.589
layernorm,8032,236.683
layernorm,8048,236.8
layernorm,8064,237.008
layernorm,8080,238
layernorm,8096,238.965
layernorm,8112,239.424
layernorm,8128,240
layernorm,8144,240.539
layernorm,8160,241.477
layernorm,8176,241.909
layernorm,8192,242.176
layernorm,8208,243.973
layernorm,8224,244.523
layernorm,8240,245.184
layernorm,8256,245.696
layernorm,8272,245.621
layernorm,8288,247.051
layernorm,8304,247.483
layernorm,8320,248.587
layernorm,8336,249.856
layernorm,8352,250.848
layernorm,8368,251.579
layernorm,8384,251.323
layernorm,8400,252.187
layernorm,8416,254.128
layernorm,8432,254.011
layernorm,8448,254.8
layernorm,8464,255.552
layernorm,8480,256.592
layernorm,8496,257.2
layernorm,8512,257.467
layernorm,8528,258.282
layernorm,8544,259.285
layernorm,8560,258.475
layernorm,8576,260.048
layernorm,8592,260.672
layernorm,8608,261.477
layernorm,8624,262.907
layernorm,8640,262.55
layernorm,8656,263.541
layernorm,8672,264.272
layernorm,8688,264.31
layernorm,8704,264.736
layernorm,8720,265.083
layernorm,8736,265.371
layernorm,8752,266.219
layernorm,8768,266.352
layernorm,8784,266.069
layernorm,8800,267.685
layernorm,8816,267.579
layernorm,8832,268.426
layernorm,8848,268.246
layernorm,8864,269.947
layernorm,8880,270.667
layernorm,8896,271.349
layernorm,8912,271.115
layernorm,8928,272.379
layernorm,8944,273.147
layernorm,8960,272.896
layernorm,8976,272.475
layernorm,8992,273.808
layernorm,9008,274.603
layernorm,9024,274.752
layernorm,9040,275.344
layernorm,9056,275.547
layernorm,9072,276.517
layernorm,9088,276.624
layernorm,9104,277.643
layernorm,9120,278.341
layernorm,9136,279.979
layernorm,9152,280.454
layernorm,9168,280.608
layernorm,9184,280.88
layernorm,9200,281.051
layernorm,9216,282.069
layernorm,9232,283.904
layernorm,9248,284.507
layernorm,9264,284.614
layernorm,9280,285.264
layernorm,9296,286.32
layernorm,9312,286.939
layernorm,9328,286.955
layernorm,9344,287.142
layernorm,9360,289.307
layernorm,9376,288.619
layernorm,9392,290.39
layernorm,9408,291.472
layernorm,9424,290.507
layernorm,9440,291.51
layernorm,9456,292.246
layernorm,9472,292.688
layernorm,9488,293.056
layernorm,9504,293.174
layernorm,9520,294.15
layernorm,9536,294.688
layernorm,9552,295.243
layernorm,9568,295.915
layernorm,9584,296.379
layernorm,9600,296.497
layernorm,9616,298.139
layernorm,9632,297.611
layernorm,9648,298.811
layernorm,9664,299.141
layernorm,9680,300.198
layernorm,9696,300.923
layernorm,9712,301.75
layernorm,9728,302.176
layernorm,9744,301.739
layernorm,9760,301.92
layernorm,9776,303.249
layernorm,9792,304.123
layernorm,9808,304.203
layernorm,9824,303.936
layernorm,9840,305.573
layernorm,9856,306.571
layernorm,9872,306.198
layernorm,9888,307.003
layernorm,9904,307.254
layernorm,9920,306.752
layernorm,9936,307.947
layernorm,9952,308.891
layernorm,9968,309.051
layernorm,9984,310.571
layernorm,10000,309.627
layernorm,10016,310.672
layernorm,10032,311.136
layernorm,10048,311.392
layernorm,10064,312.902
layernorm,10080,313.526
layernorm,10096,313.291
layernorm,10112,313.989
layernorm,10128,315.595
layernorm,10144,316.454
layernorm,10160,316.491
layernorm,10176,317.91
layernorm,10192,318.491
layernorm,10208,318.896
layernorm,10224,318.907
layernorm,10240,318.742
layernorm,10256,321.387
layernorm,10272,321.158
layernorm,10288,322.379
layernorm,10304,322.635
layernorm,10320,322.982
layernorm,10336,323.888
layernorm,10352,323.621
layernorm,10368,324.272
layernorm,10384,326.113
layernorm,10400,326.395
layernorm,10416,327.542
layernorm,10432,328.358
layernorm,10448,328.096
layernorm,10464,327.979
layernorm,10480,329.318
layernorm,10496,328.571
layernorm,10512,329.403
layernorm,10528,331.398
layernorm,10544,332.651
layernorm,10560,332.235
layernorm,10576,333.659
layernorm,10592,333.457
layernorm,10608,334.427
layernorm,10624,334.475
layernorm,10640,334.715
layernorm,10656,335.382
layernorm,10672,335.606
layernorm,10688,337.12
layernorm,10704,337.473
layernorm,10720,338.118
layernorm,10736,338.688
layernorm,10752,338.662
layernorm,10768,339.147
layernorm,10784,340.283
layernorm,10800,340.545
layernorm,10816,341.041
layernorm,10832,341.371
layernorm,10848,343.014
layernorm,10864,342.971
layernorm,10880,343.697
layernorm,10896,343.451
layernorm,10912,345.03
layernorm,10928,345.334
layernorm,10944,345.302
layernorm,10960,346.961
layernorm,10976,345.969
layernorm,10992,347.323
layernorm,11008,348.118
layernorm,11024,349.302
layernorm,11040,350.07
layernorm,11056,349.632
layernorm,11072,350.411
layernorm,11088,350.432
layernorm,11104,351.211
layernorm,11120,352.811
layernorm,11136,352.63
layernorm,11152,353.91
layernorm,11168,354.022
layernorm,11184,355.297
layernorm,11200,355.27
layernorm,11216,356.923
layernorm,11232,357.585
layernorm,11248,358.795
layernorm,11264,358.71
layernorm,11280,358.646
layernorm,11296,359.563
layernorm,11312,360.161
layernorm,11328,360.486
layernorm,11344,360.8
layernorm,11360,362.15
layernorm,11376,362.625
layernorm,11392,363.185
layernorm,11408,363.702
layernorm,11424,363.547
layernorm,11440,364.278
layernorm,11456,364.56
layernorm,11472,365.12
layernorm,11488,365.825
layernorm,11504,366.102
layernorm,11520,366.534
layernorm,11536,368.31
layernorm,11552,368.411
layernorm,11568,368.31
layernorm,11584,369.969
layernorm,11600,370.038
layernorm,11616,370.252
layernorm,11632,370.716
layernorm,11648,370.86
layernorm,11664,372.294
layernorm,11680,372.379
layernorm,11696,373.084
layernorm,11712,373.387
layernorm,11728,374.363
layernorm,11744,374.646
layernorm,11760,375.11
layernorm,11776,375.814
layernorm,11792,376.572
layernorm,11808,377.201
layernorm,11824,378.054
layernorm,11840,378.129
layernorm,11856,378.924
layernorm,11872,379.324
layernorm,11888,379.905
layernorm,11904,380.252
layernorm,11920,380.284
layernorm,11936,381.355
layernorm,11952,381.291
layernorm,11968,382.342
layernorm,11984,382.235
layernorm,12000,383.531
layernorm,12016,384.667
layernorm,12032,384.566
layernorm,12048,384.123
layernorm,12064,385.014
layernorm,12080,385.969
layernorm,12096,387.03
layernorm,12112,387.174
layernorm,12128,388.417
layernorm,12144,388.907
layernorm,12160,389.329
layernorm,12176,390.363
layernorm,12192,390.145
layernorm,12208,390.876
layernorm,12224,391.313
layernorm,12240,392.203
layernorm,12256,392.534
layernorm,12272,393.168
layernorm,12288,393.339
layernorm,12304,395.217
layernorm,12320,395.174
layernorm,12336,394.987
layernorm,12352,395.985
layernorm,12368,397.046
layernorm,12384,397.051
layernorm,12400,398.704
layernorm,12416,399.44
layernorm,12432,398.523
layernorm,12448,399.798
layernorm,12464,399.745
layernorm,12480,399.857
layernorm,12496,400.662
layernorm,12512,401.078
layernorm,12528,401.553
layernorm,12544,401.921
layernorm,12560,402.748
layernorm,12576,403.34
layernorm,12592,404.401
layernorm,12608,405.11
layernorm,12624,406.065
layernorm,12640,406.486
layernorm,12656,406.662
layernorm,12672,407.467
layernorm,12688,407.158
layernorm,12704,408.449
layernorm,12720,408.817
layernorm,12736,409.222
layernorm,12752,409.979
layernorm,12768,409.825
layernorm,12784,410.726
layernorm,12800,412.06
layernorm,12816,412.113
layernorm,12832,412.406
layernorm,12848,412.961
layernorm,12864,413.707
layernorm,12880,414.348
layernorm,12896,414.571
layernorm,12912,415.281
layernorm,12928,416.113
layernorm,12944,416.646
layernorm,12960,417.03
layernorm,12976,416.956
layernorm,12992,418.134
layernorm,13008,417.969
layernorm,13024,419.132
layernorm,13040,418.961
layernorm,13056,419.612
layernorm,13072,420.79
layernorm,13088,421.681
layernorm,13104,423.339
layernorm,13120,422.918
layernorm,13136,423.329
layernorm,13152,424.321
layernorm,13168,423.963
layernorm,13184,425.264
layernorm,13200,425.697
layernorm,13216,426.748
layernorm,13232,426.865
layernorm,13248,427.27
layernorm,13264,427.985
layernorm,13280,428.193
layernorm,13296,429.227
layernorm,13312,429.511
layernorm,13328,430.476
layernorm,13344,430.779
layernorm,13360,431.142
layernorm,13376,430.54
layernorm,13392,432.06
layernorm,13408,432.796
layernorm,13424,431.324
layernorm,13440,432.593
layernorm,13456,432.534
layernorm,13472,434.241
layernorm,13488,433.99
layernorm,13504,434.337
layernorm,13520,434.673
layernorm,13536,435.302
layernorm,13552,435.409
layernorm,13568,436.902
layernorm,13584,436.806
layernorm,13600,437.356
layernorm,13616,438.129
layernorm,13632,439.601
layernorm,13648,438.86
layernorm,13664,440.257
layernorm,13680,440.215
layernorm,13696,440.78
layernorm,13712,441.43
layernorm,13728,442.161
layernorm,13744,442.609
layernorm,13760,443.622
layernorm,13776,444.823
layernorm,13792,444.593
layernorm,13808,444.55
layernorm,13824,446.075
layernorm,13840,446.417
layernorm,13856,447.174
layernorm,13872,447.771
layernorm,13888,448.743
layernorm,13904,448.769
layernorm,13920,449.702
layernorm,13936,450.017
layernorm,13952,451.814
layernorm,13968,451.649
layernorm,13984,452.598
layernorm,14000,452.796
layernorm,14016,453.537
layernorm,14032,454.012
layernorm,14048,454.545
layernorm,14064,454.86
layernorm,14080,455.895
layernorm,14096,456.347
layernorm,14112,456.278
layernorm,14128,455.985
layernorm,14144,457.062
layernorm,14160,457.612
layernorm,14176,458.737
layernorm,14192,459.281
layernorm,14208,459.857
layernorm,14224,459.825
layernorm,14240,460.572
layernorm,14256,461.398
layernorm,14272,461.66
layernorm,14288,461.66
layernorm,14304,463.745
layernorm,14320,463.409
layernorm,14336,463.697
layernorm,14352,464.3
layernorm,14368,464.556
layernorm,14384,465.11
layernorm,14400,466.199
layernorm,14416,466.924
layernorm,14432,466.684
layernorm,14448,467.628
layernorm,14464,467.382
layernorm,14480,468.908
layernorm,14496,469.324
layernorm,14512,470.113
layernorm,14528,469.836
layernorm,14544,470.417
layernorm,14560,470.881
layernorm,14576,472.812
layernorm,14592,472.375
layernorm,14608,473.185
layernorm,14624,474.241
layernorm,14640,474.561
layernorm,14656,475.975
layernorm,14672,476.294
layernorm,14688,476.839
layernorm,14704,476.748
layernorm,14720,478.081
layernorm,14736,477.772
layernorm,14752,479.159
layernorm,14768,480.033
layernorm,14784,479.868
layernorm,14800,480.881
layernorm,14816,481.553
layernorm,14832,482.348
layernorm,14848,482.423
layernorm,14864,483.346
layernorm,14880,484.091
layernorm,14896,484.124
layernorm,14912,484.247
layernorm,14928,485.43
layernorm,14944,486.775
layernorm,14960,487.063
layernorm,14976,487.121
layernorm,14992,487.799
layernorm,15008,487.751
layernorm,15024,487.767
layernorm,15040,488.039
layernorm,15056,488.844
layernorm,15072,489.697
layernorm,15088,490.161
layernorm,15104,490.401
layernorm,15120,491.106
layernorm,15136,492.012
layernorm,15152,492.791
layernorm,15168,492.759
layernorm,15184,493.255
layernorm,15200,494.087
layernorm,15216,494.844
layernorm,15232,495.02
layernorm,15248,496.311
layernorm,15264,497.218
layernorm,15280,497.756
layernorm,15296,498.322
layernorm,15312,499.34
layernorm,15328,499.937
layernorm,15344,500.311
layernorm,15360,500.902
layernorm,15376,500.674
layernorm,15392,502.316
layernorm,15408,502.076
layernorm,15424,502.652
layernorm,15440,502.572
layernorm,15456,503.393
layernorm,15472,503.42
layernorm,15488,503.564
layernorm,15504,506.124
layernorm,15520,505.98
layernorm,15536,506.812
layernorm,15552,506.316
layernorm,15568,507.676
layernorm,15584,508.881
layernorm,15600,508.092
layernorm,15616,509.298
layernorm,15632,508.972
layernorm,15648,511.612
layernorm,15664,510.94
layernorm,15680,512.151
layernorm,15696,512.567
layernorm,15712,512.263
layernorm,15728,513.212
layernorm,15744,514.63
layernorm,15760,513.826
layernorm,15776,514.076
layernorm,15792,515.25
layernorm,15808,515.879
layernorm,15824,516.487
layernorm,15840,517.271
layernorm,15856,517.313
layernorm,15872,518.012
layernorm,15888,519.676
layernorm,15904,519.868
layernorm,15920,519.996
layernorm,15936,520.514
layernorm,15952,521.324
layernorm,15968,522.066
layernorm,15984,522.055
layernorm,16000,522.732
layernorm,16016,523.628
layernorm,16032,523.196
layernorm,16048,524.097
layernorm,16064,524.082
layernorm,16080,525.138
layernorm,16096,525.228
layernorm,16112,526.604
layernorm,16128,526.3
layernorm,16144,526.721
layernorm,16160,527.73
layernorm,16176,528.285
layernorm,16192,529.095
layernorm,16208,529.196
layernorm,16224,530.114
layernorm,16240,530.824
layernorm,16256,530.77
layernorm,16272,531.319
layernorm,16288,531.799
layernorm,16304,533.756
layernorm,16320,532.61
layernorm,16336,534.791
layernorm,16352,533.778
layernorm,16368,535.041
layernorm,16384,535.852
o_proj,1,46.5277
o_proj,2,47.413
o_proj,3,47.3917
o_proj,4,47.6907
o_proj,5,47.477
o_proj,6,47.4667
o_proj,7,47.0827
o_proj,8,46.9653
o_proj,9,47.3493
o_proj,10,50.6983
o_proj,11,50.8157
o_proj,12,47.8503
o_proj,13,47.4877
o_proj,14,47.6157
o_proj,15,51.2313
o_proj,16,53.1197
o_proj,20,49.6957
o_proj,24,49.1093
o_proj,28,51.3277
o_proj,32,52.2127
o_proj,36,53.9303
o_proj,40,54.9867
o_proj,44,54.7417
o_proj,48,54.6133
o_proj,52,77.2267
o_proj,56,77.3647
o_proj,60,77.4397
o_proj,64,77.1517
o_proj,80,66.1973
o_proj,96,66.2827
o_proj,112,69.2053
o_proj,128,70.0477
o_proj,144,67.0397
o_proj,160,66.794
o_proj,176,155.402
o_proj,192,156.416
o_proj,208,68.192
o_proj,224,69.2157
o_proj,240,70.8157
o_proj,256,68.7037
o_proj,272,130.432
o_proj,288,130.581
o_proj,304,130.474
o_proj,320,130.688
o_proj,336,131.135
o_proj,352,131.349
o_proj,368,131.562
o_proj,384,132.266
o_proj,400,133.056
o_proj,416,133.216
o_proj,432,134.037
o_proj,448,134.549
o_proj,464,134.933
o_proj,480,135.083
o_proj,496,137.066
o_proj,512,138.752
o_proj,528,195.167
o_proj,544,196.308
o_proj,560,196.064
o_proj,576,196.799
o_proj,592,196.832
o_proj,608,197.161
o_proj,624,197.472
o_proj,640,198.474
o_proj,656,198.324
o_proj,672,197.845
o_proj,688,198.282
o_proj,704,198.698
o_proj,720,199.146
o_proj,736,199.733
o_proj,752,200.65
o_proj,768,200.948
o_proj,784,197.887
o_proj,800,201.94
o_proj,816,249.621
o_proj,832,250.879
o_proj,848,248.799
o_proj,864,249.738
o_proj,880,250.335
o_proj,896,250.687
o_proj,912,250.015
o_proj,928,248.98
o_proj,944,248.842
o_proj,960,249.631
o_proj,976,249.876
o_proj,992,249.055
o_proj,1008,250.016
o_proj,1024,250.453
o_proj,1040,249.6
o_proj,1056,251.722
o_proj,1072,251.712
o_proj,1088,248.927
o_proj,1104,252.576
o_proj,1120,251.466
o_proj,1136,252.255
o_proj,1152,251.52
o_proj,1168,251.85
o_proj,1184,252.949
o_proj,1200,254.208
o_proj,1216,254.325
o_proj,1232,252.01
o_proj,1248,253.984
o_proj,1264,253.792
o_proj,1280,254.282
o_proj,1296,256.991
o_proj,1312,253.002
o_proj,1328,254.218
o_proj,1344,256.554
o_proj,1360,254.474
o_proj,1376,255.018
o_proj,1392,254.484
o_proj,1408,255.264
o_proj,1424,374.826
o_proj,1440,375.871
o_proj,1456,372.875
o_proj,1472,374.143
o_proj,1488,376.906
o_proj,1504,373.749
o_proj,1520,374.783
o_proj,1536,379.295
o_proj,1552,375.711
o_proj,1568,375.743
o_proj,1584,375.028
o_proj,1600,375.423
o_proj,1616,375.86
o_proj,1632,375.562
o_proj,1648,377.076
o_proj,1664,376.65
o_proj,1680,376.191
o_proj,1696,375.614
o_proj,1712,376.244
o_proj,1728,376.778
o_proj,1744,375.38
o_proj,1760,375.626
o_proj,1776,376.532
o_proj,1792,377.258
o_proj,1808,377.023
o_proj,1824,376.362
o_proj,1840,378.047
o_proj,1856,376.49
o_proj,1872,378.399
o_proj,1888,377.311
o_proj,1904,378.57
o_proj,1920,377.556
o_proj,1936,378.229
o_proj,1952,378.484
o_proj,1968,378.324
o_proj,1984,379.338
o_proj,2000,378.507
o_proj,2016,379.508
o_proj,2032,379.114
o_proj,2048,378.943
o_proj,2064,380.895
o_proj,2080,381.599
o_proj,2096,381.866
o_proj,2112,381.706
o_proj,2128,382.292
o_proj,2144,381.322
o_proj,2160,382.143
o_proj,2176,382.399
o_proj,2192,498.324
o_proj,2208,497.546
o_proj,2224,498.516
o_proj,2240,498.975
o_proj,2256,498.964
o_proj,2272,498.068
o_proj,2288,499.977
o_proj,2304,499.06
o_proj,2320,499.049
o_proj,2336,499.359
o_proj,2352,499.871
o_proj,2368,500.18
o_proj,2384,499.391
o_proj,2400,498.697
o_proj,2416,500.074
o_proj,2432,499.956
o_proj,2448,499.839
o_proj,2464,501.14
o_proj,2480,500.831
o_proj,2496,500.415
o_proj,2512,500.277
o_proj,2528,501.588
o_proj,2544,501.248
o_proj,2560,501.279
o_proj,2576,501.663
o_proj,2592,501.684
o_proj,2608,500.809
o_proj,2624,501.375
o_proj,2640,500.586
o_proj,2656,501.503
o_proj,2672,502.089
o_proj,2688,502.378
o_proj,2704,502.004
o_proj,2720,503.007
o_proj,2736,502.922
o_proj,2752,503.711
o_proj,2768,502.356
o_proj,2784,503.508
o_proj,2800,502.697
o_proj,2816,503.625
o_proj,2832,505.695
o_proj,2848,506.218
o_proj,2864,505.129
o_proj,2880,505.449
o_proj,2896,505.332
o_proj,2912,506.388
o_proj,2928,506.57
o_proj,2944,508.34
o_proj,2960,625.663
o_proj,2976,629.087
o_proj,2992,626.825
o_proj,3008,626.985
o_proj,3024,626.164
o_proj,3040,625.044
o_proj,3056,625.247
o_proj,3072,627.241
o_proj,3088,625.407
o_proj,3104,625.695
o_proj,3120,624.788
o_proj,3136,622.089
o_proj,3152,626.228
o_proj,3168,625.492
o_proj,3184,626.43
o_proj,3200,624.895
o_proj,3216,625.876
o_proj,3232,626.121
o_proj,3248,624.927
o_proj,3264,626.974
o_proj,3280,625.214
o_proj,3296,625.727
o_proj,3312,626.324
o_proj,3328,626.814
o_proj,3344,625.802
o_proj,3360,626.057
o_proj,3376,625.62
o_proj,3392,625.93
o_proj,3408,628.234
o_proj,3424,626.686
o_proj,3440,627.146
o_proj,3456,626.943
o_proj,3472,626.046
o_proj,3488,627.978
o_proj,3504,627.444
o_proj,3520,627.562
o_proj,3536,628.158
o_proj,3552,626.879
o_proj,3568,627.561
o_proj,3584,628.478
o_proj,3600,628.671
o_proj,3616,629.332
o_proj,3632,629.033
o_proj,3648,629.535
o_proj,3664,629.14
o_proj,3680,629.333
o_proj,3696,630.922
o_proj,3712,629.973
o_proj,3728,741.396
o_proj,3744,741.609
o_proj,3760,741.161
o_proj,3776,741.107
o_proj,3792,740.692
o_proj,3808,743.134
o_proj,3824,740.393
o_proj,3840,741.087
o_proj,3856,742.282
o_proj,3872,740.361
o_proj,3888,743.061
o_proj,3904,740.095
o_proj,3920,743.327
o_proj,3936,743.871
o_proj,3952,743.53
o_proj,3968,744.692
o_proj,3984,746.367
o_proj,4000,745.61
o_proj,4016,746.825
o_proj,4032,745.215
o_proj,4048,743.359
o_proj,4064,744.308
o_proj,4080,746.9
o_proj,4096,743.978
o_proj,4112,745.983
o_proj,4128,744.831
o_proj,4144,746.826
o_proj,4160,744.404
o_proj,4176,746.697
o_proj,4192,745.918
o_proj,4208,745.599
o_proj,4224,746.206
o_proj,4240,745.428
o_proj,4256,747.06
o_proj,4272,745.311
o_proj,4288,748.116
o_proj,4304,746.175
o_proj,4320,746.761
o_proj,4336,748.063
o_proj,4352,748.906
o_proj,4368,750.346
o_proj,4384,750.324
o_proj,4400,748.02
o_proj,4416,749.513
o_proj,4432,748.073
o_proj,4448,748.852
o_proj,4464,749.311
o_proj,4480,747.924
o_proj,4496,862.922
o_proj,4512,861.652
o_proj,4528,864.501
o_proj,4544,861.833
o_proj,4560,865.012
o_proj,4576,865.118
o_proj,4592,864.308
o_proj,4608,864.788
o_proj,4624,863.955
o_proj,4640,865.162
o_proj,4656,864.735
o_proj,4672,863.796
o_proj,4688,863.817
o_proj,4704,865.344
o_proj,4720,864.575
o_proj,4736,864.671
o_proj,4752,868.372
o_proj,4768,863.666
o_proj,4784,865.844
o_proj,4800,868.212
o_proj,4816,868.713
o_proj,4832,865.343
o_proj,4848,865.812
o_proj,4864,866.111
o_proj,4880,867.498
o_proj,4896,866.942
o_proj,4912,865.898
o_proj,4928,867.914
o_proj,4944,867.369
o_proj,4960,866.175
o_proj,4976,867.295
o_proj,4992,867.327
o_proj,5008,869.226
o_proj,5024,867.327
o_proj,5040,866.068
o_proj,5056,866.911
o_proj,5072,866.75
o_proj,5088,866.761
o_proj,5104,871.369
o_proj,5120,866.036
o_proj,5136,872.586
o_proj,5152,870.175
o_proj,5168,869.642
o_proj,5184,872.17
o_proj,5200,872.042
o_proj,5216,872.98
o_proj,5232,872.373
o_proj,5248,871.54
o_proj,5264,983.828
o_proj,5280,987.519
o_proj,5296,984.053
o_proj,5312,986.335
o_proj,5328,984.927
o_proj,5344,985.898
o_proj,5360,985.695
o_proj,5376,985.546
o_proj,5392,985.567
o_proj,5408,987.466
o_proj,5424,986.505
o_proj,5440,987.166
o_proj,5456,985.44
o_proj,5472,985.578
o_proj,5488,985.471
o_proj,5504,986.708
o_proj,5520,987.647
o_proj,5536,986.207
o_proj,5552,985.46
o_proj,5568,985.343
o_proj,5584,986.421
o_proj,5600,987.946
o_proj,5616,985.077
o_proj,5632,987.626
o_proj,5648,988.063
o_proj,5664,985.226
o_proj,5680,986.986
o_proj,5696,986.954
o_proj,5712,988.074
o_proj,5728,985.396
o_proj,5744,986.026
o_proj,5760,986.367
o_proj,5776,989.279
o_proj,5792,990.485
o_proj,5808,990.218
o_proj,5824,990.527
o_proj,5840,989.151
o_proj,5856,989.705
o_proj,5872,991.455
o_proj,5888,991.284
o_proj,5904,992.938
o_proj,5920,991.914
o_proj,5936,993.941
o_proj,5952,994.954
o_proj,5968,973.589
o_proj,5984,993.556
o_proj,6000,991.253
o_proj,6016,993.514
o_proj,6032,1092.54
o_proj,6048,1112.64
o_proj,6064,1113.06
o_proj,6080,1113.27
o_proj,6096,1114.88
o_proj,6112,1092.32
o_proj,6128,1112.58
o_proj,6144,1112.88
o_proj,6160,1111.52
o_proj,6176,1115.1
o_proj,6192,1110.32
o_proj,6208,1093.31
o_proj,6224,1111.52
o_proj,6240,1112.67
o_proj,6256,1115.42
o_proj,6272,1113.56
o_proj,6288,1093.95
o_proj,6304,1107.93
o_proj,6320,1093.49
o_proj,6336,1113.84
o_proj,6352,1094.12
o_proj,6368,1114.53
o_proj,6384,1109.5
o_proj,6400,1115.32
o_proj,6416,1090.2
o_proj,6432,1115.26
o_proj,6448,1095.14
o_proj,6464,1115.57
o_proj,6480,1112.84
o_proj,6496,1074.65
o_proj,6512,1112.18
o_proj,6528,1094.49
o_proj,6544,1106.77
o_proj,6560,1093.41
o_proj,6576,1117.01
o_proj,6592,1094.87
o_proj,6608,1075.81
o_proj,6624,1112.61
o_proj,6640,1096.58
o_proj,6656,1094.82
o_proj,6672,1202.32
o_proj,6688,1204.07
o_proj,6704,1184.26
o_proj,6720,1204.1
o_proj,6736,1182.29
o_proj,6752,1182.69
o_proj,6768,1229.58
o_proj,6784,1228.76
o_proj,6800,1206.6
o_proj,6816,1222.34
o_proj,6832,1186.62
o_proj,6848,1232.67
o_proj,6864,1220.22
o_proj,6880,1210.59
o_proj,6896,1187.3
o_proj,6912,1210.49
o_proj,6928,1187.04
o_proj,6944,1231.88
o_proj,6960,1211.81
o_proj,6976,1186.11
o_proj,6992,1190.26
o_proj,7008,1190.59
o_proj,7024,1190.95
o_proj,7040,1234.42
o_proj,7056,1210.91
o_proj,7072,1213.08
o_proj,7088,1209.79
o_proj,7104,1213.1
o_proj,7120,1187.33
o_proj,7136,1168.78
o_proj,7152,1189.56
o_proj,7168,1193.27
o_proj,7184,1188.79
o_proj,7200,1213.42
o_proj,7216,1189.06
o_proj,7232,1214.96
o_proj,7248,1215.56
o_proj,7264,1218.03
o_proj,7280,1193.1
o_proj,7296,1189.72
o_proj,7312,1190.28
o_proj,7328,1191.67
o_proj,7344,1193.17
o_proj,7360,1190.94
o_proj,7376,1191.79
o_proj,7392,1190.66
o_proj,7408,1192.49
o_proj,7424,1195.21
o_proj,7440,1298.65
o_proj,7456,1297.8
o_proj,7472,1330.83
o_proj,7488,1328.31
o_proj,7504,1297.22
o_proj,7520,1298.04
o_proj,7536,1300.51
o_proj,7552,1331.87
o_proj,7568,1309.29
o_proj,7584,1334.24
o_proj,7600,1332.11
o_proj,7616,1332.97
o_proj,7632,1308.66
o_proj,7648,1304.92
o_proj,7664,1293.58
o_proj,7680,1300.95
o_proj,7696,1307.05
o_proj,7712,1307.97
o_proj,7728,1310.53
o_proj,7744,1285.68
o_proj,7760,1283.3
o_proj,7776,1279.74
o_proj,7792,1309.46
o_proj,7808,1310.35
o_proj,7824,1309.33
o_proj,7840,1308.05
o_proj,7856,1307.87
o_proj,7872,1282.61
o_proj,7888,1307.78
o_proj,7904,1314.42
o_proj,7920,1284.2
o_proj,7936,1310.69
o_proj,7952,1309.7
o_proj,7968,1282.84
o_proj,7984,1310.95
o_proj,8000,1308.68
o_proj,8016,1282.62
o_proj,8032,1310.16
o_proj,8048,1311.82
o_proj,8064,1289.24
o_proj,8080,1289.11
o_proj,8096,1310.85
o_proj,8112,1285.55
o_proj,8128,1311.55
o_proj,8144,1283.05
o_proj,8160,1284.41
o_proj,8176,1283.32
o_proj,8192,1314.23
o_proj,8208,1393.43
o_proj,8224,1419.24
o_proj,8240,1408.49
o_proj,8256,1390.58
o_proj,8272,1419.77
o_proj,8288,1393.36
o_proj,8304,1419.94
o_proj,8320,1402.4
o_proj,8336,1393.12
o_proj,8352,1425.11
o_proj,8368,1392.7
o_proj,8384,1394.39
o_proj,8400,1395.11
o_proj,8416,1426.99
o_proj,8432,1394.52
o_proj,8448,1395.18
o_proj,8464,1428.59
o_proj,8480,1397.9
o_proj,8496,1395.95
o_proj,8512,1398.27
o_proj,8528,1399.07
o_proj,8544,1396.54
o_proj,8560,1402.6
o_proj,8576,1399.57
o_proj,8592,1401.4
o_proj,8608,1398.42
o_proj,8624,1399.95
o_proj,8640,1398.59
o_proj,8656,1434.09
o_proj,8672,1404.48
o_proj,8688,1399.12
o_proj,8704,1404.91
o_proj,8720,1401.32
o_proj,8736,1413.6
o_proj,8752,1434.44
o_proj,8768,1399.52
o_proj,8784,1402.01
o_proj,8800,1401.22
o_proj,8816,1401.91
o_proj,8832,1404.09
o_proj,8848,1437.82
o_proj,8864,1404.9
o_proj,8880,1405.39
o_proj,8896,1402.58
o_proj,8912,1405.08
o_proj,8928,1405.72
o_proj,8944,1403.71
o_proj,8960,1404.11
o_proj,8976,1512.96
o_proj,8992,1517.04
o_proj,9008,1511.31
o_proj,9024,1515.38
o_proj,9040,1508.22
o_proj,9056,1510.89
o_proj,9072,1509.91
o_proj,9088,1509.96
o_proj,9104,1512.87
o_proj,9120,1510.16
o_proj,9136,1511.92
o_proj,9152,1512.03
o_proj,9168,1513.28
o_proj,9184,1513.1
o_proj,9200,1512.57
o_proj,9216,1514.55
o_proj,9232,1516.55
o_proj,9248,1513.45
o_proj,9264,1514
o_proj,9280,1514.61
o_proj,9296,1515.67
o_proj,9312,1515.46
o_proj,9328,1513.85
o_proj,9344,1515.28
o_proj,9360,1515.19
o_proj,9376,1522.92
o_proj,9392,1515.96
o_proj,9408,1513.84
o_proj,9424,1517.25
o_proj,9440,1515.96
o_proj,9456,1516.43
o_proj,9472,1516.92
o_proj,9488,1516.33
o_proj,9504,1519.07
o_proj,9520,1517.03
o_proj,9536,1520.32
o_proj,9552,1519.93
o_proj,9568,1520.11
o_proj,9584,1520.52
o_proj,9600,1520.4
o_proj,9616,1520.15
o_proj,9632,1518.89
o_proj,9648,1524.97
o_proj,9664,1520.96
o_proj,9680,1523.07
o_proj,9696,1523.04
o_proj,9712,1520
o_proj,9728,1521.46
o_proj,9744,1622.28
o_proj,9760,1625.62
o_proj,9776,1624.52
o_proj,9792,1627.45
o_proj,9808,1626.82
o_proj,9824,1627.23
o_proj,9840,1624.98
o_proj,9856,1626.95
o_proj,9872,1628.74
o_proj,9888,1632.18
o_proj,9904,1632.5
o_proj,9920,1628.79
o_proj,9936,1629.31
o_proj,9952,1635.7
o_proj,9968,1629.21
o_proj,9984,1632.38
o_proj,10000,1630.2
o_proj,10016,1633.42
o_proj,10032,1630.98
o_proj,10048,1631.26
o_proj,10064,1634.39
o_proj,10080,1631.98
o_proj,10096,1636.92
o_proj,10112,1633.8
o_proj,10128,1635.67
o_proj,10144,1635.29
o_proj,10160,1633.98
o_proj,10176,1632.73
o_proj,10192,1633.98
o_proj,10208,1635.93
o_proj,10224,1632.61
o_proj,10240,1632.2
o_proj,10256,1635.07
o_proj,10272,1631.11
o_proj,10288,1636.81
o_proj,10304,1636.05
o_proj,10320,1636.78
o_proj,10336,1639.4
o_proj,10352,1637.85
o_proj,10368,1635.79
o_proj,10384,1637.29
o_proj,10400,1638.53
o_proj,10416,1637.71
o_proj,10432,1639
o_proj,10448,1639.22
o_proj,10464,1643.58
o_proj,10480,1637.17
o_proj,10496,1639.16
o_proj,10512,1743.66
o_proj,10528,1742.51
o_proj,10544,1741.69
o_proj,10560,1744.74
o_proj,10576,1746.35
o_proj,10592,1741.82
o_proj,10608,1745.41
o_proj,10624,1745.1
o_proj,10640,1744.11
o_proj,10656,1749.22
o_proj,10672,1746.37
o_proj,10688,1748.67
o_proj,10704,1749.67
o_proj,10720,1745.88
o_proj,10736,1748.4
o_proj,10752,1747.7
o_proj,10768,1747.46
o_proj,10784,1747.89
o_proj,10800,1751.38
o_proj,10816,1748.73
o_proj,10832,1750.72
o_proj,10848,1748.09
o_proj,10864,1747.44
o_proj,10880,1747.3
o_proj,10896,1750.57
o_proj,10912,1747.67
o_proj,10928,1754.5
o_proj,10944,1753.14
o_proj,10960,1752.78
o_proj,10976,1752.23
o_proj,10992,1752.93
o_proj,11008,1749.67
o_proj,11024,1752.05
o_proj,11040,1751.44
o_proj,11056,1754.39
o_proj,11072,1754.16
o_proj,11088,1756.32
o_proj,11104,1751.12
o_proj,11120,1752.89
o_proj,11136,1755.1
o_proj,11152,1754.2
o_proj,11168,1755.66
o_proj,11184,1753.81
o_proj,11200,1754.93
o_proj,11216,1757.93
o_proj,11232,1759.84
o_proj,11248,1758.06
o_proj,11264,1755.97
o_proj,11280,1858.77
o_proj,11296,1857.2
o_proj,11312,1856.74
o_proj,11328,1858.97
o_proj,11344,1859.08
o_proj,11360,1859.31
o_proj,11376,1859.78
o_proj,11392,1861.61
o_proj,11408,1860.81
o_proj,11424,1860.07
o_proj,11440,1863.1
o_proj,11456,1863.4
o_proj,11472,1864.19
o_proj,11488,1866.34
o_proj,11504,1867.03
o_proj,11520,1862.53
o_proj,11536,1864.36
o_proj,11552,1863.36
o_proj,11568,1863.92
o_proj,11584,1864.39
o_proj,11600,1865.02
o_proj,11616,1864.23
o_proj,11632,1867.18
o_proj,11648,1870.46
o_proj,11664,1869.24
o_proj,11680,1867.18
o_proj,11696,1867
o_proj,11712,1868.96
o_proj,11728,1869.18
o_proj,11744,1867.44
o_proj,11760,1871.35
o_proj,11776,1870.3
o_proj,11792,1869.24
o_proj,11808,1874.83
o_proj,11824,1869.26
o_proj,11840,1872.62
o_proj,11856,1876.03
o_proj,11872,1874.87
o_proj,11888,1870.2
o_proj,11904,1877.54
o_proj,11920,1877.36
o_proj,11936,1874.68
o_proj,11952,1875.05
o_proj,11968,1882.65
o_proj,11984,1875.31
o_proj,12000,1875.73
o_proj,12016,1880.47
o_proj,12032,1878.05
o_proj,12048,1975.62
o_proj,12064,1976.65
o_proj,12080,1978.4
o_proj,12096,1977.58
o_proj,12112,1979.19
o_proj,12128,1981.5
o_proj,12144,1976.87
o_proj,12160,1976.74
o_proj,12176,1982.3
o_proj,12192,1978.31
o_proj,12208,1985.48
o_proj,12224,1981.44
o_proj,12240,1983.32
o_proj,12256,1984.39
o_proj,12272,1984.29
o_proj,12288,1982.41
o_proj,12304,1984.46
o_proj,12320,1985.12
o_proj,12336,1985.44
o_proj,12352,1990.42
o_proj,12368,1984.69
o_proj,12384,1985.36
o_proj,12400,1986.55
o_proj,12416,1985.67
o_proj,12432,1985.63
o_proj,12448,1983.56
o_proj,12464,1988.31
o_proj,12480,1988.3
o_proj,12496,1991.53
o_proj,12512,1983.63
o_proj,12528,1985.94
o_proj,12544,1986.09
o_proj,12560,1988.89
o_proj,12576,1995.4
o_proj,12592,1987.25
o_proj,12608,1993.02
o_proj,12624,1989.98
o_proj,12640,1996.42
o_proj,12656,1992.87
o_proj,12672,1990.51
o_proj,12688,2098.2
o_proj,12704,2087.29
o_proj,12720,2090.63
o_proj,12736,2086.88
o_proj,12752,2090.84
o_proj,12768,2093
o_proj,12784,2096.61
o_proj,12800,2096.37
o_proj,12816,2095.03
o_proj,12832,2101.15
o_proj,12848,2094.61
o_proj,12864,2092.92
o_proj,12880,2091.24
o_proj,12896,2096.84
o_proj,12912,2104.05
o_proj,12928,2096.09
o_proj,12944,2097.73
o_proj,12960,2109.41
o_proj,12976,2096.83
o_proj,12992,2105.45
o_proj,13008,2099.44
o_proj,13024,2098.71
o_proj,13040,2099.02
o_proj,13056,2105.25
o_proj,13072,2106.09
o_proj,13088,2097.4
o_proj,13104,2102.53
o_proj,13120,2096.31
o_proj,13136,2104.1
o_proj,13152,2104.99
o_proj,13168,2102.19
o_proj,13184,2100.62
o_proj,13200,2109.57
o_proj,13216,2107.72
o_proj,13232,2102.93
o_proj,13248,2104.21
o_proj,13264,2113.03
o_proj,13280,2113.71
o_proj,13296,2113.38
o_proj,13312,2110.6
o_proj,13328,2114.27
o_proj,13344,2110.35
o_proj,13360,2109.88
o_proj,13376,2114.48
o_proj,13392,2115.18
o_proj,13408,2112.2
o_proj,13424,2119.03
o_proj,13440,2115.98
o_proj,13456,2212.86
o_proj,13472,2221.14
o_proj,13488,2211.62
o_proj,13504,2213.89
o_proj,13520,2216.76
o_proj,13536,2215.1
o_proj,13552,2212.39
o_proj,13568,2212.23
o_proj,13584,2224.2
o_proj,13600,2220.52
o_proj,13616,2217.97
o_proj,13632,2217.6
o_proj,13648,2217.26
o_proj,13664,2218.04
o_proj,13680,2217.76
o_proj,13696,2228.08
o_proj,13712,2227.49
o_proj,13728,2228.69
o_proj,13744,2226.23
o_proj,13760,2219.13
o_proj,13776,2225.17
o_proj,13792,2223.24
o_proj,13808,2226.58
o_proj,13824,2220.83
o_proj,13840,2229.83
o_proj,13856,2224.1
o_proj,13872,2236.44
o_proj,13888,2232.34
o_proj,13904,2230.8
o_proj,13920,2232.5
o_proj,13936,2228.29
o_proj,13952,2235.59
o_proj,13968,2235.6
o_proj,13984,2229.43
o_proj,14000,2233.18
o_proj,14016,2233.28
o_proj,14032,2232.68
o_proj,14048,2230.4
o_proj,14064,2235.69
o_proj,14080,2233.47
o_proj,14096,2234.42
o_proj,14112,2236.86
o_proj,14128,2237.59
o_proj,14144,2236.66
o_proj,14160,2233.91
o_proj,14176,2235.47
o_proj,14192,2232.23
o_proj,14208,2231.81
o_proj,14224,2341.28
o_proj,14240,2337.13
o_proj,14256,2337.7
o_proj,14272,2339.24
o_proj,14288,2338.21
o_proj,14304,2344.69
o_proj,14320,2337.68
o_proj,14336,2336.18
o_proj,14352,2343.09
o_proj,14368,2338.41
o_proj,14384,2332.54
o_proj,14400,2339.17
o_proj,14416,2332.34
o_proj,14432,2340.68
o_proj,14448,2337.64
o_proj,14464,2338.62
o_proj,14480,2340.96
o_proj,14496,2340.42
o_proj,14512,2342.77
o_proj,14528,2343.12
o_proj,14544,2343.93
o_proj,14560,2345.13
o_proj,14576,2343.29
o_proj,14592,2344.78
o_proj,14608,2346.54
o_proj,14624,2352.49
o_proj,14640,2351.45
o_proj,14656,2353.73
o_proj,14672,2345.76
o_proj,14688,2350.3
o_proj,14704,2348.71
o_proj,14720,2343.44
o_proj,14736,2356.05
o_proj,14752,2354.18
o_proj,14768,2349.02
o_proj,14784,2352.78
o_proj,14800,2349.95
o_proj,14816,2351.42
o_proj,14832,2357.7
o_proj,14848,2357
o_proj,14864,2358.98
o_proj,14880,2357.34
o_proj,14896,2356.21
o_proj,14912,2354.92
o_proj,14928,2352.96
o_proj,14944,2355.09
o_proj,14960,2360.16
o_proj,14976,2362.09
o_proj,14992,2456.23
o_proj,15008,2450.14
o_proj,15024,2458.16
o_proj,15040,2456.05
o_proj,15056,2460.55
o_proj,15072,2460.25
o_proj,15088,2449.26
o_proj,15104,2461.24
o_proj,15120,2458.44
o_proj,15136,2457.52
o_proj,15152,2456.69
o_proj,15168,2457.22
o_proj,15184,2456.25
o_proj,15200,2460.68
o_proj,15216,2462.63
o_proj,15232,2461.78
o_proj,15248,2460.43
o_proj,15264,2462.66
o_proj,15280,2459.84
o_proj,15296,2464.42
o_proj,15312,2465.76
o_proj,15328,2462.52
o_proj,15344,2467.15
o_proj,15360,2458.29
o_proj,15376,2468.01
o_proj,15392,2455.53
o_proj,15408,2468.05
o_proj,15424,2470.35
o_proj,15440,2465.7
o_proj,15456,2464.74
o_proj,15472,2468.62
o_proj,15488,2470.06
o_proj,15504,2476.02
o_proj,15520,2477.97
o_proj,15536,2478.83
o_proj,15552,2468.52
o_proj,15568,2478.73
o_proj,15584,2470.33
o_proj,15600,2474.32
o_proj,15616,2479.39
o_proj,15632,2479.2
o_proj,15648,2473.46
o_proj,15664,2481.54
o_proj,15680,2474.22
o_proj,15696,2476.2
o_proj,15712,2478.72
o_proj,15728,2481.7
o_proj,15744,2475.61
o_proj,15760,2580.69
o_proj,15776,2577.06
o_proj,15792,2578.65
o_proj,15808,2570.11
o_proj,15824,2573.8
o_proj,15840,2577.49
o_proj,15856,2576.19
o_proj,15872,2574.24
o_proj,15888,2578.79
o_proj,15904,2574.51
o_proj,15920,2579.24
o_proj,15936,2577.62
o_proj,15952,2583.06
o_proj,15968,2584.09
o_proj,15984,2581.47
o_proj,16000,2580.6
o_proj,16016,2583.87
o_proj,16032,2583.31
o_proj,16048,2581.18
o_proj,16064,2586.42
o_proj,16080,2586.56
o_proj,16096,2582.85
o_proj,16112,2581.2
o_proj,16128,2585.25
o_proj,16144,2587.37
o_proj,16160,2586.49
o_proj,16176,2589.11
o_proj,16192,2590.98
o_proj,16208,2591.15
o_proj,16224,2589.43
o_proj,16240,2593.53
o_proj,16256,2589.78
o_proj,16272,2591.55
o_proj,16288,2589.91
o_proj,16304,2598.06
o_proj,16320,2594.81
o_proj,16336,2589.91
o_proj,16352,2589.31
o_proj,16368,2593.48
o_proj,16384,2592.6
qkv_proj,1,57.824
qkv_proj,2,58.89
qkv_proj,3,58.6557
qkv_proj,4,58.1547
qkv_proj,5,59.317
qkv_proj,6,59.285
qkv_proj,7,59.7433
qkv_proj,8,64.352
qkv_proj,9,66.528
qkv_proj,10,66.4423
qkv_proj,11,64.7037
qkv_proj,12,59.0717
qkv_proj,13,59.0503
qkv_proj,14,59.5193
qkv_proj,15,59.1893
qkv_proj,16,59.7543
qkv_proj,20,59.6907
qkv_proj,24,59.5203
qkv_proj,28,59.3593
qkv_proj,32,59.5837
qkv_proj,36,71.808
qkv_proj,40,73.024
qkv_proj,44,71.4877
qkv_proj,48,72.6937
qkv_proj,52,72.768
qkv_proj,56,73.408
qkv_proj,60,73.7497
qkv_proj,64,74.613
qkv_proj,80,68.288
qkv_proj,96,69.248
qkv_proj,112,72.7993
qkv_proj,128,73.1947
qkv_proj,144,70.7197
qkv_proj,160,74.8263
qkv_proj,176,75.52
qkv_proj,192,75.2747
qkv_proj,208,76.1067
qkv_proj,224,76.448
qkv_proj,240,83.541
qkv_proj,256,84.128
qkv_proj,272,133.12
qkv_proj,288,133.258
qkv_proj,304,133.589
qkv_proj,320,134.176
qkv_proj,336,134.517
qkv_proj,352,134.72
qkv_proj,368,134.794
qkv_proj,384,135.498
qkv_proj,400,135.946
qkv_proj,416,136.074
qkv_proj,432,133.397
qkv_proj,448,133.589
qkv_proj,464,134.005
qkv_proj,480,132.906
qkv_proj,496,134.037
qkv_proj,512,134.645
qkv_proj,528,180.767
qkv_proj,544,180.724
qkv_proj,560,180.821
qkv_proj,576,180.82
qkv_proj,592,180.97
qkv_proj,608,181.087
qkv_proj,624,181.045
qkv_proj,640,181.525
qkv_proj,656,181.258
qkv_proj,672,181.802
qkv_proj,688,181.855
qkv_proj,704,182.443
qkv_proj,720,182.058
qkv_proj,736,182.772
qkv_proj,752,182.869
qkv_proj,768,183.349
qkv_proj,784,250.378
qkv_proj,800,251.072
qkv_proj,816,252.607
qkv_proj,832,253.215
qkv_proj,848,252.266
qkv_proj,864,252.895
qkv_proj,880,253.535
qkv_proj,896,253.514
qkv_proj,912,254.698
qkv_proj,928,254.272
qkv_proj,944,252.704
qkv_proj,960,255.381
qkv_proj,976,254.922
qkv_proj,992,254.453
qkv_proj,1008,256.352
qkv_proj,1024,257.013
qkv_proj,1040,372.96
qkv_proj,1056,375.433
qkv_proj,1072,375.755
qkv_proj,1088,372.916
qkv_proj,1104,377.247
qkv_proj,1120,377.236
qkv_proj,1136,377.171
qkv_proj,1152,376.533
qkv_proj,1168,374.367
qkv_proj,1184,376.842
qkv_proj,1200,378.421
qkv_proj,1216,377.674
qkv_proj,1232,374.9
qkv_proj,1248,377.684
qkv_proj,1264,376.276
qkv_proj,1280,377.663
qkv_proj,1296,482.313
qkv_proj,1312,480.554
qkv_proj,1328,478.772
qkv_proj,1344,483.274
qkv_proj,1360,480.158
qkv_proj,1376,479.327
qkv_proj,1392,481.535
qkv_proj,1408,478.891
qkv_proj,1424,482.922
qkv_proj,1440,484.223
qkv_proj,1456,479.818
qkv_proj,1472,481.663
qkv_proj,1488,482.366
qkv_proj,1504,478.762
qkv_proj,1520,479.871
qkv_proj,1536,483.753
qkv_proj,1552,478.75
qkv_proj,1568,480.852
qkv_proj,1584,479.167
qkv_proj,1600,483.157
qkv_proj,1616,485.514
qkv_proj,1632,483.967
qkv_proj,1648,485.577
qkv_proj,1664,485.385
qkv_proj,1680,485.652
qkv_proj,1696,486.55
qkv_proj,1712,484.916
qkv_proj,1728,486.516
qkv_proj,1744,486.218
qkv_proj,1760,486.858
qkv_proj,1776,487.295
qkv_proj,1792,485.951
qkv_proj,1808,485.428
qkv_proj,1824,484.991
qkv_proj,1840,485.524
qkv_proj,1856,481.706
qkv_proj,1872,484.83
qkv_proj,1888,481.791
qkv_proj,1904,482.047
qkv_proj,1920,481.492
qkv_proj,1936,482.559
qkv_proj,1952,483.807
qkv_proj,1968,483.593
qkv_proj,1984,483.476
qkv_proj,2000,486.175
qkv_proj,2016,486.676
qkv_proj,2032,487.273
qkv_proj,2048,487.497
qkv_proj,2064,489.108
qkv_proj,2080,488.949
qkv_proj,2096,489.354
qkv_proj,2112,489.097
qkv_proj,2128,490.111
qkv_proj,2144,490.078
qkv_proj,2160,490.238
qkv_proj,2176,490.857
qkv_proj,2192,491.242
qkv_proj,2208,491.711
qkv_proj,2224,491.956
qkv_proj,2240,491.477
qkv_proj,2256,491.519
qkv_proj,2272,491.988
qkv_proj,2288,491.956
qkv_proj,2304,492.138
qkv_proj,2320,720.372
qkv_proj,2336,721.076
qkv_proj,2352,720.809
qkv_proj,2368,722.228
qkv_proj,2384,720.692
qkv_proj,2400,721.097
qkv_proj,2416,720.584
qkv_proj,2432,720.243
qkv_proj,2448,722.377
qkv_proj,2464,721.866
qkv_proj,2480,721.801
qkv_proj,2496,721.236
qkv_proj,2512,721.343
qkv_proj,2528,723.401
qkv_proj,2544,723.039
qkv_proj,2560,722.079
qkv_proj,2576,721.386
qkv_proj,2592,721.523
qkv_proj,2608,722.686
qkv_proj,2624,723.188
qkv_proj,2640,721.385
qkv_proj,2656,723.582
qkv_proj,2672,722.804
qkv_proj,2688,721.855
qkv_proj,2704,723.775
qkv_proj,2720,723.807
qkv_proj,2736,722.772
qkv_proj,2752,725.204
qkv_proj,2768,723.934
qkv_proj,2784,723.198
qkv_proj,2800,724.426
qkv_proj,2816,725.246
qkv_proj,2832,724.542
qkv_proj,2848,724.105
qkv_proj,2864,722.238
qkv_proj,2880,723.7
qkv_proj,2896,723.668
qkv_proj,2912,724.446
qkv_proj,2928,724.799
qkv_proj,2944,723.849
qkv_proj,2960,724.564
qkv_proj,2976,725.641
qkv_proj,2992,724.158
qkv_proj,3008,724.778
qkv_proj,3024,725.598
qkv_proj,3040,724.703
qkv_proj,3056,724.319
qkv_proj,3072,725.172
qkv_proj,3088,724.553
qkv_proj,3104,724.201
qkv_proj,3120,724.958
qkv_proj,3136,725.523
qkv_proj,3152,726.857
qkv_proj,3168,725.236
qkv_proj,3184,725.075
qkv_proj,3200,725.322
qkv_proj,3216,726.122
qkv_proj,3232,724.585
qkv_proj,3248,723.924
qkv_proj,3264,725.47
qkv_proj,3280,726.206
qkv_proj,3296,724.777
qkv_proj,3312,726.399
qkv_proj,3328,726.857
qkv_proj,3344,724.841
qkv_proj,3360,725.204
qkv_proj,3376,726.601
qkv_proj,3392,725.481
qkv_proj,3408,725.299
qkv_proj,3424,725.247
qkv_proj,3440,728.906
qkv_proj,3456,726.494
qkv_proj,3472,728.35
qkv_proj,3488,728.308
qkv_proj,3504,727.796
qkv_proj,3520,728.596
qkv_proj,3536,728.692
qkv_proj,3552,727.135
qkv_proj,3568,730.686
qkv_proj,3584,730.505
qkv_proj,3600,956.959
qkv_proj,3616,954.121
qkv_proj,3632,959.517
qkv_proj,3648,956.67
qkv_proj,3664,955.731
qkv_proj,3680,957.332
qkv_proj,3696,958.408
qkv_proj,3712,955.241
qkv_proj,3728,956.115
qkv_proj,3744,959.241
qkv_proj,3760,957.673
qkv_proj,3776,957.491
qkv_proj,3792,957.982
qkv_proj,3808,957.694
qkv_proj,3824,956.703
qkv_proj,3840,958.089
qkv_proj,3856,955.22
qkv_proj,3872,955.785
qkv_proj,3888,956.319
qkv_proj,3904,956.116
qkv_proj,3920,957.514
qkv_proj,3936,956.585
qkv_proj,3952,958.099
qkv_proj,3968,957.279
qkv_proj,3984,957.684
qkv_proj,4000,958.387
qkv_proj,4016,957.726
qkv_proj,4032,960.297
qkv_proj,4048,961.257
qkv_proj,4064,963.924
qkv_proj,4080,960.201
qkv_proj,4096,959.583
qkv_proj,4112,956.095
qkv_proj,4128,957.418
qkv_proj,4144,959.955
qkv_proj,4160,960.66
qkv_proj,4176,960.169
qkv_proj,4192,960.659
qkv_proj,4208,960.585
qkv_proj,4224,959.945
qkv_proj,4240,960.532
qkv_proj,4256,959.486
qkv_proj,4272,962.857
qkv_proj,4288,960.499
qkv_proj,4304,963.423
qkv_proj,4320,961.663
qkv_proj,4336,961.94
qkv_proj,4352,960.905
qkv_proj,4368,960.798
qkv_proj,4384,960.98
qkv_proj,4400,960.212
qkv_proj,4416,959.401
qkv_proj,4432,960.073
qkv_proj,4448,961.321
qkv_proj,4464,960.852
qkv_proj,4480,959.092
qkv_proj,4496,962.154
qkv_proj,4512,961.844
qkv_proj,4528,964.607
qkv_proj,4544,964.137
qkv_proj,4560,961.118
qkv_proj,4576,964.244
qkv_proj,4592,964.148
qkv_proj,4608,964.788
qkv_proj,4624,1191.33
qkv_proj,4640,1193.06
qkv_proj,4656,1194.84
qkv_proj,4672,1194.77
qkv_proj,4688,1195.24
qkv_proj,4704,1194.9
qkv_proj,4720,1194.53
qkv_proj,4736,1196.29
qkv_proj,4752,1199.06
qkv_proj,4768,1196.24
qkv_proj,4784,1197.54
qkv_proj,4800,1200.12
qkv_proj,4816,1202.6
qkv_proj,4832,1199.14
qkv_proj,4848,1199.84
qkv_proj,4864,1201.3
qkv_proj,4880,1200.85
qkv_proj,4896,1198.73
qkv_proj,4912,1200.84
qkv_proj,4928,1199.51
qkv_proj,4944,1200.74
qkv_proj,4960,1202.71
qkv_proj,4976,1199.48
qkv_proj,4992,1199.52
qkv_proj,5008,1203.49
qkv_proj,5024,1202.84
qkv_proj,5040,1201.13
qkv_proj,5056,1201.37
qkv_proj,5072,1203.44
qkv_proj,5088,1203.54
qkv_proj,5104,1206.81
qkv_proj,5120,1203.6
qkv_proj,5136,1215.58
qkv_proj,5152,1214.95
qkv_proj,5168,1213.15
qkv_proj,5184,1212.82
qkv_proj,5200,1214.19
qkv_proj,5216,1216.46
qkv_proj,5232,1214.68
qkv_proj,5248,1216.82
qkv_proj,5264,1214.44
qkv_proj,5280,1218.36
qkv_proj,5296,1216.78
qkv_proj,5312,1215.93
qkv_proj,5328,1214.57
qkv_proj,5344,1216.45
qkv_proj,5360,1218.13
qkv_proj,5376,1219.25
qkv_proj,5392,1216.21
qkv_proj,5408,1218.31
qkv_proj,5424,1216.14
qkv_proj,5440,1218.12
qkv_proj,5456,1216.42
qkv_proj,5472,1215.74
qkv_proj,5488,1213.95
qkv_proj,5504,1216.54
qkv_proj,5520,1215.72
qkv_proj,5536,1214.71
qkv_proj,5552,1217.44
qkv_proj,5568,1219.03
qkv_proj,5584,1217.78
qkv_proj,5600,1216.92
qkv_proj,5616,1216.66
qkv_proj,5632,1220.79
qkv_proj,5648,1219.13
qkv_proj,5664,1218.89
qkv_proj,5680,1217.94
qkv_proj,5696,1221.61
qkv_proj,5712,1220.29
qkv_proj,5728,1221.16
qkv_proj,5744,1220.42
qkv_proj,5760,1218.88
qkv_proj,5776,1223.4
qkv_proj,5792,1225.81
qkv_proj,5808,1223.53
qkv_proj,5824,1226.45
qkv_proj,5840,1222.88
qkv_proj,5856,1225.28
qkv_proj,5872,1224.33
qkv_proj,5888,1227.79
qkv_proj,5904,1225.76
qkv_proj,5920,1225.32
qkv_proj,5936,1226.35
qkv_proj,5952,1225.78
qkv_proj,5968,1214.09
qkv_proj,5984,1228.38
qkv_proj,6000,1227.33
qkv_proj,6016,1228.11
qkv_proj,6032,1428.18
qkv_proj,6048,1454.26
qkv_proj,6064,1458.07
qkv_proj,6080,1457.04
qkv_proj,6096,1456.49
qkv_proj,6112,1430.47
qkv_proj,6128,1457.66
qkv_proj,6144,1458.71
qkv_proj,6160,1458.36
qkv_proj,6176,1459.39
qkv_proj,6192,1458.63
qkv_proj,6208,1459.12
qkv_proj,6224,1459.6
qkv_proj,6240,1455.1
qkv_proj,6256,1462.49
qkv_proj,6272,1457.97
qkv_proj,6288,1433.15
qkv_proj,6304,1458.84
qkv_proj,6320,1432.47
qkv_proj,6336,1459.88
qkv_proj,6352,1433.17
qkv_proj,6368,1457.86
qkv_proj,6384,1460.99
qkv_proj,6400,1458.24
qkv_proj,6416,1432.3
qkv_proj,6432,1460.55
qkv_proj,6448,1434.55
qkv_proj,6464,1461.31
qkv_proj,6480,1461.06
qkv_proj,6496,1411.62
qkv_proj,6512,1460.56
qkv_proj,6528,1436.55
qkv_proj,6544,1410.19
qkv_proj,6560,1434.12
qkv_proj,6576,1463.03
qkv_proj,6592,1435.05
qkv_proj,6608,1417.41
qkv_proj,6624,1462.29
qkv_proj,6640,1446.74
qkv_proj,6656,1432.04
qkv_proj,6672,1435.09
qkv_proj,6688,1440.75
qkv_proj,6704,1410.25
qkv_proj,6720,1438.14
qkv_proj,6736,1409.57
qkv_proj,6752,1410.12
qkv_proj,6768,1464.21
qkv_proj,6784,1465.63
qkv_proj,6800,1436.6
qkv_proj,6816,1407.62
qkv_proj,6832,1411.9
qkv_proj,6848,1462.96
qkv_proj,6864,1463.31
qkv_proj,6880,1437.55
qkv_proj,6896,1409.64
qkv_proj,6912,1439.25
qkv_proj,6928,1409.02
qkv_proj,6944,1420.46
qkv_proj,6960,1441
qkv_proj,6976,1410.28
qkv_proj,6992,1416.04
qkv_proj,7008,1415.2
qkv_proj,7024,1413.93
qkv_proj,7040,1467.72
qkv_proj,7056,1440.61
qkv_proj,7072,1443.54
qkv_proj,7088,1442.24
qkv_proj,7104,1445.27
qkv_proj,7120,1409.64
qkv_proj,7136,1407.05
qkv_proj,7152,1415.51
qkv_proj,7168,1447.82
qkv_proj,7184,1634.42
qkv_proj,7200,1670.04
qkv_proj,7216,1631.53
qkv_proj,7232,1669.08
qkv_proj,7248,1668.55
qkv_proj,7264,1673.1
qkv_proj,7280,1635.77
qkv_proj,7296,1635.58
qkv_proj,7312,1630.2
qkv_proj,7328,1636
qkv_proj,7344,1636.33
qkv_proj,7360,1632.32
qkv_proj,7376,1638.47
qkv_proj,7392,1630.62
qkv_proj,7408,1633.76
qkv_proj,7424,1636.48
qkv_proj,7440,1633.04
qkv_proj,7456,1634.03
qkv_proj,7472,1673.31
qkv_proj,7488,1702.69
qkv_proj,7504,1635.39
qkv_proj,7520,1633.56
qkv_proj,7536,1636.5
qkv_proj,7552,1672.6
qkv_proj,7568,1656.53
qkv_proj,7584,1668.75
qkv_proj,7600,1665.89
qkv_proj,7616,1665.41
qkv_proj,7632,1635.98
qkv_proj,7648,1633.57
qkv_proj,7664,1638.37
qkv_proj,7680,1642.31
qkv_proj,7696,1638.94
qkv_proj,7712,1633.34
qkv_proj,7728,1637.86
qkv_proj,7744,1605.79
qkv_proj,7760,1605.05
qkv_proj,7776,1606.6
qkv_proj,7792,1637.08
qkv_proj,7808,1663.27
qkv_proj,7824,1637.53
qkv_proj,7840,1635.26
qkv_proj,7856,1637.39
qkv_proj,7872,1606.16
qkv_proj,7888,1636.42
qkv_proj,7904,1677.46
qkv_proj,7920,1634.92
qkv_proj,7936,1639.99
qkv_proj,7952,1640.29
qkv_proj,7968,1602.71
qkv_proj,7984,1638.86
qkv_proj,8000,1637.17
qkv_proj,8016,1605.38
qkv_proj,8032,1659.66
qkv_proj,8048,1640.61
qkv_proj,8064,1639.22
qkv_proj,8080,1645.27
qkv_proj,8096,1665.92
qkv_proj,8112,1605.81
qkv_proj,8128,1638.65
qkv_proj,8144,1627.02
qkv_proj,8160,1603.71
qkv_proj,8176,1604.83
qkv_proj,8192,1637.76
qkv_proj,8208,1647.01
qkv_proj,8224,1639.21
qkv_proj,8240,1644.95
qkv_proj,8256,1642.11
qkv_proj,8272,1641.75
qkv_proj,8288,1646.93
qkv_proj,8304,1642.93
qkv_proj,8320,1645.11
qkv_proj,8336,1831.18
qkv_proj,8352,1867.41
qkv_proj,8368,1820.37
qkv_proj,8384,1825.68
qkv_proj,8400,1824.12
qkv_proj,8416,1865.38
qkv_proj,8432,1820.53
qkv_proj,8448,1862.98
qkv_proj,8464,1864.59
qkv_proj,8480,1865.97
qkv_proj,8496,1824.48
qkv_proj,8512,1859.37
qkv_proj,8528,1827.45
qkv_proj,8544,1829.19
qkv_proj,8560,1831.18
qkv_proj,8576,1867.34
qkv_proj,8592,1829.89
qkv_proj,8608,1829.78
qkv_proj,8624,1852.79
qkv_proj,8640,1825.84
qkv_proj,8656,1867.65
qkv_proj,8672,1832.81
qkv_proj,8688,1829.29
qkv_proj,8704,1874.38
qkv_proj,8720,1825.37
qkv_proj,8736,1868.5
qkv_proj,8752,1870.8
qkv_proj,8768,1825.54
qkv_proj,8784,1828.5
qkv_proj,8800,1828.84
qkv_proj,8816,1843.97
qkv_proj,8832,1862.11
qkv_proj,8848,1870.99
qkv_proj,8864,1829.29
qkv_proj,8880,1830.87
qkv_proj,8896,1827.71
qkv_proj,8912,1829.08
qkv_proj,8928,1829.24
qkv_proj,8944,1868.01
qkv_proj,8960,1827.57
qkv_proj,8976,1833.28
qkv_proj,8992,1872.64
qkv_proj,9008,1832.96
qkv_proj,9024,1830.61
qkv_proj,9040,1826.21
qkv_proj,9056,1863.49
qkv_proj,9072,1831.37
qkv_proj,9088,1868.66
qkv_proj,9104,1864.55
qkv_proj,9120,1825.84
qkv_proj,9136,1831.67
qkv_proj,9152,1831.71
qkv_proj,9168,1834.53
qkv_proj,9184,1828.55
qkv_proj,9200,1872.95
qkv_proj,9216,1832.47
qkv_proj,9232,1835.22
qkv_proj,9248,1829.57
qkv_proj,9264,1830.95
qkv_proj,9280,1830.41
qkv_proj,9296,1832.66
qkv_proj,9312,1832.32
qkv_proj,9328,1833.95
qkv_proj,9344,1831.65
qkv_proj,9360,1832.34
qkv_proj,9376,1837.93
qkv_proj,9392,1834.09
qkv_proj,9408,1835.05
qkv_proj,9424,1834.32
qkv_proj,9440,1832.41
qkv_proj,9456,1871.21
qkv_proj,9472,1834.71
qkv_proj,9488,1837.37
qkv_proj,9504,1836.76
qkv_proj,9520,1837.57
qkv_proj,9536,1836.38
qkv_proj,9552,1836.43
qkv_proj,9568,1836.49
qkv_proj,9584,1841.43
qkv_proj,9600,1839.69
qkv_proj,9616,2051.48
qkv_proj,9632,2050.22
qkv_proj,9648,2057.5
qkv_proj,9664,2053.92
qkv_proj,9680,2054.43
qkv_proj,9696,2053.22
qkv_proj,9712,2052.29
qkv_proj,9728,2049.38
qkv_proj,9744,2055.77
qkv_proj,9760,2055.43
qkv_proj,9776,2057.83
qkv_proj,9792,2056.27
qkv_proj,9808,2056.74
qkv_proj,9824,2055.23
qkv_proj,9840,2051.63
qkv_proj,9856,2052.78
qkv_proj,9872,2055.49
qkv_proj,9888,2053.69
qkv_proj,9904,2062.64
qkv_proj,9920,2056.09
qkv_proj,9936,2055.24
qkv_proj,9952,2058.02
qkv_proj,9968,2059
qkv_proj,9984,2058.41
qkv_proj,10000,2055.7
qkv_proj,10016,2056.08
qkv_proj,10032,2053.71
qkv_proj,10048,2057.46
qkv_proj,10064,2056.86
qkv_proj,10080,2051.34
qkv_proj,10096,2059.86
qkv_proj,10112,2059.13
qkv_proj,10128,2058.62
qkv_proj,10144,2055.63
qkv_proj,10160,2059.08
qkv_proj,10176,2056.39
qkv_proj,10192,2061.6
qkv_proj,10208,2057.94
qkv_proj,10224,2055.07
qkv_proj,10240,2052.71
qkv_proj,10256,2055.16
qkv_proj,10272,2054.4
qkv_proj,10288,2058.94
qkv_proj,10304,2057.12
qkv_proj,10320,2057.7
qkv_proj,10336,2063.75
qkv_proj,10352,2057.86
qkv_proj,10368,2054.62
qkv_proj,10384,2060.75
qkv_proj,10400,2055.98
qkv_proj,10416,2058.48
qkv_proj,10432,2059.52
qkv_proj,10448,2058.45
qkv_proj,10464,2066.68
qkv_proj,10480,2057.98
qkv_proj,10496,2056.62
qkv_proj,10512,2060.5
qkv_proj,10528,2060.56
qkv_proj,10544,2064.98
qkv_proj,10560,2061.25
qkv_proj,10576,2061.06
qkv_proj,10592,2057.92
qkv_proj,10608,2061.62
qkv_proj,10624,2056.46
qkv_proj,10640,2067.02
qkv_proj,10656,2064.29
qkv_proj,10672,2060.34
qkv_proj,10688,2060.53
qkv_proj,10704,2063.25
qkv_proj,10720,2068.51
qkv_proj,10736,2063.67
qkv_proj,10752,2062.01
qkv_proj,10768,2276.55
qkv_proj,10784,2272.55
qkv_proj,10800,2285.3
qkv_proj,10816,2272.66
qkv_proj,10832,2277.14
qkv_proj,10848,2275.35
qkv_proj,10864,2274.01
qkv_proj,10880,2276.99
qkv_proj,10896,2280.5
qkv_proj,10912,2282.55
qkv_proj,10928,2279.7
qkv_proj,10944,2285.01
qkv_proj,10960,2279.31
qkv_proj,10976,2280.97
qkv_proj,10992,2279.56
qkv_proj,11008,2274.96
qkv_proj,11024,2282.55
qkv_proj,11040,2277.58
qkv_proj,11056,2281.82
qkv_proj,11072,2278.53
qkv_proj,11088,2287.77
qkv_proj,11104,2278.48
qkv_proj,11120,2278.87
qkv_proj,11136,2281.93
qkv_proj,11152,2278.3
qkv_proj,11168,2280.17
qkv_proj,11184,2278.2
qkv_proj,11200,2278.44
qkv_proj,11216,2281.08
qkv_proj,11232,2283.5
qkv_proj,11248,2281.03
qkv_proj,11264,2279.62
qkv_proj,11280,2280.67
qkv_proj,11296,2277.49
qkv_proj,11312,2281.13
qkv_proj,11328,2279.99
qkv_proj,11344,2278.92
qkv_proj,11360,2277.02
qkv_proj,11376,2281.44
qkv_proj,11392,2278.19
qkv_proj,11408,2276.77
qkv_proj,11424,2281.41
qkv_proj,11440,2279.34
qkv_proj,11456,2280.88
qkv_proj,11472,2283.39
qkv_proj,11488,2283.02
qkv_proj,11504,2286.06
qkv_proj,11520,2283.07
qkv_proj,11536,2282.25
qkv_proj,11552,2281.25
qkv_proj,11568,2280.9
qkv_proj,11584,2281.42
qkv_proj,11600,2279.01
qkv_proj,11616,2281.22
qkv_proj,11632,2284.37
qkv_proj,11648,2286.43
qkv_proj,11664,2280.73
qkv_proj,11680,2282.39
qkv_proj,11696,2284.71
qkv_proj,11712,2281.74
qkv_proj,11728,2282.07
qkv_proj,11744,2281.99
qkv_proj,11760,2285.82
qkv_proj,11776,2284.53
qkv_proj,11792,2283.8
qkv_proj,11808,2289.09
qkv_proj,11824,2283.28
qkv_proj,11840,2285.55
qkv_proj,11856,2290.63
qkv_proj,11872,2288.54
qkv_proj,11888,2286.97
qkv_proj,11904,2293.31
qkv_proj,11920,2296.88
qkv_proj,11936,2291.43
qkv_proj,11952,2290.11
qkv_proj,11968,2293.98
qkv_proj,11984,2292.45
qkv_proj,12000,2290.65
qkv_proj,12016,2289.95
qkv_proj,12032,2293.64
qkv_proj,12048,2502.7
qkv_proj,12064,2503.19
qkv_proj,12080,2501.45
qkv_proj,12096,2504.44
qkv_proj,12112,2506.63
qkv_proj,12128,2505.16
qkv_proj,12144,2501.53
qkv_proj,12160,2501.73
qkv_proj,12176,2503.59
qkv_proj,12192,2504.1
qkv_proj,12208,2506.68
qkv_proj,12224,2503.32
qkv_proj,12240,2508.33
qkv_proj,12256,2504.46
qkv_proj,12272,2505.4
qkv_proj,12288,2507.67
qkv_proj,12304,2506.54
qkv_proj,12320,2506.84
qkv_proj,12336,2508.16
qkv_proj,12352,2505.81
qkv_proj,12368,2509.62
qkv_proj,12384,2507.86
qkv_proj,12400,2508.64
qkv_proj,12416,2506.72
qkv_proj,12432,2506.8
qkv_proj,12448,2505.85
qkv_proj,12464,2510.02
qkv_proj,12480,2505.12
qkv_proj,12496,2503.78
qkv_proj,12512,2507.77
qkv_proj,12528,2507.3
qkv_proj,12544,2506.91
qkv_proj,12560,2507.27
qkv_proj,12576,2508.78
qkv_proj,12592,2510.49
qkv_proj,12608,2512.58
qkv_proj,12624,2509.28
qkv_proj,12640,2511.59
qkv_proj,12656,2511.94
qkv_proj,12672,2507.04
qkv_proj,12688,2507.32
qkv_proj,12704,2508.84
qkv_proj,12720,2510.53
qkv_proj,12736,2508.69
qkv_proj,12752,2508.19
qkv_proj,12768,2518.22
qkv_proj,12784,2511.27
qkv_proj,12800,2510.28
qkv_proj,12816,2511.07
qkv_proj,12832,2511.1
qkv_proj,12848,2509.96
qkv_proj,12864,2510
qkv_proj,12880,2511.77
qkv_proj,12896,2512.29
qkv_proj,12912,2509.32
qkv_proj,12928,2515.73
qkv_proj,12944,2514.79
qkv_proj,12960,2515.31
qkv_proj,12976,2518.15
qkv_proj,12992,2519.26
qkv_proj,13008,2513.84
qkv_proj,13024,2517.49
qkv_proj,13040,2513.4
qkv_proj,13056,2522.14
qkv_proj,13072,2514.61
qkv_proj,13088,2517.64
qkv_proj,13104,2523.63
qkv_proj,13120,2519.34
qkv_proj,13136,2528.39
qkv_proj,13152,2527.57
qkv_proj,13168,2523.15
qkv_proj,13184,2523.61
qkv_proj,13200,2734.76
qkv_proj,13216,2736.69
qkv_proj,13232,2728.97
qkv_proj,13248,2731.57
qkv_proj,13264,2745.72
qkv_proj,13280,2740.93
qkv_proj,13296,2729.97
qkv_proj,13312,2739.67
qkv_proj,13328,2745.97
qkv_proj,13344,2736.88
qkv_proj,13360,2735.53
qkv_proj,13376,2740.9
qkv_proj,13392,2747.78
qkv_proj,13408,2743.24
qkv_proj,13424,2732.13
qkv_proj,13440,2742.64
qkv_proj,13456,2745.15
qkv_proj,13472,2735.38
qkv_proj,13488,2739.25
qkv_proj,13504,2739.31
qkv_proj,13520,2744.51
qkv_proj,13536,2743.4
qkv_proj,13552,2739.76
qkv_proj,13568,2737.78
qkv_proj,13584,2740.98
qkv_proj,13600,2743.37
qkv_proj,13616,2749
qkv_proj,13632,2743.33
qkv_proj,13648,2744.64
qkv_proj,13664,2744.99
qkv_proj,13680,2740.62
qkv_proj,13696,2739.13
qkv_proj,13712,2735.56
qkv_proj,13728,2736.98
qkv_proj,13744,2752.37
qkv_proj,13760,2741.99
qkv_proj,13776,2748.04
qkv_proj,13792,2745.22
qkv_proj,13808,2747.37
qkv_proj,13824,2743.57
qkv_proj,13840,2737.41
qkv_proj,13856,2744.83
qkv_proj,13872,2747.4
qkv_proj,13888,2739.62
qkv_proj,13904,2744.24
qkv_proj,13920,2740.56
qkv_proj,13936,2744.96
qkv_proj,13952,2741.86
qkv_proj,13968,2738.78
qkv_proj,13984,2753.91
qkv_proj,14000,2743.25
qkv_proj,14016,2742.89
qkv_proj,14032,2752.1
qkv_proj,14048,2752.39
qkv_proj,14064,2742.24
qkv_proj,14080,2753.71
qkv_proj,14096,2754.81
qkv_proj,14112,2748.56
qkv_proj,14128,2748.12
qkv_proj,14144,2759.12
qkv_proj,14160,2756.87
qkv_proj,14176,2740.75
qkv_proj,14192,2755.53
qkv_proj,14208,2753.39
qkv_proj,14224,2769.39
qkv_proj,14240,2765.93
qkv_proj,14256,2763.25
qkv_proj,14272,2750.28
qkv_proj,14288,2759.77
qkv_proj,14304,2764.43
qkv_proj,14320,2761.8
qkv_proj,14336,2761.57
qkv_proj,14352,2968.34
qkv_proj,14368,2961.62
qkv_proj,14384,2963.23
qkv_proj,14400,2961.4
qkv_proj,14416,2968.04
qkv_proj,14432,2970.16
qkv_proj,14448,2970.39
qkv_proj,14464,2955.28
qkv_proj,14480,2974.57
qkv_proj,14496,2974.29
qkv_proj,14512,2960.57
qkv_proj,14528,2975.59
qkv_proj,14544,2965.19
qkv_proj,14560,2967.78
qkv_proj,14576,2970.66
qkv_proj,14592,2972.63
qkv_proj,14608,2966.9
qkv_proj,14624,2980.4
qkv_proj,14640,2975.25
qkv_proj,14656,2973.35
qkv_proj,14672,2979.36
qkv_proj,14688,2983.43
qkv_proj,14704,2977.79
qkv_proj,14720,2974.25
qkv_proj,14736,2983.73
qkv_proj,14752,2968.39
qkv_proj,14768,2974.65
qkv_proj,14784,2980.75
qkv_proj,14800,2975.3
qkv_proj,14816,2980.06
qkv_proj,14832,2982.44
qkv_proj,14848,2980.32
qkv_proj,14864,2985.8
qkv_proj,14880,2973.39
qkv_proj,14896,2978.92
qkv_proj,14912,2977.19
qkv_proj,14928,2977.07
qkv_proj,14944,2975.22
qkv_proj,14960,2977.76
qkv_proj,14976,2980.63
qkv_proj,14992,2981.31
qkv_proj,15008,2977.61
qkv_proj,15024,2984.07
qkv_proj,15040,2984
qkv_proj,15056,2989.23
qkv_proj,15072,2985.62
qkv_proj,15088,2979.04
qkv_proj,15104,2991.7
qkv_proj,15120,2981.41
qkv_proj,15136,2984.78
qkv_proj,15152,2979.93
qkv_proj,15168,2982.29
qkv_proj,15184,2982.91
qkv_proj,15200,2978
qkv_proj,15216,2980.81
qkv_proj,15232,2988.8
qkv_proj,15248,2980.93
qkv_proj,15264,2988.89
qkv_proj,15280,2983.77
qkv_proj,15296,2990.55
qkv_proj,15312,2994.5
qkv_proj,15328,2987.51
qkv_proj,15344,2991.11
qkv_proj,15360,2982.48
qkv_proj,15376,2988.74
qkv_proj,15392,2983.55
qkv_proj,15408,2986.84
qkv_proj,15424,2998.95
qkv_proj,15440,2989.51
qkv_proj,15456,2991.37
qkv_proj,15472,2996.05
qkv_proj,15488,2999.66
qkv_proj,15504,2997.59
qkv_proj,15520,3012.68
qkv_proj,15536,3008.99
qkv_proj,15552,2998.75
qkv_proj,15568,3003.73
qkv_proj,15584,3000.01
qkv_proj,15600,3000.9
qkv_proj,15616,3012.22
qkv_proj,15632,3211.14
qkv_proj,15648,3209.36
qkv_proj,15664,3217.52
qkv_proj,15680,3203.37
qkv_proj,15696,3203.69
qkv_proj,15712,3212.3
qkv_proj,15728,3215
qkv_proj,15744,3207.28
qkv_proj,15760,3211.53
qkv_proj,15776,3218.68
qkv_proj,15792,3209.52
qkv_proj,15808,3210.69
qkv_proj,15824,3207.4
qkv_proj,15840,3215.21
qkv_proj,15856,3216.63
qkv_proj,15872,3205.09
qkv_proj,15888,3212.14
qkv_proj,15904,3208.27
qkv_proj,15920,3214.93
qkv_proj,15936,3214.08
qkv_proj,15952,3215.57
qkv_proj,15968,3221.18
qkv_proj,15984,3216.28
qkv_proj,16000,3210.07
qkv_proj,16016,3218.96
qkv_proj,16032,3210.31
qkv_proj,16048,3214.65
qkv_proj,16064,3217.27
qkv_proj,16080,3217.69
qkv_proj,16096,3220.54
qkv_proj,16112,3208.35
qkv_proj,16128,3222.51
qkv_proj,16144,3210.15
qkv_proj,16160,3214.36
qkv_proj,16176,3213.13
qkv_proj,16192,3220.4
qkv_proj,16208,3217.64
qkv_proj,16224,3216.87
qkv_proj,16240,3218.29
qkv_proj,16256,3215.76
qkv_proj,16272,3219.94
qkv_proj,16288,3217.1
qkv_proj,16304,3226.2
qkv_proj,16320,3223.54
qkv_proj,16336,3212.58
qkv_proj,16352,3220.02
qkv_proj,16368,3217.44
qkv_proj,16384,3224.11
rotary_emb,1,2.496
rotary_emb,2,2.68833
rotary_emb,3,2.79467
rotary_emb,4,2.784
rotary_emb,5,2.88
rotary_emb,6,2.83733
rotary_emb,7,2.89067
rotary_emb,8,2.87933
rotary_emb,9,2.92267
rotary_emb,10,2.85867
rotary_emb,11,2.944
rotary_emb,12,2.91167
rotary_emb,13,2.89067
rotary_emb,14,2.89067
rotary_emb,15,2.92267
rotary_emb,16,3.008
rotary_emb,20,3.008
rotary_emb,24,2.99733
rotary_emb,28,2.976
rotary_emb,32,2.98667
rotary_emb,36,2.96533
rotary_emb,40,3.008
rotary_emb,44,3.03967
rotary_emb,48,2.97633
rotary_emb,52,2.96533
rotary_emb,56,3.072
rotary_emb,60,2.987
rotary_emb,64,2.96467
rotary_emb,80,3.05067
rotary_emb,96,3.06133
rotary_emb,112,3.104
rotary_emb,128,3.06133
rotary_emb,144,3.168
rotary_emb,160,3.019
rotary_emb,176,3.05067
rotary_emb,192,3.49867
rotary_emb,208,3.57333
rotary_emb,224,3.648
rotary_emb,240,3.49867
rotary_emb,256,3.552
rotary_emb,272,3.57367
rotary_emb,288,3.55233
rotary_emb,304,3.552
rotary_emb,320,3.584
rotary_emb,336,3.57333
rotary_emb,352,3.584
rotary_emb,368,3.63767
rotary_emb,384,4.30933
rotary_emb,400,4.30933
rotary_emb,416,4.32
rotary_emb,432,4.30933
rotary_emb,448,4.352
rotary_emb,464,4.38433
rotary_emb,480,4.35167
rotary_emb,496,4.37333
rotary_emb,512,4.39467
rotary_emb,528,4.30967
rotary_emb,544,4.38367
rotary_emb,560,4.35167
rotary_emb,576,5.55733
rotary_emb,592,5.568
rotary_emb,608,5.65333
rotary_emb,624,5.824
rotary_emb,640,5.813
rotary_emb,656,5.71733
rotary_emb,672,5.792
rotary_emb,688,5.84533
rotary_emb,704,5.984
rotary_emb,720,6.101
rotary_emb,736,6.144
rotary_emb,752,6.421
rotary_emb,768,6.368
rotary_emb,784,6.18667
rotary_emb,800,6.261
rotary_emb,816,6.4
rotary_emb,832,6.41067
rotary_emb,848,6.44267
rotary_emb,864,6.76267
rotary_emb,880,6.667
rotary_emb,896,6.73067
rotary_emb,912,6.72033
rotary_emb,928,6.76267
rotary_emb,944,7.14667
rotary_emb,960,7.34967
rotary_emb,976,7.488
rotary_emb,992,7.467
rotary_emb,1008,7.42433
rotary_emb,1024,7.56267
rotary_emb,1040,7.92533
rotary_emb,1056,8.01067
rotary_emb,1072,8.05333
rotary_emb,1088,8
rotary_emb,1104,8.07467
rotary_emb,1120,8.07467
rotary_emb,1136,8.74667
rotary_emb,1152,9.003
rotary_emb,1168,9.00267
rotary_emb,1184,9.10967
rotary_emb,1200,9.12
rotary_emb,1216,9.06667
rotary_emb,1232,9.16267
rotary_emb,1248,9.20533
rotary_emb,1264,9.248
rotary_emb,1280,9.248
rotary_emb,1296,9.62133
rotary_emb,1312,9.728
rotary_emb,1328,10.0693
rotary_emb,1344,10.0267
rotary_emb,1360,10.2507
rotary_emb,1376,10.005
rotary_emb,1392,10.1333
rotary_emb,1408,10.208
rotary_emb,1424,10.2937
rotary_emb,1440,10.368
rotary_emb,1456,10.1543
rotary_emb,1472,10.3783
rotary_emb,1488,10.4103
rotary_emb,1504,10.4003
rotary_emb,1520,10.912
rotary_emb,1536,11.147
rotary_emb,1552,11.1037
rotary_emb,1568,11.2317
rotary_emb,1584,11.0827
rotary_emb,1600,11.157
rotary_emb,1616,11.3387
rotary_emb,1632,11.1893
rotary_emb,1648,11.243
rotary_emb,1664,11.3063
rotary_emb,1680,11.2747
rotary_emb,1696,11.7337
rotary_emb,1712,11.8293
rotary_emb,1728,11.968
rotary_emb,1744,12.0427
rotary_emb,1760,12.1067
rotary_emb,1776,12.192
rotary_emb,1792,12.224
rotary_emb,1808,12.16
rotary_emb,1824,12.2453
rotary_emb,1840,12.416
rotary_emb,1856,12.4693
rotary_emb,1872,12.448
rotary_emb,1888,12.7253
rotary_emb,1904,12.949
rotary_emb,1920,12.9387
rotary_emb,1936,13.0773
rotary_emb,1952,13.0883
rotary_emb,1968,13.1093
rotary_emb,1984,13.035
rotary_emb,2000,13.355
rotary_emb,2016,13.3963
rotary_emb,2032,13.3867
rotary_emb,2048,13.3973
rotary_emb,2064,13.4827
rotary_emb,2080,13.9093
rotary_emb,2096,14.197
rotary_emb,2112,14.2187
rotary_emb,2128,14.2613
rotary_emb,2144,14.176
rotary_emb,2160,14.272
rotary_emb,2176,14.2077
rotary_emb,2192,14.304
rotary_emb,2208,14.2613
rotary_emb,2224,14.5387
rotary_emb,2240,14.8693
rotary_emb,2256,14.827
rotary_emb,2272,15.1573
rotary_emb,2288,15.3813
rotary_emb,2304,15.435
rotary_emb,2320,15.3387
rotary_emb,2336,15.4027
rotary_emb,2352,15.4773
rotary_emb,2368,15.6267
rotary_emb,2384,15.573
rotary_emb,2400,15.53
rotary_emb,2416,15.7437
rotary_emb,2432,15.712
rotary_emb,2448,16.1173
rotary_emb,2464,16.3733
rotary_emb,2480,16.3093
rotary_emb,2496,16.3197
rotary_emb,2512,16.512
rotary_emb,2528,16.5333
rotary_emb,2544,16.5013
rotary_emb,2560,16.8747
rotary_emb,2576,16.9493
rotary_emb,2592,17.0773
rotary_emb,2608,17.12
rotary_emb,2624,17.035
rotary_emb,2640,17.4933
rotary_emb,2656,17.6317
rotary_emb,2672,17.76
rotary_emb,2688,17.9517
rotary_emb,2704,18.1653
rotary_emb,2720,17.8453
rotary_emb,2736,17.984
rotary_emb,2752,18.1867
rotary_emb,2768,18.1543
rotary_emb,2784,18.2613
rotary_emb,2800,18.442
rotary_emb,2816,18.368
rotary_emb,2832,20.6827
rotary_emb,2848,20.9597
rotary_emb,2864,21.8983
rotary_emb,2880,22.6557
rotary_emb,2896,22.9547
rotary_emb,2912,24.16
rotary_emb,2928,24.1387
rotary_emb,2944,25.109
rotary_emb,2960,24.9703
rotary_emb,2976,25.1943
rotary_emb,2992,25.088
rotary_emb,3008,25.2163
rotary_emb,3024,25.088
rotary_emb,3040,25.1307
rotary_emb,3056,25.3013
rotary_emb,3072,25.483
rotary_emb,3088,26.453
rotary_emb,3104,26.6453
rotary_emb,3120,26.912
rotary_emb,3136,27.477
rotary_emb,3152,27.1893
rotary_emb,3168,27.5627
rotary_emb,3184,27.7333
rotary_emb,3200,27.7013
rotary_emb,3216,27.6907
rotary_emb,3232,27.7333
rotary_emb,3248,27.744
rotary_emb,3264,28.1283
rotary_emb,3280,28.0533
rotary_emb,3296,28.4263
rotary_emb,3312,28.362
rotary_emb,3328,28.4693
rotary_emb,3344,28.4587
rotary_emb,3360,28.4693
rotary_emb,3376,28.3623
rotary_emb,3392,28.5653
rotary_emb,3408,28.7993
rotary_emb,3424,28.9703
rotary_emb,3440,28.8853
rotary_emb,3456,29.0453
rotary_emb,3472,29.205
rotary_emb,3488,29.728
rotary_emb,3504,29.8983
rotary_emb,3520,30.4213
rotary_emb,3536,30.5597
rotary_emb,3552,30.624
rotary_emb,3568,30.9653
rotary_emb,3584,31.1893
rotary_emb,3600,30.0157
rotary_emb,3616,29.9307
rotary_emb,3632,30.2613
rotary_emb,3648,30.464
rotary_emb,3664,30.4747
rotary_emb,3680,30.6133
rotary_emb,3696,30.6133
rotary_emb,3712,30.9013
rotary_emb,3728,30.9653
rotary_emb,3744,30.8587
rotary_emb,3760,31.0293
rotary_emb,3776,31.6267
rotary_emb,3792,31.6907
rotary_emb,3808,32.192
rotary_emb,3824,32.448
rotary_emb,3840,32.4587
rotary_emb,3856,37.6533
rotary_emb,3872,37.7277
rotary_emb,3888,38.0273
rotary_emb,3904,37.6107
rotary_emb,3920,38.304
rotary_emb,3936,38.6453
rotary_emb,3952,38.7733
rotary_emb,3968,38.816
rotary_emb,3984,38.56
rotary_emb,4000,39.0613
rotary_emb,4016,38.8053
rotary_emb,4032,39.0507
rotary_emb,4048,38.677
rotary_emb,4064,38.8053
rotary_emb,4080,39.1037
rotary_emb,4096,38.5707
rotary_emb,4112,37.5357
rotary_emb,4128,38.1653
rotary_emb,4144,37.5467
rotary_emb,4160,38.1117
rotary_emb,4176,38.4107
rotary_emb,4192,37.8453
rotary_emb,4208,38.2827
rotary_emb,4224,38.421
rotary_emb,4240,38.56
rotary_emb,4256,38.3787
rotary_emb,4272,38.0693
rotary_emb,4288,38.56
rotary_emb,4304,38.6237
rotary_emb,4320,38.6773
rotary_emb,4336,38.2187
rotary_emb,4352,38.1227
rotary_emb,4368,48.7893
rotary_emb,4384,49.0027
rotary_emb,4400,48.8637
rotary_emb,4416,49.1413
rotary_emb,4432,49.0453
rotary_emb,4448,49.1193
rotary_emb,4464,48.992
rotary_emb,4480,49.365
rotary_emb,4496,49.8663
rotary_emb,4512,49.493
rotary_emb,4528,49.2267
rotary_emb,4544,49.9303
rotary_emb,4560,49.4507
rotary_emb,4576,49.8453
rotary_emb,4592,49.9733
rotary_emb,4608,49.6427
rotary_emb,4624,47.7227
rotary_emb,4640,47.9037
rotary_emb,4656,47.7653
rotary_emb,4672,47.9573
rotary_emb,4688,48.181
rotary_emb,4704,47.6053
rotary_emb,4720,47.6263
rotary_emb,4736,47.8723
rotary_emb,4752,47.936
rotary_emb,4768,48.1813
rotary_emb,4784,47.9677
rotary_emb,4800,48.1813
rotary_emb,4816,48.757
rotary_emb,4832,48.6183
rotary_emb,4848,48.8
rotary_emb,4864,48.64
rotary_emb,4880,48.544
rotary_emb,4896,48.3627
rotary_emb,4912,48.6933
rotary_emb,4928,48.512
rotary_emb,4944,47.744
rotary_emb,4960,48.0427
rotary_emb,4976,47.8397
rotary_emb,4992,47.4773
rotary_emb,5008,47.4347
rotary_emb,5024,46.9867
rotary_emb,5040,46.88
rotary_emb,5056,46.7623
rotary_emb,5072,47.0827
rotary_emb,5088,46.784
rotary_emb,5104,46.5917
rotary_emb,5120,47.36
rotary_emb,5136,45.3547
rotary_emb,5152,45.568
rotary_emb,5168,45.92
rotary_emb,5184,45.6427
rotary_emb,5200,46.24
rotary_emb,5216,45.6
rotary_emb,5232,46.0163
rotary_emb,5248,46.272
rotary_emb,5264,45.8667
rotary_emb,5280,45.664
rotary_emb,5296,46.0267
rotary_emb,5312,46.176
rotary_emb,5328,46.0053
rotary_emb,5344,46.1547
rotary_emb,5360,46.7197
rotary_emb,5376,46.7413
rotary_emb,5392,47.6477
rotary_emb,5408,48.0427
rotary_emb,5424,48.3947
rotary_emb,5440,48.5017
rotary_emb,5456,49.0453
rotary_emb,5472,49.3757
rotary_emb,5488,49.3123
rotary_emb,5504,50.1653
rotary_emb,5520,53.216
rotary_emb,5536,53.3227
rotary_emb,5552,54.4213
rotary_emb,5568,54.6343
rotary_emb,5584,55.061
rotary_emb,5600,55.3493
rotary_emb,5616,55.6477
rotary_emb,5632,56.7467
rotary_emb,5648,59.0717
rotary_emb,5664,59.36
rotary_emb,5680,59.8507
rotary_emb,5696,60.0533
rotary_emb,5712,60.0107
rotary_emb,5728,60.864
rotary_emb,5744,60.768
rotary_emb,5760,61.2373
rotary_emb,5776,61.7173
rotary_emb,5792,61.7813
rotary_emb,5808,61.9733
rotary_emb,5824,62.3467
rotary_emb,5840,62.752
rotary_emb,5856,62.752
rotary_emb,5872,62.9117
rotary_emb,5888,63.5303
rotary_emb,5904,61.856
rotary_emb,5920,62.0903
rotary_emb,5936,62.1867
rotary_emb,5952,61.9947
rotary_emb,5968,62.1867
rotary_emb,5984,62.2613
rotary_emb,6000,62.656
rotary_emb,6016,62.8587
rotary_emb,6032,58.7197
rotary_emb,6048,58.9333
rotary_emb,6064,59.5413
rotary_emb,6080,59.2533
rotary_emb,6096,59.68
rotary_emb,6112,59.541
rotary_emb,6128,60.1067
rotary_emb,6144,60.3943
rotary_emb,6160,60.3413
rotary_emb,6176,60.555
rotary_emb,6192,60.8533
rotary_emb,6208,60.8957
rotary_emb,6224,61.2267
rotary_emb,6240,61.3543
rotary_emb,6256,61.6857
rotary_emb,6272,61.8023
rotary_emb,6288,61.9093
rotary_emb,6304,62.4
rotary_emb,6320,62.0373
rotary_emb,6336,62.8267
rotary_emb,6352,62.9653
rotary_emb,6368,63.3387
rotary_emb,6384,63.2743
rotary_emb,6400,63.477
rotary_emb,6416,63.808
rotary_emb,6432,64.3627
rotary_emb,6448,64.6507
rotary_emb,6464,64.384
rotary_emb,6480,64.4907
rotary_emb,6496,64.6187
rotary_emb,6512,64.8
rotary_emb,6528,65.28
rotary_emb,6544,67.04
rotary_emb,6560,67.808
rotary_emb,6576,68.3517
rotary_emb,6592,68.3837
rotary_emb,6608,68.384
rotary_emb,6624,69.184
rotary_emb,6640,69.653
rotary_emb,6656,69.7813
rotary_emb,6672,70.816
rotary_emb,6688,71.616
rotary_emb,6704,71.84
rotary_emb,6720,71.829
rotary_emb,6736,72.48
rotary_emb,6752,72.8747
rotary_emb,6768,73.344
rotary_emb,6784,73.5893
rotary_emb,6800,74.4317
rotary_emb,6816,74.7417
rotary_emb,6832,75.114
rotary_emb,6848,75.68
rotary_emb,6864,75.9577
rotary_emb,6880,76.1707
rotary_emb,6896,76.373
rotary_emb,6912,77.1847
rotary_emb,6928,76.6507
rotary_emb,6944,77.077
rotary_emb,6960,77.5143
rotary_emb,6976,77.387
rotary_emb,6992,77.6
rotary_emb,7008,77.9307
rotary_emb,7024,78.3467
rotary_emb,7040,78.9013
rotary_emb,7056,78.0797
rotary_emb,7072,78.0053
rotary_emb,7088,78.3467
rotary_emb,7104,78.56
rotary_emb,7120,78.2933
rotary_emb,7136,78.6663
rotary_emb,7152,78.752
rotary_emb,7168,79.595
rotary_emb,7184,76.256
rotary_emb,7200,76.7467
rotary_emb,7216,77.3867
rotary_emb,7232,77.4293
rotary_emb,7248,77.2907
rotary_emb,7264,77.9093
rotary_emb,7280,77.5143
rotary_emb,7296,77.291
rotary_emb,7312,77.4827
rotary_emb,7328,77.3973
rotary_emb,7344,78.133
rotary_emb,7360,77.8027
rotary_emb,7376,78.5493
rotary_emb,7392,78.6563
rotary_emb,7408,78.752
rotary_emb,7424,79.3173
rotary_emb,7440,78.912
rotary_emb,7456,79.2427
rotary_emb,7472,79.9573
rotary_emb,7488,80.6933
rotary_emb,7504,79.8293
rotary_emb,7520,80.2883
rotary_emb,7536,80.437
rotary_emb,7552,81.28
rotary_emb,7568,81.0987
rotary_emb,7584,81.643
rotary_emb,7600,81.643
rotary_emb,7616,82.0803
rotary_emb,7632,81.9733
rotary_emb,7648,82.5173
rotary_emb,7664,82.3363
rotary_emb,7680,83.2107
rotary_emb,7696,83.6267
rotary_emb,7712,83.6693
rotary_emb,7728,84.384
rotary_emb,7744,84.224
rotary_emb,7760,84.8107
rotary_emb,7776,84.6933
rotary_emb,7792,85.4187
rotary_emb,7808,85.8987
rotary_emb,7824,86.7417
rotary_emb,7840,86.8373
rotary_emb,7856,87.0827
rotary_emb,7872,87.424
rotary_emb,7888,87.8293
rotary_emb,7904,88.3413
rotary_emb,7920,87.947
rotary_emb,7936,88.3947
rotary_emb,7952,89.3333
rotary_emb,7968,89.5573
rotary_emb,7984,90.464
rotary_emb,8000,90.4857
rotary_emb,8016,90.2827
rotary_emb,8032,91.115
rotary_emb,8048,91.2427
rotary_emb,8064,91.477
rotary_emb,8080,92.6077
rotary_emb,8096,93.0347
rotary_emb,8112,92.2027
rotary_emb,8128,93.0667
rotary_emb,8144,93.0987
rotary_emb,8160,93.2477
rotary_emb,8176,93.7707
rotary_emb,8192,94.3467
rotary_emb,8208,94.336
rotary_emb,8224,94.2507
rotary_emb,8240,94.4963
rotary_emb,8256,95.0083
rotary_emb,8272,95.1143
rotary_emb,8288,95.915
rotary_emb,8304,95.861
rotary_emb,8320,95.7223
rotary_emb,8336,93.568
rotary_emb,8352,94.2933
rotary_emb,8368,93.8777
rotary_emb,8384,94.4213
rotary_emb,8400,94.6457
rotary_emb,8416,95.189
rotary_emb,8432,95.648
rotary_emb,8448,95.4773
rotary_emb,8464,94.4963
rotary_emb,8480,94.5813
rotary_emb,8496,94.475
rotary_emb,8512,94.976
rotary_emb,8528,95.1787
rotary_emb,8544,95.1363
rotary_emb,8560,96.3837
rotary_emb,8576,96.32
rotary_emb,8592,95.4133
rotary_emb,8608,95.6587
rotary_emb,8624,95.936
rotary_emb,8640,96.2023
rotary_emb,8656,96.704
rotary_emb,8672,96.6613
rotary_emb,8688,96.5443
rotary_emb,8704,97.12
rotary_emb,8720,97.28
rotary_emb,8736,97.9417
rotary_emb,8752,97.9947
rotary_emb,8768,98.293
rotary_emb,8784,98.1547
rotary_emb,8800,98.912
rotary_emb,8816,98.763
rotary_emb,8832,99.0933
rotary_emb,8848,99.8507
rotary_emb,8864,99.509
rotary_emb,8880,99.8293
rotary_emb,8896,100.011
rotary_emb,8912,99.9897
rotary_emb,8928,100.896
rotary_emb,8944,100.757
rotary_emb,8960,100.971
rotary_emb,8976,101.536
rotary_emb,8992,102.379
rotary_emb,9008,102.091
rotary_emb,9024,102.347
rotary_emb,9040,102.528
rotary_emb,9056,102.913
rotary_emb,9072,103.552
rotary_emb,9088,104.096
rotary_emb,9104,105.323
rotary_emb,9120,104.907
rotary_emb,9136,105.984
rotary_emb,9152,105.771
rotary_emb,9168,106.219
rotary_emb,9184,106.677
rotary_emb,9200,106.88
rotary_emb,9216,107.232
rotary_emb,9232,108.693
rotary_emb,9248,108.736
rotary_emb,9264,108.918
rotary_emb,9280,109.131
rotary_emb,9296,109.195
rotary_emb,9312,109.813
rotary_emb,9328,110.133
rotary_emb,9344,110.805
rotary_emb,9360,110.923
rotary_emb,9376,111.275
rotary_emb,9392,111.701
rotary_emb,9408,111.744
rotary_emb,9424,112.469
rotary_emb,9440,112.981
rotary_emb,9456,112.117
rotary_emb,9472,112.757
rotary_emb,9488,111.936
rotary_emb,9504,111.69
rotary_emb,9520,113.088
rotary_emb,9536,113.024
rotary_emb,9552,113.131
rotary_emb,9568,113.515
rotary_emb,9584,113.472
rotary_emb,9600,113.984
rotary_emb,9616,111.328
rotary_emb,9632,111.851
rotary_emb,9648,112.416
rotary_emb,9664,111.947
rotary_emb,9680,112.854
rotary_emb,9696,112.512
rotary_emb,9712,113.291
rotary_emb,9728,112.864
rotary_emb,9744,112.48
rotary_emb,9760,112.896
rotary_emb,9776,113.088
rotary_emb,9792,113.312
rotary_emb,9808,114.133
rotary_emb,9824,113.781
rotary_emb,9840,113.632
rotary_emb,9856,114.401
rotary_emb,9872,114.048
rotary_emb,9888,114.475
rotary_emb,9904,114.944
rotary_emb,9920,115.179
rotary_emb,9936,115.467
rotary_emb,9952,115.669
rotary_emb,9968,115.915
rotary_emb,9984,115.904
rotary_emb,10000,116.128
rotary_emb,10016,116.661
rotary_emb,10032,117.088
rotary_emb,10048,117.739
rotary_emb,10064,117.301
rotary_emb,10080,117.152
rotary_emb,10096,118.454
rotary_emb,10112,118.166
rotary_emb,10128,118.902
rotary_emb,10144,118.837
rotary_emb,10160,119.414
rotary_emb,10176,119.445
rotary_emb,10192,120.064
rotary_emb,10208,120.139
rotary_emb,10224,120.566
rotary_emb,10240,120.48
rotary_emb,10256,121.92
rotary_emb,10272,121.728
rotary_emb,10288,122.07
rotary_emb,10304,122.646
rotary_emb,10320,122.923
rotary_emb,10336,123.147
rotary_emb,10352,123.093
rotary_emb,10368,123.648
rotary_emb,10384,125.024
rotary_emb,10400,125.398
rotary_emb,10416,125.173
rotary_emb,10432,125.578
rotary_emb,10448,126.272
rotary_emb,10464,126.549
rotary_emb,10480,126.763
rotary_emb,10496,127.029
rotary_emb,10512,127.381
rotary_emb,10528,127.894
rotary_emb,10544,128.128
rotary_emb,10560,128.427
rotary_emb,10576,128.694
rotary_emb,10592,128.971
rotary_emb,10608,129.077
rotary_emb,10624,129.717
rotary_emb,10640,130.113
rotary_emb,10656,129.27
rotary_emb,10672,129.856
rotary_emb,10688,130.124
rotary_emb,10704,130.646
rotary_emb,10720,130.336
rotary_emb,10736,130.368
rotary_emb,10752,130.976
rotary_emb,10768,129.088
rotary_emb,10784,129.451
rotary_emb,10800,129.91
rotary_emb,10816,129.846
rotary_emb,10832,129.803
rotary_emb,10848,129.963
rotary_emb,10864,130.539
rotary_emb,10880,130.784
rotary_emb,10896,129.995
rotary_emb,10912,130.453
rotary_emb,10928,130.453
rotary_emb,10944,131.158
rotary_emb,10960,130.827
rotary_emb,10976,131.189
rotary_emb,10992,131.499
rotary_emb,11008,131.659
rotary_emb,11024,131.915
rotary_emb,11040,131.787
rotary_emb,11056,132.32
rotary_emb,11072,132.214
rotary_emb,11088,132.779
rotary_emb,11104,133.035
rotary_emb,11120,133.184
rotary_emb,11136,133.227
rotary_emb,11152,133.835
rotary_emb,11168,134.176
rotary_emb,11184,134.23
rotary_emb,11200,134.795
rotary_emb,11216,134.827
rotary_emb,11232,134.966
rotary_emb,11248,135.179
rotary_emb,11264,135.467
rotary_emb,11280,136.555
rotary_emb,11296,136.576
rotary_emb,11312,137.323
rotary_emb,11328,137.269
rotary_emb,11344,137.376
rotary_emb,11360,137.579
rotary_emb,11376,138.113
rotary_emb,11392,139.083
rotary_emb,11408,139.115
rotary_emb,11424,139.328
rotary_emb,11440,139.531
rotary_emb,11456,140.085
rotary_emb,11472,140.256
rotary_emb,11488,140.512
rotary_emb,11504,140.715
rotary_emb,11520,140.757
rotary_emb,11536,142.4
rotary_emb,11552,142.646
rotary_emb,11568,143.083
rotary_emb,11584,143.541
rotary_emb,11600,143.435
rotary_emb,11616,143.606
rotary_emb,11632,144.053
rotary_emb,11648,144.107
rotary_emb,11664,145.057
rotary_emb,11680,145.494
rotary_emb,11696,145.76
rotary_emb,11712,145.632
rotary_emb,11728,145.803
rotary_emb,11744,146.241
rotary_emb,11760,146.613
rotary_emb,11776,147.446
rotary_emb,11792,147.019
rotary_emb,11808,147.573
rotary_emb,11824,147.425
rotary_emb,11840,147.979
rotary_emb,11856,147.99
rotary_emb,11872,148.875
rotary_emb,11888,148.416
rotary_emb,11904,148.245
rotary_emb,11920,147.787
rotary_emb,11936,147.36
rotary_emb,11952,147.552
rotary_emb,11968,147.67
rotary_emb,11984,147.873
rotary_emb,12000,147.819
rotary_emb,12016,147.862
rotary_emb,12032,148.033
rotary_emb,12048,146.709
rotary_emb,12064,147.019
rotary_emb,12080,147.308
rotary_emb,12096,147.627
rotary_emb,12112,147.947
rotary_emb,12128,147.979
rotary_emb,12144,148.32
rotary_emb,12160,148.149
rotary_emb,12176,148.747
rotary_emb,12192,148.854
rotary_emb,12208,149.483
rotary_emb,12224,149.942
rotary_emb,12240,149.899
rotary_emb,12256,149.952
rotary_emb,12272,149.92
rotary_emb,12288,150.486
rotary_emb,12304,151.51
rotary_emb,12320,151.67
rotary_emb,12336,152.118
rotary_emb,12352,152.267
rotary_emb,12368,152.15
rotary_emb,12384,152.384
rotary_emb,12400,153.355
rotary_emb,12416,153.195
rotary_emb,12432,154.326
rotary_emb,12448,154.475
rotary_emb,12464,154.646
rotary_emb,12480,154.837
rotary_emb,12496,155.211
rotary_emb,12512,155.168
rotary_emb,12528,155.446
rotary_emb,12544,156.032
rotary_emb,12560,157.301
rotary_emb,12576,157.248
rotary_emb,12592,157.387
rotary_emb,12608,157.525
rotary_emb,12624,157.877
rotary_emb,12640,158.123
rotary_emb,12656,158.326
rotary_emb,12672,158.475
rotary_emb,12688,159.595
rotary_emb,12704,159.968
rotary_emb,12720,160.428
rotary_emb,12736,161.12
rotary_emb,12752,160.832
rotary_emb,12768,161.152
rotary_emb,12784,161.76
rotary_emb,12800,161.899
rotary_emb,12816,162.71
rotary_emb,12832,163.158
rotary_emb,12848,163.499
rotary_emb,12864,163.467
rotary_emb,12880,163.861
rotary_emb,12896,163.915
rotary_emb,12912,163.926
rotary_emb,12928,164.192
rotary_emb,12944,164.139
rotary_emb,12960,164.683
rotary_emb,12976,164.982
rotary_emb,12992,164.94
rotary_emb,13008,165.473
rotary_emb,13024,165.301
rotary_emb,13040,165.441
rotary_emb,13056,165.846
rotary_emb,13072,164.608
rotary_emb,13088,164.747
rotary_emb,13104,165.12
rotary_emb,13120,165.461
rotary_emb,13136,165.697
rotary_emb,13152,166.08
rotary_emb,13168,166.464
rotary_emb,13184,165.889
rotary_emb,13200,165.024
rotary_emb,13216,164.843
rotary_emb,13232,165.217
rotary_emb,13248,165.44
rotary_emb,13264,165.963
rotary_emb,13280,165.942
rotary_emb,13296,165.888
rotary_emb,13312,166.56
rotary_emb,13328,165.91
rotary_emb,13344,166.624
rotary_emb,13360,166.613
rotary_emb,13376,167.243
rotary_emb,13392,167.136
rotary_emb,13408,167.573
rotary_emb,13424,167.67
rotary_emb,13440,167.84
rotary_emb,13456,168.587
rotary_emb,13472,169.109
rotary_emb,13488,169.27
rotary_emb,13504,169.621
rotary_emb,13520,170.048
rotary_emb,13536,169.942
rotary_emb,13552,170.731
rotary_emb,13568,170.945
rotary_emb,13584,171.52
rotary_emb,13600,171.617
rotary_emb,13616,171.979
rotary_emb,13632,172.193
rotary_emb,13648,172.619
rotary_emb,13664,172.864
rotary_emb,13680,172.886
rotary_emb,13696,173.344
rotary_emb,13712,173.942
rotary_emb,13728,174.518
rotary_emb,13744,174.795
rotary_emb,13760,174.901
rotary_emb,13776,175.574
rotary_emb,13792,175.616
rotary_emb,13808,175.606
rotary_emb,13824,175.798
rotary_emb,13840,177.163
rotary_emb,13856,177.281
rotary_emb,13872,177.494
rotary_emb,13888,178.166
rotary_emb,13904,177.643
rotary_emb,13920,178.027
rotary_emb,13936,178.39
rotary_emb,13952,178.837
rotary_emb,13968,179.531
rotary_emb,13984,179.809
rotary_emb,14000,180.107
rotary_emb,14016,180.576
rotary_emb,14032,180.726
rotary_emb,14048,180.716
rotary_emb,14064,181.696
rotary_emb,14080,181.622
rotary_emb,14096,181.494
rotary_emb,14112,181.643
rotary_emb,14128,182.305
rotary_emb,14144,182.902
rotary_emb,14160,182.827
rotary_emb,14176,183.2
rotary_emb,14192,183.371
rotary_emb,14208,183.467
rotary_emb,14224,182.646
rotary_emb,14240,183.041
rotary_emb,14256,183.413
rotary_emb,14272,183.243
rotary_emb,14288,183.489
rotary_emb,14304,184.097
rotary_emb,14320,183.339
rotary_emb,14336,183.862
rotary_emb,14352,183.105
rotary_emb,14368,182.752
rotary_emb,14384,182.87
rotary_emb,14400,183.286
rotary_emb,14416,184.449
rotary_emb,14432,183.542
rotary_emb,14448,184.086
rotary_emb,14464,184.587
rotary_emb,14480,184.566
rotary_emb,14496,184.715
rotary_emb,14512,184.63
rotary_emb,14528,185.046
rotary_emb,14544,184.63
rotary_emb,14560,185.43
rotary_emb,14576,185.505
rotary_emb,14592,185.825
rotary_emb,14608,186.336
rotary_emb,14624,186.667
rotary_emb,14640,187.126
rotary_emb,14656,187.052
rotary_emb,14672,187.456
rotary_emb,14688,187.692
rotary_emb,14704,188.001
rotary_emb,14720,188.096
rotary_emb,14736,188.8
rotary_emb,14752,189.12
rotary_emb,14768,189.974
rotary_emb,14784,189.536
rotary_emb,14800,189.845
rotary_emb,14816,189.835
rotary_emb,14832,190.742
rotary_emb,14848,190.902
rotary_emb,14864,191.446
rotary_emb,14880,191.67
rotary_emb,14896,192.086
rotary_emb,14912,192.331
rotary_emb,14928,192.63
rotary_emb,14944,193.078
rotary_emb,14960,192.886
rotary_emb,14976,193.067
rotary_emb,14992,194.144
rotary_emb,15008,194.155
rotary_emb,15024,194.507
rotary_emb,15040,194.976
rotary_emb,15056,195.318
rotary_emb,15072,195.211
rotary_emb,15088,195.563
rotary_emb,15104,195.776
rotary_emb,15120,196.865
rotary_emb,15136,196.928
rotary_emb,15152,197.408
rotary_emb,15168,197.91
rotary_emb,15184,197.921
rotary_emb,15200,198.166
rotary_emb,15216,198.604
rotary_emb,15232,198.539
rotary_emb,15248,198.71
rotary_emb,15264,198.977
rotary_emb,15280,199.371
rotary_emb,15296,199.872
rotary_emb,15312,199.627
rotary_emb,15328,200.011
rotary_emb,15344,199.937
rotary_emb,15360,200.79
rotary_emb,15376,200.342
rotary_emb,15392,200.438
rotary_emb,15408,201.248
rotary_emb,15424,201.014
rotary_emb,15440,201.377
rotary_emb,15456,201.494
rotary_emb,15472,201.718
rotary_emb,15488,201.856
rotary_emb,15504,200.512
rotary_emb,15520,200.716
rotary_emb,15536,200.694
rotary_emb,15552,200.726
rotary_emb,15568,201.558
rotary_emb,15584,201.078
rotary_emb,15600,201.633
rotary_emb,15616,201.707
rotary_emb,15632,201.345
rotary_emb,15648,201.452
rotary_emb,15664,202.081
rotary_emb,15680,202.048
rotary_emb,15696,202.134
rotary_emb,15712,202.668
rotary_emb,15728,202.805
rotary_emb,15744,202.944
rotary_emb,15760,203.531
rotary_emb,15776,203.776
rotary_emb,15792,204.075
rotary_emb,15808,204.897
rotary_emb,15824,204.342
rotary_emb,15840,205.365
rotary_emb,15856,205.163
rotary_emb,15872,205.28
rotary_emb,15888,205.942
rotary_emb,15904,205.974
rotary_emb,15920,206.187
rotary_emb,15936,206.582
rotary_emb,15952,206.955
rotary_emb,15968,207.136
rotary_emb,15984,207.435
rotary_emb,16000,207.649
rotary_emb,16016,208.8
rotary_emb,16032,208.619
rotary_emb,16048,209.046
rotary_emb,16064,209.078
rotary_emb,16080,209.59
rotary_emb,16096,209.387
rotary_emb,16112,210.091
rotary_emb,16128,210.432
rotary_emb,16144,210.86
rotary_emb,16160,211.265
rotary_emb,16176,211.734
rotary_emb,16192,212.043
rotary_emb,16208,212.289
rotary_emb,16224,212.438
rotary_emb,16240,212.598
rotary_emb,16256,212.972
rotary_emb,16272,213.75
rotary_emb,16288,214.166
rotary_emb,16304,214.412
rotary_emb,16320,214.55
rotary_emb,16336,214.806
rotary_emb,16352,214.838
rotary_emb,16368,215.564
rotary_emb,16384,215.83
